id,p_ai4amp
DBAASPS_8,0.9900718927383423
DBAASPS_10,0.17585523426532745
DBAASPS_12,0.9300679564476013
DBAASPS_13,0.7762947678565979
DBAASPS_38,0.9583355784416199
DBAASPS_72,0.9152559638023376
DBAASPS_77,0.990577757358551
DBAASPS_80,0.9891610145568848
DBAASPS_81,0.9898426532745361
DBAASPS_85,0.9876297116279602
DBAASPS_86,0.9890940189361572
DBAASPS_90,0.9872474074363708
DBAASPS_91,0.9859761595726013
DBAASPS_95,0.9763085246086121
DBAASPS_96,0.9775263667106628
DBAASPS_103,0.9899200201034546
DBAASPS_105,0.8940977454185486
DBAASPS_109,0.9891611337661743
DBAASPS_110,0.9872604012489319
DBAASPS_111,0.9901435971260071
DBAASPS_112,0.9897500276565552
DBAASPS_113,0.9885308146476746
DBAASPS_115,0.9899531602859497
DBAASPS_116,0.9885510802268982
DBAASPS_117,0.9902501106262207
DBAASPS_127,0.9749627709388733
DBAASPS_128,0.9814295172691345
DBAASPS_132,0.7972885370254517
DBAASPS_133,0.5239478349685669
DBAASPS_134,0.0495741032063961
DBAASPS_135,0.9629664421081543
DBAASPS_136,0.9870250225067139
DBAASPS_137,0.990446925163269
DBAASPS_139,0.990483820438385
DBAASPS_145,0.9886419177055359
DBAASPS_157,0.9899994134902954
DBAASPS_182,0.9424496293067932
DBAASPS_183,0.9781094789505005
DBAASPS_188,0.9830176830291748
DBAASPS_189,0.7101702690124512
DBAASPS_190,0.7891966700553894
DBAASPS_191,0.7571343183517456
DBAASPS_192,0.520622193813324
DBAASPS_193,0.8734251260757446
DBAASPS_194,0.6252233982086182
DBAASPS_195,0.9621996879577637
DBAASPS_255,0.9679648876190186
DBAASPS_263,0.9867998957633972
DBAASPS_271,0.9897483587265015
DBAASPS_276,0.7052574753761292
DBAASPS_277,0.35884132981300354
DBAASPS_278,0.3981405198574066
DBAASPS_279,0.13957250118255615
DBAASPS_280,0.15577834844589233
DBAASPS_281,0.48352837562561035
DBAASPS_282,0.8261860013008118
DBAASPS_283,0.10782477259635925
DBAASPS_284,0.7543917894363403
DBAASPS_285,0.8868044018745422
DBAASPS_286,0.9693254232406616
DBAASPS_287,0.3635442852973938
DBAASPS_288,0.5067571401596069
DBAASPS_289,0.8732205629348755
DBAASPS_290,0.9734914898872375
DBAASPS_291,0.12731990218162537
DBAASPS_292,0.5661526322364807
DBAASPS_293,0.9047859311103821
DBAASPS_294,0.9510502815246582
DBAASPS_295,0.9902022480964661
DBAASPS_296,0.9901139736175537
DBAASPS_297,0.9885638356208801
DBAASPS_298,0.9892668128013611
DBAASPS_299,0.9890642166137695
DBAASPS_300,0.988284170627594
DBAASPS_301,0.9886384606361389
DBAASPS_302,0.18904614448547363
DBAASPS_303,0.04980135336518288
DBAASPS_305,0.038714487105607986
DBAASPS_306,0.6195321083068848
DBAASPS_307,0.20492593944072723
DBAASPS_308,0.09090136736631393
DBAASPS_309,0.9897697567939758
DBAASPS_310,0.5356711149215698
DBAASPS_311,0.9588032960891724
DBAASPS_312,0.9882642030715942
DBAASPS_313,0.9858222007751465
DBAASPS_314,0.9888245463371277
DBAASPS_315,0.9888805150985718
DBAASPS_316,0.9846042990684509
DBAASPS_317,0.9419413208961487
DBAASPS_318,0.9874725341796875
DBAASPS_319,0.9873965382575989
DBAASPS_320,0.9843758940696716
DBAASPS_321,0.9889389872550964
DBAASPS_322,0.9889679551124573
DBAASPS_323,0.9905191659927368
DBAASPS_324,0.9893419146537781
DBAASPS_325,0.95938640832901
DBAASPS_326,0.9891435503959656
DBAASPS_327,0.9341588616371155
DBAASPS_328,0.9247233867645264
DBAASPS_329,0.9854905009269714
DBAASPS_330,0.9883983135223389
DBAASPS_331,0.38834571838378906
DBAASPS_332,0.9855013489723206
DBAASPS_334,0.9891209602355957
DBAASPS_335,0.9887107014656067
DBAASPS_338,0.4241977632045746
DBAASPS_339,0.5962566137313843
DBAASPS_340,0.5991910099983215
DBAASPS_341,0.611661434173584
DBAASPS_342,0.42392149567604065
DBAASPS_343,0.44641241431236267
DBAASPS_344,0.1052154079079628
DBAASPS_345,0.03231808543205261
DBAASPS_346,0.987906813621521
DBAASPS_354,0.9907928705215454
DBAASPS_356,0.9905040860176086
DBAASPS_357,0.9893162250518799
DBAASPS_358,0.9896349310874939
DBAASPS_359,0.9685218334197998
DBAASPS_361,0.9838511943817139
DBAASPS_362,0.9884766936302185
DBAASPS_364,0.9399417638778687
DBAASPS_365,0.9871839284896851
DBAASPS_366,0.9866313934326172
DBAASPS_367,0.9212620258331299
DBAASPS_368,0.9886278510093689
DBAASPS_369,0.983751654624939
DBAASPS_370,0.9158878326416016
DBAASPS_371,0.9890126585960388
DBAASPS_372,0.9779410362243652
DBAASPS_373,0.9884285926818848
DBAASPS_374,0.9894158244132996
DBAASPS_375,0.9525757431983948
DBAASPS_376,0.945469856262207
DBAASPS_377,0.9723016619682312
DBAASPS_378,0.6492004990577698
DBAASPS_379,0.5625788569450378
DBAASPS_380,0.8321301341056824
DBAASPS_381,0.9473366737365723
DBAASPS_382,0.30372893810272217
DBAASPS_383,0.7121946811676025
DBAASPS_384,0.44097036123275757
DBAASPS_385,0.1513281613588333
DBAASPS_386,0.06529692560434341
DBAASPS_387,0.05034146085381508
DBAASPS_388,0.07790528237819672
DBAASPS_389,0.04375486820936203
DBAASPS_390,0.5115313529968262
DBAASPS_391,0.5867747664451599
DBAASPS_392,0.5947973728179932
DBAASPS_393,0.8993707895278931
DBAASPS_394,0.9600255489349365
DBAASPS_395,0.9459100365638733
DBAASPS_396,0.9642327427864075
DBAASPS_397,0.9741408824920654
DBAASPS_398,0.9896304607391357
DBAASPS_399,0.9892743825912476
DBAASPS_400,0.9871376752853394
DBAASPS_402,0.989172637462616
DBAASPS_403,0.12227055430412292
DBAASPS_404,0.990818202495575
DBAASPS_405,0.9907459616661072
DBAASPS_406,0.7877625823020935
DBAASPS_407,0.9797772169113159
DBAASPS_408,0.9902265667915344
DBAASPS_409,0.9888781309127808
DBAASPS_410,0.8342674970626831
DBAASPS_412,0.9875122308731079
DBAASPS_413,0.7805525064468384
DBAASPS_414,0.9305015802383423
DBAASPS_415,0.9257361888885498
DBAASPS_416,0.9839422106742859
DBAASPS_417,0.8791319131851196
DBAASPS_418,0.9646945595741272
DBAASPS_419,0.9692081809043884
DBAASPS_420,0.8243132829666138
DBAASPS_421,0.8996258974075317
DBAASPS_422,0.9689412713050842
DBAASPS_423,0.9713159799575806
DBAASPS_424,0.9716123938560486
DBAASPS_425,0.9898428320884705
DBAASPS_426,0.9693317413330078
DBAASPS_427,0.9906529188156128
DBAASPS_428,0.9904609322547913
DBAASPS_433,0.9740051031112671
DBAASPS_434,0.9883565306663513
DBAASPS_435,0.03324243426322937
DBAASPS_436,0.03264232724905014
DBAASPS_437,0.9884470701217651
DBAASPS_438,0.027911610901355743
DBAASPS_439,0.048405375331640244
DBAASPS_440,0.9206812977790833
DBAASPS_441,0.9801372289657593
DBAASPS_442,0.10665389895439148
DBAASPS_443,0.929266095161438
DBAASPS_444,0.9897609353065491
DBAASPS_445,0.48588916659355164
DBAASPS_446,0.9898664951324463
DBAASPR_462,0.03293411061167717
DBAASPS_463,0.9905335307121277
DBAASPS_464,0.9896968603134155
DBAASPS_465,0.9898648262023926
DBAASPS_466,0.9888061285018921
DBAASPS_467,0.9895866513252258
DBAASPS_468,0.9881829023361206
DBAASPS_469,0.9859678745269775
DBAASPS_470,0.988925039768219
DBAASPS_471,0.9480587244033813
DBAASPS_473,0.83726966381073
DBAASPS_474,0.9847350716590881
DBAASPS_475,0.9841136336326599
DBAASPS_476,0.9858726263046265
DBAASPS_477,0.98243647813797
DBAASPS_478,0.9858274459838867
DBAASPS_479,0.9861307144165039
DBAASPS_480,0.968552827835083
DBAASPS_481,0.3089523911476135
DBAASPS_484,0.9642267823219299
DBAASPS_485,0.9707568883895874
DBAASPS_486,0.9832047820091248
DBAASPS_487,0.9817165732383728
DBAASPS_489,0.07325106859207153
DBAASPS_496,0.983593225479126
DBAASPS_497,0.9900830388069153
DBAASPS_519,0.02580076828598976
DBAASPS_520,0.9809370040893555
DBAASPS_522,0.9827063083648682
DBAASPS_524,0.528178334236145
DBAASPS_526,0.4190291464328766
DBAASPS_528,0.020898455753922462
DBAASPS_531,0.017958639189600945
DBAASPS_532,0.03442947566509247
DBAASPS_533,0.03253191336989403
DBAASPS_538,0.027766356244683266
DBAASPS_539,0.022193944081664085
DBAASPS_540,0.03202778473496437
DBAASPS_546,0.02290618233382702
DBAASPS_547,0.036102477461099625
DBAASPS_548,0.03931906074285507
DBAASPS_551,0.04119352996349335
DBAASPS_552,0.0447966642677784
DBAASPS_553,0.048801228404045105
DBAASPS_554,0.05139312893152237
DBAASPS_560,0.9904342889785767
DBAASPR_568,0.9638836979866028
DBAASPS_599,0.4277765154838562
DBAASPS_600,0.6973198652267456
DBAASPS_602,0.03526511788368225
DBAASPS_603,0.1057485044002533
DBAASPS_604,0.2959665358066559
DBAASPS_605,0.062179017812013626
DBAASPS_622,0.9728745818138123
DBAASPS_623,0.964195191860199
DBAASPS_624,0.9228557348251343
DBAASPS_627,0.8529587388038635
DBAASPS_632,0.919308066368103
DBAASPS_633,0.9727321267127991
DBAASPS_634,0.9803000688552856
DBAASPS_635,0.976675808429718
DBAASPS_636,0.9609617590904236
DBAASPS_637,0.964134931564331
DBAASPS_638,0.968633234500885
DBAASPS_639,0.9571961760520935
DBAASPS_640,0.9876717329025269
DBAASPS_641,0.9881572723388672
DBAASPS_642,0.9806790351867676
DBAASPS_643,0.9854761958122253
DBAASPS_644,0.9637598991394043
DBAASPS_645,0.9229440093040466
DBAASPS_646,0.8066845536231995
DBAASPS_651,0.9797950387001038
DBAASPS_653,0.9838314056396484
DBAASPS_654,0.3857296407222748
DBAASPS_656,0.9373022317886353
DBAASPS_663,0.9343186616897583
DBAASPS_664,0.46586892008781433
DBAASPS_665,0.951283872127533
DBAASPS_666,0.9520713686943054
DBAASPS_667,0.9549373984336853
DBAASPS_668,0.918523371219635
DBAASPS_669,0.9554151296615601
DBAASPS_670,0.9446828365325928
DBAASPS_671,0.9633417129516602
DBAASPS_673,0.9888259768486023
DBAASPS_674,0.9881544709205627
DBAASPS_675,0.9006791114807129
DBAASPS_676,0.9143615365028381
DBAASPS_677,0.8375800251960754
DBAASPS_678,0.7768150568008423
DBAASPS_679,0.8989579677581787
DBAASPS_680,0.7795339822769165
DBAASPS_682,0.9821971654891968
DBAASPS_683,0.9830721616744995
DBAASPS_684,0.9239873886108398
DBAASPS_685,0.594733476638794
DBAASPS_686,0.7319818139076233
DBAASPS_687,0.7554988265037537
DBAASPS_688,0.8028460741043091
DBAASPS_700,0.9745007753372192
DBAASPS_701,0.9624515175819397
DBAASPS_702,0.9769167304039001
DBAASPS_703,0.9834340810775757
DBAASPS_704,0.9813421964645386
DBAASPS_705,0.9777835607528687
DBAASPS_710,0.9868996143341064
DBAASPS_711,0.9824336171150208
DBAASPS_712,0.9887586832046509
DBAASPS_713,0.9879817366600037
DBAASPS_714,0.9884797930717468
DBAASPS_715,0.9551332592964172
DBAASPS_717,0.9721459746360779
DBAASPS_721,0.9624366164207458
DBAASPS_724,0.3235628008842468
DBAASPS_725,0.9665892124176025
DBAASPS_726,0.9850798845291138
DBAASPS_727,0.01609848625957966
DBAASPS_728,0.6033656597137451
DBAASPS_729,0.11226893216371536
DBAASPS_731,0.08739537000656128
DBAASPS_735,0.36366724967956543
DBAASPS_736,0.03691921383142471
DBAASPS_738,0.7012632489204407
DBAASPS_739,0.8104686737060547
DBAASPS_740,0.30679887533187866
DBAASPS_741,0.12297634035348892
DBAASPS_742,0.9632600545883179
DBAASPS_746,0.9195050001144409
DBAASPS_747,0.9862315654754639
DBAASPS_748,0.09321539849042892
DBAASPS_749,0.1797473281621933
DBAASPS_750,0.07821352779865265
DBAASPS_752,0.8486084342002869
DBAASPS_753,0.585109531879425
DBAASPS_754,0.7796318531036377
DBAASPS_761,0.16267290711402893
DBAASPS_762,0.06883719563484192
DBAASPS_773,0.9843733906745911
DBAASPS_807,0.9534490704536438
DBAASPS_809,0.6809308528900146
DBAASPS_810,0.9765747785568237
DBAASPS_811,0.6122838854789734
DBAASPS_812,0.9532221555709839
DBAASPS_819,0.6494230031967163
DBAASPS_820,0.9552047252655029
DBAASPS_821,0.9056742191314697
DBAASPS_831,0.03111334890127182
DBAASPS_877,0.978085458278656
DBAASPS_878,0.9811078310012817
DBAASPS_879,0.9875471591949463
DBAASPS_885,0.9899884462356567
DBAASPS_886,0.9905221462249756
DBAASPS_888,0.988161563873291
DBAASPS_899,0.9905800819396973
DBAASPS_901,0.9907658696174622
DBAASPS_902,0.9906979203224182
DBAASPS_903,0.9907985329627991
DBAASPS_904,0.9885598421096802
DBAASPS_910,0.9904729127883911
DBAASPS_911,0.9878557920455933
DBAASPS_912,0.9883102178573608
DBAASPS_913,0.9874418377876282
DBAASPS_914,0.9899071455001831
DBAASPS_915,0.9904374480247498
DBAASPS_921,0.9842207431793213
DBAASPS_922,0.9864267110824585
DBAASPS_928,0.979754626750946
DBAASPS_929,0.9859283566474915
DBAASPS_930,0.976822018623352
DBAASPS_931,0.9645603895187378
DBAASPS_932,0.9858009815216064
DBAASPS_933,0.9767634272575378
DBAASPS_934,0.9860186576843262
DBAASPS_935,0.9636655449867249
DBAASPS_936,0.9435508251190186
DBAASPS_937,0.9789928197860718
DBAASPS_938,0.9750603437423706
DBAASPS_939,0.8731661438941956
DBAASPS_940,0.9834637641906738
DBAASPS_941,0.9296181797981262
DBAASPS_942,0.988849401473999
DBAASPS_943,0.9894632697105408
DBAASPS_944,0.9898371696472168
DBAASPS_945,0.9871748685836792
DBAASPS_946,0.9875271320343018
DBAASPS_952,0.9885750412940979
DBAASPS_954,0.3669246733188629
DBAASPS_955,0.3728911876678467
DBAASPS_960,0.3841898441314697
DBAASPS_961,0.6200697422027588
DBAASPS_962,0.7510139346122742
DBAASPS_963,0.8769806027412415
DBAASPR_993,0.9382458925247192
DBAASPR_994,0.9726648926734924
DBAASPS_1030,0.9895516633987427
DBAASPS_1032,0.9889764189720154
DBAASPS_1033,0.9895516633987427
DBAASPS_1042,0.7408008575439453
DBAASPS_1043,0.40144336223602295
DBAASPS_1045,0.5969809889793396
DBAASPS_1046,0.348466694355011
DBAASPS_1047,0.8264312148094177
DBAASPS_1055,0.9771530032157898
DBAASPS_1057,0.9805976152420044
DBAASPS_1065,0.754446268081665
DBAASPS_1067,0.8776124119758606
DBAASPS_1068,0.987151563167572
DBAASPS_1070,0.9865809082984924
DBAASPS_1110,0.029082663357257843
DBAASPS_1111,0.0486970990896225
DBAASPS_1112,0.0242161862552166
DBAASPS_1114,0.025471780449151993
DBAASPS_1115,0.021398648619651794
DBAASPS_1116,0.03870905563235283
DBAASPS_1117,0.048604242503643036
DBAASPS_1118,0.04189044237136841
DBAASPS_1119,0.041144922375679016
DBAASPS_1120,0.02510961890220642
DBAASPS_1122,0.02736514061689377
DBAASPS_1123,0.5985025763511658
DBAASPS_1130,0.959143877029419
DBAASPS_1131,0.9855538010597229
DBAASPS_1132,0.9870249629020691
DBAASPS_1133,0.9879511594772339
DBAASPS_1144,0.8164522051811218
DBAASPS_1145,0.9751935005187988
DBAASPS_1146,0.8736227750778198
DBAASPS_1147,0.15076182782649994
DBAASPS_1148,0.36272722482681274
DBAASPS_1149,0.13814224302768707
DBAASPS_1157,0.9777565002441406
DBAASPS_1158,0.9576480388641357
DBAASPS_1164,0.9884169101715088
DBAASPS_1165,0.9855833649635315
DBAASPS_1166,0.9873422980308533
DBAASPS_1167,0.9887897372245789
DBAASPS_1168,0.9890645742416382
DBAASPS_1169,0.9840798377990723
DBAASPS_1170,0.5209136009216309
DBAASPS_1171,0.1814802587032318
DBAASPS_1172,0.20693670213222504
DBAASPS_1173,0.16354058682918549
DBAASPS_1174,0.22067640721797943
DBAASPS_1175,0.31942638754844666
DBAASPS_1176,0.18866287171840668
DBAASPS_1177,0.14023829996585846
DBAASPS_1178,0.27731582522392273
DBAASPS_1179,0.24028274416923523
DBAASPS_1180,0.26306065917015076
DBAASPS_1181,0.18772438168525696
DBAASPS_1182,0.20877309143543243
DBAASPS_1183,0.3304208815097809
DBAASPS_1191,0.9900489449501038
DBAASPS_1192,0.989312469959259
DBAASPS_1193,0.9904667735099792
DBAASPS_1194,0.958476185798645
DBAASPS_1196,0.9808300137519836
DBAASPS_1197,0.9857660531997681
DBAASPS_1199,0.038481518626213074
DBAASPS_1202,0.8466848134994507
DBAASPS_1208,0.274412602186203
DBAASPS_1210,0.358043909072876
DBAASPS_1218,0.026222361251711845
DBAASPS_1220,0.01840723678469658
DBAASPS_1221,0.03251896798610687
DBAASPS_1222,0.043508656322956085
DBAASPS_1223,0.015016631223261356
DBAASPS_1225,0.01718978025019169
DBAASPS_1235,0.9844918251037598
DBAASPS_1264,0.989025354385376
DBAASPS_1265,0.9907084107398987
DBAASPS_1266,0.9907635450363159
DBAASPS_1267,0.9908733367919922
DBAASPS_1268,0.9889017939567566
DBAASPS_1270,0.9908599257469177
DBAASPS_1271,0.9909376502037048
DBAASPS_1274,0.9887105226516724
DBAASPS_1277,0.4961452782154083
DBAASPS_1278,0.9584305882453918
DBAASPS_1279,0.41682177782058716
DBAASPS_1280,0.6717128157615662
DBAASPS_1281,0.3690326511859894
DBAASPS_1282,0.40221676230430603
DBAASPS_1283,0.045024048537015915
DBAASPS_1284,0.13006941974163055
DBAASPS_1285,0.12110505998134613
DBAASPS_1286,0.043526146560907364
DBAASPS_1287,0.7470207214355469
DBAASPS_1288,0.06379710882902145
DBAASPS_1289,0.9260376691818237
DBAASPS_1290,0.9258319139480591
DBAASPS_1291,0.06701879948377609
DBAASPS_1292,0.8417971134185791
DBAASPS_1293,0.5769205093383789
DBAASPS_1294,0.308033287525177
DBAASPS_1295,0.07528412342071533
DBAASPS_1296,0.5621873140335083
DBAASPS_1297,0.13052253425121307
DBAASPS_1298,0.8241086602210999
DBAASPS_1299,0.5708113312721252
DBAASPS_1300,0.2585607171058655
DBAASPS_1301,0.017407380044460297
DBAASPS_1302,0.01907915249466896
DBAASPS_1303,0.009720948524773121
DBAASPS_1304,0.031206034123897552
DBAASPS_1305,0.026596957817673683
DBAASPS_1306,0.049687404185533524
DBAASPS_1307,0.04826970770955086
DBAASPS_1308,0.019942298531532288
DBAASPS_1309,0.09197551757097244
DBAASPS_1310,0.21324479579925537
DBAASPS_1311,0.03258710354566574
DBAASPS_1312,0.019751664251089096
DBAASPS_1313,0.051344241946935654
DBAASPS_1314,0.027375617995858192
DBAASPR_1343,0.13127689063549042
DBAASPS_1363,0.9779438376426697
DBAASPS_1372,0.7234823703765869
DBAASPS_1381,0.8616376519203186
DBAASPS_1382,0.7984318733215332
DBAASPS_1385,0.1752321422100067
DBAASPS_1389,0.9536408185958862
DBAASPS_1401,0.8457966446876526
DBAASPS_1402,0.9349888563156128
DBAASPS_1403,0.9769760370254517
DBAASPS_1416,0.9907404780387878
DBAASPS_1417,0.9905213713645935
DBAASPS_1419,0.9903864860534668
DBAASPS_1421,0.9900993704795837
DBAASPS_1422,0.9899125099182129
DBAASPS_1423,0.9902575612068176
DBAASPS_1424,0.9903711676597595
DBAASPS_1426,0.9904599189758301
DBAASPS_1433,0.9865708947181702
DBAASPR_1475,0.4876432418823242
DBAASPR_1485,0.9892994165420532
DBAASPS_1486,0.9868375658988953
DBAASPS_1487,0.9791523814201355
DBAASPS_1488,0.9457467198371887
DBAASPS_1489,0.954532265663147
DBAASPS_1490,0.9906038641929626
DBAASPS_1496,0.99025958776474
DBAASPS_1500,0.9901671409606934
DBAASPS_1508,0.990243673324585
DBAASPS_1511,0.9883708357810974
DBAASPS_1512,0.9901830554008484
DBAASPS_1513,0.9894257187843323
DBAASPS_1514,0.9872127771377563
DBAASPS_1515,0.9888952374458313
DBAASPS_1516,0.9843161702156067
DBAASPR_1517,0.10220698267221451
DBAASPS_1529,0.9632563591003418
DBAASPS_1530,0.9638584852218628
DBAASPS_1531,0.975117027759552
DBAASPS_1532,0.975600004196167
DBAASPS_1533,0.9772310256958008
DBAASPS_1534,0.9692299962043762
DBAASPS_1538,0.05215013027191162
DBAASPS_1539,0.9677668213844299
DBAASPS_1541,0.9907442331314087
DBAASPR_1548,0.13527481257915497
DBAASPR_1571,0.04115306958556175
DBAASPS_1572,0.06988634169101715
DBAASPS_1573,0.02937513403594494
DBAASPS_1574,0.07208152860403061
DBAASPS_1575,0.09110280126333237
DBAASPS_1576,0.11989760398864746
DBAASPS_1577,0.32534539699554443
DBAASPS_1579,0.672312319278717
DBAASPS_1580,0.9688526391983032
DBAASPS_1581,0.8279997706413269
DBAASPS_1582,0.9678675532341003
DBAASPS_1583,0.8938663005828857
DBAASPS_1600,0.6486430168151855
DBAASPS_1606,0.9820224642753601
DBAASPS_1607,0.9806060791015625
DBAASPS_1608,0.9763453602790833
DBAASPS_1609,0.06380107998847961
DBAASPR_1610,0.05360744521021843
DBAASPS_1611,0.10083719342947006
DBAASPS_1612,0.22416161000728607
DBAASPS_1613,0.4226299226284027
DBAASPR_1620,0.9665637612342834
DBAASPS_1622,0.956146776676178
DBAASPS_1623,0.9685103297233582
DBAASPS_1624,0.971295952796936
DBAASPS_1627,0.18826544284820557
DBAASPS_1628,0.2269359678030014
DBAASPS_1629,0.33806759119033813
DBAASPS_1630,0.16404275596141815
DBAASPS_1634,0.24802999198436737
DBAASPS_1636,0.022265302017331123
DBAASPS_1656,0.1698475182056427
DBAASPS_1657,0.1881304830312729
DBAASPS_1689,0.979253888130188
DBAASPS_1707,0.04048044607043266
DBAASPS_1708,0.38303646445274353
DBAASPS_1709,0.09173667430877686
DBAASPS_1711,0.9094140529632568
DBAASPS_1712,0.9654380083084106
DBAASPS_1713,0.9830256104469299
DBAASPS_1714,0.38835012912750244
DBAASPS_1715,0.3111431300640106
DBAASPS_1717,0.4647753834724426
DBAASPS_1724,0.4022611379623413
DBAASPS_1725,0.9248793721199036
DBAASPS_1741,0.9902438521385193
DBAASPS_1742,0.9902034997940063
DBAASPS_1743,0.9895985722541809
DBAASPS_1744,0.9886951446533203
DBAASPS_1745,0.9908117651939392
DBAASPS_1746,0.9897086024284363
DBAASPS_1747,0.9212390184402466
DBAASPS_1749,0.8763654232025146
DBAASPS_1750,0.9866616129875183
DBAASPS_1751,0.9862708449363708
DBAASPS_1752,0.9884350299835205
DBAASPS_1753,0.9892771244049072
DBAASPS_1754,0.9813884496688843
DBAASPS_1755,0.9905632138252258
DBAASPS_1756,0.9856806397438049
DBAASPS_1757,0.988749623298645
DBAASPS_1758,0.9814683794975281
DBAASPS_1760,0.9627270698547363
DBAASPS_1761,0.9745252132415771
DBAASPS_1762,0.9814685583114624
DBAASPS_1763,0.9763983488082886
DBAASPS_1764,0.7559430003166199
DBAASPS_1765,0.9774582982063293
DBAASPS_1766,0.9883151650428772
DBAASPS_1767,0.9672195315361023
DBAASPS_1768,0.9052157998085022
DBAASPS_1769,0.9900830388069153
DBAASPR_1798,0.6745619177818298
DBAASPS_1827,0.9846594929695129
DBAASPS_1841,0.9876711368560791
DBAASPS_1842,0.9898780584335327
DBAASPR_1898,0.9876102805137634
DBAASPR_1900,0.15549714863300323
DBAASPR_1901,0.7554692029953003
DBAASPR_1902,0.13345368206501007
DBAASPR_1903,0.22391881048679352
DBAASPR_1904,0.22214287519454956
DBAASPR_1905,0.1913616806268692
DBAASPR_1906,0.33631956577301025
DBAASPR_1907,0.8849099278450012
DBAASPS_1912,0.9901268482208252
DBAASPS_1913,0.9907516241073608
DBAASPS_1914,0.9904824495315552
DBAASPS_1915,0.9888603091239929
DBAASPS_1916,0.9870567321777344
DBAASPS_1917,0.9849711060523987
DBAASPS_1918,0.989348292350769
DBAASPS_1923,0.9891746044158936
DBAASPS_1984,0.9111567139625549
DBAASPS_1985,0.5320554971694946
DBAASPS_1986,0.9656898975372314
DBAASPS_1987,0.8793553113937378
DBAASPS_1988,0.9824128746986389
DBAASPS_1989,0.9723146557807922
DBAASPR_1997,0.06813272088766098
DBAASPS_1998,0.021995695307850838
DBAASPS_1999,0.9903680682182312
DBAASPS_2000,0.9905680418014526
DBAASPS_2004,0.990646243095398
DBAASPS_2011,0.1019304171204567
DBAASPS_2013,0.9898748397827148
DBAASPS_2014,0.9891118407249451
DBAASPS_2035,0.9876916408538818
DBAASPS_2036,0.9833043813705444
DBAASPS_2037,0.973532497882843
DBAASPS_2038,0.9677086472511292
DBAASPS_2039,0.9840216040611267
DBAASPS_2040,0.9817193746566772
DBAASPS_2041,0.9892133474349976
DBAASPS_2050,0.9874356389045715
DBAASPS_2051,0.9867655634880066
DBAASPS_2055,0.9907962083816528
DBAASPS_2056,0.9907909631729126
DBAASPS_2058,0.9908676743507385
DBAASPS_2059,0.9909608960151672
DBAASPS_2060,0.9901416301727295
DBAASPS_2061,0.9834416508674622
DBAASPS_2062,0.9878033995628357
DBAASPS_2095,0.972148060798645
DBAASPS_2096,0.9190361499786377
DBAASPS_2098,0.09855877608060837
DBAASPS_2100,0.08307962864637375
DBAASPS_2124,0.9800496101379395
DBAASPR_2129,0.822404682636261
DBAASPS_2155,0.8842616081237793
DBAASPR_2188,0.05719350278377533
DBAASPR_2205,0.8807126879692078
DBAASPR_2206,0.937360942363739
DBAASPR_2212,0.9580385088920593
DBAASPS_2240,0.9879030585289001
DBAASPS_2241,0.9885850548744202
DBAASPS_2243,0.9884977340698242
DBAASPS_2245,0.988763153553009
DBAASPS_2246,0.9892692565917969
DBAASPS_2247,0.9892263412475586
DBAASPS_2250,0.989294707775116
DBAASPS_2266,0.9908965229988098
DBAASPS_2267,0.9908007979393005
DBAASPS_2268,0.9907276034355164
DBAASPR_2294,0.9414341449737549
DBAASPS_2306,0.9888064861297607
DBAASPR_2308,0.22377003729343414
DBAASPS_2322,0.9856604933738708
DBAASPS_2325,0.9896469116210938
DBAASPS_2327,0.9907644987106323
DBAASPS_2328,0.9908004999160767
DBAASPS_2331,0.9894648790359497
DBAASPS_2336,0.9845333099365234
DBAASPS_2337,0.9827910661697388
DBAASPS_2338,0.9803341031074524
DBAASPS_2339,0.9876700043678284
DBAASPS_2340,0.9883562922477722
DBAASPS_2341,0.9629965424537659
DBAASPS_2342,0.9841771125793457
DBAASPS_2343,0.9882746338844299
DBAASPS_2344,0.9871426820755005
DBAASPS_2345,0.9876091480255127
DBAASPS_2346,0.9864336252212524
DBAASPS_2347,0.985524594783783
DBAASPS_2349,0.9895403385162354
DBAASPS_2375,0.7888445854187012
DBAASPS_2376,0.23976096510887146
DBAASPS_2377,0.08127263933420181
DBAASPS_2378,0.25132933259010315
DBAASPS_2379,0.43715962767601013
DBAASPS_2380,0.7668333053588867
DBAASPS_2381,0.788547694683075
DBAASPS_2382,0.6791301965713501
DBAASPS_2384,0.9841969013214111
DBAASPS_2387,0.2923141419887543
DBAASPS_2397,0.9821029305458069
DBAASPS_2409,0.26396581530570984
DBAASPS_2410,0.7461883425712585
DBAASPS_2411,0.9667052626609802
DBAASPS_2412,0.9178274869918823
DBAASPS_2420,0.9572439789772034
DBAASPS_2421,0.7173462510108948
DBAASPS_2422,0.7242634296417236
DBAASPS_2423,0.9634346961975098
DBAASPS_2425,0.9850634336471558
DBAASPS_2426,0.9871249794960022
DBAASPS_2427,0.9880461692810059
DBAASPS_2428,0.9871858954429626
DBAASPR_2429,0.9815129041671753
DBAASPS_2433,0.10132627189159393
DBAASPR_2439,0.9876627326011658
DBAASPR_2440,0.964896559715271
DBAASPR_2441,0.948604941368103
DBAASPS_2442,0.7800710201263428
DBAASPS_2443,0.9464762806892395
DBAASPS_2446,0.10418549180030823
DBAASPS_2447,0.27921950817108154
DBAASPS_2448,0.2358892261981964
DBAASPS_2449,0.6463292837142944
DBAASPS_2465,0.9526259303092957
DBAASPS_2481,0.9332455992698669
DBAASPS_2489,0.9227954149246216
DBAASPS_2498,0.9844262003898621
DBAASPS_2499,0.9785921573638916
DBAASPS_2500,0.3468737304210663
DBAASPS_2501,0.45962464809417725
DBAASPS_2505,0.7236059308052063
DBAASPS_2506,0.9825118780136108
DBAASPS_2507,0.9895185232162476
DBAASPS_2508,0.9899171590805054
DBAASPS_2509,0.9900411367416382
DBAASPS_2510,0.9901584982872009
DBAASPS_2521,0.9872971177101135
DBAASPS_2522,0.9864462018013
DBAASPS_2523,0.9867954850196838
DBAASPS_2525,0.9879249930381775
DBAASPS_2526,0.987955629825592
DBAASPS_2527,0.9895278811454773
DBAASPS_2529,0.9890811443328857
DBAASPS_2530,0.9870193004608154
DBAASPS_2531,0.9881032109260559
DBAASPS_2532,0.9893702864646912
DBAASPS_2533,0.9521841406822205
DBAASPS_2534,0.9888222813606262
DBAASPS_2535,0.9899771809577942
DBAASPS_2539,0.7537453174591064
DBAASPS_2540,0.38123661279678345
DBAASPS_2541,0.7555109858512878
DBAASPS_2542,0.9100337624549866
DBAASPS_2543,0.5532712340354919
DBAASPS_2544,0.6629114747047424
DBAASPS_2545,0.34507235884666443
DBAASPS_2546,0.436984121799469
DBAASPS_2547,0.48265403509140015
DBAASPS_2548,0.524324893951416
DBAASPS_2549,0.7873367071151733
DBAASPS_2550,0.6599419116973877
DBAASPS_2551,0.10527913272380829
DBAASPS_2552,0.025300702080130577
DBAASPS_2553,0.051057372242212296
DBAASPS_2554,0.046579185873270035
DBAASPS_2555,0.09815191477537155
DBAASPS_2556,0.3851955235004425
DBAASPS_2557,0.9519203901290894
DBAASPS_2570,0.9902656674385071
DBAASPS_2579,0.9885396957397461
DBAASPS_2580,0.9888323545455933
DBAASPS_2581,0.9888123273849487
DBAASPS_2582,0.9884758591651917
DBAASPS_2592,0.045200929045677185
DBAASPS_2600,0.9758750796318054
DBAASPS_2601,0.9820565581321716
DBAASPS_2602,0.9627246260643005
DBAASPS_2603,0.9724441170692444
DBAASPS_2610,0.5954015851020813
DBAASPS_2611,0.8518624305725098
DBAASPS_2612,0.19850945472717285
DBAASPS_2633,0.37638571858406067
DBAASPS_2634,0.18793712556362152
DBAASPS_2635,0.35907283425331116
DBAASPS_2636,0.8958407640457153
DBAASPS_2638,0.5558293461799622
DBAASPS_2639,0.907727837562561
DBAASPS_2640,0.8497148752212524
DBAASPS_2641,0.826457142829895
DBAASPS_2642,0.47848474979400635
DBAASPS_2644,0.42801761627197266
DBAASPS_2645,0.7373517155647278
DBAASPS_2647,0.6020848751068115
DBAASPS_2648,0.4472378194332123
DBAASPS_2649,0.2857643663883209
DBAASPS_2659,0.1448184996843338
DBAASPS_2660,0.07528956234455109
DBAASPS_2661,0.1313132792711258
DBAASPS_2662,0.10660693049430847
DBAASPS_2663,0.21220920979976654
DBAASPS_2664,0.039017654955387115
DBAASPS_2665,0.0624786801636219
DBAASPS_2666,0.41392943263053894
DBAASPS_2667,0.12295003980398178
DBAASPS_2668,0.13386020064353943
DBAASPS_2669,0.24665021896362305
DBAASPS_2670,0.6490091681480408
DBAASPS_2671,0.41913771629333496
DBAASPS_2672,0.26388025283813477
DBAASPS_2673,0.09617302566766739
DBAASPS_2674,0.13612079620361328
DBAASPS_2675,0.2004203349351883
DBAASPS_2677,0.13172492384910583
DBAASPS_2678,0.1393243968486786
DBAASPS_2679,0.27360233664512634
DBAASPS_2681,0.4251202344894409
DBAASPS_2682,0.3894704580307007
DBAASPS_2683,0.1043429747223854
DBAASPS_2684,0.4466235339641571
DBAASPS_2685,0.453848272562027
DBAASPS_2686,0.4091581404209137
DBAASPS_2687,0.19331398606300354
DBAASPS_2688,0.12434271723031998
DBAASPS_2689,0.0814736932516098
DBAASPS_2690,0.9237571358680725
DBAASPS_2691,0.5953753590583801
DBAASPS_2692,0.22918374836444855
DBAASPS_2693,0.31350401043891907
DBAASPS_2694,0.11307636648416519
DBAASPS_2695,0.08243805170059204
DBAASPS_2696,0.06777442991733551
DBAASPS_2697,0.06418666988611221
DBAASPS_2698,0.6267043352127075
DBAASPS_2699,0.6460373401641846
DBAASPS_2700,0.6738929748535156
DBAASPS_2701,0.47986769676208496
DBAASPS_2702,0.9359756708145142
DBAASPS_2703,0.9350430369377136
DBAASPS_2704,0.7064424157142639
DBAASPS_2705,0.29163822531700134
DBAASPS_2706,0.3250865638256073
DBAASPS_2707,0.2501353621482849
DBAASPS_2708,0.2896389663219452
DBAASPS_2709,0.3846534490585327
DBAASPS_2710,0.5824020504951477
DBAASPS_2711,0.4300050735473633
DBAASPS_2712,0.9900901913642883
DBAASPS_2713,0.9903120398521423
DBAASPS_2714,0.9901100993156433
DBAASPS_2715,0.9902539253234863
DBAASPS_2716,0.9903199076652527
DBAASPS_2717,0.9902650117874146
DBAASPS_2718,0.9908973574638367
DBAASPS_2719,0.9900624752044678
DBAASPS_2721,0.751578688621521
DBAASPS_2722,0.4924556314945221
DBAASPS_2739,0.024402189999818802
DBAASPS_2788,0.9817119240760803
DBAASPS_2813,0.9902330040931702
DBAASPS_2814,0.9904336929321289
DBAASPS_2815,0.9901909828186035
DBAASPS_2817,0.9907481670379639
DBAASPS_2818,0.9907066822052002
DBAASPS_2822,0.9903070330619812
DBAASPS_2826,0.44297006726264954
DBAASPS_2827,0.4142049551010132
DBAASPS_2828,0.13658104836940765
DBAASPS_2835,0.07880156487226486
DBAASPS_2836,0.035011500120162964
DBAASPS_2837,0.046933915466070175
DBAASPS_2838,0.04021528363227844
DBAASPS_2854,0.9881796836853027
DBAASPS_2869,0.9900157451629639
DBAASPS_2870,0.9903802275657654
DBAASPS_2872,0.9906619787216187
DBAASPS_2873,0.9907076358795166
DBAASPS_2874,0.9901186227798462
DBAASPS_2875,0.9896934032440186
DBAASPS_2876,0.989236056804657
DBAASPS_2877,0.9895169734954834
DBAASPS_2878,0.18366123735904694
DBAASPS_2879,0.06564943492412567
DBAASPS_2955,0.2149789035320282
DBAASPS_2995,0.16707001626491547
DBAASPS_2996,0.1673174947500229
DBAASPS_2997,0.37118518352508545
DBAASPS_2998,0.41616111993789673
DBAASPS_2999,0.9893277883529663
DBAASPS_3000,0.9892562627792358
DBAASPS_3013,0.3766663372516632
DBAASPS_3014,0.8046945333480835
DBAASPS_3015,0.13373203575611115
DBAASPS_3025,0.5989574193954468
DBAASPS_3027,0.9251017570495605
DBAASPS_3028,0.9889917373657227
DBAASPS_3029,0.9905718564987183
DBAASPS_3065,0.9896953105926514
DBAASPS_3089,0.6262064576148987
DBAASPS_3091,0.5791320204734802
DBAASPS_3092,0.7005629539489746
DBAASPS_3093,0.9524725079536438
DBAASPS_3094,0.9798988103866577
DBAASPS_3095,0.9853343367576599
DBAASPS_3096,0.986976683139801
DBAASPS_3097,0.4511414170265198
DBAASPS_3098,0.9892717599868774
DBAASPS_3099,0.9901626110076904
DBAASPS_3100,0.9856812953948975
DBAASPS_3101,0.9900743961334229
DBAASPS_3102,0.9906625747680664
DBAASPR_3106,0.9856876134872437
DBAASPS_3118,0.9816991686820984
DBAASPS_3119,0.9786507487297058
DBAASPS_3120,0.9747647643089294
DBAASPS_3121,0.9873237013816833
DBAASPS_3122,0.9516415596008301
DBAASPS_3123,0.9776960015296936
DBAASPS_3125,0.9809286594390869
DBAASPS_3126,0.9748436808586121
DBAASPS_3132,0.8982996344566345
DBAASPS_3133,0.7856448888778687
DBAASPS_3134,0.9537420272827148
DBAASPS_3135,0.9871950149536133
DBAASPS_3136,0.9869882464408875
DBAASPS_3137,0.9871719479560852
DBAASPS_3138,0.9836101531982422
DBAASPS_3139,0.9730698466300964
DBAASPS_3140,0.9883394837379456
DBAASPS_3141,0.9874125719070435
DBAASPS_3142,0.9873624444007874
DBAASPS_3143,0.9880170822143555
DBAASPS_3144,0.9876881241798401
DBAASPS_3145,0.9877263903617859
DBAASPS_3146,0.9839345216751099
DBAASPS_3147,0.988623321056366
DBAASPS_3148,0.9899822473526001
DBAASPS_3149,0.9876379370689392
DBAASPS_3150,0.9880030751228333
DBAASPS_3151,0.9853381514549255
DBAASPS_3152,0.9901912212371826
DBAASPS_3153,0.9899930953979492
DBAASPS_3158,0.9125216007232666
DBAASPS_3180,0.9857752919197083
DBAASPS_3182,0.8426982760429382
DBAASPS_3184,0.9297105669975281
DBAASPR_3199,0.014953186735510826
DBAASPS_3205,0.9877402186393738
DBAASPS_3206,0.9898399710655212
DBAASPS_3207,0.9884809255599976
DBAASPS_3209,0.9634958505630493
DBAASPS_3210,0.7080277800559998
DBAASPS_3211,0.9710521101951599
DBAASPS_3212,0.5810768604278564
DBAASPS_3213,0.9844362139701843
DBAASPS_3214,0.9858459234237671
DBAASPS_3215,0.8759477734565735
DBAASPS_3216,0.984453558921814
DBAASPS_3217,0.15915969014167786
DBAASPS_3218,0.9819995760917664
DBAASPS_3219,0.9157904386520386
DBAASPS_3220,0.9858641028404236
DBAASPR_3224,0.03351039066910744
DBAASPR_3227,0.0933389663696289
DBAASPS_3230,0.0933389663696289
DBAASPS_3239,0.01740017905831337
DBAASPS_3249,0.9586933851242065
DBAASPS_3250,0.9819549322128296
DBAASPS_3263,0.5691781044006348
DBAASPS_3264,0.5485831499099731
DBAASPS_3265,0.9566552639007568
DBAASPS_3266,0.9220247268676758
DBAASPS_3279,0.9835314750671387
DBAASPS_3280,0.9271007180213928
DBAASPS_3281,0.9777107238769531
DBAASPS_3282,0.9070654511451721
DBAASPS_3290,0.9891481399536133
DBAASPS_3293,0.9903475046157837
DBAASPS_3302,0.9891051650047302
DBAASPS_3304,0.9890297055244446
DBAASPS_3305,0.9899887442588806
DBAASPS_3312,0.9893423318862915
DBAASPS_3313,0.9898413419723511
DBAASPN_3314,0.027480050921440125
DBAASPS_3315,0.3837612569332123
DBAASPS_3317,0.13028018176555634
DBAASPS_3318,0.47665202617645264
DBAASPS_3319,0.22398096323013306
DBAASPS_3320,0.19944918155670166
DBAASPS_3321,0.6243943572044373
DBAASPS_3322,0.2116846889257431
DBAASPS_3323,0.6993958353996277
DBAASPS_3324,0.5116976499557495
DBAASPS_3338,0.9860989451408386
DBAASPS_3339,0.9891147017478943
DBAASPS_3342,0.052246127277612686
DBAASPS_3344,0.984935462474823
DBAASPS_3356,0.972281277179718
DBAASPS_3361,0.9872966408729553
DBAASPS_3364,0.7717088460922241
DBAASPS_3365,0.9808120727539062
DBAASPS_3369,0.9861641526222229
DBAASPS_3372,0.9887105226516724
DBAASPS_3373,0.9889747500419617
DBAASPS_3375,0.47697165608406067
DBAASPS_3376,0.8641120791435242
DBAASPS_3377,0.819356381893158
DBAASPS_3378,0.3769191801548004
DBAASPS_3379,0.9793879985809326
DBAASPS_3382,0.8131468296051025
DBAASPR_3383,0.9573447108268738
DBAASPS_3384,0.629183292388916
DBAASPR_3385,0.8756868243217468
DBAASPS_3386,0.479636549949646
DBAASPS_3390,0.23515813052654266
DBAASPS_3394,0.9456905126571655
DBAASPS_3424,0.6932718753814697
DBAASPS_3425,0.98398756980896
DBAASPS_3430,0.9896836876869202
DBAASPS_3433,0.9824528694152832
DBAASPS_3434,0.9904714822769165
DBAASPS_3436,0.603366494178772
DBAASPS_3453,0.9064088463783264
DBAASPS_3455,0.9881007075309753
DBAASPS_3456,0.9878117442131042
DBAASPS_3457,0.9881344437599182
DBAASPS_3458,0.9890233278274536
DBAASPR_3473,0.5250943303108215
DBAASPR_3474,0.44755005836486816
DBAASPR_3487,0.09537477046251297
DBAASPR_3617,0.683521032333374
DBAASPR_3618,0.9609025120735168
DBAASPR_3649,0.037046879529953
DBAASPS_3661,0.990683376789093
DBAASPS_3662,0.9905311465263367
DBAASPS_3663,0.9899072051048279
DBAASPS_3664,0.9906854033470154
DBAASPR_3736,0.2588556706905365
DBAASPR_3737,0.017633656039834023
DBAASPR_3738,0.043595679104328156
DBAASPR_3740,0.08578886836767197
DBAASPR_3742,0.5229688882827759
DBAASPR_3743,0.053645532578229904
DBAASPR_3744,0.9381591081619263
DBAASPR_3745,0.23758624494075775
DBAASPR_3747,0.672057569026947
DBAASPR_3748,0.9052659273147583
DBAASPR_3749,0.9810351729393005
DBAASPR_3750,0.012770983390510082
DBAASPR_3751,0.9198631048202515
DBAASPS_3756,0.22310155630111694
DBAASPS_3757,0.06521018594503403
DBAASPS_3758,0.15456940233707428
DBAASPR_3781,0.3724672496318817
DBAASPR_3790,0.9736940264701843
DBAASPS_3807,0.9884762167930603
DBAASPS_3809,0.9864903092384338
DBAASPR_3820,0.9653871059417725
DBAASPR_3841,0.9873485565185547
DBAASPS_3852,0.9848016500473022
DBAASPS_3853,0.9872695803642273
DBAASPS_3854,0.9598007798194885
DBAASPS_3855,0.924628734588623
DBAASPS_3856,0.8844125866889954
DBAASPS_3860,0.6602131128311157
DBAASPS_3862,0.7654606699943542
DBAASPS_3863,0.3049502372741699
DBAASPS_3864,0.050046321004629135
DBAASPS_3865,0.06750199943780899
DBAASPS_3866,0.057644326239824295
DBAASPS_3868,0.17545899748802185
DBAASPS_3869,0.14640003442764282
DBAASPS_3870,0.46240341663360596
DBAASPS_3871,0.8123749494552612
DBAASPS_3872,0.06504596024751663
DBAASPS_3875,0.980347752571106
DBAASPS_3876,0.9211947917938232
DBAASPS_3877,0.9604676365852356
DBAASPS_3878,0.8974921107292175
DBAASPS_3880,0.6618059873580933
DBAASPS_3881,0.2344595044851303
DBAASPS_3883,0.988849401473999
DBAASPR_3898,0.9596624374389648
DBAASPS_3902,0.9904022812843323
DBAASPS_3903,0.9848548173904419
DBAASPS_3904,0.9880860447883606
DBAASPS_3905,0.9905367493629456
DBAASPS_3907,0.9594996571540833
DBAASPS_3908,0.862135112285614
DBAASPS_3909,0.6166945099830627
DBAASPS_3910,0.46753522753715515
DBAASPR_3922,0.7065920829772949
DBAASPR_3924,0.9345865845680237
DBAASPR_3926,0.3384231925010681
DBAASPS_3932,0.9883450269699097
DBAASPS_3933,0.9594278335571289
DBAASPR_3937,0.905113160610199
DBAASPR_3941,0.8979426026344299
DBAASPS_3950,0.9891649484634399
DBAASPS_3951,0.9891781210899353
DBAASPS_3952,0.9888920187950134
DBAASPS_3953,0.988979697227478
DBAASPS_3954,0.9882357716560364
DBAASPS_3955,0.9898747801780701
DBAASPS_3956,0.9893057942390442
DBAASPS_3957,0.9900640845298767
DBAASPS_3958,0.9894578456878662
DBAASPS_3959,0.9889881610870361
DBAASPS_3960,0.9892215132713318
DBAASPS_3961,0.9890721440315247
DBAASPS_3962,0.9892122149467468
DBAASPS_3963,0.9882259368896484
DBAASPS_3964,0.9889234304428101
DBAASPS_3965,0.9881979823112488
DBAASPS_3966,0.9877455830574036
DBAASPS_3967,0.9856793880462646
DBAASPS_3968,0.9882172346115112
DBAASPS_3969,0.9867790341377258
DBAASPS_3970,0.9895923137664795
DBAASPS_3971,0.9897645115852356
DBAASPS_3972,0.987464427947998
DBAASPS_3973,0.9889242649078369
DBAASPS_3974,0.9875727295875549
DBAASPS_3975,0.9893227815628052
DBAASPS_3976,0.9899031519889832
DBAASPS_3977,0.9885148406028748
DBAASPS_3978,0.9885683655738831
DBAASPS_3979,0.9862439036369324
DBAASPS_3980,0.9895488023757935
DBAASPS_3981,0.9900727868080139
DBAASPS_3982,0.9892081618309021
DBAASPS_3983,0.9886565208435059
DBAASPS_3984,0.9882861971855164
DBAASPS_3986,0.9891954064369202
DBAASPS_3987,0.9896207451820374
DBAASPS_3988,0.989597737789154
DBAASPS_3989,0.9894406199455261
DBAASPS_3990,0.989888608455658
DBAASPS_3991,0.9880675673484802
DBAASPS_3992,0.989204466342926
DBAASPS_3993,0.9893612265586853
DBAASPS_3994,0.8291429281234741
DBAASPS_3996,0.7525755167007446
DBAASPS_3998,0.9113125205039978
DBAASPS_3999,0.9880427718162537
DBAASPS_4000,0.984148383140564
DBAASPS_4002,0.9865890145301819
DBAASPS_4003,0.9848201870918274
DBAASPS_4004,0.7837721705436707
DBAASPS_4005,0.9810723662376404
DBAASPS_4006,0.8985350728034973
DBAASPS_4007,0.034925587475299835
DBAASPS_4008,0.03448442369699478
DBAASPS_4009,0.2442653328180313
DBAASPS_4010,0.010933758690953255
DBAASPS_4011,0.2663102149963379
DBAASPS_4012,0.041990261524915695
DBAASPS_4013,0.9811171293258667
DBAASPS_4014,0.7057584524154663
DBAASPS_4015,0.9712537527084351
DBAASPS_4016,0.9709988236427307
DBAASPS_4017,0.9855978488922119
DBAASPS_4018,0.5882453322410583
DBAASPS_4019,0.9869751930236816
DBAASPS_4020,0.5418745279312134
DBAASPS_4021,0.9807010293006897
DBAASPS_4022,0.8756651282310486
DBAASPS_4023,0.9629010558128357
DBAASPS_4024,0.3255748152732849
DBAASPS_4025,0.9879244565963745
DBAASPS_4026,0.9841129779815674
DBAASPS_4027,0.9760509133338928
DBAASPS_4028,0.9883615374565125
DBAASPS_4029,0.9455167651176453
DBAASPS_4030,0.9858748316764832
DBAASPS_4031,0.768593966960907
DBAASPS_4032,0.989829957485199
DBAASPS_4033,0.9834255576133728
DBAASPS_4034,0.9536020755767822
DBAASPS_4035,0.9863009452819824
DBAASPS_4036,0.23244203627109528
DBAASPS_4037,0.9874723553657532
DBAASPS_4038,0.6598021984100342
DBAASPS_4039,0.9836446642875671
DBAASPS_4040,0.9491606950759888
DBAASPS_4041,0.9742876291275024
DBAASPS_4042,0.8884524703025818
DBAASPS_4043,0.9897594451904297
DBAASPS_4044,0.9717227816581726
DBAASPS_4045,0.983177661895752
DBAASPS_4046,0.861919105052948
DBAASPS_4047,0.9886954426765442
DBAASPS_4048,0.6704555153846741
DBAASPS_4049,0.9822049736976624
DBAASPS_4050,0.1591315120458603
DBAASPS_4051,0.9814818501472473
DBAASPS_4052,0.8314864039421082
DBAASPS_4053,0.9858334064483643
DBAASPS_4054,0.9801923036575317
DBAASPS_4055,0.9761022925376892
DBAASPS_4056,0.9802175164222717
DBAASPS_4057,0.9788784384727478
DBAASPS_4058,0.5892961025238037
DBAASPS_4059,0.9848612546920776
DBAASPS_4060,0.6806983351707458
DBAASPS_4061,0.9861591458320618
DBAASPS_4062,0.9809873104095459
DBAASPS_4063,0.6786812543869019
DBAASPS_4064,0.05905803665518761
DBAASPS_4065,0.9478042125701904
DBAASPS_4066,0.9773033261299133
DBAASPS_4067,0.9863455295562744
DBAASPS_4068,0.975757360458374
DBAASPS_4069,0.9883907437324524
DBAASPS_4070,0.6266133785247803
DBAASPS_4071,0.977364718914032
DBAASPS_4072,0.9572640061378479
DBAASPS_4073,0.9731041193008423
DBAASPS_4074,0.3530713617801666
DBAASPS_4075,0.9899216890335083
DBAASPS_4076,0.9868332743644714
DBAASPR_4079,0.32801246643066406
DBAASPR_4080,0.26882562041282654
DBAASPR_4084,0.14713294804096222
DBAASPR_4086,0.9584828615188599
DBAASPR_4087,0.018641546368598938
DBAASPR_4088,0.024514881893992424
DBAASPR_4089,0.030115555971860886
DBAASPR_4090,0.0613853856921196
DBAASPR_4091,0.1649056226015091
DBAASPR_4092,0.041093941777944565
DBAASPR_4093,0.03843609616160393
DBAASPR_4095,0.10703731328248978
DBAASPS_4106,0.8790243268013
DBAASPR_4109,0.8686476945877075
DBAASPR_4111,0.9676308631896973
DBAASPR_4112,0.985724687576294
DBAASPS_4114,0.20696236193180084
DBAASPR_4121,0.989373505115509
DBAASPS_4129,0.26625868678092957
DBAASPS_4130,0.20885226130485535
DBAASPS_4131,0.023699410259723663
DBAASPS_4132,0.01799965649843216
DBAASPR_4134,0.9875417947769165
DBAASPR_4135,0.4789573550224304
DBAASPR_4150,0.9871437549591064
DBAASPR_4153,0.9878363013267517
DBAASPR_4155,0.9833608269691467
DBAASPR_4156,0.9789092540740967
DBAASPR_4157,0.9871298670768738
DBAASPR_4159,0.9886322617530823
DBAASPR_4160,0.9518365263938904
DBAASPR_4172,0.9888690710067749
DBAASPR_4173,0.9899477958679199
DBAASPR_4174,0.8802099227905273
DBAASPR_4175,0.1287299394607544
DBAASPS_4176,0.9907649755477905
DBAASPR_4178,0.20590437948703766
DBAASPR_4196,0.11307831853628159
DBAASPR_4197,0.9543901681900024
DBAASPR_4200,0.25619977712631226
DBAASPR_4233,0.09992983192205429
DBAASPR_4234,0.18430019915103912
DBAASPR_4235,0.25394803285598755
DBAASPR_4236,0.11341016739606857
DBAASPR_4237,0.15108047425746918
DBAASPR_4244,0.06467464566230774
DBAASPR_4245,0.14144374430179596
DBAASPR_4246,0.17696604132652283
DBAASPR_4247,0.13655897974967957
DBAASPS_4249,0.5884017944335938
DBAASPS_4250,0.4189583659172058
DBAASPS_4252,0.9869690537452698
DBAASPS_4253,0.9882432222366333
DBAASPS_4254,0.9865431189537048
DBAASPS_4255,0.9858971834182739
DBAASPS_4256,0.9853003025054932
DBAASPS_4257,0.9683998227119446
DBAASPS_4258,0.6456355452537537
DBAASPS_4259,0.3275248110294342
DBAASPS_4260,0.9764638543128967
DBAASPS_4261,0.914485514163971
DBAASPS_4262,0.9885534048080444
DBAASPS_4263,0.9883318543434143
DBAASPS_4264,0.9887963533401489
DBAASPS_4265,0.9879876375198364
DBAASPR_4266,0.11861620843410492
DBAASPR_4267,0.17297126352787018
DBAASPS_4307,0.9764171242713928
DBAASPS_4308,0.9896343946456909
DBAASPS_4311,0.01583012565970421
DBAASPS_4312,0.021552210673689842
DBAASPS_4325,0.08736815303564072
DBAASPS_4326,0.14963120222091675
DBAASPS_4329,0.9900549054145813
DBAASPS_4332,0.9903375506401062
DBAASPS_4333,0.9904916286468506
DBAASPS_4334,0.01816852204501629
DBAASPS_4335,0.9900112152099609
DBAASPS_4336,0.9898897409439087
DBAASPS_4337,0.9902333617210388
DBAASPS_4339,0.9895790219306946
DBAASPS_4341,0.9891225099563599
DBAASPS_4342,0.965728223323822
DBAASPR_4359,0.9876328706741333
DBAASPS_4379,0.9892886877059937
DBAASPS_4380,0.9904136061668396
DBAASPR_4385,0.9669435620307922
DBAASPR_4397,0.9803119897842407
DBAASPR_4402,0.5059629082679749
DBAASPR_4403,0.6372191309928894
DBAASPR_4404,0.8588039875030518
DBAASPR_4439,0.5584856271743774
DBAASPS_4448,0.988701581954956
DBAASPS_4449,0.9878717064857483
DBAASPS_4450,0.9890783429145813
DBAASPS_4470,0.9606351852416992
DBAASPS_4471,0.032822251319885254
DBAASPS_4546,0.06556544452905655
DBAASPS_4547,0.8241399526596069
DBAASPS_4549,0.5699005126953125
DBAASPS_4550,0.6722061634063721
DBAASPS_4551,0.0978289470076561
DBAASPS_4552,0.13932737708091736
DBAASPS_4557,0.19360612332820892
DBAASPS_4558,0.05723956972360611
DBAASPS_4559,0.022797636687755585
DBAASPS_4560,0.022877328097820282
DBAASPS_4561,0.6203669905662537
DBAASPS_4567,0.8977248072624207
DBAASPS_4573,0.33497855067253113
DBAASPS_4579,0.28246405720710754
DBAASPS_4580,0.07015502452850342
DBAASPS_4581,0.4261209964752197
DBAASPS_4587,0.8742685317993164
DBAASPS_4588,0.9455640316009521
DBAASPS_4589,0.9722377061843872
DBAASPS_4590,0.902266800403595
DBAASPS_4591,0.9873668551445007
DBAASPS_4613,0.9862585663795471
DBAASPS_4614,0.987088680267334
DBAASPS_4615,0.854459285736084
DBAASPS_4616,0.9820076823234558
DBAASPS_4617,0.9794986248016357
DBAASPS_4618,0.303538054227829
DBAASPS_4630,0.41726887226104736
DBAASPS_4645,0.8906561136245728
DBAASPS_4646,0.9808963537216187
DBAASPS_4647,0.7859948873519897
DBAASPS_4653,0.1610674113035202
DBAASPS_4654,0.9723837375640869
DBAASPS_4655,0.13793756067752838
DBAASPS_4656,0.8927292227745056
DBAASPS_4657,0.06760366261005402
DBAASPS_4658,0.9700072407722473
DBAASPS_4659,0.967560887336731
DBAASPS_4660,0.5314617156982422
DBAASPS_4661,0.9787731170654297
DBAASPS_4662,0.9528254270553589
DBAASPS_4664,0.9489664435386658
DBAASPS_4665,0.1544206738471985
DBAASPS_4666,0.9156923890113831
DBAASPS_4667,0.9631735682487488
DBAASPS_4668,0.9734881520271301
DBAASPS_4669,0.9175864458084106
DBAASPS_4670,0.9619572758674622
DBAASPS_4671,0.6241039037704468
DBAASPS_4676,0.9403334856033325
DBAASPS_4677,0.6207059025764465
DBAASPS_4678,0.9855026602745056
DBAASPR_4679,0.153291717171669
DBAASPS_4680,0.9886128306388855
DBAASPS_4681,0.9739983081817627
DBAASPR_4684,0.9379461407661438
DBAASPR_4685,0.9500882625579834
DBAASPR_4686,0.855558454990387
DBAASPR_4687,0.12934690713882446
DBAASPR_4688,0.11750585585832596
DBAASPR_4689,0.1844043731689453
DBAASPR_4690,0.1276244968175888
DBAASPR_4691,0.08005618304014206
DBAASPR_4692,0.987200915813446
DBAASPS_4693,0.10664770007133484
DBAASPS_4694,0.038595449179410934
DBAASPS_4695,0.02775731310248375
DBAASPR_4726,0.10228423774242401
DBAASPR_4727,0.176396906375885
DBAASPS_4728,0.9837960600852966
DBAASPS_4729,0.9818512201309204
DBAASPS_4730,0.9850731492042542
DBAASPS_4731,0.9799355268478394
DBAASPS_4735,0.9871118664741516
DBAASPS_4740,0.8178775310516357
DBAASPS_4742,0.9846485257148743
DBAASPS_4744,0.0942012146115303
DBAASPS_4745,0.11740939319133759
DBAASPS_4746,0.08050204068422318
DBAASPS_4747,0.29267364740371704
DBAASPS_4748,0.32452306151390076
DBAASPS_4760,0.9768518805503845
DBAASPS_4762,0.972763180732727
DBAASPS_4763,0.3527170717716217
DBAASPS_4764,0.9821854829788208
DBAASPS_4765,0.9689981937408447
DBAASPS_4766,0.979925274848938
DBAASPS_4768,0.9568819403648376
DBAASPS_4769,0.9889743328094482
DBAASPS_4770,0.9877740740776062
DBAASPS_4772,0.9890331029891968
DBAASPS_4773,0.9834986329078674
DBAASPS_4774,0.9050086736679077
DBAASPS_4775,0.9875916838645935
DBAASPS_4776,0.917924165725708
DBAASPS_4777,0.7507211565971375
DBAASPS_4778,0.950905978679657
DBAASPS_4779,0.9753856658935547
DBAASPS_4780,0.9684919118881226
DBAASPS_4781,0.9907236099243164
DBAASPS_4782,0.7671847939491272
DBAASPS_4785,0.973111093044281
DBAASPS_4786,0.9907558560371399
DBAASPS_4787,0.11812650412321091
DBAASPS_4790,0.9903892278671265
DBAASPS_4794,0.9867992997169495
DBAASPS_4795,0.7304927110671997
DBAASPS_4796,0.23325316607952118
DBAASPS_4797,0.2230328619480133
DBAASPS_4807,0.9762545228004456
DBAASPS_4808,0.6602978706359863
DBAASPS_4809,0.6117384433746338
DBAASPS_4810,0.3845131993293762
DBAASPS_4811,0.8270826935768127
DBAASPS_4814,0.9859880208969116
DBAASPS_4815,0.9560869932174683
DBAASPS_4818,0.9856153130531311
DBAASPS_4828,0.9610928893089294
DBAASPS_4829,0.9178653359413147
DBAASPS_4830,0.08574213832616806
DBAASPS_4831,0.06056483834981918
DBAASPS_4832,0.9203472137451172
DBAASPS_4833,0.027296505868434906
DBAASPS_4837,0.6602978706359863
DBAASPS_4838,0.9887218475341797
DBAASPS_4843,0.9859759211540222
DBAASPS_4847,0.9456948041915894
DBAASPS_4850,0.13797025382518768
DBAASPS_4851,0.882115364074707
DBAASPS_4852,0.2350490242242813
DBAASPS_4853,0.13860896229743958
DBAASPS_4854,0.20717668533325195
DBAASPS_4863,0.9727444052696228
DBAASPS_4866,0.2001522034406662
DBAASPS_4870,0.11380481719970703
DBAASPS_4872,0.990554928779602
DBAASPN_4876,0.2559838593006134
DBAASPS_4877,0.35875970125198364
DBAASPS_4878,0.6726285219192505
DBAASPS_4880,0.4333644509315491
DBAASPS_4881,0.366955041885376
DBAASPS_4883,0.487819641828537
DBAASPS_4885,0.19761969149112701
DBAASPS_4886,0.14969509840011597
DBAASPR_4888,0.8742648959159851
DBAASPS_4893,0.32085102796554565
DBAASPS_4894,0.9841750860214233
DBAASPS_4896,0.972491979598999
DBAASPS_4897,0.9701754450798035
DBAASPS_4909,0.7005199193954468
DBAASPS_4914,0.9802076816558838
DBAASPS_4916,0.9797679781913757
DBAASPS_4917,0.9881110191345215
DBAASPS_4919,0.9851124882698059
DBAASPS_4920,0.9887327551841736
DBAASPS_4929,0.9887337684631348
DBAASPS_4930,0.9861074686050415
DBAASPS_4931,0.9853057265281677
DBAASPS_4949,0.2060747891664505
DBAASPS_4951,0.9785289168357849
DBAASPS_4952,0.9786974787712097
DBAASPS_4953,0.98274165391922
DBAASPS_4954,0.9837744235992432
DBAASPS_4956,0.923350989818573
DBAASPS_4957,0.28377196192741394
DBAASPS_4958,0.19656962156295776
DBAASPS_4959,0.9891775250434875
DBAASPS_4960,0.9897509217262268
DBAASPS_4961,0.9870949983596802
DBAASPS_4962,0.9888079166412354
DBAASPS_4963,0.979854166507721
DBAASPS_4964,0.48543113470077515
DBAASPS_4970,0.9906178116798401
DBAASPS_4971,0.10595937818288803
DBAASPS_4972,0.9804904460906982
DBAASPS_4973,0.9878788590431213
DBAASPS_4974,0.9865074753761292
DBAASPS_4976,0.9886112809181213
DBAASPS_4977,0.9899463057518005
DBAASPS_4980,0.9900524020195007
DBAASPS_4981,0.9902470707893372
DBAASPS_4984,0.9898731112480164
DBAASPS_4987,0.9895731210708618
DBAASPS_4988,0.9895908832550049
DBAASPS_4989,0.9903579950332642
DBAASPS_4991,0.04596215486526489
DBAASPS_5001,0.9908514022827148
DBAASPS_5004,0.9909043312072754
DBAASPS_5009,0.23242466151714325
DBAASPS_5012,0.09947576373815536
DBAASPS_5014,0.9882869124412537
DBAASPS_5015,0.9840458631515503
DBAASPS_5016,0.9780142903327942
DBAASPS_5017,0.9900204539299011
DBAASPS_5019,0.9869731664657593
DBAASPS_5020,0.9569404125213623
DBAASPS_5021,0.9896084666252136
DBAASPS_5023,0.9884185791015625
DBAASPS_5024,0.9871307015419006
DBAASPS_5025,0.9853805899620056
DBAASPS_5026,0.9868110418319702
DBAASPS_5033,0.9860537052154541
DBAASPS_5035,0.9881492257118225
DBAASPS_5036,0.988003671169281
DBAASPS_5037,0.9888449907302856
DBAASPS_5039,0.9864632487297058
DBAASPS_5040,0.9871934056282043
DBAASPS_5042,0.9905984997749329
DBAASPS_5043,0.9891663193702698
DBAASPS_5044,0.9891342520713806
DBAASPS_5045,0.9903050661087036
DBAASPS_5046,0.9901684522628784
DBAASPS_5047,0.9905038475990295
DBAASPS_5060,0.8558096289634705
DBAASPS_5061,0.9720383286476135
DBAASPS_5062,0.9422503113746643
DBAASPS_5063,0.8543476462364197
DBAASPS_5064,0.9909932613372803
DBAASPS_5065,0.9909728169441223
DBAASPS_5066,0.9909668564796448
DBAASPS_5067,0.9909504055976868
DBAASPS_5068,0.9909252524375916
DBAASPS_5069,0.9907891750335693
DBAASPS_5070,0.6739179491996765
DBAASPS_5071,0.6156412959098816
DBAASPS_5072,0.17143751680850983
DBAASPS_5073,0.5667343139648438
DBAASPS_5074,0.5628360509872437
DBAASPR_5082,0.9892876148223877
DBAASPS_5091,0.9205546379089355
DBAASPS_5097,0.9797096252441406
DBAASPS_5099,0.9722470641136169
DBAASPS_5103,0.9396940469741821
DBAASPS_5108,0.9879773259162903
DBAASPS_5110,0.6297896504402161
DBAASPS_5112,0.9784121513366699
DBAASPS_5113,0.0803714245557785
DBAASPS_5120,0.8037209510803223
DBAASPS_5122,0.9029462337493896
DBAASPR_5123,0.9862537384033203
DBAASPR_5125,0.8042708039283752
DBAASPS_5128,0.9301689863204956
DBAASPR_5131,0.2595536410808563
DBAASPR_5132,0.3305065631866455
DBAASPR_5133,0.44268184900283813
DBAASPS_5149,0.09734180569648743
DBAASPS_5169,0.9803256392478943
DBAASPS_5170,0.9656320810317993
DBAASPS_5179,0.5776991844177246
DBAASPS_5181,0.7049369812011719
DBAASPS_5182,0.9247331619262695
DBAASPS_5183,0.7754713892936707
DBAASPS_5189,0.3164934813976288
DBAASPS_5190,0.21283431351184845
DBAASPS_5191,0.9308438301086426
DBAASPS_5192,0.927839457988739
DBAASPS_5193,0.9587466716766357
DBAASPS_5201,0.9875574707984924
DBAASPS_5202,0.9900124073028564
DBAASPS_5203,0.9840918183326721
DBAASPS_5219,0.9908779263496399
DBAASPS_5220,0.9909377694129944
DBAASPS_5221,0.9909168481826782
DBAASPS_5222,0.9908339977264404
DBAASPS_5223,0.9908456802368164
DBAASPS_5224,0.9895697832107544
DBAASPS_5244,0.9909213781356812
DBAASPS_5246,0.9906529188156128
DBAASPS_5247,0.9903609156608582
DBAASPS_5248,0.9894578456878662
DBAASPS_5249,0.9893604516983032
DBAASPS_5250,0.9893943667411804
DBAASPS_5251,0.9866892099380493
DBAASPS_5252,0.9908395409584045
DBAASPS_5254,0.990308940410614
DBAASPS_5255,0.9908644556999207
DBAASPS_5288,0.9843335747718811
DBAASPS_5289,0.9849913716316223
DBAASPS_5290,0.9809571504592896
DBAASPS_5291,0.9835618138313293
DBAASPS_5292,0.9270934462547302
DBAASPS_5293,0.7903963327407837
DBAASPS_5294,0.264727920293808
DBAASPS_5295,0.7945931553840637
DBAASPS_5296,0.21709713339805603
DBAASPS_5297,0.3116675913333893
DBAASPS_5298,0.2158583253622055
DBAASPR_5299,0.9896298050880432
DBAASPS_5302,0.9840444326400757
DBAASPS_5303,0.9506083726882935
DBAASPS_5305,0.965842604637146
DBAASPS_5307,0.9891231060028076
DBAASPS_5308,0.9825925827026367
DBAASPS_5309,0.9840779304504395
DBAASPS_5310,0.9895845055580139
DBAASPS_5311,0.9896365404129028
DBAASPS_5312,0.9871423840522766
DBAASPS_5314,0.9899859428405762
DBAASPS_5316,0.9902796149253845
DBAASPS_5321,0.9682660698890686
DBAASPS_5322,0.9349846839904785
DBAASPS_5325,0.9512743353843689
DBAASPS_5327,0.9187891483306885
DBAASPS_5329,0.9859793782234192
DBAASPS_5332,0.9872827529907227
DBAASPS_5333,0.9865742921829224
DBAASPR_5337,0.16854393482208252
DBAASPS_5339,0.9881401658058167
DBAASPS_5340,0.9545349478721619
DBAASPS_5341,0.9878820180892944
DBAASPS_5343,0.9553005695343018
DBAASPS_5345,0.9907480478286743
DBAASPS_5346,0.9902000427246094
DBAASPR_5352,0.9824051856994629
DBAASPR_5356,0.7211982607841492
DBAASPR_5372,0.06370429694652557
DBAASPR_5373,0.049121759831905365
DBAASPN_5374,0.13725152611732483
DBAASPS_5397,0.989952027797699
DBAASPS_5398,0.9874506592750549
DBAASPS_5399,0.9888304471969604
DBAASPS_5400,0.9883807301521301
DBAASPR_5402,0.9867356419563293
DBAASPR_5404,0.9869444966316223
DBAASPR_5408,0.9888662099838257
DBAASPR_5409,0.6278238892555237
DBAASPR_5410,0.6841675639152527
DBAASPR_5411,0.8188477754592896
DBAASPS_5412,0.4581391215324402
DBAASPS_5413,0.32195061445236206
DBAASPS_5414,0.4921022653579712
DBAASPS_5415,0.29796913266181946
DBAASPS_5416,0.33868667483329773
DBAASPR_5418,0.9304318428039551
DBAASPS_5420,0.8676157593727112
DBAASPS_5421,0.913043200969696
DBAASPS_5422,0.40594762563705444
DBAASPS_5423,0.5210414528846741
DBAASPS_5424,0.1525138020515442
DBAASPR_5425,0.6979384422302246
DBAASPR_5426,0.4562865197658539
DBAASPR_5427,0.05637583136558533
DBAASPS_5430,0.9764346480369568
DBAASPS_5432,0.9824530482292175
DBAASPS_5434,0.9844614863395691
DBAASPS_5436,0.9853461384773254
DBAASPR_5440,0.9759154319763184
DBAASPR_5441,0.8699988126754761
DBAASPR_5442,0.06852376461029053
DBAASPS_5452,0.9046580195426941
DBAASPS_5453,0.8391034603118896
DBAASPS_5454,0.8861359357833862
DBAASPS_5456,0.032521117478609085
DBAASPS_5457,0.014379531145095825
DBAASPS_5458,0.012372184544801712
DBAASPS_5459,0.02881891466677189
DBAASPS_5460,0.0684729591012001
DBAASPS_5461,0.05440637096762657
DBAASPS_5462,0.04529011994600296
DBAASPS_5463,0.034191884100437164
DBAASPS_5464,0.037075143307447433
DBAASPS_5465,0.03315334767103195
DBAASPS_5468,0.989013671875
DBAASPS_5469,0.9895101189613342
DBAASPS_5470,0.9448915123939514
DBAASPS_5471,0.9051647782325745
DBAASPS_5472,0.7421659827232361
DBAASPS_5473,0.5946008563041687
DBAASPS_5474,0.615523636341095
DBAASPS_5475,0.4597070813179016
DBAASPS_5476,0.9888732433319092
DBAASPS_5477,0.9884964227676392
DBAASPS_5478,0.7019122242927551
DBAASPS_5479,0.5789467692375183
DBAASPS_5480,0.9771953821182251
DBAASPS_5491,0.9908067584037781
DBAASPS_5492,0.9909504652023315
DBAASPS_5493,0.9909485578536987
DBAASPS_5495,0.9909355640411377
DBAASPS_5496,0.9908765554428101
DBAASPR_5500,0.029050348326563835
DBAASPS_5510,0.9796077609062195
DBAASPR_5517,0.5699675679206848
DBAASPR_5518,0.6179665327072144
DBAASPS_5521,0.9893182516098022
DBAASPS_5522,0.9894327521324158
DBAASPS_5523,0.9889219999313354
DBAASPS_5524,0.9885159134864807
DBAASPR_5525,0.9119974374771118
DBAASPR_5526,0.7591332197189331
DBAASPR_5527,0.7694826722145081
DBAASPS_5535,0.9860623478889465
DBAASPS_5536,0.9798702001571655
DBAASPS_5537,0.9842276573181152
DBAASPS_5538,0.9666193723678589
DBAASPS_5541,0.9882071614265442
DBAASPS_5543,0.1806192547082901
DBAASPS_5544,0.1630721241235733
DBAASPR_5545,0.9577497839927673
DBAASPS_5548,0.575354814529419
DBAASPS_5549,0.3890402317047119
DBAASPR_5555,0.2221621423959732
DBAASPS_5560,0.9876940846443176
DBAASPS_5561,0.9897452592849731
DBAASPS_5562,0.9888977408409119
DBAASPS_5563,0.988097071647644
DBAASPS_5570,0.9866672158241272
DBAASPS_5571,0.9878657460212708
DBAASPS_5572,0.9856974482536316
DBAASPS_5573,0.9897576570510864
DBAASPS_5574,0.990226686000824
DBAASPS_5575,0.989721417427063
DBAASPS_5576,0.9905514121055603
DBAASPS_5577,0.9906110167503357
DBAASPS_5578,0.9902179837226868
DBAASPR_5579,0.17044201493263245
DBAASPR_5580,0.035065509378910065
DBAASPS_5585,0.986582338809967
DBAASPS_5586,0.9900761842727661
DBAASPS_5587,0.12206331640481949
DBAASPS_5589,0.3280918002128601
DBAASPS_5590,0.14014708995819092
DBAASPS_5593,0.9860995411872864
DBAASPS_5594,0.9900149703025818
DBAASPS_5595,0.06424779444932938
DBAASPS_5596,0.05948064476251602
DBAASPS_5597,0.0772746354341507
DBAASPS_5598,0.07508816570043564
DBAASPS_5600,0.13369670510292053
DBAASPS_5601,0.18026593327522278
DBAASPR_5603,0.9863500595092773
DBAASPR_5604,0.9812184572219849
DBAASPR_5605,0.9252026677131653
DBAASPR_5606,0.9779507517814636
DBAASPR_5607,0.9859724640846252
DBAASPR_5608,0.6024231910705566
DBAASPR_5610,0.8974209427833557
DBAASPS_5617,0.9888185262680054
DBAASPR_5624,0.9873446226119995
DBAASPS_5628,0.4414227306842804
DBAASPS_5630,0.18834899365901947
DBAASPS_5631,0.401415079832077
DBAASPS_5632,0.9838536977767944
DBAASPS_5634,0.04914792254567146
DBAASPS_5635,0.6421405076980591
DBAASPS_5636,0.22858934104442596
DBAASPS_5637,0.9863624572753906
DBAASPS_5638,0.9839505553245544
DBAASPS_5640,0.9895264506340027
DBAASPS_5645,0.9899656176567078
DBAASPS_5646,0.9877782464027405
DBAASPR_5647,0.10991013795137405
DBAASPR_5649,0.1830340325832367
DBAASPS_5653,0.9720363616943359
DBAASPS_5654,0.9841799736022949
DBAASPS_5655,0.9725610613822937
DBAASPS_5657,0.9804652333259583
DBAASPS_5659,0.9827174544334412
DBAASPS_5661,0.9903650879859924
DBAASPS_5663,0.9872948527336121
DBAASPS_5664,0.9878790974617004
DBAASPS_5665,0.9843575954437256
DBAASPS_5666,0.9782755374908447
DBAASPS_5667,0.9820495843887329
DBAASPR_5668,0.8616588711738586
DBAASPR_5681,0.9703894257545471
DBAASPR_5682,0.8689056038856506
DBAASPR_5685,0.9591638445854187
DBAASPR_5686,0.9688109159469604
DBAASPR_5688,0.9647300839424133
DBAASPR_5689,0.9661047458648682
DBAASPR_5690,0.973364531993866
DBAASPR_5691,0.022770611569285393
DBAASPS_5700,0.9892433881759644
DBAASPS_5701,0.9881181120872498
DBAASPS_5702,0.9900912642478943
DBAASPS_5703,0.9770525693893433
DBAASPS_5704,0.977057695388794
DBAASPS_5705,0.965675950050354
DBAASPS_5706,0.9776695966720581
DBAASPS_5707,0.9848293662071228
DBAASPS_5711,0.8908035755157471
DBAASPS_5724,0.1461246758699417
DBAASPS_5725,0.09290603548288345
DBAASPR_5729,0.9878904819488525
DBAASPS_5733,0.9623330235481262
DBAASPS_5734,0.9835090637207031
DBAASPS_5735,0.9694599509239197
DBAASPR_5736,0.39016008377075195
DBAASPS_5737,0.9685564637184143
DBAASPS_5738,0.9862662553787231
DBAASPS_5739,0.987316370010376
DBAASPS_5740,0.9833400845527649
DBAASPN_5742,0.9011972546577454
DBAASPS_5745,0.9894904494285583
DBAASPS_5746,0.985274076461792
DBAASPS_5747,0.9883116483688354
DBAASPS_5748,0.9564322233200073
DBAASPS_5749,0.9873078465461731
DBAASPS_5750,0.9009449481964111
DBAASPS_5767,0.0810382291674614
DBAASPS_5768,0.8211475014686584
DBAASPS_5769,0.5361676812171936
DBAASPS_5770,0.9873113036155701
DBAASPR_5771,0.9791311025619507
DBAASPS_5773,0.9882565140724182
DBAASPS_5774,0.9856535792350769
DBAASPN_5779,0.3015415370464325
DBAASPR_5783,0.9881529211997986
DBAASPS_5784,0.9864447712898254
DBAASPS_5785,0.7623125910758972
DBAASPS_5797,0.9700796604156494
DBAASPS_5798,0.9747869968414307
DBAASPS_5801,0.9889159202575684
DBAASPS_5802,0.9891905784606934
DBAASPR_5803,0.14001815021038055
DBAASPR_5810,0.8899492025375366
DBAASPS_5819,0.9909558296203613
DBAASPS_5820,0.9908674955368042
DBAASPS_5821,0.9886900782585144
DBAASPS_5823,0.9901050925254822
DBAASPS_5824,0.7283706068992615
DBAASPS_5825,0.9905550479888916
DBAASPS_5826,0.9898361563682556
DBAASPS_5827,0.9894035458564758
DBAASPS_5829,0.9899166822433472
DBAASPS_5830,0.9889553785324097
DBAASPS_5831,0.9737643003463745
DBAASPR_5836,0.8498088121414185
DBAASPS_5842,0.9865459203720093
DBAASPS_5843,0.9817724823951721
DBAASPS_5844,0.9871360659599304
DBAASPS_5845,0.9861041903495789
DBAASPS_5846,0.15127402544021606
DBAASPS_5847,0.9685052633285522
DBAASPS_5848,0.9797991514205933
DBAASPS_5852,0.98980313539505
DBAASPS_5860,0.9831713438034058
DBAASPS_5861,0.9835808873176575
DBAASPS_5862,0.9897501468658447
DBAASPS_5863,0.8833795785903931
DBAASPS_5864,0.11735084652900696
DBAASPS_5866,0.9838219285011292
DBAASPR_5868,0.9839794039726257
DBAASPS_5875,0.9766205549240112
DBAASPR_5882,0.23823045194149017
DBAASPR_5885,0.9779333472251892
DBAASPS_5890,0.9820998907089233
DBAASPS_5892,0.9819706082344055
DBAASPS_5895,0.056508708745241165
DBAASPS_5920,0.04770268499851227
DBAASPS_5921,0.04174511507153511
DBAASPS_5922,0.6793618202209473
DBAASPS_5923,0.02283613011240959
DBAASPS_5924,0.23966562747955322
DBAASPS_5925,0.024678366258740425
DBAASPS_5927,0.01905030757188797
DBAASPS_5928,0.021771566942334175
DBAASPS_5929,0.018851106986403465
DBAASPS_5937,0.9878392219543457
DBAASPS_5938,0.9889187216758728
DBAASPS_5939,0.8953678011894226
DBAASPS_5940,0.9876481890678406
DBAASPS_5941,0.9896692633628845
DBAASPN_5942,0.022481020539999008
DBAASPS_5943,0.04237700253725052
DBAASPS_5944,0.05277477577328682
DBAASPS_5945,0.04289403185248375
DBAASPS_5952,0.3748568296432495
DBAASPS_5953,0.040837254375219345
DBAASPS_5954,0.9766099452972412
DBAASPS_5955,0.1603335738182068
DBAASPS_5956,0.018585294485092163
DBAASPS_5957,0.02181369625031948
DBAASPS_5958,0.058986056596040726
DBAASPS_5959,0.036312561482191086
DBAASPS_5960,0.04547300189733505
DBAASPS_5961,0.3133852779865265
DBAASPS_5962,0.2569099962711334
DBAASPS_5963,0.10517503321170807
DBAASPS_5964,0.9406936168670654
DBAASPS_5972,0.9879573583602905
DBAASPS_5984,0.17028455436229706
DBAASPS_5986,0.43318796157836914
DBAASPS_5987,0.610083281993866
DBAASPS_5988,0.9604412317276001
DBAASPS_5998,0.9903203248977661
DBAASPS_6001,0.9904554486274719
DBAASPS_6002,0.9905921220779419
DBAASPS_6003,0.989903450012207
DBAASPS_6004,0.989622175693512
DBAASPS_6012,0.03578396886587143
DBAASPS_6014,0.06022009626030922
DBAASPS_6015,0.056507498025894165
DBAASPS_6016,0.06455561518669128
DBAASPS_6017,0.047815900295972824
DBAASPS_6020,0.05632505193352699
DBAASPS_6044,0.9901596307754517
DBAASPS_6045,0.9897330403327942
DBAASPS_6047,0.9893093109130859
DBAASPS_6055,0.986574113368988
DBAASPS_6056,0.11445469409227371
DBAASPS_6058,0.21433819830417633
DBAASPS_6066,0.45683711767196655
DBAASPS_6067,0.49132511019706726
DBAASPR_6075,0.12836727499961853
DBAASPS_6078,0.9883421659469604
DBAASPS_6079,0.04754084721207619
DBAASPS_6086,0.9693892598152161
DBAASPS_6087,0.79725182056427
DBAASPS_6097,0.6344960331916809
DBAASPS_6098,0.5698592066764832
DBAASPS_6099,0.6248243451118469
DBAASPS_6100,0.6868742108345032
DBAASPS_6101,0.8156511187553406
DBAASPS_6102,0.8798810243606567
DBAASPS_6103,0.7452601790428162
DBAASPS_6104,0.06973031163215637
DBAASPS_6105,0.85019850730896
DBAASPS_6106,0.8454650640487671
DBAASPS_6107,0.970747172832489
DBAASPS_6111,0.9434605240821838
DBAASPS_6135,0.9113573431968689
DBAASPS_6136,0.07976533472537994
DBAASPS_6137,0.0880565494298935
DBAASPS_6138,0.07100026309490204
DBAASPS_6139,0.06366151571273804
DBAASPS_6140,0.04287843406200409
DBAASPS_6141,0.04825468361377716
DBAASPS_6143,0.047660987824201584
DBAASPS_6144,0.01795312389731407
DBAASPS_6145,0.04877374693751335
DBAASPS_6146,0.06324195861816406
DBAASPS_6147,0.0403081551194191
DBAASPS_6149,0.2040242701768875
DBAASPS_6187,0.46170133352279663
DBAASPS_6188,0.7618784308433533
DBAASPS_6189,0.4673159420490265
DBAASPS_6190,0.8098512291908264
DBAASPS_6191,0.8739709854125977
DBAASPS_6192,0.875859260559082
DBAASPS_6193,0.982090950012207
DBAASPS_6194,0.9482669830322266
DBAASPS_6195,0.9441707730293274
DBAASPS_6196,0.9239334464073181
DBAASPS_6201,0.9890625476837158
DBAASPS_6202,0.990642249584198
DBAASPS_6208,0.8801363706588745
DBAASPS_6234,0.4789983928203583
DBAASPS_6235,0.858767032623291
DBAASPS_6236,0.6681413054466248
DBAASPS_6243,0.36334526538848877
DBAASPS_6246,0.9202080368995667
DBAASPS_6247,0.9827807545661926
DBAASPS_6249,0.9794230461120605
DBAASPS_6251,0.9893473982810974
DBAASPS_6270,0.9672942757606506
DBAASPS_6273,0.9452648162841797
DBAASPS_6275,0.9494814872741699
DBAASPS_6276,0.9870398640632629
DBAASPS_6279,0.9631807804107666
DBAASPS_6280,0.9599247574806213
DBAASPS_6285,0.1693335771560669
DBAASPS_6286,0.15043146908283234
DBAASPS_6287,0.12099196761846542
DBAASPS_6288,0.02353937178850174
DBAASPS_6293,0.5059237480163574
DBAASPS_6296,0.44755232334136963
DBAASPS_6297,0.24967233836650848
DBAASPS_6299,0.1191505640745163
DBAASPS_6302,0.031285278499126434
DBAASPS_6303,0.1497938632965088
DBAASPS_6305,0.9225549697875977
DBAASPS_6307,0.9460954070091248
DBAASPS_6310,0.9755256175994873
DBAASPS_6311,0.9810815453529358
DBAASPS_6312,0.96932053565979
DBAASPR_6320,0.9786297678947449
DBAASPS_6322,0.13901400566101074
DBAASPS_6323,0.06401731073856354
DBAASPS_6326,0.038605302572250366
DBAASPS_6327,0.03535447642207146
DBAASPS_6328,0.9468841552734375
DBAASPS_6329,0.6459779739379883
DBAASPS_6330,0.5644750595092773
DBAASPS_6331,0.13471661508083344
DBAASPS_6336,0.21228353679180145
DBAASPS_6342,0.9811978936195374
DBAASPS_6343,0.98554527759552
DBAASPS_6345,0.9894202351570129
DBAASPS_6349,0.9867645502090454
DBAASPS_6353,0.9898402094841003
DBAASPS_6356,0.9902766346931458
DBAASPS_6370,0.06702452152967453
DBAASPS_6372,0.41043442487716675
DBAASPS_6375,0.04717289283871651
DBAASPS_6376,0.22589203715324402
DBAASPS_6377,0.04589444771409035
DBAASPS_6378,0.11835162341594696
DBAASPS_6379,0.01894286461174488
DBAASPS_6380,0.02190149389207363
DBAASPR_6384,0.9820477962493896
DBAASPR_6385,0.9840722680091858
DBAASPS_6386,0.06361556053161621
DBAASPS_6387,0.017809124663472176
DBAASPS_6388,0.020986229181289673
DBAASPS_6389,0.9669741988182068
DBAASPS_6390,0.5061401128768921
DBAASPS_6392,0.807766318321228
DBAASPS_6394,0.6688148379325867
DBAASPS_6395,0.9855128526687622
DBAASPS_6396,0.8330374360084534
DBAASPS_6398,0.1667676419019699
DBAASPS_6399,0.7179346680641174
DBAASPS_6401,0.3047944903373718
DBAASPS_6402,0.5829998254776001
DBAASPS_6403,0.9809048771858215
DBAASPS_6410,0.32528817653656006
DBAASPS_6411,0.16492891311645508
DBAASPS_6412,0.23468013107776642
DBAASPS_6414,0.41365882754325867
DBAASPS_6417,0.17130263149738312
DBAASPS_6418,0.7082850337028503
DBAASPS_6419,0.6500162482261658
DBAASPS_6420,0.04798368364572525
DBAASPS_6421,0.15016980469226837
DBAASPS_6422,0.03375378996133804
DBAASPS_6423,0.12056726217269897
DBAASPS_6428,0.9534048438072205
DBAASPS_6430,0.5144755840301514
DBAASPS_6435,0.7543963193893433
DBAASPS_6436,0.15718258917331696
DBAASPS_6437,0.017842095345258713
DBAASPS_6438,0.08253438770771027
DBAASPS_6439,0.01573614962399006
DBAASPS_6440,0.05626286566257477
DBAASPS_6441,0.3690742254257202
DBAASPS_6443,0.03457764536142349
DBAASPS_6444,0.07921426743268967
DBAASPS_6445,0.8487126231193542
DBAASPS_6446,0.6913875341415405
DBAASPS_6447,0.9012150764465332
DBAASPS_6448,0.8055309057235718
DBAASPS_6449,0.9723332524299622
DBAASPS_6456,0.9854798316955566
DBAASPS_6457,0.9409778118133545
DBAASPS_6458,0.9846451282501221
DBAASPS_6459,0.830086886882782
DBAASPR_6462,0.9589799046516418
DBAASPR_6463,0.8468019962310791
DBAASPR_6464,0.06407096236944199
DBAASPS_6475,0.023634497076272964
DBAASPS_6491,0.9871334433555603
DBAASPS_6498,0.9893065094947815
DBAASPS_6499,0.9902190566062927
DBAASPS_6501,0.9809054732322693
DBAASPS_6503,0.9902902245521545
DBAASPS_6505,0.9905074834823608
DBAASPS_6510,0.09049047529697418
DBAASPS_6512,0.09107118844985962
DBAASPS_6521,0.9855307936668396
DBAASPS_6525,0.989657998085022
DBAASPS_6526,0.9889827966690063
DBAASPS_6527,0.9892842769622803
DBAASPS_6528,0.988775372505188
DBAASPS_6529,0.9882621169090271
DBAASPS_6542,0.8226293921470642
DBAASPS_6544,0.050723280757665634
DBAASPS_6545,0.04580773785710335
DBAASPS_6549,0.018401553854346275
DBAASPS_6550,0.039076194167137146
DBAASPS_6551,0.021674875169992447
DBAASPS_6559,0.04965432733297348
DBAASPS_6561,0.2517193555831909
DBAASPS_6563,0.04470851644873619
DBAASPS_6565,0.056585799902677536
DBAASPS_6567,0.341240793466568
DBAASPS_6574,0.0484277606010437
DBAASPS_6576,0.146719828248024
DBAASPN_6578,0.09340040385723114
DBAASPN_6580,0.10714784264564514
DBAASPS_6581,0.940498411655426
DBAASPS_6586,0.9803414344787598
DBAASPS_6588,0.10165905952453613
DBAASPS_6589,0.9627799987792969
DBAASPS_6590,0.13116002082824707
DBAASPR_6609,0.04817986488342285
DBAASPS_6625,0.01471791323274374
DBAASPS_6649,0.9903692603111267
DBAASPS_6650,0.9898605346679688
DBAASPS_6651,0.990268349647522
DBAASPS_6652,0.990180253982544
DBAASPS_6657,0.037949465215206146
DBAASPS_6662,0.019867748022079468
DBAASPS_6669,0.9677936434745789
DBAASPS_6670,0.024349020794034004
DBAASPS_6671,0.7365978956222534
DBAASPS_6672,0.9501175880432129
DBAASPS_6673,0.7033402919769287
DBAASPS_6676,0.8422293066978455
DBAASPS_6686,0.9314073920249939
DBAASPS_6687,0.7712792158126831
DBAASPS_6688,0.608106791973114
DBAASPS_6689,0.3616277873516083
DBAASPS_6690,0.5127169489860535
DBAASPS_6695,0.9842868447303772
DBAASPS_6696,0.9858349561691284
DBAASPS_6697,0.9847919344902039
DBAASPS_6698,0.9767724871635437
DBAASPS_6699,0.9815389513969421
DBAASPS_6700,0.96746826171875
DBAASPS_6707,0.9794795513153076
DBAASPS_6708,0.9794775247573853
DBAASPS_6710,0.9716987609863281
DBAASPS_6714,0.7766578197479248
DBAASPS_6715,0.9893509745597839
DBAASPS_6718,0.04277907311916351
DBAASPS_6720,0.010920683853328228
DBAASPS_6722,0.011792208068072796
DBAASPS_6723,0.04141315445303917
DBAASPS_6724,0.01700076274573803
DBAASPS_6725,0.4804040193557739
DBAASPS_6726,0.8551293611526489
DBAASPS_6727,0.3426775336265564
DBAASPS_6728,0.29766154289245605
DBAASPS_6729,0.8887935280799866
DBAASPS_6730,0.10756497830152512
DBAASPS_6745,0.09173667430877686
DBAASPS_6748,0.986913800239563
DBAASPS_6750,0.9800185561180115
DBAASPS_6752,0.988845705986023
DBAASPS_6753,0.9794186353683472
DBAASPS_6754,0.13710850477218628
DBAASPS_6756,0.17698140442371368
DBAASPS_6757,0.40506890416145325
DBAASPS_6759,0.1793198436498642
DBAASPS_6762,0.9845253825187683
DBAASPS_6763,0.9842322468757629
DBAASPS_6765,0.9899253249168396
DBAASPR_6766,0.8732865452766418
DBAASPS_6768,0.9895550012588501
DBAASPS_6769,0.9896759986877441
DBAASPS_6770,0.9783294200897217
DBAASPS_6771,0.9868988394737244
DBAASPS_6772,0.9718377590179443
DBAASPS_6773,0.11950236558914185
DBAASPS_6775,0.988779604434967
DBAASPS_6776,0.7551069855690002
DBAASPS_6778,0.9904182553291321
DBAASPS_6779,0.9860460162162781
DBAASPN_6780,0.11222925782203674
DBAASPN_6781,0.1087741106748581
DBAASPN_6783,0.1851147711277008
DBAASPS_6784,0.986455500125885
DBAASPS_6787,0.9847384095191956
DBAASPS_6788,0.9585540294647217
DBAASPS_6789,0.9641186594963074
DBAASPS_6790,0.8340597152709961
DBAASPS_6791,0.07650380581617355
DBAASPS_6802,0.9821030497550964
DBAASPS_6803,0.9584721326828003
DBAASPS_6818,0.9899465441703796
DBAASPS_6819,0.9894652962684631
DBAASPS_6820,0.9864619970321655
DBAASPS_6823,0.9866903424263
DBAASPS_6824,0.9894540309906006
DBAASPR_6836,0.7521324157714844
DBAASPS_6843,0.5479873418807983
DBAASPS_6846,0.9849485754966736
DBAASPS_6847,0.9886188507080078
DBAASPS_6848,0.9824020266532898
DBAASPS_6849,0.9886144399642944
DBAASPS_6850,0.988620400428772
DBAASPS_6853,0.9325782060623169
DBAASPS_6854,0.3789040148258209
DBAASPS_6857,0.9895449280738831
DBAASPS_6858,0.985867977142334
DBAASPS_6859,0.9727433919906616
DBAASPS_6860,0.9704542756080627
DBAASPS_6861,0.9864032864570618
DBAASPS_6862,0.9879723191261292
DBAASPS_6863,0.9407107830047607
DBAASPS_6864,0.9698034524917603
DBAASPS_6865,0.8435301780700684
DBAASPS_6870,0.9537825584411621
DBAASPS_6871,0.38611122965812683
DBAASPS_6872,0.8653995990753174
DBAASPS_6874,0.979672372341156
DBAASPS_6875,0.9531524777412415
DBAASPS_6876,0.9700965881347656
DBAASPS_6877,0.9594247341156006
DBAASPS_6878,0.8022696375846863
DBAASPS_6879,0.09193219989538193
DBAASPS_6880,0.763874888420105
DBAASPS_6882,0.8128052949905396
DBAASPS_6883,0.8623607158660889
DBAASPS_6885,0.8712551593780518
DBAASPS_6888,0.8281653523445129
DBAASPS_6890,0.9109544157981873
DBAASPS_6891,0.9627702832221985
DBAASPS_6892,0.9191341400146484
DBAASPS_6893,0.952235758304596
DBAASPS_6894,0.8138946294784546
DBAASPS_6895,0.990341067314148
DBAASPS_6896,0.6755832433700562
DBAASPS_6897,0.9905242323875427
DBAASPS_6898,0.9863314628601074
DBAASPS_6899,0.9630985856056213
DBAASPS_6900,0.9835430383682251
DBAASPS_6901,0.9699827432632446
DBAASPS_6902,0.9813358783721924
DBAASPS_6903,0.9796764850616455
DBAASPS_6904,0.9846832156181335
DBAASPS_6905,0.9895817041397095
DBAASPS_6906,0.9893288016319275
DBAASPS_6907,0.9895206689834595
DBAASPS_6908,0.9897589087486267
DBAASPS_6909,0.9887745976448059
DBAASPS_6910,0.9884272217750549
DBAASPS_6913,0.6813138127326965
DBAASPN_6917,0.03587186336517334
DBAASPS_6919,0.4648149907588959
DBAASPS_6920,0.7622764706611633
DBAASPS_6923,0.9444298148155212
DBAASPS_6924,0.9760311841964722
DBAASPS_6925,0.9826812744140625
DBAASPS_6926,0.9881371259689331
DBAASPS_6927,0.985122561454773
DBAASPS_6929,0.9871065020561218
DBAASPS_6931,0.9897875189781189
DBAASPS_6932,0.9902599453926086
DBAASPS_6933,0.9444602131843567
DBAASPS_6934,0.8825176358222961
DBAASPS_6935,0.9342696070671082
DBAASPS_6936,0.9459152221679688
DBAASPS_6937,0.9749380350112915
DBAASPS_6938,0.99049311876297
DBAASPS_6942,0.9889405369758606
DBAASPS_6943,0.9891437888145447
DBAASPS_6944,0.9892755746841431
DBAASPS_6945,0.9883211851119995
DBAASPS_6947,0.9879875183105469
DBAASPS_6948,0.9887217283248901
DBAASPS_6949,0.9875583648681641
DBAASPS_6950,0.9894086122512817
DBAASPS_6951,0.9890313148498535
DBAASPS_6952,0.9890084862709045
DBAASPS_6953,0.9889950156211853
DBAASPS_6954,0.9879193305969238
DBAASPS_6955,0.9864853024482727
DBAASPS_6956,0.9868373870849609
DBAASPS_6957,0.9897204041481018
DBAASPS_6958,0.9889844059944153
DBAASPS_6959,0.9893420338630676
DBAASPS_6960,0.9894793033599854
DBAASPS_6961,0.989661455154419
DBAASPS_6962,0.989491879940033
DBAASPS_6963,0.9869999289512634
DBAASPS_6964,0.9774672985076904
DBAASPS_6965,0.9898216128349304
DBAASPS_6966,0.990172803401947
DBAASPS_6967,0.9897454977035522
DBAASPS_6968,0.9897376894950867
DBAASPS_6969,0.9893903732299805
DBAASPS_6970,0.9657028317451477
DBAASPS_6971,0.990172803401947
DBAASPS_6972,0.9858809113502502
DBAASPS_6973,0.02656710147857666
DBAASPS_6974,0.9771100878715515
DBAASPS_6975,0.980083167552948
DBAASPS_6976,0.9862402677536011
DBAASPS_6977,0.9871147871017456
DBAASPS_6978,0.9897226095199585
DBAASPS_6979,0.9900180101394653
DBAASPS_6980,0.990063488483429
DBAASPS_6981,0.9885671138763428
DBAASPS_6982,0.9857403039932251
DBAASPS_6983,0.9832431077957153
DBAASPS_6984,0.9880872368812561
DBAASPS_6991,0.9896259307861328
DBAASPS_6992,0.9869710803031921
DBAASPS_6993,0.9902775287628174
DBAASPS_7001,0.990153431892395
DBAASPR_7005,0.4764077067375183
DBAASPS_7015,0.026270734146237373
DBAASPS_7019,0.985230028629303
DBAASPS_7020,0.9733927249908447
DBAASPS_7021,0.7423707246780396
DBAASPS_7022,0.9754359126091003
DBAASPS_7024,0.9891328811645508
DBAASPS_7025,0.9885691404342651
DBAASPS_7026,0.9881873726844788
DBAASPS_7027,0.029719717800617218
DBAASPS_7028,0.9908857345581055
DBAASPS_7031,0.2416870892047882
DBAASPS_7032,0.1339004635810852
DBAASPS_7033,0.697941243648529
DBAASPS_7034,0.15156807005405426
DBAASPS_7036,0.8936653733253479
DBAASPS_7037,0.3540535271167755
DBAASPS_7042,0.9903609752655029
DBAASPS_7043,0.9899134635925293
DBAASPS_7044,0.9307076334953308
DBAASPS_7045,0.5079337954521179
DBAASPS_7048,0.9900622963905334
DBAASPS_7053,0.9798478484153748
DBAASPS_7054,0.980675995349884
DBAASPS_7055,0.9845758080482483
DBAASPS_7057,0.9903477430343628
DBAASPS_7059,0.9861650466918945
DBAASPS_7060,0.9865414500236511
DBAASPS_7062,0.9879132509231567
DBAASPS_7065,0.9635939002037048
DBAASPS_7067,0.9724807739257812
DBAASPS_7075,0.859329342842102
DBAASPS_7087,0.7475619316101074
DBAASPS_7092,0.9824347496032715
DBAASPS_7093,0.9850082993507385
DBAASPS_7094,0.9879615306854248
DBAASPS_7095,0.22415250539779663
DBAASPS_7102,0.9824708700180054
DBAASPS_7103,0.9169596433639526
DBAASPS_7104,0.8441001176834106
DBAASPS_7105,0.9908665418624878
DBAASPS_7109,0.525499165058136
DBAASPS_7110,0.9888222813606262
DBAASPS_7111,0.8040459752082825
DBAASPS_7113,0.8487182855606079
DBAASPS_7121,0.9798225164413452
DBAASPS_7122,0.9831194281578064
DBAASPS_7123,0.9856584668159485
DBAASPS_7124,0.9860398769378662
DBAASPS_7141,0.04855969548225403
DBAASPS_7142,0.0740586668252945
DBAASPS_7144,0.9882199764251709
DBAASPS_7146,0.9841611981391907
DBAASPS_7147,0.9567171335220337
DBAASPS_7148,0.9883273243904114
DBAASPS_7149,0.9889939427375793
DBAASPS_7150,0.9731408357620239
DBAASPS_7153,0.9902758002281189
DBAASPS_7155,0.9905177354812622
DBAASPS_7156,0.9906415939331055
DBAASPN_7157,0.019219929352402687
DBAASPN_7159,0.01918891631066799
DBAASPN_7160,0.014925708994269371
DBAASPN_7161,0.027069855481386185
DBAASPN_7162,0.03648125007748604
DBAASPS_7163,0.9766553640365601
DBAASPS_7164,0.9852082133293152
DBAASPS_7166,0.9872341752052307
DBAASPS_7173,0.7554073333740234
DBAASPS_7180,0.32858237624168396
DBAASPS_7182,0.13354487717151642
DBAASPS_7208,0.783108651638031
DBAASPS_7209,0.02829665131866932
DBAASPS_7210,0.9741358757019043
DBAASPS_7218,0.9900665879249573
DBAASPS_7219,0.9902056455612183
DBAASPS_7222,0.9898279309272766
DBAASPS_7227,0.9904195666313171
DBAASPS_7229,0.02730179950594902
DBAASPS_7230,0.0149917621165514
DBAASPS_7234,0.17768387496471405
DBAASPS_7235,0.8645471334457397
DBAASPS_7236,0.983229398727417
DBAASPS_7239,0.98778235912323
DBAASPS_7242,0.9854689836502075
DBAASPS_7244,0.9899816513061523
DBAASPS_7245,0.99019455909729
DBAASPS_7246,0.99012690782547
DBAASPS_7250,0.9903363585472107
DBAASPS_7259,0.9893458485603333
DBAASPS_7263,0.9891241788864136
DBAASPS_7266,0.9899168610572815
DBAASPS_7268,0.9898834824562073
DBAASPS_7271,0.9900313019752502
DBAASPS_7272,0.9890780448913574
DBAASPS_7276,0.9883295893669128
DBAASPS_7279,0.9891645312309265
DBAASPS_7285,0.9889338612556458
DBAASPS_7288,0.9834550023078918
DBAASPS_7289,0.9399727582931519
DBAASPS_7290,0.9626838564872742
DBAASPS_7291,0.9682430028915405
DBAASPS_7306,0.7448028922080994
DBAASPS_7309,0.5089921355247498
DBAASPS_7311,0.20221765339374542
DBAASPS_7312,0.288188636302948
DBAASPS_7313,0.526955783367157
DBAASPS_7314,0.5401690602302551
DBAASPS_7315,0.5598892569541931
DBAASPS_7316,0.9726959466934204
DBAASPS_7317,0.14634913206100464
DBAASPS_7318,0.19571323692798615
DBAASPS_7321,0.40678057074546814
DBAASPS_7323,0.13640634715557098
DBAASPS_7327,0.9606796503067017
DBAASPS_7328,0.9643101096153259
DBAASPS_7330,0.18071722984313965
DBAASPS_7331,0.12169986963272095
DBAASPS_7332,0.07110775262117386
DBAASPS_7333,0.08189423382282257
DBAASPS_7334,0.11415580660104752
DBAASPS_7335,0.0840073823928833
DBAASPS_7336,0.18107882142066956
DBAASPS_7337,0.15391291677951813
DBAASPS_7338,0.050395458936691284
DBAASPS_7339,0.11717292666435242
DBAASPS_7357,0.9677925705909729
DBAASPS_7359,0.7932489514350891
DBAASPS_7361,0.7434340119361877
DBAASPS_7363,0.43321266770362854
DBAASPS_7367,0.8771829605102539
DBAASPS_7368,0.40828365087509155
DBAASPS_7369,0.07028908282518387
DBAASPS_7370,0.12241552025079727
DBAASPS_7371,0.05826207995414734
DBAASPS_7372,0.21520356833934784
DBAASPS_7373,0.810141921043396
DBAASPS_7374,0.29228857159614563
DBAASPS_7375,0.29146701097488403
DBAASPS_7378,0.7844842672348022
DBAASPS_7379,0.04870518669486046
DBAASPS_7380,0.02500143088400364
DBAASPS_7393,0.9848604202270508
DBAASPS_7394,0.9676750302314758
DBAASPS_7395,0.975577175617218
DBAASPS_7396,0.23711274564266205
DBAASPS_7398,0.535827100276947
DBAASPS_7399,0.1729089915752411
DBAASPS_7400,0.03257155045866966
DBAASPS_7401,0.2753922939300537
DBAASPS_7402,0.05913457274436951
DBAASPS_7403,0.021526729688048363
DBAASPS_7404,0.9656473398208618
DBAASPS_7405,0.5325243473052979
DBAASPS_7406,0.938109278678894
DBAASPS_7407,0.8110105991363525
DBAASPS_7408,0.9769436717033386
DBAASPS_7409,0.018797485157847404
DBAASPS_7428,0.9545286893844604
DBAASPS_7429,0.9901197552680969
DBAASPS_7430,0.9890220761299133
DBAASPS_7431,0.9901801347732544
DBAASPS_7433,0.9849326610565186
DBAASPS_7434,0.9801304340362549
DBAASPS_7435,0.9764032363891602
DBAASPS_7436,0.9642683267593384
DBAASPS_7437,0.9863353967666626
DBAASPS_7446,0.9765105247497559
DBAASPS_7452,0.011667280457913876
DBAASPS_7462,0.9850753545761108
DBAASPS_7463,0.9767071008682251
DBAASPS_7464,0.9698426127433777
DBAASPS_7465,0.06496496498584747
DBAASPS_7466,0.035659387707710266
DBAASPS_7469,0.9908089637756348
DBAASPS_7470,0.9905981421470642
DBAASPS_7471,0.9871126413345337
DBAASPS_7472,0.9908313155174255
DBAASPS_7473,0.990674614906311
DBAASPS_7474,0.9899500012397766
DBAASPS_7485,0.981048047542572
DBAASPR_7486,0.9849929213523865
DBAASPS_7490,0.9821580648422241
DBAASPS_7495,0.980797529220581
DBAASPS_7496,0.9729359149932861
DBAASPS_7497,0.967371940612793
DBAASPS_7498,0.9418671131134033
DBAASPS_7499,0.9275768995285034
DBAASPS_7500,0.9776377081871033
DBAASPS_7501,0.9610737562179565
DBAASPS_7502,0.9653390049934387
DBAASPS_7503,0.21044877171516418
DBAASPS_7504,0.9865816831588745
DBAASPS_7505,0.21286767721176147
DBAASPS_7506,0.9793089628219604
DBAASPS_7507,0.5835281610488892
DBAASPS_7510,0.19713976979255676
DBAASPS_7511,0.13465656340122223
DBAASPS_7512,0.33356142044067383
DBAASPS_7513,0.17824786901474
DBAASPS_7514,0.18875665962696075
DBAASPS_7515,0.04632988199591637
DBAASPS_7516,0.0898667722940445
DBAASPS_7517,0.11362754553556442
DBAASPS_7518,0.23656411468982697
DBAASPS_7519,0.23613284528255463
DBAASPS_7520,0.161255344748497
DBAASPS_7521,0.13440458476543427
DBAASPS_7522,0.24539701640605927
DBAASPS_7523,0.15128082036972046
DBAASPS_7524,0.14465731382369995
DBAASPS_7526,0.13769055902957916
DBAASPS_7527,0.02103996090590954
DBAASPS_7530,0.02824423648416996
DBAASPS_7532,0.1260746419429779
DBAASPS_7534,0.4522068500518799
DBAASPS_7535,0.5411022305488586
DBAASPS_7537,0.25916025042533875
DBAASPS_7538,0.04141773283481598
DBAASPS_7539,0.1060936376452446
DBAASPS_7540,0.07976677268743515
DBAASPS_7541,0.160146102309227
DBAASPS_7560,0.9904862642288208
DBAASPS_7561,0.9905797839164734
DBAASPS_7562,0.9906460642814636
DBAASPS_7563,0.9903664588928223
DBAASPS_7564,0.990267276763916
DBAASPS_7565,0.9706689715385437
DBAASPS_7566,0.9886476993560791
DBAASPS_7567,0.9853724241256714
DBAASPS_7568,0.9649749398231506
DBAASPS_7569,0.9757788777351379
DBAASPS_7570,0.8951360583305359
DBAASPS_7571,0.9538493156433105
DBAASPS_7572,0.8347605466842651
DBAASPS_7573,0.9669586420059204
DBAASPS_7574,0.7444420456886292
DBAASPS_7575,0.8620223999023438
DBAASPS_7576,0.32840025424957275
DBAASPS_7577,0.8794839382171631
DBAASPS_7578,0.973696768283844
DBAASPS_7579,0.2789519429206848
DBAASPS_7588,0.9904414415359497
DBAASPS_7589,0.9899691939353943
DBAASPS_7595,0.3008366823196411
DBAASPS_7598,0.9593088626861572
DBAASPS_7604,0.9363280534744263
DBAASPS_7610,0.9770122766494751
DBAASPS_7613,0.97881019115448
DBAASPS_7628,0.9626087546348572
DBAASPS_7629,0.984950602054596
DBAASPS_7630,0.986327052116394
DBAASPS_7632,0.9900583028793335
DBAASPS_7633,0.9904783368110657
DBAASPS_7634,0.9905204772949219
DBAASPS_7635,0.2859058082103729
DBAASPS_7636,0.3682001233100891
DBAASPS_7637,0.19942431151866913
DBAASPS_7638,0.9870829582214355
DBAASPS_7649,0.8587703108787537
DBAASPS_7650,0.9857502579689026
DBAASPS_7657,0.20157164335250854
DBAASPR_7658,0.6456946730613708
DBAASPS_7661,0.9760636687278748
DBAASPS_7662,0.965813398361206
DBAASPS_7666,0.39884817600250244
DBAASPS_7667,0.9182875156402588
DBAASPS_7668,0.24205578863620758
DBAASPS_7669,0.3763118088245392
DBAASPS_7672,0.9890458583831787
DBAASPS_7675,0.2857893407344818
DBAASPS_7676,0.3409639894962311
DBAASPS_7677,0.34064850211143494
DBAASPS_7678,0.6774978041648865
DBAASPS_7679,0.7012462615966797
DBAASPS_7680,0.6382221579551697
DBAASPS_7681,0.8651972413063049
DBAASPS_7682,0.7691372036933899
DBAASPS_7683,0.5699178576469421
DBAASPS_7684,0.6434615850448608
DBAASPS_7685,0.8349587321281433
DBAASPS_7686,0.8594551086425781
DBAASPS_7694,0.9418758153915405
DBAASPS_7698,0.642473578453064
DBAASPS_7703,0.8319441676139832
DBAASPS_7704,0.4707614779472351
DBAASPS_7706,0.5968824625015259
DBAASPS_7715,0.40199413895606995
DBAASPS_7716,0.9572362303733826
DBAASPS_7717,0.22855772078037262
DBAASPS_7718,0.7892186641693115
DBAASPS_7719,0.8898584246635437
DBAASPS_7720,0.6306963562965393
DBAASPS_7721,0.16361631453037262
DBAASPS_7722,0.8401334881782532
DBAASPS_7724,0.023485157638788223
DBAASPS_7725,0.8929889798164368
DBAASPS_7726,0.2558090090751648
DBAASPS_7727,0.06493977457284927
DBAASPS_7728,0.6627720594406128
DBAASPS_7729,0.985418975353241
DBAASPR_7730,0.986839234828949
DBAASPS_7732,0.8608863353729248
DBAASPR_7734,0.9881919026374817
DBAASPR_7735,0.9763960242271423
DBAASPR_7736,0.952930748462677
DBAASPR_7737,0.9023447036743164
DBAASPS_7741,0.36857500672340393
DBAASPS_7742,0.5792088508605957
DBAASPS_7744,0.4532081186771393
DBAASPS_7745,0.7521156072616577
DBAASPS_7746,0.6675923466682434
DBAASPS_7747,0.8503605723381042
DBAASPS_7762,0.9539145231246948
DBAASPS_7769,0.9822291731834412
DBAASPS_7771,0.021968288347125053
DBAASPS_7772,0.04327695816755295
DBAASPS_7773,0.045913562178611755
DBAASPS_7774,0.03664577379822731
DBAASPS_7777,0.19053278863430023
DBAASPS_7778,0.06383218616247177
DBAASPS_7780,0.03643649443984032
DBAASPS_7782,0.030632004141807556
DBAASPS_7784,0.02686559036374092
DBAASPS_7786,0.07505723834037781
DBAASPS_7788,0.02256728708744049
DBAASPS_7789,0.03640332445502281
DBAASPS_7792,0.028904110193252563
DBAASPS_7793,0.023602833971381187
DBAASPS_7795,0.019101334735751152
DBAASPS_7798,0.059923648834228516
DBAASPS_7801,0.10861562937498093
DBAASPS_7802,0.022251000627875328
DBAASPS_7803,0.04831307753920555
DBAASPS_7804,0.1059931293129921
DBAASPS_7805,0.06473752856254578
DBAASPS_7806,0.027138488367199898
DBAASPS_7807,0.039088163524866104
DBAASPS_7808,0.05000179260969162
DBAASPS_7809,0.04245397821068764
DBAASPS_7810,0.06458102911710739
DBAASPS_7812,0.7205966711044312
DBAASPS_7813,0.03711685538291931
DBAASPS_7822,0.05074208602309227
DBAASPS_7833,0.3961154818534851
DBAASPS_7854,0.9886440634727478
DBAASPN_7855,0.08703845739364624
DBAASPS_7863,0.9878163933753967
DBAASPS_7918,0.9898229837417603
DBAASPS_7919,0.9839885830879211
DBAASPS_7920,0.9909433722496033
DBAASPS_7921,0.9909154176712036
DBAASPS_7922,0.9908446073532104
DBAASPS_7923,0.9908403158187866
DBAASPS_7924,0.9908912181854248
DBAASPS_7926,0.990854024887085
DBAASPS_7928,0.990814208984375
DBAASPS_7929,0.9906039237976074
DBAASPS_7930,0.9906352758407593
DBAASPS_7931,0.9906228184700012
DBAASPS_7932,0.9909090399742126
DBAASPS_7933,0.9910075664520264
DBAASPS_7934,0.9910022616386414
DBAASPS_7935,0.9909824132919312
DBAASPS_7936,0.04291844367980957
DBAASPS_7937,0.13686318695545197
DBAASPS_7939,0.9897628426551819
DBAASPS_7940,0.9880494475364685
DBAASPS_7941,0.9878565073013306
DBAASPS_7942,0.9874876737594604
DBAASPS_7943,0.9884167909622192
DBAASPS_7945,0.9904525279998779
DBAASPS_7947,0.988990068435669
DBAASPS_7949,0.9904508590698242
DBAASPS_7950,0.9898765087127686
DBAASPS_7951,0.9898161292076111
DBAASPS_7952,0.9871413111686707
DBAASPS_7955,0.9903928637504578
DBAASPS_7958,0.9901080131530762
DBAASPS_7959,0.9890878200531006
DBAASPS_7960,0.9890034794807434
DBAASPS_7963,0.9878968000411987
DBAASPS_7964,0.9889542460441589
DBAASPS_7965,0.7112454175949097
DBAASPR_7995,0.16431240737438202
DBAASPS_7996,0.02613176219165325
DBAASPR_7999,0.09099040180444717
DBAASPN_8005,0.03333212807774544
DBAASPN_8008,0.1260746568441391
DBAASPN_8010,0.1663062423467636
DBAASPN_8012,0.14651043713092804
DBAASPN_8013,0.03111671283841133
DBAASPN_8014,0.042877256870269775
DBAASPN_8015,0.022985652089118958
DBAASPS_8016,0.520199179649353
DBAASPN_8023,0.03423839807510376
DBAASPR_8029,0.988760769367218
DBAASPR_8030,0.982566773891449
DBAASPR_8031,0.982671856880188
DBAASPR_8032,0.03622719645500183
DBAASPR_8033,0.9901554584503174
DBAASPR_8034,0.9899207353591919
DBAASPR_8038,0.9681369662284851
DBAASPR_8042,0.9335712790489197
DBAASPR_8046,0.8524512052536011
DBAASPS_8051,0.07824849337339401
DBAASPS_8054,0.10136277973651886
DBAASPS_8056,0.23441675305366516
DBAASPR_8062,0.22619351744651794
DBAASPR_8063,0.9786871671676636
DBAASPS_8067,0.3914617598056793
DBAASPS_8068,0.8997170925140381
DBAASPS_8069,0.8244995474815369
DBAASPS_8071,0.7638381123542786
DBAASPR_8072,0.9777605533599854
DBAASPS_8082,0.08004671335220337
DBAASPS_8084,0.8029875755310059
DBAASPS_8089,0.9335048794746399
DBAASPS_8090,0.9395935535430908
DBAASPS_8091,0.9549419283866882
DBAASPS_8096,0.955558717250824
DBAASPS_8097,0.9311237931251526
DBAASPS_8098,0.8080191612243652
DBAASPS_8099,0.9850096702575684
DBAASPS_8100,0.8612321019172668
DBAASPS_8101,0.969826340675354
DBAASPS_8102,0.9801024198532104
DBAASPS_8103,0.9634444117546082
DBAASPS_8112,0.012156104668974876
DBAASPS_8113,0.013292135670781136
DBAASPS_8114,0.9767714738845825
DBAASPS_8118,0.9835656881332397
DBAASPS_8120,0.979296863079071
DBAASPS_8121,0.976885974407196
DBAASPS_8122,0.8560346961021423
DBAASPS_8126,0.9772095084190369
DBAASPS_8127,0.9547553062438965
DBAASPR_8129,0.9736437201499939
DBAASPS_8131,0.9331826567649841
DBAASPS_8132,0.7096835970878601
DBAASPS_8133,0.4653512239456177
DBAASPS_8134,0.7605164647102356
DBAASPS_8139,0.9891372323036194
DBAASPS_8140,0.9887308478355408
DBAASPS_8141,0.9898508191108704
DBAASPS_8142,0.9877846240997314
DBAASPS_8143,0.9868214726448059
DBAASPS_8144,0.9818925857543945
DBAASPS_8145,0.9828736186027527
DBAASPS_8146,0.9806772470474243
DBAASPS_8147,0.9831563234329224
DBAASPS_8148,0.9871706962585449
DBAASPS_8149,0.9885362386703491
DBAASPR_8155,0.4131695628166199
DBAASPR_8156,0.20156864821910858
DBAASPS_8160,0.9901224374771118
DBAASPS_8164,0.29765284061431885
DBAASPS_8165,0.6282808184623718
DBAASPS_8167,0.507279098033905
DBAASPS_8168,0.723207950592041
DBAASPS_8169,0.04231482371687889
DBAASPS_8172,0.027646994218230247
DBAASPR_8183,0.9780442714691162
DBAASPR_8184,0.9896329641342163
DBAASPR_8185,0.9892679452896118
DBAASPR_8186,0.9893924593925476
DBAASPR_8187,0.9883114695549011
DBAASPR_8188,0.9891216158866882
DBAASPR_8189,0.987913966178894
DBAASPR_8190,0.05284610390663147
DBAASPR_8194,0.827238142490387
DBAASPR_8196,0.3272395431995392
DBAASPR_8198,0.5423327088356018
DBAASPR_8201,0.666480302810669
DBAASPS_8202,0.07183050364255905
DBAASPR_8205,0.9598715305328369
DBAASPS_8213,0.9816619157791138
DBAASPS_8214,0.9889477491378784
DBAASPS_8215,0.9893889427185059
DBAASPS_8216,0.9894531965255737
DBAASPS_8217,0.9907032251358032
DBAASPS_8218,0.9834189414978027
DBAASPS_8219,0.9895119667053223
DBAASPS_8220,0.9691032767295837
DBAASPS_8225,0.01658186875283718
DBAASPS_8226,0.011849959380924702
DBAASPS_8242,0.9843501448631287
DBAASPS_8248,0.9863166213035583
DBAASPS_8252,0.9842053055763245
DBAASPS_8253,0.9847140312194824
DBAASPS_8259,0.9878150820732117
DBAASPS_8267,0.10043267905712128
DBAASPS_8269,0.9874395728111267
DBAASPS_8273,0.9904007315635681
DBAASPR_8275,0.08835940808057785
DBAASPS_8279,0.09026440978050232
DBAASPS_8280,0.0349278561770916
DBAASPS_8281,0.03812796249985695
DBAASPS_8283,0.985691487789154
DBAASPR_8289,0.9714311361312866
DBAASPR_8296,0.9425536394119263
DBAASPR_8297,0.9822116494178772
DBAASPS_8299,0.9726474285125732
DBAASPS_8303,0.9037184119224548
DBAASPS_8305,0.25921279191970825
DBAASPS_8331,0.9307812452316284
DBAASPR_8341,0.7184464335441589
DBAASPR_8342,0.7411705255508423
DBAASPS_8343,0.6218528747558594
DBAASPS_8344,0.9779431819915771
DBAASPS_8350,0.036877427250146866
DBAASPR_8351,0.03265082836151123
DBAASPS_8352,0.9784911870956421
DBAASPS_8357,0.14847101271152496
DBAASPS_8358,0.6371861696243286
DBAASPS_8359,0.34663230180740356
DBAASPS_8360,0.14616398513317108
DBAASPS_8361,0.13285362720489502
DBAASPS_8362,0.28698575496673584
DBAASPS_8363,0.23886696994304657
DBAASPS_8364,0.09260447323322296
DBAASPS_8365,0.06378767639398575
DBAASPS_8366,0.12126968801021576
DBAASPS_8367,0.06199755147099495
DBAASPS_8368,0.08030686527490616
DBAASPS_8369,0.055236686021089554
DBAASPR_8373,0.990271806716919
DBAASPR_8374,0.9899445176124573
DBAASPS_8377,0.35514676570892334
DBAASPS_8378,0.026129456236958504
DBAASPS_8379,0.19801534712314606
DBAASPS_8380,0.36907830834388733
DBAASPS_8381,0.5384925603866577
DBAASPS_8382,0.018875842913985252
DBAASPS_8387,0.9902459979057312
DBAASPR_8416,0.47853678464889526
DBAASPS_8418,0.6074017286300659
DBAASPS_8419,0.9686434864997864
DBAASPS_8420,0.38684162497520447
DBAASPS_8422,0.9886173605918884
DBAASPS_8423,0.9831201434135437
DBAASPS_8424,0.9878597855567932
DBAASPR_8427,0.9884547591209412
DBAASPR_8428,0.35833391547203064
DBAASPR_8432,0.9250272512435913
DBAASPS_8437,0.9714014530181885
DBAASPS_8438,0.9764790534973145
DBAASPS_8439,0.9828566908836365
DBAASPR_8441,0.653281033039093
DBAASPS_8442,0.13484813272953033
DBAASPS_8443,0.17336322367191315
DBAASPS_8444,0.30435681343078613
DBAASPS_8450,0.3484634459018707
DBAASPS_8472,0.20781216025352478
DBAASPS_8502,0.5858309268951416
DBAASPS_8503,0.6355808973312378
DBAASPS_8504,0.08702336996793747
DBAASPS_8507,0.990336000919342
DBAASPS_8508,0.9895985722541809
DBAASPS_8510,0.9893795847892761
DBAASPS_8512,0.8923148512840271
DBAASPS_8513,0.9483973979949951
DBAASPS_8515,0.9904153943061829
DBAASPS_8518,0.5829784870147705
DBAASPS_8529,0.7021844983100891
DBAASPS_8530,0.2830747663974762
DBAASPS_8532,0.7853373885154724
DBAASPS_8533,0.3508802652359009
DBAASPS_8538,0.5835634469985962
DBAASPS_8539,0.1436767429113388
DBAASPS_8551,0.9694309830665588
DBAASPS_8552,0.9694309830665588
DBAASPS_8555,0.9579916596412659
DBAASPS_8556,0.9579916596412659
DBAASPS_8558,0.9734430909156799
DBAASPS_8559,0.9734430909156799
DBAASPS_8561,0.9704994559288025
DBAASPS_8562,0.9704994559288025
DBAASPS_8564,0.9657555818557739
DBAASPS_8565,0.9657555818557739
DBAASPS_8567,0.977178156375885
DBAASPS_8568,0.977178156375885
DBAASPS_8570,0.19632446765899658
DBAASPS_8571,0.15004868805408478
DBAASPS_8572,0.14438289403915405
DBAASPS_8573,0.22967536747455597
DBAASPS_8574,0.08786794543266296
DBAASPS_8575,0.13670054078102112
DBAASPS_8577,0.09203698486089706
DBAASPS_8578,0.20831140875816345
DBAASPS_8580,0.2029068022966385
DBAASPS_8581,0.05577344074845314
DBAASPS_8582,0.03814683109521866
DBAASPS_8585,0.98843914270401
DBAASPS_8586,0.9904996752738953
DBAASPS_8587,0.9898355603218079
DBAASPS_8588,0.9883026480674744
DBAASPS_8590,0.987496018409729
DBAASPS_8591,0.926350474357605
DBAASPS_8592,0.9903877377510071
DBAASPS_8593,0.9904164671897888
DBAASPS_8594,0.9904280304908752
DBAASPS_8595,0.9908996820449829
DBAASPS_8596,0.9774952530860901
DBAASPS_8597,0.9745311141014099
DBAASPS_8598,0.9800004959106445
DBAASPS_8600,0.9866192936897278
DBAASPS_8603,0.9783045053482056
DBAASPR_8608,0.9791385531425476
DBAASPR_8612,0.1057092696428299
DBAASPR_8613,0.9156962633132935
DBAASPR_8614,0.990315318107605
DBAASPR_8615,0.9854010343551636
DBAASPR_8616,0.9851043820381165
DBAASPR_8617,0.9887075424194336
DBAASPR_8618,0.9826711416244507
DBAASPR_8619,0.9123018980026245
DBAASPS_8620,0.9826695322990417
DBAASPS_8621,0.9210904836654663
DBAASPS_8624,0.9854199290275574
DBAASPS_8625,0.9763908982276917
DBAASPS_8626,0.9759972095489502
DBAASPS_8628,0.9827300310134888
DBAASPS_8635,0.2758687138557434
DBAASPS_8636,0.979680597782135
DBAASPS_8637,0.7643875479698181
DBAASPS_8638,0.45438602566719055
DBAASPS_8639,0.8720342516899109
DBAASPS_8640,0.8528529405593872
DBAASPS_8641,0.9878861904144287
DBAASPS_8642,0.16480399668216705
DBAASPS_8643,0.23658010363578796
DBAASPS_8644,0.088535375893116
DBAASPS_8646,0.9908950328826904
DBAASPS_8647,0.9799679517745972
DBAASPS_8656,0.9676822423934937
DBAASPS_8674,0.7764855027198792
DBAASPS_8683,0.6865151524543762
DBAASPS_8710,0.9880210161209106
DBAASPS_8711,0.9889827966690063
DBAASPS_8712,0.9889803528785706
DBAASPS_8713,0.9882593154907227
DBAASPS_8716,0.19698211550712585
DBAASPS_8719,0.9809731245040894
DBAASPS_8720,0.9754223227500916
DBAASPS_8721,0.7871469855308533
DBAASPS_8722,0.9898415803909302
DBAASPS_8723,0.9882921576499939
DBAASPS_8724,0.04476747289299965
DBAASPS_8725,0.050391461700201035
DBAASPS_8726,0.040035393089056015
DBAASPS_8727,0.0435851588845253
DBAASPS_8728,0.06550870835781097
DBAASPS_8729,0.04192391782999039
DBAASPS_8731,0.9879474639892578
DBAASPS_8738,0.04660782590508461
DBAASPS_8739,0.054126571863889694
DBAASPS_8740,0.07920420914888382
DBAASPS_8741,0.07802201062440872
DBAASPS_8742,0.1088346466422081
DBAASPS_8743,0.057281021028757095
DBAASPS_8744,0.06435051560401917
DBAASPS_8746,0.564178466796875
DBAASPS_8747,0.9743553996086121
DBAASPS_8748,0.7673642039299011
DBAASPS_8749,0.9047711491584778
DBAASPS_8750,0.955112874507904
DBAASPS_8753,0.0835418626666069
DBAASPS_8754,0.2854127287864685
DBAASPS_8755,0.17275483906269073
DBAASPS_8756,0.1556568592786789
DBAASPS_8757,0.1891532987356186
DBAASPS_8758,0.22771643102169037
DBAASPS_8759,0.17682678997516632
DBAASPS_8760,0.3051314353942871
DBAASPS_8762,0.14271457493305206
DBAASPR_8764,0.12827369570732117
DBAASPR_8765,0.2088748961687088
DBAASPS_8768,0.9194436073303223
DBAASPS_8769,0.9725634455680847
DBAASPS_8770,0.9787595868110657
DBAASPS_8771,0.9899757504463196
DBAASPS_8772,0.9902227520942688
DBAASPS_8773,0.9908310770988464
DBAASPS_8774,0.9902971982955933
DBAASPS_8775,0.9896144866943359
DBAASPS_8776,0.9891617298126221
DBAASPS_8777,0.9892932176589966
DBAASPS_8779,0.3755931556224823
DBAASPS_8780,0.019214510917663574
DBAASPS_8781,0.037100765854120255
DBAASPS_8782,0.02018551528453827
DBAASPS_8783,0.16057448089122772
DBAASPS_8784,0.026991501450538635
DBAASPS_8785,0.1400882452726364
DBAASPS_8786,0.062423333525657654
DBAASPS_8788,0.8809739351272583
DBAASPS_8793,0.9766319394111633
DBAASPS_8794,0.46799278259277344
DBAASPS_8813,0.9809122085571289
DBAASPS_8814,0.9870108962059021
DBAASPS_8818,0.5010807514190674
DBAASPS_8819,0.8423802852630615
DBAASPS_8820,0.9242863059043884
DBAASPS_8821,0.9525353312492371
DBAASPS_8822,0.9894388914108276
DBAASPS_8823,0.9725696444511414
DBAASPS_8824,0.6271260976791382
DBAASPS_8825,0.9631496667861938
DBAASPS_8826,0.9867441654205322
DBAASPS_8827,0.9878937005996704
DBAASPS_8828,0.9895193576812744
DBAASPS_8829,0.990141749382019
DBAASPS_8830,0.9905298948287964
DBAASPS_8831,0.9905321598052979
DBAASPS_8832,0.9900034666061401
DBAASPS_8833,0.9900314211845398
DBAASPS_8834,0.16527879238128662
DBAASPS_8835,0.4619085192680359
DBAASPS_8837,0.039422836154699326
DBAASPS_8838,0.1898266226053238
DBAASPS_8839,0.39668241143226624
DBAASPS_8840,0.990425705909729
DBAASPS_8841,0.9902026653289795
DBAASPS_8842,0.9886822700500488
DBAASPS_8843,0.9897139072418213
DBAASPS_8847,0.9879385828971863
DBAASPS_8848,0.121970534324646
DBAASPS_8854,0.9904811382293701
DBAASPS_8855,0.9904909729957581
DBAASPS_8856,0.3043859302997589
DBAASPS_8861,0.9794990420341492
DBAASPS_8863,0.976014256477356
DBAASPR_8875,0.9811720848083496
DBAASPR_8876,0.04337706416845322
DBAASPS_8878,0.9585785865783691
DBAASPR_8879,0.9802074432373047
DBAASPS_8880,0.9082770347595215
DBAASPS_8884,0.9761708378791809
DBAASPS_8885,0.9826058149337769
DBAASPS_8886,0.9886778593063354
DBAASPS_8887,0.9897973537445068
DBAASPS_8888,0.9876993298530579
DBAASPS_8890,0.4768044352531433
DBAASPS_8891,0.37678974866867065
DBAASPR_8892,0.15019641816616058
DBAASPS_8907,0.9894396662712097
DBAASPS_8923,0.8829861879348755
DBAASPS_8925,0.9583477973937988
DBAASPS_8937,0.4072699248790741
DBAASPS_8938,0.28252333402633667
DBAASPS_8939,0.6881725192070007
DBAASPS_8940,0.8617788553237915
DBAASPS_8941,0.4007694125175476
DBAASPS_8942,0.7948168516159058
DBAASPR_8943,0.9897087216377258
DBAASPS_8944,0.9901254773139954
DBAASPS_8945,0.9898396730422974
DBAASPS_8946,0.9904563426971436
DBAASPS_8947,0.990007221698761
DBAASPS_8949,0.9840522408485413
DBAASPS_8950,0.9802309274673462
DBAASPS_8951,0.7668235898017883
DBAASPS_8952,0.38479912281036377
DBAASPS_8954,0.9831891655921936
DBAASPS_8955,0.9637681841850281
DBAASPS_8975,0.986326277256012
DBAASPS_8992,0.4000793695449829
DBAASPS_8993,0.6180922985076904
DBAASPS_8994,0.8917917609214783
DBAASPS_8995,0.9907053112983704
DBAASPS_8996,0.9905054569244385
DBAASPS_8997,0.9904815554618835
DBAASPS_8998,0.977428674697876
DBAASPR_9002,0.6859915256500244
DBAASPS_9012,0.987571120262146
DBAASPS_9013,0.9898227453231812
DBAASPS_9014,0.9904406666755676
DBAASPS_9017,0.278340220451355
DBAASPS_9018,0.9479701519012451
DBAASPS_9019,0.8972456455230713
DBAASPS_9020,0.94382244348526
DBAASPS_9021,0.3055799901485443
DBAASPS_9022,0.10321749746799469
DBAASPS_9023,0.8578252196311951
DBAASPS_9024,0.5238379836082458
DBAASPS_9025,0.683639645576477
DBAASPS_9026,0.537890613079071
DBAASPS_9027,0.754381000995636
DBAASPS_9029,0.24615493416786194
DBAASPS_9030,0.5639552474021912
DBAASPS_9031,0.18620000779628754
DBAASPS_9032,0.23072828352451324
DBAASPS_9033,0.2890724837779999
DBAASPS_9034,0.32359275221824646
DBAASPS_9035,0.22650547325611115
DBAASPS_9036,0.3518458902835846
DBAASPS_9037,0.42069685459136963
DBAASPS_9040,0.6109879612922668
DBAASPS_9041,0.24546542763710022
DBAASPS_9045,0.07765134423971176
DBAASPS_9048,0.085442915558815
DBAASPS_9049,0.085981585085392
DBAASPS_9062,0.9885865449905396
DBAASPS_9066,0.9720714688301086
DBAASPS_9067,0.9869794845581055
DBAASPS_9068,0.9836975932121277
DBAASPS_9069,0.9857397675514221
DBAASPS_9071,0.9692277908325195
DBAASPS_9084,0.873785674571991
DBAASPS_9085,0.9861141443252563
DBAASPS_9090,0.9568749070167542
DBAASPS_9092,0.8346990346908569
DBAASPS_9109,0.9596837162971497
DBAASPS_9110,0.9589700698852539
DBAASPS_9111,0.9857957363128662
DBAASPS_9112,0.9687742590904236
DBAASPS_9113,0.9822121858596802
DBAASPS_9124,0.06632648408412933
DBAASPR_9125,0.365273654460907
DBAASPS_9126,0.33869293332099915
DBAASPS_9127,0.8564087152481079
DBAASPS_9128,0.08196767419576645
DBAASPS_9129,0.9747386574745178
DBAASPR_9130,0.2712971866130829
DBAASPS_9131,0.985973060131073
DBAASPS_9132,0.6718259453773499
DBAASPS_9133,0.4802582263946533
DBAASPS_9134,0.04978902265429497
DBAASPS_9147,0.9891003370285034
DBAASPS_9148,0.9814060926437378
DBAASPS_9149,0.45086583495140076
DBAASPS_9150,0.9138685464859009
DBAASPS_9151,0.6151759624481201
DBAASPS_9152,0.1702355444431305
DBAASPS_9160,0.9781577587127686
DBAASPS_9175,0.360734224319458
DBAASPS_9176,0.9450700283050537
DBAASPS_9185,0.9879570603370667
DBAASPS_9187,0.39506322145462036
DBAASPS_9191,0.9163253903388977
DBAASPS_9198,0.8838290572166443
DBAASPS_9203,0.9871562719345093
DBAASPS_9204,0.9859591722488403
DBAASPS_9205,0.9852943420410156
DBAASPS_9211,0.23628221452236176
DBAASPS_9215,0.6514366865158081
DBAASPS_9216,0.9676529169082642
DBAASPS_9217,0.1320764273405075
DBAASPS_9218,0.9561174511909485
DBAASPS_9219,0.07672342658042908
DBAASPS_9220,0.9725655317306519
DBAASPS_9221,0.5371080040931702
DBAASPS_9222,0.04963577538728714
DBAASPS_9223,0.8729580044746399
DBAASPS_9224,0.7706303596496582
DBAASPS_9227,0.9783304929733276
DBAASPS_9228,0.9494349956512451
DBAASPS_9245,0.973442018032074
DBAASPS_9247,0.972352147102356
DBAASPS_9249,0.9800898432731628
DBAASPS_9251,0.9883248805999756
DBAASPS_9252,0.9833633899688721
DBAASPS_9289,0.13980315625667572
DBAASPS_9319,0.9768229722976685
DBAASPS_9325,0.30100172758102417
DBAASPS_9326,0.9735028743743896
DBAASPS_9327,0.9460451006889343
DBAASPS_9328,0.5056371092796326
DBAASPS_9329,0.8381630182266235
DBAASPS_9333,0.9879252314567566
DBAASPS_9334,0.9896590709686279
DBAASPS_9335,0.9901967644691467
DBAASPS_9339,0.9047451615333557
DBAASPS_9340,0.9904001355171204
DBAASPS_9341,0.9888013005256653
DBAASPS_9342,0.9900346398353577
DBAASPS_9344,0.24550826847553253
DBAASPS_9345,0.8212200403213501
DBAASPS_9346,0.8743104338645935
DBAASPS_9347,0.927091658115387
DBAASPS_9348,0.9011927247047424
DBAASPS_9349,0.39750373363494873
DBAASPS_9350,0.45603808760643005
DBAASPS_9351,0.9361316561698914
DBAASPS_9352,0.5869080424308777
DBAASPS_9353,0.5055050849914551
DBAASPS_9354,0.890877902507782
DBAASPS_9355,0.31413453817367554
DBAASPS_9356,0.4188360571861267
DBAASPS_9357,0.3628389239311218
DBAASPS_9358,0.29509761929512024
DBAASPS_9359,0.2588730752468109
DBAASPS_9360,0.7627212405204773
DBAASPS_9361,0.13519887626171112
DBAASPS_9366,0.9831670522689819
DBAASPS_9369,0.8488005995750427
DBAASPS_9379,0.9901462197303772
DBAASPS_9380,0.9904273748397827
DBAASPS_9381,0.9901680946350098
DBAASPS_9389,0.2481711059808731
DBAASPS_9391,0.5469169020652771
DBAASPS_9392,0.7592286467552185
DBAASPS_9394,0.46037188172340393
DBAASPS_9396,0.2966073453426361
DBAASPS_9398,0.9791846871376038
DBAASPS_9399,0.8908261060714722
DBAASPS_9400,0.8978297114372253
DBAASPS_9401,0.5444524884223938
DBAASPS_9402,0.07813425362110138
DBAASPS_9404,0.02236109972000122
DBAASPS_9405,0.9884737133979797
DBAASPS_9407,0.9841233491897583
DBAASPR_9419,0.5503365993499756
DBAASPR_9423,0.7047777771949768
DBAASPR_9424,0.9116246104240417
DBAASPR_9428,0.5894214510917664
DBAASPR_9429,0.5399871468544006
DBAASPS_9436,0.8115779161453247
DBAASPS_9437,0.8906176686286926
DBAASPS_9438,0.9583266377449036
DBAASPS_9439,0.7295993566513062
DBAASPS_9440,0.978640615940094
DBAASPS_9441,0.9163656234741211
DBAASPS_9446,0.22541455924510956
DBAASPS_9452,0.8803521990776062
DBAASPN_9454,0.0396186038851738
DBAASPS_9455,0.037169624119997025
DBAASPS_9456,0.0735493004322052
DBAASPS_9457,0.04959201440215111
DBAASPS_9458,0.02629982680082321
DBAASPS_9459,0.03650600463151932
DBAASPS_9462,0.027476735413074493
DBAASPN_9463,0.01702945865690708
DBAASPN_9464,0.021244242787361145
DBAASPN_9465,0.017018400132656097
DBAASPS_9470,0.29658156633377075
DBAASPS_9477,0.983866810798645
DBAASPS_9478,0.979066789150238
DBAASPS_9479,0.9629499912261963
DBAASPS_9480,0.9731719493865967
DBAASPS_9481,0.9428188800811768
DBAASPS_9484,0.6982898712158203
DBAASPS_9496,0.913485586643219
DBAASPS_9498,0.5357030630111694
DBAASPS_9499,0.3690187633037567
DBAASPS_9502,0.2487782984972
DBAASPS_9503,0.17467579245567322
DBAASPS_9505,0.904096245765686
DBAASPS_9511,0.9738560318946838
DBAASPS_9512,0.41317611932754517
DBAASPS_9514,0.3937515616416931
DBAASPS_9515,0.36983171105384827
DBAASPS_9531,0.985258936882019
DBAASPS_9532,0.9882347583770752
DBAASPS_9533,0.9867329597473145
DBAASPS_9538,0.9905393719673157
DBAASPS_9542,0.9888967275619507
DBAASPS_9543,0.9898638725280762
DBAASPS_9550,0.9895315766334534
DBAASPS_9551,0.9883609414100647
DBAASPS_9552,0.9891210198402405
DBAASPS_9553,0.9892368316650391
DBAASPS_9554,0.9894216656684875
DBAASPS_9555,0.9903053641319275
DBAASPS_9556,0.9882962703704834
DBAASPS_9557,0.9512487053871155
DBAASPS_9566,0.9822730422019958
DBAASPS_9567,0.9865714907646179
DBAASPS_9568,0.9878743886947632
DBAASPS_9569,0.9893316626548767
DBAASPS_9582,0.7515224814414978
DBAASPS_9583,0.9839040040969849
DBAASPS_9584,0.8278535008430481
DBAASPS_9585,0.41116786003112793
DBAASPS_9586,0.10530701279640198
DBAASPS_9587,0.9819076061248779
DBAASPR_9591,0.9179198145866394
DBAASPS_9594,0.9830437898635864
DBAASPR_9599,0.6866098642349243
DBAASPS_9604,0.1275145262479782
DBAASPS_9605,0.09059663861989975
DBAASPS_9608,0.2226637750864029
DBAASPS_9609,0.09070529788732529
DBAASPS_9610,0.164542555809021
DBAASPS_9611,0.38738229870796204
DBAASPS_9612,0.9432088732719421
DBAASPS_9613,0.14983192086219788
DBAASPS_9614,0.43062350153923035
DBAASPS_9615,0.168225958943367
DBAASPS_9616,0.1804840862751007
DBAASPS_9617,0.8674758076667786
DBAASPS_9618,0.8838449120521545
DBAASPS_9623,0.691640317440033
DBAASPS_9624,0.6039311289787292
DBAASPS_9625,0.9628344774246216
DBAASPS_9626,0.9468349814414978
DBAASPS_9627,0.9647672772407532
DBAASPS_9629,0.09677377343177795
DBAASPS_9630,0.557054877281189
DBAASPS_9631,0.149470254778862
DBAASPS_9632,0.10638496279716492
DBAASPS_9633,0.16520296037197113
DBAASPS_9634,0.7046298980712891
DBAASPS_9635,0.6376506686210632
DBAASPS_9636,0.1869279146194458
DBAASPS_9637,0.17785461246967316
DBAASPS_9641,0.1869279146194458
DBAASPS_9644,0.19930626451969147
DBAASPS_9645,0.2071247696876526
DBAASPS_9646,0.13522788882255554
DBAASPS_9647,0.04685715585947037
DBAASPS_9649,0.2305961549282074
DBAASPS_9650,0.05005549266934395
DBAASPS_9651,0.10865602642297745
DBAASPS_9652,0.1253817081451416
DBAASPS_9653,0.04907495900988579
DBAASPS_9654,0.15336887538433075
DBAASPS_9658,0.14801768958568573
DBAASPS_9659,0.1791616827249527
DBAASPS_9662,0.9866006374359131
DBAASPS_9663,0.9879782199859619
DBAASPS_9664,0.9900550246238708
DBAASPS_9665,0.990242063999176
DBAASPS_9666,0.9908159971237183
DBAASPS_9667,0.9908981919288635
DBAASPS_9668,0.9909037351608276
DBAASPS_9669,0.9909583926200867
DBAASPS_9670,0.9909196496009827
DBAASPS_9671,0.9909712672233582
DBAASPS_9672,0.9909010529518127
DBAASPS_9681,0.7421435713768005
DBAASPS_9682,0.9457005858421326
DBAASPS_9683,0.9849543571472168
DBAASPS_9684,0.8628649711608887
DBAASPS_9685,0.17622925341129303
DBAASPS_9686,0.6982287168502808
DBAASPS_9687,0.95277339220047
DBAASPS_9688,0.9737085103988647
DBAASPS_9689,0.7865416407585144
DBAASPS_9690,0.5929701924324036
DBAASPS_9691,0.44894349575042725
DBAASPS_9692,0.09357071667909622
DBAASPS_9693,0.9352362751960754
DBAASPS_9694,0.8191589713096619
DBAASPS_9695,0.8001837730407715
DBAASPS_9707,0.9842867255210876
DBAASPR_9708,0.7906655669212341
DBAASPS_9709,0.958037257194519
DBAASPS_9735,0.480813205242157
DBAASPS_9738,0.9796409606933594
DBAASPS_9739,0.9861883521080017
DBAASPS_9740,0.9864382147789001
DBAASPS_9741,0.9900358319282532
DBAASPS_9742,0.9782657623291016
DBAASPR_9743,0.9005472660064697
DBAASPS_9753,0.9894381165504456
DBAASPS_9754,0.989281415939331
DBAASPS_9756,0.05070582404732704
DBAASPS_9757,0.01908312737941742
DBAASPR_9759,0.8755698204040527
DBAASPS_9765,0.0618506520986557
DBAASPS_9766,0.04269016534090042
DBAASPS_9767,0.01732378453016281
DBAASPS_9784,0.9652063250541687
DBAASPS_9786,0.9878662824630737
DBAASPS_9787,0.9585941433906555
DBAASPS_9790,0.12568111717700958
DBAASPS_9793,0.988942563533783
DBAASPS_9795,0.9888277649879456
DBAASPS_9817,0.10205737501382828
DBAASPS_9818,0.19196580350399017
DBAASPS_9819,0.21951265633106232
DBAASPS_9820,0.2683374285697937
DBAASPS_9821,0.18297362327575684
DBAASPS_9842,0.5251761078834534
DBAASPN_9849,0.3049153685569763
DBAASPN_9851,0.20651167631149292
DBAASPN_9852,0.11881963163614273
DBAASPN_9853,0.7163889408111572
DBAASPN_9854,0.15167652070522308
DBAASPN_9855,0.24583326280117035
DBAASPN_9856,0.033763643354177475
DBAASPN_9862,0.2576732635498047
DBAASPN_9863,0.929560661315918
DBAASPS_9879,0.9808874726295471
DBAASPS_9880,0.9886235594749451
DBAASPS_9881,0.9885517358779907
DBAASPS_9882,0.9888811111450195
DBAASPS_9883,0.9902358651161194
DBAASPS_9884,0.2798425257205963
DBAASPS_9885,0.2927911579608917
DBAASPS_9886,0.49805036187171936
DBAASPS_9887,0.9824832677841187
DBAASPS_9888,0.9888618588447571
DBAASPS_9889,0.9903880953788757
DBAASPS_9890,0.9754073023796082
DBAASPS_9891,0.9871581196784973
DBAASPS_9892,0.15659861266613007
DBAASPS_9893,0.49536606669425964
DBAASPS_9894,0.09617754817008972
DBAASPS_9895,0.034401874989271164
DBAASPS_9902,0.05382247269153595
DBAASPS_9903,0.035243887454271317
DBAASPS_9904,0.09415403008460999
DBAASPS_9905,0.7195560336112976
DBAASPS_9906,0.8869594931602478
DBAASPS_9907,0.9404094219207764
DBAASPS_9908,0.947717547416687
DBAASPS_9909,0.689437210559845
DBAASPS_9910,0.3969495892524719
DBAASPS_9911,0.5740923285484314
DBAASPR_9920,0.5684852600097656
DBAASPS_9922,0.8963107466697693
DBAASPS_9924,0.9702177047729492
DBAASPS_9958,0.9881924390792847
DBAASPS_9967,0.09927593171596527
DBAASPS_9968,0.9851645231246948
DBAASPS_9969,0.9864006042480469
DBAASPS_9989,0.9877464175224304
DBAASPS_9990,0.9890737533569336
DBAASPR_9991,0.9626386165618896
DBAASPS_9993,0.5221041440963745
DBAASPS_9994,0.49919891357421875
DBAASPS_9995,0.19235455989837646
DBAASPS_9996,0.33302807807922363
DBAASPS_9997,0.2034742534160614
DBAASPS_9998,0.17350266873836517
DBAASPS_9999,0.36148566007614136
DBAASPS_10000,0.9879692196846008
DBAASPR_10011,0.987853467464447
DBAASPS_10018,0.6323058605194092
DBAASPS_10021,0.9463649988174438
DBAASPS_10022,0.27394047379493713
DBAASPS_10023,0.13308408856391907
DBAASPS_10024,0.9844495058059692
DBAASPS_10027,0.9380970001220703
DBAASPS_10041,0.9895590543746948
DBAASPS_10042,0.99039226770401
DBAASPS_10043,0.5099146366119385
DBAASPS_10044,0.4977479577064514
DBAASPS_10045,0.9830962419509888
DBAASPS_10046,0.983797013759613
DBAASPS_10047,0.9905501008033752
DBAASPS_10048,0.9260042905807495
DBAASPN_10057,0.08944514393806458
DBAASPN_10059,0.1188313439488411
DBAASPS_10063,0.5010024905204773
DBAASPR_10066,0.8836367130279541
DBAASPS_10074,0.9676106572151184
DBAASPS_10076,0.9819805026054382
DBAASPS_10077,0.8903065919876099
DBAASPS_10079,0.9869069457054138
DBAASPS_10080,0.987636923789978
DBAASPS_10081,0.9903122186660767
DBAASPS_10082,0.9904280304908752
DBAASPS_10083,0.9904313683509827
DBAASPS_10089,0.9034558534622192
DBAASPS_10091,0.9711635708808899
DBAASPS_10100,0.2891729772090912
DBAASPS_10104,0.9726767539978027
DBAASPS_10106,0.8489227294921875
DBAASPS_10113,0.5312526822090149
DBAASPS_10115,0.9017074704170227
DBAASPS_10116,0.9818398356437683
DBAASPS_10117,0.9849607348442078
DBAASPS_10118,0.9894182682037354
DBAASPS_10119,0.9896548986434937
DBAASPS_10120,0.9890251755714417
DBAASPS_10121,0.9897928237915039
DBAASPS_10122,0.9901044368743896
DBAASPS_10123,0.9899165630340576
DBAASPS_10124,0.9901607632637024
DBAASPS_10125,0.9896886944770813
DBAASPS_10126,0.9898850917816162
DBAASPS_10127,0.9891971349716187
DBAASPS_10128,0.9898561835289001
DBAASPS_10129,0.970288097858429
DBAASPS_10130,0.9856135845184326
DBAASPS_10131,0.9874993562698364
DBAASPS_10132,0.9861775040626526
DBAASPS_10133,0.9899669289588928
DBAASPS_10134,0.9901502132415771
DBAASPS_10135,0.9899879097938538
DBAASPS_10136,0.9903897643089294
DBAASPS_10144,0.9897320866584778
DBAASPS_10154,0.9868089556694031
DBAASPS_10155,0.2595755159854889
DBAASPS_10157,0.300430029630661
DBAASPS_10184,0.9886277914047241
DBAASPR_10201,0.9384391903877258
DBAASPR_10202,0.6472956538200378
DBAASPR_10204,0.9574439525604248
DBAASPR_10207,0.1145443469285965
DBAASPR_10208,0.9867871999740601
DBAASPR_10209,0.8039758801460266
DBAASPR_10210,0.9117137789726257
DBAASPR_10211,0.9796380400657654
DBAASPR_10216,0.9836738109588623
DBAASPR_10218,0.12906575202941895
DBAASPR_10220,0.01897483691573143
DBAASPR_10221,0.10078193247318268
DBAASPR_10225,0.08916923403739929
DBAASPR_10226,0.9878311157226562
DBAASPR_10227,0.8935276865959167
DBAASPR_10228,0.9802359938621521
DBAASPS_10230,0.9738665223121643
DBAASPS_10231,0.9790366888046265
DBAASPR_10232,0.7945685982704163
DBAASPS_10233,0.9810125827789307
DBAASPR_10236,0.8162244558334351
DBAASPS_10237,0.9041656255722046
DBAASPS_10239,0.9785484671592712
DBAASPS_10240,0.9799218773841858
DBAASPS_10241,0.977884829044342
DBAASPS_10242,0.9749406576156616
DBAASPS_10243,0.9678802490234375
DBAASPR_10244,0.9662832021713257
DBAASPR_10245,0.9598829746246338
DBAASPR_10246,0.9623208045959473
DBAASPR_10247,0.9332309365272522
DBAASPS_10254,0.036084629595279694
DBAASPS_10260,0.9632374048233032
DBAASPS_10264,0.977769672870636
DBAASPS_10265,0.9669640064239502
DBAASPS_10266,0.9433435201644897
DBAASPS_10267,0.8629012107849121
DBAASPS_10268,0.9198091626167297
DBAASPS_10269,0.9780920147895813
DBAASPS_10270,0.9835914373397827
DBAASPS_10271,0.9861384630203247
DBAASPS_10272,0.9879946708679199
DBAASPS_10273,0.989328145980835
DBAASPS_10274,0.9898725748062134
DBAASPS_10275,0.9902462363243103
DBAASPS_10276,0.9438864588737488
DBAASPS_10277,0.9692482948303223
DBAASPS_10278,0.959892749786377
DBAASPS_10279,0.9665365219116211
DBAASPS_10280,0.9867489337921143
DBAASPS_10281,0.9732236266136169
DBAASPS_10282,0.9797019362449646
DBAASPS_10283,0.9192807674407959
DBAASPR_10290,0.9909735321998596
DBAASPS_10294,0.9831554293632507
DBAASPS_10295,0.9860252737998962
DBAASPS_10296,0.9870439767837524
DBAASPS_10297,0.928642213344574
DBAASPS_10298,0.9744577407836914
DBAASPS_10299,0.9832581281661987
DBAASPS_10300,0.9795109033584595
DBAASPS_10302,0.9173657894134521
DBAASPS_10316,0.9883150458335876
DBAASPS_10317,0.9688510894775391
DBAASPS_10325,0.9283680319786072
DBAASPS_10328,0.9889172315597534
DBAASPS_10331,0.0874161571264267
DBAASPS_10337,0.9884278774261475
DBAASPS_10340,0.9905475974082947
DBAASPS_10342,0.9855692386627197
DBAASPS_10343,0.9750150442123413
DBAASPS_10347,0.8915005922317505
DBAASPS_10348,0.13691861927509308
DBAASPS_10352,0.3876273036003113
DBAASPS_10353,0.9294803738594055
DBAASPS_10355,0.3392844498157501
DBAASPR_10357,0.980227530002594
DBAASPS_10359,0.9791718125343323
DBAASPS_10385,0.9009856581687927
DBAASPS_10387,0.95204097032547
DBAASPS_10388,0.968707263469696
DBAASPS_10389,0.962133526802063
DBAASPS_10390,0.9168086647987366
DBAASPS_10391,0.9799438118934631
DBAASPS_10392,0.6611396074295044
DBAASPS_10393,0.41453656554222107
DBAASPS_10394,0.8374883532524109
DBAASPS_10395,0.5201253890991211
DBAASPS_10397,0.26800402998924255
DBAASPN_10400,0.09483184665441513
DBAASPN_10401,0.04966539889574051
DBAASPS_10402,0.989059329032898
DBAASPS_10406,0.052316874265670776
DBAASPS_10407,0.11270996928215027
DBAASPS_10408,0.07040923088788986
DBAASPS_10409,0.033795833587646484
DBAASPS_10410,0.03267836943268776
DBAASPS_10411,0.03406109660863876
DBAASPS_10412,0.029540833085775375
DBAASPS_10413,0.05781462416052818
DBAASPS_10414,0.048382002860307693
DBAASPS_10415,0.05221409723162651
DBAASPS_10416,0.11487844586372375
DBAASPS_10417,0.06436677277088165
DBAASPS_10418,0.08750434964895248
DBAASPS_10420,0.02847500704228878
DBAASPS_10421,0.04316383972764015
DBAASPS_10422,0.05357224494218826
DBAASPS_10423,0.0341048464179039
DBAASPS_10424,0.03338196873664856
DBAASPS_10425,0.9715535640716553
DBAASPS_10426,0.9864197373390198
DBAASPS_10427,0.9859004616737366
DBAASPS_10428,0.9759906530380249
DBAASPS_10429,0.9875267148017883
DBAASPS_10430,0.9886144399642944
DBAASPS_10431,0.04793237894773483
DBAASPS_10433,0.06111221760511398
DBAASPS_10434,0.029102040454745293
DBAASPS_10435,0.05865166708827019
DBAASPS_10438,0.9505817294120789
DBAASPS_10451,0.9899579882621765
DBAASPS_10452,0.9891884326934814
DBAASPS_10453,0.9879015684127808
DBAASPS_10454,0.9872975945472717
DBAASPS_10456,0.04998663067817688
DBAASPS_10457,0.9880890250205994
DBAASPS_10458,0.8849959373474121
DBAASPS_10459,0.7587358951568604
DBAASPS_10460,0.9503660202026367
DBAASPS_10461,0.972439169883728
DBAASPS_10462,0.8897221684455872
DBAASPS_10466,0.9143532514572144
DBAASPS_10468,0.8547311425209045
DBAASPS_10469,0.9183638691902161
DBAASPS_10470,0.3495464622974396
DBAASPS_10471,0.9731104373931885
DBAASPS_10472,0.942287802696228
DBAASPS_10473,0.934647262096405
DBAASPS_10474,0.5887475609779358
DBAASPS_10475,0.914578378200531
DBAASPS_10476,0.9522333145141602
DBAASPS_10477,0.9271665811538696
DBAASPS_10478,0.9297611117362976
DBAASPS_10479,0.9389068484306335
DBAASPS_10480,0.9438669681549072
DBAASPS_10481,0.9892168641090393
DBAASPS_10482,0.9868955612182617
DBAASPS_10483,0.9892754554748535
DBAASPS_10485,0.9449304342269897
DBAASPS_10486,0.9460886716842651
DBAASPS_10487,0.9694984555244446
DBAASPS_10488,0.8888587951660156
DBAASPS_10490,0.9855493307113647
DBAASPS_10491,0.924971342086792
DBAASPS_10493,0.12296804040670395
DBAASPS_10494,0.08473212271928787
DBAASPS_10495,0.10663945227861404
DBAASPS_10498,0.08672379702329636
DBAASPS_10499,0.05768713355064392
DBAASPS_10500,0.0698692798614502
DBAASPS_10501,0.04440346360206604
DBAASPS_10502,0.072287917137146
DBAASPS_10503,0.05779413506388664
DBAASPS_10504,0.1026298850774765
DBAASPS_10505,0.09615252912044525
DBAASPS_10506,0.055767640471458435
DBAASPS_10507,0.0626305416226387
DBAASPS_10508,0.05189839005470276
DBAASPS_10511,0.9906119108200073
DBAASPS_10512,0.9905244708061218
DBAASPS_10513,0.9898333549499512
DBAASPS_10514,0.990272045135498
DBAASPS_10515,0.9907935857772827
DBAASPS_10516,0.9907631278038025
DBAASPS_10517,0.9905830025672913
DBAASPS_10518,0.9907181859016418
DBAASPR_10520,0.9903905391693115
DBAASPS_10524,0.8529506325721741
DBAASPR_10525,0.39204999804496765
DBAASPS_10526,0.863315761089325
DBAASPS_10527,0.9797481894493103
DBAASPS_10546,0.31421393156051636
DBAASPS_10547,0.7850524187088013
DBAASPS_10548,0.9758337736129761
DBAASPS_10550,0.7807714343070984
DBAASPS_10551,0.6873106956481934
DBAASPS_10552,0.8499473929405212
DBAASPS_10553,0.9193502068519592
DBAASPS_10554,0.8937166333198547
DBAASPS_10555,0.9803310036659241
DBAASPS_10556,0.9779438376426697
DBAASPS_10557,0.35176125168800354
DBAASPS_10570,0.9839364886283875
DBAASPS_10571,0.9816837310791016
DBAASPS_10572,0.9874072670936584
DBAASPS_10573,0.9878190159797668
DBAASPS_10574,0.9841094613075256
DBAASPS_10575,0.9884005188941956
DBAASPS_10576,0.9861406087875366
DBAASPS_10577,0.9661335945129395
DBAASPS_10578,0.9614894390106201
DBAASPS_10579,0.9868442416191101
DBAASPS_10580,0.98044753074646
DBAASPS_10581,0.9890854358673096
DBAASPS_10582,0.9875039458274841
DBAASPS_10583,0.9793135523796082
DBAASPS_10584,0.9890815019607544
DBAASPR_10586,0.9878792762756348
DBAASPR_10587,0.14572283625602722
DBAASPR_10588,0.686539351940155
DBAASPS_10589,0.9763116836547852
DBAASPR_10591,0.9860886335372925
DBAASPR_10592,0.9847078323364258
DBAASPS_10594,0.957427978515625
DBAASPS_10597,0.7657694816589355
DBAASPS_10598,0.9120973944664001
DBAASPR_10613,0.9882452487945557
DBAASPS_10625,0.9822113513946533
DBAASPS_10626,0.9901283979415894
DBAASPS_10627,0.9859126210212708
DBAASPS_10630,0.8195185661315918
DBAASPS_10631,0.7689314484596252
DBAASPS_10632,0.29186639189720154
DBAASPS_10633,0.3306894898414612
DBAASPS_10634,0.9560372233390808
DBAASPS_10635,0.43355339765548706
DBAASPS_10642,0.9893597364425659
DBAASPS_10643,0.37632670998573303
DBAASPS_10645,0.9908291101455688
DBAASPS_10649,0.4461002051830292
DBAASPS_10650,0.987282395362854
DBAASPS_10651,0.9816561937332153
DBAASPS_10653,0.9818881750106812
DBAASPS_10654,0.5615023374557495
DBAASPS_10655,0.31081798672676086
DBAASPS_10656,0.4169783592224121
DBAASPS_10657,0.35393884778022766
DBAASPS_10658,0.3032185733318329
DBAASPS_10659,0.7940559387207031
DBAASPS_10660,0.1782476156949997
DBAASPS_10661,0.4263897240161896
DBAASPS_10662,0.5733222961425781
DBAASPS_10663,0.3373578190803528
DBAASPS_10664,0.7627163529396057
DBAASPS_10665,0.04478202387690544
DBAASPS_10666,0.3656305968761444
DBAASPS_10667,0.34352877736091614
DBAASPS_10668,0.7743437886238098
DBAASPS_10669,0.3089790344238281
DBAASPS_10670,0.34627649188041687
DBAASPS_10683,0.9862634539604187
DBAASPS_10697,0.9835692048072815
DBAASPS_10698,0.9879615902900696
DBAASPS_10702,0.9876397848129272
DBAASPN_10703,0.14165662229061127
DBAASPS_10704,0.987926721572876
DBAASPS_10705,0.9867251515388489
DBAASPS_10712,0.9899975061416626
DBAASPS_10713,0.9896453022956848
DBAASPS_10714,0.11417821794748306
DBAASPS_10715,0.9810494780540466
DBAASPS_10716,0.32265153527259827
DBAASPS_10717,0.9847022294998169
DBAASPS_10718,0.9672326445579529
DBAASPS_10725,0.9663614630699158
DBAASPS_10726,0.3344316780567169
DBAASPS_10727,0.988486111164093
DBAASPS_10731,0.9869815707206726
DBAASPS_10732,0.9883645176887512
DBAASPS_10733,0.9653494358062744
DBAASPS_10735,0.9906899929046631
DBAASPS_10736,0.9834721684455872
DBAASPS_10741,0.9877243041992188
DBAASPS_10745,0.9901254773139954
DBAASPS_10747,0.9899914264678955
DBAASPS_10756,0.8113691806793213
DBAASPR_10757,0.018513480201363564
DBAASPS_10763,0.7615811228752136
DBAASPS_10764,0.25245988368988037
DBAASPS_10765,0.45726290345191956
DBAASPS_10766,0.36319398880004883
DBAASPS_10767,0.6474692225456238
DBAASPS_10768,0.877342939376831
DBAASPS_10769,0.7112516760826111
DBAASPS_10770,0.1348833292722702
DBAASPS_10771,0.1488642394542694
DBAASPS_10772,0.1448773741722107
DBAASPS_10773,0.15230295062065125
DBAASPS_10775,0.07305595278739929
DBAASPS_10776,0.09346765279769897
DBAASPS_10777,0.1456182897090912
DBAASPS_10778,0.13089397549629211
DBAASPS_10779,0.27156126499176025
DBAASPS_10780,0.34988147020339966
DBAASPS_10781,0.20069164037704468
DBAASPS_10782,0.6172870993614197
DBAASPS_10783,0.4776514768600464
DBAASPS_10784,0.559709906578064
DBAASPS_10788,0.09871557354927063
DBAASPR_10791,0.9839391112327576
DBAASPR_10792,0.9777445793151855
DBAASPS_10805,0.9740784764289856
DBAASPS_10807,0.7933356761932373
DBAASPS_10808,0.4005519151687622
DBAASPS_10809,0.8023989200592041
DBAASPS_10813,0.17954793572425842
DBAASPS_10814,0.183933287858963
DBAASPS_10815,0.08176064491271973
DBAASPS_10816,0.03590674325823784
DBAASPS_10817,0.05818025767803192
DBAASPS_10818,0.26828238368034363
DBAASPS_10820,0.14458413422107697
DBAASPS_10821,0.09173667430877686
DBAASPS_10822,0.880390465259552
DBAASPS_10823,0.9684239625930786
DBAASPS_10824,0.9718084931373596
DBAASPR_10827,0.535191535949707
DBAASPS_10828,0.2974378764629364
DBAASPR_10829,0.8981906175613403
DBAASPS_10830,0.22561779618263245
DBAASPS_10832,0.7460123300552368
DBAASPS_10840,0.9883559942245483
DBAASPS_10841,0.9901020526885986
DBAASPS_10843,0.9874189496040344
DBAASPS_10844,0.9898096919059753
DBAASPS_10845,0.9903497099876404
DBAASPS_10846,0.9889364838600159
DBAASPS_10847,0.9905311465263367
DBAASPS_10848,0.99077969789505
DBAASPS_10858,0.7401410937309265
DBAASPS_10859,0.8097107410430908
DBAASPS_10860,0.9712995886802673
DBAASPS_10861,0.7670938968658447
DBAASPS_10862,0.7162529826164246
DBAASPS_10863,0.6066994667053223
DBAASPS_10865,0.47585758566856384
DBAASPS_10866,0.6142283082008362
DBAASPS_10869,0.9727768898010254
DBAASPS_10870,0.9134079813957214
DBAASPS_10871,0.9866955280303955
DBAASPS_10872,0.9821485877037048
DBAASPS_10873,0.934596836566925
DBAASPS_10874,0.9781941771507263
DBAASPS_10876,0.31992828845977783
DBAASPS_10877,0.074224092066288
DBAASPS_10881,0.9114133715629578
DBAASPS_10882,0.2850884795188904
DBAASPS_10883,0.13069085776805878
DBAASPS_10884,0.9788525700569153
DBAASPS_10885,0.6652438044548035
DBAASPS_10886,0.9900675415992737
DBAASPS_10887,0.6733683943748474
DBAASPS_10888,0.9497209787368774
DBAASPS_10892,0.9901546239852905
DBAASPN_10893,0.01910291239619255
DBAASPR_10894,0.018053891137242317
DBAASPR_10895,0.019540226086974144
DBAASPS_10896,0.3516261875629425
DBAASPS_10897,0.09582732617855072
DBAASPS_10900,0.5785775184631348
DBAASPS_10901,0.21146512031555176
DBAASPS_10904,0.5350108742713928
DBAASPR_10911,0.0897207036614418
DBAASPS_10912,0.9898641109466553
DBAASPS_10913,0.0527971126139164
DBAASPS_10914,0.9084495306015015
DBAASPS_10915,0.8669842481613159
DBAASPS_10916,0.9551327228546143
DBAASPS_10917,0.16010771691799164
DBAASPS_10920,0.9248768091201782
DBAASPS_10921,0.9403143525123596
DBAASPS_10932,0.1587762087583542
DBAASPS_10933,0.9766452312469482
DBAASPS_10965,0.990790069103241
DBAASPS_10966,0.9902333617210388
DBAASPS_10978,0.6455485224723816
DBAASPS_10979,0.915507972240448
DBAASPS_10980,0.34686213731765747
DBAASPS_10981,0.26951250433921814
DBAASPS_10982,0.886894702911377
DBAASPS_10983,0.2536676526069641
DBAASPS_10984,0.8987172842025757
DBAASPS_10985,0.9665262699127197
DBAASPS_10990,0.6407745480537415
DBAASPS_10994,0.9700005650520325
DBAASPS_10995,0.983573317527771
DBAASPS_10996,0.5700478553771973
DBAASPS_10997,0.5870717763900757
DBAASPS_10998,0.88948655128479
DBAASPS_10999,0.7350940704345703
DBAASPS_11000,0.6442019939422607
DBAASPS_11001,0.8583337664604187
DBAASPS_11002,0.38553571701049805
DBAASPS_11003,0.2841636538505554
DBAASPS_11005,0.7614641785621643
DBAASPS_11006,0.7677211165428162
DBAASPS_11008,0.3444620370864868
DBAASPS_11009,0.21820732951164246
DBAASPS_11012,0.9684170484542847
DBAASPS_11013,0.9575967192649841
DBAASPS_11014,0.8554144501686096
DBAASPR_11022,0.6075100898742676
DBAASPR_11023,0.21862544119358063
DBAASPR_11024,0.09829501062631607
DBAASPS_11025,0.6573355793952942
DBAASPS_11026,0.7684004306793213
DBAASPS_11028,0.6465339064598083
DBAASPS_11031,0.8283803462982178
DBAASPS_11037,0.9891046285629272
DBAASPS_11038,0.9907407760620117
DBAASPS_11039,0.9905561208724976
DBAASPS_11040,0.8099233508110046
DBAASPS_11041,0.7331739664077759
DBAASPS_11048,0.43552809953689575
DBAASPS_11049,0.9251263737678528
DBAASPS_11050,0.4221462309360504
DBAASPS_11051,0.9387157559394836
DBAASPS_11052,0.9155924320220947
DBAASPS_11053,0.9885526299476624
DBAASPS_11054,0.985028088092804
DBAASPS_11055,0.9836716651916504
DBAASPS_11056,0.9830417037010193
DBAASPS_11057,0.9806700944900513
DBAASPS_11058,0.9882875680923462
DBAASPS_11059,0.9892656803131104
DBAASPS_11060,0.9901529550552368
DBAASPS_11061,0.9902048110961914
DBAASPS_11062,0.9901065826416016
DBAASPS_11063,0.9901393055915833
DBAASPS_11064,0.9902675151824951
DBAASPS_11065,0.9903024435043335
DBAASPS_11066,0.9899530410766602
DBAASPS_11067,0.9906730651855469
DBAASPS_11068,0.5347322821617126
DBAASPS_11071,0.06923949718475342
DBAASPS_11072,0.24469491839408875
DBAASPS_11073,0.725097119808197
DBAASPS_11100,0.9234845638275146
DBAASPS_11104,0.6313273906707764
DBAASPS_11108,0.8502744436264038
DBAASPS_11112,0.9188709259033203
DBAASPS_11117,0.9676509499549866
DBAASPS_11118,0.950627326965332
DBAASPS_11119,0.9813138246536255
DBAASPS_11120,0.6486830711364746
DBAASPS_11121,0.9580371379852295
DBAASPS_11122,0.9622090458869934
DBAASPS_11123,0.7881348133087158
DBAASPS_11124,0.9031078815460205
DBAASPS_11125,0.9774042367935181
DBAASPS_11126,0.7412613034248352
DBAASPS_11128,0.08765862137079239
DBAASPS_11129,0.11676105856895447
DBAASPS_11130,0.03321538120508194
DBAASPS_11131,0.06179630756378174
DBAASPS_11132,0.07441943138837814
DBAASPS_11133,0.1029551550745964
DBAASPS_11134,0.11154203861951828
DBAASPS_11139,0.23417878150939941
DBAASPN_11148,0.08333828300237656
DBAASPR_11167,0.9845991730690002
DBAASPR_11168,0.9782347083091736
DBAASPR_11169,0.039108213037252426
DBAASPR_11170,0.27418142557144165
DBAASPS_11176,0.9764304161071777
DBAASPS_11177,0.9881340265274048
DBAASPS_11185,0.9845712184906006
DBAASPS_11186,0.9903383255004883
DBAASPS_11187,0.9888486862182617
DBAASPN_11189,0.020443610846996307
DBAASPN_11190,0.019177205860614777
DBAASPS_11191,0.24211858212947845
DBAASPS_11192,0.3556647300720215
DBAASPS_11193,0.16212554275989532
DBAASPS_11196,0.6719062924385071
DBAASPS_11197,0.9153315424919128
DBAASPS_11202,0.020010923966765404
DBAASPS_11203,0.014371323399245739
DBAASPS_11204,0.10632791370153427
DBAASPS_11205,0.05257606506347656
DBAASPN_11206,0.09765656292438507
DBAASPN_11207,0.05531911551952362
DBAASPS_11213,0.7690274715423584
DBAASPS_11214,0.07689844816923141
DBAASPS_11215,0.5561617612838745
DBAASPR_11221,0.9871296286582947
DBAASPS_11222,0.9876766204833984
DBAASPS_11224,0.9883450269699097
DBAASPS_11228,0.9885242581367493
DBAASPS_11229,0.9881453514099121
DBAASPS_11230,0.9897749423980713
DBAASPS_11231,0.9673582911491394
DBAASPS_11232,0.990020215511322
DBAASPS_11233,0.9905304908752441
DBAASPS_11234,0.9905276298522949
DBAASPS_11235,0.9907813668251038
DBAASPS_11236,0.990790605545044
DBAASPS_11237,0.9853629469871521
DBAASPS_11238,0.988593578338623
DBAASPS_11239,0.17122705280780792
DBAASPS_11245,0.15125687420368195
DBAASPS_11249,0.9901582598686218
DBAASPS_11250,0.09375061839818954
DBAASPS_11251,0.9495357871055603
DBAASPS_11252,0.8587760329246521
DBAASPS_11253,0.9708154201507568
DBAASPS_11254,0.7458746433258057
DBAASPS_11255,0.912385106086731
DBAASPS_11256,0.9883013963699341
DBAASPS_11257,0.9846487641334534
DBAASPS_11258,0.9891350865364075
DBAASPS_11259,0.7339205145835876
DBAASPS_11260,0.9530817270278931
DBAASPS_11261,0.9101836085319519
DBAASPS_11262,0.8892536759376526
DBAASPS_11263,0.9880003333091736
DBAASPS_11264,0.14311140775680542
DBAASPS_11265,0.7547011971473694
DBAASPS_11266,0.15312981605529785
DBAASPS_11267,0.038278281688690186
DBAASPS_11268,0.05559001863002777
DBAASPS_11269,0.7342512607574463
DBAASPS_11272,0.22550781071186066
DBAASPS_11273,0.6174944639205933
DBAASPS_11274,0.2123188078403473
DBAASPS_11275,0.3031383454799652
DBAASPS_11276,0.8596317172050476
DBAASPS_11277,0.8008603453636169
DBAASPS_11278,0.9274642467498779
DBAASPS_11279,0.8381087779998779
DBAASPS_11280,0.9102693200111389
DBAASPS_11281,0.9725201725959778
DBAASPS_11282,0.9631550908088684
DBAASPS_11283,0.9056587219238281
DBAASPS_11284,0.9288884997367859
DBAASPS_11288,0.27055609226226807
DBAASPS_11289,0.17333082854747772
DBAASPS_11290,0.2801816165447235
DBAASPS_11291,0.17534303665161133
DBAASPS_11295,0.4523388743400574
DBAASPS_11296,0.28674834966659546
DBAASPS_11297,0.14343969523906708
DBAASPS_11308,0.5945504903793335
DBAASPS_11309,0.37709125876426697
DBAASPS_11310,0.21908317506313324
DBAASPS_11311,0.5483311414718628
DBAASPS_11312,0.20436805486679077
DBAASPS_11313,0.09703253954648972
DBAASPS_11314,0.2191493958234787
DBAASPS_11315,0.17353808879852295
DBAASPS_11316,0.13470523059368134
DBAASPS_11317,0.057101454585790634
DBAASPR_11318,0.06551631540060043
DBAASPS_11328,0.3008459806442261
DBAASPS_11329,0.7557170987129211
DBAASPS_11330,0.2485693395137787
DBAASPS_11331,0.9729601740837097
DBAASPS_11335,0.9803043007850647
DBAASPS_11336,0.8504337072372437
DBAASPS_11338,0.9449934363365173
DBAASPS_11339,0.8214288949966431
DBAASPS_11340,0.15304407477378845
DBAASPS_11341,0.9034971594810486
DBAASPS_11342,0.04959482327103615
DBAASPN_11344,0.0449678860604763
DBAASPS_11345,0.9883993268013
DBAASPS_11346,0.9891489148139954
DBAASPS_11347,0.9697783589363098
DBAASPS_11349,0.6377330422401428
DBAASPS_11351,0.1373516023159027
DBAASPS_11352,0.12383470684289932
DBAASPS_11361,0.027023520320653915
DBAASPS_11364,0.10835228115320206
DBAASPS_11375,0.9813119173049927
DBAASPS_11376,0.12957191467285156
DBAASPS_11377,0.9898732304573059
DBAASPS_11378,0.9611914157867432
DBAASPR_11384,0.9873353838920593
DBAASPS_11386,0.98703533411026
DBAASPS_11387,0.9872702956199646
DBAASPS_11389,0.9869721531867981
DBAASPS_11390,0.9849891066551208
DBAASPS_11391,0.9829053282737732
DBAASPS_11393,0.9604007601737976
DBAASPS_11394,0.8767709732055664
DBAASPS_11395,0.9692177176475525
DBAASPS_11396,0.9874862432479858
DBAASPS_11398,0.9834535717964172
DBAASPS_11399,0.9803441166877747
DBAASPS_11400,0.971944272518158
DBAASPR_11401,0.6080656051635742
DBAASPR_11403,0.9854410290718079
DBAASPS_11407,0.9898257255554199
DBAASPS_11408,0.9770025610923767
DBAASPS_11409,0.9387494325637817
DBAASPS_11410,0.988486111164093
DBAASPS_11411,0.9806739091873169
DBAASPS_11412,0.9834612011909485
DBAASPS_11413,0.982636570930481
DBAASPS_11414,0.99083411693573
DBAASPS_11415,0.9906923174858093
DBAASPS_11416,0.9904137253761292
DBAASPS_11417,0.9900354146957397
DBAASPS_11418,0.9906821846961975
DBAASPS_11419,0.9907599091529846
DBAASPS_11420,0.9907268285751343
DBAASPS_11421,0.9908989667892456
DBAASPS_11422,0.9905611872673035
DBAASPS_11423,0.9907973408699036
DBAASPS_11424,0.9908599853515625
DBAASPS_11425,0.9908586144447327
DBAASPS_11426,0.9907774329185486
DBAASPS_11427,0.9908944368362427
DBAASPS_11428,0.9908103942871094
DBAASPS_11429,0.9906389713287354
DBAASPS_11430,0.9907870888710022
DBAASPS_11431,0.9908638596534729
DBAASPS_11432,0.9907054901123047
DBAASPS_11433,0.9907893538475037
DBAASPS_11434,0.9908017516136169
DBAASPS_11435,0.9906381368637085
DBAASPS_11436,0.9908907413482666
DBAASPS_11437,0.9907838106155396
DBAASPS_11438,0.9907722473144531
DBAASPS_11439,0.9906660318374634
DBAASPS_11440,0.18543432652950287
DBAASPS_11441,0.34195172786712646
DBAASPS_11443,0.9835183024406433
DBAASPS_11444,0.9893266558647156
DBAASPS_11445,0.9899542331695557
DBAASPS_11446,0.9901419878005981
DBAASPS_11447,0.9862980246543884
DBAASPS_11448,0.9891837239265442
DBAASPS_11449,0.989406943321228
DBAASPS_11450,0.9890885353088379
DBAASPS_11451,0.9897443056106567
DBAASPS_11452,0.989989161491394
DBAASPS_11453,0.9880995154380798
DBAASPS_11454,0.9896337389945984
DBAASPS_11455,0.9895216822624207
DBAASPS_11456,0.9898366332054138
DBAASPS_11457,0.9890101552009583
DBAASPS_11458,0.9893621206283569
DBAASPS_11459,0.9828803539276123
DBAASPS_11460,0.989763617515564
DBAASPS_11461,0.9859673380851746
DBAASPS_11462,0.9888069033622742
DBAASPS_11463,0.9895220398902893
DBAASPS_11464,0.9895063638687134
DBAASPS_11465,0.9831777215003967
DBAASPS_11466,0.9844328165054321
DBAASPS_11472,0.19939668476581573
DBAASPS_11473,0.9880915880203247
DBAASPS_11474,0.9863399863243103
DBAASPS_11475,0.9864594340324402
DBAASPS_11476,0.9878836274147034
DBAASPS_11477,0.9861351251602173
DBAASPS_11478,0.9828657507896423
DBAASPS_11479,0.987467885017395
DBAASPS_11480,0.9839974045753479
DBAASPS_11481,0.9883064031600952
DBAASPS_11482,0.9872604608535767
DBAASPS_11483,0.9838678240776062
DBAASPS_11484,0.9795413017272949
DBAASPS_11485,0.9846873879432678
DBAASPS_11486,0.9837464690208435
DBAASPS_11487,0.9865643382072449
DBAASPS_11488,0.9886523485183716
DBAASPS_11489,0.9894284605979919
DBAASPS_11490,0.9804570078849792
DBAASPS_11491,0.9891595244407654
DBAASPS_11492,0.9897058010101318
DBAASPR_11493,0.8975394368171692
DBAASPR_11494,0.8747856020927429
DBAASPS_11497,0.34380432963371277
DBAASPS_11498,0.07234662026166916
DBAASPS_11499,0.04617811366915703
DBAASPS_11500,0.16467486321926117
DBAASPS_11509,0.10538381338119507
DBAASPS_11513,0.11218345910310745
DBAASPS_11517,0.6135392189025879
DBAASPS_11519,0.990370512008667
DBAASPS_11526,0.988264262676239
DBAASPS_11528,0.29586541652679443
DBAASPS_11529,0.20490577816963196
DBAASPS_11534,0.7218552827835083
DBAASPS_11536,0.1897304505109787
DBAASPS_11537,0.6997657418251038
DBAASPS_11542,0.9435555934906006
DBAASPR_11543,0.8796197772026062
DBAASPS_11545,0.9555237293243408
DBAASPS_11546,0.15803676843643188
DBAASPS_11547,0.08412867039442062
DBAASPS_11548,0.9716699719429016
DBAASPS_11549,0.9636840224266052
DBAASPR_11558,0.5497092008590698
DBAASPS_11559,0.5072247982025146
DBAASPS_11560,0.03179628401994705
DBAASPS_11561,0.11435273289680481
DBAASPS_11562,0.13661473989486694
DBAASPS_11563,0.22961655259132385
DBAASPS_11564,0.06429905444383621
DBAASPS_11565,0.08931257575750351
DBAASPS_11566,0.02095448039472103
DBAASPR_11571,0.1636722832918167
DBAASPS_11574,0.9899677634239197
DBAASPS_11575,0.9891869425773621
DBAASPS_11576,0.9896913766860962
DBAASPS_11577,0.6110166907310486
DBAASPS_11578,0.9715520143508911
DBAASPS_11579,0.9801911115646362
DBAASPS_11580,0.9896990656852722
DBAASPS_11581,0.987669825553894
DBAASPS_11582,0.9899255633354187
DBAASPS_11583,0.9892375469207764
DBAASPS_11584,0.9902144074440002
DBAASPS_11585,0.98846036195755
DBAASPS_11586,0.9903726577758789
DBAASPS_11587,0.9900076985359192
DBAASPS_11612,0.9533921480178833
DBAASPS_11613,0.9748902916908264
DBAASPS_11614,0.9099436402320862
DBAASPS_11615,0.2085070163011551
DBAASPS_11616,0.9834063053131104
DBAASPS_11617,0.9854620099067688
DBAASPS_11618,0.9017126560211182
DBAASPS_11619,0.7026053667068481
DBAASPS_11620,0.9884254932403564
DBAASPS_11621,0.9645667672157288
DBAASPS_11626,0.7181394100189209
DBAASPS_11632,0.8909493684768677
DBAASPS_11634,0.9855432510375977
DBAASPS_11635,0.9866531491279602
DBAASPS_11636,0.9873641133308411
DBAASPS_11637,0.9833642244338989
DBAASPS_11638,0.9729008078575134
DBAASPS_11639,0.9844319224357605
DBAASPS_11640,0.938238799571991
DBAASPS_11641,0.988106369972229
DBAASPS_11642,0.9858922958374023
DBAASPS_11643,0.9876980781555176
DBAASPS_11644,0.9888547658920288
DBAASPS_11645,0.9886619448661804
DBAASPS_11646,0.9862318634986877
DBAASPS_11647,0.9862222075462341
DBAASPS_11648,0.9884467124938965
DBAASPS_11649,0.9627578854560852
DBAASPS_11650,0.9885873794555664
DBAASPS_11651,0.988419771194458
DBAASPS_11652,0.9875282645225525
DBAASPS_11653,0.9892202019691467
DBAASPS_11654,0.7462404370307922
DBAASPS_11655,0.6785019636154175
DBAASPS_11656,0.9007537961006165
DBAASPS_11657,0.7966406941413879
DBAASPS_11658,0.7444132566452026
DBAASPS_11659,0.32447558641433716
DBAASPS_11660,0.09467040002346039
DBAASPS_11661,0.8811566233634949
DBAASPS_11662,0.9306620955467224
DBAASPS_11663,0.9849863648414612
DBAASPS_11664,0.9342222809791565
DBAASPS_11665,0.5155012607574463
DBAASPS_11666,0.9866642951965332
DBAASPS_11667,0.9781715273857117
DBAASPS_11672,0.9641500115394592
DBAASPS_11674,0.7292417287826538
DBAASPS_11675,0.4728392958641052
DBAASPS_11676,0.15531764924526215
DBAASPS_11677,0.07252223789691925
DBAASPS_11678,0.5921656489372253
DBAASPS_11679,0.9436340928077698
DBAASPS_11721,0.4108670651912689
DBAASPS_11725,0.5921656489372253
DBAASPS_11726,0.8471269011497498
DBAASPS_11731,0.11545934528112411
DBAASPS_11764,0.9540055990219116
DBAASPS_11769,0.9758315682411194
DBAASPS_11770,0.11359640210866928
DBAASPS_11771,0.25422853231430054
DBAASPS_11772,0.010275844484567642
DBAASPS_11773,0.011130580678582191
DBAASPS_11774,0.11599564552307129
DBAASPS_11775,0.016416553407907486
DBAASPS_11777,0.220125213265419
DBAASPS_11778,0.9859722852706909
DBAASPS_11779,0.9873459339141846
DBAASPS_11780,0.9775242209434509
DBAASPS_11782,0.981419563293457
DBAASPS_11787,0.9833819270133972
DBAASPS_11790,0.9780468344688416
DBAASPS_11791,0.9775937795639038
DBAASPS_11793,0.98188316822052
DBAASPS_11794,0.9688345789909363
DBAASPS_11797,0.9758315682411194
DBAASPS_11798,0.9625754952430725
DBAASPS_11799,0.9856944680213928
DBAASPS_11800,0.9810665249824524
DBAASPS_11802,0.9879211187362671
DBAASPS_11806,0.988353967666626
DBAASPS_11809,0.156941220164299
DBAASPR_11812,0.9884138107299805
DBAASPS_11814,0.9081509709358215
DBAASPS_11816,0.8529761433601379
DBAASPS_11819,0.9811251163482666
DBAASPS_11820,0.9906005859375
DBAASPS_11822,0.9848074316978455
DBAASPS_11823,0.9852918982505798
DBAASPS_11824,0.9820218682289124
DBAASPS_11825,0.986637532711029
DBAASPS_11826,0.9666901230812073
DBAASPS_11827,0.9803478717803955
DBAASPS_11828,0.9592068791389465
DBAASPS_11829,0.983217716217041
DBAASPS_11830,0.9854907989501953
DBAASPS_11838,0.9905236959457397
DBAASPS_11840,0.9890681505203247
DBAASPS_11841,0.03485258296132088
DBAASPS_11842,0.9744598865509033
DBAASPS_11851,0.9896043539047241
DBAASPS_11855,0.9765408039093018
DBAASPS_11856,0.9768159985542297
DBAASPS_11859,0.9891220927238464
DBAASPS_11860,0.9780578017234802
DBAASPS_11861,0.986477255821228
DBAASPS_11862,0.983392059803009
DBAASPS_11863,0.9803234338760376
DBAASPS_11864,0.9829742908477783
DBAASPS_11865,0.9849439263343811
DBAASPS_11866,0.9906484484672546
DBAASPS_11876,0.9895880818367004
DBAASPS_11877,0.9886274337768555
DBAASPS_11878,0.9891625046730042
DBAASPS_11879,0.9904345273971558
DBAASPS_11880,0.9805861115455627
DBAASPS_11881,0.9889955520629883
DBAASPS_11882,0.9346955418586731
DBAASPS_11883,0.9831889867782593
DBAASPS_11884,0.9868162274360657
DBAASPS_11885,0.9892013669013977
DBAASPS_11886,0.9899376630783081
DBAASPS_11887,0.9886447191238403
DBAASPS_11888,0.9673473238945007
DBAASPS_11889,0.9531182646751404
DBAASPS_11890,0.9823057055473328
DBAASPS_11891,0.9812719225883484
DBAASPS_11892,0.9773669242858887
DBAASPS_11893,0.9870599508285522
DBAASPS_11894,0.9879264235496521
DBAASPS_11895,0.9899241924285889
DBAASPS_11902,0.03764529153704643
DBAASPS_11905,0.9873042702674866
DBAASPS_11907,0.9891592860221863
DBAASPS_11908,0.9896188974380493
DBAASPS_11909,0.9805130362510681
DBAASPS_11910,0.7454988956451416
DBAASPS_11911,0.9453808665275574
DBAASPS_11912,0.9153257012367249
DBAASPS_11913,0.4260217249393463
DBAASPS_11914,0.5155461430549622
DBAASPS_11915,0.9401317834854126
DBAASPS_11916,0.9792453646659851
DBAASPS_11917,0.9825520515441895
DBAASPS_11918,0.9891075491905212
DBAASPS_11919,0.9898685812950134
DBAASPS_11921,0.9687899947166443
DBAASPS_11922,0.9756343364715576
DBAASPS_11923,0.9818729162216187
DBAASPS_11924,0.9332339763641357
DBAASPS_11926,0.9749184250831604
DBAASPS_11927,0.2714116871356964
DBAASPS_11929,0.13766922056674957
DBAASPS_11930,0.8900025486946106
DBAASPS_11931,0.9846528172492981
DBAASPS_11934,0.020277243107557297
DBAASPR_11935,0.8933619260787964
DBAASPS_11939,0.811632513999939
DBAASPS_11940,0.9702879786491394
DBAASPS_11941,0.9746621251106262
DBAASPS_11944,0.6591528058052063
DBAASPS_11946,0.7629058361053467
DBAASPS_11947,0.9663140773773193
DBAASPS_11948,0.9862620234489441
DBAASPS_11949,0.8868452310562134
DBAASPS_11950,0.3066093921661377
DBAASPS_11951,0.9126990437507629
DBAASPS_11952,0.983786940574646
DBAASPS_11953,0.9808318018913269
DBAASPS_11954,0.9903461933135986
DBAASPS_11955,0.9887697696685791
DBAASPS_11956,0.9707849025726318
DBAASPS_11957,0.9883490204811096
DBAASPS_11975,0.9620015621185303
DBAASPS_11977,0.6470677256584167
DBAASPS_11978,0.6512318849563599
DBAASPS_11985,0.4342705011367798
DBAASPS_11986,0.9836568832397461
DBAASPS_11987,0.972209095954895
DBAASPS_11988,0.9745899438858032
DBAASPS_11990,0.986719012260437
DBAASPS_11991,0.9895989894866943
DBAASPS_11992,0.9894311428070068
DBAASPS_11993,0.9818441271781921
DBAASPS_11994,0.9898802042007446
DBAASPS_11995,0.9887994527816772
DBAASPS_11996,0.9895873069763184
DBAASPS_11997,0.9887099266052246
DBAASPS_11998,0.9896494746208191
DBAASPS_11999,0.9878963828086853
DBAASPS_12000,0.9896652102470398
DBAASPS_12001,0.990559995174408
DBAASPS_12007,0.9904752373695374
DBAASPS_12008,0.9900689721107483
DBAASPS_12009,0.9874500632286072
DBAASPS_12010,0.9904735684394836
DBAASPS_12011,0.9874708652496338
DBAASPS_12012,0.9903563261032104
DBAASPS_12013,0.9904776811599731
DBAASPS_12014,0.9875798225402832
DBAASPS_12015,0.9621049761772156
DBAASPS_12020,0.9872446060180664
DBAASPS_12022,0.9870941638946533
DBAASPS_12023,0.990027129650116
DBAASPS_12025,0.9901196956634521
DBAASPS_12026,0.9898890852928162
DBAASPS_12027,0.9904186129570007
DBAASPS_12028,0.9856837391853333
DBAASPS_12029,0.9859306812286377
DBAASPS_12030,0.9895282983779907
DBAASPS_12033,0.17479071021080017
DBAASPS_12034,0.9184312224388123
DBAASPS_12036,0.9883291125297546
DBAASPS_12037,0.9798775315284729
DBAASPS_12038,0.9817598462104797
DBAASPS_12039,0.9888997077941895
DBAASPS_12040,0.9880946278572083
DBAASPS_12041,0.9890370965003967
DBAASPS_12044,0.9896194338798523
DBAASPS_12045,0.9882017970085144
DBAASPS_12046,0.9889553785324097
DBAASPS_12047,0.989680826663971
DBAASPS_12048,0.9902468919754028
DBAASPS_12049,0.9898674488067627
DBAASPS_12050,0.9892535209655762
DBAASPS_12051,0.9888365864753723
DBAASPS_12052,0.9895778894424438
DBAASPS_12053,0.9894996881484985
DBAASPS_12054,0.9893238544464111
DBAASPS_12055,0.9895948767662048
DBAASPS_12056,0.9897703528404236
DBAASPS_12057,0.5852560997009277
DBAASPS_12058,0.40002694725990295
DBAASPS_12059,0.5550261735916138
DBAASPS_12060,0.3762000501155853
DBAASPS_12061,0.391669899225235
DBAASPS_12062,0.2686063051223755
DBAASPS_12063,0.4148171842098236
DBAASPS_12064,0.3071887791156769
DBAASPS_12067,0.8044124245643616
DBAASPS_12068,0.8288471102714539
DBAASPS_12069,0.7950029373168945
DBAASPS_12070,0.9239099025726318
DBAASPS_12071,0.13549478352069855
DBAASPS_12072,0.9534946084022522
DBAASPS_12083,0.9661336541175842
DBAASPS_12085,0.957409679889679
DBAASPS_12087,0.9753363728523254
DBAASPS_12088,0.9685079455375671
DBAASPS_12089,0.9822046160697937
DBAASPS_12090,0.9818986654281616
DBAASPS_12091,0.9563854336738586
DBAASPS_12099,0.37941473722457886
DBAASPS_12101,0.7664651870727539
DBAASPS_12102,0.1185135766863823
DBAASPS_12107,0.14289069175720215
DBAASPS_12127,0.989852786064148
DBAASPR_12131,0.9887968301773071
DBAASPS_12135,0.015244955196976662
DBAASPS_12145,0.09383777529001236
DBAASPS_12147,0.03973863273859024
DBAASPS_12148,0.9883701801300049
DBAASPS_12149,0.02777484990656376
DBAASPS_12150,0.9905369281768799
DBAASPN_12151,0.1372903734445572
DBAASPN_12152,0.04437338560819626
DBAASPN_12153,0.11415322870016098
DBAASPS_12154,0.9904521703720093
DBAASPS_12155,0.4647023677825928
DBAASPS_12156,0.21942223608493805
DBAASPS_12157,0.9736709594726562
DBAASPS_12158,0.9897462725639343
DBAASPS_12159,0.990730345249176
DBAASPS_12160,0.9907519817352295
DBAASPS_12175,0.5982446074485779
DBAASPS_12176,0.5465725064277649
DBAASPS_12177,0.43204572796821594
DBAASPS_12178,0.10321158915758133
DBAASPS_12179,0.03529093414545059
DBAASPS_12180,0.8963065147399902
DBAASPS_12181,0.9156020879745483
DBAASPS_12183,0.9780986905097961
DBAASPS_12188,0.3271433711051941
DBAASPS_12189,0.12439104169607162
DBAASPS_12190,0.34637877345085144
DBAASPS_12191,0.7564186453819275
DBAASPS_12192,0.2891561686992645
DBAASPS_12193,0.15246233344078064
DBAASPS_12194,0.26238375902175903
DBAASPS_12195,0.23616927862167358
DBAASPS_12202,0.12614047527313232
DBAASPS_12203,0.19342628121376038
DBAASPS_12204,0.2857377529144287
DBAASPS_12206,0.5069371461868286
DBAASPS_12207,0.6380727291107178
DBAASPS_12209,0.15225955843925476
DBAASPS_12212,0.53239905834198
DBAASPS_12213,0.21349090337753296
DBAASPS_12214,0.19645057618618011
DBAASPR_12216,0.06543830782175064
DBAASPS_12217,0.9846875071525574
DBAASPS_12218,0.9871997237205505
DBAASPS_12220,0.9830195307731628
DBAASPS_12221,0.9767201542854309
DBAASPS_12222,0.9776532053947449
DBAASPS_12223,0.96747225522995
DBAASPS_12225,0.24821554124355316
DBAASPS_12226,0.6538864374160767
DBAASPS_12227,0.9619073271751404
DBAASPR_12229,0.964704155921936
DBAASPS_12239,0.015681812539696693
DBAASPS_12240,0.334399938583374
DBAASPS_12241,0.8003732562065125
DBAASPS_12242,0.25973325967788696
DBAASPR_12243,0.9829001426696777
DBAASPR_12244,0.9078818559646606
DBAASPS_12249,0.03666692227125168
DBAASPS_12251,0.1266680806875229
DBAASPS_12257,0.10723768174648285
DBAASPS_12258,0.05934322997927666
DBAASPS_12303,0.9510786533355713
DBAASPS_12305,0.978195309638977
DBAASPS_12308,0.9885829091072083
DBAASPS_12311,0.33324405550956726
DBAASPS_12312,0.7545322179794312
DBAASPS_12313,0.4604407250881195
DBAASPS_12314,0.589722752571106
DBAASPS_12316,0.5328385829925537
DBAASPS_12317,0.7677451968193054
DBAASPS_12318,0.05708589777350426
DBAASPS_12319,0.05910361558198929
DBAASPS_12320,0.07723855972290039
DBAASPS_12321,0.11010771989822388
DBAASPS_12322,0.16550593078136444
DBAASPS_12323,0.03646237030625343
DBAASPS_12326,0.09755725413560867
DBAASPS_12327,0.1756044179201126
DBAASPS_12328,0.21347017586231232
DBAASPS_12329,0.098843052983284
DBAASPS_12330,0.09014569967985153
DBAASPS_12331,0.07111753523349762
DBAASPR_12332,0.9906740784645081
DBAASPS_12333,0.9907651543617249
DBAASPS_12334,0.9906604886054993
DBAASPS_12335,0.9904937148094177
DBAASPS_12336,0.9905012249946594
DBAASPS_12337,0.19678190350532532
DBAASPS_12338,0.17769549787044525
DBAASPS_12356,0.05847778171300888
DBAASPS_12357,0.05915967375040054
DBAASPS_12358,0.903046727180481
DBAASPS_12359,0.7028937339782715
DBAASPS_12360,0.9716892242431641
DBAASPS_12366,0.06694179773330688
DBAASPS_12368,0.932975172996521
DBAASPS_12369,0.9857645630836487
DBAASPS_12370,0.9875586032867432
DBAASPS_12371,0.9786071181297302
DBAASPS_12372,0.9854732155799866
DBAASPS_12373,0.9661265015602112
DBAASPS_12377,0.9879220724105835
DBAASPS_12378,0.987301230430603
DBAASPS_12379,0.7324395775794983
DBAASPS_12380,0.1134987473487854
DBAASPS_12383,0.988192617893219
DBAASPS_12384,0.9879378080368042
DBAASPS_12386,0.1396818459033966
DBAASPS_12387,0.7042294144630432
DBAASPS_12388,0.041464243084192276
DBAASPS_12389,0.9582675695419312
DBAASPR_12393,0.9698976874351501
DBAASPR_12394,0.9091893434524536
DBAASPR_12395,0.9311558604240417
DBAASPS_12397,0.9811448454856873
DBAASPS_12403,0.9283774495124817
DBAASPS_12406,0.9902303814888
DBAASPN_12410,0.4430958926677704
DBAASPN_12411,0.4187634289264679
DBAASPS_12419,0.13395056128501892
DBAASPS_12439,0.1475520133972168
DBAASPS_12440,0.05768304690718651
DBAASPS_12441,0.15164856612682343
DBAASPS_12442,0.1359397917985916
DBAASPS_12444,0.7294065356254578
DBAASPS_12446,0.37973925471305847
DBAASPR_12448,0.10225945711135864
DBAASPR_12449,0.9743044376373291
DBAASPR_12450,0.010213291272521019
DBAASPS_12451,0.9897248148918152
DBAASPS_12452,0.8775401711463928
DBAASPS_12454,0.7113571763038635
DBAASPS_12455,0.6189741492271423
DBAASPS_12456,0.08455434441566467
DBAASPS_12457,0.06032178923487663
DBAASPR_12486,0.9842612743377686
DBAASPS_12488,0.14823871850967407
DBAASPS_12489,0.2146979719400406
DBAASPS_12490,0.4543319642543793
DBAASPR_12494,0.8867301940917969
DBAASPS_12505,0.9903185367584229
DBAASPS_12506,0.9865606427192688
DBAASPS_12507,0.9542586803436279
DBAASPS_12508,0.9846950173377991
DBAASPS_12509,0.3579499125480652
DBAASPS_12510,0.17727091908454895
DBAASPS_12511,0.9846164584159851
DBAASPS_12512,0.9898622035980225
DBAASPS_12513,0.5196493268013
DBAASPS_12514,0.9378262162208557
DBAASPS_12515,0.9068728089332581
DBAASPS_12517,0.9907907247543335
DBAASPS_12518,0.03899617865681648
DBAASPS_12521,0.16885581612586975
DBAASPS_12523,0.42951908707618713
DBAASPS_12524,0.8830071091651917
DBAASPR_12525,0.983180582523346
DBAASPR_12532,0.9835185408592224
DBAASPS_12533,0.990118145942688
DBAASPS_12534,0.9903267025947571
DBAASPS_12535,0.9890468716621399
DBAASPS_12536,0.9878358840942383
DBAASPS_12539,0.9902717471122742
DBAASPS_12540,0.5184078812599182
DBAASPS_12541,0.8366810083389282
DBAASPS_12542,0.4122115671634674
DBAASPS_12543,0.9295504093170166
DBAASPS_12544,0.7609431743621826
DBAASPS_12545,0.8410367965698242
DBAASPS_12547,0.9748765230178833
DBAASPS_12548,0.9661797285079956
DBAASPS_12549,0.9882979989051819
DBAASPS_12550,0.40087029337882996
DBAASPS_12551,0.14334434270858765
DBAASPS_12552,0.34960469603538513
DBAASPS_12553,0.9905548691749573
DBAASPR_12555,0.14225828647613525
DBAASPS_12556,0.9653638601303101
DBAASPS_12557,0.048438552767038345
DBAASPS_12558,0.021570265293121338
DBAASPS_12559,0.4801677167415619
DBAASPS_12560,0.217066690325737
DBAASPS_12561,0.3147917687892914
DBAASPS_12562,0.5632295608520508
DBAASPS_12563,0.3195576071739197
DBAASPS_12564,0.23963293433189392
DBAASPS_12565,0.1901983618736267
DBAASPS_12566,0.9200111627578735
DBAASPS_12567,0.9747484922409058
DBAASPS_12568,0.9692951440811157
DBAASPS_12569,0.9220449328422546
DBAASPS_12570,0.7861490249633789
DBAASPS_12571,0.9873659610748291
DBAASPS_12572,0.9811615943908691
DBAASPS_12579,0.9908103942871094
DBAASPS_12580,0.9905198216438293
DBAASPS_12587,0.989178478717804
DBAASPS_12589,0.9824269413948059
DBAASPS_12590,0.9871926307678223
DBAASPS_12593,0.9746527671813965
DBAASPS_12594,0.9869368076324463
DBAASPS_12595,0.9862248301506042
DBAASPS_12596,0.9869652390480042
DBAASPS_12597,0.9432162046432495
DBAASPS_12598,0.9824225902557373
DBAASPS_12599,0.989287257194519
DBAASPS_12600,0.9856519103050232
DBAASPS_12601,0.9887584447860718
DBAASPS_12602,0.9904580116271973
DBAASPS_12603,0.9890961647033691
DBAASPS_12604,0.9903990030288696
DBAASPS_12605,0.9860659241676331
DBAASPS_12606,0.9901922345161438
DBAASPS_12607,0.9904215335845947
DBAASPS_12608,0.9901911020278931
DBAASPS_12610,0.9905912280082703
DBAASPS_12611,0.9903935790061951
DBAASPS_12613,0.700577437877655
DBAASPR_12615,0.0367678739130497
DBAASPS_12625,0.9904013276100159
DBAASPS_12633,0.4039918780326843
DBAASPS_12634,0.31852999329566956
DBAASPS_12635,0.7351015210151672
DBAASPS_12636,0.8979471921920776
DBAASPS_12637,0.6800171732902527
DBAASPS_12638,0.8217608332633972
DBAASPS_12639,0.7615261673927307
DBAASPS_12640,0.8796453475952148
DBAASPS_12641,0.03890160471200943
DBAASPS_12643,0.8585101962089539
DBAASPS_12645,0.9447066783905029
DBAASPS_12646,0.9539457559585571
DBAASPS_12662,0.9733350872993469
DBAASPS_12663,0.9686989188194275
DBAASPS_12666,0.9305408596992493
DBAASPR_12667,0.9646454453468323
DBAASPS_12668,0.928995668888092
DBAASPS_12672,0.7126847505569458
DBAASPS_12677,0.9885278344154358
DBAASPR_12688,0.9726127982139587
DBAASPS_12689,0.9801308512687683
DBAASPR_12692,0.8244292140007019
DBAASPR_12693,0.822847306728363
DBAASPR_12694,0.5480523705482483
DBAASPR_12695,0.9122570157051086
DBAASPS_12697,0.9903044700622559
DBAASPS_12700,0.9900863170623779
DBAASPS_12701,0.990629255771637
DBAASPS_12702,0.9908161759376526
DBAASPS_12703,0.9909027814865112
DBAASPS_12704,0.9909495711326599
DBAASPS_12705,0.9904391169548035
DBAASPS_12706,0.9907606244087219
DBAASPS_12707,0.9908818006515503
DBAASPS_12708,0.9909403324127197
DBAASPS_12709,0.9909725189208984
DBAASPS_12710,0.9907925724983215
DBAASPS_12711,0.9908803105354309
DBAASPS_12712,0.9901371598243713
DBAASPS_12713,0.9906291961669922
DBAASPS_12714,0.9908089637756348
DBAASPS_12715,0.9908950328826904
DBAASPS_12716,0.9909422397613525
DBAASPS_12717,0.9905340075492859
DBAASPS_12718,0.9907972812652588
DBAASPS_12719,0.9908987283706665
DBAASPS_12720,0.9909481406211853
DBAASPS_12721,0.9909756183624268
DBAASPS_12722,0.9907878637313843
DBAASPS_12723,0.9908779859542847
DBAASPS_12724,0.4101473391056061
DBAASPS_12726,0.5241199731826782
DBAASPS_12728,0.4153207838535309
DBAASPS_12730,0.9204350113868713
DBAASPS_12733,0.8947460651397705
DBAASPS_12745,0.8115017414093018
DBAASPS_12746,0.8429540395736694
DBAASPS_12750,0.6885335445404053
DBAASPS_12752,0.12824061512947083
DBAASPS_12756,0.9855415225028992
DBAASPS_12757,0.9850969314575195
DBAASPS_12758,0.98854660987854
DBAASPS_12759,0.9898425340652466
DBAASPS_12760,0.9895117282867432
DBAASPS_12763,0.9844644069671631
DBAASPS_12764,0.43713805079460144
DBAASPS_12765,0.9808685183525085
DBAASPS_12766,0.9763461351394653
DBAASPS_12767,0.9861457943916321
DBAASPS_12769,0.3205443024635315
DBAASPS_12770,0.607297956943512
DBAASPS_12771,0.9785317182540894
DBAASPS_12772,0.9481630921363831
DBAASPS_12773,0.9844551086425781
DBAASPS_12774,0.9588894844055176
DBAASPS_12775,0.9844396710395813
DBAASPS_12776,0.9863837957382202
DBAASPS_12777,0.04047062620520592
DBAASPS_12778,0.3885623514652252
DBAASPS_12781,0.9905888438224792
DBAASPS_12782,0.9896905422210693
DBAASPS_12783,0.9905642867088318
DBAASPS_12784,0.9851332902908325
DBAASPS_12787,0.9901023507118225
DBAASPS_12788,0.9861977100372314
DBAASPS_12789,0.988427460193634
DBAASPS_12792,0.9869720935821533
DBAASPS_12793,0.9769074320793152
DBAASPS_12794,0.9866697788238525
DBAASPS_12795,0.9885643124580383
DBAASPS_12799,0.9885611534118652
DBAASPS_12800,0.988351583480835
DBAASPS_12801,0.06906306743621826
DBAASPS_12802,0.027223775163292885
DBAASPS_12803,0.14841964840888977
DBAASPS_12805,0.06661263853311539
DBAASPS_12806,0.07238346338272095
DBAASPS_12811,0.9765332937240601
DBAASPS_12812,0.9888643622398376
DBAASPS_12813,0.8818868398666382
DBAASPS_12814,0.9461053013801575
DBAASPS_12815,0.9206447601318359
DBAASPS_12816,0.8835086226463318
DBAASPS_12817,0.9470280408859253
DBAASPS_12818,0.9880352020263672
DBAASPS_12822,0.969539225101471
DBAASPS_12823,0.9875016212463379
DBAASPS_12826,0.7650293111801147
DBAASPS_12827,0.98433917760849
DBAASPS_12828,0.9890009164810181
DBAASPS_12829,0.14646896719932556
DBAASPS_12830,0.9903844594955444
DBAASPS_12831,0.9702710509300232
DBAASPS_12832,0.9776433110237122
DBAASPS_12833,0.8925697803497314
DBAASPS_12834,0.5310851335525513
DBAASPS_12835,0.43231868743896484
DBAASPS_12836,0.9852846264839172
DBAASPS_12837,0.9830957651138306
DBAASPS_12839,0.981491208076477
DBAASPS_12840,0.9886723756790161
DBAASPS_12842,0.96354079246521
DBAASPS_12843,0.7316704988479614
DBAASPS_12845,0.9888701438903809
DBAASPS_12846,0.24786223471164703
DBAASPS_12847,0.9063209891319275
DBAASPS_12848,0.9895150661468506
DBAASPS_12853,0.2483152598142624
DBAASPS_12854,0.9590784311294556
DBAASPS_12855,0.870409369468689
DBAASPS_12856,0.2780318558216095
DBAASPS_12857,0.9861783385276794
DBAASPS_12858,0.8996601700782776
DBAASPS_12859,0.5126023888587952
DBAASPS_12860,0.9895588159561157
DBAASPS_12861,0.966498613357544
DBAASPS_12862,0.980815052986145
DBAASPS_12863,0.12737290561199188
DBAASPS_12864,0.7306287288665771
DBAASPS_12865,0.9530042409896851
DBAASPS_12866,0.13976623117923737
DBAASPS_12867,0.9058223366737366
DBAASPS_12868,0.5041349530220032
DBAASPS_12869,0.032938625663518906
DBAASPS_12870,0.9742103815078735
DBAASPS_12873,0.9743478894233704
DBAASPS_12875,0.9655085206031799
DBAASPS_12876,0.849563479423523
DBAASPS_12877,0.9370729923248291
DBAASPS_12883,0.03246947377920151
DBAASPS_12892,0.9827073216438293
DBAASPS_12894,0.9909396171569824
DBAASPS_12895,0.9908402562141418
DBAASPS_12896,0.9906595349311829
DBAASPS_12897,0.9746394753456116
DBAASPS_12900,0.9614093899726868
DBAASPS_12901,0.9600250720977783
DBAASPS_12903,0.9378953576087952
DBAASPS_12905,0.9898554086685181
DBAASPS_12906,0.9904478192329407
DBAASPS_12907,0.990594208240509
DBAASPS_12908,0.9883845448493958
DBAASPS_12909,0.9904610514640808
DBAASPS_12910,0.9900040626525879
DBAASPS_12911,0.990674614906311
DBAASPS_12912,0.9848209023475647
DBAASPS_12913,0.43118906021118164
DBAASPS_12914,0.9616124629974365
DBAASPS_12915,0.709924042224884
DBAASPS_12916,0.7316299080848694
DBAASPS_12917,0.9895687103271484
DBAASPS_12918,0.878597617149353
DBAASPS_12919,0.9858986139297485
DBAASPS_12920,0.9652758836746216
DBAASPS_12921,0.9154140949249268
DBAASPS_12922,0.9885172247886658
DBAASPS_12923,0.9908939003944397
DBAASPS_12924,0.9909446239471436
DBAASPS_12929,0.17395606637001038
DBAASPS_12930,0.2956305146217346
DBAASPS_12931,0.07078160345554352
DBAASPS_12932,0.10013988614082336
DBAASPS_12933,0.08203452825546265
DBAASPS_12934,0.6338746547698975
DBAASPS_12935,0.9506632089614868
DBAASPS_12936,0.32233986258506775
DBAASPS_12937,0.17017431557178497
DBAASPS_12938,0.3042115867137909
DBAASPS_12939,0.11703597754240036
DBAASPS_12940,0.025227732956409454
DBAASPS_12941,0.04670543596148491
DBAASPS_12942,0.5832547545433044
DBAASPS_12948,0.9635406732559204
DBAASPS_12949,0.6009154319763184
DBAASPS_12950,0.9332886934280396
DBAASPR_12951,0.9747934341430664
DBAASPS_12952,0.6672472953796387
DBAASPS_12953,0.9812312126159668
DBAASPS_12955,0.21614490449428558
DBAASPS_12956,0.15933990478515625
DBAASPS_12957,0.476065993309021
DBAASPS_12958,0.9909263253211975
DBAASPS_12959,0.9898347854614258
DBAASPS_12960,0.990268886089325
DBAASPS_12961,0.16820085048675537
DBAASPS_12962,0.019773384556174278
DBAASPS_12963,0.04478662461042404
DBAASPS_12964,0.1396341323852539
DBAASPS_12965,0.24481865763664246
DBAASPS_12976,0.09173667430877686
DBAASPS_12977,0.09629020094871521
DBAASPS_12978,0.069829560816288
DBAASPS_12979,0.05331306904554367
DBAASPS_12980,0.0394015870988369
DBAASPS_12981,0.04146160930395126
DBAASPS_12982,0.03801550716161728
DBAASPS_12983,0.036947160959243774
DBAASPS_12984,0.034512098878622055
DBAASPS_12987,0.9583895802497864
DBAASPS_12989,0.8843752145767212
DBAASPS_12990,0.17195411026477814
DBAASPS_12991,0.6358056664466858
DBAASPS_12992,0.1550077199935913
DBAASPS_12993,0.667559802532196
DBAASPS_12997,0.11401274055242538
DBAASPS_12998,0.05386156216263771
DBAASPS_12999,0.09497150778770447
DBAASPS_13004,0.7309731245040894
DBAASPS_13005,0.3566029369831085
DBAASPS_13006,0.9780609607696533
DBAASPS_13007,0.9866062998771667
DBAASPS_13008,0.9873151779174805
DBAASPS_13009,0.9870119094848633
DBAASPS_13010,0.9894502758979797
DBAASPS_13011,0.9692122340202332
DBAASPS_13012,0.9878956079483032
DBAASPS_13013,0.9899278283119202
DBAASPS_13014,0.9854851365089417
DBAASPS_13015,0.9834317564964294
DBAASPS_13016,0.9831043481826782
DBAASPS_13017,0.9715110063552856
DBAASPS_13018,0.98736172914505
DBAASPS_13019,0.9863293170928955
DBAASPS_13020,0.9746153950691223
DBAASPS_13021,0.9311493635177612
DBAASPS_13022,0.7655476927757263
DBAASPS_13023,0.48483943939208984
DBAASPS_13024,0.9510509371757507
DBAASPS_13025,0.94871586561203
DBAASPS_13026,0.9549431204795837
DBAASPS_13028,0.967525839805603
DBAASPS_13029,0.9847900867462158
DBAASPS_13030,0.4116273820400238
DBAASPS_13031,0.19475413858890533
DBAASPS_13032,0.1883251816034317
DBAASPS_13033,0.12749862670898438
DBAASPS_13034,0.29554563760757446
DBAASPS_13035,0.7089894413948059
DBAASPS_13036,0.5109594464302063
DBAASPS_13037,0.1427764892578125
DBAASPS_13038,0.32713547348976135
DBAASPS_13039,0.986660897731781
DBAASPS_13040,0.9788084030151367
DBAASPS_13041,0.2048482596874237
DBAASPS_13050,0.9892939925193787
DBAASPS_13051,0.9843602776527405
DBAASPS_13052,0.9898356795310974
DBAASPS_13053,0.990537703037262
DBAASPS_13054,0.47450727224349976
DBAASPS_13055,0.9076701402664185
DBAASPS_13056,0.9882261753082275
DBAASPS_13057,0.987748384475708
DBAASPS_13065,0.9543877840042114
DBAASPS_13066,0.9409544467926025
DBAASPS_13067,0.955034077167511
DBAASPS_13068,0.5607020258903503
DBAASPS_13069,0.8198420405387878
DBAASPS_13070,0.8919077515602112
DBAASPS_13071,0.9084622859954834
DBAASPS_13072,0.917780876159668
DBAASPS_13073,0.9572871923446655
DBAASPS_13078,0.9851059913635254
DBAASPS_13079,0.9873402714729309
DBAASPS_13088,0.9837068915367126
DBAASPS_13089,0.9845569133758545
DBAASPS_13090,0.9832101464271545
DBAASPS_13091,0.9899792671203613
DBAASPS_13092,0.9891863465309143
DBAASPS_13093,0.9896845817565918
DBAASPS_13094,0.9858004450798035
DBAASPS_13095,0.9834586381912231
DBAASPS_13096,0.9779810309410095
DBAASPS_13097,0.9856768846511841
DBAASPS_13102,0.951698899269104
DBAASPS_13103,0.9039438962936401
DBAASPS_13104,0.7516324520111084
DBAASPS_13105,0.9718012809753418
DBAASPS_13106,0.9713499546051025
DBAASPS_13121,0.09173667430877686
DBAASPS_13124,0.9868108630180359
DBAASPS_13125,0.9889044165611267
DBAASPS_13126,0.9770596623420715
DBAASPS_13127,0.9859445095062256
DBAASPS_13153,0.06894030421972275
DBAASPS_13156,0.8620190024375916
DBAASPS_13169,0.9764633178710938
DBAASPS_13172,0.5029139518737793
DBAASPS_13173,0.11521836370229721
DBAASPS_13174,0.19419161975383759
DBAASPS_13177,0.8340137600898743
DBAASPS_13178,0.6421681046485901
DBAASPS_13179,0.07261822372674942
DBAASPS_13180,0.2855621576309204
DBAASPS_13193,0.9445935487747192
DBAASPS_13194,0.9893574118614197
DBAASPS_13195,0.9611889719963074
DBAASPS_13196,0.9897057414054871
DBAASPS_13205,0.9857391715049744
DBAASPS_13213,0.9838162064552307
DBAASPS_13245,0.9517818689346313
DBAASPS_13246,0.9887070655822754
DBAASPS_13247,0.969846248626709
DBAASPS_13248,0.9358106255531311
DBAASPS_13249,0.5118297338485718
DBAASPS_13250,0.8811758160591125
DBAASPS_13251,0.9003527164459229
DBAASPS_13252,0.9494393467903137
DBAASPS_13253,0.977376401424408
DBAASPR_13255,0.9894485473632812
DBAASPR_13256,0.986746072769165
DBAASPR_13273,0.15512461960315704
DBAASPN_13304,0.3362791836261749
DBAASPS_13307,0.46707287430763245
DBAASPS_13308,0.2314263880252838
DBAASPS_13309,0.44228094816207886
DBAASPS_13310,0.39920303225517273
DBAASPS_13311,0.40397751331329346
DBAASPS_13312,0.2670247256755829
DBAASPS_13313,0.20822590589523315
DBAASPS_13316,0.37712979316711426
DBAASPS_13319,0.6658686995506287
DBAASPS_13328,0.23703448474407196
DBAASPS_13330,0.9904846549034119
DBAASPS_13331,0.9787431955337524
DBAASPS_13343,0.9896777868270874
DBAASPS_13346,0.12595099210739136
DBAASPS_13352,0.9754848480224609
DBAASPS_13353,0.9867240786552429
DBAASPS_13354,0.9875293970108032
DBAASPS_13355,0.987825334072113
DBAASPS_13356,0.9880180358886719
DBAASPS_13357,0.9881727695465088
DBAASPS_13358,0.988311231136322
DBAASPS_13359,0.9887979626655579
DBAASPS_13360,0.9893526434898376
DBAASPS_13361,0.9549162983894348
DBAASPS_13362,0.9217832684516907
DBAASPS_13363,0.8545631170272827
DBAASPS_13364,0.9754032492637634
DBAASPS_13365,0.9862178564071655
DBAASPS_13366,0.9885592460632324
DBAASPS_13367,0.9908941388130188
DBAASPS_13368,0.9909480214118958
DBAASPS_13369,0.9909780025482178
DBAASPS_13370,0.9909964203834534
DBAASPS_13371,0.9904468059539795
DBAASPS_13372,0.990590512752533
DBAASPS_13373,0.971865713596344
DBAASPS_13374,0.4461476504802704
DBAASPS_13375,0.9887844324111938
DBAASPS_13376,0.9887853860855103
DBAASPS_13377,0.9887405037879944
DBAASPS_13378,0.9886731505393982
DBAASPS_13379,0.9885943531990051
DBAASPS_13380,0.9884218573570251
DBAASPS_13381,0.9880638718605042
DBAASPS_13382,0.9876425266265869
DBAASPS_13383,0.6098811626434326
DBAASPS_13384,0.9407539367675781
DBAASPS_13385,0.9827024340629578
DBAASPS_13386,0.9862686991691589
DBAASPS_13387,0.9880241751670837
DBAASPS_13388,0.989000141620636
DBAASPS_13389,0.9895928502082825
DBAASPS_13390,0.9907955527305603
DBAASPS_13391,0.9909277558326721
DBAASPS_13393,0.9700177907943726
DBAASPS_13394,0.9870111346244812
DBAASPS_13395,0.9877850413322449
DBAASPS_13396,0.9886974692344666
DBAASPS_13397,0.9892663359642029
DBAASPS_13398,0.9896479249000549
DBAASPS_13399,0.9899182319641113
DBAASPS_13400,0.9906232357025146
DBAASPS_13401,0.9908375144004822
DBAASPS_13402,0.9743791222572327
DBAASPS_13403,0.9834966659545898
DBAASPS_13404,0.9395856261253357
DBAASPS_13405,0.98968106508255
DBAASPS_13406,0.9833890199661255
DBAASPS_13407,0.987321138381958
DBAASPS_13408,0.9489805698394775
DBAASPS_13409,0.9537047147750854
DBAASPS_13410,0.9535461664199829
DBAASPS_13411,0.10005764663219452
DBAASPS_13412,0.9859417080879211
DBAASPS_13413,0.9811410307884216
DBAASPS_13414,0.9752538800239563
DBAASPS_13416,0.19648660719394684
DBAASPS_13417,0.21511422097682953
DBAASPS_13421,0.9756872057914734
DBAASPS_13422,0.8537864089012146
DBAASPS_13423,0.13689430058002472
DBAASPS_13427,0.48954659700393677
DBAASPS_13428,0.98972487449646
DBAASPR_13431,0.031623780727386475
DBAASPN_13432,0.5274866819381714
DBAASPN_13437,0.07429546117782593
DBAASPS_13442,0.9805835485458374
DBAASPS_13464,0.9697575569152832
DBAASPS_13485,0.9662325382232666
DBAASPS_13486,0.9654451012611389
DBAASPS_13487,0.9833179712295532
DBAASPR_13490,0.8279241323471069
DBAASPS_13491,0.8652462959289551
DBAASPS_13492,0.957683265209198
DBAASPS_13493,0.9266282320022583
DBAASPS_13494,0.9649266600608826
DBAASPS_13495,0.9570385217666626
DBAASPS_13496,0.987148106098175
DBAASPS_13497,0.6242089867591858
DBAASPS_13498,0.6658918857574463
DBAASPS_13499,0.3428417146205902
DBAASPS_13500,0.7045201659202576
DBAASPS_13502,0.9885373115539551
DBAASPS_13508,0.15954305231571198
DBAASPS_13509,0.15954305231571198
DBAASPS_13511,0.35894930362701416
DBAASPS_13512,0.35894930362701416
DBAASPS_13530,0.9890162944793701
DBAASPS_13531,0.9891678690910339
DBAASPS_13532,0.989924967288971
DBAASPS_13533,0.9891066551208496
DBAASPS_13534,0.989065945148468
DBAASPS_13535,0.9878412485122681
DBAASPS_13536,0.9887250661849976
DBAASPS_13537,0.9901707768440247
DBAASPS_13538,0.9900793433189392
DBAASPS_13540,0.9869534969329834
DBAASPS_13544,0.9876707792282104
DBAASPS_13551,0.9900388717651367
DBAASPS_13552,0.9895169734954834
DBAASPS_13553,0.9902803897857666
DBAASPS_13554,0.9901686906814575
DBAASPS_13562,0.9895466566085815
DBAASPS_13563,0.9895910024642944
DBAASPS_13564,0.9875165224075317
DBAASPS_13565,0.9882497191429138
DBAASPS_13566,0.9894183874130249
DBAASPS_13567,0.9901527166366577
DBAASPS_13568,0.9880173206329346
DBAASPS_13569,0.9883053302764893
DBAASPS_13570,0.9895610213279724
DBAASPS_13588,0.052979081869125366
DBAASPS_13589,0.07241442799568176
DBAASPS_13590,0.09242617338895798
DBAASPR_13628,0.5795608758926392
DBAASPS_13629,0.9886653423309326
DBAASPS_13630,0.9753767251968384
DBAASPS_13631,0.9905951619148254
DBAASPS_13632,0.9907885193824768
DBAASPS_13633,0.9883513450622559
DBAASPS_13634,0.9903769493103027
DBAASPS_13635,0.9908320307731628
DBAASPS_13636,0.9898720383644104
DBAASPS_13637,0.38603779673576355
DBAASPS_13638,0.9555554986000061
DBAASPS_13639,0.6782962083816528
DBAASPS_13640,0.6356003284454346
DBAASPS_13641,0.058310847729444504
DBAASPS_13642,0.31899020075798035
DBAASPS_13643,0.9032484292984009
DBAASPS_13644,0.31952014565467834
DBAASPS_13645,0.9819945096969604
DBAASPS_13646,0.9907535910606384
DBAASPS_13653,0.9848756790161133
DBAASPS_13654,0.9876336455345154
DBAASPS_13661,0.9746143221855164
DBAASPS_13664,0.16460013389587402
DBAASPS_13665,0.0839768499135971
DBAASPS_13666,0.9845287203788757
DBAASPS_13668,0.9814661145210266
DBAASPS_13701,0.8564703464508057
DBAASPS_13707,0.554475724697113
DBAASPS_13714,0.6799983978271484
DBAASPS_13715,0.20148611068725586
DBAASPS_13716,0.9725935459136963
DBAASPS_13717,0.9619572162628174
DBAASPS_13718,0.8500602841377258
DBAASPS_13719,0.985917866230011
DBAASPS_13720,0.5326361060142517
DBAASPS_13721,0.9821533560752869
DBAASPS_13722,0.9464783668518066
DBAASPS_13723,0.9774537086486816
DBAASPS_13724,0.7492886185646057
DBAASPS_13725,0.5131367444992065
DBAASPS_13726,0.9856643676757812
DBAASPS_13727,0.9897849559783936
DBAASPS_13729,0.9869706034660339
DBAASPS_13731,0.9896705150604248
DBAASPS_13735,0.3621160686016083
DBAASPS_13736,0.638123095035553
DBAASPS_13739,0.9887694716453552
DBAASPS_13740,0.9883889555931091
DBAASPS_13741,0.9855455160140991
DBAASPS_13742,0.9862234592437744
DBAASPS_13743,0.9883668422698975
DBAASPS_13745,0.9888371229171753
DBAASPS_13758,0.9043367505073547
DBAASPS_13762,0.9885697960853577
DBAASPS_13765,0.9890273213386536
DBAASPS_13767,0.9860966801643372
DBAASPS_13769,0.9832739233970642
DBAASPS_13772,0.9725256562232971
DBAASPS_13776,0.9877578616142273
DBAASPS_13777,0.9767733216285706
DBAASPS_13778,0.9884344339370728
DBAASPS_13786,0.013102631084620953
DBAASPR_13804,0.9676235914230347
DBAASPR_13805,0.09680016338825226
DBAASPR_13806,0.9087426066398621
DBAASPR_13807,0.983445405960083
DBAASPR_13810,0.9867945909500122
DBAASPS_13811,0.9822968244552612
DBAASPS_13812,0.9856783151626587
DBAASPS_13813,0.9795377254486084
DBAASPS_13814,0.9606776833534241
DBAASPS_13815,0.9855017066001892
DBAASPS_13816,0.9604702591896057
DBAASPS_13817,0.9863399267196655
DBAASPS_13818,0.9837130308151245
DBAASPS_13819,0.9881873726844788
DBAASPS_13820,0.9787304401397705
DBAASPS_13821,0.8549596071243286
DBAASPS_13822,0.9744810461997986
DBAASPS_13823,0.9847195744514465
DBAASPS_13824,0.9880160093307495
DBAASPS_13825,0.9161748886108398
DBAASPS_13826,0.9839638471603394
DBAASPS_13827,0.9373047351837158
DBAASPS_13828,0.7952277660369873
DBAASPS_13829,0.9816144108772278
DBAASPS_13830,0.915026843547821
DBAASPS_13835,0.9844358563423157
DBAASPS_13837,0.9888158440589905
DBAASPS_13838,0.9132391214370728
DBAASPS_13840,0.9812369346618652
DBAASPS_13841,0.9676859378814697
DBAASPS_13842,0.9095904231071472
DBAASPS_13843,0.980417788028717
DBAASPS_13844,0.9712254405021667
DBAASPS_13845,0.9481449723243713
DBAASPS_13846,0.9832691550254822
DBAASPS_13847,0.9756073355674744
DBAASPS_13848,0.9805320501327515
DBAASPS_13850,0.9894063472747803
DBAASPS_13851,0.9891491532325745
DBAASPS_13867,0.984006941318512
DBAASPR_13884,0.9768170118331909
DBAASPS_13896,0.08377207815647125
DBAASPS_13898,0.10354329645633698
DBAASPS_13899,0.09911004453897476
DBAASPS_13915,0.022035636007785797
DBAASPS_13916,0.02509336546063423
DBAASPS_13917,0.048243824392557144
DBAASPS_13918,0.04365880414843559
DBAASPS_13919,0.04031204432249069
DBAASPS_13920,0.06920881569385529
DBAASPS_13921,0.06120868772268295
DBAASPS_13922,0.039148543030023575
DBAASPS_13923,0.036222390830516815
DBAASPS_13924,0.09848913550376892
DBAASPS_13925,0.15423789620399475
DBAASPS_13926,0.03781609237194061
DBAASPS_13927,0.037061452865600586
DBAASPS_13928,0.16409572958946228
DBAASPS_13930,0.9906800389289856
DBAASPS_13931,0.8516927361488342
DBAASPS_13932,0.9633982181549072
DBAASPS_13936,0.9891474843025208
DBAASPS_13937,0.9863346815109253
DBAASPS_13938,0.9834269285202026
DBAASPS_13939,0.9887292385101318
DBAASPS_13940,0.9891196489334106
DBAASPS_13941,0.9904937744140625
DBAASPS_13942,0.990203320980072
DBAASPS_13943,0.9884440898895264
DBAASPS_13944,0.9846131801605225
DBAASPS_13945,0.988029420375824
DBAASPS_13946,0.9874663352966309
DBAASPS_13947,0.9869887828826904
DBAASPS_13948,0.986740231513977
DBAASPS_13949,0.9870054721832275
DBAASPS_13950,0.9866632223129272
DBAASPS_13951,0.9886183142662048
DBAASPS_13952,0.983905017375946
DBAASPS_13953,0.988739013671875
DBAASPS_13954,0.9871405959129333
DBAASPS_13955,0.9855907559394836
DBAASPS_13956,0.9890419840812683
DBAASPS_13957,0.9864382147789001
DBAASPS_13958,0.9880633354187012
DBAASPS_13959,0.9877304434776306
DBAASPS_13960,0.9780768156051636
DBAASPS_13961,0.9850592613220215
DBAASPS_13962,0.9862618446350098
DBAASPS_13963,0.9885031580924988
DBAASPS_13967,0.9859246015548706
DBAASPR_13972,0.9673791527748108
DBAASPS_13975,0.9607821106910706
DBAASPS_13978,0.9902545213699341
DBAASPS_13979,0.9900187253952026
DBAASPS_13980,0.9897527098655701
DBAASPS_13981,0.9904263019561768
DBAASPS_13982,0.9886266589164734
DBAASPS_13983,0.990172266960144
DBAASPS_13984,0.5776821970939636
DBAASPS_13985,0.9814554452896118
DBAASPS_13986,0.9755082130432129
DBAASPS_13987,0.8200700879096985
DBAASPS_13988,0.4744037389755249
DBAASPS_13989,0.8369960188865662
DBAASPS_13990,0.9851030707359314
DBAASPR_13996,0.670158326625824
DBAASPS_13998,0.9896655678749084
DBAASPS_13999,0.9141385555267334
DBAASPS_14000,0.9896604418754578
DBAASPS_14001,0.9890662431716919
DBAASPS_14002,0.9883226752281189
DBAASPS_14003,0.9796192646026611
DBAASPS_14004,0.8684359192848206
DBAASPS_14005,0.9890554547309875
DBAASPS_14006,0.9873594641685486
DBAASPS_14010,0.9818916916847229
DBAASPS_14011,0.974607527256012
DBAASPS_14012,0.9631338119506836
DBAASPS_14013,0.06417101621627808
DBAASPS_14014,0.18804192543029785
DBAASPS_14015,0.08811996132135391
DBAASPS_14016,0.04639527201652527
DBAASPS_14017,0.041268132627010345
DBAASPS_14018,0.15240821242332458
DBAASPS_14020,0.9886227250099182
DBAASPS_14021,0.9847849011421204
DBAASPS_14031,0.9459560513496399
DBAASPS_14032,0.9660678505897522
DBAASPS_14033,0.9760576486587524
DBAASPS_14034,0.9704671502113342
DBAASPS_14035,0.9898185729980469
DBAASPS_14040,0.9384335279464722
DBAASPS_14041,0.9904604554176331
DBAASPS_14042,0.9901251196861267
DBAASPS_14043,0.9906746745109558
DBAASPS_14045,0.9908046126365662
DBAASPS_14046,0.08335467427968979
DBAASPS_14047,0.09308694303035736
DBAASPS_14049,0.8366280198097229
DBAASPS_14050,0.08449988067150116
DBAASPS_14063,0.9827966690063477
DBAASPS_14069,0.9753174185752869
DBAASPS_14073,0.9893468022346497
DBAASPS_14074,0.6221016049385071
DBAASPS_14076,0.037151485681533813
DBAASPS_14078,0.9880278706550598
DBAASPS_14079,0.9884163737297058
DBAASPS_14080,0.9834318161010742
DBAASPS_14081,0.9893189668655396
DBAASPS_14082,0.9645636081695557
DBAASPS_14083,0.9903751015663147
DBAASPS_14084,0.973233163356781
DBAASPS_14086,0.8902671933174133
DBAASPS_14089,0.9835835695266724
DBAASPS_14091,0.9876817464828491
DBAASPS_14096,0.986436665058136
DBAASPS_14098,0.9847738146781921
DBAASPS_14101,0.9898009300231934
DBAASPS_14102,0.5758020877838135
DBAASPS_14103,0.9899255037307739
DBAASPS_14105,0.9794541597366333
DBAASPS_14107,0.9906996488571167
DBAASPS_14111,0.9897624850273132
DBAASPS_14112,0.2927778363227844
DBAASPS_14113,0.8977000713348389
DBAASPS_14114,0.9906625747680664
DBAASPS_14115,0.8489490151405334
DBAASPS_14116,0.9908348917961121
DBAASPS_14117,0.9896237850189209
DBAASPS_14118,0.9895203709602356
DBAASPS_14119,0.8131571412086487
DBAASPS_14120,0.4797030985355377
DBAASPS_14121,0.9899611473083496
DBAASPS_14122,0.9819111824035645
DBAASPS_14126,0.07759997248649597
DBAASPS_14127,0.9226920008659363
DBAASPS_14134,0.07116805762052536
DBAASPS_14135,0.02393978089094162
DBAASPS_14136,0.9907453060150146
DBAASPS_14137,0.9905954599380493
DBAASPS_14138,0.9900811910629272
DBAASPS_14139,0.9903997182846069
DBAASPS_14151,0.20924489200115204
DBAASPS_14159,0.9720764756202698
DBAASPS_14160,0.9795249104499817
DBAASPS_14161,0.9784074425697327
DBAASPS_14164,0.9908367991447449
DBAASPS_14165,0.990492045879364
DBAASPS_14174,0.983127236366272
DBAASPS_14175,0.9857479929924011
DBAASPS_14176,0.563054621219635
DBAASPS_14178,0.9881129860877991
DBAASPS_14180,0.9852463603019714
DBAASPS_14182,0.9763385653495789
DBAASPS_14183,0.9739638566970825
DBAASPS_14184,0.9756495356559753
DBAASPS_14185,0.9828206300735474
DBAASPS_14186,0.9848939776420593
DBAASPS_14190,0.9895902872085571
DBAASPS_14194,0.01956571452319622
DBAASPS_14197,0.5345937609672546
DBAASPS_14198,0.9889907836914062
DBAASPS_14199,0.9899597764015198
DBAASPS_14207,0.9874385595321655
DBAASPS_14208,0.9886981844902039
DBAASPS_14209,0.9893785119056702
DBAASPS_14214,0.9905554056167603
DBAASPS_14226,0.8772287964820862
DBAASPS_14227,0.9878699779510498
DBAASPS_14232,0.9875577092170715
DBAASPS_14235,0.9883089065551758
DBAASPS_14236,0.9880298376083374
DBAASPS_14237,0.9889736771583557
DBAASPS_14240,0.9887982606887817
DBAASPS_14241,0.984533429145813
DBAASPS_14242,0.9824913740158081
DBAASPS_14243,0.9892084002494812
DBAASPR_14244,0.2588542699813843
DBAASPS_14245,0.9273477792739868
DBAASPS_14246,0.883661687374115
DBAASPS_14247,0.9742626547813416
DBAASPS_14248,0.9874553084373474
DBAASPS_14258,0.988589346408844
DBAASPS_14274,0.9806241393089294
DBAASPS_14276,0.17616243660449982
DBAASPS_14277,0.1537560522556305
DBAASPS_14278,0.782791018486023
DBAASPS_14279,0.2662070095539093
DBAASPS_14301,0.9904462695121765
DBAASPS_14302,0.9907295107841492
DBAASPS_14303,0.990356981754303
DBAASPS_14304,0.9902905225753784
DBAASPR_14313,0.947434663772583
DBAASPR_14314,0.9532933831214905
DBAASPR_14315,0.821947455406189
DBAASPR_14316,0.9642754793167114
DBAASPS_14319,0.9908305406570435
DBAASPS_14321,0.44569459557533264
DBAASPS_14323,0.8889879584312439
DBAASPS_14325,0.7916457653045654
DBAASPS_14326,0.9849562048912048
DBAASPS_14327,0.9027814865112305
DBAASPS_14329,0.9025547504425049
DBAASPS_14330,0.882796049118042
DBAASPS_14333,0.29445645213127136
DBAASPS_14372,0.97591632604599
DBAASPS_14392,0.9832209944725037
DBAASPS_14393,0.21606853604316711
DBAASPS_14398,0.9897109270095825
DBAASPS_14399,0.5910226106643677
DBAASPS_14400,0.8055849671363831
DBAASPS_14404,0.9884106516838074
DBAASPS_14405,0.9875652194023132
DBAASPS_14406,0.9583035707473755
DBAASPS_14407,0.3308398723602295
DBAASPS_14408,0.5710092782974243
DBAASPS_14409,0.2377205789089203
DBAASPS_14410,0.9343671202659607
DBAASPS_14411,0.5893732309341431
DBAASPS_14426,0.974487841129303
DBAASPS_14432,0.02603442408144474
DBAASPS_14433,0.14538352191448212
DBAASPS_14434,0.7016133666038513
DBAASPS_14435,0.9764814376831055
DBAASPS_14436,0.989178478717804
DBAASPS_14437,0.989178478717804
DBAASPS_14438,0.989178478717804
DBAASPS_14439,0.989809513092041
DBAASPS_14440,0.9891383051872253
DBAASPS_14441,0.9904765486717224
DBAASPS_14442,0.9860213398933411
DBAASPS_14443,0.9858560562133789
DBAASPS_14444,0.9824721217155457
DBAASPS_14445,0.9827185273170471
DBAASPS_14450,0.9866365790367126
DBAASPS_14497,0.9560235738754272
DBAASPS_14501,0.9807026982307434
DBAASPS_14502,0.9799795746803284
DBAASPS_14503,0.9860641360282898
DBAASPS_14507,0.9858539700508118
DBAASPS_14509,0.978829562664032
DBAASPS_14512,0.9860661029815674
DBAASPS_14513,0.9843065142631531
DBAASPS_14514,0.9855921864509583
DBAASPS_14515,0.9862309098243713
DBAASPS_14516,0.9844477772712708
DBAASPS_14517,0.9852564334869385
DBAASPS_14523,0.9879753589630127
DBAASPS_14524,0.935512363910675
DBAASPS_14525,0.9861457943916321
DBAASPS_14526,0.9856791496276855
DBAASPS_14527,0.9875195026397705
DBAASPS_14534,0.9858582615852356
DBAASPS_14535,0.9871993660926819
DBAASPS_14536,0.9858378171920776
DBAASPS_14537,0.9869089126586914
DBAASPS_14538,0.9856948852539062
DBAASPS_14545,0.9723463654518127
DBAASPS_14546,0.9846862554550171
DBAASPS_14547,0.9779266715049744
DBAASPS_14548,0.9811549186706543
DBAASPS_14549,0.9504046440124512
DBAASPS_14550,0.9770666360855103
DBAASPS_14551,0.9854816794395447
DBAASPS_14552,0.9875509738922119
DBAASPS_14553,0.9861198663711548
DBAASPS_14554,0.9675489068031311
DBAASPS_14555,0.9443352222442627
DBAASPS_14556,0.9434365034103394
DBAASPS_14557,0.986596941947937
DBAASPS_14558,0.9869429469108582
DBAASPS_14559,0.9852390289306641
DBAASPS_14560,0.9693859815597534
DBAASPS_14561,0.9525172114372253
DBAASPS_14562,0.9559513926506042
DBAASPS_14563,0.9847567677497864
DBAASPS_14564,0.9883097410202026
DBAASPS_14565,0.9879711270332336
DBAASPS_14566,0.9620240926742554
DBAASPS_14567,0.9700990915298462
DBAASPS_14568,0.9388877153396606
DBAASPS_14569,0.9844954609870911
DBAASPS_14570,0.9868831634521484
DBAASPS_14571,0.9878843426704407
DBAASPS_14572,0.9780405759811401
DBAASPS_14573,0.9647091627120972
DBAASPS_14574,0.9705501794815063
DBAASPS_14575,0.8208830952644348
DBAASPS_14576,0.8770574331283569
DBAASPS_14577,0.6162242889404297
DBAASPS_14578,0.9558444619178772
DBAASPS_14579,0.874008059501648
DBAASPS_14580,0.9691441655158997
DBAASPS_14581,0.9822521209716797
DBAASPS_14582,0.9848750233650208
DBAASPS_14585,0.9846779704093933
DBAASPS_14586,0.9750919938087463
DBAASPS_14587,0.9855419993400574
DBAASPS_14588,0.9833054542541504
DBAASPS_14589,0.9837392568588257
DBAASPS_14590,0.982042670249939
DBAASPS_14591,0.9872573614120483
DBAASPS_14592,0.9881370663642883
DBAASPS_14593,0.9887758493423462
DBAASPS_14594,0.9863388538360596
DBAASPS_14596,0.9862847328186035
DBAASPS_14597,0.9875917434692383
DBAASPS_14598,0.9862663149833679
DBAASPS_14599,0.985984742641449
DBAASPS_14600,0.9877162575721741
DBAASPS_14601,0.9877791404724121
DBAASPS_14602,0.9863571524620056
DBAASPS_14603,0.9870421290397644
DBAASPS_14604,0.9838653802871704
DBAASPS_14605,0.9845653176307678
DBAASPR_14617,0.8444656133651733
DBAASPS_14628,0.9847675561904907
DBAASPS_14629,0.9896008968353271
DBAASPS_14630,0.9899065494537354
DBAASPS_14631,0.9695301055908203
DBAASPS_14632,0.9847182035446167
DBAASPS_14633,0.988055408000946
DBAASPS_14642,0.9694690108299255
DBAASPS_14643,0.8325871229171753
DBAASPS_14644,0.9781234860420227
DBAASPS_14645,0.9861226677894592
DBAASPS_14650,0.9907964468002319
DBAASPS_14657,0.9856964349746704
DBAASPS_14658,0.9748135805130005
DBAASPS_14659,0.9841681122779846
DBAASPS_14670,0.031026247888803482
DBAASPS_14672,0.07480351626873016
DBAASPS_14674,0.9899027347564697
DBAASPS_14676,0.2391066998243332
DBAASPS_14678,0.9898467659950256
DBAASPS_14679,0.058069970458745956
DBAASPS_14680,0.07848816365003586
DBAASPS_14681,0.05202994868159294
DBAASPS_14682,0.09672558307647705
DBAASPS_14683,0.13842691481113434
DBAASPS_14684,0.11723365634679794
DBAASPS_14685,0.06944487988948822
DBAASPS_14686,0.08749576658010483
DBAASPS_14687,0.07789060473442078
DBAASPS_14688,0.06373761594295502
DBAASPS_14689,0.14372491836547852
DBAASPS_14690,0.27643024921417236
DBAASPS_14691,0.08830495178699493
DBAASPS_14693,0.11762194335460663
DBAASPS_14696,0.3160359263420105
DBAASPS_14704,0.9871488809585571
DBAASPS_14705,0.989223837852478
DBAASPS_14707,0.9365774989128113
DBAASPS_14708,0.9601195454597473
DBAASPS_14710,0.9732412099838257
DBAASPS_14711,0.9785403609275818
DBAASPS_14712,0.9870247840881348
DBAASPS_14713,0.988507091999054
DBAASPS_14714,0.8030625581741333
DBAASPS_14715,0.9801487326622009
DBAASPS_14721,0.3428848385810852
DBAASPS_14724,0.9876142740249634
DBAASPS_14739,0.9806764721870422
DBAASPS_14741,0.9868173003196716
DBAASPS_14743,0.9779386520385742
DBAASPN_14747,0.06322310864925385
DBAASPN_14748,0.14563755691051483
DBAASPN_14749,0.09472203999757767
DBAASPN_14750,0.10757949203252792
DBAASPN_14751,0.06407198309898376
DBAASPN_14752,0.06037352606654167
DBAASPS_14753,0.07744484394788742
DBAASPS_14755,0.24608756601810455
DBAASPS_14757,0.26836302876472473
DBAASPS_14760,0.03589337319135666
DBAASPS_14761,0.5417398810386658
DBAASPS_14763,0.3470703959465027
DBAASPN_14764,0.07805777341127396
DBAASPS_14765,0.08114651590585709
DBAASPS_14766,0.11122739315032959
DBAASPS_14767,0.10410173237323761
DBAASPS_14770,0.02115410752594471
DBAASPS_14771,0.019989287480711937
DBAASPS_14772,0.02695632167160511
DBAASPS_14773,0.02358958311378956
DBAASPS_14774,0.047292932868003845
DBAASPS_14775,0.6587897539138794
DBAASPS_14776,0.04432638734579086
DBAASPS_14777,0.20107866823673248
DBAASPS_14778,0.22737851738929749
DBAASPS_14780,0.990094006061554
DBAASPS_14781,0.9902440309524536
DBAASPS_14783,0.9902728796005249
DBAASPS_14784,0.990317165851593
DBAASPS_14785,0.9899695515632629
DBAASPS_14787,0.9890733361244202
DBAASPS_14793,0.9598942995071411
DBAASPS_14795,0.7474010586738586
DBAASPS_14796,0.8567329049110413
DBAASPS_14797,0.947787880897522
DBAASPS_14798,0.41452887654304504
DBAASPS_14799,0.4351953864097595
DBAASPS_14800,0.9400047063827515
DBAASPS_14801,0.6257601976394653
DBAASPS_14802,0.8712007403373718
DBAASPS_14811,0.5735662579536438
DBAASPS_14817,0.8628965020179749
DBAASPS_14819,0.3554627299308777
DBAASPS_14820,0.4200199544429779
DBAASPS_14821,0.7508082985877991
DBAASPS_14822,0.8254269957542419
DBAASPS_14824,0.9263613224029541
DBAASPS_14826,0.03463531285524368
DBAASPS_14827,0.09861558675765991
DBAASPS_14832,0.049552638083696365
DBAASPS_14833,0.38915935158729553
DBAASPR_14834,0.013529106043279171
DBAASPS_14844,0.9749133586883545
DBAASPS_14845,0.5942051410675049
DBAASPS_14846,0.7600292563438416
DBAASPS_14847,0.9636237025260925
DBAASPS_14848,0.9541642069816589
DBAASPS_14849,0.9706037640571594
DBAASPS_14850,0.9361898899078369
DBAASPS_14851,0.8575618863105774
DBAASPS_14852,0.38973766565322876
DBAASPS_14853,0.32674625515937805
DBAASPS_14854,0.9583895802497864
DBAASPS_14855,0.9263613224029541
DBAASPS_14856,0.9263613224029541
DBAASPS_14857,0.9495172500610352
DBAASPS_14858,0.9224495887756348
DBAASPS_14859,0.9555261135101318
DBAASPS_14860,0.9325591921806335
DBAASPN_14861,0.11694207787513733
DBAASPN_14863,0.2270541936159134
DBAASPS_14867,0.9891993999481201
DBAASPS_14868,0.988086462020874
DBAASPS_14869,0.989266574382782
DBAASPN_14870,0.07771988958120346
DBAASPS_14872,0.9882326722145081
DBAASPS_14873,0.9736708402633667
DBAASPS_14874,0.9871254563331604
DBAASPS_14875,0.9849258661270142
DBAASPS_14876,0.9800261855125427
DBAASPS_14877,0.9697715044021606
DBAASPS_14878,0.9778915643692017
DBAASPS_14879,0.9792574048042297
DBAASPS_14880,0.9839238524436951
DBAASPS_14881,0.9830511212348938
DBAASPS_14882,0.9750742316246033
DBAASPS_14883,0.9812379479408264
DBAASPS_14884,0.9832338690757751
DBAASPS_14885,0.9849460124969482
DBAASPS_14889,0.9875791668891907
DBAASPS_14896,0.9833628535270691
DBAASPS_14897,0.9809587597846985
DBAASPS_14899,0.9783848524093628
DBAASPS_14900,0.9823353886604309
DBAASPS_14902,0.9801588654518127
DBAASPS_14949,0.957281768321991
DBAASPS_14950,0.9896832704544067
DBAASPS_14952,0.9651367664337158
DBAASPS_14953,0.9872804880142212
DBAASPS_14958,0.79437255859375
DBAASPS_14959,0.9516388177871704
DBAASPS_14960,0.7011335492134094
DBAASPS_14964,0.9899434447288513
DBAASPS_14965,0.9906478524208069
DBAASPS_14966,0.990522563457489
DBAASPS_14967,0.9597640037536621
DBAASPR_14968,0.9861469268798828
DBAASPR_14969,0.9902980923652649
DBAASPR_14970,0.9763041734695435
DBAASPS_14971,0.15842804312705994
DBAASPS_14972,0.3195815980434418
DBAASPS_14973,0.8159165978431702
DBAASPS_14991,0.9841988682746887
DBAASPS_14992,0.9882600903511047
DBAASPS_14993,0.98932945728302
DBAASPS_14994,0.9898077845573425
DBAASPS_14995,0.990282416343689
DBAASPS_14996,0.990455150604248
DBAASPS_14997,0.9883986711502075
DBAASPS_14998,0.9900882840156555
DBAASPS_14999,0.9902963042259216
DBAASPR_15000,0.9050339460372925
DBAASPR_15001,0.10121876001358032
DBAASPR_15002,0.975749135017395
DBAASPR_15004,0.020923541858792305
DBAASPR_15005,0.16635748744010925
DBAASPR_15006,0.05767282471060753
DBAASPS_15007,0.1434508115053177
DBAASPS_15008,0.9864193797111511
DBAASPS_15020,0.9832838177680969
DBAASPS_15029,0.9701091051101685
DBAASPS_15034,0.9586185812950134
DBAASPS_15035,0.9731581211090088
DBAASPS_15036,0.9874056577682495
DBAASPS_15044,0.9831079244613647
DBAASPS_15049,0.9599052667617798
DBAASPS_15051,0.9201537370681763
DBAASPS_15053,0.9874853491783142
DBAASPS_15054,0.9672685265541077
DBAASPS_15055,0.9734171628952026
DBAASPS_15057,0.9840759634971619
DBAASPS_15058,0.9814314842224121
DBAASPS_15059,0.981127917766571
DBAASPS_15060,0.9890672564506531
DBAASPS_15061,0.9849699139595032
DBAASPS_15062,0.9589546918869019
DBAASPS_15063,0.9898383021354675
DBAASPS_15064,0.9665523767471313
DBAASPS_15065,0.9647794365882874
DBAASPS_15066,0.9857579469680786
DBAASPS_15069,0.9897330403327942
DBAASPS_15070,0.9901588559150696
DBAASPS_15071,0.9768103957176208
DBAASPS_15072,0.9843087196350098
DBAASPS_15073,0.9599229097366333
DBAASPS_15074,0.6196331977844238
DBAASPS_15075,0.8862912058830261
DBAASPS_15082,0.9633511304855347
DBAASPS_15084,0.7750489115715027
DBAASPS_15086,0.9754607677459717
DBAASPS_15087,0.9637547731399536
DBAASPS_15088,0.9684276580810547
DBAASPS_15089,0.9513632655143738
DBAASPS_15090,0.9899446368217468
DBAASPS_15091,0.9858818650245667
DBAASPS_15092,0.990585207939148
DBAASPS_15093,0.9848988652229309
DBAASPS_15097,0.02298271656036377
DBAASPS_15098,0.09173667430877686
DBAASPS_15100,0.02298271656036377
DBAASPS_15102,0.9431257843971252
DBAASPS_15104,0.9549627900123596
DBAASPS_15105,0.7919639945030212
DBAASPS_15106,0.018492817878723145
DBAASPS_15107,0.9886124730110168
DBAASPS_15114,0.9100983142852783
DBAASPS_15115,0.11212219297885895
DBAASPS_15116,0.10587999224662781
DBAASPS_15117,0.10661429166793823
DBAASPS_15118,0.24480529129505157
DBAASPS_15119,0.988440215587616
DBAASPS_15120,0.9887713193893433
DBAASPS_15121,0.9734390377998352
DBAASPS_15122,0.9878512024879456
DBAASPS_15123,0.9860865473747253
DBAASPS_15124,0.26185739040374756
DBAASPS_15125,0.5642714500427246
DBAASPS_15126,0.9515824913978577
DBAASPS_15127,0.26743176579475403
DBAASPS_15128,0.049580901861190796
DBAASPS_15129,0.4087759554386139
DBAASPS_15130,0.9892460703849792
DBAASPS_15131,0.2803550362586975
DBAASPS_15132,0.6800130009651184
DBAASPS_15144,0.9486390948295593
DBAASPS_15145,0.6083933115005493
DBAASPS_15146,0.9816324710845947
DBAASPS_15147,0.1401088386774063
DBAASPS_15148,0.15658262372016907
DBAASPS_15149,0.06444793939590454
DBAASPS_15150,0.07575768977403641
DBAASPS_15151,0.05385090783238411
DBAASPS_15163,0.8568288087844849
DBAASPS_15165,0.7649305462837219
DBAASPS_15167,0.246538445353508
DBAASPS_15169,0.3965456187725067
DBAASPS_15170,0.020058177411556244
DBAASPS_15171,0.2910408675670624
DBAASPS_15176,0.9814400672912598
DBAASPS_15178,0.973085343837738
DBAASPS_15179,0.9694170355796814
DBAASPS_15180,0.296213835477829
DBAASPS_15184,0.882847249507904
DBAASPS_15185,0.9862579703330994
DBAASPS_15186,0.9825607538223267
DBAASPS_15187,0.9692659378051758
DBAASPS_15188,0.9895162582397461
DBAASPS_15189,0.9889387488365173
DBAASPS_15190,0.9878254532814026
DBAASPS_15191,0.9903896450996399
DBAASPS_15192,0.9870985150337219
DBAASPS_15193,0.9899244904518127
DBAASPS_15194,0.9905860424041748
DBAASPS_15195,0.9888551831245422
DBAASPS_15197,0.9897801280021667
DBAASPS_15212,0.9760231375694275
DBAASPS_15239,0.9787166714668274
DBAASPS_15240,0.9643069505691528
DBAASPS_15258,0.022515464574098587
DBAASPS_15259,0.03120233491063118
DBAASPS_15260,0.09900020807981491
DBAASPS_15261,0.018028801307082176
DBAASPS_15264,0.9893180131912231
DBAASPS_15281,0.9338488578796387
DBAASPS_15283,0.6538896560668945
DBAASPS_15285,0.3738155961036682
DBAASPS_15287,0.21100249886512756
DBAASPS_15289,0.04962414875626564
DBAASPS_15291,0.028751906007528305
DBAASPS_15293,0.0981367900967598
DBAASPS_15352,0.7285966873168945
DBAASPS_15353,0.3376094102859497
DBAASPS_15354,0.34685543179512024
DBAASPS_15362,0.10904786735773087
DBAASPS_15372,0.042868394404649734
DBAASPS_15374,0.022508155554533005
DBAASPS_15405,0.0969763994216919
DBAASPS_15406,0.9511476755142212
DBAASPS_15407,0.010938416235148907
DBAASPS_15409,0.023792492225766182
DBAASPS_15410,0.9556261897087097
DBAASPS_15412,0.20636409521102905
DBAASPS_15432,0.03196866065263748
DBAASPS_15433,0.028407007455825806
DBAASPS_15457,0.02805977873504162
DBAASPS_15458,0.02428574673831463
DBAASPS_15459,0.019569700583815575
DBAASPS_15516,0.1794249415397644
DBAASPS_15519,0.07870116829872131
DBAASPS_15555,0.014598491601645947
DBAASPS_15572,0.5350419282913208
DBAASPS_15573,0.3516051173210144
DBAASPS_15574,0.4197814166545868
DBAASPS_15575,0.06277832388877869
DBAASPS_15576,0.07338979095220566
DBAASPS_15578,0.14396122097969055
DBAASPS_15579,0.5246416926383972
DBAASPS_15595,0.9157352447509766
DBAASPS_15596,0.9867298603057861
DBAASPS_15597,0.9792156219482422
DBAASPS_15598,0.9838735461235046
DBAASPS_15599,0.7659696936607361
DBAASPS_15610,0.042546387761831284
DBAASPR_15626,0.517365038394928
DBAASPS_15627,0.5819535255432129
DBAASPS_15628,0.8176504969596863
DBAASPS_15629,0.9413027167320251
DBAASPS_15630,0.9314771890640259
DBAASPS_15631,0.9432634711265564
DBAASPS_15632,0.9820693135261536
DBAASPR_15633,0.987276017665863
DBAASPS_15634,0.9893204569816589
DBAASPS_15635,0.9868903160095215
DBAASPS_15639,0.5008034110069275
DBAASPS_15640,0.08988863229751587
DBAASPS_15641,0.15530143678188324
DBAASPS_15643,0.049639374017715454
DBAASPS_15645,0.024590328335762024
DBAASPS_15646,0.10001705586910248
DBAASPS_15647,0.10780736058950424
DBAASPS_15669,0.60897296667099
DBAASPS_15671,0.7721197009086609
DBAASPS_15673,0.4338550865650177
DBAASPS_15692,0.06139369681477547
DBAASPS_15719,0.05467594787478447
DBAASPS_15727,0.7048564553260803
DBAASPS_15729,0.9064562916755676
DBAASPS_15732,0.4435340464115143
DBAASPS_15733,0.07214973866939545
DBAASPS_15736,0.9021144509315491
DBAASPS_15738,0.9554280638694763
DBAASPS_15739,0.9759164452552795
DBAASPS_15743,0.09683915972709656
DBAASPS_15744,0.09239743649959564
DBAASPS_15793,0.22992758452892303
DBAASPS_15797,0.4478040635585785
DBAASPS_15798,0.9768780469894409
DBAASPS_15799,0.8952688574790955
DBAASPS_15800,0.757439374923706
DBAASPS_15804,0.04663655906915665
DBAASPS_15822,0.7671267986297607
DBAASPS_15823,0.9106971621513367
DBAASPS_15829,0.8695740103721619
DBAASPS_15834,0.892839252948761
DBAASPS_15835,0.6408838033676147
DBAASPS_15836,0.962020218372345
DBAASPS_15837,0.9011858105659485
DBAASPS_15838,0.895013153553009
DBAASPS_15843,0.9895713925361633
DBAASPS_15844,0.9899550080299377
DBAASPS_15845,0.9879835844039917
DBAASPS_15846,0.9892937541007996
DBAASPS_15847,0.9893509149551392
DBAASPS_15848,0.9899140000343323
DBAASPS_15849,0.989486813545227
DBAASPS_15850,0.21653729677200317
DBAASPS_15855,0.06445956975221634
DBAASPS_15856,0.0510067492723465
DBAASPR_15857,0.968131959438324
DBAASPS_15867,0.9878107905387878
DBAASPS_15868,0.9862188696861267
DBAASPS_15869,0.9896174669265747
DBAASPS_15875,0.9777618646621704
DBAASPS_15876,0.9286110997200012
DBAASPS_15877,0.48991337418556213
DBAASPS_15878,0.229040265083313
DBAASPS_15879,0.11377253383398056
DBAASPS_15881,0.9612106680870056
DBAASPS_15882,0.9500530362129211
DBAASPS_15883,0.9754694700241089
DBAASPS_15884,0.9348004460334778
DBAASPS_15885,0.9867385625839233
DBAASPS_15886,0.979943573474884
DBAASPS_15887,0.9527624249458313
DBAASPS_15888,0.9854332804679871
DBAASPS_15889,0.9861559271812439
DBAASPS_15890,0.9872540831565857
DBAASPS_15891,0.9856201410293579
DBAASPS_15892,0.9856083989143372
DBAASPS_15893,0.3667953610420227
DBAASPS_15894,0.42601796984672546
DBAASPS_15895,0.05566365271806717
DBAASPS_15896,0.1855914294719696
DBAASPS_15897,0.10672775655984879
DBAASPS_15898,0.18934661149978638
DBAASPS_15900,0.5928555727005005
DBAASPS_15901,0.9202941060066223
DBAASPS_15902,0.7564810514450073
DBAASPS_15903,0.8766747117042542
DBAASPS_15904,0.9407409429550171
DBAASPS_15907,0.9647059440612793
DBAASPS_15915,0.9893295764923096
DBAASPS_15917,0.9906404614448547
DBAASPS_15920,0.9900393486022949
DBAASPS_15921,0.9906377196311951
DBAASPS_15922,0.9897640347480774
DBAASPS_15924,0.9899682998657227
DBAASPS_15925,0.9896557927131653
DBAASPS_15926,0.9870936274528503
DBAASPS_15927,0.9900524020195007
DBAASPS_15928,0.9898366928100586
DBAASPS_15929,0.9864956140518188
DBAASPS_15930,0.9904797077178955
DBAASPS_15931,0.9880998730659485
DBAASPS_15934,0.6172690987586975
DBAASPS_15935,0.6406298279762268
DBAASPS_15936,0.9553354978561401
DBAASPS_15938,0.9840050935745239
DBAASPS_15939,0.9746091961860657
DBAASPS_15940,0.9764511585235596
DBAASPS_15941,0.9456095099449158
DBAASPS_15942,0.9900797009468079
DBAASPS_15943,0.9900293946266174
DBAASPS_15944,0.9904043674468994
DBAASPS_15945,0.9896454811096191
DBAASPS_15946,0.989065945148468
DBAASPS_15947,0.9738474488258362
DBAASPS_15948,0.9675002098083496
DBAASPS_15949,0.9722106456756592
DBAASPS_15950,0.9644914269447327
DBAASPS_15952,0.9889047741889954
DBAASPS_15953,0.9879167079925537
DBAASPS_15954,0.987739086151123
DBAASPS_15955,0.9906403422355652
DBAASPS_15957,0.9906005859375
DBAASPS_15958,0.9868280291557312
DBAASPS_15959,0.9876112341880798
DBAASPS_15960,0.9833746552467346
DBAASPS_15961,0.9892476797103882
DBAASPS_15962,0.9902015328407288
DBAASPS_15963,0.9907177686691284
DBAASPS_15965,0.9894875288009644
DBAASPS_15974,0.9891793727874756
DBAASPS_15975,0.9800537824630737
DBAASPS_15976,0.9866936206817627
DBAASPS_15977,0.9781187176704407
DBAASPS_15978,0.990807294845581
DBAASPS_15979,0.9906277060508728
DBAASPS_15980,0.9857447147369385
DBAASPS_15981,0.9895022511482239
DBAASPS_15982,0.9894528388977051
DBAASPS_15983,0.9874604344367981
DBAASPS_15984,0.9895885586738586
DBAASPS_15985,0.20533080399036407
DBAASPS_15986,0.9902696013450623
DBAASPS_15987,0.9835892915725708
DBAASPS_15988,0.9893289804458618
DBAASPS_15989,0.9893462061882019
DBAASPS_15995,0.9893046617507935
DBAASPS_15996,0.752435564994812
DBAASPS_15997,0.1630369871854782
DBAASPS_15998,0.9793053865432739
DBAASPS_15999,0.2715446949005127
DBAASPS_16000,0.6469127535820007
DBAASPS_16001,0.9828075766563416
DBAASPS_16002,0.980925977230072
DBAASPS_16003,0.9343389868736267
DBAASPS_16004,0.9807008504867554
DBAASPS_16005,0.08635138720273972
DBAASPS_16006,0.9905205368995667
DBAASPS_16007,0.9878509640693665
DBAASPS_16008,0.9851763248443604
DBAASPS_16009,0.9892897605895996
DBAASPS_16010,0.9880780577659607
DBAASPS_16011,0.9897435307502747
DBAASPS_16012,0.9880415797233582
DBAASPS_16013,0.9772776961326599
DBAASPS_16014,0.9870550632476807
DBAASPS_16015,0.989997148513794
DBAASPS_16016,0.9900258183479309
DBAASPS_16017,0.9893510937690735
DBAASPS_16018,0.9904098510742188
DBAASPS_16019,0.9771848917007446
DBAASPS_16021,0.9205227494239807
DBAASPS_16022,0.780692994594574
DBAASPS_16023,0.9601413607597351
DBAASPS_16024,0.9756384491920471
DBAASPS_16025,0.9883759021759033
DBAASPS_16026,0.9886342883110046
DBAASPS_16034,0.8807581663131714
DBAASPS_16035,0.9832598567008972
DBAASPS_16036,0.9889153838157654
DBAASPS_16037,0.9898505806922913
DBAASPS_16038,0.9900190234184265
DBAASPS_16039,0.9891694188117981
DBAASPS_16040,0.9899779558181763
DBAASPS_16052,0.1093517392873764
DBAASPS_16053,0.11736559867858887
DBAASPS_16054,0.9885129332542419
DBAASPS_16058,0.16712234914302826
DBAASPS_16059,0.4147084951400757
DBAASPS_16060,0.8922560214996338
DBAASPS_16061,0.9746782779693604
DBAASPS_16065,0.9839609861373901
DBAASPS_16071,0.9067597985267639
DBAASPS_16072,0.9751924276351929
DBAASPS_16073,0.8944244384765625
DBAASPS_16074,0.9683123230934143
DBAASPS_16082,0.9892200827598572
DBAASPS_16088,0.9892262816429138
DBAASPS_16090,0.976224958896637
DBAASPS_16094,0.6772522330284119
DBAASPS_16095,0.8808419108390808
DBAASPS_16096,0.8948209881782532
DBAASPR_16099,0.12439515441656113
DBAASPR_16100,0.14040279388427734
DBAASPS_16104,0.9597710371017456
DBAASPS_16111,0.9874365925788879
DBAASPS_16114,0.9602169990539551
DBAASPS_16117,0.07875080406665802
DBAASPS_16118,0.9681505560874939
DBAASPS_16119,0.020426437258720398
DBAASPS_16121,0.9891001582145691
DBAASPS_16122,0.990088701248169
DBAASPS_16124,0.9895817041397095
DBAASPS_16125,0.988490641117096
DBAASPS_16126,0.9890749454498291
DBAASPS_16127,0.9886419773101807
DBAASPS_16128,0.9893015623092651
DBAASPS_16129,0.988750696182251
DBAASPS_16130,0.9898398518562317
DBAASPS_16131,0.9900510907173157
DBAASPS_16132,0.0711575523018837
DBAASPS_16133,0.04071085900068283
DBAASPS_16134,0.03350064530968666
DBAASPS_16135,0.028533337637782097
DBAASPS_16136,0.10005232691764832
DBAASPS_16138,0.08079220354557037
DBAASPS_16139,0.9832540154457092
DBAASPS_16140,0.9842992424964905
DBAASPS_16141,0.989762544631958
DBAASPS_16142,0.9864804744720459
DBAASPS_16144,0.03582632541656494
DBAASPS_16145,0.05243790149688721
DBAASPS_16146,0.06388388574123383
DBAASPS_16147,0.09291552007198334
DBAASPS_16148,0.3151877820491791
DBAASPS_16149,0.9859898686408997
DBAASPS_16150,0.990024209022522
DBAASPS_16151,0.9907280802726746
DBAASPS_16154,0.9776042699813843
DBAASPS_16155,0.9825330972671509
DBAASPS_16156,0.989090621471405
DBAASPS_16157,0.9896472096443176
DBAASPS_16158,0.986901044845581
DBAASPS_16159,0.9882093667984009
DBAASPS_16160,0.9867895841598511
DBAASPS_16161,0.987877368927002
DBAASPR_16167,0.6607034206390381
DBAASPS_16169,0.25988250970840454
DBAASPS_16170,0.3731982707977295
DBAASPS_16171,0.8810285925865173
DBAASPS_16172,0.37324097752571106
DBAASPS_16175,0.9827712774276733
DBAASPS_16176,0.9849860072135925
DBAASPS_16182,0.9842153191566467
DBAASPS_16183,0.8879740834236145
DBAASPS_16184,0.9224581718444824
DBAASPS_16185,0.9296249747276306
DBAASPS_16186,0.7488844990730286
DBAASPS_16187,0.6490999460220337
DBAASPS_16188,0.9887949228286743
DBAASPS_16189,0.9867413640022278
DBAASPS_16190,0.98972088098526
DBAASPS_16191,0.9351286292076111
DBAASPS_16192,0.9873071908950806
DBAASPS_16193,0.8603935837745667
DBAASPR_16194,0.9893145561218262
DBAASPS_16196,0.9897749423980713
DBAASPS_16197,0.989948034286499
DBAASPS_16198,0.7820949554443359
DBAASPS_16199,0.9737185835838318
DBAASPS_16200,0.9864267110824585
DBAASPS_16201,0.9754114151000977
DBAASPS_16202,0.9876124858856201
DBAASPS_16203,0.9270183444023132
DBAASPS_16204,0.057912491261959076
DBAASPS_16205,0.8941514492034912
DBAASPS_16207,0.7608649730682373
DBAASPS_16209,0.982808530330658
DBAASPS_16211,0.30256521701812744
DBAASPS_16213,0.9726130366325378
DBAASPS_16215,0.23132027685642242
DBAASPS_16217,0.1998801827430725
DBAASPS_16219,0.970816969871521
DBAASPS_16221,0.9089680314064026
DBAASPS_16223,0.8939966559410095
DBAASPS_16224,0.9108216166496277
DBAASPS_16225,0.9445982575416565
DBAASPS_16227,0.9475463628768921
DBAASPS_16229,0.102069191634655
DBAASPS_16231,0.977165162563324
DBAASPS_16233,0.9878207445144653
DBAASPS_16244,0.9856244325637817
DBAASPS_16245,0.9869033098220825
DBAASPS_16246,0.9853411316871643
DBAASPS_16247,0.9909200668334961
DBAASPS_16248,0.31313076615333557
DBAASPS_16254,0.7151428461074829
DBAASPS_16269,0.9783347249031067
DBAASPS_16302,0.2179260104894638
DBAASPS_16320,0.8961004614830017
DBAASPS_16323,0.5944611430168152
DBAASPS_16324,0.8592608571052551
DBAASPS_16325,0.8039957880973816
DBAASPS_16326,0.9897961020469666
DBAASPS_16327,0.9842531085014343
DBAASPS_16328,0.9436424374580383
DBAASPS_16329,0.9679207801818848
DBAASPS_16330,0.9745006561279297
DBAASPR_16334,0.32985344529151917
DBAASPR_16335,0.6939523816108704
DBAASPS_16336,0.9604702591896057
DBAASPS_16340,0.9887235760688782
DBAASPS_16346,0.9874200224876404
DBAASPS_16350,0.9810532927513123
DBAASPS_16356,0.823772668838501
DBAASPS_16357,0.9827002882957458
DBAASPS_16358,0.971234917640686
DBAASPS_16359,0.9883806705474854
DBAASPS_16369,0.39130792021751404
DBAASPS_16370,0.2544853687286377
DBAASPS_16371,0.3169185519218445
DBAASPS_16372,0.22558581829071045
DBAASPS_16373,0.3243270218372345
DBAASPS_16374,0.8262796998023987
DBAASPS_16375,0.5906921625137329
DBAASPS_16376,0.6089081168174744
DBAASPS_16377,0.9756844639778137
DBAASPS_16378,0.060276854783296585
DBAASPS_16379,0.05069145932793617
DBAASPS_16380,0.04093229025602341
DBAASPS_16381,0.03641819953918457
DBAASPS_16382,0.03654422610998154
DBAASPS_16383,0.21602708101272583
DBAASPS_16384,0.06362466514110565
DBAASPS_16385,0.10762473940849304
DBAASPS_16386,0.08613362908363342
DBAASPS_16387,0.10090907663106918
DBAASPR_16388,0.8270535469055176
DBAASPR_16389,0.9894055128097534
DBAASPR_16390,0.9784116744995117
DBAASPS_16395,0.9875252842903137
DBAASPS_16397,0.9908611178398132
DBAASPS_16398,0.9909341335296631
DBAASPS_16399,0.9904314279556274
DBAASPS_16400,0.9904026985168457
DBAASPS_16401,0.9903321862220764
DBAASPS_16402,0.9902138113975525
DBAASPS_16403,0.9898553490638733
DBAASPS_16404,0.9902149438858032
DBAASPS_16405,0.9899399876594543
DBAASPS_16406,0.9908196330070496
DBAASPS_16407,0.9864459037780762
DBAASPS_16408,0.9867660999298096
DBAASPS_16409,0.9870362877845764
DBAASPS_16410,0.9869217872619629
DBAASPS_16411,0.05540749430656433
DBAASPS_16412,0.9552162289619446
DBAASPS_16413,0.9847016334533691
DBAASPS_16414,0.9885983467102051
DBAASPS_16415,0.9898420572280884
DBAASPS_16416,0.9126291275024414
DBAASPS_16417,0.9691777229309082
DBAASPS_16418,0.979404091835022
DBAASPS_16419,0.9837684035301208
DBAASPS_16420,0.9004296660423279
DBAASPS_16421,0.9577009081840515
DBAASPS_16422,0.9725452065467834
DBAASPS_16423,0.9795117378234863
DBAASPS_16424,0.8764927983283997
DBAASPS_16425,0.947314977645874
DBAASPS_16426,0.9665149450302124
DBAASPS_16427,0.9758870005607605
DBAASPS_16428,0.9856643080711365
DBAASPS_16429,0.99028080701828
DBAASPS_16430,0.9907920360565186
DBAASPS_16431,0.9886943101882935
DBAASPS_16432,0.990647554397583
DBAASPS_16433,0.9909033179283142
DBAASPS_16435,0.05814241245388985
DBAASPS_16438,0.03717031702399254
DBAASPS_16439,0.962311327457428
DBAASPS_16440,0.06692329049110413
DBAASPS_16442,0.9612972140312195
DBAASPS_16443,0.9864375591278076
DBAASPS_16446,0.9906991124153137
DBAASPS_16447,0.990709662437439
DBAASPS_16448,0.9905214905738831
DBAASPS_16449,0.9901202321052551
DBAASPS_16450,0.0761035680770874
DBAASPS_16451,0.07991277426481247
DBAASPS_16452,0.3703611493110657
DBAASPS_16453,0.9747624397277832
DBAASPS_16454,0.9772475361824036
DBAASPS_16455,0.9517770409584045
DBAASPS_16461,0.9517770409584045
DBAASPS_16463,0.9872475862503052
DBAASPS_16464,0.9851776361465454
DBAASPS_16465,0.9846857190132141
DBAASPS_16466,0.9568563103675842
DBAASPS_16467,0.9822323322296143
DBAASPS_16468,0.8570883274078369
DBAASPS_16487,0.9896798729896545
DBAASPS_16488,0.9902274012565613
DBAASPS_16489,0.5566078424453735
DBAASPS_16499,0.9736061096191406
DBAASPS_16500,0.12350133061408997
DBAASPS_16501,0.9451974630355835
DBAASPS_16520,0.9706317186355591
DBAASPS_16521,0.49280887842178345
DBAASPS_16522,0.2135230153799057
DBAASPS_16523,0.3512601852416992
DBAASPS_16524,0.045334603637456894
DBAASPS_16525,0.04736946150660515
DBAASPS_16537,0.9767184853553772
DBAASPS_16538,0.989473819732666
DBAASPS_16539,0.9863123893737793
DBAASPS_16540,0.033044617623090744
DBAASPS_16543,0.4109453558921814
DBAASPS_16544,0.9638668298721313
DBAASPS_16546,0.9686647057533264
DBAASPS_16547,0.9423540234565735
DBAASPS_16549,0.9460956454277039
DBAASPS_16550,0.8316102027893066
DBAASPS_16555,0.9112052917480469
DBAASPS_16556,0.047279246151447296
DBAASPS_16557,0.13814280927181244
DBAASPS_16558,0.03924277797341347
DBAASPS_16559,0.20692309737205505
DBAASPS_16560,0.16352921724319458
DBAASPS_16561,0.3298186957836151
DBAASPS_16562,0.14656291902065277
DBAASPS_16563,0.01793951727449894
DBAASPS_16564,0.15787875652313232
DBAASPS_16565,0.6397377848625183
DBAASPS_16570,0.9796192049980164
DBAASPS_16571,0.662620484828949
DBAASPS_16572,0.9878669381141663
DBAASPS_16573,0.7767911553382874
DBAASPS_16574,0.9825445413589478
DBAASPS_16580,0.08689738065004349
DBAASPS_16581,0.1138898953795433
DBAASPS_16582,0.039816856384277344
DBAASPS_16583,0.9332761764526367
DBAASPS_16584,0.17193783819675446
DBAASPS_16585,0.18631260097026825
DBAASPS_16586,0.12108223140239716
DBAASPS_16587,0.09006593376398087
DBAASPS_16588,0.3717934191226959
DBAASPS_16589,0.25951918959617615
DBAASPS_16590,0.32657864689826965
DBAASPS_16591,0.20093239843845367
DBAASPS_16592,0.41358861327171326
DBAASPS_16593,0.9368644952774048
DBAASPS_16628,0.9901890158653259
DBAASPS_16633,0.4985772967338562
DBAASPS_16636,0.9856074452400208
DBAASPS_16637,0.9787164330482483
DBAASPS_16638,0.610639214515686
DBAASPS_16639,0.11195852607488632
DBAASPS_16640,0.03621714189648628
DBAASPS_16654,0.8139373064041138
DBAASPS_16655,0.9888622164726257
DBAASPS_16659,0.8841354250907898
DBAASPS_16660,0.9029848575592041
DBAASPS_16661,0.788398802280426
DBAASPS_16662,0.18863773345947266
DBAASPS_16663,0.17638981342315674
DBAASPS_16664,0.6096245646476746
DBAASPS_16665,0.9011314511299133
DBAASPS_16666,0.9535307884216309
DBAASPS_16667,0.9601035714149475
DBAASPS_16668,0.972618579864502
DBAASPS_16669,0.9356817007064819
DBAASPS_16670,0.9702514410018921
DBAASPS_16671,0.9576491713523865
DBAASPS_16672,0.9816163182258606
DBAASPS_16673,0.9776566624641418
DBAASPS_16674,0.9846333265304565
DBAASPS_16675,0.984349250793457
DBAASPS_16676,0.9814632534980774
DBAASPS_16677,0.9818185567855835
DBAASPS_16678,0.9878777265548706
DBAASPS_16679,0.9781854152679443
DBAASPS_16680,0.9560030698776245
DBAASPS_16681,0.9701524972915649
DBAASPS_16682,0.9847402572631836
DBAASPS_16683,0.9481217861175537
DBAASPS_16684,0.9437279105186462
DBAASPS_16685,0.8933617472648621
DBAASPS_16686,0.8407196998596191
DBAASPS_16687,0.8822361826896667
DBAASPS_16688,0.6431407332420349
DBAASPS_16689,0.9167252779006958
DBAASPS_16690,0.3296319544315338
DBAASPS_16691,0.44061845541000366
DBAASPS_16710,0.9448933601379395
DBAASPS_16711,0.6428828835487366
DBAASPS_16712,0.6426336765289307
DBAASPS_16713,0.7854454517364502
DBAASPS_16714,0.6888339519500732
DBAASPS_16715,0.378525972366333
DBAASPS_16716,0.57880038022995
DBAASPS_16717,0.6466963291168213
DBAASPS_16718,0.7721747159957886
DBAASPS_16719,0.8813766241073608
DBAASPS_16720,0.9468663334846497
DBAASPS_16721,0.9435270428657532
DBAASPS_16722,0.9381064176559448
DBAASPS_16723,0.9558046460151672
DBAASPS_16724,0.8868995904922485
DBAASPS_16725,0.9544235467910767
DBAASPS_16726,0.3835710883140564
DBAASPS_16727,0.4826259911060333
DBAASPS_16728,0.3010275363922119
DBAASPS_16729,0.7636111378669739
DBAASPS_16730,0.3370814919471741
DBAASPS_16731,0.3021288812160492
DBAASPS_16732,0.17466065287590027
DBAASPS_16733,0.7213022112846375
DBAASPS_16734,0.49973464012145996
DBAASPS_16735,0.334722638130188
DBAASPS_16736,0.794674277305603
DBAASPS_16737,0.7610013484954834
DBAASPS_16738,0.1576426774263382
DBAASPS_16739,0.7327312231063843
DBAASPS_16740,0.7060050964355469
DBAASPS_16741,0.4935421943664551
DBAASPS_16742,0.25774553418159485
DBAASPS_16743,0.569691002368927
DBAASPS_16744,0.8140262365341187
DBAASPS_16745,0.615154504776001
DBAASPS_16746,0.3951732814311981
DBAASPS_16747,0.28334155678749084
DBAASPS_16748,0.3431355357170105
DBAASPS_16749,0.42069822549819946
DBAASPS_16750,0.9757779240608215
DBAASPS_16751,0.9828965067863464
DBAASPS_16752,0.8139814734458923
DBAASPS_16753,0.7039344906806946
DBAASPS_16754,0.7435876727104187
DBAASPS_16755,0.7618448734283447
DBAASPS_16756,0.7222722768783569
DBAASPS_16757,0.8580886125564575
DBAASPS_16758,0.6807246208190918
DBAASPS_16759,0.06511291861534119
DBAASPS_16796,0.9908061623573303
DBAASPS_16797,0.9907664060592651
DBAASPS_16798,0.9904540777206421
DBAASPS_16799,0.990437388420105
DBAASPS_16800,0.9903292059898376
DBAASPS_16802,0.9902693629264832
DBAASPS_16803,0.9899234175682068
DBAASPS_16804,0.9894103407859802
DBAASPS_16806,0.9823771715164185
DBAASPS_16807,0.9836791157722473
DBAASPS_16808,0.9888798594474792
DBAASPS_16809,0.9889387488365173
DBAASPS_16810,0.9893317222595215
DBAASPS_16811,0.9895766973495483
DBAASPS_16812,0.9897899627685547
DBAASPS_16813,0.9904822111129761
DBAASPS_16814,0.9906366467475891
DBAASPS_16817,0.9904667139053345
DBAASPS_16818,0.9896106123924255
DBAASPS_16819,0.9901355504989624
DBAASPS_16820,0.980642557144165
DBAASPS_16821,0.9905173778533936
DBAASPS_16822,0.9888434410095215
DBAASPS_16823,0.0270327627658844
DBAASPS_16824,0.41607919335365295
DBAASPS_16825,0.0416826456785202
DBAASPS_16826,0.01765092834830284
DBAASPS_16828,0.14854943752288818
DBAASPS_16833,0.08171971887350082
DBAASPS_16835,0.08465306460857391
DBAASPS_16836,0.07258433103561401
DBAASPS_16842,0.12488500773906708
DBAASPN_16843,0.08766607195138931
DBAASPS_16845,0.35301631689071655
DBAASPS_16846,0.8478166460990906
DBAASPS_16847,0.9059537053108215
DBAASPS_16849,0.9885004162788391
DBAASPS_16850,0.9831781983375549
DBAASPS_16855,0.8576235771179199
DBAASPS_16856,0.9846136569976807
DBAASPS_16857,0.9902762174606323
DBAASPS_16858,0.9895601272583008
DBAASPS_16859,0.990379273891449
DBAASPS_16860,0.9903178215026855
DBAASPS_16861,0.9901857376098633
DBAASPS_16862,0.9897294044494629
DBAASPS_16863,0.5361449122428894
DBAASPS_16864,0.010548263788223267
DBAASPS_16865,0.9334824085235596
DBAASPS_16866,0.9613346457481384
DBAASPS_16867,0.9698281288146973
DBAASPS_16868,0.9509466886520386
DBAASPS_16869,0.95084547996521
DBAASPS_16870,0.9889863729476929
DBAASPS_16871,0.015580261126160622
DBAASPS_16872,0.9897820949554443
DBAASPS_16873,0.9897056818008423
DBAASPS_16874,0.9900090098381042
DBAASPS_16875,0.9891129732131958
DBAASPS_16876,0.03307909145951271
DBAASPS_16877,0.9393596649169922
DBAASPS_16878,0.2694007158279419
DBAASPS_16879,0.9879493117332458
DBAASPS_16880,0.9891206622123718
DBAASPS_16881,0.9819869995117188
DBAASPS_16882,0.9758450984954834
DBAASPS_16883,0.01134445983916521
DBAASPS_16884,0.15842223167419434
DBAASPS_16886,0.9876340627670288
DBAASPS_16887,0.9899726510047913
DBAASPS_16892,0.9837611317634583
DBAASPS_16893,0.9861044883728027
DBAASPS_16894,0.990260660648346
DBAASPS_16895,0.9901803731918335
DBAASPS_16896,0.9899274706840515
DBAASPS_16897,0.990310549736023
DBAASPS_16898,0.990239143371582
DBAASPS_16899,0.044723741710186005
DBAASPS_16900,0.02645457349717617
DBAASPS_16901,0.03836121782660484
DBAASPS_16903,0.1900027096271515
DBAASPS_16904,0.39787739515304565
DBAASPS_16905,0.10967473685741425
DBAASPS_16917,0.9901898503303528
DBAASPS_16919,0.2580117881298065
DBAASPS_16922,0.9809871315956116
DBAASPS_16923,0.5131591558456421
DBAASPS_16924,0.9877035617828369
DBAASPS_16925,0.8002722859382629
DBAASPS_16926,0.4571801722049713
DBAASPS_16927,0.9893156886100769
DBAASPS_16941,0.9870883822441101
DBAASPS_16951,0.9019133448600769
DBAASPS_16952,0.9700335264205933
DBAASPS_16953,0.9851644039154053
DBAASPS_16954,0.9066461324691772
DBAASPS_16956,0.9705134630203247
DBAASPS_16957,0.8746269345283508
DBAASPS_16976,0.5908934473991394
DBAASPS_16977,0.9530254602432251
DBAASPS_16993,0.9907661080360413
DBAASPS_16994,0.9904596209526062
DBAASPS_16995,0.990522563457489
DBAASPS_16996,0.9903624653816223
DBAASPS_16997,0.988808274269104
DBAASPS_16998,0.9886741042137146
DBAASPS_16999,0.9905110001564026
DBAASPS_17000,0.9905985593795776
DBAASPS_17001,0.9904934167861938
DBAASPS_17002,0.9904892444610596
DBAASPS_17004,0.9906005263328552
DBAASPS_17005,0.9906361699104309
DBAASPS_17006,0.9906870126724243
DBAASPS_17007,0.9905702471733093
DBAASPS_17008,0.990572452545166
DBAASPS_17009,0.9906915426254272
DBAASPS_17010,0.9907293915748596
DBAASPS_17011,0.9907007813453674
DBAASPS_17012,0.9903823137283325
DBAASPS_17013,0.990541934967041
DBAASPS_17018,0.07650996744632721
DBAASPS_17019,0.09687061607837677
DBAASPS_17020,0.1920614093542099
DBAASPS_17021,0.0541057325899601
DBAASPS_17022,0.6601178646087646
DBAASPS_17023,0.9834184050559998
DBAASPS_17025,0.9835348725318909
DBAASPS_17026,0.9852970838546753
DBAASPS_17027,0.9857193827629089
DBAASPS_17028,0.9814310669898987
DBAASPS_17029,0.2274399697780609
DBAASPS_17040,0.9903756380081177
DBAASPS_17041,0.9901761412620544
DBAASPS_17043,0.9906073808670044
DBAASPS_17044,0.990456223487854
DBAASPS_17087,0.059513114392757416
DBAASPS_17089,0.10706489533185959
DBAASPN_17106,0.013574262149631977
DBAASPN_17107,0.015445811673998833
DBAASPN_17108,0.016466230154037476
DBAASPN_17109,0.013241574168205261
DBAASPS_17110,0.9862074255943298
DBAASPS_17111,0.9901275634765625
DBAASPS_17112,0.9899987578392029
DBAASPN_17113,0.059781599789857864
DBAASPS_17114,0.07843281328678131
DBAASPS_17115,0.8394996523857117
DBAASPS_17119,0.990723192691803
DBAASPS_17120,0.9907216429710388
DBAASPS_17121,0.9906982779502869
DBAASPS_17126,0.9902042746543884
DBAASPS_17127,0.9904764890670776
DBAASPS_17128,0.9901918172836304
DBAASPS_17130,0.29756078124046326
DBAASPS_17131,0.4217154383659363
DBAASPS_17132,0.35379281640052795
DBAASPS_17134,0.29618117213249207
DBAASPS_17135,0.49233299493789673
DBAASPS_17136,0.2000226378440857
DBAASPS_17137,0.9424076080322266
DBAASPS_17138,0.14584895968437195
DBAASPS_17139,0.2787778675556183
DBAASPS_17140,0.910253643989563
DBAASPS_17141,0.6252434253692627
DBAASPS_17142,0.6606047749519348
DBAASPS_17143,0.9827707409858704
DBAASPS_17144,0.21311625838279724
DBAASPS_17145,0.9849979281425476
DBAASPS_17146,0.9853485822677612
DBAASPS_17147,0.9846372008323669
DBAASPS_17148,0.9853214025497437
DBAASPS_17149,0.9808120727539062
DBAASPS_17150,0.9048463106155396
DBAASPS_17151,0.9784313440322876
DBAASPS_17152,0.9803335666656494
DBAASPS_17153,0.9679796695709229
DBAASPS_17154,0.9513460397720337
DBAASPS_17155,0.4602702856063843
DBAASPS_17156,0.6939209699630737
DBAASPS_17157,0.9869733452796936
DBAASPS_17158,0.9268416166305542
DBAASPS_17159,0.6177532076835632
DBAASPS_17160,0.9798935651779175
DBAASPS_17161,0.9763507843017578
DBAASPS_17162,0.9801915884017944
DBAASPS_17163,0.971028208732605
DBAASPS_17164,0.7618200182914734
DBAASPS_17165,0.7951882481575012
DBAASPS_17166,0.954232931137085
DBAASPS_17167,0.3944851756095886
DBAASPS_17168,0.2036440670490265
DBAASPS_17169,0.8683510422706604
DBAASPS_17170,0.3309791088104248
DBAASPS_17171,0.31694841384887695
DBAASPS_17172,0.1832815408706665
DBAASPS_17173,0.6624538898468018
DBAASPS_17174,0.48618581891059875
DBAASPS_17175,0.9793820977210999
DBAASPS_17176,0.9619805812835693
DBAASPS_17177,0.9842926263809204
DBAASPS_17178,0.9705513119697571
DBAASPS_17179,0.9157845973968506
DBAASPS_17180,0.9057105779647827
DBAASPS_17183,0.9341108202934265
DBAASPS_17184,0.9857983589172363
DBAASPN_17205,0.04598351567983627
DBAASPN_17206,0.07275227457284927
DBAASPS_17214,0.3453764021396637
DBAASPS_17215,0.7606589198112488
DBAASPS_17218,0.978175699710846
DBAASPS_17219,0.9815463423728943
DBAASPS_17220,0.9764018654823303
DBAASPS_17221,0.9859452247619629
DBAASPS_17222,0.9882811307907104
DBAASPS_17223,0.9771217703819275
DBAASPS_17224,0.9791189432144165
DBAASPS_17225,0.9848467111587524
DBAASPS_17226,0.9846574664115906
DBAASPS_17233,0.8787475228309631
DBAASPS_17236,0.9788410067558289
DBAASPS_17239,0.9861096739768982
DBAASPS_17240,0.9794479608535767
DBAASPS_17241,0.9234856963157654
DBAASPS_17242,0.9828914403915405
DBAASPS_17243,0.3184422254562378
DBAASPS_17245,0.9819979071617126
DBAASPS_17246,0.9712095260620117
DBAASPS_17247,0.9818018674850464
DBAASPS_17248,0.9862843155860901
DBAASPS_17249,0.9840510487556458
DBAASPS_17250,0.9853187799453735
DBAASPS_17251,0.9730194211006165
DBAASPS_17252,0.9850508570671082
DBAASPS_17253,0.9830788969993591
DBAASPS_17254,0.9864899516105652
DBAASPS_17255,0.9820681810379028
DBAASPS_17256,0.9856410622596741
DBAASPS_17257,0.98427814245224
DBAASPS_17274,0.21128293871879578
DBAASPS_17275,0.9325166344642639
DBAASPS_17276,0.9526932239532471
DBAASPS_17277,0.8452165126800537
DBAASPS_17278,0.09958270937204361
DBAASPS_17279,0.37747201323509216
DBAASPS_17280,0.9065812826156616
DBAASPS_17283,0.8481154441833496
DBAASPS_17285,0.6585420966148376
DBAASPS_17287,0.8658774495124817
DBAASPS_17289,0.19132556021213531
DBAASPS_17290,0.984035313129425
DBAASPS_17292,0.945005476474762
DBAASPS_17294,0.9822755455970764
DBAASPS_17296,0.9468433856964111
DBAASPS_17298,0.20294085144996643
DBAASPS_17300,0.9882946610450745
DBAASPS_17301,0.8374218940734863
DBAASPS_17303,0.9824126958847046
DBAASPS_17304,0.6902475953102112
DBAASPS_17305,0.9683806300163269
DBAASPS_17306,0.9757183790206909
DBAASPS_17307,0.9841629862785339
DBAASPS_17308,0.989031970500946
DBAASPS_17309,0.9786528944969177
DBAASPS_17312,0.9671741127967834
DBAASPS_17313,0.9620282053947449
DBAASPS_17314,0.9377202391624451
DBAASPS_17315,0.9899110198020935
DBAASPS_17318,0.3236965239048004
DBAASPS_17319,0.2199276089668274
DBAASPS_17320,0.5358937978744507
DBAASPS_17321,0.1621900051832199
DBAASPS_17322,0.3946583867073059
DBAASPS_17323,0.9268796443939209
DBAASPS_17336,0.951765239238739
DBAASPR_17337,0.28801026940345764
DBAASPS_17351,0.9458028674125671
DBAASPS_17352,0.9901474118232727
DBAASPS_17353,0.9908090233802795
DBAASPS_17354,0.8942575454711914
DBAASPS_17355,0.9908051490783691
DBAASPS_17356,0.9904028177261353
DBAASPS_17357,0.989808976650238
DBAASPS_17358,0.9906659722328186
DBAASPS_17359,0.8457918167114258
DBAASPS_17381,0.0456983856856823
DBAASPS_17383,0.5107945799827576
DBAASPS_17384,0.81801837682724
DBAASPS_17385,0.9693276286125183
DBAASPS_17386,0.8555814623832703
DBAASPS_17387,0.9757083654403687
DBAASPS_17388,0.7117094397544861
DBAASPR_17389,0.10166704654693604
DBAASPS_17397,0.6945748329162598
DBAASPS_17398,0.9903153777122498
DBAASPS_17400,0.9868614077568054
DBAASPS_17401,0.8082417249679565
DBAASPS_17403,0.9808424115180969
DBAASPS_17404,0.9894770979881287
DBAASPS_17405,0.9870375990867615
DBAASPS_17408,0.9786412119865417
DBAASPS_17409,0.08674358576536179
DBAASPS_17411,0.9658283591270447
DBAASPS_17412,0.9819823503494263
DBAASPS_17413,0.9877753257751465
DBAASPS_17414,0.9879987239837646
DBAASPS_17415,0.9815186858177185
DBAASPS_17416,0.9890477061271667
DBAASPS_17417,0.9892532229423523
DBAASPS_17419,0.9893195629119873
DBAASPS_17421,0.021953126415610313
DBAASPS_17422,0.15693803131580353
DBAASPS_17423,0.0538099929690361
DBAASPS_17426,0.06437832117080688
DBAASPS_17428,0.13411438465118408
DBAASPS_17430,0.03193344548344612
DBAASPS_17431,0.046522170305252075
DBAASPS_17432,0.34597519040107727
DBAASPS_17434,0.7041299343109131
DBAASPS_17435,0.08086337149143219
DBAASPS_17436,0.4893180727958679
DBAASPS_17437,0.390500009059906
DBAASPS_17439,0.27859148383140564
DBAASPS_17448,0.973530650138855
DBAASPS_17449,0.9655293226242065
DBAASPS_17450,0.1329798400402069
DBAASPS_17451,0.018861902877688408
DBAASPS_17453,0.027725493535399437
DBAASPS_17456,0.26989272236824036
DBAASPS_17458,0.13093873858451843
DBAASPS_17459,0.16023454070091248
DBAASPS_17460,0.034624941647052765
DBAASPS_17461,0.9222036600112915
DBAASPS_17462,0.05047733709216118
DBAASPS_17463,0.34597519040107727
DBAASPS_17464,0.13091567158699036
DBAASPS_17465,0.5683265924453735
DBAASPS_17466,0.896653413772583
DBAASPS_17467,0.4966296851634979
DBAASPS_17468,0.18036268651485443
DBAASPS_17469,0.3446478545665741
DBAASPS_17470,0.9902933239936829
DBAASPS_17471,0.9903796315193176
DBAASPS_17472,0.1739301085472107
DBAASPS_17473,0.35636407136917114
DBAASPS_17474,0.03694711625576019
DBAASPS_17475,0.0731792151927948
DBAASPS_17476,0.7055262923240662
DBAASPS_17477,0.06509412825107574
DBAASPS_17478,0.023101333528757095
DBAASPS_17479,0.03301141783595085
DBAASPS_17480,0.054389629513025284
DBAASPS_17481,0.03416721522808075
DBAASPS_17482,0.9635225534439087
DBAASPS_17484,0.837397038936615
DBAASPS_17486,0.9611360430717468
DBAASPS_17488,0.9218898415565491
DBAASPS_17490,0.9564078450202942
DBAASPS_17492,0.9429896473884583
DBAASPS_17494,0.9515401721000671
DBAASPS_17496,0.9791072010993958
DBAASPS_17500,0.04978376626968384
DBAASPS_17501,0.4842059910297394
DBAASPS_17502,0.9836917519569397
DBAASPS_17503,0.9837914705276489
DBAASPS_17504,0.980798065662384
DBAASPS_17505,0.9848050475120544
DBAASPS_17506,0.9833559393882751
DBAASPS_17507,0.9766938090324402
DBAASPS_17508,0.9250805377960205
DBAASPS_17509,0.9851456880569458
DBAASPS_17510,0.9795565009117126
DBAASPS_17511,0.9716171026229858
DBAASPS_17512,0.9243963360786438
DBAASPS_17514,0.9858533143997192
DBAASPS_17515,0.9897853136062622
DBAASPS_17517,0.9893289804458618
DBAASPS_17520,0.989279568195343
DBAASPS_17521,0.9896419644355774
DBAASPS_17522,0.9900276064872742
DBAASPS_17524,0.9882670640945435
DBAASPS_17525,0.9891147613525391
DBAASPR_17526,0.9901227951049805
DBAASPS_17532,0.9894829392433167
DBAASPS_17533,0.9895825386047363
DBAASPS_17534,0.9896731972694397
DBAASPS_17535,0.9900111556053162
DBAASPS_17537,0.9881606101989746
DBAASPS_17538,0.9890511631965637
DBAASPS_17540,0.9889867305755615
DBAASPS_17544,0.9894038438796997
DBAASPS_17545,0.9889532923698425
DBAASPS_17546,0.9882585406303406
DBAASPS_17547,0.9500967264175415
DBAASPS_17548,0.9866015911102295
DBAASPS_17549,0.9899178743362427
DBAASPR_17552,0.9412586092948914
DBAASPS_17553,0.09399503469467163
DBAASPS_17554,0.02729138545691967
DBAASPS_17555,0.34940242767333984
DBAASPS_17556,0.05905895307660103
DBAASPS_17557,0.28692400455474854
DBAASPS_17558,0.038301024585962296
DBAASPS_17559,0.36670151352882385
DBAASPS_17560,0.06697162985801697
DBAASPS_17561,0.17898190021514893
DBAASPS_17562,0.09731233865022659
DBAASPS_17563,0.08493102341890335
DBAASPR_17566,0.9842293858528137
DBAASPS_17567,0.9863554239273071
DBAASPS_17568,0.9779107570648193
DBAASPS_17569,0.9833263158798218
DBAASPS_17570,0.9877179861068726
DBAASPS_17571,0.978351354598999
DBAASPS_17572,0.9900605082511902
DBAASPS_17573,0.9904762506484985
DBAASPS_17574,0.9908477067947388
DBAASPS_17575,0.09383998811244965
DBAASPS_17585,0.990143895149231
DBAASPS_17586,0.989717960357666
DBAASPS_17587,0.981699526309967
DBAASPS_17588,0.974220335483551
DBAASPS_17589,0.9854468107223511
DBAASPS_17590,0.9750775098800659
DBAASPS_17591,0.8300077319145203
DBAASPS_17593,0.9823057651519775
DBAASPS_17594,0.9700932502746582
DBAASPS_17595,0.6320294141769409
DBAASPS_17596,0.9278775453567505
DBAASPS_17597,0.9775456190109253
DBAASPS_17598,0.988027036190033
DBAASPS_17599,0.980279803276062
DBAASPS_17600,0.985790491104126
DBAASPS_17601,0.9797168374061584
DBAASPS_17602,0.9708845019340515
DBAASPS_17603,0.8206794261932373
DBAASPS_17604,0.8339220881462097
DBAASPS_17605,0.9861225485801697
DBAASPS_17606,0.9818407297134399
DBAASPS_17607,0.978962779045105
DBAASPS_17608,0.9839894771575928
DBAASPS_17609,0.9812430143356323
DBAASPS_17610,0.9822527766227722
DBAASPS_17611,0.9780105352401733
DBAASPS_17612,0.9754695892333984
DBAASPS_17613,0.7200218439102173
DBAASPS_17614,0.9908172488212585
DBAASPS_17618,0.043585583567619324
DBAASPS_17619,0.4550231993198395
DBAASPS_17620,0.014555517584085464
DBAASPS_17621,0.6855981945991516
DBAASPS_17622,0.13889455795288086
DBAASPS_17624,0.1097189262509346
DBAASPS_17625,0.22626817226409912
DBAASPS_17626,0.44008567929267883
DBAASPS_17627,0.25935232639312744
DBAASPS_17629,0.11270873993635178
DBAASPS_17630,0.1709262728691101
DBAASPS_17631,0.13951462507247925
DBAASPS_17632,0.09307308495044708
DBAASPS_17633,0.09110331535339355
DBAASPS_17635,0.9894334673881531
DBAASPS_17636,0.9817708134651184
DBAASPS_17637,0.750887393951416
DBAASPS_17638,0.9039427638053894
DBAASPS_17639,0.586772620677948
DBAASPS_17640,0.986427366733551
DBAASPS_17652,0.2556905746459961
DBAASPS_17653,0.5233657956123352
DBAASPS_17654,0.7848329544067383
DBAASPS_17655,0.8886585235595703
DBAASPS_17656,0.9761583805084229
DBAASPS_17657,0.983859121799469
DBAASPS_17658,0.9741842746734619
DBAASPS_17659,0.9833146333694458
DBAASPS_17660,0.9859839677810669
DBAASPS_17661,0.987472653388977
DBAASPS_17662,0.9839345812797546
DBAASPS_17663,0.987432599067688
DBAASPS_17664,0.9670389294624329
DBAASPS_17665,0.9134737849235535
DBAASPS_17666,0.9770359396934509
DBAASPS_17667,0.510819137096405
DBAASPS_17668,0.9755062460899353
DBAASPS_17669,0.9449267387390137
DBAASPS_17671,0.9473220109939575
DBAASPS_17673,0.9885802865028381
DBAASPS_17674,0.9897692203521729
DBAASPS_17675,0.9854280352592468
DBAASPS_17676,0.9820078015327454
DBAASPS_17677,0.9831926822662354
DBAASPS_17678,0.98948073387146
DBAASPS_17680,0.1752581000328064
DBAASPS_17681,0.2728756070137024
DBAASPS_17682,0.6727344989776611
DBAASPS_17683,0.8790543675422668
DBAASPS_17684,0.2241981029510498
DBAASPS_17685,0.3917943835258484
DBAASPS_17686,0.8760591745376587
DBAASPS_17687,0.9619603157043457
DBAASPS_17688,0.20494574308395386
DBAASPS_17689,0.24328313767910004
DBAASPS_17690,0.23489300906658173
DBAASPS_17691,0.11392483860254288
DBAASPS_17692,0.133569598197937
DBAASPS_17693,0.9145070910453796
DBAASPS_17694,0.9884960651397705
DBAASPS_17695,0.9901663661003113
DBAASPS_17696,0.8842151165008545
DBAASPS_17697,0.9796791076660156
DBAASPS_17698,0.9856181144714355
DBAASPS_17699,0.9865539073944092
DBAASPS_17704,0.07818271219730377
DBAASPS_17705,0.10317438840866089
DBAASPS_17706,0.9238013029098511
DBAASPS_17707,0.4980659484863281
DBAASPS_17708,0.2272060662508011
DBAASPS_17712,0.8446720838546753
DBAASPS_17713,0.40498119592666626
DBAASPS_17714,0.15506653487682343
DBAASPS_17718,0.967441201210022
DBAASPS_17719,0.9829802513122559
DBAASPS_17720,0.9822888970375061
DBAASPS_17721,0.9882650375366211
DBAASPS_17722,0.8804391622543335
DBAASPS_17723,0.985264003276825
DBAASPS_17724,0.9876807332038879
DBAASPS_17727,0.017376527190208435
DBAASPS_17730,0.08098606765270233
DBAASPS_17745,0.292763352394104
DBAASPS_17746,0.1328192949295044
DBAASPS_17747,0.18476665019989014
DBAASPS_17748,0.05153942108154297
DBAASPS_17749,0.10819553583860397
DBAASPS_17750,0.18128226697444916
DBAASPS_17751,0.12057369202375412
DBAASPS_17752,0.8647292256355286
DBAASPS_17753,0.035150326788425446
DBAASPS_17754,0.18268133699893951
DBAASPS_17755,0.06078013777732849
DBAASPS_17756,0.10072328895330429
DBAASPS_17757,0.03235141560435295
DBAASPS_17758,0.9093731641769409
DBAASPS_17759,0.021573100239038467
DBAASPS_17760,0.016193434596061707
DBAASPS_17761,0.03871580958366394
DBAASPS_17762,0.773931622505188
DBAASPS_17763,0.031707148998975754
DBAASPS_17764,0.02135295234620571
DBAASPS_17765,0.017834223806858063
DBAASPS_17766,0.03653671219944954
DBAASPS_17767,0.04911864921450615
DBAASPS_17768,0.9302364587783813
DBAASPS_17770,0.09721367061138153
DBAASPS_17771,0.0717688575387001
DBAASPS_17772,0.0155228516086936
DBAASPS_17773,0.02510080114006996
DBAASPS_17774,0.0683080181479454
DBAASPS_17775,0.13714958727359772
DBAASPS_17776,0.02615385688841343
DBAASPS_17777,0.10302145779132843
DBAASPS_17778,0.038901545107364655
DBAASPS_17804,0.8065438270568848
DBAASPS_17805,0.07393144071102142
DBAASPS_17806,0.07931476086378098
DBAASPS_17807,0.034477781504392624
DBAASPS_17808,0.025612350553274155
DBAASPS_17814,0.3884997069835663
DBAASPS_17815,0.9232085347175598
DBAASPS_17816,0.8827683925628662
DBAASPS_17817,0.7161545157432556
DBAASPS_17818,0.9837902188301086
DBAASPS_17819,0.9714356660842896
DBAASPS_17820,0.9591947793960571
DBAASPS_17821,0.9876108765602112
DBAASPS_17822,0.76194167137146
DBAASPS_17823,0.9840664267539978
DBAASPS_17824,0.648512065410614
DBAASPS_17829,0.9899621605873108
DBAASPS_17832,0.9896477460861206
DBAASPS_17835,0.9891424775123596
DBAASPS_17837,0.9899895787239075
DBAASPS_17839,0.9896832704544067
DBAASPS_17847,0.9894566535949707
DBAASPS_17853,0.2607678472995758
DBAASPS_17854,0.6393879652023315
DBAASPS_17855,0.7351242303848267
DBAASPS_17856,0.5355440974235535
DBAASPS_17857,0.9113909602165222
DBAASPS_17858,0.5690790414810181
DBAASPS_17859,0.176476389169693
DBAASPS_17860,0.9895168542861938
DBAASPS_17861,0.9882975220680237
DBAASPS_17862,0.9887632131576538
DBAASPS_17863,0.9867289662361145
DBAASPS_17864,0.9887763857841492
DBAASPS_17865,0.9887533187866211
DBAASPS_17866,0.9877453446388245
DBAASPS_17867,0.9801564812660217
DBAASPS_17868,0.977227509021759
DBAASPS_17869,0.9812093377113342
DBAASPS_17870,0.9429233074188232
DBAASPS_17871,0.9832467436790466
DBAASPS_17872,0.9807311296463013
DBAASPS_17873,0.9681326746940613
DBAASPS_17874,0.9904856085777283
DBAASPS_17883,0.017534667626023293
DBAASPS_17888,0.06738178431987762
DBAASPS_17889,0.5587336421012878
DBAASPS_17890,0.138104647397995
DBAASPS_17891,0.1452164202928543
DBAASPS_17892,0.13415180146694183
DBAASPS_17893,0.1791832596063614
DBAASPS_17894,0.8331507444381714
DBAASPS_17895,0.44071006774902344
DBAASPS_17896,0.7920997142791748
DBAASPS_17897,0.43155306577682495
DBAASPS_17898,0.49076956510543823
DBAASPS_17899,0.2065272182226181
DBAASPS_17900,0.08002275973558426
DBAASPS_17901,0.04570500925183296
DBAASPS_17902,0.10940700024366379
DBAASPS_17903,0.041321057826280594
DBAASPS_17904,0.10022550076246262
DBAASPS_17905,0.10536423325538635
DBAASPS_17906,0.7196248173713684
DBAASPS_17907,0.3351966142654419
DBAASPS_17908,0.22048714756965637
DBAASPS_17909,0.22251394391059875
DBAASPS_17910,0.6510044932365417
DBAASPS_17911,0.132850781083107
DBAASPS_17912,0.11778522282838821
DBAASPS_17913,0.04201221466064453
DBAASPS_17914,0.8365829586982727
DBAASPS_17916,0.723365843296051
DBAASPS_17924,0.4824655055999756
DBAASPS_17925,0.33735013008117676
DBAASPS_17926,0.34127277135849
DBAASPS_17927,0.639514148235321
DBAASPS_17929,0.9810994267463684
DBAASPS_17930,0.9866799712181091
DBAASPS_17931,0.9448451995849609
DBAASPS_17932,0.9830259084701538
DBAASPS_17936,0.025221597403287888
DBAASPS_17937,0.2665562033653259
DBAASPS_17938,0.9899943470954895
DBAASPS_17939,0.984285831451416
DBAASPS_17940,0.8699440360069275
DBAASPS_17941,0.889306366443634
DBAASPS_17942,0.32086917757987976
DBAASPS_17943,0.9902763962745667
DBAASPS_17944,0.9898766279220581
DBAASPS_17945,0.9874830842018127
DBAASPS_17946,0.9863458871841431
DBAASPS_17947,0.9747331142425537
DBAASPS_17948,0.9846169948577881
DBAASPS_17949,0.9888409972190857
DBAASPS_17950,0.9612739086151123
DBAASPS_17951,0.9510658383369446
DBAASPS_17952,0.9774382710456848
DBAASPS_17953,0.9791826605796814
DBAASPS_17954,0.9763844609260559
DBAASPS_17955,0.8284742832183838
DBAASPS_17956,0.9587046504020691
DBAASPS_17957,0.9275599718093872
DBAASPS_17958,0.9641990065574646
DBAASPS_17959,0.9787441492080688
DBAASPS_17960,0.9539305567741394
DBAASPS_17961,0.9802137613296509
DBAASPS_17962,0.8995525240898132
DBAASPS_17963,0.9772770404815674
DBAASPS_17964,0.9818716049194336
DBAASPS_17965,0.9692385792732239
DBAASPS_17966,0.9872997403144836
DBAASPS_17967,0.9083105325698853
DBAASPS_17968,0.6826933026313782
DBAASPS_17969,0.96576327085495
DBAASPS_17970,0.8669875860214233
DBAASPS_17971,0.9763108491897583
DBAASPS_17972,0.9458245038986206
DBAASPS_17973,0.9803894758224487
DBAASPS_17974,0.978328287601471
DBAASPS_17977,0.9826646447181702
DBAASPS_17978,0.9530422687530518
DBAASPS_17979,0.9685870409011841
DBAASPS_17980,0.9822866320610046
DBAASPS_17981,0.9739389419555664
DBAASPS_17982,0.8951947093009949
DBAASPS_17990,0.038707152009010315
DBAASPS_17991,0.09845543652772903
DBAASPS_18012,0.986284613609314
DBAASPS_18013,0.9609280228614807
DBAASPS_18014,0.9785711765289307
DBAASPS_18015,0.9887237548828125
DBAASPS_18016,0.9871330261230469
DBAASPS_18017,0.9891652464866638
DBAASPS_18018,0.9888194799423218
DBAASPS_18019,0.9759602546691895
DBAASPS_18020,0.9840566515922546
DBAASPS_18021,0.9883294105529785
DBAASPS_18022,0.9865278601646423
DBAASPS_18023,0.9902287721633911
DBAASPS_18025,0.9813091158866882
DBAASPS_18026,0.235500305891037
DBAASPS_18027,0.05287556350231171
DBAASPS_18028,0.13049446046352386
DBAASPS_18036,0.9889179468154907
DBAASPS_18037,0.9895322322845459
DBAASPS_18038,0.9901376962661743
DBAASPS_18039,0.9905890822410583
DBAASPS_18040,0.9636951684951782
DBAASPS_18041,0.8645763397216797
DBAASPS_18042,0.9877511858940125
DBAASPS_18043,0.9674965739250183
DBAASPS_18044,0.9890261888504028
DBAASPS_18045,0.9897118806838989
DBAASPS_18046,0.9864305853843689
DBAASPS_18047,0.9815898537635803
DBAASPS_18048,0.9869681000709534
DBAASPS_18049,0.9889411926269531
DBAASPS_18051,0.9889114499092102
DBAASPS_18052,0.9892904162406921
DBAASPS_18053,0.9823644757270813
DBAASPS_18054,0.47851112484931946
DBAASPS_18055,0.027554722502827644
DBAASPS_18056,0.9903483986854553
DBAASPS_18057,0.8234432935714722
DBAASPS_18058,0.9905619025230408
DBAASPS_18059,0.9904624819755554
DBAASPS_18060,0.9897284507751465
DBAASPS_18061,0.9891269207000732
DBAASPS_18062,0.9858500361442566
DBAASPS_18063,0.7918798327445984
DBAASPS_18064,0.9891010522842407
DBAASPS_18065,0.4642074406147003
DBAASPS_18066,0.9895147085189819
DBAASPS_18067,0.9904671311378479
DBAASPS_18068,0.9901866912841797
DBAASPS_18069,0.7690079212188721
DBAASPS_18073,0.9825455546379089
DBAASPS_18074,0.9587376713752747
DBAASPS_18075,0.41455188393592834
DBAASPS_18079,0.9842944145202637
DBAASPS_18080,0.9824073314666748
DBAASPS_18081,0.966383159160614
DBAASPS_18082,0.9653317332267761
DBAASPS_18083,0.9569268822669983
DBAASPS_18084,0.969984233379364
DBAASPS_18085,0.9825574159622192
DBAASPS_18086,0.9354406595230103
DBAASPS_18087,0.980380117893219
DBAASPS_18088,0.9655067920684814
DBAASPS_18089,0.9709036946296692
DBAASPS_18090,0.980671226978302
DBAASPS_18092,0.98467618227005
DBAASPS_18104,0.8988697528839111
DBAASPS_18105,0.9647020697593689
DBAASPS_18106,0.5397719144821167
DBAASPS_18108,0.3034440577030182
DBAASPS_18110,0.9231435060501099
DBAASPS_18111,0.987080454826355
DBAASPS_18112,0.9641485214233398
DBAASPS_18114,0.7972073554992676
DBAASPS_18115,0.11480552703142166
DBAASPS_18121,0.936859667301178
DBAASPS_18122,0.9834789037704468
DBAASPS_18123,0.9861848950386047
DBAASPS_18124,0.9878865480422974
DBAASPS_18125,0.986983060836792
DBAASPS_18126,0.9822551608085632
DBAASPS_18127,0.9886005520820618
DBAASPS_18129,0.9886285662651062
DBAASPS_18130,0.9890207648277283
DBAASPS_18131,0.9857516884803772
DBAASPS_18132,0.9890434145927429
DBAASPS_18133,0.9873113036155701
DBAASPS_18134,0.9824928045272827
DBAASPS_18135,0.987234354019165
DBAASPS_18136,0.988540768623352
DBAASPS_18137,0.9889950156211853
DBAASPS_18138,0.9864035844802856
DBAASPS_18139,0.9893078804016113
DBAASPS_18149,0.9893634915351868
DBAASPR_18152,0.9790592193603516
DBAASPS_18153,0.9511828422546387
DBAASPS_18154,0.889616072177887
DBAASPR_18156,0.9589357972145081
DBAASPR_18157,0.9756242632865906
DBAASPR_18158,0.9773747324943542
DBAASPR_18159,0.9798004031181335
DBAASPR_18160,0.9663186073303223
DBAASPS_18161,0.9868409633636475
DBAASPS_18162,0.9895114302635193
DBAASPS_18163,0.9820712208747864
DBAASPS_18164,0.9830724000930786
DBAASPS_18165,0.47073808312416077
DBAASPS_18166,0.7749131917953491
DBAASPS_18167,0.9645749926567078
DBAASPS_18168,0.960424542427063
DBAASPS_18171,0.9021974802017212
DBAASPS_18172,0.9597965478897095
DBAASPS_18175,0.9794224500656128
DBAASPS_18176,0.9654343724250793
DBAASPS_18179,0.9884785413742065
DBAASPS_18180,0.9894189238548279
DBAASPS_18181,0.9898642897605896
DBAASPS_18182,0.9861925840377808
DBAASPS_18184,0.9902592897415161
DBAASPS_18190,0.9828663468360901
DBAASPS_18191,0.9875441193580627
DBAASPR_18200,0.06765347719192505
DBAASPS_18202,0.03323550894856453
DBAASPS_18203,0.9592584371566772
DBAASPS_18204,0.2277052402496338
DBAASPS_18205,0.5918483138084412
DBAASPN_18208,0.03510240092873573
DBAASPR_18210,0.965660810470581
DBAASPS_18213,0.7376288175582886
DBAASPS_18214,0.6609610319137573
DBAASPS_18215,0.16714026033878326
DBAASPR_18216,0.9811325669288635
DBAASPS_18217,0.7833074927330017
DBAASPS_18218,0.6225165724754333
DBAASPS_18219,0.9673494100570679
DBAASPS_18220,0.1636219322681427
DBAASPS_18221,0.5867918729782104
DBAASPS_18222,0.42131152749061584
DBAASPS_18224,0.4193853437900543
DBAASPS_18225,0.5327364802360535
DBAASPS_18226,0.8937664031982422
DBAASPS_18227,0.939603328704834
DBAASPS_18228,0.3275521993637085
DBAASPS_18229,0.27103638648986816
DBAASPS_18230,0.8003327250480652
DBAASPR_18234,0.9808250069618225
DBAASPS_18238,0.9870225191116333
DBAASPS_18245,0.36579611897468567
DBAASPS_18249,0.8138999342918396
DBAASPR_18250,0.9711963534355164
DBAASPS_18254,0.6675651669502258
DBAASPS_18261,0.9840725064277649
DBAASPS_18262,0.895340085029602
DBAASPS_18263,0.9775947332382202
DBAASPS_18264,0.6893075704574585
DBAASPS_18288,0.9897547364234924
DBAASPS_18289,0.9849326610565186
DBAASPS_18293,0.8272568583488464
DBAASPS_18294,0.9888482093811035
DBAASPS_18295,0.9592704772949219
DBAASPR_18296,0.1183634027838707
DBAASPS_18297,0.9894936680793762
DBAASPS_18298,0.9888820648193359
DBAASPS_18299,0.7605040669441223
DBAASPN_18305,0.213861346244812
DBAASPS_18306,0.9873192310333252
DBAASPS_18308,0.1074821799993515
DBAASPS_18309,0.9623281359672546
DBAASPS_18310,0.7106741666793823
DBAASPS_18311,0.01869121938943863
DBAASPS_18312,0.04002416878938675
DBAASPS_18313,0.047957394272089005
DBAASPS_18314,0.09416631609201431
DBAASPR_18316,0.6284366846084595
DBAASPS_18320,0.9892186522483826
DBAASPS_18321,0.4883102774620056
DBAASPS_18322,0.1524101197719574
DBAASPS_18323,0.8946610689163208
DBAASPS_18324,0.7620492577552795
DBAASPS_18325,0.9905392527580261
DBAASPS_18326,0.9904653429985046
DBAASPS_18327,0.9905153512954712
DBAASPS_18328,0.9905022978782654
DBAASPS_18329,0.9899668097496033
DBAASPS_18330,0.9902676343917847
DBAASPS_18331,0.990473210811615
DBAASPS_18340,0.9888888001441956
DBAASPS_18343,0.9837306141853333
DBAASPS_18344,0.9875102043151855
DBAASPR_18347,0.9672924876213074
DBAASPS_18348,0.9795646071434021
DBAASPS_18349,0.44987794756889343
DBAASPS_18350,0.27833110094070435
DBAASPS_18351,0.40702590346336365
DBAASPS_18352,0.09988204389810562
DBAASPS_18353,0.9840998649597168
DBAASPS_18354,0.9090920090675354
DBAASPS_18355,0.9494341015815735
DBAASPS_18356,0.90554279088974
DBAASPS_18357,0.07842820882797241
DBAASPS_18358,0.03070140816271305
DBAASPS_18359,0.09730929881334305
DBAASPS_18360,0.9282623529434204
DBAASPS_18362,0.980065107345581
DBAASPS_18363,0.9805490970611572
DBAASPS_18364,0.9672924876213074
DBAASPS_18367,0.9888710975646973
DBAASPS_18373,0.9903301000595093
DBAASPS_18374,0.98841792345047
DBAASPS_18375,0.9860953688621521
DBAASPS_18376,0.9867168068885803
DBAASPS_18377,0.9904816150665283
DBAASPS_18378,0.9894126057624817
DBAASPS_18379,0.9892157912254333
DBAASPS_18380,0.9881951212882996
DBAASPS_18381,0.9905743598937988
DBAASPS_18382,0.9899784326553345
DBAASPS_18383,0.9899092316627502
DBAASPS_18385,0.9886458516120911
DBAASPS_18386,0.9894431829452515
DBAASPS_18387,0.9902671575546265
DBAASPS_18388,0.9904885292053223
DBAASPS_18389,0.9902801513671875
DBAASPS_18390,0.986240565776825
DBAASPS_18391,0.9821500182151794
DBAASPS_18392,0.9721860289573669
DBAASPS_18393,0.9888170957565308
DBAASPS_18394,0.9901043772697449
DBAASPS_18395,0.9902846813201904
DBAASPS_18396,0.9903552532196045
DBAASPS_18397,0.9887014627456665
DBAASPS_18402,0.989691972732544
DBAASPS_18404,0.9903301000595093
DBAASPS_18411,0.10849207639694214
DBAASPS_18412,0.4391610324382782
DBAASPS_18413,0.21222464740276337
DBAASPS_18414,0.06561369448900223
DBAASPN_18421,0.052803050726652145
DBAASPN_18422,0.2989150285720825
DBAASPN_18423,0.07659254223108292
DBAASPN_18425,0.2617940604686737
DBAASPN_18427,0.01875818334519863
DBAASPN_18429,0.030302448198199272
DBAASPN_18430,0.027988620102405548
DBAASPN_18431,0.02724703960120678
DBAASPS_18437,0.9674766659736633
DBAASPS_18439,0.9749376773834229
DBAASPS_18441,0.9253139495849609
DBAASPN_18443,0.9779983758926392
DBAASPN_18444,0.9788869619369507
DBAASPN_18445,0.9767699241638184
DBAASPN_18446,0.9686684608459473
DBAASPN_18447,0.9412506222724915
DBAASPN_18448,0.05876973643898964
DBAASPN_18456,0.4464196264743805
DBAASPS_18462,0.9833266735076904
DBAASPS_18464,0.9793254733085632
DBAASPS_18465,0.9679915904998779
DBAASPN_18471,0.28694140911102295
DBAASPN_18473,0.016412436962127686
DBAASPN_18475,0.020699486136436462
DBAASPN_18476,0.017888445407152176
DBAASPN_18477,0.020671749487519264
DBAASPN_18478,0.06352686136960983
DBAASPN_18479,0.14781741797924042
DBAASPN_18484,0.06346508860588074
DBAASPN_18492,0.2207402139902115
DBAASPS_18493,0.9895163774490356
DBAASPS_18494,0.9860199093818665
DBAASPS_18495,0.9863561391830444
DBAASPN_18499,0.06438854336738586
DBAASPN_18500,0.07034294307231903
DBAASPN_18501,0.5659541487693787
DBAASPN_18509,0.23449069261550903
DBAASPN_18518,0.02777080051600933
DBAASPS_18519,0.9897566437721252
DBAASPS_18520,0.9801844358444214
DBAASPS_18521,0.9793829321861267
DBAASPS_18522,0.9860144853591919
DBAASPS_18523,0.9776597023010254
DBAASPS_18524,0.9855060577392578
DBAASPS_18525,0.9897415041923523
DBAASPN_18534,0.04116933047771454
DBAASPN_18535,0.03614185377955437
DBAASPN_18539,0.01947091892361641
DBAASPN_18558,0.33548349142074585
DBAASPN_18563,0.3141360878944397
DBAASPN_18564,0.2478712797164917
DBAASPN_18565,0.23838457465171814
DBAASPN_18566,0.32669976353645325
DBAASPN_18568,0.0445694737136364
DBAASPN_18569,0.11484844237565994
DBAASPN_18570,0.058117352426052094
DBAASPN_18571,0.09594691544771194
DBAASPN_18572,0.23678721487522125
DBAASPS_18576,0.5781346559524536
DBAASPS_18578,0.355803906917572
DBAASPS_18579,0.9859288930892944
DBAASPS_18580,0.029200350865721703
DBAASPS_18581,0.09263294190168381
DBAASPR_18582,0.9848164916038513
DBAASPS_18583,0.796761691570282
DBAASPS_18584,0.2610849440097809
DBAASPS_18585,0.9280487298965454
DBAASPS_18586,0.9816944599151611
DBAASPS_18587,0.05938176438212395
DBAASPS_18588,0.9901627898216248
DBAASPS_18589,0.43593430519104004
DBAASPN_18596,0.01573002152144909
DBAASPR_18597,0.3576846122741699
DBAASPR_18598,0.9887896180152893
DBAASPR_18599,0.9352687001228333
DBAASPR_18601,0.9884752035140991
DBAASPR_18602,0.9872897267341614
DBAASPR_18603,0.9117434620857239
DBAASPR_18604,0.9877498745918274
DBAASPR_18605,0.9607936143875122
DBAASPR_18606,0.8711745738983154
DBAASPR_18607,0.9796304702758789
DBAASPS_18609,0.7550718784332275
DBAASPS_18610,0.5293453931808472
DBAASPS_18611,0.16540135443210602
DBAASPS_18612,0.4458911120891571
DBAASPS_18613,0.9818910360336304
DBAASPS_18614,0.982333779335022
DBAASPS_18615,0.9819493889808655
DBAASPS_18616,0.6974872946739197
DBAASPS_18617,0.9833041429519653
DBAASPS_18618,0.9719586372375488
DBAASPS_18619,0.977175772190094
DBAASPS_18620,0.9837543964385986
DBAASPS_18621,0.9772015810012817
DBAASPS_18622,0.2057986855506897
DBAASPS_18623,0.6083501577377319
DBAASPS_18624,0.1758240908384323
DBAASPS_18626,0.8870035409927368
DBAASPS_18628,0.952208936214447
DBAASPS_18643,0.859274685382843
DBAASPS_18644,0.3094233572483063
DBAASPS_18645,0.984848141670227
DBAASPS_18646,0.9826597571372986
DBAASPS_18647,0.9905093312263489
DBAASPS_18648,0.9855075478553772
DBAASPS_18649,0.985602617263794
DBAASPS_18650,0.9905519485473633
DBAASPS_18651,0.9806734919548035
DBAASPS_18652,0.9818019270896912
DBAASPS_18653,0.9902794361114502
DBAASPS_18654,0.981981098651886
DBAASPS_18655,0.6116528511047363
DBAASPS_18656,0.9862222075462341
DBAASPS_18657,0.9763174057006836
DBAASPS_18658,0.9799452424049377
DBAASPS_18659,0.726167619228363
DBAASPS_18660,0.9567607641220093
DBAASPS_18661,0.9352714419364929
DBAASPS_18662,0.10397761315107346
DBAASPS_18663,0.2578975260257721
DBAASPS_18664,0.20496106147766113
DBAASPS_18665,0.2846771776676178
DBAASPS_18666,0.9434478878974915
DBAASPN_18667,0.1324930489063263
DBAASPS_18668,0.18039074540138245
DBAASPS_18669,0.18489764630794525
DBAASPS_18670,0.05160456523299217
DBAASPR_18682,0.28927066922187805
DBAASPS_18686,0.9863852262496948
DBAASPS_18687,0.9797027707099915
DBAASPS_18688,0.9756066203117371
DBAASPS_18689,0.9603445529937744
DBAASPS_18690,0.988562822341919
DBAASPS_18691,0.9859630465507507
DBAASPS_18692,0.9818084239959717
DBAASPS_18693,0.9810017943382263
DBAASPS_18694,0.9636462926864624
DBAASPS_18695,0.8899796605110168
DBAASPS_18696,0.9098244309425354
DBAASPS_18697,0.8975299596786499
DBAASPN_18702,0.12222252041101456
DBAASPS_18704,0.99038165807724
DBAASPS_18707,0.9506832957267761
DBAASPS_18709,0.94678795337677
DBAASPS_18710,0.990496039390564
DBAASPN_18711,0.0652373656630516
DBAASPN_18712,0.07086126506328583
DBAASPN_18713,0.09670698642730713
DBAASPN_18717,0.06267660111188889
DBAASPN_18721,0.057561442255973816
DBAASPN_18723,0.1123308390378952
DBAASPN_18725,0.3027046024799347
DBAASPS_18734,0.9897596836090088
DBAASPS_18735,0.9871524572372437
DBAASPS_18736,0.9518179893493652
DBAASPS_18737,0.9886187314987183
DBAASPS_18739,0.9896280765533447
DBAASPS_18743,0.9905980825424194
DBAASPS_18744,0.035219479352235794
DBAASPS_18745,0.017717592418193817
DBAASPS_18748,0.16358254849910736
DBAASPS_18749,0.08837807178497314
DBAASPS_18750,0.04243571311235428
DBAASPS_18759,0.18442343175411224
DBAASPS_18765,0.14489001035690308
DBAASPS_18768,0.061014190316200256
DBAASPS_18769,0.08650366216897964
DBAASPS_18771,0.17715848982334137
DBAASPS_18773,0.14005549252033234
DBAASPS_18776,0.0885196253657341
DBAASPS_18779,0.14373047649860382
DBAASPR_18781,0.5524206757545471
DBAASPR_18782,0.9811500906944275
DBAASPS_18783,0.990494430065155
DBAASPS_18784,0.9907259345054626
DBAASPS_18785,0.989387035369873
DBAASPS_18788,0.9510378837585449
DBAASPS_18789,0.9897838830947876
DBAASPS_18790,0.989477276802063
DBAASPS_18798,0.8979656100273132
DBAASPS_18801,0.9574885964393616
DBAASPS_18803,0.9240208268165588
DBAASPS_18810,0.885322093963623
DBAASPS_18811,0.9804064035415649
DBAASPS_18812,0.9673731923103333
DBAASPS_18813,0.9844537377357483
DBAASPS_18814,0.7529295682907104
DBAASPS_18815,0.9684804677963257
DBAASPS_18816,0.9456579089164734
DBAASPS_18817,0.9800992608070374
DBAASPS_18818,0.6705327033996582
DBAASPS_18819,0.5049130320549011
DBAASPS_18820,0.2577457129955292
DBAASPS_18821,0.696929931640625
DBAASPS_18822,0.15959633886814117
DBAASPS_18824,0.950170636177063
DBAASPS_18826,0.09026656299829483
DBAASPS_18828,0.8943615555763245
DBAASPS_18830,0.07044357806444168
DBAASPS_18832,0.13697956502437592
DBAASPS_18834,0.024631841108202934
DBAASPS_18835,0.05014818161725998
DBAASPS_18836,0.19786697626113892
DBAASPS_18837,0.13958075642585754
DBAASPS_18838,0.39674532413482666
DBAASPS_18839,0.033314917236566544
DBAASPS_18840,0.04622393846511841
DBAASPS_18841,0.07343249022960663
DBAASPS_18842,0.0882037878036499
DBAASPS_18843,0.07992743700742722
DBAASPS_18844,0.1138017401099205
DBAASPS_18845,0.08473867923021317
DBAASPS_18846,0.1607566922903061
DBAASPS_18847,0.46008914709091187
DBAASPS_18848,0.06255357712507248
DBAASPS_18849,0.04046959429979324
DBAASPS_18850,0.3132762908935547
DBAASPS_18893,0.9878972768783569
DBAASPS_18904,0.9902536869049072
DBAASPS_18907,0.44071221351623535
DBAASPS_18908,0.5722718834877014
DBAASPS_18909,0.08218835294246674
DBAASPS_18910,0.1134912520647049
DBAASPN_18994,0.9788057208061218
DBAASPN_18995,0.9843591451644897
DBAASPN_18996,0.982310950756073
DBAASPN_18997,0.9751536250114441
DBAASPN_18999,0.11943180114030838
DBAASPN_19000,0.1490757018327713
DBAASPS_19001,0.9896488189697266
DBAASPR_19004,0.6676014065742493
DBAASPR_19008,0.9763309359550476
DBAASPS_19009,0.9650148153305054
DBAASPS_19010,0.9615542888641357
DBAASPS_19011,0.9799560904502869
DBAASPS_19012,0.9713270664215088
DBAASPS_19013,0.9560853838920593
DBAASPS_19014,0.8574205636978149
DBAASPS_19016,0.9896528124809265
DBAASPS_19017,0.9900708794593811
DBAASPS_19018,0.972080409526825
DBAASPR_19019,0.29810914397239685
DBAASPR_19020,0.447325199842453
DBAASPS_19021,0.18885663151741028
DBAASPS_19022,0.45429787039756775
DBAASPS_19023,0.980519711971283
DBAASPS_19024,0.3581137955188751
DBAASPS_19025,0.9135198593139648
DBAASPS_19026,0.961769700050354
DBAASPN_19027,0.019147874787449837
DBAASPN_19028,0.4379406273365021
DBAASPS_19035,0.9895896911621094
DBAASPS_19037,0.08438897877931595
DBAASPS_19038,0.11884142458438873
DBAASPS_19040,0.06861460953950882
DBAASPS_19041,0.08187034726142883
DBAASPS_19042,0.0994916632771492
DBAASPS_19043,0.06448803842067719
DBAASPS_19044,0.07322491705417633
DBAASPN_19066,0.9583473205566406
DBAASPN_19068,0.8661143183708191
DBAASPS_19071,0.8550123572349548
DBAASPS_19072,0.9881300330162048
DBAASPS_19073,0.9882908463478088
DBAASPS_19076,0.9654462337493896
DBAASPN_19094,0.9729259610176086
DBAASPS_19096,0.9898250699043274
DBAASPS_19097,0.9900475740432739
DBAASPN_19099,0.9773426651954651
DBAASPN_19101,0.9873393774032593
DBAASPS_19103,0.968780517578125
DBAASPS_19110,0.12581166625022888
DBAASPS_19112,0.9589083790779114
DBAASPS_19114,0.9639891386032104
DBAASPS_19119,0.9905891418457031
DBAASPS_19123,0.9905849099159241
DBAASPS_19124,0.9895133972167969
DBAASPS_19125,0.9901049137115479
DBAASPS_19126,0.9902148246765137
DBAASPS_19127,0.9852654933929443
DBAASPS_19128,0.8317820429801941
DBAASPS_19132,0.9899071455001831
DBAASPS_19133,0.9904510974884033
DBAASPS_19134,0.03272922709584236
DBAASPS_19135,0.011774891056120396
DBAASPS_19136,0.053292933851480484
DBAASPS_19137,0.0970427468419075
DBAASPS_19138,0.022609662264585495
DBAASPS_19139,0.03134235367178917
DBAASPS_19141,0.10603266954421997
DBAASPS_19142,0.9752458333969116
DBAASPS_19143,0.885589063167572
DBAASPS_19144,0.9599460363388062
DBAASPR_19147,0.9216400384902954
DBAASPR_19148,0.6257981061935425
DBAASPR_19149,0.037538494914770126
DBAASPR_19150,0.05188501626253128
DBAASPR_19151,0.01567815989255905
DBAASPR_19152,0.017400765791535378
DBAASPS_19153,0.8520340919494629
DBAASPS_19154,0.974902868270874
DBAASPS_19155,0.7146122455596924
DBAASPS_19156,0.19749100506305695
DBAASPS_19157,0.9583362936973572
DBAASPS_19158,0.4414065182209015
DBAASPR_19162,0.012248576618731022
DBAASPN_19167,0.06553027033805847
DBAASPN_19168,0.08022422343492508
DBAASPS_19193,0.9766911268234253
DBAASPS_19196,0.9855995178222656
DBAASPS_19197,0.9792274832725525
DBAASPS_19198,0.9851347208023071
DBAASPS_19199,0.9856820106506348
DBAASPS_19200,0.9581286311149597
DBAASPS_19201,0.9747072458267212
DBAASPS_19202,0.9824212193489075
DBAASPS_19203,0.9756820797920227
DBAASPS_19204,0.7836645841598511
DBAASPS_19205,0.9890965223312378
DBAASPS_19206,0.9817962050437927
DBAASPS_19207,0.9889946579933167
DBAASPN_19208,0.01962120085954666
DBAASPN_19210,0.02686663158237934
DBAASPN_19211,0.020745206624269485
DBAASPN_19212,0.01608147844672203
DBAASPR_19213,0.9611741900444031
DBAASPR_19217,0.4165821969509125
DBAASPN_19219,0.02778317965567112
DBAASPS_19220,0.9768585562705994
DBAASPS_19226,0.9822976589202881
DBAASPS_19243,0.9907785058021545
DBAASPS_19244,0.9905871748924255
DBAASPS_19245,0.9878039956092834
DBAASPS_19246,0.6566758155822754
DBAASPR_19247,0.9909135103225708
DBAASPS_19248,0.9899347424507141
DBAASPS_19249,0.9897422194480896
DBAASPS_19250,0.9746072292327881
DBAASPS_19251,0.9882816672325134
DBAASPS_19252,0.9877166748046875
DBAASPS_19253,0.9852775931358337
DBAASPS_19254,0.9861698746681213
DBAASPS_19256,0.9878708124160767
DBAASPS_19257,0.9893671274185181
DBAASPS_19263,0.9844444990158081
DBAASPS_19264,0.9880437254905701
DBAASPS_19265,0.4573405683040619
DBAASPS_19269,0.9905049204826355
DBAASPS_19271,0.9906129837036133
DBAASPS_19272,0.9896954894065857
DBAASPS_19273,0.9646682739257812
DBAASPR_19276,0.3557407855987549
DBAASPS_19283,0.980993390083313
DBAASPS_19286,0.9843396544456482
DBAASPR_19288,0.9845061302185059
DBAASPR_19289,0.9728776812553406
DBAASPR_19290,0.9411906599998474
DBAASPS_19294,0.09429056197404861
DBAASPS_19297,0.6606298089027405
DBAASPS_19298,0.07397361099720001
DBAASPS_19300,0.3800961673259735
DBAASPS_19301,0.8789868950843811
DBAASPS_19302,0.23031698167324066
DBAASPS_19303,0.07466716319322586
DBAASPS_19304,0.9897881746292114
DBAASPS_19308,0.9485898613929749
DBAASPS_19309,0.984455943107605
DBAASPS_19310,0.9461680054664612
DBAASPS_19311,0.9220647811889648
DBAASPS_19312,0.7003247737884521
DBAASPS_19313,0.01249488815665245
DBAASPS_19315,0.9315372109413147
DBAASPS_19316,0.9654502868652344
DBAASPS_19318,0.9713736772537231
DBAASPS_19320,0.06690481305122375
DBAASPS_19321,0.7188795208930969
DBAASPS_19323,0.9877217411994934
DBAASPS_19324,0.9067806601524353
DBAASPS_19339,0.9723319411277771
DBAASPS_19340,0.35700416564941406
DBAASPS_19343,0.9535154700279236
DBAASPS_19344,0.2005852311849594
DBAASPS_19347,0.9724121689796448
DBAASPS_19348,0.51954185962677
DBAASPS_19351,0.9906476736068726
DBAASPS_19352,0.9658418893814087
DBAASPS_19353,0.9070233106613159
DBAASPR_19354,0.9898335933685303
DBAASPS_19355,0.9292073249816895
DBAASPR_19356,0.9845850467681885
DBAASPR_19357,0.9548085331916809
DBAASPR_19359,0.9620378017425537
DBAASPS_19362,0.9677725434303284
DBAASPS_19363,0.9611461758613586
DBAASPS_19364,0.9526361227035522
DBAASPS_19367,0.929056704044342
DBAASPS_19368,0.10448470711708069
DBAASPS_19369,0.5311850309371948
DBAASPS_19370,0.01444715354591608
DBAASPS_19371,0.2892061769962311
DBAASPS_19373,0.02735101245343685
DBAASPS_19374,0.38852280378341675
DBAASPR_19375,0.6661462783813477
DBAASPS_19376,0.7994412779808044
DBAASPR_19377,0.051611609756946564
DBAASPR_19378,0.26369035243988037
DBAASPR_19379,0.7867088317871094
DBAASPR_19380,0.9689216613769531
DBAASPR_19381,0.07964665442705154
DBAASPR_19382,0.01513670664280653
DBAASPR_19383,0.8233227133750916
DBAASPR_19384,0.6138551235198975
DBAASPR_19385,0.11567674577236176
DBAASPR_19386,0.9775527119636536
DBAASPR_19387,0.3876476585865021
DBAASPR_19388,0.054432839155197144
DBAASPS_19389,0.9852686524391174
DBAASPS_19390,0.7741445899009705
DBAASPS_19391,0.19200272858142853
DBAASPS_19392,0.8362464904785156
DBAASPS_19393,0.9704128503799438
DBAASPS_19395,0.048054445534944534
DBAASPS_19396,0.93655925989151
DBAASPS_19397,0.9885257482528687
DBAASPS_19398,0.8630555868148804
DBAASPS_19399,0.9862453937530518
DBAASPS_19400,0.11908988654613495
DBAASPS_19401,0.25690266489982605
DBAASPS_19402,0.9891301393508911
DBAASPS_19403,0.9188019037246704
DBAASPS_19404,0.2889218330383301
DBAASPS_19405,0.9242972135543823
DBAASPS_19406,0.5882787704467773
DBAASPS_19407,0.7969824075698853
DBAASPS_19408,0.17092745006084442
DBAASPS_19409,0.9627124071121216
DBAASPS_19410,0.8347786664962769
DBAASPS_19411,0.6636856198310852
DBAASPS_19412,0.41571754217147827
DBAASPS_19413,0.956395149230957
DBAASPS_19414,0.9846840500831604
DBAASPS_19415,0.7478928565979004
DBAASPS_19416,0.696510910987854
DBAASPS_19417,0.7099910378456116
DBAASPS_19429,0.17166316509246826
DBAASPS_19430,0.28326961398124695
DBAASPS_19431,0.1802549511194229
DBAASPS_19432,0.4553546905517578
DBAASPS_19433,0.7832759022712708
DBAASPS_19434,0.8952577114105225
DBAASPS_19435,0.18795786798000336
DBAASPS_19442,0.2936054766178131
DBAASPS_19443,0.08571656048297882
DBAASPS_19444,0.025024065747857094
DBAASPS_19445,0.05637109652161598
DBAASPS_19446,0.036049388349056244
DBAASPS_19448,0.660190999507904
DBAASPS_19449,0.9570684432983398
DBAASPS_19450,0.14622904360294342
DBAASPS_19451,0.46179547905921936
DBAASPR_19459,0.5285159349441528
DBAASPS_19460,0.38290923833847046
DBAASPS_19461,0.9858881235122681
DBAASPS_19462,0.9884591102600098
DBAASPS_19463,0.9895578622817993
DBAASPS_19464,0.988673210144043
DBAASPS_19465,0.989507257938385
DBAASPS_19466,0.9895936250686646
DBAASPS_19467,0.9903135895729065
DBAASPS_19468,0.9897224307060242
DBAASPS_19469,0.9903131723403931
DBAASPS_19470,0.9901614189147949
DBAASPS_19471,0.9900110363960266
DBAASPS_19472,0.9903560280799866
DBAASPS_19473,0.9902556538581848
DBAASPS_19474,0.990147054195404
DBAASPS_19475,0.990016758441925
DBAASPS_19476,0.9898310899734497
DBAASPS_19478,0.9693012833595276
DBAASPS_19479,0.9883883595466614
DBAASPS_19480,0.9858988523483276
DBAASPS_19482,0.025244982913136482
DBAASPS_19483,0.1234702616930008
DBAASPS_19484,0.11809714883565903
DBAASPS_19485,0.9902734756469727
DBAASPS_19486,0.9898524284362793
DBAASPS_19487,0.9907363653182983
DBAASPS_19488,0.9889948964118958
DBAASPS_19489,0.9900622367858887
DBAASPS_19490,0.9882394075393677
DBAASPS_19491,0.9127938151359558
DBAASPS_19492,0.3328668177127838
DBAASPS_19493,0.5906945466995239
DBAASPS_19494,0.9894156455993652
DBAASPS_19495,0.9789806604385376
DBAASPS_19498,0.2726426124572754
DBAASPS_19499,0.027346063405275345
DBAASPS_19500,0.9892265796661377
DBAASPS_19501,0.9884644746780396
DBAASPS_19502,0.9893921613693237
DBAASPS_19512,0.9902275800704956
DBAASPS_19516,0.9884575009346008
DBAASPS_19517,0.9887502193450928
DBAASPS_19518,0.9749776721000671
DBAASPS_19519,0.9765480756759644
DBAASPS_19520,0.9899957180023193
DBAASPS_19521,0.9898504018783569
DBAASPS_19522,0.9893932938575745
DBAASPS_19523,0.989730715751648
DBAASPS_19524,0.9894507527351379
DBAASPS_19525,0.9813061356544495
DBAASPS_19526,0.9903964400291443
DBAASPS_19527,0.9903345108032227
DBAASPS_19528,0.989916980266571
DBAASPN_19546,0.035333286970853806
DBAASPN_19547,0.040057387202978134
DBAASPS_19551,0.9904918074607849
DBAASPS_19552,0.9902647733688354
DBAASPS_19553,0.9899681210517883
DBAASPS_19554,0.1688522845506668
DBAASPS_19555,0.9905670285224915
DBAASPS_19556,0.9905508756637573
DBAASPS_19557,0.9902009963989258
DBAASPS_19560,0.9905610680580139
DBAASPS_19561,0.018502678722143173
DBAASPS_19562,0.6736624240875244
DBAASPS_19563,0.33885759115219116
DBAASPS_19564,0.09173667430877686
DBAASPS_19566,0.0769604966044426
DBAASPS_19589,0.5205785036087036
DBAASPS_19590,0.4310978353023529
DBAASPS_19591,0.8340854048728943
DBAASPS_19592,0.9723863005638123
DBAASPS_19593,0.9828323721885681
DBAASPS_19594,0.982130229473114
DBAASPS_19595,0.9172472357749939
DBAASPS_19598,0.978202760219574
DBAASPR_19599,0.9760552644729614
DBAASPS_19600,0.9308053851127625
DBAASPR_19601,0.9726589918136597
DBAASPS_19602,0.9170194864273071
DBAASPS_19603,0.9757133722305298
DBAASPS_19604,0.9835023283958435
DBAASPS_19605,0.8437290191650391
DBAASPS_19606,0.9679213762283325
DBAASPS_19607,0.8744581937789917
DBAASPS_19608,0.9490164518356323
DBAASPS_19609,0.9690566062927246
DBAASPS_19610,0.9824931025505066
DBAASPS_19611,0.9420830607414246
DBAASPS_19612,0.9849256277084351
DBAASPS_19613,0.9862162470817566
DBAASPS_19614,0.9877150654792786
DBAASPS_19615,0.966873049736023
DBAASPS_19616,0.9865172505378723
DBAASPS_19617,0.7686130404472351
DBAASPR_19618,0.8297212719917297
DBAASPS_19626,0.9873208999633789
DBAASPS_19627,0.7554219365119934
DBAASPS_19628,0.9363008141517639
DBAASPS_19629,0.046411558985710144
DBAASPS_19632,0.9884079098701477
DBAASPS_19634,0.9906303882598877
DBAASPS_19635,0.9889736175537109
DBAASPS_19636,0.9900819063186646
DBAASPS_19637,0.9900743961334229
DBAASPS_19638,0.9900973439216614
DBAASPS_19639,0.9894657731056213
DBAASPS_19640,0.9897181987762451
DBAASPS_19641,0.9899176359176636
DBAASPS_19642,0.9895323514938354
DBAASPS_19643,0.9897155165672302
DBAASPS_19645,0.9342056512832642
DBAASPS_19646,0.08593592792749405
DBAASPS_19647,0.4019224941730499
DBAASPS_19648,0.05296320095658302
DBAASPS_19656,0.9886344075202942
DBAASPS_19657,0.9850502014160156
DBAASPS_19658,0.9704949259757996
DBAASPS_19660,0.9876009225845337
DBAASPS_19662,0.9856778383255005
DBAASPS_19668,0.8715111613273621
DBAASPS_19669,0.8172556757926941
DBAASPS_19670,0.66339510679245
DBAASPS_19671,0.9028913378715515
DBAASPS_19672,0.7378108501434326
DBAASPS_19673,0.6565627455711365
DBAASPS_19674,0.6203228831291199
DBAASPS_19675,0.9421385526657104
DBAASPS_19676,0.9117915034294128
DBAASPS_19677,0.7868755459785461
DBAASPS_19678,0.8778873085975647
DBAASPS_19679,0.9630351066589355
DBAASPS_19680,0.9878256916999817
DBAASPS_19681,0.9768747091293335
DBAASPS_19682,0.9863654971122742
DBAASPS_19683,0.5529482960700989
DBAASPS_19684,0.4167086184024811
DBAASPS_19685,0.3135983347892761
DBAASPS_19686,0.9136954545974731
DBAASPS_19688,0.9335516691207886
DBAASPS_19690,0.9660775065422058
DBAASPS_19691,0.9872848987579346
DBAASPS_19692,0.9892266988754272
DBAASPS_19693,0.9821670651435852
DBAASPS_19694,0.9895671010017395
DBAASPS_19695,0.9856277704238892
DBAASPS_19696,0.989479660987854
DBAASPS_19697,0.9900990724563599
DBAASPS_19698,0.9902756810188293
DBAASPS_19699,0.99040687084198
DBAASPS_19700,0.9905076026916504
DBAASPS_19710,0.025637976825237274
DBAASPS_19711,0.029564881697297096
DBAASPS_19712,0.3452948033809662
DBAASPN_19717,0.08486705273389816
DBAASPN_19720,0.09016791731119156
DBAASPS_19727,0.6591528058052063
DBAASPS_19729,0.12938736379146576
DBAASPS_19730,0.3713662028312683
DBAASPS_19731,0.7372477650642395
DBAASPS_19732,0.9284965991973877
DBAASPS_19733,0.9144002795219421
DBAASPN_19735,0.052646487951278687
DBAASPS_19740,0.6591528058052063
DBAASPS_19744,0.8898971676826477
DBAASPS_19748,0.811284065246582
DBAASPR_19750,0.7980467081069946
DBAASPS_19751,0.9106971621513367
DBAASPS_19753,0.5858456492424011
DBAASPS_19756,0.8821926116943359
DBAASPN_19772,0.09474699199199677
DBAASPN_19774,0.13070976734161377
DBAASPS_19775,0.8486947417259216
DBAASPS_19776,0.989989161491394
DBAASPS_19777,0.9905419945716858
DBAASPS_19782,0.4072781503200531
DBAASPS_19783,0.22347524762153625
DBAASPS_19784,0.2858273983001709
DBAASPS_19785,0.9306817650794983
DBAASPS_19786,0.9544209241867065
DBAASPS_19787,0.9390116930007935
DBAASPS_19794,0.18448512256145477
DBAASPS_19795,0.08424172550439835
DBAASPS_19796,0.39548400044441223
DBAASPS_19797,0.10612357407808304
DBAASPN_19808,0.031184202060103416
DBAASPN_19809,0.03384235128760338
DBAASPS_19818,0.8104411959648132
DBAASPS_19819,0.9576400518417358
DBAASPS_19820,0.9846920967102051
DBAASPS_19821,0.9844735860824585
DBAASPN_19822,0.8880283236503601
DBAASPN_19823,0.9188838601112366
DBAASPS_19825,0.9884185791015625
DBAASPS_19826,0.9876915812492371
DBAASPS_19827,0.9855710864067078
DBAASPS_19828,0.9878020286560059
DBAASPS_19829,0.10253413766622543
DBAASPS_19831,0.7797365188598633
DBAASPS_19832,0.11294975131750107
DBAASPS_19833,0.19058026373386383
DBAASPS_19834,0.21624420583248138
DBAASPS_19835,0.45515134930610657
DBAASPS_19842,0.8512130975723267
DBAASPS_19843,0.6086398363113403
DBAASPS_19844,0.9693465232849121
DBAASPS_19845,0.9358250498771667
DBAASPS_19846,0.20762740075588226
DBAASPS_19847,0.8328127264976501
DBAASPS_19848,0.9092115759849548
DBAASPS_19849,0.4719848334789276
DBAASPS_19850,0.6210867166519165
DBAASPS_19851,0.9685414433479309
DBAASPS_19852,0.9776138067245483
DBAASPS_19853,0.37312936782836914
DBAASPS_19854,0.8481426239013672
DBAASPS_19855,0.9889800548553467
DBAASPS_19856,0.9738500118255615
DBAASPS_19857,0.9878084063529968
DBAASPS_19858,0.9867086410522461
DBAASPS_19859,0.987461268901825
DBAASPS_19860,0.9891781806945801
DBAASPS_19861,0.985898494720459
DBAASPS_19862,0.988856315612793
DBAASPS_19863,0.9894757270812988
DBAASPS_19864,0.9881076812744141
DBAASPS_19865,0.9286800622940063
DBAASPS_19866,0.9905393719673157
DBAASPS_19867,0.9909189939498901
DBAASPS_19869,0.9671854376792908
DBAASPS_19870,0.969788670539856
DBAASPS_19871,0.9872168302536011
DBAASPS_19872,0.7688330411911011
DBAASPS_19873,0.9779571294784546
DBAASPS_19874,0.9887688159942627
DBAASPS_19875,0.9905481934547424
DBAASPS_19876,0.9903663992881775
DBAASPS_19877,0.9904170036315918
DBAASPS_19878,0.9897438287734985
DBAASPS_19879,0.9904743432998657
DBAASPS_19880,0.9899349808692932
DBAASPS_19881,0.9902783036231995
DBAASPS_19882,0.9902088046073914
DBAASPS_19883,0.9898719191551208
DBAASPS_19884,0.9902405142784119
DBAASPS_19885,0.9901774525642395
DBAASPS_19886,0.9903076887130737
DBAASPS_19887,0.989766001701355
DBAASPS_19888,0.9903133511543274
DBAASPR_19889,0.6935296058654785
DBAASPS_19890,0.9856336116790771
DBAASPN_19893,0.07791709899902344
DBAASPS_19895,0.9905848503112793
DBAASPS_19896,0.9900960326194763
DBAASPS_19897,0.9733932018280029
DBAASPS_19898,0.9878440499305725
DBAASPS_19899,0.9905614852905273
DBAASPS_19900,0.9905386567115784
DBAASPS_19901,0.9908251166343689
DBAASPS_19902,0.9906792044639587
DBAASPS_19903,0.9906682968139648
DBAASPS_19904,0.9905019402503967
DBAASPS_19905,0.9872002005577087
DBAASPS_19906,0.9887776374816895
DBAASPS_19907,0.9808114171028137
DBAASPS_19908,0.9776195287704468
DBAASPS_19909,0.9727921485900879
DBAASPS_19910,0.9701759815216064
DBAASPS_19911,0.987554669380188
DBAASPS_19912,0.9883732795715332
DBAASPS_19913,0.9869499802589417
DBAASPS_19914,0.9903372526168823
DBAASPS_19915,0.9902299642562866
DBAASPS_19916,0.9895904064178467
DBAASPS_19917,0.9880502223968506
DBAASPS_19918,0.989366888999939
DBAASPS_19919,0.9892098903656006
DBAASPS_19920,0.9879502654075623
DBAASPS_19921,0.9872464537620544
DBAASPS_19922,0.9677656888961792
DBAASPS_19933,0.9898554682731628
DBAASPS_19935,0.08818087726831436
DBAASPS_19936,0.049661822617053986
DBAASPS_19937,0.023525988683104515
DBAASPS_19938,0.018562614917755127
DBAASPS_19939,0.013891727663576603
DBAASPS_19940,0.0351940356194973
DBAASPS_19941,0.030317530035972595
DBAASPS_19942,0.022461194545030594
DBAASPS_19943,0.08557674288749695
DBAASPS_19944,0.0683707594871521
DBAASPS_19945,0.06084892153739929
DBAASPS_19946,0.019908005371689796
DBAASPS_19947,0.014468860812485218
DBAASPS_19948,0.011705816723406315
DBAASPS_19949,0.9120450019836426
DBAASPS_19950,0.9742026329040527
DBAASPS_19951,0.9857805371284485
DBAASPS_19955,0.6166866421699524
DBAASPS_19957,0.6681229472160339
DBAASPS_19958,0.9566926956176758
DBAASPS_19962,0.9908137321472168
DBAASPS_19963,0.9907124638557434
DBAASPR_19989,0.18913517892360687
DBAASPS_19990,0.23759132623672485
DBAASPS_19991,0.9908177256584167
DBAASPS_19992,0.9908046722412109
DBAASPS_19994,0.9906486868858337
DBAASPS_19995,0.3732835352420807
DBAASPS_19996,0.32826074957847595
DBAASPS_19998,0.9906604886054993
DBAASPS_20001,0.8338010311126709
DBAASPS_20002,0.1398543119430542
DBAASPS_20003,0.19636552035808563
DBAASPS_20004,0.9905282258987427
DBAASPS_20005,0.9906836748123169
DBAASPS_20006,0.990452229976654
DBAASPS_20007,0.9905593991279602
DBAASPS_20008,0.9900110960006714
DBAASPS_20009,0.990597128868103
DBAASPS_20010,0.9900496006011963
DBAASPS_20011,0.9905844330787659
DBAASPS_20012,0.9894391894340515
DBAASPS_20013,0.9901840090751648
DBAASPS_20014,0.9890505075454712
DBAASPS_20015,0.9896481037139893
DBAASPS_20016,0.9866917133331299
DBAASPS_20017,0.9876798987388611
DBAASPS_20018,0.990567684173584
DBAASPS_20019,0.990799069404602
DBAASPS_20020,0.9901741743087769
DBAASPS_20035,0.06526730954647064
DBAASPS_20036,0.09992503374814987
DBAASPS_20038,0.05333900451660156
DBAASPS_20040,0.9623318910598755
DBAASPS_20041,0.8195305466651917
DBAASPS_20042,0.88992840051651
DBAASPS_20043,0.8557364344596863
DBAASPS_20044,0.6820513010025024
DBAASPS_20045,0.9202648401260376
DBAASPS_20047,0.22845646739006042
DBAASPS_20054,0.8260098099708557
DBAASPS_20055,0.9637795090675354
DBAASPS_20056,0.38269221782684326
DBAASPS_20057,0.5848278999328613
DBAASPS_20058,0.630054235458374
DBAASPS_20059,0.2547070384025574
DBAASPS_20060,0.7103838324546814
DBAASPS_20061,0.5613658428192139
DBAASPS_20062,0.9583839178085327
DBAASPS_20065,0.48850640654563904
DBAASPS_20066,0.780552327632904
DBAASPR_20067,0.1172734797000885
DBAASPS_20068,0.1422116756439209
DBAASPS_20069,0.0727972760796547
DBAASPS_20070,0.020868787541985512
DBAASPS_20075,0.8998373746871948
DBAASPS_20076,0.6638765931129456
DBAASPS_20077,0.7626067399978638
DBAASPS_20078,0.9650706648826599
DBAASPS_20079,0.5016687512397766
DBAASPS_20080,0.7786850929260254
DBAASPS_20081,0.6887091994285583
DBAASPR_20089,0.6310664415359497
DBAASPR_20090,0.11023079603910446
DBAASPR_20091,0.37404048442840576
DBAASPR_20092,0.07354887574911118
DBAASPR_20093,0.09747759997844696
DBAASPR_20099,0.9805753231048584
DBAASPS_20100,0.7776767611503601
DBAASPS_20101,0.40107858180999756
DBAASPR_20102,0.9877970814704895
DBAASPS_20103,0.9102210402488708
DBAASPR_20104,0.9871914982795715
DBAASPS_20105,0.8240481615066528
DBAASPS_20106,0.971483588218689
DBAASPR_20107,0.9874600768089294
DBAASPR_20108,0.9811270833015442
DBAASPS_20115,0.7272642850875854
DBAASPS_20116,0.24372625350952148
DBAASPS_20117,0.4679045081138611
DBAASPS_20118,0.23608684539794922
DBAASPS_20120,0.9906518459320068
DBAASPS_20121,0.9906304478645325
DBAASPS_20122,0.9907020926475525
DBAASPS_20123,0.9863304495811462
DBAASPS_20124,0.9721880555152893
DBAASPS_20130,0.9561762809753418
DBAASPS_20134,0.9896605610847473
DBAASPS_20136,0.9830120801925659
DBAASPS_20137,0.9904044270515442
DBAASPS_20141,0.9876669645309448
DBAASPS_20142,0.9895164370536804
DBAASPS_20143,0.9900641441345215
DBAASPS_20144,0.9900714755058289
DBAASPS_20145,0.9902892112731934
DBAASPS_20146,0.9893477559089661
DBAASPS_20147,0.9891050457954407
DBAASPS_20148,0.9899359345436096
DBAASPS_20149,0.9888818860054016
DBAASPS_20150,0.9881898760795593
DBAASPS_20151,0.9879900217056274
DBAASPS_20152,0.9868884682655334
DBAASPS_20153,0.9898043870925903
DBAASPS_20154,0.9884091019630432
DBAASPS_20155,0.9833969473838806
DBAASPS_20156,0.9870119094848633
DBAASPS_20157,0.9835549592971802
DBAASPS_20162,0.3459572196006775
DBAASPS_20163,0.21790382266044617
DBAASPS_20164,0.19493581354618073
DBAASPS_20165,0.32646533846855164
DBAASPR_20166,0.954612135887146
DBAASPR_20167,0.9432355761528015
DBAASPR_20168,0.9405943751335144
DBAASPR_20169,0.9699294567108154
DBAASPS_20170,0.9335405826568604
DBAASPS_20171,0.8909845948219299
DBAASPS_20172,0.05651674047112465
DBAASPS_20173,0.9644654989242554
DBAASPS_20174,0.9818763732910156
DBAASPS_20175,0.4980643093585968
DBAASPS_20176,0.8660619258880615
DBAASPS_20177,0.8388125896453857
DBAASPS_20178,0.13444961607456207
DBAASPS_20179,0.9160596132278442
DBAASPS_20180,0.5163246989250183
DBAASPS_20181,0.9754234552383423
DBAASPS_20182,0.9592620134353638
DBAASPS_20183,0.7248721122741699
DBAASPS_20184,0.9558507800102234
DBAASPS_20185,0.9318975806236267
DBAASPS_20186,0.5084638595581055
DBAASPS_20188,0.984196662902832
DBAASPS_20189,0.9873308539390564
DBAASPS_20190,0.9775274395942688
DBAASPS_20191,0.6897985339164734
DBAASPS_20192,0.9008637070655823
DBAASPS_20193,0.9498120546340942
DBAASPS_20194,0.8332014083862305
DBAASPS_20210,0.9845337271690369
DBAASPS_20212,0.9584111571311951
DBAASPS_20213,0.9679591059684753
DBAASPS_20214,0.9626979231834412
DBAASPS_20215,0.8419977426528931
DBAASPS_20218,0.9558061957359314
DBAASPS_20220,0.8786706328392029
DBAASPS_20221,0.9670844674110413
DBAASPS_20222,0.9858533143997192
DBAASPS_20224,0.9800536632537842
DBAASPS_20225,0.9867151379585266
DBAASPS_20226,0.9740368723869324
DBAASPS_20227,0.9843788743019104
DBAASPS_20228,0.9787912964820862
DBAASPR_20238,0.4041341245174408
DBAASPS_20239,0.9836487174034119
DBAASPS_20240,0.9160721898078918
DBAASPS_20241,0.5024024844169617
DBAASPS_20242,0.9731756448745728
DBAASPS_20243,0.9770411849021912
DBAASPS_20244,0.9760168790817261
DBAASPS_20245,0.9709824919700623
DBAASPS_20246,0.9806211590766907
DBAASPS_20247,0.9775167107582092
DBAASPS_20248,0.988030195236206
DBAASPS_20250,0.9896001219749451
DBAASPS_20251,0.9901955723762512
DBAASPS_20252,0.9893706440925598
DBAASPS_20253,0.9882819056510925
DBAASPS_20254,0.9900224804878235
DBAASPS_20255,0.9878057837486267
DBAASPS_20256,0.9620091319084167
DBAASPS_20257,0.9660717248916626
DBAASPS_20258,0.9728920459747314
DBAASPS_20259,0.9820130467414856
DBAASPS_20260,0.30193352699279785
DBAASPS_20261,0.9900213479995728
DBAASPS_20262,0.9789559841156006
DBAASPS_20263,0.9833671450614929
DBAASPS_20264,0.5383589267730713
DBAASPS_20265,0.9883015751838684
DBAASPS_20266,0.990667998790741
DBAASPS_20267,0.9907574653625488
DBAASPS_20268,0.9906311631202698
DBAASPS_20269,0.9893305897712708
DBAASPS_20270,0.9885479807853699
DBAASPS_20271,0.9903383255004883
DBAASPS_20277,0.9845253229141235
DBAASPS_20279,0.9273985624313354
DBAASPS_20280,0.9770474433898926
DBAASPS_20281,0.986361026763916
DBAASPS_20282,0.9835778474807739
DBAASPS_20283,0.9747525453567505
DBAASPS_20284,0.9866787791252136
DBAASPS_20285,0.982978880405426
DBAASPS_20286,0.9866787791252136
DBAASPS_20291,0.98581463098526
DBAASPS_20292,0.9896247386932373
DBAASPS_20293,0.9888392686843872
DBAASPS_20294,0.988574206829071
DBAASPR_20296,0.026600249111652374
DBAASPS_20300,0.9880435466766357
DBAASPS_20301,0.8391432166099548
DBAASPS_20302,0.9878599047660828
DBAASPS_20303,0.9706572890281677
DBAASPS_20304,0.9802643060684204
DBAASPS_20305,0.9862793684005737
DBAASPS_20306,0.9805612564086914
DBAASPS_20307,0.9832941889762878
DBAASPS_20308,0.45815154910087585
DBAASPS_20309,0.9838169813156128
DBAASPS_20310,0.9124668836593628
DBAASPS_20311,0.938416063785553
DBAASPS_20312,0.9872022867202759
DBAASPR_20313,0.1370074301958084
DBAASPS_20314,0.9833983182907104
DBAASPS_20322,0.9859703779220581
DBAASPS_20324,0.42072179913520813
DBAASPS_20326,0.9584283828735352
DBAASPS_20327,0.13834771513938904
DBAASPS_20328,0.9857448935508728
DBAASPS_20329,0.6579700708389282
DBAASPS_20330,0.9093919396400452
DBAASPS_20331,0.2985469400882721
DBAASPS_20332,0.24156811833381653
DBAASPS_20333,0.8525691032409668
DBAASPS_20334,0.289699912071228
DBAASPS_20335,0.9407615065574646
DBAASPS_20336,0.09722882509231567
DBAASPS_20338,0.9886100888252258
DBAASPS_20339,0.9087108969688416
DBAASPS_20340,0.9640203714370728
DBAASPS_20341,0.9886525273323059
DBAASPR_20342,0.9672524333000183
DBAASPR_20343,0.9808801412582397
DBAASPR_20344,0.9822478294372559
DBAASPR_20345,0.9815074801445007
DBAASPR_20346,0.9800015687942505
DBAASPS_20350,0.9903319478034973
DBAASPS_20351,0.06459354609251022
DBAASPS_20353,0.757786750793457
DBAASPS_20354,0.9061818718910217
DBAASPS_20355,0.9750138521194458
DBAASPS_20356,0.7098317742347717
DBAASPS_20357,0.5914500951766968
DBAASPS_20358,0.12042027711868286
DBAASPS_20359,0.12617945671081543
DBAASPS_20360,0.7428935766220093
DBAASPS_20361,0.7123485207557678
DBAASPS_20362,0.08938435465097427
DBAASPS_20363,0.9604527950286865
DBAASPS_20364,0.18224255740642548
DBAASPS_20365,0.988600492477417
DBAASPS_20366,0.956232488155365
DBAASPS_20367,0.26312056183815
DBAASPS_20368,0.3917132616043091
DBAASPS_20369,0.9669972658157349
DBAASPS_20370,0.8872257471084595
DBAASPS_20371,0.8908582329750061
DBAASPS_20372,0.9865050911903381
DBAASPS_20373,0.9899707436561584
DBAASPS_20374,0.9895557165145874
DBAASPS_20375,0.8635849356651306
DBAASPS_20376,0.906522274017334
DBAASPS_20377,0.9823853373527527
DBAASPS_20378,0.4520627558231354
DBAASPS_20379,0.9533907771110535
DBAASPS_20380,0.16934002935886383
DBAASPS_20386,0.9812263250350952
DBAASPS_20388,0.959596574306488
DBAASPS_20389,0.9817218780517578
DBAASPS_20394,0.9493670463562012
DBAASPS_20398,0.04813063517212868
DBAASPS_20399,0.9825576543807983
DBAASPS_20400,0.5320453643798828
DBAASPS_20402,0.9894972443580627
DBAASPS_20403,0.9878969192504883
DBAASPS_20410,0.9888684153556824
DBAASPS_20428,0.9900590181350708
DBAASPS_20441,0.9622628092765808
DBAASPS_20450,0.9902840852737427
DBAASPS_20457,0.9853895306587219
DBAASPS_20458,0.6816315650939941
DBAASPS_20460,0.32811275124549866
DBAASPS_20461,0.09698627144098282
DBAASPS_20462,0.19393987953662872
DBAASPS_20481,0.9425455927848816
DBAASPS_20482,0.9155795574188232
DBAASPS_20483,0.9898867011070251
DBAASPS_20485,0.9688674807548523
DBAASPS_20486,0.9265602231025696
DBAASPS_20487,0.11122293770313263
DBAASPS_20489,0.985665500164032
DBAASPS_20490,0.0832660049200058
DBAASPS_20492,0.34784752130508423
DBAASPS_20493,0.4382879436016083
DBAASPS_20494,0.7443810701370239
DBAASPS_20495,0.9770861864089966
DBAASPS_20496,0.09347201883792877
DBAASPS_20497,0.8778719305992126
DBAASPS_20498,0.462522953748703
DBAASPS_20499,0.8340728282928467
DBAASPS_20500,0.9724314212799072
DBAASPS_20501,0.9553727507591248
DBAASPS_20502,0.950928807258606
DBAASPS_20503,0.9838563203811646
DBAASPS_20504,0.9793732166290283
DBAASPS_20508,0.9890679121017456
DBAASPS_20509,0.9889326691627502
DBAASPS_20511,0.6489736437797546
DBAASPR_20514,0.01963462121784687
DBAASPS_20515,0.9903573393821716
DBAASPS_20516,0.9905924797058105
DBAASPR_20521,0.02181101404130459
DBAASPR_20522,0.07054290175437927
DBAASPR_20523,0.9721561670303345
DBAASPS_20524,0.9707693457603455
DBAASPS_20535,0.09400080144405365
DBAASPS_20536,0.5205048322677612
DBAASPS_20537,0.1048772856593132
DBAASPS_20538,0.3059206008911133
DBAASPS_20539,0.9518675208091736
DBAASPS_20540,0.9692372679710388
DBAASPS_20541,0.9891635775566101
DBAASPS_20542,0.9519920945167542
DBAASPS_20543,0.9875626564025879
DBAASPS_20544,0.9772390127182007
DBAASPS_20557,0.5099043250083923
DBAASPS_20558,0.5581598877906799
DBAASPS_20559,0.6961171627044678
DBAASPS_20560,0.9448821544647217
DBAASPS_20561,0.9708837270736694
DBAASPS_20562,0.9504570960998535
DBAASPS_20565,0.966003954410553
DBAASPS_20566,0.9775514602661133
DBAASPS_20567,0.7082982659339905
DBAASPS_20568,0.8716379404067993
DBAASPS_20569,0.9068581461906433
DBAASPS_20570,0.9542397260665894
DBAASPS_20571,0.4264398217201233
DBAASPS_20572,0.780610203742981
DBAASPS_20573,0.8377602696418762
DBAASPS_20574,0.7247712016105652
DBAASPS_20575,0.9899340271949768
DBAASPS_20576,0.9889059066772461
DBAASPS_20577,0.9848752021789551
DBAASPS_20578,0.9876217246055603
DBAASPS_20579,0.41853925585746765
DBAASPS_20584,0.9900161623954773
DBAASPS_20585,0.9275490641593933
DBAASPS_20588,0.8745321035385132
DBAASPS_20589,0.9884345531463623
DBAASPS_20593,0.17497070133686066
DBAASPS_20594,0.4501587748527527
DBAASPS_20595,0.9892103672027588
DBAASPS_20596,0.9892954230308533
DBAASPS_20597,0.9880900979042053
DBAASPS_20605,0.8920899033546448
DBAASPS_20607,0.3054920732975006
DBAASPS_20608,0.16255389153957367
DBAASPS_20609,0.6324925422668457
DBAASPS_20610,0.3247726559638977
DBAASPS_20616,0.9891836643218994
DBAASPS_20628,0.9868325591087341
DBAASPS_20629,0.9873949885368347
DBAASPS_20630,0.9861782789230347
DBAASPS_20631,0.9874456524848938
DBAASPS_20632,0.9862210750579834
DBAASPS_20633,0.10638558119535446
DBAASPR_20642,0.3035891652107239
DBAASPR_20643,0.10091783106327057
DBAASPN_20644,0.41751933097839355
DBAASPS_20645,0.915499746799469
DBAASPS_20646,0.9397389888763428
DBAASPS_20647,0.6995856165885925
DBAASPS_20649,0.08614832162857056
DBAASPS_20692,0.9802064299583435
DBAASPS_20693,0.29890790581703186
DBAASPS_20694,0.9658076167106628
DBAASPS_20695,0.7540607452392578
DBAASPS_20696,0.8655782341957092
DBAASPS_20697,0.254102885723114
DBAASPS_20699,0.03229929879307747
DBAASPS_20700,0.07357503473758698
DBAASPS_20703,0.06275337189435959
DBAASPS_20704,0.24011565744876862
DBAASPS_20713,0.03949008136987686
DBAASPS_20714,0.49307748675346375
DBAASPS_20717,0.14424677193164825
DBAASPS_20718,0.13558590412139893
DBAASPS_20722,0.4972199499607086
DBAASPS_20723,0.19620467722415924
DBAASPS_20724,0.34167733788490295
DBAASPS_20726,0.9907338619232178
DBAASPS_20727,0.9903584122657776
DBAASPS_20728,0.9904888868331909
DBAASPS_20729,0.9906309247016907
DBAASPS_20730,0.990483283996582
DBAASPS_20731,0.1693502515554428
DBAASPS_20753,0.9900842308998108
DBAASPS_20754,0.990105152130127
DBAASPS_20755,0.9905062913894653
DBAASPS_20756,0.9905017614364624
DBAASPS_20757,0.9907351732254028
DBAASPS_20758,0.9904130697250366
DBAASPS_20759,0.9905954599380493
DBAASPS_20760,0.9907557964324951
DBAASPS_20761,0.9908133745193481
DBAASPS_20762,0.9909060001373291
DBAASPS_20764,0.9903303384780884
DBAASPS_20765,0.9902348518371582
DBAASPS_20766,0.9905399084091187
DBAASPS_20767,0.9905601739883423
DBAASPS_20768,0.989124059677124
DBAASPS_20769,0.9838835000991821
DBAASPS_20770,0.9349897503852844
DBAASPS_20771,0.9858333468437195
DBAASPS_20772,0.990524411201477
DBAASPS_20773,0.9900516271591187
DBAASPS_20774,0.12455728650093079
DBAASPS_20776,0.18665967881679535
DBAASPS_20778,0.14881224930286407
DBAASPS_20785,0.2295314371585846
DBAASPR_20796,0.5610904097557068
DBAASPR_20798,0.061956215649843216
DBAASPR_20799,0.062401510775089264
DBAASPS_20801,0.4163338840007782
DBAASPS_20802,0.13598330318927765
DBAASPS_20803,0.9898430109024048
DBAASPS_20804,0.5221335291862488
DBAASPS_20805,0.4970550835132599
DBAASPS_20806,0.04995381832122803
DBAASPS_20807,0.4193824529647827
DBAASPS_20808,0.4370296895503998
DBAASPS_20809,0.04035818949341774
DBAASPR_20811,0.9757272601127625
DBAASPS_20813,0.9090662002563477
DBAASPS_20814,0.9229137301445007
DBAASPS_20815,0.9902865886688232
DBAASPN_20817,0.11867471784353256
DBAASPS_20818,0.8183889985084534
DBAASPS_20819,0.9887892007827759
DBAASPS_20820,0.985895574092865
DBAASPS_20824,0.5901700854301453
DBAASPS_20826,0.988569974899292
DBAASPS_20827,0.9607957601547241
DBAASPN_20828,0.9782590866088867
DBAASPN_20829,0.9739488363265991
DBAASPN_20832,0.10339303314685822
DBAASPN_20833,0.12191491574048996
DBAASPS_20834,0.8917528390884399
DBAASPS_20836,0.12420064955949783
DBAASPS_20837,0.6733121871948242
DBAASPS_20838,0.9366886615753174
DBAASPS_20839,0.9000257849693298
DBAASPS_20840,0.8794544339179993
DBAASPS_20841,0.9298693537712097
DBAASPS_20842,0.8709477782249451
DBAASPS_20843,0.9612636566162109
DBAASPS_20844,0.9894620776176453
DBAASPS_20853,0.9110386371612549
DBAASPS_20854,0.8875480890274048
DBAASPS_20855,0.9386000037193298
DBAASPS_20856,0.9262413382530212
DBAASPN_20857,0.03242029994726181
DBAASPN_20858,0.020135527476668358
DBAASPN_20859,0.021780289709568024
DBAASPN_20860,0.02522808499634266
DBAASPN_20861,0.016822446137666702
DBAASPN_20862,0.03209468349814415
DBAASPN_20863,0.020951200276613235
DBAASPS_20870,0.0660395398736
DBAASPS_20884,0.9903756380081177
DBAASPS_20885,0.9904791116714478
DBAASPS_20889,0.9326781630516052
DBAASPS_20890,0.7551910281181335
DBAASPN_20891,0.02463655360043049
DBAASPN_20896,0.4080362915992737
DBAASPS_20897,0.14106151461601257
DBAASPS_20900,0.07909693568944931
DBAASPS_20901,0.21769125759601593
DBAASPS_20902,0.9154661297798157
DBAASPS_20903,0.9395789504051208
DBAASPN_20908,0.021474028006196022
DBAASPN_20909,0.016796156764030457
DBAASPN_20911,0.02172931842505932
DBAASPN_20919,0.01462284754961729
DBAASPN_20921,0.01876278780400753
DBAASPN_20922,0.09594691544771194
DBAASPN_20923,0.17440897226333618
DBAASPN_20924,0.0823536291718483
DBAASPS_20929,0.9902282357215881
DBAASPS_20930,0.9881678819656372
DBAASPS_20931,0.9893754720687866
DBAASPS_20932,0.9868819117546082
DBAASPS_20933,0.9881227612495422
DBAASPS_20934,0.9892973303794861
DBAASPS_20938,0.9898707866668701
DBAASPS_20941,0.6846678256988525
DBAASPS_20942,0.9395918846130371
DBAASPS_20943,0.9617911577224731
DBAASPS_20944,0.987524151802063
DBAASPS_20945,0.9882872104644775
DBAASPS_20946,0.9708328247070312
DBAASPS_20947,0.9897849559783936
DBAASPS_20948,0.9875377416610718
DBAASPS_20949,0.9884676933288574
DBAASPS_20950,0.9897931218147278
DBAASPS_20952,0.9899259209632874
DBAASPS_20953,0.9893490076065063
DBAASPS_20958,0.9904927611351013
DBAASPS_20959,0.9905003905296326
DBAASPS_20960,0.984247088432312
DBAASPS_20961,0.9892469048500061
DBAASPS_20962,0.979888379573822
DBAASPS_20963,0.9858444929122925
DBAASPS_20964,0.9895066618919373
DBAASPS_20965,0.9905351400375366
DBAASPS_20966,0.988717794418335
DBAASPS_20967,0.3636149764060974
DBAASPN_20968,0.04466850683093071
DBAASPN_20969,0.05706053227186203
DBAASPN_20971,0.053637802600860596
DBAASPN_20972,0.32799026370048523
DBAASPS_20973,0.02623455412685871
DBAASPN_20974,0.07466813921928406
DBAASPS_20979,0.6482317447662354
DBAASPS_20980,0.9893694519996643
DBAASPS_20982,0.9834200143814087
DBAASPS_20983,0.9884848594665527
DBAASPS_20984,0.974632740020752
DBAASPS_20985,0.9821987152099609
DBAASPS_20986,0.9862748384475708
DBAASPN_20988,0.04607420042157173
DBAASPN_20996,0.04041612148284912
DBAASPS_21003,0.47698208689689636
DBAASPS_21004,0.8650983572006226
DBAASPS_21005,0.9040595293045044
DBAASPS_21006,0.5391831994056702
DBAASPS_21007,0.4445522129535675
DBAASPS_21008,0.6292569637298584
DBAASPS_21009,0.06688008457422256
DBAASPS_21010,0.9267227053642273
DBAASPS_21011,0.9022964239120483
DBAASPS_21012,0.3634096086025238
DBAASPN_21013,0.016379738226532936
DBAASPN_21016,0.15293332934379578
DBAASPN_21017,0.27985426783561707
DBAASPS_21018,0.016066674143075943
DBAASPS_21019,0.017050711438059807
DBAASPS_21020,0.018240738660097122
DBAASPS_21021,0.0143969701603055
DBAASPS_21022,0.9586474895477295
DBAASPS_21024,0.965094268321991
DBAASPS_21026,0.9762963652610779
DBAASPS_21028,0.7687255144119263
DBAASPS_21029,0.9142578840255737
DBAASPS_21030,0.970425546169281
DBAASPS_21031,0.9579965472221375
DBAASPS_21032,0.9120790362358093
DBAASPS_21033,0.9560529589653015
DBAASPR_21035,0.2529048025608063
DBAASPS_21036,0.18895451724529266
DBAASPS_21037,0.089406818151474
DBAASPS_21038,0.13110527396202087
DBAASPS_21039,0.03828838840126991
DBAASPS_21040,0.17652861773967743
DBAASPS_21041,0.04610172286629677
DBAASPS_21042,0.10077571123838425
DBAASPS_21043,0.13910070061683655
DBAASPS_21044,0.17305923998355865
DBAASPS_21045,0.04438310116529465
DBAASPS_21046,0.09707781672477722
DBAASPS_21049,0.7822750210762024
DBAASPS_21050,0.9823598861694336
DBAASPS_21051,0.9777994155883789
DBAASPS_21052,0.9545463919639587
DBAASPS_21053,0.9743220806121826
DBAASPS_21055,0.9817814826965332
DBAASPS_21056,0.9875292181968689
DBAASPS_21057,0.9671305418014526
DBAASPS_21058,0.9840622544288635
DBAASPS_21059,0.9864301681518555
DBAASPS_21061,0.643013596534729
DBAASPS_21062,0.2335892617702484
DBAASPS_21063,0.09590549767017365
DBAASPS_21064,0.101592518389225
DBAASPS_21065,0.08157800137996674
DBAASPS_21068,0.9900858402252197
DBAASPS_21073,0.9335523247718811
DBAASPS_21074,0.9587466716766357
DBAASPS_21076,0.9836854934692383
DBAASPS_21077,0.9903088808059692
DBAASPS_21078,0.9882417321205139
DBAASPS_21079,0.9903666973114014
DBAASPS_21080,0.9870306849479675
DBAASPS_21081,0.9894932508468628
DBAASPS_21112,0.9893814325332642
DBAASPS_21114,0.9890719056129456
DBAASPS_21116,0.9854764342308044
DBAASPS_21118,0.9909509420394897
DBAASPR_21120,0.9761416912078857
DBAASPN_21125,0.13596048951148987
DBAASPN_21126,0.12305206060409546
DBAASPN_21128,0.04754495993256569
DBAASPR_21129,0.5040562152862549
DBAASPR_21130,0.08398980647325516
DBAASPR_21131,0.06022176519036293
DBAASPN_21132,0.3323286473751068
DBAASPS_21133,0.9901264905929565
DBAASPN_21134,0.18289515376091003
DBAASPN_21135,0.1742343306541443
DBAASPN_21136,0.21008208394050598
DBAASPR_21138,0.01103038527071476
DBAASPR_21139,0.3591679334640503
DBAASPN_21143,0.017909586429595947
DBAASPN_21150,0.17665128409862518
DBAASPN_21151,0.15681034326553345
DBAASPN_21153,0.06505755335092545
DBAASPN_21154,0.2568138539791107
DBAASPN_21155,0.12349027395248413
DBAASPN_21158,0.9415912628173828
DBAASPN_21159,0.07508701086044312
DBAASPN_21160,0.03270791098475456
DBAASPS_21161,0.5553238391876221
DBAASPS_21162,0.9526803493499756
DBAASPS_21163,0.923900842666626
DBAASPS_21164,0.9903978109359741
DBAASPS_21165,0.9902472496032715
DBAASPS_21166,0.9904356002807617
DBAASPS_21172,0.9900071620941162
DBAASPS_21173,0.987975537776947
DBAASPS_21174,0.9866902232170105
DBAASPS_21175,0.9891304969787598
DBAASPS_21176,0.9901273846626282
DBAASPS_21177,0.9900527596473694
DBAASPS_21179,0.7271741628646851
DBAASPS_21181,0.9675489664077759
DBAASPS_21182,0.6349995732307434
DBAASPR_21185,0.07544321566820145
DBAASPR_21188,0.412966787815094
DBAASPS_21190,0.1775449961423874
DBAASPS_21191,0.8091279864311218
DBAASPS_21192,0.6830920577049255
DBAASPS_21193,0.9859442114830017
DBAASPS_21194,0.9770259261131287
DBAASPS_21195,0.9875235557556152
DBAASPS_21196,0.9792894124984741
DBAASPS_21197,0.9804560542106628
DBAASPS_21198,0.9875977635383606
DBAASPS_21199,0.822131872177124
DBAASPS_21200,0.370310515165329
DBAASPS_21201,0.2109614610671997
DBAASPS_21202,0.12177900224924088
DBAASPS_21203,0.07398952543735504
DBAASPS_21204,0.08421110361814499
DBAASPR_21205,0.0541490837931633
DBAASPR_21206,0.026046881452202797
DBAASPR_21208,0.9522621631622314
DBAASPR_21209,0.9410628080368042
DBAASPR_21210,0.3953154981136322
DBAASPS_21216,0.7989636659622192
DBAASPS_21217,0.6045947670936584
DBAASPS_21230,0.9905394315719604
DBAASPS_21232,0.5701038241386414
DBAASPS_21233,0.9903478622436523
DBAASPS_21234,0.912661612033844
DBAASPS_21237,0.9891564846038818
DBAASPS_21238,0.9650831818580627
DBAASPS_21240,0.9897549748420715
DBAASPS_21241,0.4934462904930115
DBAASPS_21243,0.9906708002090454
DBAASPR_21248,0.22349335253238678
DBAASPR_21249,0.08965900540351868
DBAASPR_21251,0.4750700294971466
DBAASPR_21253,0.9864633679389954
DBAASPR_21254,0.9507465958595276
DBAASPR_21255,0.9895310401916504
DBAASPR_21256,0.7661148905754089
DBAASPR_21257,0.7791844606399536
DBAASPN_21258,0.03601644188165665
DBAASPN_21260,0.03480025753378868
DBAASPN_21262,0.21518652141094208
DBAASPN_21263,0.1211240291595459
DBAASPN_21264,0.21609951555728912
DBAASPN_21265,0.07304153591394424
DBAASPR_21266,0.3505421578884125
DBAASPR_21267,0.4992772936820984
DBAASPS_21268,0.28572896122932434
DBAASPS_21270,0.4774278402328491
DBAASPS_21272,0.054788779467344284
DBAASPS_21277,0.0224339310079813
DBAASPS_21278,0.7652938365936279
DBAASPS_21279,0.7998702526092529
DBAASPS_21280,0.28439003229141235
DBAASPS_21281,0.9829922318458557
DBAASPS_21282,0.7531099319458008
DBAASPS_21283,0.11296461522579193
DBAASPS_21284,0.8867425322532654
DBAASPS_21285,0.10355757176876068
DBAASPN_21288,0.0814756229519844
DBAASPS_21289,0.6149959564208984
DBAASPS_21290,0.5860263109207153
DBAASPS_21301,0.9891612529754639
DBAASPS_21302,0.9896158576011658
DBAASPS_21303,0.9894728660583496
DBAASPS_21304,0.9848569631576538
DBAASPS_21305,0.865380048751831
DBAASPS_21306,0.9656158089637756
DBAASPS_21307,0.5247895121574402
DBAASPS_21309,0.9789574146270752
DBAASPS_21310,0.9843713641166687
DBAASPS_21311,0.9904757738113403
DBAASPS_21312,0.9896683692932129
DBAASPS_21313,0.9880125522613525
DBAASPS_21314,0.9898149967193604
DBAASPS_21320,0.18343015015125275
DBAASPS_21321,0.3077298104763031
DBAASPS_21322,0.17917318642139435
DBAASPS_21323,0.21743354201316833
DBAASPR_21324,0.5473138689994812
DBAASPS_21325,0.6536456346511841
DBAASPN_21326,0.015167851001024246
DBAASPS_21330,0.5850510001182556
DBAASPS_21331,0.9645650386810303
DBAASPS_21332,0.7453827857971191
DBAASPS_21333,0.8384264707565308
DBAASPS_21334,0.6802416443824768
DBAASPS_21335,0.9684176445007324
DBAASPS_21336,0.9533732533454895
DBAASPR_21337,0.98527991771698
DBAASPS_21338,0.9904455542564392
DBAASPS_21339,0.9905790090560913
DBAASPN_21360,0.024055523797869682
DBAASPN_21361,0.6529552340507507
DBAASPN_21362,0.019140752032399178
DBAASPN_21363,0.06577461212873459
DBAASPN_21365,0.10157809406518936
DBAASPN_21366,0.08357354253530502
DBAASPN_21393,0.040595266968011856
DBAASPS_21401,0.08439955860376358
DBAASPN_21405,0.06772473454475403
DBAASPN_21406,0.13577112555503845
DBAASPN_21407,0.05131163075566292
DBAASPN_21408,0.08053679764270782
DBAASPS_21409,0.988564670085907
DBAASPR_21410,0.9895608425140381
DBAASPS_21413,0.9128432273864746
DBAASPN_21417,0.03518977016210556
DBAASPN_21419,0.0375051349401474
DBAASPS_21445,0.031320057809352875
DBAASPS_21446,0.964422345161438
DBAASPS_21447,0.9850679039955139
DBAASPS_21448,0.28133171796798706
DBAASPS_21449,0.04319152235984802
DBAASPS_21452,0.05247431993484497
DBAASPS_21453,0.07546734064817429
DBAASPS_21454,0.9883757829666138
DBAASPS_21455,0.990360677242279
DBAASPS_21456,0.9904872179031372
DBAASPS_21457,0.9905210137367249
DBAASPS_21458,0.989766538143158
DBAASPS_21459,0.9872727990150452
DBAASPS_21460,0.32301536202430725
DBAASPS_21461,0.43013307452201843
DBAASPS_21462,0.9908945560455322
DBAASPS_21463,0.02298211120069027
DBAASPS_21464,0.960804283618927
DBAASPS_21465,0.013108416460454464
DBAASPS_21466,0.5007371306419373
DBAASPS_21467,0.9887769818305969
DBAASPS_21468,0.9858008623123169
DBAASPR_21469,0.8548001646995544
DBAASPS_21472,0.9849653840065002
DBAASPS_21473,0.9907204508781433
DBAASPS_21474,0.9904196858406067
DBAASPR_21475,0.28673386573791504
DBAASPR_21476,0.9781046509742737
DBAASPR_21477,0.7678653001785278
DBAASPR_21478,0.3767445385456085
DBAASPR_21479,0.06730785220861435
DBAASPR_21480,0.10943873226642609
DBAASPR_21481,0.1611078679561615
DBAASPR_21482,0.8644316792488098
DBAASPS_21483,0.9904952645301819
DBAASPS_21484,0.9908509850502014
DBAASPS_21485,0.9909024834632874
DBAASPS_21486,0.9909049868583679
DBAASPS_21487,0.9877704977989197
DBAASPR_21488,0.6039840579032898
DBAASPR_21489,0.02385082095861435
DBAASPR_21490,0.03203286975622177
DBAASPR_21491,0.34427377581596375
DBAASPR_21492,0.06799060106277466
DBAASPR_21493,0.15829168260097504
DBAASPR_21494,0.11757490783929825
DBAASPR_21497,0.03414137288928032
DBAASPR_21498,0.03232691437005997
DBAASPR_21499,0.08736760914325714
DBAASPR_21500,0.9899570941925049
DBAASPR_21501,0.1473347693681717
DBAASPS_21504,0.9881144165992737
DBAASPS_21505,0.9891306757926941
DBAASPN_21506,0.3008759319782257
DBAASPN_21507,0.03343676030635834
DBAASPN_21508,0.05545429140329361
DBAASPS_21516,0.9893595576286316
DBAASPR_21517,0.9385112524032593
DBAASPR_21518,0.9785371422767639
DBAASPR_21522,0.030408134683966637
DBAASPR_21523,0.9860578179359436
DBAASPS_21526,0.9790211915969849
DBAASPS_21527,0.8121956586837769
DBAASPS_21528,0.9584140181541443
DBAASPS_21529,0.987032413482666
DBAASPS_21530,0.9900728464126587
DBAASPS_21531,0.05407664179801941
DBAASPS_21532,0.9339250326156616
DBAASPS_21533,0.9608781337738037
DBAASPS_21534,0.9399181604385376
DBAASPS_21535,0.9864091873168945
DBAASPS_21536,0.9892887473106384
DBAASPS_21537,0.6529348492622375
DBAASPS_21538,0.6164079904556274
DBAASPS_21539,0.0222916416823864
DBAASPS_21540,0.03879507631063461
DBAASPS_21541,0.0707470029592514
DBAASPS_21542,0.034706007689237595
DBAASPS_21543,0.031629644334316254
DBAASPS_21544,0.029064156115055084
DBAASPS_21545,0.024064721539616585
DBAASPS_21548,0.022543855011463165
DBAASPS_21549,0.03065364994108677
DBAASPS_21550,0.018796976655721664
DBAASPS_21551,0.9874414801597595
DBAASPS_21552,0.9828453660011292
DBAASPS_21553,0.919744610786438
DBAASPS_21554,0.9751628637313843
DBAASPS_21555,0.025318529456853867
DBAASPS_21556,0.0396246463060379
DBAASPS_21557,0.032701145857572556
DBAASPS_21558,0.0223940871655941
DBAASPN_21559,0.06360472738742828
DBAASPS_21560,0.023072276264429092
DBAASPS_21561,0.019336670637130737
DBAASPS_21562,0.018224969506263733
DBAASPS_21563,0.02500213496387005
DBAASPS_21564,0.028908733278512955
DBAASPS_21565,0.020262116566300392
DBAASPS_21566,0.022742904722690582
DBAASPS_21567,0.0329166017472744
DBAASPS_21568,0.02404264733195305
DBAASPS_21569,0.045570190995931625
DBAASPS_21570,0.018914295360445976
DBAASPS_21571,0.026609856635332108
DBAASPS_21572,0.028457824140787125
DBAASPS_21573,0.05513541027903557
DBAASPS_21574,0.017831360921263695
DBAASPS_21575,0.021200256422162056
DBAASPS_21576,0.015643656253814697
DBAASPS_21577,0.028261594474315643
DBAASPS_21578,0.986603319644928
DBAASPS_21579,0.9882285594940186
DBAASPS_21580,0.9841371178627014
DBAASPS_21581,0.9894787669181824
DBAASPS_21585,0.9900516271591187
DBAASPS_21586,0.990369975566864
DBAASPS_21587,0.9904950261116028
DBAASPN_21588,0.1494952291250229
DBAASPN_21590,0.056346919387578964
DBAASPN_21591,0.09437641501426697
DBAASPN_21592,0.1065976470708847
DBAASPN_21593,0.1936892569065094
DBAASPN_21601,0.1257690191268921
DBAASPN_21602,0.08752784132957458
DBAASPN_21603,0.03427400067448616
DBAASPN_21604,0.06361409276723862
DBAASPN_21607,0.018903549760580063
DBAASPN_21610,0.14195264875888824
DBAASPS_21611,0.11275189369916916
DBAASPS_21613,0.12803763151168823
DBAASPS_21614,0.14467638731002808
DBAASPS_21615,0.9894346594810486
DBAASPS_21616,0.9899235963821411
DBAASPS_21617,0.9904577732086182
DBAASPS_21618,0.988838255405426
DBAASPS_21619,0.9848048686981201
DBAASPS_21620,0.9907869100570679
DBAASPS_21621,0.9863117933273315
DBAASPS_21622,0.9890471696853638
DBAASPS_21623,0.9892306327819824
DBAASPS_21624,0.011078881099820137
DBAASPN_21625,0.1903337985277176
DBAASPN_21626,0.13437074422836304
DBAASPS_21628,0.990081250667572
DBAASPS_21629,0.987174928188324
DBAASPN_21630,0.23678721487522125
DBAASPN_21634,0.06250791996717453
DBAASPS_21639,0.04377375915646553
DBAASPS_21640,0.3627101480960846
DBAASPS_21641,0.47647055983543396
DBAASPS_21643,0.17456600069999695
DBAASPS_21644,0.13910555839538574
DBAASPS_21645,0.20878252387046814
DBAASPS_21646,0.12849898636341095
DBAASPS_21647,0.12584511935710907
DBAASPS_21648,0.3715369403362274
DBAASPS_21649,0.25830841064453125
DBAASPS_21650,0.050300829112529755
DBAASPS_21651,0.5980886816978455
DBAASPS_21652,0.9427892565727234
DBAASPS_21653,0.9518197178840637
DBAASPS_21656,0.973986029624939
DBAASPS_21657,0.9853985905647278
DBAASPS_21658,0.986743688583374
DBAASPS_21659,0.97972571849823
DBAASPS_21660,0.06798983365297318
DBAASPS_21661,0.7034213542938232
DBAASPS_21662,0.12377407401800156
DBAASPS_21663,0.18542908132076263
DBAASPS_21671,0.5378421545028687
DBAASPS_21672,0.6479529142379761
DBAASPS_21673,0.8603342175483704
DBAASPS_21674,0.9487311244010925
DBAASPN_21685,0.075368233025074
DBAASPN_21686,0.08008672297000885
DBAASPN_21687,0.050378959625959396
DBAASPN_21692,0.1825583279132843
DBAASPN_21693,0.13173341751098633
DBAASPN_21694,0.11591103672981262
DBAASPN_21696,0.17503638565540314
DBAASPS_21697,0.5801404714584351
DBAASPS_21698,0.9860838055610657
DBAASPS_21699,0.9879702925682068
DBAASPS_21700,0.9895493388175964
DBAASPS_21701,0.9894270896911621
DBAASPS_21703,0.8561472296714783
DBAASPS_21704,0.7630502581596375
DBAASPS_21705,0.9898706078529358
DBAASPN_21709,0.07238350063562393
DBAASPS_21734,0.9883154630661011
DBAASPS_21735,0.9846640825271606
DBAASPS_21736,0.9893649816513062
DBAASPS_21737,0.9894351363182068
DBAASPN_21740,0.107460156083107
DBAASPN_21741,0.10331212729215622
DBAASPN_21746,0.048902083188295364
DBAASPS_21747,0.9887071847915649
DBAASPS_21752,0.5825246572494507
DBAASPS_21754,0.9891740083694458
DBAASPS_21755,0.33393406867980957
DBAASPS_21759,0.11582351475954056
DBAASPS_21760,0.9820128083229065
DBAASPN_21765,0.3316197991371155
DBAASPN_21766,0.09097038954496384
DBAASPN_21771,0.1243925467133522
DBAASPN_21772,0.07982694357633591
DBAASPR_21777,0.8966091275215149
DBAASPS_21778,0.7856268882751465
DBAASPN_21780,0.01972382515668869
DBAASPR_21787,0.059952687472105026
DBAASPS_21788,0.8394291400909424
DBAASPS_21789,0.7759898900985718
DBAASPS_21791,0.06001950800418854
DBAASPS_21792,0.10710565745830536
DBAASPS_21794,0.5150366425514221
DBAASPS_21795,0.5726082921028137
DBAASPS_21797,0.10577134042978287
DBAASPS_21798,0.12700437009334564
DBAASPS_21800,0.31431958079338074
DBAASPS_21801,0.45207658410072327
DBAASPS_21803,0.33571484684944153
DBAASPS_21804,0.31077054142951965
DBAASPS_21806,0.3499699831008911
DBAASPS_21807,0.29279354214668274
DBAASPS_21809,0.5654881596565247
DBAASPS_21810,0.4973675608634949
DBAASPS_21812,0.619331419467926
DBAASPS_21813,0.4823692739009857
DBAASPS_21815,0.23272690176963806
DBAASPS_21816,0.30403369665145874
DBAASPS_21818,0.5274425148963928
DBAASPS_21819,0.6293795704841614
DBAASPS_21821,0.3340643644332886
DBAASPS_21822,0.05981341004371643
DBAASPS_21823,0.641080379486084
DBAASPS_21824,0.15814092755317688
DBAASPS_21827,0.5876374244689941
DBAASPS_21828,0.8131539225578308
DBAASPS_21829,0.967427134513855
DBAASPS_21830,0.9369146823883057
DBAASPS_21831,0.9818483591079712
DBAASPS_21832,0.049865443259477615
DBAASPS_21833,0.10015586763620377
DBAASPS_21834,0.06014047935605049
DBAASPS_21835,0.1620982140302658
DBAASPS_21836,0.03760543093085289
DBAASPS_21837,0.12634322047233582
DBAASPS_21838,0.08142348378896713
DBAASPS_21839,0.11880790442228317
DBAASPS_21840,0.18909740447998047
DBAASPS_21841,0.14950495958328247
DBAASPS_21842,0.19947761297225952
DBAASPS_21843,0.16581542789936066
DBAASPS_21844,0.194541335105896
DBAASPS_21845,0.17339733242988586
DBAASPS_21846,0.18535760045051575
DBAASPS_21847,0.0927751362323761
DBAASPS_21848,0.0529341958463192
DBAASPS_21849,0.1673465371131897
DBAASPS_21850,0.1844549924135208
DBAASPS_21851,0.1108885332942009
DBAASPS_21852,0.17548717558383942
DBAASPS_21853,0.13260748982429504
DBAASPS_21854,0.13862338662147522
DBAASPS_21855,0.03606867790222168
DBAASPS_21856,0.0728522464632988
DBAASPS_21857,0.1321915239095688
DBAASPS_21858,0.23035869002342224
DBAASPS_21859,0.14215953648090363
DBAASPS_21860,0.1587086021900177
DBAASPS_21861,0.08474583178758621
DBAASPS_21862,0.18410244584083557
DBAASPS_21863,0.21958981454372406
DBAASPS_21864,0.08760474622249603
DBAASPS_21865,0.11474987864494324
DBAASPS_21866,0.08334732055664062
DBAASPS_21867,0.1328805536031723
DBAASPS_21868,0.19021643698215485
DBAASPS_21869,0.17925256490707397
DBAASPS_21870,0.24565912783145905
DBAASPS_21871,0.6462329626083374
DBAASPS_21872,0.07360605150461197
DBAASPS_21873,0.2852281332015991
DBAASPS_21874,0.670070469379425
DBAASPS_21875,0.5196903944015503
DBAASPS_21876,0.9313624501228333
DBAASPS_21877,0.7821277976036072
DBAASPS_21878,0.9023212790489197
DBAASPS_21879,0.43243688344955444
DBAASPS_21880,0.9113169312477112
DBAASPS_21881,0.878350019454956
DBAASPS_21882,0.6857084631919861
DBAASPS_21883,0.7066695690155029
DBAASPS_21884,0.9538334012031555
DBAASPS_21885,0.3789629340171814
DBAASPS_21886,0.5991216897964478
DBAASPS_21887,0.5542887449264526
DBAASPS_21888,0.9064218997955322
DBAASPS_21889,0.9580309987068176
DBAASPS_21890,0.8173377513885498
DBAASPS_21891,0.9518778324127197
DBAASPS_21892,0.9540890455245972
DBAASPS_21893,0.9556263089179993
DBAASPS_21894,0.9436503648757935
DBAASPR_21895,0.8095008134841919
DBAASPR_21907,0.9134958982467651
DBAASPR_21908,0.7475273609161377
DBAASPS_21911,0.8905287981033325
DBAASPS_21913,0.9896479845046997
DBAASPS_21914,0.9906543493270874
DBAASPS_21915,0.9894559979438782
DBAASPS_21916,0.9906263947486877
DBAASPS_21917,0.9906581044197083
DBAASPS_21918,0.9904500246047974
DBAASPS_21919,0.9905409216880798
DBAASPS_21920,0.9907711148262024
DBAASPS_21921,0.990501344203949
DBAASPS_21924,0.9848616719245911
DBAASPS_21925,0.9759138226509094
DBAASPS_21926,0.9874684810638428
DBAASPS_21927,0.9003674983978271
DBAASPS_21928,0.9882932305335999
DBAASPS_21929,0.9869285821914673
DBAASPS_21930,0.8052006363868713
DBAASPS_21931,0.8033784031867981
DBAASPS_21934,0.7358154058456421
DBAASPS_21939,0.9268072843551636
DBAASPS_21942,0.9876595735549927
DBAASPR_21943,0.9861234426498413
DBAASPS_21944,0.9889828562736511
DBAASPS_21945,0.9813750386238098
DBAASPS_21946,0.9879166483879089
DBAASPS_21947,0.9881881475448608
DBAASPS_21948,0.9878318309783936
DBAASPS_21949,0.9900016188621521
DBAASPS_21950,0.9119327664375305
DBAASPS_21951,0.2537044286727905
DBAASPS_21952,0.5172752141952515
DBAASPS_21953,0.3880433440208435
DBAASPS_21954,0.9635652303695679
DBAASPS_21955,0.9552386403083801
DBAASPS_21956,0.7287536859512329
DBAASPS_21957,0.47141507267951965
DBAASPS_21958,0.9889737963676453
DBAASPS_21959,0.9806210398674011
DBAASPS_21960,0.9897485375404358
DBAASPS_21961,0.9812107682228088
DBAASPS_21962,0.9791803359985352
DBAASPS_21963,0.9853265881538391
DBAASPS_21964,0.9845514893531799
DBAASPS_21965,0.9882838129997253
DBAASPS_21966,0.9805473685264587
DBAASPS_21967,0.9303939938545227
DBAASPS_21968,0.988694429397583
DBAASPS_21969,0.1981266438961029
DBAASPS_21970,0.9738872051239014
DBAASPS_21971,0.6699599623680115
DBAASPS_21972,0.9867902398109436
DBAASPR_21973,0.18668389320373535
DBAASPR_21974,0.17162400484085083
DBAASPR_21975,0.5039886832237244
DBAASPR_21977,0.6523997783660889
DBAASPR_21978,0.2312866449356079
DBAASPS_21980,0.9864553809165955
DBAASPS_21981,0.9035113453865051
DBAASPS_21982,0.9882437586784363
DBAASPS_21983,0.3289370536804199
DBAASPS_21984,0.9719271659851074
DBAASPS_21985,0.9653964638710022
DBAASPS_21986,0.08261799812316895
DBAASPS_21987,0.760495126247406
DBAASPS_21991,0.9360520243644714
DBAASPS_21992,0.9127578139305115
DBAASPR_21995,0.9823570251464844
DBAASPS_21996,0.33942875266075134
DBAASPS_21997,0.03339426591992378
DBAASPS_21998,0.25228258967399597
DBAASPS_21999,0.02056041546165943
DBAASPR_22000,0.875651478767395
DBAASPR_22001,0.2307126522064209
DBAASPS_22002,0.48129802942276
DBAASPS_22003,0.9886478185653687
DBAASPN_22016,0.19270925223827362
DBAASPN_22017,0.32775259017944336
DBAASPS_22018,0.9887568950653076
DBAASPS_22019,0.9865570068359375
DBAASPS_22020,0.9568225741386414
DBAASPS_22021,0.9488879442214966
DBAASPS_22022,0.7869982123374939
DBAASPS_22023,0.9340304732322693
DBAASPS_22024,0.9842254519462585
DBAASPS_22025,0.9880770444869995
DBAASPS_22026,0.9902278184890747
DBAASPS_22027,0.9908404350280762
DBAASPN_22028,0.09328984469175339
DBAASPS_22030,0.8325212597846985
DBAASPS_22031,0.9722378253936768
DBAASPS_22032,0.9554514288902283
DBAASPS_22034,0.8128715753555298
DBAASPS_22036,0.8658438920974731
DBAASPS_22038,0.4870099723339081
DBAASPN_22040,0.059994615614414215
DBAASPN_22045,0.05117416009306908
DBAASPS_22049,0.9390408396720886
DBAASPS_22050,0.9863295555114746
DBAASPS_22051,0.9740231037139893
DBAASPS_22052,0.8988074064254761
DBAASPS_22053,0.948738157749176
DBAASPS_22054,0.273987740278244
DBAASPR_22055,0.04608774930238724
DBAASPR_22056,0.05728137865662575
DBAASPR_22057,0.2434782236814499
DBAASPR_22058,0.06324300169944763
DBAASPR_22059,0.04366127401590347
DBAASPS_22060,0.9893762469291687
DBAASPS_22061,0.9897701740264893
DBAASPS_22062,0.9858525395393372
DBAASPS_22064,0.8936947584152222
DBAASPS_22065,0.08700220286846161
DBAASPS_22066,0.6640805006027222
DBAASPR_22068,0.16638953983783722
DBAASPR_22069,0.7067358493804932
DBAASPS_22072,0.9862701296806335
DBAASPS_22073,0.9897399544715881
DBAASPS_22075,0.9903901815414429
DBAASPS_22076,0.9903939962387085
DBAASPR_22078,0.28425073623657227
DBAASPS_22079,0.7214242219924927
DBAASPN_22085,0.07724597305059433
DBAASPR_22086,0.9548077583312988
DBAASPR_22087,0.9885221719741821
DBAASPN_22088,0.04829945042729378
DBAASPN_22089,0.08318769186735153
DBAASPN_22090,0.08790864050388336
DBAASPN_22092,0.05518034100532532
DBAASPS_22093,0.9839985966682434
DBAASPS_22094,0.9813668727874756
DBAASPS_22095,0.9844248294830322
DBAASPS_22096,0.9866254925727844
DBAASPS_22097,0.9806663990020752
DBAASPS_22098,0.9852632880210876
DBAASPS_22099,0.9840388894081116
DBAASPS_22100,0.9779585599899292
DBAASPS_22101,0.980498731136322
DBAASPS_22102,0.9795898795127869
DBAASPS_22103,0.9759877324104309
DBAASPS_22104,0.9802188277244568
DBAASPS_22105,0.9826189279556274
DBAASPS_22106,0.988840639591217
DBAASPS_22107,0.9892250299453735
DBAASPS_22108,0.9903286695480347
DBAASPS_22109,0.9903379678726196
DBAASPS_22110,0.9887233972549438
DBAASPS_22111,0.9846009612083435
DBAASPS_22112,0.9882000088691711
DBAASPS_22113,0.8538224101066589
DBAASPS_22114,0.0570225827395916
DBAASPS_22115,0.7135993242263794
DBAASPS_22116,0.2832384705543518
DBAASPS_22117,0.9904013276100159
DBAASPS_22118,0.5142229199409485
DBAASPS_22120,0.976803719997406
DBAASPS_22121,0.5902254581451416
DBAASPS_22122,0.9839862585067749
DBAASPS_22123,0.9586924314498901
DBAASPS_22124,0.982094407081604
DBAASPS_22125,0.964134156703949
DBAASPS_22126,0.9838079810142517
DBAASPS_22127,0.9612762331962585
DBAASPS_22129,0.584726095199585
DBAASPS_22131,0.9890449047088623
DBAASPN_22132,0.11689256876707077
DBAASPN_22133,0.12004304677248001
DBAASPN_22134,0.05830652639269829
DBAASPN_22136,0.8025550842285156
DBAASPN_22137,0.08866801857948303
DBAASPN_22138,0.1029241532087326
DBAASPN_22139,0.10166867822408676
DBAASPS_22140,0.07889445126056671
DBAASPS_22141,0.10278799384832382
DBAASPN_22142,0.1059337854385376
DBAASPN_22143,0.12295851111412048
DBAASPN_22144,0.10342924296855927
DBAASPN_22145,0.1488325297832489
DBAASPN_22146,0.060803499072790146
DBAASPN_22147,0.1270512044429779
DBAASPR_22148,0.20362964272499084
DBAASPN_22152,0.09481071680784225
DBAASPN_22155,0.08859677612781525
DBAASPS_22156,0.9865118265151978
DBAASPR_22159,0.9778349995613098
DBAASPR_22162,0.23047344386577606
DBAASPR_22163,0.8518095016479492
DBAASPN_22164,0.09616605937480927
DBAASPN_22167,0.04056524857878685
DBAASPN_22168,0.11708763986825943
DBAASPN_22169,0.07795155793428421
DBAASPN_22171,0.11130953580141068
DBAASPN_22172,0.10831285268068314
DBAASPN_22173,0.17839378118515015
DBAASPN_22174,0.17749054729938507
DBAASPN_22175,0.21792690455913544
DBAASPN_22176,0.07602227479219437
DBAASPN_22193,0.08470825105905533
DBAASPN_22195,0.10370101034641266
DBAASPS_22197,0.11142957210540771
DBAASPS_22207,0.05461489409208298
DBAASPS_22208,0.03387092053890228
DBAASPS_22215,0.9902818202972412
DBAASPS_22216,0.9905750751495361
DBAASPS_22217,0.9902288913726807
DBAASPS_22218,0.9905568957328796
DBAASPS_22219,0.9888683557510376
DBAASPS_22220,0.9903189539909363
DBAASPR_22221,0.23082920908927917
DBAASPR_22222,0.08470548689365387
DBAASPS_22224,0.9878093004226685
DBAASPS_22225,0.97989821434021
DBAASPS_22226,0.9881159067153931
DBAASPS_22227,0.9862979650497437
DBAASPS_22228,0.9818766117095947
DBAASPS_22229,0.9851529002189636
DBAASPS_22230,0.9798901081085205
DBAASPS_22231,0.9672123789787292
DBAASPS_22232,0.9448133111000061
DBAASPS_22233,0.9105061888694763
DBAASPS_22234,0.9811027646064758
DBAASPS_22235,0.9787857532501221
DBAASPS_22236,0.7663877606391907
DBAASPS_22237,0.56243497133255
DBAASPS_22238,0.9285255670547485
DBAASPS_22239,0.5131932497024536
DBAASPS_22240,0.9889293909072876
DBAASPS_22241,0.9904837608337402
DBAASPS_22244,0.8588888049125671
DBAASPS_22245,0.8856626152992249
DBAASPS_22246,0.38962262868881226
DBAASPS_22247,0.062183678150177
DBAASPS_22249,0.8336370587348938
DBAASPN_22254,0.8660058379173279
DBAASPN_22255,0.8464479446411133
DBAASPN_22256,0.36885929107666016
DBAASPN_22257,0.4005451202392578
DBAASPN_22258,0.0856727734208107
DBAASPN_22259,0.09740635007619858
DBAASPN_22260,0.10053571313619614
DBAASPN_22261,0.11440864205360413
DBAASPS_22263,0.07539289444684982
DBAASPS_22264,0.9516726136207581
DBAASPS_22265,0.44818589091300964
DBAASPS_22266,0.7393758296966553
DBAASPS_22267,0.10658814013004303
DBAASPS_22268,0.5316628813743591
DBAASPS_22269,0.9862862825393677
DBAASPS_22270,0.628695011138916
DBAASPS_22271,0.11860822141170502
DBAASPS_22272,0.07156646996736526
DBAASPS_22273,0.5802144408226013
DBAASPS_22274,0.4609103202819824
DBAASPS_22275,0.9818863272666931
DBAASPS_22276,0.46217262744903564
DBAASPS_22277,0.8974298238754272
DBAASPS_22278,0.36235618591308594
DBAASPS_22279,0.9707462787628174
DBAASPS_22280,0.9907233119010925
DBAASPS_22281,0.9681732654571533
DBAASPS_22283,0.9895771145820618
DBAASPS_22284,0.9885221123695374
DBAASPS_22285,0.9870314598083496
DBAASPS_22286,0.9900816679000854
DBAASPS_22287,0.9846083521842957
DBAASPS_22288,0.9896323084831238
DBAASPS_22289,0.986567497253418
DBAASPS_22290,0.9893465042114258
DBAASPS_22291,0.9868007302284241
DBAASPS_22292,0.9891951680183411
DBAASPS_22293,0.9899744391441345
DBAASPS_22294,0.9863784313201904
DBAASPS_22295,0.9893211126327515
DBAASPS_22296,0.9892557263374329
DBAASPS_22297,0.9851191639900208
DBAASPS_22298,0.9880079030990601
DBAASPS_22299,0.9897915720939636
DBAASPS_22300,0.9652787446975708
DBAASPS_22301,0.9881523251533508
DBAASPS_22302,0.986697793006897
DBAASPS_22303,0.9862072467803955
DBAASPS_22305,0.9902714490890503
DBAASPS_22306,0.9903125166893005
DBAASPS_22307,0.9899038076400757
DBAASPS_22308,0.9886894822120667
DBAASPS_22309,0.9824764728546143
DBAASPS_22310,0.9897963404655457
DBAASPS_22311,0.9705432653427124
DBAASPS_22312,0.988798201084137
DBAASPS_22313,0.9901895523071289
DBAASPS_22314,0.9902870655059814
DBAASPS_22315,0.9906788468360901
DBAASPS_22316,0.9906938672065735
DBAASPS_22317,0.9908120036125183
DBAASPS_22318,0.990864098072052
DBAASPS_22319,0.9908525943756104
DBAASPS_22320,0.990309476852417
DBAASPS_22321,0.9906603693962097
DBAASPS_22322,0.9906670451164246
DBAASPS_22323,0.9906725287437439
DBAASPS_22324,0.9889048933982849
DBAASPS_22325,0.9901484847068787
DBAASPS_22326,0.9807912111282349
DBAASPS_22327,0.9721652865409851
DBAASPS_22328,0.9907060265541077
DBAASPS_22329,0.9896079897880554
DBAASPS_22330,0.9905552268028259
DBAASPS_22331,0.9895678162574768
DBAASPS_22332,0.7263838648796082
DBAASPS_22335,0.9902946352958679
DBAASPS_22338,0.9892628192901611
DBAASPS_22339,0.9898800849914551
DBAASPR_22347,0.9816831350326538
DBAASPS_22348,0.9908265471458435
DBAASPS_22349,0.9842564463615417
DBAASPS_22350,0.03138000890612602
DBAASPS_22356,0.5281698703765869
DBAASPS_22357,0.19821415841579437
DBAASPS_22359,0.6490557193756104
DBAASPS_22360,0.3273494243621826
DBAASPS_22362,0.9748015999794006
DBAASPS_22364,0.9877208471298218
DBAASPS_22372,0.9044467210769653
DBAASPS_22373,0.9888780117034912
DBAASPS_22374,0.9805827736854553
DBAASPS_22375,0.23892396688461304
DBAASPS_22376,0.8409129977226257
DBAASPR_22385,0.027268147096037865
DBAASPS_22386,0.8620132803916931
DBAASPS_22387,0.979261040687561
DBAASPS_22388,0.972701370716095
DBAASPS_22389,0.9748274683952332
DBAASPS_22390,0.02185514010488987
DBAASPS_22391,0.6715824007987976
DBAASPS_22392,0.9808903336524963
DBAASPS_22396,0.33444932103157043
DBAASPS_22397,0.1503342241048813
DBAASPS_22398,0.10605507344007492
DBAASPS_22399,0.08543851971626282
DBAASPS_22400,0.16997091472148895
DBAASPS_22401,0.06251612305641174
DBAASPN_22402,0.2569589614868164
DBAASPS_22432,0.05793597549200058
DBAASPS_22433,0.08567425608634949
DBAASPS_22434,0.09987948834896088
DBAASPS_22435,0.19870279729366302
DBAASPS_22436,0.20118768513202667
DBAASPR_22437,0.244772270321846
DBAASPS_22438,0.21701458096504211
DBAASPS_22443,0.9884448051452637
DBAASPS_22448,0.975456953048706
DBAASPS_22449,0.11098968982696533
DBAASPS_22451,0.9840498566627502
DBAASPS_22452,0.9612341523170471
DBAASPS_22453,0.7689495086669922
DBAASPS_22454,0.8852704763412476
DBAASPS_22455,0.9635512232780457
DBAASPS_22456,0.9832196235656738
DBAASPS_22457,0.9878238439559937
DBAASPS_22458,0.9877769351005554
DBAASPS_22459,0.9898636341094971
DBAASPS_22460,0.9822834730148315
DBAASPS_22461,0.6313965916633606
DBAASPS_22462,0.9878966808319092
DBAASPS_22463,0.36007171869277954
DBAASPS_22468,0.4934346675872803
DBAASPS_22473,0.9891186952590942
DBAASPS_22474,0.9800592660903931
DBAASPS_22480,0.9649454951286316
DBAASPS_22481,0.9818114042282104
DBAASPS_22482,0.6709940433502197
DBAASPS_22484,0.8177616596221924
DBAASPR_22486,0.035629406571388245
DBAASPS_22488,0.049222249537706375
DBAASPS_22495,0.7649174332618713
DBAASPS_22497,0.8194092512130737
DBAASPS_22498,0.7519989609718323
DBAASPS_22499,0.9081569910049438
DBAASPS_22500,0.6845533847808838
DBAASPS_22501,0.755527138710022
DBAASPS_22502,0.8122369647026062
DBAASPS_22504,0.179160937666893
DBAASPS_22505,0.48030155897140503
DBAASPS_22506,0.9784339666366577
DBAASPS_22507,0.9866957068443298
DBAASPS_22508,0.9895384907722473
DBAASPS_22509,0.9908535480499268
DBAASPS_22510,0.9908223152160645
DBAASPS_22511,0.9907709360122681
DBAASPS_22512,0.9622198343276978
DBAASPS_22515,0.9746309518814087
DBAASPS_22517,0.9717321395874023
DBAASPS_22519,0.9823470711708069
DBAASPS_22526,0.48486730456352234
DBAASPS_22535,0.949626624584198
DBAASPS_22539,0.98133385181427
DBAASPS_22542,0.9845154285430908
DBAASPS_22543,0.986099898815155
DBAASPS_22544,0.32336515188217163
DBAASPS_22545,0.9812594056129456
DBAASPS_22546,0.32977432012557983
DBAASPS_22547,0.1465587615966797
DBAASPS_22548,0.013671070337295532
DBAASPS_22549,0.013506399467587471
DBAASPS_22550,0.9895077347755432
DBAASPS_22552,0.13863469660282135
DBAASPS_22553,0.02926260232925415
DBAASPS_22554,0.03436161205172539
DBAASPS_22555,0.8289096355438232
DBAASPS_22556,0.08646246790885925
DBAASPS_22557,0.4308519959449768
DBAASPS_22558,0.6398860216140747
DBAASPS_22559,0.9831727147102356
DBAASPS_22560,0.9879856109619141
DBAASPS_22561,0.98180091381073
DBAASPS_22562,0.988353431224823
DBAASPS_22563,0.9876358509063721
DBAASPS_22564,0.988558828830719
DBAASPS_22565,0.9829820990562439
DBAASPS_22566,0.9897791147232056
DBAASPS_22572,0.9871572256088257
DBAASPS_22574,0.9900437593460083
DBAASPS_22577,0.4403171241283417
DBAASPS_22578,0.3563947081565857
DBAASPS_22579,0.21045903861522675
DBAASPS_22580,0.31934693455696106
DBAASPS_22582,0.30737757682800293
DBAASPS_22585,0.9898367524147034
DBAASPS_22586,0.7138347029685974
DBAASPS_22587,0.9899388551712036
DBAASPS_22588,0.6460340619087219
DBAASPS_22589,0.9813081622123718
DBAASPS_22591,0.5779361128807068
DBAASPS_22592,0.10956930369138718
DBAASPS_22593,0.14498090744018555
DBAASPS_22594,0.02140035666525364
DBAASPS_22595,0.15709935128688812
DBAASPS_22596,0.08280123770236969
DBAASPS_22597,0.14261358976364136
DBAASPS_22598,0.13293445110321045
DBAASPS_22599,0.038831692188978195
DBAASPS_22600,0.049029115587472916
DBAASPS_22601,0.13117723166942596
DBAASPS_22612,0.20695184171199799
DBAASPS_22631,0.9901963472366333
DBAASPS_22632,0.9907822012901306
DBAASPS_22633,0.9908930659294128
DBAASPS_22634,0.9898888468742371
DBAASPS_22635,0.9906007647514343
DBAASPS_22636,0.9905823469161987
DBAASPS_22637,0.9909079074859619
DBAASPS_22638,0.9909794926643372
DBAASPS_22639,0.9904874563217163
DBAASPR_22641,0.9846282005310059
DBAASPS_22643,0.9874908924102783
DBAASPS_22644,0.9870069026947021
DBAASPS_22645,0.989962637424469
DBAASPS_22646,0.9841797351837158
DBAASPS_22647,0.9864840507507324
DBAASPS_22648,0.13807597756385803
DBAASPS_22659,0.9888211488723755
DBAASPS_22660,0.9899808168411255
DBAASPS_22661,0.990381121635437
DBAASPS_22667,0.990679144859314
DBAASPS_22668,0.9907978177070618
DBAASPS_22669,0.9906299114227295
DBAASPS_22670,0.9908918738365173
DBAASPS_22671,0.9910017251968384
DBAASPS_22672,0.9908618330955505
DBAASPS_22674,0.9909594058990479
DBAASPS_22675,0.9908989667892456
DBAASPS_22676,0.990785539150238
DBAASPS_22677,0.9909009337425232
DBAASPS_22679,0.9908886551856995
DBAASPS_22680,0.990971565246582
DBAASPS_22684,0.9893678426742554
DBAASPS_22687,0.990922212600708
DBAASPS_22688,0.990732729434967
DBAASPS_22689,0.9909470081329346
DBAASPS_22690,0.9907410740852356
DBAASPS_22691,0.9860019087791443
DBAASPS_22692,0.9908967018127441
DBAASPS_22693,0.9893316030502319
DBAASPS_22694,0.9760305285453796
DBAASPS_22695,0.776094377040863
DBAASPS_22696,0.9834990501403809
DBAASPS_22697,0.9902787804603577
DBAASPS_22698,0.9218798279762268
DBAASPS_22699,0.9869256019592285
DBAASPS_22700,0.9884553551673889
DBAASPS_22701,0.9757542610168457
DBAASPS_22702,0.9694120287895203
DBAASPS_22703,0.5105592608451843
DBAASPS_22705,0.9909282922744751
DBAASPS_22706,0.9840726256370544
DBAASPS_22707,0.9769325852394104
DBAASPS_22708,0.9810194969177246
DBAASPS_22709,0.9875751733779907
DBAASPR_22710,0.5482631921768188
DBAASPS_22711,0.9885162711143494
DBAASPS_22712,0.9896154403686523
DBAASPS_22713,0.9897953867912292
DBAASPS_22714,0.9893738031387329
DBAASPS_22715,0.9905301332473755
DBAASPS_22716,0.8976582884788513
DBAASPS_22717,0.9902812838554382
DBAASPS_22718,0.9880404472351074
DBAASPS_22719,0.9890400767326355
DBAASPS_22720,0.98199462890625
DBAASPS_22721,0.9880756735801697
DBAASPS_22722,0.9907163977622986
DBAASPS_22723,0.990442156791687
DBAASPS_22724,0.985241174697876
DBAASPS_22727,0.08958820253610611
DBAASPR_22729,0.9788410663604736
DBAASPS_22730,0.9889114499092102
DBAASPS_22731,0.9905136227607727
DBAASPS_22732,0.9906001687049866
DBAASPS_22733,0.09598186612129211
DBAASPS_22736,0.10396379977464676
DBAASPS_22738,0.13893665373325348
DBAASPS_22742,0.0828491747379303
DBAASPS_22744,0.04093282297253609
DBAASPN_22745,0.9819926619529724
DBAASPN_22746,0.9878858327865601
DBAASPS_22748,0.9892796277999878
DBAASPS_22749,0.9697707295417786
DBAASPS_22750,0.9902437925338745
DBAASPS_22755,0.9632686376571655
DBAASPS_22758,0.9904525876045227
DBAASPS_22762,0.9617021083831787
DBAASPS_22763,0.9458712935447693
DBAASPS_22768,0.9904605746269226
DBAASPS_22769,0.9898691177368164
DBAASPS_22770,0.9901847243309021
DBAASPS_22771,0.9902870655059814
DBAASPS_22772,0.990639328956604
DBAASPS_22773,0.9905717372894287
DBAASPS_22774,0.9905093908309937
DBAASPS_22775,0.9895075559616089
DBAASPS_22776,0.9883700013160706
DBAASPS_22777,0.9882442355155945
DBAASPS_22778,0.9904459714889526
DBAASPS_22780,0.8099472522735596
DBAASPS_22782,0.9816416501998901
DBAASPS_22785,0.9906675815582275
DBAASPS_22786,0.9794543981552124
DBAASPS_22787,0.9899123907089233
DBAASPR_22788,0.041693590581417084
DBAASPS_22789,0.6659160852432251
DBAASPS_22790,0.5044826865196228
DBAASPS_22791,0.10460200160741806
DBAASPS_22792,0.9861444234848022
DBAASPS_22794,0.8925079703330994
DBAASPS_22795,0.9446225762367249
DBAASPS_22796,0.9865069389343262
DBAASPS_22797,0.9211970567703247
DBAASPS_22798,0.8750123381614685
DBAASPR_22799,0.8968461751937866
DBAASPS_22800,0.9773579835891724
DBAASPS_22801,0.9392427206039429
DBAASPS_22802,0.9658750295639038
DBAASPS_22803,0.9624015688896179
DBAASPS_22804,0.0325206033885479
DBAASPN_22805,0.10921789705753326
DBAASPN_22806,0.1008124053478241
DBAASPS_22807,0.911044180393219
DBAASPS_22808,0.9815678000450134
DBAASPR_22810,0.9795046448707581
DBAASPS_22811,0.9410783648490906
DBAASPS_22812,0.36703455448150635
DBAASPR_22813,0.4545585811138153
DBAASPS_22815,0.9906271696090698
DBAASPS_22820,0.9904451370239258
DBAASPS_22821,0.9104365110397339
DBAASPS_22822,0.989425003528595
DBAASPS_22823,0.797471284866333
DBAASPS_22824,0.2436671108007431
DBAASPN_22825,0.11333194375038147
DBAASPN_22826,0.14260068535804749
DBAASPN_22831,0.130552738904953
DBAASPS_22834,0.08237242698669434
DBAASPS_22836,0.0880277007818222
DBAASPN_22838,0.11028863489627838
DBAASPN_22839,0.1135152131319046
DBAASPN_22840,0.11813993006944656
DBAASPS_22844,0.05963897705078125
DBAASPS_22845,0.03600762411952019
DBAASPS_22846,0.04042752832174301
DBAASPS_22847,0.02351880818605423
DBAASPS_22849,0.020251577720046043
DBAASPS_22850,0.021898489445447922
DBAASPS_22856,0.05104959383606911
DBAASPS_22857,0.05296516790986061
DBAASPS_22858,0.055048149079084396
DBAASPS_22859,0.05076393857598305
DBAASPS_22861,0.04146160930395126
DBAASPS_22862,0.05547167360782623
DBAASPS_22863,0.07477782666683197
DBAASPS_22867,0.04258066043257713
DBAASPS_22869,0.034857381135225296
DBAASPS_22877,0.9681694507598877
DBAASPS_22878,0.9883778095245361
DBAASPS_22879,0.9826809167861938
DBAASPS_22880,0.9762627482414246
DBAASPS_22881,0.9857110977172852
DBAASPS_22882,0.9858303666114807
DBAASPS_22883,0.9879260063171387
DBAASPS_22884,0.9878698587417603
DBAASPS_22885,0.989112377166748
DBAASPR_22886,0.9445374608039856
DBAASPR_22887,0.9525963664054871
DBAASPR_22891,0.9754555821418762
DBAASPR_22893,0.9852855801582336
DBAASPR_22894,0.9880747199058533
DBAASPR_22895,0.9583909511566162
DBAASPR_22896,0.8982811570167542
DBAASPR_22897,0.9506490230560303
DBAASPR_22902,0.7224864363670349
DBAASPR_22904,0.9576953053474426
DBAASPR_22905,0.7949931621551514
DBAASPS_22908,0.9900054335594177
DBAASPS_22909,0.9866940379142761
DBAASPS_22910,0.9017118811607361
DBAASPS_22911,0.9456112384796143
DBAASPS_22916,0.973947286605835
DBAASPS_22917,0.9865859746932983
DBAASPS_22918,0.9693130254745483
DBAASPS_22920,0.9544620513916016
DBAASPS_22921,0.9760380387306213
DBAASPS_22922,0.966488778591156
DBAASPS_22923,0.9797022938728333
DBAASPS_22924,0.9695004820823669
DBAASPS_22927,0.03836919367313385
DBAASPS_22945,0.9820320010185242
DBAASPS_22946,0.9545359015464783
DBAASPS_22947,0.9890826344490051
DBAASPS_22948,0.9809736013412476
DBAASPS_22949,0.5366535782814026
DBAASPS_22950,0.9562172293663025
DBAASPS_22951,0.48425689339637756
DBAASPS_22952,0.6690759062767029
DBAASPS_22953,0.9481697082519531
DBAASPS_22960,0.7419969439506531
DBAASPS_22984,0.03680761158466339
DBAASPS_22985,0.29212361574172974
DBAASPS_22986,0.5135266184806824
DBAASPS_22987,0.02221730165183544
DBAASPS_22988,0.12954095005989075
DBAASPS_22989,0.3315279483795166
DBAASPS_22990,0.28792715072631836
DBAASPS_22991,0.05473487451672554
DBAASPS_22992,0.15044061839580536
DBAASPS_22993,0.1414903998374939
DBAASPS_22994,0.3634242117404938
DBAASPS_22995,0.07549428194761276
DBAASPS_22999,0.9884257316589355
DBAASPR_23000,0.9905998110771179
DBAASPS_23001,0.9907395839691162
DBAASPS_23002,0.20392464101314545
DBAASPS_23003,0.9903295040130615
DBAASPS_23004,0.990454375743866
DBAASPS_23005,0.9899588823318481
DBAASPS_23006,0.9890105724334717
DBAASPS_23007,0.990108072757721
DBAASPS_23008,0.9897960424423218
DBAASPS_23009,0.9887708425521851
DBAASPS_23010,0.9842056035995483
DBAASPS_23011,0.9891720414161682
DBAASPS_23012,0.9886005520820618
DBAASPS_23013,0.989355206489563
DBAASPS_23014,0.9898630380630493
DBAASPS_23015,0.9896848797798157
DBAASPS_23016,0.9900961518287659
DBAASPS_23017,0.9877997636795044
DBAASPS_23018,0.9785711169242859
DBAASPS_23020,0.9896426200866699
DBAASPS_23021,0.06618811935186386
DBAASPS_23022,0.9896553158760071
DBAASPS_23023,0.12116903811693192
DBAASPR_23024,0.3633676767349243
DBAASPS_23025,0.1984546035528183
DBAASPS_23026,0.28066208958625793
DBAASPS_23028,0.13348601758480072
DBAASPS_23029,0.04994227737188339
DBAASPS_23030,0.9251635670661926
DBAASPS_23032,0.8142609000205994
DBAASPS_23033,0.43718838691711426
DBAASPS_23035,0.9865062832832336
DBAASPS_23036,0.9904204607009888
DBAASPS_23037,0.982196569442749
DBAASPS_23038,0.9894309639930725
DBAASPS_23039,0.9899325370788574
DBAASPS_23040,0.9841583967208862
DBAASPS_23041,0.9863185286521912
DBAASPS_23042,0.9896187782287598
DBAASPS_23043,0.9898067116737366
DBAASPS_23044,0.5417834520339966
DBAASPS_23045,0.9883847236633301
DBAASPS_23046,0.9720759391784668
DBAASPS_23047,0.9902764558792114
DBAASPS_23048,0.9903908967971802
DBAASPS_23049,0.931128978729248
DBAASPS_23050,0.9841843843460083
DBAASPS_23051,0.9850886464118958
DBAASPS_23052,0.9906351566314697
DBAASPS_23053,0.989870011806488
DBAASPS_23054,0.9884780049324036
DBAASPS_23055,0.9855630993843079
DBAASPS_23056,0.9903408885002136
DBAASPS_23057,0.9889352917671204
DBAASPS_23058,0.9894846677780151
DBAASPS_23059,0.9846129417419434
DBAASPS_23060,0.9862927198410034
DBAASPS_23061,0.9872187376022339
DBAASPS_23062,0.9889652729034424
DBAASPS_23063,0.983158528804779
DBAASPS_23064,0.8628273606300354
DBAASPS_23065,0.8477070927619934
DBAASPS_23066,0.43511247634887695
DBAASPS_23067,0.9830109477043152
DBAASPS_23071,0.051649101078510284
DBAASPS_23077,0.9869293570518494
DBAASPS_23078,0.9047473073005676
DBAASPS_23079,0.10324068367481232
DBAASPS_23080,0.9849928617477417
DBAASPS_23082,0.9795767664909363
DBAASPS_23083,0.9880094528198242
DBAASPS_23084,0.9897468090057373
DBAASPS_23085,0.9872646927833557
DBAASPS_23086,0.9830116629600525
DBAASPS_23087,0.9815016388893127
DBAASPS_23088,0.9584507942199707
DBAASPS_23089,0.9794864654541016
DBAASPS_23090,0.9831427335739136
DBAASPS_23091,0.9768942594528198
DBAASPS_23092,0.9249250888824463
DBAASPS_23093,0.9888045787811279
DBAASPS_23094,0.9901593923568726
DBAASPS_23095,0.9891623258590698
DBAASPS_23096,0.9845708012580872
DBAASPS_23097,0.9877394437789917
DBAASPS_23098,0.9807263016700745
DBAASPS_23099,0.9903282523155212
DBAASPS_23100,0.9889121055603027
DBAASPS_23101,0.9873759746551514
DBAASPS_23102,0.9887913465499878
DBAASPS_23103,0.28655576705932617
DBAASPS_23104,0.9856264591217041
DBAASPS_23105,0.9787794351577759
DBAASPS_23106,0.9865993857383728
DBAASPS_23107,0.9894970655441284
DBAASPS_23116,0.9839049577713013
DBAASPS_23117,0.9484981298446655
DBAASPS_23118,0.9642696380615234
DBAASPS_23119,0.9776187539100647
DBAASPS_23120,0.9271516799926758
DBAASPS_23121,0.9773224592208862
DBAASPS_23122,0.8611049056053162
DBAASPS_23123,0.98500657081604
DBAASPS_23124,0.9678322076797485
DBAASPS_23125,0.9680302143096924
DBAASPS_23126,0.9810113906860352
DBAASPS_23127,0.9827909469604492
DBAASPS_23128,0.8513631820678711
DBAASPS_23129,0.9499619603157043
DBAASPS_23130,0.9834651350975037
DBAASPS_23131,0.9119530320167542
DBAASPS_23132,0.9484270215034485
DBAASPS_23133,0.5026765465736389
DBAASPR_23134,0.027154728770256042
DBAASPS_23135,0.029839221388101578
DBAASPS_23136,0.09134257584810257
DBAASPS_23137,0.03076459839940071
DBAASPR_23138,0.09802360087633133
DBAASPS_23139,0.12340067327022552
DBAASPS_23140,0.05585873872041702
DBAASPS_23141,0.05874957516789436
DBAASPR_23142,0.30664095282554626
DBAASPR_23144,0.9145410656929016
DBAASPR_23145,0.9482229351997375
DBAASPR_23146,0.9225639700889587
DBAASPS_23148,0.9510768055915833
DBAASPS_23149,0.9880671501159668
DBAASPR_23156,0.9429206252098083
DBAASPS_23157,0.9885501861572266
DBAASPS_23158,0.9778279066085815
DBAASPS_23159,0.9869467616081238
DBAASPS_23160,0.979850172996521
DBAASPS_23163,0.2995765805244446
DBAASPS_23164,0.9873639345169067
DBAASPS_23165,0.9422934055328369
DBAASPS_23166,0.8827013373374939
DBAASPS_23168,0.09173667430877686
DBAASPS_23174,0.9875198006629944
DBAASPS_23178,0.9855205416679382
DBAASPS_23205,0.9893152117729187
DBAASPS_23206,0.9901507496833801
DBAASPS_23207,0.5016114711761475
DBAASPS_23208,0.710590660572052
DBAASPS_23209,0.3159368634223938
DBAASPS_23210,0.36888617277145386
DBAASPS_23211,0.17489522695541382
DBAASPS_23212,0.9851019978523254
DBAASPS_23213,0.2203715443611145
DBAASPS_23214,0.9893320798873901
DBAASPS_23215,0.18514174222946167
DBAASPS_23216,0.7373689413070679
DBAASPS_23217,0.46957433223724365
DBAASPS_23218,0.7098062038421631
DBAASPS_23219,0.9810584783554077
DBAASPS_23220,0.925081193447113
DBAASPS_23221,0.9830567836761475
DBAASPS_23222,0.990563690662384
DBAASPS_23223,0.9899215698242188
DBAASPS_23224,0.9837982654571533
DBAASPS_23225,0.9876009821891785
DBAASPS_23226,0.9787353873252869
DBAASPS_23227,0.9905910491943359
DBAASPR_23238,0.985704243183136
DBAASPS_23239,0.9519771933555603
DBAASPS_23242,0.9839243292808533
DBAASPS_23243,0.987406313419342
DBAASPS_23244,0.9860758185386658
DBAASPS_23245,0.9860464930534363
DBAASPS_23246,0.9801510572433472
DBAASPS_23247,0.9887951612472534
DBAASPS_23248,0.988727867603302
DBAASPS_23249,0.9902136325836182
DBAASPS_23250,0.9875856041908264
DBAASPS_23251,0.9861648082733154
DBAASPS_23252,0.9829784035682678
DBAASPS_23253,0.9840685725212097
DBAASPS_23254,0.9775862693786621
DBAASPS_23255,0.9858317375183105
DBAASPS_23256,0.9503915905952454
DBAASPS_23257,0.952334463596344
DBAASPS_23260,0.8016665577888489
DBAASPS_23261,0.9447504281997681
DBAASPS_23266,0.9890788793563843
DBAASPS_23268,0.9891852736473083
DBAASPS_23269,0.9513477683067322
DBAASPS_23270,0.9574572443962097
DBAASPS_23271,0.9602146148681641
DBAASPN_23278,0.02045617438852787
DBAASPS_23287,0.9675418138504028
DBAASPS_23288,0.9563382863998413
DBAASPS_23289,0.8988141417503357
DBAASPS_23290,0.9583902359008789
DBAASPS_23291,0.8511959910392761
DBAASPS_23292,0.917754054069519
DBAASPS_23293,0.5262451171875
DBAASPS_23294,0.979163646697998
DBAASPS_23295,0.9886139035224915
DBAASPS_23296,0.9715880155563354
DBAASPS_23297,0.9887555241584778
DBAASPS_23298,0.9898130893707275
DBAASPS_23308,0.2269972264766693
DBAASPN_23311,0.026786014437675476
DBAASPN_23315,0.10736969858407974
DBAASPN_23317,0.19787684082984924
DBAASPN_23318,0.17689047753810883
DBAASPN_23319,0.022377127781510353
DBAASPN_23320,0.02064616046845913
DBAASPN_23321,0.024912439286708832
DBAASPN_23322,0.025135140866041183
DBAASPN_23323,0.021166186779737473
DBAASPN_23324,0.05516600236296654
DBAASPN_23325,0.017421608790755272
DBAASPN_23326,0.025130830705165863
DBAASPN_23327,0.0273705143481493
DBAASPN_23328,0.15546150505542755
DBAASPN_23329,0.17696478962898254
DBAASPS_23330,0.9904254078865051
DBAASPS_23331,0.9905948042869568
DBAASPS_23332,0.9904990196228027
DBAASPS_23333,0.9905754923820496
DBAASPS_23334,0.9907479286193848
DBAASPS_23335,0.9907618165016174
DBAASPS_23338,0.9904491901397705
DBAASPS_23339,0.9908224940299988
DBAASPS_23340,0.20635518431663513
DBAASPS_23341,0.9863889217376709
DBAASPS_23342,0.989484429359436
DBAASPS_23343,0.9905815124511719
DBAASPS_23344,0.9899988770484924
DBAASPS_23345,0.989681601524353
DBAASPS_23346,0.9906332492828369
DBAASPS_23347,0.9897803664207458
DBAASPS_23348,0.9893832206726074
DBAASPS_23349,0.9905052185058594
DBAASPS_23350,0.9898231625556946
DBAASPS_23351,0.970895528793335
DBAASPS_23352,0.9769017100334167
DBAASPS_23353,0.9843403697013855
DBAASPS_23354,0.988706111907959
DBAASPS_23355,0.8682964444160461
DBAASPS_23356,0.0544772632420063
DBAASPS_23357,0.9891377687454224
DBAASPR_23358,0.06112344563007355
DBAASPR_23359,0.8749105334281921
DBAASPS_23360,0.852634608745575
DBAASPS_23362,0.9292970895767212
DBAASPS_23363,0.4896935224533081
DBAASPS_23364,0.3670712411403656
DBAASPS_23370,0.5480563640594482
DBAASPS_23372,0.9178996682167053
DBAASPS_23373,0.21202893555164337
DBAASPS_23374,0.12477380037307739
DBAASPS_23375,0.39042750000953674
DBAASPS_23376,0.37961915135383606
DBAASPS_23377,0.20079411566257477
DBAASPS_23378,0.12437482923269272
DBAASPS_23379,0.9800025820732117
DBAASPS_23380,0.990541398525238
DBAASPS_23381,0.9908609986305237
DBAASPS_23385,0.9834345579147339
DBAASPS_23386,0.9907074570655823
DBAASPS_23387,0.9909210205078125
DBAASPS_23388,0.9905436038970947
DBAASPS_23389,0.9905304908752441
DBAASPS_23390,0.9901834726333618
DBAASPS_23391,0.9836772084236145
DBAASPS_23395,0.9909136891365051
DBAASPS_23396,0.990921676158905
DBAASPS_23397,0.9909107685089111
DBAASPS_23398,0.243395134806633
DBAASPS_23399,0.6137682795524597
DBAASPS_23401,0.6725622415542603
DBAASPS_23402,0.9270969033241272
DBAASPS_23403,0.9619092345237732
DBAASPS_23404,0.9804646372795105
DBAASPS_23405,0.9901404976844788
DBAASPS_23406,0.9907594323158264
DBAASPS_23407,0.9904612898826599
DBAASPS_23408,0.9901001453399658
DBAASPS_23409,0.9901860952377319
DBAASPS_23410,0.9906430244445801
DBAASPS_23411,0.9902151226997375
DBAASPS_23412,0.9905639886856079
DBAASPS_23413,0.9899630546569824
DBAASPS_23414,0.9902671575546265
DBAASPS_23419,0.9755777716636658
DBAASPS_23420,0.9726804494857788
DBAASPS_23421,0.9871659278869629
DBAASPS_23422,0.9878149032592773
DBAASPS_23423,0.9891982078552246
DBAASPS_23424,0.9885843396186829
DBAASPS_23425,0.9892587661743164
DBAASPS_23426,0.9893621802330017
DBAASPS_23427,0.9901895523071289
DBAASPS_23428,0.21248193085193634
DBAASPS_23429,0.6842268109321594
DBAASPS_23430,0.8166402578353882
DBAASPS_23431,0.8612410426139832
DBAASPS_23432,0.3490636646747589
DBAASPS_23433,0.9108115434646606
DBAASPS_23434,0.9829622507095337
DBAASPS_23436,0.621936023235321
DBAASPS_23453,0.20040814578533173
DBAASPS_23459,0.4902626872062683
DBAASPS_23460,0.6050645709037781
DBAASPS_23461,0.6144883632659912
DBAASPS_23462,0.2879716455936432
DBAASPS_23463,0.4568050503730774
DBAASPS_23473,0.9536200761795044
DBAASPS_23474,0.9468713402748108
DBAASPS_23475,0.9839211106300354
DBAASPS_23477,0.9670834541320801
DBAASPS_23482,0.02667192928493023
DBAASPS_23483,0.9566490054130554
DBAASPS_23484,0.5967418551445007
DBAASPS_23485,0.780085563659668
DBAASPS_23486,0.22090168297290802
DBAASPS_23487,0.1651124805212021
DBAASPS_23488,0.7855221629142761
DBAASPS_23489,0.5212787985801697
DBAASPS_23490,0.29280245304107666
DBAASPS_23491,0.20800325274467468
DBAASPS_23492,0.23331274092197418
DBAASPS_23493,0.08476550877094269
DBAASPS_23494,0.5321254730224609
DBAASPS_23495,0.6481238007545471
DBAASPS_23496,0.3012133240699768
DBAASPS_23563,0.9648661017417908
DBAASPS_23564,0.9844834208488464
DBAASPS_23565,0.9789513945579529
DBAASPS_23566,0.9906470775604248
DBAASPS_23567,0.9906256198883057
DBAASPS_23568,0.9906567335128784
DBAASPS_23569,0.9900991320610046
DBAASPS_23570,0.9884951114654541
DBAASPS_23571,0.9897240996360779
DBAASPS_23572,0.28873562812805176
DBAASPS_23573,0.987274169921875
DBAASPS_23574,0.9902641773223877
DBAASPS_23575,0.9896178841590881
DBAASPS_23576,0.9831709265708923
DBAASPS_23577,0.9897734522819519
DBAASPS_23578,0.9868401288986206
DBAASPS_23579,0.9892381429672241
DBAASPS_23580,0.9900033473968506
DBAASPS_23581,0.990580141544342
DBAASPS_23582,0.9906389713287354
DBAASPS_23583,0.9886220097541809
DBAASPS_23584,0.988999605178833
DBAASPS_23585,0.9894582033157349
DBAASPS_23586,0.9817883968353271
DBAASPS_23587,0.9871100187301636
DBAASPS_23588,0.990561842918396
DBAASPS_23589,0.9903793334960938
DBAASPS_23590,0.9834080934524536
DBAASPS_23591,0.9803468585014343
DBAASPS_23592,0.9846681952476501
DBAASPS_23627,0.9889363050460815
DBAASPS_23628,0.9889943599700928
DBAASPS_23629,0.9904977083206177
DBAASPS_23630,0.9902757406234741
DBAASPS_23631,0.9890364408493042
DBAASPS_23632,0.9891989231109619
DBAASPS_23633,0.9900399446487427
DBAASPS_23634,0.9904283881187439
DBAASPS_23635,0.9899799227714539
DBAASPS_23636,0.9900404810905457
DBAASPS_23637,0.9905965924263
DBAASPS_23643,0.9902471899986267
DBAASPS_23644,0.9897732734680176
DBAASPS_23645,0.9901716113090515
DBAASPS_23646,0.9895203709602356
DBAASPS_23647,0.9899119138717651
DBAASPS_23648,0.9901254773139954
DBAASPS_23649,0.9871370196342468
DBAASPS_23650,0.9894575476646423
DBAASPS_23651,0.9872397184371948
DBAASPS_23652,0.9897785782814026
DBAASPS_23653,0.989544689655304
DBAASPS_23654,0.99016273021698
DBAASPS_23670,0.9564639925956726
DBAASPS_23671,0.9732500314712524
DBAASPS_23672,0.9706426858901978
DBAASPS_23688,0.8606262803077698
DBAASPS_23690,0.8520337343215942
DBAASPS_23692,0.988953709602356
DBAASPS_23693,0.983770489692688
DBAASPS_23694,0.9225417375564575
DBAASPS_23695,0.9895265698432922
DBAASPS_23696,0.9880039691925049
DBAASPS_23697,0.9641106128692627
DBAASPS_23698,0.9883031845092773
DBAASPS_23699,0.9897193312644958
DBAASPS_23700,0.9848305583000183
DBAASPS_23701,0.9765161871910095
DBAASPS_23702,0.9874873757362366
DBAASPR_23704,0.3747922480106354
DBAASPS_23705,0.9156125783920288
DBAASPS_23706,0.9794161915779114
DBAASPS_23707,0.20695774257183075
DBAASPS_23708,0.9892138242721558
DBAASPS_23709,0.956264853477478
DBAASPS_23711,0.9853509664535522
DBAASPS_23712,0.9894023537635803
DBAASPS_23713,0.985062837600708
DBAASPS_23714,0.13769401609897614
DBAASPS_23715,0.031186634674668312
DBAASPS_23716,0.23878949880599976
DBAASPS_23717,0.557697594165802
DBAASPS_23718,0.11689085513353348
DBAASPS_23719,0.1465854048728943
DBAASPS_23720,0.052776601165533066
DBAASPS_23721,0.65497887134552
DBAASPS_23722,0.9319047331809998
DBAASPS_23726,0.9832388758659363
DBAASPS_23727,0.9781018495559692
DBAASPS_23729,0.9895817041397095
DBAASPS_23730,0.9896689653396606
DBAASPS_23731,0.9685242772102356
DBAASPS_23732,0.1460515260696411
DBAASPS_23733,0.9905687570571899
DBAASPS_23735,0.9906954169273376
DBAASPS_23736,0.9866498708724976
DBAASPN_23744,0.6086049675941467
DBAASPN_23745,0.5838826894760132
DBAASPN_23746,0.23740726709365845
DBAASPS_23748,0.24348272383213043
DBAASPS_23749,0.24283170700073242
DBAASPS_23755,0.7677451968193054
DBAASPS_23769,0.9268315434455872
DBAASPS_23770,0.8584729433059692
DBAASPS_23771,0.8687298893928528
DBAASPS_23772,0.7024864554405212
DBAASPS_23773,0.45941677689552307
DBAASPR_23782,0.9614485502243042
DBAASPR_23783,0.9486423134803772
DBAASPR_23784,0.8445595502853394
DBAASPR_23787,0.16993054747581482
DBAASPS_23799,0.9839406609535217
DBAASPS_23800,0.9683061838150024
DBAASPS_23801,0.09173667430877686
DBAASPS_23813,0.9015634655952454
DBAASPS_23814,0.7761138081550598
DBAASPS_23815,0.9790148138999939
DBAASPS_23816,0.9774401783943176
DBAASPS_23817,0.3863177001476288
DBAASPS_23818,0.6007391214370728
DBAASPS_23821,0.9874539971351624
DBAASPS_23822,0.9886391162872314
DBAASPS_23823,0.9678252935409546
DBAASPS_23824,0.9871861934661865
DBAASPS_23825,0.974524199962616
DBAASPS_23826,0.9893001914024353
DBAASPS_23827,0.9874969720840454
DBAASPS_23828,0.9870347380638123
DBAASPS_23829,0.9885902404785156
DBAASPS_23830,0.9891351461410522
DBAASPS_23831,0.9760920405387878
DBAASPS_23832,0.9830464720726013
DBAASPS_23833,0.9900783896446228
DBAASPS_23834,0.9867833852767944
DBAASPS_23835,0.9825279712677002
DBAASPS_23842,0.9880361557006836
DBAASPS_23843,0.9405314326286316
DBAASPS_23846,0.5056381821632385
DBAASPS_23847,0.30498966574668884
DBAASPS_23853,0.06935469806194305
DBAASPS_23855,0.1509493589401245
DBAASPS_23857,0.1667528748512268
DBAASPS_23859,0.9236254096031189
DBAASPS_23860,0.9896342754364014
DBAASPS_23861,0.990066409111023
DBAASPS_23862,0.9898899793624878
DBAASPR_23863,0.9659987688064575
DBAASPS_23877,0.9894225597381592
DBAASPS_23878,0.990368664264679
DBAASPS_23879,0.9902425408363342
DBAASPS_23880,0.9907543063163757
DBAASPS_23881,0.9906367063522339
DBAASPS_23882,0.9901888966560364
DBAASPS_23883,0.9905575513839722
DBAASPS_23884,0.990528404712677
DBAASPS_23885,0.9902178645133972
DBAASPS_23886,0.989963710308075
DBAASPS_23887,0.9887368083000183
DBAASPS_23888,0.9714275598526001
DBAASPS_23889,0.17315566539764404
DBAASPS_23891,0.9805357456207275
DBAASPS_23893,0.9894437193870544
DBAASPS_23894,0.7082123160362244
DBAASPS_23896,0.989984929561615
DBAASPS_23899,0.9905636310577393
DBAASPS_23908,0.09629020094871521
DBAASPS_23933,0.9895331859588623
DBAASPS_23952,0.09173667430877686
DBAASPS_23976,0.8221982717514038
DBAASPS_23977,0.03713660314679146
DBAASPS_23978,0.989296019077301
DBAASPS_23979,0.9088713526725769
DBAASPS_23980,0.9897230863571167
DBAASPS_23981,0.9841440916061401
DBAASPS_23982,0.9905380606651306
DBAASPS_23983,0.9893175363540649
DBAASPS_23984,0.990588366985321
DBAASPS_23985,0.990551233291626
DBAASPS_23986,0.9893402457237244
DBAASPS_23987,0.9888023138046265
DBAASPS_23988,0.9889904856681824
DBAASPS_23989,0.977209210395813
DBAASPS_23990,0.9771789312362671
DBAASPS_23991,0.988081157207489
DBAASPS_23992,0.9813797473907471
DBAASPS_23993,0.9874646067619324
DBAASPS_23994,0.9780109524726868
DBAASPS_23995,0.9418250918388367
DBAASPS_23996,0.9830685257911682
DBAASPS_23997,0.9818100333213806
DBAASPS_23998,0.9840947389602661
DBAASPS_24000,0.981407642364502
DBAASPS_24001,0.9861035346984863
DBAASPS_24002,0.9868120551109314
DBAASPS_24010,0.019370414316654205
DBAASPS_24011,0.5666460990905762
DBAASPS_24012,0.7637925744056702
DBAASPS_24013,0.01750825345516205
DBAASPS_24014,0.9325546622276306
DBAASPS_24015,0.7240421175956726
DBAASPS_24016,0.629696786403656
DBAASPS_24017,0.9900333881378174
DBAASPS_24018,0.9638383984565735
DBAASPS_24019,0.6159282922744751
DBAASPS_24020,0.9775422215461731
DBAASPS_24021,0.9569689035415649
DBAASPS_24022,0.7140380144119263
DBAASPS_24023,0.9859861135482788
DBAASPS_24024,0.9820161461830139
DBAASPS_24025,0.8420635461807251
DBAASPS_24026,0.0176417026668787
DBAASPS_24027,0.2701447904109955
DBAASPS_24028,0.25459569692611694
DBAASPS_24029,0.9787245988845825
DBAASPS_24030,0.9411734342575073
DBAASPS_24031,0.9898640513420105
DBAASPS_24032,0.9868665337562561
DBAASPS_24033,0.9144428372383118
DBAASPS_24034,0.9888815879821777
DBAASPS_24035,0.12231907248497009
DBAASPS_24036,0.8194504380226135
DBAASPS_24037,0.9896600246429443
DBAASPS_24038,0.936000406742096
DBAASPS_24039,0.8177722096443176
DBAASPS_24040,0.9724947214126587
DBAASPS_24041,0.988434374332428
DBAASPS_24042,0.5746710896492004
DBAASPS_24043,0.1123548299074173
DBAASPS_24044,0.9893184900283813
DBAASPS_24045,0.8678442239761353
DBAASPS_24046,0.9886019229888916
DBAASPS_24047,0.8236607909202576
DBAASPS_24048,0.976732611656189
DBAASPS_24049,0.5351815223693848
DBAASPS_24050,0.989389181137085
DBAASPS_24051,0.9750088453292847
DBAASPS_24052,0.8849678039550781
DBAASPS_24054,0.9275071024894714
DBAASPS_24055,0.9849544763565063
DBAASPS_24056,0.9850143790245056
DBAASPS_24057,0.9771533012390137
DBAASPS_24058,0.9855325818061829
DBAASPS_24059,0.9730463624000549
DBAASPS_24061,0.9903040528297424
DBAASPS_24062,0.9885667562484741
DBAASPS_24064,0.9753164649009705
DBAASPS_24065,0.9555132389068604
DBAASPS_24067,0.2742425799369812
DBAASPS_24068,0.8564817905426025
DBAASPS_24069,0.9879152774810791
DBAASPS_24070,0.12427715957164764
DBAASPS_24071,0.9766871333122253
DBAASPS_24072,0.9739199280738831
DBAASPS_24073,0.9776034951210022
DBAASPS_24074,0.9746125340461731
DBAASPS_24075,0.9772275686264038
DBAASPS_24078,0.9880511164665222
DBAASPS_24111,0.09173667430877686
DBAASPS_24115,0.8215035796165466
DBAASPS_24116,0.9404526352882385
DBAASPS_24117,0.4761795699596405
DBAASPS_24149,0.9884976744651794
DBAASPS_24150,0.9902525544166565
DBAASPS_24151,0.9886475205421448
DBAASPS_24152,0.9840249419212341
DBAASPS_24153,0.989457368850708
DBAASPS_24154,0.9224183559417725
DBAASPS_24155,0.9795485734939575
DBAASPS_24156,0.9811484217643738
DBAASPS_24157,0.9868460297584534
DBAASPS_24158,0.9879286289215088
DBAASPS_24159,0.989253044128418
DBAASPS_24160,0.08708126842975616
DBAASPS_24161,0.05887061730027199
DBAASPN_24162,0.13556936383247375
DBAASPS_24166,0.9609286189079285
DBAASPS_24167,0.973202109336853
DBAASPS_24169,0.9906339049339294
DBAASPS_24170,0.9866501688957214
DBAASPS_24171,0.07489233464002609
DBAASPS_24172,0.10824919492006302
DBAASPS_24173,0.09765280038118362
DBAASPS_24174,0.07143830507993698
DBAASPS_24175,0.08501234650611877
DBAASPS_24176,0.09577927738428116
DBAASPS_24177,0.20942199230194092
DBAASPS_24178,0.04887829348444939
DBAASPS_24179,0.1269434243440628
DBAASPS_24180,0.05100126564502716
DBAASPS_24184,0.10917407274246216
DBAASPS_24187,0.0769963264465332
DBAASPS_24188,0.20328184962272644
DBAASPS_24189,0.27641722559928894
DBAASPS_24192,0.22873301804065704
DBAASPS_24194,0.07196536660194397
DBAASPS_24195,0.07196536660194397
DBAASPS_24196,0.03934700787067413
DBAASPS_24197,0.07618158310651779
DBAASPS_24198,0.14864890277385712
DBAASPS_24200,0.990286648273468
DBAASPS_24206,0.8989213705062866
DBAASPS_24207,0.9905011653900146
DBAASPS_24209,0.9861131310462952
DBAASPS_24210,0.9897206425666809
DBAASPS_24211,0.9900748133659363
DBAASPS_24233,0.23114264011383057
DBAASPS_24234,0.07838588207960129
DBAASPS_24235,0.03183097019791603
DBAASPS_24236,0.03358073905110359
DBAASPS_24238,0.9907934069633484
DBAASPN_24244,0.044400654733181
DBAASPN_24245,0.030098682269454002
DBAASPS_24248,0.017791012302041054
DBAASPS_24250,0.023883549496531487
DBAASPS_24255,0.022098204120993614
DBAASPS_24261,0.9897632598876953
DBAASPS_24267,0.8775402307510376
DBAASPS_24268,0.9851041436195374
DBAASPS_24269,0.9855368137359619
DBAASPS_24270,0.9905523061752319
DBAASPS_24271,0.6328499913215637
DBAASPS_24272,0.9863415360450745
DBAASPS_24273,0.9891477227210999
DBAASPS_24274,0.9893251657485962
DBAASPS_24275,0.9362207055091858
DBAASPS_24276,0.8667947053909302
DBAASPS_24277,0.9899484515190125
DBAASPS_24278,0.9731932282447815
DBAASPS_24279,0.981510579586029
DBAASPS_24280,0.9343667030334473
DBAASPS_24281,0.9901526570320129
DBAASPS_24282,0.9894834756851196
DBAASPS_24283,0.9902696013450623
DBAASPS_24285,0.9892801642417908
DBAASPS_24286,0.9901805520057678
DBAASPS_24287,0.9801141023635864
DBAASPS_24288,0.051422782242298126
DBAASPS_24289,0.4676632285118103
DBAASPS_24290,0.9880543947219849
DBAASPS_24291,0.990442156791687
DBAASPS_24292,0.990157425403595
DBAASPS_24293,0.9087198376655579
DBAASPS_24294,0.3090534210205078
DBAASPS_24295,0.9794409275054932
DBAASPS_24296,0.6184694170951843
DBAASPS_24297,0.18533900380134583
DBAASPS_24298,0.41881901025772095
DBAASPS_24299,0.7511885166168213
DBAASPS_24300,0.163802832365036
DBAASPS_24301,0.9842960834503174
DBAASPS_24302,0.9753614664077759
DBAASPS_24303,0.8348511457443237
DBAASPS_24304,0.990665853023529
DBAASPS_24305,0.9897483587265015
DBAASPS_24307,0.9904919862747192
DBAASPS_24308,0.9896439909934998
DBAASPS_24309,0.9889238476753235
DBAASPS_24310,0.990256667137146
DBAASPS_24311,0.980178952217102
DBAASPS_24312,0.9879719018936157
DBAASPS_24313,0.9467595219612122
DBAASPS_24314,0.985376238822937
DBAASPS_24315,0.9899790287017822
DBAASPS_24316,0.9867640137672424
DBAASPS_24317,0.9902666807174683
DBAASPS_24318,0.3606399893760681
DBAASPS_24321,0.9537972807884216
DBAASPS_24322,0.9537972807884216
DBAASPS_24323,0.705719530582428
DBAASPS_24324,0.769343912601471
DBAASPS_24325,0.7566349506378174
DBAASPS_24326,0.9885029792785645
DBAASPS_24327,0.858334481716156
DBAASPS_24328,0.9323992729187012
DBAASPS_24329,0.9519944190979004
DBAASPS_24330,0.9716229438781738
DBAASPS_24331,0.8020346760749817
DBAASPS_24332,0.7121107578277588
DBAASPS_24333,0.9623592495918274
DBAASPS_24334,0.9796523451805115
DBAASPS_24335,0.9738243222236633
DBAASPS_24336,0.9484743475914001
DBAASPS_24338,0.19714796543121338
DBAASPS_24348,0.9058805108070374
DBAASPS_24349,0.02600349858403206
DBAASPS_24350,0.9897941946983337
DBAASPS_24352,0.9076614379882812
DBAASPS_24353,0.06180454045534134
DBAASPS_24354,0.9577884674072266
DBAASPR_24355,0.26040661334991455
DBAASPS_24356,0.569642961025238
DBAASPS_24357,0.6969026923179626
DBAASPS_24358,0.9570227265357971
DBAASPS_24359,0.9337923526763916
DBAASPS_24360,0.9689857959747314
DBAASPS_24361,0.9679839015007019
DBAASPS_24362,0.9671992659568787
DBAASPS_24363,0.9676430225372314
DBAASPS_24364,0.9414501786231995
DBAASPS_24365,0.9642406105995178
DBAASPS_24366,0.0976310595870018
DBAASPS_24367,0.8262418508529663
DBAASPS_24368,0.19362075626850128
DBAASPS_24369,0.06751975417137146
DBAASPS_24370,0.8510527014732361
DBAASPS_24371,0.950464129447937
DBAASPS_24379,0.245576873421669
DBAASPS_24381,0.9768037796020508
DBAASPS_24387,0.8025840520858765
DBAASPS_24388,0.389359712600708
DBAASPS_24389,0.73880934715271
DBAASPS_24390,0.7292439341545105
DBAASPS_24391,0.35327717661857605
DBAASPS_24392,0.43910157680511475
DBAASPS_24395,0.4265533983707428
DBAASPS_24398,0.3261810541152954
DBAASPS_24399,0.4817951023578644
DBAASPS_24400,0.8150076270103455
DBAASPS_24401,0.6119415163993835
DBAASPS_24402,0.4760381579399109
DBAASPS_24403,0.6992921829223633
DBAASPR_24405,0.9877415895462036
DBAASPR_24406,0.9414698481559753
DBAASPS_24420,0.9825505614280701
DBAASPS_24422,0.9835118055343628
DBAASPR_24423,0.9907618165016174
DBAASPS_24424,0.9907680749893188
DBAASPS_24425,0.9906777143478394
DBAASPS_24426,0.9906306266784668
DBAASPS_24427,0.9906849265098572
DBAASPS_24428,0.9900304675102234
DBAASPS_24429,0.9809145927429199
DBAASPS_24430,0.9893960952758789
DBAASPS_24431,0.9906275868415833
DBAASPS_24432,0.9908333420753479
DBAASPS_24433,0.9907060861587524
DBAASPS_24434,0.9893282055854797
DBAASPS_24435,0.9908050894737244
DBAASPS_24436,0.9905194044113159
DBAASPS_24437,0.9905193448066711
DBAASPR_24438,0.9908734560012817
DBAASPR_24439,0.9888811111450195
DBAASPR_24440,0.9855970144271851
DBAASPS_24441,0.9882055521011353
DBAASPS_24442,0.01264897920191288
DBAASPS_24443,0.04234820604324341
DBAASPS_24444,0.5749211311340332
DBAASPS_24445,0.8364850878715515
DBAASPS_24446,0.8388237953186035
DBAASPS_24447,0.09097861498594284
DBAASPS_24448,0.12130281329154968
DBAASPS_24449,0.9896199107170105
DBAASPS_24450,0.18921442329883575
DBAASPS_24452,0.17121560871601105
DBAASPS_24453,0.29111313819885254
DBAASPS_24454,0.9608296751976013
DBAASPS_24455,0.5140504837036133
DBAASPS_24456,0.9626830816268921
DBAASPS_24457,0.9517439007759094
DBAASPS_24458,0.9602765440940857
DBAASPS_24459,0.9873629808425903
DBAASPS_24460,0.2320813685655594
DBAASPS_24469,0.1555849313735962
DBAASPS_24470,0.14538006484508514
DBAASPS_24471,0.15150491893291473
DBAASPS_24472,0.13519786298274994
DBAASPS_24473,0.09984629601240158
DBAASPS_24476,0.10116133093833923
DBAASPS_24477,0.08008609712123871
DBAASPS_24478,0.04920012503862381
DBAASPS_24479,0.1526186615228653
DBAASPS_24480,0.04603085294365883
DBAASPS_24481,0.08936586230993271
DBAASPS_24482,0.10656292736530304
DBAASPS_24489,0.31324249505996704
DBAASPS_24490,0.2325076013803482
DBAASPS_24491,0.5052757263183594
DBAASPS_24492,0.3195739686489105
DBAASPS_24493,0.31152552366256714
DBAASPS_24497,0.20931385457515717
DBAASPS_24498,0.18332168459892273
DBAASPS_24499,0.13639821112155914
DBAASPS_24500,0.1249973401427269
DBAASPS_24501,0.050862736999988556
DBAASPS_24502,0.17485545575618744
DBAASPS_24503,0.049612950533628464
DBAASPS_24504,0.10130150616168976
DBAASPS_24505,0.11658599227666855
DBAASPS_24506,0.14163123071193695
DBAASPS_24507,0.12174864858388901
DBAASPS_24508,0.04751058667898178
DBAASPS_24509,0.9904354214668274
DBAASPS_24510,0.990469217300415
DBAASPS_24511,0.989438533782959
DBAASPS_24512,0.986122190952301
DBAASPS_24513,0.9890947937965393
DBAASPS_24514,0.9898732900619507
DBAASPS_24515,0.987703800201416
DBAASPS_24516,0.9893020987510681
DBAASPS_24517,0.9860231280326843
DBAASPS_24518,0.9905937910079956
DBAASPS_24519,0.06407755613327026
DBAASPS_24522,0.08009479194879532
DBAASPS_24523,0.08026283234357834
DBAASPS_24525,0.07705375552177429
DBAASPS_24527,0.06796442717313766
DBAASPS_24528,0.04522077739238739
DBAASPS_24529,0.05779578164219856
DBAASPS_24530,0.13305944204330444
DBAASPS_24535,0.9896678328514099
DBAASPS_24537,0.758313000202179
DBAASPS_24568,0.9897269010543823
DBAASPS_24591,0.7148754596710205
DBAASPS_24592,0.5901890993118286
DBAASPS_24593,0.7860624194145203
DBAASPS_24594,0.7467965483665466
DBAASPS_24595,0.29769131541252136
DBAASPS_24596,0.5215681791305542
DBAASPS_24597,0.8509020805358887
DBAASPS_24598,0.7820664644241333
DBAASPS_24599,0.9169657826423645
DBAASPS_24600,0.6748068928718567
DBAASPS_24601,0.860627293586731
DBAASPS_24602,0.3786435127258301
DBAASPS_24603,0.34550970792770386
DBAASPS_24604,0.7474865317344666
DBAASPS_24605,0.77691650390625
DBAASPS_24606,0.3412706255912781
DBAASPS_24607,0.48235756158828735
DBAASPS_24608,0.6181861162185669
DBAASPS_24609,0.21511873602867126
DBAASPS_24610,0.23274774849414825
DBAASPS_24611,0.1434508115053177
DBAASPS_24612,0.5459165573120117
DBAASPS_24613,0.06870674341917038
DBAASPS_24614,0.9698851704597473
DBAASPS_24615,0.9464186429977417
DBAASPS_24616,0.9400705695152283
DBAASPS_24617,0.9155630469322205
DBAASPS_24618,0.9868541359901428
DBAASPS_24619,0.7613988518714905
DBAASPS_24620,0.9894911050796509
DBAASPS_24621,0.9905922412872314
DBAASPS_24622,0.9861752986907959
DBAASPS_24623,0.9897025227546692
DBAASPS_24624,0.9322811365127563
DBAASPS_24625,0.8674926161766052
DBAASPS_24626,0.18460378050804138
DBAASPS_24627,0.9425965547561646
DBAASPS_24628,0.04545408859848976
DBAASPS_24629,0.43629130721092224
DBAASPS_24630,0.03594197705388069
DBAASPS_24631,0.10906360298395157
DBAASPS_24632,0.06401064246892929
DBAASPS_24633,0.027853401377797127
DBAASPS_24634,0.04123670235276222
DBAASPS_24635,0.07384851574897766
DBAASPS_24636,0.12031711637973785
DBAASPS_24637,0.10341954231262207
DBAASPS_24638,0.801710844039917
DBAASPS_24639,0.7667834758758545
DBAASPS_24640,0.0745975449681282
DBAASPS_24641,0.8175349235534668
DBAASPS_24643,0.9905887842178345
DBAASPS_24644,0.9902689456939697
DBAASPS_24645,0.9906812906265259
DBAASPR_24646,0.9902165532112122
DBAASPS_24647,0.9886614680290222
DBAASPS_24648,0.988612949848175
DBAASPS_24649,0.9896494150161743
DBAASPS_24650,0.9896689057350159
DBAASPS_24651,0.9869453310966492
DBAASPS_24652,0.989935040473938
DBAASPS_24653,0.9898648262023926
DBAASPS_24654,0.9902960658073425
DBAASPS_24655,0.9876659512519836
DBAASPS_24657,0.9884162545204163
DBAASPS_24658,0.1264987289905548
DBAASPS_24659,0.4612390398979187
DBAASPS_24660,0.33555132150650024
DBAASPS_24661,0.07011575996875763
DBAASPS_24662,0.9900871515274048
DBAASPS_24663,0.8914807438850403
DBAASPR_24674,0.9776645302772522
DBAASPR_24677,0.9764087796211243
DBAASPR_24678,0.9794571995735168
DBAASPS_24679,0.9567143321037292
DBAASPS_24687,0.2505834996700287
DBAASPS_24688,0.9750323295593262
DBAASPS_24689,0.5314407348632812
DBAASPS_24702,0.5182831287384033
DBAASPS_24704,0.8304640650749207
DBAASPS_24706,0.4615844786167145
DBAASPS_24716,0.894267201423645
DBAASPS_24718,0.47030484676361084
DBAASPS_24726,0.850205659866333
DBAASPS_24730,0.8990276455879211
DBAASPS_24734,0.07369600981473923
DBAASPS_24738,0.36063602566719055
DBAASPS_24806,0.9899181127548218
DBAASPS_24807,0.9903136491775513
DBAASPS_24808,0.9887682795524597
DBAASPS_24809,0.9902257323265076
DBAASPS_24810,0.9901424646377563
DBAASPS_24811,0.9892159700393677
DBAASPS_24812,0.988663375377655
DBAASPS_24813,0.9897375702857971
DBAASPS_24814,0.9871982932090759
DBAASPS_24815,0.9867880940437317
DBAASPS_24816,0.9771838784217834
DBAASPS_24817,0.9733138084411621
DBAASPS_24818,0.9775441884994507
DBAASPS_24819,0.9867573380470276
DBAASPS_24820,0.9880313873291016
DBAASPS_24825,0.42974111437797546
DBAASPS_24826,0.5363254547119141
DBAASPS_24827,0.938506007194519
DBAASPS_24828,0.9427239298820496
DBAASPS_24829,0.942622184753418
DBAASPS_24830,0.9741143584251404
DBAASPS_24831,0.963926374912262
DBAASPS_24832,0.9868665933609009
DBAASPS_24836,0.9886673092842102
DBAASPS_24837,0.9654665589332581
DBAASPS_24839,0.9874225854873657
DBAASPS_24840,0.9883649945259094
DBAASPS_24841,0.9870280623435974
DBAASPS_24842,0.9896233081817627
DBAASPS_24843,0.9871861934661865
DBAASPS_24849,0.9791687726974487
DBAASPR_24856,0.06910118460655212
DBAASPS_24857,0.07806234061717987
DBAASPS_24859,0.032788947224617004
DBAASPS_24868,0.9884746074676514
DBAASPS_24869,0.9306790828704834
DBAASPS_24870,0.9868938326835632
DBAASPS_24871,0.9728699922561646
DBAASPS_24872,0.9708588123321533
DBAASPS_24873,0.5812379121780396
DBAASPS_24874,0.9662245512008667
DBAASPS_24875,0.9899684190750122
DBAASPS_24876,0.9896271228790283
DBAASPS_24877,0.990706205368042
DBAASPS_24878,0.9232120513916016
DBAASPS_24879,0.9196431040763855
DBAASPS_24880,0.9834384918212891
DBAASPS_24889,0.9530171155929565
DBAASPS_24890,0.8843764066696167
DBAASPS_24891,0.21085016429424286
DBAASPS_24892,0.05545457825064659
DBAASPS_24893,0.5175834894180298
DBAASPS_24894,0.978355884552002
DBAASPS_24895,0.9819456338882446
DBAASPS_24896,0.5042733550071716
DBAASPS_24897,0.20975464582443237
DBAASPS_24898,0.89291912317276
DBAASPS_24910,0.2108854055404663
DBAASPS_24912,0.9267018437385559
DBAASPS_24923,0.9894141554832458
DBAASPS_24924,0.9898117184638977
DBAASPS_24925,0.9893256425857544
DBAASPS_24926,0.9897766709327698
DBAASPS_24927,0.9904125332832336
DBAASPS_24928,0.9898386597633362
DBAASPS_24929,0.9900068044662476
DBAASPS_24930,0.9880520105361938
DBAASPS_24931,0.9890483617782593
DBAASPS_24932,0.9906805157661438
DBAASPS_24933,0.989598274230957
DBAASPS_24934,0.978717029094696
DBAASPS_24935,0.5194566249847412
DBAASPS_24937,0.9900403618812561
DBAASPS_24938,0.989682674407959
DBAASPS_24939,0.9740919470787048
DBAASPS_24940,0.8949137926101685
DBAASPS_24942,0.9888806939125061
DBAASPS_24943,0.9875413179397583
DBAASPS_24944,0.9890837073326111
DBAASPS_24945,0.9881395697593689
DBAASPS_24946,0.9827792644500732
DBAASPS_24947,0.9794564247131348
DBAASPS_24948,0.9854172468185425
DBAASPS_24949,0.9771880507469177
DBAASPS_24950,0.9904266595840454
DBAASPS_24951,0.9900995492935181
DBAASPS_24952,0.9898507595062256
DBAASPS_24953,0.9904819130897522
DBAASPS_24954,0.9898143410682678
DBAASPS_24955,0.9892173409461975
DBAASPS_24956,0.9900266528129578
DBAASPS_24957,0.9888461232185364
DBAASPS_24958,0.9906679391860962
DBAASPS_24959,0.9904277324676514
DBAASPS_24960,0.9901220202445984
DBAASPS_24961,0.9908172488212585
DBAASPS_24962,0.9906150698661804
DBAASPS_24963,0.9903481006622314
DBAASPS_24964,0.9907390475273132
DBAASPS_24965,0.9899159669876099
DBAASPS_24966,0.990583598613739
DBAASPS_24967,0.5345388650894165
DBAASPS_24968,0.9899678230285645
DBAASPS_24970,0.9719875454902649
DBAASPS_24971,0.9733099341392517
DBAASPS_24972,0.984071671962738
DBAASPS_24973,0.9803523421287537
DBAASPS_24974,0.9830388426780701
DBAASPS_24975,0.9823748469352722
DBAASPS_24976,0.9521072506904602
DBAASPS_24977,0.9567015171051025
DBAASPS_24978,0.9484968185424805
DBAASPS_24979,0.9357311725616455
DBAASPS_24980,0.9592111110687256
DBAASPS_24981,0.9472649097442627
DBAASPS_24982,0.9802310466766357
DBAASPS_24983,0.9843888878822327
DBAASPS_24984,0.9242377877235413
DBAASPS_24985,0.03171014040708542
DBAASPS_24986,0.9834827780723572
DBAASPS_24987,0.9388498067855835
DBAASPS_24988,0.23492427170276642
DBAASPS_24989,0.11481743305921555
DBAASPS_24990,0.6230354905128479
DBAASPS_24991,0.11756713688373566
DBAASPS_24992,0.3204319179058075
DBAASPS_24994,0.5715585350990295
DBAASPS_24995,0.581087589263916
DBAASPS_24996,0.1484520584344864
DBAASPS_24997,0.33261287212371826
DBAASPS_24999,0.811284065246582
DBAASPS_25000,0.9106971621513367
DBAASPS_25001,0.8974961042404175
DBAASPS_25002,0.20395058393478394
DBAASPS_25003,0.35345718264579773
DBAASPS_25006,0.39370933175086975
DBAASPS_25007,0.8993739485740662
DBAASPS_25008,0.47820186614990234
DBAASPS_25010,0.9532163739204407
DBAASPS_25012,0.40748271346092224
DBAASPS_25013,0.08887083828449249
DBAASPS_25014,0.14653609693050385
DBAASPS_25015,0.8256615996360779
DBAASPS_25016,0.4326859414577484
DBAASPS_25017,0.3262048661708832
DBAASPS_25018,0.6215556263923645
DBAASPS_25019,0.8184664249420166
DBAASPS_25020,0.7644304037094116
DBAASPS_25021,0.5952756404876709
DBAASPS_25022,0.06557000428438187
DBAASPS_25023,0.24857015907764435
DBAASPS_25024,0.49606209993362427
DBAASPS_25025,0.45285382866859436
DBAASPS_25026,0.7148596048355103
DBAASPS_25027,0.3781687021255493
DBAASPS_25028,0.47454777359962463
DBAASPS_25029,0.710918128490448
DBAASPS_25030,0.3713814318180084
DBAASPS_25031,0.6347780823707581
DBAASPS_25032,0.17734935879707336
DBAASPS_25033,0.2467842698097229
DBAASPS_25034,0.06473842263221741
DBAASPS_25035,0.09438889473676682
DBAASPS_25036,0.7410933971405029
DBAASPS_25037,0.291928768157959
DBAASPS_25038,0.25749480724334717
DBAASPS_25039,0.4201866090297699
DBAASPS_25040,0.7171195149421692
DBAASPS_25041,0.5438493490219116
DBAASPS_25042,0.38573795557022095
DBAASPS_25043,0.17632365226745605
DBAASPS_25044,0.502250075340271
DBAASPS_25045,0.31843578815460205
DBAASPS_25046,0.6966350078582764
DBAASPS_25047,0.21620170772075653
DBAASPS_25048,0.3037280738353729
DBAASPS_25049,0.4887152314186096
DBAASPS_25050,0.2636290490627289
DBAASPS_25051,0.44309094548225403
DBAASPS_25057,0.05039064586162567
DBAASPS_25058,0.039051979780197144
DBAASPN_25059,0.07484228909015656
DBAASPS_25060,0.9816144704818726
DBAASPS_25061,0.9311486482620239
DBAASPS_25062,0.05118890106678009
DBAASPS_25063,0.23851551115512848
DBAASPS_25064,0.07983357459306717
DBAASPS_25065,0.3048972487449646
DBAASPS_25066,0.9900004267692566
DBAASPS_25068,0.989709198474884
DBAASPS_25069,0.9882326126098633
DBAASPS_25070,0.9851449131965637
DBAASPS_25071,0.9865515232086182
DBAASPS_25072,0.9869329929351807
DBAASPS_25074,0.98860764503479
DBAASPS_25075,0.9895731210708618
DBAASPS_25077,0.9878233671188354
DBAASPS_25078,0.9871110320091248
DBAASPS_25080,0.982339084148407
DBAASPS_25082,0.5132899880409241
DBAASPS_25083,0.8495191931724548
DBAASPS_25084,0.4944443702697754
DBAASPS_25085,0.9411020278930664
DBAASPS_25086,0.5795921087265015
DBAASPS_25087,0.9342888593673706
DBAASPS_25088,0.9704259037971497
DBAASPS_25089,0.9599140286445618
DBAASPS_25090,0.6898787021636963
DBAASPS_25091,0.8917238116264343
DBAASPS_25092,0.9299225807189941
DBAASPS_25093,0.9003416895866394
DBAASPS_25094,0.6458974480628967
DBAASPS_25095,0.927942156791687
DBAASPS_25096,0.9686635732650757
DBAASPS_25097,0.5657253265380859
DBAASPS_25098,0.5945955514907837
DBAASPS_25099,0.523767352104187
DBAASPS_25100,0.6357213854789734
DBAASPS_25101,0.9543319940567017
DBAASPS_25102,0.9537962675094604
DBAASPS_25103,0.7777643799781799
DBAASPS_25104,0.9272838234901428
DBAASPS_25105,0.8343653678894043
DBAASPS_25106,0.9600008130073547
DBAASPS_25107,0.8396498560905457
DBAASPS_25108,0.9805721640586853
DBAASPS_25109,0.6493251919746399
DBAASPS_25110,0.6697643995285034
DBAASPS_25111,0.9866011142730713
DBAASPS_25112,0.8688841462135315
DBAASPS_25113,0.7808244228363037
DBAASPS_25114,0.9880193471908569
DBAASPS_25115,0.9867938756942749
DBAASPS_25116,0.735453724861145
DBAASPS_25117,0.977588415145874
DBAASPS_25118,0.9835215210914612
DBAASPS_25119,0.9858474135398865
DBAASPS_25120,0.951695442199707
DBAASPS_25121,0.9814504981040955
DBAASPS_25122,0.8443238735198975
DBAASPS_25123,0.9553722739219666
DBAASPS_25126,0.9895379543304443
DBAASPS_25128,0.9881535768508911
DBAASPS_25129,0.9670071601867676
DBAASPS_25130,0.9874649047851562
DBAASPS_25131,0.9785243272781372
DBAASPS_25132,0.978019118309021
DBAASPS_25133,0.9849991798400879
DBAASPS_25134,0.9827224016189575
DBAASPS_25135,0.9708802103996277
DBAASPS_25136,0.9877745509147644
DBAASPS_25137,0.9795595407485962
DBAASPS_25138,0.9651269316673279
DBAASPS_25139,0.9844409823417664
DBAASPS_25141,0.2727639675140381
DBAASPS_25142,0.8363038301467896
DBAASPS_25143,0.01937764137983322
DBAASPS_25144,0.01581600122153759
DBAASPS_25145,0.390298992395401
DBAASPS_25146,0.040177855640649796
DBAASPS_25147,0.06448230147361755
DBAASPS_25148,0.9674931168556213
DBAASPS_25154,0.13223162293434143
DBAASPS_25155,0.29083794355392456
DBAASPS_25156,0.7003743648529053
DBAASPS_25157,0.011262260377407074
DBAASPS_25158,0.9875197410583496
DBAASPS_25159,0.9897468090057373
DBAASPS_25160,0.07716895639896393
DBAASPS_25161,0.8833643794059753
DBAASPS_25162,0.948307991027832
DBAASPS_25163,0.06400454044342041
DBAASPS_25164,0.48257118463516235
DBAASPS_25165,0.9908331632614136
DBAASPS_25166,0.9904676079750061
DBAASPS_25167,0.9894604086875916
DBAASPS_25168,0.990472137928009
DBAASPS_25169,0.9908838272094727
DBAASPS_25170,0.9896100163459778
DBAASPS_25171,0.9908360838890076
DBAASPS_25172,0.8680390119552612
DBAASPS_25173,0.9895337224006653
DBAASPS_25174,0.9895005822181702
DBAASPS_25175,0.990728497505188
DBAASPS_25176,0.9895374774932861
DBAASPS_25177,0.9699194431304932
DBAASPS_25178,0.97972172498703
DBAASPS_25179,0.9876453876495361
DBAASPS_25180,0.9797534346580505
DBAASPS_25181,0.9900922775268555
DBAASPS_25182,0.8992255330085754
DBAASPS_25183,0.9888262748718262
DBAASPS_25184,0.9903842806816101
DBAASPS_25185,0.9553914070129395
DBAASPS_25186,0.9842806458473206
DBAASPS_25187,0.9885143041610718
DBAASPS_25188,0.9906953573226929
DBAASPS_25189,0.035081613808870316
DBAASPS_25190,0.9716160893440247
DBAASPS_25191,0.5430096983909607
DBAASPS_25192,0.3395034074783325
DBAASPS_25193,0.9515149593353271
DBAASPS_25194,0.987921416759491
DBAASPS_25195,0.9396276473999023
DBAASPS_25196,0.893783450126648
DBAASPS_25197,0.870628833770752
DBAASPS_25198,0.20714765787124634
DBAASPS_25199,0.1332198530435562
DBAASPS_25200,0.2742624878883362
DBAASPS_25201,0.9871691465377808
DBAASPS_25202,0.9895449280738831
DBAASPS_25203,0.8276816606521606
DBAASPS_25204,0.9902462959289551
DBAASPS_25206,0.9906023144721985
DBAASPS_25207,0.6434881091117859
DBAASPS_25208,0.9906880259513855
DBAASPS_25209,0.4561692774295807
DBAASPS_25210,0.9908983111381531
DBAASPS_25211,0.9908111095428467
DBAASPS_25212,0.9907017946243286
DBAASPS_25213,0.990590512752533
DBAASPS_25214,0.9906372427940369
DBAASPS_25215,0.9904114007949829
DBAASPS_25216,0.9907239675521851
DBAASPS_25217,0.9906158447265625
DBAASPS_25218,0.9905968308448792
DBAASPS_25219,0.9906172752380371
DBAASPS_25220,0.9908945560455322
DBAASPN_25221,0.09801328927278519
DBAASPN_25222,0.026100806891918182
DBAASPS_25228,0.02739430032670498
DBAASPS_25234,0.8292844891548157
DBAASPS_25235,0.9765670895576477
DBAASPS_25236,0.9476026892662048
DBAASPS_25237,0.9285022616386414
DBAASPS_25238,0.9111171364784241
DBAASPS_25239,0.9410703778266907
DBAASPS_25240,0.8529164791107178
DBAASPS_25244,0.9557021260261536
DBAASPS_25245,0.9746720790863037
DBAASPS_25246,0.9726939797401428
DBAASPS_25247,0.9803484678268433
DBAASPS_25248,0.9663621783256531
DBAASPS_25249,0.9614736437797546
DBAASPS_25250,0.968838632106781
DBAASPS_25251,0.9096055626869202
DBAASPS_25252,0.9809345006942749
DBAASPS_25253,0.964692234992981
DBAASPN_25254,0.2574639618396759
DBAASPS_25256,0.5191171765327454
DBAASPS_25258,0.3705628514289856
DBAASPS_25260,0.6636604070663452
DBAASPS_25262,0.666279137134552
DBAASPS_25264,0.7487022876739502
DBAASPS_25266,0.9832522869110107
DBAASPN_25285,0.03223636746406555
DBAASPS_25293,0.9907957911491394
DBAASPS_25294,0.6085234880447388
DBAASPS_25295,0.8676781058311462
DBAASPS_25296,0.9578012228012085
DBAASPS_25297,0.9689608812332153
DBAASPS_25299,0.668475866317749
DBAASPS_25300,0.984931230545044
DBAASPS_25301,0.5629130601882935
DBAASPS_25302,0.980952262878418
DBAASPS_25303,0.5802721381187439
DBAASPS_25304,0.9827776551246643
DBAASPS_25306,0.9265050888061523
DBAASPS_25307,0.9840247631072998
DBAASPS_25308,0.9890633225440979
DBAASPS_25309,0.9740972518920898
DBAASPS_25310,0.970454752445221
DBAASPS_25311,0.8972155451774597
DBAASPS_25312,0.9896684885025024
DBAASPS_25313,0.9882922172546387
DBAASPS_25314,0.9738820791244507
DBAASPS_25315,0.9841108322143555
DBAASPS_25316,0.9837977886199951
DBAASPS_25317,0.9887449145317078
DBAASPS_25318,0.9865360856056213
DBAASPS_25319,0.9859799742698669
DBAASPS_25320,0.988945484161377
DBAASPS_25322,0.990654706954956
DBAASPS_25325,0.1245947852730751
DBAASPS_25326,0.10874295234680176
DBAASPS_25328,0.14448533952236176
FRAG_NEG_trNEGATIVE54877_7_5,0.02046791836619377
FRAG_NEG_trNEGATIVE66214_39_5,0.09099661558866501
FRAG_NEG_trNEGATIVE73562_71_5,0.14498767256736755
FRAG_NEG_trNEGATIVE46818_17_5,0.06732609122991562
FRAG_NEG_trNEGATIVE75343_12_5,0.10490704327821732
FRAG_NEG_trNEGATIVE89716_0_5,0.08313073217868805
FRAG_NEG_trNEGATIVE93592_60_5,0.02904026210308075
FRAG_NEG_trNEGATIVE54224_43_5,0.10084141045808792
FRAG_NEG_trNEGATIVE46247_10_5,0.08111876249313354
FRAG_NEG_trNEGATIVE97386_40_5,0.12839986383914948
FRAG_NEG_trNEGATIVE29046_4_5,0.07274815440177917
FRAG_NEG_trNEGATIVE85952_24_5,0.14743639528751373
FRAG_NEG_trNEGATIVE93242_84_5,0.10366605222225189
FRAG_NEG_trNEGATIVE64383_21_5,0.0347144715487957
FRAG_NEG_trNEGATIVE36143_71_5,0.48784497380256653
FRAG_NEG_trNEGATIVE67399_0_5,0.03137766942381859
FRAG_NEG_trNEGATIVE40726_39_5,0.032627545297145844
FRAG_NEG_trNEGATIVE73295_53_5,0.07709144055843353
FRAG_NEG_trNEGATIVE74554_81_5,0.10997875779867172
FRAG_NEG_trNEGATIVE56299_68_5,0.07809596508741379
FRAG_NEG_trNEGATIVE29825_31_5,0.06537915766239166
FRAG_NEG_trNEGATIVE84413_3_5,0.030094994232058525
FRAG_NEG_trNEGATIVE67515_2_5,0.03820304945111275
FRAG_NEG_trNEGATIVE35680_12_5,0.10028216987848282
FRAG_NEG_trNEGATIVE44110_84_5,0.13023559749126434
FRAG_NEG_trNEGATIVE63462_70_5,0.15395091474056244
FRAG_NEG_trNEGATIVE42096_16_5,0.09886864572763443
FRAG_NEG_trNEGATIVE45476_2_5,0.03411711007356644
FRAG_NEG_trNEGATIVE92740_66_5,0.0933377593755722
FRAG_NEG_trNEGATIVE79762_5_5,0.13085807859897614
FRAG_NEG_trNEGATIVE52280_20_5,0.0758323222398758
FRAG_NEG_trNEGATIVE41232_40_5,0.1019950583577156
FRAG_NEG_trNEGATIVE72133_43_5,0.1031058207154274
FRAG_NEG_trNEGATIVE68863_19_5,0.1399373859167099
FRAG_NEG_trNEGATIVE40811_65_5,0.023099401965737343
FRAG_NEG_trNEGATIVE58329_61_5,0.04644326865673065
FRAG_NEG_trNEGATIVE41866_52_5,0.1374199241399765
FRAG_NEG_trNEGATIVE54210_33_5,0.052936162799596786
FRAG_NEG_trNEGATIVE49322_43_5,0.02653573825955391
FRAG_NEG_trNEGATIVE73751_17_5,0.07562773674726486
FRAG_NEG_trNEGATIVE54980_32_5,0.0560649074614048
FRAG_NEG_trNEGATIVE39947_20_5,0.06118996813893318
FRAG_NEG_trNEGATIVE45129_20_5,0.0556192621588707
FRAG_NEG_trNEGATIVE71826_23_5,0.08158981800079346
FRAG_NEG_trNEGATIVE46050_41_5,0.17272448539733887
FRAG_NEG_trNEGATIVE37883_31_5,0.18873918056488037
FRAG_NEG_trNEGATIVE81455_13_5,0.05980788171291351
FRAG_NEG_trNEGATIVE71075_61_5,0.02384486049413681
FRAG_NEG_trNEGATIVE40773_33_5,0.39955979585647583
FRAG_NEG_trNEGATIVE49035_20_5,0.18149356544017792
FRAG_NEG_trNEGATIVE33198_73_5,0.08950859308242798
FRAG_NEG_trNEGATIVE87619_35_5,0.03925463184714317
FRAG_NEG_trNEGATIVE46566_5_5,0.18512645363807678
FRAG_NEG_trNEGATIVE44703_17_5,0.12041816860437393
FRAG_NEG_trNEGATIVE74586_69_5,0.09596050530672073
FRAG_NEG_trNEGATIVE41171_7_5,0.09394026547670364
FRAG_NEG_trNEGATIVE97179_52_5,0.02588740363717079
FRAG_NEG_trNEGATIVE86565_46_5,0.09603821486234665
FRAG_NEG_trNEGATIVE35273_36_5,0.07415639609098434
FRAG_NEG_trNEGATIVE61195_2_5,0.1406581699848175
FRAG_NEG_trNEGATIVE54002_41_5,0.11710982024669647
FRAG_NEG_trNEGATIVE48056_65_5,0.23600442707538605
FRAG_NEG_trNEGATIVE95219_59_5,0.09264694899320602
FRAG_NEG_trNEGATIVE37537_36_5,0.7318575382232666
FRAG_NEG_trNEGATIVE82411_24_5,0.2558175027370453
FRAG_NEG_trNEGATIVE73308_64_5,0.05336949974298477
FRAG_NEG_trNEGATIVE28977_65_5,0.2272772639989853
FRAG_NEG_trNEGATIVE44095_57_5,0.11449915915727615
FRAG_NEG_trNEGATIVE40706_34_5,0.062054507434368134
FRAG_NEG_trNEGATIVE32302_70_5,0.11364100873470306
FRAG_NEG_trNEGATIVE63274_37_5,0.06605998426675797
FRAG_NEG_trNEGATIVE72209_2_5,0.23977382481098175
FRAG_NEG_trNEGATIVE44857_34_5,0.17541787028312683
FRAG_NEG_trNEGATIVE76571_58_5,0.0585976168513298
FRAG_NEG_trNEGATIVE49883_68_5,0.04174921661615372
FRAG_NEG_trNEGATIVE38647_7_5,0.20190012454986572
FRAG_NEG_trNEGATIVE83484_94_5,0.04355554282665253
FRAG_NEG_trNEGATIVE50749_2_5,0.3622913360595703
FRAG_NEG_trNEGATIVE35325_76_5,0.14637918770313263
FRAG_NEG_trNEGATIVE32612_48_5,0.03233938664197922
FRAG_NEG_trNEGATIVE34637_17_5,0.08120814710855484
FRAG_NEG_trNEGATIVE46186_67_5,0.11324965208768845
FRAG_NEG_trNEGATIVE57924_61_5,0.06854510307312012
FRAG_NEG_trNEGATIVE57112_26_5,0.17111143469810486
FRAG_NEG_trNEGATIVE35886_63_5,0.030161693692207336
FRAG_NEG_trNEGATIVE74579_54_5,0.11060725152492523
FRAG_NEG_trNEGATIVE49831_17_5,0.3459015488624573
FRAG_NEG_trNEGATIVE96178_18_5,0.2584185302257538
FRAG_NEG_trNEGATIVE64510_6_5,0.07855082303285599
FRAG_NEG_trNEGATIVE53289_16_5,0.3094400465488434
FRAG_NEG_trNEGATIVE28817_11_5,0.06184441223740578
FRAG_NEG_trNEGATIVE43334_48_5,0.043449413031339645
FRAG_NEG_trNEGATIVE31537_41_5,0.07752480357885361
FRAG_NEG_trNEGATIVE53963_16_5,0.03382015600800514
FRAG_NEG_trNEGATIVE61063_51_5,0.04920577630400658
FRAG_NEG_trNEGATIVE63035_1_5,0.09966768324375153
FRAG_NEG_trNEGATIVE94732_34_5,0.28146469593048096
FRAG_NEG_trNEGATIVE97010_36_5,0.04065469652414322
FRAG_NEG_trNEGATIVE86304_10_5,0.035202812403440475
FRAG_NEG_trNEGATIVE27946_72_5,0.0354839451611042
FRAG_NEG_trNEGATIVE50744_28_5,0.0927852913737297
FRAG_NEG_trNEGATIVE60656_77_5,0.03325115516781807
FRAG_NEG_trNEGATIVE52476_42_5,0.18600426614284515
FRAG_NEG_trNEGATIVE47300_43_5,0.0491386279463768
FRAG_NEG_trNEGATIVE80620_15_5,0.05536768585443497
FRAG_NEG_trNEGATIVE53486_31_5,0.08686771243810654
FRAG_NEG_trNEGATIVE92477_63_5,0.05803072080016136
FRAG_NEG_trNEGATIVE28140_85_5,0.04628315195441246
FRAG_NEG_trNEGATIVE36288_19_5,0.12214498221874237
FRAG_NEG_trNEGATIVE52443_62_5,0.16787652671337128
FRAG_NEG_trNEGATIVE69999_62_5,0.10010969638824463
FRAG_NEG_trNEGATIVE58656_24_5,0.19580337405204773
FRAG_NEG_trNEGATIVE93394_17_5,0.08991029858589172
FRAG_NEG_trNEGATIVE91986_23_5,0.4543190598487854
FRAG_NEG_trNEGATIVE43893_49_5,0.1682012975215912
FRAG_NEG_trNEGATIVE38183_17_5,0.09408881515264511
FRAG_NEG_trNEGATIVE76901_38_5,0.14651267230510712
FRAG_NEG_trNEGATIVE51382_53_5,0.025564363226294518
FRAG_NEG_trNEGATIVE38879_31_5,0.10517910122871399
FRAG_NEG_trNEGATIVE85783_95_5,0.04154371842741966
FRAG_NEG_trNEGATIVE43403_19_5,0.032007861882448196
FRAG_NEG_trNEGATIVE62668_34_5,0.05913030728697777
FRAG_NEG_trNEGATIVE95863_25_5,0.14922738075256348
FRAG_NEG_trNEGATIVE95453_7_5,0.0691637173295021
FRAG_NEG_trNEGATIVE62491_45_5,0.05661728233098984
FRAG_NEG_trNEGATIVE66921_63_5,0.044219352304935455
FRAG_NEG_trNEGATIVE71371_15_5,0.061379965394735336
FRAG_NEG_trNEGATIVE56902_59_5,0.06234230846166611
FRAG_NEG_trNEGATIVE87037_27_5,0.04367151856422424
FRAG_NEG_trNEGATIVE41436_46_5,0.14810195565223694
FRAG_NEG_trNEGATIVE89118_26_5,0.2176513522863388
FRAG_NEG_trNEGATIVE75977_29_5,0.06330623477697372
FRAG_NEG_trNEGATIVE94294_15_5,0.052841365337371826
FRAG_NEG_trNEGATIVE90804_57_5,0.01916646584868431
FRAG_NEG_trNEGATIVE70917_4_5,0.08007940649986267
FRAG_NEG_trNEGATIVE41051_13_5,0.07579644024372101
FRAG_NEG_trNEGATIVE46198_27_5,0.17713524401187897
FRAG_NEG_trNEGATIVE54604_67_5,0.02239117957651615
FRAG_NEG_trNEGATIVE94294_17_5,0.047876808792352676
FRAG_NEG_trNEGATIVE78726_31_5,0.08689230680465698
FRAG_NEG_trNEGATIVE70777_55_5,0.035765718668699265
FRAG_NEG_trNEGATIVE39818_15_5,0.0409383624792099
FRAG_NEG_trNEGATIVE53064_16_5,0.28980374336242676
FRAG_NEG_trNEGATIVE81382_38_5,0.15533806383609772
FRAG_NEG_trNEGATIVE83908_48_5,0.048140257596969604
FRAG_NEG_trNEGATIVE42081_66_5,0.063595250248909
FRAG_NEG_trNEGATIVE95911_64_5,0.12208147346973419
FRAG_NEG_trNEGATIVE95174_30_5,0.03704732283949852
FRAG_NEG_trNEGATIVE28820_65_5,0.12468300014734268
FRAG_NEG_trNEGATIVE56452_59_5,0.06896862387657166
FRAG_NEG_trNEGATIVE35934_15_5,0.40700018405914307
FRAG_NEG_trNEGATIVE95389_16_5,0.07204782962799072
FRAG_NEG_trNEGATIVE73274_82_5,0.3388674557209015
FRAG_NEG_trNEGATIVE75112_48_5,0.031260665506124496
FRAG_NEG_trNEGATIVE80900_42_5,0.050010647624731064
FRAG_NEG_trNEGATIVE49019_44_5,0.02401353046298027
FRAG_NEG_trNEGATIVE68320_90_5,0.07986322045326233
FRAG_NEG_trNEGATIVE51523_42_5,0.05631145462393761
FRAG_NEG_trNEGATIVE50107_36_5,0.040992580354213715
FRAG_NEG_trNEGATIVE48979_24_6,0.08267345279455185
FRAG_NEG_trNEGATIVE77745_30_6,0.15302613377571106
FRAG_NEG_trNEGATIVE38711_43_6,0.0388423427939415
FRAG_NEG_trNEGATIVE43208_14_6,0.03170157968997955
FRAG_NEG_trNEGATIVE81157_32_6,0.04934440180659294
FRAG_NEG_trNEGATIVE85642_29_6,0.2775357663631439
FRAG_NEG_trNEGATIVE62769_77_6,0.11530128866434097
FRAG_NEG_trNEGATIVE36014_19_6,0.24082796275615692
FRAG_NEG_trNEGATIVE63846_58_6,0.07694461196660995
FRAG_NEG_trNEGATIVE54166_81_6,0.04967538267374039
FRAG_NEG_trNEGATIVE30479_5_6,0.09865543246269226
FRAG_NEG_trNEGATIVE35222_26_6,0.6358722448348999
FRAG_NEG_trNEGATIVE45990_57_6,0.02273731864988804
FRAG_NEG_trNEGATIVE38900_74_6,0.03448605164885521
FRAG_NEG_trNEGATIVE76068_12_6,0.06171773374080658
FRAG_NEG_trNEGATIVE38419_41_6,0.18696671724319458
FRAG_NEG_trNEGATIVE69422_68_6,0.21413777768611908
FRAG_NEG_trNEGATIVE85642_1_6,0.1648518294095993
FRAG_NEG_trNEGATIVE81308_27_6,0.060533907264471054
FRAG_NEG_trNEGATIVE68397_25_6,0.4329010248184204
FRAG_NEG_trNEGATIVE52994_23_6,0.0483248271048069
FRAG_NEG_trNEGATIVE49537_27_6,0.06490486860275269
FRAG_NEG_trNEGATIVE87653_58_6,0.023383550345897675
FRAG_NEG_trNEGATIVE34429_31_6,0.05886610969901085
FRAG_NEG_trNEGATIVE72430_13_6,0.11797723919153214
FRAG_NEG_trNEGATIVE54369_35_6,0.020388351753354073
FRAG_NEG_trNEGATIVE93056_31_6,0.015966162085533142
FRAG_NEG_trNEGATIVE31628_57_6,0.030799634754657745
FRAG_NEG_trNEGATIVE85455_7_6,0.019256507977843285
FRAG_NEG_trNEGATIVE52653_63_6,0.05773032084107399
FRAG_NEG_trNEGATIVE37292_69_6,0.15053343772888184
FRAG_NEG_trNEGATIVE92477_37_6,0.09677816927433014
FRAG_NEG_trNEGATIVE92667_31_6,0.04221469163894653
FRAG_NEG_trNEGATIVE62037_36_6,0.06197385862469673
FRAG_NEG_trNEGATIVE35355_38_6,0.030832286924123764
FRAG_NEG_trNEGATIVE76642_6_6,0.02560189738869667
FRAG_NEG_trNEGATIVE70245_56_6,0.08811239153146744
FRAG_NEG_trNEGATIVE31836_20_6,0.11464206129312515
FRAG_NEG_trNEGATIVE40492_11_6,0.027428383007645607
FRAG_NEG_trNEGATIVE91923_93_6,0.1790672093629837
FRAG_NEG_trNEGATIVE62602_12_6,0.23921404778957367
FRAG_NEG_trNEGATIVE55133_9_6,0.04398174211382866
FRAG_NEG_trNEGATIVE58963_45_6,0.03215968981385231
FRAG_NEG_trNEGATIVE65434_43_6,0.4135952889919281
FRAG_NEG_trNEGATIVE69105_1_6,0.15436096489429474
FRAG_NEG_trNEGATIVE72031_26_6,0.6836373805999756
FRAG_NEG_trNEGATIVE49502_14_6,0.04350597411394119
FRAG_NEG_trNEGATIVE70892_57_6,0.017675228416919708
FRAG_NEG_trNEGATIVE85500_41_6,0.510431170463562
FRAG_NEG_trNEGATIVE95155_60_6,0.06480585038661957
FRAG_NEG_trNEGATIVE29896_55_6,0.029188280925154686
FRAG_NEG_trNEGATIVE78999_48_6,0.08343460410833359
FRAG_NEG_trNEGATIVE88967_17_6,0.17384465038776398
FRAG_NEG_trNEGATIVE86192_3_6,0.07938257604837418
FRAG_NEG_trNEGATIVE68314_24_6,0.16658534109592438
FRAG_NEG_trNEGATIVE70709_17_6,0.07087532430887222
FRAG_NEG_trNEGATIVE46529_13_6,0.09927491098642349
FRAG_NEG_trNEGATIVE40586_18_6,0.2835313081741333
FRAG_NEG_trNEGATIVE86340_14_6,0.026214126497507095
FRAG_NEG_trNEGATIVE86307_25_6,0.0817161276936531
FRAG_NEG_trNEGATIVE54669_36_6,0.10231421142816544
FRAG_NEG_trNEGATIVE34808_13_6,0.031948283314704895
FRAG_NEG_trNEGATIVE94727_54_6,0.04406384751200676
FRAG_NEG_trNEGATIVE81833_2_6,0.15468697249889374
FRAG_NEG_trNEGATIVE88015_7_6,0.18609923124313354
FRAG_NEG_trNEGATIVE66906_4_6,0.5959844589233398
FRAG_NEG_trNEGATIVE59246_36_6,0.24423977732658386
FRAG_NEG_trNEGATIVE73770_14_6,0.02760186977684498
FRAG_NEG_trNEGATIVE53275_50_6,0.05026273801922798
FRAG_NEG_trNEGATIVE64579_66_6,0.0255671925842762
FRAG_NEG_trNEGATIVE81470_11_6,0.10805622488260269
FRAG_NEG_trNEGATIVE61294_47_6,0.33042165637016296
FRAG_NEG_trNEGATIVE68052_20_6,0.1806870698928833
FRAG_NEG_trNEGATIVE57284_32_6,0.05409541726112366
FRAG_NEG_trNEGATIVE71893_9_6,0.20957130193710327
FRAG_NEG_trNEGATIVE80746_70_6,0.03200415521860123
FRAG_NEG_trNEGATIVE87934_73_6,0.15295208990573883
FRAG_NEG_trNEGATIVE46621_32_6,0.04727248474955559
FRAG_NEG_trNEGATIVE66036_49_6,0.06656523048877716
FRAG_NEG_trNEGATIVE89538_4_6,0.14278098940849304
FRAG_NEG_trNEGATIVE65918_29_6,0.028310570865869522
FRAG_NEG_trNEGATIVE72250_20_6,0.06988657265901566
FRAG_NEG_trNEGATIVE65850_17_6,0.04059746861457825
FRAG_NEG_trNEGATIVE29042_24_6,0.036997273564338684
FRAG_NEG_trNEGATIVE92043_1_6,0.09359656274318695
FRAG_NEG_trNEGATIVE47625_53_6,0.30943071842193604
FRAG_NEG_trNEGATIVE96554_8_6,0.31230148673057556
FRAG_NEG_trNEGATIVE72748_35_6,0.03683862090110779
FRAG_NEG_trNEGATIVE96170_64_6,0.03764168173074722
FRAG_NEG_trNEGATIVE81427_4_6,0.03426476940512657
FRAG_NEG_trNEGATIVE93313_1_6,0.4786391854286194
FRAG_NEG_trNEGATIVE40564_47_6,0.062424227595329285
FRAG_NEG_trNEGATIVE96047_47_6,0.3328143060207367
FRAG_NEG_trNEGATIVE36281_0_6,0.054229721426963806
FRAG_NEG_trNEGATIVE90894_8_6,0.04699593037366867
FRAG_NEG_trNEGATIVE88698_0_6,0.09529444575309753
FRAG_NEG_trNEGATIVE33669_13_6,0.041437797248363495
FRAG_NEG_trNEGATIVE87521_49_6,0.04753747582435608
FRAG_NEG_trNEGATIVE44461_86_6,0.2684652805328369
FRAG_NEG_trNEGATIVE85548_0_6,0.06656362116336823
FRAG_NEG_trNEGATIVE43631_0_6,0.10666430741548538
FRAG_NEG_trNEGATIVE95899_18_6,0.020909342914819717
FRAG_NEG_trNEGATIVE78653_1_6,0.01706555113196373
FRAG_NEG_trNEGATIVE78535_4_6,0.06743326783180237
FRAG_NEG_trNEGATIVE96908_54_6,0.05415026843547821
FRAG_NEG_trNEGATIVE81777_28_6,0.04797426238656044
FRAG_NEG_trNEGATIVE96612_41_6,0.035807643085718155
FRAG_NEG_trNEGATIVE86785_63_6,0.030288511887192726
FRAG_NEG_trNEGATIVE47846_46_6,0.030353885143995285
FRAG_NEG_trNEGATIVE79864_57_6,0.08739720284938812
FRAG_NEG_trNEGATIVE70019_27_6,0.04027876257896423
FRAG_NEG_trNEGATIVE91991_26_6,0.25885653495788574
FRAG_NEG_trNEGATIVE40770_54_6,0.5642406344413757
FRAG_NEG_trNEGATIVE31776_17_6,0.04755169525742531
FRAG_NEG_trNEGATIVE93923_59_6,0.10482391715049744
FRAG_NEG_trNEGATIVE56579_9_6,0.043582119047641754
FRAG_NEG_trNEGATIVE66583_77_6,0.049477655440568924
FRAG_NEG_trNEGATIVE85924_38_6,0.07142791152000427
FRAG_NEG_trNEGATIVE27638_62_6,0.2097458839416504
FRAG_NEG_trNEGATIVE55853_17_6,0.05682416260242462
FRAG_NEG_trNEGATIVE78954_34_6,0.11602692306041718
FRAG_NEG_trNEGATIVE56019_11_6,0.03138177841901779
FRAG_NEG_trNEGATIVE28072_5_6,0.16471149027347565
FRAG_NEG_trNEGATIVE75621_1_6,0.06535449624061584
FRAG_NEG_trNEGATIVE32244_21_6,0.17740802466869354
FRAG_NEG_trNEGATIVE66557_1_6,0.035227589309215546
FRAG_NEG_trNEGATIVE78345_22_6,0.06813365966081619
FRAG_NEG_trNEGATIVE34739_37_6,0.5576961636543274
FRAG_NEG_trNEGATIVE85620_2_6,0.07985986769199371
FRAG_NEG_trNEGATIVE81668_87_6,0.028801893815398216
FRAG_NEG_trNEGATIVE73636_62_6,0.09435362368822098
FRAG_NEG_trNEGATIVE68483_54_6,0.08857806771993637
FRAG_NEG_trNEGATIVE68175_36_6,0.1079101413488388
FRAG_NEG_trNEGATIVE75014_50_6,0.02080654352903366
FRAG_NEG_trNEGATIVE84969_15_6,0.07080183923244476
FRAG_NEG_trNEGATIVE66782_21_6,0.05759221687912941
FRAG_NEG_trNEGATIVE57284_36_6,0.05170163884758949
FRAG_NEG_trNEGATIVE55038_10_6,0.12027402967214584
FRAG_NEG_trNEGATIVE60969_36_6,0.06922335922718048
FRAG_NEG_trNEGATIVE32047_32_6,0.06793282181024551
FRAG_NEG_trNEGATIVE90011_67_6,0.05754594877362251
FRAG_NEG_trNEGATIVE32110_57_6,0.05074677616357803
FRAG_NEG_trNEGATIVE83217_33_6,0.06026703491806984
FRAG_NEG_trNEGATIVE83659_3_6,0.021488262340426445
FRAG_NEG_trNEGATIVE31776_48_6,0.09876445680856705
FRAG_NEG_trNEGATIVE42197_12_6,0.3124462068080902
FRAG_NEG_trNEGATIVE73295_12_6,0.22452224791049957
FRAG_NEG_trNEGATIVE94727_66_6,0.05132061615586281
FRAG_NEG_trNEGATIVE87370_20_6,0.24536336958408356
FRAG_NEG_trNEGATIVE59072_7_6,0.029391832649707794
FRAG_NEG_trNEGATIVE46932_25_6,0.0950397253036499
FRAG_NEG_trNEGATIVE63500_39_6,0.09610261023044586
FRAG_NEG_trNEGATIVE29734_36_6,0.029848739504814148
FRAG_NEG_trNEGATIVE50631_19_6,0.051574889570474625
FRAG_NEG_trNEGATIVE64627_6_6,0.18794511258602142
FRAG_NEG_trNEGATIVE94232_67_6,0.04944709315896034
FRAG_NEG_trNEGATIVE38333_40_6,0.053720153868198395
FRAG_NEG_trNEGATIVE86979_17_6,0.20862393081188202
FRAG_NEG_trNEGATIVE29979_32_6,0.08840392529964447
FRAG_NEG_trNEGATIVE71806_22_6,0.44453009963035583
FRAG_NEG_trNEGATIVE56067_9_6,0.3874964416027069
FRAG_NEG_trNEGATIVE35732_43_6,0.12471624463796616
FRAG_NEG_trNEGATIVE44859_47_6,0.16805674135684967
FRAG_NEG_trNEGATIVE33797_52_6,0.1791284829378128
FRAG_NEG_trNEGATIVE60962_85_6,0.07827770709991455
FRAG_NEG_trNEGATIVE54996_7_6,0.030837517231702805
FRAG_NEG_trNEGATIVE97420_60_6,0.0879790186882019
FRAG_NEG_trNEGATIVE91196_53_6,0.02302202768623829
FRAG_NEG_trNEGATIVE45398_87_6,0.028990983963012695
FRAG_NEG_trNEGATIVE66967_0_6,0.02793307416141033
FRAG_NEG_trNEGATIVE64007_4_6,0.05797139182686806
FRAG_NEG_trNEGATIVE48979_48_6,0.03616509959101677
FRAG_NEG_trNEGATIVE52906_81_6,0.025711366906762123
FRAG_NEG_trNEGATIVE94649_11_6,0.05778823792934418
FRAG_NEG_trNEGATIVE70698_23_6,0.35213592648506165
FRAG_NEG_trNEGATIVE91577_3_6,0.24747683107852936
FRAG_NEG_trNEGATIVE95962_8_6,0.06680598109960556
FRAG_NEG_trNEGATIVE55166_60_6,0.42802485823631287
FRAG_NEG_trNEGATIVE27906_20_6,0.09856975823640823
FRAG_NEG_trNEGATIVE68920_32_6,0.08301235735416412
FRAG_NEG_trNEGATIVE43396_48_6,0.10503377765417099
FRAG_NEG_trNEGATIVE77118_23_6,0.05955403298139572
FRAG_NEG_trNEGATIVE90114_79_6,0.04091846942901611
FRAG_NEG_trNEGATIVE60862_38_6,0.48608365654945374
FRAG_NEG_trNEGATIVE45453_13_6,0.0156062887981534
FRAG_NEG_trNEGATIVE43416_23_6,0.01745733991265297
FRAG_NEG_trNEGATIVE88238_19_6,0.06414279341697693
FRAG_NEG_trNEGATIVE28324_69_6,0.02841578610241413
FRAG_NEG_trNEGATIVE93128_5_6,0.21573811769485474
FRAG_NEG_trNEGATIVE96622_15_6,0.03606729581952095
FRAG_NEG_trNEGATIVE54041_56_6,0.04257750138640404
FRAG_NEG_trNEGATIVE34862_0_6,0.13013361394405365
FRAG_NEG_trNEGATIVE40152_12_6,0.03901489078998566
FRAG_NEG_trNEGATIVE45079_46_6,0.14352338016033173
FRAG_NEG_trNEGATIVE54479_74_6,0.03463733196258545
FRAG_NEG_trNEGATIVE69614_1_6,0.7108038663864136
FRAG_NEG_trNEGATIVE54818_15_6,0.07417170703411102
FRAG_NEG_trNEGATIVE34565_23_6,0.02797805704176426
FRAG_NEG_trNEGATIVE31301_19_6,0.08842616528272629
FRAG_NEG_trNEGATIVE77548_10_6,0.2630710005760193
FRAG_NEG_trNEGATIVE88233_14_6,0.10339903086423874
FRAG_NEG_trNEGATIVE70917_20_6,0.14778320491313934
FRAG_NEG_trNEGATIVE36276_27_6,0.0448765903711319
FRAG_NEG_trNEGATIVE50516_50_6,0.08480587601661682
FRAG_NEG_trNEGATIVE36091_17_6,0.12274003773927689
FRAG_NEG_trNEGATIVE49402_41_6,0.05079416185617447
FRAG_NEG_trNEGATIVE91923_58_6,0.056011784821748734
FRAG_NEG_trNEGATIVE59152_31_6,0.047898802906274796
FRAG_NEG_trNEGATIVE77802_71_6,0.03975605219602585
FRAG_NEG_trNEGATIVE67071_18_6,0.04242345690727234
FRAG_NEG_trNEGATIVE28162_24_6,0.08032262325286865
FRAG_NEG_trNEGATIVE62117_46_6,0.4715297818183899
FRAG_NEG_trNEGATIVE64769_0_6,0.054349299520254135
FRAG_NEG_trNEGATIVE62801_68_6,0.03532170504331589
FRAG_NEG_trNEGATIVE41646_37_6,0.10814075171947479
FRAG_NEG_trNEGATIVE44110_31_6,0.01759232021868229
FRAG_NEG_trNEGATIVE85418_34_6,0.02006492018699646
FRAG_NEG_trNEGATIVE28417_89_6,0.6863186359405518
FRAG_NEG_trNEGATIVE28072_16_6,0.058125805109739304
FRAG_NEG_trNEGATIVE96787_74_6,0.10968013852834702
FRAG_NEG_trNEGATIVE45659_19_6,0.06506884098052979
FRAG_NEG_trNEGATIVE46276_57_6,0.03156021237373352
FRAG_NEG_trNEGATIVE30835_38_6,0.06636346131563187
FRAG_NEG_trNEGATIVE41073_31_6,0.033646561205387115
FRAG_NEG_trNEGATIVE41004_20_6,0.04098336771130562
FRAG_NEG_trNEGATIVE39155_58_6,0.05185577645897865
FRAG_NEG_trNEGATIVE65520_41_6,0.033556513488292694
FRAG_NEG_trNEGATIVE43655_60_6,0.0977090522646904
FRAG_NEG_trNEGATIVE29278_18_6,0.0951426699757576
FRAG_NEG_trNEGATIVE39650_0_6,0.24292941391468048
FRAG_NEG_trNEGATIVE71610_50_6,0.058401066809892654
FRAG_NEG_trNEGATIVE88830_11_6,0.2736757695674896
FRAG_NEG_trNEGATIVE50132_23_6,0.07658307254314423
FRAG_NEG_trNEGATIVE50874_26_6,0.09512631595134735
FRAG_NEG_trNEGATIVE66120_60_6,0.12604936957359314
FRAG_NEG_trNEGATIVE61136_32_6,0.09663034230470657
FRAG_NEG_trNEGATIVE76013_10_6,0.17229752242565155
FRAG_NEG_trNEGATIVE90769_8_6,0.6884428858757019
FRAG_NEG_trNEGATIVE96798_18_6,0.03447487950325012
FRAG_NEG_trNEGATIVE71242_44_6,0.07732897996902466
FRAG_NEG_trNEGATIVE86357_42_6,0.05374346673488617
FRAG_NEG_trNEGATIVE56415_67_6,0.040222302079200745
FRAG_NEG_trNEGATIVE40134_12_6,0.16177338361740112
FRAG_NEG_trNEGATIVE73786_23_6,0.2346864938735962
FRAG_NEG_trNEGATIVE83721_27_6,0.11378272622823715
FRAG_NEG_trNEGATIVE94821_3_6,0.034165821969509125
FRAG_NEG_trNEGATIVE31425_38_6,0.13940778374671936
FRAG_NEG_trNEGATIVE42620_50_6,0.07816848903894424
FRAG_NEG_trNEGATIVE86750_18_6,0.0264461487531662
FRAG_NEG_trNEGATIVE97173_66_6,0.045948781073093414
FRAG_NEG_trNEGATIVE60025_52_6,0.02584557794034481
FRAG_NEG_trNEGATIVE70858_23_6,0.27463632822036743
FRAG_NEG_trNEGATIVE37860_39_6,0.1344313770532608
FRAG_NEG_trNEGATIVE55060_27_6,0.04406308755278587
FRAG_NEG_trNEGATIVE57400_84_6,0.2594473659992218
FRAG_NEG_trNEGATIVE48733_40_6,0.0849495679140091
FRAG_NEG_trNEGATIVE39283_67_6,0.021454185247421265
FRAG_NEG_trNEGATIVE90141_65_6,0.1964997947216034
FRAG_NEG_trNEGATIVE74725_20_6,0.13998502492904663
FRAG_NEG_trNEGATIVE42430_66_6,0.1578991860151291
FRAG_NEG_trNEGATIVE56358_27_6,0.03143993020057678
FRAG_NEG_trNEGATIVE65513_46_6,0.07021590322256088
FRAG_NEG_trNEGATIVE75635_2_6,0.03318450599908829
FRAG_NEG_trNEGATIVE90916_42_6,0.04591633006930351
FRAG_NEG_trNEGATIVE80760_74_6,0.2827325761318207
FRAG_NEG_trNEGATIVE30330_57_6,0.03306369110941887
FRAG_NEG_trNEGATIVE91970_3_6,0.023707106709480286
FRAG_NEG_trNEGATIVE41866_41_6,0.3393425941467285
FRAG_NEG_trNEGATIVE63422_54_6,0.23680877685546875
FRAG_NEG_trNEGATIVE65465_1_6,0.03701426461338997
FRAG_NEG_trNEGATIVE83752_53_6,0.045798711478710175
FRAG_NEG_trNEGATIVE63175_42_6,0.3521566390991211
FRAG_NEG_trNEGATIVE72346_11_6,0.9493468999862671
FRAG_NEG_trNEGATIVE90936_73_6,0.032889701426029205
FRAG_NEG_trNEGATIVE94760_60_6,0.10603763163089752
FRAG_NEG_trNEGATIVE84118_31_6,0.21908196806907654
FRAG_NEG_trNEGATIVE57359_28_6,0.2734968960285187
FRAG_NEG_trNEGATIVE86785_18_6,0.1606064885854721
FRAG_NEG_trNEGATIVE51523_37_6,0.047213733196258545
FRAG_NEG_trNEGATIVE87845_38_6,0.2546918988227844
FRAG_NEG_trNEGATIVE47972_5_6,0.04953741654753685
FRAG_NEG_trNEGATIVE46570_31_6,0.02504608780145645
FRAG_NEG_trNEGATIVE40116_44_6,0.10271351039409637
FRAG_NEG_trNEGATIVE49297_0_6,0.05078785866498947
FRAG_NEG_trNEGATIVE47034_33_6,0.048239272087812424
FRAG_NEG_trNEGATIVE90771_34_6,0.04250865429639816
FRAG_NEG_trNEGATIVE46443_12_6,0.037733424454927444
FRAG_NEG_trNEGATIVE64236_71_6,0.08668956905603409
FRAG_NEG_trNEGATIVE83227_62_6,0.09869824349880219
FRAG_NEG_trNEGATIVE96100_63_6,0.04413468390703201
FRAG_NEG_trNEGATIVE29661_51_6,0.027098339051008224
FRAG_NEG_trNEGATIVE83031_24_6,0.03054545819759369
FRAG_NEG_trNEGATIVE87450_28_6,0.02606787532567978
FRAG_NEG_trNEGATIVE71653_13_6,0.13314072787761688
FRAG_NEG_trNEGATIVE79387_32_6,0.045913856476545334
FRAG_NEG_trNEGATIVE55864_35_6,0.03418730944395065
FRAG_NEG_trNEGATIVE37877_10_6,0.05085061118006706
FRAG_NEG_trNEGATIVE54448_28_6,0.0666956827044487
FRAG_NEG_trNEGATIVE45091_23_6,0.054784663021564484
FRAG_NEG_trNEGATIVE29717_18_6,0.17555677890777588
FRAG_NEG_trNEGATIVE61066_35_6,0.4024200439453125
FRAG_NEG_trNEGATIVE73619_12_6,0.2534775733947754
FRAG_NEG_trNEGATIVE41004_61_6,0.06685557961463928
FRAG_NEG_trNEGATIVE77111_17_6,0.057849012315273285
FRAG_NEG_trNEGATIVE85795_85_6,0.12001942843198776
FRAG_NEG_trNEGATIVE69377_26_6,0.17855863273143768
FRAG_NEG_trNEGATIVE53400_3_6,0.06709301471710205
FRAG_NEG_trNEGATIVE54737_43_6,0.14411839842796326
FRAG_NEG_trNEGATIVE42243_28_6,0.22327017784118652
FRAG_NEG_trNEGATIVE48957_17_6,0.06006193161010742
FRAG_NEG_trNEGATIVE66922_2_6,0.3220251500606537
FRAG_NEG_trNEGATIVE88238_16_6,0.03909210115671158
FRAG_NEG_trNEGATIVE35008_40_6,0.04044641554355621
FRAG_NEG_trNEGATIVE82180_15_6,0.17488786578178406
FRAG_NEG_trNEGATIVE50399_71_6,0.13410626351833344
FRAG_NEG_trNEGATIVE81189_2_6,0.3847852051258087
FRAG_NEG_trNEGATIVE82469_43_6,0.12869888544082642
FRAG_NEG_trNEGATIVE94469_20_6,0.6605691313743591
FRAG_NEG_trNEGATIVE93817_23_6,0.1631081998348236
FRAG_NEG_trNEGATIVE54615_37_6,0.11982704699039459
FRAG_NEG_trNEGATIVE64980_18_6,0.07951567322015762
FRAG_NEG_trNEGATIVE51856_22_6,0.19661779701709747
FRAG_NEG_trNEGATIVE91703_7_6,0.04902327433228493
FRAG_NEG_trNEGATIVE44996_38_6,0.10141249746084213
FRAG_NEG_trNEGATIVE37142_24_6,0.5640121102333069
FRAG_NEG_trNEGATIVE28766_34_6,0.03340547904372215
FRAG_NEG_trNEGATIVE87117_54_6,0.0490201935172081
FRAG_NEG_trNEGATIVE40853_2_6,0.047671105712652206
FRAG_NEG_trNEGATIVE57285_76_6,0.024212883785367012
FRAG_NEG_trNEGATIVE87549_30_6,0.2957575023174286
FRAG_NEG_trNEGATIVE31462_34_6,0.05618634447455406
FRAG_NEG_trNEGATIVE31332_33_6,0.45188039541244507
FRAG_NEG_trNEGATIVE65755_1_6,0.06416250020265579
FRAG_NEG_trNEGATIVE70581_54_6,0.14036768674850464
FRAG_NEG_trNEGATIVE95879_12_6,0.13322514295578003
FRAG_NEG_trNEGATIVE51325_18_6,0.0734015554189682
FRAG_NEG_trNEGATIVE31694_48_6,0.15399207174777985
FRAG_NEG_trNEGATIVE34646_91_6,0.03683887794613838
FRAG_NEG_trNEGATIVE29455_78_6,0.1499401479959488
FRAG_NEG_trNEGATIVE70403_75_6,0.021239398047327995
FRAG_NEG_trNEGATIVE61477_23_6,0.17748361825942993
FRAG_NEG_trNEGATIVE67604_2_6,0.07222598046064377
FRAG_NEG_trNEGATIVE38089_48_6,0.21777655184268951
FRAG_NEG_trNEGATIVE58956_43_6,0.951816201210022
FRAG_NEG_trNEGATIVE48477_19_6,0.05298096314072609
FRAG_NEG_trNEGATIVE35193_19_6,0.33350807428359985
FRAG_NEG_trNEGATIVE48085_12_6,0.05783674120903015
FRAG_NEG_trNEGATIVE49305_18_6,0.058097757399082184
FRAG_NEG_trNEGATIVE89874_82_6,0.02928413823246956
FRAG_NEG_trNEGATIVE44167_44_6,0.2769984304904938
FRAG_NEG_trNEGATIVE32997_81_6,0.0646919384598732
FRAG_NEG_trNEGATIVE38518_0_6,0.0305007416754961
FRAG_NEG_trNEGATIVE60580_34_6,0.09647322446107864
FRAG_NEG_trNEGATIVE68157_91_6,0.02869301475584507
FRAG_NEG_trNEGATIVE56053_2_6,0.3735364079475403
FRAG_NEG_trNEGATIVE86731_18_6,0.2796502411365509
FRAG_NEG_trNEGATIVE54828_9_6,0.06503138691186905
FRAG_NEG_trNEGATIVE85722_60_6,0.2239467203617096
FRAG_NEG_trNEGATIVE41832_29_6,0.5353394150733948
FRAG_NEG_trNEGATIVE76230_32_6,0.07104923576116562
FRAG_NEG_trNEGATIVE94368_35_6,0.07306122779846191
FRAG_NEG_trNEGATIVE93704_31_6,0.029129091650247574
FRAG_NEG_trNEGATIVE62945_9_7,0.08223431557416916
FRAG_NEG_trNEGATIVE46005_52_7,0.1454060822725296
FRAG_NEG_trNEGATIVE89307_53_7,0.09613765776157379
FRAG_NEG_trNEGATIVE65566_31_7,0.06594552099704742
FRAG_NEG_trNEGATIVE49477_35_7,0.6389495134353638
FRAG_NEG_trNEGATIVE28299_10_7,0.040234874933958054
FRAG_NEG_trNEGATIVE63475_37_7,0.03611944243311882
FRAG_NEG_trNEGATIVE45177_34_7,0.02004728652536869
FRAG_NEG_trNEGATIVE60936_26_7,0.09152523428201675
FRAG_NEG_trNEGATIVE97143_76_7,0.2137957215309143
FRAG_NEG_trNEGATIVE97497_51_7,0.028553832322359085
FRAG_NEG_trNEGATIVE30217_48_7,0.02521083876490593
FRAG_NEG_trNEGATIVE73100_62_7,0.9500741958618164
NEG_trNEGATIVE50367,0.05098067596554756
FRAG_NEG_trNEGATIVE28397_2_7,0.03325679525732994
FRAG_NEG_trNEGATIVE41854_0_7,0.028560854494571686
NEG_trNEGATIVE102727,0.0449785478413105
FRAG_NEG_trNEGATIVE33051_39_7,0.03738563880324364
FRAG_NEG_trNEGATIVE94119_32_7,0.10319630056619644
FRAG_NEG_trNEGATIVE73407_28_7,0.04764088615775108
FRAG_NEG_trNEGATIVE53242_36_7,0.11190163344144821
FRAG_NEG_trNEGATIVE37162_43_7,0.055162571370601654
FRAG_NEG_trNEGATIVE96572_40_7,0.1300383061170578
FRAG_NEG_trNEGATIVE79590_31_7,0.02079426497220993
FRAG_NEG_trNEGATIVE70576_53_7,0.02265610732138157
FRAG_NEG_trNEGATIVE92737_37_7,0.11443629115819931
FRAG_NEG_trNEGATIVE55180_57_7,0.06520073115825653
FRAG_NEG_trNEGATIVE69593_28_7,0.19747869670391083
FRAG_NEG_trNEGATIVE28215_85_7,0.028324579820036888
FRAG_NEG_trNEGATIVE53608_2_7,0.06665072590112686
FRAG_NEG_trNEGATIVE92486_60_7,0.019806038588285446
FRAG_NEG_trNEGATIVE86142_7_7,0.10681893676519394
FRAG_NEG_trNEGATIVE46224_19_7,0.0643533393740654
FRAG_NEG_trNEGATIVE30755_40_7,0.24251854419708252
FRAG_NEG_trNEGATIVE74779_27_7,0.031976886093616486
FRAG_NEG_trNEGATIVE55418_22_7,0.14383722841739655
FRAG_NEG_trNEGATIVE69830_18_7,0.02589205652475357
FRAG_NEG_trNEGATIVE73694_48_7,0.09328102320432663
FRAG_NEG_trNEGATIVE31117_38_7,0.013428779318928719
FRAG_NEG_trNEGATIVE89727_9_7,0.05369958281517029
FRAG_NEG_trNEGATIVE54604_66_7,0.0188613161444664
FRAG_NEG_trNEGATIVE65500_15_7,0.07969161868095398
FRAG_NEG_trNEGATIVE95502_43_7,0.020151309669017792
FRAG_NEG_trNEGATIVE61287_7_7,0.2008390575647354
FRAG_NEG_trNEGATIVE44670_24_7,0.042732123285532
FRAG_NEG_trNEGATIVE84467_64_7,0.07925234735012054
FRAG_NEG_trNEGATIVE78365_6_7,0.03595542907714844
FRAG_NEG_trNEGATIVE64901_16_7,0.09378700703382492
FRAG_NEG_trNEGATIVE74514_56_7,0.07460816204547882
FRAG_NEG_trNEGATIVE71921_36_7,0.07710409164428711
FRAG_NEG_trNEGATIVE87789_28_7,0.02207053266465664
FRAG_NEG_trNEGATIVE66389_33_7,0.09859767556190491
FRAG_NEG_trNEGATIVE48116_13_7,0.0847269743680954
FRAG_NEG_trNEGATIVE75864_36_7,0.1801377534866333
FRAG_NEG_trNEGATIVE38254_45_7,0.03453610837459564
FRAG_NEG_trNEGATIVE76115_25_7,0.20509745180606842
FRAG_NEG_trNEGATIVE44980_19_7,0.021259920671582222
FRAG_NEG_trNEGATIVE90062_8_7,0.0338079109787941
FRAG_NEG_trNEGATIVE48937_33_7,0.06095056235790253
NEG_trNEGATIVE95141,0.07840894907712936
FRAG_NEG_trNEGATIVE62744_66_7,0.04377412796020508
FRAG_NEG_trNEGATIVE30341_36_7,0.5906924605369568
FRAG_NEG_trNEGATIVE85974_31_7,0.04906661435961723
FRAG_NEG_trNEGATIVE80654_2_7,0.06045050546526909
FRAG_NEG_trNEGATIVE93174_15_7,0.0329679436981678
FRAG_NEG_trNEGATIVE39535_67_7,0.28070059418678284
FRAG_NEG_trNEGATIVE88024_8_7,0.5449303388595581
FRAG_NEG_trNEGATIVE31502_25_7,0.13684311509132385
FRAG_NEG_trNEGATIVE45182_24_7,0.06475654989480972
FRAG_NEG_trNEGATIVE96505_71_7,0.06104534491896629
FRAG_NEG_trNEGATIVE52240_34_7,0.07211022824048996
FRAG_NEG_trNEGATIVE49141_11_7,0.8343508839607239
FRAG_NEG_trNEGATIVE47118_25_7,0.03208838030695915
FRAG_NEG_trNEGATIVE52335_11_7,0.1529819816350937
FRAG_NEG_trNEGATIVE70799_82_7,0.013303098268806934
FRAG_NEG_trNEGATIVE92287_17_7,0.34235286712646484
FRAG_NEG_trNEGATIVE95145_83_7,0.04880639538168907
FRAG_NEG_trNEGATIVE66231_18_7,0.2571805715560913
FRAG_NEG_trNEGATIVE67849_54_7,0.032227739691734314
FRAG_NEG_trNEGATIVE44859_50_7,0.04438621550798416
FRAG_NEG_trNEGATIVE61810_24_7,0.04554266482591629
FRAG_NEG_trNEGATIVE93986_28_7,0.06515594571828842
FRAG_NEG_trNEGATIVE80147_16_7,0.0774247869849205
FRAG_NEG_trNEGATIVE45233_19_7,0.16501758992671967
FRAG_NEG_trNEGATIVE33993_9_7,0.04274021089076996
FRAG_NEG_trNEGATIVE79963_43_7,0.20985685288906097
FRAG_NEG_trNEGATIVE69126_63_7,0.015720780938863754
FRAG_NEG_trNEGATIVE90851_37_7,0.04231935366988182
FRAG_NEG_trNEGATIVE54933_42_7,0.09249919652938843
FRAG_NEG_trNEGATIVE49274_10_7,0.2960464060306549
FRAG_NEG_trNEGATIVE29883_73_7,0.07677596062421799
FRAG_NEG_trNEGATIVE88487_4_7,0.5595383644104004
FRAG_NEG_trNEGATIVE59367_59_7,0.024488043040037155
FRAG_NEG_trNEGATIVE82168_0_7,0.10450781881809235
FRAG_NEG_trNEGATIVE41912_54_7,0.049582142382860184
FRAG_NEG_trNEGATIVE63123_25_7,0.12423177808523178
FRAG_NEG_trNEGATIVE91063_7_7,0.05238381400704384
FRAG_NEG_trNEGATIVE92854_22_7,0.04633094370365143
FRAG_NEG_trNEGATIVE86565_25_7,0.028044214472174644
FRAG_NEG_trNEGATIVE46990_4_7,0.034489136189222336
FRAG_NEG_trNEGATIVE81833_12_7,0.04607830569148064
FRAG_NEG_trNEGATIVE41420_39_7,0.06912124156951904
FRAG_NEG_trNEGATIVE84570_27_7,0.3575435280799866
FRAG_NEG_trNEGATIVE48209_6_7,0.15695318579673767
FRAG_NEG_trNEGATIVE39843_65_7,0.036228813230991364
FRAG_NEG_trNEGATIVE83237_27_7,0.22223031520843506
NEG_trNEGATIVE35087,0.18686151504516602
FRAG_NEG_trNEGATIVE82153_57_7,0.22007881104946136
FRAG_NEG_trNEGATIVE56828_27_7,0.08075251430273056
FRAG_NEG_trNEGATIVE54857_12_7,0.1615050733089447
FRAG_NEG_trNEGATIVE50504_83_7,0.07501652836799622
FRAG_NEG_trNEGATIVE75528_10_7,0.6342572569847107
FRAG_NEG_trNEGATIVE36338_1_7,0.0352373868227005
FRAG_NEG_trNEGATIVE33183_60_7,0.040129344910383224
FRAG_NEG_trNEGATIVE37172_54_7,0.36224794387817383
FRAG_NEG_trNEGATIVE83523_29_7,0.04258301109075546
FRAG_NEG_trNEGATIVE70990_9_7,0.02464410290122032
FRAG_NEG_trNEGATIVE58907_14_7,0.2287701964378357
FRAG_NEG_trNEGATIVE40060_63_7,0.023028235882520676
FRAG_NEG_trNEGATIVE83601_6_7,0.09141958504915237
FRAG_NEG_trNEGATIVE64605_14_7,0.22183860838413239
FRAG_NEG_trNEGATIVE67065_1_7,0.09655484557151794
FRAG_NEG_trNEGATIVE88066_37_7,0.2325287163257599
FRAG_NEG_trNEGATIVE53868_76_7,0.14752058684825897
FRAG_NEG_trNEGATIVE42895_23_7,0.020997967571020126
FRAG_NEG_trNEGATIVE56379_79_7,0.027967942878603935
FRAG_NEG_trNEGATIVE42733_21_7,0.16184672713279724
FRAG_NEG_trNEGATIVE59021_26_7,0.4622611403465271
FRAG_NEG_trNEGATIVE31903_54_7,0.07709908485412598
FRAG_NEG_trNEGATIVE39874_32_7,0.08805219829082489
FRAG_NEG_trNEGATIVE95793_74_7,0.14099180698394775
FRAG_NEG_trNEGATIVE31023_26_7,0.4239408075809479
FRAG_NEG_trNEGATIVE48317_51_7,0.09420862048864365
FRAG_NEG_trNEGATIVE50634_37_7,0.248334139585495
FRAG_NEG_trNEGATIVE75853_2_7,0.1061134859919548
FRAG_NEG_trNEGATIVE79490_16_7,0.114053875207901
FRAG_NEG_trNEGATIVE42319_50_7,0.05335037410259247
NEG_teNEGATIVE06561,0.1075611561536789
FRAG_NEG_trNEGATIVE65057_20_7,0.03816849738359451
FRAG_NEG_trNEGATIVE84205_37_7,0.03605709224939346
FRAG_NEG_trNEGATIVE67572_57_7,0.16033536195755005
FRAG_NEG_trNEGATIVE74378_26_7,0.08799296617507935
FRAG_NEG_trNEGATIVE90468_1_7,0.0628865510225296
FRAG_NEG_trNEGATIVE67517_2_7,0.12451066821813583
FRAG_NEG_trNEGATIVE87505_17_7,0.793403148651123
FRAG_NEG_trNEGATIVE82165_67_7,0.023157693445682526
FRAG_NEG_trNEGATIVE55888_13_7,0.07352092117071152
FRAG_NEG_trNEGATIVE86452_22_7,0.3109097480773926
FRAG_NEG_trNEGATIVE67822_60_7,0.05624484643340111
NEG_trNEGATIVE88431,0.018616164103150368
FRAG_NEG_trNEGATIVE64314_14_7,0.4992668032646179
NEG_teNEGATIVE01716,0.28132832050323486
FRAG_NEG_trNEGATIVE79768_19_7,0.040598489344120026
NEG_trNEGATIVE42582,0.7134698033332825
FRAG_NEG_trNEGATIVE28057_10_7,0.08425978571176529
FRAG_NEG_trNEGATIVE32565_11_7,0.1089811772108078
FRAG_NEG_trNEGATIVE28970_26_7,0.023745985701680183
FRAG_NEG_trNEGATIVE56964_23_7,0.10397087782621384
FRAG_NEG_trNEGATIVE37877_7_7,0.08216670155525208
FRAG_NEG_trNEGATIVE44775_5_7,0.02019442990422249
FRAG_NEG_trNEGATIVE76458_20_7,0.2356194704771042
FRAG_NEG_trNEGATIVE96629_21_7,0.0651886910200119
FRAG_NEG_trNEGATIVE95098_63_7,0.028343426063656807
FRAG_NEG_trNEGATIVE97032_31_7,0.047688379883766174
FRAG_NEG_trNEGATIVE53120_42_7,0.14863047003746033
FRAG_NEG_trNEGATIVE48879_22_7,0.03263942897319794
FRAG_NEG_trNEGATIVE63131_62_7,0.0336608812212944
FRAG_NEG_trNEGATIVE82744_30_7,0.4728880822658539
FRAG_NEG_trNEGATIVE28970_32_7,0.54879230260849
FRAG_NEG_trNEGATIVE60816_21_7,0.04183017835021019
FRAG_NEG_trNEGATIVE77715_4_7,0.15466374158859253
FRAG_NEG_trNEGATIVE43896_10_7,0.0723726749420166
FRAG_NEG_trNEGATIVE60072_52_7,0.17401444911956787
FRAG_NEG_trNEGATIVE87845_29_7,0.19372978806495667
FRAG_NEG_trNEGATIVE82744_12_7,0.03561696782708168
FRAG_NEG_trNEGATIVE65951_4_7,0.14233696460723877
FRAG_NEG_trNEGATIVE64974_14_7,0.37865304946899414
FRAG_NEG_trNEGATIVE38294_57_7,0.07171615958213806
FRAG_NEG_trNEGATIVE89608_70_7,0.1406971514225006
FRAG_NEG_trNEGATIVE40100_51_7,0.02075444906949997
FRAG_NEG_trNEGATIVE57314_39_7,0.020861893892288208
FRAG_NEG_trNEGATIVE37914_68_7,0.1430204212665558
FRAG_NEG_trNEGATIVE47062_3_7,0.026258086785674095
FRAG_NEG_trNEGATIVE52836_49_7,0.1471671462059021
FRAG_NEG_trNEGATIVE29991_9_7,0.08506778627634048
FRAG_NEG_trNEGATIVE67852_24_7,0.15029999613761902
FRAG_NEG_trNEGATIVE54793_29_7,0.017383767291903496
FRAG_NEG_trNEGATIVE52292_36_7,0.02718847617506981
FRAG_NEG_trNEGATIVE33994_15_7,0.10836397856473923
FRAG_NEG_trNEGATIVE49141_18_7,0.014557555317878723
FRAG_NEG_trNEGATIVE51461_81_7,0.05763116478919983
FRAG_NEG_trNEGATIVE75605_44_7,0.07892333716154099
FRAG_NEG_trNEGATIVE50740_59_7,0.49946269392967224
FRAG_NEG_trNEGATIVE67399_43_7,0.5255235433578491
FRAG_NEG_trNEGATIVE53204_58_7,0.6169906258583069
FRAG_NEG_trNEGATIVE43631_51_7,0.487087607383728
FRAG_NEG_trNEGATIVE62766_87_7,0.19845159351825714
FRAG_NEG_trNEGATIVE71697_3_7,0.015495680272579193
FRAG_NEG_trNEGATIVE67839_9_7,0.018708134070038795
NEG_teNEGATIVE13728,0.14199140667915344
FRAG_NEG_trNEGATIVE91227_20_7,0.025705834850668907
FRAG_NEG_trNEGATIVE33472_21_7,0.15161161124706268
FRAG_NEG_trNEGATIVE43416_10_7,0.01716924086213112
FRAG_NEG_trNEGATIVE93768_33_7,0.02541549876332283
FRAG_NEG_trNEGATIVE92478_10_7,0.0349082387983799
FRAG_NEG_trNEGATIVE51003_39_7,0.21461854875087738
FRAG_NEG_trNEGATIVE66322_14_7,0.015139365568757057
FRAG_NEG_trNEGATIVE91703_78_7,0.05259497091174126
FRAG_NEG_trNEGATIVE92426_45_7,0.928606390953064
FRAG_NEG_trNEGATIVE33993_24_7,0.03141384199261665
FRAG_NEG_trNEGATIVE59129_6_7,0.03827821463346481
FRAG_NEG_trNEGATIVE36834_0_7,0.1892615705728531
FRAG_NEG_trNEGATIVE47499_32_7,0.03698461502790451
FRAG_NEG_trNEGATIVE51253_13_7,0.22046662867069244
NEG_trNEGATIVE74130,0.06814391911029816
FRAG_NEG_trNEGATIVE97179_31_7,0.05400686338543892
FRAG_NEG_trNEGATIVE54726_50_7,0.4721006751060486
FRAG_NEG_trNEGATIVE33701_62_7,0.06822799891233444
FRAG_NEG_trNEGATIVE95270_55_7,0.01769086718559265
FRAG_NEG_trNEGATIVE35127_18_7,0.0301883015781641
FRAG_NEG_trNEGATIVE38253_60_7,0.04231603443622589
FRAG_NEG_trNEGATIVE81501_36_7,0.13131295144557953
FRAG_NEG_trNEGATIVE55352_53_7,0.017924293875694275
FRAG_NEG_trNEGATIVE66639_20_7,0.30887213349342346
FRAG_NEG_trNEGATIVE73464_14_7,0.03377396985888481
FRAG_NEG_trNEGATIVE28162_58_7,0.02470053732395172
FRAG_NEG_trNEGATIVE87589_16_7,0.10513408482074738
FRAG_NEG_trNEGATIVE43654_39_7,0.09463134407997131
FRAG_NEG_trNEGATIVE85417_13_7,0.020984863862395287
FRAG_NEG_trNEGATIVE35612_25_7,0.24189597368240356
FRAG_NEG_trNEGATIVE45217_24_7,0.3032246530056
FRAG_NEG_trNEGATIVE63573_3_7,0.6801258325576782
FRAG_NEG_trNEGATIVE37162_44_7,0.0932125598192215
FRAG_NEG_trNEGATIVE76091_27_7,0.037071045488119125
FRAG_NEG_trNEGATIVE94732_41_7,0.08427120745182037
FRAG_NEG_trNEGATIVE38371_1_7,0.18878674507141113
FRAG_NEG_trNEGATIVE95503_9_7,0.0535777322947979
FRAG_NEG_trNEGATIVE54301_29_7,0.029766792431473732
FRAG_NEG_trNEGATIVE96554_43_7,0.04334164038300514
FRAG_NEG_trNEGATIVE86959_4_7,0.014329781755805016
FRAG_NEG_trNEGATIVE81097_13_7,0.06803413480520248
FRAG_NEG_trNEGATIVE37909_11_7,0.05534431338310242
FRAG_NEG_trNEGATIVE77035_37_7,0.06943722069263458
FRAG_NEG_trNEGATIVE90289_63_7,0.035819388926029205
FRAG_NEG_trNEGATIVE38378_5_7,0.12102112174034119
FRAG_NEG_trNEGATIVE30369_2_7,0.09818948805332184
FRAG_NEG_trNEGATIVE54615_67_7,0.024099193513393402
FRAG_NEG_trNEGATIVE35669_0_7,0.036022868007421494
FRAG_NEG_trNEGATIVE53064_15_7,0.262422114610672
FRAG_NEG_trNEGATIVE94451_41_7,0.1426296830177307
FRAG_NEG_trNEGATIVE60767_71_7,0.4191439151763916
FRAG_NEG_trNEGATIVE81255_23_7,0.2577427327632904
FRAG_NEG_trNEGATIVE36801_34_7,0.1486026495695114
FRAG_NEG_trNEGATIVE80784_52_7,0.6063961386680603
FRAG_NEG_trNEGATIVE54542_15_7,0.041720256209373474
FRAG_NEG_trNEGATIVE58710_45_7,0.05948183313012123
FRAG_NEG_trNEGATIVE29760_43_7,0.025347616523504257
FRAG_NEG_trNEGATIVE86238_20_7,0.10619427263736725
FRAG_NEG_trNEGATIVE92087_37_7,0.026355499401688576
FRAG_NEG_trNEGATIVE84260_10_7,0.10294478386640549
FRAG_NEG_trNEGATIVE95917_9_7,0.04649484157562256
FRAG_NEG_trNEGATIVE96370_22_7,0.07839943468570709
FRAG_NEG_trNEGATIVE62765_62_7,0.019721636548638344
FRAG_NEG_trNEGATIVE86402_70_7,0.027925856411457062
FRAG_NEG_trNEGATIVE75261_42_7,0.17656868696212769
FRAG_NEG_trNEGATIVE47068_29_7,0.09263572096824646
FRAG_NEG_trNEGATIVE69214_3_7,0.1868790239095688
FRAG_NEG_trNEGATIVE66231_38_7,0.19755668938159943
FRAG_NEG_trNEGATIVE45995_12_7,0.22529608011245728
FRAG_NEG_trNEGATIVE36857_29_7,0.032123763114213943
FRAG_NEG_trNEGATIVE78345_33_7,0.0577540323138237
FRAG_NEG_trNEGATIVE40505_48_7,0.050059184432029724
FRAG_NEG_trNEGATIVE30776_44_7,0.06521954387426376
FRAG_NEG_trNEGATIVE88773_41_7,0.0883055180311203
FRAG_NEG_trNEGATIVE28222_20_7,0.29709893465042114
FRAG_NEG_trNEGATIVE73239_8_7,0.09597963094711304
FRAG_NEG_trNEGATIVE56576_18_7,0.24609540402889252
FRAG_NEG_trNEGATIVE44480_39_7,0.019464654847979546
FRAG_NEG_trNEGATIVE64188_34_7,0.07573632150888443
FRAG_NEG_trNEGATIVE56456_14_7,0.1026700958609581
FRAG_NEG_trNEGATIVE94228_29_7,0.025087013840675354
FRAG_NEG_trNEGATIVE29659_70_7,0.3325320780277252
FRAG_NEG_trNEGATIVE42110_30_7,0.08428458869457245
FRAG_NEG_trNEGATIVE80544_28_7,0.027559896931052208
FRAG_NEG_trNEGATIVE46050_42_7,0.3201175332069397
FRAG_NEG_trNEGATIVE78787_9_7,0.031521156430244446
FRAG_NEG_trNEGATIVE43208_13_7,0.04193779453635216
FRAG_NEG_trNEGATIVE80251_20_7,0.0314604789018631
FRAG_NEG_trNEGATIVE48830_25_7,0.4654541611671448
FRAG_NEG_trNEGATIVE58174_1_7,0.023246457800269127
FRAG_NEG_trNEGATIVE32251_6_7,0.054089710116386414
FRAG_NEG_trNEGATIVE46989_64_7,0.26416173577308655
FRAG_NEG_trNEGATIVE41832_46_7,0.5312028527259827
FRAG_NEG_trNEGATIVE94323_53_7,0.06724125146865845
FRAG_NEG_trNEGATIVE35098_84_7,0.1078665480017662
FRAG_NEG_trNEGATIVE71402_70_7,0.08480013906955719
FRAG_NEG_trNEGATIVE93250_53_7,0.022608743980526924
FRAG_NEG_trNEGATIVE83637_48_7,0.0561969056725502
FRAG_NEG_trNEGATIVE35239_37_7,0.02007344365119934
FRAG_NEG_trNEGATIVE55418_68_7,0.10133329033851624
FRAG_NEG_trNEGATIVE89542_23_7,0.17447052896022797
FRAG_NEG_trNEGATIVE89878_87_7,0.0546705387532711
FRAG_NEG_trNEGATIVE74524_2_7,0.07715874165296555
FRAG_NEG_trNEGATIVE58863_23_7,0.01985614188015461
FRAG_NEG_trNEGATIVE69358_19_7,0.0599031038582325
FRAG_NEG_trNEGATIVE71402_3_7,0.09537941217422485
NEG_trNEGATIVE90418,0.07664822041988373
FRAG_NEG_trNEGATIVE46140_17_7,0.06220867857336998
FRAG_NEG_trNEGATIVE52667_46_7,0.04579761624336243
FRAG_NEG_trNEGATIVE84542_38_7,0.07081682980060577
FRAG_NEG_trNEGATIVE30198_23_7,0.2809411585330963
FRAG_NEG_trNEGATIVE77263_26_7,0.15959306061267853
FRAG_NEG_trNEGATIVE71295_61_7,0.05501987412571907
FRAG_NEG_trNEGATIVE59937_35_7,0.028956573456525803
FRAG_NEG_trNEGATIVE33484_12_7,0.04272757098078728
FRAG_NEG_trNEGATIVE75479_51_7,0.031230637803673744
FRAG_NEG_trNEGATIVE60036_14_7,0.038778290152549744
FRAG_NEG_trNEGATIVE62497_46_7,0.034503255039453506
FRAG_NEG_trNEGATIVE35454_12_7,0.08051177114248276
FRAG_NEG_trNEGATIVE92625_68_7,0.10958629846572876
FRAG_NEG_trNEGATIVE80668_17_7,0.22901025414466858
FRAG_NEG_trNEGATIVE76826_18_7,0.2827138304710388
FRAG_NEG_trNEGATIVE68402_53_7,0.025115175172686577
FRAG_NEG_trNEGATIVE61136_18_7,0.47805583477020264
FRAG_NEG_trNEGATIVE82630_22_7,0.06529517471790314
FRAG_NEG_trNEGATIVE59224_29_7,0.13943611085414886
FRAG_NEG_trNEGATIVE67754_37_7,0.0767412930727005
FRAG_NEG_trNEGATIVE29291_29_7,0.051971226930618286
FRAG_NEG_trNEGATIVE71826_48_7,0.04116145148873329
FRAG_NEG_trNEGATIVE53186_49_7,0.060064222663640976
FRAG_NEG_trNEGATIVE95711_29_7,0.08812731504440308
FRAG_NEG_trNEGATIVE69507_34_7,0.028811240568757057
FRAG_NEG_trNEGATIVE62885_71_7,0.04584402218461037
FRAG_NEG_trNEGATIVE58128_68_7,0.39543238282203674
FRAG_NEG_trNEGATIVE69116_66_7,0.07949531078338623
FRAG_NEG_trNEGATIVE87684_80_7,0.0565917007625103
FRAG_NEG_trNEGATIVE68937_48_7,0.10751297324895859
FRAG_NEG_trNEGATIVE48592_0_7,0.3712056279182434
FRAG_NEG_trNEGATIVE45970_30_7,0.05394298583269119
FRAG_NEG_trNEGATIVE73825_50_7,0.13116146624088287
FRAG_NEG_trNEGATIVE42620_1_7,0.032915834337472916
FRAG_NEG_trNEGATIVE44184_19_7,0.06277086585760117
FRAG_NEG_trNEGATIVE32828_22_7,0.0242590494453907
FRAG_NEG_trNEGATIVE34527_4_7,0.5851930975914001
FRAG_NEG_trNEGATIVE74867_33_7,0.12102362513542175
FRAG_NEG_trNEGATIVE62607_27_7,0.26292428374290466
FRAG_NEG_trNEGATIVE45535_11_7,0.0730305016040802
FRAG_NEG_trNEGATIVE74632_23_7,0.020652281120419502
FRAG_NEG_trNEGATIVE89767_32_7,0.03549845889210701
FRAG_NEG_trNEGATIVE61306_5_7,0.04118412360548973
FRAG_NEG_trNEGATIVE63428_59_7,0.06069505214691162
FRAG_NEG_trNEGATIVE61764_31_7,0.018338562920689583
FRAG_NEG_trNEGATIVE44113_56_7,0.19056808948516846
FRAG_NEG_trNEGATIVE77701_10_7,0.03420095518231392
FRAG_NEG_trNEGATIVE32110_19_7,0.0494186170399189
FRAG_NEG_trNEGATIVE68906_1_7,0.0581851489841938
NEG_teNEGATIVE07492,0.4289569556713104
FRAG_NEG_trNEGATIVE77980_28_7,0.032375264912843704
FRAG_NEG_trNEGATIVE75594_30_7,0.07900412380695343
FRAG_NEG_trNEGATIVE38368_74_7,0.2370978593826294
FRAG_NEG_trNEGATIVE39346_4_7,0.0625724270939827
FRAG_NEG_trNEGATIVE54144_20_7,0.046172041445970535
FRAG_NEG_trNEGATIVE55593_44_7,0.3934880495071411
FRAG_NEG_trNEGATIVE63164_12_7,0.07515465468168259
FRAG_NEG_trNEGATIVE85788_10_7,0.06509435176849365
FRAG_NEG_trNEGATIVE41656_80_7,0.6236535310745239
FRAG_NEG_trNEGATIVE70479_12_7,0.11075615882873535
FRAG_NEG_trNEGATIVE61755_36_7,0.024745671078562737
FRAG_NEG_trNEGATIVE88698_36_7,0.37015578150749207
FRAG_NEG_trNEGATIVE94663_18_7,0.018527453765273094
FRAG_NEG_trNEGATIVE69390_30_7,0.03568650037050247
FRAG_NEG_trNEGATIVE88762_65_7,0.01811007782816887
FRAG_NEG_trNEGATIVE50788_41_7,0.17983373999595642
NEG_trNEGATIVE74692,0.018894996494054794
FRAG_NEG_trNEGATIVE44293_27_7,0.26318028569221497
FRAG_NEG_trNEGATIVE43717_42_7,0.41348057985305786
FRAG_NEG_trNEGATIVE75818_78_7,0.07147587090730667
FRAG_NEG_trNEGATIVE67480_35_7,0.022395597770810127
FRAG_NEG_trNEGATIVE57924_51_7,0.11277160048484802
FRAG_NEG_trNEGATIVE48369_58_7,0.09727990627288818
FRAG_NEG_trNEGATIVE82509_31_7,0.14534755051136017
FRAG_NEG_trNEGATIVE92980_55_7,0.02969455160200596
FRAG_NEG_trNEGATIVE36014_29_7,0.0436568558216095
FRAG_NEG_trNEGATIVE46070_82_7,0.015012921765446663
FRAG_NEG_trNEGATIVE78102_3_7,0.14644061028957367
FRAG_NEG_trNEGATIVE95644_6_7,0.2827828526496887
NEG_teNEGATIVE10824,0.058041512966156006
FRAG_NEG_trNEGATIVE73750_56_7,0.16953039169311523
FRAG_NEG_trNEGATIVE79002_12_7,0.04561324045062065
FRAG_NEG_trNEGATIVE46347_56_7,0.03290385752916336
FRAG_NEG_trNEGATIVE34681_9_7,0.29504281282424927
FRAG_NEG_trNEGATIVE76556_43_8,0.016413435339927673
FRAG_NEG_trNEGATIVE81808_38_8,0.11415483057498932
FRAG_NEG_trNEGATIVE74785_34_8,0.12396770715713501
FRAG_NEG_trNEGATIVE44861_29_8,0.05144457891583443
FRAG_NEG_trNEGATIVE88124_13_8,0.09347356110811234
NEG_trNEGATIVE87945,0.08972609043121338
FRAG_NEG_trNEGATIVE95615_52_8,0.9314470887184143
FRAG_NEG_trNEGATIVE71374_31_8,0.12062964588403702
FRAG_NEG_trNEGATIVE48428_45_8,0.6211645007133484
FRAG_NEG_trNEGATIVE93408_11_8,0.0639965757727623
FRAG_NEG_trNEGATIVE46005_32_8,0.10961799323558807
FRAG_NEG_trNEGATIVE55408_70_8,0.2613602578639984
NEG_teNEGATIVE02500,0.16863836348056793
NEG_teNEGATIVE11556,0.05912761390209198
FRAG_NEG_trNEGATIVE53165_15_8,0.015202391892671585
FRAG_NEG_trNEGATIVE60820_14_8,0.11804220825433731
FRAG_NEG_trNEGATIVE68025_46_8,0.06202444061636925
FRAG_NEG_trNEGATIVE84995_64_8,0.35520464181900024
FRAG_NEG_trNEGATIVE41236_68_8,0.044722042977809906
FRAG_NEG_trNEGATIVE81415_4_8,0.026419786736369133
FRAG_NEG_trNEGATIVE38069_49_8,0.04062354192137718
FRAG_NEG_trNEGATIVE49285_1_8,0.09845855087041855
NEG_trNEGATIVE96243,0.07086000591516495
FRAG_NEG_trNEGATIVE84418_64_8,0.06827332824468613
FRAG_NEG_trNEGATIVE66179_69_8,0.09792564064264297
FRAG_NEG_trNEGATIVE42430_22_8,0.3003831207752228
FRAG_NEG_trNEGATIVE88946_8_8,0.03590996935963631
FRAG_NEG_trNEGATIVE41493_9_8,0.40482330322265625
FRAG_NEG_trNEGATIVE69738_63_8,0.19617968797683716
FRAG_NEG_trNEGATIVE92779_32_8,0.0714179202914238
FRAG_NEG_trNEGATIVE78009_7_8,0.5468606352806091
FRAG_NEG_trNEGATIVE37826_12_8,0.09232944995164871
FRAG_NEG_trNEGATIVE81515_40_8,0.054616399109363556
NEG_trNEGATIVE70692,0.02280445769429207
FRAG_NEG_trNEGATIVE59725_65_8,0.3618408441543579
FRAG_NEG_trNEGATIVE39346_19_8,0.07891716808080673
FRAG_NEG_trNEGATIVE44914_39_8,0.1349569857120514
FRAG_NEG_trNEGATIVE89125_40_8,0.7547783255577087
FRAG_NEG_trNEGATIVE84712_10_8,0.093569315969944
NEG_teNEGATIVE12720,0.329590380191803
FRAG_NEG_trNEGATIVE39877_24_8,0.13830994069576263
NEG_trNEGATIVE81474,0.1376354992389679
FRAG_NEG_trNEGATIVE29127_4_8,0.7320094704627991
NEG_trNEGATIVE91863,0.17160339653491974
FRAG_NEG_trNEGATIVE91027_31_8,0.18942804634571075
NEG_teNEGATIVE20270,0.039970237761735916
NEG_trNEGATIVE88593,0.042680270969867706
FRAG_NEG_trNEGATIVE93102_6_8,0.23166605830192566
NEG_teNEGATIVE18425,0.06007905676960945
FRAG_NEG_trNEGATIVE60312_56_8,0.032358311116695404
FRAG_NEG_trNEGATIVE83887_21_8,0.7877163290977478
FRAG_NEG_trNEGATIVE92304_22_8,0.04057833179831505
FRAG_NEG_trNEGATIVE54602_28_8,0.07177677750587463
FRAG_NEG_trNEGATIVE41515_19_8,0.08328563719987869
FRAG_NEG_trNEGATIVE92335_18_8,0.08610756695270538
FRAG_NEG_trNEGATIVE78327_18_8,0.018134426325559616
NEG_trNEGATIVE93266,0.10052085667848587
FRAG_NEG_trNEGATIVE85088_22_8,0.01759410835802555
FRAG_NEG_trNEGATIVE74300_45_8,0.20246663689613342
FRAG_NEG_trNEGATIVE56009_37_8,0.0942404717206955
FRAG_NEG_trNEGATIVE32555_41_8,0.024502092972397804
FRAG_NEG_trNEGATIVE30708_73_8,0.10048563778400421
NEG_trNEGATIVE86980,0.04557114467024803
FRAG_NEG_trNEGATIVE69136_17_8,0.1241052970290184
FRAG_NEG_trNEGATIVE30330_3_8,0.01601492613554001
FRAG_NEG_trNEGATIVE39489_20_8,0.3119978904724121
FRAG_NEG_trNEGATIVE46025_23_8,0.12046858668327332
NEG_trNEGATIVE59968,0.14793427288532257
FRAG_NEG_trNEGATIVE75839_87_8,0.05538186803460121
FRAG_NEG_trNEGATIVE40682_5_8,0.19875496625900269
FRAG_NEG_trNEGATIVE34252_5_8,0.030455410480499268
FRAG_NEG_trNEGATIVE33817_44_8,0.16159242391586304
FRAG_NEG_trNEGATIVE97530_59_8,0.03549451008439064
FRAG_NEG_trNEGATIVE48830_22_8,0.1804388016462326
FRAG_NEG_trNEGATIVE49572_53_8,0.02749539725482464
FRAG_NEG_trNEGATIVE29383_1_8,0.38292157649993896
FRAG_NEG_trNEGATIVE40889_1_8,0.08174517005681992
NEG_trNEGATIVE77931,0.5677682757377625
FRAG_NEG_trNEGATIVE60097_63_8,0.05678170174360275
FRAG_NEG_trNEGATIVE75792_83_8,0.02520030550658703
FRAG_NEG_trNEGATIVE58726_20_8,0.05927421897649765
FRAG_NEG_trNEGATIVE53375_25_8,0.5301322340965271
FRAG_NEG_trNEGATIVE39288_43_8,0.2652861475944519
FRAG_NEG_trNEGATIVE82442_26_8,0.11132904142141342
FRAG_NEG_trNEGATIVE89818_33_8,0.3262760043144226
FRAG_NEG_trNEGATIVE82632_21_8,0.4030972421169281
FRAG_NEG_trNEGATIVE82367_34_8,0.020211463794112206
FRAG_NEG_trNEGATIVE43992_12_8,0.02736736088991165
FRAG_NEG_trNEGATIVE80787_24_8,0.05320950970053673
FRAG_NEG_trNEGATIVE61405_39_8,0.033836014568805695
FRAG_NEG_trNEGATIVE47349_31_8,0.019452376291155815
FRAG_NEG_trNEGATIVE42506_14_8,0.518692672252655
FRAG_NEG_trNEGATIVE78658_55_8,0.026060517877340317
FRAG_NEG_trNEGATIVE44857_26_8,0.22885502874851227
NEG_trNEGATIVE47865,0.09493707865476608
FRAG_NEG_trNEGATIVE85381_18_8,0.04666617885231972
FRAG_NEG_trNEGATIVE51362_35_8,0.18237173557281494
FRAG_NEG_trNEGATIVE39632_14_8,0.1565818041563034
FRAG_NEG_trNEGATIVE53926_31_8,0.03796574845910072
FRAG_NEG_trNEGATIVE86962_36_8,0.2120751589536667
FRAG_NEG_trNEGATIVE55956_13_8,0.3055777847766876
FRAG_NEG_trNEGATIVE48777_11_8,0.1836346983909607
FRAG_NEG_trNEGATIVE82075_19_8,0.08989857882261276
FRAG_NEG_trNEGATIVE92955_17_8,0.05132519081234932
FRAG_NEG_trNEGATIVE55038_18_8,0.3595205843448639
FRAG_NEG_trNEGATIVE57471_0_8,0.10377334803342819
FRAG_NEG_trNEGATIVE83608_58_8,0.014826277270913124
FRAG_NEG_trNEGATIVE45658_33_8,0.22171850502490997
FRAG_NEG_trNEGATIVE55617_5_8,0.024725373834371567
FRAG_NEG_trNEGATIVE66355_54_8,0.023436881601810455
FRAG_NEG_trNEGATIVE32194_22_8,0.06544199585914612
FRAG_NEG_trNEGATIVE85395_20_8,0.10618963092565536
FRAG_NEG_trNEGATIVE27820_17_8,0.13858208060264587
FRAG_NEG_trNEGATIVE87812_3_8,0.07713724672794342
FRAG_NEG_trNEGATIVE35680_25_8,0.029319604858756065
FRAG_NEG_trNEGATIVE73663_8_8,0.028953563421964645
FRAG_NEG_trNEGATIVE65645_31_8,0.031251195818185806
FRAG_NEG_trNEGATIVE80640_58_8,0.2800566852092743
NEG_teNEGATIVE23883,0.02508191205561161
FRAG_NEG_trNEGATIVE63556_48_8,0.6497741341590881
FRAG_NEG_trNEGATIVE51892_40_8,0.13766181468963623
NEG_teNEGATIVE22521,0.01764531433582306
FRAG_NEG_trNEGATIVE81501_42_8,0.033588480204343796
FRAG_NEG_trNEGATIVE97143_62_8,0.033252932131290436
FRAG_NEG_trNEGATIVE42872_62_8,0.08396095782518387
FRAG_NEG_trNEGATIVE47649_47_8,0.05621637776494026
FRAG_NEG_trNEGATIVE95322_69_8,0.09317858517169952
FRAG_NEG_trNEGATIVE39801_4_8,0.03634707257151604
FRAG_NEG_trNEGATIVE65942_16_8,0.52449631690979
FRAG_NEG_trNEGATIVE85381_3_8,0.5234503149986267
FRAG_NEG_trNEGATIVE66876_7_8,0.6690396070480347
FRAG_NEG_trNEGATIVE68337_11_8,0.07099875807762146
FRAG_NEG_trNEGATIVE89832_17_8,0.24845224618911743
NEG_trNEGATIVE44854,0.06416124105453491
FRAG_NEG_trNEGATIVE35400_5_8,0.025089386850595474
FRAG_NEG_trNEGATIVE38842_17_8,0.03271854296326637
FRAG_NEG_trNEGATIVE54224_41_8,0.09943754971027374
FRAG_NEG_trNEGATIVE97386_50_8,0.060972560197114944
FRAG_NEG_trNEGATIVE57629_13_8,0.11229611933231354
FRAG_NEG_trNEGATIVE68028_44_8,0.2504616677761078
FRAG_NEG_trNEGATIVE41723_45_8,0.8984599113464355
NEG_trNEGATIVE56371,0.042072247713804245
FRAG_NEG_trNEGATIVE43149_76_8,0.09129100292921066
FRAG_NEG_trNEGATIVE41707_35_8,0.058055341243743896
FRAG_NEG_trNEGATIVE54011_30_8,0.055732857435941696
NEG_trNEGATIVE72481,0.05454585328698158
FRAG_NEG_trNEGATIVE67402_25_8,0.06678370386362076
FRAG_NEG_trNEGATIVE77271_62_8,0.08714798837900162
FRAG_NEG_trNEGATIVE63078_27_8,0.06043403968214989
FRAG_NEG_trNEGATIVE37824_22_8,0.16627992689609528
FRAG_NEG_trNEGATIVE67587_52_8,0.8586474061012268
FRAG_NEG_trNEGATIVE71329_30_8,0.3071208596229553
FRAG_NEG_trNEGATIVE44480_12_8,0.20066940784454346
FRAG_NEG_trNEGATIVE28350_41_8,0.028973296284675598
FRAG_NEG_trNEGATIVE90804_8_8,0.027805812656879425
FRAG_NEG_trNEGATIVE82944_55_8,0.11486553400754929
NEG_trNEGATIVE34956,0.33979472517967224
FRAG_NEG_trNEGATIVE42257_25_8,0.0487719289958477
FRAG_NEG_trNEGATIVE73006_28_8,0.4870538115501404
FRAG_NEG_trNEGATIVE30454_21_8,0.025110062211751938
FRAG_NEG_trNEGATIVE38692_33_8,0.03429534658789635
FRAG_NEG_trNEGATIVE36239_24_8,0.018987685441970825
FRAG_NEG_trNEGATIVE91471_32_8,0.014890491031110287
FRAG_NEG_trNEGATIVE84087_36_8,0.10714714229106903
FRAG_NEG_trNEGATIVE96554_48_8,0.05910322815179825
FRAG_NEG_trNEGATIVE54945_42_8,0.023938801139593124
FRAG_NEG_trNEGATIVE46929_12_8,0.07110118865966797
FRAG_NEG_trNEGATIVE85004_52_8,0.37288033962249756
FRAG_NEG_trNEGATIVE31266_58_8,0.04155009984970093
FRAG_NEG_trNEGATIVE81281_8_8,0.07732468098402023
FRAG_NEG_trNEGATIVE68276_28_8,0.20115439593791962
FRAG_NEG_trNEGATIVE31438_42_8,0.02715476043522358
FRAG_NEG_trNEGATIVE37175_52_8,0.10725747793912888
FRAG_NEG_trNEGATIVE70799_35_8,0.02446269802749157
FRAG_NEG_trNEGATIVE63823_18_8,0.15842090547084808
NEG_teNEGATIVE15840,0.025116948410868645
FRAG_NEG_trNEGATIVE32156_35_8,0.23251675069332123
FRAG_NEG_trNEGATIVE51984_32_8,0.019193818792700768
FRAG_NEG_trNEGATIVE40700_31_8,0.02792990766465664
FRAG_NEG_trNEGATIVE47972_3_8,0.02573481760919094
FRAG_NEG_trNEGATIVE39678_22_8,0.05585203692317009
FRAG_NEG_trNEGATIVE45838_31_8,0.0421086922287941
FRAG_NEG_trNEGATIVE66666_16_8,0.031138606369495392
FRAG_NEG_trNEGATIVE40716_20_8,0.5036274194717407
FRAG_NEG_trNEGATIVE61277_47_8,0.01791691780090332
FRAG_NEG_trNEGATIVE56379_26_8,0.13883426785469055
FRAG_NEG_trNEGATIVE55812_23_8,0.07114855200052261
FRAG_NEG_trNEGATIVE92782_45_8,0.01881837472319603
NEG_teNEGATIVE08403,0.08471578359603882
FRAG_NEG_trNEGATIVE94606_39_8,0.17984747886657715
FRAG_NEG_trNEGATIVE32302_69_8,0.26219165325164795
FRAG_NEG_trNEGATIVE79002_18_8,0.07720991224050522
FRAG_NEG_trNEGATIVE77826_0_8,0.033046673983335495
FRAG_NEG_trNEGATIVE80523_63_8,0.4258366525173187
FRAG_NEG_trNEGATIVE53868_54_8,0.0559278205037117
FRAG_NEG_trNEGATIVE92875_66_8,0.10481144487857819
FRAG_NEG_trNEGATIVE50959_19_8,0.4050494134426117
FRAG_NEG_trNEGATIVE63175_4_8,0.1374286413192749
FRAG_NEG_trNEGATIVE96062_72_8,0.07323996722698212
FRAG_NEG_trNEGATIVE75990_82_8,0.025042511522769928
NEG_trNEGATIVE87307,0.06862754374742508
FRAG_NEG_trNEGATIVE59955_50_8,0.049677774310112
FRAG_NEG_trNEGATIVE86962_10_8,0.08920294791460037
FRAG_NEG_trNEGATIVE58405_25_8,0.07963432371616364
FRAG_NEG_trNEGATIVE94063_4_8,0.16520237922668457
FRAG_NEG_trNEGATIVE75528_74_8,0.10197663307189941
FRAG_NEG_trNEGATIVE48949_85_8,0.3601054847240448
FRAG_NEG_trNEGATIVE56621_42_8,0.02790702134370804
FRAG_NEG_trNEGATIVE63556_40_8,0.43051543831825256
FRAG_NEG_trNEGATIVE43406_62_8,0.5849084258079529
FRAG_NEG_trNEGATIVE81117_14_8,0.17955127358436584
NEG_trNEGATIVE44866,0.05855904147028923
FRAG_NEG_trNEGATIVE67331_11_8,0.02654065191745758
FRAG_NEG_trNEGATIVE85680_27_8,0.04132635146379471
FRAG_NEG_trNEGATIVE38183_49_8,0.04444323480129242
FRAG_NEG_trNEGATIVE74570_27_8,0.053753092885017395
FRAG_NEG_trNEGATIVE33801_72_8,0.014739163219928741
NEG_trNEGATIVE28115,0.026246367022395134
FRAG_NEG_trNEGATIVE53259_5_8,0.4731271266937256
FRAG_NEG_trNEGATIVE75359_11_8,0.04663717374205589
NEG_trNEGATIVE101675,0.09912674874067307
FRAG_NEG_trNEGATIVE44035_1_8,0.28672245144844055
FRAG_NEG_trNEGATIVE51647_6_8,0.09591356664896011
FRAG_NEG_trNEGATIVE37733_3_8,0.026535235345363617
FRAG_NEG_trNEGATIVE82520_13_8,0.020940657705068588
FRAG_NEG_trNEGATIVE57102_37_8,0.022483380511403084
FRAG_NEG_trNEGATIVE96940_42_8,0.7969633340835571
FRAG_NEG_trNEGATIVE77461_76_8,0.07970870286226273
NEG_trNEGATIVE43884,0.47486597299575806
FRAG_NEG_trNEGATIVE72621_76_8,0.2697749435901642
FRAG_NEG_trNEGATIVE44715_72_8,0.14745210111141205
FRAG_NEG_trNEGATIVE92972_80_8,0.3009849488735199
FRAG_NEG_trNEGATIVE61913_31_8,0.08714830875396729
FRAG_NEG_trNEGATIVE95540_26_8,0.029041599482297897
FRAG_NEG_trNEGATIVE83517_64_8,0.02382492832839489
FRAG_NEG_trNEGATIVE54686_22_8,0.03572119027376175
FRAG_NEG_trNEGATIVE96823_29_8,0.3096379041671753
FRAG_NEG_trNEGATIVE39513_3_8,0.07968169450759888
FRAG_NEG_trNEGATIVE60622_27_8,0.521790623664856
NEG_trNEGATIVE46795,0.23861625790596008
NEG_trNEGATIVE34442,0.07533435523509979
FRAG_NEG_trNEGATIVE96171_44_8,0.027276664972305298
FRAG_NEG_trNEGATIVE54097_69_8,0.021860601380467415
FRAG_NEG_trNEGATIVE95757_56_8,0.0855024978518486
FRAG_NEG_trNEGATIVE27554_83_8,0.15848667919635773
NEG_trNEGATIVE82972,0.23768872022628784
FRAG_NEG_trNEGATIVE66559_20_8,0.017636176198720932
FRAG_NEG_trNEGATIVE45398_64_8,0.011815086007118225
FRAG_NEG_trNEGATIVE38660_12_8,0.06395796686410904
FRAG_NEG_trNEGATIVE76068_80_8,0.4714740514755249
FRAG_NEG_trNEGATIVE93241_42_8,0.027317864820361137
FRAG_NEG_trNEGATIVE97129_20_8,0.01867787167429924
FRAG_NEG_trNEGATIVE69548_23_8,0.2136174887418747
FRAG_NEG_trNEGATIVE51362_54_8,0.24703751504421234
FRAG_NEG_trNEGATIVE94275_44_8,0.06664197891950607
FRAG_NEG_trNEGATIVE29042_9_8,0.15603217482566833
FRAG_NEG_trNEGATIVE40882_54_8,0.04141853749752045
FRAG_NEG_trNEGATIVE39276_45_8,0.02150031551718712
FRAG_NEG_trNEGATIVE65903_37_8,0.05868826061487198
FRAG_NEG_trNEGATIVE64007_39_8,0.028516139835119247
FRAG_NEG_trNEGATIVE73022_11_8,0.047767072916030884
FRAG_NEG_trNEGATIVE29498_7_8,0.5242651104927063
FRAG_NEG_trNEGATIVE91441_34_8,0.035239916294813156
FRAG_NEG_trNEGATIVE64796_44_8,0.03176802396774292
FRAG_NEG_trNEGATIVE81261_6_8,0.04982993006706238
FRAG_NEG_trNEGATIVE42080_54_8,0.09626512229442596
FRAG_NEG_trNEGATIVE90895_8_8,0.12679898738861084
FRAG_NEG_trNEGATIVE69167_28_8,0.19815562665462494
NEG_trNEGATIVE78250,0.02842833288013935
FRAG_NEG_trNEGATIVE81470_13_8,0.19861245155334473
FRAG_NEG_trNEGATIVE82899_9_8,0.034579258412122726
FRAG_NEG_trNEGATIVE59493_8_8,0.06864262372255325
FRAG_NEG_trNEGATIVE82075_0_8,0.34382620453834534
FRAG_NEG_trNEGATIVE70042_20_8,0.04359709098935127
FRAG_NEG_trNEGATIVE63605_57_8,0.02074047364294529
NEG_trNEGATIVE45434,0.18101097643375397
FRAG_NEG_trNEGATIVE65942_4_8,0.03672487288713455
FRAG_NEG_trNEGATIVE44291_5_8,0.03074093535542488
FRAG_NEG_trNEGATIVE82520_33_8,0.02531423047184944
FRAG_NEG_trNEGATIVE59359_43_8,0.07773720473051071
FRAG_NEG_trNEGATIVE94399_34_8,0.04043455421924591
FRAG_NEG_trNEGATIVE87512_9_8,0.031716883182525635
FRAG_NEG_trNEGATIVE90106_32_8,0.10148724168539047
FRAG_NEG_trNEGATIVE90317_10_8,0.4855037331581116
FRAG_NEG_trNEGATIVE65441_1_8,0.1668294072151184
FRAG_NEG_trNEGATIVE92637_46_8,0.04480208829045296
FRAG_NEG_trNEGATIVE97493_23_8,0.2600141167640686
NEG_trNEGATIVE72941,0.02935793437063694
FRAG_NEG_trNEGATIVE54295_24_8,0.03258759528398514
FRAG_NEG_trNEGATIVE30957_8_8,0.08580584824085236
FRAG_NEG_trNEGATIVE63373_20_8,0.023412927985191345
FRAG_NEG_trNEGATIVE34514_5_8,0.13706126809120178
FRAG_NEG_trNEGATIVE95163_31_8,0.05505574494600296
FRAG_NEG_trNEGATIVE51908_30_8,0.03874549642205238
FRAG_NEG_trNEGATIVE52026_21_8,0.03460624814033508
FRAG_NEG_trNEGATIVE63997_56_8,0.024246837943792343
FRAG_NEG_trNEGATIVE41051_57_8,0.017451640218496323
FRAG_NEG_trNEGATIVE76530_55_8,0.05953596904873848
FRAG_NEG_trNEGATIVE59377_68_8,0.021548999473452568
FRAG_NEG_trNEGATIVE31011_80_8,0.03376627713441849
FRAG_NEG_trNEGATIVE28791_86_8,0.0663454532623291
FRAG_NEG_trNEGATIVE41659_20_8,0.5108606219291687
FRAG_NEG_trNEGATIVE74370_22_8,0.3579619526863098
FRAG_NEG_trNEGATIVE76510_41_8,0.03945685178041458
FRAG_NEG_trNEGATIVE94613_4_8,0.02451522834599018
FRAG_NEG_trNEGATIVE63176_2_8,0.13224346935749054
FRAG_NEG_trNEGATIVE30870_34_8,0.1159980297088623
FRAG_NEG_trNEGATIVE68890_37_8,0.0579078234732151
FRAG_NEG_trNEGATIVE41584_37_8,0.021498074755072594
FRAG_NEG_trNEGATIVE29433_58_8,0.6505340933799744
FRAG_NEG_trNEGATIVE28195_33_8,0.09984172880649567
FRAG_NEG_trNEGATIVE94658_22_8,0.03854221850633621
FRAG_NEG_trNEGATIVE31373_7_8,0.0238664411008358
FRAG_NEG_trNEGATIVE50542_17_8,0.2428208887577057
FRAG_NEG_trNEGATIVE88024_60_8,0.7736341953277588
FRAG_NEG_trNEGATIVE85675_27_8,0.042806584388017654
FRAG_NEG_trNEGATIVE38212_54_8,0.024701837450265884
FRAG_NEG_trNEGATIVE86831_48_8,0.042578984051942825
FRAG_NEG_trNEGATIVE55956_26_8,0.024169551208615303
FRAG_NEG_trNEGATIVE43677_86_8,0.6417818665504456
FRAG_NEG_trNEGATIVE93586_38_8,0.05153813585639
FRAG_NEG_trNEGATIVE37987_68_8,0.020398829132318497
FRAG_NEG_trNEGATIVE68157_55_8,0.1422325074672699
FRAG_NEG_trNEGATIVE67587_27_8,0.04389026761054993
NEG_trNEGATIVE61863,0.08394112437963486
FRAG_NEG_trNEGATIVE81119_37_8,0.11259140819311142
FRAG_NEG_trNEGATIVE30284_67_8,0.27340251207351685
FRAG_NEG_trNEGATIVE34230_61_8,0.039840299636125565
FRAG_NEG_trNEGATIVE61201_20_8,0.04843174293637276
FRAG_NEG_trNEGATIVE27986_8_8,0.2821352779865265
FRAG_NEG_trNEGATIVE74791_81_8,0.04708355292677879
FRAG_NEG_trNEGATIVE82842_9_8,0.2738136351108551
FRAG_NEG_trNEGATIVE56020_19_8,0.06316329538822174
FRAG_NEG_trNEGATIVE29352_8_8,0.13746845722198486
FRAG_NEG_trNEGATIVE76896_15_8,0.017431193962693214
FRAG_NEG_trNEGATIVE34839_33_8,0.49573633074760437
FRAG_NEG_trNEGATIVE68260_36_8,0.017778167501091957
FRAG_NEG_trNEGATIVE85162_32_8,0.06032117083668709
FRAG_NEG_trNEGATIVE79164_10_8,0.023341132327914238
FRAG_NEG_trNEGATIVE77582_16_8,0.20001505315303802
FRAG_NEG_trNEGATIVE28742_12_8,0.06795265525579453
FRAG_NEG_trNEGATIVE43021_21_8,0.025464190170168877
NEG_trNEGATIVE59238,0.06723164021968842
FRAG_NEG_trNEGATIVE66536_47_8,0.11809956282377243
FRAG_NEG_trNEGATIVE86093_64_8,0.10921682417392731
FRAG_NEG_trNEGATIVE75889_13_8,0.04253507778048515
FRAG_NEG_trNEGATIVE66428_8_8,0.12454698979854584
FRAG_NEG_trNEGATIVE60492_44_8,0.0195919219404459
FRAG_NEG_trNEGATIVE29433_60_8,0.24121420085430145
FRAG_NEG_trNEGATIVE34066_45_8,0.024597877636551857
FRAG_NEG_trNEGATIVE52034_49_8,0.04634423553943634
FRAG_NEG_trNEGATIVE66008_61_8,0.06011906638741493
FRAG_NEG_trNEGATIVE66906_6_8,0.5577889680862427
FRAG_NEG_trNEGATIVE95251_20_8,0.02128313109278679
FRAG_NEG_trNEGATIVE50749_88_8,0.0477168895304203
FRAG_NEG_trNEGATIVE34845_30_8,0.09744201600551605
FRAG_NEG_trNEGATIVE78051_3_8,0.03143615275621414
FRAG_NEG_trNEGATIVE61194_40_8,0.9102327227592468
FRAG_NEG_trNEGATIVE72708_30_8,0.05808496102690697
FRAG_NEG_trNEGATIVE62766_45_8,0.015648357570171356
FRAG_NEG_trNEGATIVE63475_24_8,0.38541385531425476
FRAG_NEG_trNEGATIVE44810_47_8,0.09390023350715637
FRAG_NEG_trNEGATIVE61801_73_8,0.5162178874015808
FRAG_NEG_trNEGATIVE52307_11_8,0.0708431750535965
FRAG_NEG_trNEGATIVE67353_57_8,0.04019792750477791
FRAG_NEG_trNEGATIVE71991_30_8,0.02457091026008129
FRAG_NEG_trNEGATIVE86436_81_8,0.3550242781639099
FRAG_NEG_trNEGATIVE91108_46_8,0.043897002935409546
FRAG_NEG_trNEGATIVE62419_30_8,0.019535234197974205
FRAG_NEG_trNEGATIVE86408_72_8,0.05841528996825218
FRAG_NEG_trNEGATIVE95142_64_8,0.022790446877479553
FRAG_NEG_trNEGATIVE59139_42_8,0.04380027949810028
FRAG_NEG_trNEGATIVE40120_85_8,0.23262888193130493
FRAG_NEG_trNEGATIVE87744_26_8,0.028601957485079765
FRAG_NEG_trNEGATIVE86021_10_8,0.024652903899550438
FRAG_NEG_trNEGATIVE28428_76_8,0.048332683742046356
FRAG_NEG_trNEGATIVE81708_55_8,0.1664537638425827
FRAG_NEG_trNEGATIVE94275_15_8,0.08273588865995407
FRAG_NEG_trNEGATIVE90256_68_8,0.2926836609840393
FRAG_NEG_trNEGATIVE72963_63_8,0.12153635174036026
FRAG_NEG_trNEGATIVE83963_50_8,0.024082893505692482
FRAG_NEG_trNEGATIVE41590_12_8,0.05206436663866043
FRAG_NEG_trNEGATIVE97242_16_8,0.11245903372764587
FRAG_NEG_trNEGATIVE97487_41_8,0.08279471844434738
FRAG_NEG_trNEGATIVE46101_5_8,0.022857677191495895
FRAG_NEG_trNEGATIVE27714_29_8,0.46982821822166443
FRAG_NEG_trNEGATIVE38660_31_8,0.07079676538705826
FRAG_NEG_trNEGATIVE80037_55_8,0.023890702053904533
FRAG_NEG_trNEGATIVE88717_51_8,0.020878076553344727
FRAG_NEG_trNEGATIVE89913_0_8,0.19261112809181213
FRAG_NEG_trNEGATIVE83702_3_8,0.020496059209108353
FRAG_NEG_trNEGATIVE45625_83_8,0.18594641983509064
FRAG_NEG_trNEGATIVE69135_41_8,0.7498877644538879
FRAG_NEG_trNEGATIVE61615_59_8,0.035476695746183395
FRAG_NEG_trNEGATIVE71401_24_8,0.03205398842692375
NEG_teNEGATIVE21489,0.04363453388214111
FRAG_NEG_trNEGATIVE59374_14_8,0.1915964037179947
FRAG_NEG_trNEGATIVE76944_39_8,0.23911334574222565
NEG_trNEGATIVE38847,0.37571725249290466
FRAG_NEG_trNEGATIVE71033_38_8,0.1659272313117981
NEG_trNEGATIVE68469,0.07520174980163574
FRAG_NEG_trNEGATIVE82781_42_8,0.013761335052549839
FRAG_NEG_trNEGATIVE52191_11_8,0.07160110771656036
NEG_trNEGATIVE70188,0.018880292773246765
FRAG_NEG_trNEGATIVE42015_55_8,0.09734130650758743
FRAG_NEG_trNEGATIVE51955_17_8,0.11959382891654968
NEG_trNEGATIVE30487,0.025478215888142586
FRAG_NEG_trNEGATIVE28742_27_8,0.08921214938163757
FRAG_NEG_trNEGATIVE53400_77_8,0.05634968355298042
FRAG_NEG_trNEGATIVE62349_50_8,0.026119429618120193
FRAG_NEG_trNEGATIVE48303_50_8,0.08803753554821014
FRAG_NEG_trNEGATIVE36538_0_8,0.051589153707027435
FRAG_NEG_trNEGATIVE89029_0_8,0.7593831419944763
FRAG_NEG_trNEGATIVE38776_56_8,0.06307520717382431
NEG_trNEGATIVE51710,0.04274279996752739
FRAG_NEG_trNEGATIVE66239_11_8,0.10562917590141296
FRAG_NEG_trNEGATIVE50330_12_8,0.03443186357617378
FRAG_NEG_trNEGATIVE71369_57_8,0.061029236763715744
FRAG_NEG_trNEGATIVE30871_53_8,0.21669383347034454
FRAG_NEG_trNEGATIVE40586_67_8,0.33609554171562195
FRAG_NEG_trNEGATIVE76556_71_8,0.016628244891762733
FRAG_NEG_trNEGATIVE33846_73_8,0.5008712410926819
FRAG_NEG_trNEGATIVE67566_6_8,0.07163449376821518
NEG_trNEGATIVE28112,0.05738839879631996
FRAG_NEG_trNEGATIVE89623_60_8,0.14406980574131012
FRAG_NEG_trNEGATIVE50208_67_8,0.06880681961774826
FRAG_NEG_trNEGATIVE29006_74_8,0.1712782084941864
FRAG_NEG_trNEGATIVE51253_39_8,0.2452208399772644
FRAG_NEG_trNEGATIVE65566_65_8,0.12802618741989136
FRAG_NEG_trNEGATIVE93640_51_8,0.04924299567937851
FRAG_NEG_trNEGATIVE48652_32_8,0.5651505589485168
FRAG_NEG_trNEGATIVE77575_34_8,0.08988845348358154
FRAG_NEG_trNEGATIVE78668_43_8,0.0830339640378952
FRAG_NEG_trNEGATIVE88628_41_8,0.09003197401762009
FRAG_NEG_trNEGATIVE67798_11_8,0.022062068805098534
FRAG_NEG_trNEGATIVE97040_44_8,0.025377385318279266
FRAG_NEG_trNEGATIVE34911_38_8,0.013172594830393791
FRAG_NEG_trNEGATIVE62907_31_8,0.023756742477416992
FRAG_NEG_trNEGATIVE66485_19_8,0.23504936695098877
FRAG_NEG_trNEGATIVE96827_13_8,0.40752944350242615
FRAG_NEG_trNEGATIVE69210_51_8,0.03223796933889389
FRAG_NEG_trNEGATIVE57990_49_8,0.020068956539034843
FRAG_NEG_trNEGATIVE78093_6_8,0.1497865915298462
FRAG_NEG_trNEGATIVE43763_29_8,0.4500091075897217
FRAG_NEG_trNEGATIVE73260_9_8,0.07213058322668076
NEG_trNEGATIVE100546,0.09447537362575531
FRAG_NEG_trNEGATIVE51468_90_8,0.11741950362920761
FRAG_NEG_trNEGATIVE92356_2_8,0.03526052087545395
FRAG_NEG_trNEGATIVE63753_10_8,0.0465855598449707
FRAG_NEG_trNEGATIVE91956_48_8,0.4370737373828888
FRAG_NEG_trNEGATIVE28814_52_8,0.03853907063603401
NEG_trNEGATIVE58731,0.09597159177064896
FRAG_NEG_trNEGATIVE63204_44_8,0.05944615975022316
FRAG_NEG_trNEGATIVE70917_31_8,0.021395104005932808
FRAG_NEG_trNEGATIVE49185_39_8,0.07345171272754669
FRAG_NEG_trNEGATIVE85841_19_8,0.018832817673683167
NEG_trNEGATIVE76318,0.08523968607187271
FRAG_NEG_trNEGATIVE86287_26_8,0.050172533839941025
FRAG_NEG_trNEGATIVE70176_7_8,0.058479610830545425
FRAG_NEG_trNEGATIVE28574_88_8,0.02601701393723488
FRAG_NEG_trNEGATIVE48957_46_8,0.12623512744903564
FRAG_NEG_trNEGATIVE39352_26_8,0.04403730481863022
FRAG_NEG_trNEGATIVE77537_32_8,0.03358536958694458
FRAG_NEG_trNEGATIVE47149_10_8,0.939507246017456
FRAG_NEG_trNEGATIVE33805_32_8,0.6015795469284058
FRAG_NEG_trNEGATIVE84285_33_8,0.028944408521056175
FRAG_NEG_trNEGATIVE76071_29_8,0.06717954576015472
FRAG_NEG_trNEGATIVE46606_19_9,0.01612921617925167
FRAG_NEG_trNEGATIVE88661_57_9,0.013546050526201725
FRAG_NEG_trNEGATIVE67337_36_9,0.03275509551167488
FRAG_NEG_trNEGATIVE87777_23_9,0.19504038989543915
FRAG_NEG_trNEGATIVE79605_54_9,0.08757445216178894
FRAG_NEG_trNEGATIVE58051_8_9,0.056811656802892685
FRAG_NEG_trNEGATIVE94625_56_9,0.13170211017131805
FRAG_NEG_trNEGATIVE88539_14_9,0.2376495599746704
NEG_trNEGATIVE63884,0.1080804243683815
FRAG_NEG_trNEGATIVE78432_37_9,0.03266346827149391
FRAG_NEG_trNEGATIVE40482_10_9,0.02961108833551407
FRAG_NEG_trNEGATIVE90980_75_9,0.19764529168605804
FRAG_NEG_trNEGATIVE92602_19_9,0.018563129007816315
NEG_teNEGATIVE22425,0.050007838755846024
FRAG_NEG_trNEGATIVE66234_21_9,0.10505080968141556
FRAG_NEG_trNEGATIVE94996_56_9,0.032463438808918
FRAG_NEG_trNEGATIVE33275_67_9,0.07028164714574814
FRAG_NEG_trNEGATIVE66768_45_9,0.01964924857020378
FRAG_NEG_trNEGATIVE35918_6_9,0.7565586566925049
FRAG_NEG_trNEGATIVE77603_71_9,0.03579544275999069
FRAG_NEG_trNEGATIVE35499_35_9,0.05084533616900444
FRAG_NEG_trNEGATIVE46370_6_9,0.018168386071920395
FRAG_NEG_trNEGATIVE43206_36_9,0.6597534418106079
FRAG_NEG_trNEGATIVE83372_21_9,0.02797027677297592
FRAG_NEG_trNEGATIVE44218_39_9,0.3113490343093872
FRAG_NEG_trNEGATIVE69394_62_9,0.03508131951093674
FRAG_NEG_trNEGATIVE67998_67_9,0.030648887157440186
FRAG_NEG_trNEGATIVE48152_52_9,0.06385966390371323
FRAG_NEG_trNEGATIVE34646_80_9,0.33043405413627625
FRAG_NEG_trNEGATIVE52961_59_9,0.03075840324163437
FRAG_NEG_trNEGATIVE64122_4_9,0.021553320810198784
FRAG_NEG_trNEGATIVE96180_50_9,0.10914388298988342
FRAG_NEG_trNEGATIVE76846_29_9,0.07523016631603241
FRAG_NEG_trNEGATIVE38708_29_9,0.01521897129714489
NEG_trNEGATIVE32860,0.05326557531952858
NEG_trNEGATIVE97857,0.10147888958454132
FRAG_NEG_trNEGATIVE54710_7_9,0.035634223371744156
FRAG_NEG_trNEGATIVE75698_12_9,0.017877943813800812
FRAG_NEG_trNEGATIVE37880_39_9,0.017767976969480515
FRAG_NEG_trNEGATIVE40158_27_9,0.03198143467307091
FRAG_NEG_trNEGATIVE53963_5_9,0.6975089907646179
FRAG_NEG_trNEGATIVE81147_38_9,0.059227216988801956
FRAG_NEG_trNEGATIVE88491_19_9,0.03731271252036095
FRAG_NEG_trNEGATIVE28814_13_9,0.15379412472248077
FRAG_NEG_trNEGATIVE68895_41_9,0.3340904414653778
FRAG_NEG_trNEGATIVE46296_46_9,0.0491844080388546
FRAG_NEG_trNEGATIVE37599_42_9,0.11790817975997925
FRAG_NEG_trNEGATIVE30912_51_9,0.04173761233687401
FRAG_NEG_trNEGATIVE83093_56_9,0.029214046895503998
FRAG_NEG_trNEGATIVE94813_27_9,0.3435935080051422
FRAG_NEG_trNEGATIVE94304_71_9,0.03890429809689522
FRAG_NEG_trNEGATIVE54909_53_9,0.01893707364797592
FRAG_NEG_trNEGATIVE77520_82_9,0.11819517612457275
FRAG_NEG_trNEGATIVE61267_57_9,0.2664206326007843
FRAG_NEG_trNEGATIVE70793_66_9,0.3903634548187256
FRAG_NEG_trNEGATIVE73217_11_9,0.98464035987854
FRAG_NEG_trNEGATIVE94174_36_9,0.06540931016206741
FRAG_NEG_trNEGATIVE58580_9_9,0.1399356573820114
FRAG_NEG_trNEGATIVE83875_14_9,0.04869074001908302
FRAG_NEG_trNEGATIVE80956_10_9,0.35546571016311646
FRAG_NEG_trNEGATIVE80620_34_9,0.10952197015285492
FRAG_NEG_trNEGATIVE60097_33_9,0.07466793060302734
FRAG_NEG_trNEGATIVE93604_38_9,0.21126864850521088
FRAG_NEG_trNEGATIVE49049_12_9,0.2009175717830658
NEG_trNEGATIVE99994,0.10116525739431381
FRAG_NEG_trNEGATIVE93132_53_9,0.12195606529712677
NEG_trNEGATIVE46159,0.5789967775344849
NEG_teNEGATIVE13285,0.14035698771476746
FRAG_NEG_trNEGATIVE66120_3_9,0.013658582232892513
FRAG_NEG_trNEGATIVE32565_0_9,0.07725998014211655
FRAG_NEG_trNEGATIVE69389_25_9,0.026216963306069374
NEG_trNEGATIVE89709,0.0410400927066803
FRAG_NEG_trNEGATIVE56621_56_9,0.011815724894404411
FRAG_NEG_trNEGATIVE28181_16_9,0.43562832474708557
FRAG_NEG_trNEGATIVE55137_52_9,0.0779951736330986
FRAG_NEG_trNEGATIVE70446_66_9,0.06317755579948425
FRAG_NEG_trNEGATIVE90222_20_9,0.05223706737160683
FRAG_NEG_trNEGATIVE35188_8_9,0.06014928221702576
FRAG_NEG_trNEGATIVE77582_72_9,0.11272433400154114
FRAG_NEG_trNEGATIVE45623_48_9,0.8736362457275391
FRAG_NEG_trNEGATIVE66593_28_9,0.08978429436683655
FRAG_NEG_trNEGATIVE32258_62_9,0.15844310820102692
FRAG_NEG_trNEGATIVE55604_61_9,0.2845243513584137
FRAG_NEG_trNEGATIVE43358_12_9,0.056255239993333817
FRAG_NEG_trNEGATIVE47409_49_9,0.06305032223463058
FRAG_NEG_trNEGATIVE93505_0_9,0.10282590985298157
FRAG_NEG_trNEGATIVE80517_8_9,0.525361955165863
FRAG_NEG_trNEGATIVE38493_49_9,0.018370889127254486
FRAG_NEG_trNEGATIVE37528_6_9,0.034123823046684265
FRAG_NEG_trNEGATIVE78235_47_9,0.045722659677267075
FRAG_NEG_trNEGATIVE72705_85_9,0.026199137791991234
FRAG_NEG_trNEGATIVE38038_36_9,0.9556061029434204
FRAG_NEG_trNEGATIVE40451_80_9,0.08664502203464508
FRAG_NEG_trNEGATIVE66876_25_9,0.01803792268037796
NEG_trNEGATIVE39421,0.12826986610889435
FRAG_NEG_trNEGATIVE67839_40_9,0.8195292353630066
FRAG_NEG_trNEGATIVE71425_68_9,0.3407571017742157
FRAG_NEG_trNEGATIVE28561_24_9,0.9219652414321899
FRAG_NEG_trNEGATIVE74080_54_9,0.03824789449572563
FRAG_NEG_trNEGATIVE92633_62_9,0.02061285451054573
FRAG_NEG_trNEGATIVE47137_12_9,0.1545603722333908
FRAG_NEG_trNEGATIVE68744_45_9,0.05991438403725624
FRAG_NEG_trNEGATIVE64901_41_9,0.02881808578968048
NEG_trNEGATIVE51541,0.0923449844121933
NEG_teNEGATIVE22906,0.7898460626602173
FRAG_NEG_trNEGATIVE60716_32_9,0.03614725172519684
FRAG_NEG_trNEGATIVE84102_2_9,0.06977692246437073
FRAG_NEG_trNEGATIVE48575_77_9,0.03891729190945625
FRAG_NEG_trNEGATIVE30674_33_9,0.01833358220756054
FRAG_NEG_trNEGATIVE68016_25_9,0.044268250465393066
FRAG_NEG_trNEGATIVE32537_88_9,0.021516164764761925
FRAG_NEG_trNEGATIVE31363_59_9,0.041049741208553314
FRAG_NEG_trNEGATIVE60757_17_9,0.11596006155014038
FRAG_NEG_trNEGATIVE49538_36_9,0.0282102283090353
FRAG_NEG_trNEGATIVE80746_37_9,0.09083682298660278
FRAG_NEG_trNEGATIVE79273_1_9,0.09313826262950897
FRAG_NEG_trNEGATIVE66944_18_9,0.06350383907556534
FRAG_NEG_trNEGATIVE38934_39_9,0.02087443880736828
FRAG_NEG_trNEGATIVE35076_69_9,0.01874544285237789
FRAG_NEG_trNEGATIVE70777_84_9,0.07691790908575058
FRAG_NEG_trNEGATIVE60950_24_9,0.024550484493374825
FRAG_NEG_trNEGATIVE62346_19_9,0.1863349974155426
FRAG_NEG_trNEGATIVE53667_11_9,0.018234435468912125
FRAG_NEG_trNEGATIVE76759_33_9,0.09891550987958908
FRAG_NEG_trNEGATIVE88199_44_9,0.0229727141559124
FRAG_NEG_trNEGATIVE47140_26_9,0.27954620122909546
FRAG_NEG_trNEGATIVE91471_23_9,0.03581847995519638
FRAG_NEG_trNEGATIVE73886_40_9,0.028623539954423904
FRAG_NEG_trNEGATIVE94232_82_9,0.2082192748785019
FRAG_NEG_trNEGATIVE31221_3_9,0.046551816165447235
FRAG_NEG_trNEGATIVE94364_17_9,0.02125907503068447
FRAG_NEG_trNEGATIVE85108_17_9,0.019274264574050903
FRAG_NEG_trNEGATIVE29991_63_9,0.8732990622520447
FRAG_NEG_trNEGATIVE79714_22_9,0.04467511922121048
FRAG_NEG_trNEGATIVE97540_49_9,0.7741940021514893
FRAG_NEG_trNEGATIVE54772_49_9,0.15677081048488617
FRAG_NEG_trNEGATIVE63500_33_9,0.04588760808110237
FRAG_NEG_trNEGATIVE68134_18_9,0.22448201477527618
FRAG_NEG_trNEGATIVE88995_90_9,0.02826553024351597
FRAG_NEG_trNEGATIVE65798_84_9,0.08614665269851685
FRAG_NEG_trNEGATIVE84587_60_9,0.030638422816991806
FRAG_NEG_trNEGATIVE39186_2_9,0.10927111655473709
FRAG_NEG_trNEGATIVE47292_30_9,0.04762495309114456
FRAG_NEG_trNEGATIVE37156_78_9,0.5428421497344971
NEG_trNEGATIVE88410,0.040283240377902985
FRAG_NEG_trNEGATIVE52230_48_9,0.14054352045059204
FRAG_NEG_trNEGATIVE62029_21_9,0.058560680598020554
FRAG_NEG_trNEGATIVE30948_58_9,0.4095444083213806
FRAG_NEG_trNEGATIVE44542_54_9,0.025455541908740997
FRAG_NEG_trNEGATIVE91963_71_9,0.1793176382780075
FRAG_NEG_trNEGATIVE47131_3_9,0.45114433765411377
FRAG_NEG_trNEGATIVE47402_6_9,0.014319607987999916
FRAG_NEG_trNEGATIVE39971_19_9,0.0211168322712183
NEG_trNEGATIVE94291,0.196372389793396
FRAG_NEG_trNEGATIVE60220_5_9,0.05862526595592499
FRAG_NEG_trNEGATIVE90229_6_9,0.01799064502120018
FRAG_NEG_trNEGATIVE33579_53_9,0.014429810456931591
FRAG_NEG_trNEGATIVE71093_9_9,0.6233685612678528
FRAG_NEG_trNEGATIVE57719_37_9,0.038751255720853806
FRAG_NEG_trNEGATIVE88083_43_9,0.02789774350821972
FRAG_NEG_trNEGATIVE89538_72_9,0.44233253598213196
FRAG_NEG_trNEGATIVE62349_38_9,0.11549821496009827
FRAG_NEG_trNEGATIVE64861_57_9,0.06656035780906677
FRAG_NEG_trNEGATIVE86565_0_9,0.06387246400117874
FRAG_NEG_trNEGATIVE34913_84_9,0.047036312520504
FRAG_NEG_trNEGATIVE49206_48_9,0.3161243498325348
FRAG_NEG_trNEGATIVE35952_73_9,0.08318206667900085
FRAG_NEG_trNEGATIVE51652_70_9,0.02938525192439556
NEG_trNEGATIVE83599,0.12001952528953552
FRAG_NEG_trNEGATIVE83649_26_9,0.1893075555562973
FRAG_NEG_trNEGATIVE61009_20_9,0.13725274801254272
FRAG_NEG_trNEGATIVE79461_10_9,0.12182281911373138
FRAG_NEG_trNEGATIVE36698_55_9,0.09450618177652359
FRAG_NEG_trNEGATIVE77972_31_9,0.05957251787185669
FRAG_NEG_trNEGATIVE47980_73_9,0.024783002212643623
NEG_trNEGATIVE37596,0.04092460498213768
FRAG_NEG_trNEGATIVE35927_46_9,0.11135014146566391
FRAG_NEG_trNEGATIVE96043_43_9,0.10402592271566391
NEG_trNEGATIVE59019,0.18778644502162933
FRAG_NEG_trNEGATIVE87853_55_9,0.020015476271510124
FRAG_NEG_trNEGATIVE57719_46_9,0.30490946769714355
FRAG_NEG_trNEGATIVE92041_77_9,0.06116637587547302
FRAG_NEG_trNEGATIVE46923_28_9,0.05689210072159767
FRAG_NEG_trNEGATIVE81605_7_9,0.14995546638965607
FRAG_NEG_trNEGATIVE93456_51_9,0.07728726416826248
FRAG_NEG_trNEGATIVE47027_38_9,0.0660746842622757
FRAG_NEG_trNEGATIVE40237_22_9,0.03973143547773361
FRAG_NEG_trNEGATIVE85417_20_9,0.02019210159778595
FRAG_NEG_trNEGATIVE72233_9_9,0.05897947773337364
FRAG_NEG_trNEGATIVE93394_13_9,0.22825299203395844
FRAG_NEG_trNEGATIVE72649_12_9,0.621358335018158
FRAG_NEG_trNEGATIVE89245_18_9,0.08746682852506638
FRAG_NEG_trNEGATIVE58437_54_9,0.06456359475851059
FRAG_NEG_trNEGATIVE69116_38_9,0.024568013846874237
FRAG_NEG_trNEGATIVE68933_57_9,0.04281611368060112
FRAG_NEG_trNEGATIVE55003_19_9,0.026906266808509827
FRAG_NEG_trNEGATIVE86238_46_9,0.02574395015835762
FRAG_NEG_trNEGATIVE68740_45_9,0.04820514842867851
FRAG_NEG_trNEGATIVE94658_50_9,0.07876256853342056
FRAG_NEG_trNEGATIVE38910_61_9,0.3079325556755066
FRAG_NEG_trNEGATIVE94710_57_9,0.029471367597579956
FRAG_NEG_trNEGATIVE28315_24_9,0.2212313562631607
FRAG_NEG_trNEGATIVE61557_70_9,0.1180841326713562
FRAG_NEG_trNEGATIVE74497_13_9,0.12645259499549866
FRAG_NEG_trNEGATIVE83535_9_9,0.06527962535619736
FRAG_NEG_trNEGATIVE41051_59_9,0.02242584340274334
FRAG_NEG_trNEGATIVE43396_32_9,0.024313783273100853
FRAG_NEG_trNEGATIVE66656_59_9,0.6043893098831177
FRAG_NEG_trNEGATIVE85253_2_9,0.3309219777584076
FRAG_NEG_trNEGATIVE87037_77_9,0.2159835547208786
FRAG_NEG_trNEGATIVE75635_19_9,0.868489682674408
FRAG_NEG_trNEGATIVE71331_14_9,0.023245355114340782
FRAG_NEG_trNEGATIVE56555_61_9,0.04524318501353264
FRAG_NEG_trNEGATIVE50090_9_9,0.024201612919569016
FRAG_NEG_trNEGATIVE94845_25_9,0.599061131477356
FRAG_NEG_trNEGATIVE70894_21_9,0.0269121415913105
NEG_teNEGATIVE13307,0.02387208677828312
FRAG_NEG_trNEGATIVE41201_51_9,0.02011437527835369
FRAG_NEG_trNEGATIVE31811_56_9,0.2555157244205475
FRAG_NEG_trNEGATIVE40564_39_9,0.7559604048728943
FRAG_NEG_trNEGATIVE28314_26_9,0.03188496083021164
FRAG_NEG_trNEGATIVE27518_10_9,0.022985167801380157
FRAG_NEG_trNEGATIVE29466_38_9,0.27833059430122375
FRAG_NEG_trNEGATIVE50308_26_9,0.03645464777946472
FRAG_NEG_trNEGATIVE65500_8_9,0.44450652599334717
FRAG_NEG_trNEGATIVE31786_46_9,0.02734975516796112
FRAG_NEG_trNEGATIVE28576_37_9,0.02615421451628208
FRAG_NEG_trNEGATIVE57833_66_9,0.1985163539648056
FRAG_NEG_trNEGATIVE53496_0_9,0.022504201158881187
FRAG_NEG_trNEGATIVE42430_61_9,0.2105071097612381
FRAG_NEG_trNEGATIVE63997_65_9,0.012373850680887699
FRAG_NEG_trNEGATIVE63406_0_9,0.05532513186335564
FRAG_NEG_trNEGATIVE61721_33_9,0.11930586397647858
FRAG_NEG_trNEGATIVE78999_6_9,0.8915501236915588
FRAG_NEG_trNEGATIVE75843_28_9,0.05229467526078224
NEG_trNEGATIVE30080,0.07376563549041748
FRAG_NEG_trNEGATIVE45235_61_9,0.04626544937491417
FRAG_NEG_trNEGATIVE92955_17_9,0.0955340564250946
FRAG_NEG_trNEGATIVE97325_50_9,0.04546336829662323
FRAG_NEG_trNEGATIVE54890_18_9,0.04128124564886093
FRAG_NEG_trNEGATIVE58301_33_9,0.3200805187225342
FRAG_NEG_trNEGATIVE33995_18_9,0.020579447969794273
FRAG_NEG_trNEGATIVE45878_24_9,0.015482076443731785
FRAG_NEG_trNEGATIVE64293_51_9,0.0675465390086174
FRAG_NEG_trNEGATIVE43350_47_9,0.24830736219882965
NEG_trNEGATIVE65485,0.07935715466737747
FRAG_NEG_trNEGATIVE89126_62_9,0.04406871274113655
FRAG_NEG_trNEGATIVE93394_27_9,0.8409799337387085
FRAG_NEG_trNEGATIVE33995_17_9,0.15368251502513885
NEG_teNEGATIVE21820,0.1982824057340622
FRAG_NEG_trNEGATIVE55872_10_9,0.49202290177345276
FRAG_NEG_trNEGATIVE96080_14_9,0.5758030414581299
FRAG_NEG_trNEGATIVE82169_49_9,0.03320440649986267
FRAG_NEG_trNEGATIVE46582_85_9,0.03518787398934364
FRAG_NEG_trNEGATIVE69993_0_9,0.04548461362719536
FRAG_NEG_trNEGATIVE40437_25_9,0.02800392545759678
NEG_trNEGATIVE46703,0.04140373691916466
FRAG_NEG_trNEGATIVE84696_25_9,0.13433055579662323
FRAG_NEG_trNEGATIVE84794_22_9,0.05730443447828293
FRAG_NEG_trNEGATIVE84303_18_9,0.0184383112937212
FRAG_NEG_trNEGATIVE53896_47_9,0.05825670063495636
FRAG_NEG_trNEGATIVE96100_4_9,0.08075615018606186
FRAG_NEG_trNEGATIVE89433_23_9,0.04683008790016174
FRAG_NEG_trNEGATIVE69993_11_9,0.5238447189331055
FRAG_NEG_trNEGATIVE37545_6_9,0.2158399373292923
FRAG_NEG_trNEGATIVE78140_47_9,0.18159335851669312
FRAG_NEG_trNEGATIVE59000_61_9,0.34864336252212524
FRAG_NEG_trNEGATIVE66718_26_9,0.01768481731414795
FRAG_NEG_trNEGATIVE30131_49_9,0.06484086066484451
FRAG_NEG_trNEGATIVE76037_42_9,0.020976535975933075
FRAG_NEG_trNEGATIVE76469_48_9,0.13171842694282532
FRAG_NEG_trNEGATIVE91583_49_9,0.04267999157309532
FRAG_NEG_trNEGATIVE89608_27_9,0.02952726185321808
FRAG_NEG_trNEGATIVE94228_20_9,0.027056396007537842
FRAG_NEG_trNEGATIVE50255_29_9,0.03165793418884277
FRAG_NEG_trNEGATIVE66032_59_9,0.37297797203063965
FRAG_NEG_trNEGATIVE62442_4_9,0.12189893424510956
FRAG_NEG_trNEGATIVE94243_22_9,0.05848810076713562
FRAG_NEG_trNEGATIVE90224_71_9,0.1592361479997635
FRAG_NEG_trNEGATIVE66428_23_9,0.2661181092262268
FRAG_NEG_trNEGATIVE68117_0_9,0.020252669230103493
FRAG_NEG_trNEGATIVE29896_13_9,0.2092454880475998
FRAG_NEG_trNEGATIVE87088_39_9,0.14838367700576782
FRAG_NEG_trNEGATIVE81039_49_9,0.08487825840711594
FRAG_NEG_trNEGATIVE39256_20_9,0.04026419296860695
FRAG_NEG_trNEGATIVE73886_65_9,0.022698692977428436
FRAG_NEG_trNEGATIVE66768_6_9,0.05713178217411041
FRAG_NEG_trNEGATIVE77840_30_9,0.04336199909448624
FRAG_NEG_trNEGATIVE39066_13_9,0.8591451644897461
FRAG_NEG_trNEGATIVE45892_0_9,0.0889255478978157
FRAG_NEG_trNEGATIVE44841_41_9,0.03993904963135719
FRAG_NEG_trNEGATIVE70177_72_9,0.08987589180469513
FRAG_NEG_trNEGATIVE38220_48_9,0.024272065609693527
FRAG_NEG_trNEGATIVE30732_36_9,0.1343228965997696
FRAG_NEG_trNEGATIVE40068_25_9,0.6335169672966003
FRAG_NEG_trNEGATIVE42608_17_9,0.054573725908994675
FRAG_NEG_trNEGATIVE67653_11_9,0.3376518487930298
FRAG_NEG_trNEGATIVE42963_47_9,0.029622012749314308
FRAG_NEG_trNEGATIVE64372_1_9,0.03737012669444084
FRAG_NEG_trNEGATIVE58185_17_9,0.3129201829433441
FRAG_NEG_trNEGATIVE73416_67_9,0.3715367019176483
FRAG_NEG_trNEGATIVE81209_72_9,0.05009065940976143
FRAG_NEG_trNEGATIVE66419_27_9,0.3700177073478699
FRAG_NEG_trNEGATIVE77097_62_9,0.04583011940121651
FRAG_NEG_trNEGATIVE29811_14_9,0.01548734586685896
FRAG_NEG_trNEGATIVE70270_2_9,0.2454533725976944
FRAG_NEG_trNEGATIVE35903_31_9,0.03592391312122345
FRAG_NEG_trNEGATIVE40567_21_9,0.09168622642755508
FRAG_NEG_trNEGATIVE69507_9_9,0.10672184079885483
FRAG_NEG_trNEGATIVE30330_6_9,0.04562493786215782
FRAG_NEG_trNEGATIVE62907_15_9,0.04956059530377388
NEG_trNEGATIVE86191,0.042530737817287445
FRAG_NEG_trNEGATIVE30578_21_9,0.1776922047138214
NEG_trNEGATIVE51942,0.10264843702316284
FRAG_NEG_trNEGATIVE58305_78_9,0.02435455471277237
FRAG_NEG_trNEGATIVE90902_35_9,0.9719748497009277
FRAG_NEG_trNEGATIVE70406_78_9,0.08972784876823425
FRAG_NEG_trNEGATIVE51325_23_9,0.03143668174743652
FRAG_NEG_trNEGATIVE40957_36_9,0.017618892714381218
FRAG_NEG_trNEGATIVE83671_15_9,0.2161080539226532
FRAG_NEG_trNEGATIVE60202_40_9,0.023730885237455368
FRAG_NEG_trNEGATIVE40761_28_9,0.16620557010173798
FRAG_NEG_trNEGATIVE83511_41_9,0.03396759182214737
FRAG_NEG_trNEGATIVE68036_23_9,0.45306944847106934
FRAG_NEG_trNEGATIVE94741_44_9,0.1622975915670395
FRAG_NEG_trNEGATIVE33162_52_9,0.029302183538675308
FRAG_NEG_trNEGATIVE45077_2_9,0.12842901051044464
FRAG_NEG_trNEGATIVE66906_11_9,0.03658251464366913
FRAG_NEG_trNEGATIVE67437_9_9,0.06900478154420853
FRAG_NEG_trNEGATIVE85172_46_9,0.14480246603488922
FRAG_NEG_trNEGATIVE62973_4_9,0.6783950924873352
FRAG_NEG_trNEGATIVE82312_25_9,0.07814201712608337
FRAG_NEG_trNEGATIVE79412_37_9,0.6226851344108582
FRAG_NEG_trNEGATIVE75001_32_9,0.05849141255021095
FRAG_NEG_trNEGATIVE75864_48_9,0.06427888572216034
FRAG_NEG_trNEGATIVE86304_8_9,0.026574112474918365
FRAG_NEG_trNEGATIVE34566_6_9,0.5245065689086914
FRAG_NEG_trNEGATIVE72290_17_9,0.037258826196193695
FRAG_NEG_trNEGATIVE55178_2_9,0.01896710693836212
FRAG_NEG_trNEGATIVE59476_15_9,0.22654026746749878
FRAG_NEG_trNEGATIVE83469_39_9,0.09833712130784988
FRAG_NEG_trNEGATIVE54369_53_9,0.047902919352054596
FRAG_NEG_trNEGATIVE34235_31_9,0.01884068362414837
FRAG_NEG_trNEGATIVE51952_3_9,0.4738799035549164
FRAG_NEG_trNEGATIVE78918_48_9,0.03888674080371857
FRAG_NEG_trNEGATIVE97041_55_9,0.01681791990995407
FRAG_NEG_trNEGATIVE84775_51_9,0.9186578392982483
FRAG_NEG_trNEGATIVE59789_42_9,0.20916897058486938
FRAG_NEG_trNEGATIVE67695_43_9,0.09981009364128113
FRAG_NEG_trNEGATIVE48777_43_9,0.12513335049152374
FRAG_NEG_trNEGATIVE59717_19_9,0.428699254989624
FRAG_NEG_trNEGATIVE93957_73_9,0.811536431312561
FRAG_NEG_trNEGATIVE41920_3_9,0.08633369207382202
FRAG_NEG_trNEGATIVE90961_35_9,0.08337121456861496
FRAG_NEG_trNEGATIVE64300_8_9,0.5403670072555542
FRAG_NEG_trNEGATIVE30945_25_9,0.033164869993925095
FRAG_NEG_trNEGATIVE50973_82_9,0.07512001693248749
FRAG_NEG_trNEGATIVE71467_31_9,0.028563516214489937
FRAG_NEG_trNEGATIVE44301_0_9,0.8966597318649292
FRAG_NEG_trNEGATIVE48551_37_9,0.3358616530895233
FRAG_NEG_trNEGATIVE35478_68_9,0.07013124227523804
FRAG_NEG_trNEGATIVE29672_12_9,0.025297563523054123
FRAG_NEG_trNEGATIVE52934_55_9,0.06177545338869095
FRAG_NEG_trNEGATIVE74050_10_9,0.04159188270568848
FRAG_NEG_trNEGATIVE77017_7_9,0.016578642651438713
FRAG_NEG_trNEGATIVE66055_43_9,0.028818197548389435
FRAG_NEG_trNEGATIVE76523_24_9,0.09552999585866928
FRAG_NEG_trNEGATIVE93134_53_9,0.13393278419971466
FRAG_NEG_trNEGATIVE74541_28_9,0.17849920690059662
FRAG_NEG_trNEGATIVE53628_62_9,0.09833882749080658
FRAG_NEG_trNEGATIVE58274_22_9,0.26098230481147766
FRAG_NEG_trNEGATIVE69812_53_9,0.5101976990699768
NEG_teNEGATIVE22154,0.0530770868062973
FRAG_NEG_trNEGATIVE61673_21_9,0.033749792724847794
FRAG_NEG_trNEGATIVE34405_83_9,0.04665520787239075
FRAG_NEG_trNEGATIVE67373_43_9,0.02992999739944935
NEG_teNEGATIVE08835,0.03624122589826584
FRAG_NEG_trNEGATIVE40334_70_9,0.03361528739333153
FRAG_NEG_trNEGATIVE74572_12_9,0.1818065047264099
FRAG_NEG_trNEGATIVE85034_71_9,0.03792935237288475
FRAG_NEG_trNEGATIVE43465_28_9,0.02759985439479351
FRAG_NEG_trNEGATIVE71139_23_9,0.9412471055984497
FRAG_NEG_trNEGATIVE46069_13_9,0.028561986982822418
FRAG_NEG_trNEGATIVE61727_45_9,0.035954758524894714
FRAG_NEG_trNEGATIVE52317_39_9,0.08086493611335754
FRAG_NEG_trNEGATIVE78873_41_9,0.048341184854507446
FRAG_NEG_trNEGATIVE46541_5_9,0.10735489428043365
FRAG_NEG_trNEGATIVE92426_55_9,0.044793497771024704
FRAG_NEG_trNEGATIVE69028_17_9,0.042507220059633255
FRAG_NEG_trNEGATIVE56869_16_9,0.12742821872234344
FRAG_NEG_trNEGATIVE59549_23_9,0.03815198317170143
FRAG_NEG_trNEGATIVE42656_70_9,0.03818126767873764
FRAG_NEG_trNEGATIVE92955_5_9,0.8269438147544861
FRAG_NEG_trNEGATIVE71481_6_9,0.029331469908356667
FRAG_NEG_trNEGATIVE89408_82_9,0.10828333348035812
FRAG_NEG_trNEGATIVE31177_12_9,0.05814293771982193
FRAG_NEG_trNEGATIVE89192_52_9,0.06794121861457825
FRAG_NEG_trNEGATIVE89695_55_9,0.028375515714287758
FRAG_NEG_trNEGATIVE29756_1_9,0.06879860907793045
FRAG_NEG_trNEGATIVE87503_70_9,0.2780217230319977
FRAG_NEG_trNEGATIVE60803_14_9,0.43613865971565247
NEG_trNEGATIVE90475,0.14669962227344513
FRAG_NEG_trNEGATIVE94557_41_9,0.015916135162115097
FRAG_NEG_trNEGATIVE53375_49_9,0.23312363028526306
FRAG_NEG_trNEGATIVE31754_52_9,0.09169359505176544
FRAG_NEG_trNEGATIVE70629_11_9,0.07338982075452805
FRAG_NEG_trNEGATIVE43306_60_9,0.7502762675285339
FRAG_NEG_trNEGATIVE63514_38_9,0.08125332742929459
FRAG_NEG_trNEGATIVE56555_47_9,0.1879897266626358
FRAG_NEG_trNEGATIVE94857_44_9,0.12409566342830658
FRAG_NEG_trNEGATIVE67547_3_9,0.06721069663763046
FRAG_NEG_trNEGATIVE84614_7_9,0.02509709820151329
FRAG_NEG_trNEGATIVE39471_16_9,0.17565013468265533
FRAG_NEG_trNEGATIVE62973_5_9,0.9647601842880249
FRAG_NEG_trNEGATIVE31375_2_9,0.015418730676174164
FRAG_NEG_trNEGATIVE66347_77_9,0.23551437258720398
NEG_trNEGATIVE53708,0.046932823956012726
NEG_trNEGATIVE36287,0.04542084038257599
FRAG_NEG_trNEGATIVE31028_48_9,0.028217410668730736
FRAG_NEG_trNEGATIVE62769_81_9,0.37221989035606384
FRAG_NEG_trNEGATIVE67653_15_9,0.28043028712272644
NEG_trNEGATIVE38567,0.051206495612859726
FRAG_NEG_trNEGATIVE84102_20_9,0.05772607773542404
FRAG_NEG_trNEGATIVE28576_76_9,0.02684771455824375
FRAG_NEG_trNEGATIVE49197_5_9,0.07265115529298782
FRAG_NEG_trNEGATIVE40237_52_9,0.2708371877670288
FRAG_NEG_trNEGATIVE31421_35_9,0.01656033657491207
NEG_trNEGATIVE66235,0.24209387600421906
NEG_teNEGATIVE14273,0.09487742930650711
FRAG_NEG_trNEGATIVE95879_43_9,0.022950202226638794
FRAG_NEG_trNEGATIVE95603_26_9,0.17246921360492706
FRAG_NEG_trNEGATIVE77606_78_9,0.4558141231536865
FRAG_NEG_trNEGATIVE67937_63_9,0.5132887363433838
FRAG_NEG_trNEGATIVE97530_12_9,0.025805290788412094
FRAG_NEG_trNEGATIVE54523_9_9,0.03976507857441902
FRAG_NEG_trNEGATIVE30193_5_9,0.06350703537464142
FRAG_NEG_trNEGATIVE72588_41_9,0.1485605388879776
FRAG_NEG_trNEGATIVE40334_64_9,0.1449635773897171
FRAG_NEG_trNEGATIVE77734_51_9,0.0142894946038723
FRAG_NEG_trNEGATIVE91477_42_9,0.15388672053813934
FRAG_NEG_trNEGATIVE34714_6_9,0.01931610517203808
FRAG_NEG_trNEGATIVE48369_12_9,0.06480177491903305
FRAG_NEG_trNEGATIVE36679_55_9,0.03354920446872711
FRAG_NEG_trNEGATIVE50596_9_9,0.08690181374549866
FRAG_NEG_trNEGATIVE51173_47_9,0.1922324001789093
FRAG_NEG_trNEGATIVE34066_28_9,0.05449606478214264
FRAG_NEG_trNEGATIVE54101_52_9,0.019735850393772125
FRAG_NEG_trNEGATIVE89433_25_9,0.046564940363168716
FRAG_NEG_trNEGATIVE70876_52_9,0.014676695689558983
FRAG_NEG_trNEGATIVE27492_35_9,0.02623719722032547
FRAG_NEG_trNEGATIVE82713_20_9,0.07843314856290817
FRAG_NEG_trNEGATIVE33165_49_9,0.1572495698928833
FRAG_NEG_trNEGATIVE31015_56_9,0.02988017536699772
FRAG_NEG_trNEGATIVE96486_31_9,0.2509925663471222
FRAG_NEG_trNEGATIVE77972_40_9,0.025779185816645622
FRAG_NEG_trNEGATIVE36310_44_9,0.22597511112689972
FRAG_NEG_trNEGATIVE59659_34_9,0.3678097724914551
FRAG_NEG_trNEGATIVE69390_26_9,0.030526140704751015
FRAG_NEG_trNEGATIVE87789_26_9,0.018831031396985054
FRAG_NEG_trNEGATIVE82446_0_9,0.06112539395689964
FRAG_NEG_trNEGATIVE48094_63_9,0.05817709490656853
FRAG_NEG_trNEGATIVE71123_37_9,0.18913868069648743
NEG_trNEGATIVE30215,0.5613769888877869
FRAG_NEG_trNEGATIVE57293_73_9,0.02420099265873432
FRAG_NEG_trNEGATIVE54965_46_9,0.06104353070259094
FRAG_NEG_trNEGATIVE88737_8_9,0.024657433852553368
FRAG_NEG_trNEGATIVE76135_37_9,0.04051123932003975
FRAG_NEG_trNEGATIVE86831_43_9,0.04217914119362831
FRAG_NEG_trNEGATIVE64135_59_9,0.2107168585062027
FRAG_NEG_trNEGATIVE83073_53_9,0.049036554992198944
FRAG_NEG_trNEGATIVE96676_48_9,0.0362430177628994
FRAG_NEG_trNEGATIVE81335_27_9,0.017297955229878426
NEG_trNEGATIVE50086,0.014086826704442501
NEG_teNEGATIVE18462,0.023820750415325165
FRAG_NEG_trNEGATIVE88202_8_9,0.04437978193163872
FRAG_NEG_trNEGATIVE28179_77_9,0.12270621210336685
FRAG_NEG_trNEGATIVE47940_35_9,0.11600734293460846
FRAG_NEG_trNEGATIVE80263_7_9,0.12036486715078354
FRAG_NEG_trNEGATIVE75662_17_9,0.19970349967479706
FRAG_NEG_trNEGATIVE42608_24_9,0.7887551188468933
NEG_teNEGATIVE16166,0.020506620407104492
FRAG_NEG_trNEGATIVE32775_50_9,0.021741531789302826
FRAG_NEG_trNEGATIVE30728_11_9,0.02887568064033985
NEG_trNEGATIVE90300,0.06249406188726425
FRAG_NEG_trNEGATIVE89426_73_9,0.36361071467399597
FRAG_NEG_trNEGATIVE59833_19_9,0.0451262965798378
FRAG_NEG_trNEGATIVE60492_59_9,0.3259381949901581
FRAG_NEG_trNEGATIVE36367_41_9,0.06533540785312653
FRAG_NEG_trNEGATIVE47794_3_9,0.06322121620178223
FRAG_NEG_trNEGATIVE50019_21_9,0.01682642102241516
FRAG_NEG_trNEGATIVE85333_17_9,0.021298183128237724
FRAG_NEG_trNEGATIVE53046_27_9,0.4506802260875702
FRAG_NEG_trNEGATIVE65709_41_9,0.029866674914956093
FRAG_NEG_trNEGATIVE88413_43_9,0.041696835309267044
FRAG_NEG_trNEGATIVE28742_10_9,0.09452231973409653
FRAG_NEG_trNEGATIVE97032_59_9,0.6670107841491699
FRAG_NEG_trNEGATIVE66672_8_9,0.059683408588171005
FRAG_NEG_trNEGATIVE80544_2_9,0.06616459041833878
FRAG_NEG_trNEGATIVE71150_9_9,0.016774073243141174
FRAG_NEG_trNEGATIVE47424_24_9,0.06328149139881134
FRAG_NEG_trNEGATIVE66666_47_9,0.18205402791500092
FRAG_NEG_trNEGATIVE80623_9_9,0.03332343325018883
FRAG_NEG_trNEGATIVE33158_35_9,0.7878440022468567
FRAG_NEG_trNEGATIVE59109_51_9,0.07210244238376617
FRAG_NEG_trNEGATIVE35751_11_9,0.03453429415822029
FRAG_NEG_trNEGATIVE57354_9_9,0.07527981698513031
FRAG_NEG_trNEGATIVE93594_48_9,0.035981401801109314
FRAG_NEG_trNEGATIVE78668_65_9,0.014503251761198044
FRAG_NEG_trNEGATIVE39186_23_9,0.07222315669059753
NEG_trNEGATIVE73795,0.05105851963162422
FRAG_NEG_trNEGATIVE55859_61_9,0.03678390756249428
FRAG_NEG_trNEGATIVE92449_51_9,0.027707954868674278
FRAG_NEG_trNEGATIVE27696_67_9,0.025519641116261482
FRAG_NEG_trNEGATIVE73858_21_9,0.41087770462036133
FRAG_NEG_trNEGATIVE92304_53_9,0.41920721530914307
FRAG_NEG_trNEGATIVE94857_64_9,0.21219147741794586
FRAG_NEG_trNEGATIVE63153_71_9,0.06685681641101837
FRAG_NEG_trNEGATIVE82168_34_9,0.09093659371137619
FRAG_NEG_trNEGATIVE33023_40_9,0.04758618026971817
FRAG_NEG_trNEGATIVE63354_16_9,0.12270624190568924
FRAG_NEG_trNEGATIVE36193_16_9,0.06498808413743973
FRAG_NEG_trNEGATIVE55371_14_9,0.0517645999789238
FRAG_NEG_trNEGATIVE47104_25_9,0.5107792019844055
FRAG_NEG_trNEGATIVE40505_36_9,0.062077563256025314
FRAG_NEG_trNEGATIVE29069_58_9,0.030294805765151978
NEG_trNEGATIVE54176,0.0531671978533268
FRAG_NEG_trNEGATIVE89249_12_9,0.12448199838399887
FRAG_NEG_trNEGATIVE85633_69_9,0.9006295204162598
FRAG_NEG_trNEGATIVE36430_31_9,0.04270779713988304
FRAG_NEG_trNEGATIVE51781_51_9,0.7974936962127686
NEG_trNEGATIVE78749,0.6977901458740234
FRAG_NEG_trNEGATIVE90289_36_9,0.17263074219226837
FRAG_NEG_trNEGATIVE39006_64_9,0.03191385418176651
FRAG_NEG_trNEGATIVE88124_70_9,0.09918227046728134
FRAG_NEG_trNEGATIVE39877_34_9,0.05874721705913544
FRAG_NEG_trNEGATIVE83802_42_9,0.030324656516313553
FRAG_NEG_trNEGATIVE59972_33_9,0.2718753218650818
FRAG_NEG_trNEGATIVE78093_80_9,0.023162316530942917
NEG_teNEGATIVE01303,0.03344878554344177
FRAG_NEG_trNEGATIVE92346_14_9,0.06697005033493042
FRAG_NEG_trNEGATIVE96551_48_9,0.41811826825141907
FRAG_NEG_trNEGATIVE50424_38_9,0.036681655794382095
FRAG_NEG_trNEGATIVE46361_10_9,0.08100375533103943
FRAG_NEG_trNEGATIVE67079_48_9,0.06022926792502403
FRAG_NEG_trNEGATIVE86159_64_9,0.04870888590812683
FRAG_NEG_trNEGATIVE36706_41_9,0.061111629009246826
FRAG_NEG_trNEGATIVE45132_39_9,0.023555593565106392
NEG_teNEGATIVE01542,0.0522480234503746
FRAG_NEG_trNEGATIVE96352_13_9,0.02614235319197178
FRAG_NEG_trNEGATIVE60036_14_9,0.02831662818789482
FRAG_NEG_trNEGATIVE72346_0_9,0.09443491697311401
FRAG_NEG_trNEGATIVE40094_33_9,0.020355047658085823
FRAG_NEG_trNEGATIVE52530_49_9,0.07492247223854065
FRAG_NEG_trNEGATIVE50386_65_9,0.02181599847972393
FRAG_NEG_trNEGATIVE90242_25_9,0.09757144004106522
FRAG_NEG_trNEGATIVE35447_26_9,0.24863702058792114
FRAG_NEG_trNEGATIVE58968_5_9,0.019397258758544922
FRAG_NEG_trNEGATIVE84350_29_9,0.037721894681453705
FRAG_NEG_trNEGATIVE91770_72_9,0.10831775516271591
FRAG_NEG_trNEGATIVE70278_0_9,0.05309591814875603
FRAG_NEG_trNEGATIVE37877_17_9,0.020251281559467316
FRAG_NEG_trNEGATIVE44273_6_9,0.14012235403060913
FRAG_NEG_trNEGATIVE55065_19_9,0.03138341009616852
FRAG_NEG_trNEGATIVE28269_54_9,0.24922902882099152
FRAG_NEG_trNEGATIVE39270_39_9,0.28555503487586975
FRAG_NEG_trNEGATIVE36562_27_9,0.13596437871456146
FRAG_NEG_trNEGATIVE77167_11_9,0.016372373327612877
FRAG_NEG_trNEGATIVE67162_41_9,0.01984323002398014
FRAG_NEG_trNEGATIVE48303_13_9,0.06390698999166489
NEG_trNEGATIVE59895,0.06509613990783691
FRAG_NEG_trNEGATIVE93454_1_9,0.03329111635684967
FRAG_NEG_trNEGATIVE42561_23_9,0.8917686939239502
FRAG_NEG_trNEGATIVE44715_88_9,0.021439077332615852
FRAG_NEG_trNEGATIVE89435_20_9,0.06556541472673416
FRAG_NEG_trNEGATIVE88017_41_9,0.0284542515873909
FRAG_NEG_trNEGATIVE52041_4_9,0.018802734091877937
FRAG_NEG_trNEGATIVE40586_14_9,0.0564764142036438
FRAG_NEG_trNEGATIVE60306_33_9,0.10116872936487198
FRAG_NEG_trNEGATIVE28294_56_9,0.03443383425474167
NEG_trNEGATIVE65146,0.5020343065261841
FRAG_NEG_trNEGATIVE40633_2_9,0.029052451252937317
FRAG_NEG_trNEGATIVE73433_52_9,0.49881166219711304
NEG_teNEGATIVE02418,0.09850607067346573
NEG_trNEGATIVE72658,0.043437227606773376
FRAG_NEG_trNEGATIVE68783_34_9,0.23396246135234833
FRAG_NEG_trNEGATIVE35778_63_9,0.32871273159980774
FRAG_NEG_trNEGATIVE61856_7_9,0.07485831528902054
FRAG_NEG_trNEGATIVE71694_18_9,0.2674480974674225
FRAG_NEG_trNEGATIVE95213_46_9,0.03914327174425125
FRAG_NEG_trNEGATIVE35042_55_9,0.022487057372927666
FRAG_NEG_trNEGATIVE90276_58_9,0.04375828430056572
FRAG_NEG_trNEGATIVE92602_56_9,0.23456694185733795
FRAG_NEG_trNEGATIVE47846_18_9,0.03337087109684944
NEG_trNEGATIVE68378,0.026417743414640427
FRAG_NEG_trNEGATIVE51001_11_9,0.27494075894355774
FRAG_NEG_trNEGATIVE66557_9_9,0.13605980575084686
FRAG_NEG_trNEGATIVE33584_12_9,0.02072283811867237
NEG_trNEGATIVE54022,0.2573888897895813
FRAG_NEG_trNEGATIVE62564_23_9,0.036858391016721725
FRAG_NEG_trNEGATIVE79926_8_9,0.6253682374954224
FRAG_NEG_trNEGATIVE75383_56_9,0.042656030505895615
FRAG_NEG_trNEGATIVE33202_5_9,0.47887396812438965
NEG_trNEGATIVE87852,0.12053101509809494
FRAG_NEG_trNEGATIVE78376_50_9,0.03513749688863754
FRAG_NEG_trNEGATIVE90839_0_9,0.1754285991191864
FRAG_NEG_trNEGATIVE59138_43_9,0.024539638310670853
FRAG_NEG_trNEGATIVE75528_47_9,0.1263892948627472
FRAG_NEG_trNEGATIVE69160_71_9,0.013707652688026428
FRAG_NEG_trNEGATIVE49543_26_9,0.11374468356370926
FRAG_NEG_trNEGATIVE96555_36_9,0.8053609132766724
FRAG_NEG_trNEGATIVE36657_9_9,0.8272425532341003
FRAG_NEG_trNEGATIVE55193_84_9,0.21976172924041748
FRAG_NEG_trNEGATIVE90060_50_9,0.044288747012615204
FRAG_NEG_trNEGATIVE79273_55_9,0.07992787659168243
FRAG_NEG_trNEGATIVE80751_26_9,0.11230386793613434
FRAG_NEG_trNEGATIVE40991_26_9,0.12170764803886414
NEG_trNEGATIVE28613,0.020679935812950134
NEG_trNEGATIVE39338,0.08184957504272461
FRAG_NEG_trNEGATIVE95587_19_9,0.05558137223124504
FRAG_NEG_trNEGATIVE28558_67_9,0.05322595313191414
FRAG_NEG_trNEGATIVE58301_23_9,0.7747933864593506
FRAG_NEG_trNEGATIVE47499_72_9,0.09140608459711075
NEG_trNEGATIVE79098,0.11229782551527023
FRAG_NEG_trNEGATIVE83262_3_9,0.016674019396305084
FRAG_NEG_trNEGATIVE40980_1_9,0.4697592556476593
FRAG_NEG_trNEGATIVE77987_42_9,0.080533966422081
FRAG_NEG_trNEGATIVE80763_16_9,0.05349716544151306
FRAG_NEG_trNEGATIVE34067_21_9,0.01778419502079487
FRAG_NEG_trNEGATIVE89562_46_9,0.05842922255396843
NEG_trNEGATIVE33572,0.028528355062007904
FRAG_NEG_trNEGATIVE55818_27_9,0.10351081192493439
NEG_trNEGATIVE56802,0.08121740072965622
FRAG_NEG_trNEGATIVE79327_38_9,0.07891564816236496
FRAG_NEG_trNEGATIVE54354_8_9,0.030085662379860878
FRAG_NEG_trNEGATIVE31694_23_9,0.7856658101081848
FRAG_NEG_trNEGATIVE51362_51_9,0.05067109689116478
FRAG_NEG_trNEGATIVE58718_23_9,0.06886604428291321
FRAG_NEG_trNEGATIVE86666_13_9,0.24341538548469543
FRAG_NEG_trNEGATIVE42856_64_9,0.06391683965921402
FRAG_NEG_trNEGATIVE82819_2_9,0.06437763571739197
FRAG_NEG_trNEGATIVE76478_72_9,0.23496851325035095
FRAG_NEG_trNEGATIVE70378_33_9,0.07082275301218033
FRAG_NEG_trNEGATIVE31541_3_9,0.24351942539215088
FRAG_NEG_trNEGATIVE45583_7_9,0.029883507639169693
FRAG_NEG_trNEGATIVE61773_9_9,0.8214908242225647
FRAG_NEG_trNEGATIVE95879_53_9,0.01765761896967888
FRAG_NEG_trNEGATIVE77187_21_9,0.11378787457942963
FRAG_NEG_trNEGATIVE95106_44_9,0.043870240449905396
NEG_trNEGATIVE92685,0.06981059163808823
FRAG_NEG_trNEGATIVE30044_56_9,0.5684006810188293
FRAG_NEG_trNEGATIVE69170_55_9,0.19680379331111908
FRAG_NEG_trNEGATIVE33548_5_9,0.04314098507165909
FRAG_NEG_trNEGATIVE79245_0_9,0.14950095117092133
NEG_trNEGATIVE69235,0.015387216582894325
FRAG_NEG_trNEGATIVE77586_25_9,0.07678855210542679
NEG_trNEGATIVE65138,0.045085031539201736
FRAG_NEG_trNEGATIVE44384_61_9,0.8236254453659058
FRAG_NEG_trNEGATIVE31181_42_9,0.03440456464886665
NEG_trNEGATIVE92217,0.09093435853719711
FRAG_NEG_trNEGATIVE31300_83_9,0.06337683647871017
FRAG_NEG_trNEGATIVE59119_24_9,0.11108909547328949
FRAG_NEG_trNEGATIVE53727_2_9,0.10152170062065125
FRAG_NEG_trNEGATIVE53259_6_9,0.7687416076660156
FRAG_NEG_trNEGATIVE34943_71_9,0.08019344508647919
FRAG_NEG_trNEGATIVE57619_29_9,0.030552415177226067
FRAG_NEG_trNEGATIVE36091_9_9,0.04219019040465355
FRAG_NEG_trNEGATIVE88809_40_9,0.20980717241764069
FRAG_NEG_trNEGATIVE89249_44_9,0.19211797416210175
FRAG_NEG_trNEGATIVE56510_41_9,0.6599788069725037
FRAG_NEG_trNEGATIVE65012_31_9,0.017782462760806084
FRAG_NEG_trNEGATIVE86988_5_9,0.3369852304458618
FRAG_NEG_trNEGATIVE39048_28_9,0.5378114581108093
FRAG_NEG_trNEGATIVE95674_49_9,0.05030537396669388
FRAG_NEG_trNEGATIVE49119_17_9,0.12928128242492676
FRAG_NEG_trNEGATIVE80313_47_9,0.20397429168224335
NEG_trNEGATIVE49354,0.08861742168664932
FRAG_NEG_trNEGATIVE85788_42_9,0.1445518434047699
FRAG_NEG_trNEGATIVE58350_6_9,0.019968727603554726
FRAG_NEG_trNEGATIVE71828_79_9,0.0806463360786438
FRAG_NEG_trNEGATIVE40371_25_9,0.08846641331911087
FRAG_NEG_trNEGATIVE92309_20_9,0.040775056928396225
FRAG_NEG_trNEGATIVE34205_37_9,0.8596324324607849
FRAG_NEG_trNEGATIVE63500_37_9,0.029865333810448647
FRAG_NEG_trNEGATIVE46665_12_9,0.02840753272175789
FRAG_NEG_trNEGATIVE86557_40_9,0.056869298219680786
FRAG_NEG_trNEGATIVE87504_48_9,0.024696771055459976
FRAG_NEG_trNEGATIVE81212_49_9,0.23095516860485077
FRAG_NEG_trNEGATIVE29559_14_9,0.06075756624341011
FRAG_NEG_trNEGATIVE67719_17_9,0.023954810574650764
FRAG_NEG_trNEGATIVE96622_44_9,0.06729529798030853
FRAG_NEG_trNEGATIVE92112_69_9,0.10767810046672821
FRAG_NEG_trNEGATIVE32518_63_9,0.12293518334627151
FRAG_NEG_trNEGATIVE33750_34_9,0.43834197521209717
FRAG_NEG_trNEGATIVE49831_26_9,0.8030158877372742
FRAG_NEG_trNEGATIVE86836_21_9,0.6991481781005859
FRAG_NEG_trNEGATIVE85783_44_9,0.3376975953578949
FRAG_NEG_trNEGATIVE48206_46_9,0.5317564606666565
FRAG_NEG_trNEGATIVE87987_0_9,0.02631879784166813
FRAG_NEG_trNEGATIVE88738_24_9,0.8884351849555969
NEG_trNEGATIVE36811,0.07435023784637451
NEG_trNEGATIVE79106,0.9057756662368774
FRAG_NEG_trNEGATIVE80439_12_9,0.06619319319725037
FRAG_NEG_trNEGATIVE70250_46_9,0.07886805385351181
FRAG_NEG_trNEGATIVE95615_11_9,0.9668498635292053
FRAG_NEG_trNEGATIVE91199_72_9,0.05963853374123573
FRAG_NEG_trNEGATIVE92794_12_9,0.23548413813114166
NEG_trNEGATIVE60618,0.24427218735218048
FRAG_NEG_trNEGATIVE46247_49_9,0.1319102793931961
FRAG_NEG_trNEGATIVE71456_58_9,0.021473577246069908
FRAG_NEG_trNEGATIVE58430_35_9,0.015337844379246235
FRAG_NEG_trNEGATIVE31183_20_9,0.15377835929393768
FRAG_NEG_trNEGATIVE83584_63_9,0.05884712561964989
FRAG_NEG_trNEGATIVE35870_15_9,0.060901425778865814
NEG_trNEGATIVE97838,0.28496697545051575
FRAG_NEG_trNEGATIVE87471_24_9,0.1612548977136612
FRAG_NEG_trNEGATIVE70191_36_10,0.036921001970767975
FRAG_NEG_trNEGATIVE61563_48_10,0.024477599188685417
FRAG_NEG_trNEGATIVE84432_18_10,0.9074947834014893
FRAG_NEG_trNEGATIVE60389_0_10,0.06793873012065887
FRAG_NEG_trNEGATIVE73100_41_10,0.4115786850452423
FRAG_NEG_trNEGATIVE84819_14_10,0.07028720527887344
FRAG_NEG_trNEGATIVE53467_21_10,0.05102737620472908
NEG_teNEGATIVE18334,0.6155176162719727
FRAG_NEG_trNEGATIVE28397_8_10,0.03633270040154457
FRAG_NEG_trNEGATIVE68177_29_10,0.16657522320747375
FRAG_NEG_trNEGATIVE74610_14_10,0.015112300403416157
FRAG_NEG_trNEGATIVE33646_9_10,0.12824547290802002
FRAG_NEG_trNEGATIVE69844_25_10,0.1062239408493042
FRAG_NEG_trNEGATIVE48716_8_10,0.4116244912147522
FRAG_NEG_trNEGATIVE35629_66_10,0.020132368430495262
FRAG_NEG_trNEGATIVE47482_17_10,0.0843895822763443
FRAG_NEG_trNEGATIVE71898_63_10,0.04408860206604004
FRAG_NEG_trNEGATIVE78337_15_10,0.02873152680695057
FRAG_NEG_trNEGATIVE90772_70_10,0.3853197395801544
FRAG_NEG_trNEGATIVE82506_56_10,0.03624949976801872
FRAG_NEG_trNEGATIVE66509_35_10,0.03887591138482094
FRAG_NEG_trNEGATIVE38748_32_10,0.2749081552028656
FRAG_NEG_trNEGATIVE70267_60_10,0.029113635420799255
FRAG_NEG_trNEGATIVE47718_56_10,0.539306104183197
FRAG_NEG_trNEGATIVE73239_14_10,0.03523385524749756
FRAG_NEG_trNEGATIVE46275_23_10,0.7915436625480652
FRAG_NEG_trNEGATIVE47947_17_10,0.23220553994178772
FRAG_NEG_trNEGATIVE87644_74_10,0.04130623862147331
FRAG_NEG_trNEGATIVE75125_23_10,0.3158036768436432
NEG_trNEGATIVE66312,0.2701321244239807
NEG_trNEGATIVE74639,0.4579077661037445
FRAG_NEG_trNEGATIVE38900_31_10,0.042364053428173065
FRAG_NEG_trNEGATIVE54737_33_10,0.05281921103596687
FRAG_NEG_trNEGATIVE80275_82_10,0.02280999906361103
FRAG_NEG_trNEGATIVE74439_46_10,0.02678367681801319
FRAG_NEG_trNEGATIVE74328_54_10,0.38033103942871094
FRAG_NEG_trNEGATIVE69851_31_10,0.05436405539512634
FRAG_NEG_trNEGATIVE49684_26_10,0.023654023185372353
FRAG_NEG_trNEGATIVE80731_2_10,0.02085045352578163
FRAG_NEG_trNEGATIVE87687_55_10,0.03558274731040001
FRAG_NEG_trNEGATIVE84326_21_10,0.11753395199775696
FRAG_NEG_trNEGATIVE79461_45_10,0.02333296462893486
NEG_teNEGATIVE23344,0.06562898308038712
FRAG_NEG_trNEGATIVE82367_45_10,0.040873315185308456
FRAG_NEG_trNEGATIVE80792_12_10,0.06754553318023682
FRAG_NEG_trNEGATIVE27918_25_10,0.1227172240614891
FRAG_NEG_trNEGATIVE92258_27_10,0.021327940747141838
FRAG_NEG_trNEGATIVE44181_24_10,0.2758101224899292
NEG_trNEGATIVE73873,0.1235312670469284
FRAG_NEG_trNEGATIVE80280_53_10,0.06772305816411972
FRAG_NEG_trNEGATIVE45057_63_10,0.3287475109100342
NEG_trNEGATIVE41563,0.571411669254303
FRAG_NEG_trNEGATIVE58096_12_10,0.016873478889465332
FRAG_NEG_trNEGATIVE47663_37_10,0.13866306841373444
FRAG_NEG_trNEGATIVE81390_1_10,0.02675461396574974
FRAG_NEG_trNEGATIVE31776_66_10,0.015259474515914917
FRAG_NEG_trNEGATIVE47268_28_10,0.049467798322439194
FRAG_NEG_trNEGATIVE52234_18_10,0.11047201603651047
FRAG_NEG_trNEGATIVE88199_29_10,0.02457197941839695
FRAG_NEG_trNEGATIVE77511_7_10,0.13728898763656616
FRAG_NEG_trNEGATIVE85529_27_10,0.046843625605106354
FRAG_NEG_trNEGATIVE73055_32_10,0.06220633164048195
FRAG_NEG_trNEGATIVE92667_11_10,0.037161268293857574
FRAG_NEG_trNEGATIVE38801_49_10,0.4989491403102875
FRAG_NEG_trNEGATIVE28837_63_10,0.3479297459125519
FRAG_NEG_trNEGATIVE33314_55_10,0.020051265135407448
FRAG_NEG_trNEGATIVE37726_87_10,0.25738948583602905
FRAG_NEG_trNEGATIVE90255_54_10,0.729611337184906
FRAG_NEG_trNEGATIVE59281_44_10,0.0621715784072876
FRAG_NEG_trNEGATIVE33598_7_10,0.21867290139198303
FRAG_NEG_trNEGATIVE48791_27_10,0.029173996299505234
FRAG_NEG_trNEGATIVE36370_2_10,0.1375984251499176
NEG_teNEGATIVE22305,0.01762547343969345
FRAG_NEG_trNEGATIVE72674_17_10,0.7942572832107544
FRAG_NEG_trNEGATIVE36783_19_10,0.03144310042262077
FRAG_NEG_trNEGATIVE64007_43_10,0.027715979143977165
NEG_trNEGATIVE100161,0.38093870878219604
FRAG_NEG_trNEGATIVE80564_55_10,0.043674666434526443
FRAG_NEG_trNEGATIVE57619_12_10,0.12000852078199387
FRAG_NEG_trNEGATIVE70479_36_10,0.08153525739908218
FRAG_NEG_trNEGATIVE68110_9_10,0.05589338764548302
FRAG_NEG_trNEGATIVE90289_17_10,0.02407858520746231
FRAG_NEG_trNEGATIVE61675_44_10,0.05120594799518585
FRAG_NEG_trNEGATIVE44841_42_10,0.04115896672010422
FRAG_NEG_trNEGATIVE30453_46_10,0.2696581780910492
FRAG_NEG_trNEGATIVE83944_28_10,0.03645474836230278
FRAG_NEG_trNEGATIVE36870_20_10,0.38457342982292175
FRAG_NEG_trNEGATIVE30200_8_10,0.04332028329372406
FRAG_NEG_trNEGATIVE82829_53_10,0.044018737971782684
FRAG_NEG_trNEGATIVE37122_34_10,0.1582404375076294
FRAG_NEG_trNEGATIVE70835_35_10,0.13675490021705627
FRAG_NEG_trNEGATIVE40968_26_10,0.1599300056695938
FRAG_NEG_trNEGATIVE94727_45_10,0.06004030629992485
FRAG_NEG_trNEGATIVE51856_44_10,0.02661934308707714
FRAG_NEG_trNEGATIVE42521_55_10,0.037488412111997604
FRAG_NEG_trNEGATIVE62630_35_10,0.7755199074745178
FRAG_NEG_trNEGATIVE71152_50_10,0.040720123797655106
FRAG_NEG_trNEGATIVE64864_30_10,0.15878166258335114
FRAG_NEG_trNEGATIVE62799_14_10,0.09095688164234161
FRAG_NEG_trNEGATIVE45252_38_10,0.08048789948225021
FRAG_NEG_trNEGATIVE82605_51_10,0.02693575993180275
FRAG_NEG_trNEGATIVE56201_21_10,0.03723958507180214
FRAG_NEG_trNEGATIVE59360_2_10,0.6629388928413391
NEG_teNEGATIVE13734,0.03050483763217926
FRAG_NEG_trNEGATIVE45177_21_10,0.051321614533662796
NEG_trNEGATIVE48314,0.062406398355960846
FRAG_NEG_trNEGATIVE91732_7_10,0.015881197527050972
FRAG_NEG_trNEGATIVE45365_33_10,0.42384976148605347
FRAG_NEG_trNEGATIVE36602_59_10,0.05784770846366882
FRAG_NEG_trNEGATIVE75185_62_10,0.017923370003700256
FRAG_NEG_trNEGATIVE32500_58_10,0.018636133521795273
FRAG_NEG_trNEGATIVE49987_47_10,0.050187572836875916
FRAG_NEG_trNEGATIVE86643_6_10,0.9618139266967773
FRAG_NEG_trNEGATIVE34588_27_10,0.029523633420467377
FRAG_NEG_trNEGATIVE71388_45_10,0.11251870542764664
FRAG_NEG_trNEGATIVE46113_35_10,0.012819361872971058
FRAG_NEG_trNEGATIVE58951_62_10,0.03971283137798309
FRAG_NEG_trNEGATIVE61300_11_10,0.025031916797161102
FRAG_NEG_trNEGATIVE35193_9_10,0.07981739193201065
FRAG_NEG_trNEGATIVE34539_26_10,0.21951258182525635
FRAG_NEG_trNEGATIVE92782_19_10,0.057505179196596146
FRAG_NEG_trNEGATIVE41845_66_10,0.12191138416528702
FRAG_NEG_trNEGATIVE74862_1_10,0.07508517801761627
FRAG_NEG_trNEGATIVE74603_27_10,0.03136727958917618
FRAG_NEG_trNEGATIVE88830_37_10,0.0214419923722744
FRAG_NEG_trNEGATIVE65579_37_10,0.11962147802114487
FRAG_NEG_trNEGATIVE63055_39_10,0.07538820803165436
FRAG_NEG_trNEGATIVE63153_6_10,0.030125893652439117
NEG_trNEGATIVE89133,0.17510883510112762
NEG_trNEGATIVE41704,0.02525799348950386
FRAG_NEG_trNEGATIVE69844_9_10,0.026001622900366783
FRAG_NEG_trNEGATIVE36525_35_10,0.057618193328380585
FRAG_NEG_trNEGATIVE79299_28_10,0.6623760461807251
FRAG_NEG_trNEGATIVE66720_53_10,0.019883273169398308
FRAG_NEG_trNEGATIVE37726_68_10,0.02418341673910618
FRAG_NEG_trNEGATIVE28817_16_10,0.0669553354382515
FRAG_NEG_trNEGATIVE29795_20_10,0.03267570957541466
FRAG_NEG_trNEGATIVE51461_66_10,0.02769436128437519
FRAG_NEG_trNEGATIVE83986_21_10,0.9179582595825195
FRAG_NEG_trNEGATIVE30091_43_10,0.04785267263650894
FRAG_NEG_trNEGATIVE28558_60_10,0.021929625421762466
FRAG_NEG_trNEGATIVE93313_19_10,0.023606227710843086
FRAG_NEG_trNEGATIVE58375_6_10,0.411441445350647
FRAG_NEG_trNEGATIVE62084_74_10,0.051577676087617874
NEG_trNEGATIVE50873,0.10425920784473419
FRAG_NEG_trNEGATIVE63376_22_10,0.027145322412252426
FRAG_NEG_trNEGATIVE81986_83_10,0.030778324231505394
FRAG_NEG_trNEGATIVE56523_49_10,0.02467847615480423
FRAG_NEG_trNEGATIVE91970_8_10,0.06725753098726273
FRAG_NEG_trNEGATIVE35180_44_10,0.02508060447871685
FRAG_NEG_trNEGATIVE75185_34_10,0.16724787652492523
FRAG_NEG_trNEGATIVE58419_17_10,0.04422688111662865
FRAG_NEG_trNEGATIVE37469_38_10,0.024756746366620064
FRAG_NEG_trNEGATIVE34860_28_10,0.19807350635528564
FRAG_NEG_trNEGATIVE71788_16_10,0.10406111925840378
FRAG_NEG_trNEGATIVE39961_3_10,0.01465071551501751
FRAG_NEG_trNEGATIVE54945_42_10,0.024993563070893288
FRAG_NEG_trNEGATIVE66718_31_10,0.1658613234758377
NEG_trNEGATIVE80488,0.025404591113328934
FRAG_NEG_trNEGATIVE73433_0_10,0.03170515224337578
FRAG_NEG_trNEGATIVE86746_30_10,0.04151403158903122
FRAG_NEG_trNEGATIVE27950_33_10,0.046120576560497284
FRAG_NEG_trNEGATIVE76826_2_10,0.11585695296525955
FRAG_NEG_trNEGATIVE90895_48_10,0.05559916794300079
FRAG_NEG_trNEGATIVE32176_11_10,0.8636108636856079
FRAG_NEG_trNEGATIVE42400_61_10,0.011618719436228275
FRAG_NEG_trNEGATIVE62795_48_10,0.2834499180316925
FRAG_NEG_trNEGATIVE32820_7_10,0.12619374692440033
FRAG_NEG_trNEGATIVE30544_69_10,0.7294093370437622
FRAG_NEG_trNEGATIVE64185_13_10,0.03663971275091171
FRAG_NEG_trNEGATIVE35864_22_10,0.07545019686222076
NEG_trNEGATIVE53510,0.16815319657325745
FRAG_NEG_trNEGATIVE61999_0_10,0.030288074165582657
FRAG_NEG_trNEGATIVE69105_15_10,0.025515882298350334
FRAG_NEG_trNEGATIVE83705_57_10,0.04670040309429169
FRAG_NEG_trNEGATIVE44002_6_10,0.1714000701904297
FRAG_NEG_trNEGATIVE87512_51_10,0.024167370051145554
FRAG_NEG_trNEGATIVE84888_3_10,0.030179070308804512
FRAG_NEG_trNEGATIVE47173_6_10,0.04313603416085243
FRAG_NEG_trNEGATIVE79245_32_10,0.04862719029188156
FRAG_NEG_trNEGATIVE61713_1_10,0.20377609133720398
FRAG_NEG_trNEGATIVE71200_29_10,0.06376933306455612
FRAG_NEG_trNEGATIVE94364_14_10,0.046850696206092834
FRAG_NEG_trNEGATIVE30948_60_10,0.04691103473305702
FRAG_NEG_trNEGATIVE60820_22_10,0.8516203165054321
FRAG_NEG_trNEGATIVE47408_56_10,0.12529510259628296
FRAG_NEG_trNEGATIVE81517_25_10,0.9128556847572327
FRAG_NEG_trNEGATIVE78139_57_10,0.0684746727347374
FRAG_NEG_trNEGATIVE46780_42_10,0.8937231302261353
FRAG_NEG_trNEGATIVE68641_40_10,0.08772055804729462
FRAG_NEG_trNEGATIVE29192_16_10,0.023223495110869408
FRAG_NEG_trNEGATIVE52734_4_10,0.03979502618312836
FRAG_NEG_trNEGATIVE88167_65_10,0.02946876734495163
FRAG_NEG_trNEGATIVE47243_17_10,0.08892923593521118
FRAG_NEG_trNEGATIVE66432_0_10,0.3795430362224579
FRAG_NEG_trNEGATIVE82830_11_10,0.03274853527545929
FRAG_NEG_trNEGATIVE66233_1_10,0.08789236098527908
FRAG_NEG_trNEGATIVE95555_53_10,0.030051393434405327
FRAG_NEG_trNEGATIVE40834_53_10,0.026171715930104256
FRAG_NEG_trNEGATIVE32913_58_10,0.07694407552480698
NEG_trNEGATIVE34295,0.2696745693683624
FRAG_NEG_trNEGATIVE77310_22_10,0.019039519131183624
NEG_trNEGATIVE70319,0.10180975496768951
FRAG_NEG_trNEGATIVE79605_57_10,0.07861211895942688
FRAG_NEG_trNEGATIVE62973_17_10,0.056217294186353683
FRAG_NEG_trNEGATIVE66234_13_10,0.11765427887439728
FRAG_NEG_trNEGATIVE63133_58_10,0.10381533205509186
FRAG_NEG_trNEGATIVE57538_45_10,0.034668147563934326
FRAG_NEG_trNEGATIVE68527_25_10,0.7939717769622803
FRAG_NEG_trNEGATIVE49297_34_10,0.019219068810343742
FRAG_NEG_trNEGATIVE87505_26_10,0.8599713444709778
FRAG_NEG_trNEGATIVE72067_21_10,0.08658136427402496
FRAG_NEG_trNEGATIVE61730_8_10,0.5086506605148315
FRAG_NEG_trNEGATIVE65294_73_10,0.8488306999206543
FRAG_NEG_trNEGATIVE96532_7_10,0.012652833014726639
FRAG_NEG_trNEGATIVE85743_32_10,0.03471884876489639
FRAG_NEG_trNEGATIVE53623_5_10,0.5803861021995544
FRAG_NEG_trNEGATIVE93132_4_10,0.15842734277248383
FRAG_NEG_trNEGATIVE30957_39_10,0.043319329619407654
FRAG_NEG_trNEGATIVE51669_22_10,0.054265327751636505
FRAG_NEG_trNEGATIVE53744_41_10,0.04390957951545715
FRAG_NEG_trNEGATIVE85729_6_10,0.30530476570129395
FRAG_NEG_trNEGATIVE64023_54_10,0.029730774462223053
FRAG_NEG_trNEGATIVE42521_43_10,0.06855752319097519
FRAG_NEG_trNEGATIVE84651_3_10,0.6382814049720764
NEG_trNEGATIVE56930,0.052183471620082855
FRAG_NEG_trNEGATIVE75833_23_10,0.028300369158387184
FRAG_NEG_trNEGATIVE86744_9_10,0.0234095249325037
FRAG_NEG_trNEGATIVE58940_12_10,0.0150077473372221
FRAG_NEG_trNEGATIVE67647_44_10,0.07063525170087814
NEG_trNEGATIVE44084,0.02655923366546631
FRAG_NEG_trNEGATIVE37240_49_10,0.06600533425807953
FRAG_NEG_trNEGATIVE64293_51_10,0.0724123939871788
FRAG_NEG_trNEGATIVE53070_46_10,0.03538893535733223
FRAG_NEG_trNEGATIVE47404_39_10,0.1046510636806488
FRAG_NEG_trNEGATIVE32676_38_10,0.4188024401664734
FRAG_NEG_trNEGATIVE37791_45_10,0.015130472369492054
FRAG_NEG_trNEGATIVE87419_25_10,0.03312763571739197
FRAG_NEG_trNEGATIVE91985_8_10,0.1285770982503891
FRAG_NEG_trNEGATIVE43269_10_10,0.4958619773387909
FRAG_NEG_trNEGATIVE33800_7_10,0.07617642730474472
FRAG_NEG_trNEGATIVE39004_69_10,0.15391677618026733
FRAG_NEG_trNEGATIVE39692_45_10,0.035753700882196426
FRAG_NEG_trNEGATIVE54009_5_10,0.038720209151506424
FRAG_NEG_trNEGATIVE34514_28_10,0.06102742627263069
FRAG_NEG_trNEGATIVE30057_28_10,0.016640707850456238
FRAG_NEG_trNEGATIVE67819_50_10,0.8815625905990601
FRAG_NEG_trNEGATIVE36422_7_10,0.29558825492858887
FRAG_NEG_trNEGATIVE42422_48_10,0.059252530336380005
FRAG_NEG_trNEGATIVE31110_19_10,0.03259893134236336
FRAG_NEG_trNEGATIVE81209_33_10,0.31598904728889465
FRAG_NEG_trNEGATIVE78727_9_10,0.021694999188184738
FRAG_NEG_trNEGATIVE42096_37_10,0.24697591364383698
FRAG_NEG_trNEGATIVE52230_1_10,0.029894409701228142
FRAG_NEG_trNEGATIVE68769_24_10,0.03077065572142601
FRAG_NEG_trNEGATIVE36290_87_10,0.07420753687620163
FRAG_NEG_trNEGATIVE89605_47_10,0.02934211492538452
FRAG_NEG_trNEGATIVE43013_2_10,0.03515121340751648
FRAG_NEG_trNEGATIVE40980_30_10,0.03826530650258064
FRAG_NEG_trNEGATIVE84468_6_10,0.028257010504603386
FRAG_NEG_trNEGATIVE71374_21_10,0.03280225023627281
FRAG_NEG_trNEGATIVE51921_17_10,0.08399928361177444
FRAG_NEG_trNEGATIVE29851_64_10,0.03453178331255913
NEG_trNEGATIVE35463,0.06302565336227417
NEG_trNEGATIVE28862,0.09748660773038864
FRAG_NEG_trNEGATIVE63846_11_10,0.11312404274940491
FRAG_NEG_trNEGATIVE35529_61_10,0.04814708232879639
FRAG_NEG_trNEGATIVE50868_15_10,0.38646113872528076
FRAG_NEG_trNEGATIVE84790_6_10,0.10088154673576355
FRAG_NEG_trNEGATIVE52961_41_10,0.061789605766534805
FRAG_NEG_trNEGATIVE63018_36_10,0.1738974153995514
FRAG_NEG_trNEGATIVE39448_19_10,0.03573739528656006
FRAG_NEG_trNEGATIVE33192_34_10,0.030882881954312325
FRAG_NEG_trNEGATIVE53014_2_10,0.02451040782034397
FRAG_NEG_trNEGATIVE29951_44_10,0.12175403535366058
FRAG_NEG_trNEGATIVE86732_72_10,0.043961018323898315
FRAG_NEG_trNEGATIVE84154_70_10,0.15394632518291473
FRAG_NEG_trNEGATIVE88847_27_10,0.04754399135708809
FRAG_NEG_trNEGATIVE81159_30_10,0.022267132997512817
FRAG_NEG_trNEGATIVE54015_23_10,0.6577906608581543
FRAG_NEG_trNEGATIVE61126_35_10,0.09322668612003326
FRAG_NEG_trNEGATIVE48026_32_10,0.25289294123649597
FRAG_NEG_trNEGATIVE31708_48_10,0.03058701939880848
FRAG_NEG_trNEGATIVE34743_2_10,0.06080128997564316
FRAG_NEG_trNEGATIVE94208_18_10,0.10539345443248749
FRAG_NEG_trNEGATIVE93893_44_10,0.046072039753198624
NEG_trNEGATIVE60758,0.022826258093118668
NEG_trNEGATIVE47592,0.16746386885643005
NEG_trNEGATIVE31841,0.21195416152477264
FRAG_NEG_trNEGATIVE47794_53_10,0.10197920352220535
FRAG_NEG_trNEGATIVE90338_29_10,0.29278042912483215
FRAG_NEG_trNEGATIVE31266_59_10,0.04349089413881302
FRAG_NEG_trNEGATIVE40834_5_10,0.4952009320259094
FRAG_NEG_trNEGATIVE70219_59_10,0.29139837622642517
NEG_trNEGATIVE89641,0.018036432564258575
FRAG_NEG_trNEGATIVE90408_60_10,0.5603069067001343
FRAG_NEG_trNEGATIVE40761_30_10,0.05656411126255989
FRAG_NEG_trNEGATIVE49229_28_10,0.019050484523177147
FRAG_NEG_trNEGATIVE51325_65_10,0.01801655814051628
FRAG_NEG_trNEGATIVE75165_28_10,0.04267127811908722
FRAG_NEG_trNEGATIVE37994_51_10,0.036644671112298965
FRAG_NEG_trNEGATIVE96823_13_10,0.16492697596549988
FRAG_NEG_trNEGATIVE51982_22_10,0.35050448775291443
FRAG_NEG_trNEGATIVE56643_19_10,0.13139759004116058
FRAG_NEG_trNEGATIVE91239_61_10,0.6743888854980469
FRAG_NEG_trNEGATIVE77089_13_10,0.043304380029439926
FRAG_NEG_trNEGATIVE32176_6_10,0.08213669061660767
FRAG_NEG_trNEGATIVE94073_17_10,0.042876046150922775
FRAG_NEG_trNEGATIVE92379_47_10,0.03867292031645775
FRAG_NEG_trNEGATIVE39300_18_10,0.018513614311814308
FRAG_NEG_trNEGATIVE31413_17_10,0.2086120843887329
FRAG_NEG_trNEGATIVE43727_34_10,0.12661179900169373
FRAG_NEG_trNEGATIVE31759_11_10,0.01575358957052231
FRAG_NEG_trNEGATIVE77715_33_10,0.042622219771146774
FRAG_NEG_trNEGATIVE39865_86_10,0.04008622467517853
FRAG_NEG_trNEGATIVE96794_37_10,0.013638695701956749
FRAG_NEG_trNEGATIVE91442_26_10,0.06612399965524673
FRAG_NEG_trNEGATIVE46695_38_10,0.36143091320991516
FRAG_NEG_trNEGATIVE70447_39_10,0.014537697657942772
FRAG_NEG_trNEGATIVE42620_29_10,0.02591719850897789
FRAG_NEG_trNEGATIVE78365_34_10,0.15406116843223572
FRAG_NEG_trNEGATIVE30544_77_10,0.07640233635902405
FRAG_NEG_trNEGATIVE54316_43_10,0.02774936333298683
FRAG_NEG_trNEGATIVE50734_40_10,0.19879557192325592
FRAG_NEG_trNEGATIVE56964_64_10,0.34734538197517395
FRAG_NEG_trNEGATIVE32322_72_10,0.4193355441093445
FRAG_NEG_trNEGATIVE74442_34_10,0.7643554210662842
FRAG_NEG_trNEGATIVE28970_31_10,0.28663602471351624
FRAG_NEG_trNEGATIVE67028_35_10,0.24406202137470245
FRAG_NEG_trNEGATIVE46184_18_10,0.42423662543296814
FRAG_NEG_trNEGATIVE71492_5_10,0.17742137610912323
FRAG_NEG_trNEGATIVE68320_22_10,0.04311678186058998
NEG_trNEGATIVE41261,0.032396964728832245
FRAG_NEG_trNEGATIVE89818_1_10,0.05770780146121979
FRAG_NEG_trNEGATIVE66485_8_10,0.7395319938659668
FRAG_NEG_trNEGATIVE47740_72_10,0.013123840093612671
FRAG_NEG_trNEGATIVE28222_50_10,0.14796002209186554
FRAG_NEG_trNEGATIVE31373_34_10,0.06510046869516373
FRAG_NEG_trNEGATIVE61615_49_10,0.041717398911714554
FRAG_NEG_trNEGATIVE55240_53_10,0.24879640340805054
FRAG_NEG_trNEGATIVE69892_16_10,0.07160047441720963
FRAG_NEG_trNEGATIVE55297_37_10,0.16214260458946228
FRAG_NEG_trNEGATIVE84728_70_10,0.3314443528652191
FRAG_NEG_trNEGATIVE32682_38_10,0.13905172049999237
FRAG_NEG_trNEGATIVE42951_9_10,0.05564633756875992
FRAG_NEG_trNEGATIVE71421_23_10,0.055254485458135605
FRAG_NEG_trNEGATIVE50338_60_10,0.09227979928255081
FRAG_NEG_trNEGATIVE76022_35_10,0.025544891133904457
FRAG_NEG_trNEGATIVE29760_18_10,0.06074122339487076
FRAG_NEG_trNEGATIVE46482_46_10,0.043194469064474106
FRAG_NEG_trNEGATIVE34647_11_10,0.1737642139196396
FRAG_NEG_trNEGATIVE43155_42_10,0.07590419054031372
FRAG_NEG_trNEGATIVE30090_61_10,0.03770667687058449
FRAG_NEG_trNEGATIVE85011_10_10,0.25511711835861206
FRAG_NEG_trNEGATIVE37845_46_10,0.0395018570125103
FRAG_NEG_trNEGATIVE45880_4_10,0.04098978266119957
FRAG_NEG_trNEGATIVE40371_40_10,0.08105935156345367
FRAG_NEG_trNEGATIVE89426_2_10,0.30197086930274963
FRAG_NEG_trNEGATIVE62442_9_10,0.03222518786787987
FRAG_NEG_trNEGATIVE46352_6_10,0.13216811418533325
FRAG_NEG_trNEGATIVE38983_7_10,0.38279178738594055
NEG_trNEGATIVE90320,0.07591945677995682
FRAG_NEG_trNEGATIVE56625_19_10,0.06356224417686462
FRAG_NEG_trNEGATIVE36438_70_10,0.18518082797527313
FRAG_NEG_trNEGATIVE85418_22_10,0.038046713918447495
FRAG_NEG_trNEGATIVE88433_25_10,0.12367768585681915
FRAG_NEG_trNEGATIVE53270_34_10,0.1199762299656868
FRAG_NEG_trNEGATIVE47299_16_10,0.07333586364984512
FRAG_NEG_trNEGATIVE32160_29_10,0.06423824280500412
FRAG_NEG_trNEGATIVE44745_67_10,0.06168753653764725
FRAG_NEG_trNEGATIVE51349_67_10,0.2196877896785736
FRAG_NEG_trNEGATIVE32789_17_10,0.030046259984374046
FRAG_NEG_trNEGATIVE83947_22_10,0.057343482971191406
FRAG_NEG_trNEGATIVE71549_12_10,0.932915210723877
FRAG_NEG_trNEGATIVE33023_41_10,0.0318419374525547
NEG_trNEGATIVE30383,0.1157798171043396
FRAG_NEG_trNEGATIVE65012_8_10,0.03584050387144089
FRAG_NEG_trNEGATIVE67455_11_10,0.021537281572818756
NEG_teNEGATIVE14590,0.2302490770816803
NEG_trNEGATIVE93717,0.15295496582984924
FRAG_NEG_trNEGATIVE92356_69_10,0.047213856130838394
FRAG_NEG_trNEGATIVE30425_58_10,0.0895342156291008
FRAG_NEG_trNEGATIVE50330_31_10,0.03495806083083153
FRAG_NEG_trNEGATIVE33934_38_10,0.19199226796627045
FRAG_NEG_trNEGATIVE40567_63_10,0.0538594089448452
FRAG_NEG_trNEGATIVE55949_5_10,0.9488306045532227
NEG_trNEGATIVE69983,0.035743169486522675
FRAG_NEG_trNEGATIVE75796_29_10,0.0858195424079895
FRAG_NEG_trNEGATIVE36412_41_10,0.027524495497345924
FRAG_NEG_trNEGATIVE50502_25_10,0.02633950486779213
FRAG_NEG_trNEGATIVE28600_46_10,0.035874634981155396
FRAG_NEG_trNEGATIVE55812_20_10,0.0475413054227829
FRAG_NEG_trNEGATIVE50509_46_10,0.8471996784210205
FRAG_NEG_trNEGATIVE84608_46_10,0.017346566542983055
FRAG_NEG_trNEGATIVE29979_19_10,0.02437661401927471
FRAG_NEG_trNEGATIVE43609_51_10,0.08858099579811096
FRAG_NEG_trNEGATIVE29498_17_10,0.09011170268058777
FRAG_NEG_trNEGATIVE84429_59_10,0.03763505816459656
FRAG_NEG_trNEGATIVE50823_34_10,0.012639271095395088
FRAG_NEG_trNEGATIVE85851_61_10,0.016455939039587975
FRAG_NEG_trNEGATIVE64185_41_10,0.017099609598517418
FRAG_NEG_trNEGATIVE76557_47_10,0.12349917739629745
FRAG_NEG_trNEGATIVE76509_50_10,0.08806858956813812
NEG_trNEGATIVE63054,0.03159933164715767
FRAG_NEG_trNEGATIVE75841_6_10,0.1098894402384758
FRAG_NEG_trNEGATIVE38813_80_10,0.015130466781556606
FRAG_NEG_trNEGATIVE50819_12_10,0.025988493114709854
FRAG_NEG_trNEGATIVE28219_38_10,0.09809847921133041
FRAG_NEG_trNEGATIVE61675_43_10,0.02282232791185379
FRAG_NEG_trNEGATIVE79961_30_10,0.5496730804443359
FRAG_NEG_trNEGATIVE53300_61_10,0.12352901697158813
FRAG_NEG_trNEGATIVE72261_5_10,0.05081313103437424
FRAG_NEG_trNEGATIVE54736_77_10,0.04640300199389458
FRAG_NEG_trNEGATIVE86601_18_10,0.05848478153347969
FRAG_NEG_trNEGATIVE30217_88_10,0.3319283425807953
FRAG_NEG_trNEGATIVE54521_49_10,0.18092526495456696
FRAG_NEG_trNEGATIVE85276_8_10,0.8398154377937317
FRAG_NEG_trNEGATIVE53150_60_10,0.043006666004657745
FRAG_NEG_trNEGATIVE72375_47_10,0.09162813425064087
FRAG_NEG_trNEGATIVE93944_12_10,0.052917979657649994
FRAG_NEG_trNEGATIVE53731_42_10,0.5189391374588013
FRAG_NEG_trNEGATIVE31373_33_10,0.21706262230873108
FRAG_NEG_trNEGATIVE93455_27_10,0.03021165169775486
FRAG_NEG_trNEGATIVE93188_32_10,0.6914682388305664
FRAG_NEG_trNEGATIVE48929_83_10,0.0131190475076437
FRAG_NEG_trNEGATIVE34681_17_10,0.026918506249785423
FRAG_NEG_trNEGATIVE44208_11_10,0.059826575219631195
FRAG_NEG_trNEGATIVE33791_8_10,0.048523712903261185
FRAG_NEG_trNEGATIVE83464_38_10,0.02055172249674797
FRAG_NEG_trNEGATIVE32307_6_10,0.04162232577800751
FRAG_NEG_trNEGATIVE38368_30_10,0.1790652573108673
FRAG_NEG_trNEGATIVE75662_22_10,0.07987020909786224
FRAG_NEG_trNEGATIVE96926_45_10,0.04017098248004913
FRAG_NEG_trNEGATIVE52454_32_10,0.06170768663287163
FRAG_NEG_trNEGATIVE31541_33_10,0.032932113856077194
FRAG_NEG_trNEGATIVE47422_3_10,0.8592939972877502
FRAG_NEG_trNEGATIVE75383_20_10,0.14478306472301483
FRAG_NEG_trNEGATIVE70999_58_10,0.044336676597595215
FRAG_NEG_trNEGATIVE81349_68_10,0.026191113516688347
FRAG_NEG_trNEGATIVE78171_52_10,0.04949774965643883
FRAG_NEG_trNEGATIVE56826_35_10,0.03556450456380844
FRAG_NEG_trNEGATIVE85508_12_10,0.4597974419593811
FRAG_NEG_trNEGATIVE65647_24_10,0.9731401205062866
FRAG_NEG_trNEGATIVE73006_68_10,0.05863652750849724
FRAG_NEG_trNEGATIVE67438_3_10,0.17824263870716095
FRAG_NEG_trNEGATIVE40682_10_10,0.13853934407234192
NEG_trNEGATIVE87415,0.03533968701958656
FRAG_NEG_trNEGATIVE97414_26_10,0.18033014237880707
FRAG_NEG_trNEGATIVE73415_20_10,0.17686927318572998
FRAG_NEG_trNEGATIVE56125_53_10,0.08759039640426636
FRAG_NEG_trNEGATIVE60486_27_10,0.026446212083101273
FRAG_NEG_trNEGATIVE58939_9_10,0.03895508125424385
NEG_trNEGATIVE55708,0.04121975600719452
FRAG_NEG_trNEGATIVE30297_51_10,0.9063659906387329
NEG_teNEGATIVE08052,0.02340655028820038
FRAG_NEG_trNEGATIVE46094_82_10,0.026301072910428047
FRAG_NEG_trNEGATIVE87744_1_10,0.28712227940559387
FRAG_NEG_trNEGATIVE80526_50_10,0.2760932147502899
FRAG_NEG_trNEGATIVE83216_25_10,0.463850200176239
FRAG_NEG_trNEGATIVE62001_88_10,0.018397776409983635
FRAG_NEG_trNEGATIVE42231_13_10,0.04889867827296257
FRAG_NEG_trNEGATIVE28456_57_10,0.1041238009929657
FRAG_NEG_trNEGATIVE60096_42_10,0.0575692243874073
FRAG_NEG_trNEGATIVE75457_19_10,0.04680071398615837
FRAG_NEG_trNEGATIVE35958_21_10,0.18966145813465118
FRAG_NEG_trNEGATIVE86620_4_10,0.06069852039217949
FRAG_NEG_trNEGATIVE70706_81_10,0.11179069429636002
FRAG_NEG_trNEGATIVE84891_26_10,0.6073825359344482
FRAG_NEG_trNEGATIVE59725_47_10,0.12343946844339371
FRAG_NEG_trNEGATIVE62781_11_10,0.047119010239839554
FRAG_NEG_trNEGATIVE80481_9_10,0.14849427342414856
FRAG_NEG_trNEGATIVE87474_72_10,0.5392982959747314
FRAG_NEG_trNEGATIVE95086_65_10,0.017527300864458084
NEG_trNEGATIVE90788,0.07729039341211319
FRAG_NEG_trNEGATIVE65137_48_10,0.044811856001615524
FRAG_NEG_trNEGATIVE56456_37_10,0.013008706271648407
FRAG_NEG_trNEGATIVE81039_63_10,0.025793183594942093
FRAG_NEG_trNEGATIVE45874_9_10,0.04219521954655647
FRAG_NEG_trNEGATIVE76759_9_10,0.5084096193313599
FRAG_NEG_trNEGATIVE62630_5_10,0.8704431653022766
FRAG_NEG_trNEGATIVE79675_61_10,0.15069808065891266
FRAG_NEG_trNEGATIVE31639_1_10,0.7063815593719482
FRAG_NEG_trNEGATIVE85084_13_10,0.0609242245554924
FRAG_NEG_trNEGATIVE64453_32_10,0.13420504331588745
FRAG_NEG_trNEGATIVE45865_11_10,0.054733745753765106
FRAG_NEG_trNEGATIVE66720_57_10,0.016570426523685455
FRAG_NEG_trNEGATIVE84159_41_10,0.03166322782635689
FRAG_NEG_trNEGATIVE58419_41_10,0.027807125821709633
FRAG_NEG_trNEGATIVE81605_41_10,0.3272895812988281
FRAG_NEG_trNEGATIVE30425_15_10,0.0993916466832161
FRAG_NEG_trNEGATIVE97487_2_10,0.18979981541633606
FRAG_NEG_trNEGATIVE72756_51_10,0.022244591265916824
FRAG_NEG_trNEGATIVE66754_43_10,0.12021921575069427
FRAG_NEG_trNEGATIVE61324_36_10,0.04411497712135315
FRAG_NEG_trNEGATIVE85851_7_10,0.053616963326931
FRAG_NEG_trNEGATIVE69971_24_10,0.018400829285383224
FRAG_NEG_trNEGATIVE63823_56_10,0.056616175919771194
FRAG_NEG_trNEGATIVE92269_40_10,0.46863698959350586
FRAG_NEG_trNEGATIVE45995_40_10,0.25878432393074036
FRAG_NEG_trNEGATIVE73348_26_10,0.12086475640535355
FRAG_NEG_trNEGATIVE29760_34_10,0.016953183338046074
FRAG_NEG_trNEGATIVE62593_23_10,0.02432084269821644
FRAG_NEG_trNEGATIVE97366_35_10,0.12246236950159073
FRAG_NEG_trNEGATIVE69593_33_10,0.020549403503537178
FRAG_NEG_trNEGATIVE44002_43_10,0.12899088859558105
FRAG_NEG_trNEGATIVE37156_16_10,0.023399019613862038
FRAG_NEG_trNEGATIVE70464_41_10,0.03457404673099518
FRAG_NEG_trNEGATIVE66699_3_10,0.030336715281009674
FRAG_NEG_trNEGATIVE81386_32_10,0.5462426543235779
FRAG_NEG_trNEGATIVE68701_39_10,0.028631269931793213
FRAG_NEG_trNEGATIVE28218_53_10,0.045848947018384933
FRAG_NEG_trNEGATIVE95673_15_10,0.21998503804206848
FRAG_NEG_trNEGATIVE34370_30_10,0.04830370470881462
FRAG_NEG_trNEGATIVE29366_46_10,0.028006598353385925
FRAG_NEG_trNEGATIVE36602_47_10,0.0681053176522255
FRAG_NEG_trNEGATIVE54392_26_10,0.07284136861562729
FRAG_NEG_trNEGATIVE74182_37_10,0.33321619033813477
FRAG_NEG_trNEGATIVE71491_64_10,0.07734117656946182
FRAG_NEG_trNEGATIVE97040_59_10,0.06515096127986908
FRAG_NEG_trNEGATIVE65065_33_10,0.03899196907877922
FRAG_NEG_trNEGATIVE53160_82_10,0.0548219159245491
FRAG_NEG_trNEGATIVE70991_14_10,0.06498456001281738
FRAG_NEG_trNEGATIVE55853_17_10,0.1240885853767395
FRAG_NEG_trNEGATIVE58449_7_10,0.18904916942119598
FRAG_NEG_trNEGATIVE80763_6_10,0.03608737513422966
FRAG_NEG_trNEGATIVE53317_14_10,0.05657130479812622
NEG_teNEGATIVE14917,0.054801322519779205
NEG_teNEGATIVE09951,0.0181900504976511
FRAG_NEG_trNEGATIVE38748_58_10,0.03840184584259987
FRAG_NEG_trNEGATIVE68025_40_10,0.16880060732364655
FRAG_NEG_trNEGATIVE95360_42_10,0.5946447849273682
FRAG_NEG_trNEGATIVE90916_38_10,0.14025747776031494
FRAG_NEG_trNEGATIVE47034_49_10,0.79411381483078
FRAG_NEG_trNEGATIVE79031_32_10,0.016967659816145897
FRAG_NEG_trNEGATIVE55604_63_10,0.6822506785392761
FRAG_NEG_trNEGATIVE90691_74_10,0.037907764315605164
FRAG_NEG_trNEGATIVE69943_46_10,0.06942994892597198
FRAG_NEG_trNEGATIVE74088_13_10,0.025604961439967155
FRAG_NEG_trNEGATIVE43934_43_10,0.5114728808403015
FRAG_NEG_trNEGATIVE89652_43_10,0.06545953452587128
FRAG_NEG_trNEGATIVE77302_79_10,0.026555541902780533
FRAG_NEG_trNEGATIVE72691_24_10,0.19366514682769775
FRAG_NEG_trNEGATIVE85055_16_10,0.03000057116150856
FRAG_NEG_trNEGATIVE81808_24_10,0.04541653022170067
NEG_teNEGATIVE09355,0.041722021996974945
FRAG_NEG_trNEGATIVE85253_52_10,0.032431937754154205
FRAG_NEG_trNEGATIVE95195_14_10,0.3564006984233856
FRAG_NEG_trNEGATIVE33198_45_10,0.039078231900930405
FRAG_NEG_trNEGATIVE46140_79_10,0.2218169867992401
FRAG_NEG_trNEGATIVE75386_59_10,0.14291220903396606
FRAG_NEG_trNEGATIVE36180_41_10,0.019782349467277527
FRAG_NEG_trNEGATIVE95145_6_10,0.10221972316503525
FRAG_NEG_trNEGATIVE93381_31_10,0.03313416987657547
NEG_trNEGATIVE79185,0.08574657887220383
FRAG_NEG_trNEGATIVE70478_28_10,0.02058779075741768
FRAG_NEG_trNEGATIVE34465_28_10,0.6362531185150146
FRAG_NEG_trNEGATIVE94821_52_10,0.14300227165222168
FRAG_NEG_trNEGATIVE71525_42_10,0.09971647709608078
FRAG_NEG_trNEGATIVE79784_10_10,0.06339837610721588
FRAG_NEG_trNEGATIVE62031_22_10,0.176777184009552
FRAG_NEG_trNEGATIVE96418_18_10,0.032122574746608734
FRAG_NEG_trNEGATIVE96694_36_10,0.46145880222320557
FRAG_NEG_trNEGATIVE59268_15_10,0.04136337712407112
FRAG_NEG_trNEGATIVE52630_62_10,0.06480617821216583
FRAG_NEG_trNEGATIVE76952_18_10,0.021993190050125122
FRAG_NEG_trNEGATIVE94577_43_10,0.8682320713996887
FRAG_NEG_trNEGATIVE57420_12_10,0.02485503815114498
FRAG_NEG_trNEGATIVE68080_21_10,0.76021409034729
FRAG_NEG_trNEGATIVE46472_57_10,0.6497827172279358
FRAG_NEG_trNEGATIVE68320_66_10,0.02395576797425747
FRAG_NEG_trNEGATIVE82509_3_10,0.032344285398721695
FRAG_NEG_trNEGATIVE90076_42_10,0.9644332528114319
FRAG_NEG_trNEGATIVE31575_67_10,0.041203565895557404
FRAG_NEG_trNEGATIVE94760_3_10,0.23771585524082184
FRAG_NEG_trNEGATIVE59291_15_10,0.1485501378774643
FRAG_NEG_trNEGATIVE81941_77_10,0.07042982429265976
FRAG_NEG_trNEGATIVE75588_20_10,0.0925976112484932
FRAG_NEG_trNEGATIVE69489_25_10,0.15160968899726868
FRAG_NEG_trNEGATIVE55791_19_10,0.10713730752468109
NEG_teNEGATIVE17393,0.12208142876625061
FRAG_NEG_trNEGATIVE97497_31_10,0.025180118158459663
FRAG_NEG_trNEGATIVE60803_30_10,0.038034506142139435
FRAG_NEG_trNEGATIVE34363_20_10,0.026519564911723137
FRAG_NEG_trNEGATIVE76907_52_10,0.09970328211784363
FRAG_NEG_trNEGATIVE51628_5_10,0.0353386253118515
FRAG_NEG_trNEGATIVE62419_52_10,0.23099397122859955
FRAG_NEG_trNEGATIVE69028_32_10,0.03297144174575806
NEG_trNEGATIVE96691,0.08597484230995178
FRAG_NEG_trNEGATIVE41359_44_10,0.07504028081893921
FRAG_NEG_trNEGATIVE32494_4_10,0.9603748917579651
FRAG_NEG_trNEGATIVE62780_27_10,0.1566019356250763
FRAG_NEG_trNEGATIVE62894_46_10,0.07587148249149323
FRAG_NEG_trNEGATIVE80422_28_10,0.04339417442679405
FRAG_NEG_trNEGATIVE65844_54_10,0.02731502056121826
FRAG_NEG_trNEGATIVE30339_30_10,0.04666111245751381
FRAG_NEG_trNEGATIVE45297_13_10,0.3156556189060211
FRAG_NEG_trNEGATIVE29661_43_10,0.020685208961367607
FRAG_NEG_trNEGATIVE95174_43_10,0.16774453222751617
FRAG_NEG_trNEGATIVE49461_68_10,0.019783684983849525
FRAG_NEG_trNEGATIVE92558_12_10,0.12136612087488174
FRAG_NEG_trNEGATIVE71259_27_10,0.11415336281061172
FRAG_NEG_trNEGATIVE84767_52_10,0.7020170092582703
FRAG_NEG_trNEGATIVE85276_46_10,0.2566235363483429
FRAG_NEG_trNEGATIVE38441_62_10,0.2902548015117645
FRAG_NEG_trNEGATIVE81477_13_10,0.5138758420944214
NEG_trNEGATIVE86052,0.05541013926267624
FRAG_NEG_trNEGATIVE81238_44_10,0.8578112125396729
FRAG_NEG_trNEGATIVE78653_2_10,0.03486461192369461
FRAG_NEG_trNEGATIVE65552_26_10,0.044520970433950424
FRAG_NEG_trNEGATIVE60368_57_10,0.21066714823246002
FRAG_NEG_trNEGATIVE79248_30_10,0.028134407475590706
FRAG_NEG_trNEGATIVE85809_25_10,0.019079342484474182
FRAG_NEG_trNEGATIVE93966_54_10,0.11417065560817719
FRAG_NEG_trNEGATIVE97079_0_10,0.2061677873134613
FRAG_NEG_trNEGATIVE59299_29_10,0.14423371851444244
FRAG_NEG_trNEGATIVE96518_28_10,0.017025180160999298
FRAG_NEG_trNEGATIVE87547_35_10,0.03957865387201309
FRAG_NEG_trNEGATIVE43162_29_10,0.022219926118850708
FRAG_NEG_trNEGATIVE97173_2_10,0.09006671607494354
FRAG_NEG_trNEGATIVE53133_24_10,0.018384678289294243
NEG_trNEGATIVE84920,0.07433495670557022
FRAG_NEG_trNEGATIVE40889_47_10,0.27233293652534485
FRAG_NEG_trNEGATIVE78105_35_10,0.03734399378299713
FRAG_NEG_trNEGATIVE71363_14_10,0.10301067680120468
FRAG_NEG_trNEGATIVE52317_15_10,0.05917096883058548
FRAG_NEG_trNEGATIVE95899_18_10,0.03895079717040062
FRAG_NEG_trNEGATIVE62163_12_10,0.7592745423316956
FRAG_NEG_trNEGATIVE44002_65_10,0.9498106241226196
FRAG_NEG_trNEGATIVE70446_25_10,0.12458035349845886
FRAG_NEG_trNEGATIVE60820_15_10,0.07364937663078308
FRAG_NEG_trNEGATIVE77897_33_10,0.764004647731781
FRAG_NEG_trNEGATIVE50591_35_10,0.022900372743606567
FRAG_NEG_trNEGATIVE76936_38_10,0.26633214950561523
FRAG_NEG_trNEGATIVE54710_17_10,0.023559052497148514
FRAG_NEG_trNEGATIVE69414_11_10,0.34612026810646057
FRAG_NEG_trNEGATIVE55414_49_10,0.04617667570710182
FRAG_NEG_trNEGATIVE58195_58_10,0.08538919687271118
FRAG_NEG_trNEGATIVE89542_51_10,0.09560678154230118
FRAG_NEG_trNEGATIVE65010_44_10,0.09537870436906815
FRAG_NEG_trNEGATIVE31426_18_10,0.05072434991598129
FRAG_NEG_trNEGATIVE33286_43_10,0.015330377034842968
FRAG_NEG_trNEGATIVE29363_37_10,0.8385401964187622
FRAG_NEG_trNEGATIVE84293_37_10,0.05602173134684563
FRAG_NEG_trNEGATIVE44181_72_10,0.07454909384250641
FRAG_NEG_trNEGATIVE75372_40_10,0.6829494833946228
FRAG_NEG_trNEGATIVE62804_16_10,0.07774248719215393
FRAG_NEG_trNEGATIVE78614_29_10,0.024327194318175316
FRAG_NEG_trNEGATIVE94323_9_10,0.061758287250995636
FRAG_NEG_trNEGATIVE86307_23_10,0.09391945600509644
FRAG_NEG_trNEGATIVE88682_11_10,0.7259014248847961
FRAG_NEG_trNEGATIVE56608_29_10,0.023112274706363678
FRAG_NEG_trNEGATIVE43289_22_10,0.27076447010040283
FRAG_NEG_trNEGATIVE69854_6_10,0.3230122923851013
NEG_trNEGATIVE39548,0.5244122743606567
FRAG_NEG_trNEGATIVE31525_24_10,0.019344689324498177
FRAG_NEG_trNEGATIVE44227_44_10,0.059906404465436935
FRAG_NEG_trNEGATIVE47943_54_10,0.025668039917945862
FRAG_NEG_trNEGATIVE89835_33_10,0.09365944564342499
FRAG_NEG_trNEGATIVE51925_3_10,0.17203614115715027
NEG_trNEGATIVE88145,0.0672677606344223
FRAG_NEG_trNEGATIVE96853_16_10,0.12542147934436798
FRAG_NEG_trNEGATIVE48209_26_10,0.06258232891559601
FRAG_NEG_trNEGATIVE81380_36_10,0.17190706729888916
FRAG_NEG_trNEGATIVE91387_19_10,0.024572979658842087
FRAG_NEG_trNEGATIVE45974_5_10,0.16609443724155426
FRAG_NEG_trNEGATIVE86142_11_10,0.1523691564798355
FRAG_NEG_trNEGATIVE93997_71_10,0.016707897186279297
FRAG_NEG_trNEGATIVE77271_46_10,0.02596772275865078
FRAG_NEG_trNEGATIVE96920_13_10,0.10533890128135681
FRAG_NEG_trNEGATIVE95835_49_10,0.020762763917446136
FRAG_NEG_trNEGATIVE50638_57_10,0.07514738291501999
FRAG_NEG_trNEGATIVE39694_52_10,0.03579574450850487
FRAG_NEG_trNEGATIVE34539_46_10,0.07549750804901123
FRAG_NEG_trNEGATIVE51840_74_10,0.053743891417980194
FRAG_NEG_trNEGATIVE47557_3_10,0.022005779668688774
FRAG_NEG_trNEGATIVE67856_22_10,0.28311067819595337
FRAG_NEG_trNEGATIVE70489_53_10,0.028717339038848877
FRAG_NEG_trNEGATIVE40682_17_10,0.039370886981487274
FRAG_NEG_trNEGATIVE92413_64_10,0.15687072277069092
FRAG_NEG_trNEGATIVE41033_7_10,0.23840928077697754
FRAG_NEG_trNEGATIVE42245_59_10,0.19068334996700287
FRAG_NEG_trNEGATIVE74526_39_10,0.3675151467323303
FRAG_NEG_trNEGATIVE73260_22_10,0.021970383822917938
FRAG_NEG_trNEGATIVE69273_34_10,0.16642704606056213
FRAG_NEG_trNEGATIVE41854_17_10,0.5586859583854675
FRAG_NEG_trNEGATIVE87514_16_10,0.13053804636001587
FRAG_NEG_trNEGATIVE56510_21_10,0.0193386971950531
FRAG_NEG_trNEGATIVE33867_0_10,0.08875776082277298
FRAG_NEG_trNEGATIVE67719_15_10,0.03034771792590618
FRAG_NEG_trNEGATIVE47034_36_10,0.06944714486598969
FRAG_NEG_trNEGATIVE57038_4_10,0.552688717842102
FRAG_NEG_trNEGATIVE94215_42_10,0.015248886309564114
FRAG_NEG_trNEGATIVE55352_25_10,0.015564421191811562
FRAG_NEG_trNEGATIVE53156_0_10,0.04427369683980942
FRAG_NEG_trNEGATIVE52319_21_10,0.07811553031206131
FRAG_NEG_trNEGATIVE78238_43_10,0.029993947595357895
FRAG_NEG_trNEGATIVE47940_3_10,0.023299138993024826
FRAG_NEG_trNEGATIVE76071_12_10,0.020131031051278114
FRAG_NEG_trNEGATIVE74541_29_10,0.11869662255048752
FRAG_NEG_trNEGATIVE38929_35_10,0.1176987737417221
FRAG_NEG_trNEGATIVE40701_47_10,0.01631438173353672
FRAG_NEG_trNEGATIVE63843_24_10,0.04324396699666977
FRAG_NEG_trNEGATIVE71931_15_10,0.25476574897766113
FRAG_NEG_trNEGATIVE93944_11_10,0.3163779675960541
FRAG_NEG_trNEGATIVE76968_61_10,0.0449804924428463
FRAG_NEG_trNEGATIVE75370_54_10,0.015218927524983883
FRAG_NEG_trNEGATIVE70937_37_10,0.051961831748485565
FRAG_NEG_trNEGATIVE38215_0_10,0.05336283519864082
FRAG_NEG_trNEGATIVE96298_3_10,0.06172722205519676
FRAG_NEG_trNEGATIVE67856_55_10,0.03445233777165413
NEG_trNEGATIVE81301,0.14842195808887482
FRAG_NEG_trNEGATIVE94366_51_10,0.03178523853421211
FRAG_NEG_trNEGATIVE92572_32_10,0.05154106393456459
FRAG_NEG_trNEGATIVE71111_41_10,0.5117247104644775
FRAG_NEG_trNEGATIVE39967_22_10,0.023294277489185333
FRAG_NEG_trNEGATIVE49248_17_10,0.3904968798160553
NEG_trNEGATIVE88322,0.04725584015250206
FRAG_NEG_trNEGATIVE57134_24_10,0.5778695940971375
FRAG_NEG_trNEGATIVE75099_76_10,0.06125890463590622
NEG_trNEGATIVE27652,0.7392482757568359
FRAG_NEG_trNEGATIVE79133_40_10,0.02643032744526863
FRAG_NEG_trNEGATIVE88170_28_10,0.0114153902977705
FRAG_NEG_trNEGATIVE29795_76_10,0.06730096787214279
FRAG_NEG_trNEGATIVE35005_31_10,0.027431290596723557
FRAG_NEG_trNEGATIVE31256_13_10,0.060407862067222595
FRAG_NEG_trNEGATIVE79069_18_10,0.01771876960992813
NEG_trNEGATIVE33483,0.025153685361146927
FRAG_NEG_trNEGATIVE74582_63_10,0.03798563405871391
FRAG_NEG_trNEGATIVE72654_46_10,0.011846012435853481
FRAG_NEG_trNEGATIVE31533_21_10,0.7187083959579468
FRAG_NEG_trNEGATIVE84614_51_10,0.01778576895594597
FRAG_NEG_trNEGATIVE58419_53_10,0.05456747114658356
NEG_teNEGATIVE12000,0.08062077313661575
FRAG_NEG_trNEGATIVE73683_6_10,0.6468849778175354
FRAG_NEG_trNEGATIVE91438_71_10,0.06738615781068802
FRAG_NEG_trNEGATIVE79033_38_10,0.36651065945625305
FRAG_NEG_trNEGATIVE43013_25_10,0.051411859691143036
FRAG_NEG_trNEGATIVE70629_13_10,0.09029404073953629
FRAG_NEG_trNEGATIVE96940_65_10,0.020850233733654022
FRAG_NEG_trNEGATIVE27515_24_10,0.025088440626859665
FRAG_NEG_trNEGATIVE75568_20_10,0.2561539113521576
FRAG_NEG_trNEGATIVE52066_11_10,0.029158759862184525
FRAG_NEG_trNEGATIVE40444_48_10,0.04243718832731247
FRAG_NEG_trNEGATIVE78368_13_10,0.049183376133441925
FRAG_NEG_trNEGATIVE48109_54_10,0.01811828464269638
FRAG_NEG_trNEGATIVE96450_25_10,0.14906007051467896
FRAG_NEG_trNEGATIVE32544_19_10,0.5151710510253906
FRAG_NEG_trNEGATIVE32509_54_10,0.14150406420230865
FRAG_NEG_trNEGATIVE29309_12_10,0.2428775131702423
FRAG_NEG_trNEGATIVE52906_20_10,0.03913651779294014
NEG_trNEGATIVE40649,0.0179409459233284
FRAG_NEG_trNEGATIVE48206_22_10,0.01644006371498108
FRAG_NEG_trNEGATIVE59192_16_10,0.024422381073236465
FRAG_NEG_trNEGATIVE81095_5_10,0.09042543917894363
FRAG_NEG_trNEGATIVE86053_21_10,0.10390249639749527
FRAG_NEG_trNEGATIVE61810_4_10,0.4955742359161377
FRAG_NEG_trNEGATIVE36412_53_10,0.03731272369623184
FRAG_NEG_trNEGATIVE82038_32_10,0.056782111525535583
NEG_trNEGATIVE99043,0.01858166605234146
FRAG_NEG_trNEGATIVE35140_49_10,0.0487489178776741
FRAG_NEG_trNEGATIVE97242_3_10,0.06995586305856705
FRAG_NEG_trNEGATIVE56009_36_10,0.10620506852865219
FRAG_NEG_trNEGATIVE49614_47_10,0.9830318093299866
FRAG_NEG_trNEGATIVE86093_8_10,0.35468149185180664
FRAG_NEG_trNEGATIVE93480_56_10,0.02185252495110035
FRAG_NEG_trNEGATIVE66389_0_10,0.03558822348713875
FRAG_NEG_trNEGATIVE62721_38_10,0.2193489372730255
FRAG_NEG_trNEGATIVE69720_5_10,0.0276519563049078
FRAG_NEG_trNEGATIVE79514_39_10,0.0930057018995285
FRAG_NEG_trNEGATIVE37447_7_10,0.5624645352363586
FRAG_NEG_trNEGATIVE60160_23_10,0.25556886196136475
FRAG_NEG_trNEGATIVE49532_23_10,0.05685125291347504
FRAG_NEG_trNEGATIVE40060_13_10,0.34775614738464355
FRAG_NEG_trNEGATIVE75676_69_10,0.09739657491445541
FRAG_NEG_trNEGATIVE41920_12_10,0.028539525344967842
FRAG_NEG_trNEGATIVE90279_37_10,0.014711332507431507
FRAG_NEG_trNEGATIVE51892_60_10,0.2408284693956375
FRAG_NEG_trNEGATIVE38259_40_10,0.16459162533283234
FRAG_NEG_trNEGATIVE79610_2_10,0.9140526056289673
FRAG_NEG_trNEGATIVE36525_20_10,0.026502612978219986
FRAG_NEG_trNEGATIVE37858_59_10,0.01820347271859646
FRAG_NEG_trNEGATIVE58940_6_10,0.0466858334839344
FRAG_NEG_trNEGATIVE38801_6_10,0.026362353935837746
FRAG_NEG_trNEGATIVE30431_14_10,0.036835115402936935
FRAG_NEG_trNEGATIVE62617_1_10,0.5262402892112732
NEG_trNEGATIVE98045,0.07871215790510178
FRAG_NEG_trNEGATIVE75418_37_10,0.5805574655532837
FRAG_NEG_trNEGATIVE33929_4_10,0.08586350083351135
FRAG_NEG_trNEGATIVE32227_39_10,0.31212130188941956
FRAG_NEG_trNEGATIVE58405_54_10,0.09763267636299133
FRAG_NEG_trNEGATIVE88011_22_10,0.09968601912260056
FRAG_NEG_trNEGATIVE96278_20_10,0.026286020874977112
FRAG_NEG_trNEGATIVE36288_15_10,0.06089133396744728
FRAG_NEG_trNEGATIVE52747_52_10,0.03862794488668442
FRAG_NEG_trNEGATIVE97151_71_10,0.019907772541046143
NEG_trNEGATIVE31506,0.03915625810623169
FRAG_NEG_trNEGATIVE92307_37_10,0.08628139644861221
FRAG_NEG_trNEGATIVE82139_26_10,0.03468940034508705
FRAG_NEG_trNEGATIVE41853_16_10,0.022121183574199677
FRAG_NEG_trNEGATIVE52945_37_10,0.41330307722091675
FRAG_NEG_trNEGATIVE93768_16_10,0.6707180142402649
FRAG_NEG_trNEGATIVE39453_60_10,0.0846957117319107
FRAG_NEG_trNEGATIVE48592_9_10,0.0985499918460846
FRAG_NEG_trNEGATIVE92336_35_10,0.036412905901670456
FRAG_NEG_trNEGATIVE40588_36_10,0.02596846967935562
FRAG_NEG_trNEGATIVE39843_18_10,0.03084655851125717
FRAG_NEG_trNEGATIVE93045_59_10,0.5558269619941711
FRAG_NEG_trNEGATIVE67664_7_10,0.25467854738235474
FRAG_NEG_trNEGATIVE30341_40_11,0.3189830183982849
FRAG_NEG_trNEGATIVE62574_68_11,0.1804710179567337
FRAG_NEG_trNEGATIVE71633_40_11,0.026434753090143204
FRAG_NEG_trNEGATIVE57114_33_11,0.17135193943977356
FRAG_NEG_trNEGATIVE41706_22_11,0.06404537707567215
FRAG_NEG_trNEGATIVE64234_6_11,0.1838911771774292
FRAG_NEG_trNEGATIVE95947_44_11,0.024997370317578316
FRAG_NEG_trNEGATIVE70698_7_11,0.0247062835842371
FRAG_NEG_trNEGATIVE44368_6_11,0.7034856081008911
FRAG_NEG_trNEGATIVE90070_78_11,0.05172640085220337
FRAG_NEG_trNEGATIVE49328_34_11,0.04052050784230232
FRAG_NEG_trNEGATIVE33584_29_11,0.019384585320949554
FRAG_NEG_trNEGATIVE58835_50_11,0.057881325483322144
FRAG_NEG_trNEGATIVE77200_21_11,0.022969679906964302
FRAG_NEG_trNEGATIVE88781_47_11,0.15931743383407593
FRAG_NEG_trNEGATIVE83031_20_11,0.013919162563979626
FRAG_NEG_trNEGATIVE60539_25_11,0.45196259021759033
FRAG_NEG_trNEGATIVE84651_59_11,0.14982002973556519
FRAG_NEG_trNEGATIVE53310_26_11,0.026394249871373177
FRAG_NEG_trNEGATIVE40371_20_11,0.14927531778812408
FRAG_NEG_trNEGATIVE87237_67_11,0.23068585991859436
FRAG_NEG_trNEGATIVE66206_21_11,0.13028556108474731
FRAG_NEG_trNEGATIVE67718_40_11,0.025330815464258194
FRAG_NEG_trNEGATIVE67953_71_11,0.018632635474205017
FRAG_NEG_trNEGATIVE88319_39_11,0.035131242126226425
FRAG_NEG_trNEGATIVE74800_29_11,0.014737031422555447
FRAG_NEG_trNEGATIVE62574_11_11,0.026387086138129234
FRAG_NEG_trNEGATIVE63614_17_11,0.058231234550476074
FRAG_NEG_trNEGATIVE60039_79_11,0.3146101236343384
FRAG_NEG_trNEGATIVE81255_0_11,0.049544576555490494
FRAG_NEG_trNEGATIVE33442_21_11,0.05010097101330757
FRAG_NEG_trNEGATIVE79590_42_11,0.020919157192111015
FRAG_NEG_trNEGATIVE68918_41_11,0.07828495651483536
FRAG_NEG_trNEGATIVE39916_10_11,0.08007331192493439
FRAG_NEG_trNEGATIVE46086_15_11,0.04848930612206459
FRAG_NEG_trNEGATIVE81737_59_11,0.2475719153881073
FRAG_NEG_trNEGATIVE76311_16_11,0.09664493799209595
FRAG_NEG_trNEGATIVE47431_33_11,0.09538840502500534
FRAG_NEG_trNEGATIVE68695_86_11,0.5651918053627014
FRAG_NEG_trNEGATIVE29811_34_11,0.1952359527349472
FRAG_NEG_trNEGATIVE73723_42_11,0.060996316373348236
FRAG_NEG_trNEGATIVE78302_46_11,0.03143224120140076
FRAG_NEG_trNEGATIVE83403_50_11,0.1315801441669464
FRAG_NEG_trNEGATIVE71425_38_11,0.019962195307016373
FRAG_NEG_trNEGATIVE66557_16_11,0.06222452595829964
FRAG_NEG_trNEGATIVE43893_9_11,0.06548572331666946
FRAG_NEG_trNEGATIVE46482_11_11,0.505875289440155
FRAG_NEG_trNEGATIVE49902_20_11,0.9533091187477112
FRAG_NEG_trNEGATIVE66032_75_11,0.021464304998517036
FRAG_NEG_trNEGATIVE69080_31_11,0.5892965793609619
FRAG_NEG_trNEGATIVE67065_36_11,0.4851008951663971
FRAG_NEG_trNEGATIVE64751_35_11,0.1979282647371292
FRAG_NEG_trNEGATIVE45583_13_11,0.016964973881840706
FRAG_NEG_trNEGATIVE30183_39_11,0.022812940180301666
FRAG_NEG_trNEGATIVE44745_38_11,0.522666871547699
FRAG_NEG_trNEGATIVE68694_22_11,0.02664601244032383
FRAG_NEG_trNEGATIVE96995_62_11,0.07507383078336716
FRAG_NEG_trNEGATIVE85512_36_11,0.04549465328454971
FRAG_NEG_trNEGATIVE28063_7_11,0.04382552206516266
FRAG_NEG_trNEGATIVE92043_7_11,0.4232769012451172
FRAG_NEG_trNEGATIVE65647_49_11,0.017366452142596245
FRAG_NEG_trNEGATIVE88098_67_11,0.807425856590271
FRAG_NEG_trNEGATIVE90009_3_11,0.023504741489887238
FRAG_NEG_trNEGATIVE70086_9_11,0.28632527589797974
FRAG_NEG_trNEGATIVE87907_7_11,0.0338456891477108
FRAG_NEG_trNEGATIVE34637_37_11,0.17034411430358887
FRAG_NEG_trNEGATIVE41707_5_11,0.029034163802862167
FRAG_NEG_trNEGATIVE42731_29_11,0.07511015981435776
FRAG_NEG_trNEGATIVE66800_12_11,0.04780017212033272
FRAG_NEG_trNEGATIVE43694_69_11,0.03217209130525589
FRAG_NEG_trNEGATIVE36114_27_11,0.018517449498176575
FRAG_NEG_trNEGATIVE59833_71_11,0.4616039991378784
FRAG_NEG_trNEGATIVE46069_35_11,0.24658577144145966
FRAG_NEG_trNEGATIVE74360_6_11,0.032982125878334045
FRAG_NEG_trNEGATIVE53400_65_11,0.025984788313508034
FRAG_NEG_trNEGATIVE37957_60_11,0.06011419743299484
FRAG_NEG_trNEGATIVE70176_43_11,0.0939440205693245
FRAG_NEG_trNEGATIVE71995_35_11,0.09066712856292725
FRAG_NEG_trNEGATIVE68913_12_11,0.04354163631796837
FRAG_NEG_trNEGATIVE55060_9_11,0.04973997920751572
FRAG_NEG_trNEGATIVE35478_46_11,0.08032917976379395
FRAG_NEG_trNEGATIVE74378_62_11,0.09047817438840866
FRAG_NEG_trNEGATIVE89663_22_11,0.04629988968372345
FRAG_NEG_trNEGATIVE31738_16_11,0.03042111173272133
FRAG_NEG_trNEGATIVE31855_62_11,0.04979316145181656
FRAG_NEG_trNEGATIVE37753_68_11,0.15684345364570618
FRAG_NEG_trNEGATIVE82995_29_11,0.23107552528381348
FRAG_NEG_trNEGATIVE90029_12_11,0.2786518931388855
FRAG_NEG_trNEGATIVE92966_11_11,0.1975432187318802
FRAG_NEG_trNEGATIVE95781_41_11,0.07751653343439102
FRAG_NEG_trNEGATIVE37723_53_11,0.02025119960308075
FRAG_NEG_trNEGATIVE30204_69_11,0.627781331539154
FRAG_NEG_trNEGATIVE40873_50_11,0.014669341035187244
FRAG_NEG_trNEGATIVE70042_2_11,0.027881504967808723
FRAG_NEG_trNEGATIVE73100_38_11,0.10978289693593979
FRAG_NEG_trNEGATIVE84831_13_11,0.026874074712395668
FRAG_NEG_trNEGATIVE51628_56_11,0.037725355476140976
FRAG_NEG_trNEGATIVE45252_33_11,0.18935196101665497
FRAG_NEG_trNEGATIVE32800_41_11,0.8244030475616455
FRAG_NEG_trNEGATIVE72698_56_11,0.1300140768289566
FRAG_NEG_trNEGATIVE92258_18_11,0.02036227472126484
FRAG_NEG_trNEGATIVE52502_28_11,0.06374869495630264
FRAG_NEG_trNEGATIVE69971_70_11,0.02165696583688259
FRAG_NEG_trNEGATIVE73840_33_11,0.03218919411301613
FRAG_NEG_trNEGATIVE78874_35_11,0.033396922051906586
FRAG_NEG_trNEGATIVE38708_13_11,0.109099842607975
FRAG_NEG_trNEGATIVE87491_42_11,0.03762056306004524
FRAG_NEG_trNEGATIVE40162_16_11,0.4576933681964874
FRAG_NEG_trNEGATIVE77208_13_11,0.061188746243715286
FRAG_NEG_trNEGATIVE78727_39_11,0.030990423634648323
FRAG_NEG_trNEGATIVE54584_55_11,0.027705930173397064
FRAG_NEG_trNEGATIVE35222_52_11,0.029565969482064247
FRAG_NEG_trNEGATIVE91063_45_11,0.0257402453571558
FRAG_NEG_trNEGATIVE66877_28_11,0.20716556906700134
FRAG_NEG_trNEGATIVE28561_29_11,0.04503580927848816
FRAG_NEG_trNEGATIVE57924_30_11,0.02066316269338131
FRAG_NEG_trNEGATIVE76907_68_11,0.6472320556640625
FRAG_NEG_trNEGATIVE41806_51_11,0.03418524190783501
FRAG_NEG_trNEGATIVE85572_25_11,0.08113400638103485
FRAG_NEG_trNEGATIVE28456_41_11,0.7062264084815979
FRAG_NEG_trNEGATIVE73251_70_11,0.030185924842953682
FRAG_NEG_trNEGATIVE89761_4_11,0.9448671936988831
FRAG_NEG_trNEGATIVE29825_21_11,0.17723430693149567
FRAG_NEG_trNEGATIVE38934_61_11,0.02198537066578865
FRAG_NEG_trNEGATIVE35239_15_11,0.03160581365227699
FRAG_NEG_trNEGATIVE39616_33_11,0.7978340983390808
FRAG_NEG_trNEGATIVE57538_10_11,0.15243390202522278
FRAG_NEG_trNEGATIVE34862_8_11,0.035096507519483566
FRAG_NEG_trNEGATIVE57465_5_11,0.028228558599948883
FRAG_NEG_trNEGATIVE33531_61_11,0.016134407371282578
FRAG_NEG_trNEGATIVE70382_64_11,0.15045930445194244
FRAG_NEG_trNEGATIVE93128_9_11,0.11558583378791809
FRAG_NEG_trNEGATIVE58145_1_11,0.03286302089691162
FRAG_NEG_trNEGATIVE72346_16_11,0.05226535350084305
FRAG_NEG_trNEGATIVE35069_4_11,0.03446590155363083
FRAG_NEG_trNEGATIVE77586_58_11,0.13963106274604797
FRAG_NEG_trNEGATIVE30558_45_11,0.04285378009080887
FRAG_NEG_trNEGATIVE82036_44_11,0.04156501591205597
FRAG_NEG_trNEGATIVE87289_36_11,0.06812947988510132
FRAG_NEG_trNEGATIVE51987_10_11,0.49507373571395874
FRAG_NEG_trNEGATIVE73562_17_11,0.07845895737409592
FRAG_NEG_trNEGATIVE47514_56_11,0.02118104137480259
FRAG_NEG_trNEGATIVE44273_77_11,0.265230655670166
FRAG_NEG_trNEGATIVE62349_46_11,0.02950233593583107
FRAG_NEG_trNEGATIVE84418_29_11,0.13006001710891724
FRAG_NEG_trNEGATIVE30776_36_11,0.06957507878541946
FRAG_NEG_trNEGATIVE90060_15_11,0.36405763030052185
FRAG_NEG_trNEGATIVE31426_28_11,0.015979263931512833
FRAG_NEG_trNEGATIVE83659_48_11,0.30321934819221497
FRAG_NEG_trNEGATIVE90508_44_11,0.04028123989701271
FRAG_NEG_trNEGATIVE44822_22_11,0.18115133047103882
FRAG_NEG_trNEGATIVE82891_73_11,0.023831002414226532
FRAG_NEG_trNEGATIVE60757_43_11,0.04134306684136391
FRAG_NEG_trNEGATIVE65197_5_11,0.2904060184955597
FRAG_NEG_trNEGATIVE91771_33_11,0.2168315052986145
FRAG_NEG_trNEGATIVE62725_25_11,0.026874449104070663
FRAG_NEG_trNEGATIVE71322_1_11,0.1470942497253418
FRAG_NEG_trNEGATIVE88472_23_11,0.21707932651042938
FRAG_NEG_trNEGATIVE84774_35_11,0.10083895176649094
FRAG_NEG_trNEGATIVE76212_50_11,0.02908533811569214
FRAG_NEG_trNEGATIVE49614_21_11,0.9152824282646179
FRAG_NEG_trNEGATIVE62799_43_11,0.03325666859745979
FRAG_NEG_trNEGATIVE71653_6_11,0.8915162086486816
FRAG_NEG_trNEGATIVE67852_40_11,0.05153018236160278
FRAG_NEG_trNEGATIVE91477_26_11,0.019255278632044792
FRAG_NEG_trNEGATIVE70594_40_11,0.15753528475761414
FRAG_NEG_trNEGATIVE85381_21_11,0.025270557031035423
FRAG_NEG_trNEGATIVE70382_32_11,0.04007858783006668
FRAG_NEG_trNEGATIVE79590_16_11,0.07708117365837097
FRAG_NEG_trNEGATIVE60038_50_11,0.02155550941824913
FRAG_NEG_trNEGATIVE63103_29_11,0.09557180851697922
FRAG_NEG_trNEGATIVE44861_31_11,0.01569453440606594
FRAG_NEG_trNEGATIVE30077_49_11,0.02065892331302166
FRAG_NEG_trNEGATIVE96331_40_11,0.12536916136741638
FRAG_NEG_trNEGATIVE33003_4_11,0.11086755990982056
FRAG_NEG_trNEGATIVE93454_36_11,0.2594173550605774
FRAG_NEG_trNEGATIVE62365_77_11,0.04052851349115372
FRAG_NEG_trNEGATIVE91401_11_11,0.01998881995677948
FRAG_NEG_trNEGATIVE64855_71_11,0.16530226171016693
FRAG_NEG_trNEGATIVE62303_16_11,0.07778959721326828
FRAG_NEG_trNEGATIVE76453_32_11,0.01751590706408024
FRAG_NEG_trNEGATIVE86021_20_11,0.11174207180738449
FRAG_NEG_trNEGATIVE81420_54_11,0.9721987843513489
FRAG_NEG_trNEGATIVE27728_14_11,0.046585649251937866
FRAG_NEG_trNEGATIVE76240_57_11,0.022354913875460625
FRAG_NEG_trNEGATIVE66607_28_11,0.03476167097687721
FRAG_NEG_trNEGATIVE94440_26_11,0.04228746145963669
FRAG_NEG_trNEGATIVE63442_43_11,0.02825906127691269
FRAG_NEG_trNEGATIVE39672_26_11,0.036504633724689484
FRAG_NEG_trNEGATIVE52118_75_11,0.09251166880130768
FRAG_NEG_trNEGATIVE51982_40_11,0.4654137194156647
FRAG_NEG_trNEGATIVE41542_3_11,0.15198475122451782
FRAG_NEG_trNEGATIVE34287_54_11,0.01734444499015808
FRAG_NEG_trNEGATIVE43660_38_11,0.023024480789899826
FRAG_NEG_trNEGATIVE59152_6_11,0.5673814415931702
FRAG_NEG_trNEGATIVE56929_8_11,0.21712981164455414
FRAG_NEG_trNEGATIVE87662_13_11,0.6514621376991272
FRAG_NEG_trNEGATIVE69427_7_11,0.04789789021015167
FRAG_NEG_trNEGATIVE67373_48_11,0.03129575029015541
FRAG_NEG_trNEGATIVE52240_54_11,0.027335243299603462
FRAG_NEG_trNEGATIVE36696_41_11,0.06552600860595703
FRAG_NEG_trNEGATIVE69790_28_11,0.03006552718579769
FRAG_NEG_trNEGATIVE47088_48_11,0.09095311164855957
FRAG_NEG_trNEGATIVE89226_4_11,0.02393261529505253
FRAG_NEG_trNEGATIVE33656_25_11,0.0408516563475132
FRAG_NEG_trNEGATIVE44933_34_11,0.14081820845603943
FRAG_NEG_trNEGATIVE42891_36_11,0.05588572844862938
FRAG_NEG_trNEGATIVE93689_19_11,0.011968624778091908
FRAG_NEG_trNEGATIVE39646_65_11,0.01994769088923931
FRAG_NEG_trNEGATIVE30918_79_11,0.4781917929649353
FRAG_NEG_trNEGATIVE80668_6_11,0.1044091135263443
FRAG_NEG_trNEGATIVE63443_27_11,0.06346364319324493
FRAG_NEG_trNEGATIVE44072_74_11,0.019449230283498764
FRAG_NEG_trNEGATIVE94845_31_11,0.9406697154045105
FRAG_NEG_trNEGATIVE92377_41_11,0.1694279909133911
FRAG_NEG_trNEGATIVE74779_23_11,0.054510947316884995
FRAG_NEG_trNEGATIVE72742_16_11,0.05142657831311226
FRAG_NEG_trNEGATIVE71111_25_11,0.832449734210968
FRAG_NEG_trNEGATIVE47705_44_11,0.023583905771374702
FRAG_NEG_trNEGATIVE43162_2_11,0.039548568427562714
FRAG_NEG_trNEGATIVE61847_23_11,0.04771222174167633
FRAG_NEG_trNEGATIVE88139_17_11,0.017640819773077965
FRAG_NEG_trNEGATIVE31955_53_11,0.975963294506073
FRAG_NEG_trNEGATIVE68699_59_11,0.13123348355293274
FRAG_NEG_trNEGATIVE33817_20_11,0.28360047936439514
FRAG_NEG_trNEGATIVE60131_49_11,0.497832328081131
FRAG_NEG_trNEGATIVE34252_12_11,0.20941048860549927
FRAG_NEG_trNEGATIVE57570_8_11,0.05199810862541199
FRAG_NEG_trNEGATIVE96224_76_11,0.021007796749472618
FRAG_NEG_trNEGATIVE68930_46_11,0.028938211500644684
FRAG_NEG_trNEGATIVE35886_51_11,0.09831972420215607
FRAG_NEG_trNEGATIVE69310_34_11,0.8132556676864624
FRAG_NEG_trNEGATIVE68036_13_11,0.46642157435417175
FRAG_NEG_trNEGATIVE88082_8_11,0.10774082690477371
FRAG_NEG_trNEGATIVE44235_0_11,0.05199679359793663
FRAG_NEG_trNEGATIVE75372_17_11,0.025512780994176865
FRAG_NEG_trNEGATIVE95551_38_11,0.1064809039235115
FRAG_NEG_trNEGATIVE90237_22_11,0.03294737637042999
FRAG_NEG_trNEGATIVE46544_36_11,0.0769822746515274
FRAG_NEG_trNEGATIVE53736_28_11,0.030482091009616852
FRAG_NEG_trNEGATIVE31346_29_11,0.015874283388257027
FRAG_NEG_trNEGATIVE48410_31_11,0.07188648730516434
FRAG_NEG_trNEGATIVE87072_41_11,0.016040507704019547
FRAG_NEG_trNEGATIVE61130_47_11,0.02585633099079132
FRAG_NEG_trNEGATIVE90440_38_11,0.17794011533260345
FRAG_NEG_trNEGATIVE45865_63_11,0.08392530679702759
FRAG_NEG_trNEGATIVE54169_65_11,0.09536032378673553
FRAG_NEG_trNEGATIVE92362_42_11,0.026821916922926903
FRAG_NEG_trNEGATIVE32833_63_11,0.15651331841945648
FRAG_NEG_trNEGATIVE42687_18_11,0.1798059493303299
FRAG_NEG_trNEGATIVE76509_8_11,0.15232399106025696
FRAG_NEG_trNEGATIVE42436_74_11,0.08469399809837341
FRAG_NEG_trNEGATIVE81964_5_11,0.41237106919288635
FRAG_NEG_trNEGATIVE43609_30_11,0.05244141072034836
FRAG_NEG_trNEGATIVE42080_1_11,0.03460130840539932
FRAG_NEG_trNEGATIVE83705_48_11,0.3713812828063965
FRAG_NEG_trNEGATIVE78145_21_11,0.053132105618715286
FRAG_NEG_trNEGATIVE76739_82_11,0.07026226818561554
FRAG_NEG_trNEGATIVE53289_35_11,0.06109324470162392
FRAG_NEG_trNEGATIVE44316_13_11,0.01904120109975338
FRAG_NEG_trNEGATIVE33929_24_11,0.04236939921975136
FRAG_NEG_trNEGATIVE72209_17_11,0.5625655651092529
FRAG_NEG_trNEGATIVE75741_30_11,0.02399621158838272
FRAG_NEG_trNEGATIVE32494_25_11,0.03181612119078636
FRAG_NEG_trNEGATIVE36193_23_11,0.5895310640335083
FRAG_NEG_trNEGATIVE54316_15_11,0.04606959596276283
FRAG_NEG_trNEGATIVE70523_26_11,0.08560605347156525
FRAG_NEG_trNEGATIVE38987_24_11,0.1112041100859642
FRAG_NEG_trNEGATIVE38368_59_11,0.028535831719636917
FRAG_NEG_trNEGATIVE41118_26_11,0.06185593083500862
FRAG_NEG_trNEGATIVE55910_31_11,0.03925028070807457
FRAG_NEG_trNEGATIVE82995_17_11,0.7520027160644531
FRAG_NEG_trNEGATIVE88809_27_11,0.01264161616563797
FRAG_NEG_trNEGATIVE73825_30_11,0.3752240836620331
FRAG_NEG_trNEGATIVE75146_3_11,0.12815095484256744
FRAG_NEG_trNEGATIVE81073_0_11,0.05266429856419563
FRAG_NEG_trNEGATIVE72287_25_11,0.07352756708860397
FRAG_NEG_trNEGATIVE84728_40_11,0.0539918877184391
FRAG_NEG_trNEGATIVE95564_42_11,0.3370552957057953
FRAG_NEG_trNEGATIVE81335_14_11,0.03364621102809906
FRAG_NEG_trNEGATIVE43309_48_11,0.02651292458176613
FRAG_NEG_trNEGATIVE56681_49_11,0.32045480608940125
FRAG_NEG_trNEGATIVE59357_13_11,0.042362336069345474
FRAG_NEG_trNEGATIVE87476_62_11,0.041045308113098145
FRAG_NEG_trNEGATIVE59857_42_11,0.031397901475429535
FRAG_NEG_trNEGATIVE77342_13_11,0.02119280770421028
FRAG_NEG_trNEGATIVE28742_7_11,0.22076158225536346
FRAG_NEG_trNEGATIVE80976_34_11,0.03150995448231697
FRAG_NEG_trNEGATIVE63424_6_11,0.3488137423992157
FRAG_NEG_trNEGATIVE59367_46_11,0.04288231581449509
FRAG_NEG_trNEGATIVE40981_37_11,0.9482751488685608
FRAG_NEG_trNEGATIVE44822_1_11,0.013649527914822102
FRAG_NEG_trNEGATIVE92755_44_11,0.05471784248948097
FRAG_NEG_trNEGATIVE57043_1_11,0.12594537436962128
FRAG_NEG_trNEGATIVE31893_7_11,0.5490518808364868
FRAG_NEG_trNEGATIVE85034_5_11,0.0238405279815197
FRAG_NEG_trNEGATIVE86175_15_11,0.030649179592728615
FRAG_NEG_trNEGATIVE28050_6_11,0.10239565372467041
FRAG_NEG_trNEGATIVE65951_45_11,0.012200625613331795
FRAG_NEG_trNEGATIVE35273_1_11,0.03788081184029579
FRAG_NEG_trNEGATIVE52262_50_11,0.26865607500076294
FRAG_NEG_trNEGATIVE34067_46_11,0.5069202184677124
FRAG_NEG_trNEGATIVE70991_3_11,0.28535380959510803
FRAG_NEG_trNEGATIVE82143_39_11,0.030675990507006645
FRAG_NEG_trNEGATIVE31492_0_11,0.1396416425704956
FRAG_NEG_trNEGATIVE77537_7_11,0.023148439824581146
FRAG_NEG_trNEGATIVE32643_37_11,0.16534724831581116
FRAG_NEG_trNEGATIVE54179_52_11,0.0999031588435173
FRAG_NEG_trNEGATIVE45625_78_11,0.30715277791023254
FRAG_NEG_trNEGATIVE45236_18_11,0.09158807247877121
FRAG_NEG_trNEGATIVE89307_28_11,0.08782192319631577
FRAG_NEG_trNEGATIVE68296_22_11,0.06478409469127655
FRAG_NEG_trNEGATIVE42081_75_11,0.973084568977356
FRAG_NEG_trNEGATIVE58096_24_11,0.02597592957317829
FRAG_NEG_trNEGATIVE73636_40_11,0.1041952595114708
FRAG_NEG_trNEGATIVE28729_19_11,0.17763249576091766
FRAG_NEG_trNEGATIVE78954_24_11,0.03674701973795891
FRAG_NEG_trNEGATIVE82940_26_11,0.06740958243608475
FRAG_NEG_trNEGATIVE74050_9_11,0.03497985750436783
FRAG_NEG_trNEGATIVE68025_27_11,0.02646934986114502
FRAG_NEG_trNEGATIVE53683_17_11,0.11691595613956451
FRAG_NEG_trNEGATIVE69851_20_11,0.055767614394426346
FRAG_NEG_trNEGATIVE67582_57_11,0.055790871381759644
FRAG_NEG_trNEGATIVE76417_39_11,0.034304626286029816
FRAG_NEG_trNEGATIVE50059_7_11,0.10714912414550781
FRAG_NEG_trNEGATIVE95856_1_11,0.025368429720401764
FRAG_NEG_trNEGATIVE38107_5_11,0.0772661492228508
FRAG_NEG_trNEGATIVE71697_5_11,0.021035367622971535
FRAG_NEG_trNEGATIVE34855_32_11,0.017392583191394806
FRAG_NEG_trNEGATIVE65012_16_11,0.08934751898050308
FRAG_NEG_trNEGATIVE77913_42_11,0.022235995158553123
FRAG_NEG_trNEGATIVE88380_74_11,0.17051102221012115
FRAG_NEG_trNEGATIVE44161_8_11,0.04481182247400284
FRAG_NEG_trNEGATIVE43083_27_11,0.014016708359122276
FRAG_NEG_trNEGATIVE56790_2_11,0.8170652985572815
FRAG_NEG_trNEGATIVE93974_20_11,0.05033012479543686
FRAG_NEG_trNEGATIVE34370_7_11,0.05891793966293335
FRAG_NEG_trNEGATIVE28177_16_11,0.036868441849946976
FRAG_NEG_trNEGATIVE44278_52_11,0.35174959897994995
FRAG_NEG_trNEGATIVE39870_39_11,0.03597650304436684
FRAG_NEG_trNEGATIVE71204_32_11,0.1145019680261612
FRAG_NEG_trNEGATIVE76530_48_11,0.05914008617401123
FRAG_NEG_trNEGATIVE39818_54_11,0.05553828552365303
FRAG_NEG_trNEGATIVE78027_52_11,0.0759517103433609
FRAG_NEG_trNEGATIVE75246_52_11,0.027535919100046158
FRAG_NEG_trNEGATIVE73036_22_11,0.22168035805225372
FRAG_NEG_trNEGATIVE91477_66_11,0.040768951177597046
FRAG_NEG_trNEGATIVE62960_4_11,0.19763198494911194
FRAG_NEG_trNEGATIVE93258_27_11,0.06493684649467468
FRAG_NEG_trNEGATIVE66636_11_11,0.03428972512483597
FRAG_NEG_trNEGATIVE60131_57_11,0.17789235711097717
FRAG_NEG_trNEGATIVE79045_7_11,0.35251569747924805
FRAG_NEG_trNEGATIVE73185_37_11,0.028582271188497543
FRAG_NEG_trNEGATIVE42689_4_11,0.026156730949878693
FRAG_NEG_trNEGATIVE53682_43_11,0.03174542263150215
FRAG_NEG_trNEGATIVE80677_14_11,0.08389799296855927
FRAG_NEG_trNEGATIVE89663_21_11,0.0662420243024826
FRAG_NEG_trNEGATIVE66656_22_11,0.3176637887954712
FRAG_NEG_trNEGATIVE84555_55_11,0.06241569668054581
FRAG_NEG_trNEGATIVE56456_8_11,0.11383885145187378
FRAG_NEG_trNEGATIVE45852_58_11,0.045351020991802216
FRAG_NEG_trNEGATIVE55353_74_11,0.02100367285311222
FRAG_NEG_trNEGATIVE94613_58_11,0.06341233104467392
FRAG_NEG_trNEGATIVE33913_35_11,0.044424183666706085
FRAG_NEG_trNEGATIVE80205_36_11,0.026598026975989342
FRAG_NEG_trNEGATIVE50823_27_11,0.11607059836387634
FRAG_NEG_trNEGATIVE53186_10_11,0.020357027649879456
FRAG_NEG_trNEGATIVE27634_0_11,0.1309162974357605
FRAG_NEG_trNEGATIVE75001_50_11,0.23227116465568542
FRAG_NEG_trNEGATIVE64048_29_11,0.11974634230136871
FRAG_NEG_trNEGATIVE36193_36_11,0.11211440712213516
FRAG_NEG_trNEGATIVE69410_32_11,0.016578199341893196
FRAG_NEG_trNEGATIVE65299_26_11,0.5526013970375061
FRAG_NEG_trNEGATIVE95515_22_11,0.17875416576862335
FRAG_NEG_trNEGATIVE38259_19_11,0.030387649312615395
FRAG_NEG_trNEGATIVE62212_31_11,0.029712293297052383
FRAG_NEG_trNEGATIVE69649_39_11,0.014391395263373852
FRAG_NEG_trNEGATIVE70393_40_11,0.10430051386356354
FRAG_NEG_trNEGATIVE32960_42_11,0.19626452028751373
FRAG_NEG_trNEGATIVE32641_43_11,0.8085142374038696
FRAG_NEG_trNEGATIVE45688_12_11,0.1512635350227356
FRAG_NEG_trNEGATIVE65294_68_11,0.1676073968410492
FRAG_NEG_trNEGATIVE77146_40_11,0.020563451573252678
FRAG_NEG_trNEGATIVE51907_35_11,0.05895144119858742
FRAG_NEG_trNEGATIVE41767_14_11,0.23206602036952972
FRAG_NEG_trNEGATIVE84715_53_11,0.38740071654319763
FRAG_NEG_trNEGATIVE38667_37_11,0.03906400501728058
FRAG_NEG_trNEGATIVE58935_31_11,0.019167453050613403
FRAG_NEG_trNEGATIVE50991_16_11,0.04709465056657791
FRAG_NEG_trNEGATIVE48598_34_11,0.049988873302936554
FRAG_NEG_trNEGATIVE82830_14_11,0.02601560391485691
FRAG_NEG_trNEGATIVE34592_57_11,0.03338540717959404
FRAG_NEG_trNEGATIVE34619_22_11,0.7681382298469543
FRAG_NEG_trNEGATIVE83320_14_11,0.14267775416374207
FRAG_NEG_trNEGATIVE44020_48_11,0.03604566305875778
FRAG_NEG_trNEGATIVE68092_5_11,0.03475983813405037
FRAG_NEG_trNEGATIVE80113_3_11,0.048061974346637726
FRAG_NEG_trNEGATIVE64850_45_11,0.032465748488903046
FRAG_NEG_trNEGATIVE38094_19_11,0.018087878823280334
FRAG_NEG_trNEGATIVE87306_26_11,0.08247371017932892
FRAG_NEG_trNEGATIVE94649_39_11,0.01867121458053589
FRAG_NEG_trNEGATIVE35778_34_11,0.10714643448591232
FRAG_NEG_trNEGATIVE84609_85_11,0.08934365212917328
FRAG_NEG_trNEGATIVE63278_42_11,0.04506346583366394
FRAG_NEG_trNEGATIVE43712_11_11,0.017998037859797478
FRAG_NEG_trNEGATIVE73276_14_11,0.2524087727069855
FRAG_NEG_trNEGATIVE67438_33_11,0.03051508404314518
FRAG_NEG_trNEGATIVE53070_18_11,0.017948878929018974
FRAG_NEG_trNEGATIVE95342_8_11,0.29673540592193604
FRAG_NEG_trNEGATIVE50009_73_11,0.9532793164253235
FRAG_NEG_trNEGATIVE63991_37_11,0.06442144513130188
FRAG_NEG_trNEGATIVE58430_43_11,0.026963625103235245
FRAG_NEG_trNEGATIVE69114_84_11,0.15152467787265778
FRAG_NEG_trNEGATIVE79253_71_11,0.04792821779847145
FRAG_NEG_trNEGATIVE85512_13_11,0.019942697137594223
FRAG_NEG_trNEGATIVE83654_8_11,0.5112316608428955
FRAG_NEG_trNEGATIVE60264_43_11,0.011367526836693287
FRAG_NEG_trNEGATIVE34287_10_11,0.07495977729558945
FRAG_NEG_trNEGATIVE82185_15_11,0.2867412269115448
FRAG_NEG_trNEGATIVE89520_49_11,0.15919047594070435
FRAG_NEG_trNEGATIVE44350_33_11,0.7216025590896606
FRAG_NEG_trNEGATIVE39940_33_11,0.23441749811172485
FRAG_NEG_trNEGATIVE60805_70_11,0.22959573566913605
FRAG_NEG_trNEGATIVE77963_27_11,0.03131425008177757
FRAG_NEG_trNEGATIVE75644_40_11,0.10898307710886002
FRAG_NEG_trNEGATIVE35478_32_11,0.748907744884491
FRAG_NEG_trNEGATIVE58289_47_11,0.182311549782753
FRAG_NEG_trNEGATIVE36596_42_11,0.2744804918766022
FRAG_NEG_trNEGATIVE73619_36_11,0.022508885711431503
FRAG_NEG_trNEGATIVE86575_34_11,0.15273961424827576
FRAG_NEG_trNEGATIVE50422_28_11,0.026173613965511322
FRAG_NEG_trNEGATIVE97497_29_11,0.015337015502154827
FRAG_NEG_trNEGATIVE93907_63_11,0.02440912462770939
FRAG_NEG_trNEGATIVE75873_0_11,0.021022018045186996
FRAG_NEG_trNEGATIVE50269_57_11,0.08606941252946854
FRAG_NEG_trNEGATIVE43654_23_11,0.04762649908661842
FRAG_NEG_trNEGATIVE53896_61_11,0.9180886149406433
FRAG_NEG_trNEGATIVE27517_14_11,0.05494055151939392
FRAG_NEG_trNEGATIVE89245_23_11,0.03948618099093437
FRAG_NEG_trNEGATIVE96934_4_11,0.10112554579973221
FRAG_NEG_trNEGATIVE80644_39_11,0.18686267733573914
FRAG_NEG_trNEGATIVE95518_45_11,0.6938515901565552
FRAG_NEG_trNEGATIVE78344_39_11,0.3243817687034607
FRAG_NEG_trNEGATIVE36313_46_11,0.034173015505075455
FRAG_NEG_trNEGATIVE39940_7_11,0.2498863935470581
FRAG_NEG_trNEGATIVE57649_15_11,0.02299857884645462
FRAG_NEG_trNEGATIVE72576_48_11,0.05857172608375549
FRAG_NEG_trNEGATIVE50849_3_11,0.1538088321685791
FRAG_NEG_trNEGATIVE80543_16_11,0.08245612680912018
FRAG_NEG_trNEGATIVE52720_24_11,0.3023793399333954
FRAG_NEG_trNEGATIVE87736_60_11,0.0502430684864521
FRAG_NEG_trNEGATIVE82185_54_11,0.01993371546268463
FRAG_NEG_trNEGATIVE57114_27_11,0.19064420461654663
FRAG_NEG_trNEGATIVE28977_58_11,0.03181162104010582
FRAG_NEG_trNEGATIVE75698_48_11,0.24191677570343018
FRAG_NEG_trNEGATIVE36143_49_11,0.02768694795668125
FRAG_NEG_trNEGATIVE31778_31_11,0.07505379617214203
FRAG_NEG_trNEGATIVE34539_38_11,0.02828943356871605
FRAG_NEG_trNEGATIVE94584_53_11,0.19772598147392273
FRAG_NEG_trNEGATIVE36239_34_11,0.05751356482505798
FRAG_NEG_trNEGATIVE74115_29_11,0.03067789413034916
FRAG_NEG_trNEGATIVE86402_32_11,0.19290679693222046
FRAG_NEG_trNEGATIVE84870_32_11,0.04945541173219681
FRAG_NEG_trNEGATIVE31543_27_11,0.029319213703274727
FRAG_NEG_trNEGATIVE79435_66_11,0.05548457056283951
FRAG_NEG_trNEGATIVE65951_10_11,0.7372680306434631
FRAG_NEG_trNEGATIVE84856_2_11,0.406267374753952
FRAG_NEG_trNEGATIVE77017_52_11,0.5732963681221008
FRAG_NEG_trNEGATIVE88698_24_11,0.183698371052742
FRAG_NEG_trNEGATIVE29484_42_11,0.04533322900533676
FRAG_NEG_trNEGATIVE93710_21_11,0.15170498192310333
FRAG_NEG_trNEGATIVE49826_27_11,0.16950352489948273
FRAG_NEG_trNEGATIVE46309_63_11,0.02561887912452221
FRAG_NEG_trNEGATIVE64718_66_11,0.12098564952611923
FRAG_NEG_trNEGATIVE84856_43_11,0.020948875695466995
FRAG_NEG_trNEGATIVE60384_34_11,0.034981824457645416
FRAG_NEG_trNEGATIVE83114_6_11,0.22017262876033783
FRAG_NEG_trNEGATIVE44666_15_11,0.11909352242946625
FRAG_NEG_trNEGATIVE47752_64_11,0.09237654507160187
FRAG_NEG_trNEGATIVE39276_24_11,0.019867153838276863
FRAG_NEG_trNEGATIVE68117_11_11,0.33347049355506897
FRAG_NEG_trNEGATIVE27495_64_11,0.05279546603560448
FRAG_NEG_trNEGATIVE49532_44_11,0.015897899866104126
FRAG_NEG_trNEGATIVE86493_60_11,0.09079471230506897
FRAG_NEG_trNEGATIVE41767_48_11,0.02922905422747135
FRAG_NEG_trNEGATIVE95781_48_11,0.03099137730896473
FRAG_NEG_trNEGATIVE56723_17_11,0.14397673308849335
FRAG_NEG_trNEGATIVE67122_1_11,0.017883293330669403
FRAG_NEG_trNEGATIVE55211_5_11,0.02667825110256672
FRAG_NEG_trNEGATIVE45921_14_11,0.024325860664248466
FRAG_NEG_trNEGATIVE88327_61_11,0.0415644645690918
FRAG_NEG_trNEGATIVE66389_19_11,0.06780441105365753
FRAG_NEG_trNEGATIVE69430_29_11,0.24936632812023163
FRAG_NEG_trNEGATIVE85841_36_11,0.021338440477848053
FRAG_NEG_trNEGATIVE48299_52_11,0.014972368255257607
FRAG_NEG_trNEGATIVE50861_57_11,0.054069191217422485
FRAG_NEG_trNEGATIVE58637_22_11,0.09519640356302261
FRAG_NEG_trNEGATIVE55750_54_11,0.012170687317848206
FRAG_NEG_trNEGATIVE84864_11_11,0.24991460144519806
FRAG_NEG_trNEGATIVE39793_18_11,0.03413844853639603
FRAG_NEG_trNEGATIVE85788_13_11,0.024799708276987076
FRAG_NEG_trNEGATIVE50348_27_11,0.0493166409432888
FRAG_NEG_trNEGATIVE40855_46_11,0.05640937015414238
FRAG_NEG_trNEGATIVE76485_32_11,0.02322273887693882
FRAG_NEG_trNEGATIVE48986_28_11,0.452319860458374
FRAG_NEG_trNEGATIVE65645_8_11,0.032070327550172806
FRAG_NEG_trNEGATIVE71862_34_11,0.03590517118573189
FRAG_NEG_trNEGATIVE66436_48_11,0.036795202642679214
FRAG_NEG_trNEGATIVE95089_50_11,0.028702322393655777
FRAG_NEG_trNEGATIVE68784_9_11,0.5626606941223145
FRAG_NEG_trNEGATIVE33667_0_11,0.019851671531796455
FRAG_NEG_trNEGATIVE51468_59_11,0.23985926806926727
FRAG_NEG_trNEGATIVE56407_13_11,0.026692502200603485
FRAG_NEG_trNEGATIVE42182_66_11,0.07708115875720978
FRAG_NEG_trNEGATIVE87650_67_11,0.04482727870345116
FRAG_NEG_trNEGATIVE60364_14_11,0.094699427485466
FRAG_NEG_trNEGATIVE27495_3_11,0.1763903796672821
FRAG_NEG_trNEGATIVE53238_35_11,0.29083383083343506
FRAG_NEG_trNEGATIVE63980_48_11,0.7915627360343933
FRAG_NEG_trNEGATIVE37384_5_11,0.0731925368309021
FRAG_NEG_trNEGATIVE78194_21_11,0.087528757750988
FRAG_NEG_trNEGATIVE76557_15_11,0.012013217434287071
FRAG_NEG_trNEGATIVE53300_60_11,0.3275165855884552
FRAG_NEG_trNEGATIVE79164_31_11,0.06989466398954391
FRAG_NEG_trNEGATIVE70997_49_11,0.019103113561868668
FRAG_NEG_trNEGATIVE62960_16_11,0.03523930162191391
FRAG_NEG_trNEGATIVE93592_21_11,0.018946727737784386
FRAG_NEG_trNEGATIVE43654_7_11,0.08863561600446701
FRAG_NEG_trNEGATIVE85742_36_11,0.9638380408287048
FRAG_NEG_trNEGATIVE50638_17_11,0.08677536994218826
FRAG_NEG_trNEGATIVE70089_88_11,0.018236011266708374
FRAG_NEG_trNEGATIVE80087_63_11,0.02936497889459133
FRAG_NEG_trNEGATIVE30792_39_11,0.038149937987327576
FRAG_NEG_trNEGATIVE51853_80_11,0.013771324418485165
FRAG_NEG_trNEGATIVE96486_11_11,0.03217770904302597
FRAG_NEG_trNEGATIVE44108_20_11,0.031642768532037735
FRAG_NEG_trNEGATIVE95820_5_11,0.049609631299972534
FRAG_NEG_trNEGATIVE88203_19_11,0.12582407891750336
FRAG_NEG_trNEGATIVE43289_36_11,0.08260948956012726
FRAG_NEG_trNEGATIVE40163_55_11,0.13261941075325012
FRAG_NEG_trNEGATIVE40284_30_11,0.027218010276556015
FRAG_NEG_trNEGATIVE95174_48_11,0.05756046995520592
FRAG_NEG_trNEGATIVE67302_61_11,0.648500382900238
FRAG_NEG_trNEGATIVE57285_53_11,0.04022935777902603
FRAG_NEG_trNEGATIVE93950_25_11,0.052539046853780746
FRAG_NEG_trNEGATIVE66060_48_11,0.02194918505847454
FRAG_NEG_trNEGATIVE35447_5_11,0.7327879071235657
FRAG_NEG_trNEGATIVE83335_58_11,0.08466222882270813
FRAG_NEG_trNEGATIVE91490_37_11,0.22620275616645813
FRAG_NEG_trNEGATIVE48587_60_11,0.06143607944250107
FRAG_NEG_trNEGATIVE36432_49_11,0.14957675337791443
FRAG_NEG_trNEGATIVE52457_22_11,0.15900681912899017
FRAG_NEG_trNEGATIVE89408_75_11,0.701923131942749
FRAG_NEG_trNEGATIVE31314_39_11,0.021290641278028488
FRAG_NEG_trNEGATIVE65234_36_11,0.03404409438371658
FRAG_NEG_trNEGATIVE64236_17_11,0.11686764657497406
FRAG_NEG_trNEGATIVE85557_4_11,0.19792355597019196
FRAG_NEG_trNEGATIVE81697_61_11,0.09844525903463364
FRAG_NEG_trNEGATIVE57991_5_11,0.11737693101167679
FRAG_NEG_trNEGATIVE93408_34_11,0.10618795454502106
FRAG_NEG_trNEGATIVE96848_18_11,0.6555493474006653
FRAG_NEG_trNEGATIVE65258_47_11,0.07301803678274155
FRAG_NEG_trNEGATIVE79954_19_11,0.08580800145864487
FRAG_NEG_trNEGATIVE58289_28_11,0.955329179763794
FRAG_NEG_trNEGATIVE49274_12_11,0.056916769593954086
FRAG_NEG_trNEGATIVE81364_14_11,0.027563516050577164
FRAG_NEG_trNEGATIVE43815_68_11,0.02620885893702507
FRAG_NEG_trNEGATIVE56019_4_11,0.021626509726047516
FRAG_NEG_trNEGATIVE73185_31_11,0.3234855532646179
FRAG_NEG_trNEGATIVE40626_3_11,0.02602359466254711
FRAG_NEG_trNEGATIVE68382_37_11,0.051724813878536224
FRAG_NEG_trNEGATIVE75610_32_11,0.028634069487452507
FRAG_NEG_trNEGATIVE47369_34_11,0.20139306783676147
FRAG_NEG_trNEGATIVE78280_56_11,0.11916585266590118
FRAG_NEG_trNEGATIVE50596_35_11,0.1470520794391632
FRAG_NEG_trNEGATIVE39254_1_11,0.17042683064937592
FRAG_NEG_trNEGATIVE91358_10_11,0.21422883868217468
FRAG_NEG_trNEGATIVE68194_30_11,0.21070700883865356
FRAG_NEG_trNEGATIVE85542_29_11,0.03940366953611374
FRAG_NEG_trNEGATIVE38038_4_11,0.04244405776262283
FRAG_NEG_trNEGATIVE92531_44_11,0.05925004184246063
FRAG_NEG_trNEGATIVE60542_41_11,0.16640183329582214
FRAG_NEG_trNEGATIVE64771_42_11,0.031118987128138542
FRAG_NEG_trNEGATIVE61117_76_11,0.023142607882618904
FRAG_NEG_trNEGATIVE41609_0_11,0.03726022318005562
FRAG_NEG_trNEGATIVE68425_7_11,0.17690891027450562
FRAG_NEG_trNEGATIVE76230_40_11,0.04570780694484711
FRAG_NEG_trNEGATIVE47863_65_11,0.05655789375305176
FRAG_NEG_trNEGATIVE77036_54_11,0.027601972222328186
FRAG_NEG_trNEGATIVE85672_67_11,0.1240762397646904
FRAG_NEG_trNEGATIVE54128_38_11,0.1980176717042923
FRAG_NEG_trNEGATIVE55879_16_11,0.05756706744432449
FRAG_NEG_trNEGATIVE79455_23_11,0.01761588081717491
FRAG_NEG_trNEGATIVE66922_35_11,0.049726761877536774
FRAG_NEG_trNEGATIVE43631_42_11,0.24781255424022675
FRAG_NEG_trNEGATIVE71548_0_11,0.037246499210596085
FRAG_NEG_trNEGATIVE47364_46_11,0.08207014203071594
FRAG_NEG_trNEGATIVE70875_5_11,0.05163516104221344
FRAG_NEG_trNEGATIVE62607_57_11,0.028807323426008224
FRAG_NEG_trNEGATIVE49584_0_11,0.024248158559203148
FRAG_NEG_trNEGATIVE66032_60_11,0.02713933400809765
FRAG_NEG_trNEGATIVE77611_21_11,0.22549481689929962
FRAG_NEG_trNEGATIVE67373_18_11,0.03972289711236954
FRAG_NEG_trNEGATIVE50656_41_11,0.04352394491434097
FRAG_NEG_trNEGATIVE77271_21_11,0.03063652478158474
FRAG_NEG_trNEGATIVE75112_20_11,0.025265106931328773
FRAG_NEG_trNEGATIVE60202_6_11,0.2468748688697815
FRAG_NEG_trNEGATIVE93313_29_11,0.022178534418344498
FRAG_NEG_trNEGATIVE74928_69_11,0.02567899227142334
FRAG_NEG_trNEGATIVE79048_35_11,0.10925813019275665
FRAG_NEG_trNEGATIVE90440_0_11,0.02075437642633915
FRAG_NEG_trNEGATIVE77840_22_11,0.06809594482183456
FRAG_NEG_trNEGATIVE81439_38_11,0.08281698822975159
FRAG_NEG_trNEGATIVE85954_57_11,0.36604076623916626
FRAG_NEG_trNEGATIVE42319_21_11,0.04011756181716919
FRAG_NEG_trNEGATIVE49019_36_11,0.03886362165212631
FRAG_NEG_trNEGATIVE76437_19_11,0.03760126605629921
FRAG_NEG_trNEGATIVE78591_45_11,0.05451422557234764
FRAG_NEG_trNEGATIVE84946_32_11,0.055027857422828674
FRAG_NEG_trNEGATIVE47472_33_11,0.4416275918483734
FRAG_NEG_trNEGATIVE81238_21_11,0.023643873631954193
FRAG_NEG_trNEGATIVE71121_40_11,0.07338130474090576
FRAG_NEG_trNEGATIVE57999_87_11,0.052221059799194336
FRAG_NEG_trNEGATIVE35140_5_11,0.13122861087322235
FRAG_NEG_trNEGATIVE32583_0_11,0.5082003474235535
FRAG_NEG_trNEGATIVE48435_71_11,0.0431930273771286
FRAG_NEG_trNEGATIVE41723_15_11,0.14305582642555237
FRAG_NEG_trNEGATIVE64760_3_11,0.033471569418907166
FRAG_NEG_trNEGATIVE91975_59_11,0.3394801914691925
FRAG_NEG_trNEGATIVE85620_49_11,0.17262013256549835
FRAG_NEG_trNEGATIVE34723_12_11,0.018983781337738037
FRAG_NEG_trNEGATIVE31363_22_11,0.014326422475278378
FRAG_NEG_trNEGATIVE91027_32_11,0.49413928389549255
FRAG_NEG_trNEGATIVE31556_0_11,0.019465934485197067
FRAG_NEG_trNEGATIVE67480_2_11,0.025964437052607536
FRAG_NEG_trNEGATIVE89016_14_11,0.0888955369591713
FRAG_NEG_trNEGATIVE45811_28_11,0.17207534611225128
FRAG_NEG_trNEGATIVE40988_54_11,0.42786097526550293
FRAG_NEG_trNEGATIVE55290_8_11,0.036912236362695694
FRAG_NEG_trNEGATIVE71024_71_11,0.09592369943857193
FRAG_NEG_trNEGATIVE78212_11_11,0.29951027035713196
FRAG_NEG_trNEGATIVE53797_11_11,0.06745292991399765
FRAG_NEG_trNEGATIVE51934_52_11,0.04946489259600639
FRAG_NEG_trNEGATIVE78134_25_11,0.0913134515285492
FRAG_NEG_trNEGATIVE81205_15_11,0.020534396171569824
FRAG_NEG_trNEGATIVE84159_26_11,0.07839274406433105
FRAG_NEG_trNEGATIVE90881_23_11,0.03497873991727829
FRAG_NEG_trNEGATIVE73169_24_11,0.019570332020521164
FRAG_NEG_trNEGATIVE43782_40_11,0.23390795290470123
FRAG_NEG_trNEGATIVE66071_21_11,0.12761691212654114
FRAG_NEG_trNEGATIVE84819_32_11,0.02600369229912758
FRAG_NEG_trNEGATIVE76571_5_11,0.08319199830293655
FRAG_NEG_trNEGATIVE62283_20_11,0.013559705577790737
FRAG_NEG_trNEGATIVE41845_16_11,0.022597409784793854
FRAG_NEG_trNEGATIVE58675_39_11,0.08559957891702652
FRAG_NEG_trNEGATIVE35456_26_11,0.019134897738695145
FRAG_NEG_trNEGATIVE78027_55_11,0.051720310002565384
FRAG_NEG_trNEGATIVE88327_27_11,0.06903792917728424
FRAG_NEG_trNEGATIVE35903_11_11,0.06603724509477615
FRAG_NEG_trNEGATIVE96167_28_11,0.11188662797212601
FRAG_NEG_trNEGATIVE92875_27_11,0.03571369871497154
FRAG_NEG_trNEGATIVE66099_19_11,0.5155289173126221
FRAG_NEG_trNEGATIVE85598_59_11,0.36440274119377136
FRAG_NEG_trNEGATIVE47515_29_11,0.035216789692640305
FRAG_NEG_trNEGATIVE79888_13_11,0.24347123503684998
FRAG_NEG_trNEGATIVE42891_5_11,0.024680551141500473
FRAG_NEG_trNEGATIVE84888_29_11,0.8202661275863647
FRAG_NEG_trNEGATIVE90824_16_11,0.028541818261146545
FRAG_NEG_trNEGATIVE44072_67_11,0.04256737232208252
FRAG_NEG_trNEGATIVE54956_66_11,0.02910878323018551
FRAG_NEG_trNEGATIVE47801_51_11,0.35643747448921204
FRAG_NEG_trNEGATIVE40761_36_11,0.14087599515914917
FRAG_NEG_trNEGATIVE76772_21_11,0.039134398102760315
FRAG_NEG_trNEGATIVE52563_8_11,0.44847947359085083
FRAG_NEG_trNEGATIVE82632_32_11,0.3724815845489502
FRAG_NEG_trNEGATIVE49023_59_11,0.04692577198147774
FRAG_NEG_trNEGATIVE36239_60_11,0.05232614651322365
FRAG_NEG_trNEGATIVE62285_7_11,0.028857219964265823
FRAG_NEG_trNEGATIVE67073_50_11,0.04983892664313316
FRAG_NEG_trNEGATIVE30707_22_11,0.012912551872432232
FRAG_NEG_trNEGATIVE86415_8_11,0.036218710243701935
FRAG_NEG_trNEGATIVE54614_32_11,0.6761835813522339
FRAG_NEG_trNEGATIVE58718_11_11,0.08783285319805145
FRAG_NEG_trNEGATIVE90141_39_11,0.22953738272190094
FRAG_NEG_trNEGATIVE53275_26_11,0.105372354388237
FRAG_NEG_trNEGATIVE96832_1_11,0.017327995970845222
FRAG_NEG_trNEGATIVE56893_11_11,0.30292999744415283
FRAG_NEG_trNEGATIVE38107_58_11,0.0697292611002922
FRAG_NEG_trNEGATIVE73412_40_11,0.01706515997648239
FRAG_NEG_trNEGATIVE84608_1_11,0.33660316467285156
FRAG_NEG_trNEGATIVE73683_16_11,0.023097002878785133
FRAG_NEG_trNEGATIVE39101_66_11,0.8651164770126343
FRAG_NEG_trNEGATIVE79101_25_11,0.2106739580631256
FRAG_NEG_trNEGATIVE52313_7_11,0.02949635498225689
FRAG_NEG_trNEGATIVE86416_28_11,0.027880923822522163
FRAG_NEG_trNEGATIVE35895_28_11,0.1183837354183197
FRAG_NEG_trNEGATIVE63626_14_11,0.07649435847997665
FRAG_NEG_trNEGATIVE81467_39_11,0.05762002244591713
FRAG_NEG_trNEGATIVE50788_28_11,0.2797694802284241
FRAG_NEG_trNEGATIVE69794_63_11,0.024852802976965904
FRAG_NEG_trNEGATIVE28177_34_12,0.023935990408062935
FRAG_NEG_trNEGATIVE67399_50_12,0.5303199291229248
FRAG_NEG_trNEGATIVE44113_36_12,0.7715408802032471
FRAG_NEG_trNEGATIVE76571_12_12,0.023361811414361
FRAG_NEG_trNEGATIVE75479_9_12,0.14239828288555145
FRAG_NEG_trNEGATIVE40127_7_12,0.2088141292333603
FRAG_NEG_trNEGATIVE44042_61_12,0.08665475994348526
FRAG_NEG_trNEGATIVE53608_27_12,0.07974883168935776
FRAG_NEG_trNEGATIVE53375_36_12,0.02178516425192356
FRAG_NEG_trNEGATIVE38736_2_12,0.07917151600122452
FRAG_NEG_trNEGATIVE41067_6_12,0.017963483929634094
FRAG_NEG_trNEGATIVE55393_26_12,0.028941862285137177
FRAG_NEG_trNEGATIVE52176_43_12,0.08137182891368866
FRAG_NEG_trNEGATIVE94230_8_12,0.022202622145414352
FRAG_NEG_trNEGATIVE57420_6_12,0.24856607615947723
FRAG_NEG_trNEGATIVE40563_5_12,0.021535269916057587
FRAG_NEG_trNEGATIVE64441_29_12,0.02389124222099781
FRAG_NEG_trNEGATIVE32110_75_12,0.02912367694079876
FRAG_NEG_trNEGATIVE80119_30_12,0.4342564046382904
FRAG_NEG_trNEGATIVE61815_36_12,0.12036282569169998
FRAG_NEG_trNEGATIVE54249_40_12,0.06967230886220932
FRAG_NEG_trNEGATIVE85930_56_12,0.052485086023807526
FRAG_NEG_trNEGATIVE75423_14_12,0.20457054674625397
FRAG_NEG_trNEGATIVE90229_3_12,0.02052239328622818
FRAG_NEG_trNEGATIVE92004_33_12,0.02882026880979538
FRAG_NEG_trNEGATIVE48694_60_12,0.13444884121418
FRAG_NEG_trNEGATIVE36945_17_12,0.07002595067024231
FRAG_NEG_trNEGATIVE63110_44_12,0.2780010402202606
FRAG_NEG_trNEGATIVE69854_67_12,0.2024945169687271
FRAG_NEG_trNEGATIVE46248_29_12,0.01462477259337902
FRAG_NEG_trNEGATIVE56452_12_12,0.1395149677991867
FRAG_NEG_trNEGATIVE90189_23_12,0.02266768179833889
FRAG_NEG_trNEGATIVE96926_42_12,0.09289766103029251
FRAG_NEG_trNEGATIVE94016_12_12,0.44625571370124817
FRAG_NEG_trNEGATIVE36525_23_12,0.04977266117930412
FRAG_NEG_trNEGATIVE84888_52_12,0.3253469467163086
FRAG_NEG_trNEGATIVE96278_66_12,0.37749072909355164
FRAG_NEG_trNEGATIVE52366_20_12,0.21795764565467834
FRAG_NEG_trNEGATIVE32519_54_12,0.020445145666599274
FRAG_NEG_trNEGATIVE92449_16_12,0.11312125623226166
FRAG_NEG_trNEGATIVE93828_66_12,0.05068900063633919
FRAG_NEG_trNEGATIVE34565_51_12,0.051003798842430115
FRAG_NEG_trNEGATIVE70464_54_12,0.030575847253203392
FRAG_NEG_trNEGATIVE83485_3_12,0.2998974025249481
FRAG_NEG_trNEGATIVE87650_48_12,0.01960342936217785
FRAG_NEG_trNEGATIVE68028_22_12,0.030986953526735306
FRAG_NEG_trNEGATIVE91438_54_12,0.05243072286248207
FRAG_NEG_trNEGATIVE54602_33_12,0.036412402987480164
FRAG_NEG_trNEGATIVE56576_10_12,0.037098098546266556
FRAG_NEG_trNEGATIVE34916_68_12,0.0651577040553093
FRAG_NEG_trNEGATIVE85841_44_12,0.40155959129333496
FRAG_NEG_trNEGATIVE39691_75_12,0.04703209921717644
FRAG_NEG_trNEGATIVE27683_21_12,0.039036426693201065
FRAG_NEG_trNEGATIVE32518_41_12,0.027469512075185776
FRAG_NEG_trNEGATIVE86305_42_12,0.026744838804006577
FRAG_NEG_trNEGATIVE41420_61_12,0.016381727531552315
FRAG_NEG_trNEGATIVE44734_27_12,0.02929798886179924
FRAG_NEG_trNEGATIVE70956_65_12,0.03592848777770996
FRAG_NEG_trNEGATIVE92555_53_12,0.08452294766902924
FRAG_NEG_trNEGATIVE47781_26_12,0.05233393982052803
FRAG_NEG_trNEGATIVE83994_13_12,0.01586158759891987
FRAG_NEG_trNEGATIVE50559_42_12,0.3978283107280731
FRAG_NEG_trNEGATIVE41171_19_12,0.012066091410815716
FRAG_NEG_trNEGATIVE60765_24_12,0.09337011724710464
FRAG_NEG_trNEGATIVE88196_36_12,0.04669422283768654
FRAG_NEG_trNEGATIVE75864_38_12,0.02887829579412937
FRAG_NEG_trNEGATIVE31371_36_12,0.09312561899423599
FRAG_NEG_trNEGATIVE43021_8_12,0.0947808101773262
FRAG_NEG_trNEGATIVE82781_9_12,0.10197022557258606
FRAG_NEG_trNEGATIVE30133_19_12,0.013634104281663895
FRAG_NEG_trNEGATIVE90914_13_12,0.21259455382823944
FRAG_NEG_trNEGATIVE84467_28_12,0.05866336077451706
FRAG_NEG_trNEGATIVE30647_23_12,0.018097832798957825
FRAG_NEG_trNEGATIVE40170_7_12,0.08575134724378586
FRAG_NEG_trNEGATIVE95781_43_12,0.051519569009542465
FRAG_NEG_trNEGATIVE44316_41_12,0.02512366510927677
FRAG_NEG_trNEGATIVE61202_31_12,0.016328413039445877
FRAG_NEG_trNEGATIVE31525_41_12,0.14124977588653564
FRAG_NEG_trNEGATIVE70446_49_12,0.0250039491802454
FRAG_NEG_trNEGATIVE39219_18_12,0.04053313285112381
FRAG_NEG_trNEGATIVE36815_7_12,0.033979810774326324
FRAG_NEG_trNEGATIVE79514_41_12,0.05247329920530319
FRAG_NEG_trNEGATIVE96443_1_12,0.0572112537920475
FRAG_NEG_trNEGATIVE86750_8_12,0.021590804681181908
FRAG_NEG_trNEGATIVE63306_25_12,0.09012977033853531
FRAG_NEG_trNEGATIVE97027_58_12,0.038182005286216736
FRAG_NEG_trNEGATIVE81516_24_12,0.1973758339881897
FRAG_NEG_trNEGATIVE55178_12_12,0.29887887835502625
FRAG_NEG_trNEGATIVE28801_5_12,0.19815224409103394
FRAG_NEG_trNEGATIVE41308_31_12,0.22660624980926514
FRAG_NEG_trNEGATIVE70576_21_12,0.015052423812448978
FRAG_NEG_trNEGATIVE73932_33_12,0.08603393286466599
FRAG_NEG_trNEGATIVE30895_34_12,0.0702977254986763
FRAG_NEG_trNEGATIVE82837_1_12,0.013308030553162098
FRAG_NEG_trNEGATIVE37954_58_12,0.06301002949476242
FRAG_NEG_trNEGATIVE63561_56_12,0.031060345470905304
FRAG_NEG_trNEGATIVE95146_11_12,0.024317560717463493
FRAG_NEG_trNEGATIVE68879_3_12,0.022061293944716454
FRAG_NEG_trNEGATIVE63605_20_12,0.03910791128873825
FRAG_NEG_trNEGATIVE82899_36_12,0.9211470484733582
FRAG_NEG_trNEGATIVE76453_39_12,0.05227840691804886
FRAG_NEG_trNEGATIVE40957_35_12,0.02356385998427868
FRAG_NEG_trNEGATIVE35045_46_12,0.06355046480894089
FRAG_NEG_trNEGATIVE31684_17_12,0.11203364282846451
FRAG_NEG_trNEGATIVE45179_0_12,0.1638668328523636
FRAG_NEG_trNEGATIVE55956_1_12,0.04278923571109772
FRAG_NEG_trNEGATIVE45552_59_12,0.039882007986307144
FRAG_NEG_trNEGATIVE62029_0_12,0.04186790809035301
FRAG_NEG_trNEGATIVE74499_3_12,0.3856881856918335
FRAG_NEG_trNEGATIVE48130_62_12,0.03601713106036186
FRAG_NEG_trNEGATIVE35901_51_12,0.49492713809013367
FRAG_NEG_trNEGATIVE74610_26_12,0.13711528480052948
FRAG_NEG_trNEGATIVE61294_13_12,0.09683645516633987
FRAG_NEG_trNEGATIVE65552_26_12,0.057388823479413986
FRAG_NEG_trNEGATIVE27634_2_12,0.03973669931292534
FRAG_NEG_trNEGATIVE76437_5_12,0.9576348662376404
FRAG_NEG_trNEGATIVE30481_39_12,0.04493487626314163
FRAG_NEG_trNEGATIVE90224_19_12,0.04019298031926155
FRAG_NEG_trNEGATIVE60255_38_12,0.05822981148958206
FRAG_NEG_trNEGATIVE60580_0_12,0.027440674602985382
FRAG_NEG_trNEGATIVE81986_55_12,0.01621576026082039
FRAG_NEG_trNEGATIVE33313_25_12,0.19216984510421753
FRAG_NEG_trNEGATIVE33192_12_12,0.0597802996635437
FRAG_NEG_trNEGATIVE52961_59_12,0.028956621885299683
FRAG_NEG_trNEGATIVE89322_36_12,0.6012812256813049
FRAG_NEG_trNEGATIVE62352_27_12,0.16627779603004456
FRAG_NEG_trNEGATIVE83802_44_12,0.026474932208657265
FRAG_NEG_trNEGATIVE90331_2_12,0.33589592576026917
FRAG_NEG_trNEGATIVE54980_6_12,0.09592024236917496
FRAG_NEG_trNEGATIVE28254_41_12,0.0240771546959877
FRAG_NEG_trNEGATIVE31256_1_12,0.02128768526017666
FRAG_NEG_trNEGATIVE94732_47_12,0.39841601252555847
FRAG_NEG_trNEGATIVE67486_0_12,0.23787818849086761
FRAG_NEG_trNEGATIVE37677_41_12,0.10121873766183853
FRAG_NEG_trNEGATIVE93625_25_12,0.11404785513877869
FRAG_NEG_trNEGATIVE70892_32_12,0.2267628312110901
FRAG_NEG_trNEGATIVE68134_25_12,0.2553407549858093
FRAG_NEG_trNEGATIVE29766_41_12,0.02259046584367752
FRAG_NEG_trNEGATIVE66626_14_12,0.11807526648044586
FRAG_NEG_trNEGATIVE39865_3_12,0.3901851773262024
FRAG_NEG_trNEGATIVE83403_78_12,0.09536097943782806
FRAG_NEG_trNEGATIVE38111_14_12,0.07353853434324265
FRAG_NEG_trNEGATIVE67263_4_12,0.0611998550593853
FRAG_NEG_trNEGATIVE79021_50_12,0.7035436034202576
FRAG_NEG_trNEGATIVE47409_35_12,0.6363566517829895
FRAG_NEG_trNEGATIVE38968_0_12,0.03071630373597145
FRAG_NEG_trNEGATIVE38265_6_12,0.14821945130825043
FRAG_NEG_trNEGATIVE66632_79_12,0.070331871509552
FRAG_NEG_trNEGATIVE72933_35_12,0.0630338042974472
FRAG_NEG_trNEGATIVE94421_72_12,0.050959084182977676
FRAG_NEG_trNEGATIVE50601_31_12,0.014194068498909473
FRAG_NEG_trNEGATIVE49120_44_12,0.06010480225086212
FRAG_NEG_trNEGATIVE46370_30_12,0.0275014266371727
FRAG_NEG_trNEGATIVE34016_3_12,0.15607209503650665
FRAG_NEG_trNEGATIVE70270_82_12,0.03377179056406021
FRAG_NEG_trNEGATIVE47404_58_12,0.06188809871673584
FRAG_NEG_trNEGATIVE96663_29_12,0.01901911199092865
FRAG_NEG_trNEGATIVE58881_26_12,0.05885367840528488
FRAG_NEG_trNEGATIVE80483_72_12,0.6694661974906921
FRAG_NEG_trNEGATIVE66429_0_12,0.028545869514346123
FRAG_NEG_trNEGATIVE87619_56_12,0.13180610537528992
FRAG_NEG_trNEGATIVE43717_24_12,0.2040901780128479
FRAG_NEG_trNEGATIVE34235_0_12,0.13216839730739594
FRAG_NEG_trNEGATIVE60716_36_12,0.10384947806596756
FRAG_NEG_trNEGATIVE44373_22_12,0.15588979423046112
FRAG_NEG_trNEGATIVE82631_6_12,0.04804661124944687
FRAG_NEG_trNEGATIVE92820_58_12,0.049704596400260925
FRAG_NEG_trNEGATIVE39074_69_12,0.1641915738582611
FRAG_NEG_trNEGATIVE37267_12_12,0.01993088610470295
FRAG_NEG_trNEGATIVE87777_41_12,0.029486075043678284
FRAG_NEG_trNEGATIVE30479_37_12,0.1402679830789566
FRAG_NEG_trNEGATIVE48545_25_12,0.23571734130382538
FRAG_NEG_trNEGATIVE89249_30_12,0.6827411651611328
FRAG_NEG_trNEGATIVE83853_57_12,0.010587403550744057
FRAG_NEG_trNEGATIVE62045_10_12,0.13955914974212646
FRAG_NEG_trNEGATIVE67046_43_12,0.06954926997423172
FRAG_NEG_trNEGATIVE35578_30_12,0.021970445290207863
FRAG_NEG_trNEGATIVE34625_31_12,0.4351542890071869
FRAG_NEG_trNEGATIVE39614_2_12,0.02527584694325924
FRAG_NEG_trNEGATIVE46189_20_12,0.024240272119641304
FRAG_NEG_trNEGATIVE58881_18_12,0.5087993144989014
FRAG_NEG_trNEGATIVE43403_5_12,0.6205184459686279
FRAG_NEG_trNEGATIVE30284_59_12,0.035083480179309845
FRAG_NEG_trNEGATIVE80455_21_12,0.8743168115615845
FRAG_NEG_trNEGATIVE79195_11_12,0.19517719745635986
FRAG_NEG_trNEGATIVE40163_57_12,0.2714133858680725
FRAG_NEG_trNEGATIVE96555_25_12,0.06185618415474892
FRAG_NEG_trNEGATIVE92966_30_12,0.12162043899297714
FRAG_NEG_trNEGATIVE97487_8_12,0.41834011673927307
FRAG_NEG_trNEGATIVE54744_59_12,0.028057755902409554
FRAG_NEG_trNEGATIVE69410_10_12,0.2556673288345337
FRAG_NEG_trNEGATIVE62371_21_12,0.02811320684850216
FRAG_NEG_trNEGATIVE86575_66_12,0.03211907297372818
FRAG_NEG_trNEGATIVE63918_19_12,0.028906291350722313
FRAG_NEG_trNEGATIVE73494_23_12,0.02137788012623787
FRAG_NEG_trNEGATIVE42856_60_12,0.08276385068893433
FRAG_NEG_trNEGATIVE56510_35_12,0.22194358706474304
FRAG_NEG_trNEGATIVE63583_21_12,0.0164486151188612
FRAG_NEG_trNEGATIVE62719_11_12,0.08366984128952026
FRAG_NEG_trNEGATIVE84581_2_12,0.716368556022644
FRAG_NEG_trNEGATIVE81661_71_12,0.156901553273201
FRAG_NEG_trNEGATIVE33522_62_12,0.024443713948130608
FRAG_NEG_trNEGATIVE91058_25_12,0.05872618034482002
FRAG_NEG_trNEGATIVE84549_41_12,0.509527325630188
FRAG_NEG_trNEGATIVE87777_29_12,0.19520528614521027
FRAG_NEG_trNEGATIVE81380_7_12,0.14933834969997406
FRAG_NEG_trNEGATIVE49226_62_12,0.10566568374633789
FRAG_NEG_trNEGATIVE74447_5_12,0.04029051959514618
FRAG_NEG_trNEGATIVE41442_42_12,0.4210521876811981
FRAG_NEG_trNEGATIVE70706_74_12,0.11644022911787033
FRAG_NEG_trNEGATIVE32518_16_12,0.034133996814489365
FRAG_NEG_trNEGATIVE70709_70_12,0.12622244656085968
FRAG_NEG_trNEGATIVE32828_7_12,0.03324424475431442
FRAG_NEG_trNEGATIVE96597_47_12,0.08637478947639465
FRAG_NEG_trNEGATIVE67582_33_12,0.1168389618396759
FRAG_NEG_trNEGATIVE53093_43_12,0.783970832824707
FRAG_NEG_trNEGATIVE82150_39_12,0.02071881666779518
FRAG_NEG_trNEGATIVE75676_68_12,0.12101857364177704
FRAG_NEG_trNEGATIVE35110_57_12,0.05684509128332138
FRAG_NEG_trNEGATIVE42312_1_12,0.029993079602718353
FRAG_NEG_trNEGATIVE87243_16_12,0.042121365666389465
FRAG_NEG_trNEGATIVE91030_30_12,0.012847106903791428
FRAG_NEG_trNEGATIVE65317_41_12,0.8877802491188049
FRAG_NEG_trNEGATIVE43968_25_12,0.1507340967655182
FRAG_NEG_trNEGATIVE69854_47_12,0.07661963254213333
FRAG_NEG_trNEGATIVE71052_43_12,0.021476659923791885
FRAG_NEG_trNEGATIVE70594_57_12,0.024739228188991547
FRAG_NEG_trNEGATIVE41646_10_12,0.05234523490071297
FRAG_NEG_trNEGATIVE81349_10_12,0.045001860707998276
FRAG_NEG_trNEGATIVE35958_40_12,0.7718769907951355
FRAG_NEG_trNEGATIVE79435_8_12,0.018313046544790268
FRAG_NEG_trNEGATIVE97099_9_12,0.08574618399143219
FRAG_NEG_trNEGATIVE90517_52_12,0.11934225261211395
FRAG_NEG_trNEGATIVE70937_3_12,0.05549929291009903
FRAG_NEG_trNEGATIVE51996_36_12,0.08930369466543198
FRAG_NEG_trNEGATIVE60962_54_12,0.025066040456295013
FRAG_NEG_trNEGATIVE59745_3_12,0.29319852590560913
FRAG_NEG_trNEGATIVE37877_42_12,0.05905883386731148
FRAG_NEG_trNEGATIVE91046_3_12,0.049404844641685486
FRAG_NEG_trNEGATIVE70735_39_12,0.017259543761610985
FRAG_NEG_trNEGATIVE75878_12_12,0.03946368396282196
FRAG_NEG_trNEGATIVE59543_30_12,0.22236113250255585
FRAG_NEG_trNEGATIVE45985_10_12,0.09302642196416855
FRAG_NEG_trNEGATIVE52473_51_12,0.04934007301926613
FRAG_NEG_trNEGATIVE56280_17_12,0.08820220082998276
FRAG_NEG_trNEGATIVE45542_44_12,0.031234517693519592
FRAG_NEG_trNEGATIVE28142_13_12,0.12169627100229263
FRAG_NEG_trNEGATIVE28324_53_12,0.03921733796596527
FRAG_NEG_trNEGATIVE43660_28_12,0.017543550580739975
FRAG_NEG_trNEGATIVE32302_14_12,0.02034757472574711
FRAG_NEG_trNEGATIVE75165_36_12,0.434372216463089
FRAG_NEG_trNEGATIVE67393_21_12,0.15750513970851898
FRAG_NEG_trNEGATIVE35741_52_12,0.9712536334991455
FRAG_NEG_trNEGATIVE95580_62_12,0.05376685783267021
FRAG_NEG_trNEGATIVE41329_52_12,0.12437417358160019
FRAG_NEG_trNEGATIVE48130_50_12,0.03527805209159851
FRAG_NEG_trNEGATIVE35456_52_12,0.025503812357783318
FRAG_NEG_trNEGATIVE93258_52_12,0.03200520947575569
FRAG_NEG_trNEGATIVE54843_65_12,0.03225520998239517
FRAG_NEG_trNEGATIVE79299_60_12,0.09604258835315704
FRAG_NEG_trNEGATIVE36843_1_12,0.015312363393604755
FRAG_NEG_trNEGATIVE74541_59_12,0.04830731451511383
FRAG_NEG_trNEGATIVE51263_58_12,0.02625315450131893
FRAG_NEG_trNEGATIVE70258_36_12,0.016450928524136543
FRAG_NEG_trNEGATIVE34592_75_12,0.01690608263015747
FRAG_NEG_trNEGATIVE55883_12_12,0.7283750176429749
FRAG_NEG_trNEGATIVE55240_30_12,0.31977930665016174
FRAG_NEG_trNEGATIVE85376_52_12,0.24006228148937225
FRAG_NEG_trNEGATIVE39002_8_12,0.03702669218182564
FRAG_NEG_trNEGATIVE89986_48_12,0.6511671543121338
FRAG_NEG_trNEGATIVE84600_58_12,0.028996702283620834
FRAG_NEG_trNEGATIVE71259_28_12,0.25240638852119446
FRAG_NEG_trNEGATIVE35567_19_12,0.9468151330947876
FRAG_NEG_trNEGATIVE83091_29_12,0.04174134135246277
FRAG_NEG_trNEGATIVE84614_73_12,0.0673796534538269
FRAG_NEG_trNEGATIVE59142_48_12,0.04666762426495552
FRAG_NEG_trNEGATIVE46856_19_12,0.10726425051689148
FRAG_NEG_trNEGATIVE82879_68_12,0.0226596612483263
FRAG_NEG_trNEGATIVE63680_8_12,0.36020737886428833
FRAG_NEG_trNEGATIVE33201_40_12,0.03984765708446503
FRAG_NEG_trNEGATIVE61190_37_12,0.07448883354663849
FRAG_NEG_trNEGATIVE31056_43_12,0.06161841005086899
FRAG_NEG_trNEGATIVE39078_13_12,0.24079275131225586
FRAG_NEG_trNEGATIVE37865_17_12,0.07942799478769302
FRAG_NEG_trNEGATIVE47137_0_12,0.019708935171365738
FRAG_NEG_trNEGATIVE52704_1_12,0.23219743371009827
FRAG_NEG_trNEGATIVE31363_34_12,0.24251730740070343
FRAG_NEG_trNEGATIVE51423_53_12,0.020175697281956673
FRAG_NEG_trNEGATIVE33079_1_12,0.16005964577198029
FRAG_NEG_trNEGATIVE44373_56_12,0.2703813314437866
FRAG_NEG_trNEGATIVE31708_34_12,0.1067453995347023
FRAG_NEG_trNEGATIVE69522_26_12,0.025051048025488853
FRAG_NEG_trNEGATIVE96599_47_12,0.22584189474582672
FRAG_NEG_trNEGATIVE92908_18_12,0.0364709198474884
FRAG_NEG_trNEGATIVE41688_34_12,0.10279752314090729
FRAG_NEG_trNEGATIVE74403_49_12,0.1053527444601059
FRAG_NEG_trNEGATIVE40770_23_12,0.06989291310310364
FRAG_NEG_trNEGATIVE49010_74_12,0.03645556420087814
FRAG_NEG_trNEGATIVE84260_24_12,0.03927959129214287
FRAG_NEG_trNEGATIVE35069_34_12,0.01676016114652157
FRAG_NEG_trNEGATIVE67937_48_12,0.023660285398364067
FRAG_NEG_trNEGATIVE36275_66_12,0.1846792846918106
FRAG_NEG_trNEGATIVE56313_32_12,0.41997548937797546
FRAG_NEG_trNEGATIVE28299_40_12,0.3136262595653534
FRAG_NEG_trNEGATIVE31578_34_12,0.29591190814971924
FRAG_NEG_trNEGATIVE39535_45_12,0.06399255990982056
FRAG_NEG_trNEGATIVE93974_1_12,0.08062199503183365
FRAG_NEG_trNEGATIVE81431_37_12,0.030084528028964996
FRAG_NEG_trNEGATIVE30906_46_12,0.031132567673921585
FRAG_NEG_trNEGATIVE91199_53_12,0.14820757508277893
FRAG_NEG_trNEGATIVE37240_80_12,0.6903154253959656
FRAG_NEG_trNEGATIVE45874_12_12,0.012490717694163322
FRAG_NEG_trNEGATIVE58127_36_12,0.01617349684238434
FRAG_NEG_trNEGATIVE90165_46_12,0.054871734231710434
FRAG_NEG_trNEGATIVE53226_70_12,0.5704593658447266
FRAG_NEG_trNEGATIVE41033_21_12,0.5523294806480408
FRAG_NEG_trNEGATIVE84969_23_12,0.27580535411834717
FRAG_NEG_trNEGATIVE49134_48_12,0.0873183086514473
FRAG_NEG_trNEGATIVE86993_23_12,0.14366620779037476
FRAG_NEG_trNEGATIVE68825_56_12,0.014167050831019878
FRAG_NEG_trNEGATIVE97196_40_12,0.08232409507036209
FRAG_NEG_trNEGATIVE38333_27_12,0.14097921550273895
FRAG_NEG_trNEGATIVE30453_40_12,0.2568712830543518
FRAG_NEG_trNEGATIVE28784_5_12,0.014376476407051086
FRAG_NEG_trNEGATIVE71204_44_12,0.03911584988236427
FRAG_NEG_trNEGATIVE89028_30_12,0.023765964433550835
FRAG_NEG_trNEGATIVE68695_62_12,0.30695873498916626
FRAG_NEG_trNEGATIVE67353_38_12,0.11457249522209167
FRAG_NEG_trNEGATIVE55344_2_12,0.02510005794465542
FRAG_NEG_trNEGATIVE76022_11_12,0.09983661025762558
FRAG_NEG_trNEGATIVE30297_10_12,0.017616301774978638
FRAG_NEG_trNEGATIVE48964_26_12,0.972373366355896
FRAG_NEG_trNEGATIVE86194_6_12,0.11160840094089508
FRAG_NEG_trNEGATIVE95262_32_12,0.08327744901180267
FRAG_NEG_trNEGATIVE48733_39_12,0.07150471210479736
FRAG_NEG_trNEGATIVE96551_30_12,0.08389848470687866
FRAG_NEG_trNEGATIVE77802_75_12,0.01788930781185627
FRAG_NEG_trNEGATIVE58788_18_12,0.029761284589767456
FRAG_NEG_trNEGATIVE35001_59_12,0.036405667662620544
FRAG_NEG_trNEGATIVE88184_57_12,0.1198350191116333
FRAG_NEG_trNEGATIVE92379_52_12,0.02191266044974327
FRAG_NEG_trNEGATIVE93021_18_12,0.012296407483518124
FRAG_NEG_trNEGATIVE78105_64_12,0.03870326653122902
FRAG_NEG_trNEGATIVE49883_36_12,0.14879503846168518
FRAG_NEG_trNEGATIVE70991_85_12,0.9486017227172852
FRAG_NEG_trNEGATIVE39622_39_12,0.02970392070710659
FRAG_NEG_trNEGATIVE86053_17_12,0.11216147243976593
FRAG_NEG_trNEGATIVE91895_67_12,0.029074950143694878
FRAG_NEG_trNEGATIVE74391_36_12,0.021376272663474083
FRAG_NEG_trNEGATIVE94613_38_12,0.43422526121139526
FRAG_NEG_trNEGATIVE51468_37_12,0.18303830921649933
FRAG_NEG_trNEGATIVE82036_47_12,0.027751214802265167
FRAG_NEG_trNEGATIVE72240_83_12,0.032383546233177185
FRAG_NEG_trNEGATIVE74328_24_12,0.01719425991177559
FRAG_NEG_trNEGATIVE68123_43_12,0.01640893518924713
FRAG_NEG_trNEGATIVE77005_11_12,0.0275522880256176
FRAG_NEG_trNEGATIVE69042_24_12,0.03974812105298042
FRAG_NEG_trNEGATIVE41457_36_12,0.019660618156194687
FRAG_NEG_trNEGATIVE90002_79_12,0.03416787460446358
FRAG_NEG_trNEGATIVE75785_2_12,0.02777516283094883
FRAG_NEG_trNEGATIVE76602_65_12,0.0717935711145401
FRAG_NEG_trNEGATIVE53410_47_12,0.023001715540885925
FRAG_NEG_trNEGATIVE34154_26_12,0.09609220921993256
FRAG_NEG_trNEGATIVE41209_16_12,0.041513729840517044
FRAG_NEG_trNEGATIVE64367_1_12,0.33272042870521545
FRAG_NEG_trNEGATIVE88628_60_12,0.04310405254364014
FRAG_NEG_trNEGATIVE43266_18_12,0.06018959730863571
FRAG_NEG_trNEGATIVE37469_17_12,0.04902180656790733
FRAG_NEG_trNEGATIVE42231_42_12,0.09533070027828217
FRAG_NEG_trNEGATIVE64959_23_12,0.12164171040058136
FRAG_NEG_trNEGATIVE77606_15_12,0.01803646981716156
FRAG_NEG_trNEGATIVE46134_48_12,0.4559955596923828
FRAG_NEG_trNEGATIVE85245_10_12,0.19460812211036682
FRAG_NEG_trNEGATIVE78677_64_12,0.6332727670669556
FRAG_NEG_trNEGATIVE71121_40_12,0.08839768916368484
FRAG_NEG_trNEGATIVE61477_29_12,0.5166095495223999
FRAG_NEG_trNEGATIVE40710_7_12,0.025469202548265457
FRAG_NEG_trNEGATIVE54268_44_12,0.02839096076786518
FRAG_NEG_trNEGATIVE60566_24_12,0.02683595009148121
FRAG_NEG_trNEGATIVE47402_52_12,0.053370844572782516
FRAG_NEG_trNEGATIVE62701_41_12,0.32866600155830383
FRAG_NEG_trNEGATIVE51502_26_12,0.9411011934280396
FRAG_NEG_trNEGATIVE39127_41_12,0.05899827554821968
FRAG_NEG_trNEGATIVE44570_15_12,0.02557808719575405
FRAG_NEG_trNEGATIVE69941_16_12,0.02782629430294037
FRAG_NEG_trNEGATIVE74180_45_12,0.07121914625167847
FRAG_NEG_trNEGATIVE34943_82_12,0.034350425004959106
FRAG_NEG_trNEGATIVE30764_19_12,0.053596217185258865
FRAG_NEG_trNEGATIVE69489_37_12,0.033933255821466446
FRAG_NEG_trNEGATIVE79605_67_12,0.06901045888662338
FRAG_NEG_trNEGATIVE53751_31_12,0.363916277885437
FRAG_NEG_trNEGATIVE77471_52_12,0.03147314488887787
FRAG_NEG_trNEGATIVE47677_21_12,0.5860735774040222
FRAG_NEG_trNEGATIVE38332_27_12,0.21524553000926971
FRAG_NEG_trNEGATIVE56625_46_12,0.03028552047908306
FRAG_NEG_trNEGATIVE58145_15_12,0.1698887199163437
FRAG_NEG_trNEGATIVE44810_34_12,0.09790687263011932
FRAG_NEG_trNEGATIVE74080_77_12,0.018672270700335503
FRAG_NEG_trNEGATIVE69702_29_12,0.027368301525712013
FRAG_NEG_trNEGATIVE51954_12_12,0.027035007253289223
FRAG_NEG_trNEGATIVE83944_61_12,0.0617416612803936
FRAG_NEG_trNEGATIVE92854_17_12,0.01812705583870411
FRAG_NEG_trNEGATIVE52449_29_12,0.4051015377044678
FRAG_NEG_trNEGATIVE83287_22_12,0.05820111930370331
FRAG_NEG_trNEGATIVE62200_13_12,0.02995823137462139
FRAG_NEG_trNEGATIVE45571_48_12,0.03824273496866226
FRAG_NEG_trNEGATIVE75954_18_12,0.1558850258588791
FRAG_NEG_trNEGATIVE56970_42_12,0.03375273197889328
FRAG_NEG_trNEGATIVE96583_17_12,0.1144617423415184
FRAG_NEG_trNEGATIVE36310_48_12,0.02847323939204216
FRAG_NEG_trNEGATIVE29309_4_12,0.2689945697784424
FRAG_NEG_trNEGATIVE56717_15_12,0.02603365108370781
FRAG_NEG_trNEGATIVE67547_56_12,0.12499193102121353
FRAG_NEG_trNEGATIVE96622_24_12,0.12397122383117676
FRAG_NEG_trNEGATIVE61350_14_12,0.020261699333786964
FRAG_NEG_trNEGATIVE49543_8_12,0.020227186381816864
FRAG_NEG_trNEGATIVE59112_57_12,0.015755999833345413
FRAG_NEG_trNEGATIVE67374_8_12,0.5195071697235107
FRAG_NEG_trNEGATIVE29263_29_12,0.019517766311764717
FRAG_NEG_trNEGATIVE74813_82_12,0.13148707151412964
FRAG_NEG_trNEGATIVE77612_25_12,0.10523875802755356
FRAG_NEG_trNEGATIVE42479_10_12,0.5321468710899353
FRAG_NEG_trNEGATIVE69167_26_12,0.1059190109372139
FRAG_NEG_trNEGATIVE94953_41_12,0.11302774399518967
FRAG_NEG_trNEGATIVE53623_0_12,0.5834047198295593
FRAG_NEG_trNEGATIVE62769_24_12,0.03126734495162964
FRAG_NEG_trNEGATIVE69216_16_12,0.030559614300727844
FRAG_NEG_trNEGATIVE47034_42_12,0.056903377175331116
FRAG_NEG_trNEGATIVE31028_61_12,0.03747886046767235
FRAG_NEG_trNEGATIVE51984_7_12,0.07604039460420609
FRAG_NEG_trNEGATIVE32519_57_12,0.076757051050663
FRAG_NEG_trNEGATIVE59109_39_12,0.04797142371535301
FRAG_NEG_trNEGATIVE33070_31_12,0.13687506318092346
FRAG_NEG_trNEGATIVE70588_32_12,0.08535847812891006
FRAG_NEG_trNEGATIVE88897_20_12,0.01207236759364605
FRAG_NEG_trNEGATIVE75696_22_12,0.07917297631502151
FRAG_NEG_trNEGATIVE33598_30_12,0.016421744599938393
FRAG_NEG_trNEGATIVE34943_15_12,0.06790699064731598
FRAG_NEG_trNEGATIVE38619_31_12,0.06387253850698471
FRAG_NEG_trNEGATIVE93569_6_12,0.014439625665545464
FRAG_NEG_trNEGATIVE70954_13_12,0.18824435770511627
FRAG_NEG_trNEGATIVE69195_2_12,0.09362714737653732
FRAG_NEG_trNEGATIVE60596_9_12,0.026429885998368263
FRAG_NEG_trNEGATIVE78004_54_12,0.06413547694683075
FRAG_NEG_trNEGATIVE91387_48_12,0.014432333409786224
FRAG_NEG_trNEGATIVE73951_6_12,0.972633957862854
FRAG_NEG_trNEGATIVE88170_8_12,0.030404070392251015
FRAG_NEG_trNEGATIVE57999_30_12,0.04899238049983978
FRAG_NEG_trNEGATIVE81519_75_12,0.38848772644996643
FRAG_NEG_trNEGATIVE60084_43_12,0.03368125110864639
FRAG_NEG_trNEGATIVE74547_28_12,0.1325886845588684
FRAG_NEG_trNEGATIVE53434_25_12,0.9123388528823853
FRAG_NEG_trNEGATIVE90317_24_12,0.12169027328491211
FRAG_NEG_trNEGATIVE34749_19_12,0.011516202241182327
FRAG_NEG_trNEGATIVE28408_27_12,0.08026319742202759
FRAG_NEG_trNEGATIVE35790_25_12,0.35322678089141846
FRAG_NEG_trNEGATIVE31337_34_12,0.07099926471710205
FRAG_NEG_trNEGATIVE40773_14_12,0.055808234959840775
FRAG_NEG_trNEGATIVE72638_29_12,0.02523699402809143
FRAG_NEG_trNEGATIVE77302_77_12,0.02643568627536297
FRAG_NEG_trNEGATIVE87018_73_12,0.5996268391609192
FRAG_NEG_trNEGATIVE47812_60_12,0.01582496240735054
FRAG_NEG_trNEGATIVE33079_28_12,0.1043190062046051
FRAG_NEG_trNEGATIVE51480_63_12,0.11922904849052429
FRAG_NEG_trNEGATIVE96531_35_12,0.08952542394399643
FRAG_NEG_trNEGATIVE89660_42_12,0.4672220051288605
FRAG_NEG_trNEGATIVE96486_45_12,0.029039399698376656
FRAG_NEG_trNEGATIVE90255_5_12,0.6098409295082092
FRAG_NEG_trNEGATIVE54615_55_12,0.03976244851946831
FRAG_NEG_trNEGATIVE54081_22_12,0.8326132893562317
FRAG_NEG_trNEGATIVE76115_10_12,0.0254340972751379
FRAG_NEG_trNEGATIVE27549_20_12,0.014536624774336815
FRAG_NEG_trNEGATIVE35110_22_12,0.9752604365348816
FRAG_NEG_trNEGATIVE64439_20_12,0.028964728116989136
FRAG_NEG_trNEGATIVE76710_37_12,0.01708698272705078
FRAG_NEG_trNEGATIVE80829_32_12,0.01670941151678562
FRAG_NEG_trNEGATIVE60316_61_12,0.044775545597076416
FRAG_NEG_trNEGATIVE86836_21_12,0.21889443695545197
FRAG_NEG_trNEGATIVE58127_20_12,0.33077555894851685
FRAG_NEG_trNEGATIVE61194_18_12,0.04125316068530083
FRAG_NEG_trNEGATIVE54754_26_12,0.5571393966674805
FRAG_NEG_trNEGATIVE49206_50_12,0.12153459340333939
FRAG_NEG_trNEGATIVE36139_38_12,0.022195784375071526
FRAG_NEG_trNEGATIVE61722_56_12,0.18472887575626373
FRAG_NEG_trNEGATIVE66779_54_12,0.03281881660223007
FRAG_NEG_trNEGATIVE85683_3_12,0.05606070160865784
FRAG_NEG_trNEGATIVE87432_30_12,0.20515117049217224
FRAG_NEG_trNEGATIVE31998_21_12,0.01759035885334015
FRAG_NEG_trNEGATIVE86408_33_12,0.07264678180217743
FRAG_NEG_trNEGATIVE86199_25_12,0.0367274284362793
FRAG_NEG_trNEGATIVE63556_72_12,0.052694324404001236
FRAG_NEG_trNEGATIVE65019_29_12,0.03851752355694771
FRAG_NEG_trNEGATIVE80751_2_12,0.8140312433242798
FRAG_NEG_trNEGATIVE94625_21_12,0.03273839130997658
FRAG_NEG_trNEGATIVE62885_23_12,0.03562517091631889
FRAG_NEG_trNEGATIVE33183_45_12,0.014007696881890297
FRAG_NEG_trNEGATIVE63744_62_12,0.033763859421014786
FRAG_NEG_trNEGATIVE87442_3_12,0.032184112817049026
FRAG_NEG_trNEGATIVE56523_44_12,0.030484389513731003
FRAG_NEG_trNEGATIVE48701_29_12,0.08730736374855042
FRAG_NEG_trNEGATIVE31537_46_12,0.1851683109998703
FRAG_NEG_trNEGATIVE80668_32_12,0.08215449750423431
FRAG_NEG_trNEGATIVE35680_5_12,0.08533307164907455
FRAG_NEG_trNEGATIVE88082_12_12,0.027355579659342766
FRAG_NEG_trNEGATIVE61999_29_12,0.09597353637218475
FRAG_NEG_trNEGATIVE88812_12_12,0.9743529558181763
FRAG_NEG_trNEGATIVE93768_13_12,0.1006731316447258
FRAG_NEG_trNEGATIVE65270_7_12,0.02360241673886776
FRAG_NEG_trNEGATIVE50509_19_12,0.2070777267217636
FRAG_NEG_trNEGATIVE30883_58_12,0.050820086151361465
FRAG_NEG_trNEGATIVE52244_48_12,0.06388173252344131
FRAG_NEG_trNEGATIVE55923_16_12,0.053936589509248734
FRAG_NEG_trNEGATIVE53616_8_12,0.053892832249403
FRAG_NEG_trNEGATIVE96663_17_12,0.2809847891330719
FRAG_NEG_trNEGATIVE41843_24_12,0.13554397225379944
FRAG_NEG_trNEGATIVE77511_79_12,0.21497215330600739
FRAG_NEG_trNEGATIVE65487_15_12,0.03136029094457626
FRAG_NEG_trNEGATIVE40873_41_12,0.09872904419898987
FRAG_NEG_trNEGATIVE52893_24_12,0.22993941605091095
FRAG_NEG_trNEGATIVE56730_44_12,0.23337075114250183
FRAG_NEG_trNEGATIVE38866_36_12,0.3208644986152649
FRAG_NEG_trNEGATIVE47246_15_12,0.04570190981030464
FRAG_NEG_trNEGATIVE92780_14_12,0.05606256052851677
FRAG_NEG_trNEGATIVE78195_86_12,0.03456052765250206
FRAG_NEG_trNEGATIVE51362_69_12,0.18995313346385956
FRAG_NEG_trNEGATIVE91439_36_12,0.02485678531229496
FRAG_NEG_trNEGATIVE65056_44_12,0.017237065359950066
FRAG_NEG_trNEGATIVE62989_43_12,0.11274798959493637
FRAG_NEG_trNEGATIVE96940_13_12,0.014880087226629257
FRAG_NEG_trNEGATIVE59396_54_12,0.025645332410931587
FRAG_NEG_trNEGATIVE54744_45_12,0.07748296856880188
FRAG_NEG_trNEGATIVE42617_60_12,0.24783048033714294
FRAG_NEG_trNEGATIVE95863_25_12,0.3737761080265045
FRAG_NEG_trNEGATIVE89847_31_12,0.019677849486470222
FRAG_NEG_trNEGATIVE76281_58_12,0.5463196039199829
FRAG_NEG_trNEGATIVE48124_23_12,0.34803080558776855
FRAG_NEG_trNEGATIVE88693_35_12,0.037074048072099686
FRAG_NEG_trNEGATIVE38389_28_12,0.2085360735654831
FRAG_NEG_trNEGATIVE87400_46_12,0.030848650261759758
FRAG_NEG_trNEGATIVE75271_3_12,0.021236829459667206
FRAG_NEG_trNEGATIVE50991_60_12,0.23683489859104156
FRAG_NEG_trNEGATIVE56019_0_12,0.02885764092206955
FRAG_NEG_trNEGATIVE29468_6_12,0.03305118530988693
FRAG_NEG_trNEGATIVE53986_28_12,0.07858051359653473
FRAG_NEG_trNEGATIVE85222_61_12,0.047823626548051834
FRAG_NEG_trNEGATIVE57181_26_12,0.06555099040269852
FRAG_NEG_trNEGATIVE79697_58_12,0.9651620984077454
FRAG_NEG_trNEGATIVE48575_37_12,0.1543763428926468
FRAG_NEG_trNEGATIVE38220_9_12,0.04183189570903778
FRAG_NEG_trNEGATIVE78083_17_12,0.019859755411744118
FRAG_NEG_trNEGATIVE71513_11_12,0.12968310713768005
FRAG_NEG_trNEGATIVE63443_16_12,0.10797304660081863
FRAG_NEG_trNEGATIVE41515_6_12,0.0809914767742157
FRAG_NEG_trNEGATIVE95884_29_12,0.027283070608973503
FRAG_NEG_trNEGATIVE51339_67_12,0.8438706994056702
FRAG_NEG_trNEGATIVE82139_50_12,0.4541796147823334
FRAG_NEG_trNEGATIVE84954_73_12,0.020511774346232414
FRAG_NEG_trNEGATIVE69592_1_12,0.16111741960048676
FRAG_NEG_trNEGATIVE79378_43_12,0.04940144717693329
FRAG_NEG_trNEGATIVE79248_41_12,0.044851429760456085
FRAG_NEG_trNEGATIVE38910_33_12,0.24003611505031586
FRAG_NEG_trNEGATIVE78551_49_12,0.13646796345710754
FRAG_NEG_trNEGATIVE87107_54_12,0.0530560128390789
FRAG_NEG_trNEGATIVE93712_27_12,0.032199643552303314
FRAG_NEG_trNEGATIVE35870_1_12,0.5508564114570618
FRAG_NEG_trNEGATIVE84432_5_12,0.07224009186029434
FRAG_NEG_trNEGATIVE59833_50_12,0.19113940000534058
FRAG_NEG_trNEGATIVE66779_10_12,0.05122942849993706
FRAG_NEG_trNEGATIVE71139_37_12,0.15788201987743378
FRAG_NEG_trNEGATIVE70858_12_12,0.02134760282933712
FRAG_NEG_trNEGATIVE46247_17_12,0.025003116577863693
FRAG_NEG_trNEGATIVE67992_27_12,0.26665741205215454
FRAG_NEG_trNEGATIVE58502_20_12,0.021707477048039436
FRAG_NEG_trNEGATIVE84608_41_12,0.35069674253463745
FRAG_NEG_trNEGATIVE82066_54_12,0.018451523035764694
FRAG_NEG_trNEGATIVE69170_42_12,0.05156916007399559
FRAG_NEG_trNEGATIVE78711_10_12,0.4763692021369934
FRAG_NEG_trNEGATIVE41832_35_12,0.1739603579044342
FRAG_NEG_trNEGATIVE52933_4_12,0.220494344830513
FRAG_NEG_trNEGATIVE55110_10_12,0.6446020007133484
FRAG_NEG_trNEGATIVE77987_73_12,0.08531395345926285
FRAG_NEG_trNEGATIVE79481_21_12,0.035243358463048935
FRAG_NEG_trNEGATIVE41012_31_12,0.03136580064892769
FRAG_NEG_trNEGATIVE95644_45_12,0.5558279752731323
FRAG_NEG_trNEGATIVE67554_15_12,0.910834014415741
FRAG_NEG_trNEGATIVE69996_17_12,0.4284304082393646
FRAG_NEG_trNEGATIVE96445_37_12,0.041846971958875656
FRAG_NEG_trNEGATIVE59149_44_12,0.8116179704666138
FRAG_NEG_trNEGATIVE29177_22_12,0.04028240963816643
FRAG_NEG_trNEGATIVE97196_42_12,0.17319419980049133
FRAG_NEG_trNEGATIVE58242_17_12,0.8086137175559998
FRAG_NEG_trNEGATIVE37553_4_12,0.07873528450727463
FRAG_NEG_trNEGATIVE79514_43_12,0.037757378071546555
FRAG_NEG_trNEGATIVE36803_30_12,0.16334722936153412
FRAG_NEG_trNEGATIVE32910_2_12,0.6970354318618774
FRAG_NEG_trNEGATIVE81483_55_12,0.014900882728397846
FRAG_NEG_trNEGATIVE81431_75_12,0.058067090809345245
FRAG_NEG_trNEGATIVE68929_2_12,0.10389421880245209
FRAG_NEG_trNEGATIVE31533_62_12,0.024737272411584854
FRAG_NEG_trNEGATIVE50208_82_12,0.12574857473373413
FRAG_NEG_trNEGATIVE39074_53_12,0.014382267370820045
FRAG_NEG_trNEGATIVE90060_27_12,0.09327159821987152
FRAG_NEG_trNEGATIVE71329_44_12,0.049402493983507156
FRAG_NEG_trNEGATIVE74603_11_12,0.03555580601096153
FRAG_NEG_trNEGATIVE91108_43_12,0.4009791612625122
FRAG_NEG_trNEGATIVE36596_48_12,0.10768762230873108
FRAG_NEG_trNEGATIVE46585_31_12,0.053261253982782364
FRAG_NEG_trNEGATIVE70884_1_12,0.698261022567749
FRAG_NEG_trNEGATIVE96331_14_12,0.511415958404541
FRAG_NEG_trNEGATIVE88812_23_12,0.3477308452129364
FRAG_NEG_trNEGATIVE94228_58_12,0.09694861620664597
FRAG_NEG_trNEGATIVE72487_24_12,0.07534005492925644
FRAG_NEG_trNEGATIVE38860_53_12,0.1315915286540985
FRAG_NEG_trNEGATIVE32228_49_12,0.08626170456409454
FRAG_NEG_trNEGATIVE32820_8_12,0.2670591473579407
FRAG_NEG_trNEGATIVE66559_0_12,0.0182780884206295
FRAG_NEG_trNEGATIVE67287_7_12,0.05765129253268242
FRAG_NEG_trNEGATIVE86305_39_12,0.04092966765165329
FRAG_NEG_trNEGATIVE34681_44_12,0.04724622145295143
FRAG_NEG_trNEGATIVE37292_50_12,0.2306448221206665
FRAG_NEG_trNEGATIVE67115_49_12,0.08091951906681061
FRAG_NEG_trNEGATIVE58989_20_12,0.024497920647263527
FRAG_NEG_trNEGATIVE50338_9_12,0.02036908268928528
FRAG_NEG_trNEGATIVE96047_46_12,0.7570209503173828
FRAG_NEG_trNEGATIVE56081_2_12,0.07950135320425034
FRAG_NEG_trNEGATIVE64718_43_12,0.06264375150203705
FRAG_NEG_trNEGATIVE78416_51_12,0.018365472555160522
FRAG_NEG_trNEGATIVE47020_17_12,0.047930579632520676
FRAG_NEG_trNEGATIVE29825_9_12,0.08509159833192825
FRAG_NEG_trNEGATIVE28429_36_12,0.5703160762786865
FRAG_NEG_trNEGATIVE92531_37_12,0.05946306884288788
FRAG_NEG_trNEGATIVE44821_5_12,0.24081173539161682
FRAG_NEG_trNEGATIVE28441_55_12,0.10880598425865173
FRAG_NEG_trNEGATIVE53093_60_12,0.042753398418426514
FRAG_NEG_trNEGATIVE92499_40_12,0.13709519803524017
FRAG_NEG_trNEGATIVE41118_25_12,0.07208982855081558
FRAG_NEG_trNEGATIVE45811_30_12,0.06737352907657623
FRAG_NEG_trNEGATIVE46856_25_12,0.31764790415763855
FRAG_NEG_trNEGATIVE33719_18_12,0.05104866251349449
FRAG_NEG_trNEGATIVE70730_38_12,0.7580916881561279
FRAG_NEG_trNEGATIVE67953_75_12,0.021929919719696045
FRAG_NEG_trNEGATIVE82585_35_12,0.15616580843925476
FRAG_NEG_trNEGATIVE75699_19_12,0.06104063615202904
FRAG_NEG_trNEGATIVE58904_42_12,0.01864146813750267
FRAG_NEG_trNEGATIVE71119_37_12,0.048501141369342804
FRAG_NEG_trNEGATIVE47673_68_12,0.10495337098836899
FRAG_NEG_trNEGATIVE79000_61_12,0.03026559390127659
FRAG_NEG_trNEGATIVE44454_2_12,0.06650716811418533
FRAG_NEG_trNEGATIVE63055_19_12,0.026412900537252426
FRAG_NEG_trNEGATIVE37930_72_12,0.018004655838012695
FRAG_NEG_trNEGATIVE52018_2_12,0.4117477536201477
FRAG_NEG_trNEGATIVE66105_4_12,0.5615070462226868
FRAG_NEG_trNEGATIVE84969_73_12,0.08592838793992996
FRAG_NEG_trNEGATIVE95531_65_12,0.10170770436525345
FRAG_NEG_trNEGATIVE96810_56_12,0.02846076339483261
FRAG_NEG_trNEGATIVE96820_21_12,0.03177524730563164
FRAG_NEG_trNEGATIVE44277_59_12,0.12983672320842743
FRAG_NEG_trNEGATIVE71425_73_12,0.06885603070259094
FRAG_NEG_trNEGATIVE52933_18_12,0.13038109242916107
FRAG_NEG_trNEGATIVE77063_16_12,0.06101670861244202
FRAG_NEG_trNEGATIVE72814_54_12,0.19574613869190216
FRAG_NEG_trNEGATIVE92296_2_12,0.03660990670323372
FRAG_NEG_trNEGATIVE62529_27_12,0.0780911073088646
FRAG_NEG_trNEGATIVE36342_42_12,0.029915448278188705
FRAG_NEG_trNEGATIVE87987_45_12,0.023001698777079582
FRAG_NEG_trNEGATIVE36843_54_12,0.012336263433098793
FRAG_NEG_trNEGATIVE62105_19_12,0.015200321562588215
FRAG_NEG_trNEGATIVE70722_18_12,0.07105487585067749
FRAG_NEG_trNEGATIVE87934_71_12,0.7759337425231934
FRAG_NEG_trNEGATIVE80620_23_12,0.060924284160137177
FRAG_NEG_trNEGATIVE63614_29_12,0.01857607252895832
FRAG_NEG_trNEGATIVE95587_38_12,0.040856387466192245
FRAG_NEG_trNEGATIVE83505_56_12,0.05749676749110222
FRAG_NEG_trNEGATIVE60570_47_12,0.01989014260470867
FRAG_NEG_trNEGATIVE33003_27_12,0.03019600547850132
FRAG_NEG_trNEGATIVE50874_13_12,0.012637265026569366
FRAG_NEG_trNEGATIVE55569_10_12,0.20568406581878662
FRAG_NEG_trNEGATIVE94953_20_12,0.05817343294620514
FRAG_NEG_trNEGATIVE72375_48_12,0.04435261711478233
FRAG_NEG_trNEGATIVE44110_38_12,0.33977022767066956
FRAG_NEG_trNEGATIVE74362_12_12,0.33122915029525757
FRAG_NEG_trNEGATIVE73904_57_12,0.14663280546665192
FRAG_NEG_trNEGATIVE37824_25_12,0.028536483645439148
FRAG_NEG_trNEGATIVE87691_15_12,0.14509926736354828
FRAG_NEG_trNEGATIVE29886_21_12,0.09312417358160019
FRAG_NEG_trNEGATIVE77190_24_12,0.056861091405153275
FRAG_NEG_trNEGATIVE47671_19_12,0.11158870905637741
FRAG_NEG_trNEGATIVE36724_21_12,0.05781811475753784
FRAG_NEG_trNEGATIVE75990_49_12,0.01794467680156231
FRAG_NEG_trNEGATIVE67393_15_12,0.4623951017856598
FRAG_NEG_trNEGATIVE47673_67_12,0.0410042367875576
FRAG_NEG_trNEGATIVE32847_34_12,0.017423681914806366
FRAG_NEG_trNEGATIVE49686_57_12,0.9476599097251892
FRAG_NEG_trNEGATIVE28318_48_12,0.03010431118309498
FRAG_NEG_trNEGATIVE34637_52_12,0.32959115505218506
FRAG_NEG_trNEGATIVE79113_65_12,0.230670765042305
FRAG_NEG_trNEGATIVE53056_15_12,0.058018758893013
FRAG_NEG_trNEGATIVE79490_0_12,0.0765300914645195
FRAG_NEG_trNEGATIVE38547_54_12,0.01931261271238327
FRAG_NEG_trNEGATIVE62928_35_12,0.972899317741394
FRAG_NEG_trNEGATIVE28558_42_12,0.0425194650888443
FRAG_NEG_trNEGATIVE96418_11_12,0.05471254885196686
FRAG_NEG_trNEGATIVE55909_18_12,0.017790786921977997
FRAG_NEG_trNEGATIVE30878_31_12,0.21651695668697357
FRAG_NEG_trNEGATIVE74744_8_12,0.1354174017906189
FRAG_NEG_trNEGATIVE58246_17_12,0.031106730923056602
FRAG_NEG_trNEGATIVE52734_42_12,0.700853168964386
FRAG_NEG_trNEGATIVE72638_64_12,0.946861207485199
FRAG_NEG_trNEGATIVE54909_32_12,0.034490227699279785
FRAG_NEG_trNEGATIVE87701_1_12,0.32506072521209717
FRAG_NEG_trNEGATIVE52961_45_12,0.18304531276226044
FRAG_NEG_trNEGATIVE77461_38_12,0.013520016334950924
FRAG_NEG_trNEGATIVE61567_6_12,0.4490729868412018
FRAG_NEG_trNEGATIVE34947_38_12,0.884550154209137
FRAG_NEG_trNEGATIVE50509_20_12,0.10526005923748016
FRAG_NEG_trNEGATIVE45785_1_12,0.13456197082996368
FRAG_NEG_trNEGATIVE32833_66_12,0.25150516629219055
FRAG_NEG_trNEGATIVE88196_4_12,0.014643963426351547
FRAG_NEG_trNEGATIVE55414_55_12,0.01617000810801983
FRAG_NEG_trNEGATIVE65056_40_12,0.014102881774306297
FRAG_NEG_trNEGATIVE58350_20_12,0.02632683329284191
FRAG_NEG_trNEGATIVE62716_5_12,0.15554086863994598
FRAG_NEG_trNEGATIVE80205_4_12,0.01645383983850479
FRAG_NEG_trNEGATIVE35777_13_12,0.10394681245088577
FRAG_NEG_trNEGATIVE64760_34_12,0.09315838664770126
FRAG_NEG_trNEGATIVE32537_58_12,0.02102678269147873
FRAG_NEG_trNEGATIVE48652_39_12,0.15264572203159332
FRAG_NEG_trNEGATIVE87644_23_12,0.04631977900862694
FRAG_NEG_trNEGATIVE31023_8_12,0.03744025155901909
FRAG_NEG_trNEGATIVE71950_38_12,0.8951438069343567
FRAG_NEG_trNEGATIVE39513_22_12,0.03517341986298561
FRAG_NEG_trNEGATIVE38646_25_12,0.02784588187932968
FRAG_NEG_trNEGATIVE48949_53_12,0.4978421926498413
FRAG_NEG_trNEGATIVE66389_24_12,0.10290404409170151
FRAG_NEG_trNEGATIVE50615_52_12,0.8557987213134766
FRAG_NEG_trNEGATIVE61405_60_12,0.1353912353515625
FRAG_NEG_trNEGATIVE59029_19_12,0.23342463374137878
FRAG_NEG_trNEGATIVE62894_25_12,0.17488105595111847
FRAG_NEG_trNEGATIVE62843_13_12,0.08112677186727524
FRAG_NEG_trNEGATIVE68298_0_12,0.030809510499238968
FRAG_NEG_trNEGATIVE71121_34_12,0.05159122869372368
FRAG_NEG_trNEGATIVE34521_1_12,0.03707481175661087
FRAG_NEG_trNEGATIVE40981_28_12,0.2944750487804413
FRAG_NEG_trNEGATIVE52466_29_12,0.0759950801730156
FRAG_NEG_trNEGATIVE69068_19_12,0.5226479768753052
FRAG_NEG_trNEGATIVE70219_4_12,0.02512858808040619
FRAG_NEG_trNEGATIVE38111_55_12,0.04994827136397362
FRAG_NEG_trNEGATIVE96694_9_12,0.294260710477829
FRAG_NEG_trNEGATIVE67822_51_12,0.013990852981805801
FRAG_NEG_trNEGATIVE56125_43_12,0.10302308201789856
FRAG_NEG_trNEGATIVE34897_43_12,0.039773982018232346
FRAG_NEG_trNEGATIVE41355_50_12,0.1930231750011444
FRAG_NEG_trNEGATIVE75146_10_12,0.7372406125068665
FRAG_NEG_trNEGATIVE64796_30_12,0.05811658501625061
FRAG_NEG_trNEGATIVE55569_5_12,0.05667188763618469
FRAG_NEG_trNEGATIVE73858_22_12,0.05415124446153641
FRAG_NEG_trNEGATIVE85325_4_12,0.0262399073690176
FRAG_NEG_trNEGATIVE57902_57_12,0.9480727314949036
FRAG_NEG_trNEGATIVE61576_26_12,0.02810722589492798
FRAG_NEG_trNEGATIVE62241_22_12,0.10101114958524704
FRAG_NEG_trNEGATIVE49008_74_12,0.3847354054450989
FRAG_NEG_trNEGATIVE83853_68_12,0.02796291373670101
FRAG_NEG_trNEGATIVE89256_6_12,0.8860191106796265
FRAG_NEG_trNEGATIVE55297_14_12,0.7897792458534241
FRAG_NEG_trNEGATIVE89774_12_12,0.03179609403014183
FRAG_NEG_trNEGATIVE91919_52_12,0.08809486031532288
FRAG_NEG_trNEGATIVE89322_43_12,0.22218312323093414
FRAG_NEG_trNEGATIVE74053_42_12,0.014074811711907387
FRAG_NEG_trNEGATIVE85541_22_12,0.07768862694501877
FRAG_NEG_trNEGATIVE92908_3_12,0.12011069059371948
FRAG_NEG_trNEGATIVE61306_3_12,0.041567884385585785
FRAG_NEG_trNEGATIVE86620_66_12,0.032673291862010956
FRAG_NEG_trNEGATIVE65987_34_12,0.06336478888988495
FRAG_NEG_trNEGATIVE80010_37_12,0.09285341203212738
FRAG_NEG_trNEGATIVE82509_21_12,0.10772465169429779
FRAG_NEG_trNEGATIVE36637_2_12,0.04268868640065193
FRAG_NEG_trNEGATIVE40124_73_12,0.0370846688747406
FRAG_NEG_trNEGATIVE31569_2_12,0.13506734371185303
FRAG_NEG_trNEGATIVE67531_20_12,0.04803939908742905
FRAG_NEG_trNEGATIVE40981_32_12,0.18825548887252808
FRAG_NEG_trNEGATIVE50502_33_12,0.032862283289432526
FRAG_NEG_trNEGATIVE40710_72_12,0.03577598184347153
FRAG_NEG_trNEGATIVE44108_15_12,0.04268687590956688
FRAG_NEG_trNEGATIVE59139_0_12,0.06312014907598495
FRAG_NEG_trNEGATIVE52502_30_12,0.12005902826786041
FRAG_NEG_trNEGATIVE65576_37_12,0.06078222766518593
FRAG_NEG_trNEGATIVE76879_65_12,0.013594984076917171
FRAG_NEG_trNEGATIVE71066_40_12,0.06957545876502991
FRAG_NEG_trNEGATIVE53727_0_12,0.2630986273288727
FRAG_NEG_trNEGATIVE47360_9_12,0.7836464047431946
FRAG_NEG_trNEGATIVE61980_26_12,0.026609065011143684
FRAG_NEG_trNEGATIVE54914_33_12,0.02669384703040123
FRAG_NEG_trNEGATIVE30173_22_12,0.016090473160147667
FRAG_NEG_trNEGATIVE92752_25_12,0.012681943364441395
FRAG_NEG_trNEGATIVE30091_57_12,0.01648109406232834
FRAG_NEG_trNEGATIVE30479_58_12,0.7931692004203796
FRAG_NEG_trNEGATIVE43670_64_12,0.9022938013076782
FRAG_NEG_trNEGATIVE78365_23_12,0.049562130123376846
FRAG_NEG_trNEGATIVE33875_17_12,0.17742198705673218
FRAG_NEG_trNEGATIVE65749_33_12,0.144546777009964
FRAG_NEG_trNEGATIVE76196_24_12,0.032033905386924744
FRAG_NEG_trNEGATIVE57924_15_12,0.1628974974155426
FRAG_NEG_trNEGATIVE49226_50_12,0.13475416600704193
FRAG_NEG_trNEGATIVE73723_51_12,0.02138618566095829
FRAG_NEG_trNEGATIVE93269_40_12,0.022134143859148026
FRAG_NEG_trNEGATIVE73786_2_12,0.09584138542413712
FRAG_NEG_trNEGATIVE33049_34_12,0.43164387345314026
FRAG_NEG_trNEGATIVE67071_32_12,0.25893115997314453
FRAG_NEG_trNEGATIVE44328_13_12,0.6331169605255127
FRAG_NEG_trNEGATIVE86563_77_12,0.016656478866934776
FRAG_NEG_trNEGATIVE76739_66_12,0.03204362839460373
FRAG_NEG_trNEGATIVE84575_50_12,0.06099802628159523
FRAG_NEG_trNEGATIVE90462_58_12,0.036038342863321304
FRAG_NEG_trNEGATIVE69115_29_12,0.07817691564559937
FRAG_NEG_trNEGATIVE58835_82_12,0.023838840425014496
FRAG_NEG_trNEGATIVE63309_57_12,0.07189823687076569
FRAG_NEG_trNEGATIVE91157_21_12,0.07144755870103836
FRAG_NEG_trNEGATIVE72133_14_12,0.014605468139052391
FRAG_NEG_trNEGATIVE90011_36_12,0.11000796407461166
FRAG_NEG_trNEGATIVE80494_58_12,0.16940245032310486
FRAG_NEG_trNEGATIVE35980_37_12,0.043075092136859894
FRAG_NEG_trNEGATIVE89256_36_12,0.08012430369853973
FRAG_NEG_trNEGATIVE83181_0_12,0.024563616141676903
FRAG_NEG_trNEGATIVE84429_25_12,0.4217389225959778
FRAG_NEG_trNEGATIVE76478_29_12,0.04498734697699547
FRAG_NEG_trNEGATIVE46813_65_12,0.06380957365036011
FRAG_NEG_trNEGATIVE55094_25_12,0.017947493121027946
FRAG_NEG_trNEGATIVE92779_41_12,0.04312223941087723
FRAG_NEG_trNEGATIVE71893_4_12,0.18972623348236084
FRAG_NEG_trNEGATIVE51339_19_12,0.030616100877523422
FRAG_NEG_trNEGATIVE72494_7_12,0.03943201154470444
FRAG_NEG_trNEGATIVE87158_43_12,0.028154639527201653
FRAG_NEG_trNEGATIVE47481_35_12,0.14528623223304749
FRAG_NEG_trNEGATIVE62105_37_12,0.5010056495666504
FRAG_NEG_trNEGATIVE60072_29_12,0.09001436084508896
FRAG_NEG_trNEGATIVE46860_33_12,0.01363950315862894
FRAG_NEG_trNEGATIVE75099_32_12,0.09583071619272232
FRAG_NEG_trNEGATIVE29442_19_12,0.024887720122933388
FRAG_NEG_trNEGATIVE41442_5_12,0.9770288467407227
FRAG_NEG_trNEGATIVE33339_8_12,0.7338104248046875
FRAG_NEG_trNEGATIVE41533_75_12,0.01949666067957878
FRAG_NEG_trNEGATIVE38493_0_12,0.015841107815504074
FRAG_NEG_trNEGATIVE84597_22_12,0.024683427065610886
FRAG_NEG_trNEGATIVE46665_67_12,0.08071679621934891
FRAG_NEG_trNEGATIVE90771_19_12,0.030487993732094765
FRAG_NEG_trNEGATIVE33165_61_12,0.047834716737270355
FRAG_NEG_trNEGATIVE62338_64_12,0.025596890598535538
FRAG_NEG_trNEGATIVE46101_51_12,0.045934051275253296
FRAG_NEG_trNEGATIVE32244_23_12,0.0815453752875328
FRAG_NEG_trNEGATIVE96134_6_12,0.26728200912475586
FRAG_NEG_trNEGATIVE46947_1_12,0.043178971856832504
FRAG_NEG_trNEGATIVE38424_8_12,0.014400123618543148
FRAG_NEG_trNEGATIVE75234_8_12,0.018206734210252762
FRAG_NEG_trNEGATIVE85704_60_12,0.022346964105963707
FRAG_NEG_trNEGATIVE56869_6_12,0.2502334713935852
FRAG_NEG_trNEGATIVE92954_65_12,0.0222853384912014
FRAG_NEG_trNEGATIVE59476_1_12,0.08317956328392029
FRAG_NEG_trNEGATIVE68128_0_12,0.4241882562637329
FRAG_NEG_trNEGATIVE92296_0_12,0.0581890232861042
FRAG_NEG_trNEGATIVE88599_20_12,0.047067683190107346
FRAG_NEG_trNEGATIVE76453_24_12,0.08869902044534683
FRAG_NEG_trNEGATIVE74642_41_12,0.41609740257263184
FRAG_NEG_trNEGATIVE73542_54_12,0.018207957968115807
FRAG_NEG_trNEGATIVE32983_26_12,0.014326994307339191
FRAG_NEG_trNEGATIVE65056_39_12,0.014205848798155785
FRAG_NEG_trNEGATIVE86357_37_12,0.04798122122883797
FRAG_NEG_trNEGATIVE90242_25_12,0.06375356763601303
FRAG_NEG_trNEGATIVE46978_17_12,0.015231719240546227
FRAG_NEG_trNEGATIVE38661_49_12,0.050501011312007904
FRAG_NEG_trNEGATIVE40957_17_12,0.062399644404649734
FRAG_NEG_trNEGATIVE77167_4_12,0.12621089816093445
FRAG_NEG_trNEGATIVE48972_59_12,0.18133549392223358
FRAG_NEG_trNEGATIVE71977_28_12,0.02082810364663601
FRAG_NEG_trNEGATIVE31337_12_12,0.09051524847745895
FRAG_NEG_trNEGATIVE59656_3_12,0.9836960434913635
FRAG_NEG_trNEGATIVE78223_57_12,0.023179611191153526
FRAG_NEG_trNEGATIVE41236_0_12,0.18062934279441833
FRAG_NEG_trNEGATIVE29454_26_12,0.01133404579013586
FRAG_NEG_trNEGATIVE69943_47_12,0.015971627086400986
FRAG_NEG_trNEGATIVE47149_9_12,0.24670454859733582
FRAG_NEG_trNEGATIVE77350_32_12,0.03140874207019806
FRAG_NEG_trNEGATIVE78328_74_12,0.021351519972085953
FRAG_NEG_trNEGATIVE53671_32_12,0.11961371451616287
FRAG_NEG_trNEGATIVE48085_40_12,0.2520817816257477
FRAG_NEG_trNEGATIVE81211_48_12,0.014407563954591751
FRAG_NEG_trNEGATIVE95251_71_12,0.01950538158416748
FRAG_NEG_trNEGATIVE74791_6_12,0.02888759784400463
FRAG_NEG_trNEGATIVE55961_52_12,0.09501584619283676
FRAG_NEG_trNEGATIVE97131_37_12,0.07507692277431488
FRAG_NEG_trNEGATIVE65387_27_12,0.08771628886461258
FRAG_NEG_trNEGATIVE90625_10_12,0.8691083788871765
FRAG_NEG_trNEGATIVE88606_24_12,0.2589529752731323
FRAG_NEG_trNEGATIVE67461_77_12,0.4143383502960205
FRAG_NEG_trNEGATIVE64018_32_12,0.11539434641599655
FRAG_NEG_trNEGATIVE36040_60_12,0.04148330166935921
FRAG_NEG_trNEGATIVE47306_14_12,0.041913554072380066
FRAG_NEG_trNEGATIVE44570_22_12,0.014345969073474407
FRAG_NEG_trNEGATIVE36724_76_12,0.08579092472791672
FRAG_NEG_trNEGATIVE75199_13_12,0.3227069675922394
FRAG_NEG_trNEGATIVE79697_51_12,0.34711456298828125
FRAG_NEG_trNEGATIVE51730_25_12,0.027971487492322922
FRAG_NEG_trNEGATIVE91157_0_12,0.021778637543320656
FRAG_NEG_trNEGATIVE78004_87_12,0.02871411293745041
FRAG_NEG_trNEGATIVE86130_19_12,0.07832198590040207
FRAG_NEG_trNEGATIVE73877_6_12,0.022048568353056908
FRAG_NEG_trNEGATIVE48430_28_12,0.08789348602294922
FRAG_NEG_trNEGATIVE57538_28_12,0.056522712111473083
FRAG_NEG_trNEGATIVE57284_45_12,0.025367585942149162
FRAG_NEG_trNEGATIVE69082_29_12,0.02387857995927334
FRAG_NEG_trNEGATIVE97549_12_12,0.10554959625005722
FRAG_NEG_trNEGATIVE45127_14_12,0.03041139431297779
FRAG_NEG_trNEGATIVE50441_15_12,0.7433586120605469
FRAG_NEG_trNEGATIVE87158_33_12,0.30616825819015503
FRAG_NEG_trNEGATIVE88167_42_12,0.01469632051885128
FRAG_NEG_trNEGATIVE78235_35_12,0.09785892814397812
FRAG_NEG_trNEGATIVE73014_8_12,0.07718432694673538
FRAG_NEG_trNEGATIVE90663_40_12,0.030353127047419548
FRAG_NEG_trNEGATIVE89666_31_12,0.02574850432574749
FRAG_NEG_trNEGATIVE67131_24_12,0.037163879722356796
FRAG_NEG_trNEGATIVE90625_29_12,0.48404693603515625
FRAG_NEG_trNEGATIVE30540_44_12,0.03442506119608879
FRAG_NEG_trNEGATIVE44293_32_12,0.6938948035240173
FRAG_NEG_trNEGATIVE85867_21_12,0.14698655903339386
FRAG_NEG_trNEGATIVE32494_50_12,0.04262174665927887
FRAG_NEG_trNEGATIVE94258_21_12,0.1383664309978485
FRAG_NEG_trNEGATIVE51461_76_12,0.04157857969403267
FRAG_NEG_trNEGATIVE27820_27_12,0.06582491844892502
FRAG_NEG_trNEGATIVE52672_57_12,0.040528591722249985
FRAG_NEG_trNEGATIVE83022_7_12,0.06938502937555313
FRAG_NEG_trNEGATIVE47086_78_12,0.09629076719284058
FRAG_NEG_trNEGATIVE94962_17_12,0.6687649488449097
FRAG_NEG_trNEGATIVE79675_42_12,0.0541461780667305
FRAG_NEG_trNEGATIVE87004_67_12,0.18963190913200378
FRAG_NEG_trNEGATIVE83074_22_12,0.026378126814961433
FRAG_NEG_trNEGATIVE65200_22_12,0.1726296842098236
FRAG_NEG_trNEGATIVE62952_46_12,0.08454795181751251
FRAG_NEG_trNEGATIVE50596_61_12,0.0570550411939621
FRAG_NEG_trNEGATIVE56730_39_12,0.03990790620446205
FRAG_NEG_trNEGATIVE45379_46_12,0.4587143063545227
FRAG_NEG_trNEGATIVE47439_7_12,0.017310045659542084
FRAG_NEG_trNEGATIVE94714_8_12,0.013984078541398048
FRAG_NEG_trNEGATIVE91130_45_12,0.7108416557312012
FRAG_NEG_trNEGATIVE74572_0_12,0.08788945525884628
FRAG_NEG_trNEGATIVE87165_33_13,0.08888763934373856
FRAG_NEG_trNEGATIVE81720_78_13,0.12799307703971863
FRAG_NEG_trNEGATIVE91766_32_13,0.05740278214216232
FRAG_NEG_trNEGATIVE90902_35_13,0.9713847041130066
FRAG_NEG_trNEGATIVE69297_32_13,0.10648306459188461
FRAG_NEG_trNEGATIVE41358_20_13,0.08846624195575714
FRAG_NEG_trNEGATIVE62607_52_13,0.042235713452100754
FRAG_NEG_trNEGATIVE94275_1_13,0.029825789853930473
FRAG_NEG_trNEGATIVE44166_33_13,0.02433372288942337
FRAG_NEG_trNEGATIVE41366_7_13,0.054996851831674576
FRAG_NEG_trNEGATIVE93981_70_13,0.16536353528499603
FRAG_NEG_trNEGATIVE92161_57_13,0.017993785440921783
FRAG_NEG_trNEGATIVE70420_35_13,0.016737625002861023
FRAG_NEG_trNEGATIVE38051_20_13,0.06468228250741959
FRAG_NEG_trNEGATIVE82288_25_13,0.036591582000255585
FRAG_NEG_trNEGATIVE31533_32_13,0.022763589397072792
FRAG_NEG_trNEGATIVE74817_2_13,0.018195366486907005
FRAG_NEG_trNEGATIVE38107_0_13,0.043114978820085526
FRAG_NEG_trNEGATIVE72460_59_13,0.021591179072856903
FRAG_NEG_trNEGATIVE31266_21_13,0.13691066205501556
FRAG_NEG_trNEGATIVE76393_44_13,0.03216974064707756
FRAG_NEG_trNEGATIVE37469_35_13,0.03322332352399826
FRAG_NEG_trNEGATIVE65197_15_13,0.04854801669716835
FRAG_NEG_trNEGATIVE45649_59_13,0.1211182102560997
FRAG_NEG_trNEGATIVE61137_42_13,0.030263744294643402
FRAG_NEG_trNEGATIVE54793_23_13,0.015533202327787876
FRAG_NEG_trNEGATIVE47907_41_13,0.20039895176887512
FRAG_NEG_trNEGATIVE44132_15_13,0.9677889347076416
FRAG_NEG_trNEGATIVE48971_15_13,0.013724997639656067
FRAG_NEG_trNEGATIVE81483_13_13,0.07555393874645233
FRAG_NEG_trNEGATIVE51538_53_13,0.13900336623191833
FRAG_NEG_trNEGATIVE36784_14_13,0.019112763926386833
FRAG_NEG_trNEGATIVE92647_61_13,0.01591459847986698
FRAG_NEG_trNEGATIVE92875_45_13,0.028618192300200462
FRAG_NEG_trNEGATIVE77511_39_13,0.22003640234470367
FRAG_NEG_trNEGATIVE30647_23_13,0.02139734849333763
FRAG_NEG_trNEGATIVE67647_31_13,0.7148919701576233
FRAG_NEG_trNEGATIVE39550_12_13,0.02707524411380291
FRAG_NEG_trNEGATIVE57053_38_13,0.029666241258382797
FRAG_NEG_trNEGATIVE68573_65_13,0.020518308505415916
FRAG_NEG_trNEGATIVE66559_23_13,0.011907445266842842
FRAG_NEG_trNEGATIVE63234_13_13,0.021882446482777596
FRAG_NEG_trNEGATIVE75964_29_13,0.04279208555817604
FRAG_NEG_trNEGATIVE65712_47_13,0.030431808903813362
FRAG_NEG_trNEGATIVE69963_49_13,0.06987473368644714
FRAG_NEG_trNEGATIVE59520_40_13,0.05363514646887779
FRAG_NEG_trNEGATIVE72272_26_13,0.12432342767715454
FRAG_NEG_trNEGATIVE68901_14_13,0.023512836545705795
FRAG_NEG_trNEGATIVE84696_27_13,0.05066318437457085
FRAG_NEG_trNEGATIVE37707_42_13,0.23237767815589905
FRAG_NEG_trNEGATIVE47142_17_13,0.21083997189998627
FRAG_NEG_trNEGATIVE78377_26_13,0.03024885803461075
FRAG_NEG_trNEGATIVE93188_10_13,0.03033806011080742
FRAG_NEG_trNEGATIVE89118_8_13,0.28754523396492004
FRAG_NEG_trNEGATIVE54977_71_13,0.10544421523809433
FRAG_NEG_trNEGATIVE74725_18_13,0.30614468455314636
FRAG_NEG_trNEGATIVE64548_29_13,0.020561978220939636
FRAG_NEG_trNEGATIVE29951_14_13,0.03998851031064987
FRAG_NEG_trNEGATIVE63840_64_13,0.020574914291501045
FRAG_NEG_trNEGATIVE28837_56_13,0.037184786051511765
FRAG_NEG_trNEGATIVE49625_21_13,0.026657627895474434
FRAG_NEG_trNEGATIVE49826_37_13,0.07895030826330185
FRAG_NEG_trNEGATIVE34742_11_13,0.02412053756415844
FRAG_NEG_trNEGATIVE83267_52_13,0.027704685926437378
FRAG_NEG_trNEGATIVE44809_59_13,0.03182461857795715
FRAG_NEG_trNEGATIVE91986_20_13,0.10863696038722992
FRAG_NEG_trNEGATIVE89507_54_13,0.08091645687818527
FRAG_NEG_trNEGATIVE27992_39_13,0.018729591742157936
FRAG_NEG_trNEGATIVE81753_29_13,0.01847166381776333
FRAG_NEG_trNEGATIVE54614_20_13,0.03395845741033554
FRAG_NEG_trNEGATIVE40811_9_13,0.02306162193417549
FRAG_NEG_trNEGATIVE51955_23_13,0.4255940318107605
FRAG_NEG_trNEGATIVE29873_55_13,0.8499801754951477
FRAG_NEG_trNEGATIVE53611_50_13,0.01159819308668375
FRAG_NEG_trNEGATIVE90029_48_13,0.18841581046581268
FRAG_NEG_trNEGATIVE55653_0_13,0.03695448487997055
FRAG_NEG_trNEGATIVE61111_23_13,0.3011639416217804
FRAG_NEG_trNEGATIVE83022_70_13,0.020122939720749855
FRAG_NEG_trNEGATIVE38748_13_13,0.2925269603729248
FRAG_NEG_trNEGATIVE43086_52_13,0.01898101530969143
FRAG_NEG_trNEGATIVE64314_27_13,0.7439703941345215
FRAG_NEG_trNEGATIVE66611_18_13,0.023663029074668884
FRAG_NEG_trNEGATIVE86656_23_13,0.07425366342067719
FRAG_NEG_trNEGATIVE41201_26_13,0.050687097012996674
FRAG_NEG_trNEGATIVE44586_13_13,0.032422374933958054
FRAG_NEG_trNEGATIVE72290_11_13,0.010277211666107178
FRAG_NEG_trNEGATIVE91963_23_13,0.027499904856085777
FRAG_NEG_trNEGATIVE52953_57_13,0.21446533501148224
FRAG_NEG_trNEGATIVE54887_42_13,0.09924289584159851
FRAG_NEG_trNEGATIVE68699_26_13,0.021444477140903473
FRAG_NEG_trNEGATIVE64192_14_13,0.11114770919084549
FRAG_NEG_trNEGATIVE41723_22_13,0.03387254849076271
FRAG_NEG_trNEGATIVE60832_1_13,0.024783531203866005
FRAG_NEG_trNEGATIVE59281_56_13,0.04165007546544075
FRAG_NEG_trNEGATIVE36382_62_13,0.032046034932136536
FRAG_NEG_trNEGATIVE51673_51_13,0.03960844501852989
FRAG_NEG_trNEGATIVE37701_12_13,0.14664171636104584
FRAG_NEG_trNEGATIVE93569_16_13,0.14559882879257202
FRAG_NEG_trNEGATIVE65344_38_13,0.07852190732955933
FRAG_NEG_trNEGATIVE58571_45_13,0.09525968879461288
FRAG_NEG_trNEGATIVE81420_13_13,0.046226613223552704
FRAG_NEG_trNEGATIVE50516_0_13,0.24782797694206238
FRAG_NEG_trNEGATIVE37607_73_13,0.02652020752429962
FRAG_NEG_trNEGATIVE69996_7_13,0.0256475992500782
FRAG_NEG_trNEGATIVE91154_13_13,0.0185297392308712
FRAG_NEG_trNEGATIVE84087_77_13,0.23206910490989685
FRAG_NEG_trNEGATIVE91046_57_13,0.07923728227615356
FRAG_NEG_trNEGATIVE85572_80_13,0.019627345725893974
FRAG_NEG_trNEGATIVE31011_48_13,0.030409015715122223
FRAG_NEG_trNEGATIVE49979_60_13,0.20813289284706116
FRAG_NEG_trNEGATIVE59442_74_13,0.06990955770015717
FRAG_NEG_trNEGATIVE35008_8_13,0.027178779244422913
FRAG_NEG_trNEGATIVE76030_51_13,0.0791083425283432
FRAG_NEG_trNEGATIVE81261_24_13,0.015892261639237404
FRAG_NEG_trNEGATIVE65903_32_13,0.14051984250545502
FRAG_NEG_trNEGATIVE48759_45_13,0.012292279861867428
FRAG_NEG_trNEGATIVE95839_11_13,0.16730597615242004
FRAG_NEG_trNEGATIVE62088_12_13,0.09786053746938705
FRAG_NEG_trNEGATIVE53628_36_13,0.1291918307542801
FRAG_NEG_trNEGATIVE56366_11_13,0.030174672603607178
FRAG_NEG_trNEGATIVE33442_39_13,0.03820175305008888
FRAG_NEG_trNEGATIVE95448_1_13,0.22029425203800201
FRAG_NEG_trNEGATIVE40823_47_13,0.03503669798374176
FRAG_NEG_trNEGATIVE50018_14_13,0.5700019001960754
FRAG_NEG_trNEGATIVE93950_27_13,0.030948475003242493
FRAG_NEG_trNEGATIVE53778_3_13,0.12175749987363815
FRAG_NEG_trNEGATIVE33667_37_13,0.029793161898851395
FRAG_NEG_trNEGATIVE91641_16_13,0.09721706062555313
FRAG_NEG_trNEGATIVE64007_49_13,0.1478874832391739
FRAG_NEG_trNEGATIVE71406_4_13,0.0645914077758789
FRAG_NEG_trNEGATIVE95861_6_13,0.0351465567946434
FRAG_NEG_trNEGATIVE74391_23_13,0.06360894441604614
FRAG_NEG_trNEGATIVE65566_51_13,0.23587261140346527
FRAG_NEG_trNEGATIVE93456_37_13,0.7952577471733093
FRAG_NEG_trNEGATIVE27554_40_13,0.016780171543359756
FRAG_NEG_trNEGATIVE79967_51_13,0.06030700355768204
FRAG_NEG_trNEGATIVE48977_1_13,0.07108089327812195
FRAG_NEG_trNEGATIVE66408_72_13,0.015054975636303425
FRAG_NEG_trNEGATIVE89874_50_13,0.5223881006240845
FRAG_NEG_trNEGATIVE91852_5_13,0.019055459648370743
FRAG_NEG_trNEGATIVE38480_32_13,0.04420832172036171
FRAG_NEG_trNEGATIVE68784_14_13,0.15387997031211853
FRAG_NEG_trNEGATIVE60942_35_13,0.07951097190380096
FRAG_NEG_trNEGATIVE94628_22_13,0.0314844511449337
FRAG_NEG_trNEGATIVE72754_39_13,0.06418155133724213
FRAG_NEG_trNEGATIVE32240_22_13,0.29923754930496216
FRAG_NEG_trNEGATIVE30491_83_13,0.6742610931396484
FRAG_NEG_trNEGATIVE35165_41_13,0.03221993148326874
FRAG_NEG_trNEGATIVE38389_3_13,0.05860136076807976
FRAG_NEG_trNEGATIVE97283_45_13,0.06837151199579239
FRAG_NEG_trNEGATIVE94572_64_13,0.026987649500370026
FRAG_NEG_trNEGATIVE93586_49_13,0.017217325046658516
FRAG_NEG_trNEGATIVE42861_0_13,0.012960018590092659
FRAG_NEG_trNEGATIVE72916_2_13,0.07309059798717499
FRAG_NEG_trNEGATIVE59574_78_13,0.013692890293896198
FRAG_NEG_trNEGATIVE59975_28_13,0.03432658687233925
FRAG_NEG_trNEGATIVE42686_27_13,0.031810492277145386
FRAG_NEG_trNEGATIVE93269_15_13,0.050471287220716476
FRAG_NEG_trNEGATIVE47482_36_13,0.00995076447725296
FRAG_NEG_trNEGATIVE97129_30_13,0.0996357649564743
FRAG_NEG_trNEGATIVE31804_58_13,0.4345663785934448
FRAG_NEG_trNEGATIVE29760_0_13,0.027969082817435265
FRAG_NEG_trNEGATIVE64959_24_13,0.19621269404888153
FRAG_NEG_trNEGATIVE32500_0_13,0.025675367563962936
FRAG_NEG_trNEGATIVE74785_11_13,0.0969538763165474
FRAG_NEG_trNEGATIVE29795_6_13,0.022606970742344856
FRAG_NEG_trNEGATIVE47369_31_13,0.034699950367212296
FRAG_NEG_trNEGATIVE54523_10_13,0.03181827440857887
FRAG_NEG_trNEGATIVE81287_50_13,0.01750524342060089
FRAG_NEG_trNEGATIVE74365_19_13,0.02543630264699459
FRAG_NEG_trNEGATIVE48937_20_13,0.02916332148015499
FRAG_NEG_trNEGATIVE75989_18_13,0.048827432096004486
FRAG_NEG_trNEGATIVE64433_72_13,0.23435921967029572
FRAG_NEG_trNEGATIVE42739_10_13,0.10222582519054413
FRAG_NEG_trNEGATIVE78243_48_13,0.2887832224369049
FRAG_NEG_trNEGATIVE86979_26_13,0.08416274189949036
FRAG_NEG_trNEGATIVE34521_31_13,0.11034566909074783
FRAG_NEG_trNEGATIVE35067_10_13,0.11581560224294662
FRAG_NEG_trNEGATIVE81616_71_13,0.10358541458845139
FRAG_NEG_trNEGATIVE46297_35_13,0.06422405689954758
FRAG_NEG_trNEGATIVE32997_74_13,0.06731712073087692
FRAG_NEG_trNEGATIVE63808_33_13,0.09179452061653137
FRAG_NEG_trNEGATIVE45049_4_13,0.983309268951416
FRAG_NEG_trNEGATIVE33162_18_13,0.05163273960351944
FRAG_NEG_trNEGATIVE51856_23_13,0.03660663962364197
FRAG_NEG_trNEGATIVE85498_21_13,0.035968415439128876
FRAG_NEG_trNEGATIVE77520_13_13,0.023418134078383446
FRAG_NEG_trNEGATIVE27764_36_13,0.023055052384734154
FRAG_NEG_trNEGATIVE65850_3_13,0.6903861165046692
FRAG_NEG_trNEGATIVE64605_52_13,0.02277694270014763
FRAG_NEG_trNEGATIVE31261_41_13,0.3424313962459564
FRAG_NEG_trNEGATIVE78735_23_13,0.29334506392478943
FRAG_NEG_trNEGATIVE35042_0_13,0.028144553303718567
FRAG_NEG_trNEGATIVE80909_72_13,0.16289561986923218
FRAG_NEG_trNEGATIVE61955_49_13,0.13213348388671875
FRAG_NEG_trNEGATIVE34947_5_13,0.7076178193092346
FRAG_NEG_trNEGATIVE72940_21_13,0.12099403142929077
FRAG_NEG_trNEGATIVE30993_10_13,0.07354655861854553
FRAG_NEG_trNEGATIVE79241_10_13,0.039606332778930664
FRAG_NEG_trNEGATIVE89412_32_13,0.38742321729660034
FRAG_NEG_trNEGATIVE39471_18_13,0.07066327333450317
FRAG_NEG_trNEGATIVE82727_2_13,0.1040007621049881
FRAG_NEG_trNEGATIVE61977_47_13,0.014739066362380981
FRAG_NEG_trNEGATIVE88380_60_13,0.4962710440158844
FRAG_NEG_trNEGATIVE61713_53_13,0.061758194118738174
FRAG_NEG_trNEGATIVE48025_33_13,0.27556148171424866
FRAG_NEG_trNEGATIVE87644_47_13,0.02100597880780697
FRAG_NEG_trNEGATIVE34016_10_13,0.04027237743139267
FRAG_NEG_trNEGATIVE83963_2_13,0.04235630854964256
FRAG_NEG_trNEGATIVE60969_38_13,0.18127699196338654
FRAG_NEG_trNEGATIVE76022_15_13,0.016898302361369133
FRAG_NEG_trNEGATIVE66428_1_13,0.27429473400115967
FRAG_NEG_trNEGATIVE87512_42_13,0.27050840854644775
FRAG_NEG_trNEGATIVE40193_15_13,0.039058223366737366
FRAG_NEG_trNEGATIVE39981_27_13,0.013430705294013023
FRAG_NEG_trNEGATIVE78641_40_13,0.0368889756500721
FRAG_NEG_trNEGATIVE70937_23_13,0.03899351507425308
FRAG_NEG_trNEGATIVE70406_13_13,0.029344184324145317
FRAG_NEG_trNEGATIVE83074_57_13,0.19064871966838837
FRAG_NEG_trNEGATIVE88810_77_13,0.02117382548749447
FRAG_NEG_trNEGATIVE61727_59_13,0.7678001523017883
FRAG_NEG_trNEGATIVE66120_40_13,0.01789698377251625
FRAG_NEG_trNEGATIVE35741_66_13,0.052276745438575745
FRAG_NEG_trNEGATIVE85417_76_13,0.10774094611406326
FRAG_NEG_trNEGATIVE61846_20_13,0.020821843296289444
FRAG_NEG_trNEGATIVE30440_22_13,0.12384332716464996
FRAG_NEG_trNEGATIVE90062_43_13,0.0214279443025589
FRAG_NEG_trNEGATIVE72258_7_13,0.6214926242828369
FRAG_NEG_trNEGATIVE59359_37_13,0.09324642270803452
FRAG_NEG_trNEGATIVE52018_1_13,0.7374333739280701
FRAG_NEG_trNEGATIVE47298_2_13,0.029243603348731995
FRAG_NEG_trNEGATIVE77913_19_13,0.019640855491161346
FRAG_NEG_trNEGATIVE91918_34_13,0.028082724660634995
FRAG_NEG_trNEGATIVE34588_15_13,0.8884124159812927
FRAG_NEG_trNEGATIVE42219_44_13,0.0507291816174984
FRAG_NEG_trNEGATIVE63953_15_13,0.054286595433950424
FRAG_NEG_trNEGATIVE85783_85_13,0.034191738814115524
FRAG_NEG_trNEGATIVE61730_3_13,0.5358996391296387
FRAG_NEG_trNEGATIVE61847_23_13,0.0524759478867054
FRAG_NEG_trNEGATIVE39632_55_13,0.07247120887041092
FRAG_NEG_trNEGATIVE87224_2_13,0.014130542054772377
FRAG_NEG_trNEGATIVE41132_23_13,0.048889655619859695
FRAG_NEG_trNEGATIVE34300_43_13,0.017447445541620255
FRAG_NEG_trNEGATIVE86267_9_13,0.019143613055348396
FRAG_NEG_trNEGATIVE54119_7_13,0.027127526700496674
FRAG_NEG_trNEGATIVE38207_27_13,0.35206472873687744
FRAG_NEG_trNEGATIVE65140_67_13,0.04324866458773613
FRAG_NEG_trNEGATIVE96440_49_13,0.056137170642614365
FRAG_NEG_trNEGATIVE82399_28_13,0.030000830069184303
FRAG_NEG_trNEGATIVE89716_36_13,0.055328480899333954
FRAG_NEG_trNEGATIVE90804_50_13,0.012887699529528618
FRAG_NEG_trNEGATIVE74123_10_13,0.06058444827795029
FRAG_NEG_trNEGATIVE63916_6_13,0.020470375195145607
FRAG_NEG_trNEGATIVE69228_61_13,0.463252454996109
FRAG_NEG_trNEGATIVE81211_18_13,0.18993408977985382
FRAG_NEG_trNEGATIVE32262_5_13,0.49104636907577515
FRAG_NEG_trNEGATIVE28657_4_13,0.03146691992878914
FRAG_NEG_trNEGATIVE36382_49_13,0.3897503614425659
FRAG_NEG_trNEGATIVE70999_2_13,0.06225530430674553
FRAG_NEG_trNEGATIVE44184_3_13,0.10351475328207016
FRAG_NEG_trNEGATIVE63055_15_13,0.03260968625545502
FRAG_NEG_trNEGATIVE71093_39_13,0.020438631996512413
FRAG_NEG_trNEGATIVE48090_28_13,0.07023495435714722
FRAG_NEG_trNEGATIVE84728_27_13,0.03701559081673622
FRAG_NEG_trNEGATIVE68741_38_13,0.0840679481625557
FRAG_NEG_trNEGATIVE74779_3_13,0.03537572920322418
FRAG_NEG_trNEGATIVE63614_17_13,0.2499464899301529
FRAG_NEG_trNEGATIVE84103_13_13,0.04367170110344887
FRAG_NEG_trNEGATIVE31371_53_13,0.07373062521219254
FRAG_NEG_trNEGATIVE81209_11_13,0.0609997995197773
FRAG_NEG_trNEGATIVE67521_17_13,0.03850219026207924
FRAG_NEG_trNEGATIVE52353_43_13,0.0351475328207016
FRAG_NEG_trNEGATIVE64666_34_13,0.5613388419151306
FRAG_NEG_trNEGATIVE79162_27_13,0.01601197011768818
FRAG_NEG_trNEGATIVE65378_12_13,0.11096466332674026
FRAG_NEG_trNEGATIVE67819_16_13,0.5280916094779968
FRAG_NEG_trNEGATIVE41718_48_13,0.05263085290789604
FRAG_NEG_trNEGATIVE81892_75_13,0.1038079634308815
FRAG_NEG_trNEGATIVE41493_49_13,0.1584095060825348
FRAG_NEG_trNEGATIVE87650_35_13,0.02859422378242016
FRAG_NEG_trNEGATIVE39646_7_13,0.02784821204841137
FRAG_NEG_trNEGATIVE50059_16_13,0.14995016157627106
FRAG_NEG_trNEGATIVE66699_30_13,0.07246661931276321
FRAG_NEG_trNEGATIVE65444_40_13,0.16789180040359497
FRAG_NEG_trNEGATIVE70793_40_13,0.03134414181113243
FRAG_NEG_trNEGATIVE84700_37_13,0.32443562150001526
FRAG_NEG_trNEGATIVE60820_23_13,0.3210177421569824
FRAG_NEG_trNEGATIVE38608_4_13,0.03287511691451073
FRAG_NEG_trNEGATIVE38657_21_13,0.03960786387324333
FRAG_NEG_trNEGATIVE55812_49_13,0.06410249322652817
FRAG_NEG_trNEGATIVE54781_56_13,0.08525880426168442
FRAG_NEG_trNEGATIVE73084_15_13,0.1465674191713333
FRAG_NEG_trNEGATIVE73371_10_13,0.6631591320037842
FRAG_NEG_trNEGATIVE83940_0_13,0.049383122473955154
FRAG_NEG_trNEGATIVE55371_70_13,0.058085691183805466
FRAG_NEG_trNEGATIVE89192_3_13,0.02807478979229927
FRAG_NEG_trNEGATIVE81427_34_13,0.251600056886673
FRAG_NEG_trNEGATIVE60145_9_13,0.08315028995275497
FRAG_NEG_trNEGATIVE70406_9_13,0.07746042311191559
FRAG_NEG_trNEGATIVE27794_20_13,0.028136182576417923
FRAG_NEG_trNEGATIVE89226_19_13,0.10728735476732254
FRAG_NEG_trNEGATIVE82980_0_13,0.02896520122885704
FRAG_NEG_trNEGATIVE58102_23_13,0.10056857019662857
FRAG_NEG_trNEGATIVE86655_24_13,0.023780377581715584
FRAG_NEG_trNEGATIVE68425_66_13,0.04473232477903366
FRAG_NEG_trNEGATIVE72031_35_13,0.04095252975821495
FRAG_NEG_trNEGATIVE59428_55_13,0.0671849250793457
FRAG_NEG_trNEGATIVE90076_47_13,0.39341306686401367
FRAG_NEG_trNEGATIVE66754_48_13,0.06890670955181122
FRAG_NEG_trNEGATIVE80787_2_13,0.04968065023422241
FRAG_NEG_trNEGATIVE90189_15_13,0.08315269649028778
FRAG_NEG_trNEGATIVE45064_68_13,0.5523058772087097
FRAG_NEG_trNEGATIVE45995_22_13,0.024538034573197365
FRAG_NEG_trNEGATIVE32881_15_13,0.42852476239204407
FRAG_NEG_trNEGATIVE88798_35_13,0.07345765084028244
FRAG_NEG_trNEGATIVE83535_0_13,0.7973763942718506
FRAG_NEG_trNEGATIVE44968_18_13,0.4889501631259918
FRAG_NEG_trNEGATIVE93551_49_13,0.09881499409675598
FRAG_NEG_trNEGATIVE60942_0_13,0.014084582217037678
FRAG_NEG_trNEGATIVE40813_36_13,0.022063901647925377
FRAG_NEG_trNEGATIVE90312_28_13,0.05724530667066574
FRAG_NEG_trNEGATIVE72420_48_13,0.024533715099096298
FRAG_NEG_trNEGATIVE45079_53_13,0.15299123525619507
FRAG_NEG_trNEGATIVE79195_42_13,0.10489439219236374
FRAG_NEG_trNEGATIVE70267_4_13,0.314225435256958
FRAG_NEG_trNEGATIVE29521_3_13,0.04540729522705078
FRAG_NEG_trNEGATIVE38318_28_13,0.8325766324996948
FRAG_NEG_trNEGATIVE61126_24_13,0.7745139598846436
FRAG_NEG_trNEGATIVE49099_48_13,0.026316160336136818
FRAG_NEG_trNEGATIVE66944_37_13,0.7500877380371094
FRAG_NEG_trNEGATIVE93970_25_13,0.08104921877384186
FRAG_NEG_trNEGATIVE74946_42_13,0.023572709411382675
FRAG_NEG_trNEGATIVE79164_9_13,0.032398395240306854
FRAG_NEG_trNEGATIVE42243_56_13,0.01861606538295746
FRAG_NEG_trNEGATIVE95879_31_13,0.30047160387039185
FRAG_NEG_trNEGATIVE74761_68_13,0.02740911953151226
FRAG_NEG_trNEGATIVE93923_52_13,0.033055081963539124
FRAG_NEG_trNEGATIVE68701_58_13,0.012790212407708168
FRAG_NEG_trNEGATIVE91732_3_13,0.017457086592912674
FRAG_NEG_trNEGATIVE76681_53_13,0.27194732427597046
FRAG_NEG_trNEGATIVE42197_21_13,0.03176606446504593
FRAG_NEG_trNEGATIVE62082_27_13,0.10360893607139587
FRAG_NEG_trNEGATIVE60969_50_13,0.03287767991423607
FRAG_NEG_trNEGATIVE85226_9_13,0.024612193927168846
FRAG_NEG_trNEGATIVE92055_41_13,0.059333618730306625
FRAG_NEG_trNEGATIVE86380_54_13,0.17529970407485962
FRAG_NEG_trNEGATIVE50739_20_13,0.024120047688484192
FRAG_NEG_trNEGATIVE71421_70_13,0.0202416330575943
FRAG_NEG_trNEGATIVE97555_32_13,0.036066293716430664
FRAG_NEG_trNEGATIVE80659_19_13,0.09820456802845001
FRAG_NEG_trNEGATIVE93774_4_13,0.036995045840740204
FRAG_NEG_trNEGATIVE56020_29_13,0.10034328699111938
FRAG_NEG_trNEGATIVE86601_18_13,0.08408410102128983
FRAG_NEG_trNEGATIVE69971_63_13,0.03878076747059822
FRAG_NEG_trNEGATIVE71549_16_13,0.06812939792871475
FRAG_NEG_trNEGATIVE83418_58_13,0.22725555300712585
FRAG_NEG_trNEGATIVE61405_9_13,0.05999058485031128
FRAG_NEG_trNEGATIVE73751_53_13,0.05685582011938095
FRAG_NEG_trNEGATIVE83608_64_13,0.07338552176952362
FRAG_NEG_trNEGATIVE66036_26_13,0.030191240832209587
FRAG_NEG_trNEGATIVE68177_29_13,0.28475967049598694
FRAG_NEG_trNEGATIVE91297_1_13,0.03543265163898468
FRAG_NEG_trNEGATIVE87665_66_13,0.09328833967447281
FRAG_NEG_trNEGATIVE78693_51_13,0.9871540069580078
FRAG_NEG_trNEGATIVE50516_3_13,0.9131155610084534
FRAG_NEG_trNEGATIVE66415_50_13,0.03382948040962219
FRAG_NEG_trNEGATIVE81756_19_13,0.06810516864061356
FRAG_NEG_trNEGATIVE38069_3_13,0.04186205565929413
FRAG_NEG_trNEGATIVE89460_15_13,0.020797833800315857
FRAG_NEG_trNEGATIVE84401_2_13,0.10942498594522476
FRAG_NEG_trNEGATIVE35165_23_13,0.024093136191368103
FRAG_NEG_trNEGATIVE69058_50_13,0.05941202864050865
FRAG_NEG_trNEGATIVE61831_20_13,0.04054593667387962
FRAG_NEG_trNEGATIVE53317_31_13,0.01703590154647827
FRAG_NEG_trNEGATIVE65552_67_13,0.12616083025932312
FRAG_NEG_trNEGATIVE48090_75_13,0.4553937315940857
FRAG_NEG_trNEGATIVE67008_2_13,0.05362997204065323
FRAG_NEG_trNEGATIVE69184_25_13,0.0949791669845581
FRAG_NEG_trNEGATIVE73854_40_13,0.05588388070464134
FRAG_NEG_trNEGATIVE71002_18_13,0.07832691818475723
FRAG_NEG_trNEGATIVE87754_15_13,0.017016515135765076
FRAG_NEG_trNEGATIVE50338_61_13,0.02430051751434803
FRAG_NEG_trNEGATIVE80623_29_13,0.1854456067085266
FRAG_NEG_trNEGATIVE38372_13_13,0.01391284167766571
FRAG_NEG_trNEGATIVE77548_25_13,0.025628823786973953
FRAG_NEG_trNEGATIVE36679_71_13,0.09785215556621552
FRAG_NEG_trNEGATIVE42327_21_13,0.1403782218694687
FRAG_NEG_trNEGATIVE46361_18_13,0.29417455196380615
FRAG_NEG_trNEGATIVE56823_47_13,0.05040821433067322
FRAG_NEG_trNEGATIVE61762_38_13,0.11139394342899323
FRAG_NEG_trNEGATIVE49035_42_13,0.2452491819858551
FRAG_NEG_trNEGATIVE47481_37_13,0.17375291883945465
FRAG_NEG_trNEGATIVE64579_21_13,0.06889278441667557
FRAG_NEG_trNEGATIVE45649_48_13,0.015192586928606033
FRAG_NEG_trNEGATIVE68465_83_13,0.025131070986390114
FRAG_NEG_trNEGATIVE60384_32_13,0.03517325967550278
FRAG_NEG_trNEGATIVE30259_78_13,0.04290999844670296
FRAG_NEG_trNEGATIVE87619_3_13,0.08219043910503387
FRAG_NEG_trNEGATIVE61324_5_13,0.012458925135433674
FRAG_NEG_trNEGATIVE52653_79_13,0.0250545721501112
FRAG_NEG_trNEGATIVE40855_62_13,0.06870157271623611
FRAG_NEG_trNEGATIVE95856_25_13,0.10760265588760376
FRAG_NEG_trNEGATIVE38308_9_13,0.031755976378917694
FRAG_NEG_trNEGATIVE56951_41_13,0.19983962178230286
FRAG_NEG_trNEGATIVE47246_4_13,0.285739541053772
FRAG_NEG_trNEGATIVE52747_33_13,0.033078115433454514
FRAG_NEG_trNEGATIVE59274_81_13,0.02169489860534668
FRAG_NEG_trNEGATIVE72430_4_13,0.10078916698694229
FRAG_NEG_trNEGATIVE82152_16_13,0.06858321279287338
FRAG_NEG_trNEGATIVE53643_34_13,0.2596288025379181
FRAG_NEG_trNEGATIVE62952_60_13,0.6540296077728271
FRAG_NEG_trNEGATIVE33972_42_13,0.023274686187505722
FRAG_NEG_trNEGATIVE95551_71_13,0.17056356370449066
FRAG_NEG_trNEGATIVE69451_0_13,0.014200909063220024
FRAG_NEG_trNEGATIVE73254_54_13,0.21989169716835022
FRAG_NEG_trNEGATIVE59694_28_13,0.40367355942726135
FRAG_NEG_trNEGATIVE31404_2_13,0.2264784872531891
FRAG_NEG_trNEGATIVE52597_20_13,0.055072396993637085
FRAG_NEG_trNEGATIVE48317_55_13,0.03666626662015915
FRAG_NEG_trNEGATIVE44868_39_13,0.022690387442708015
FRAG_NEG_trNEGATIVE61586_23_13,0.03360653668642044
FRAG_NEG_trNEGATIVE87171_19_13,0.05516462028026581
FRAG_NEG_trNEGATIVE89760_31_13,0.9004314541816711
FRAG_NEG_trNEGATIVE72149_3_13,0.6747646927833557
FRAG_NEG_trNEGATIVE69105_22_13,0.09966103732585907
FRAG_NEG_trNEGATIVE70709_55_13,0.917801558971405
FRAG_NEG_trNEGATIVE63462_6_13,0.531979501247406
FRAG_NEG_trNEGATIVE78337_6_13,0.2149423211812973
FRAG_NEG_trNEGATIVE65844_7_13,0.8647019863128662
FRAG_NEG_trNEGATIVE52994_50_13,0.3155107796192169
FRAG_NEG_trNEGATIVE79461_8_13,0.2572348713874817
FRAG_NEG_trNEGATIVE46927_30_13,0.02270497940480709
FRAG_NEG_trNEGATIVE32567_28_13,0.23884357511997223
FRAG_NEG_trNEGATIVE75112_34_13,0.06520728766918182
FRAG_NEG_trNEGATIVE75934_53_13,0.9678729772567749
FRAG_NEG_trNEGATIVE69794_19_13,0.039020560681819916
FRAG_NEG_trNEGATIVE42327_47_13,0.3105854094028473
FRAG_NEG_trNEGATIVE47753_10_13,0.09920427948236465
FRAG_NEG_trNEGATIVE27798_31_13,0.03790510818362236
FRAG_NEG_trNEGATIVE67999_44_13,0.4374180734157562
FRAG_NEG_trNEGATIVE84745_49_13,0.8255366086959839
FRAG_NEG_trNEGATIVE86746_43_13,0.02221613936126232
FRAG_NEG_trNEGATIVE44328_38_13,0.3000700771808624
FRAG_NEG_trNEGATIVE66427_26_13,0.022368306294083595
FRAG_NEG_trNEGATIVE74579_3_13,0.01924740895628929
FRAG_NEG_trNEGATIVE43129_41_13,0.0444471649825573
FRAG_NEG_trNEGATIVE88682_72_13,0.1566804200410843
FRAG_NEG_trNEGATIVE48466_32_13,0.05575333908200264
FRAG_NEG_trNEGATIVE47345_1_13,0.02929861843585968
FRAG_NEG_trNEGATIVE41209_4_13,0.6695148944854736
FRAG_NEG_trNEGATIVE55026_15_13,0.1505245715379715
FRAG_NEG_trNEGATIVE34862_68_13,0.023518426343798637
FRAG_NEG_trNEGATIVE94649_10_13,0.01931569166481495
FRAG_NEG_trNEGATIVE27986_47_13,0.518024206161499
FRAG_NEG_trNEGATIVE82321_45_13,0.9080789089202881
FRAG_NEG_trNEGATIVE54090_25_13,0.024807455018162727
FRAG_NEG_trNEGATIVE82897_18_13,0.014658592641353607
FRAG_NEG_trNEGATIVE38329_14_13,0.9655847549438477
FRAG_NEG_trNEGATIVE60622_42_13,0.0323508121073246
FRAG_NEG_trNEGATIVE70730_22_13,0.636407732963562
FRAG_NEG_trNEGATIVE52112_30_13,0.02983938530087471
FRAG_NEG_trNEGATIVE75814_19_13,0.04557694122195244
FRAG_NEG_trNEGATIVE65600_18_13,0.07142774760723114
FRAG_NEG_trNEGATIVE57538_18_13,0.0189516618847847
FRAG_NEG_trNEGATIVE88812_27_13,0.07050664722919464
FRAG_NEG_trNEGATIVE84762_2_13,0.031687650829553604
FRAG_NEG_trNEGATIVE86198_14_13,0.025120452046394348
FRAG_NEG_trNEGATIVE50110_72_13,0.45353570580482483
FRAG_NEG_trNEGATIVE35293_30_13,0.02232382260262966
FRAG_NEG_trNEGATIVE82980_83_13,0.01938890479505062
FRAG_NEG_trNEGATIVE87146_56_13,0.030494673177599907
FRAG_NEG_trNEGATIVE55353_64_13,0.013087878003716469
FRAG_NEG_trNEGATIVE44511_24_13,0.02521304041147232
FRAG_NEG_trNEGATIVE40237_7_13,0.03868475556373596
FRAG_NEG_trNEGATIVE83834_22_13,0.05945968255400658
FRAG_NEG_trNEGATIVE95757_16_13,0.12614955008029938
FRAG_NEG_trNEGATIVE60862_7_13,0.1121595948934555
FRAG_NEG_trNEGATIVE36040_3_13,0.04396753013134003
FRAG_NEG_trNEGATIVE90239_69_13,0.9569682478904724
FRAG_NEG_trNEGATIVE88458_73_13,0.013502824120223522
FRAG_NEG_trNEGATIVE95531_45_13,0.12133639305830002
FRAG_NEG_trNEGATIVE47481_31_13,0.031872376799583435
FRAG_NEG_trNEGATIVE65434_10_13,0.18131569027900696
FRAG_NEG_trNEGATIVE77081_64_13,0.0901375487446785
FRAG_NEG_trNEGATIVE41975_7_13,0.03777029737830162
FRAG_NEG_trNEGATIVE50917_53_13,0.8531034588813782
FRAG_NEG_trNEGATIVE94487_72_13,0.044198185205459595
FRAG_NEG_trNEGATIVE33180_49_13,0.05736296996474266
FRAG_NEG_trNEGATIVE53217_16_13,0.17005188763141632
FRAG_NEG_trNEGATIVE61196_51_13,0.05450692027807236
FRAG_NEG_trNEGATIVE44181_65_13,0.028272457420825958
FRAG_NEG_trNEGATIVE51423_24_13,0.5159456729888916
FRAG_NEG_trNEGATIVE77017_35_13,0.048786506056785583
FRAG_NEG_trNEGATIVE83842_67_13,0.0237127672880888
FRAG_NEG_trNEGATIVE54050_47_13,0.020811593160033226
FRAG_NEG_trNEGATIVE80014_38_13,0.02208181656897068
FRAG_NEG_trNEGATIVE88847_16_13,0.026390695944428444
FRAG_NEG_trNEGATIVE31329_35_13,0.04453928396105766
FRAG_NEG_trNEGATIVE95574_16_13,0.7892087697982788
FRAG_NEG_trNEGATIVE34341_21_13,0.20233777165412903
FRAG_NEG_trNEGATIVE90101_64_13,0.045876115560531616
FRAG_NEG_trNEGATIVE40770_54_13,0.8919703364372253
FRAG_NEG_trNEGATIVE64940_81_13,0.04779007285833359
FRAG_NEG_trNEGATIVE84928_33_13,0.16685038805007935
FRAG_NEG_trNEGATIVE35193_20_13,0.8326247930526733
FRAG_NEG_trNEGATIVE56280_9_13,0.03299998119473457
FRAG_NEG_trNEGATIVE67576_41_13,0.040150996297597885
FRAG_NEG_trNEGATIVE52366_26_13,0.13806651532649994
FRAG_NEG_trNEGATIVE75344_44_13,0.056512847542762756
FRAG_NEG_trNEGATIVE97040_42_13,0.09025642275810242
FRAG_NEG_trNEGATIVE86988_28_13,0.10534155368804932
FRAG_NEG_trNEGATIVE68057_1_13,0.338712215423584
FRAG_NEG_trNEGATIVE56575_14_13,0.04893116652965546
FRAG_NEG_trNEGATIVE55418_15_13,0.01915312558412552
FRAG_NEG_trNEGATIVE54445_34_13,0.08317553997039795
FRAG_NEG_trNEGATIVE53896_38_13,0.046968068927526474
FRAG_NEG_trNEGATIVE47752_15_13,0.1100916936993599
FRAG_NEG_trNEGATIVE78961_49_13,0.011825707741081715
FRAG_NEG_trNEGATIVE56575_19_13,0.016124973073601723
FRAG_NEG_trNEGATIVE53087_31_13,0.023843485862016678
FRAG_NEG_trNEGATIVE81125_78_13,0.024535194039344788
FRAG_NEG_trNEGATIVE77181_34_13,0.25490227341651917
FRAG_NEG_trNEGATIVE87736_57_13,0.029956409707665443
FRAG_NEG_trNEGATIVE33573_24_13,0.03241994231939316
FRAG_NEG_trNEGATIVE31350_0_13,0.034088145941495895
FRAG_NEG_trNEGATIVE89076_44_13,0.0595683790743351
FRAG_NEG_trNEGATIVE64485_80_13,0.01785149797797203
FRAG_NEG_trNEGATIVE74053_42_13,0.012626971118152142
FRAG_NEG_trNEGATIVE87107_45_13,0.022288430482149124
FRAG_NEG_trNEGATIVE80836_4_13,0.3637223243713379
FRAG_NEG_trNEGATIVE54392_43_13,0.027646362781524658
FRAG_NEG_trNEGATIVE84954_53_13,0.01649562269449234
FRAG_NEG_trNEGATIVE27744_4_13,0.020576482638716698
FRAG_NEG_trNEGATIVE39550_40_13,0.22068668901920319
FRAG_NEG_trNEGATIVE40424_43_13,0.11462884396314621
FRAG_NEG_trNEGATIVE57371_28_13,0.10391217470169067
FRAG_NEG_trNEGATIVE77840_47_13,0.07993581891059875
FRAG_NEG_trNEGATIVE79590_26_13,0.013808468356728554
FRAG_NEG_trNEGATIVE69489_17_13,0.9013020396232605
FRAG_NEG_trNEGATIVE90991_34_13,0.3102337718009949
FRAG_NEG_trNEGATIVE36281_17_13,0.8861635327339172
FRAG_NEG_trNEGATIVE93132_83_13,0.09679502993822098
FRAG_NEG_trNEGATIVE57949_42_13,0.9267799258232117
FRAG_NEG_trNEGATIVE74148_60_13,0.09600628167390823
FRAG_NEG_trNEGATIVE83469_17_13,0.037261344492435455
FRAG_NEG_trNEGATIVE69738_16_13,0.1395864337682724
FRAG_NEG_trNEGATIVE31754_35_13,0.19553717970848083
FRAG_NEG_trNEGATIVE55910_63_13,0.34493646025657654
FRAG_NEG_trNEGATIVE43004_25_13,0.060123126953840256
FRAG_NEG_trNEGATIVE58933_36_13,0.044672995805740356
FRAG_NEG_trNEGATIVE71610_47_13,0.9336812496185303
FRAG_NEG_trNEGATIVE43304_46_13,0.8832195401191711
FRAG_NEG_trNEGATIVE89161_25_13,0.018540559336543083
FRAG_NEG_trNEGATIVE91490_74_13,0.10175029933452606
FRAG_NEG_trNEGATIVE89242_3_13,0.018886512145400047
FRAG_NEG_trNEGATIVE48370_28_13,0.01335256639868021
FRAG_NEG_trNEGATIVE43574_38_13,0.3039596378803253
FRAG_NEG_trNEGATIVE80194_21_13,0.06926470249891281
FRAG_NEG_trNEGATIVE48200_26_13,0.1016402617096901
FRAG_NEG_trNEGATIVE82740_44_13,0.025815047323703766
FRAG_NEG_trNEGATIVE47430_39_13,0.02391578070819378
FRAG_NEG_trNEGATIVE83181_19_13,0.02797854132950306
FRAG_NEG_trNEGATIVE34405_67_13,0.7416293025016785
FRAG_NEG_trNEGATIVE59542_24_13,0.48663851618766785
FRAG_NEG_trNEGATIVE39185_22_13,0.018201256170868874
FRAG_NEG_trNEGATIVE82954_10_13,0.020589815452694893
FRAG_NEG_trNEGATIVE30256_46_13,0.2889155447483063
FRAG_NEG_trNEGATIVE95503_53_13,0.020870111882686615
FRAG_NEG_trNEGATIVE60235_3_13,0.10844078660011292
FRAG_NEG_trNEGATIVE87969_55_13,0.018135741353034973
FRAG_NEG_trNEGATIVE32188_33_13,0.11149315536022186
FRAG_NEG_trNEGATIVE81737_31_13,0.05136865749955177
FRAG_NEG_trNEGATIVE50744_2_13,0.11600569635629654
FRAG_NEG_trNEGATIVE54689_46_13,0.3295087218284607
FRAG_NEG_trNEGATIVE61977_49_13,0.026426447555422783
FRAG_NEG_trNEGATIVE43411_41_13,0.037975654006004333
FRAG_NEG_trNEGATIVE54843_61_13,0.024687858298420906
FRAG_NEG_trNEGATIVE30395_13_13,0.05847655236721039
FRAG_NEG_trNEGATIVE38372_12_13,0.02593843638896942
FRAG_NEG_trNEGATIVE34549_21_13,0.03412315994501114
FRAG_NEG_trNEGATIVE56717_45_13,0.9151189923286438
FRAG_NEG_trNEGATIVE60221_76_13,0.040327079594135284
FRAG_NEG_trNEGATIVE49268_43_13,0.040226083248853683
FRAG_NEG_trNEGATIVE33158_4_13,0.022533535957336426
FRAG_NEG_trNEGATIVE76478_68_13,0.03042403608560562
FRAG_NEG_trNEGATIVE34592_5_13,0.22268733382225037
FRAG_NEG_trNEGATIVE87853_33_13,0.06897595524787903
FRAG_NEG_trNEGATIVE95574_8_13,0.3989398181438446
FRAG_NEG_trNEGATIVE84864_22_13,0.01870645396411419
FRAG_NEG_trNEGATIVE69791_80_13,0.03907527029514313
FRAG_NEG_trNEGATIVE39968_31_13,0.01631660759449005
FRAG_NEG_trNEGATIVE32775_2_13,0.862892210483551
FRAG_NEG_trNEGATIVE78595_8_13,0.0538417249917984
FRAG_NEG_trNEGATIVE62365_44_13,0.09454023838043213
FRAG_NEG_trNEGATIVE65299_34_13,0.9281823635101318
FRAG_NEG_trNEGATIVE52994_12_13,0.08411120623350143
FRAG_NEG_trNEGATIVE77897_25_13,0.04579765722155571
FRAG_NEG_trNEGATIVE31154_25_13,0.04508780688047409
FRAG_NEG_trNEGATIVE60202_15_13,0.0159734096378088
FRAG_NEG_trNEGATIVE59274_8_13,0.05417677015066147
FRAG_NEG_trNEGATIVE31372_24_13,0.042174890637397766
FRAG_NEG_trNEGATIVE81510_49_13,0.02431841567158699
FRAG_NEG_trNEGATIVE81455_49_13,0.11869890987873077
FRAG_NEG_trNEGATIVE43378_31_13,0.04880610480904579
FRAG_NEG_trNEGATIVE42932_9_13,0.108939029276371
FRAG_NEG_trNEGATIVE47430_6_13,0.03162141889333725
FRAG_NEG_trNEGATIVE42081_13_13,0.04494240880012512
FRAG_NEG_trNEGATIVE45129_4_13,0.5147539973258972
FRAG_NEG_trNEGATIVE82153_1_13,0.12269234657287598
FRAG_NEG_trNEGATIVE76435_59_13,0.07802613079547882
FRAG_NEG_trNEGATIVE54212_3_13,0.073579803109169
FRAG_NEG_trNEGATIVE74570_4_13,0.8630312085151672
FRAG_NEG_trNEGATIVE44235_25_13,0.9815132021903992
FRAG_NEG_trNEGATIVE81205_16_13,0.027658700942993164
FRAG_NEG_trNEGATIVE34205_22_13,0.02315102517604828
FRAG_NEG_trNEGATIVE95587_32_13,0.09723208844661713
FRAG_NEG_trNEGATIVE75457_37_13,0.2560957372188568
FRAG_NEG_trNEGATIVE54392_1_13,0.034979697316884995
FRAG_NEG_trNEGATIVE34004_80_13,0.148950457572937
FRAG_NEG_trNEGATIVE97128_53_13,0.013055943883955479
FRAG_NEG_trNEGATIVE79202_72_13,0.02078268863260746
FRAG_NEG_trNEGATIVE82308_20_13,0.48257631063461304
FRAG_NEG_trNEGATIVE67582_64_13,0.01995416358113289
FRAG_NEG_trNEGATIVE80784_33_13,0.03051646053791046
FRAG_NEG_trNEGATIVE73415_39_13,0.651997983455658
FRAG_NEG_trNEGATIVE65678_16_13,0.07010478526353836
FRAG_NEG_trNEGATIVE91471_7_13,0.21202102303504944
FRAG_NEG_trNEGATIVE88906_49_13,0.0938577651977539
FRAG_NEG_trNEGATIVE56902_38_13,0.08776912093162537
FRAG_NEG_trNEGATIVE31811_48_13,0.08765144646167755
FRAG_NEG_trNEGATIVE58242_78_13,0.8364707231521606
FRAG_NEG_trNEGATIVE79610_25_13,0.02306313067674637
FRAG_NEG_trNEGATIVE60486_44_13,0.05017649382352829
FRAG_NEG_trNEGATIVE69392_59_13,0.24400345981121063
FRAG_NEG_trNEGATIVE68997_17_13,0.052133288234472275
FRAG_NEG_trNEGATIVE62371_17_13,0.028353668749332428
FRAG_NEG_trNEGATIVE96305_37_13,0.0436551608145237
FRAG_NEG_trNEGATIVE28417_47_13,0.019412530586123466
FRAG_NEG_trNEGATIVE79482_29_13,0.062238384038209915
FRAG_NEG_trNEGATIVE53731_21_13,0.20189742743968964
FRAG_NEG_trNEGATIVE34791_38_13,0.015929391607642174
FRAG_NEG_trNEGATIVE91861_29_13,0.07028303295373917
FRAG_NEG_trNEGATIVE78195_58_13,0.34271112084388733
FRAG_NEG_trNEGATIVE95098_63_13,0.03529936447739601
FRAG_NEG_trNEGATIVE86962_0_13,0.016143161803483963
FRAG_NEG_trNEGATIVE97179_32_13,0.871921956539154
FRAG_NEG_trNEGATIVE93508_45_13,0.07184640318155289
FRAG_NEG_trNEGATIVE35130_85_13,0.02357647381722927
FRAG_NEG_trNEGATIVE45060_63_13,0.1424201875925064
FRAG_NEG_trNEGATIVE91682_1_13,0.15955446660518646
FRAG_NEG_trNEGATIVE67125_10_13,0.08446837961673737
FRAG_NEG_trNEGATIVE68972_15_13,0.06906364858150482
FRAG_NEG_trNEGATIVE31855_37_13,0.08888557553291321
FRAG_NEG_trNEGATIVE95155_20_13,0.030831770971417427
FRAG_NEG_trNEGATIVE54679_70_13,0.019319863989949226
FRAG_NEG_trNEGATIVE66415_67_13,0.014958505518734455
FRAG_NEG_trNEGATIVE46897_38_13,0.25542446970939636
FRAG_NEG_trNEGATIVE44859_46_13,0.049828480929136276
FRAG_NEG_trNEGATIVE68242_78_13,0.04295804351568222
FRAG_NEG_trNEGATIVE44054_8_13,0.06081271544098854
FRAG_NEG_trNEGATIVE47424_2_13,0.23972396552562714
FRAG_NEG_trNEGATIVE91415_1_13,0.21086016297340393
FRAG_NEG_trNEGATIVE40533_36_13,0.028753379359841347
FRAG_NEG_trNEGATIVE94442_49_13,0.10223162919282913
FRAG_NEG_trNEGATIVE31391_52_13,0.02370861917734146
FRAG_NEG_trNEGATIVE88906_31_13,0.014146008528769016
FRAG_NEG_trNEGATIVE43378_33_13,0.10657505691051483
FRAG_NEG_trNEGATIVE91947_0_13,0.05708589777350426
FRAG_NEG_trNEGATIVE33805_40_13,0.014161798171699047
FRAG_NEG_trNEGATIVE95861_35_13,0.22069962322711945
FRAG_NEG_trNEGATIVE34022_25_13,0.02922910265624523
FRAG_NEG_trNEGATIVE72233_27_13,0.03305280953645706
FRAG_NEG_trNEGATIVE60600_42_13,0.11250905692577362
FRAG_NEG_trNEGATIVE87243_23_13,0.038134679198265076
FRAG_NEG_trNEGATIVE55271_29_13,0.03191986680030823
FRAG_NEG_trNEGATIVE46929_32_13,0.14788246154785156
FRAG_NEG_trNEGATIVE70218_28_13,0.03189521282911301
FRAG_NEG_trNEGATIVE50330_6_13,0.02396571636199951
FRAG_NEG_trNEGATIVE50700_36_13,0.4534798562526703
FRAG_NEG_trNEGATIVE70177_70_13,0.12647978961467743
FRAG_NEG_trNEGATIVE95321_13_13,0.01698482409119606
FRAG_NEG_trNEGATIVE50422_48_13,0.05541644245386124
FRAG_NEG_trNEGATIVE53259_22_13,0.044362254440784454
FRAG_NEG_trNEGATIVE46423_9_13,0.3489406108856201
FRAG_NEG_trNEGATIVE94119_3_13,0.04050085321068764
FRAG_NEG_trNEGATIVE42955_59_13,0.05624280124902725
FRAG_NEG_trNEGATIVE78873_13_13,0.08105181157588959
FRAG_NEG_trNEGATIVE27714_75_13,0.04416147619485855
FRAG_NEG_trNEGATIVE91481_65_13,0.11458991467952728
FRAG_NEG_trNEGATIVE64287_31_13,0.021325314417481422
FRAG_NEG_trNEGATIVE58387_1_13,0.09426188468933105
FRAG_NEG_trNEGATIVE71752_14_13,0.8183774352073669
FRAG_NEG_trNEGATIVE73152_19_13,0.04718882218003273
FRAG_NEG_trNEGATIVE58904_28_13,0.02141282893717289
FRAG_NEG_trNEGATIVE82168_35_13,0.021162893623113632
FRAG_NEG_trNEGATIVE86436_83_13,0.061415545642375946
FRAG_NEG_trNEGATIVE38842_59_13,0.015055662021040916
FRAG_NEG_trNEGATIVE39316_56_13,0.6135798692703247
FRAG_NEG_trNEGATIVE73951_41_13,0.37838900089263916
FRAG_NEG_trNEGATIVE79579_10_13,0.473236620426178
FRAG_NEG_trNEGATIVE66390_71_13,0.1011095941066742
FRAG_NEG_trNEGATIVE66754_19_13,0.02169928327202797
FRAG_NEG_trNEGATIVE50224_21_13,0.014864313416182995
FRAG_NEG_trNEGATIVE62716_61_13,0.03767087683081627
FRAG_NEG_trNEGATIVE91520_30_13,0.6485142707824707
FRAG_NEG_trNEGATIVE28791_11_13,0.014396896585822105
FRAG_NEG_trNEGATIVE83785_25_13,0.07085704803466797
FRAG_NEG_trNEGATIVE37545_11_13,0.06045523285865784
FRAG_NEG_trNEGATIVE51108_12_13,0.30447882413864136
FRAG_NEG_trNEGATIVE59284_32_13,0.03369627892971039
FRAG_NEG_trNEGATIVE76289_79_13,0.03716180473566055
FRAG_NEG_trNEGATIVE35918_32_13,0.02091805823147297
FRAG_NEG_trNEGATIVE97534_29_13,0.14681895077228546
FRAG_NEG_trNEGATIVE52621_61_13,0.04100431874394417
FRAG_NEG_trNEGATIVE40567_22_13,0.04544258490204811
FRAG_NEG_trNEGATIVE30173_5_13,0.03097633831202984
FRAG_NEG_trNEGATIVE86183_16_13,0.30450597405433655
FRAG_NEG_trNEGATIVE46180_44_13,0.7660475373268127
FRAG_NEG_trNEGATIVE82585_38_13,0.9582406878471375
FRAG_NEG_trNEGATIVE85520_55_13,0.026026315987110138
FRAG_NEG_trNEGATIVE46941_54_13,0.8642421364784241
FRAG_NEG_trNEGATIVE56407_48_13,0.16026917099952698
FRAG_NEG_trNEGATIVE63375_14_13,0.049707841128110886
FRAG_NEG_trNEGATIVE80302_31_13,0.08825784921646118
FRAG_NEG_trNEGATIVE62352_19_13,0.03634054586291313
FRAG_NEG_trNEGATIVE56067_6_13,0.9472788572311401
FRAG_NEG_trNEGATIVE85152_43_13,0.11561759561300278
FRAG_NEG_trNEGATIVE90045_47_13,0.042749013751745224
FRAG_NEG_trNEGATIVE57852_69_13,0.028937123715877533
FRAG_NEG_trNEGATIVE80548_8_13,0.025613997131586075
FRAG_NEG_trNEGATIVE92362_68_13,0.08058921247720718
FRAG_NEG_trNEGATIVE56227_14_13,0.025501852855086327
FRAG_NEG_trNEGATIVE47562_34_13,0.015995856374502182
FRAG_NEG_trNEGATIVE57053_52_13,0.01672286167740822
FRAG_NEG_trNEGATIVE87117_71_13,0.5312376618385315
FRAG_NEG_trNEGATIVE67992_3_13,0.06355060636997223
FRAG_NEG_trNEGATIVE86955_13_13,0.07687029242515564
FRAG_NEG_trNEGATIVE49625_51_13,0.025820447131991386
FRAG_NEG_trNEGATIVE34855_16_13,0.024840492755174637
FRAG_NEG_trNEGATIVE52953_63_13,0.09765297174453735
FRAG_NEG_trNEGATIVE90663_63_13,0.46898120641708374
FRAG_NEG_trNEGATIVE45635_32_13,0.03458013758063316
FRAG_NEG_trNEGATIVE93762_24_13,0.15043458342552185
FRAG_NEG_trNEGATIVE69971_71_13,0.01685131900012493
FRAG_NEG_trNEGATIVE85704_28_13,0.0798148587346077
FRAG_NEG_trNEGATIVE63744_30_13,0.22608058154582977
FRAG_NEG_trNEGATIVE83814_29_13,0.08028212934732437
FRAG_NEG_trNEGATIVE65258_10_13,0.1437707394361496
FRAG_NEG_trNEGATIVE62791_20_13,0.01907970942556858
FRAG_NEG_trNEGATIVE74943_14_13,0.07390666753053665
FRAG_NEG_trNEGATIVE37284_64_13,0.11075384169816971
FRAG_NEG_trNEGATIVE82781_74_13,0.048601362854242325
FRAG_NEG_trNEGATIVE69430_41_13,0.043651971966028214
FRAG_NEG_trNEGATIVE52522_43_13,0.029489053413271904
FRAG_NEG_trNEGATIVE82387_37_13,0.24628861248493195
FRAG_NEG_trNEGATIVE94232_68_13,0.04811573773622513
FRAG_NEG_trNEGATIVE50481_19_13,0.02255553938448429
FRAG_NEG_trNEGATIVE86220_28_13,0.0371161587536335
FRAG_NEG_trNEGATIVE51403_61_13,0.07199499011039734
FRAG_NEG_trNEGATIVE41853_0_13,0.051951684057712555
FRAG_NEG_trNEGATIVE36087_34_13,0.046594616025686264
FRAG_NEG_trNEGATIVE56300_0_13,0.018641240894794464
FRAG_NEG_trNEGATIVE40665_15_13,0.03959051892161369
FRAG_NEG_trNEGATIVE68016_8_13,0.04209945723414421
FRAG_NEG_trNEGATIVE73432_36_13,0.7702904343605042
FRAG_NEG_trNEGATIVE66036_55_13,0.016434768214821815
FRAG_NEG_trNEGATIVE74148_58_13,0.03401804342865944
FRAG_NEG_trNEGATIVE36338_27_13,0.0828765332698822
FRAG_NEG_trNEGATIVE48025_14_13,0.02682100236415863
FRAG_NEG_trNEGATIVE65364_77_13,0.03427739068865776
FRAG_NEG_trNEGATIVE64361_39_13,0.49990570545196533
FRAG_NEG_trNEGATIVE48453_13_13,0.9329327344894409
FRAG_NEG_trNEGATIVE38660_39_13,0.10272864997386932
FRAG_NEG_trNEGATIVE74351_46_13,0.05822756513953209
FRAG_NEG_trNEGATIVE96978_17_13,0.09366034716367722
FRAG_NEG_trNEGATIVE91130_43_13,0.3731018602848053
FRAG_NEG_trNEGATIVE52066_50_13,0.028152812272310257
FRAG_NEG_trNEGATIVE68829_32_13,0.01808352582156658
FRAG_NEG_trNEGATIVE88393_35_13,0.5698742270469666
FRAG_NEG_trNEGATIVE89774_58_13,0.15752355754375458
FRAG_NEG_trNEGATIVE77575_11_13,0.023669825866818428
FRAG_NEG_trNEGATIVE44002_27_13,0.07089222967624664
FRAG_NEG_trNEGATIVE85755_23_13,0.021340761333703995
FRAG_NEG_trNEGATIVE41469_13_13,0.08317085355520248
FRAG_NEG_trNEGATIVE57277_51_13,0.40554073452949524
FRAG_NEG_trNEGATIVE64620_63_13,0.09280010312795639
FRAG_NEG_trNEGATIVE80564_45_13,0.17259125411510468
FRAG_NEG_trNEGATIVE51856_20_13,0.051262762397527695
FRAG_NEG_trNEGATIVE65400_68_13,0.013829738833010197
FRAG_NEG_trNEGATIVE90312_40_13,0.282404363155365
FRAG_NEG_trNEGATIVE59021_31_13,0.02948826178908348
FRAG_NEG_trNEGATIVE57482_8_13,0.11147350072860718
FRAG_NEG_trNEGATIVE86415_0_13,0.01992127113044262
FRAG_NEG_trNEGATIVE54877_48_13,0.013006373308598995
FRAG_NEG_trNEGATIVE50997_37_13,0.4365219473838806
FRAG_NEG_trNEGATIVE69210_28_13,0.23241063952445984
FRAG_NEG_trNEGATIVE42731_36_13,0.04249941557645798
FRAG_NEG_trNEGATIVE33791_49_13,0.07850974053144455
FRAG_NEG_trNEGATIVE51108_47_13,0.023522082716226578
FRAG_NEG_trNEGATIVE67754_25_13,0.9613245725631714
FRAG_NEG_trNEGATIVE32165_55_13,0.024896178394556046
FRAG_NEG_trNEGATIVE79963_13_13,0.9707875847816467
FRAG_NEG_trNEGATIVE68483_43_13,0.022057853639125824
FRAG_NEG_trNEGATIVE65678_51_13,0.0441192202270031
FRAG_NEG_trNEGATIVE61615_29_13,0.0640474259853363
FRAG_NEG_trNEGATIVE43893_3_13,0.03364136070013046
FRAG_NEG_trNEGATIVE80677_31_13,0.014126656576991081
FRAG_NEG_trNEGATIVE31674_6_13,0.16748236119747162
FRAG_NEG_trNEGATIVE40259_18_13,0.018747501075267792
FRAG_NEG_trNEGATIVE91401_17_13,0.13437029719352722
FRAG_NEG_trNEGATIVE31836_12_13,0.012294908054172993
FRAG_NEG_trNEGATIVE87853_42_13,0.1080765426158905
FRAG_NEG_trNEGATIVE44337_25_13,0.019474836066365242
FRAG_NEG_trNEGATIVE77005_56_13,0.01607360877096653
FRAG_NEG_trNEGATIVE70378_47_13,0.594133198261261
FRAG_NEG_trNEGATIVE86732_66_13,0.03776780143380165
FRAG_NEG_trNEGATIVE68783_31_13,0.47665050625801086
FRAG_NEG_trNEGATIVE57038_8_13,0.5033508539199829
FRAG_NEG_trNEGATIVE39714_14_13,0.09823525696992874
FRAG_NEG_trNEGATIVE93021_20_13,0.021113697439432144
FRAG_NEG_trNEGATIVE68298_28_13,0.029627470299601555
FRAG_NEG_trNEGATIVE44821_16_13,0.2660265266895294
FRAG_NEG_trNEGATIVE60805_26_13,0.02005702815949917
FRAG_NEG_trNEGATIVE76469_22_13,0.1461956799030304
FRAG_NEG_trNEGATIVE50386_64_13,0.048475492745637894
FRAG_NEG_trNEGATIVE36412_29_13,0.06975210458040237
FRAG_NEG_trNEGATIVE46190_71_13,0.3159739077091217
FRAG_NEG_trNEGATIVE70934_32_13,0.02649318054318428
FRAG_NEG_trNEGATIVE92572_50_13,0.05525520443916321
FRAG_NEG_trNEGATIVE69389_10_13,0.01854124665260315
FRAG_NEG_trNEGATIVE51356_6_13,0.06802141666412354
FRAG_NEG_trNEGATIVE49102_36_13,0.026661502197384834
FRAG_NEG_trNEGATIVE77913_67_13,0.02541632018983364
FRAG_NEG_trNEGATIVE94016_6_13,0.8251087069511414
FRAG_NEG_trNEGATIVE64122_55_13,0.1473502367734909
FRAG_NEG_trNEGATIVE55385_11_13,0.08580367267131805
FRAG_NEG_trNEGATIVE45899_3_13,0.1490865796804428
FRAG_NEG_trNEGATIVE52139_22_13,0.04791085794568062
FRAG_NEG_trNEGATIVE42392_54_13,0.12371605634689331
FRAG_NEG_trNEGATIVE74463_18_13,0.05576736107468605
FRAG_NEG_trNEGATIVE33198_7_13,0.25903841853141785
FRAG_NEG_trNEGATIVE91297_36_13,0.0799538865685463
FRAG_NEG_trNEGATIVE54015_22_13,0.07548744231462479
FRAG_NEG_trNEGATIVE30057_53_13,0.21867039799690247
FRAG_NEG_trNEGATIVE90804_12_13,0.018527843058109283
FRAG_NEG_trNEGATIVE96352_35_13,0.06476511806249619
FRAG_NEG_trNEGATIVE65342_3_13,0.4548257887363434
FRAG_NEG_trNEGATIVE38687_11_13,0.027910616248846054
FRAG_NEG_trNEGATIVE41232_23_13,0.11744184046983719
FRAG_NEG_trNEGATIVE84633_35_13,0.07007399201393127
FRAG_NEG_trNEGATIVE84830_8_13,0.01819721795618534
FRAG_NEG_trNEGATIVE66626_29_13,0.7836762070655823
FRAG_NEG_trNEGATIVE36834_14_13,0.024254504591226578
FRAG_NEG_trNEGATIVE80890_30_13,0.01751178875565529
FRAG_NEG_trNEGATIVE45105_10_13,0.06902772188186646
FRAG_NEG_trNEGATIVE84350_12_13,0.08736760914325714
FRAG_NEG_trNEGATIVE78359_6_13,0.04886338487267494
FRAG_NEG_trNEGATIVE41646_17_13,0.02212601713836193
FRAG_NEG_trNEGATIVE90468_8_13,0.030787548050284386
FRAG_NEG_trNEGATIVE70642_3_13,0.016684867441654205
FRAG_NEG_trNEGATIVE63742_26_13,0.33556878566741943
FRAG_NEG_trNEGATIVE84767_28_13,0.028926488012075424
FRAG_NEG_trNEGATIVE66497_43_13,0.029200194403529167
FRAG_NEG_trNEGATIVE34916_69_13,0.08825342357158661
FRAG_NEG_trNEGATIVE74726_47_13,0.01996767148375511
FRAG_NEG_trNEGATIVE72212_34_13,0.0608956441283226
FRAG_NEG_trNEGATIVE94855_9_13,0.08945663273334503
FRAG_NEG_trNEGATIVE40716_2_13,0.3103180527687073
FRAG_NEG_trNEGATIVE67079_22_13,0.85715252161026
FRAG_NEG_trNEGATIVE86750_13_13,0.03974005952477455
FRAG_NEG_trNEGATIVE62646_35_13,0.37029194831848145
FRAG_NEG_trNEGATIVE33573_11_13,0.06969975680112839
FRAG_NEG_trNEGATIVE61846_13_13,0.033213261514902115
FRAG_NEG_trNEGATIVE43465_48_13,0.031427450478076935
FRAG_NEG_trNEGATIVE76435_69_13,0.0211245846003294
FRAG_NEG_trNEGATIVE92517_13_13,0.03460361436009407
FRAG_NEG_trNEGATIVE47256_9_13,0.2036600410938263
FRAG_NEG_trNEGATIVE38628_6_13,0.026644065976142883
FRAG_NEG_trNEGATIVE42479_10_13,0.8479381203651428
FRAG_NEG_trNEGATIVE36269_39_13,0.030093178153038025
FRAG_NEG_trNEGATIVE51257_43_13,0.041986312717199326
FRAG_NEG_trNEGATIVE73433_8_13,0.04077750816941261
FRAG_NEG_trNEGATIVE90222_6_13,0.02327662706375122
FRAG_NEG_trNEGATIVE90812_36_13,0.018586646765470505
FRAG_NEG_trNEGATIVE81491_6_13,0.012617058120667934
FRAG_NEG_trNEGATIVE74817_17_13,0.039844539016485214
FRAG_NEG_trNEGATIVE55526_11_13,0.026532774791121483
FRAG_NEG_trNEGATIVE54828_29_13,0.12314291298389435
FRAG_NEG_trNEGATIVE60182_20_13,0.017931587994098663
FRAG_NEG_trNEGATIVE90687_39_13,0.02147808112204075
FRAG_NEG_trNEGATIVE50917_65_13,0.319084495306015
FRAG_NEG_trNEGATIVE79327_53_13,0.06284996122121811
FRAG_NEG_trNEGATIVE96265_68_13,0.23357200622558594
FRAG_NEG_trNEGATIVE80654_2_13,0.08719958364963531
FRAG_NEG_trNEGATIVE96062_18_13,0.394937664270401
FRAG_NEG_trNEGATIVE39254_19_13,0.0715908482670784
FRAG_NEG_trNEGATIVE50009_3_13,0.25290411710739136
FRAG_NEG_trNEGATIVE89623_9_13,0.050412897020578384
FRAG_NEG_trNEGATIVE80455_14_13,0.047302257269620895
FRAG_NEG_trNEGATIVE69162_60_13,0.07130692899227142
FRAG_NEG_trNEGATIVE92408_31_13,0.03927337005734444
FRAG_NEG_trNEGATIVE81756_13_13,0.07551996409893036
FRAG_NEG_trNEGATIVE31256_37_13,0.021239060908555984
FRAG_NEG_trNEGATIVE96694_12_13,0.20330724120140076
FRAG_NEG_trNEGATIVE54736_36_13,0.2429143488407135
FRAG_NEG_trNEGATIVE62766_30_13,0.028900032863020897
FRAG_NEG_trNEGATIVE62725_79_13,0.08256395161151886
FRAG_NEG_trNEGATIVE74350_37_13,0.016758078709244728
FRAG_NEG_trNEGATIVE44503_15_13,0.15118615329265594
FRAG_NEG_trNEGATIVE71446_14_13,0.038904547691345215
FRAG_NEG_trNEGATIVE34235_36_13,0.022221112623810768
FRAG_NEG_trNEGATIVE75479_54_13,0.017387285828590393
FRAG_NEG_trNEGATIVE30265_57_13,0.033117394894361496
FRAG_NEG_trNEGATIVE41486_20_13,0.38831010460853577
FRAG_NEG_trNEGATIVE35293_10_13,0.0952921211719513
FRAG_NEG_trNEGATIVE61999_22_13,0.9070481061935425
FRAG_NEG_trNEGATIVE43934_9_13,0.2442624717950821
FRAG_NEG_trNEGATIVE69222_9_13,0.02027975395321846
FRAG_NEG_trNEGATIVE41659_18_13,0.20586606860160828
FRAG_NEG_trNEGATIVE35400_52_13,0.21798856556415558
FRAG_NEG_trNEGATIVE51236_30_13,0.02641104720532894
FRAG_NEG_trNEGATIVE84557_10_13,0.07135188579559326
FRAG_NEG_trNEGATIVE53308_65_13,0.022265955805778503
FRAG_NEG_trNEGATIVE77036_67_13,0.027576668187975883
FRAG_NEG_trNEGATIVE56432_72_13,0.04660043120384216
FRAG_NEG_trNEGATIVE59217_23_13,0.12274899333715439
FRAG_NEG_trNEGATIVE50559_18_13,0.9654186367988586
FRAG_NEG_trNEGATIVE92373_44_13,0.12060631066560745
FRAG_NEG_trNEGATIVE57371_39_13,0.02407846786081791
FRAG_NEG_trNEGATIVE59543_31_13,0.16414643824100494
FRAG_NEG_trNEGATIVE55633_45_13,0.6234598755836487
FRAG_NEG_trNEGATIVE44974_5_13,0.013556108810007572
FRAG_NEG_trNEGATIVE61923_32_13,0.2000846266746521
FRAG_NEG_trNEGATIVE54488_28_13,0.08441627025604248
FRAG_NEG_trNEGATIVE34588_25_13,0.03161263465881348
FRAG_NEG_trNEGATIVE94008_41_13,0.024697106331586838
FRAG_NEG_trNEGATIVE80927_6_13,0.09807123988866806
FRAG_NEG_trNEGATIVE29363_9_13,0.014078366570174694
FRAG_NEG_trNEGATIVE27502_6_13,0.027637286111712456
FRAG_NEG_trNEGATIVE39971_5_13,0.07580788433551788
FRAG_NEG_trNEGATIVE39947_39_13,0.02478255145251751
FRAG_NEG_trNEGATIVE76552_8_13,0.16346672177314758
FRAG_NEG_trNEGATIVE97053_8_13,0.30252817273139954
FRAG_NEG_trNEGATIVE67623_2_13,0.02466798759996891
FRAG_NEG_trNEGATIVE43048_24_13,0.02559875324368477
FRAG_NEG_trNEGATIVE61576_42_13,0.03497127443552017
FRAG_NEG_trNEGATIVE43416_8_13,0.01766268163919449
FRAG_NEG_trNEGATIVE29851_45_13,0.051875077188014984
FRAG_NEG_trNEGATIVE74177_7_13,0.05847706273198128
FRAG_NEG_trNEGATIVE91453_6_13,0.1444176733493805
FRAG_NEG_trNEGATIVE82897_51_13,0.11231541633605957
FRAG_NEG_trNEGATIVE30011_41_13,0.03661420941352844
FRAG_NEG_trNEGATIVE63840_36_13,0.03871670737862587
FRAG_NEG_trNEGATIVE70705_63_13,0.1978198140859604
FRAG_NEG_trNEGATIVE88124_37_13,0.08716055750846863
FRAG_NEG_trNEGATIVE49023_33_13,0.04882631078362465
FRAG_NEG_trNEGATIVE61502_33_13,0.025975193828344345
FRAG_NEG_trNEGATIVE84945_4_13,0.05886508896946907
FRAG_NEG_trNEGATIVE63424_3_13,0.3326752781867981
FRAG_NEG_trNEGATIVE91266_16_13,0.25090575218200684
FRAG_NEG_trNEGATIVE57134_52_13,0.1916274130344391
FRAG_NEG_trNEGATIVE46423_1_13,0.19125927984714508
FRAG_NEG_trNEGATIVE35447_30_13,0.06242746114730835
FRAG_NEG_trNEGATIVE38711_7_13,0.07105398923158646
FRAG_NEG_trNEGATIVE59820_21_13,0.04219122603535652
FRAG_NEG_trNEGATIVE90484_12_14,0.10265891253948212
FRAG_NEG_trNEGATIVE66410_55_14,0.03870396688580513
FRAG_NEG_trNEGATIVE97267_1_14,0.5597578287124634
FRAG_NEG_trNEGATIVE67719_31_14,0.028065498918294907
FRAG_NEG_trNEGATIVE81410_0_14,0.20523576438426971
FRAG_NEG_trNEGATIVE60410_71_14,0.6078693866729736
FRAG_NEG_trNEGATIVE54689_9_14,0.1025419607758522
FRAG_NEG_trNEGATIVE76091_82_14,0.17493587732315063
FRAG_NEG_trNEGATIVE59957_26_14,0.05129176378250122
FRAG_NEG_trNEGATIVE60363_6_14,0.025105731561779976
FRAG_NEG_trNEGATIVE68549_60_14,0.42834529280662537
FRAG_NEG_trNEGATIVE84856_34_14,0.03663560748100281
FRAG_NEG_trNEGATIVE89096_5_14,0.718649685382843
FRAG_NEG_trNEGATIVE79162_32_14,0.013764357194304466
FRAG_NEG_trNEGATIVE87547_32_14,0.04583165422081947
FRAG_NEG_trNEGATIVE80746_19_14,0.02471686527132988
FRAG_NEG_trNEGATIVE81670_4_14,0.01942054182291031
FRAG_NEG_trNEGATIVE27986_64_14,0.28452998399734497
FRAG_NEG_trNEGATIVE50779_73_14,0.11903107166290283
FRAG_NEG_trNEGATIVE30011_57_14,0.06385691463947296
FRAG_NEG_trNEGATIVE74365_8_14,0.25789162516593933
FRAG_NEG_trNEGATIVE92377_24_14,0.043417271226644516
FRAG_NEG_trNEGATIVE75344_43_14,0.10764825344085693
FRAG_NEG_trNEGATIVE72289_13_14,0.05711943656206131
FRAG_NEG_trNEGATIVE59493_32_14,0.0343329943716526
FRAG_NEG_trNEGATIVE40742_25_14,0.02632778137922287
FRAG_NEG_trNEGATIVE73890_32_14,0.022058961912989616
FRAG_NEG_trNEGATIVE31948_37_14,0.4639787971973419
FRAG_NEG_trNEGATIVE28617_44_14,0.6100289225578308
FRAG_NEG_trNEGATIVE45643_29_14,0.12061215937137604
FRAG_NEG_trNEGATIVE27835_10_14,0.6289246678352356
FRAG_NEG_trNEGATIVE79021_64_14,0.026439126580953598
FRAG_NEG_trNEGATIVE53618_25_14,0.03447030484676361
FRAG_NEG_trNEGATIVE40837_23_14,0.2192189246416092
FRAG_NEG_trNEGATIVE52041_7_14,0.05894913151860237
FRAG_NEG_trNEGATIVE61615_10_14,0.06729327887296677
FRAG_NEG_trNEGATIVE40451_11_14,0.03371754661202431
FRAG_NEG_trNEGATIVE41012_35_14,0.01956266537308693
FRAG_NEG_trNEGATIVE63907_6_14,0.021608123555779457
FRAG_NEG_trNEGATIVE71991_24_14,0.029874853789806366
FRAG_NEG_trNEGATIVE96319_42_14,0.042775850743055344
FRAG_NEG_trNEGATIVE84888_72_14,0.027622085064649582
FRAG_NEG_trNEGATIVE29147_3_14,0.17000500857830048
FRAG_NEG_trNEGATIVE87083_37_14,0.07123333215713501
FRAG_NEG_trNEGATIVE68829_18_14,0.0643211156129837
FRAG_NEG_trNEGATIVE28334_3_14,0.29805219173431396
FRAG_NEG_trNEGATIVE68825_55_14,0.015670958906412125
FRAG_NEG_trNEGATIVE96145_73_14,0.025104880332946777
FRAG_NEG_trNEGATIVE28508_46_14,0.13973164558410645
FRAG_NEG_trNEGATIVE42965_35_14,0.2629934251308441
FRAG_NEG_trNEGATIVE89785_82_14,0.023979552090168
FRAG_NEG_trNEGATIVE85841_28_14,0.03314312547445297
FRAG_NEG_trNEGATIVE56490_17_14,0.13615088164806366
FRAG_NEG_trNEGATIVE68369_33_14,0.5848235487937927
FRAG_NEG_trNEGATIVE40331_52_14,0.024529095739126205
FRAG_NEG_trNEGATIVE59177_27_14,0.11513642966747284
FRAG_NEG_trNEGATIVE74436_17_14,0.029433930292725563
FRAG_NEG_trNEGATIVE38038_34_14,0.9662438035011292
FRAG_NEG_trNEGATIVE67903_16_14,0.8997050523757935
FRAG_NEG_trNEGATIVE79317_14_14,0.03544706851243973
FRAG_NEG_trNEGATIVE36696_31_14,0.029588639736175537
FRAG_NEG_trNEGATIVE44210_12_14,0.05969534069299698
FRAG_NEG_trNEGATIVE31683_38_14,0.04608940705657005
FRAG_NEG_trNEGATIVE97325_51_14,0.013921048492193222
FRAG_NEG_trNEGATIVE86955_16_14,0.021107692271471024
FRAG_NEG_trNEGATIVE53486_50_14,0.09294872730970383
FRAG_NEG_trNEGATIVE36180_19_14,0.037694040685892105
FRAG_NEG_trNEGATIVE86282_25_14,0.149727925658226
FRAG_NEG_trNEGATIVE42246_0_14,0.32044827938079834
FRAG_NEG_trNEGATIVE27794_1_14,0.028765302151441574
FRAG_NEG_trNEGATIVE69028_62_14,0.04550313204526901
FRAG_NEG_trNEGATIVE37553_27_14,0.32342129945755005
FRAG_NEG_trNEGATIVE70706_73_14,0.24090346693992615
FRAG_NEG_trNEGATIVE40715_51_14,0.11780343949794769
FRAG_NEG_trNEGATIVE87887_23_14,0.017911380156874657
FRAG_NEG_trNEGATIVE52522_25_14,0.09696224331855774
FRAG_NEG_trNEGATIVE94818_21_14,0.906767725944519
FRAG_NEG_trNEGATIVE58867_39_14,0.054824620485305786
FRAG_NEG_trNEGATIVE97300_49_14,0.04753222316503525
FRAG_NEG_trNEGATIVE35611_56_14,0.565421462059021
FRAG_NEG_trNEGATIVE49755_24_14,0.19526812434196472
FRAG_NEG_trNEGATIVE96717_58_14,0.3830181956291199
FRAG_NEG_trNEGATIVE74447_18_14,0.3521466851234436
FRAG_NEG_trNEGATIVE65196_15_14,0.02818216010928154
FRAG_NEG_trNEGATIVE30923_17_14,0.01832202821969986
FRAG_NEG_trNEGATIVE84293_40_14,0.04474214091897011
FRAG_NEG_trNEGATIVE90980_64_14,0.6417286992073059
FRAG_NEG_trNEGATIVE69210_19_14,0.07941380888223648
FRAG_NEG_trNEGATIVE95235_45_14,0.18103785812854767
FRAG_NEG_trNEGATIVE39632_2_14,0.8008582592010498
FRAG_NEG_trNEGATIVE65942_8_14,0.22670099139213562
FRAG_NEG_trNEGATIVE30703_54_14,0.3922761082649231
FRAG_NEG_trNEGATIVE35346_2_14,0.020959552377462387
FRAG_NEG_trNEGATIVE74362_42_14,0.01935213804244995
FRAG_NEG_trNEGATIVE45049_23_14,0.3496205508708954
FRAG_NEG_trNEGATIVE55118_28_14,0.019764937460422516
FRAG_NEG_trNEGATIVE56201_24_14,0.5690075159072876
FRAG_NEG_trNEGATIVE84942_10_14,0.06673742830753326
FRAG_NEG_trNEGATIVE50740_39_14,0.062375813722610474
FRAG_NEG_trNEGATIVE28350_48_14,0.05175500363111496
FRAG_NEG_trNEGATIVE74918_31_14,0.03996947035193443
FRAG_NEG_trNEGATIVE61181_9_14,0.06087471544742584
FRAG_NEG_trNEGATIVE41475_75_14,0.02773813158273697
FRAG_NEG_trNEGATIVE57412_4_14,0.020163314417004585
FRAG_NEG_trNEGATIVE68895_21_14,0.0387767069041729
FRAG_NEG_trNEGATIVE45983_25_14,0.014599431306123734
FRAG_NEG_trNEGATIVE66632_71_14,0.35241633653640747
FRAG_NEG_trNEGATIVE40567_59_14,0.025419535115361214
FRAG_NEG_trNEGATIVE91227_29_14,0.4377685487270355
FRAG_NEG_trNEGATIVE59479_34_14,0.3672989308834076
FRAG_NEG_trNEGATIVE78280_4_14,0.6164896488189697
FRAG_NEG_trNEGATIVE61755_64_14,0.038561951369047165
FRAG_NEG_trNEGATIVE36370_8_14,0.43820303678512573
FRAG_NEG_trNEGATIVE90639_20_14,0.062247321009635925
FRAG_NEG_trNEGATIVE46203_13_14,0.017821015790104866
FRAG_NEG_trNEGATIVE44734_58_14,0.0324367880821228
FRAG_NEG_trNEGATIVE88112_54_14,0.019728025421500206
FRAG_NEG_trNEGATIVE57399_3_14,0.1734180897474289
FRAG_NEG_trNEGATIVE64234_19_14,0.010544010438024998
FRAG_NEG_trNEGATIVE71491_46_14,0.12027241289615631
FRAG_NEG_trNEGATIVE57900_29_14,0.08345694839954376
FRAG_NEG_trNEGATIVE69390_48_14,0.03716554492712021
FRAG_NEG_trNEGATIVE89334_38_14,0.14586599171161652
FRAG_NEG_trNEGATIVE43347_9_14,0.3631709814071655
FRAG_NEG_trNEGATIVE66730_44_14,0.3901000916957855
FRAG_NEG_trNEGATIVE52118_5_14,0.23317556083202362
FRAG_NEG_trNEGATIVE84715_31_14,0.33839869499206543
FRAG_NEG_trNEGATIVE95312_14_14,0.19186893105506897
FRAG_NEG_trNEGATIVE39947_37_14,0.016105791553854942
FRAG_NEG_trNEGATIVE60231_16_14,0.06606639921665192
FRAG_NEG_trNEGATIVE58984_14_14,0.01625329814851284
FRAG_NEG_trNEGATIVE87090_32_14,0.19483265280723572
FRAG_NEG_trNEGATIVE46248_6_14,0.06661082059144974
FRAG_NEG_trNEGATIVE56929_43_14,0.37815314531326294
FRAG_NEG_trNEGATIVE66120_43_14,0.07428378611803055
FRAG_NEG_trNEGATIVE48124_85_14,0.0332554429769516
FRAG_NEG_trNEGATIVE56576_33_14,0.4641953706741333
FRAG_NEG_trNEGATIVE75339_10_14,0.05157656595110893
FRAG_NEG_trNEGATIVE88310_36_14,0.052579376846551895
FRAG_NEG_trNEGATIVE75792_34_14,0.03874485194683075
FRAG_NEG_trNEGATIVE67063_53_14,0.7290851473808289
FRAG_NEG_trNEGATIVE48545_20_14,0.04807807505130768
FRAG_NEG_trNEGATIVE60264_3_14,0.019285541027784348
FRAG_NEG_trNEGATIVE37632_45_14,0.4231719672679901
FRAG_NEG_trNEGATIVE46297_24_14,0.04160928726196289
FRAG_NEG_trNEGATIVE81119_16_14,0.12375228852033615
FRAG_NEG_trNEGATIVE48904_82_14,0.0723285898566246
FRAG_NEG_trNEGATIVE67478_3_14,0.44553348422050476
FRAG_NEG_trNEGATIVE96717_16_14,0.320514976978302
FRAG_NEG_trNEGATIVE32775_16_14,0.9490492343902588
FRAG_NEG_trNEGATIVE67613_23_14,0.3164442777633667
FRAG_NEG_trNEGATIVE43153_19_14,0.5910594463348389
FRAG_NEG_trNEGATIVE79113_65_14,0.7879193425178528
FRAG_NEG_trNEGATIVE67550_7_14,0.015000072307884693
FRAG_NEG_trNEGATIVE41179_43_14,0.8665144443511963
FRAG_NEG_trNEGATIVE46541_55_14,0.9689188003540039
FRAG_NEG_trNEGATIVE41975_15_14,0.037860311567783356
FRAG_NEG_trNEGATIVE93526_11_14,0.9213719367980957
FRAG_NEG_trNEGATIVE82174_14_14,0.0228560920804739
FRAG_NEG_trNEGATIVE71545_6_14,0.1074388325214386
FRAG_NEG_trNEGATIVE68080_5_14,0.03900826722383499
FRAG_NEG_trNEGATIVE84468_20_14,0.05335775390267372
FRAG_NEG_trNEGATIVE73549_3_14,0.6506746411323547
FRAG_NEG_trNEGATIVE85227_31_14,0.04374342039227486
FRAG_NEG_trNEGATIVE51173_41_14,0.04316999018192291
FRAG_NEG_trNEGATIVE53121_20_14,0.02213750220835209
FRAG_NEG_trNEGATIVE59000_38_14,0.16201192140579224
FRAG_NEG_trNEGATIVE70420_14_14,0.02517455257475376
FRAG_NEG_trNEGATIVE45410_5_14,0.16260404884815216
FRAG_NEG_trNEGATIVE72127_37_14,0.1531420797109604
FRAG_NEG_trNEGATIVE81950_40_14,0.025628717616200447
FRAG_NEG_trNEGATIVE74123_7_14,0.09616345167160034
FRAG_NEG_trNEGATIVE74813_1_14,0.03442218899726868
FRAG_NEG_trNEGATIVE95270_22_14,0.09575950354337692
FRAG_NEG_trNEGATIVE65267_3_14,0.8044812679290771
FRAG_NEG_trNEGATIVE90528_48_14,0.15427076816558838
FRAG_NEG_trNEGATIVE67258_18_14,0.8913904428482056
FRAG_NEG_trNEGATIVE97554_2_14,0.03415604680776596
FRAG_NEG_trNEGATIVE84600_15_14,0.014311756938695908
FRAG_NEG_trNEGATIVE32308_4_14,0.03918209671974182
FRAG_NEG_trNEGATIVE43753_49_14,0.9739285111427307
FRAG_NEG_trNEGATIVE38121_25_14,0.026437852531671524
FRAG_NEG_trNEGATIVE89035_31_14,0.8573349714279175
FRAG_NEG_trNEGATIVE87228_16_14,0.017521535977721214
FRAG_NEG_trNEGATIVE42861_57_14,0.02509947307407856
FRAG_NEG_trNEGATIVE87419_24_14,0.04673394560813904
FRAG_NEG_trNEGATIVE57146_62_14,0.04257442057132721
FRAG_NEG_trNEGATIVE50386_38_14,0.3587064743041992
FRAG_NEG_trNEGATIVE76374_19_14,0.019901970401406288
FRAG_NEG_trNEGATIVE28784_31_14,0.03239651769399643
FRAG_NEG_trNEGATIVE27683_60_14,0.018452215939760208
FRAG_NEG_trNEGATIVE49686_37_14,0.10791444033384323
FRAG_NEG_trNEGATIVE34962_57_14,0.038893185555934906
FRAG_NEG_trNEGATIVE57041_18_14,0.6139687895774841
FRAG_NEG_trNEGATIVE60173_25_14,0.01702214777469635
FRAG_NEG_trNEGATIVE47104_32_14,0.04626534506678581
FRAG_NEG_trNEGATIVE62722_7_14,0.04740437492728233
FRAG_NEG_trNEGATIVE70166_42_14,0.09109372645616531
FRAG_NEG_trNEGATIVE93923_7_14,0.06464361399412155
FRAG_NEG_trNEGATIVE89605_63_14,0.07807078212499619
FRAG_NEG_trNEGATIVE39052_32_14,0.6553831100463867
FRAG_NEG_trNEGATIVE81668_79_14,0.02092948742210865
FRAG_NEG_trNEGATIVE41666_17_14,0.04202195256948471
FRAG_NEG_trNEGATIVE80219_27_14,0.22987918555736542
FRAG_NEG_trNEGATIVE77203_44_14,0.05416717007756233
FRAG_NEG_trNEGATIVE43562_66_14,0.09150338917970657
FRAG_NEG_trNEGATIVE48190_34_14,0.10595250874757767
FRAG_NEG_trNEGATIVE49461_4_14,0.21499431133270264
FRAG_NEG_trNEGATIVE36332_52_14,0.020698117092251778
FRAG_NEG_trNEGATIVE64185_6_14,0.21060258150100708
FRAG_NEG_trNEGATIVE87097_1_14,0.026635726913809776
FRAG_NEG_trNEGATIVE78381_15_14,0.10278722643852234
FRAG_NEG_trNEGATIVE89035_36_14,0.21472226083278656
FRAG_NEG_trNEGATIVE33867_11_14,0.19490747153759003
FRAG_NEG_trNEGATIVE89651_12_14,0.029365094378590584
FRAG_NEG_trNEGATIVE60068_31_14,0.03782402724027634
FRAG_NEG_trNEGATIVE31409_56_14,0.10806578397750854
FRAG_NEG_trNEGATIVE59177_46_14,0.35521790385246277
FRAG_NEG_trNEGATIVE67582_47_14,0.025948965921998024
FRAG_NEG_trNEGATIVE92309_63_14,0.050250548869371414
FRAG_NEG_trNEGATIVE43350_26_14,0.12753309309482574
FRAG_NEG_trNEGATIVE33853_14_14,0.019407901912927628
FRAG_NEG_trNEGATIVE57664_69_14,0.026957806199789047
FRAG_NEG_trNEGATIVE67531_28_14,0.013173711486160755
FRAG_NEG_trNEGATIVE46582_25_14,0.06284172087907791
FRAG_NEG_trNEGATIVE90109_41_14,0.2285333126783371
FRAG_NEG_trNEGATIVE66240_2_14,0.1476118266582489
FRAG_NEG_trNEGATIVE33087_41_14,0.24701464176177979
FRAG_NEG_trNEGATIVE63422_24_14,0.14970260858535767
FRAG_NEG_trNEGATIVE71369_9_14,0.0402805395424366
FRAG_NEG_trNEGATIVE27564_58_14,0.5530468225479126
FRAG_NEG_trNEGATIVE41041_22_14,0.04334082454442978
FRAG_NEG_trNEGATIVE57313_18_14,0.032175734639167786
FRAG_NEG_trNEGATIVE60312_68_14,0.0649593323469162
FRAG_NEG_trNEGATIVE94208_14_14,0.12498310208320618
FRAG_NEG_trNEGATIVE38548_19_14,0.13732227683067322
FRAG_NEG_trNEGATIVE73049_50_14,0.14540556073188782
FRAG_NEG_trNEGATIVE38243_39_14,0.04734938219189644
FRAG_NEG_trNEGATIVE82223_1_14,0.0683356374502182
FRAG_NEG_trNEGATIVE52108_27_14,0.225557342171669
FRAG_NEG_trNEGATIVE54736_8_14,0.28372305631637573
FRAG_NEG_trNEGATIVE83963_45_14,0.09020058810710907
FRAG_NEG_trNEGATIVE67856_20_14,0.05769754946231842
FRAG_NEG_trNEGATIVE63390_52_14,0.09150232374668121
FRAG_NEG_trNEGATIVE68331_14_14,0.027763795107603073
FRAG_NEG_trNEGATIVE97116_45_14,0.02714596316218376
FRAG_NEG_trNEGATIVE51121_51_14,0.5020283460617065
FRAG_NEG_trNEGATIVE69963_74_14,0.03529887646436691
FRAG_NEG_trNEGATIVE67653_4_14,0.04811524227261543
FRAG_NEG_trNEGATIVE70173_41_14,0.09008856117725372
FRAG_NEG_trNEGATIVE86670_9_14,0.23881138861179352
FRAG_NEG_trNEGATIVE75499_78_14,0.015856869518756866
FRAG_NEG_trNEGATIVE31172_30_14,0.021792447194457054
FRAG_NEG_trNEGATIVE57492_28_14,0.09811434149742126
FRAG_NEG_trNEGATIVE67073_50_14,0.2055516391992569
FRAG_NEG_trNEGATIVE82564_31_14,0.012673228979110718
FRAG_NEG_trNEGATIVE89847_19_14,0.06302464008331299
FRAG_NEG_trNEGATIVE48139_6_14,0.10446707904338837
FRAG_NEG_trNEGATIVE37858_11_14,0.03551292046904564
FRAG_NEG_trNEGATIVE73562_18_14,0.6468299627304077
FRAG_NEG_trNEGATIVE69162_0_14,0.03271998092532158
FRAG_NEG_trNEGATIVE70436_13_14,0.04004396125674248
FRAG_NEG_trNEGATIVE88134_45_14,0.04949898272752762
FRAG_NEG_trNEGATIVE54440_26_14,0.0833715945482254
FRAG_NEG_trNEGATIVE67664_22_14,0.022208957001566887
FRAG_NEG_trNEGATIVE69193_22_14,0.0447908379137516
FRAG_NEG_trNEGATIVE61619_2_14,0.02134314738214016
FRAG_NEG_trNEGATIVE82411_28_14,0.10484805703163147
FRAG_NEG_trNEGATIVE56869_24_14,0.13639236986637115
FRAG_NEG_trNEGATIVE42999_43_14,0.17204873263835907
FRAG_NEG_trNEGATIVE48267_47_14,0.029220473021268845
FRAG_NEG_trNEGATIVE29454_29_14,0.027917280793190002
FRAG_NEG_trNEGATIVE71049_5_14,0.36913713812828064
FRAG_NEG_trNEGATIVE90331_49_14,0.1348990499973297
FRAG_NEG_trNEGATIVE54980_29_14,0.06434021890163422
FRAG_NEG_trNEGATIVE89032_70_14,0.011776155792176723
FRAG_NEG_trNEGATIVE86806_23_14,0.1371687948703766
FRAG_NEG_trNEGATIVE90383_15_14,0.022158285602927208
FRAG_NEG_trNEGATIVE71696_22_14,0.042518340051174164
FRAG_NEG_trNEGATIVE80110_37_14,0.08051397651433945
FRAG_NEG_trNEGATIVE62597_15_14,0.04354938492178917
FRAG_NEG_trNEGATIVE33325_19_14,0.05368063226342201
FRAG_NEG_trNEGATIVE50424_20_14,0.08305627852678299
FRAG_NEG_trNEGATIVE97048_16_14,0.043492816388607025
FRAG_NEG_trNEGATIVE59029_9_14,0.06084955856204033
FRAG_NEG_trNEGATIVE73274_66_14,0.01895955204963684
FRAG_NEG_trNEGATIVE36533_18_14,0.12470325827598572
FRAG_NEG_trNEGATIVE43835_38_14,0.18637074530124664
FRAG_NEG_trNEGATIVE82321_68_14,0.036328282207250595
FRAG_NEG_trNEGATIVE44358_47_14,0.8891994953155518
FRAG_NEG_trNEGATIVE46694_3_14,0.0972665399312973
FRAG_NEG_trNEGATIVE80623_2_14,0.03040366992354393
FRAG_NEG_trNEGATIVE67438_53_14,0.23390541970729828
FRAG_NEG_trNEGATIVE79373_19_14,0.03375349938869476
FRAG_NEG_trNEGATIVE44086_0_14,0.9490586519241333
FRAG_NEG_trNEGATIVE62117_47_14,0.17123259603977203
FRAG_NEG_trNEGATIVE41912_21_14,0.029997242614626884
FRAG_NEG_trNEGATIVE67337_3_14,0.7139599919319153
FRAG_NEG_trNEGATIVE72940_15_14,0.11216525733470917
FRAG_NEG_trNEGATIVE79402_34_14,0.17310547828674316
FRAG_NEG_trNEGATIVE57313_49_14,0.46276548504829407
FRAG_NEG_trNEGATIVE96358_48_14,0.02708418294787407
FRAG_NEG_trNEGATIVE39612_29_14,0.10506276041269302
FRAG_NEG_trNEGATIVE53667_69_14,0.03132632002234459
FRAG_NEG_trNEGATIVE82214_55_14,0.01618313603103161
FRAG_NEG_trNEGATIVE46990_24_14,0.029208816587924957
FRAG_NEG_trNEGATIVE61813_30_14,0.03715047985315323
FRAG_NEG_trNEGATIVE84830_22_14,0.9679476022720337
FRAG_NEG_trNEGATIVE90237_34_14,0.2858424186706543
FRAG_NEG_trNEGATIVE53580_44_14,0.029852019622921944
FRAG_NEG_trNEGATIVE62042_55_14,0.024461641907691956
FRAG_NEG_trNEGATIVE70429_63_14,0.04698135331273079
FRAG_NEG_trNEGATIVE88055_31_14,0.12821288406848907
FRAG_NEG_trNEGATIVE77208_19_14,0.04858897626399994
FRAG_NEG_trNEGATIVE64314_65_14,0.04425227269530296
FRAG_NEG_trNEGATIVE93293_13_14,0.03178713843226433
FRAG_NEG_trNEGATIVE69184_12_14,0.14787255227565765
FRAG_NEG_trNEGATIVE49141_21_14,0.017343858256936073
FRAG_NEG_trNEGATIVE62082_61_14,0.1402500718832016
FRAG_NEG_trNEGATIVE49248_27_14,0.07157592475414276
FRAG_NEG_trNEGATIVE41384_6_14,0.6559069156646729
FRAG_NEG_trNEGATIVE76813_15_14,0.3564591705799103
FRAG_NEG_trNEGATIVE40162_11_14,0.03052860125899315
FRAG_NEG_trNEGATIVE76036_20_14,0.03390295058488846
FRAG_NEG_trNEGATIVE47531_57_14,0.07927858829498291
FRAG_NEG_trNEGATIVE45177_47_14,0.06422454118728638
FRAG_NEG_trNEGATIVE77648_36_14,0.053001511842012405
FRAG_NEG_trNEGATIVE45635_40_14,0.17994177341461182
FRAG_NEG_trNEGATIVE43562_0_14,0.05658720061182976
FRAG_NEG_trNEGATIVE54558_8_14,0.036113180220127106
FRAG_NEG_trNEGATIVE80421_40_14,0.0794805958867073
FRAG_NEG_trNEGATIVE90579_64_14,0.2734847962856293
FRAG_NEG_trNEGATIVE53064_39_14,0.0965070128440857
FRAG_NEG_trNEGATIVE54945_45_14,0.04407760128378868
FRAG_NEG_trNEGATIVE53238_11_14,0.15049298107624054
FRAG_NEG_trNEGATIVE43439_28_14,0.1336381584405899
FRAG_NEG_trNEGATIVE86731_54_14,0.02735348418354988
FRAG_NEG_trNEGATIVE89141_59_14,0.17070457339286804
FRAG_NEG_trNEGATIVE93804_7_14,0.4389773905277252
FRAG_NEG_trNEGATIVE48694_73_14,0.04257522523403168
FRAG_NEG_trNEGATIVE34429_12_14,0.05231615900993347
FRAG_NEG_trNEGATIVE50308_38_14,0.0917804166674614
FRAG_NEG_trNEGATIVE97456_6_14,0.15756067633628845
FRAG_NEG_trNEGATIVE43562_27_14,0.017816459760069847
FRAG_NEG_trNEGATIVE80759_16_14,0.8069893717765808
FRAG_NEG_trNEGATIVE29363_14_14,0.0644279271364212
FRAG_NEG_trNEGATIVE85498_27_14,0.028205787762999535
FRAG_NEG_trNEGATIVE65938_53_14,0.13896557688713074
FRAG_NEG_trNEGATIVE60316_12_14,0.024779358878731728
FRAG_NEG_trNEGATIVE55617_23_14,0.03588785603642464
FRAG_NEG_trNEGATIVE63626_14_14,0.31689712405204773
FRAG_NEG_trNEGATIVE95524_35_14,0.030427496880292892
FRAG_NEG_trNEGATIVE86452_51_14,0.053336333483457565
FRAG_NEG_trNEGATIVE63359_46_14,0.04540146142244339
FRAG_NEG_trNEGATIVE95342_49_14,0.013450654223561287
FRAG_NEG_trNEGATIVE57649_24_14,0.059980716556310654
FRAG_NEG_trNEGATIVE52524_56_14,0.025463007390499115
FRAG_NEG_trNEGATIVE74573_15_14,0.1302698254585266
FRAG_NEG_trNEGATIVE70382_76_14,0.02264474146068096
FRAG_NEG_trNEGATIVE36394_19_14,0.0184274110943079
FRAG_NEG_trNEGATIVE53486_39_14,0.028626423329114914
FRAG_NEG_trNEGATIVE28057_40_14,0.02740882895886898
FRAG_NEG_trNEGATIVE59922_35_14,0.05992073565721512
FRAG_NEG_trNEGATIVE39801_12_14,0.49859100580215454
FRAG_NEG_trNEGATIVE32522_40_14,0.28839606046676636
FRAG_NEG_trNEGATIVE80087_59_14,0.07852735370397568
FRAG_NEG_trNEGATIVE74862_50_14,0.027460357174277306
FRAG_NEG_trNEGATIVE54373_31_14,0.18406353890895844
FRAG_NEG_trNEGATIVE78051_25_14,0.03227689117193222
FRAG_NEG_trNEGATIVE77342_39_14,0.05757240951061249
FRAG_NEG_trNEGATIVE41837_26_14,0.09931531548500061
FRAG_NEG_trNEGATIVE34625_41_14,0.16862575709819794
FRAG_NEG_trNEGATIVE81496_42_14,0.02551046945154667
FRAG_NEG_trNEGATIVE37614_50_14,0.01666840724647045
FRAG_NEG_trNEGATIVE47298_61_14,0.24769443273544312
FRAG_NEG_trNEGATIVE32744_9_14,0.03205263987183571
FRAG_NEG_trNEGATIVE62037_43_14,0.03249664977192879
FRAG_NEG_trNEGATIVE59017_83_14,0.057114072144031525
FRAG_NEG_trNEGATIVE54521_41_14,0.1501753032207489
FRAG_NEG_trNEGATIVE36783_14_14,0.041432756930589676
FRAG_NEG_trNEGATIVE52934_57_14,0.1199323832988739
FRAG_NEG_trNEGATIVE68769_52_14,0.016714004799723625
FRAG_NEG_trNEGATIVE54781_31_14,0.04091178625822067
FRAG_NEG_trNEGATIVE82900_13_14,0.058575406670570374
FRAG_NEG_trNEGATIVE35180_51_14,0.03715460002422333
FRAG_NEG_trNEGATIVE34592_13_14,0.18082387745380402
FRAG_NEG_trNEGATIVE96654_24_14,0.4000866711139679
FRAG_NEG_trNEGATIVE57964_42_14,0.97193843126297
FRAG_NEG_trNEGATIVE87776_27_14,0.06917770206928253
FRAG_NEG_trNEGATIVE81685_15_14,0.05545000731945038
FRAG_NEG_trNEGATIVE94727_47_14,0.08324847370386124
FRAG_NEG_trNEGATIVE88995_44_14,0.024321725592017174
FRAG_NEG_trNEGATIVE81604_49_14,0.015410654246807098
FRAG_NEG_trNEGATIVE55026_75_14,0.014772236347198486
FRAG_NEG_trNEGATIVE39874_12_14,0.6086049675941467
FRAG_NEG_trNEGATIVE42620_65_14,0.038366399705410004
FRAG_NEG_trNEGATIVE96080_36_14,0.02854047529399395
FRAG_NEG_trNEGATIVE30440_15_14,0.36882784962654114
FRAG_NEG_trNEGATIVE43838_18_14,0.041441526263952255
FRAG_NEG_trNEGATIVE53270_21_14,0.9245748519897461
FRAG_NEG_trNEGATIVE70042_18_14,0.02566956728696823
FRAG_NEG_trNEGATIVE60182_37_14,0.16678692400455475
FRAG_NEG_trNEGATIVE60969_11_14,0.014931725338101387
FRAG_NEG_trNEGATIVE59291_71_14,0.061073098331689835
FRAG_NEG_trNEGATIVE67437_44_14,0.021493420004844666
FRAG_NEG_trNEGATIVE32778_10_14,0.026445258408784866
FRAG_NEG_trNEGATIVE31811_42_14,0.14348620176315308
FRAG_NEG_trNEGATIVE70996_42_14,0.08165308833122253
FRAG_NEG_trNEGATIVE88698_4_14,0.7242981195449829
FRAG_NEG_trNEGATIVE55106_65_14,0.035172637552022934
FRAG_NEG_trNEGATIVE60145_17_14,0.01184870395809412
FRAG_NEG_trNEGATIVE86228_39_14,0.6871718168258667
FRAG_NEG_trNEGATIVE72353_38_14,0.7024149894714355
FRAG_NEG_trNEGATIVE40545_8_14,0.8505606651306152
FRAG_NEG_trNEGATIVE80519_6_14,0.621239185333252
FRAG_NEG_trNEGATIVE74849_26_14,0.16188105940818787
FRAG_NEG_trNEGATIVE38842_16_14,0.025367021560668945
FRAG_NEG_trNEGATIVE50082_14_14,0.013456788845360279
FRAG_NEG_trNEGATIVE81858_24_14,0.37423592805862427
FRAG_NEG_trNEGATIVE86735_41_14,0.038909826427698135
FRAG_NEG_trNEGATIVE43129_4_14,0.02761485055088997
FRAG_NEG_trNEGATIVE78433_73_14,0.02697044238448143
FRAG_NEG_trNEGATIVE61773_46_14,0.025197498500347137
FRAG_NEG_trNEGATIVE59922_15_14,0.7993052005767822
FRAG_NEG_trNEGATIVE77081_53_14,0.020893193781375885
FRAG_NEG_trNEGATIVE83216_38_14,0.05764811858534813
FRAG_NEG_trNEGATIVE54977_6_14,0.025172505527734756
FRAG_NEG_trNEGATIVE71388_24_14,0.036174971610307693
FRAG_NEG_trNEGATIVE27596_24_14,0.27712365984916687
FRAG_NEG_trNEGATIVE44461_30_14,0.03124338574707508
FRAG_NEG_trNEGATIVE53976_30_14,0.29864752292633057
FRAG_NEG_trNEGATIVE70403_20_14,0.2005755603313446
FRAG_NEG_trNEGATIVE35915_40_14,0.9136688709259033
FRAG_NEG_trNEGATIVE89141_11_14,0.018540386110544205
FRAG_NEG_trNEGATIVE88499_57_14,0.38402384519577026
FRAG_NEG_trNEGATIVE93589_21_14,0.020801201462745667
FRAG_NEG_trNEGATIVE79069_25_14,0.09113027155399323
FRAG_NEG_trNEGATIVE60123_54_14,0.0420507974922657
FRAG_NEG_trNEGATIVE94760_40_14,0.03031124174594879
FRAG_NEG_trNEGATIVE70990_25_14,0.022978557273745537
FRAG_NEG_trNEGATIVE60084_32_14,0.010973204858601093
FRAG_NEG_trNEGATIVE42081_3_14,0.45769140124320984
FRAG_NEG_trNEGATIVE36290_63_14,0.03352782875299454
FRAG_NEG_trNEGATIVE96532_38_14,0.06918906420469284
FRAG_NEG_trNEGATIVE51155_66_14,0.015230361372232437
FRAG_NEG_trNEGATIVE33313_6_14,0.06669802963733673
FRAG_NEG_trNEGATIVE94910_46_14,0.20461997389793396
FRAG_NEG_trNEGATIVE32993_14_14,0.018395939841866493
FRAG_NEG_trNEGATIVE46198_7_14,0.520444929599762
FRAG_NEG_trNEGATIVE82858_20_14,0.14483046531677246
FRAG_NEG_trNEGATIVE38480_4_14,0.023239586502313614
FRAG_NEG_trNEGATIVE39256_15_14,0.03304393216967583
FRAG_NEG_trNEGATIVE42436_60_14,0.043751489371061325
FRAG_NEG_trNEGATIVE70307_5_14,0.25992077589035034
FRAG_NEG_trNEGATIVE84051_53_14,0.05184808000922203
FRAG_NEG_trNEGATIVE87318_16_14,0.23760807514190674
FRAG_NEG_trNEGATIVE42861_35_14,0.019409887492656708
FRAG_NEG_trNEGATIVE29314_23_14,0.1066916212439537
FRAG_NEG_trNEGATIVE74632_82_14,0.37701669335365295
FRAG_NEG_trNEGATIVE73158_18_14,0.062830850481987
FRAG_NEG_trNEGATIVE90902_35_14,0.9628149271011353
FRAG_NEG_trNEGATIVE93264_12_14,0.012385452166199684
FRAG_NEG_trNEGATIVE83217_56_14,0.024169478565454483
FRAG_NEG_trNEGATIVE63614_51_14,0.1267256736755371
FRAG_NEG_trNEGATIVE91583_65_14,0.02601419761776924
FRAG_NEG_trNEGATIVE67122_64_14,0.055346954613924026
FRAG_NEG_trNEGATIVE69773_40_14,0.8669854998588562
FRAG_NEG_trNEGATIVE88773_64_14,0.39735156297683716
FRAG_NEG_trNEGATIVE93598_27_14,0.9298090934753418
FRAG_NEG_trNEGATIVE81670_8_14,0.09577856212854385
FRAG_NEG_trNEGATIVE85676_66_14,0.02283601276576519
FRAG_NEG_trNEGATIVE37824_56_14,0.04850286990404129
FRAG_NEG_trNEGATIVE64723_21_14,0.020993344485759735
FRAG_NEG_trNEGATIVE55790_48_14,0.03047550469636917
FRAG_NEG_trNEGATIVE67554_34_14,0.08794831484556198
FRAG_NEG_trNEGATIVE74526_17_14,0.14821435511112213
FRAG_NEG_trNEGATIVE94813_17_14,0.5285742282867432
FRAG_NEG_trNEGATIVE49200_61_14,0.2865811288356781
FRAG_NEG_trNEGATIVE71200_10_14,0.5047538876533508
FRAG_NEG_trNEGATIVE63531_32_14,0.28725919127464294
FRAG_NEG_trNEGATIVE42257_1_14,0.020008808001875877
FRAG_NEG_trNEGATIVE58051_65_14,0.09333418309688568
FRAG_NEG_trNEGATIVE33924_8_14,0.08817519247531891
FRAG_NEG_trNEGATIVE51730_39_14,0.10927021503448486
FRAG_NEG_trNEGATIVE77057_23_14,0.14970643818378448
FRAG_NEG_trNEGATIVE47349_40_14,0.14629504084587097
FRAG_NEG_trNEGATIVE74800_2_14,0.8246876001358032
FRAG_NEG_trNEGATIVE72588_16_14,0.029786445200443268
FRAG_NEG_trNEGATIVE60231_33_14,0.06182427331805229
FRAG_NEG_trNEGATIVE89605_79_14,0.01997736096382141
FRAG_NEG_trNEGATIVE69793_25_14,0.17441442608833313
FRAG_NEG_trNEGATIVE94663_33_14,0.07650197297334671
FRAG_NEG_trNEGATIVE83538_59_14,0.057010795921087265
FRAG_NEG_trNEGATIVE55569_10_14,0.3572703003883362
FRAG_NEG_trNEGATIVE29717_22_14,0.14119400084018707
FRAG_NEG_trNEGATIVE45456_42_14,0.02642669528722763
FRAG_NEG_trNEGATIVE62725_21_14,0.12109827995300293
FRAG_NEG_trNEGATIVE78869_52_14,0.013428925536572933
FRAG_NEG_trNEGATIVE69451_2_14,0.015048536472022533
FRAG_NEG_trNEGATIVE46113_2_14,0.05591869726777077
FRAG_NEG_trNEGATIVE54305_23_14,0.8304944634437561
FRAG_NEG_trNEGATIVE63103_23_14,0.03866158425807953
FRAG_NEG_trNEGATIVE39466_63_14,0.025159986689686775
FRAG_NEG_trNEGATIVE83834_17_14,0.8609024882316589
FRAG_NEG_trNEGATIVE55322_57_14,0.02557031251490116
FRAG_NEG_trNEGATIVE77009_49_14,0.032808832824230194
FRAG_NEG_trNEGATIVE50432_28_14,0.1548563838005066
FRAG_NEG_trNEGATIVE50802_3_14,0.04888429120182991
FRAG_NEG_trNEGATIVE60471_47_14,0.1435469686985016
FRAG_NEG_trNEGATIVE29659_55_14,0.03896823152899742
FRAG_NEG_trNEGATIVE85227_20_14,0.014465014450252056
FRAG_NEG_trNEGATIVE33057_51_14,0.01681382767856121
FRAG_NEG_trNEGATIVE92336_29_14,0.012767641805112362
FRAG_NEG_trNEGATIVE52307_4_14,0.02435947209596634
FRAG_NEG_trNEGATIVE96265_30_14,0.20702219009399414
FRAG_NEG_trNEGATIVE83584_10_14,0.02528959885239601
FRAG_NEG_trNEGATIVE84891_5_14,0.22697047889232635
FRAG_NEG_trNEGATIVE67361_28_14,0.5529459714889526
FRAG_NEG_trNEGATIVE77612_32_14,0.061337899416685104
FRAG_NEG_trNEGATIVE86735_36_14,0.12197482585906982
FRAG_NEG_trNEGATIVE44725_68_14,0.13384385406970978
FRAG_NEG_trNEGATIVE54015_5_14,0.25805166363716125
FRAG_NEG_trNEGATIVE49112_25_14,0.3217299282550812
FRAG_NEG_trNEGATIVE49112_30_14,0.13549722731113434
FRAG_NEG_trNEGATIVE38389_19_14,0.04754112660884857
FRAG_NEG_trNEGATIVE39276_20_14,0.02127383090555668
FRAG_NEG_trNEGATIVE89874_52_14,0.07295563071966171
FRAG_NEG_trNEGATIVE68229_12_14,0.03335562348365784
FRAG_NEG_trNEGATIVE42658_10_14,0.43276509642601013
FRAG_NEG_trNEGATIVE37068_69_14,0.017542071640491486
FRAG_NEG_trNEGATIVE68881_19_14,0.03368431702256203
FRAG_NEG_trNEGATIVE27728_3_14,0.061078112572431564
FRAG_NEG_trNEGATIVE76248_49_14,0.021641835570335388
FRAG_NEG_trNEGATIVE31586_4_14,0.04869545251131058
FRAG_NEG_trNEGATIVE44652_1_14,0.5119245648384094
FRAG_NEG_trNEGATIVE60950_1_14,0.018485328182578087
FRAG_NEG_trNEGATIVE56579_61_14,0.020834876224398613
FRAG_NEG_trNEGATIVE54445_15_14,0.8631912469863892
FRAG_NEG_trNEGATIVE45657_0_14,0.1431136429309845
FRAG_NEG_trNEGATIVE71305_57_14,0.2100944072008133
FRAG_NEG_trNEGATIVE70089_12_14,0.6990014314651489
FRAG_NEG_trNEGATIVE55240_63_14,0.09804464131593704
FRAG_NEG_trNEGATIVE37733_48_14,0.021592775359749794
FRAG_NEG_trNEGATIVE80900_37_14,0.06606557220220566
FRAG_NEG_trNEGATIVE73717_44_14,0.30554354190826416
FRAG_NEG_trNEGATIVE67429_20_14,0.0535251758992672
FRAG_NEG_trNEGATIVE64633_47_14,0.05140681564807892
FRAG_NEG_trNEGATIVE73407_5_14,0.9734834432601929
FRAG_NEG_trNEGATIVE78452_4_14,0.019770899787545204
FRAG_NEG_trNEGATIVE83834_3_14,0.03517109900712967
FRAG_NEG_trNEGATIVE73274_47_14,0.04621020704507828
FRAG_NEG_trNEGATIVE33532_39_14,0.03056541085243225
FRAG_NEG_trNEGATIVE69793_18_14,0.8983134627342224
FRAG_NEG_trNEGATIVE37632_66_14,0.7471225261688232
FRAG_NEG_trNEGATIVE85227_3_14,0.019523825496435165
FRAG_NEG_trNEGATIVE88544_23_14,0.021177377551794052
FRAG_NEG_trNEGATIVE35400_38_14,0.04866249859333038
FRAG_NEG_trNEGATIVE39691_12_14,0.033253155648708344
FRAG_NEG_trNEGATIVE92077_37_14,0.03752127289772034
FRAG_NEG_trNEGATIVE79002_33_14,0.5631999373435974
FRAG_NEG_trNEGATIVE85542_26_14,0.061299748718738556
FRAG_NEG_trNEGATIVE40981_58_14,0.17726676166057587
FRAG_NEG_trNEGATIVE45643_2_14,0.07361658662557602
FRAG_NEG_trNEGATIVE52537_25_14,0.039526116102933884
FRAG_NEG_trNEGATIVE71828_31_14,0.04549920931458473
FRAG_NEG_trNEGATIVE89161_30_14,0.07632049173116684
FRAG_NEG_trNEGATIVE44278_19_14,0.04588273912668228
FRAG_NEG_trNEGATIVE93420_75_14,0.37232354283332825
FRAG_NEG_trNEGATIVE41228_37_14,0.0337647870182991
FRAG_NEG_trNEGATIVE35994_6_14,0.34357520937919617
FRAG_NEG_trNEGATIVE49489_46_14,0.09382869303226471
FRAG_NEG_trNEGATIVE37274_44_14,0.08951045572757721
FRAG_NEG_trNEGATIVE85055_57_14,0.05466059595346451
FRAG_NEG_trNEGATIVE91162_4_14,0.39106133580207825
FRAG_NEG_trNEGATIVE70019_17_14,0.0853312537074089
FRAG_NEG_trNEGATIVE28508_33_14,0.07102464139461517
FRAG_NEG_trNEGATIVE67115_25_14,0.05396241322159767
FRAG_NEG_trNEGATIVE30870_29_14,0.06950241327285767
FRAG_NEG_trNEGATIVE81605_9_14,0.7782330513000488
FRAG_NEG_trNEGATIVE54604_4_14,0.03762307018041611
FRAG_NEG_trNEGATIVE89126_0_14,0.019146621227264404
FRAG_NEG_trNEGATIVE80226_41_14,0.14079934358596802
FRAG_NEG_trNEGATIVE28766_69_14,0.01580268330872059
FRAG_NEG_trNEGATIVE53317_37_14,0.04888777807354927
FRAG_NEG_trNEGATIVE32040_72_14,0.02560391277074814
FRAG_NEG_trNEGATIVE57112_15_14,0.07784669101238251
FRAG_NEG_trNEGATIVE68443_19_14,0.04540521651506424
FRAG_NEG_trNEGATIVE78677_75_14,0.15162897109985352
FRAG_NEG_trNEGATIVE44974_9_14,0.013445290736854076
FRAG_NEG_trNEGATIVE64850_37_14,0.08256927877664566
FRAG_NEG_trNEGATIVE53980_1_14,0.05849676579236984
FRAG_NEG_trNEGATIVE37172_30_14,0.07383719086647034
FRAG_NEG_trNEGATIVE70700_29_14,0.08186335861682892
FRAG_NEG_trNEGATIVE95603_73_14,0.09532678872346878
FRAG_NEG_trNEGATIVE78344_49_14,0.1893375962972641
FRAG_NEG_trNEGATIVE35777_4_14,0.1417381912469864
FRAG_NEG_trNEGATIVE38806_37_14,0.24492180347442627
FRAG_NEG_trNEGATIVE60384_5_14,0.019240649417042732
FRAG_NEG_trNEGATIVE95559_72_14,0.011194376274943352
FRAG_NEG_trNEGATIVE47846_28_14,0.11420180648565292
FRAG_NEG_trNEGATIVE79133_19_14,0.3583938777446747
FRAG_NEG_trNEGATIVE62283_9_14,0.15790390968322754
FRAG_NEG_trNEGATIVE35081_50_14,0.026389671489596367
FRAG_NEG_trNEGATIVE48743_26_14,0.3848342001438141
FRAG_NEG_trNEGATIVE63442_21_14,0.06463228911161423
FRAG_NEG_trNEGATIVE36482_64_14,0.04261932149529457
FRAG_NEG_trNEGATIVE84633_44_14,0.31121429800987244
FRAG_NEG_trNEGATIVE44126_68_14,0.020137179642915726
FRAG_NEG_trNEGATIVE69422_6_14,0.033098552376031876
FRAG_NEG_trNEGATIVE68670_56_14,0.12996430695056915
FRAG_NEG_trNEGATIVE53461_32_14,0.0695313960313797
FRAG_NEG_trNEGATIVE77307_19_14,0.02190297469496727
FRAG_NEG_trNEGATIVE79387_29_14,0.10890510678291321
FRAG_NEG_trNEGATIVE37218_5_14,0.39232444763183594
FRAG_NEG_trNEGATIVE56708_33_14,0.41753727197647095
FRAG_NEG_trNEGATIVE39543_38_14,0.021193020045757294
FRAG_NEG_trNEGATIVE56297_4_14,0.3746497333049774
FRAG_NEG_trNEGATIVE53242_2_14,0.015040023252367973
FRAG_NEG_trNEGATIVE64403_12_14,0.033770401030778885
FRAG_NEG_trNEGATIVE50656_27_14,0.044930536299943924
FRAG_NEG_trNEGATIVE42246_51_14,0.08562922477722168
FRAG_NEG_trNEGATIVE60410_61_14,0.055240195244550705
FRAG_NEG_trNEGATIVE60832_44_14,0.04452838748693466
FRAG_NEG_trNEGATIVE97129_17_14,0.02219625748693943
FRAG_NEG_trNEGATIVE62578_23_14,0.6743593215942383
FRAG_NEG_trNEGATIVE89028_23_14,0.04238539934158325
FRAG_NEG_trNEGATIVE32688_24_14,0.011802454479038715
FRAG_NEG_trNEGATIVE50749_58_14,0.02831622026860714
FRAG_NEG_trNEGATIVE69957_48_14,0.08569560199975967
FRAG_NEG_trNEGATIVE96224_34_14,0.03927629068493843
FRAG_NEG_trNEGATIVE29147_12_14,0.2652173936367035
FRAG_NEG_trNEGATIVE60898_12_14,0.05920406058430672
FRAG_NEG_trNEGATIVE89226_2_14,0.03017422743141651
FRAG_NEG_trNEGATIVE27764_15_14,0.04853033274412155
FRAG_NEG_trNEGATIVE81329_49_14,0.028780922293663025
FRAG_NEG_trNEGATIVE94421_33_14,0.04911927133798599
FRAG_NEG_trNEGATIVE92408_46_14,0.03303110599517822
FRAG_NEG_trNEGATIVE48370_48_14,0.03360993042588234
FRAG_NEG_trNEGATIVE38411_27_14,0.08037401735782623
FRAG_NEG_trNEGATIVE83654_58_14,0.35807034373283386
FRAG_NEG_trNEGATIVE28072_9_14,0.0645931288599968
FRAG_NEG_trNEGATIVE45921_1_14,0.1581035852432251
FRAG_NEG_trNEGATIVE84415_52_14,0.20281006395816803
FRAG_NEG_trNEGATIVE83994_74_14,0.14613665640354156
FRAG_NEG_trNEGATIVE92161_25_14,0.7076693177223206
FRAG_NEG_trNEGATIVE30131_43_14,0.22035211324691772
FRAG_NEG_trNEGATIVE28729_24_14,0.7018595337867737
FRAG_NEG_trNEGATIVE84118_6_14,0.12904931604862213
FRAG_NEG_trNEGATIVE82273_7_14,0.06180445849895477
FRAG_NEG_trNEGATIVE69614_15_14,0.014418292790651321
FRAG_NEG_trNEGATIVE48791_44_14,0.034466732293367386
FRAG_NEG_trNEGATIVE86198_11_14,0.022574862465262413
FRAG_NEG_trNEGATIVE72240_84_14,0.021995019167661667
FRAG_NEG_trNEGATIVE52457_8_14,0.3711507022380829
FRAG_NEG_trNEGATIVE28617_35_14,0.05510570853948593
FRAG_NEG_trNEGATIVE54956_35_14,0.9854035377502441
FRAG_NEG_trNEGATIVE28727_38_14,0.06655218452215195
FRAG_NEG_trNEGATIVE54011_15_14,0.025764888152480125
FRAG_NEG_trNEGATIVE46947_58_14,0.20576155185699463
FRAG_NEG_trNEGATIVE62843_45_14,0.018110089004039764
FRAG_NEG_trNEGATIVE54212_8_14,0.11733772605657578
FRAG_NEG_trNEGATIVE77603_63_14,0.02011769451200962
FRAG_NEG_trNEGATIVE47441_70_14,0.06203367933630943
FRAG_NEG_trNEGATIVE94877_82_14,0.05039132758975029
FRAG_NEG_trNEGATIVE85142_43_14,0.04563932120800018
FRAG_NEG_trNEGATIVE59542_9_14,0.0299668088555336
FRAG_NEG_trNEGATIVE45334_63_14,0.030810177326202393
FRAG_NEG_trNEGATIVE34154_1_14,0.029233824461698532
FRAG_NEG_trNEGATIVE81073_25_14,0.8476741313934326
FRAG_NEG_trNEGATIVE70735_59_14,0.04809759184718132
FRAG_NEG_trNEGATIVE39002_82_14,0.020226890221238136
FRAG_NEG_trNEGATIVE83073_54_14,0.0645444467663765
FRAG_NEG_trNEGATIVE52026_31_14,0.08828697353601456
FRAG_NEG_trNEGATIVE38089_13_14,0.020186111330986023
FRAG_NEG_trNEGATIVE38406_16_14,0.39402589201927185
FRAG_NEG_trNEGATIVE53976_41_14,0.06573468446731567
FRAG_NEG_trNEGATIVE78222_77_14,0.08313168585300446
FRAG_NEG_trNEGATIVE93966_13_14,0.9785490036010742
FRAG_NEG_trNEGATIVE64549_41_14,0.022296641021966934
FRAG_NEG_trNEGATIVE38934_30_14,0.04587983712553978
FRAG_NEG_trNEGATIVE55790_52_14,0.03142813220620155
FRAG_NEG_trNEGATIVE64817_27_14,0.9375330209732056
FRAG_NEG_trNEGATIVE53270_5_14,0.04743202403187752
FRAG_NEG_trNEGATIVE28212_40_14,0.02911287173628807
FRAG_NEG_trNEGATIVE49328_18_14,0.04017842188477516
FRAG_NEG_trNEGATIVE49465_10_14,0.08686864376068115
FRAG_NEG_trNEGATIVE85488_39_14,0.5272490978240967
FRAG_NEG_trNEGATIVE75785_5_14,0.03452357277274132
FRAG_NEG_trNEGATIVE83115_3_14,0.019124630838632584
FRAG_NEG_trNEGATIVE69836_46_14,0.8859012722969055
FRAG_NEG_trNEGATIVE40968_39_14,0.596742570400238
FRAG_NEG_trNEGATIVE67443_47_14,0.05358865112066269
FRAG_NEG_trNEGATIVE36533_25_14,0.11087682098150253
FRAG_NEG_trNEGATIVE36637_40_14,0.34874963760375977
FRAG_NEG_trNEGATIVE64192_22_14,0.14159773290157318
FRAG_NEG_trNEGATIVE80590_26_14,0.1993386298418045
FRAG_NEG_trNEGATIVE83505_14_14,0.044874876737594604
FRAG_NEG_trNEGATIVE92064_69_14,0.08081957697868347
FRAG_NEG_trNEGATIVE67227_46_14,0.325423002243042
FRAG_NEG_trNEGATIVE61357_52_15,0.03790465369820595
FRAG_NEG_trNEGATIVE73016_56_15,0.03172459453344345
FRAG_NEG_trNEGATIVE86357_6_15,0.12993144989013672
FRAG_NEG_trNEGATIVE82228_1_15,0.08960387855768204
FRAG_NEG_trNEGATIVE58145_23_15,0.05118068680167198
FRAG_NEG_trNEGATIVE85376_56_15,0.11540096998214722
FRAG_NEG_trNEGATIVE58835_56_15,0.28813406825065613
FRAG_NEG_trNEGATIVE59192_1_15,0.05726638808846474
FRAG_NEG_trNEGATIVE74458_50_15,0.04932888224720955
FRAG_NEG_trNEGATIVE29951_18_15,0.03628304600715637
FRAG_NEG_trNEGATIVE52972_55_15,0.5164751410484314
FRAG_NEG_trNEGATIVE51911_22_15,0.07558748871088028
FRAG_NEG_trNEGATIVE82223_29_15,0.9406942129135132
FRAG_NEG_trNEGATIVE66816_5_15,0.026345212012529373
FRAG_NEG_trNEGATIVE69210_19_15,0.04659312590956688
FRAG_NEG_trNEGATIVE86087_52_15,0.0154186449944973
FRAG_NEG_trNEGATIVE74347_46_15,0.532149076461792
FRAG_NEG_trNEGATIVE82740_16_15,0.07498887926340103
FRAG_NEG_trNEGATIVE54050_69_15,0.0132373021915555
FRAG_NEG_trNEGATIVE77802_11_15,0.026958726346492767
FRAG_NEG_trNEGATIVE45865_18_15,0.05284813046455383
FRAG_NEG_trNEGATIVE74461_40_15,0.07238665223121643
FRAG_NEG_trNEGATIVE33176_50_15,0.13963012397289276
FRAG_NEG_trNEGATIVE92796_0_15,0.21776148676872253
FRAG_NEG_trNEGATIVE76726_78_15,0.03308325260877609
FRAG_NEG_trNEGATIVE39678_47_15,0.05939578637480736
FRAG_NEG_trNEGATIVE40637_31_15,0.4640447199344635
FRAG_NEG_trNEGATIVE81211_16_15,0.06096979230642319
FRAG_NEG_trNEGATIVE58691_15_15,0.12758715450763702
FRAG_NEG_trNEGATIVE79947_79_15,0.024295702576637268
FRAG_NEG_trNEGATIVE40424_20_15,0.07194753736257553
FRAG_NEG_trNEGATIVE96309_9_15,0.03368297591805458
FRAG_NEG_trNEGATIVE31413_37_15,0.012184672057628632
FRAG_NEG_trNEGATIVE58276_25_15,0.0656730905175209
FRAG_NEG_trNEGATIVE85063_72_15,0.6377143263816833
FRAG_NEG_trNEGATIVE60220_14_15,0.9061699509620667
FRAG_NEG_trNEGATIVE40564_19_15,0.014423476532101631
FRAG_NEG_trNEGATIVE53156_45_15,0.05455563962459564
FRAG_NEG_trNEGATIVE61357_16_15,0.03852152079343796
FRAG_NEG_trNEGATIVE52013_47_15,0.051536135375499725
FRAG_NEG_trNEGATIVE39002_46_15,0.03200018033385277
FRAG_NEG_trNEGATIVE90772_17_15,0.11476019769906998
FRAG_NEG_trNEGATIVE33909_13_15,0.3140064477920532
FRAG_NEG_trNEGATIVE82564_59_15,0.02169523760676384
FRAG_NEG_trNEGATIVE41646_3_15,0.18545952439308167
FRAG_NEG_trNEGATIVE28212_54_15,0.124427430331707
FRAG_NEG_trNEGATIVE57354_35_15,0.2569993734359741
FRAG_NEG_trNEGATIVE71331_49_15,0.14079201221466064
FRAG_NEG_trNEGATIVE40334_45_15,0.18602782487869263
FRAG_NEG_trNEGATIVE78551_27_15,0.09666451811790466
FRAG_NEG_trNEGATIVE55096_8_15,0.11484403908252716
FRAG_NEG_trNEGATIVE65571_41_15,0.026404066011309624
FRAG_NEG_trNEGATIVE44170_34_15,0.050154879689216614
FRAG_NEG_trNEGATIVE91058_9_15,0.07903198897838593
FRAG_NEG_trNEGATIVE81840_27_15,0.08803344517946243
FRAG_NEG_trNEGATIVE83115_25_15,0.07383076846599579
FRAG_NEG_trNEGATIVE60542_43_15,0.27323755621910095
FRAG_NEG_trNEGATIVE73456_56_15,0.293680876493454
FRAG_NEG_trNEGATIVE72494_23_15,0.027242621406912804
FRAG_NEG_trNEGATIVE48109_0_15,0.020697301253676414
FRAG_NEG_trNEGATIVE68779_0_15,0.1949949413537979
FRAG_NEG_trNEGATIVE83181_25_15,0.09508583694696426
FRAG_NEG_trNEGATIVE68587_43_15,0.03830152004957199
FRAG_NEG_trNEGATIVE30881_2_15,0.04919729381799698
FRAG_NEG_trNEGATIVE75185_44_15,0.19292640686035156
FRAG_NEG_trNEGATIVE36087_26_15,0.06141556054353714
FRAG_NEG_trNEGATIVE79387_26_15,0.10153486579656601
FRAG_NEG_trNEGATIVE30878_36_15,0.8606154918670654
FRAG_NEG_trNEGATIVE34800_33_15,0.011246808804571629
FRAG_NEG_trNEGATIVE72580_16_15,0.10231594741344452
FRAG_NEG_trNEGATIVE72807_47_15,0.9422224164009094
FRAG_NEG_trNEGATIVE60601_18_15,0.019513659179210663
FRAG_NEG_trNEGATIVE93456_68_15,0.07805774360895157
FRAG_NEG_trNEGATIVE55371_49_15,0.02343696355819702
FRAG_NEG_trNEGATIVE49213_8_15,0.2655084431171417
FRAG_NEG_trNEGATIVE40543_23_15,0.08051665872335434
FRAG_NEG_trNEGATIVE38957_51_15,0.2758927643299103
FRAG_NEG_trNEGATIVE68879_66_15,0.09748141467571259
FRAG_NEG_trNEGATIVE41475_41_15,0.014185890555381775
FRAG_NEG_trNEGATIVE81690_52_15,0.02329690381884575
FRAG_NEG_trNEGATIVE84463_10_15,0.07573836296796799
FRAG_NEG_trNEGATIVE71518_62_15,0.02517472207546234
FRAG_NEG_trNEGATIVE96531_31_15,0.10427118837833405
FRAG_NEG_trNEGATIVE28234_81_15,0.017374753952026367
FRAG_NEG_trNEGATIVE31738_56_15,0.02511005662381649
FRAG_NEG_trNEGATIVE73619_44_15,0.30808430910110474
FRAG_NEG_trNEGATIVE85672_57_15,0.08908331394195557
FRAG_NEG_trNEGATIVE48879_55_15,0.06731832027435303
FRAG_NEG_trNEGATIVE92398_3_15,0.027017593383789062
FRAG_NEG_trNEGATIVE40564_35_15,0.7888792753219604
FRAG_NEG_trNEGATIVE52034_39_15,0.3716788589954376
FRAG_NEG_trNEGATIVE28436_32_15,0.14746516942977905
FRAG_NEG_trNEGATIVE39346_4_15,0.5317071676254272
FRAG_NEG_trNEGATIVE77734_35_15,0.05803792178630829
FRAG_NEG_trNEGATIVE76082_13_15,0.025852926075458527
FRAG_NEG_trNEGATIVE82685_26_15,0.85541170835495
FRAG_NEG_trNEGATIVE74044_75_15,0.051636066287755966
FRAG_NEG_trNEGATIVE72674_38_15,0.5020657181739807
FRAG_NEG_trNEGATIVE83523_13_15,0.3603118062019348
FRAG_NEG_trNEGATIVE27744_55_15,0.8312798142433167
FRAG_NEG_trNEGATIVE31470_71_15,0.05142014101147652
FRAG_NEG_trNEGATIVE64522_42_15,0.12657345831394196
FRAG_NEG_trNEGATIVE76030_7_15,0.0410340316593647
FRAG_NEG_trNEGATIVE38983_36_15,0.03056611306965351
FRAG_NEG_trNEGATIVE54571_1_15,0.03474685922265053
FRAG_NEG_trNEGATIVE39870_6_15,0.03866398707032204
FRAG_NEG_trNEGATIVE65712_4_15,0.8281830549240112
FRAG_NEG_trNEGATIVE39916_19_15,0.16296564042568207
FRAG_NEG_trNEGATIVE91481_43_15,0.06225232779979706
FRAG_NEG_trNEGATIVE76997_61_15,0.12439510226249695
FRAG_NEG_trNEGATIVE87450_14_15,0.17938514053821564
FRAG_NEG_trNEGATIVE58242_23_15,0.05278937518596649
FRAG_NEG_trNEGATIVE85944_42_15,0.17758047580718994
FRAG_NEG_trNEGATIVE43712_20_15,0.06040652468800545
FRAG_NEG_trNEGATIVE33532_60_15,0.01905466429889202
FRAG_NEG_trNEGATIVE68123_25_15,0.04108895733952522
FRAG_NEG_trNEGATIVE29811_27_15,0.021247170865535736
FRAG_NEG_trNEGATIVE36554_17_15,0.03630375117063522
FRAG_NEG_trNEGATIVE52754_16_15,0.031020402908325195
FRAG_NEG_trNEGATIVE49953_41_15,0.15743142366409302
FRAG_NEG_trNEGATIVE57032_39_15,0.32019051909446716
FRAG_NEG_trNEGATIVE54818_40_15,0.4633885622024536
FRAG_NEG_trNEGATIVE56358_35_15,0.13720187544822693
FRAG_NEG_trNEGATIVE82819_26_15,0.028798434883356094
FRAG_NEG_trNEGATIVE67486_43_15,0.9732423424720764
FRAG_NEG_trNEGATIVE79573_14_15,0.3775601089000702
FRAG_NEG_trNEGATIVE87107_7_15,0.07522996515035629
FRAG_NEG_trNEGATIVE80900_32_15,0.18832646310329437
FRAG_NEG_trNEGATIVE88170_9_15,0.02269112877547741
FRAG_NEG_trNEGATIVE70905_35_15,0.07329565286636353
FRAG_NEG_trNEGATIVE71805_39_15,0.3512549102306366
FRAG_NEG_trNEGATIVE73101_18_15,0.08277130872011185
FRAG_NEG_trNEGATIVE94456_47_15,0.186606764793396
FRAG_NEG_trNEGATIVE51223_20_15,0.10133553296327591
FRAG_NEG_trNEGATIVE70705_32_15,0.1286100447177887
FRAG_NEG_trNEGATIVE82312_34_15,0.0634169653058052
FRAG_NEG_trNEGATIVE73101_23_15,0.04354626685380936
FRAG_NEG_trNEGATIVE47781_47_15,0.11162467300891876
FRAG_NEG_trNEGATIVE43364_22_15,0.28379687666893005
FRAG_NEG_trNEGATIVE81083_28_15,0.02701316773891449
FRAG_NEG_trNEGATIVE43795_38_15,0.05132584273815155
FRAG_NEG_trNEGATIVE35075_37_15,0.8892441391944885
FRAG_NEG_trNEGATIVE38561_6_15,0.02909785509109497
FRAG_NEG_trNEGATIVE35499_50_15,0.02401728555560112
FRAG_NEG_trNEGATIVE89439_7_15,0.07493458688259125
FRAG_NEG_trNEGATIVE28348_6_15,0.09745247662067413
FRAG_NEG_trNEGATIVE48477_20_15,0.27721256017684937
FRAG_NEG_trNEGATIVE61824_48_15,0.0285018440335989
FRAG_NEG_trNEGATIVE31256_72_15,0.11859096586704254
FRAG_NEG_trNEGATIVE55831_38_15,0.04446077719330788
FRAG_NEG_trNEGATIVE70245_61_15,0.01619214378297329
FRAG_NEG_trNEGATIVE37880_22_15,0.07538560032844543
FRAG_NEG_trNEGATIVE51728_25_15,0.20931771397590637
FRAG_NEG_trNEGATIVE33701_35_15,0.03615495562553406
FRAG_NEG_trNEGATIVE72212_53_15,0.016639092937111855
FRAG_NEG_trNEGATIVE45411_6_15,0.08890222012996674
FRAG_NEG_trNEGATIVE73022_3_15,0.32514798641204834
FRAG_NEG_trNEGATIVE70931_26_15,0.1798177808523178
FRAG_NEG_trNEGATIVE42727_21_15,0.0928691178560257
FRAG_NEG_trNEGATIVE76944_49_15,0.8687665462493896
FRAG_NEG_trNEGATIVE45643_13_15,0.028277048841118813
FRAG_NEG_trNEGATIVE82630_21_15,0.049195077270269394
FRAG_NEG_trNEGATIVE95745_0_15,0.7390710115432739
FRAG_NEG_trNEGATIVE63158_55_15,0.7907683253288269
FRAG_NEG_trNEGATIVE53755_30_15,0.043638162314891815
FRAG_NEG_trNEGATIVE29650_38_15,0.6389084458351135
FRAG_NEG_trNEGATIVE55003_42_15,0.05657249689102173
FRAG_NEG_trNEGATIVE53275_35_15,0.3027087450027466
FRAG_NEG_trNEGATIVE91266_40_15,0.06276123225688934
FRAG_NEG_trNEGATIVE93966_18_15,0.11667314171791077
FRAG_NEG_trNEGATIVE57465_21_15,0.03970891237258911
FRAG_NEG_trNEGATIVE52537_51_15,0.05104738473892212
FRAG_NEG_trNEGATIVE37753_49_15,0.24005571007728577
FRAG_NEG_trNEGATIVE73308_33_15,0.2886049747467041
FRAG_NEG_trNEGATIVE44586_3_15,0.028342051431536674
FRAG_NEG_trNEGATIVE93817_30_15,0.022853124886751175
FRAG_NEG_trNEGATIVE66150_1_15,0.09205885976552963
FRAG_NEG_trNEGATIVE90567_32_15,0.05484088510274887
FRAG_NEG_trNEGATIVE70996_72_15,0.5468580722808838
FRAG_NEG_trNEGATIVE68970_49_15,0.4374260902404785
FRAG_NEG_trNEGATIVE68890_67_15,0.02848876267671585
FRAG_NEG_trNEGATIVE75850_54_15,0.030220692977309227
FRAG_NEG_trNEGATIVE47360_50_15,0.14408080279827118
FRAG_NEG_trNEGATIVE65196_28_15,0.019891293719410896
FRAG_NEG_trNEGATIVE60725_3_15,0.34992897510528564
FRAG_NEG_trNEGATIVE44385_16_15,0.057467021048069
FRAG_NEG_trNEGATIVE59000_3_15,0.061579324305057526
FRAG_NEG_trNEGATIVE91415_13_15,0.7129138708114624
FRAG_NEG_trNEGATIVE82267_15_15,0.6055154800415039
FRAG_NEG_trNEGATIVE51263_12_15,0.0765918493270874
FRAG_NEG_trNEGATIVE77603_59_15,0.013397916220128536
FRAG_NEG_trNEGATIVE89460_2_15,0.10834002494812012
FRAG_NEG_trNEGATIVE95074_24_15,0.03221222385764122
FRAG_NEG_trNEGATIVE29521_1_15,0.07234124094247818
FRAG_NEG_trNEGATIVE34266_14_15,0.04345908388495445
FRAG_NEG_trNEGATIVE94008_20_15,0.018839241936802864
FRAG_NEG_trNEGATIVE93241_60_15,0.05601371452212334
FRAG_NEG_trNEGATIVE69998_3_15,0.046190135180950165
FRAG_NEG_trNEGATIVE51574_43_15,0.023646464571356773
FRAG_NEG_trNEGATIVE31350_50_15,0.026473717764019966
FRAG_NEG_trNEGATIVE50749_73_15,0.04405076429247856
FRAG_NEG_trNEGATIVE81769_51_15,0.022207897156476974
FRAG_NEG_trNEGATIVE93625_1_15,0.5875754356384277
FRAG_NEG_trNEGATIVE49328_16_15,0.025871943682432175
FRAG_NEG_trNEGATIVE88327_13_15,0.04555292800068855
FRAG_NEG_trNEGATIVE68941_2_15,0.35946783423423767
FRAG_NEG_trNEGATIVE40882_14_15,0.034187257289886475
FRAG_NEG_trNEGATIVE30494_47_15,0.08911247551441193
FRAG_NEG_trNEGATIVE87289_25_15,0.5974147915840149
FRAG_NEG_trNEGATIVE44266_42_15,0.46736112236976624
FRAG_NEG_trNEGATIVE39453_36_15,0.4999639093875885
FRAG_NEG_trNEGATIVE39129_10_15,0.05237812548875809
FRAG_NEG_trNEGATIVE61324_57_15,0.07078353315591812
FRAG_NEG_trNEGATIVE65249_12_15,0.06431248784065247
FRAG_NEG_trNEGATIVE66739_42_15,0.041148845106363297
FRAG_NEG_trNEGATIVE46978_58_15,0.05005084350705147
FRAG_NEG_trNEGATIVE49023_65_15,0.0688566192984581
FRAG_NEG_trNEGATIVE29601_66_15,0.04462482035160065
FRAG_NEG_trNEGATIVE86070_49_15,0.02520037442445755
FRAG_NEG_trNEGATIVE79893_3_15,0.03944771736860275
FRAG_NEG_trNEGATIVE93756_58_15,0.02688119001686573
FRAG_NEG_trNEGATIVE29186_63_15,0.054843392223119736
FRAG_NEG_trNEGATIVE92287_7_15,0.5537284016609192
FRAG_NEG_trNEGATIVE59138_50_15,0.17441236972808838
FRAG_NEG_trNEGATIVE41329_11_15,0.04453258588910103
FRAG_NEG_trNEGATIVE83774_23_15,0.020430108532309532
FRAG_NEG_trNEGATIVE77919_23_15,0.09846574813127518
FRAG_NEG_trNEGATIVE90851_30_15,0.14680399000644684
FRAG_NEG_trNEGATIVE44350_3_15,0.9692909121513367
FRAG_NEG_trNEGATIVE90189_18_15,0.3160094618797302
FRAG_NEG_trNEGATIVE48299_2_15,0.12399562448263168
FRAG_NEG_trNEGATIVE97116_14_15,0.049225784838199615
FRAG_NEG_trNEGATIVE82272_26_15,0.02070191688835621
FRAG_NEG_trNEGATIVE95786_0_15,0.020371796563267708
FRAG_NEG_trNEGATIVE30945_32_15,0.07708244770765305
FRAG_NEG_trNEGATIVE79903_34_15,0.02019892819225788
FRAG_NEG_trNEGATIVE84597_22_15,0.024591267108917236
FRAG_NEG_trNEGATIVE43505_30_15,0.2028646618127823
FRAG_NEG_trNEGATIVE37122_20_15,0.02580627240240574
FRAG_NEG_trNEGATIVE76230_29_15,0.23323597013950348
FRAG_NEG_trNEGATIVE33909_8_15,0.2716625928878784
FRAG_NEG_trNEGATIVE39256_0_15,0.022149398922920227
FRAG_NEG_trNEGATIVE52832_12_15,0.018701830878853798
FRAG_NEG_trNEGATIVE97493_11_15,0.019698623567819595
FRAG_NEG_trNEGATIVE54987_10_15,0.011966261081397533
FRAG_NEG_trNEGATIVE95861_28_15,0.04458824172616005
FRAG_NEG_trNEGATIVE30835_37_15,0.02446158416569233
FRAG_NEG_trNEGATIVE67071_0_15,0.20467188954353333
FRAG_NEG_trNEGATIVE29613_3_15,0.1692691296339035
FRAG_NEG_trNEGATIVE78827_43_15,0.1522422730922699
FRAG_NEG_trNEGATIVE77564_53_15,0.012792596593499184
FRAG_NEG_trNEGATIVE41132_0_15,0.046689439564943314
FRAG_NEG_trNEGATIVE73723_48_15,0.015005371533334255
FRAG_NEG_trNEGATIVE60304_26_15,0.033955417573451996
FRAG_NEG_trNEGATIVE53496_1_15,0.06406520307064056
FRAG_NEG_trNEGATIVE34646_70_15,0.1713259071111679
FRAG_NEG_trNEGATIVE78345_61_15,0.3272690773010254
FRAG_NEG_trNEGATIVE73036_75_15,0.03642642870545387
FRAG_NEG_trNEGATIVE81690_17_15,0.023413250222802162
FRAG_NEG_trNEGATIVE52616_60_15,0.01451861672103405
FRAG_NEG_trNEGATIVE80255_36_15,0.07440000772476196
FRAG_NEG_trNEGATIVE39127_56_15,0.013697734102606773
FRAG_NEG_trNEGATIVE36668_10_15,0.04745573177933693
FRAG_NEG_trNEGATIVE96719_17_15,0.03268779441714287
FRAG_NEG_trNEGATIVE54041_72_15,0.030594542622566223
FRAG_NEG_trNEGATIVE52457_14_15,0.01913076639175415
FRAG_NEG_trNEGATIVE92779_59_15,0.07099948823451996
FRAG_NEG_trNEGATIVE45785_5_15,0.041672591120004654
FRAG_NEG_trNEGATIVE66601_4_15,0.09296846389770508
FRAG_NEG_trNEGATIVE76559_54_15,0.03659064322710037
FRAG_NEG_trNEGATIVE36482_45_15,0.023050693795084953
FRAG_NEG_trNEGATIVE88299_14_15,0.3237539529800415
FRAG_NEG_trNEGATIVE43084_51_15,0.018788356333971024
FRAG_NEG_trNEGATIVE37331_20_15,0.023562373593449593
FRAG_NEG_trNEGATIVE90011_3_15,0.05322321876883507
FRAG_NEG_trNEGATIVE81056_48_15,0.05466679483652115
FRAG_NEG_trNEGATIVE40151_76_15,0.26364248991012573
FRAG_NEG_trNEGATIVE80731_45_15,0.012187897227704525
FRAG_NEG_trNEGATIVE67162_5_15,0.04891902580857277
FRAG_NEG_trNEGATIVE87907_3_15,0.018880659714341164
FRAG_NEG_trNEGATIVE47740_33_15,0.06561087816953659
FRAG_NEG_trNEGATIVE65647_38_15,0.0288444422185421
FRAG_NEG_trNEGATIVE64441_64_15,0.02253716252744198
FRAG_NEG_trNEGATIVE39155_79_15,0.6278971433639526
FRAG_NEG_trNEGATIVE60600_49_15,0.012907666154205799
FRAG_NEG_trNEGATIVE71741_12_15,0.13245785236358643
FRAG_NEG_trNEGATIVE53501_27_15,0.22605934739112854
FRAG_NEG_trNEGATIVE34443_60_15,0.3266424238681793
FRAG_NEG_trNEGATIVE58989_19_15,0.0787188708782196
FRAG_NEG_trNEGATIVE77603_5_15,0.023524964228272438
FRAG_NEG_trNEGATIVE71119_39_15,0.05485095456242561
FRAG_NEG_trNEGATIVE65798_0_15,0.029380429536104202
FRAG_NEG_trNEGATIVE93456_84_15,0.05435275658965111
FRAG_NEG_trNEGATIVE54128_34_15,0.055029917508363724
FRAG_NEG_trNEGATIVE95991_32_15,0.30695322155952454
FRAG_NEG_trNEGATIVE93625_15_15,0.013600772246718407
FRAG_NEG_trNEGATIVE53727_6_15,0.04213004931807518
FRAG_NEG_trNEGATIVE65299_33_15,0.5139456987380981
FRAG_NEG_trNEGATIVE31394_17_15,0.07468006759881973
FRAG_NEG_trNEGATIVE68899_35_15,0.052485428750514984
FRAG_NEG_trNEGATIVE52450_11_15,0.6879952549934387
FRAG_NEG_trNEGATIVE53242_2_15,0.018203258514404297
FRAG_NEG_trNEGATIVE52681_16_15,0.20981620252132416
FRAG_NEG_trNEGATIVE40588_46_15,0.035835571587085724
FRAG_NEG_trNEGATIVE77648_3_15,0.23985576629638672
FRAG_NEG_trNEGATIVE89076_11_15,0.027603112161159515
FRAG_NEG_trNEGATIVE44901_5_15,0.2211211770772934
FRAG_NEG_trNEGATIVE94831_1_15,0.25083354115486145
FRAG_NEG_trNEGATIVE60097_12_15,0.14182525873184204
FRAG_NEG_trNEGATIVE53226_6_15,0.02369879186153412
FRAG_NEG_trNEGATIVE45182_34_15,0.15584895014762878
FRAG_NEG_trNEGATIVE76037_14_15,0.019572613760828972
FRAG_NEG_trNEGATIVE42982_7_15,0.0573730394244194
FRAG_NEG_trNEGATIVE67566_72_15,0.06665617972612381
FRAG_NEG_trNEGATIVE78238_6_15,0.21013891696929932
FRAG_NEG_trNEGATIVE29719_4_15,0.16441774368286133
FRAG_NEG_trNEGATIVE65675_15_15,0.04422304034233093
FRAG_NEG_trNEGATIVE85974_51_15,0.2714652419090271
FRAG_NEG_trNEGATIVE81239_0_15,0.030658502131700516
FRAG_NEG_trNEGATIVE28289_16_15,0.05336660519242287
FRAG_NEG_trNEGATIVE37930_11_15,0.11853209137916565
FRAG_NEG_trNEGATIVE44670_45_15,0.8111287355422974
FRAG_NEG_trNEGATIVE96629_23_15,0.5067440271377563
FRAG_NEG_trNEGATIVE84700_51_15,0.8216301798820496
FRAG_NEG_trNEGATIVE79333_22_15,0.07673995196819305
FRAG_NEG_trNEGATIVE51325_28_15,0.019866861402988434
FRAG_NEG_trNEGATIVE35915_57_15,0.0796961635351181
FRAG_NEG_trNEGATIVE52747_24_15,0.02331530675292015
FRAG_NEG_trNEGATIVE74817_25_15,0.033675361424684525
FRAG_NEG_trNEGATIVE30369_60_15,0.015423391945660114
FRAG_NEG_trNEGATIVE78377_16_15,0.03927212581038475
FRAG_NEG_trNEGATIVE58863_11_15,0.03517355024814606
FRAG_NEG_trNEGATIVE50779_49_15,0.16076689958572388
FRAG_NEG_trNEGATIVE70535_16_15,0.14908938109874725
FRAG_NEG_trNEGATIVE30764_33_15,0.2673933804035187
FRAG_NEG_trNEGATIVE78334_15_15,0.1593576967716217
FRAG_NEG_trNEGATIVE81117_45_15,0.026839623227715492
FRAG_NEG_trNEGATIVE75964_13_15,0.011490625329315662
FRAG_NEG_trNEGATIVE58867_36_15,0.10882306098937988
FRAG_NEG_trNEGATIVE33900_19_15,0.09301049262285233
FRAG_NEG_trNEGATIVE64614_44_15,0.1317911297082901
FRAG_NEG_trNEGATIVE80644_43_15,0.07241490483283997
FRAG_NEG_trNEGATIVE46069_18_15,0.07628868520259857
FRAG_NEG_trNEGATIVE76556_44_15,0.03401177376508713
FRAG_NEG_trNEGATIVE40563_60_15,0.8940920829772949
FRAG_NEG_trNEGATIVE84285_24_15,0.021338744089007378
FRAG_NEG_trNEGATIVE63180_29_15,0.022173162549734116
FRAG_NEG_trNEGATIVE40925_7_15,0.7643128037452698
FRAG_NEG_trNEGATIVE74034_25_15,0.1351059377193451
FRAG_NEG_trNEGATIVE70603_34_15,0.8335023522377014
FRAG_NEG_trNEGATIVE94208_15_15,0.30723920464515686
FRAG_NEG_trNEGATIVE30558_28_15,0.054387569427490234
FRAG_NEG_trNEGATIVE31183_41_15,0.022762391716241837
FRAG_NEG_trNEGATIVE62438_46_15,0.2756732106208801
FRAG_NEG_trNEGATIVE52066_41_15,0.15901871025562286
FRAG_NEG_trNEGATIVE81281_12_15,0.07234951853752136
FRAG_NEG_trNEGATIVE87969_54_15,0.021703286096453667
FRAG_NEG_trNEGATIVE54144_12_15,0.022085094824433327
FRAG_NEG_trNEGATIVE46050_59_15,0.011570245027542114
FRAG_NEG_trNEGATIVE92477_67_15,0.018145203590393066
FRAG_NEG_trNEGATIVE40866_24_15,0.029423771426081657
FRAG_NEG_trNEGATIVE39219_26_15,0.059606775641441345
FRAG_NEG_trNEGATIVE91154_4_15,0.984993577003479
FRAG_NEG_trNEGATIVE54415_70_15,0.038358885794878006
FRAG_NEG_trNEGATIVE57991_72_15,0.2868821918964386
FRAG_NEG_trNEGATIVE72553_11_15,0.021484335884451866
FRAG_NEG_trNEGATIVE36345_67_15,0.030994901433587074
FRAG_NEG_trNEGATIVE71135_54_15,0.8204270005226135
FRAG_NEG_trNEGATIVE87491_12_15,0.2603521943092346
FRAG_NEG_trNEGATIVE66099_25_15,0.0315772220492363
FRAG_NEG_trNEGATIVE55118_18_15,0.033149927854537964
FRAG_NEG_trNEGATIVE93021_6_15,0.01584986038506031
FRAG_NEG_trNEGATIVE83539_73_15,0.34080249071121216
FRAG_NEG_trNEGATIVE95820_31_15,0.8523725271224976
FRAG_NEG_trNEGATIVE31462_5_15,0.09393089264631271
FRAG_NEG_trNEGATIVE38220_30_15,0.11427345871925354
FRAG_NEG_trNEGATIVE88238_9_15,0.1646953970193863
FRAG_NEG_trNEGATIVE29659_54_15,0.03623078018426895
FRAG_NEG_trNEGATIVE28813_55_15,0.17473457753658295
FRAG_NEG_trNEGATIVE72290_14_15,0.013722261413931847
FRAG_NEG_trNEGATIVE57023_33_15,0.027112172916531563
FRAG_NEG_trNEGATIVE42406_8_15,0.15163306891918182
FRAG_NEG_trNEGATIVE58710_1_15,0.08819922804832458
FRAG_NEG_trNEGATIVE34443_21_15,0.017722846940159798
FRAG_NEG_trNEGATIVE95931_59_15,0.1411697119474411
FRAG_NEG_trNEGATIVE43162_1_15,0.03652522340416908
FRAG_NEG_trNEGATIVE38318_26_15,0.7907543778419495
FRAG_NEG_trNEGATIVE77745_22_15,0.926728367805481
FRAG_NEG_trNEGATIVE50376_16_15,0.06618626415729523
FRAG_NEG_trNEGATIVE92192_1_15,0.678516149520874
FRAG_NEG_trNEGATIVE42249_35_15,0.49171340465545654
FRAG_NEG_trNEGATIVE30091_60_15,0.0350404754281044
FRAG_NEG_trNEGATIVE46094_0_15,0.16741345822811127
FRAG_NEG_trNEGATIVE59475_16_15,0.034602802246809006
FRAG_NEG_trNEGATIVE81056_41_15,0.12002561241388321
FRAG_NEG_trNEGATIVE87853_29_15,0.14547120034694672
FRAG_NEG_trNEGATIVE95673_1_15,0.211371049284935
FRAG_NEG_trNEGATIVE96090_53_15,0.04918474704027176
FRAG_NEG_trNEGATIVE47431_34_15,0.07339605689048767
FRAG_NEG_trNEGATIVE62485_49_15,0.12728175520896912
FRAG_NEG_trNEGATIVE80275_57_15,0.03956999257206917
FRAG_NEG_trNEGATIVE62037_46_15,0.041094619780778885
FRAG_NEG_trNEGATIVE51868_41_15,0.02846357971429825
FRAG_NEG_trNEGATIVE72648_18_15,0.7208928465843201
FRAG_NEG_trNEGATIVE95098_67_15,0.1251133233308792
FRAG_NEG_trNEGATIVE84749_35_15,0.35152849555015564
FRAG_NEG_trNEGATIVE35988_26_15,0.019829995930194855
FRAG_NEG_trNEGATIVE47980_56_15,0.025430859997868538
FRAG_NEG_trNEGATIVE41886_28_15,0.02467045560479164
FRAG_NEG_trNEGATIVE42151_9_15,0.017646711319684982
FRAG_NEG_trNEGATIVE82143_22_15,0.08260034769773483
FRAG_NEG_trNEGATIVE88539_32_15,0.4732448160648346
FRAG_NEG_trNEGATIVE51253_7_15,0.1661950796842575
FRAG_NEG_trNEGATIVE67125_3_15,0.11657644063234329
FRAG_NEG_trNEGATIVE34044_37_15,0.613904595375061
FRAG_NEG_trNEGATIVE81756_51_15,0.13362805545330048
FRAG_NEG_trNEGATIVE72582_2_15,0.8207788467407227
FRAG_NEG_trNEGATIVE92922_47_15,0.024837646633386612
FRAG_NEG_trNEGATIVE43763_48_15,0.5024415254592896
FRAG_NEG_trNEGATIVE65970_29_15,0.12391765415668488
FRAG_NEG_trNEGATIVE94292_49_15,0.05447622761130333
FRAG_NEG_trNEGATIVE28657_3_15,0.02328757382929325
FRAG_NEG_trNEGATIVE66699_11_15,0.6253442168235779
FRAG_NEG_trNEGATIVE89346_8_15,0.08222563564777374
FRAG_NEG_trNEGATIVE70700_20_15,0.26319918036460876
FRAG_NEG_trNEGATIVE65938_23_15,0.0360645093023777
FRAG_NEG_trNEGATIVE68554_30_15,0.14363239705562592
FRAG_NEG_trNEGATIVE92232_39_15,0.05967313423752785
FRAG_NEG_trNEGATIVE62584_14_15,0.1036541759967804
FRAG_NEG_trNEGATIVE87472_23_15,0.04698918014764786
FRAG_NEG_trNEGATIVE33095_25_15,0.03952617570757866
FRAG_NEG_trNEGATIVE46018_7_15,0.04796446114778519
FRAG_NEG_trNEGATIVE93632_50_15,0.05521790683269501
FRAG_NEG_trNEGATIVE48904_13_15,0.032584529370069504
FRAG_NEG_trNEGATIVE67131_30_15,0.05427169054746628
FRAG_NEG_trNEGATIVE84942_77_15,0.07846830040216446
FRAG_NEG_trNEGATIVE93682_13_15,0.09453066438436508
FRAG_NEG_trNEGATIVE63130_29_15,0.05264467000961304
FRAG_NEG_trNEGATIVE85222_29_15,0.06911831349134445
FRAG_NEG_trNEGATIVE77539_8_15,0.17306864261627197
FRAG_NEG_trNEGATIVE69851_5_15,0.0906863808631897
FRAG_NEG_trNEGATIVE36345_70_15,0.033647019416093826
FRAG_NEG_trNEGATIVE51652_33_15,0.0894482210278511
FRAG_NEG_trNEGATIVE85486_16_15,0.016073022037744522
FRAG_NEG_trNEGATIVE94052_20_15,0.07967887073755264
FRAG_NEG_trNEGATIVE74182_27_15,0.04670396074652672
FRAG_NEG_trNEGATIVE88066_40_15,0.5803506970405579
FRAG_NEG_trNEGATIVE91919_44_15,0.02255895733833313
FRAG_NEG_trNEGATIVE87521_33_15,0.11849252134561539
FRAG_NEG_trNEGATIVE68813_14_15,0.07616905868053436
FRAG_NEG_trNEGATIVE89117_32_15,0.20511765778064728
FRAG_NEG_trNEGATIVE54144_30_15,0.09596345573663712
FRAG_NEG_trNEGATIVE64952_16_15,0.023391272872686386
FRAG_NEG_trNEGATIVE81364_26_15,0.2992100417613983
FRAG_NEG_trNEGATIVE89623_11_15,0.017917664721608162
FRAG_NEG_trNEGATIVE81382_59_15,0.017077255994081497
FRAG_NEG_trNEGATIVE52893_44_15,0.09106367081403732
FRAG_NEG_trNEGATIVE60384_45_15,0.024749746546149254
FRAG_NEG_trNEGATIVE43083_50_15,0.061250027269124985
FRAG_NEG_trNEGATIVE41767_43_15,0.029088156297802925
FRAG_NEG_trNEGATIVE66743_26_15,0.08626383543014526
FRAG_NEG_trNEGATIVE90474_35_15,0.09045420587062836
FRAG_NEG_trNEGATIVE82229_26_15,0.09683419018983841
FRAG_NEG_trNEGATIVE81668_48_15,0.22160351276397705
FRAG_NEG_trNEGATIVE75457_9_15,0.12016116827726364
FRAG_NEG_trNEGATIVE74526_21_15,0.10661817342042923
FRAG_NEG_trNEGATIVE89433_31_15,0.3838024437427521
FRAG_NEG_trNEGATIVE90688_51_15,0.01618085242807865
FRAG_NEG_trNEGATIVE85680_30_15,0.016740072518587112
FRAG_NEG_trNEGATIVE89242_14_15,0.07817353308200836
FRAG_NEG_trNEGATIVE87976_10_15,0.1070706844329834
FRAG_NEG_trNEGATIVE37175_59_15,0.06215761974453926
FRAG_NEG_trNEGATIVE79195_74_15,0.020642854273319244
FRAG_NEG_trNEGATIVE86869_20_15,0.031085534021258354
FRAG_NEG_trNEGATIVE32843_42_15,0.37236133217811584
FRAG_NEG_trNEGATIVE31278_41_15,0.06704968214035034
FRAG_NEG_trNEGATIVE95220_28_15,0.012211871333420277
FRAG_NEG_trNEGATIVE81211_13_15,0.04074952378869057
FRAG_NEG_trNEGATIVE28813_62_15,0.018633296713232994
FRAG_NEG_trNEGATIVE86670_3_15,0.044547587633132935
FRAG_NEG_trNEGATIVE54480_6_15,0.0685693547129631
FRAG_NEG_trNEGATIVE32228_36_15,0.039750177413225174
FRAG_NEG_trNEGATIVE74436_2_15,0.07212340831756592
FRAG_NEG_trNEGATIVE65903_33_15,0.6806039810180664
FRAG_NEG_trNEGATIVE68693_52_15,0.015756163746118546
FRAG_NEG_trNEGATIVE49294_32_15,0.5204182267189026
FRAG_NEG_trNEGATIVE43004_56_15,0.30632516741752625
FRAG_NEG_trNEGATIVE52466_28_15,0.02731122076511383
FRAG_NEG_trNEGATIVE88599_8_15,0.05092732608318329
FRAG_NEG_trNEGATIVE46226_65_15,0.43612539768218994
FRAG_NEG_trNEGATIVE90222_29_15,0.03535819053649902
FRAG_NEG_trNEGATIVE94209_48_15,0.03662436082959175
FRAG_NEG_trNEGATIVE56379_4_15,0.20952774584293365
FRAG_NEG_trNEGATIVE55987_9_15,0.02774844318628311
FRAG_NEG_trNEGATIVE42994_56_15,0.03140458092093468
FRAG_NEG_trNEGATIVE49987_65_15,0.035541415214538574
FRAG_NEG_trNEGATIVE85867_20_15,0.028317110612988472
FRAG_NEG_trNEGATIVE65576_31_15,0.04049394652247429
FRAG_NEG_trNEGATIVE76013_34_15,0.2505165636539459
FRAG_NEG_trNEGATIVE45456_40_15,0.026410741731524467
FRAG_NEG_trNEGATIVE50819_20_15,0.05459430441260338
FRAG_NEG_trNEGATIVE58398_75_15,0.04019545018672943
FRAG_NEG_trNEGATIVE60373_6_15,0.08318669348955154
FRAG_NEG_trNEGATIVE41767_28_15,0.03769555315375328
FRAG_NEG_trNEGATIVE31375_59_15,0.07890436798334122
FRAG_NEG_trNEGATIVE87110_53_15,0.017777059227228165
FRAG_NEG_trNEGATIVE50376_31_15,0.056351352483034134
FRAG_NEG_trNEGATIVE60898_18_15,0.11282408237457275
FRAG_NEG_trNEGATIVE79435_52_15,0.020279334858059883
FRAG_NEG_trNEGATIVE41132_4_15,0.024133559316396713
FRAG_NEG_trNEGATIVE59029_38_15,0.029402589425444603
FRAG_NEG_trNEGATIVE71033_57_15,0.037055835127830505
FRAG_NEG_trNEGATIVE53014_50_15,0.08111622929573059
FRAG_NEG_trNEGATIVE31855_31_15,0.03982255980372429
FRAG_NEG_trNEGATIVE61735_56_15,0.026069188490509987
FRAG_NEG_trNEGATIVE38214_24_15,0.14396971464157104
FRAG_NEG_trNEGATIVE92517_21_15,0.1379542499780655
FRAG_NEG_trNEGATIVE43505_43_15,0.025636618956923485
FRAG_NEG_trNEGATIVE33124_48_15,0.013967474922537804
FRAG_NEG_trNEGATIVE39678_5_15,0.5836215019226074
FRAG_NEG_trNEGATIVE77190_33_15,0.11200562119483948
FRAG_NEG_trNEGATIVE60659_70_15,0.051439493894577026
FRAG_NEG_trNEGATIVE78168_38_15,0.10297232866287231
FRAG_NEG_trNEGATIVE58312_40_15,0.018881890922784805
FRAG_NEG_trNEGATIVE41234_3_15,0.8164950013160706
FRAG_NEG_trNEGATIVE41132_28_15,0.06625575572252274
FRAG_NEG_trNEGATIVE89035_5_15,0.042319316416978836
FRAG_NEG_trNEGATIVE32365_68_15,0.035368937999010086
FRAG_NEG_trNEGATIVE87704_66_15,0.02422429248690605
FRAG_NEG_trNEGATIVE58035_14_15,0.020289670675992966
FRAG_NEG_trNEGATIVE95814_8_15,0.16711565852165222
FRAG_NEG_trNEGATIVE68337_23_15,0.21708348393440247
FRAG_NEG_trNEGATIVE60072_60_15,0.0577327162027359
FRAG_NEG_trNEGATIVE67478_12_15,0.0728234350681305
FRAG_NEG_trNEGATIVE41656_74_15,0.15096482634544373
FRAG_NEG_trNEGATIVE32132_40_15,0.015510170720517635
FRAG_NEG_trNEGATIVE93804_57_15,0.03930653631687164
FRAG_NEG_trNEGATIVE57636_10_15,0.04846780374646187
FRAG_NEG_trNEGATIVE95401_16_15,0.15125565230846405
FRAG_NEG_trNEGATIVE55066_11_15,0.0980294942855835
FRAG_NEG_trNEGATIVE62627_31_15,0.2894974648952484
FRAG_NEG_trNEGATIVE39672_15_15,0.04186900705099106
FRAG_NEG_trNEGATIVE75577_31_15,0.14076951146125793
FRAG_NEG_trNEGATIVE48495_63_15,0.0189520251005888
FRAG_NEG_trNEGATIVE39300_65_15,0.021716725081205368
FRAG_NEG_trNEGATIVE58984_10_15,0.04867209121584892
FRAG_NEG_trNEGATIVE43166_54_15,0.1351981908082962
FRAG_NEG_trNEGATIVE96518_25_15,0.014199340716004372
FRAG_NEG_trNEGATIVE54440_2_15,0.023323729634284973
FRAG_NEG_trNEGATIVE74603_18_15,0.1398209035396576
FRAG_NEG_trNEGATIVE71135_8_15,0.20355676114559174
FRAG_NEG_trNEGATIVE50744_20_15,0.011886011809110641
FRAG_NEG_trNEGATIVE81777_66_15,0.06698024272918701
FRAG_NEG_trNEGATIVE43086_29_15,0.061991360038518906
FRAG_NEG_trNEGATIVE28959_26_15,0.03354134038090706
FRAG_NEG_trNEGATIVE73932_11_15,0.49911394715309143
FRAG_NEG_trNEGATIVE31423_24_15,0.593255341053009
FRAG_NEG_trNEGATIVE76009_5_15,0.053131893277168274
FRAG_NEG_trNEGATIVE40853_0_15,0.05892631411552429
FRAG_NEG_trNEGATIVE90302_17_15,0.04957178980112076
FRAG_NEG_trNEGATIVE28246_3_15,0.08471887558698654
FRAG_NEG_trNEGATIVE28484_62_15,0.03824334964156151
FRAG_NEG_trNEGATIVE34839_21_15,0.08124513924121857
FRAG_NEG_trNEGATIVE73239_16_15,0.017126252874732018
FRAG_NEG_trNEGATIVE75843_25_15,0.07145289331674576
FRAG_NEG_trNEGATIVE92791_50_15,0.05198469012975693
FRAG_NEG_trNEGATIVE58430_17_15,0.02714720368385315
FRAG_NEG_trNEGATIVE28576_75_15,0.0336456224322319
FRAG_NEG_trNEGATIVE52832_3_15,0.07335968315601349
FRAG_NEG_trNEGATIVE29015_48_15,0.06877456605434418
FRAG_NEG_trNEGATIVE84587_55_15,0.016155274584889412
FRAG_NEG_trNEGATIVE50874_32_15,0.033082980662584305
FRAG_NEG_trNEGATIVE74184_54_15,0.029214102774858475
FRAG_NEG_trNEGATIVE33921_3_15,0.024026699364185333
FRAG_NEG_trNEGATIVE52319_2_15,0.29325777292251587
FRAG_NEG_trNEGATIVE35952_77_15,0.0963478535413742
FRAG_NEG_trNEGATIVE92004_17_16,0.2872765362262726
FRAG_NEG_trNEGATIVE85075_44_16,0.10202215611934662
FRAG_NEG_trNEGATIVE40533_23_16,0.07281839847564697
FRAG_NEG_trNEGATIVE31778_4_16,0.04356782138347626
FRAG_NEG_trNEGATIVE79147_15_16,0.015706898644566536
FRAG_NEG_trNEGATIVE50790_12_16,0.03208785131573677
FRAG_NEG_trNEGATIVE38219_30_16,0.05078233405947685
FRAG_NEG_trNEGATIVE35222_10_16,0.08359096199274063
FRAG_NEG_trNEGATIVE76068_52_16,0.9675737023353577
FRAG_NEG_trNEGATIVE30948_17_16,0.03921493887901306
FRAG_NEG_trNEGATIVE62217_42_16,0.03213806077837944
FRAG_NEG_trNEGATIVE74946_35_16,0.04046032205224037
FRAG_NEG_trNEGATIVE28729_28_16,0.05968058481812477
FRAG_NEG_trNEGATIVE44503_51_16,0.033364493399858475
FRAG_NEG_trNEGATIVE48971_11_16,0.012415966019034386
FRAG_NEG_trNEGATIVE78988_2_16,0.030214013531804085
FRAG_NEG_trNEGATIVE81769_27_16,0.0334353931248188
FRAG_NEG_trNEGATIVE28755_18_16,0.03347219154238701
FRAG_NEG_trNEGATIVE36538_2_16,0.02985101193189621
FRAG_NEG_trNEGATIVE42561_24_16,0.8440669775009155
FRAG_NEG_trNEGATIVE40988_18_16,0.025935688987374306
FRAG_NEG_trNEGATIVE40244_69_16,0.022599443793296814
FRAG_NEG_trNEGATIVE57376_8_16,0.13458414375782013
FRAG_NEG_trNEGATIVE66783_35_16,0.026772094890475273
FRAG_NEG_trNEGATIVE68980_7_16,0.05125340446829796
FRAG_NEG_trNEGATIVE55392_4_16,0.0887731984257698
FRAG_NEG_trNEGATIVE54857_71_16,0.3720315098762512
FRAG_NEG_trNEGATIVE41920_61_16,0.011027400381863117
FRAG_NEG_trNEGATIVE65576_42_16,0.017900288105010986
FRAG_NEG_trNEGATIVE36653_36_16,0.10679049044847488
FRAG_NEG_trNEGATIVE38671_8_16,0.8312690258026123
FRAG_NEG_trNEGATIVE33314_20_16,0.03290081024169922
FRAG_NEG_trNEGATIVE37447_12_16,0.15817615389823914
FRAG_NEG_trNEGATIVE43835_19_16,0.07429759204387665
FRAG_NEG_trNEGATIVE77681_45_16,0.2728676497936249
FRAG_NEG_trNEGATIVE92335_23_16,0.9624624848365784
FRAG_NEG_trNEGATIVE96167_10_16,0.13381478190422058
FRAG_NEG_trNEGATIVE44949_18_16,0.4414976239204407
FRAG_NEG_trNEGATIVE83511_28_16,0.03957292437553406
FRAG_NEG_trNEGATIVE91162_11_16,0.045820847153663635
FRAG_NEG_trNEGATIVE65267_37_16,0.6734967827796936
FRAG_NEG_trNEGATIVE95793_52_16,0.4814632833003998
FRAG_NEG_trNEGATIVE38608_57_16,0.03491218760609627
FRAG_NEG_trNEGATIVE74360_61_16,0.21695640683174133
FRAG_NEG_trNEGATIVE40204_47_16,0.22399264574050903
FRAG_NEG_trNEGATIVE84942_69_16,0.12956644594669342
FRAG_NEG_trNEGATIVE44703_26_16,0.04696958512067795
FRAG_NEG_trNEGATIVE37549_11_16,0.04041633382439613
FRAG_NEG_trNEGATIVE41886_63_16,0.0695570558309555
FRAG_NEG_trNEGATIVE68527_41_16,0.9564477801322937
FRAG_NEG_trNEGATIVE40259_39_16,0.7120683193206787
FRAG_NEG_trNEGATIVE85084_10_16,0.0566156767308712
FRAG_NEG_trNEGATIVE36370_12_16,0.04371537268161774
FRAG_NEG_trNEGATIVE35154_20_16,0.026238536462187767
FRAG_NEG_trNEGATIVE62769_29_16,0.026269910857081413
FRAG_NEG_trNEGATIVE88682_42_16,0.015783080831170082
FRAG_NEG_trNEGATIVE77185_5_16,0.15783096849918365
FRAG_NEG_trNEGATIVE56804_24_16,0.5500252842903137
FRAG_NEG_trNEGATIVE46561_37_16,0.03217237815260887
FRAG_NEG_trNEGATIVE33335_44_16,0.9391187429428101
FRAG_NEG_trNEGATIVE87083_26_16,0.02094869688153267
FRAG_NEG_trNEGATIVE88233_27_16,0.02597624994814396
FRAG_NEG_trNEGATIVE40424_30_16,0.06795461475849152
FRAG_NEG_trNEGATIVE74736_56_16,0.04447859525680542
FRAG_NEG_trNEGATIVE31517_2_16,0.14323723316192627
FRAG_NEG_trNEGATIVE74791_57_16,0.02274411730468273
FRAG_NEG_trNEGATIVE32910_14_16,0.04875312000513077
FRAG_NEG_trNEGATIVE64633_42_16,0.06786614656448364
FRAG_NEG_trNEGATIVE82568_78_16,0.0474243126809597
FRAG_NEG_trNEGATIVE60312_39_16,0.017192009836435318
FRAG_NEG_trNEGATIVE53980_70_16,0.4633457660675049
FRAG_NEG_trNEGATIVE94714_34_16,0.9417552947998047
FRAG_NEG_trNEGATIVE48559_47_16,0.19534431397914886
FRAG_NEG_trNEGATIVE40968_7_16,0.026965884491801262
FRAG_NEG_trNEGATIVE31684_31_16,0.022735310718417168
FRAG_NEG_trNEGATIVE30449_64_16,0.4867038130760193
FRAG_NEG_trNEGATIVE65861_2_16,0.47305619716644287
FRAG_NEG_trNEGATIVE94292_51_16,0.13081946969032288
FRAG_NEG_trNEGATIVE92641_29_16,0.018340006470680237
FRAG_NEG_trNEGATIVE92127_18_16,0.04151239991188049
FRAG_NEG_trNEGATIVE44384_17_16,0.06682571023702621
FRAG_NEG_trNEGATIVE78954_28_16,0.9320235252380371
FRAG_NEG_trNEGATIVE94017_12_16,0.017398947849869728
FRAG_NEG_trNEGATIVE83228_2_16,0.17142663896083832
FRAG_NEG_trNEGATIVE67613_2_16,0.06578653305768967
FRAG_NEG_trNEGATIVE54914_8_16,0.8793857097625732
FRAG_NEG_trNEGATIVE68972_43_16,0.4149326980113983
FRAG_NEG_trNEGATIVE67888_6_16,0.403156042098999
FRAG_NEG_trNEGATIVE58718_58_16,0.05754802003502846
FRAG_NEG_trNEGATIVE86831_7_16,0.02116711251437664
FRAG_NEG_trNEGATIVE65249_65_16,0.03929823264479637
FRAG_NEG_trNEGATIVE94818_14_16,0.6984329223632812
FRAG_NEG_trNEGATIVE48986_17_16,0.05082254856824875
FRAG_NEG_trNEGATIVE60767_28_16,0.031164873391389847
FRAG_NEG_trNEGATIVE59357_12_16,0.0348462276160717
FRAG_NEG_trNEGATIVE84260_15_16,0.04829971864819527
FRAG_NEG_trNEGATIVE53736_84_16,0.21383117139339447
FRAG_NEG_trNEGATIVE45035_31_16,0.03057154081761837
FRAG_NEG_trNEGATIVE92537_9_16,0.42061370611190796
FRAG_NEG_trNEGATIVE59717_22_16,0.040528472512960434
FRAG_NEG_trNEGATIVE37883_9_16,0.09571966528892517
FRAG_NEG_trNEGATIVE34363_61_16,0.031895171850919724
FRAG_NEG_trNEGATIVE60930_8_16,0.09116536378860474
FRAG_NEG_trNEGATIVE43609_43_16,0.3569042980670929
FRAG_NEG_trNEGATIVE70393_4_16,0.022923361510038376
FRAG_NEG_trNEGATIVE28224_10_16,0.08472630381584167
FRAG_NEG_trNEGATIVE91130_28_16,0.06922732293605804
FRAG_NEG_trNEGATIVE93817_32_16,0.054365918040275574
FRAG_NEG_trNEGATIVE50867_46_16,0.018347570672631264
FRAG_NEG_trNEGATIVE76283_24_16,0.20748862624168396
FRAG_NEG_trNEGATIVE67566_7_16,0.10555235296487808
FRAG_NEG_trNEGATIVE62365_21_16,0.05599920451641083
FRAG_NEG_trNEGATIVE45208_50_16,0.14588123559951782
FRAG_NEG_trNEGATIVE76879_33_16,0.042063262313604355
FRAG_NEG_trNEGATIVE30369_0_16,0.029857302084565163
FRAG_NEG_trNEGATIVE84326_46_16,0.0742926374077797
FRAG_NEG_trNEGATIVE78677_30_16,0.3174339532852173
FRAG_NEG_trNEGATIVE86220_32_16,0.11552183330059052
FRAG_NEG_trNEGATIVE87476_25_16,0.018704716116189957
FRAG_NEG_trNEGATIVE90579_53_16,0.08194951713085175
FRAG_NEG_trNEGATIVE47954_44_16,0.055575884878635406
FRAG_NEG_trNEGATIVE28195_12_16,0.10699301213026047
FRAG_NEG_trNEGATIVE86666_33_16,0.03130224347114563
FRAG_NEG_trNEGATIVE33180_64_16,0.02859499119222164
FRAG_NEG_trNEGATIVE45235_20_16,0.09530486911535263
FRAG_NEG_trNEGATIVE48495_62_16,0.01939571462571621
FRAG_NEG_trNEGATIVE79038_32_16,0.044120997190475464
FRAG_NEG_trNEGATIVE44293_32_16,0.8088866472244263
FRAG_NEG_trNEGATIVE35903_51_16,0.0395662859082222
FRAG_NEG_trNEGATIVE64723_33_16,0.012119701132178307
FRAG_NEG_trNEGATIVE63531_37_16,0.1044422909617424
FRAG_NEG_trNEGATIVE31139_73_16,0.030326297506690025
FRAG_NEG_trNEGATIVE60601_49_16,0.17160192131996155
FRAG_NEG_trNEGATIVE68397_41_16,0.03216034173965454
FRAG_NEG_trNEGATIVE42096_45_16,0.011796734295785427
FRAG_NEG_trNEGATIVE94831_49_16,0.09266360104084015
FRAG_NEG_trNEGATIVE77263_10_16,0.02916712500154972
FRAG_NEG_trNEGATIVE48720_38_16,0.024531712755560875
FRAG_NEG_trNEGATIVE91353_21_16,0.03623316437005997
FRAG_NEG_trNEGATIVE93505_39_16,0.047928884625434875
FRAG_NEG_trNEGATIVE70934_31_16,0.05759880691766739
FRAG_NEG_trNEGATIVE61977_11_16,0.7759808301925659
FRAG_NEG_trNEGATIVE86087_2_16,0.03237880393862724
FRAG_NEG_trNEGATIVE80088_46_16,0.07199747115373611
FRAG_NEG_trNEGATIVE89587_57_16,0.6906716823577881
FRAG_NEG_trNEGATIVE70956_67_16,0.028032487258315086
FRAG_NEG_trNEGATIVE80119_30_16,0.2394164502620697
FRAG_NEG_trNEGATIVE52530_72_16,0.9301263093948364
FRAG_NEG_trNEGATIVE76267_58_16,0.14446203410625458
FRAG_NEG_trNEGATIVE39300_77_16,0.051506660878658295
FRAG_NEG_trNEGATIVE70875_5_16,0.11944171041250229
FRAG_NEG_trNEGATIVE61300_5_16,0.05259538069367409
FRAG_NEG_trNEGATIVE79768_43_16,0.0333588644862175
FRAG_NEG_trNEGATIVE31684_1_16,0.17659394443035126
FRAG_NEG_trNEGATIVE80883_20_16,0.027965877205133438
FRAG_NEG_trNEGATIVE80956_19_16,0.03130404278635979
FRAG_NEG_trNEGATIVE95503_3_16,0.020866233855485916
FRAG_NEG_trNEGATIVE81621_40_16,0.31451719999313354
FRAG_NEG_trNEGATIVE92161_54_16,0.01573970913887024
FRAG_NEG_trNEGATIVE44054_20_16,0.06339079886674881
FRAG_NEG_trNEGATIVE40116_8_16,0.020267147570848465
FRAG_NEG_trNEGATIVE85924_55_16,0.10487214475870132
FRAG_NEG_trNEGATIVE54373_6_16,0.11844481527805328
FRAG_NEG_trNEGATIVE85002_13_16,0.37369024753570557
FRAG_NEG_trNEGATIVE50739_11_16,0.04276028275489807
FRAG_NEG_trNEGATIVE57136_27_16,0.02486700378358364
FRAG_NEG_trNEGATIVE35895_36_16,0.027958493679761887
FRAG_NEG_trNEGATIVE64605_53_16,0.03482824191451073
FRAG_NEG_trNEGATIVE73663_54_16,0.12343154102563858
FRAG_NEG_trNEGATIVE91991_45_16,0.20195342600345612
FRAG_NEG_trNEGATIVE71305_13_16,0.016085734590888023
FRAG_NEG_trNEGATIVE35927_12_16,0.02309323661029339
FRAG_NEG_trNEGATIVE80302_51_16,0.03096017800271511
FRAG_NEG_trNEGATIVE55270_25_16,0.1738685816526413
FRAG_NEG_trNEGATIVE46189_14_16,0.1520019769668579
FRAG_NEG_trNEGATIVE58934_29_16,0.05599422752857208
FRAG_NEG_trNEGATIVE81346_50_16,0.11734642833471298
FRAG_NEG_trNEGATIVE28014_18_16,0.015569783747196198
FRAG_NEG_trNEGATIVE68402_49_16,0.023141156882047653
FRAG_NEG_trNEGATIVE53567_2_16,0.21987463533878326
FRAG_NEG_trNEGATIVE36275_32_16,0.02994990348815918
FRAG_NEG_trNEGATIVE37957_44_16,0.9768264889717102
FRAG_NEG_trNEGATIVE52191_4_16,0.04652686044573784
FRAG_NEG_trNEGATIVE71193_53_16,0.08173132687807083
FRAG_NEG_trNEGATIVE64700_0_16,0.044609855860471725
FRAG_NEG_trNEGATIVE43505_35_16,0.031424108892679214
FRAG_NEG_trNEGATIVE73022_37_16,0.04194088280200958
FRAG_NEG_trNEGATIVE45190_2_16,0.028278898447752
FRAG_NEG_trNEGATIVE79961_28_16,0.17258615791797638
FRAG_NEG_trNEGATIVE82308_46_16,0.015165278688073158
FRAG_NEG_trNEGATIVE33929_25_16,0.10287456959486008
FRAG_NEG_trNEGATIVE28453_59_16,0.015136699192225933
FRAG_NEG_trNEGATIVE54440_21_16,0.016303570941090584
FRAG_NEG_trNEGATIVE29717_27_16,0.22155284881591797
FRAG_NEG_trNEGATIVE34860_32_16,0.04581887647509575
FRAG_NEG_trNEGATIVE47943_66_16,0.13597233593463898
FRAG_NEG_trNEGATIVE80659_65_16,0.5709232687950134
FRAG_NEG_trNEGATIVE49538_0_16,0.02172553539276123
FRAG_NEG_trNEGATIVE83182_67_16,0.4162555932998657
FRAG_NEG_trNEGATIVE55992_17_16,0.024527201429009438
FRAG_NEG_trNEGATIVE88017_45_16,0.012645997107028961
FRAG_NEG_trNEGATIVE63742_35_16,0.09510692954063416
FRAG_NEG_trNEGATIVE28970_30_16,0.17753702402114868
FRAG_NEG_trNEGATIVE52672_3_16,0.03363601490855217
FRAG_NEG_trNEGATIVE45852_15_16,0.010551988147199154
FRAG_NEG_trNEGATIVE87120_1_16,0.01869393140077591
FRAG_NEG_trNEGATIVE64540_21_16,0.025154268369078636
FRAG_NEG_trNEGATIVE48120_33_16,0.013046497479081154
FRAG_NEG_trNEGATIVE86973_50_16,0.020451119169592857
FRAG_NEG_trNEGATIVE39940_60_16,0.3410301208496094
FRAG_NEG_trNEGATIVE44225_44_16,0.05113821476697922
FRAG_NEG_trNEGATIVE96434_2_16,0.0413852296769619
FRAG_NEG_trNEGATIVE45060_53_16,0.04995373636484146
FRAG_NEG_trNEGATIVE41718_3_16,0.1276320368051529
FRAG_NEG_trNEGATIVE59574_37_16,0.10454811900854111
FRAG_NEG_trNEGATIVE50788_19_16,0.05294053256511688
FRAG_NEG_trNEGATIVE93420_2_16,0.03389732167124748
FRAG_NEG_trNEGATIVE45571_44_16,0.017210405319929123
FRAG_NEG_trNEGATIVE43944_24_16,0.05404863879084587
FRAG_NEG_trNEGATIVE50700_50_16,0.03422923758625984
FRAG_NEG_trNEGATIVE96930_54_16,0.16620197892189026
FRAG_NEG_trNEGATIVE87653_7_16,0.019107360392808914
FRAG_NEG_trNEGATIVE69895_19_16,0.04103086516261101
FRAG_NEG_trNEGATIVE27515_48_16,0.012016570195555687
FRAG_NEG_trNEGATIVE46224_67_16,0.03157523646950722
FRAG_NEG_trNEGATIVE59129_19_16,0.30017879605293274
FRAG_NEG_trNEGATIVE40152_35_16,0.0734037384390831
FRAG_NEG_trNEGATIVE43001_41_16,0.02764616720378399
FRAG_NEG_trNEGATIVE48986_40_16,0.6637251377105713
FRAG_NEG_trNEGATIVE41659_36_16,0.31829535961151123
FRAG_NEG_trNEGATIVE72967_10_16,0.062319859862327576
FRAG_NEG_trNEGATIVE89767_23_16,0.08984128385782242
FRAG_NEG_trNEGATIVE29659_50_16,0.04312616586685181
FRAG_NEG_trNEGATIVE81209_10_16,0.0798637643456459
FRAG_NEG_trNEGATIVE48993_17_16,0.018232667818665504
FRAG_NEG_trNEGATIVE60235_23_16,0.18264122307300568
FRAG_NEG_trNEGATIVE62338_50_16,0.04749177768826485
FRAG_NEG_trNEGATIVE82469_29_16,0.10516737401485443
FRAG_NEG_trNEGATIVE78001_58_16,0.07663687318563461
FRAG_NEG_trNEGATIVE36562_51_16,0.06427555531263351
FRAG_NEG_trNEGATIVE96783_12_16,0.29739540815353394
FRAG_NEG_trNEGATIVE90101_37_16,0.3425794243812561
FRAG_NEG_trNEGATIVE59274_47_16,0.11401040107011795
FRAG_NEG_trNEGATIVE82897_48_16,0.059194646775722504
FRAG_NEG_trNEGATIVE64220_55_16,0.3503992557525635
FRAG_NEG_trNEGATIVE82169_29_16,0.6781108975410461
FRAG_NEG_trNEGATIVE70788_20_16,0.03519338741898537
FRAG_NEG_trNEGATIVE75577_9_16,0.2989708483219147
FRAG_NEG_trNEGATIVE70441_42_16,0.05687637999653816
FRAG_NEG_trNEGATIVE89542_15_16,0.1228046640753746
FRAG_NEG_trNEGATIVE76739_2_16,0.5123104453086853
FRAG_NEG_trNEGATIVE62949_21_16,0.16943180561065674
FRAG_NEG_trNEGATIVE42249_40_16,0.8602150082588196
FRAG_NEG_trNEGATIVE64850_45_16,0.02095174230635166
FRAG_NEG_trNEGATIVE35196_61_16,0.015714135020971298
FRAG_NEG_trNEGATIVE92796_41_16,0.03614821657538414
FRAG_NEG_trNEGATIVE90508_13_16,0.8168451189994812
FRAG_NEG_trNEGATIVE94939_53_16,0.5203839540481567
FRAG_NEG_trNEGATIVE78224_6_16,0.03294907510280609
FRAG_NEG_trNEGATIVE86415_21_16,0.6186346411705017
FRAG_NEG_trNEGATIVE46475_30_16,0.05988847464323044
FRAG_NEG_trNEGATIVE36752_28_16,0.4428405165672302
FRAG_NEG_trNEGATIVE91157_0_16,0.01596103049814701
FRAG_NEG_trNEGATIVE52449_40_16,0.21298083662986755
FRAG_NEG_trNEGATIVE48152_62_16,0.10131742060184479
FRAG_NEG_trNEGATIVE69773_17_16,0.04163428023457527
FRAG_NEG_trNEGATIVE40259_31_16,0.06966795772314072
FRAG_NEG_trNEGATIVE56951_12_16,0.024705758318305016
FRAG_NEG_trNEGATIVE50059_1_16,0.047563377767801285
FRAG_NEG_trNEGATIVE50146_25_16,0.07764432579278946
FRAG_NEG_trNEGATIVE93102_79_16,0.02052043192088604
FRAG_NEG_trNEGATIVE65731_32_16,0.031143182888627052
FRAG_NEG_trNEGATIVE67604_6_16,0.0748041421175003
FRAG_NEG_trNEGATIVE31154_49_16,0.039667412638664246
FRAG_NEG_trNEGATIVE85002_19_16,0.09497929364442825
FRAG_NEG_trNEGATIVE71115_7_16,0.019038379192352295
FRAG_NEG_trNEGATIVE28334_43_16,0.10459435731172562
FRAG_NEG_trNEGATIVE80858_25_16,0.028339529410004616
FRAG_NEG_trNEGATIVE29015_42_16,0.03157293424010277
FRAG_NEG_trNEGATIVE96786_42_16,0.960874617099762
FRAG_NEG_trNEGATIVE74726_1_16,0.03654469549655914
FRAG_NEG_trNEGATIVE86666_74_16,0.04052020236849785
FRAG_NEG_trNEGATIVE43356_15_16,0.03866550326347351
FRAG_NEG_trNEGATIVE47649_3_16,0.01719837635755539
FRAG_NEG_trNEGATIVE95856_74_16,0.012652224861085415
FRAG_NEG_trNEGATIVE90331_40_16,0.12298549711704254
FRAG_NEG_trNEGATIVE31628_2_16,0.038981564342975616
FRAG_NEG_trNEGATIVE38596_62_16,0.040308207273483276
FRAG_NEG_trNEGATIVE45601_22_16,0.03633727878332138
FRAG_NEG_trNEGATIVE49910_26_16,0.019332828000187874
FRAG_NEG_trNEGATIVE72261_18_16,0.20042020082473755
FRAG_NEG_trNEGATIVE78223_50_16,0.042681094259023666
FRAG_NEG_trNEGATIVE51538_24_16,0.035298243165016174
FRAG_NEG_trNEGATIVE52587_45_16,0.016348199918866158
FRAG_NEG_trNEGATIVE93923_51_16,0.08679170161485672
FRAG_NEG_trNEGATIVE61021_39_16,0.23782122135162354
FRAG_NEG_trNEGATIVE56232_8_16,0.010697168298065662
FRAG_NEG_trNEGATIVE71096_6_16,0.017520183697342873
FRAG_NEG_trNEGATIVE79033_4_16,0.20158974826335907
FRAG_NEG_trNEGATIVE51908_35_16,0.025998525321483612
FRAG_NEG_trNEGATIVE69126_8_16,0.02261151187121868
FRAG_NEG_trNEGATIVE96180_25_16,0.6563326716423035
FRAG_NEG_trNEGATIVE49831_23_16,0.20839866995811462
FRAG_NEG_trNEGATIVE67998_47_16,0.11757473647594452
FRAG_NEG_trNEGATIVE86577_25_16,0.016285045072436333
FRAG_NEG_trNEGATIVE37267_28_16,0.0578262098133564
FRAG_NEG_trNEGATIVE35026_23_16,0.024459360167384148
FRAG_NEG_trNEGATIVE76788_55_16,0.09729346632957458
FRAG_NEG_trNEGATIVE63373_54_16,0.04354207590222359
FRAG_NEG_trNEGATIVE53980_27_16,0.024744367226958275
FRAG_NEG_trNEGATIVE89176_23_16,0.9383249878883362
FRAG_NEG_trNEGATIVE97540_8_16,0.9491517543792725
FRAG_NEG_trNEGATIVE85930_44_16,0.11792279779911041
FRAG_NEG_trNEGATIVE69195_12_16,0.6662623882293701
FRAG_NEG_trNEGATIVE57256_2_16,0.03828499838709831
FRAG_NEG_trNEGATIVE73214_42_16,0.9167395234107971
FRAG_NEG_trNEGATIVE39185_19_16,0.027580851688981056
FRAG_NEG_trNEGATIVE86108_37_16,0.15241752564907074
FRAG_NEG_trNEGATIVE56467_8_16,0.05973931774497032
FRAG_NEG_trNEGATIVE74184_57_16,0.024346688762307167
FRAG_NEG_trNEGATIVE50504_53_16,0.030884213745594025
FRAG_NEG_trNEGATIVE86785_60_16,0.026659879833459854
FRAG_NEG_trNEGATIVE59745_53_16,0.04764844477176666
FRAG_NEG_trNEGATIVE38671_14_16,0.29227352142333984
FRAG_NEG_trNEGATIVE77263_40_16,0.05445873737335205
FRAG_NEG_trNEGATIVE79202_58_16,0.1072145402431488
FRAG_NEG_trNEGATIVE44699_15_16,0.16692452132701874
FRAG_NEG_trNEGATIVE79202_1_16,0.06163030490279198
FRAG_NEG_trNEGATIVE66206_35_16,0.03635009005665779
FRAG_NEG_trNEGATIVE54686_15_16,0.06323587149381638
FRAG_NEG_trNEGATIVE29460_45_16,0.04841984808444977
FRAG_NEG_trNEGATIVE48972_7_16,0.29010695219039917
FRAG_NEG_trNEGATIVE49285_6_16,0.5814062356948853
FRAG_NEG_trNEGATIVE39288_31_16,0.09182877838611603
FRAG_NEG_trNEGATIVE76230_27_16,0.16366368532180786
FRAG_NEG_trNEGATIVE43372_41_16,0.17975039780139923
FRAG_NEG_trNEGATIVE86892_26_16,0.04771275073289871
FRAG_NEG_trNEGATIVE75977_34_16,0.5524036288261414
FRAG_NEG_trNEGATIVE63916_28_16,0.056162528693675995
FRAG_NEG_trNEGATIVE52522_26_16,0.035910654813051224
FRAG_NEG_trNEGATIVE86577_2_16,0.8156577348709106
FRAG_NEG_trNEGATIVE73084_14_16,0.3358159065246582
FRAG_NEG_trNEGATIVE33900_33_16,0.0764334425330162
FRAG_NEG_trNEGATIVE64168_32_16,0.13645419478416443
FRAG_NEG_trNEGATIVE80087_43_16,0.01987566612660885
FRAG_NEG_trNEGATIVE41609_54_16,0.0176229290664196
FRAG_NEG_trNEGATIVE42819_55_16,0.020899290218949318
FRAG_NEG_trNEGATIVE85245_36_16,0.07493005692958832
FRAG_NEG_trNEGATIVE48410_18_16,0.1423904299736023
FRAG_NEG_trNEGATIVE76074_52_16,0.20224729180335999
FRAG_NEG_trNEGATIVE62646_46_16,0.40612679719924927
FRAG_NEG_trNEGATIVE69382_47_16,0.6041866540908813
FRAG_NEG_trNEGATIVE49305_29_16,0.02831357717514038
FRAG_NEG_trNEGATIVE67464_13_16,0.02654808573424816
FRAG_NEG_trNEGATIVE28600_8_16,0.1332225650548935
FRAG_NEG_trNEGATIVE29106_62_16,0.018437761813402176
FRAG_NEG_trNEGATIVE90625_52_16,0.01832888089120388
FRAG_NEG_trNEGATIVE66454_11_16,0.047070037573575974
FRAG_NEG_trNEGATIVE44730_49_16,0.017590457573533058
FRAG_NEG_trNEGATIVE76074_38_16,0.5837898850440979
FRAG_NEG_trNEGATIVE46582_34_16,0.09449589997529984
FRAG_NEG_trNEGATIVE44694_5_16,0.036498572677373886
FRAG_NEG_trNEGATIVE77659_22_16,0.03357459977269173
FRAG_NEG_trNEGATIVE74572_27_16,0.06240642070770264
FRAG_NEG_trNEGATIVE84790_28_16,0.043156564235687256
FRAG_NEG_trNEGATIVE97568_64_16,0.6321381330490112
FRAG_NEG_trNEGATIVE78551_51_16,0.05029886215925217
FRAG_NEG_trNEGATIVE80483_47_16,0.10948964953422546
FRAG_NEG_trNEGATIVE44058_5_16,0.0406319797039032
FRAG_NEG_trNEGATIVE62668_63_16,0.3014654815196991
FRAG_NEG_trNEGATIVE89184_67_16,0.25925424695014954
FRAG_NEG_trNEGATIVE42689_24_16,0.1260688602924347
FRAG_NEG_trNEGATIVE96298_17_16,0.06315221637487411
FRAG_NEG_trNEGATIVE88247_25_16,0.10671427845954895
FRAG_NEG_trNEGATIVE36290_7_16,0.4893881380558014
FRAG_NEG_trNEGATIVE27956_59_16,0.021782157942652702
FRAG_NEG_trNEGATIVE72553_5_16,0.022625945508480072
FRAG_NEG_trNEGATIVE65270_35_16,0.031373120844364166
FRAG_NEG_trNEGATIVE73694_27_16,0.09038057923316956
FRAG_NEG_trNEGATIVE35188_10_16,0.04027187451720238
FRAG_NEG_trNEGATIVE68813_17_16,0.04279088228940964
FRAG_NEG_trNEGATIVE30647_48_16,0.1181289404630661
FRAG_NEG_trNEGATIVE42010_8_16,0.02705114707350731
FRAG_NEG_trNEGATIVE80221_20_16,0.03100183792412281
FRAG_NEG_trNEGATIVE97544_29_16,0.03072097897529602
FRAG_NEG_trNEGATIVE57102_4_16,0.07151097804307938
FRAG_NEG_trNEGATIVE65010_7_16,0.25168323516845703
FRAG_NEG_trNEGATIVE96937_9_16,0.02358403243124485
FRAG_NEG_trNEGATIVE83228_23_16,0.029440928250551224
FRAG_NEG_trNEGATIVE66279_22_16,0.30760958790779114
FRAG_NEG_trNEGATIVE70325_31_16,0.09036556631326675
FRAG_NEG_trNEGATIVE82808_2_16,0.9186793565750122
FRAG_NEG_trNEGATIVE44996_54_16,0.029444558545947075
FRAG_NEG_trNEGATIVE38371_70_16,0.05455281585454941
FRAG_NEG_trNEGATIVE39688_27_16,0.07708033919334412
FRAG_NEG_trNEGATIVE50090_13_16,0.13166557252407074
FRAG_NEG_trNEGATIVE64190_19_16,0.04602345824241638
FRAG_NEG_trNEGATIVE51070_54_16,0.09317274391651154
FRAG_NEG_trNEGATIVE78381_38_16,0.0186332818120718
FRAG_NEG_trNEGATIVE36084_68_16,0.02207326516509056
FRAG_NEG_trNEGATIVE69216_68_16,0.013095763511955738
FRAG_NEG_trNEGATIVE40980_44_16,0.9726245403289795
FRAG_NEG_trNEGATIVE83485_55_16,0.09960563480854034
FRAG_NEG_trNEGATIVE92127_14_16,0.05847287178039551
FRAG_NEG_trNEGATIVE42893_7_16,0.07335352897644043
FRAG_NEG_trNEGATIVE87165_56_16,0.043837230652570724
FRAG_NEG_trNEGATIVE91196_5_16,0.3433213531970978
FRAG_NEG_trNEGATIVE89832_0_16,0.059290796518325806
FRAG_NEG_trNEGATIVE95448_48_16,0.10373956710100174
FRAG_NEG_trNEGATIVE80787_28_16,0.06226259842514992
FRAG_NEG_trNEGATIVE83875_21_16,0.061676621437072754
FRAG_NEG_trNEGATIVE33646_16_16,0.23019622266292572
FRAG_NEG_trNEGATIVE96170_0_16,0.02998409979045391
FRAG_NEG_trNEGATIVE74351_79_16,0.02642670087516308
FRAG_NEG_trNEGATIVE80716_2_16,0.06043240427970886
FRAG_NEG_trNEGATIVE40100_12_16,0.046457014977931976
FRAG_NEG_trNEGATIVE76485_69_16,0.0704067051410675
FRAG_NEG_trNEGATIVE83357_47_16,0.9127609133720398
FRAG_NEG_trNEGATIVE39838_51_16,0.1154128685593605
FRAG_NEG_trNEGATIVE91442_34_16,0.7751762270927429
FRAG_NEG_trNEGATIVE45481_6_16,0.4292498230934143
FRAG_NEG_trNEGATIVE84700_49_16,0.1694684624671936
FRAG_NEG_trNEGATIVE37677_14_16,0.022574707865715027
FRAG_NEG_trNEGATIVE68121_51_16,0.010458476841449738
FRAG_NEG_trNEGATIVE39771_14_16,0.02808569371700287
FRAG_NEG_trNEGATIVE70698_17_16,0.835445761680603
FRAG_NEG_trNEGATIVE62896_31_16,0.788653552532196
FRAG_NEG_trNEGATIVE51467_9_16,0.028616977855563164
FRAG_NEG_trNEGATIVE70267_63_16,0.09071701020002365
FRAG_NEG_trNEGATIVE65364_69_16,0.015401323325932026
FRAG_NEG_trNEGATIVE53671_57_16,0.13220804929733276
FRAG_NEG_trNEGATIVE59493_22_16,0.029867300763726234
FRAG_NEG_trNEGATIVE80221_14_16,0.03118695318698883
FRAG_NEG_trNEGATIVE37994_26_16,0.39243191480636597
FRAG_NEG_trNEGATIVE53259_10_16,0.027121292427182198
FRAG_NEG_trNEGATIVE32567_30_16,0.7280285358428955
FRAG_NEG_trNEGATIVE28456_59_16,0.07531221956014633
FRAG_NEG_trNEGATIVE60368_37_16,0.25056222081184387
FRAG_NEG_trNEGATIVE71780_27_16,0.054994966834783554
FRAG_NEG_trNEGATIVE41457_19_16,0.95329350233078
FRAG_NEG_trNEGATIVE88900_64_16,0.047786250710487366
FRAG_NEG_trNEGATIVE72133_1_16,0.021808121353387833
FRAG_NEG_trNEGATIVE89718_10_16,0.5990587472915649
FRAG_NEG_trNEGATIVE38860_37_16,0.0543094277381897
FRAG_NEG_trNEGATIVE86732_11_16,0.04174016788601875
FRAG_NEG_trNEGATIVE97267_31_16,0.6400895118713379
FRAG_NEG_trNEGATIVE39793_10_16,0.012925740331411362
FRAG_NEG_trNEGATIVE92907_33_16,0.41697824001312256
FRAG_NEG_trNEGATIVE70441_8_16,0.06669783592224121
FRAG_NEG_trNEGATIVE34365_43_17,0.3382268249988556
FRAG_NEG_trNEGATIVE71562_24_17,0.04224465787410736
FRAG_NEG_trNEGATIVE95054_55_17,0.026371490210294724
FRAG_NEG_trNEGATIVE68112_29_17,0.030882559716701508
FRAG_NEG_trNEGATIVE70594_5_17,0.04910838231444359
FRAG_NEG_trNEGATIVE62084_19_17,0.03410203382372856
FRAG_NEG_trNEGATIVE32585_20_17,0.07889075577259064
FRAG_NEG_trNEGATIVE69351_3_17,0.03827016055583954
FRAG_NEG_trNEGATIVE63567_4_17,0.03168240562081337
FRAG_NEG_trNEGATIVE29366_50_17,0.051114439964294434
FRAG_NEG_trNEGATIVE34370_28_17,0.028002388775348663
FRAG_NEG_trNEGATIVE97332_16_17,0.23650622367858887
FRAG_NEG_trNEGATIVE42400_54_17,0.009706243872642517
FRAG_NEG_trNEGATIVE72919_78_17,0.03098626434803009
FRAG_NEG_trNEGATIVE48964_12_17,0.23241113126277924
FRAG_NEG_trNEGATIVE95219_47_17,0.11231641471385956
FRAG_NEG_trNEGATIVE67287_59_17,0.03613854944705963
FRAG_NEG_trNEGATIVE91415_74_17,0.06268023699522018
FRAG_NEG_trNEGATIVE81708_15_17,0.05068382993340492
FRAG_NEG_trNEGATIVE92954_59_17,0.08769137412309647
FRAG_NEG_trNEGATIVE70668_60_17,0.05397339165210724
FRAG_NEG_trNEGATIVE84292_4_17,0.18238969147205353
FRAG_NEG_trNEGATIVE67117_33_17,0.037876296788454056
FRAG_NEG_trNEGATIVE58935_15_17,0.03937484696507454
FRAG_NEG_trNEGATIVE58334_34_17,0.06727255135774612
FRAG_NEG_trNEGATIVE47369_18_17,0.19747206568717957
FRAG_NEG_trNEGATIVE81661_17_17,0.13976149260997772
FRAG_NEG_trNEGATIVE74182_6_17,0.6529353857040405
FRAG_NEG_trNEGATIVE53380_32_17,0.021037263795733452
FRAG_NEG_trNEGATIVE68465_49_17,0.03510354831814766
FRAG_NEG_trNEGATIVE70084_39_17,0.13499712944030762
FRAG_NEG_trNEGATIVE32633_21_17,0.22746384143829346
FRAG_NEG_trNEGATIVE76485_8_17,0.13476428389549255
FRAG_NEG_trNEGATIVE27564_50_17,0.24470843374729156
FRAG_NEG_trNEGATIVE88445_6_17,0.09414927661418915
FRAG_NEG_trNEGATIVE27881_37_17,0.03850549831986427
FRAG_NEG_trNEGATIVE81335_22_17,0.017127545550465584
FRAG_NEG_trNEGATIVE76814_22_17,0.017650678753852844
FRAG_NEG_trNEGATIVE56358_17_17,0.027161438018083572
FRAG_NEG_trNEGATIVE96587_40_17,0.2070772796869278
FRAG_NEG_trNEGATIVE74374_26_17,0.41543230414390564
FRAG_NEG_trNEGATIVE46479_42_17,0.07432118058204651
FRAG_NEG_trNEGATIVE62212_16_17,0.01827646605670452
FRAG_NEG_trNEGATIVE89408_3_17,0.4872904121875763
FRAG_NEG_trNEGATIVE96505_21_17,0.07415541261434555
FRAG_NEG_trNEGATIVE78543_20_17,0.061764176934957504
FRAG_NEG_trNEGATIVE39971_21_17,0.04644418880343437
FRAG_NEG_trNEGATIVE51963_11_17,0.9468054175376892
FRAG_NEG_trNEGATIVE31778_26_17,0.07180048525333405
FRAG_NEG_trNEGATIVE45411_36_17,0.07258249074220657
FRAG_NEG_trNEGATIVE44904_1_17,0.349592000246048
FRAG_NEG_trNEGATIVE77990_61_17,0.0425453707575798
FRAG_NEG_trNEGATIVE27872_58_17,0.04697413742542267
FRAG_NEG_trNEGATIVE50130_18_17,0.05119781941175461
FRAG_NEG_trNEGATIVE46331_3_17,0.06835300475358963
FRAG_NEG_trNEGATIVE38089_37_17,0.15452560782432556
FRAG_NEG_trNEGATIVE90276_19_17,0.0403289720416069
FRAG_NEG_trNEGATIVE78223_34_17,0.708107054233551
FRAG_NEG_trNEGATIVE68229_70_17,0.020123664289712906
FRAG_NEG_trNEGATIVE64188_36_17,0.042126886546611786
FRAG_NEG_trNEGATIVE40897_36_17,0.020796025171875954
FRAG_NEG_trNEGATIVE89076_54_17,0.8473540544509888
FRAG_NEG_trNEGATIVE34430_20_17,0.023893361911177635
FRAG_NEG_trNEGATIVE93501_13_17,0.046814724802970886
FRAG_NEG_trNEGATIVE78139_26_17,0.020876426249742508
FRAG_NEG_trNEGATIVE66761_35_17,0.0260327011346817
FRAG_NEG_trNEGATIVE69114_6_17,0.7319509387016296
FRAG_NEG_trNEGATIVE62627_9_17,0.1157587543129921
FRAG_NEG_trNEGATIVE51070_26_17,0.2053217738866806
FRAG_NEG_trNEGATIVE38271_8_17,0.04551522061228752
FRAG_NEG_trNEGATIVE80494_3_17,0.054283879697322845
FRAG_NEG_trNEGATIVE69136_1_17,0.06400156021118164
FRAG_NEG_trNEGATIVE40482_16_17,0.030628520995378494
FRAG_NEG_trNEGATIVE27573_23_17,0.030424080789089203
FRAG_NEG_trNEGATIVE57444_19_17,0.03408726677298546
FRAG_NEG_trNEGATIVE94584_54_17,0.18457035720348358
FRAG_NEG_trNEGATIVE60601_29_17,0.062314484268426895
FRAG_NEG_trNEGATIVE54902_50_17,0.028637420386075974
FRAG_NEG_trNEGATIVE48177_20_17,0.021313490346074104
FRAG_NEG_trNEGATIVE79569_43_17,0.016105087473988533
FRAG_NEG_trNEGATIVE67382_27_17,0.13057424128055573
FRAG_NEG_trNEGATIVE51840_70_17,0.0468851737678051
FRAG_NEG_trNEGATIVE46371_23_17,0.0197587963193655
FRAG_NEG_trNEGATIVE89180_18_17,0.055539507418870926
FRAG_NEG_trNEGATIVE29979_13_17,0.04182896390557289
FRAG_NEG_trNEGATIVE31404_1_17,0.15537160634994507
FRAG_NEG_trNEGATIVE63107_34_17,0.010590780526399612
FRAG_NEG_trNEGATIVE34067_27_17,0.08183087408542633
FRAG_NEG_trNEGATIVE34696_26_17,0.270133912563324
FRAG_NEG_trNEGATIVE92531_65_17,0.017125621438026428
FRAG_NEG_trNEGATIVE83702_21_17,0.04607061669230461
FRAG_NEG_trNEGATIVE35595_4_17,0.04103890806436539
FRAG_NEG_trNEGATIVE41920_39_17,0.01998826116323471
FRAG_NEG_trNEGATIVE37328_46_17,0.04283697158098221
FRAG_NEG_trNEGATIVE72375_27_17,0.020255574956536293
FRAG_NEG_trNEGATIVE85761_7_17,0.012417666614055634
FRAG_NEG_trNEGATIVE37637_29_17,0.12553595006465912
FRAG_NEG_trNEGATIVE35918_6_17,0.4816470146179199
FRAG_NEG_trNEGATIVE54987_53_17,0.047350771725177765
FRAG_NEG_trNEGATIVE83372_44_17,0.028994325548410416
FRAG_NEG_trNEGATIVE79038_2_17,0.24936270713806152
FRAG_NEG_trNEGATIVE49538_5_17,0.016942862421274185
FRAG_NEG_trNEGATIVE53160_40_17,0.010981420986354351
FRAG_NEG_trNEGATIVE38687_19_17,0.043955475091934204
FRAG_NEG_trNEGATIVE75833_56_17,0.025958871468901634
FRAG_NEG_trNEGATIVE75662_20_17,0.07574547082185745
FRAG_NEG_trNEGATIVE69222_9_17,0.02328779734671116
FRAG_NEG_trNEGATIVE54448_21_17,0.05078825727105141
FRAG_NEG_trNEGATIVE30609_56_17,0.4222883880138397
FRAG_NEG_trNEGATIVE90508_37_17,0.01883249171078205
FRAG_NEG_trNEGATIVE78345_46_17,0.037000179290771484
FRAG_NEG_trNEGATIVE75796_34_17,0.033614881336688995
FRAG_NEG_trNEGATIVE61974_42_17,0.11813317239284515
FRAG_NEG_trNEGATIVE95312_10_17,0.20121760666370392
FRAG_NEG_trNEGATIVE92723_25_17,0.013357466086745262
FRAG_NEG_trNEGATIVE86307_59_17,0.6626231670379639
FRAG_NEG_trNEGATIVE52626_36_17,0.016238238662481308
FRAG_NEG_trNEGATIVE47431_48_17,0.3899391293525696
FRAG_NEG_trNEGATIVE89412_44_17,0.022556062787771225
FRAG_NEG_trNEGATIVE59955_49_17,0.0434626042842865
FRAG_NEG_trNEGATIVE45625_13_17,0.2311546355485916
FRAG_NEG_trNEGATIVE77835_4_17,0.1014290302991867
FRAG_NEG_trNEGATIVE66179_65_17,0.011905325576663017
FRAG_NEG_trNEGATIVE27833_11_17,0.08938531577587128
FRAG_NEG_trNEGATIVE31512_26_17,0.023669442161917686
FRAG_NEG_trNEGATIVE78032_36_17,0.19395560026168823
FRAG_NEG_trNEGATIVE66060_6_17,0.18627433478832245
FRAG_NEG_trNEGATIVE43981_6_17,0.38848626613616943
FRAG_NEG_trNEGATIVE44475_5_17,0.5278920531272888
FRAG_NEG_trNEGATIVE66415_16_17,0.9768966436386108
FRAG_NEG_trNEGATIVE44266_45_17,0.2166283130645752
FRAG_NEG_trNEGATIVE76997_19_17,0.041019946336746216
FRAG_NEG_trNEGATIVE47062_59_17,0.05146455764770508
FRAG_NEG_trNEGATIVE69111_15_17,0.023441361263394356
FRAG_NEG_trNEGATIVE60873_71_17,0.08545234799385071
FRAG_NEG_trNEGATIVE74918_17_17,0.09320208430290222
FRAG_NEG_trNEGATIVE72438_55_17,0.059134241193532944
FRAG_NEG_trNEGATIVE82852_7_17,0.0788831040263176
FRAG_NEG_trNEGATIVE82808_44_17,0.0467686653137207
FRAG_NEG_trNEGATIVE76196_13_17,0.026055477559566498
FRAG_NEG_trNEGATIVE64716_29_17,0.01636507175862789
FRAG_NEG_trNEGATIVE76813_48_17,0.07483208924531937
FRAG_NEG_trNEGATIVE45442_2_17,0.32104620337486267
FRAG_NEG_trNEGATIVE57569_47_17,0.02463678829371929
FRAG_NEG_trNEGATIVE96848_3_17,0.0752856656908989
FRAG_NEG_trNEGATIVE74328_46_17,0.03724280744791031
FRAG_NEG_trNEGATIVE97332_46_17,0.015826648101210594
FRAG_NEG_trNEGATIVE32040_51_17,0.039822954684495926
FRAG_NEG_trNEGATIVE86305_14_17,0.018085302785038948
FRAG_NEG_trNEGATIVE79241_3_17,0.02271459624171257
FRAG_NEG_trNEGATIVE76944_43_17,0.1016274020075798
FRAG_NEG_trNEGATIVE37175_26_17,0.12786872684955597
FRAG_NEG_trNEGATIVE38053_51_17,0.750921368598938
FRAG_NEG_trNEGATIVE84205_74_17,0.03620036691427231
FRAG_NEG_trNEGATIVE30978_41_17,0.11799319088459015
FRAG_NEG_trNEGATIVE50300_17_17,0.06789427250623703
FRAG_NEG_trNEGATIVE61098_31_17,0.7198375463485718
FRAG_NEG_trNEGATIVE44745_37_17,0.0344589501619339
FRAG_NEG_trNEGATIVE33023_37_17,0.055668141692876816
FRAG_NEG_trNEGATIVE30297_3_17,0.01955275610089302
FRAG_NEG_trNEGATIVE34654_61_17,0.4795597493648529
FRAG_NEG_trNEGATIVE63406_1_17,0.2742536962032318
FRAG_NEG_trNEGATIVE43334_61_17,0.037830572575330734
FRAG_NEG_trNEGATIVE28179_4_17,0.02382167987525463
FRAG_NEG_trNEGATIVE56388_55_17,0.010235888883471489
FRAG_NEG_trNEGATIVE73348_12_17,0.047552064061164856
FRAG_NEG_trNEGATIVE90057_43_17,0.04217414930462837
FRAG_NEG_trNEGATIVE50631_25_17,0.1905755251646042
FRAG_NEG_trNEGATIVE73079_74_17,0.3615565598011017
FRAG_NEG_trNEGATIVE71862_47_17,0.1986333131790161
FRAG_NEG_trNEGATIVE72353_17_17,0.6432187557220459
FRAG_NEG_trNEGATIVE79490_44_17,0.050904031842947006
FRAG_NEG_trNEGATIVE97413_49_17,0.20905810594558716
FRAG_NEG_trNEGATIVE89874_58_17,0.676575779914856
FRAG_NEG_trNEGATIVE71361_17_17,0.13909807801246643
FRAG_NEG_trNEGATIVE43395_41_17,0.1988508701324463
FRAG_NEG_trNEGATIVE40124_27_17,0.046314213424921036
FRAG_NEG_trNEGATIVE50227_49_17,0.06571376323699951
FRAG_NEG_trNEGATIVE39694_65_17,0.31176361441612244
FRAG_NEG_trNEGATIVE36530_30_17,0.37749183177948
FRAG_NEG_trNEGATIVE49874_81_17,0.025208521634340286
FRAG_NEG_trNEGATIVE39622_54_17,0.277578741312027
FRAG_NEG_trNEGATIVE52053_51_17,0.02054230123758316
FRAG_NEG_trNEGATIVE67237_76_17,0.015503094531595707
FRAG_NEG_trNEGATIVE30297_8_17,0.016337163746356964
FRAG_NEG_trNEGATIVE71818_42_17,0.015201186761260033
FRAG_NEG_trNEGATIVE82043_56_17,0.02448132261633873
FRAG_NEG_trNEGATIVE60570_41_17,0.01351499930024147
FRAG_NEG_trNEGATIVE40068_46_17,0.014854456298053265
FRAG_NEG_trNEGATIVE86228_60_17,0.03252251073718071
FRAG_NEG_trNEGATIVE82713_45_17,0.04023091867566109
FRAG_NEG_trNEGATIVE60805_3_17,0.046961043030023575
FRAG_NEG_trNEGATIVE41201_56_17,0.02234693430364132
FRAG_NEG_trNEGATIVE82411_11_17,0.14410024881362915
FRAG_NEG_trNEGATIVE88780_50_17,0.04769613966345787
FRAG_NEG_trNEGATIVE78874_12_17,0.04122793301939964
FRAG_NEG_trNEGATIVE77954_5_17,0.031788744032382965
FRAG_NEG_trNEGATIVE44227_68_17,0.040219713002443314
FRAG_NEG_trNEGATIVE97128_55_17,0.022726044058799744
FRAG_NEG_trNEGATIVE66408_62_17,0.02968415804207325
FRAG_NEG_trNEGATIVE82858_26_17,0.06448689103126526
FRAG_NEG_trNEGATIVE70534_51_17,0.8034266233444214
FRAG_NEG_trNEGATIVE57999_69_17,0.03910240903496742
FRAG_NEG_trNEGATIVE53046_22_17,0.4581606984138489
FRAG_NEG_trNEGATIVE58888_71_17,0.08147580176591873
FRAG_NEG_trNEGATIVE34341_61_17,0.2293018251657486
FRAG_NEG_trNEGATIVE95623_25_17,0.08162367343902588
FRAG_NEG_trNEGATIVE38265_37_17,0.0824001133441925
FRAG_NEG_trNEGATIVE28868_30_17,0.3191700279712677
FRAG_NEG_trNEGATIVE42422_48_17,0.04054431617259979
FRAG_NEG_trNEGATIVE34162_53_17,0.19529645144939423
FRAG_NEG_trNEGATIVE92287_18_17,0.08158554136753082
FRAG_NEG_trNEGATIVE54276_49_17,0.05653011426329613
FRAG_NEG_trNEGATIVE56020_12_17,0.07204237580299377
FRAG_NEG_trNEGATIVE68779_33_17,0.021489251405000687
FRAG_NEG_trNEGATIVE56020_14_17,0.0293742585927248
FRAG_NEG_trNEGATIVE54767_47_17,0.1627168208360672
FRAG_NEG_trNEGATIVE82980_18_17,0.012375297024846077
FRAG_NEG_trNEGATIVE80883_36_17,0.1302182823419571
FRAG_NEG_trNEGATIVE58868_70_17,0.07152929157018661
FRAG_NEG_trNEGATIVE51555_6_17,0.4495796263217926
FRAG_NEG_trNEGATIVE95202_13_17,0.016498887911438942
FRAG_NEG_trNEGATIVE93756_1_17,0.262111634016037
FRAG_NEG_trNEGATIVE42932_15_17,0.01242156233638525
FRAG_NEG_trNEGATIVE94390_17_17,0.6618635058403015
FRAG_NEG_trNEGATIVE68036_81_17,0.04718736186623573
FRAG_NEG_trNEGATIVE85755_22_17,0.02118753269314766
FRAG_NEG_trNEGATIVE34365_11_17,0.2762799561023712
FRAG_NEG_trNEGATIVE53131_67_17,0.19905221462249756
FRAG_NEG_trNEGATIVE51669_2_17,0.14638230204582214
FRAG_NEG_trNEGATIVE55026_30_17,0.03079083375632763
FRAG_NEG_trNEGATIVE53751_45_17,0.08090890944004059
FRAG_NEG_trNEGATIVE53121_15_17,0.014520430006086826
FRAG_NEG_trNEGATIVE83887_20_17,0.09269429743289948
FRAG_NEG_trNEGATIVE48317_52_17,0.019068807363510132
FRAG_NEG_trNEGATIVE44277_54_17,0.5103735327720642
FRAG_NEG_trNEGATIVE56008_3_17,0.041429273784160614
FRAG_NEG_trNEGATIVE49102_30_17,0.03312547877430916
FRAG_NEG_trNEGATIVE45921_48_17,0.01945129968225956
FRAG_NEG_trNEGATIVE39489_3_17,0.14504428207874298
FRAG_NEG_trNEGATIVE38441_50_17,0.09067154675722122
FRAG_NEG_trNEGATIVE84856_21_17,0.0255093015730381
FRAG_NEG_trNEGATIVE72212_14_17,0.020615195855498314
FRAG_NEG_trNEGATIVE88083_46_17,0.8539667725563049
FRAG_NEG_trNEGATIVE62945_42_17,0.01852685958147049
FRAG_NEG_trNEGATIVE54210_7_17,0.04184771701693535
FRAG_NEG_trNEGATIVE29314_10_17,0.032814063131809235
FRAG_NEG_trNEGATIVE35870_26_17,0.04787902161478996
FRAG_NEG_trNEGATIVE59428_25_17,0.7915031313896179
FRAG_NEG_trNEGATIVE50064_37_17,0.016899054870009422
FRAG_NEG_trNEGATIVE48190_33_17,0.014773680828511715
FRAG_NEG_trNEGATIVE61599_1_17,0.9460262656211853
FRAG_NEG_trNEGATIVE50018_64_17,0.041775673627853394
FRAG_NEG_trNEGATIVE90639_7_17,0.10098563134670258
FRAG_NEG_trNEGATIVE51781_9_17,0.21029910445213318
FRAG_NEG_trNEGATIVE75283_58_17,0.02786572277545929
FRAG_NEG_trNEGATIVE94741_32_17,0.06158902123570442
FRAG_NEG_trNEGATIVE73683_66_17,0.0544334352016449
FRAG_NEG_trNEGATIVE91942_53_17,0.16300421953201294
FRAG_NEG_trNEGATIVE93869_24_17,0.07385872304439545
FRAG_NEG_trNEGATIVE84864_32_17,0.16963772475719452
FRAG_NEG_trNEGATIVE79316_57_17,0.1542481929063797
FRAG_NEG_trNEGATIVE94487_35_17,0.01897662878036499
FRAG_NEG_trNEGATIVE49274_43_17,0.14083915948867798
FRAG_NEG_trNEGATIVE68920_62_17,0.06609657406806946
FRAG_NEG_trNEGATIVE93501_9_17,0.11525062471628189
FRAG_NEG_trNEGATIVE43670_24_17,0.14379192888736725
FRAG_NEG_trNEGATIVE68520_32_17,0.15951217710971832
FRAG_NEG_trNEGATIVE28417_14_17,0.11408187448978424
FRAG_NEG_trNEGATIVE89761_34_17,0.025134386494755745
FRAG_NEG_trNEGATIVE59307_17_17,0.02204998955130577
FRAG_NEG_trNEGATIVE71921_27_17,0.014355492778122425
FRAG_NEG_trNEGATIVE29638_18_17,0.9193364381790161
FRAG_NEG_trNEGATIVE82852_0_17,0.01204457227140665
FRAG_NEG_trNEGATIVE71439_24_17,0.1900368481874466
FRAG_NEG_trNEGATIVE78280_22_17,0.1562570333480835
FRAG_NEG_trNEGATIVE64102_22_17,0.015215655788779259
FRAG_NEG_trNEGATIVE65267_37_17,0.819301426410675
FRAG_NEG_trNEGATIVE88472_75_17,0.03666386753320694
FRAG_NEG_trNEGATIVE70393_26_17,0.017001494765281677
FRAG_NEG_trNEGATIVE28289_17_17,0.05234985053539276
FRAG_NEG_trNEGATIVE64940_1_17,0.8693030476570129
FRAG_NEG_trNEGATIVE83601_22_17,0.039680611342191696
FRAG_NEG_trNEGATIVE80113_6_17,0.026729360222816467
FRAG_NEG_trNEGATIVE48327_19_17,0.04483672231435776
FRAG_NEG_trNEGATIVE69214_0_17,0.04755895212292671
FRAG_NEG_trNEGATIVE94174_1_17,0.8464779853820801
FRAG_NEG_trNEGATIVE44880_38_17,0.10783720761537552
FRAG_NEG_trNEGATIVE92641_21_17,0.048726025968790054
FRAG_NEG_trNEGATIVE78452_49_17,0.9153967499732971
FRAG_NEG_trNEGATIVE38366_21_17,0.06762542575597763
FRAG_NEG_trNEGATIVE29352_26_17,0.021350499242544174
FRAG_NEG_trNEGATIVE83814_51_17,0.09032639861106873
FRAG_NEG_trNEGATIVE81771_4_17,0.9856029748916626
FRAG_NEG_trNEGATIVE28847_22_17,0.492383748292923
FRAG_NEG_trNEGATIVE82384_23_17,0.03724929690361023
FRAG_NEG_trNEGATIVE81321_36_17,0.053209271281957626
FRAG_NEG_trNEGATIVE97223_32_17,0.44635266065597534
FRAG_NEG_trNEGATIVE45138_66_17,0.08987423777580261
FRAG_NEG_trNEGATIVE74744_24_17,0.09289789944887161
FRAG_NEG_trNEGATIVE62485_42_17,0.2447909563779831
FRAG_NEG_trNEGATIVE33493_15_17,0.09451835602521896
FRAG_NEG_trNEGATIVE48551_1_17,0.0345565527677536
FRAG_NEG_trNEGATIVE44730_17_17,0.8006424903869629
FRAG_NEG_trNEGATIVE66233_41_17,0.14151574671268463
FRAG_NEG_trNEGATIVE28054_40_17,0.024696411564946175
FRAG_NEG_trNEGATIVE56579_73_17,0.05985794588923454
FRAG_NEG_trNEGATIVE39940_20_17,0.01965940184891224
FRAG_NEG_trNEGATIVE89542_42_17,0.12054288387298584
FRAG_NEG_trNEGATIVE66632_11_17,0.16357877850532532
FRAG_NEG_trNEGATIVE79289_40_17,0.06848552823066711
FRAG_NEG_trNEGATIVE83774_69_17,0.33676865696907043
FRAG_NEG_trNEGATIVE89470_44_17,0.0702943280339241
FRAG_NEG_trNEGATIVE70278_27_17,0.3959219455718994
FRAG_NEG_trNEGATIVE89466_4_17,0.05395268648862839
FRAG_NEG_trNEGATIVE38254_18_17,0.17229193449020386
FRAG_NEG_trNEGATIVE79147_19_17,0.029760748147964478
FRAG_NEG_trNEGATIVE86626_49_17,0.16953742504119873
FRAG_NEG_trNEGATIVE49285_51_17,0.38718241453170776
FRAG_NEG_trNEGATIVE42249_9_17,0.05965416133403778
FRAG_NEG_trNEGATIVE40068_78_17,0.034791890531778336
FRAG_NEG_trNEGATIVE69427_15_17,0.03431829437613487
FRAG_NEG_trNEGATIVE77548_22_17,0.02093915268778801
FRAG_NEG_trNEGATIVE37914_57_17,0.027812937274575233
FRAG_NEG_trNEGATIVE95814_42_17,0.0230485200881958
FRAG_NEG_trNEGATIVE53618_34_17,0.14405858516693115
FRAG_NEG_trNEGATIVE56788_23_17,0.21485620737075806
FRAG_NEG_trNEGATIVE85580_40_17,0.07431123405694962
FRAG_NEG_trNEGATIVE43149_13_17,0.0430692657828331
FRAG_NEG_trNEGATIVE62775_11_17,0.06548436731100082
FRAG_NEG_trNEGATIVE52972_46_17,0.027386102825403214
FRAG_NEG_trNEGATIVE29460_24_17,0.12691837549209595
FRAG_NEG_trNEGATIVE96331_25_17,0.030428729951381683
FRAG_NEG_trNEGATIVE45125_23_17,0.2941596210002899
FRAG_NEG_trNEGATIVE42733_66_17,0.9805147051811218
FRAG_NEG_trNEGATIVE87004_60_17,0.6324250102043152
FRAG_NEG_trNEGATIVE88319_15_17,0.06429047882556915
FRAG_NEG_trNEGATIVE86900_45_17,0.2878144383430481
FRAG_NEG_trNEGATIVE30265_51_17,0.020387521013617516
FRAG_NEG_trNEGATIVE91438_17_17,0.07626909017562866
FRAG_NEG_trNEGATIVE85162_10_17,0.08870472759008408
FRAG_NEG_trNEGATIVE93258_23_17,0.09203246980905533
FRAG_NEG_trNEGATIVE28749_37_17,0.10454245656728745
FRAG_NEG_trNEGATIVE41022_11_17,0.07221484184265137
FRAG_NEG_trNEGATIVE49229_22_17,0.012733014300465584
FRAG_NEG_trNEGATIVE61194_0_17,0.3665338158607483
FRAG_NEG_trNEGATIVE76393_44_17,0.025510752573609352
FRAG_NEG_trNEGATIVE69680_46_17,0.11800763010978699
FRAG_NEG_trNEGATIVE62578_76_17,0.06072066351771355
FRAG_NEG_trNEGATIVE67517_21_17,0.09072420746088028
FRAG_NEG_trNEGATIVE77111_49_17,0.04214650020003319
FRAG_NEG_trNEGATIVE69522_51_17,0.028157252818346024
FRAG_NEG_trNEGATIVE35741_29_17,0.11763176321983337
FRAG_NEG_trNEGATIVE67086_60_17,0.014329909346997738
FRAG_NEG_trNEGATIVE90769_2_17,0.7559977173805237
FRAG_NEG_trNEGATIVE68899_69_17,0.17574454843997955
FRAG_NEG_trNEGATIVE37824_47_17,0.11785180866718292
FRAG_NEG_trNEGATIVE88642_78_17,0.015127927996218204
FRAG_NEG_trNEGATIVE51006_39_17,0.5683864951133728
FRAG_NEG_trNEGATIVE32398_43_17,0.03088250197470188
FRAG_NEG_trNEGATIVE34028_44_17,0.012878269888460636
FRAG_NEG_trNEGATIVE52284_18_17,0.25793683528900146
FRAG_NEG_trNEGATIVE39417_59_17,0.09915848076343536
FRAG_NEG_trNEGATIVE87260_73_17,0.13200606405735016
FRAG_NEG_trNEGATIVE42608_38_17,0.07977668941020966
FRAG_NEG_trNEGATIVE95722_33_17,0.044267743825912476
FRAG_NEG_trNEGATIVE90812_42_17,0.15848398208618164
FRAG_NEG_trNEGATIVE47306_0_17,0.18134981393814087
FRAG_NEG_trNEGATIVE83402_50_17,0.0744544193148613
FRAG_NEG_trNEGATIVE58110_63_17,0.27614209055900574
FRAG_NEG_trNEGATIVE42569_29_17,0.021767089143395424
FRAG_NEG_trNEGATIVE47794_4_17,0.04917318746447563
FRAG_NEG_trNEGATIVE68369_28_17,0.1294739991426468
FRAG_NEG_trNEGATIVE71066_11_18,0.054356373846530914
FRAG_NEG_trNEGATIVE77398_12_18,0.1016523689031601
FRAG_NEG_trNEGATIVE40991_46_18,0.03466898575425148
FRAG_NEG_trNEGATIVE58185_7_18,0.502449095249176
FRAG_NEG_trNEGATIVE82139_44_18,0.0647839829325676
FRAG_NEG_trNEGATIVE45178_13_18,0.05413111299276352
FRAG_NEG_trNEGATIVE95991_33_18,0.20371441543102264
FRAG_NEG_trNEGATIVE36276_0_18,0.019256558269262314
FRAG_NEG_trNEGATIVE48592_26_18,0.01795884221792221
FRAG_NEG_trNEGATIVE95505_15_18,0.03250833600759506
FRAG_NEG_trNEGATIVE37837_66_18,0.2847115397453308
FRAG_NEG_trNEGATIVE41718_15_18,0.26308971643447876
FRAG_NEG_trNEGATIVE50734_4_18,0.19617415964603424
FRAG_NEG_trNEGATIVE41358_64_18,0.20219936966896057
FRAG_NEG_trNEGATIVE61277_11_18,0.11479644477367401
FRAG_NEG_trNEGATIVE27573_34_18,0.8190026879310608
FRAG_NEG_trNEGATIVE38308_31_18,0.023118220269680023
FRAG_NEG_trNEGATIVE71741_28_18,0.026285935193300247
FRAG_NEG_trNEGATIVE29847_55_18,0.05375753343105316
FRAG_NEG_trNEGATIVE29383_14_18,0.015994492918252945
FRAG_NEG_trNEGATIVE55732_35_18,0.1073838323354721
FRAG_NEG_trNEGATIVE67623_15_18,0.02126440219581127
FRAG_NEG_trNEGATIVE37545_18_18,0.5177741050720215
FRAG_NEG_trNEGATIVE31525_31_18,0.06584180891513824
FRAG_NEG_trNEGATIVE67407_24_18,0.6148348450660706
FRAG_NEG_trNEGATIVE37880_13_18,0.020275158807635307
FRAG_NEG_trNEGATIVE48979_39_18,0.04798690229654312
FRAG_NEG_trNEGATIVE68918_33_18,0.05047065392136574
FRAG_NEG_trNEGATIVE73276_5_18,0.48712724447250366
FRAG_NEG_trNEGATIVE70131_29_18,0.033484965562820435
FRAG_NEG_trNEGATIVE97425_15_18,0.5783771276473999
FRAG_NEG_trNEGATIVE83637_4_18,0.14123734831809998
FRAG_NEG_trNEGATIVE59820_20_18,0.027634309604763985
FRAG_NEG_trNEGATIVE52072_12_18,0.13353604078292847
FRAG_NEG_trNEGATIVE31578_51_18,0.02962929755449295
FRAG_NEG_trNEGATIVE96676_30_18,0.7123936414718628
FRAG_NEG_trNEGATIVE84896_43_18,0.23447540402412415
FRAG_NEG_trNEGATIVE81522_62_18,0.021167198196053505
FRAG_NEG_trNEGATIVE91162_28_18,0.043205227702856064
FRAG_NEG_trNEGATIVE33201_18_18,0.06960233300924301
FRAG_NEG_trNEGATIVE45538_21_18,0.04499616473913193
FRAG_NEG_trNEGATIVE32682_66_18,0.01891315169632435
FRAG_NEG_trNEGATIVE77919_67_18,0.2732097804546356
FRAG_NEG_trNEGATIVE49028_80_18,0.019813163205981255
FRAG_NEG_trNEGATIVE38253_3_18,0.9349709153175354
FRAG_NEG_trNEGATIVE93828_14_18,0.03610316663980484
FRAG_NEG_trNEGATIVE88862_42_18,0.03279019892215729
FRAG_NEG_trNEGATIVE45453_50_18,0.027702663093805313
FRAG_NEG_trNEGATIVE72223_26_18,0.07326452434062958
FRAG_NEG_trNEGATIVE82153_26_18,0.04134603217244148
FRAG_NEG_trNEGATIVE85930_49_18,0.2499418407678604
FRAG_NEG_trNEGATIVE59549_29_18,0.05749674141407013
FRAG_NEG_trNEGATIVE36752_29_18,0.08253621309995651
FRAG_NEG_trNEGATIVE69310_22_18,0.05590158328413963
FRAG_NEG_trNEGATIVE77612_40_18,0.05983763933181763
FRAG_NEG_trNEGATIVE50631_11_18,0.016918370500206947
FRAG_NEG_trNEGATIVE53797_16_18,0.03547407686710358
FRAG_NEG_trNEGATIVE61824_29_18,0.08631745725870132
FRAG_NEG_trNEGATIVE33314_31_18,0.2702561318874359
FRAG_NEG_trNEGATIVE39311_47_18,0.02388661727309227
FRAG_NEG_trNEGATIVE80422_60_18,0.5045806169509888
FRAG_NEG_trNEGATIVE52820_42_18,0.040105950087308884
FRAG_NEG_trNEGATIVE53963_15_18,0.05183089151978493
FRAG_NEG_trNEGATIVE52018_18_18,0.049290288239717484
FRAG_NEG_trNEGATIVE31434_49_18,0.07877317816019058
FRAG_NEG_trNEGATIVE78921_66_18,0.05554858595132828
FRAG_NEG_trNEGATIVE34363_53_18,0.027180982753634453
FRAG_NEG_trNEGATIVE31297_21_18,0.09886012226343155
FRAG_NEG_trNEGATIVE71111_19_18,0.9861220717430115
FRAG_NEG_trNEGATIVE67550_7_18,0.015310242772102356
FRAG_NEG_trNEGATIVE66739_13_18,0.021364394575357437
FRAG_NEG_trNEGATIVE96700_50_18,0.03952517732977867
FRAG_NEG_trNEGATIVE93453_42_18,0.03207957372069359
FRAG_NEG_trNEGATIVE84912_23_18,0.17842839658260345
FRAG_NEG_trNEGATIVE70709_21_18,0.02104615606367588
FRAG_NEG_trNEGATIVE84293_47_18,0.13712820410728455
FRAG_NEG_trNEGATIVE69999_46_18,0.01827903650701046
FRAG_NEG_trNEGATIVE43968_13_18,0.12117529660463333
FRAG_NEG_trNEGATIVE28324_28_18,0.01950276829302311
FRAG_NEG_trNEGATIVE79120_29_18,0.04354611784219742
FRAG_NEG_trNEGATIVE90279_9_18,0.39349743723869324
FRAG_NEG_trNEGATIVE33057_2_18,0.14719364047050476
FRAG_NEG_trNEGATIVE88887_15_18,0.03151514753699303
FRAG_NEG_trNEGATIVE79974_41_18,0.05367397516965866
FRAG_NEG_trNEGATIVE32960_44_18,0.04445309191942215
FRAG_NEG_trNEGATIVE81185_58_18,0.01862500049173832
FRAG_NEG_trNEGATIVE57964_20_18,0.07695065438747406
FRAG_NEG_trNEGATIVE36423_14_18,0.10263384133577347
FRAG_NEG_trNEGATIVE76165_40_18,0.05841211602091789
FRAG_NEG_trNEGATIVE32983_6_18,0.5404778718948364
FRAG_NEG_trNEGATIVE81455_46_18,0.08650611340999603
FRAG_NEG_trNEGATIVE42856_73_18,0.170690655708313
FRAG_NEG_trNEGATIVE94590_24_18,0.12220795452594757
FRAG_NEG_trNEGATIVE27906_76_18,0.3188694715499878
FRAG_NEG_trNEGATIVE91052_40_18,0.023697324097156525
FRAG_NEG_trNEGATIVE66921_60_18,0.12022747844457626
FRAG_NEG_trNEGATIVE39692_6_18,0.2466760277748108
FRAG_NEG_trNEGATIVE82180_49_18,0.10064173489809036
FRAG_NEG_trNEGATIVE56467_3_18,0.8206932544708252
FRAG_NEG_trNEGATIVE42727_42_18,0.027387358248233795
FRAG_NEG_trNEGATIVE67402_26_18,0.05123957246541977
FRAG_NEG_trNEGATIVE40163_20_18,0.02778424695134163
FRAG_NEG_trNEGATIVE92625_17_18,0.06406266242265701
FRAG_NEG_trNEGATIVE83396_36_18,0.03928364813327789
FRAG_NEG_trNEGATIVE55178_10_18,0.060831837356090546
FRAG_NEG_trNEGATIVE52775_4_18,0.03475065901875496
FRAG_NEG_trNEGATIVE52563_43_18,0.011433214880526066
FRAG_NEG_trNEGATIVE92907_31_18,0.4032220244407654
FRAG_NEG_trNEGATIVE78629_29_18,0.8435399532318115
FRAG_NEG_trNEGATIVE50849_56_18,0.013920249417424202
FRAG_NEG_trNEGATIVE70131_17_18,0.019255151972174644
FRAG_NEG_trNEGATIVE75621_31_18,0.07489407062530518
FRAG_NEG_trNEGATIVE75246_43_18,0.1658243089914322
FRAG_NEG_trNEGATIVE51006_53_18,0.027131149545311928
FRAG_NEG_trNEGATIVE70876_9_18,0.0336398147046566
FRAG_NEG_trNEGATIVE78614_13_18,0.03713873028755188
FRAG_NEG_trNEGATIVE55056_20_18,0.0450180321931839
FRAG_NEG_trNEGATIVE46801_10_18,0.24359619617462158
FRAG_NEG_trNEGATIVE91836_29_18,0.9630600214004517
FRAG_NEG_trNEGATIVE95251_53_18,0.13322345912456512
FRAG_NEG_trNEGATIVE35003_2_18,0.060996126383543015
FRAG_NEG_trNEGATIVE48328_26_18,0.020507391542196274
FRAG_NEG_trNEGATIVE81807_63_18,0.03818105161190033
FRAG_NEG_trNEGATIVE47659_18_18,0.09810452908277512
FRAG_NEG_trNEGATIVE48495_17_18,0.3477555215358734
FRAG_NEG_trNEGATIVE61306_29_18,0.9803657531738281
FRAG_NEG_trNEGATIVE91641_46_18,0.06022060662508011
FRAG_NEG_trNEGATIVE78918_8_18,0.052802667021751404
FRAG_NEG_trNEGATIVE43266_35_18,0.01387753989547491
FRAG_NEG_trNEGATIVE73163_49_18,0.050879914313554764
FRAG_NEG_trNEGATIVE91724_1_18,0.17598405480384827
FRAG_NEG_trNEGATIVE28816_51_18,0.36803138256073
FRAG_NEG_trNEGATIVE39074_2_18,0.03343507647514343
FRAG_NEG_trNEGATIVE82986_61_18,0.43478816747665405
FRAG_NEG_trNEGATIVE58989_11_18,0.04648048058152199
FRAG_NEG_trNEGATIVE53070_44_18,0.09983756393194199
FRAG_NEG_trNEGATIVE84794_19_18,0.03163929656147957
FRAG_NEG_trNEGATIVE53461_29_18,0.07443632930517197
FRAG_NEG_trNEGATIVE46179_7_18,0.03521512448787689
FRAG_NEG_trNEGATIVE41483_31_18,0.12924602627754211
FRAG_NEG_trNEGATIVE47180_0_18,0.01970445178449154
FRAG_NEG_trNEGATIVE32132_38_18,0.017741650342941284
FRAG_NEG_trNEGATIVE63459_35_18,0.02787252515554428
FRAG_NEG_trNEGATIVE75588_37_18,0.11950280517339706
FRAG_NEG_trNEGATIVE45899_19_18,0.031753554940223694
FRAG_NEG_trNEGATIVE71401_48_18,0.1493498831987381
FRAG_NEG_trNEGATIVE68906_33_18,0.19335903227329254
FRAG_NEG_trNEGATIVE83013_20_18,0.0403473936021328
FRAG_NEG_trNEGATIVE94243_64_18,0.6619494557380676
FRAG_NEG_trNEGATIVE56415_14_18,0.07905735075473785
FRAG_NEG_trNEGATIVE35958_10_18,0.16185151040554047
FRAG_NEG_trNEGATIVE75034_46_18,0.36014503240585327
FRAG_NEG_trNEGATIVE56170_75_18,0.6957429051399231
FRAG_NEG_trNEGATIVE63991_69_18,0.0378418006002903
FRAG_NEG_trNEGATIVE82664_63_18,0.07198610156774521
FRAG_NEG_trNEGATIVE38866_39_18,0.06544174253940582
FRAG_NEG_trNEGATIVE64439_68_18,0.09468667209148407
FRAG_NEG_trNEGATIVE78735_43_18,0.16036957502365112
FRAG_NEG_trNEGATIVE57134_38_18,0.27786552906036377
FRAG_NEG_trNEGATIVE33754_55_18,0.028678759932518005
FRAG_NEG_trNEGATIVE78580_25_18,0.041586171835660934
FRAG_NEG_trNEGATIVE56509_56_18,0.00924060121178627
FRAG_NEG_trNEGATIVE34647_8_18,0.049563951790332794
FRAG_NEG_trNEGATIVE56524_48_18,0.2526880204677582
FRAG_NEG_trNEGATIVE40151_51_18,0.04850699380040169
FRAG_NEG_trNEGATIVE58398_60_18,0.11575227975845337
FRAG_NEG_trNEGATIVE68839_6_18,0.8806987404823303
FRAG_NEG_trNEGATIVE86134_29_18,0.7424441576004028
FRAG_NEG_trNEGATIVE44311_14_18,0.02507602423429489
FRAG_NEG_trNEGATIVE40334_58_18,0.07803110778331757
FRAG_NEG_trNEGATIVE40889_31_18,0.7705484628677368
FRAG_NEG_trNEGATIVE67086_33_18,0.030046384781599045
FRAG_NEG_trNEGATIVE97374_38_18,0.24415364861488342
FRAG_NEG_trNEGATIVE64522_14_18,0.1616980880498886
FRAG_NEG_trNEGATIVE34749_42_18,0.015750091522932053
FRAG_NEG_trNEGATIVE96145_54_18,0.40905603766441345
FRAG_NEG_trNEGATIVE74350_39_18,0.014259913004934788
FRAG_NEG_trNEGATIVE31671_5_18,0.14724212884902954
FRAG_NEG_trNEGATIVE37267_19_18,0.023471945896744728
FRAG_NEG_trNEGATIVE53643_23_18,0.035346969962120056
FRAG_NEG_trNEGATIVE28779_44_18,0.083725206553936
FRAG_NEG_trNEGATIVE87931_33_18,0.044623322784900665
FRAG_NEG_trNEGATIVE37632_72_18,0.05673297122120857
FRAG_NEG_trNEGATIVE60373_11_18,0.19299133121967316
FRAG_NEG_trNEGATIVE97540_39_18,0.146155446767807
FRAG_NEG_trNEGATIVE44278_45_18,0.6709696650505066
FRAG_NEG_trNEGATIVE94421_59_18,0.06222633644938469
FRAG_NEG_trNEGATIVE76240_42_18,0.0609905980527401
FRAG_NEG_trNEGATIVE35076_27_18,0.04688272997736931
FRAG_NEG_trNEGATIVE72233_25_18,0.0270336102694273
FRAG_NEG_trNEGATIVE87566_0_18,0.020869342610239983
FRAG_NEG_trNEGATIVE87926_50_18,0.028555722907185555
FRAG_NEG_trNEGATIVE35860_33_18,0.4782503545284271
FRAG_NEG_trNEGATIVE85488_29_18,0.15781952440738678
FRAG_NEG_trNEGATIVE74610_0_18,0.025385359302163124
FRAG_NEG_trNEGATIVE91199_7_18,0.023387819528579712
FRAG_NEG_trNEGATIVE71991_1_18,0.030424268916249275
FRAG_NEG_trNEGATIVE60173_35_18,0.10833753645420074
FRAG_NEG_trNEGATIVE67304_52_18,0.33338987827301025
FRAG_NEG_trNEGATIVE34739_34_18,0.0715930238366127
FRAG_NEG_trNEGATIVE69680_3_18,0.04530636593699455
FRAG_NEG_trNEGATIVE89652_4_18,0.6708677411079407
FRAG_NEG_trNEGATIVE95861_46_18,0.14307115972042084
FRAG_NEG_trNEGATIVE85226_35_18,0.08656789362430573
FRAG_NEG_trNEGATIVE46189_36_18,0.08836118876934052
FRAG_NEG_trNEGATIVE29795_6_18,0.02008623257279396
FRAG_NEG_trNEGATIVE56826_43_18,0.7800480723381042
FRAG_NEG_trNEGATIVE78591_50_18,0.02262076921761036
FRAG_NEG_trNEGATIVE63406_9_18,0.2929607331752777
FRAG_NEG_trNEGATIVE42963_45_18,0.07842447608709335
FRAG_NEG_trNEGATIVE78649_8_18,0.4225740432739258
FRAG_NEG_trNEGATIVE61810_35_18,0.09723183512687683
FRAG_NEG_trNEGATIVE44996_36_18,0.036750052124261856
FRAG_NEG_trNEGATIVE74314_77_18,0.028291933238506317
FRAG_NEG_trNEGATIVE61009_25_18,0.0850558653473854
FRAG_NEG_trNEGATIVE61810_36_18,0.07216601073741913
FRAG_NEG_trNEGATIVE89587_62_18,0.03578254580497742
FRAG_NEG_trNEGATIVE34559_21_18,0.4397144317626953
FRAG_NEG_trNEGATIVE31512_60_18,0.1128428727388382
FRAG_NEG_trNEGATIVE53317_22_18,0.059456467628479004
FRAG_NEG_trNEGATIVE68361_1_18,0.023053882643580437
FRAG_NEG_trNEGATIVE42727_38_18,0.03422257676720619
FRAG_NEG_trNEGATIVE54516_31_18,0.03213588893413544
FRAG_NEG_trNEGATIVE57371_29_18,0.21602101624011993
FRAG_NEG_trNEGATIVE92288_69_18,0.022139500826597214
FRAG_NEG_trNEGATIVE92264_41_18,0.02692023478448391
FRAG_NEG_trNEGATIVE72582_18_18,0.11244259029626846
FRAG_NEG_trNEGATIVE93756_12_18,0.03353062644600868
FRAG_NEG_trNEGATIVE32398_41_18,0.04142633080482483
FRAG_NEG_trNEGATIVE61680_45_18,0.024339372292160988
FRAG_NEG_trNEGATIVE37860_49_18,0.15189896523952484
FRAG_NEG_trNEGATIVE28246_39_18,0.4254762530326843
FRAG_NEG_trNEGATIVE83917_29_18,0.0508488267660141
FRAG_NEG_trNEGATIVE84946_34_18,0.04838214069604874
FRAG_NEG_trNEGATIVE56723_4_18,0.022401895374059677
FRAG_NEG_trNEGATIVE86287_14_18,0.10533861070871353
FRAG_NEG_trNEGATIVE90391_24_18,0.05339774861931801
FRAG_NEG_trNEGATIVE28314_34_18,0.03011808730661869
FRAG_NEG_trNEGATIVE52381_13_18,0.06873244047164917
FRAG_NEG_trNEGATIVE81587_41_18,0.05821346119046211
FRAG_NEG_trNEGATIVE56579_62_18,0.04478417709469795
FRAG_NEG_trNEGATIVE67880_17_18,0.059415508061647415
FRAG_NEG_trNEGATIVE57787_12_18,0.1756962537765503
FRAG_NEG_trNEGATIVE89767_57_18,0.07737327367067337
FRAG_NEG_trNEGATIVE49119_32_18,0.08688879013061523
FRAG_NEG_trNEGATIVE67303_19_18,0.04634913429617882
FRAG_NEG_trNEGATIVE87662_0_18,0.15580476820468903
FRAG_NEG_trNEGATIVE38254_2_18,0.20417506992816925
FRAG_NEG_trNEGATIVE59613_33_18,0.1229836493730545
FRAG_NEG_trNEGATIVE33400_1_18,0.07785401493310928
FRAG_NEG_trNEGATIVE48428_28_18,0.9191920757293701
FRAG_NEG_trNEGATIVE35003_3_18,0.042370375245809555
FRAG_NEG_trNEGATIVE68175_8_18,0.6915144920349121
FRAG_NEG_trNEGATIVE62082_48_18,0.6783191561698914
FRAG_NEG_trNEGATIVE93970_1_18,0.20724493265151978
FRAG_NEG_trNEGATIVE78873_6_18,0.8024238348007202
FRAG_NEG_trNEGATIVE37173_14_18,0.8129860162734985
FRAG_NEG_trNEGATIVE62255_74_18,0.052098002284765244
FRAG_NEG_trNEGATIVE44657_47_18,0.022814864292740822
FRAG_NEG_trNEGATIVE70888_7_18,0.09072853624820709
FRAG_NEG_trNEGATIVE57354_40_18,0.14129920303821564
FRAG_NEG_trNEGATIVE56128_61_18,0.14751049876213074
FRAG_NEG_trNEGATIVE35404_55_18,0.04349813982844353
FRAG_NEG_trNEGATIVE43350_24_18,0.06416449695825577
FRAG_NEG_trNEGATIVE62905_14_18,0.031230218708515167
FRAG_NEG_trNEGATIVE33029_29_18,0.021057890728116035
FRAG_NEG_trNEGATIVE62349_73_18,0.4903804361820221
FRAG_NEG_trNEGATIVE44368_42_18,0.2512715458869934
FRAG_NEG_trNEGATIVE92382_63_18,0.06589159369468689
FRAG_NEG_trNEGATIVE84945_26_18,0.11816868185997009
FRAG_NEG_trNEGATIVE31394_51_18,0.04588649049401283
FRAG_NEG_trNEGATIVE46813_71_18,0.1022886112332344
FRAG_NEG_trNEGATIVE35844_0_18,0.05349414423108101
FRAG_NEG_trNEGATIVE34363_16_18,0.03160054236650467
FRAG_NEG_trNEGATIVE52449_16_18,0.044418636709451675
FRAG_NEG_trNEGATIVE95899_8_18,0.03212468698620796
FRAG_NEG_trNEGATIVE96978_17_18,0.28207477927207947
FRAG_NEG_trNEGATIVE67028_13_18,0.022259244695305824
FRAG_NEG_trNEGATIVE73443_18_18,0.07768211513757706
FRAG_NEG_trNEGATIVE73786_10_18,0.04168737679719925
FRAG_NEG_trNEGATIVE44184_31_18,0.09151976555585861
FRAG_NEG_trNEGATIVE52820_39_18,0.03560982644557953
FRAG_NEG_trNEGATIVE93264_23_18,0.013200890272855759
FRAG_NEG_trNEGATIVE39688_68_18,0.026144210249185562
FRAG_NEG_trNEGATIVE52734_34_18,0.8372846245765686
FRAG_NEG_trNEGATIVE90239_1_18,0.3642260730266571
FRAG_NEG_trNEGATIVE89760_2_18,0.05971347540616989
FRAG_NEG_trNEGATIVE62721_12_18,0.029246579855680466
FRAG_NEG_trNEGATIVE66743_32_18,0.14125162363052368
FRAG_NEG_trNEGATIVE72928_18_18,0.05411778390407562
FRAG_NEG_trNEGATIVE73114_45_18,0.017140304669737816
FRAG_NEG_trNEGATIVE55617_20_18,0.05105271190404892
FRAG_NEG_trNEGATIVE70433_49_18,0.03009209595620632
FRAG_NEG_trNEGATIVE92055_27_18,0.03766607865691185
FRAG_NEG_trNEGATIVE90306_13_18,0.026911085471510887
FRAG_NEG_trNEGATIVE40244_14_18,0.31477391719818115
FRAG_NEG_trNEGATIVE88073_33_18,0.034909479320049286
FRAG_NEG_trNEGATIVE91442_48_18,0.21971791982650757
FRAG_NEG_trNEGATIVE27492_28_18,0.03445441648364067
FRAG_NEG_trNEGATIVE28222_38_18,0.3736913800239563
FRAG_NEG_trNEGATIVE92637_0_18,0.02634197473526001
FRAG_NEG_trNEGATIVE47027_30_18,0.02781570516526699
FRAG_NEG_trNEGATIVE77996_76_18,0.2281782478094101
FRAG_NEG_trNEGATIVE34943_1_18,0.0625821053981781
FRAG_NEG_trNEGATIVE37865_20_18,0.16601629555225372
FRAG_NEG_trNEGATIVE45601_45_18,0.0967402309179306
FRAG_NEG_trNEGATIVE45604_22_18,0.03913154825568199
FRAG_NEG_trNEGATIVE68641_1_18,0.015684351325035095
FRAG_NEG_trNEGATIVE75397_38_18,0.02981054224073887
FRAG_NEG_trNEGATIVE40742_16_18,0.08150860667228699
FRAG_NEG_trNEGATIVE47995_7_18,0.09187600761651993
FRAG_NEG_trNEGATIVE74524_14_18,0.03341761231422424
FRAG_NEG_trNEGATIVE70898_20_18,0.02479851245880127
FRAG_NEG_trNEGATIVE38053_22_18,0.01701558195054531
FRAG_NEG_trNEGATIVE82169_13_18,0.19048169255256653
FRAG_NEG_trNEGATIVE43304_61_18,0.026225853711366653
FRAG_NEG_trNEGATIVE79888_34_18,0.25694739818573
FRAG_NEG_trNEGATIVE70997_32_18,0.2503604590892792
FRAG_NEG_trNEGATIVE67179_31_18,0.13691264390945435
FRAG_NEG_trNEGATIVE81097_80_18,0.7769400477409363
FRAG_NEG_trNEGATIVE35790_26_18,0.05103756859898567
FRAG_NEG_trNEGATIVE72580_1_18,0.07242519408464432
FRAG_NEG_trNEGATIVE84283_7_18,0.016044165939092636
FRAG_NEG_trNEGATIVE88380_11_18,0.04199341684579849
FRAG_NEG_trNEGATIVE48964_40_18,0.021970804780721664
FRAG_NEG_trNEGATIVE76437_40_18,0.061998844146728516
FRAG_NEG_trNEGATIVE82066_67_18,0.11445624381303787
FRAG_NEG_trNEGATIVE43954_38_18,0.08189854025840759
FRAG_NEG_trNEGATIVE92036_25_18,0.06583110988140106
FRAG_NEG_trNEGATIVE97549_1_18,0.03905307874083519
FRAG_NEG_trNEGATIVE85055_36_18,0.02171488106250763
FRAG_NEG_trNEGATIVE64306_22_18,0.021568886935710907
FRAG_NEG_trNEGATIVE85722_29_18,0.68717360496521
FRAG_NEG_trNEGATIVE92820_6_18,0.11385523527860641
FRAG_NEG_trNEGATIVE30341_42_18,0.04252993315458298
FRAG_NEG_trNEGATIVE73858_15_18,0.030588166788220406
FRAG_NEG_trNEGATIVE86183_12_18,0.20864321291446686
FRAG_NEG_trNEGATIVE90812_36_18,0.023456517606973648
FRAG_NEG_trNEGATIVE37607_7_18,0.07470954209566116
FRAG_NEG_trNEGATIVE31028_22_18,0.01838570274412632
FRAG_NEG_trNEGATIVE87120_46_18,0.21415118873119354
FRAG_NEG_trNEGATIVE89520_13_18,0.016070013865828514
FRAG_NEG_trNEGATIVE94628_6_18,0.1255244016647339
FRAG_NEG_trNEGATIVE48120_48_18,0.09602589160203934
FRAG_NEG_trNEGATIVE81519_76_18,0.12371014058589935
FRAG_NEG_trNEGATIVE44273_47_18,0.15639515221118927
FRAG_NEG_trNEGATIVE92954_72_18,0.01434710156172514
FRAG_NEG_trNEGATIVE79244_52_18,0.03282227739691734
FRAG_NEG_trNEGATIVE72821_46_18,0.9441152811050415
FRAG_NEG_trNEGATIVE28254_6_18,0.02614017017185688
FRAG_NEG_trNEGATIVE44227_49_18,0.05783053860068321
FRAG_NEG_trNEGATIVE37701_30_18,0.04110339656472206
FRAG_NEG_trNEGATIVE48201_78_18,0.018990444019436836
FRAG_NEG_trNEGATIVE28195_13_18,0.08070026338100433
FRAG_NEG_trNEGATIVE43677_11_18,0.06522512435913086
FRAG_NEG_trNEGATIVE40170_21_18,0.24684709310531616
FRAG_NEG_trNEGATIVE82927_43_18,0.07455715537071228
FRAG_NEG_trNEGATIVE51634_42_18,0.01941874995827675
FRAG_NEG_trNEGATIVE91013_2_18,0.08532946556806564
FRAG_NEG_trNEGATIVE37274_39_18,0.049656420946121216
FRAG_NEG_trNEGATIVE54051_4_18,0.02231428772211075
FRAG_NEG_trNEGATIVE75610_10_18,0.9892213940620422
FRAG_NEG_trNEGATIVE95540_20_18,0.08449599146842957
FRAG_NEG_trNEGATIVE83168_34_18,0.028239192441105843
FRAG_NEG_trNEGATIVE95502_47_18,0.03503315523266792
FRAG_NEG_trNEGATIVE40980_18_18,0.028959155082702637
FRAG_NEG_trNEGATIVE43206_5_18,0.22931474447250366
FRAG_NEG_trNEGATIVE32960_48_18,0.08333810418844223
FRAG_NEG_trNEGATIVE33275_29_18,0.8146191239356995
FRAG_NEG_trNEGATIVE96370_32_18,0.025469420477747917
FRAG_NEG_trNEGATIVE96583_46_18,0.052437543869018555
FRAG_NEG_trNEGATIVE93505_28_18,0.025275636464357376
FRAG_NEG_trNEGATIVE33669_48_18,0.2569352090358734
FRAG_NEG_trNEGATIVE58449_27_18,0.041170552372932434
FRAG_NEG_trNEGATIVE85681_46_18,0.8301782608032227
FRAG_NEG_trNEGATIVE87504_27_18,0.023874763399362564
FRAG_NEG_trNEGATIVE83216_5_18,0.17085769772529602
FRAG_NEG_trNEGATIVE76071_10_18,0.05983257293701172
FRAG_NEG_trNEGATIVE81685_7_18,0.06235218793153763
FRAG_NEG_trNEGATIVE96352_36_18,0.5444901585578918
FRAG_NEG_trNEGATIVE93455_34_18,0.11628969013690948
FRAG_NEG_trNEGATIVE34739_12_18,0.04332194849848747
FRAG_NEG_trNEGATIVE55290_52_18,0.24679897725582123
FRAG_NEG_trNEGATIVE86453_25_18,0.034398823976516724
FRAG_NEG_trNEGATIVE27532_44_18,0.03931799903512001
FRAG_NEG_trNEGATIVE95086_16_18,0.023473389446735382
FRAG_NEG_trNEGATIVE34049_66_18,0.04945952445268631
FRAG_NEG_trNEGATIVE58339_13_18,0.2960096001625061
FRAG_NEG_trNEGATIVE85287_60_18,0.06815126538276672
FRAG_NEG_trNEGATIVE52353_3_18,0.032978642731904984
FRAG_NEG_trNEGATIVE81233_7_18,0.21139732003211975
FRAG_NEG_trNEGATIVE77370_21_18,0.11112445592880249
FRAG_NEG_trNEGATIVE55392_8_18,0.03657681122422218
FRAG_NEG_trNEGATIVE78134_22_18,0.03333957493305206
FRAG_NEG_trNEGATIVE31409_6_18,0.029483769088983536
FRAG_NEG_trNEGATIVE63278_15_18,0.04108718782663345
FRAG_NEG_trNEGATIVE71752_11_18,0.9236761331558228
FRAG_NEG_trNEGATIVE88773_45_18,0.05999509245157242
FRAG_NEG_trNEGATIVE70875_13_18,0.08062775433063507
FRAG_NEG_trNEGATIVE40837_13_18,0.6611457467079163
FRAG_NEG_trNEGATIVE63916_37_18,0.02827511541545391
FRAG_NEG_trNEGATIVE62896_47_18,0.02613934874534607
FRAG_NEG_trNEGATIVE91343_16_18,0.054426465183496475
FRAG_NEG_trNEGATIVE95899_21_18,0.35342180728912354
FRAG_NEG_trNEGATIVE68209_39_18,0.7853481769561768
FRAG_NEG_trNEGATIVE30453_49_18,0.9582141041755676
FRAG_NEG_trNEGATIVE29456_30_18,0.04214158281683922
FRAG_NEG_trNEGATIVE70876_34_18,0.026540463790297508
FRAG_NEG_trNEGATIVE83539_69_18,0.08505897223949432
FRAG_NEG_trNEGATIVE62722_25_18,0.031253568828105927
FRAG_NEG_trNEGATIVE48616_44_18,0.0817192867398262
FRAG_NEG_trNEGATIVE34800_4_18,0.04717784374952316
FRAG_NEG_trNEGATIVE33049_10_18,0.0832599475979805
FRAG_NEG_trNEGATIVE95197_21_18,0.0257207453250885
FRAG_NEG_trNEGATIVE51823_30_18,0.08592142164707184
FRAG_NEG_trNEGATIVE51728_29_18,0.029979759827256203
FRAG_NEG_trNEGATIVE92883_43_18,0.04088732227683067
FRAG_NEG_trNEGATIVE42728_43_18,0.9815108180046082
FRAG_NEG_trNEGATIVE77317_6_18,0.960837185382843
FRAG_NEG_trNEGATIVE52318_13_18,0.1777890920639038
FRAG_NEG_trNEGATIVE76056_12_18,0.09543982893228531
FRAG_NEG_trNEGATIVE87065_13_18,0.05267174914479256
FRAG_NEG_trNEGATIVE57991_58_18,0.9012864232063293
FRAG_NEG_trNEGATIVE81753_22_18,0.017211955040693283
FRAG_NEG_trNEGATIVE31221_23_18,0.13125889003276825
FRAG_NEG_trNEGATIVE63753_8_18,0.19363802671432495
FRAG_NEG_trNEGATIVE27728_4_18,0.11282721906900406
FRAG_NEG_trNEGATIVE81515_30_18,0.06972960382699966
FRAG_NEG_trNEGATIVE39260_32_18,0.09708895534276962
FRAG_NEG_trNEGATIVE71138_63_18,0.039630137383937836
FRAG_NEG_trNEGATIVE54090_20_18,0.06753383576869965
FRAG_NEG_trNEGATIVE90440_36_18,0.7244470715522766
FRAG_NEG_trNEGATIVE61460_16_18,0.04923610761761665
FRAG_NEG_trNEGATIVE82150_1_18,0.018230663612484932
FRAG_NEG_trNEGATIVE49294_51_18,0.9005361199378967
FRAG_NEG_trNEGATIVE92908_17_18,0.03987821936607361
FRAG_NEG_trNEGATIVE31556_39_18,0.12513330578804016
FRAG_NEG_trNEGATIVE37549_41_18,0.11145785450935364
FRAG_NEG_trNEGATIVE33087_37_18,0.9056260585784912
FRAG_NEG_trNEGATIVE49712_15_18,0.036924995481967926
FRAG_NEG_trNEGATIVE92288_18_18,0.14093981683254242
FRAG_NEG_trNEGATIVE45564_74_18,0.0906534343957901
FRAG_NEG_trNEGATIVE60539_8_18,0.033892672508955
FRAG_NEG_trNEGATIVE44358_46_18,0.9628472328186035
FRAG_NEG_trNEGATIVE84864_24_18,0.07618268579244614
FRAG_NEG_trNEGATIVE41442_26_18,0.3003467321395874
FRAG_NEG_trNEGATIVE71193_19_18,0.07637018710374832
FRAG_NEG_trNEGATIVE91725_12_18,0.329829603433609
FRAG_NEG_trNEGATIVE69310_6_18,0.967149019241333
FRAG_NEG_trNEGATIVE82036_15_18,0.0752074122428894
FRAG_NEG_trNEGATIVE75785_61_18,0.027479838579893112
FRAG_NEG_trNEGATIVE84102_17_18,0.02282465249300003
FRAG_NEG_trNEGATIVE79974_38_18,0.020183155313134193
FRAG_NEG_trNEGATIVE34791_45_18,0.0496007576584816
FRAG_NEG_trNEGATIVE77094_35_18,0.01281243097037077
FRAG_NEG_trNEGATIVE75261_7_18,0.04427683353424072
FRAG_NEG_trNEGATIVE75635_11_18,0.8341130018234253
FRAG_NEG_trNEGATIVE76523_11_18,0.09778956323862076
FRAG_NEG_trNEGATIVE53150_45_18,0.012675740756094456
FRAG_NEG_trNEGATIVE33909_76_18,0.025671180337667465
FRAG_NEG_trNEGATIVE44889_1_18,0.05324701964855194
FRAG_NEG_trNEGATIVE87090_28_18,0.955181896686554
FRAG_NEG_trNEGATIVE43831_38_18,0.9730274081230164
FRAG_NEG_trNEGATIVE42656_59_18,0.04398870840668678
FRAG_NEG_trNEGATIVE37614_27_18,0.024031858891248703
FRAG_NEG_trNEGATIVE40761_27_18,0.1389327496290207
FRAG_NEG_trNEGATIVE62775_18_18,0.07154721021652222
FRAG_NEG_trNEGATIVE67550_22_18,0.015704749152064323
FRAG_NEG_trNEGATIVE38518_25_18,0.7720032334327698
FRAG_NEG_trNEGATIVE74360_15_18,0.08219527453184128
FRAG_NEG_trNEGATIVE72261_7_18,0.06212285906076431
FRAG_NEG_trNEGATIVE53896_39_18,0.019008159637451172
FRAG_NEG_trNEGATIVE83182_59_18,0.1302470564842224
FRAG_NEG_trNEGATIVE53475_20_18,0.07707513868808746
FRAG_NEG_trNEGATIVE68520_27_18,0.303927481174469
FRAG_NEG_trNEGATIVE59717_8_18,0.14366866648197174
FRAG_NEG_trNEGATIVE38215_32_18,0.042283810675144196
FRAG_NEG_trNEGATIVE28086_55_18,0.39978575706481934
FRAG_NEG_trNEGATIVE58312_7_18,0.04607164114713669
FRAG_NEG_trNEGATIVE53160_40_18,0.011005067266523838
FRAG_NEG_trNEGATIVE53643_22_18,0.027843177318572998
FRAG_NEG_trNEGATIVE58933_37_18,0.027241220697760582
FRAG_NEG_trNEGATIVE53475_30_18,0.11395205557346344
FRAG_NEG_trNEGATIVE40835_33_18,0.11270830035209656
FRAG_NEG_trNEGATIVE77146_68_18,0.020026128739118576
FRAG_NEG_trNEGATIVE79827_55_18,0.9886471629142761
FRAG_NEG_trNEGATIVE62094_11_18,0.027889227494597435
FRAG_NEG_trNEGATIVE69351_0_18,0.07232921570539474
FRAG_NEG_trNEGATIVE39543_4_18,0.07671023905277252
FRAG_NEG_trNEGATIVE64510_0_18,0.29400739073753357
FRAG_NEG_trNEGATIVE28408_19_18,0.2776264548301697
FRAG_NEG_trNEGATIVE37707_17_18,0.06463058292865753
FRAG_NEG_trNEGATIVE55987_24_18,0.12328258901834488
FRAG_NEG_trNEGATIVE97553_63_18,0.11685962975025177
FRAG_NEG_trNEGATIVE50269_34_18,0.02647656388580799
FRAG_NEG_trNEGATIVE97553_54_18,0.05989416316151619
FRAG_NEG_trNEGATIVE59029_3_18,0.056951094418764114
FRAG_NEG_trNEGATIVE96224_75_18,0.01767243817448616
FRAG_NEG_trNEGATIVE66179_9_18,0.020349975675344467
FRAG_NEG_trNEGATIVE86292_5_18,0.015141639858484268
FRAG_NEG_trNEGATIVE53611_55_18,0.07137249410152435
FRAG_NEG_trNEGATIVE80849_21_18,0.01667885109782219
FRAG_NEG_trNEGATIVE30440_9_18,0.20958980917930603
FRAG_NEG_trNEGATIVE73312_13_18,0.9466859102249146
FRAG_NEG_trNEGATIVE27573_37_18,0.765367865562439
FRAG_NEG_trNEGATIVE85333_27_18,0.02661452628672123
FRAG_NEG_trNEGATIVE68016_32_18,0.03187335282564163
FRAG_NEG_trNEGATIVE67065_70_18,0.03402913734316826
FRAG_NEG_trNEGATIVE87133_37_18,0.012058068066835403
FRAG_NEG_trNEGATIVE97223_21_18,0.7163793444633484
FRAG_NEG_trNEGATIVE70191_19_18,0.02201913110911846
FRAG_NEG_trNEGATIVE84681_20_18,0.023479575291275978
FRAG_NEG_trNEGATIVE68025_10_18,0.026672156527638435
FRAG_NEG_trNEGATIVE71439_23_18,0.10527434200048447
FRAG_NEG_trNEGATIVE51029_52_18,0.0386350043118
FRAG_NEG_trNEGATIVE61576_50_18,0.024857981130480766
FRAG_NEG_trNEGATIVE28561_58_18,0.25294438004493713
FRAG_NEG_trNEGATIVE41225_43_18,0.012283805757761002
FRAG_NEG_trNEGATIVE36886_22_18,0.03125844895839691
FRAG_NEG_trNEGATIVE51636_9_18,0.07378202676773071
FRAG_NEG_trNEGATIVE86292_31_18,0.4487212300300598
FRAG_NEG_trNEGATIVE48598_19_18,0.6056452989578247
FRAG_NEG_trNEGATIVE28994_0_18,0.021935107186436653
FRAG_NEG_trNEGATIVE75610_25_18,0.2952127456665039
FRAG_NEG_trNEGATIVE46275_2_18,0.029568322002887726
FRAG_NEG_trNEGATIVE55923_7_18,0.02685764618217945
FRAG_NEG_trNEGATIVE59224_67_18,0.012622899375855923
FRAG_NEG_trNEGATIVE42973_38_18,0.028036385774612427
FRAG_NEG_trNEGATIVE51075_0_18,0.3482966125011444
FRAG_NEG_trNEGATIVE93594_41_18,0.019941987469792366
FRAG_NEG_trNEGATIVE71344_17_18,0.1545635461807251
FRAG_NEG_trNEGATIVE74561_22_18,0.06392444670200348
FRAG_NEG_trNEGATIVE90165_50_18,0.03904828429222107
FRAG_NEG_trNEGATIVE89032_58_18,0.013920353725552559
FRAG_NEG_trNEGATIVE46561_20_18,0.018465492874383926
FRAG_NEG_trNEGATIVE49910_24_18,0.04321511834859848
FRAG_NEG_trNEGATIVE89323_58_18,0.15098105370998383
FRAG_NEG_trNEGATIVE94855_16_18,0.038922931998968124
FRAG_NEG_trNEGATIVE93885_27_18,0.9297011494636536
FRAG_NEG_trNEGATIVE80751_53_18,0.20972272753715515
FRAG_NEG_trNEGATIVE44020_11_18,0.13244186341762543
FRAG_NEG_trNEGATIVE80523_51_18,0.7955392599105835
FRAG_NEG_trNEGATIVE43406_50_18,0.05318813398480415
FRAG_NEG_trNEGATIVE96853_36_18,0.04999924078583717
FRAG_NEG_trNEGATIVE53638_69_18,0.11972241848707199
FRAG_NEG_trNEGATIVE76997_3_18,0.021149378269910812
FRAG_NEG_trNEGATIVE49979_47_18,0.3130596876144409
FRAG_NEG_trNEGATIVE43364_7_18,0.9183112382888794
FRAG_NEG_trNEGATIVE63753_3_19,0.18279963731765747
FRAG_NEG_trNEGATIVE54081_16_19,0.33969393372535706
FRAG_NEG_trNEGATIVE43021_21_19,0.03113207221031189
FRAG_NEG_trNEGATIVE65044_39_19,0.027798090130090714
FRAG_NEG_trNEGATIVE36288_49_19,0.09352274239063263
FRAG_NEG_trNEGATIVE45688_27_19,0.07972297817468643
FRAG_NEG_trNEGATIVE72209_36_19,0.03482089191675186
FRAG_NEG_trNEGATIVE52553_33_19,0.12275629490613937
FRAG_NEG_trNEGATIVE70582_9_19,0.648709237575531
FRAG_NEG_trNEGATIVE96724_1_19,0.012970221228897572
FRAG_NEG_trNEGATIVE28729_37_19,0.0981810986995697
FRAG_NEG_trNEGATIVE37733_45_19,0.02480916865170002
FRAG_NEG_trNEGATIVE29367_7_19,0.06662439554929733
FRAG_NEG_trNEGATIVE75482_16_19,0.20204108953475952
FRAG_NEG_trNEGATIVE76267_40_19,0.09631914645433426
FRAG_NEG_trNEGATIVE55831_58_19,0.05716179311275482
FRAG_NEG_trNEGATIVE86864_25_19,0.012857179157435894
FRAG_NEG_trNEGATIVE30650_35_19,0.08432275801897049
FRAG_NEG_trNEGATIVE79357_20_19,0.04000577703118324
FRAG_NEG_trNEGATIVE37753_14_19,0.2681082785129547
FRAG_NEG_trNEGATIVE89859_56_19,0.19514040648937225
FRAG_NEG_trNEGATIVE72833_56_19,0.020065290853381157
FRAG_NEG_trNEGATIVE95202_20_19,0.0342399962246418
FRAG_NEG_trNEGATIVE34527_51_19,0.02641460672020912
FRAG_NEG_trNEGATIVE84995_0_19,0.24475188553333282
FRAG_NEG_trNEGATIVE65200_30_19,0.01593250036239624
FRAG_NEG_trNEGATIVE44734_20_19,0.014922638423740864
FRAG_NEG_trNEGATIVE35045_30_19,0.021413397043943405
FRAG_NEG_trNEGATIVE91781_33_19,0.049579016864299774
FRAG_NEG_trNEGATIVE56804_32_19,0.3623063564300537
FRAG_NEG_trNEGATIVE42955_4_19,0.07164919376373291
FRAG_NEG_trNEGATIVE72460_69_19,0.01602807268500328
FRAG_NEG_trNEGATIVE58405_33_19,0.6516256928443909
FRAG_NEG_trNEGATIVE35127_28_19,0.043070197105407715
FRAG_NEG_trNEGATIVE52553_8_19,0.15301980078220367
FRAG_NEG_trNEGATIVE53744_14_19,0.06389457732439041
FRAG_NEG_trNEGATIVE27518_24_19,0.06578148156404495
FRAG_NEG_trNEGATIVE36843_41_19,0.03373855724930763
FRAG_NEG_trNEGATIVE60123_50_19,0.01744254305958748
FRAG_NEG_trNEGATIVE77350_23_19,0.016102686524391174
FRAG_NEG_trNEGATIVE57629_69_19,0.3527343273162842
FRAG_NEG_trNEGATIVE53295_3_19,0.3140292763710022
FRAG_NEG_trNEGATIVE71382_15_19,0.08217786997556686
FRAG_NEG_trNEGATIVE93508_52_19,0.057449616491794586
FRAG_NEG_trNEGATIVE97414_44_19,0.15519139170646667
FRAG_NEG_trNEGATIVE77996_79_19,0.2086936980485916
FRAG_NEG_trNEGATIVE62497_72_19,0.12483559548854828
FRAG_NEG_trNEGATIVE29650_32_19,0.0352611280977726
FRAG_NEG_trNEGATIVE44880_25_19,0.07871232181787491
FRAG_NEG_trNEGATIVE36047_34_19,0.4979349970817566
FRAG_NEG_trNEGATIVE28170_22_19,0.056761812418699265
FRAG_NEG_trNEGATIVE53131_41_19,0.0324101522564888
FRAG_NEG_trNEGATIVE84597_11_19,0.07795240730047226
FRAG_NEG_trNEGATIVE43004_6_19,0.10084839165210724
FRAG_NEG_trNEGATIVE88977_53_19,0.05818017199635506
FRAG_NEG_trNEGATIVE65819_48_19,0.07060480117797852
FRAG_NEG_trNEGATIVE31683_49_19,0.0503162182867527
FRAG_NEG_trNEGATIVE79753_24_19,0.034258823841810226
FRAG_NEG_trNEGATIVE75343_10_19,0.18355771899223328
FRAG_NEG_trNEGATIVE28516_57_19,0.058328960090875626
FRAG_NEG_trNEGATIVE32285_21_19,0.08094733208417892
FRAG_NEG_trNEGATIVE50224_42_19,0.08024845272302628
FRAG_NEG_trNEGATIVE53868_43_19,0.025985855609178543
FRAG_NEG_trNEGATIVE61009_37_19,0.01540286373347044
FRAG_NEG_trNEGATIVE36087_19_19,0.06626114249229431
FRAG_NEG_trNEGATIVE70642_68_19,0.05105827748775482
FRAG_NEG_trNEGATIVE44035_80_19,0.03831307962536812
FRAG_NEG_trNEGATIVE32833_1_19,0.26553887128829956
FRAG_NEG_trNEGATIVE95163_15_19,0.01997937634587288
FRAG_NEG_trNEGATIVE61323_61_19,0.03334548696875572
FRAG_NEG_trNEGATIVE52530_22_19,0.0354214571416378
FRAG_NEG_trNEGATIVE40060_51_19,0.34916064143180847
FRAG_NEG_trNEGATIVE81993_69_19,0.05517164245247841
FRAG_NEG_trNEGATIVE86986_57_19,0.11465450376272202
FRAG_NEG_trNEGATIVE85683_25_19,0.12171285599470139
FRAG_NEG_trNEGATIVE34028_49_19,0.024552397429943085
FRAG_NEG_trNEGATIVE78243_39_19,0.7817932367324829
FRAG_NEG_trNEGATIVE32910_4_19,0.9166377782821655
FRAG_NEG_trNEGATIVE67849_6_19,0.1199956163764
FRAG_NEG_trNEGATIVE76154_15_19,0.02570941485464573
FRAG_NEG_trNEGATIVE62346_44_19,0.012980438768863678
FRAG_NEG_trNEGATIVE72942_21_19,0.19978274405002594
FRAG_NEG_trNEGATIVE51987_24_19,0.029493074864149094
FRAG_NEG_trNEGATIVE83093_34_19,0.033321812748909
FRAG_NEG_trNEGATIVE38759_7_19,0.1032395139336586
FRAG_NEG_trNEGATIVE30808_19_19,0.022647684440016747
FRAG_NEG_trNEGATIVE63907_2_19,0.03627132996916771
FRAG_NEG_trNEGATIVE73505_63_19,0.10209287703037262
FRAG_NEG_trNEGATIVE63923_18_19,0.123097725212574
FRAG_NEG_trNEGATIVE38419_10_19,0.0692761167883873
FRAG_NEG_trNEGATIVE78344_15_19,0.4699229300022125
FRAG_NEG_trNEGATIVE77980_17_19,0.014469807036221027
FRAG_NEG_trNEGATIVE63180_5_19,0.05430866777896881
FRAG_NEG_trNEGATIVE56621_24_19,0.07487707585096359
FRAG_NEG_trNEGATIVE93762_0_19,0.05174003913998604
FRAG_NEG_trNEGATIVE43954_74_19,0.06392356753349304
FRAG_NEG_trNEGATIVE70019_36_19,0.011708708480000496
FRAG_NEG_trNEGATIVE96926_39_19,0.4383435845375061
FRAG_NEG_trNEGATIVE71049_41_19,0.03282146900892258
FRAG_NEG_trNEGATIVE84878_18_19,0.012326627969741821
FRAG_NEG_trNEGATIVE90881_3_19,0.015534114092588425
FRAG_NEG_trNEGATIVE28499_45_19,0.04034822806715965
FRAG_NEG_trNEGATIVE85222_35_19,0.052263349294662476
FRAG_NEG_trNEGATIVE50504_60_19,0.07490096241235733
FRAG_NEG_trNEGATIVE31738_23_19,0.7261494994163513
FRAG_NEG_trNEGATIVE77111_2_19,0.05452742427587509
FRAG_NEG_trNEGATIVE73996_27_19,0.02489928901195526
FRAG_NEG_trNEGATIVE62795_62_19,0.05820956081151962
FRAG_NEG_trNEGATIVE58114_27_19,0.032710108906030655
FRAG_NEG_trNEGATIVE56826_17_19,0.4859388768672943
FRAG_NEG_trNEGATIVE71907_10_19,0.05569574236869812
FRAG_NEG_trNEGATIVE85598_37_19,0.29309457540512085
FRAG_NEG_trNEGATIVE52892_69_19,0.04134461656212807
FRAG_NEG_trNEGATIVE44167_5_19,0.05805959179997444
FRAG_NEG_trNEGATIVE69595_50_19,0.05545059219002724
FRAG_NEG_trNEGATIVE75864_50_19,0.05366993695497513
FRAG_NEG_trNEGATIVE67705_12_19,0.01196285616606474
FRAG_NEG_trNEGATIVE81858_4_19,0.10015539079904556
FRAG_NEG_trNEGATIVE82267_37_19,0.08443008363246918
FRAG_NEG_trNEGATIVE86257_28_19,0.02429746463894844
FRAG_NEG_trNEGATIVE63235_44_19,0.33461084961891174
FRAG_NEG_trNEGATIVE60235_3_19,0.13935381174087524
FRAG_NEG_trNEGATIVE28054_21_19,0.26621031761169434
FRAG_NEG_trNEGATIVE85743_12_19,0.024675333872437477
FRAG_NEG_trNEGATIVE41384_9_19,0.1724100112915039
FRAG_NEG_trNEGATIVE50739_11_19,0.04469563812017441
FRAG_NEG_trNEGATIVE54002_16_19,0.3153716027736664
FRAG_NEG_trNEGATIVE65251_17_19,0.9288457036018372
FRAG_NEG_trNEGATIVE74887_28_19,0.0238962359726429
FRAG_NEG_trNEGATIVE56484_69_19,0.11929035931825638
FRAG_NEG_trNEGATIVE42096_0_19,0.01206123735755682
FRAG_NEG_trNEGATIVE94625_49_19,0.06949027627706528
FRAG_NEG_trNEGATIVE39672_25_19,0.05933266133069992
FRAG_NEG_trNEGATIVE44210_13_19,0.3427357077598572
FRAG_NEG_trNEGATIVE65344_4_19,0.04423199221491814
FRAG_NEG_trNEGATIVE47940_31_19,0.30894553661346436
FRAG_NEG_trNEGATIVE30883_6_19,0.013737506233155727
FRAG_NEG_trNEGATIVE88351_38_19,0.020046481862664223
FRAG_NEG_trNEGATIVE38619_9_19,0.4181508719921112
FRAG_NEG_trNEGATIVE65942_2_19,0.04252525046467781
FRAG_NEG_trNEGATIVE45785_37_19,0.16627013683319092
FRAG_NEG_trNEGATIVE74524_19_19,0.019844770431518555
FRAG_NEG_trNEGATIVE28350_53_19,0.03516291081905365
FRAG_NEG_trNEGATIVE96820_22_19,0.025600701570510864
FRAG_NEG_trNEGATIVE64751_25_19,0.08661370724439621
FRAG_NEG_trNEGATIVE93710_22_19,0.3341992497444153
FRAG_NEG_trNEGATIVE88042_30_19,0.040643058717250824
FRAG_NEG_trNEGATIVE94010_10_19,0.01655007340013981
FRAG_NEG_trNEGATIVE76374_6_19,0.06001737341284752
FRAG_NEG_trNEGATIVE72067_22_19,0.18483667075634003
FRAG_NEG_trNEGATIVE42340_50_19,0.03596210107207298
FRAG_NEG_trNEGATIVE48551_15_19,0.01657295972108841
FRAG_NEG_trNEGATIVE89667_25_19,0.01603509858250618
FRAG_NEG_trNEGATIVE96289_13_19,0.2069820910692215
FRAG_NEG_trNEGATIVE60025_16_19,0.029146121814846992
FRAG_NEG_trNEGATIVE47794_8_19,0.02775104157626629
FRAG_NEG_trNEGATIVE30855_47_19,0.09920745342969894
FRAG_NEG_trNEGATIVE63424_14_19,0.03623443469405174
FRAG_NEG_trNEGATIVE71467_1_19,0.028211547061800957
FRAG_NEG_trNEGATIVE55926_16_19,0.021532807499170303
FRAG_NEG_trNEGATIVE56445_56_19,0.1036146953701973
FRAG_NEG_trNEGATIVE68242_2_19,0.04234457388520241
FRAG_NEG_trNEGATIVE77128_23_19,0.026688188314437866
FRAG_NEG_trNEGATIVE85761_62_19,0.14236609637737274
FRAG_NEG_trNEGATIVE66500_34_19,0.015017950907349586
FRAG_NEG_trNEGATIVE43506_42_19,0.08322039991617203
FRAG_NEG_trNEGATIVE52643_45_19,0.2051471322774887
FRAG_NEG_trNEGATIVE86305_42_19,0.039726343005895615
FRAG_NEG_trNEGATIVE43084_22_19,0.009880433790385723
FRAG_NEG_trNEGATIVE54101_18_19,0.05090609937906265
FRAG_NEG_trNEGATIVE38801_26_19,0.14381062984466553
FRAG_NEG_trNEGATIVE91758_31_19,0.0979483500123024
FRAG_NEG_trNEGATIVE84079_22_19,0.04649077355861664
FRAG_NEG_trNEGATIVE59291_15_19,0.047993164509534836
FRAG_NEG_trNEGATIVE85455_48_19,0.14578309655189514
FRAG_NEG_trNEGATIVE70403_48_19,0.12365587055683136
FRAG_NEG_trNEGATIVE74088_0_19,0.062062762677669525
FRAG_NEG_trNEGATIVE46617_17_19,0.8214929103851318
FRAG_NEG_trNEGATIVE56723_4_19,0.025528497993946075
FRAG_NEG_trNEGATIVE47027_30_19,0.01974678598344326
FRAG_NEG_trNEGATIVE97568_54_19,0.19756685197353363
FRAG_NEG_trNEGATIVE34666_1_19,0.04417164623737335
FRAG_NEG_trNEGATIVE93189_7_19,0.44100865721702576
FRAG_NEG_trNEGATIVE60038_5_19,0.12245485186576843
FRAG_NEG_trNEGATIVE87687_54_19,0.019239189103245735
FRAG_NEG_trNEGATIVE36698_11_19,0.03846993297338486
FRAG_NEG_trNEGATIVE89716_23_19,0.14360469579696655
FRAG_NEG_trNEGATIVE66233_11_19,0.057752978056669235
FRAG_NEG_trNEGATIVE34022_2_19,0.0292873103171587
FRAG_NEG_trNEGATIVE90625_4_19,0.607080340385437
FRAG_NEG_trNEGATIVE75199_7_19,0.07357542216777802
FRAG_NEG_trNEGATIVE76642_29_19,0.1455628126859665
FRAG_NEG_trNEGATIVE77317_14_19,0.07742048799991608
FRAG_NEG_trNEGATIVE75359_44_19,0.5283413529396057
FRAG_NEG_trNEGATIVE60450_38_19,0.1166345402598381
FRAG_NEG_trNEGATIVE40920_55_19,0.09692344069480896
FRAG_NEG_trNEGATIVE42982_47_19,0.06416669487953186
FRAG_NEG_trNEGATIVE64890_5_19,0.041936177760362625
FRAG_NEG_trNEGATIVE44933_34_19,0.041348233819007874
FRAG_NEG_trNEGATIVE81527_54_19,0.08370267599821091
FRAG_NEG_trNEGATIVE85924_34_19,0.0351412370800972
FRAG_NEG_trNEGATIVE77575_0_19,0.016747979447245598
FRAG_NEG_trNEGATIVE68091_46_19,0.0750320628285408
FRAG_NEG_trNEGATIVE37172_23_19,0.10368373990058899
FRAG_NEG_trNEGATIVE57136_9_19,0.3005385994911194
FRAG_NEG_trNEGATIVE79195_65_19,0.15184490382671356
FRAG_NEG_trNEGATIVE44857_55_19,0.01209384948015213
FRAG_NEG_trNEGATIVE76037_69_19,0.04781132936477661
FRAG_NEG_trNEGATIVE33286_25_19,0.035352982580661774
FRAG_NEG_trNEGATIVE58579_40_19,0.14407485723495483
FRAG_NEG_trNEGATIVE64620_47_19,0.14664091169834137
FRAG_NEG_trNEGATIVE42319_24_19,0.13712002336978912
FRAG_NEG_trNEGATIVE45066_15_19,0.05469363555312157
FRAG_NEG_trNEGATIVE84693_17_19,0.01127296406775713
FRAG_NEG_trNEGATIVE41590_48_19,0.2887771427631378
FRAG_NEG_trNEGATIVE38194_16_19,0.10166266560554504
FRAG_NEG_trNEGATIVE66322_5_19,0.03022090531885624
FRAG_NEG_trNEGATIVE97413_25_19,0.03849444538354874
FRAG_NEG_trNEGATIVE57313_46_19,0.30358046293258667
FRAG_NEG_trNEGATIVE57664_59_19,0.1099981740117073
FRAG_NEG_trNEGATIVE91836_17_19,0.7293797135353088
FRAG_NEG_trNEGATIVE81157_34_19,0.09772254526615143
FRAG_NEG_trNEGATIVE96576_66_19,0.03236628323793411
FRAG_NEG_trNEGATIVE39448_29_19,0.02254990115761757
FRAG_NEG_trNEGATIVE67455_30_19,0.038356468081474304
FRAG_NEG_trNEGATIVE64760_16_19,0.015045716427266598
FRAG_NEG_trNEGATIVE79528_4_19,0.03894810006022453
FRAG_NEG_trNEGATIVE65369_33_19,0.2960975170135498
FRAG_NEG_trNEGATIVE69720_59_19,0.0319269560277462
FRAG_NEG_trNEGATIVE46347_17_19,0.028447989374399185
FRAG_NEG_trNEGATIVE40184_67_19,0.21652112901210785
FRAG_NEG_trNEGATIVE83678_21_19,0.024005768820643425
FRAG_NEG_trNEGATIVE77471_12_19,0.15080375969409943
FRAG_NEG_trNEGATIVE76037_62_19,0.03516284003853798
FRAG_NEG_trNEGATIVE38069_41_19,0.08415663987398148
FRAG_NEG_trNEGATIVE96583_14_19,0.030921416357159615
FRAG_NEG_trNEGATIVE68418_51_19,0.10254181921482086
FRAG_NEG_trNEGATIVE49695_39_19,0.6059331893920898
FRAG_NEG_trNEGATIVE96374_37_19,0.01878478191792965
FRAG_NEG_trNEGATIVE32913_23_19,0.08807282149791718
FRAG_NEG_trNEGATIVE89775_51_19,0.058916524052619934
FRAG_NEG_trNEGATIVE63573_23_19,0.019324714317917824
FRAG_NEG_trNEGATIVE33162_39_19,0.16665762662887573
FRAG_NEG_trNEGATIVE37447_39_19,0.022335799410939217
FRAG_NEG_trNEGATIVE44478_30_19,0.13734176754951477
FRAG_NEG_trNEGATIVE40492_67_19,0.025495601817965508
FRAG_NEG_trNEGATIVE85761_9_19,0.025632981210947037
FRAG_NEG_trNEGATIVE66429_45_19,0.032289378345012665
FRAG_NEG_trNEGATIVE85418_2_19,0.06637198477983475
FRAG_NEG_trNEGATIVE46179_44_19,0.02311146818101406
FRAG_NEG_trNEGATIVE89463_8_19,0.780977189540863
FRAG_NEG_trNEGATIVE78735_11_19,0.09919968247413635
FRAG_NEG_trNEGATIVE62346_24_19,0.02482074871659279
FRAG_NEG_trNEGATIVE95235_19_19,0.03341557830572128
FRAG_NEG_trNEGATIVE64940_30_19,0.47088852524757385
FRAG_NEG_trNEGATIVE75014_40_19,0.20583847165107727
FRAG_NEG_trNEGATIVE29466_20_19,0.2922956645488739
FRAG_NEG_trNEGATIVE53177_50_20,0.03617388755083084
FRAG_NEG_trNEGATIVE60221_7_20,0.0667169988155365
FRAG_NEG_trNEGATIVE72223_36_20,0.1120782345533371
FRAG_NEG_trNEGATIVE59072_10_20,0.011706169694662094
FRAG_NEG_trNEGATIVE27820_28_20,0.04676864296197891
FRAG_NEG_trNEGATIVE38929_22_20,0.06297869980335236
FRAG_NEG_trNEGATIVE75403_55_20,0.10623467713594437
FRAG_NEG_trNEGATIVE42506_1_20,0.14105741679668427
FRAG_NEG_trNEGATIVE69058_58_20,0.049879834055900574
FRAG_NEG_trNEGATIVE94996_66_20,0.022312743589282036
FRAG_NEG_trNEGATIVE94996_7_20,0.20866617560386658
FRAG_NEG_trNEGATIVE39967_1_20,0.22326041758060455
FRAG_NEG_trNEGATIVE77801_13_20,0.05599693953990936
FRAG_NEG_trNEGATIVE67713_41_20,0.05711764097213745
FRAG_NEG_trNEGATIVE43334_42_20,0.022624105215072632
FRAG_NEG_trNEGATIVE83396_14_20,0.9743902683258057
FRAG_NEG_trNEGATIVE66206_31_20,0.05966505408287048
FRAG_NEG_trNEGATIVE72713_1_20,0.013099831528961658
FRAG_NEG_trNEGATIVE59717_7_20,0.17978927493095398
FRAG_NEG_trNEGATIVE36154_5_20,0.021526187658309937
FRAG_NEG_trNEGATIVE49557_38_20,0.021493740379810333
FRAG_NEG_trNEGATIVE62765_22_20,0.02046787180006504
FRAG_NEG_trNEGATIVE57038_7_20,0.9287486672401428
FRAG_NEG_trNEGATIVE94635_16_20,0.27851539850234985
FRAG_NEG_trNEGATIVE52454_18_20,0.027030443772673607
FRAG_NEG_trNEGATIVE75878_58_20,0.04043269529938698
FRAG_NEG_trNEGATIVE57420_10_20,0.6524525880813599
FRAG_NEG_trNEGATIVE43372_2_20,0.6661933064460754
FRAG_NEG_trNEGATIVE32688_25_20,0.016924558207392693
FRAG_NEG_trNEGATIVE57384_72_20,0.03724603354930878
FRAG_NEG_trNEGATIVE28142_34_20,0.8281440138816833
FRAG_NEG_trNEGATIVE75513_40_20,0.014742182567715645
FRAG_NEG_trNEGATIVE64018_23_20,0.1622762233018875
FRAG_NEG_trNEGATIVE77094_19_20,0.03672116994857788
FRAG_NEG_trNEGATIVE51900_59_20,0.042333703488111496
FRAG_NEG_trNEGATIVE85904_6_20,0.03491152077913284
FRAG_NEG_trNEGATIVE33907_23_20,0.10450996458530426
FRAG_NEG_trNEGATIVE85633_39_20,0.09818293154239655
FRAG_NEG_trNEGATIVE30077_11_20,0.010716537944972515
FRAG_NEG_trNEGATIVE75814_26_20,0.05790967494249344
FRAG_NEG_trNEGATIVE69297_71_20,0.020240923389792442
FRAG_NEG_trNEGATIVE77111_18_20,0.31327128410339355
FRAG_NEG_trNEGATIVE51954_49_20,0.02461710013449192
FRAG_NEG_trNEGATIVE78106_21_20,0.2966111898422241
FRAG_NEG_trNEGATIVE37395_80_20,0.48575887084007263
FRAG_NEG_trNEGATIVE85582_41_20,0.03253175690770149
FRAG_NEG_trNEGATIVE48428_36_20,0.8561573028564453
FRAG_NEG_trNEGATIVE60221_50_20,0.025766892358660698
FRAG_NEG_trNEGATIVE60373_24_20,0.093236044049263
FRAG_NEG_trNEGATIVE77586_35_20,0.1655663251876831
FRAG_NEG_trNEGATIVE57334_7_20,0.03387480974197388
FRAG_NEG_trNEGATIVE78954_7_20,0.033169619739055634
FRAG_NEG_trNEGATIVE92499_20_20,0.37558043003082275
FRAG_NEG_trNEGATIVE31470_24_20,0.019042007625102997
FRAG_NEG_trNEGATIVE83836_21_20,0.06954127550125122
FRAG_NEG_trNEGATIVE43129_23_20,0.17737996578216553
FRAG_NEG_trNEGATIVE57902_34_20,0.3112064599990845
FRAG_NEG_trNEGATIVE43562_5_20,0.11963804811239243
FRAG_NEG_trNEGATIVE59519_53_20,0.0912070944905281
FRAG_NEG_trNEGATIVE86159_40_20,0.0343894436955452
FRAG_NEG_trNEGATIVE56752_55_20,0.05611420050263405
FRAG_NEG_trNEGATIVE41962_6_20,0.6413878202438354
FRAG_NEG_trNEGATIVE94399_9_20,0.6019896864891052
FRAG_NEG_trNEGATIVE97593_15_20,0.27765363454818726
FRAG_NEG_trNEGATIVE40119_27_20,0.028100093826651573
FRAG_NEG_trNEGATIVE79735_60_20,0.05623943358659744
FRAG_NEG_trNEGATIVE82949_48_20,0.042219143360853195
FRAG_NEG_trNEGATIVE92426_45_20,0.3860538899898529
FRAG_NEG_trNEGATIVE63376_19_20,0.06306872516870499
FRAG_NEG_trNEGATIVE32160_54_20,0.03968270123004913
FRAG_NEG_trNEGATIVE81491_11_20,0.15270781517028809
FRAG_NEG_trNEGATIVE42922_18_20,0.7797498106956482
FRAG_NEG_trNEGATIVE52450_4_20,0.7950908541679382
FRAG_NEG_trNEGATIVE64548_4_20,0.32467830181121826
FRAG_NEG_trNEGATIVE73158_14_20,0.09962406009435654
FRAG_NEG_trNEGATIVE47140_21_20,0.0521620474755764
FRAG_NEG_trNEGATIVE49185_22_20,0.025550244376063347
FRAG_NEG_trNEGATIVE79619_30_20,0.01803308166563511
FRAG_NEG_trNEGATIVE88934_51_20,0.1355784833431244
FRAG_NEG_trNEGATIVE59542_6_20,0.07893411815166473
FRAG_NEG_trNEGATIVE55271_34_20,0.04746520146727562
FRAG_NEG_trNEGATIVE41460_5_20,0.04811108484864235
FRAG_NEG_trNEGATIVE31632_43_20,0.009493861347436905
FRAG_NEG_trNEGATIVE81527_16_20,0.0880521610379219
FRAG_NEG_trNEGATIVE51922_68_20,0.02432374656200409
FRAG_NEG_trNEGATIVE28428_25_20,0.148296058177948
FRAG_NEG_trNEGATIVE67695_21_20,0.09389094263315201
FRAG_NEG_trNEGATIVE57314_9_20,0.24228718876838684
FRAG_NEG_trNEGATIVE58637_67_20,0.01277663093060255
FRAG_NEG_trNEGATIVE29521_41_20,0.9873298406600952
FRAG_NEG_trNEGATIVE91895_43_20,0.15708217024803162
FRAG_NEG_trNEGATIVE81510_2_20,0.05319629982113838
FRAG_NEG_trNEGATIVE83507_23_20,0.04910045862197876
FRAG_NEG_trNEGATIVE38759_57_20,0.41958457231521606
FRAG_NEG_trNEGATIVE66970_10_20,0.18554414808750153
FRAG_NEG_trNEGATIVE45105_30_20,0.3299580514431
FRAG_NEG_trNEGATIVE73786_20_20,0.8145125508308411
FRAG_NEG_trNEGATIVE39622_44_20,0.016065407544374466
FRAG_NEG_trNEGATIVE59520_41_20,0.1958814263343811
FRAG_NEG_trNEGATIVE47131_51_20,0.9516854882240295
FRAG_NEG_trNEGATIVE81287_38_20,0.09252580255270004
FRAG_NEG_trNEGATIVE64980_14_20,0.03661132603883743
FRAG_NEG_trNEGATIVE66835_3_20,0.013572914525866508
FRAG_NEG_trNEGATIVE88934_26_20,0.024461038410663605
FRAG_NEG_trNEGATIVE29734_24_20,0.04227113351225853
FRAG_NEG_trNEGATIVE33087_12_20,0.022176243364810944
FRAG_NEG_trNEGATIVE57524_20_20,0.1148851215839386
FRAG_NEG_trNEGATIVE38271_39_20,0.08368083089590073
FRAG_NEG_trNEGATIVE88499_25_20,0.0833006426692009
FRAG_NEG_trNEGATIVE63462_14_20,0.25676819682121277
FRAG_NEG_trNEGATIVE34705_24_20,0.07763436436653137
FRAG_NEG_trNEGATIVE34911_22_20,0.03540815785527229
FRAG_NEG_trNEGATIVE35578_14_20,0.04720446094870567
FRAG_NEG_trNEGATIVE80829_40_20,0.39234697818756104
FRAG_NEG_trNEGATIVE71241_55_20,0.05379635468125343
FRAG_NEG_trNEGATIVE57285_21_20,0.2550329864025116
FRAG_NEG_trNEGATIVE82152_49_20,0.7741599082946777
FRAG_NEG_trNEGATIVE37821_23_20,0.07336143404245377
FRAG_NEG_trNEGATIVE55800_5_20,0.013835233636200428
FRAG_NEG_trNEGATIVE75792_46_20,0.12247534096240997
FRAG_NEG_trNEGATIVE96554_59_20,0.20809608697891235
FRAG_NEG_trNEGATIVE46180_16_20,0.2613760232925415
FRAG_NEG_trNEGATIVE39078_0_20,0.03572914004325867
FRAG_NEG_trNEGATIVE46140_6_20,0.06592348217964172
FRAG_NEG_trNEGATIVE76311_21_20,0.05229071527719498
FRAG_NEG_trNEGATIVE65571_42_20,0.20838923752307892
FRAG_NEG_trNEGATIVE44871_9_20,0.02525370940566063
FRAG_NEG_trNEGATIVE82680_48_20,0.08334022015333176
FRAG_NEG_trNEGATIVE57796_28_20,0.6950895190238953
FRAG_NEG_trNEGATIVE77365_5_20,0.019595613703131676
FRAG_NEG_trNEGATIVE61277_49_20,0.051772043108940125
FRAG_NEG_trNEGATIVE75696_6_20,0.5082511901855469
FRAG_NEG_trNEGATIVE95018_33_20,0.09285129606723785
FRAG_NEG_trNEGATIVE81410_28_20,0.04923808574676514
FRAG_NEG_trNEGATIVE88184_56_20,0.19060242176055908
FRAG_NEG_trNEGATIVE40715_70_20,0.06175121292471886
FRAG_NEG_trNEGATIVE40184_73_20,0.03320850059390068
FRAG_NEG_trNEGATIVE63583_39_20,0.07629697769880295
FRAG_NEG_trNEGATIVE46582_19_20,0.028063971549272537
FRAG_NEG_trNEGATIVE93381_26_20,0.07119320333003998
FRAG_NEG_trNEGATIVE96930_40_20,0.1605347990989685
FRAG_NEG_trNEGATIVE64192_47_20,0.02233286015689373
FRAG_NEG_trNEGATIVE73308_13_20,0.04730572924017906
FRAG_NEG_trNEGATIVE27978_68_20,0.05280569568276405
FRAG_NEG_trNEGATIVE88887_20_20,0.017772605642676353
FRAG_NEG_trNEGATIVE72396_15_20,0.12979638576507568
FRAG_NEG_trNEGATIVE63843_23_20,0.09203531593084335
FRAG_NEG_trNEGATIVE57023_76_20,0.048588309437036514
FRAG_NEG_trNEGATIVE82995_4_20,0.28852400183677673
FRAG_NEG_trNEGATIVE84600_48_20,0.033788081258535385
FRAG_NEG_trNEGATIVE97414_18_20,0.05685560032725334
FRAG_NEG_trNEGATIVE50269_10_20,0.06860724836587906
FRAG_NEG_trNEGATIVE58289_50_20,0.05945242568850517
FRAG_NEG_trNEGATIVE90349_5_20,0.021802816540002823
FRAG_NEG_trNEGATIVE45765_25_20,0.020443769171833992
FRAG_NEG_trNEGATIVE70591_27_20,0.21141965687274933
FRAG_NEG_trNEGATIVE45657_32_20,0.812136173248291
FRAG_NEG_trNEGATIVE39893_22_20,0.03627990186214447
FRAG_NEG_trNEGATIVE84831_26_20,0.0660497397184372
FRAG_NEG_trNEGATIVE34205_33_20,0.25170260667800903
FRAG_NEG_trNEGATIVE75482_6_20,0.03369946405291557
FRAG_NEG_trNEGATIVE54238_43_20,0.04700891673564911
FRAG_NEG_trNEGATIVE63057_29_20,0.36630967259407043
FRAG_NEG_trNEGATIVE66167_78_20,0.04317876696586609
FRAG_NEG_trNEGATIVE92537_53_20,0.06419136375188828
FRAG_NEG_trNEGATIVE58868_38_20,0.020488517358899117
FRAG_NEG_trNEGATIVE93241_51_20,0.01652517169713974
FRAG_NEG_trNEGATIVE88380_41_20,0.014776838943362236
FRAG_NEG_trNEGATIVE70735_5_20,0.011972182430326939
FRAG_NEG_trNEGATIVE76710_62_20,0.019625907763838768
FRAG_NEG_trNEGATIVE81231_33_20,0.036621302366256714
FRAG_NEG_trNEGATIVE92269_10_20,0.13826707005500793
FRAG_NEG_trNEGATIVE52476_6_20,0.9728833436965942
FRAG_NEG_trNEGATIVE81386_66_20,0.06965797394514084
FRAG_NEG_trNEGATIVE91724_36_20,0.030176779255270958
FRAG_NEG_trNEGATIVE76759_71_20,0.2545018494129181
FRAG_NEG_trNEGATIVE31346_31_20,0.021278994157910347
FRAG_NEG_trNEGATIVE95360_17_20,0.2989228367805481
FRAG_NEG_trNEGATIVE74351_33_20,0.009936601854860783
FRAG_NEG_trNEGATIVE90839_5_20,0.060795169323682785
FRAG_NEG_trNEGATIVE61196_58_20,0.5545064210891724
FRAG_NEG_trNEGATIVE76527_29_20,0.07506048679351807
FRAG_NEG_trNEGATIVE74436_30_20,0.07965835183858871
FRAG_NEG_trNEGATIVE29765_1_20,0.7414030432701111
FRAG_NEG_trNEGATIVE40545_29_20,0.2394404262304306
FRAG_NEG_trNEGATIVE83114_65_20,0.07701700180768967
FRAG_NEG_trNEGATIVE74573_17_20,0.11346574127674103
FRAG_NEG_trNEGATIVE36438_21_20,0.015993928536772728
FRAG_NEG_trNEGATIVE67999_8_20,0.23380714654922485
FRAG_NEG_trNEGATIVE88238_1_20,0.04883098602294922
FRAG_NEG_trNEGATIVE93394_18_20,0.178392231464386
FRAG_NEG_trNEGATIVE43334_60_20,0.029955359175801277
FRAG_NEG_trNEGATIVE53410_7_20,0.0876341313123703
FRAG_NEG_trNEGATIVE79045_21_20,0.19501906633377075
FRAG_NEG_trNEGATIVE71697_14_20,0.055007584393024445
FRAG_NEG_trNEGATIVE85179_66_20,0.11175593733787537
FRAG_NEG_trNEGATIVE28269_52_20,0.04813138768076897
FRAG_NEG_trNEGATIVE59662_57_20,0.09122956544160843
FRAG_NEG_trNEGATIVE64855_37_20,0.31798940896987915
FRAG_NEG_trNEGATIVE57949_40_20,0.3362378180027008
FRAG_NEG_trNEGATIVE89377_10_20,0.03800376132130623
FRAG_NEG_trNEGATIVE80014_11_20,0.02758433111011982
FRAG_NEG_trNEGATIVE29046_54_20,0.012197849340736866
FRAG_NEG_trNEGATIVE47345_7_20,0.013293418101966381
FRAG_NEG_trNEGATIVE55408_62_20,0.09920065850019455
FRAG_NEG_trNEGATIVE72261_16_20,0.054003287106752396
FRAG_NEG_trNEGATIVE59996_10_20,0.02723543904721737
FRAG_NEG_trNEGATIVE60566_14_20,0.02379261888563633
FRAG_NEG_trNEGATIVE63078_21_20,0.2173127979040146
FRAG_NEG_trNEGATIVE92346_45_20,0.016988128423690796
FRAG_NEG_trNEGATIVE72967_14_20,0.031464263796806335
FRAG_NEG_trNEGATIVE37880_32_20,0.05026513710618019
FRAG_NEG_trNEGATIVE39870_21_20,0.07384032756090164
FRAG_NEG_trNEGATIVE49712_35_20,0.04941704496741295
FRAG_NEG_trNEGATIVE50740_43_20,0.01441910583525896
FRAG_NEG_trNEGATIVE92878_23_20,0.1572214812040329
FRAG_NEG_trNEGATIVE39004_26_20,0.5909190773963928
FRAG_NEG_trNEGATIVE55110_2_20,0.08934085071086884
FRAG_NEG_trNEGATIVE79202_43_20,0.07095757126808167
FRAG_NEG_trNEGATIVE45365_22_20,0.1265842467546463
FRAG_NEG_trNEGATIVE65678_2_20,0.26121148467063904
FRAG_NEG_trNEGATIVE70934_22_20,0.0365295484662056
FRAG_NEG_trNEGATIVE52240_39_20,0.44486865401268005
FRAG_NEG_trNEGATIVE63176_30_20,0.0265161395072937
FRAG_NEG_trNEGATIVE30600_51_20,0.011510524898767471
FRAG_NEG_trNEGATIVE63514_42_20,0.10666210204362869
FRAG_NEG_trNEGATIVE67531_55_20,0.08345405012369156
FRAG_NEG_trNEGATIVE54212_55_20,0.03293287381529808
FRAG_NEG_trNEGATIVE92489_33_20,0.0826634019613266
FRAG_NEG_trNEGATIVE70320_36_20,0.6561260223388672
FRAG_NEG_trNEGATIVE88156_10_20,0.9879732131958008
FRAG_NEG_trNEGATIVE34973_23_20,0.0339774526655674
FRAG_NEG_trNEGATIVE82520_32_20,0.02747935615479946
FRAG_NEG_trNEGATIVE68670_54_20,0.25093698501586914
FRAG_NEG_trNEGATIVE80602_1_20,0.03621477633714676
FRAG_NEG_trNEGATIVE47422_27_20,0.09153272956609726
FRAG_NEG_trNEGATIVE86864_16_20,0.02098962292075157
FRAG_NEG_trNEGATIVE58401_0_20,0.06820495426654816
FRAG_NEG_trNEGATIVE69895_37_20,0.16447651386260986
FRAG_NEG_trNEGATIVE97283_50_20,0.01543852686882019
FRAG_NEG_trNEGATIVE31404_6_20,0.9317730069160461
FRAG_NEG_trNEGATIVE29831_50_20,0.04574034363031387
FRAG_NEG_trNEGATIVE47812_26_20,0.012337623164057732
FRAG_NEG_trNEGATIVE76009_17_20,0.04393412172794342
FRAG_NEG_trNEGATIVE95131_25_20,0.05651990324258804
FRAG_NEG_trNEGATIVE96673_49_20,0.024273838847875595
FRAG_NEG_trNEGATIVE36643_32_20,0.1613958477973938
FRAG_NEG_trNEGATIVE78614_27_20,0.03299788758158684
FRAG_NEG_trNEGATIVE36281_3_20,0.9823213219642639
FRAG_NEG_trNEGATIVE96597_20_20,0.23349688947200775
FRAG_NEG_trNEGATIVE81517_25_20,0.32217147946357727
FRAG_NEG_trNEGATIVE64300_19_20,0.14812766015529633
FRAG_NEG_trNEGATIVE96170_48_20,0.8956503868103027
FRAG_NEG_trNEGATIVE92362_52_20,0.2823668122291565
FRAG_NEG_trNEGATIVE97027_51_20,0.03307328373193741
FRAG_NEG_trNEGATIVE74053_5_20,0.06901516020298004
FRAG_NEG_trNEGATIVE64306_24_20,0.05437006428837776
FRAG_NEG_trNEGATIVE93420_18_20,0.03494856134057045
FRAG_NEG_trNEGATIVE48759_27_20,0.10425575822591782
FRAG_NEG_trNEGATIVE68039_28_20,0.01707141287624836
FRAG_NEG_trNEGATIVE95540_22_20,0.054372549057006836
FRAG_NEG_trNEGATIVE63751_2_20,0.5749450922012329
FRAG_NEG_trNEGATIVE58637_47_20,0.20615282654762268
FRAG_NEG_trNEGATIVE78359_21_20,0.18093840777873993
FRAG_NEG_trNEGATIVE62801_23_20,0.10441844910383224
FRAG_NEG_trNEGATIVE78223_2_20,0.009672737680375576
FRAG_NEG_trNEGATIVE40806_38_20,0.052327465265989304
FRAG_NEG_trNEGATIVE27517_2_20,0.080266073346138
FRAG_NEG_trNEGATIVE62973_2_20,0.6335326433181763
FRAG_NEG_trNEGATIVE84587_32_20,0.014496834017336369
FRAG_NEG_trNEGATIVE45545_74_20,0.01732705347239971
FRAG_NEG_trNEGATIVE63176_24_20,0.09503140300512314
FRAG_NEG_trNEGATIVE82273_10_20,0.044468000531196594
FRAG_NEG_trNEGATIVE28212_42_20,0.05803145095705986
FRAG_NEG_trNEGATIVE61571_57_20,0.15986905992031097
FRAG_NEG_trNEGATIVE28453_34_20,0.075814388692379
FRAG_NEG_trNEGATIVE50638_40_20,0.01609366573393345
FRAG_NEG_trNEGATIVE71152_26_20,0.9860495924949646
FRAG_NEG_trNEGATIVE81212_35_20,0.1012745052576065
FRAG_NEG_trNEGATIVE97267_22_20,0.03314683958888054
FRAG_NEG_trNEGATIVE59996_21_20,0.27018865942955017
FRAG_NEG_trNEGATIVE36394_0_20,0.12094278633594513
FRAG_NEG_trNEGATIVE29484_27_20,0.6178461313247681
FRAG_NEG_trNEGATIVE27634_23_20,0.033803947269916534
FRAG_NEG_trNEGATIVE58329_61_20,0.016841281205415726
FRAG_NEG_trNEGATIVE90287_1_20,0.0201491080224514
FRAG_NEG_trNEGATIVE64720_34_20,0.22956304252147675
FRAG_NEG_trNEGATIVE35075_1_20,0.04562882333993912
FRAG_NEG_trNEGATIVE91297_33_20,0.031065402552485466
FRAG_NEG_trNEGATIVE41912_31_20,0.013458768837153912
FRAG_NEG_trNEGATIVE92008_41_20,0.9395579695701599
FRAG_NEG_trNEGATIVE68937_0_20,0.029771244153380394
FRAG_NEG_trNEGATIVE84549_27_20,0.16221031546592712
FRAG_NEG_trNEGATIVE90579_33_20,0.2970975339412689
FRAG_NEG_trNEGATIVE83168_33_20,0.04181613028049469
FRAG_NEG_trNEGATIVE35003_17_20,0.03347335010766983
FRAG_NEG_trNEGATIVE75934_53_20,0.8777042627334595
FRAG_NEG_trNEGATIVE46923_19_20,0.028654277324676514
FRAG_NEG_trNEGATIVE89141_9_20,0.09142883867025375
FRAG_NEG_trNEGATIVE77840_15_20,0.46388107538223267
FRAG_NEG_trNEGATIVE47625_54_20,0.013182876631617546
FRAG_NEG_trNEGATIVE88167_7_20,0.022626753896474838
FRAG_NEG_trNEGATIVE51469_5_20,0.00968128815293312
FRAG_NEG_trNEGATIVE46932_31_20,0.9852551221847534
FRAG_NEG_trNEGATIVE96134_40_20,0.13901695609092712
FRAG_NEG_trNEGATIVE75676_30_20,0.08870013058185577
FRAG_NEG_trNEGATIVE37987_50_20,0.034453850239515305
FRAG_NEG_trNEGATIVE64540_11_20,0.05299189314246178
FRAG_NEG_trNEGATIVE76891_19_20,0.3408912718296051
FRAG_NEG_trNEGATIVE49461_46_20,0.03762919455766678
FRAG_NEG_trNEGATIVE38207_1_20,0.049207333475351334
FRAG_NEG_trNEGATIVE71246_34_20,0.1175212636590004
FRAG_NEG_trNEGATIVE81159_15_20,0.33297237753868103
FRAG_NEG_trNEGATIVE61733_38_20,0.017355721443891525
FRAG_NEG_trNEGATIVE61009_28_20,0.14078937470912933
FRAG_NEG_trNEGATIVE38022_24_20,0.07921349257230759
FRAG_NEG_trNEGATIVE94572_4_20,0.02802073210477829
FRAG_NEG_trNEGATIVE52775_11_20,0.009694595821201801
FRAG_NEG_trNEGATIVE34893_36_20,0.18358810245990753
FRAG_NEG_trNEGATIVE51934_9_20,0.5645738840103149
FRAG_NEG_trNEGATIVE33275_0_20,0.018073657527565956
FRAG_NEG_trNEGATIVE57477_3_20,0.07158132642507553
FRAG_NEG_trNEGATIVE33907_6_20,0.015052339993417263
FRAG_NEG_trNEGATIVE78629_17_20,0.03548799455165863
FRAG_NEG_trNEGATIVE51356_5_20,0.039609216153621674
FRAG_NEG_trNEGATIVE48652_52_20,0.011375890113413334
FRAG_NEG_trNEGATIVE81621_0_20,0.029861485585570335
FRAG_NEG_trNEGATIVE76861_24_20,0.11158369481563568
FRAG_NEG_trNEGATIVE43771_0_20,0.11547800153493881
FRAG_NEG_trNEGATIVE36243_49_20,0.03652871772646904
FRAG_NEG_trNEGATIVE64715_32_20,0.057180143892765045
FRAG_NEG_trNEGATIVE71193_23_20,0.020529191941022873
FRAG_NEG_trNEGATIVE39793_56_20,0.024726800620555878
FRAG_NEG_trNEGATIVE65259_8_20,0.06581753492355347
FRAG_NEG_trNEGATIVE68314_18_20,0.06742214411497116
FRAG_NEG_trNEGATIVE63274_36_20,0.086761474609375
FRAG_NEG_trNEGATIVE97259_30_20,0.4196726083755493
FRAG_NEG_trNEGATIVE97493_59_20,0.08600212633609772
FRAG_NEG_trNEGATIVE45562_33_20,0.3769867420196533
FRAG_NEG_trNEGATIVE34443_48_20,0.16752927005290985
FRAG_NEG_trNEGATIVE74378_64_20,0.028075246140360832
FRAG_NEG_trNEGATIVE65600_25_20,0.03285563364624977
FRAG_NEG_trNEGATIVE46113_60_20,0.11093565821647644
FRAG_NEG_trNEGATIVE30703_28_20,0.40152862668037415
FRAG_NEG_trNEGATIVE89835_32_20,0.0605924092233181
FRAG_NEG_trNEGATIVE45066_0_20,0.2720325291156769
FRAG_NEG_trNEGATIVE70166_38_20,0.976515531539917
FRAG_NEG_trNEGATIVE56509_54_20,0.009383193217217922
FRAG_NEG_trNEGATIVE92373_15_20,0.3767157196998596
FRAG_NEG_trNEGATIVE46573_16_20,0.2362987995147705
FRAG_NEG_trNEGATIVE54166_61_20,0.3559417724609375
FRAG_NEG_trNEGATIVE62255_2_20,0.15967217087745667
FRAG_NEG_trNEGATIVE43395_25_20,0.07256779074668884
FRAG_NEG_trNEGATIVE33812_47_20,0.31020575761795044
FRAG_NEG_trNEGATIVE47217_3_20,0.11695095896720886
FRAG_NEG_trNEGATIVE80829_48_20,0.5349956154823303
FRAG_NEG_trNEGATIVE53727_32_20,0.6205676198005676
FRAG_NEG_trNEGATIVE92738_35_20,0.5316885113716125
FRAG_NEG_trNEGATIVE43153_20_20,0.32569655776023865
FRAG_NEG_trNEGATIVE86259_24_20,0.23913192749023438
FRAG_NEG_trNEGATIVE70258_64_20,0.22374765574932098
FRAG_NEG_trNEGATIVE76417_19_20,0.1234254315495491
FRAG_NEG_trNEGATIVE70934_4_20,0.15371687710285187
FRAG_NEG_trNEGATIVE44809_17_20,0.034448035061359406
FRAG_NEG_trNEGATIVE89575_3_20,0.03748317435383797
FRAG_NEG_trNEGATIVE61202_19_20,0.04878273606300354
FRAG_NEG_trNEGATIVE35081_37_20,0.03073286823928356
FRAG_NEG_trNEGATIVE60220_60_20,0.047010816633701324
FRAG_NEG_trNEGATIVE65844_29_20,0.18725444376468658
FRAG_NEG_trNEGATIVE67258_29_20,0.290503591299057
FRAG_NEG_trNEGATIVE78961_32_20,0.012418205849826336
FRAG_NEG_trNEGATIVE71826_17_20,0.06633751839399338
FRAG_NEG_trNEGATIVE60458_9_20,0.059374965727329254
FRAG_NEG_trNEGATIVE79903_17_20,0.12942899763584137
FRAG_NEG_trNEGATIVE65342_28_20,0.14839904010295868
FRAG_NEG_trNEGATIVE75635_15_20,0.37913596630096436
FRAG_NEG_trNEGATIVE30918_15_20,0.011882483959197998
FRAG_NEG_trNEGATIVE90468_15_20,0.030461186543107033
FRAG_NEG_trNEGATIVE54097_61_20,0.032845862209796906
FRAG_NEG_trNEGATIVE66008_7_20,0.12396121770143509
FRAG_NEG_trNEGATIVE33095_2_20,0.07221419364213943
FRAG_NEG_trNEGATIVE45049_18_20,0.24831366539001465
FRAG_NEG_trNEGATIVE90894_9_20,0.028889618813991547
FRAG_NEG_trNEGATIVE81668_51_20,0.019268881529569626
FRAG_NEG_trNEGATIVE48759_28_20,0.062393780797719955
FRAG_NEG_trNEGATIVE84403_42_20,0.08133293688297272
FRAG_NEG_trNEGATIVE36022_56_20,0.9793963432312012
FRAG_NEG_trNEGATIVE40284_15_20,0.0432177297770977
FRAG_NEG_trNEGATIVE53575_16_20,0.502997636795044
FRAG_NEG_trNEGATIVE87442_67_20,0.19240520894527435
FRAG_NEG_trNEGATIVE60173_19_20,0.01372692920267582
FRAG_NEG_trNEGATIVE82469_8_20,0.32191482186317444
FRAG_NEG_trNEGATIVE40701_15_20,0.07045457512140274
FRAG_NEG_trNEGATIVE37637_15_20,0.11179511994123459
FRAG_NEG_trNEGATIVE30739_57_20,0.6611021161079407
FRAG_NEG_trNEGATIVE29028_30_20,0.04404224455356598
FRAG_NEG_trNEGATIVE55133_49_20,0.08759073913097382
FRAG_NEG_trNEGATIVE81185_53_20,0.031226811930537224
FRAG_NEG_trNEGATIVE63459_24_20,0.4913257956504822
FRAG_NEG_trNEGATIVE86265_9_20,0.7762900590896606
FRAG_NEG_trNEGATIVE46387_0_20,0.2123309224843979
FRAG_NEG_trNEGATIVE70581_26_20,0.042663976550102234
FRAG_NEG_trNEGATIVE31543_19_20,0.11761708557605743
FRAG_NEG_trNEGATIVE61813_2_20,0.03346357122063637
FRAG_NEG_trNEGATIVE65850_0_20,0.04166029021143913
FRAG_NEG_trNEGATIVE91758_74_20,0.8953136801719666
FRAG_NEG_trNEGATIVE76453_4_20,0.9339095950126648
FRAG_NEG_trNEGATIVE61117_58_20,0.16346271336078644
FRAG_NEG_trNEGATIVE71633_16_20,0.09071147441864014
FRAG_NEG_trNEGATIVE96531_37_20,0.03936333209276199
FRAG_NEG_trNEGATIVE83956_45_20,0.0125028220936656
FRAG_NEG_trNEGATIVE87228_14_20,0.014693282544612885
FRAG_NEG_trNEGATIVE61502_10_20,0.26333966851234436
FRAG_NEG_trNEGATIVE66279_12_20,0.13710135221481323
FRAG_NEG_trNEGATIVE71119_47_20,0.04898323118686676
FRAG_NEG_trNEGATIVE94916_62_20,0.05100753530859947
FRAG_NEG_trNEGATIVE55353_6_20,0.01932596229016781
FRAG_NEG_trNEGATIVE96167_18_20,0.03638796508312225
FRAG_NEG_trNEGATIVE48327_32_20,0.07499084621667862
FRAG_NEG_trNEGATIVE61502_14_20,0.11586809903383255
FRAG_NEG_trNEGATIVE33327_46_20,0.03872540593147278
FRAG_NEG_trNEGATIVE34154_6_20,0.20631220936775208
FRAG_NEG_trNEGATIVE73415_31_20,0.7429084181785583
FRAG_NEG_trNEGATIVE63036_39_20,0.041881952434778214
FRAG_NEG_trNEGATIVE96443_12_20,0.24212519824504852
FRAG_NEG_trNEGATIVE83237_3_20,0.014334282837808132
FRAG_NEG_trNEGATIVE70523_20_20,0.1316516101360321
FRAG_NEG_trNEGATIVE44880_29_20,0.08167657256126404
FRAG_NEG_trNEGATIVE56407_9_20,0.8734901547431946
FRAG_NEG_trNEGATIVE71361_13_20,0.25259941816329956
FRAG_NEG_trNEGATIVE42400_3_20,0.010334867052733898
FRAG_NEG_trNEGATIVE88491_34_20,0.04484783485531807
FRAG_NEG_trNEGATIVE81690_40_20,0.8892846703529358
FRAG_NEG_trNEGATIVE54856_22_20,0.030885443091392517
FRAG_NEG_trNEGATIVE55193_41_20,0.033026356250047684
FRAG_NEG_trNEGATIVE68117_53_20,0.07933852821588516
FRAG_NEG_trNEGATIVE59192_28_20,0.0628850907087326
FRAG_NEG_trNEGATIVE31518_9_20,0.052121296525001526
FRAG_NEG_trNEGATIVE80523_20_20,0.018263764679431915
FRAG_NEG_trNEGATIVE30046_9_20,0.021218160167336464
FRAG_NEG_trNEGATIVE45174_77_20,0.05281393602490425
FRAG_NEG_trNEGATIVE85742_18_20,0.7630804777145386
FRAG_NEG_trNEGATIVE67208_57_20,0.015188236720860004
FRAG_NEG_trNEGATIVE91421_39_20,0.052213605493307114
FRAG_NEG_trNEGATIVE42246_22_20,0.03235198184847832
FRAG_NEG_trNEGATIVE93981_52_20,0.19772225618362427
FRAG_NEG_trNEGATIVE92153_6_20,0.2878197729587555
FRAG_NEG_trNEGATIVE39853_40_20,0.26061686873435974
FRAG_NEG_trNEGATIVE75261_48_20,0.062376294285058975
FRAG_NEG_trNEGATIVE34866_26_20,0.08888618648052216
FRAG_NEG_trNEGATIVE45564_4_20,0.7664811015129089
FRAG_NEG_trNEGATIVE73464_8_20,0.17240610718727112
FRAG_NEG_trNEGATIVE67331_26_20,0.016326751559972763
FRAG_NEG_trNEGATIVE90663_20_20,0.034324079751968384
FRAG_NEG_trNEGATIVE31683_38_20,0.05330566689372063
FRAG_NEG_trNEGATIVE39004_42_20,0.49441781640052795
FRAG_NEG_trNEGATIVE68110_10_20,0.038647353649139404
FRAG_NEG_trNEGATIVE31558_0_20,0.022700656205415726
FRAG_NEG_trNEGATIVE36696_39_20,0.06702911108732224
FRAG_NEG_trNEGATIVE47705_29_20,0.02349267154932022
FRAG_NEG_trNEGATIVE78105_38_20,0.2444334179162979
FRAG_NEG_trNEGATIVE52791_19_20,0.011108840815722942
FRAG_NEG_trNEGATIVE57334_37_20,0.030511783435940742
FRAG_NEG_trNEGATIVE85142_12_20,0.32928091287612915
FRAG_NEG_trNEGATIVE33442_35_20,0.033248092979192734
FRAG_NEG_trNEGATIVE94577_15_20,0.5988265872001648
FRAG_NEG_trNEGATIVE41707_24_20,0.043549150228500366
FRAG_NEG_trNEGATIVE63980_41_20,0.11060188710689545
FRAG_NEG_trNEGATIVE35729_16_20,0.05759952962398529
FRAG_NEG_trNEGATIVE28299_19_20,0.03716085106134415
FRAG_NEG_trNEGATIVE95931_63_20,0.9374182820320129
FRAG_NEG_trNEGATIVE69167_40_20,0.0685051828622818
FRAG_NEG_trNEGATIVE50673_1_20,0.10480644553899765
FRAG_NEG_trNEGATIVE85683_21_20,0.15177862346172333
FRAG_NEG_trNEGATIVE44308_46_20,0.04721703380346298
FRAG_NEG_trNEGATIVE94857_18_20,0.14526765048503876
FRAG_NEG_trNEGATIVE87308_54_20,0.08096177130937576
FRAG_NEG_trNEGATIVE58675_11_20,0.17352597415447235
FRAG_NEG_trNEGATIVE66730_56_20,0.0673077180981636
FRAG_NEG_trNEGATIVE44699_62_20,0.03842194750905037
FRAG_NEG_trNEGATIVE34429_42_20,0.04402247443795204
FRAG_NEG_trNEGATIVE96654_52_20,0.13057802617549896
FRAG_NEG_trNEGATIVE96921_37_20,0.02691638097167015
FRAG_NEG_trNEGATIVE75234_71_20,0.19077137112617493
FRAG_NEG_trNEGATIVE31769_15_20,0.5249395966529846
FRAG_NEG_trNEGATIVE35529_61_20,0.02980729192495346
FRAG_NEG_trNEGATIVE42246_0_20,0.6903533935546875
FRAG_NEG_trNEGATIVE50051_25_20,0.032834287732839584
FRAG_NEG_trNEGATIVE50082_31_20,0.05272786691784859
FRAG_NEG_trNEGATIVE58502_13_20,0.01959754154086113
FRAG_NEG_trNEGATIVE60068_9_20,0.01198869664222002
FRAG_NEG_trNEGATIVE31419_19_20,0.057103365659713745
FRAG_NEG_trNEGATIVE85162_74_20,0.03392357751727104
FRAG_NEG_trNEGATIVE39101_42_20,0.1762167513370514
FRAG_NEG_trNEGATIVE66427_36_20,0.046020980924367905
FRAG_NEG_trNEGATIVE45411_0_20,0.03976884111762047
FRAG_NEG_trNEGATIVE53486_38_20,0.04106421768665314
FRAG_NEG_trNEGATIVE65918_60_20,0.03327220678329468
FRAG_NEG_trNEGATIVE73416_27_20,0.035001542419195175
FRAG_NEG_trNEGATIVE74148_71_20,0.07729604095220566
FRAG_NEG_trNEGATIVE36815_25_20,0.26324206590652466
FRAG_NEG_trNEGATIVE76082_5_20,0.059120938181877136
FRAG_NEG_trNEGATIVE56047_28_20,0.012365864589810371
FRAG_NEG_trNEGATIVE71295_36_20,0.13307151198387146
FRAG_NEG_trNEGATIVE77009_20_20,0.03835541754961014
FRAG_NEG_trNEGATIVE85557_26_20,0.018414335325360298
FRAG_NEG_trNEGATIVE61201_22_20,0.03660620003938675
FRAG_NEG_trNEGATIVE80544_75_20,0.34745222330093384
FRAG_NEG_trNEGATIVE46309_31_21,0.05942056328058243
FRAG_NEG_trNEGATIVE52751_42_21,0.02512201853096485
FRAG_NEG_trNEGATIVE68394_33_21,0.3197925090789795
FRAG_NEG_trNEGATIVE59937_15_21,0.010838613845407963
FRAG_NEG_trNEGATIVE66660_3_21,0.01655062474310398
FRAG_NEG_trNEGATIVE38406_23_21,0.8950181603431702
FRAG_NEG_trNEGATIVE83539_61_21,0.2883628308773041
FRAG_NEG_trNEGATIVE76289_24_21,0.023417282849550247
FRAG_NEG_trNEGATIVE38121_25_21,0.029189148917794228
FRAG_NEG_trNEGATIVE54166_49_21,0.21942412853240967
FRAG_NEG_trNEGATIVE54256_19_21,0.12394628673791885
FRAG_NEG_trNEGATIVE34019_27_21,0.0748191624879837
FRAG_NEG_trNEGATIVE57900_1_21,0.039756011217832565
FRAG_NEG_trNEGATIVE52493_47_21,0.4018512964248657
FRAG_NEG_trNEGATIVE52681_13_21,0.01924603246152401
FRAG_NEG_trNEGATIVE66611_67_21,0.02261444181203842
FRAG_NEG_trNEGATIVE43244_4_21,0.022145194932818413
FRAG_NEG_trNEGATIVE63846_15_21,0.12019063532352448
FRAG_NEG_trNEGATIVE90255_1_21,0.7426648139953613
FRAG_NEG_trNEGATIVE78479_29_21,0.01641349121928215
FRAG_NEG_trNEGATIVE97079_32_21,0.07583530247211456
FRAG_NEG_trNEGATIVE58933_0_21,0.013154036365449429
FRAG_NEG_trNEGATIVE69593_13_21,0.029820356518030167
FRAG_NEG_trNEGATIVE46224_40_21,0.09057339280843735
FRAG_NEG_trNEGATIVE32555_23_21,0.028431573882699013
FRAG_NEG_trNEGATIVE58691_16_21,0.06186138093471527
FRAG_NEG_trNEGATIVE82312_28_21,0.07359933853149414
FRAG_NEG_trNEGATIVE89913_15_21,0.09957274794578552
FRAG_NEG_trNEGATIVE90279_43_21,0.017679400742053986
FRAG_NEG_trNEGATIVE49295_22_21,0.03289045765995979
FRAG_NEG_trNEGATIVE48327_1_21,0.05233738198876381
FRAG_NEG_trNEGATIVE91725_23_21,0.7223847508430481
FRAG_NEG_trNEGATIVE50348_1_21,0.037550847977399826
FRAG_NEG_trNEGATIVE71818_24_21,0.03995617851614952
FRAG_NEG_trNEGATIVE68701_68_21,0.7649937868118286
FRAG_NEG_trNEGATIVE45174_51_21,0.0332278273999691
FRAG_NEG_trNEGATIVE59021_43_21,0.9766830205917358
FRAG_NEG_trNEGATIVE46694_52_21,0.0873529314994812
FRAG_NEG_trNEGATIVE45179_10_21,0.1197010800242424
FRAG_NEG_trNEGATIVE71978_59_21,0.011233792640268803
FRAG_NEG_trNEGATIVE60832_27_21,0.025971457362174988
FRAG_NEG_trNEGATIVE86626_39_21,0.021595250815153122
FRAG_NEG_trNEGATIVE63110_22_21,0.09051722288131714
FRAG_NEG_trNEGATIVE42689_13_21,0.052307095378637314
FRAG_NEG_trNEGATIVE63923_63_21,0.027894603088498116
FRAG_NEG_trNEGATIVE40533_18_21,0.054360661655664444
FRAG_NEG_trNEGATIVE51263_49_21,0.05786887928843498
FRAG_NEG_trNEGATIVE69068_22_21,0.589917778968811
FRAG_NEG_trNEGATIVE38111_3_21,0.03642778843641281
FRAG_NEG_trNEGATIVE64241_72_21,0.12838120758533478
FRAG_NEG_trNEGATIVE91052_58_21,0.6936852335929871
FRAG_NEG_trNEGATIVE76082_32_21,0.03931500017642975
FRAG_NEG_trNEGATIVE80731_30_21,0.01337508112192154
FRAG_NEG_trNEGATIVE46025_41_21,0.11006660014390945
FRAG_NEG_trNEGATIVE88900_23_21,0.9070208072662354
FRAG_NEG_trNEGATIVE75621_0_21,0.009643793106079102
FRAG_NEG_trNEGATIVE94323_29_21,0.0866917222738266
FRAG_NEG_trNEGATIVE79961_17_21,0.07514723390340805
FRAG_NEG_trNEGATIVE68893_24_21,0.28214845061302185
FRAG_NEG_trNEGATIVE93217_69_21,0.03421732038259506
FRAG_NEG_trNEGATIVE69394_33_21,0.5768488645553589
FRAG_NEG_trNEGATIVE36328_34_21,0.09070929139852524
FRAG_NEG_trNEGATIVE30090_28_21,0.8613666892051697
FRAG_NEG_trNEGATIVE53156_61_21,0.18153955042362213
FRAG_NEG_trNEGATIVE90070_70_21,0.0165728572756052
FRAG_NEG_trNEGATIVE78327_43_21,0.030396735295653343
FRAG_NEG_trNEGATIVE91942_11_21,0.060245614498853683
FRAG_NEG_trNEGATIVE82664_57_21,0.1768607795238495
FRAG_NEG_trNEGATIVE35956_57_21,0.012066767551004887
FRAG_NEG_trNEGATIVE51996_12_21,0.07043492048978806
FRAG_NEG_trNEGATIVE83752_8_21,0.012946320697665215
FRAG_NEG_trNEGATIVE86969_9_21,0.08991074562072754
FRAG_NEG_trNEGATIVE62285_10_21,0.15811017155647278
FRAG_NEG_trNEGATIVE55106_63_21,0.04750591143965721
FRAG_NEG_trNEGATIVE89412_5_21,0.03673214837908745
FRAG_NEG_trNEGATIVE63997_39_21,0.06758780777454376
FRAG_NEG_trNEGATIVE56490_62_21,0.018064044415950775
FRAG_NEG_trNEGATIVE71696_14_21,0.35021498799324036
FRAG_NEG_trNEGATIVE31261_8_21,0.18307675421237946
FRAG_NEG_trNEGATIVE62346_48_21,0.03828427940607071
FRAG_NEG_trNEGATIVE41469_7_21,0.05454586446285248
FRAG_NEG_trNEGATIVE70888_4_21,0.12355464696884155
FRAG_NEG_trNEGATIVE88897_34_21,0.018072953447699547
FRAG_NEG_trNEGATIVE82038_21_21,0.018807563930749893
FRAG_NEG_trNEGATIVE34405_1_21,0.04963947832584381
FRAG_NEG_trNEGATIVE64974_10_21,0.11912979185581207
FRAG_NEG_trNEGATIVE75099_27_21,0.02815614454448223
FRAG_NEG_trNEGATIVE88184_23_21,0.06720130145549774
FRAG_NEG_trNEGATIVE52232_24_21,0.025176292285323143
FRAG_NEG_trNEGATIVE56183_24_21,0.21026143431663513
FRAG_NEG_trNEGATIVE62419_52_21,0.02809409610927105
FRAG_NEG_trNEGATIVE93105_12_21,0.028062455356121063
FRAG_NEG_trNEGATIVE51908_3_21,0.09674423933029175
FRAG_NEG_trNEGATIVE47402_62_21,0.11299320310354233
FRAG_NEG_trNEGATIVE71123_36_21,0.7679036855697632
FRAG_NEG_trNEGATIVE28294_36_21,0.08683013916015625
FRAG_NEG_trNEGATIVE61713_14_21,0.9007809162139893
FRAG_NEG_trNEGATIVE56403_6_21,0.16120904684066772
FRAG_NEG_trNEGATIVE50255_47_21,0.0658319815993309
FRAG_NEG_trNEGATIVE71696_23_21,0.0710877999663353
FRAG_NEG_trNEGATIVE28429_23_21,0.18015699088573456
FRAG_NEG_trNEGATIVE29314_2_21,0.1045011505484581
FRAG_NEG_trNEGATIVE96920_12_21,0.01998821645975113
FRAG_NEG_trNEGATIVE85642_42_21,0.946459949016571
FRAG_NEG_trNEGATIVE40151_20_21,0.022351371124386787
FRAG_NEG_trNEGATIVE92043_28_21,0.04317191615700722
FRAG_NEG_trNEGATIVE48534_48_21,0.8466284871101379
FRAG_NEG_trNEGATIVE81121_37_21,0.22612497210502625
FRAG_NEG_trNEGATIVE27585_7_21,0.030104612931609154
FRAG_NEG_trNEGATIVE95947_51_21,0.03867996856570244
FRAG_NEG_trNEGATIVE30993_36_21,0.9197800159454346
FRAG_NEG_trNEGATIVE35346_16_21,0.04951828718185425
FRAG_NEG_trNEGATIVE33531_52_21,0.019190503284335136
FRAG_NEG_trNEGATIVE66194_15_21,0.03337126225233078
FRAG_NEG_trNEGATIVE32240_62_21,0.03194187581539154
FRAG_NEG_trNEGATIVE91975_6_21,0.015525358729064465
FRAG_NEG_trNEGATIVE96599_63_21,0.024152226746082306
FRAG_NEG_trNEGATIVE34549_23_21,0.04031236469745636
FRAG_NEG_trNEGATIVE35845_20_21,0.011469926685094833
FRAG_NEG_trNEGATIVE34866_0_21,0.02820519544184208
FRAG_NEG_trNEGATIVE61201_35_21,0.1417178213596344
FRAG_NEG_trNEGATIVE66744_17_21,0.19529151916503906
FRAG_NEG_trNEGATIVE56707_15_21,0.1565060019493103
FRAG_NEG_trNEGATIVE52240_42_21,0.019503526389598846
FRAG_NEG_trNEGATIVE83944_44_21,0.02191372960805893
FRAG_NEG_trNEGATIVE48575_47_21,0.05427604541182518
FRAG_NEG_trNEGATIVE60036_17_21,0.13272376358509064
FRAG_NEG_trNEGATIVE93453_5_21,0.244757741689682
FRAG_NEG_trNEGATIVE44328_58_21,0.6014058589935303
FRAG_NEG_trNEGATIVE64704_63_21,0.019307170063257217
FRAG_NEG_trNEGATIVE66718_11_21,0.023654839023947716
FRAG_NEG_trNEGATIVE79147_5_21,0.01356613077223301
FRAG_NEG_trNEGATIVE77734_14_21,0.40304338932037354
FRAG_NEG_trNEGATIVE67521_13_21,0.3040196895599365
FRAG_NEG_trNEGATIVE74561_11_21,0.05487663298845291
FRAG_NEG_trNEGATIVE89435_0_21,0.10796313732862473
FRAG_NEG_trNEGATIVE76936_31_21,0.7526386380195618
FRAG_NEG_trNEGATIVE32319_54_21,0.02872767485678196
FRAG_NEG_trNEGATIVE67337_21_21,0.03626413643360138
FRAG_NEG_trNEGATIVE37957_3_21,0.020993053913116455
FRAG_NEG_trNEGATIVE45892_76_21,0.08032591640949249
FRAG_NEG_trNEGATIVE77398_70_21,0.031184101477265358
FRAG_NEG_trNEGATIVE41533_14_21,0.047415412962436676
FRAG_NEG_trNEGATIVE58387_17_21,0.12396910786628723
FRAG_NEG_trNEGATIVE68229_8_21,0.09717047214508057
FRAG_NEG_trNEGATIVE52553_20_21,0.07583824545145035
FRAG_NEG_trNEGATIVE87969_79_21,0.05956444889307022
FRAG_NEG_trNEGATIVE28057_35_21,0.0605783648788929
FRAG_NEG_trNEGATIVE42932_28_21,0.027638189494609833
FRAG_NEG_trNEGATIVE30341_17_21,0.9186170697212219
FRAG_NEG_trNEGATIVE73302_36_21,0.05890022963285446
FRAG_NEG_trNEGATIVE95089_26_21,0.03311288729310036
FRAG_NEG_trNEGATIVE40837_33_21,0.01071834284812212
FRAG_NEG_trNEGATIVE34898_41_21,0.019551260396838188
FRAG_NEG_trNEGATIVE30558_5_21,0.03092220239341259
FRAG_NEG_trNEGATIVE70307_45_21,0.8536041378974915
FRAG_NEG_trNEGATIVE40742_47_21,0.06664162129163742
FRAG_NEG_trNEGATIVE43083_7_21,0.015837280079722404
FRAG_NEG_trNEGATIVE66906_26_21,0.9057015776634216
FRAG_NEG_trNEGATIVE50849_7_21,0.060070667415857315
FRAG_NEG_trNEGATIVE96486_48_21,0.017717203125357628
FRAG_NEG_trNEGATIVE86620_43_21,0.28378698229789734
FRAG_NEG_trNEGATIVE86156_22_21,0.02546541579067707
FRAG_NEG_trNEGATIVE42982_11_21,0.01598440110683441
FRAG_NEG_trNEGATIVE46134_31_21,0.020194169133901596
FRAG_NEG_trNEGATIVE79316_47_21,0.07331070303916931
FRAG_NEG_trNEGATIVE81501_15_21,0.0416543111205101
FRAG_NEG_trNEGATIVE52072_18_21,0.35360732674598694
FRAG_NEG_trNEGATIVE47753_29_21,0.03154914826154709
FRAG_NEG_trNEGATIVE80010_8_21,0.07432553917169571
FRAG_NEG_trNEGATIVE74497_19_21,0.012137813493609428
FRAG_NEG_trNEGATIVE29383_23_21,0.013511160388588905
FRAG_NEG_trNEGATIVE31438_5_21,0.4098482131958008
FRAG_NEG_trNEGATIVE78787_33_21,0.09615328162908554
FRAG_NEG_trNEGATIVE64485_50_21,0.07741446793079376
FRAG_NEG_trNEGATIVE38215_27_21,0.014671938493847847
FRAG_NEG_trNEGATIVE74867_49_21,0.05577533319592476
FRAG_NEG_trNEGATIVE37156_3_21,0.08271272480487823
FRAG_NEG_trNEGATIVE59528_7_21,0.1326921433210373
FRAG_NEG_trNEGATIVE76751_29_21,0.056915413588285446
FRAG_NEG_trNEGATIVE30259_29_21,0.22773675620555878
FRAG_NEG_trNEGATIVE69998_51_21,0.032307218760252
FRAG_NEG_trNEGATIVE77307_4_21,0.2181590497493744
FRAG_NEG_trNEGATIVE35130_29_21,0.05193515121936798
FRAG_NEG_trNEGATIVE33974_50_21,0.012944139540195465
FRAG_NEG_trNEGATIVE97250_10_21,0.028351975604891777
FRAG_NEG_trNEGATIVE53238_20_21,0.034807369112968445
FRAG_NEG_trNEGATIVE93974_0_21,0.0718262791633606
FRAG_NEG_trNEGATIVE52859_60_21,0.05453110486268997
FRAG_NEG_trNEGATIVE91947_17_21,0.04292892664670944
FRAG_NEG_trNEGATIVE36047_58_21,0.13179625570774078
FRAG_NEG_trNEGATIVE43574_31_21,0.04376143962144852
FRAG_NEG_trNEGATIVE41886_35_21,0.02060275338590145
FRAG_NEG_trNEGATIVE93408_14_21,0.04491806775331497
FRAG_NEG_trNEGATIVE91561_15_21,0.3074498176574707
FRAG_NEG_trNEGATIVE28318_44_21,0.010951102711260319
FRAG_NEG_trNEGATIVE87474_20_21,0.06216089054942131
FRAG_NEG_trNEGATIVE78580_15_21,0.053369391709566116
FRAG_NEG_trNEGATIVE37599_15_21,0.010324984788894653
FRAG_NEG_trNEGATIVE67142_29_21,0.020134059712290764
FRAG_NEG_trNEGATIVE78145_3_21,0.5480953454971313
FRAG_NEG_trNEGATIVE48929_2_21,0.4774021804332733
FRAG_NEG_trNEGATIVE78479_1_21,0.9492174983024597
FRAG_NEG_trNEGATIVE67478_8_21,0.06295107305049896
FRAG_NEG_trNEGATIVE48592_4_21,0.20019426941871643
FRAG_NEG_trNEGATIVE52284_43_21,0.015743529424071312
FRAG_NEG_trNEGATIVE62084_65_21,0.09349474310874939
FRAG_NEG_trNEGATIVE39311_36_21,0.01988479308784008
FRAG_NEG_trNEGATIVE47531_3_21,0.017253931611776352
FRAG_NEG_trNEGATIVE43416_15_21,0.011447803117334843
FRAG_NEG_trNEGATIVE75397_39_21,0.09185329079627991
FRAG_NEG_trNEGATIVE42994_34_21,0.08943112194538116
FRAG_NEG_trNEGATIVE81119_33_21,0.5011923909187317
FRAG_NEG_trNEGATIVE54867_21_21,0.3552999198436737
FRAG_NEG_trNEGATIVE54384_48_21,0.19787272810935974
FRAG_NEG_trNEGATIVE97447_49_21,0.025089997798204422
FRAG_NEG_trNEGATIVE40595_27_21,0.41373610496520996
FRAG_NEG_trNEGATIVE82076_17_21,0.1814585030078888
FRAG_NEG_trNEGATIVE79327_46_21,0.25642266869544983
FRAG_NEG_trNEGATIVE81969_13_21,0.025014551356434822
FRAG_NEG_trNEGATIVE33192_14_21,0.034619156271219254
FRAG_NEG_trNEGATIVE84292_40_21,0.9408378005027771
FRAG_NEG_trNEGATIVE79478_5_21,0.021401265636086464
FRAG_NEG_trNEGATIVE93455_21_21,0.017852148041129112
FRAG_NEG_trNEGATIVE54604_46_21,0.054154541343450546
FRAG_NEG_trNEGATIVE43574_48_21,0.012103578075766563
FRAG_NEG_trNEGATIVE43439_13_21,0.01961064524948597
FRAG_NEG_trNEGATIVE55831_57_21,0.05071444809436798
FRAG_NEG_trNEGATIVE33646_4_21,0.28971928358078003
FRAG_NEG_trNEGATIVE28215_41_21,0.029424335807561874
FRAG_NEG_trNEGATIVE29734_19_21,0.1326310932636261
FRAG_NEG_trNEGATIVE96642_16_21,0.47943738102912903
FRAG_NEG_trNEGATIVE47268_44_21,0.4914422333240509
FRAG_NEG_trNEGATIVE41073_26_21,0.1523769497871399
FRAG_NEG_trNEGATIVE86962_40_21,0.04735654965043068
FRAG_NEG_trNEGATIVE33701_4_21,0.036122970283031464
FRAG_NEG_trNEGATIVE93420_19_21,0.031575798988342285
FRAG_NEG_trNEGATIVE74867_33_21,0.250821053981781
FRAG_NEG_trNEGATIVE41022_1_21,0.06159142404794693
FRAG_NEG_trNEGATIVE36180_68_21,0.025158392265439034
FRAG_NEG_trNEGATIVE40853_25_21,0.323459655046463
FRAG_NEG_trNEGATIVE42687_10_21,0.01350161712616682
FRAG_NEG_trNEGATIVE47422_12_21,0.03019453026354313
FRAG_NEG_trNEGATIVE42406_62_21,0.11353204399347305
FRAG_NEG_trNEGATIVE69414_15_21,0.06056911498308182
FRAG_NEG_trNEGATIVE44657_47_21,0.021907823160290718
FRAG_NEG_trNEGATIVE66677_26_21,0.37883260846138
FRAG_NEG_trNEGATIVE87351_3_21,0.04173710569739342
FRAG_NEG_trNEGATIVE73904_18_21,0.08118178695440292
FRAG_NEG_trNEGATIVE46203_6_21,0.014086323790252209
FRAG_NEG_trNEGATIVE35042_31_21,0.047569677233695984
FRAG_NEG_trNEGATIVE34849_7_21,0.03696461766958237
FRAG_NEG_trNEGATIVE87471_50_21,0.052086491137742996
FRAG_NEG_trNEGATIVE73412_23_21,0.03923877328634262
FRAG_NEG_trNEGATIVE60389_24_21,0.30307018756866455
FRAG_NEG_trNEGATIVE54516_48_21,0.9790352582931519
FRAG_NEG_trNEGATIVE88798_0_21,0.04725987836718559
FRAG_NEG_trNEGATIVE34066_2_21,0.4295235574245453
FRAG_NEG_trNEGATIVE94332_0_21,0.10903067141771317
FRAG_NEG_trNEGATIVE40545_25_21,0.09118138253688812
FRAG_NEG_trNEGATIVE66057_6_21,0.023858921602368355
FRAG_NEG_trNEGATIVE38446_13_21,0.06357251107692719
FRAG_NEG_trNEGATIVE78595_3_22,0.046606458723545074
FRAG_NEG_trNEGATIVE72340_37_22,0.13944195210933685
FRAG_NEG_trNEGATIVE65196_27_22,0.037257879972457886
FRAG_NEG_trNEGATIVE40059_31_22,0.06397036463022232
FRAG_NEG_trNEGATIVE28263_29_22,0.05568728223443031
FRAG_NEG_trNEGATIVE42922_4_22,0.10626336187124252
FRAG_NEG_trNEGATIVE37239_4_22,0.04889088124036789
FRAG_NEG_trNEGATIVE56445_57_22,0.2945769727230072
FRAG_NEG_trNEGATIVE49322_7_22,0.24630552530288696
FRAG_NEG_trNEGATIVE89608_42_22,0.04272865131497383
FRAG_NEG_trNEGATIVE66257_41_22,0.8240065574645996
FRAG_NEG_trNEGATIVE57400_11_22,0.3208902180194855
FRAG_NEG_trNEGATIVE28813_11_22,0.1873614341020584
FRAG_NEG_trNEGATIVE94801_11_22,0.026935357600450516
FRAG_NEG_trNEGATIVE94017_38_22,0.05784463882446289
FRAG_NEG_trNEGATIVE77370_22_22,0.06646042317152023
FRAG_NEG_trNEGATIVE31159_22_22,0.25972780585289
FRAG_NEG_trNEGATIVE96434_13_22,0.7710339426994324
FRAG_NEG_trNEGATIVE87224_17_22,0.12359032779932022
FRAG_NEG_trNEGATIVE92077_42_22,0.05102294310927391
FRAG_NEG_trNEGATIVE52594_6_22,0.16506843268871307
FRAG_NEG_trNEGATIVE80849_15_22,0.11854260414838791
FRAG_NEG_trNEGATIVE50509_23_22,0.01291356049478054
FRAG_NEG_trNEGATIVE57575_68_22,0.1996098905801773
FRAG_NEG_trNEGATIVE51922_38_22,0.08840437978506088
FRAG_NEG_trNEGATIVE90338_17_22,0.07045860588550568
FRAG_NEG_trNEGATIVE38110_32_22,0.05384379252791405
FRAG_NEG_trNEGATIVE38957_3_22,0.1808311492204666
FRAG_NEG_trNEGATIVE78658_46_22,0.013113345950841904
FRAG_NEG_trNEGATIVE92738_50_22,0.13881824910640717
FRAG_NEG_trNEGATIVE50516_19_22,0.2074752151966095
FRAG_NEG_trNEGATIVE63272_6_22,0.01618344709277153
FRAG_NEG_trNEGATIVE61111_3_22,0.025839103385806084
FRAG_NEG_trNEGATIVE44385_35_22,0.04044053331017494
FRAG_NEG_trNEGATIVE74570_49_22,0.06587261706590652
FRAG_NEG_trNEGATIVE67142_29_22,0.013598686084151268
FRAG_NEG_trNEGATIVE77659_30_22,0.4574779272079468
FRAG_NEG_trNEGATIVE77125_44_22,0.18829475343227386
FRAG_NEG_trNEGATIVE86452_36_22,0.19821451604366302
FRAG_NEG_trNEGATIVE77057_16_22,0.03880082443356514
FRAG_NEG_trNEGATIVE52960_62_22,0.21157774329185486
FRAG_NEG_trNEGATIVE68092_4_22,0.04423986002802849
FRAG_NEG_trNEGATIVE35738_43_22,0.3003838360309601
FRAG_NEG_trNEGATIVE54224_53_22,0.21322280168533325
FRAG_NEG_trNEGATIVE90237_28_22,0.08228025585412979
FRAG_NEG_trNEGATIVE41093_23_22,0.1693764626979828
FRAG_NEG_trNEGATIVE79162_56_22,0.051680684089660645
FRAG_NEG_trNEGATIVE50638_23_22,0.48964112997055054
FRAG_NEG_trNEGATIVE79864_52_22,0.023077258840203285
FRAG_NEG_trNEGATIVE77826_36_22,0.014069116674363613
FRAG_NEG_trNEGATIVE30728_39_22,0.06172529235482216
FRAG_NEG_trNEGATIVE55082_0_22,0.07759992778301239
FRAG_NEG_trNEGATIVE62398_34_22,0.012280311435461044
FRAG_NEG_trNEGATIVE74347_48_22,0.08693408966064453
FRAG_NEG_trNEGATIVE61460_2_22,0.06427261978387833
FRAG_NEG_trNEGATIVE34714_40_22,0.046896498650312424
FRAG_NEG_trNEGATIVE52945_44_22,0.2766520082950592
FRAG_NEG_trNEGATIVE66601_0_22,0.03466053679585457
FRAG_NEG_trNEGATIVE86402_63_22,0.05275321379303932
FRAG_NEG_trNEGATIVE41232_7_22,0.74417644739151
FRAG_NEG_trNEGATIVE83584_29_22,0.16186225414276123
FRAG_NEG_trNEGATIVE94063_15_22,0.01872553490102291
FRAG_NEG_trNEGATIVE80455_13_22,0.23458024859428406
FRAG_NEG_trNEGATIVE36014_33_22,0.026119129732251167
FRAG_NEG_trNEGATIVE32170_13_22,0.09481806308031082
FRAG_NEG_trNEGATIVE35456_13_22,0.024174530059099197
FRAG_NEG_trNEGATIVE30974_18_22,0.17675715684890747
FRAG_NEG_trNEGATIVE92041_8_22,0.026826193556189537
FRAG_NEG_trNEGATIVE57946_48_22,0.2720506489276886
FRAG_NEG_trNEGATIVE87589_16_22,0.036032192409038544
FRAG_NEG_trNEGATIVE71788_36_22,0.11274011433124542
FRAG_NEG_trNEGATIVE58102_39_22,0.16610464453697205
FRAG_NEG_trNEGATIVE60450_11_22,0.12600503861904144
FRAG_NEG_trNEGATIVE70894_52_22,0.0545836016535759
FRAG_NEG_trNEGATIVE43266_11_22,0.5893107056617737
FRAG_NEG_trNEGATIVE90056_32_22,0.011215492151677608
FRAG_NEG_trNEGATIVE36342_39_22,0.020026909187436104
FRAG_NEG_trNEGATIVE72340_29_22,0.028184199705719948
FRAG_NEG_trNEGATIVE40991_51_22,0.21388889849185944
FRAG_NEG_trNEGATIVE62721_27_22,0.019931768998503685
FRAG_NEG_trNEGATIVE62896_43_22,0.02555113472044468
FRAG_NEG_trNEGATIVE93869_23_22,0.07708033174276352
FRAG_NEG_trNEGATIVE51397_0_22,0.5035167932510376
FRAG_NEG_trNEGATIVE47118_18_22,0.023731233552098274
FRAG_NEG_trNEGATIVE65600_39_22,0.01491755060851574
FRAG_NEG_trNEGATIVE84557_6_22,0.1414685994386673
FRAG_NEG_trNEGATIVE81329_4_22,0.04212098941206932
FRAG_NEG_trNEGATIVE34839_23_22,0.0756925716996193
FRAG_NEG_trNEGATIVE58066_22_22,0.2562801241874695
FRAG_NEG_trNEGATIVE56608_32_22,0.026431526988744736
FRAG_NEG_trNEGATIVE32800_65_22,0.21620507538318634
FRAG_NEG_trNEGATIVE90391_10_22,0.13569128513336182
FRAG_NEG_trNEGATIVE79244_4_22,0.05452383682131767
FRAG_NEG_trNEGATIVE86750_32_22,0.129165917634964
FRAG_NEG_trNEGATIVE67385_25_22,0.9803062081336975
FRAG_NEG_trNEGATIVE37545_35_22,0.8347450494766235
FRAG_NEG_trNEGATIVE64433_7_22,0.037515200674533844
FRAG_NEG_trNEGATIVE90056_57_22,0.031036559492349625
FRAG_NEG_trNEGATIVE47677_18_22,0.6728556156158447
FRAG_NEG_trNEGATIVE71200_19_22,0.13323181867599487
FRAG_NEG_trNEGATIVE47142_60_22,0.8377180695533752
FRAG_NEG_trNEGATIVE45122_31_22,0.3784550130367279
FRAG_NEG_trNEGATIVE78370_47_22,0.041406042873859406
FRAG_NEG_trNEGATIVE41337_28_22,0.010931248776614666
FRAG_NEG_trNEGATIVE93710_8_22,0.026024699211120605
FRAG_NEG_trNEGATIVE71565_1_22,0.06947456300258636
FRAG_NEG_trNEGATIVE74554_44_22,0.4882528483867645
FRAG_NEG_trNEGATIVE72396_27_22,0.2307731956243515
FRAG_NEG_trNEGATIVE75479_23_22,0.04717349261045456
FRAG_NEG_trNEGATIVE91266_3_22,0.026649342849850655
FRAG_NEG_trNEGATIVE63422_36_22,0.017937980592250824
FRAG_NEG_trNEGATIVE65731_26_22,0.06214325502514839
FRAG_NEG_trNEGATIVE46370_32_22,0.013991865329444408
FRAG_NEG_trNEGATIVE54669_7_22,0.04108316823840141
FRAG_NEG_trNEGATIVE33484_13_22,0.028727779164910316
FRAG_NEG_trNEGATIVE63918_32_22,0.31525933742523193
FRAG_NEG_trNEGATIVE44266_36_22,0.3697050213813782
FRAG_NEG_trNEGATIVE81308_16_22,0.03449133783578873
FRAG_NEG_trNEGATIVE57331_39_22,0.018113858997821808
FRAG_NEG_trNEGATIVE72833_11_22,0.12733763456344604
FRAG_NEG_trNEGATIVE56432_42_22,0.12110992521047592
FRAG_NEG_trNEGATIVE68080_26_22,0.04489783197641373
FRAG_NEG_trNEGATIVE63531_25_22,0.8076995611190796
FRAG_NEG_trNEGATIVE57636_59_22,0.024875175207853317
FRAG_NEG_trNEGATIVE27956_29_22,0.020417045801877975
FRAG_NEG_trNEGATIVE34849_20_22,0.021999599412083626
FRAG_NEG_trNEGATIVE29886_58_22,0.01659085974097252
FRAG_NEG_trNEGATIVE69335_38_22,0.23520617187023163
FRAG_NEG_trNEGATIVE91438_7_22,0.15226292610168457
FRAG_NEG_trNEGATIVE52832_45_22,0.01865902729332447
FRAG_NEG_trNEGATIVE29106_54_22,0.01331202033907175
FRAG_NEG_trNEGATIVE69382_15_22,0.06941884756088257
FRAG_NEG_trNEGATIVE71150_38_22,0.06961114704608917
FRAG_NEG_trNEGATIVE93056_44_22,0.6273108720779419
FRAG_NEG_trNEGATIVE46443_21_22,0.05498889461159706
FRAG_NEG_trNEGATIVE83093_40_22,0.08002953976392746
FRAG_NEG_trNEGATIVE58484_3_22,0.04421142861247063
FRAG_NEG_trNEGATIVE54101_29_22,0.09083753824234009
FRAG_NEG_trNEGATIVE85222_53_22,0.013048818334937096
FRAG_NEG_trNEGATIVE72456_15_22,0.07249750941991806
FRAG_NEG_trNEGATIVE78416_2_22,0.2823416292667389
FRAG_NEG_trNEGATIVE54749_52_22,0.044541243463754654
FRAG_NEG_trNEGATIVE92269_29_22,0.22203801572322845
FRAG_NEG_trNEGATIVE82830_6_22,0.04841526225209236
FRAG_NEG_trNEGATIVE96940_28_22,0.1435157209634781
FRAG_NEG_trNEGATIVE31139_69_22,0.04258708655834198
FRAG_NEG_trNEGATIVE82515_22_22,0.05351395532488823
FRAG_NEG_trNEGATIVE86892_16_22,0.16240628063678741
FRAG_NEG_trNEGATIVE44821_9_22,0.23527531325817108
FRAG_NEG_trNEGATIVE36542_20_22,0.050737470388412476
FRAG_NEG_trNEGATIVE33791_17_22,0.07728177309036255
FRAG_NEG_trNEGATIVE57412_0_22,0.2396918386220932
FRAG_NEG_trNEGATIVE76074_6_22,0.24190442264080048
FRAG_NEG_trNEGATIVE93278_49_22,0.04021819680929184
FRAG_NEG_trNEGATIVE87072_21_22,0.022644318640232086
FRAG_NEG_trNEGATIVE28181_7_22,0.09895273298025131
FRAG_NEG_trNEGATIVE72754_7_22,0.01908578723669052
FRAG_NEG_trNEGATIVE43306_55_22,0.9693164229393005
FRAG_NEG_trNEGATIVE55352_27_22,0.06015743315219879
FRAG_NEG_trNEGATIVE52072_20_22,0.3184111714363098
FRAG_NEG_trNEGATIVE42608_33_22,0.28385278582572937
FRAG_NEG_trNEGATIVE37173_24_22,0.05662238970398903
FRAG_NEG_trNEGATIVE95018_10_22,0.028325948864221573
FRAG_NEG_trNEGATIVE52034_38_22,0.05145520344376564
FRAG_NEG_trNEGATIVE82139_31_22,0.04426286369562149
FRAG_NEG_trNEGATIVE47292_14_22,0.07414127141237259
FRAG_NEG_trNEGATIVE29638_16_22,0.48936954140663147
FRAG_NEG_trNEGATIVE68839_24_22,0.2338039129972458
FRAG_NEG_trNEGATIVE84767_33_22,0.02944410964846611
FRAG_NEG_trNEGATIVE49238_21_22,0.05465784668922424
FRAG_NEG_trNEGATIVE95711_22_22,0.21028003096580505
FRAG_NEG_trNEGATIVE49483_36_22,0.01100447028875351
FRAG_NEG_trNEGATIVE79412_1_22,0.556898295879364
FRAG_NEG_trNEGATIVE54305_26_22,0.01799875497817993
FRAG_NEG_trNEGATIVE96820_34_22,0.7759036421775818
FRAG_NEG_trNEGATIVE32156_21_22,0.4449625015258789
FRAG_NEG_trNEGATIVE89652_23_22,0.05201588198542595
FRAG_NEG_trNEGATIVE40059_24_22,0.023762844502925873
FRAG_NEG_trNEGATIVE29766_47_22,0.1265159547328949
FRAG_NEG_trNEGATIVE31618_36_22,0.04335843026638031
FRAG_NEG_trNEGATIVE33791_47_22,0.08482559770345688
FRAG_NEG_trNEGATIVE73694_13_22,0.13548168540000916
FRAG_NEG_trNEGATIVE97534_36_22,0.010909873992204666
FRAG_NEG_trNEGATIVE62574_39_22,0.0869377851486206
FRAG_NEG_trNEGATIVE64959_34_22,0.04538260027766228
FRAG_NEG_trNEGATIVE29559_53_22,0.5079495906829834
FRAG_NEG_trNEGATIVE74725_17_22,0.03516276180744171
FRAG_NEG_trNEGATIVE66194_32_22,0.0091501260176301
FRAG_NEG_trNEGATIVE82312_14_22,0.03518607094883919
FRAG_NEG_trNEGATIVE46561_31_22,0.01604638062417507
FRAG_NEG_trNEGATIVE31425_52_22,0.028498101979494095
FRAG_NEG_trNEGATIVE93111_44_22,0.5176525712013245
FRAG_NEG_trNEGATIVE30674_35_22,0.022730035707354546
FRAG_NEG_trNEGATIVE85681_53_22,0.09526263177394867
FRAG_NEG_trNEGATIVE81483_27_22,0.09191077202558517
FRAG_NEG_trNEGATIVE38320_36_22,0.03248731791973114
FRAG_NEG_trNEGATIVE86577_26_22,0.029556185007095337
FRAG_NEG_trNEGATIVE33995_21_22,0.023912841454148293
FRAG_NEG_trNEGATIVE91852_24_22,0.7577258348464966
FRAG_NEG_trNEGATIVE78083_38_22,0.07508701086044312
FRAG_NEG_trNEGATIVE94710_16_22,0.03964362293481827
FRAG_NEG_trNEGATIVE77582_45_22,0.022959455847740173
FRAG_NEG_trNEGATIVE95155_4_22,0.11658648401498795
FRAG_NEG_trNEGATIVE82416_52_22,0.016740214079618454
FRAG_NEG_trNEGATIVE66234_17_22,0.3547365069389343
FRAG_NEG_trNEGATIVE94572_8_22,0.04462161660194397
FRAG_NEG_trNEGATIVE36559_11_22,0.07706945389509201
FRAG_NEG_trNEGATIVE59456_8_22,0.1560305505990982
FRAG_NEG_trNEGATIVE90222_19_22,0.031096909195184708
FRAG_NEG_trNEGATIVE41234_19_22,0.3345125913619995
FRAG_NEG_trNEGATIVE58523_18_22,0.05274756997823715
FRAG_NEG_trNEGATIVE48299_35_22,0.03891080990433693
FRAG_NEG_trNEGATIVE80219_67_22,0.0181179977953434
FRAG_NEG_trNEGATIVE51403_7_22,0.2885618507862091
FRAG_NEG_trNEGATIVE79784_46_23,0.04060967266559601
FRAG_NEG_trNEGATIVE46472_0_23,0.020543349906802177
FRAG_NEG_trNEGATIVE95503_30_23,0.07213158160448074
FRAG_NEG_trNEGATIVE35404_54_23,0.017649466171860695
FRAG_NEG_trNEGATIVE33994_19_23,0.2972908914089203
FRAG_NEG_trNEGATIVE31332_4_23,0.3944927453994751
FRAG_NEG_trNEGATIVE88073_23_23,0.05241556838154793
FRAG_NEG_trNEGATIVE75499_47_23,0.01590869203209877
FRAG_NEG_trNEGATIVE44942_1_23,0.11928781867027283
FRAG_NEG_trNEGATIVE48124_29_23,0.0406876876950264
FRAG_NEG_trNEGATIVE72648_35_23,0.0599975623190403
FRAG_NEG_trNEGATIVE39129_8_23,0.04305611923336983
FRAG_NEG_trNEGATIVE73295_2_23,0.01563478261232376
FRAG_NEG_trNEGATIVE72619_0_23,0.1193934828042984
FRAG_NEG_trNEGATIVE84283_44_23,0.9903697371482849
FRAG_NEG_trNEGATIVE65500_8_23,0.7217665910720825
FRAG_NEG_trNEGATIVE84272_32_23,0.030874604359269142
FRAG_NEG_trNEGATIVE54920_31_23,0.06376956403255463
FRAG_NEG_trNEGATIVE74037_19_23,0.20482942461967468
FRAG_NEG_trNEGATIVE91358_15_23,0.04150402173399925
FRAG_NEG_trNEGATIVE38371_23_23,0.023590631783008575
FRAG_NEG_trNEGATIVE92258_12_23,0.1321481317281723
FRAG_NEG_trNEGATIVE43403_8_23,0.051722604781389236
FRAG_NEG_trNEGATIVE96934_46_23,0.033724937587976456
FRAG_NEG_trNEGATIVE45878_28_23,0.0656595528125763
FRAG_NEG_trNEGATIVE53121_30_23,0.09337601810693741
FRAG_NEG_trNEGATIVE63918_13_23,0.14296534657478333
FRAG_NEG_trNEGATIVE43896_17_23,0.03201741725206375
FRAG_NEG_trNEGATIVE95551_53_23,0.47212281823158264
FRAG_NEG_trNEGATIVE41899_25_23,0.03292940929532051
FRAG_NEG_trNEGATIVE65709_34_23,0.011837448924779892
FRAG_NEG_trNEGATIVE33913_33_23,0.04951798543334007
FRAG_NEG_trNEGATIVE75403_43_23,0.07776157557964325
FRAG_NEG_trNEGATIVE80784_10_23,0.022871268913149834
FRAG_NEG_trNEGATIVE71805_19_23,0.2880902588367462
FRAG_NEG_trNEGATIVE45182_4_23,0.17552070319652557
FRAG_NEG_trNEGATIVE68549_23_23,0.03775511309504509
FRAG_NEG_trNEGATIVE58502_7_23,0.048260822892189026
FRAG_NEG_trNEGATIVE86436_62_23,0.9476821422576904
FRAG_NEG_trNEGATIVE91270_33_23,0.03257257491350174
FRAG_NEG_trNEGATIVE35872_41_23,0.027592312544584274
FRAG_NEG_trNEGATIVE78224_21_23,0.8343494534492493
FRAG_NEG_trNEGATIVE71907_26_23,0.04073629528284073
FRAG_NEG_trNEGATIVE30620_4_23,0.02419501543045044
FRAG_NEG_trNEGATIVE27564_33_23,0.012186652049422264
FRAG_NEG_trNEGATIVE35165_11_23,0.017303038388490677
FRAG_NEG_trNEGATIVE34705_41_23,0.03656105324625969
FRAG_NEG_trNEGATIVE64587_4_23,0.02719689905643463
FRAG_NEG_trNEGATIVE92537_17_23,0.055414605885744095
FRAG_NEG_trNEGATIVE38548_17_23,0.06728918105363846
FRAG_NEG_trNEGATIVE73505_0_23,0.13237522542476654
FRAG_NEG_trNEGATIVE44311_63_23,0.04056509956717491
FRAG_NEG_trNEGATIVE74514_4_23,0.9014127850532532
FRAG_NEG_trNEGATIVE39466_37_23,0.03746476396918297
FRAG_NEG_trNEGATIVE89775_36_23,0.39739692211151123
FRAG_NEG_trNEGATIVE88761_5_23,0.18065083026885986
FRAG_NEG_trNEGATIVE45765_10_23,0.02500789612531662
FRAG_NEG_trNEGATIVE30476_40_23,0.13897736370563507
FRAG_NEG_trNEGATIVE46585_30_23,0.02532500959932804
FRAG_NEG_trNEGATIVE39326_8_23,0.015804827213287354
FRAG_NEG_trNEGATIVE88810_59_23,0.05131233111023903
FRAG_NEG_trNEGATIVE41384_4_23,0.42700690031051636
FRAG_NEG_trNEGATIVE38649_20_23,0.9474528431892395
FRAG_NEG_trNEGATIVE27881_3_23,0.040203243494033813
FRAG_NEG_trNEGATIVE93269_8_23,0.09037499129772186
FRAG_NEG_trNEGATIVE77461_39_23,0.030549271032214165
FRAG_NEG_trNEGATIVE49008_44_23,0.03307357057929039
FRAG_NEG_trNEGATIVE66922_24_23,0.23288239538669586
FRAG_NEG_trNEGATIVE66816_2_23,0.07729756832122803
FRAG_NEG_trNEGATIVE51925_21_23,0.0673523023724556
FRAG_NEG_trNEGATIVE44384_2_23,0.01643340289592743
FRAG_NEG_trNEGATIVE64522_10_23,0.045968297868967056
FRAG_NEG_trNEGATIVE87969_43_23,0.041844844818115234
FRAG_NEG_trNEGATIVE86192_24_23,0.025365034118294716
FRAG_NEG_trNEGATIVE40444_23_23,0.14310544729232788
FRAG_NEG_trNEGATIVE35741_40_23,0.39886754751205444
FRAG_NEG_trNEGATIVE81083_14_23,0.12937603890895844
FRAG_NEG_trNEGATIVE53034_38_23,0.1789253056049347
FRAG_NEG_trNEGATIVE89872_5_23,0.05511253699660301
FRAG_NEG_trNEGATIVE64190_28_23,0.035647131502628326
FRAG_NEG_trNEGATIVE92755_27_23,0.07071041315793991
FRAG_NEG_trNEGATIVE78334_46_23,0.13236409425735474
FRAG_NEG_trNEGATIVE51464_58_23,0.013864325359463692
FRAG_NEG_trNEGATIVE83037_47_23,0.8921231031417847
FRAG_NEG_trNEGATIVE69451_28_23,0.013813632540404797
FRAG_NEG_trNEGATIVE65541_9_23,0.9126405119895935
FRAG_NEG_trNEGATIVE67089_15_23,0.027831105515360832
FRAG_NEG_trNEGATIVE76056_13_23,0.10112907737493515
FRAG_NEG_trNEGATIVE57085_9_23,0.019844239577651024
FRAG_NEG_trNEGATIVE29728_7_23,0.9356294870376587
FRAG_NEG_trNEGATIVE45564_57_23,0.47499021887779236
FRAG_NEG_trNEGATIVE72430_5_23,0.17422513663768768
FRAG_NEG_trNEGATIVE55987_6_23,0.01584089919924736
FRAG_NEG_trNEGATIVE62905_31_23,0.03685480356216431
FRAG_NEG_trNEGATIVE69482_61_23,0.04052712768316269
FRAG_NEG_trNEGATIVE45398_47_23,0.04816146567463875
FRAG_NEG_trNEGATIVE38657_21_23,0.1360945999622345
FRAG_NEG_trNEGATIVE29728_6_23,0.6506302952766418
FRAG_NEG_trNEGATIVE86959_16_23,0.14018356800079346
FRAG_NEG_trNEGATIVE55180_49_23,0.08351293206214905
FRAG_NEG_trNEGATIVE52318_14_23,0.05762544274330139
FRAG_NEG_trNEGATIVE31181_20_23,0.014046058058738708
FRAG_NEG_trNEGATIVE55441_61_23,0.1661471724510193
FRAG_NEG_trNEGATIVE53937_75_23,0.04131259024143219
FRAG_NEG_trNEGATIVE71752_11_23,0.278496116399765
FRAG_NEG_trNEGATIVE69377_3_23,0.07761141657829285
FRAG_NEG_trNEGATIVE54238_48_23,0.05261412635445595
FRAG_NEG_trNEGATIVE66167_11_23,0.1293879598379135
FRAG_NEG_trNEGATIVE40806_19_23,0.15592993795871735
FRAG_NEG_trNEGATIVE28299_49_23,0.14334934949874878
FRAG_NEG_trNEGATIVE35008_28_23,0.04326626658439636
FRAG_NEG_trNEGATIVE32852_20_23,0.7087590098381042
FRAG_NEG_trNEGATIVE47532_49_23,0.7605992555618286
FRAG_NEG_trNEGATIVE90098_13_23,0.053766168653964996
FRAG_NEG_trNEGATIVE53434_13_23,0.10560696572065353
FRAG_NEG_trNEGATIVE56643_14_23,0.8685159683227539
FRAG_NEG_trNEGATIVE92954_31_23,0.04369599372148514
FRAG_NEG_trNEGATIVE93632_31_23,0.05233971029520035
FRAG_NEG_trNEGATIVE81083_2_23,0.7778693437576294
FRAG_NEG_trNEGATIVE70884_10_23,0.6426808834075928
FRAG_NEG_trNEGATIVE71075_28_23,0.02299041673541069
FRAG_NEG_trNEGATIVE84912_3_23,0.728331446647644
FRAG_NEG_trNEGATIVE92562_28_23,0.022667858749628067
FRAG_NEG_trNEGATIVE77089_5_23,0.030042415484786034
FRAG_NEG_trNEGATIVE62255_16_23,0.21066978573799133
FRAG_NEG_trNEGATIVE77539_7_23,0.0571843758225441
FRAG_NEG_trNEGATIVE92637_26_23,0.06778864562511444
FRAG_NEG_trNEGATIVE72624_4_23,0.041758883744478226
FRAG_NEG_trNEGATIVE72422_36_23,0.06630859524011612
FRAG_NEG_trNEGATIVE88011_18_23,0.06093716248869896
FRAG_NEG_trNEGATIVE40492_15_23,0.013592100702226162
FRAG_NEG_trNEGATIVE70393_0_23,0.01751525141298771
FRAG_NEG_trNEGATIVE75372_23_23,0.02696506306529045
FRAG_NEG_trNEGATIVE29127_40_23,0.01669982634484768
FRAG_NEG_trNEGATIVE66276_35_23,0.6030130982398987
FRAG_NEG_trNEGATIVE43992_30_23,0.18945327401161194
FRAG_NEG_trNEGATIVE97151_19_23,0.07736875116825104
FRAG_NEG_trNEGATIVE40692_74_23,0.026105457916855812
FRAG_NEG_trNEGATIVE93540_41_23,0.10406941175460815
FRAG_NEG_trNEGATIVE94390_18_23,0.8331063389778137
FRAG_NEG_trNEGATIVE84260_36_23,0.018250342458486557
FRAG_NEG_trNEGATIVE30494_49_23,0.02675424888730049
FRAG_NEG_trNEGATIVE92346_14_23,0.0665660873055458
FRAG_NEG_trNEGATIVE45852_13_23,0.010503329336643219
FRAG_NEG_trNEGATIVE83093_59_23,0.05452484264969826
FRAG_NEG_trNEGATIVE73432_53_23,0.2883221209049225
FRAG_NEG_trNEGATIVE30256_46_23,0.059066712856292725
FRAG_NEG_trNEGATIVE40633_14_23,0.02797306329011917
FRAG_NEG_trNEGATIVE55595_10_23,0.03365570306777954
FRAG_NEG_trNEGATIVE45752_40_23,0.022366497665643692
FRAG_NEG_trNEGATIVE62419_6_24,0.019174061715602875
FRAG_NEG_trNEGATIVE74115_17_24,0.17186339199543
FRAG_NEG_trNEGATIVE39573_43_24,0.2475547045469284
FRAG_NEG_trNEGATIVE79579_0_24,0.0764324739575386
FRAG_NEG_trNEGATIVE64830_51_24,0.03506457060575485
FRAG_NEG_trNEGATIVE88499_6_24,0.01925773173570633
FRAG_NEG_trNEGATIVE93589_66_24,0.027859831228852272
FRAG_NEG_trNEGATIVE40281_49_24,0.040524039417505264
FRAG_NEG_trNEGATIVE82152_27_24,0.24491223692893982
FRAG_NEG_trNEGATIVE36332_29_24,0.9373415112495422
FRAG_NEG_trNEGATIVE52667_24_24,0.01588020659983158
FRAG_NEG_trNEGATIVE72718_15_24,0.07629447430372238
FRAG_NEG_trNEGATIVE97128_42_24,0.025845779106020927
FRAG_NEG_trNEGATIVE63023_51_24,0.0872357115149498
FRAG_NEG_trNEGATIVE35732_30_24,0.0985407754778862
FRAG_NEG_trNEGATIVE91561_18_24,0.5208361148834229
FRAG_NEG_trNEGATIVE60767_22_24,0.024874543771147728
FRAG_NEG_trNEGATIVE81693_1_24,0.8938255906105042
FRAG_NEG_trNEGATIVE75605_47_24,0.8888770937919617
FRAG_NEG_trNEGATIVE79974_5_24,0.3101179301738739
FRAG_NEG_trNEGATIVE31903_40_24,0.7874770164489746
FRAG_NEG_trNEGATIVE84413_2_24,0.03654792159795761
FRAG_NEG_trNEGATIVE64159_37_24,0.3040134608745575
FRAG_NEG_trNEGATIVE47020_21_24,0.07539372146129608
FRAG_NEG_trNEGATIVE61856_50_24,0.07013946771621704
FRAG_NEG_trNEGATIVE79784_23_24,0.266830176115036
FRAG_NEG_trNEGATIVE65109_39_24,0.019724609330296516
FRAG_NEG_trNEGATIVE29991_48_24,0.062100306153297424
FRAG_NEG_trNEGATIVE97041_34_24,0.025262970477342606
FRAG_NEG_trNEGATIVE54867_40_24,0.09380125254392624
FRAG_NEG_trNEGATIVE82446_25_24,0.02050623670220375
FRAG_NEG_trNEGATIVE83335_42_24,0.1959749162197113
FRAG_NEG_trNEGATIVE61130_9_24,0.02599109336733818
FRAG_NEG_trNEGATIVE80759_17_24,0.27758193016052246
FRAG_NEG_trNEGATIVE55096_18_24,0.016586512327194214
FRAG_NEG_trNEGATIVE50793_26_24,0.03383268043398857
FRAG_NEG_trNEGATIVE28374_10_24,0.1399022936820984
FRAG_NEG_trNEGATIVE72916_35_24,0.13232946395874023
FRAG_NEG_trNEGATIVE89538_21_24,0.1055154800415039
FRAG_NEG_trNEGATIVE68901_10_24,0.03378039598464966
FRAG_NEG_trNEGATIVE46472_23_24,0.15474718809127808
FRAG_NEG_trNEGATIVE82114_8_24,0.07646967470645905
FRAG_NEG_trNEGATIVE85227_21_24,0.04985211417078972
FRAG_NEG_trNEGATIVE82214_8_24,0.032556306570768356
FRAG_NEG_trNEGATIVE87985_1_24,0.03710342198610306
FRAG_NEG_trNEGATIVE91196_35_24,0.09995546191930771
FRAG_NEG_trNEGATIVE96654_12_24,0.27053529024124146
FRAG_NEG_trNEGATIVE75765_5_24,0.9708573222160339
FRAG_NEG_trNEGATIVE68879_69_24,0.12139376252889633
FRAG_NEG_trNEGATIVE56642_15_24,0.042738962918519974
FRAG_NEG_trNEGATIVE32676_15_24,0.01954822987318039
FRAG_NEG_trNEGATIVE90895_24_24,0.015644941478967667
FRAG_NEG_trNEGATIVE40543_18_24,0.03873268887400627
FRAG_NEG_trNEGATIVE54328_15_24,0.01017012819647789
FRAG_NEG_trNEGATIVE53608_61_24,0.33706000447273254
FRAG_NEG_trNEGATIVE91154_45_24,0.03948139026761055
FRAG_NEG_trNEGATIVE92582_4_24,0.09471288323402405
FRAG_NEG_trNEGATIVE45151_25_24,0.6012718677520752
FRAG_NEG_trNEGATIVE45498_40_24,0.033548690378665924
FRAG_NEG_trNEGATIVE50009_43_24,0.03476704657077789
FRAG_NEG_trNEGATIVE72963_49_24,0.06171732395887375
FRAG_NEG_trNEGATIVE75246_29_24,0.36930960416793823
FRAG_NEG_trNEGATIVE89524_21_24,0.0156126469373703
FRAG_NEG_trNEGATIVE49028_59_24,0.9246044754981995
FRAG_NEG_trNEGATIVE89727_38_24,0.14758875966072083
FRAG_NEG_trNEGATIVE31903_42_24,0.6851041316986084
FRAG_NEG_trNEGATIVE51737_5_24,0.04884212464094162
FRAG_NEG_trNEGATIVE96178_15_24,0.13904960453510284
FRAG_NEG_trNEGATIVE69181_40_24,0.15721091628074646
FRAG_NEG_trNEGATIVE88642_38_24,0.020789986476302147
FRAG_NEG_trNEGATIVE77417_29_24,0.1901831328868866
FRAG_NEG_trNEGATIVE37890_6_24,0.2378065586090088
FRAG_NEG_trNEGATIVE28314_4_24,0.013759140856564045
FRAG_NEG_trNEGATIVE57126_54_24,0.0389847606420517
FRAG_NEG_trNEGATIVE66234_9_24,0.6847743988037109
FRAG_NEG_trNEGATIVE62719_29_24,0.3353241980075836
FRAG_NEG_trNEGATIVE87474_46_24,0.8784512877464294
FRAG_NEG_trNEGATIVE38411_9_24,0.023658335208892822
FRAG_NEG_trNEGATIVE27573_37_24,0.9820257425308228
FRAG_NEG_trNEGATIVE94577_10_24,0.8322077393531799
FRAG_NEG_trNEGATIVE56298_37_24,0.046979255974292755
FRAG_NEG_trNEGATIVE78071_17_24,0.07137927412986755
FRAG_NEG_trNEGATIVE40543_28_24,0.04995918273925781
FRAG_NEG_trNEGATIVE38493_19_24,0.3392137587070465
FRAG_NEG_trNEGATIVE52751_5_24,0.02499222196638584
FRAG_NEG_trNEGATIVE49322_3_24,0.09954646229743958
FRAG_NEG_trNEGATIVE38265_1_24,0.2813652753829956
FRAG_NEG_trNEGATIVE65197_33_24,0.046814508736133575
FRAG_NEG_trNEGATIVE88034_48_24,0.04371916875243187
FRAG_NEG_trNEGATIVE89408_48_24,0.024336297065019608
FRAG_NEG_trNEGATIVE33611_12_24,0.03584594652056694
FRAG_NEG_trNEGATIVE33107_11_24,0.08633852005004883
FRAG_NEG_trNEGATIVE64627_13_24,0.032123811542987823
FRAG_NEG_trNEGATIVE77167_3_24,0.02630910463631153
FRAG_NEG_trNEGATIVE60526_19_24,0.8349207639694214
FRAG_NEG_trNEGATIVE28484_48_24,0.02793971821665764
FRAG_NEG_trNEGATIVE54876_29_24,0.04134989529848099
FRAG_NEG_trNEGATIVE70084_30_24,0.07519359141588211
FRAG_NEG_trNEGATIVE60607_29_24,0.03937872499227524
FRAG_NEG_trNEGATIVE36538_17_24,0.03879055380821228
FRAG_NEG_trNEGATIVE39968_26_24,0.016011197119951248
FRAG_NEG_trNEGATIVE42143_19_24,0.24292634427547455
FRAG_NEG_trNEGATIVE58907_63_24,0.10246924310922623
FRAG_NEG_trNEGATIVE34973_24_24,0.024695394560694695
FRAG_NEG_trNEGATIVE49134_8_24,0.017113223671913147
FRAG_NEG_trNEGATIVE35456_0_24,0.02589871548116207
FRAG_NEG_trNEGATIVE96009_14_24,0.11106742173433304
FRAG_NEG_trNEGATIVE45079_18_24,0.15288519859313965
FRAG_NEG_trNEGATIVE51461_13_24,0.08322928845882416
FRAG_NEG_trNEGATIVE77606_32_24,0.9799418449401855
FRAG_NEG_trNEGATIVE50082_43_24,0.027633046731352806
FRAG_NEG_trNEGATIVE32204_43_24,0.02265714295208454
FRAG_NEG_trNEGATIVE86449_28_24,0.016353055834770203
FRAG_NEG_trNEGATIVE31778_27_24,0.09414008259773254
FRAG_NEG_trNEGATIVE70884_9_24,0.425534725189209
FRAG_NEG_trNEGATIVE95615_5_24,0.3487991392612457
FRAG_NEG_trNEGATIVE90391_59_24,0.44890692830085754
FRAG_NEG_trNEGATIVE38320_16_24,0.05400674045085907
FRAG_NEG_trNEGATIVE87549_3_24,0.11787088215351105
FRAG_NEG_trNEGATIVE27492_47_24,0.30058160424232483
FRAG_NEG_trNEGATIVE53323_19_24,0.05801892280578613
FRAG_NEG_trNEGATIVE65400_33_24,0.012344574555754662
FRAG_NEG_trNEGATIVE69351_15_24,0.06441093236207962
FRAG_NEG_trNEGATIVE48957_28_24,0.1806710809469223
FRAG_NEG_trNEGATIVE93549_17_24,0.4121910631656647
FRAG_NEG_trNEGATIVE51781_15_24,0.17677535116672516
FRAG_NEG_trNEGATIVE90980_40_24,0.3559090495109558
FRAG_NEG_trNEGATIVE96798_34_24,0.036642760038375854
FRAG_NEG_trNEGATIVE94850_5_24,0.05050184205174446
FRAG_NEG_trNEGATIVE55166_4_24,0.033648405224084854
FRAG_NEG_trNEGATIVE65798_64_24,0.05791780352592468
FRAG_NEG_trNEGATIVE90517_1_24,0.0446421355009079
FRAG_NEG_trNEGATIVE27612_49_24,0.1302679032087326
FRAG_NEG_trNEGATIVE63442_25_24,0.03623717278242111
FRAG_NEG_trNEGATIVE42951_32_24,0.01910368539392948
FRAG_NEG_trNEGATIVE64980_5_24,0.18806539475917816
FRAG_NEG_trNEGATIVE39048_27_24,0.018523702397942543
FRAG_NEG_trNEGATIVE63561_42_24,0.03680917248129845
FRAG_NEG_trNEGATIVE96090_19_24,0.04871212691068649
FRAG_NEG_trNEGATIVE36438_54_24,0.04082036018371582
FRAG_NEG_trNEGATIVE34647_22_24,0.3471006453037262
FRAG_NEG_trNEGATIVE80010_10_24,0.30923256278038025
FRAG_NEG_trNEGATIVE34266_46_24,0.051273591816425323
FRAG_NEG_trNEGATIVE27992_10_24,0.01771017722785473
FRAG_NEG_trNEGATIVE34247_29_24,0.013718118891119957
FRAG_NEG_trNEGATIVE71439_23_24,0.06412432342767715
FRAG_NEG_trNEGATIVE44478_27_24,0.4592861533164978
FRAG_NEG_trNEGATIVE82442_13_24,0.0131481708958745
FRAG_NEG_trNEGATIVE81756_48_24,0.05420689657330513
FRAG_NEG_trNEGATIVE38801_20_24,0.03787332400679588
FRAG_NEG_trNEGATIVE69812_19_24,0.8782178163528442
FRAG_NEG_trNEGATIVE75853_6_24,0.02650103159248829
FRAG_NEG_trNEGATIVE78921_7_24,0.054445624351501465
FRAG_NEG_trNEGATIVE69389_0_24,0.014111343771219254
FRAG_NEG_trNEGATIVE40134_15_24,0.047876738011837006
FRAG_NEG_trNEGATIVE34800_10_24,0.16798771917819977
FRAG_NEG_trNEGATIVE88393_1_24,0.09465456753969193
FRAG_NEG_trNEGATIVE34074_2_24,0.9386137127876282
FRAG_NEG_trNEGATIVE81840_50_24,0.04854201897978783
FRAG_NEG_trNEGATIVE39650_2_24,0.010862953960895538
FRAG_NEG_trNEGATIVE38671_7_24,0.4678613841533661
FRAG_NEG_trNEGATIVE40560_12_24,0.6440434455871582
FRAG_NEG_trNEGATIVE40152_29_24,0.021565433591604233
FRAG_NEG_trNEGATIVE44007_4_24,0.11669832468032837
FRAG_NEG_trNEGATIVE38279_58_24,0.9582139253616333
FRAG_NEG_trNEGATIVE97425_35_24,0.06678533554077148
FRAG_NEG_trNEGATIVE75807_56_24,0.777349591255188
FRAG_NEG_trNEGATIVE46275_1_24,0.011055720038712025
FRAG_NEG_trNEGATIVE82038_32_24,0.36373215913772583
FRAG_NEG_trNEGATIVE38628_3_24,0.8768861889839172
FRAG_NEG_trNEGATIVE92499_36_24,0.07234051078557968
FRAG_NEG_trNEGATIVE62241_14_24,0.14973782002925873
FRAG_NEG_trNEGATIVE30578_55_24,0.12912379205226898
FRAG_NEG_trNEGATIVE85847_46_24,0.9523546695709229
FRAG_NEG_trNEGATIVE31316_9_24,0.20756305754184723
FRAG_NEG_trNEGATIVE84549_19_24,0.3554587662220001
FRAG_NEG_trNEGATIVE80400_12_24,0.43436199426651
FRAG_NEG_trNEGATIVE34198_3_24,0.3086062967777252
FRAG_NEG_trNEGATIVE59142_2_24,0.07411926239728928
FRAG_NEG_trNEGATIVE77388_6_24,0.5881975293159485
FRAG_NEG_trNEGATIVE96700_65_24,0.2691618502140045
FRAG_NEG_trNEGATIVE65541_22_24,0.23606106638908386
FRAG_NEG_trNEGATIVE54793_31_24,0.03566380590200424
FRAG_NEG_trNEGATIVE96794_5_24,0.15459753572940826
FRAG_NEG_trNEGATIVE87072_15_24,0.011812903918325901
FRAG_NEG_trNEGATIVE74602_20_24,0.11847151070833206
FRAG_NEG_trNEGATIVE94435_23_24,0.6418302059173584
FRAG_NEG_trNEGATIVE62233_25_24,0.08703585714101791
FRAG_NEG_trNEGATIVE33797_38_24,0.0367334708571434
FRAG_NEG_trNEGATIVE32993_26_24,0.07223373651504517
FRAG_NEG_trNEGATIVE75873_31_24,0.13037380576133728
FRAG_NEG_trNEGATIVE56008_0_24,0.07462380826473236
FRAG_NEG_trNEGATIVE50399_43_24,0.07833152264356613
FRAG_NEG_trNEGATIVE87107_10_24,0.08663372695446014
FRAG_NEG_trNEGATIVE48430_3_24,0.025130849331617355
FRAG_NEG_trNEGATIVE86159_40_24,0.017229780554771423
FRAG_NEG_trNEGATIVE46180_24_24,0.5064767599105835
FRAG_NEG_trNEGATIVE28436_21_24,0.24069930613040924
FRAG_NEG_trNEGATIVE73348_9_24,0.04084065556526184
FRAG_NEG_trNEGATIVE76694_27_24,0.21821720898151398
FRAG_NEG_trNEGATIVE52672_15_24,0.07946132868528366
FRAG_NEG_trNEGATIVE73542_18_24,0.06507804989814758
FRAG_NEG_trNEGATIVE74887_15_24,0.03350750356912613
FRAG_NEG_trNEGATIVE60072_20_24,0.09247960895299911
FRAG_NEG_trNEGATIVE88599_9_24,0.04774630814790726
FRAG_NEG_trNEGATIVE62952_4_24,0.8465129137039185
FRAG_NEG_trNEGATIVE88299_13_24,0.36200761795043945
FRAG_NEG_trNEGATIVE73750_38_24,0.07823238521814346
FRAG_NEG_trNEGATIVE76907_50_24,0.7575283646583557
FRAG_NEG_trNEGATIVE45623_55_24,0.16275057196617126
FRAG_NEG_trNEGATIVE31899_34_24,0.02856793999671936
FRAG_NEG_trNEGATIVE45657_41_24,0.8853042721748352
FRAG_NEG_trNEGATIVE48139_7_24,0.02735978551208973
FRAG_NEG_trNEGATIVE30173_41_24,0.09034199267625809
FRAG_NEG_trNEGATIVE93586_6_24,0.8032150268554688
FRAG_NEG_trNEGATIVE56232_26_24,0.5873404145240784
FRAG_NEG_trNEGATIVE76281_44_24,0.23124772310256958
FRAG_NEG_trNEGATIVE28994_53_24,0.1972930133342743
FRAG_NEG_trNEGATIVE83721_45_24,0.10180626809597015
FRAG_NEG_trNEGATIVE44904_61_24,0.020700301975011826
FRAG_NEG_trNEGATIVE42281_56_24,0.13751929998397827
FRAG_NEG_trNEGATIVE84148_22_25,0.014932799153029919
FRAG_NEG_trNEGATIVE72624_5_25,0.0206769909709692
FRAG_NEG_trNEGATIVE36290_43_25,0.03162168711423874
FRAG_NEG_trNEGATIVE70888_23_25,0.9658966660499573
FRAG_NEG_trNEGATIVE58862_12_25,0.017935846000909805
FRAG_NEG_trNEGATIVE58989_36_25,0.0912555456161499
FRAG_NEG_trNEGATIVE71696_8_25,0.2735389471054077
FRAG_NEG_trNEGATIVE76594_43_25,0.9288570284843445
FRAG_NEG_trNEGATIVE85580_34_25,0.04121677950024605
FRAG_NEG_trNEGATIVE28516_41_25,0.03432321175932884
FRAG_NEG_trNEGATIVE30454_22_25,0.3271072804927826
FRAG_NEG_trNEGATIVE51925_4_25,0.9539421200752258
FRAG_NEG_trNEGATIVE29650_20_25,0.09204573184251785
FRAG_NEG_trNEGATIVE45456_38_25,0.11333021521568298
FRAG_NEG_trNEGATIVE93408_30_25,0.15943795442581177
FRAG_NEG_trNEGATIVE38879_29_25,0.4864155948162079
FRAG_NEG_trNEGATIVE38900_41_25,0.044937144964933395
FRAG_NEG_trNEGATIVE42872_29_25,0.22848226130008698
FRAG_NEG_trNEGATIVE51823_18_25,0.032097410410642624
FRAG_NEG_trNEGATIVE59476_35_25,0.035251837223768234
FRAG_NEG_trNEGATIVE78521_36_25,0.9749888181686401
FRAG_NEG_trNEGATIVE90062_17_25,0.9379581212997437
FRAG_NEG_trNEGATIVE68933_45_25,0.03500994294881821
FRAG_NEG_trNEGATIVE31177_6_25,0.05190754681825638
FRAG_NEG_trNEGATIVE51900_39_25,0.04051594063639641
FRAG_NEG_trNEGATIVE31421_5_25,0.10947331041097641
FRAG_NEG_trNEGATIVE77681_21_25,0.13172155618667603
FRAG_NEG_trNEGATIVE35832_22_25,0.05733707547187805
FRAG_NEG_trNEGATIVE69352_39_25,0.02635323815047741
FRAG_NEG_trNEGATIVE74314_37_25,0.1003815308213234
FRAG_NEG_trNEGATIVE43347_16_25,0.5410204529762268
FRAG_NEG_trNEGATIVE58984_8_25,0.04241475090384483
FRAG_NEG_trNEGATIVE87351_7_25,0.14933067560195923
FRAG_NEG_trNEGATIVE95074_21_25,0.06608551740646362
FRAG_NEG_trNEGATIVE96368_37_25,0.08910775184631348
FRAG_NEG_trNEGATIVE90812_0_25,0.22889991104602814
FRAG_NEG_trNEGATIVE69028_57_25,0.3228187561035156
FRAG_NEG_trNEGATIVE63304_9_25,0.04202060028910637
FRAG_NEG_trNEGATIVE83517_45_25,0.031937915831804276
FRAG_NEG_trNEGATIVE91027_6_25,0.564898669719696
FRAG_NEG_trNEGATIVE90697_60_25,0.017297040671110153
FRAG_NEG_trNEGATIVE71809_27_25,0.049185611307621
FRAG_NEG_trNEGATIVE91176_42_25,0.2373354136943817
FRAG_NEG_trNEGATIVE73858_24_25,0.3605283200740814
FRAG_NEG_trNEGATIVE62088_8_25,0.039291370660066605
FRAG_NEG_trNEGATIVE96171_40_25,0.18709172308444977
FRAG_NEG_trNEGATIVE92777_42_25,0.011170033365488052
FRAG_NEG_trNEGATIVE30835_19_25,0.29441651701927185
FRAG_NEG_trNEGATIVE46537_26_25,0.10899648815393448
FRAG_NEG_trNEGATIVE55653_19_25,0.14077676832675934
FRAG_NEG_trNEGATIVE91413_1_25,0.09387771785259247
FRAG_NEG_trNEGATIVE71921_41_25,0.04202982783317566
FRAG_NEG_trNEGATIVE51987_0_25,0.12225675582885742
FRAG_NEG_trNEGATIVE71525_40_25,0.34831565618515015
FRAG_NEG_trNEGATIVE64549_30_25,0.011835774406790733
FRAG_NEG_trNEGATIVE61477_25_25,0.1414133459329605
FRAG_NEG_trNEGATIVE53410_13_25,0.10541387647390366
FRAG_NEG_trNEGATIVE42861_52_25,0.044743094593286514
FRAG_NEG_trNEGATIVE93241_54_25,0.011376271024346352
FRAG_NEG_trNEGATIVE64309_2_25,0.028676548972725868
FRAG_NEG_trNEGATIVE56452_18_25,0.0683424323797226
FRAG_NEG_trNEGATIVE77824_17_25,0.08927173912525177
FRAG_NEG_trNEGATIVE92019_46_25,0.10174375772476196
FRAG_NEG_trNEGATIVE27835_1_25,0.025299832224845886
FRAG_NEG_trNEGATIVE76957_50_25,0.15614774823188782
FRAG_NEG_trNEGATIVE42406_10_25,0.150929257273674
FRAG_NEG_trNEGATIVE32483_25_25,0.05178165063261986
FRAG_NEG_trNEGATIVE28344_29_25,0.7003136277198792
FRAG_NEG_trNEGATIVE55211_2_25,0.06196397915482521
FRAG_NEG_trNEGATIVE71292_10_25,0.024136418476700783
FRAG_NEG_trNEGATIVE75370_28_25,0.6616299748420715
FRAG_NEG_trNEGATIVE30217_16_25,0.30534830689430237
FRAG_NEG_trNEGATIVE73464_43_25,0.023754095658659935
FRAG_NEG_trNEGATIVE55923_18_25,0.025673042982816696
FRAG_NEG_trNEGATIVE85904_48_25,0.5606073141098022
FRAG_NEG_trNEGATIVE78649_28_25,0.01118066068738699
FRAG_NEG_trNEGATIVE95567_47_25,0.04764667898416519
FRAG_NEG_trNEGATIVE69180_50_25,0.734423041343689
FRAG_NEG_trNEGATIVE45334_11_25,0.07662869989871979
FRAG_NEG_trNEGATIVE79528_61_25,0.16087697446346283
FRAG_NEG_trNEGATIVE72649_34_25,0.014070332981646061
FRAG_NEG_trNEGATIVE73049_51_25,0.1237013041973114
FRAG_NEG_trNEGATIVE55121_15_25,0.6958157420158386
FRAG_NEG_trNEGATIVE73036_59_25,0.01830567605793476
FRAG_NEG_trNEGATIVE57946_18_25,0.14912138879299164
FRAG_NEG_trNEGATIVE91970_58_25,0.26444441080093384
FRAG_NEG_trNEGATIVE43662_12_25,0.9229316115379333
FRAG_NEG_trNEGATIVE69993_12_25,0.0338844396173954
FRAG_NEG_trNEGATIVE46086_24_25,0.15996231138706207
FRAG_NEG_trNEGATIVE39792_43_25,0.04703498259186745
FRAG_NEG_trNEGATIVE78337_58_25,0.1332828253507614
FRAG_NEG_trNEGATIVE29127_4_25,0.37080663442611694
FRAG_NEG_trNEGATIVE45498_5_25,0.22035446763038635
FRAG_NEG_trNEGATIVE71548_70_25,0.13216187059879303
FRAG_NEG_trNEGATIVE65057_7_25,0.3736034035682678
FRAG_NEG_trNEGATIVE40867_30_25,0.22560764849185944
FRAG_NEG_trNEGATIVE39893_4_25,0.09960387647151947
FRAG_NEG_trNEGATIVE62303_17_25,0.13738039135932922
FRAG_NEG_trNEGATIVE41033_14_25,0.31706902384757996
FRAG_NEG_trNEGATIVE29006_57_25,0.4461442828178406
FRAG_NEG_trNEGATIVE70421_12_25,0.04703637212514877
FRAG_NEG_trNEGATIVE31329_21_25,0.19139689207077026
FRAG_NEG_trNEGATIVE91162_25_25,0.05226750671863556
FRAG_NEG_trNEGATIVE88194_18_25,0.30289551615715027
FRAG_NEG_trNEGATIVE53755_38_25,0.04001760855317116
FRAG_NEG_trNEGATIVE61567_17_25,0.9681468605995178
FRAG_NEG_trNEGATIVE35720_64_25,0.1664150059223175
FRAG_NEG_trNEGATIVE31277_27_25,0.0911991149187088
FRAG_NEG_trNEGATIVE28086_39_25,0.809389054775238
FRAG_NEG_trNEGATIVE86731_12_25,0.10461045801639557
FRAG_NEG_trNEGATIVE68036_21_25,0.39845985174179077
FRAG_NEG_trNEGATIVE45542_34_25,0.043283697217702866
FRAG_NEG_trNEGATIVE36554_45_25,0.011029241606593132
FRAG_NEG_trNEGATIVE66800_51_25,0.17273439466953278
FRAG_NEG_trNEGATIVE85804_15_25,0.0240110382437706
FRAG_NEG_trNEGATIVE68520_28_25,0.8641653060913086
FRAG_NEG_trNEGATIVE87650_52_25,0.14723405241966248
FRAG_NEG_trNEGATIVE47424_13_25,0.1660768836736679
FRAG_NEG_trNEGATIVE57471_27_25,0.10978154838085175
FRAG_NEG_trNEGATIVE51257_43_25,0.09937016665935516
FRAG_NEG_trNEGATIVE37937_9_25,0.0700107291340828
FRAG_NEG_trNEGATIVE48495_55_25,0.2806643545627594
FRAG_NEG_trNEGATIVE39968_15_25,0.011936659924685955
FRAG_NEG_trNEGATIVE39448_0_25,0.02135223150253296
FRAG_NEG_trNEGATIVE39276_14_25,0.16408993303775787
FRAG_NEG_trNEGATIVE51754_53_25,0.030022060498595238
FRAG_NEG_trNEGATIVE56751_26_25,0.04849806800484657
FRAG_NEG_trNEGATIVE87547_44_25,0.20018146932125092
FRAG_NEG_trNEGATIVE42617_37_25,0.14674606919288635
FRAG_NEG_trNEGATIVE44058_0_25,0.036907657980918884
FRAG_NEG_trNEGATIVE31610_30_25,0.13670217990875244
FRAG_NEG_trNEGATIVE34666_33_25,0.031400781124830246
FRAG_NEG_trNEGATIVE29756_1_25,0.055019013583660126
FRAG_NEG_trNEGATIVE79753_64_25,0.1630876660346985
FRAG_NEG_trNEGATIVE80226_53_25,0.10840162634849548
FRAG_NEG_trNEGATIVE80890_6_25,0.07156111299991608
FRAG_NEG_trNEGATIVE56869_10_25,0.02140696346759796
FRAG_NEG_trNEGATIVE33003_36_25,0.19333168864250183
FRAG_NEG_trNEGATIVE41970_30_25,0.0369575209915638
FRAG_NEG_trNEGATIVE65233_8_25,0.03845204785466194
FRAG_NEG_trNEGATIVE79273_19_25,0.06410883367061615
FRAG_NEG_trNEGATIVE57978_36_25,0.9584760069847107
FRAG_NEG_trNEGATIVE50823_3_25,0.038988981395959854
FRAG_NEG_trNEGATIVE39543_12_25,0.0457349456846714
FRAG_NEG_trNEGATIVE32160_23_25,0.05224873125553131
FRAG_NEG_trNEGATIVE79489_26_25,0.02082652971148491
FRAG_NEG_trNEGATIVE50009_29_25,0.027857502922415733
FRAG_NEG_trNEGATIVE42436_4_25,0.05448019504547119
FRAG_NEG_trNEGATIVE93632_40_25,0.09327458590269089
FRAG_NEG_trNEGATIVE58276_14_25,0.0644911676645279
FRAG_NEG_trNEGATIVE31056_34_25,0.10281997174024582
FRAG_NEG_trNEGATIVE57114_3_25,0.0240769125521183
FRAG_NEG_trNEGATIVE30968_31_25,0.09967813640832901
FRAG_NEG_trNEGATIVE86400_0_25,0.026584001258015633
FRAG_NEG_trNEGATIVE46941_1_25,0.012745963409543037
FRAG_NEG_trNEGATIVE53177_27_25,0.025710925459861755
FRAG_NEG_trNEGATIVE55992_31_25,0.2862077057361603
FRAG_NEG_trNEGATIVE91387_34_25,0.2930203974246979
FRAG_NEG_trNEGATIVE61801_2_25,0.029286129400134087
FRAG_NEG_trNEGATIVE46438_60_25,0.03463754802942276
FRAG_NEG_trNEGATIVE94243_35_25,0.06198761239647865
FRAG_NEG_trNEGATIVE50132_0_25,0.045923855155706406
FRAG_NEG_trNEGATIVE57359_23_25,0.33609485626220703
FRAG_NEG_trNEGATIVE96629_28_25,0.9661839008331299
FRAG_NEG_trNEGATIVE53467_13_25,0.11683931946754456
FRAG_NEG_trNEGATIVE93480_9_25,0.03725030645728111
FRAG_NEG_trNEGATIVE64510_27_25,0.018623152747750282
FRAG_NEG_trNEGATIVE28219_35_25,0.045635707676410675
FRAG_NEG_trNEGATIVE45085_6_25,0.013134120963513851
FRAG_NEG_trNEGATIVE57293_58_25,0.03367648646235466
FRAG_NEG_trNEGATIVE83505_13_25,0.013023830950260162
FRAG_NEG_trNEGATIVE38615_7_25,0.3821665942668915
FRAG_NEG_trNEGATIVE53656_22_25,0.4614826440811157
FRAG_NEG_trNEGATIVE51892_14_25,0.03771160915493965
FRAG_NEG_trNEGATIVE89245_7_25,0.10275650769472122
FRAG_NEG_trNEGATIVE66257_8_25,0.02805577963590622
FRAG_NEG_trNEGATIVE48716_0_25,0.0872950553894043
FRAG_NEG_trNEGATIVE61117_48_25,0.0350055918097496
FRAG_NEG_trNEGATIVE96080_48_25,0.02074027620255947
FRAG_NEG_trNEGATIVE84749_15_25,0.07594243437051773
FRAG_NEG_trNEGATIVE71049_40_25,0.0364612378180027
FRAG_NEG_trNEGATIVE41690_38_25,0.013803762383759022
FRAG_NEG_trNEGATIVE63057_2_25,0.45090624690055847
FRAG_NEG_trNEGATIVE62684_12_25,0.04030810669064522
FRAG_NEG_trNEGATIVE84942_46_25,0.032422054558992386
FRAG_NEG_trNEGATIVE96597_27_25,0.05761165916919708
FRAG_NEG_trNEGATIVE87090_60_25,0.05636980012059212
FRAG_NEG_trNEGATIVE56751_19_25,0.05754946544766426
FRAG_NEG_trNEGATIVE53755_69_25,0.012046145275235176
FRAG_NEG_trNEGATIVE76036_4_25,0.5897136926651001
FRAG_NEG_trNEGATIVE92398_28_25,0.6690917611122131
FRAG_NEG_trNEGATIVE29886_2_25,0.12306417524814606
FRAG_NEG_trNEGATIVE40100_43_25,0.0469442643225193
FRAG_NEG_trNEGATIVE89859_19_25,0.0520317442715168
FRAG_NEG_trNEGATIVE63475_20_25,0.09714867919683456
FRAG_NEG_trNEGATIVE56995_15_25,0.05043356865644455
FRAG_NEG_trNEGATIVE77203_26_25,0.48960328102111816
FRAG_NEG_trNEGATIVE60084_57_25,0.0640229880809784
FRAG_NEG_trNEGATIVE66497_2_25,0.0496150404214859
FRAG_NEG_trNEGATIVE57053_12_25,0.02981782890856266
FRAG_NEG_trNEGATIVE57718_15_25,0.029383843764662743
FRAG_NEG_trNEGATIVE93682_11_25,0.02854185737669468
FRAG_NEG_trNEGATIVE82399_14_25,0.0822579562664032
FRAG_NEG_trNEGATIVE88717_24_25,0.8708710074424744
FRAG_NEG_trNEGATIVE36243_15_25,0.014598854817450047
FRAG_NEG_trNEGATIVE29728_35_25,0.015789112076163292
FRAG_NEG_trNEGATIVE64817_3_25,0.04397454485297203
FRAG_NEG_trNEGATIVE47499_15_25,0.028309455141425133
FRAG_NEG_trNEGATIVE64715_17_25,0.3178403377532959
FRAG_NEG_trNEGATIVE53937_49_25,0.49910497665405273
FRAG_NEG_trNEGATIVE63836_11_25,0.1850125640630722
FRAG_NEG_trNEGATIVE69507_36_25,0.05338636040687561
FRAG_NEG_trNEGATIVE34893_24_25,0.07388406246900558
FRAG_NEG_trNEGATIVE31769_18_25,0.05651051923632622
FRAG_NEG_trNEGATIVE56939_41_25,0.01257020328193903
FRAG_NEG_trNEGATIVE79289_29_25,0.08708151429891586
FRAG_NEG_trNEGATIVE51469_33_25,0.017078110948204994
FRAG_NEG_trNEGATIVE57399_45_25,0.013914758339524269
FRAG_NEG_trNEGATIVE89747_32_25,0.05814211443066597
FRAG_NEG_trNEGATIVE52734_65_25,0.027188338339328766
FRAG_NEG_trNEGATIVE69185_26_26,0.011184479109942913
FRAG_NEG_trNEGATIVE70176_41_26,0.2896142899990082
FRAG_NEG_trNEGATIVE65980_6_26,0.023487256839871407
FRAG_NEG_trNEGATIVE83565_16_26,0.05340161919593811
FRAG_NEG_trNEGATIVE85704_55_26,0.17763157188892365
FRAG_NEG_trNEGATIVE68670_41_26,0.024491271004080772
FRAG_NEG_trNEGATIVE67086_45_26,0.03686698526144028
FRAG_NEG_trNEGATIVE28801_34_26,0.05063006654381752
FRAG_NEG_trNEGATIVE48830_23_26,0.9803138971328735
FRAG_NEG_trNEGATIVE87985_12_26,0.012416164390742779
FRAG_NEG_trNEGATIVE40100_11_26,0.05692167207598686
FRAG_NEG_trNEGATIVE56298_21_26,0.05566484481096268
FRAG_NEG_trNEGATIVE34198_19_26,0.3181658983230591
FRAG_NEG_trNEGATIVE36657_13_26,0.025260794907808304
FRAG_NEG_trNEGATIVE72619_52_26,0.47654998302459717
FRAG_NEG_trNEGATIVE78029_25_26,0.04706381633877754
FRAG_NEG_trNEGATIVE34839_6_26,0.13498984277248383
FRAG_NEG_trNEGATIVE69160_4_26,0.14234574139118195
FRAG_NEG_trNEGATIVE87717_33_26,0.542252242565155
FRAG_NEG_trNEGATIVE79735_36_26,0.030426599085330963
FRAG_NEG_trNEGATIVE95531_3_26,0.7837537527084351
FRAG_NEG_trNEGATIVE87987_58_26,0.9660789370536804
FRAG_NEG_trNEGATIVE48177_13_26,0.025792382657527924
FRAG_NEG_trNEGATIVE71135_3_26,0.15603937208652496
FRAG_NEG_trNEGATIVE62617_29_26,0.12595254182815552
FRAG_NEG_trNEGATIVE37858_19_26,0.047866951674222946
FRAG_NEG_trNEGATIVE54305_63_26,0.015939222648739815
FRAG_NEG_trNEGATIVE92377_37_26,0.33336591720581055
FRAG_NEG_trNEGATIVE89785_7_26,0.5356010794639587
FRAG_NEG_trNEGATIVE67099_14_26,0.014189665205776691
FRAG_NEG_trNEGATIVE44210_17_26,0.29032793641090393
FRAG_NEG_trNEGATIVE66636_43_26,0.11751417070627213
FRAG_NEG_trNEGATIVE34566_31_26,0.0863775759935379
FRAG_NEG_trNEGATIVE40424_27_26,0.566572904586792
FRAG_NEG_trNEGATIVE88363_25_26,0.6290938854217529
FRAG_NEG_trNEGATIVE81587_21_26,0.03612857684493065
FRAG_NEG_trNEGATIVE68394_29_26,0.9245777130126953
FRAG_NEG_trNEGATIVE58579_27_26,0.2525036036968231
FRAG_NEG_trNEGATIVE36159_13_26,0.01895604282617569
FRAG_NEG_trNEGATIVE30945_2_26,0.43065106868743896
FRAG_NEG_trNEGATIVE40321_58_26,0.17424415051937103
FRAG_NEG_trNEGATIVE50300_29_26,0.10092279314994812
FRAG_NEG_trNEGATIVE62676_3_26,0.009499818086624146
FRAG_NEG_trNEGATIVE45465_14_26,0.05128112807869911
FRAG_NEG_trNEGATIVE69998_6_26,0.09224991500377655
FRAG_NEG_trNEGATIVE92398_15_26,0.05474528297781944
FRAG_NEG_trNEGATIVE92192_8_26,0.918251633644104
FRAG_NEG_trNEGATIVE39316_51_26,0.9475643634796143
FRAG_NEG_trNEGATIVE40835_58_26,0.06926663219928741
FRAG_NEG_trNEGATIVE91724_25_26,0.03020906075835228
FRAG_NEG_trNEGATIVE89653_25_26,0.11524510383605957
FRAG_NEG_trNEGATIVE34845_1_26,0.3708629608154297
FRAG_NEG_trNEGATIVE52353_35_26,0.1282627433538437
FRAG_NEG_trNEGATIVE97154_25_26,0.16974587738513947
FRAG_NEG_trNEGATIVE94215_16_26,0.03523905202746391
FRAG_NEG_trNEGATIVE44315_16_26,0.028428591787815094
FRAG_NEG_trNEGATIVE94332_30_26,0.08128046989440918
FRAG_NEG_trNEGATIVE72064_25_26,0.24732288718223572
FRAG_NEG_trNEGATIVE85486_24_26,0.05059601739048958
FRAG_NEG_trNEGATIVE52381_0_26,0.11405912786722183
FRAG_NEG_trNEGATIVE44949_43_26,0.022349683567881584
FRAG_NEG_trNEGATIVE58390_2_26,0.028867851942777634
FRAG_NEG_trNEGATIVE37954_25_26,0.8950634598731995
FRAG_NEG_trNEGATIVE33611_10_26,0.060427527874708176
FRAG_NEG_trNEGATIVE62725_25_26,0.07545045018196106
FRAG_NEG_trNEGATIVE39326_38_26,0.027781376615166664
FRAG_NEG_trNEGATIVE67852_34_26,0.1256166249513626
FRAG_NEG_trNEGATIVE84283_40_26,0.9901002645492554
FRAG_NEG_trNEGATIVE60873_61_26,0.10563147068023682
FRAG_NEG_trNEGATIVE32133_1_26,0.038849927484989166
FRAG_NEG_trNEGATIVE53300_32_26,0.06668953597545624
FRAG_NEG_trNEGATIVE42955_43_26,0.0767538920044899
FRAG_NEG_trNEGATIVE94855_4_26,0.03827587142586708
FRAG_NEG_trNEGATIVE54521_31_26,0.05622177571058273
FRAG_NEG_trNEGATIVE74458_47_26,0.8757782578468323
FRAG_NEG_trNEGATIVE68527_1_26,0.44595715403556824
FRAG_NEG_trNEGATIVE80976_6_26,0.08848966658115387
FRAG_NEG_trNEGATIVE68418_66_26,0.5387345552444458
FRAG_NEG_trNEGATIVE83517_9_26,0.3609246015548706
FRAG_NEG_trNEGATIVE61599_1_26,0.9681078791618347
FRAG_NEG_trNEGATIVE40281_6_26,0.04636310040950775
FRAG_NEG_trNEGATIVE95163_15_26,0.0492677167057991
FRAG_NEG_trNEGATIVE96827_49_26,0.08380011469125748
FRAG_NEG_trNEGATIVE52859_23_26,0.08991022408008575
FRAG_NEG_trNEGATIVE55800_33_26,0.04656979814171791
FRAG_NEG_trNEGATIVE82480_14_26,0.02660725638270378
FRAG_NEG_trNEGATIVE53671_42_26,0.15458044409751892
FRAG_NEG_trNEGATIVE44810_0_26,0.04121507331728935
FRAG_NEG_trNEGATIVE78368_9_26,0.02455509454011917
FRAG_NEG_trNEGATIVE40284_49_26,0.4576061964035034
FRAG_NEG_trNEGATIVE64287_67_26,0.38650432229042053
FRAG_NEG_trNEGATIVE86156_46_26,0.015314456075429916
FRAG_NEG_trNEGATIVE78433_31_26,0.03412916883826256
FRAG_NEG_trNEGATIVE77972_32_26,0.03751559183001518
FRAG_NEG_trNEGATIVE72807_34_26,0.18609577417373657
FRAG_NEG_trNEGATIVE40637_28_26,0.18253707885742188
FRAG_NEG_trNEGATIVE70420_4_26,0.012330989353358746
FRAG_NEG_trNEGATIVE90237_6_26,0.015729984268546104
FRAG_NEG_trNEGATIVE73562_37_26,0.013848083093762398
FRAG_NEG_trNEGATIVE65716_1_26,0.09474479407072067
FRAG_NEG_trNEGATIVE68296_21_26,0.13491298258304596
FRAG_NEG_trNEGATIVE61912_6_26,0.08952128887176514
FRAG_NEG_trNEGATIVE34743_10_26,0.05253968760371208
FRAG_NEG_trNEGATIVE41515_9_26,0.7112744450569153
FRAG_NEG_trNEGATIVE58305_36_26,0.0577218234539032
FRAG_NEG_trNEGATIVE32258_45_26,0.42084750533103943
FRAG_NEG_trNEGATIVE51223_10_26,0.059996601194143295
FRAG_NEG_trNEGATIVE67438_11_26,0.04280902072787285
FRAG_NEG_trNEGATIVE69416_2_26,0.1746210902929306
FRAG_NEG_trNEGATIVE54521_38_26,0.031779054552316666
FRAG_NEG_trNEGATIVE51737_15_26,0.03806333988904953
FRAG_NEG_trNEGATIVE36752_19_26,0.0772608295083046
FRAG_NEG_trNEGATIVE37837_16_26,0.08582774549722672
FRAG_NEG_trNEGATIVE38646_14_26,0.03831395506858826
FRAG_NEG_trNEGATIVE29468_26_26,0.030888110399246216
FRAG_NEG_trNEGATIVE55750_2_26,0.015541299246251583
FRAG_NEG_trNEGATIVE65938_16_26,0.04451782628893852
FRAG_NEG_trNEGATIVE68242_24_26,0.0610821470618248
FRAG_NEG_trNEGATIVE56299_32_26,0.2656342089176178
FRAG_NEG_trNEGATIVE40444_2_26,0.6913256645202637
FRAG_NEG_trNEGATIVE44904_43_26,0.01655692607164383
FRAG_NEG_trNEGATIVE69895_36_26,0.26077520847320557
FRAG_NEG_trNEGATIVE44358_30_26,0.5318573117256165
FRAG_NEG_trNEGATIVE45057_11_26,0.03080860711634159
FRAG_NEG_trNEGATIVE97053_18_26,0.06734739243984222
FRAG_NEG_trNEGATIVE77200_22_26,0.31995758414268494
FRAG_NEG_trNEGATIVE85610_7_26,0.9553475975990295
FRAG_NEG_trNEGATIVE48170_3_26,0.41183924674987793
FRAG_NEG_trNEGATIVE64877_1_26,0.06158323585987091
FRAG_NEG_trNEGATIVE55038_6_26,0.03871641308069229
FRAG_NEG_trNEGATIVE60702_34_26,0.7834792137145996
FRAG_NEG_trNEGATIVE33907_32_26,0.06470660865306854
FRAG_NEG_trNEGATIVE68941_22_26,0.01056263130158186
FRAG_NEG_trNEGATIVE44378_17_26,0.041785020381212234
FRAG_NEG_trNEGATIVE70582_16_26,0.886089563369751
FRAG_NEG_trNEGATIVE68057_18_26,0.035655029118061066
FRAG_NEG_trNEGATIVE58339_14_26,0.3253363072872162
FRAG_NEG_trNEGATIVE56403_34_26,0.43552759289741516
FRAG_NEG_trNEGATIVE54710_64_26,0.8801192045211792
FRAG_NEG_trNEGATIVE92624_4_26,0.42320486903190613
FRAG_NEG_trNEGATIVE66099_2_26,0.9583015441894531
FRAG_NEG_trNEGATIVE59613_56_26,0.01112439390271902
FRAG_NEG_trNEGATIVE58276_21_26,0.036592304706573486
FRAG_NEG_trNEGATIVE89685_8_26,0.10276520252227783
FRAG_NEG_trNEGATIVE88082_4_26,0.013248929753899574
FRAG_NEG_trNEGATIVE95195_7_26,0.011320631019771099
FRAG_NEG_trNEGATIVE31586_38_26,0.04453200101852417
FRAG_NEG_trNEGATIVE71055_15_26,0.28416380286216736
FRAG_NEG_trNEGATIVE32641_13_26,0.797309398651123
FRAG_NEG_trNEGATIVE44110_21_26,0.01781417988240719
FRAG_NEG_trNEGATIVE86259_5_26,0.02528328076004982
FRAG_NEG_trNEGATIVE70478_34_26,0.8508315086364746
FRAG_NEG_trNEGATIVE40803_15_26,0.02247925102710724
FRAG_NEG_trNEGATIVE67704_51_26,0.040603019297122955
FRAG_NEG_trNEGATIVE43244_40_26,0.14708469808101654
FRAG_NEG_trNEGATIVE40692_67_26,0.024957189336419106
FRAG_NEG_trNEGATIVE56764_12_26,0.04804034158587456
FRAG_NEG_trNEGATIVE79244_36_26,0.06143833324313164
FRAG_NEG_trNEGATIVE81766_53_26,0.11331018805503845
FRAG_NEG_trNEGATIVE84177_29_26,0.0729130357503891
FRAG_NEG_trNEGATIVE50861_26_26,0.07027681916952133
FRAG_NEG_trNEGATIVE41337_23_26,0.031317174434661865
FRAG_NEG_trNEGATIVE85695_67_26,0.1511898934841156
FRAG_NEG_trNEGATIVE46665_40_26,0.027509111911058426
FRAG_NEG_trNEGATIVE55137_37_26,0.9444094896316528
FRAG_NEG_trNEGATIVE42999_44_26,0.17582301795482635
FRAG_NEG_trNEGATIVE83705_16_26,0.029359018430113792
FRAG_NEG_trNEGATIVE88628_38_26,0.7545114755630493
FRAG_NEG_trNEGATIVE91238_14_26,0.03678564727306366
FRAG_NEG_trNEGATIVE29278_12_26,0.012760930694639683
FRAG_NEG_trNEGATIVE94818_24_26,0.5963047742843628
FRAG_NEG_trNEGATIVE96505_60_26,0.11982394754886627
FRAG_NEG_trNEGATIVE44857_14_26,0.036629050970077515
FRAG_NEG_trNEGATIVE39691_58_26,0.1444006860256195
FRAG_NEG_trNEGATIVE96816_33_26,0.019123362377285957
FRAG_NEG_trNEGATIVE40866_17_26,0.09624933451414108
FRAG_NEG_trNEGATIVE39874_31_26,0.1378168761730194
FRAG_NEG_trNEGATIVE50940_27_26,0.04984322562813759
FRAG_NEG_trNEGATIVE47671_10_26,0.05953477323055267
FRAG_NEG_trNEGATIVE29806_28_26,0.3863045871257782
FRAG_NEG_trNEGATIVE68929_26_26,0.07856123894453049
FRAG_NEG_trNEGATIVE89859_13_26,0.12085429579019547
FRAG_NEG_trNEGATIVE92087_25_26,0.03733536973595619
FRAG_NEG_trNEGATIVE84555_19_26,0.05876163765788078
FRAG_NEG_trNEGATIVE45659_26_26,0.03710528090596199
FRAG_NEG_trNEGATIVE65364_38_26,0.07405543327331543
FRAG_NEG_trNEGATIVE46387_11_26,0.06377983093261719
FRAG_NEG_trNEGATIVE35110_65_26,0.030698498710989952
FRAG_NEG_trNEGATIVE73494_5_26,0.01126348227262497
FRAG_NEG_trNEGATIVE73996_3_26,0.017052508890628815
FRAG_NEG_trNEGATIVE31674_32_27,0.32659000158309937
FRAG_NEG_trNEGATIVE38259_8_27,0.015062863007187843
FRAG_NEG_trNEGATIVE55106_38_27,0.01351920235902071
FRAG_NEG_trNEGATIVE96823_12_27,0.21260622143745422
FRAG_NEG_trNEGATIVE93242_21_27,0.011834045872092247
FRAG_NEG_trNEGATIVE87090_58_27,0.0420486256480217
FRAG_NEG_trNEGATIVE48694_38_27,0.14030393958091736
FRAG_NEG_trNEGATIVE47408_29_27,0.8925210237503052
FRAG_NEG_trNEGATIVE71002_6_27,0.037902552634477615
FRAG_NEG_trNEGATIVE69812_27_27,0.5355097651481628
FRAG_NEG_trNEGATIVE74034_30_27,0.7423220872879028
FRAG_NEG_trNEGATIVE87491_7_27,0.18304473161697388
FRAG_NEG_trNEGATIVE35985_47_27,0.013552864082157612
FRAG_NEG_trNEGATIVE30311_17_27,0.05954660102725029
FRAG_NEG_trNEGATIVE82043_43_27,0.01673942804336548
FRAG_NEG_trNEGATIVE76614_12_27,0.05467847362160683
FRAG_NEG_trNEGATIVE41337_30_27,0.03737074136734009
FRAG_NEG_trNEGATIVE40803_16_27,0.049296922981739044
FRAG_NEG_trNEGATIVE93505_61_27,0.024712808430194855
FRAG_NEG_trNEGATIVE44384_42_27,0.5294195413589478
FRAG_NEG_trNEGATIVE45365_46_27,0.028662817552685738
FRAG_NEG_trNEGATIVE47954_18_27,0.14430785179138184
FRAG_NEG_trNEGATIVE67258_13_27,0.9046093225479126
FRAG_NEG_trNEGATIVE72456_2_27,0.2160208523273468
FRAG_NEG_trNEGATIVE80717_12_27,0.014944157563149929
FRAG_NEG_trNEGATIVE39059_12_27,0.057973477989435196
FRAG_NEG_trNEGATIVE68941_11_27,0.24470734596252441
FRAG_NEG_trNEGATIVE38253_34_27,0.08358927071094513
FRAG_NEG_trNEGATIVE76869_36_27,0.5606163740158081
FRAG_NEG_trNEGATIVE46198_9_27,0.3143957555294037
FRAG_NEG_trNEGATIVE85675_39_27,0.31025880575180054
FRAG_NEG_trNEGATIVE63309_28_27,0.03104211948812008
FRAG_NEG_trNEGATIVE57038_19_27,0.15804246068000793
FRAG_NEG_trNEGATIVE62485_34_27,0.11121942847967148
FRAG_NEG_trNEGATIVE80421_2_27,0.24245589971542358
FRAG_NEG_trNEGATIVE58329_9_27,0.09672970324754715
FRAG_NEG_trNEGATIVE52118_11_27,0.05800558254122734
FRAG_NEG_trNEGATIVE46371_58_27,0.032191019505262375
FRAG_NEG_trNEGATIVE57102_33_27,0.16468501091003418
FRAG_NEG_trNEGATIVE71358_50_27,0.09784772247076035
FRAG_NEG_trNEGATIVE51480_46_27,0.13079316914081573
FRAG_NEG_trNEGATIVE90851_1_27,0.5982813239097595
FRAG_NEG_trNEGATIVE45465_27_27,0.026788482442498207
FRAG_NEG_trNEGATIVE78194_23_27,0.061455290764570236
FRAG_NEG_trNEGATIVE71358_44_27,0.43420177698135376
FRAG_NEG_trNEGATIVE41466_36_27,0.011521819978952408
FRAG_NEG_trNEGATIVE86267_33_27,0.041272565722465515
FRAG_NEG_trNEGATIVE89245_6_27,0.05551505088806152
FRAG_NEG_trNEGATIVE66500_21_27,0.012890622019767761
FRAG_NEG_trNEGATIVE89761_48_27,0.06698165833950043
FRAG_NEG_trNEGATIVE46472_19_27,0.06010999158024788
FRAG_NEG_trNEGATIVE76034_14_27,0.019803423434495926
FRAG_NEG_trNEGATIVE70250_39_27,0.01686503179371357
FRAG_NEG_trNEGATIVE50255_40_27,0.07540486752986908
FRAG_NEG_trNEGATIVE28727_26_27,0.5622676610946655
FRAG_NEG_trNEGATIVE29291_55_27,0.023912658914923668
FRAG_NEG_trNEGATIVE61146_43_27,0.02483787201344967
FRAG_NEG_trNEGATIVE42400_17_27,0.31043875217437744
FRAG_NEG_trNEGATIVE60368_22_27,0.10018085688352585
FRAG_NEG_trNEGATIVE46443_18_27,0.04160252958536148
FRAG_NEG_trNEGATIVE60757_18_27,0.15873529016971588
FRAG_NEG_trNEGATIVE44170_17_27,0.02349170483648777
FRAG_NEG_trNEGATIVE64293_38_27,0.05798790603876114
FRAG_NEG_trNEGATIVE55864_6_27,0.17451021075248718
FRAG_NEG_trNEGATIVE31893_12_27,0.35348328948020935
FRAG_NEG_trNEGATIVE85084_12_27,0.009398679248988628
FRAG_NEG_trNEGATIVE56364_1_27,0.1285676807165146
FRAG_NEG_trNEGATIVE36596_49_27,0.14799028635025024
FRAG_NEG_trNEGATIVE42340_9_27,0.48313388228416443
FRAG_NEG_trNEGATIVE88458_6_27,0.05805860459804535
FRAG_NEG_trNEGATIVE82308_13_27,0.049651674926280975
FRAG_NEG_trNEGATIVE30200_6_27,0.0311781894415617
FRAG_NEG_trNEGATIVE58726_35_27,0.035323284566402435
FRAG_NEG_trNEGATIVE28675_3_27,0.49220576882362366
FRAG_NEG_trNEGATIVE61098_15_27,0.427034854888916
FRAG_NEG_trNEGATIVE49295_54_27,0.5913762450218201
FRAG_NEG_trNEGATIVE33363_22_27,0.2328338474035263
FRAG_NEG_trNEGATIVE38736_6_27,0.028094176203012466
FRAG_NEG_trNEGATIVE52150_43_27,0.022567523643374443
FRAG_NEG_trNEGATIVE94916_19_27,0.04539719223976135
FRAG_NEG_trNEGATIVE30311_5_27,0.01918293721973896
FRAG_NEG_trNEGATIVE33800_39_27,0.046043332666158676
FRAG_NEG_trNEGATIVE93128_5_27,0.07451849430799484
FRAG_NEG_trNEGATIVE83917_1_27,0.1490444391965866
FRAG_NEG_trNEGATIVE77801_26_27,0.03183099254965782
FRAG_NEG_trNEGATIVE59493_38_27,0.02096487209200859
FRAG_NEG_trNEGATIVE48587_33_27,0.033376459032297134
FRAG_NEG_trNEGATIVE31261_18_27,0.03461436554789543
FRAG_NEG_trNEGATIVE75343_61_27,0.023998960852622986
FRAG_NEG_trNEGATIVE71075_33_27,0.02028350532054901
FRAG_NEG_trNEGATIVE79619_10_27,0.06916476041078568
FRAG_NEG_trNEGATIVE50601_48_27,0.21042931079864502
FRAG_NEG_trNEGATIVE90816_12_27,0.43297478556632996
FRAG_NEG_trNEGATIVE88761_7_27,0.7641527652740479
FRAG_NEG_trNEGATIVE96673_45_27,0.0495305135846138
FRAG_NEG_trNEGATIVE76751_5_28,0.15415534377098083
FRAG_NEG_trNEGATIVE60765_8_28,0.04576628655195236
FRAG_NEG_trNEGATIVE92688_15_28,0.05364654213190079
FRAG_NEG_trNEGATIVE81415_25_28,0.05244981124997139
FRAG_NEG_trNEGATIVE50591_32_28,0.029940567910671234
FRAG_NEG_trNEGATIVE85557_17_28,0.01786831021308899
FRAG_NEG_trNEGATIVE60619_11_28,0.14008726179599762
FRAG_NEG_trNEGATIVE32322_17_28,0.1263582557439804
FRAG_NEG_trNEGATIVE36328_11_28,0.3046433627605438
FRAG_NEG_trNEGATIVE55526_2_28,0.017757238820195198
FRAG_NEG_trNEGATIVE29661_27_28,0.011049752123653889
FRAG_NEG_trNEGATIVE93021_35_28,0.015032600611448288
FRAG_NEG_trNEGATIVE31632_42_28,0.009154883213341236
FRAG_NEG_trNEGATIVE61755_27_28,0.014242430217564106
FRAG_NEG_trNEGATIVE67929_15_28,0.046165477484464645
FRAG_NEG_trNEGATIVE90106_12_28,0.0643531084060669
FRAG_NEG_trNEGATIVE84570_54_28,0.02374877780675888
FRAG_NEG_trNEGATIVE53628_5_28,0.5310271978378296
FRAG_NEG_trNEGATIVE79784_0_28,0.09719451516866684
FRAG_NEG_trNEGATIVE29268_54_28,0.01875709369778633
FRAG_NEG_trNEGATIVE80933_7_28,0.036998599767684937
FRAG_NEG_trNEGATIVE92794_7_28,0.02948794886469841
FRAG_NEG_trNEGATIVE59284_6_28,0.7182093858718872
FRAG_NEG_trNEGATIVE40889_28_28,0.7852857708930969
FRAG_NEG_trNEGATIVE69335_25_28,0.04807394742965698
FRAG_NEG_trNEGATIVE29916_21_28,0.09785853326320648
FRAG_NEG_trNEGATIVE78029_7_28,0.035636838525533676
FRAG_NEG_trNEGATIVE34162_32_28,0.021220624446868896
FRAG_NEG_trNEGATIVE74548_50_28,0.07117399573326111
FRAG_NEG_trNEGATIVE64293_49_28,0.04113634303212166
FRAG_NEG_trNEGATIVE37173_10_28,0.036199890077114105
FRAG_NEG_trNEGATIVE29886_11_28,0.2888844311237335
FRAG_NEG_trNEGATIVE71818_25_28,0.015885885804891586
FRAG_NEG_trNEGATIVE66816_12_28,0.11550571769475937
FRAG_NEG_trNEGATIVE34681_18_28,0.03154592216014862
FRAG_NEG_trNEGATIVE84745_33_28,0.43921011686325073
FRAG_NEG_trNEGATIVE62084_57_28,0.07933654636144638
FRAG_NEG_trNEGATIVE65195_31_28,0.7756021022796631
FRAG_NEG_trNEGATIVE85245_12_28,0.11048822104930878
FRAG_NEG_trNEGATIVE76311_23_28,0.02772390842437744
FRAG_NEG_trNEGATIVE76614_12_28,0.09107906371355057
FRAG_NEG_trNEGATIVE60873_70_28,0.13662368059158325
FRAG_NEG_trNEGATIVE69352_31_28,0.07800736278295517
FRAG_NEG_trNEGATIVE46631_40_28,0.10774129629135132
FRAG_NEG_trNEGATIVE54090_15_28,0.033186256885528564
FRAG_NEG_trNEGATIVE75204_42_28,0.026339909061789513
FRAG_NEG_trNEGATIVE28081_6_28,0.9870477914810181
FRAG_NEG_trNEGATIVE81097_64_28,0.030198490247130394
FRAG_NEG_trNEGATIVE55800_20_28,0.012205862440168858
FRAG_NEG_trNEGATIVE46585_14_28,0.09251939505338669
FRAG_NEG_trNEGATIVE89473_29_28,0.4073573052883148
FRAG_NEG_trNEGATIVE29456_47_28,0.04509032517671585
FRAG_NEG_trNEGATIVE32833_33_28,0.015753375366330147
FRAG_NEG_trNEGATIVE86453_6_28,0.019909245893359184
FRAG_NEG_trNEGATIVE84681_18_28,0.03854691609740257
FRAG_NEG_trNEGATIVE66504_0_28,0.8540531992912292
FRAG_NEG_trNEGATIVE63428_33_28,0.009405994787812233
FRAG_NEG_trNEGATIVE75199_10_28,0.17353621125221252
FRAG_NEG_trNEGATIVE56625_43_28,0.017015814781188965
FRAG_NEG_trNEGATIVE52150_12_28,0.04821854084730148
FRAG_NEG_trNEGATIVE27992_34_28,0.10257445275783539
FRAG_NEG_trNEGATIVE52191_6_28,0.1394985169172287
FRAG_NEG_trNEGATIVE68112_5_28,0.28000882267951965
FRAG_NEG_trNEGATIVE62088_3_28,0.028840865939855576
FRAG_NEG_trNEGATIVE37753_36_28,0.01653684303164482
FRAG_NEG_trNEGATIVE65249_13_28,0.01618238352239132
FRAG_NEG_trNEGATIVE72144_24_28,0.21048878133296967
FRAG_NEG_trNEGATIVE89126_43_28,0.016111791133880615
FRAG_NEG_trNEGATIVE48466_48_28,0.04751564562320709
FRAG_NEG_trNEGATIVE85486_10_28,0.02935340814292431
FRAG_NEG_trNEGATIVE84467_11_28,0.0485382042825222
FRAG_NEG_trNEGATIVE87476_43_28,0.015826819464564323
FRAG_NEG_trNEGATIVE39078_3_28,0.014173339121043682
FRAG_NEG_trNEGATIVE68695_68_28,0.04485412314534187
FRAG_NEG_trNEGATIVE32913_20_28,0.3191092312335968
FRAG_NEG_trNEGATIVE76557_40_28,0.019663169980049133
FRAG_NEG_trNEGATIVE64135_20_29,0.10498707741498947
FRAG_NEG_trNEGATIVE46929_30_29,0.571823000907898
FRAG_NEG_trNEGATIVE92087_11_29,0.042569421231746674
FRAG_NEG_trNEGATIVE54890_5_29,0.7629241347312927
FRAG_NEG_trNEGATIVE52439_30_29,0.05991281941533089
FRAG_NEG_trNEGATIVE59021_5_29,0.8784497380256653
FRAG_NEG_trNEGATIVE92870_54_29,0.04254158213734627
FRAG_NEG_trNEGATIVE80194_8_29,0.025242794305086136
FRAG_NEG_trNEGATIVE38987_3_29,0.3494851291179657
FRAG_NEG_trNEGATIVE83228_6_29,0.15884163975715637
FRAG_NEG_trNEGATIVE82185_19_29,0.02913174405694008
FRAG_NEG_trNEGATIVE96305_41_29,0.08775289356708527
FRAG_NEG_trNEGATIVE30451_16_29,0.07989461719989777
FRAG_NEG_trNEGATIVE96374_48_29,0.03107394464313984
FRAG_NEG_trNEGATIVE97143_5_29,0.08634546399116516
FRAG_NEG_trNEGATIVE59112_15_29,0.05833008140325546
FRAG_NEG_trNEGATIVE57570_36_29,0.161403089761734
FRAG_NEG_trNEGATIVE67929_9_29,0.12168417125940323
FRAG_NEG_trNEGATIVE69351_3_29,0.028396422043442726
FRAG_NEG_trNEGATIVE73549_39_29,0.07330827414989471
FRAG_NEG_trNEGATIVE50130_9_29,0.02721230499446392
FRAG_NEG_trNEGATIVE68741_15_29,0.17045892775058746
FRAG_NEG_trNEGATIVE45659_0_29,0.03633840009570122
FRAG_NEG_trNEGATIVE80976_36_29,0.026504036039114
FRAG_NEG_trNEGATIVE74328_12_29,0.009466816671192646
FRAG_NEG_trNEGATIVE34913_48_29,0.1276397407054901
FRAG_NEG_trNEGATIVE81578_25_29,0.03871840238571167
FRAG_NEG_trNEGATIVE90914_23_29,0.8192423582077026
FRAG_NEG_trNEGATIVE73415_21_29,0.020996252074837685
FRAG_NEG_trNEGATIVE83523_17_29,0.2751101851463318
FRAG_NEG_trNEGATIVE97593_26_29,0.5282462239265442
FRAG_NEG_trNEGATIVE90002_37_29,0.013254285790026188
FRAG_NEG_trNEGATIVE90306_17_29,0.033100564032793045
FRAG_NEG_trNEGATIVE65262_40_29,0.016368448734283447
FRAG_NEG_trNEGATIVE29638_9_29,0.08901593089103699
FRAG_NEG_trNEGATIVE64424_0_29,0.014867251738905907
FRAG_NEG_trNEGATIVE96062_32_29,0.37943774461746216
FRAG_NEG_trNEGATIVE82842_25_29,0.027661893516778946
FRAG_NEG_trNEGATIVE79045_0_29,0.029282724484801292
FRAG_NEG_trNEGATIVE94557_3_29,0.036668937653303146
FRAG_NEG_trNEGATIVE72212_30_29,0.05061141401529312
FRAG_NEG_trNEGATIVE65709_39_29,0.019153358414769173
FRAG_NEG_trNEGATIVE78787_34_29,0.19293911755084991
FRAG_NEG_trNEGATIVE27835_6_29,0.0193675234913826
FRAG_NEG_trNEGATIVE55818_3_29,0.010750248096883297
FRAG_NEG_trNEGATIVE32866_24_29,0.01723458617925644
FRAG_NEG_trNEGATIVE45970_4_29,0.08897767961025238
FRAG_NEG_trNEGATIVE85783_28_29,0.41788390278816223
FRAG_NEG_trNEGATIVE41853_8_29,0.00907131563872099
FRAG_NEG_trNEGATIVE36313_35_29,0.03353191912174225
FRAG_NEG_trNEGATIVE48109_40_29,0.32209134101867676
FRAG_NEG_trNEGATIVE29294_17_29,0.05253211781382561
FRAG_NEG_trNEGATIVE35988_42_29,0.9538894295692444
FRAG_NEG_trNEGATIVE85930_34_29,0.03806515038013458
FRAG_NEG_trNEGATIVE82949_12_29,0.11924941837787628
FRAG_NEG_trNEGATIVE76393_26_29,0.36481183767318726
FRAG_NEG_trNEGATIVE86287_23_29,0.04697246104478836
FRAG_NEG_trNEGATIVE60950_4_29,0.012529270723462105
FRAG_NEG_trNEGATIVE94801_13_29,0.01971202716231346
FRAG_NEG_trNEGATIVE55065_8_29,0.8752411007881165
FRAG_NEG_trNEGATIVE30871_18_29,0.06698080152273178
FRAG_NEG_trNEGATIVE51907_15_29,0.031051641330122948
FRAG_NEG_trNEGATIVE32285_35_29,0.02033814787864685
FRAG_NEG_trNEGATIVE73951_22_29,0.6679456830024719
FRAG_NEG_trNEGATIVE43166_39_29,0.9071841835975647
FRAG_NEG_trNEGATIVE68937_48_29,0.01677013374865055
FRAG_NEG_trNEGATIVE32228_44_29,0.10458770394325256
FRAG_NEG_trNEGATIVE76376_39_29,0.09492886811494827
FRAG_NEG_trNEGATIVE97196_5_29,0.06529080122709274
FRAG_NEG_trNEGATIVE42973_8_29,0.011600674130022526
FRAG_NEG_trNEGATIVE91108_24_29,0.13528122007846832
FRAG_NEG_trNEGATIVE34973_23_29,0.017866838723421097
FRAG_NEG_trNEGATIVE30776_40_29,0.46447962522506714
FRAG_NEG_trNEGATIVE80821_51_29,0.8498302698135376
FRAG_NEG_trNEGATIVE76846_24_29,0.26496821641921997
FRAG_NEG_trNEGATIVE87976_1_29,0.07298485189676285
FRAG_NEG_trNEGATIVE69614_46_29,0.0302808228880167
FRAG_NEG_trNEGATIVE43815_40_29,0.02155003882944584
FRAG_NEG_trNEGATIVE68825_33_29,0.027777157723903656
FRAG_NEG_trNEGATIVE45046_18_29,0.7421391010284424
FRAG_NEG_trNEGATIVE33802_58_29,0.058259882032871246
FRAG_NEG_trNEGATIVE65318_21_29,0.30937066674232483
FRAG_NEG_trNEGATIVE55864_25_29,0.5363591313362122
FRAG_NEG_trNEGATIVE64700_18_29,0.029549317434430122
FRAG_NEG_trNEGATIVE91758_29_29,0.02767598070204258
FRAG_NEG_trNEGATIVE35416_6_29,0.14230120182037354
FRAG_NEG_trNEGATIVE76861_26_29,0.13627555966377258
FRAG_NEG_trNEGATIVE50364_58_29,0.028357570990920067
FRAG_NEG_trNEGATIVE59725_0_29,0.045045603066682816
FRAG_NEG_trNEGATIVE80147_14_29,0.1655942052602768
FRAG_NEG_trNEGATIVE82228_3_29,0.022114470601081848
FRAG_NEG_trNEGATIVE86282_0_29,0.0968775674700737
FRAG_NEG_trNEGATIVE28784_5_29,0.054786235094070435
FRAG_NEG_trNEGATIVE68784_30_29,0.3153422772884369
FRAG_NEG_trNEGATIVE30330_11_29,0.07522676140069962
FRAG_NEG_trNEGATIVE72698_8_30,0.23746304214000702
FRAG_NEG_trNEGATIVE48791_35_30,0.02131813019514084
FRAG_NEG_trNEGATIVE28234_42_30,0.7809978723526001
FRAG_NEG_trNEGATIVE33162_15_30,0.35850486159324646
FRAG_NEG_trNEGATIVE74115_13_30,0.10770244896411896
FRAG_NEG_trNEGATIVE52960_10_30,0.09001649916172028
FRAG_NEG_trNEGATIVE95580_35_30,0.0164057407528162
FRAG_NEG_trNEGATIVE37954_16_30,0.90212482213974
FRAG_NEG_trNEGATIVE43004_38_30,0.9625017642974854
FRAG_NEG_trNEGATIVE44942_26_30,0.02192314900457859
FRAG_NEG_trNEGATIVE43166_48_30,0.766309380531311
FRAG_NEG_trNEGATIVE87776_12_30,0.15433548390865326
FRAG_NEG_trNEGATIVE45545_18_30,0.13363373279571533
FRAG_NEG_trNEGATIVE54890_24_30,0.08253327012062073
FRAG_NEG_trNEGATIVE34860_1_30,0.9686286449432373
FRAG_NEG_trNEGATIVE75791_16_30,0.02849678136408329
FRAG_NEG_trNEGATIVE67572_55_30,0.18779940903186798
FRAG_NEG_trNEGATIVE57859_55_30,0.03453459590673447
FRAG_NEG_trNEGATIVE39288_25_30,0.026466622948646545
FRAG_NEG_trNEGATIVE39687_32_30,0.8569451570510864
FRAG_NEG_trNEGATIVE55853_26_30,0.19073109328746796
FRAG_NEG_trNEGATIVE35845_15_30,0.04574526846408844
FRAG_NEG_trNEGATIVE95213_41_30,0.0422387458384037
FRAG_NEG_trNEGATIVE37858_6_30,0.01631009578704834
FRAG_NEG_trNEGATIVE94663_35_30,0.09257742017507553
FRAG_NEG_trNEGATIVE84205_63_30,0.4954299330711365
FRAG_NEG_trNEGATIVE83034_37_30,0.2641858756542206
FRAG_NEG_trNEGATIVE38106_25_30,0.07294116169214249
FRAG_NEG_trNEGATIVE35045_26_30,0.01605449803173542
FRAG_NEG_trNEGATIVE47812_6_30,0.009880433790385723
FRAG_NEG_trNEGATIVE32156_29_30,0.050991859287023544
FRAG_NEG_trNEGATIVE50130_16_30,0.09741314500570297
FRAG_NEG_trNEGATIVE35790_55_30,0.27031880617141724
FRAG_NEG_trNEGATIVE71861_6_30,0.10102735459804535
FRAG_NEG_trNEGATIVE91641_31_30,0.02729855477809906
FRAG_NEG_trNEGATIVE78106_23_30,0.32995307445526123
FRAG_NEG_trNEGATIVE48267_20_30,0.016824914142489433
FRAG_NEG_trNEGATIVE67478_8_30,0.10029340535402298
FRAG_NEG_trNEGATIVE88425_64_30,0.42299532890319824
FRAG_NEG_trNEGATIVE45664_17_30,0.3305434286594391
FRAG_NEG_trNEGATIVE85610_13_30,0.045456819236278534
FRAG_NEG_trNEGATIVE88073_20_30,0.07968761771917343
FRAG_NEG_trNEGATIVE66008_19_30,0.05681730806827545
FRAG_NEG_trNEGATIVE54029_8_30,0.020367145538330078
FRAG_NEG_trNEGATIVE88661_39_30,0.009211785160005093
FRAG_NEG_trNEGATIVE67287_51_30,0.11047874391078949
FRAG_NEG_trNEGATIVE76602_18_30,0.14076241850852966
FRAG_NEG_trNEGATIVE29638_41_30,0.053351037204265594
FRAG_NEG_trNEGATIVE36706_54_30,0.16368864476680756
FRAG_NEG_trNEGATIVE87088_13_30,0.06825851649045944
FRAG_NEG_trNEGATIVE55389_21_30,0.14829427003860474
FRAG_NEG_trNEGATIVE41157_27_30,0.14104537665843964
FRAG_NEG_trNEGATIVE80548_45_30,0.08040082454681396
FRAG_NEG_trNEGATIVE56654_15_30,0.40802258253097534
FRAG_NEG_trNEGATIVE85742_21_30,0.2147771716117859
FRAG_NEG_trNEGATIVE47740_31_30,0.20996998250484467
FRAG_NEG_trNEGATIVE80746_43_30,0.5354697108268738
FRAG_NEG_trNEGATIVE82585_40_30,0.9550250172615051
FRAG_NEG_trNEGATIVE45688_20_30,0.03025285340845585
FRAG_NEG_trNEGATIVE71322_34_30,0.03232089430093765
FRAG_NEG_trNEGATIVE35239_4_30,0.07350344210863113
FRAG_NEG_trNEGATIVE81516_3_30,0.013628795742988586
FRAG_NEG_trNEGATIVE51673_34_30,0.05887668952345848
FRAG_NEG_trNEGATIVE76461_61_30,0.055482931435108185
FRAG_NEG_trNEGATIVE55825_51_30,0.03483904153108597
FRAG_NEG_trNEGATIVE83887_58_30,0.07356912642717361
FRAG_NEG_trNEGATIVE44889_2_30,0.24012787640094757
FRAG_NEG_trNEGATIVE74586_27_30,0.026738017797470093
FRAG_NEG_trNEGATIVE44368_11_30,0.031024834141135216
FRAG_NEG_trNEGATIVE54448_58_30,0.031932201236486435
FRAG_NEG_trNEGATIVE49543_8_30,0.0850711390376091
FRAG_NEG_trNEGATIVE84463_5_30,0.7162359952926636
FRAG_NEG_trNEGATIVE36422_17_30,0.031779807060956955
FRAG_NEG_trNEGATIVE61955_0_30,0.17092233896255493
FRAG_NEG_trNEGATIVE46134_35_30,0.9746345281600952
FRAG_NEG_trNEGATIVE90580_22_30,0.1825704425573349
FRAG_NEG_trNEGATIVE58405_15_30,0.2651546597480774
FRAG_NEG_trNEGATIVE35273_26_31,0.20059865713119507
FRAG_NEG_trNEGATIVE83917_4_31,0.31800922751426697
FRAG_NEG_trNEGATIVE83228_29_31,0.3507905602455139
FRAG_NEG_trNEGATIVE32778_54_31,0.4377054274082184
FRAG_NEG_trNEGATIVE70131_35_31,0.009879011660814285
FRAG_NEG_trNEGATIVE86969_2_31,0.045727040618658066
FRAG_NEG_trNEGATIVE58110_68_31,0.16231384873390198
FRAG_NEG_trNEGATIVE78071_9_31,0.09912862628698349
FRAG_NEG_trNEGATIVE42219_29_31,0.07378989458084106
FRAG_NEG_trNEGATIVE38626_2_31,0.7042630314826965
FRAG_NEG_trNEGATIVE30105_15_31,0.5639146566390991
FRAG_NEG_trNEGATIVE54445_5_31,0.03835031017661095
FRAG_NEG_trNEGATIVE47649_37_31,0.009139921516180038
FRAG_NEG_trNEGATIVE39927_36_31,0.10671966522932053
FRAG_NEG_trNEGATIVE37909_6_31,0.11050039529800415
FRAG_NEG_trNEGATIVE94390_23_31,0.16102346777915955
FRAG_NEG_trNEGATIVE46780_29_31,0.0532919205725193
FRAG_NEG_trNEGATIVE62706_24_31,0.08086445182561874
FRAG_NEG_trNEGATIVE68091_58_31,0.06453045457601547
FRAG_NEG_trNEGATIVE60471_3_31,0.4155004322528839
FRAG_NEG_trNEGATIVE85498_24_31,0.028443818911910057
FRAG_NEG_trNEGATIVE27872_24_31,0.4947430491447449
FRAG_NEG_trNEGATIVE58437_40_31,0.03785146400332451
FRAG_NEG_trNEGATIVE50959_0_31,0.0697578489780426
FRAG_NEG_trNEGATIVE69222_40_31,0.10810624063014984
FRAG_NEG_trNEGATIVE74080_52_31,0.09786752611398697
FRAG_NEG_trNEGATIVE90691_3_31,0.11277028918266296
FRAG_NEG_trNEGATIVE60038_19_31,0.06983314454555511
FRAG_NEG_trNEGATIVE72674_14_31,0.04687279462814331
FRAG_NEG_trNEGATIVE69996_11_31,0.176812082529068
FRAG_NEG_trNEGATIVE47292_12_31,0.2792419195175171
FRAG_NEG_trNEGATIVE56939_26_31,0.01428472064435482
FRAG_NEG_trNEGATIVE63443_0_31,0.20840884745121002
FRAG_NEG_trNEGATIVE55791_1_31,0.18894580006599426
FRAG_NEG_trNEGATIVE41688_32_31,0.41015613079071045
FRAG_NEG_trNEGATIVE81993_26_31,0.0115132387727499
FRAG_NEG_trNEGATIVE86130_25_31,0.04646216332912445
FRAG_NEG_trNEGATIVE83484_56_31,0.051037173718214035
FRAG_NEG_trNEGATIVE88900_27_31,0.12822215259075165
FRAG_NEG_trNEGATIVE29046_32_31,0.011674255132675171
FRAG_NEG_trNEGATIVE39801_12_31,0.32064157724380493
FRAG_NEG_trNEGATIVE42973_17_31,0.04431635141372681
FRAG_NEG_trNEGATIVE84896_41_31,0.31678229570388794
FRAG_NEG_trNEGATIVE89053_56_31,0.015688268467783928
FRAG_NEG_trNEGATIVE71995_0_31,0.02201053500175476
FRAG_NEG_trNEGATIVE87704_60_31,0.07436317950487137
FRAG_NEG_trNEGATIVE92999_28_31,0.35196056962013245
FRAG_NEG_trNEGATIVE46818_51_31,0.030416561290621758
FRAG_NEG_trNEGATIVE34230_2_31,0.07724078744649887
FRAG_NEG_trNEGATIVE52594_9_31,0.09881795197725296
FRAG_NEG_trNEGATIVE35378_28_31,0.06830321997404099
FRAG_NEG_trNEGATIVE41051_35_31,0.03352077305316925
FRAG_NEG_trNEGATIVE63751_8_31,0.04322250932455063
FRAG_NEG_trNEGATIVE30578_2_32,0.9132171869277954
FRAG_NEG_trNEGATIVE53308_31_32,0.06185144931077957
FRAG_NEG_trNEGATIVE29015_30_32,0.09828241914510727
FRAG_NEG_trNEGATIVE30451_24_32,0.08277201652526855
FRAG_NEG_trNEGATIVE49250_19_32,0.021322349086403847
FRAG_NEG_trNEGATIVE82506_6_32,0.9829167127609253
FRAG_NEG_trNEGATIVE45582_36_32,0.019398702308535576
FRAG_NEG_trNEGATIVE74586_25_32,0.025307046249508858
FRAG_NEG_trNEGATIVE92723_16_32,0.015451434068381786
FRAG_NEG_trNEGATIVE46801_6_32,0.559978187084198
FRAG_NEG_trNEGATIVE60486_21_32,0.021812520921230316
FRAG_NEG_trNEGATIVE40873_6_32,0.1999281495809555
FRAG_NEG_trNEGATIVE64540_8_32,0.047580502927303314
FRAG_NEG_trNEGATIVE41179_22_32,0.6170765161514282
FRAG_NEG_trNEGATIVE91895_37_32,0.02658184804022312
FRAG_NEG_trNEGATIVE45411_12_32,0.23108094930648804
FRAG_NEG_trNEGATIVE28081_49_32,0.6064037084579468
FRAG_NEG_trNEGATIVE76036_14_32,0.053841713815927505
FRAG_NEG_trNEGATIVE50432_5_32,0.39792296290397644
FRAG_NEG_trNEGATIVE30704_21_32,0.23709538578987122
FRAG_NEG_trNEGATIVE60306_20_32,0.45920529961586
FRAG_NEG_trNEGATIVE58174_24_32,0.7648313641548157
FRAG_NEG_trNEGATIVE44516_28_32,0.023353004828095436
FRAG_NEG_trNEGATIVE64622_5_32,0.03658213093876839
FRAG_NEG_trNEGATIVE91108_8_32,0.6577443480491638
FRAG_NEG_trNEGATIVE75403_21_32,0.04176599904894829
FRAG_NEG_trNEGATIVE59638_21_32,0.23572419583797455
FRAG_NEG_trNEGATIVE43205_13_32,0.9051105976104736
FRAG_NEG_trNEGATIVE83814_27_32,0.08564957976341248
FRAG_NEG_trNEGATIVE39352_1_32,0.04841101914644241
FRAG_NEG_trNEGATIVE73185_28_32,0.15070030093193054
FRAG_NEG_trNEGATIVE30109_24_32,0.06544056534767151
FRAG_NEG_trNEGATIVE96995_36_32,0.07106036692857742
FRAG_NEG_trNEGATIVE30109_23_32,0.20059847831726074
FRAG_NEG_trNEGATIVE46454_32_32,0.014311824925243855
FRAG_NEG_trNEGATIVE92883_5_32,0.02285793609917164
FRAG_NEG_trNEGATIVE27711_23_32,0.09052445739507675
FRAG_NEG_trNEGATIVE64287_66_32,0.8026529550552368
FRAG_NEG_trNEGATIVE30259_48_32,0.36578333377838135
FRAG_NEG_trNEGATIVE69352_36_32,0.15827439725399017
FRAG_NEG_trNEGATIVE44278_5_32,0.06186552345752716
FRAG_NEG_trNEGATIVE93710_49_32,0.13248006999492645
FRAG_NEG_trNEGATIVE72970_22_32,0.9136984944343567
FRAG_NEG_trNEGATIVE67125_0_32,0.0686439722776413
FRAG_NEG_trNEGATIVE38597_41_32,0.1542021781206131
FRAG_NEG_trNEGATIVE54856_29_32,0.021382294595241547
FRAG_NEG_trNEGATIVE93189_61_32,0.017783261835575104
FRAG_NEG_trNEGATIVE91781_8_32,0.018893718719482422
FRAG_NEG_trNEGATIVE88034_33_32,0.022090744227170944
FRAG_NEG_trNEGATIVE72748_1_32,0.10803390294313431
FRAG_NEG_trNEGATIVE75211_0_32,0.05646821856498718
FRAG_NEG_trNEGATIVE92379_28_32,0.015346026979386806
FRAG_NEG_trNEGATIVE76896_26_32,0.05334294214844704
FRAG_NEG_trNEGATIVE56128_46_32,0.08147785067558289
FRAG_NEG_trNEGATIVE50647_21_32,0.009083964861929417
FRAG_NEG_trNEGATIVE29006_38_32,0.08010297268629074
FRAG_NEG_trNEGATIVE33802_46_32,0.07933856546878815
FRAG_NEG_trNEGATIVE48868_25_32,0.02277013473212719
FRAG_NEG_trNEGATIVE82692_24_32,0.3033187687397003
FRAG_NEG_trNEGATIVE93907_1_32,0.09890057146549225
FRAG_NEG_trNEGATIVE44480_4_33,0.5287092924118042
FRAG_NEG_trNEGATIVE61201_13_33,0.21356841921806335
FRAG_NEG_trNEGATIVE61136_31_33,0.20414507389068604
FRAG_NEG_trNEGATIVE84218_23_33,0.013911631889641285
FRAG_NEG_trNEGATIVE77919_0_33,0.04682112857699394
FRAG_NEG_trNEGATIVE87308_11_33,0.41010966897010803
FRAG_NEG_trNEGATIVE27498_21_33,0.029127081856131554
FRAG_NEG_trNEGATIVE91027_19_33,0.016914857551455498
FRAG_NEG_trNEGATIVE70176_57_33,0.17480285465717316
FRAG_NEG_trNEGATIVE36430_40_33,0.6404339671134949
FRAG_NEG_trNEGATIVE66240_41_33,0.4236992299556732
FRAG_NEG_trNEGATIVE63306_7_33,0.23352515697479248
FRAG_NEG_trNEGATIVE51121_11_33,0.11818013340234756
FRAG_NEG_trNEGATIVE48094_30_33,0.019939208403229713
FRAG_NEG_trNEGATIVE48435_19_33,0.016780242323875427
FRAG_NEG_trNEGATIVE35076_60_33,0.013191282749176025
FRAG_NEG_trNEGATIVE58022_2_33,0.034574881196022034
FRAG_NEG_trNEGATIVE83073_28_33,0.049300700426101685
FRAG_NEG_trNEGATIVE94910_53_33,0.5426596999168396
FRAG_NEG_trNEGATIVE69080_20_33,0.9428732395172119
FRAG_NEG_trNEGATIVE29177_23_33,0.08007387816905975
FRAG_NEG_trNEGATIVE95220_0_33,0.037968676537275314
FRAG_NEG_trNEGATIVE86979_3_33,0.018092432990670204
FRAG_NEG_trNEGATIVE89924_6_33,0.03331836685538292
FRAG_NEG_trNEGATIVE46529_33_33,0.22536322474479675
FRAG_NEG_trNEGATIVE88110_2_33,0.05151927471160889
FRAG_NEG_trNEGATIVE95322_38_33,0.03478557989001274
FRAG_NEG_trNEGATIVE93851_44_33,0.0519079826772213
FRAG_NEG_trNEGATIVE92408_5_33,0.03804413229227066
FRAG_NEG_trNEGATIVE52626_28_33,0.01605934090912342
FRAG_NEG_trNEGATIVE80087_38_33,0.03349221125245094
FRAG_NEG_trNEGATIVE86688_19_33,0.041593555361032486
FRAG_NEG_trNEGATIVE39006_37_33,0.07985317707061768
FRAG_NEG_trNEGATIVE85011_8_33,0.00974888913333416
FRAG_NEG_trNEGATIVE39066_4_33,0.9776564240455627
FRAG_NEG_trNEGATIVE83584_27_33,0.11284792423248291
FRAG_NEG_trNEGATIVE77328_45_33,0.03280548378825188
FRAG_NEG_trNEGATIVE89761_44_33,0.14223110675811768
FRAG_NEG_trNEGATIVE72230_2_33,0.05481715872883797
FRAG_NEG_trNEGATIVE84403_11_33,0.043001867830753326
FRAG_NEG_trNEGATIVE66173_5_33,0.7459386587142944
FRAG_NEG_trNEGATIVE65461_23_33,0.12110378593206406
FRAG_NEG_trNEGATIVE62804_12_33,0.028797572478652
FRAG_NEG_trNEGATIVE86660_46_33,0.06227004900574684
FRAG_NEG_trNEGATIVE92112_57_34,0.8094622492790222
FRAG_NEG_trNEGATIVE96551_10_34,0.08420595526695251
FRAG_NEG_trNEGATIVE27515_35_34,0.012999805621802807
FRAG_NEG_trNEGATIVE74582_12_34,0.07584773749113083
FRAG_NEG_trNEGATIVE39818_54_34,0.04243416711688042
FRAG_NEG_trNEGATIVE32585_4_34,0.07985144108533859
FRAG_NEG_trNEGATIVE62719_4_34,0.03568325191736221
FRAG_NEG_trNEGATIVE94456_15_34,0.02713850885629654
FRAG_NEG_trNEGATIVE34521_5_34,0.1502404510974884
FRAG_NEG_trNEGATIVE71344_0_34,0.10003533959388733
FRAG_NEG_trNEGATIVE53087_23_34,0.021613826975226402
FRAG_NEG_trNEGATIVE64924_8_34,0.12063417583703995
FRAG_NEG_trNEGATIVE80219_58_34,0.0263578612357378
FRAG_NEG_trNEGATIVE40588_31_34,0.062782421708107
FRAG_NEG_trNEGATIVE64817_23_34,0.9805010557174683
FRAG_NEG_trNEGATIVE95322_10_34,0.04657798260450363
FRAG_NEG_trNEGATIVE61021_11_34,0.07789305597543716
FRAG_NEG_trNEGATIVE64620_1_34,0.06794736534357071
FRAG_NEG_trNEGATIVE96678_13_34,0.12527650594711304
FRAG_NEG_trNEGATIVE46189_31_34,0.05301668867468834
FRAG_NEG_trNEGATIVE34049_33_34,0.6710417866706848
FRAG_NEG_trNEGATIVE78222_41_34,0.03327444568276405
FRAG_NEG_trNEGATIVE38194_53_34,0.522700309753418
FRAG_NEG_trNEGATIVE69222_26_34,0.020956970751285553
FRAG_NEG_trNEGATIVE73312_30_34,0.031073858961462975
FRAG_NEG_trNEGATIVE80543_29_34,0.009238637052476406
FRAG_NEG_trNEGATIVE28441_58_34,0.8701596856117249
FRAG_NEG_trNEGATIVE62765_23_34,0.09405768662691116
FRAG_NEG_trNEGATIVE81807_5_34,0.02844787947833538
FRAG_NEG_trNEGATIVE96787_28_34,0.027611341327428818
FRAG_NEG_trNEGATIVE44968_7_34,0.81790691614151
FRAG_NEG_trNEGATIVE88599_6_34,0.03587779402732849
FRAG_NEG_trNEGATIVE83649_8_34,0.2227257639169693
FRAG_NEG_trNEGATIVE81470_25_34,0.20648278295993805
FRAG_NEG_trNEGATIVE57824_34_34,0.01160687580704689
FRAG_NEG_trNEGATIVE50090_6_34,0.2434561848640442
FRAG_NEG_trNEGATIVE84074_10_34,0.05742054432630539
FRAG_NEG_trNEGATIVE82630_10_35,0.061042655259370804
FRAG_NEG_trNEGATIVE53217_10_35,0.16059695184230804
FRAG_NEG_trNEGATIVE54242_21_35,0.14798368513584137
FRAG_NEG_trNEGATIVE34019_39_35,0.2156166136264801
FRAG_NEG_trNEGATIVE92304_12_35,0.09966380894184113
FRAG_NEG_trNEGATIVE32583_3_35,0.6308090090751648
FRAG_NEG_trNEGATIVE76034_16_35,0.01798858307301998
FRAG_NEG_trNEGATIVE74887_40_35,0.049205679446458817
FRAG_NEG_trNEGATIVE35165_20_35,0.026417765766382217
FRAG_NEG_trNEGATIVE69804_10_35,0.035953015089035034
FRAG_NEG_trNEGATIVE84350_1_35,0.015949219465255737
FRAG_NEG_trNEGATIVE87887_0_35,0.04075592756271362
FRAG_NEG_trNEGATIVE53070_11_35,0.26920878887176514
FRAG_NEG_trNEGATIVE28374_2_35,0.0336567685008049
FRAG_NEG_trNEGATIVE96418_18_35,0.05302533134818077
FRAG_NEG_trNEGATIVE76571_25_35,0.20909322798252106
FRAG_NEG_trNEGATIVE45649_7_35,0.2817027270793915
FRAG_NEG_trNEGATIVE53308_40_35,0.0677175298333168
FRAG_NEG_trNEGATIVE82168_9_35,0.06361091881990433
FRAG_NEG_trNEGATIVE35980_29_35,0.15198104083538055
FRAG_NEG_trNEGATIVE88762_4_35,0.03105328045785427
FRAG_NEG_trNEGATIVE53667_43_35,0.05362234637141228
FRAG_NEG_trNEGATIVE65262_38_35,0.02621026150882244
FRAG_NEG_trNEGATIVE61287_30_35,0.1383751779794693
FRAG_NEG_trNEGATIVE36423_6_35,0.013802092522382736
FRAG_NEG_trNEGATIVE47954_10_35,0.4714292883872986
FRAG_NEG_trNEGATIVE63375_0_35,0.04800838977098465
FRAG_NEG_trNEGATIVE57384_27_35,0.0188650730997324
FRAG_NEG_trNEGATIVE72230_12_35,0.014072257094085217
FRAG_NEG_trNEGATIVE42872_21_35,0.5713479518890381
FRAG_NEG_trNEGATIVE33176_22_35,0.128974050283432
FRAG_NEG_trNEGATIVE52399_36_35,0.021076245233416557
FRAG_NEG_trNEGATIVE92064_43_35,0.011748557910323143
FRAG_NEG_trNEGATIVE97447_32_35,0.030866270884871483
FRAG_NEG_trNEGATIVE46617_36_35,0.6290630102157593
FRAG_NEG_trNEGATIVE30131_21_35,0.2165723443031311
FRAG_NEG_trNEGATIVE63808_40_35,0.4787184000015259
FRAG_NEG_trNEGATIVE43992_24_35,0.1996900886297226
FRAG_NEG_trNEGATIVE90062_46_35,0.04601186141371727
FRAG_NEG_trNEGATIVE70535_6_35,0.22848324477672577
FRAG_NEG_trNEGATIVE37599_26_35,0.024785928428173065
FRAG_NEG_trNEGATIVE56524_37_35,0.4236126244068146
FRAG_NEG_trNEGATIVE49019_21_35,0.04117356985807419
FRAG_NEG_trNEGATIVE46186_28_35,0.1908605694770813
FRAG_NEG_trNEGATIVE66276_8_35,0.24208377301692963
FRAG_NEG_trNEGATIVE31011_31_36,0.01518263015896082
FRAG_NEG_trNEGATIVE71096_8_36,0.028732439503073692
FRAG_NEG_trNEGATIVE74184_6_36,0.22437173128128052
FRAG_NEG_trNEGATIVE57227_3_36,0.9697673320770264
FRAG_NEG_trNEGATIVE28868_40_36,0.040986355394124985
FRAG_NEG_trNEGATIVE63695_39_36,0.03681061789393425
FRAG_NEG_trNEGATIVE35729_5_36,0.8741082549095154
FRAG_NEG_trNEGATIVE95559_44_36,0.013427837751805782
FRAG_NEG_trNEGATIVE42569_41_36,0.05081615597009659
FRAG_NEG_trNEGATIVE59475_1_36,0.7482461333274841
FRAG_NEG_trNEGATIVE95947_28_36,0.0252276211977005
FRAG_NEG_trNEGATIVE38557_34_36,0.03424127399921417
FRAG_NEG_trNEGATIVE29734_6_36,0.055233441293239594
FRAG_NEG_trNEGATIVE41073_8_36,0.313713937997818
FRAG_NEG_trNEGATIVE87817_61_36,0.07992801815271378
FRAG_NEG_trNEGATIVE58066_22_36,0.13120315968990326
FRAG_NEG_trNEGATIVE39961_53_36,0.06402500718832016
FRAG_NEG_trNEGATIVE36554_4_36,0.07925579696893692
FRAG_NEG_trNEGATIVE63744_13_36,0.012029987759888172
FRAG_NEG_trNEGATIVE59108_7_36,0.057690296322107315
FRAG_NEG_trNEGATIVE59152_22_36,0.9295586943626404
FRAG_NEG_trNEGATIVE86806_40_36,0.03682832792401314
FRAG_NEG_trNEGATIVE64980_0_36,0.07990916818380356
FRAG_NEG_trNEGATIVE55267_21_36,0.16179022192955017
FRAG_NEG_trNEGATIVE48904_19_36,0.03842945396900177
FRAG_NEG_trNEGATIVE38596_12_36,0.8494688868522644
FRAG_NEG_trNEGATIVE47268_31_36,0.41773343086242676
FRAG_NEG_trNEGATIVE80172_10_36,0.22483210265636444
FRAG_NEG_trNEGATIVE53179_11_36,0.3418424725532532
FRAG_NEG_trNEGATIVE85500_11_36,0.14100271463394165
FRAG_NEG_trNEGATIVE90287_23_36,0.011708212085068226
FRAG_NEG_trNEGATIVE65267_22_36,0.5646694302558899
FRAG_NEG_trNEGATIVE36302_9_36,0.011593968607485294
FRAG_NEG_trNEGATIVE62459_23_36,0.19470898807048798
FRAG_NEG_trNEGATIVE74053_29_36,0.015645625069737434
FRAG_NEG_trNEGATIVE45125_3_36,0.020683741196990013
FRAG_NEG_trNEGATIVE66173_1_36,0.9609568119049072
FRAG_NEG_trNEGATIVE84051_35_36,0.0922614112496376
FRAG_NEG_trNEGATIVE36114_17_36,0.011352231726050377
FRAG_NEG_trNEGATIVE80530_2_36,0.04924192279577255
FRAG_NEG_trNEGATIVE69422_6_36,0.12092369794845581
FRAG_NEG_trNEGATIVE92309_26_36,0.3766402006149292
FRAG_NEG_trNEGATIVE32828_0_36,0.026316465809941292
FRAG_NEG_trNEGATIVE74761_39_36,0.03582940623164177
FRAG_NEG_trNEGATIVE75234_19_36,0.07341884821653366
FRAG_NEG_trNEGATIVE89334_6_36,0.009512992575764656
FRAG_NEG_trNEGATIVE74172_22_36,0.9098736047744751
FRAG_NEG_trNEGATIVE48917_3_36,0.039656661450862885
FRAG_NEG_trNEGATIVE52292_25_36,0.07177585363388062
FRAG_NEG_trNEGATIVE54384_8_36,0.29012006521224976
FRAG_NEG_trNEGATIVE93447_42_36,0.0874466598033905
FRAG_NEG_trNEGATIVE78009_3_36,0.8744186162948608
FRAG_NEG_trNEGATIVE63158_19_37,0.31503379344940186
FRAG_NEG_trNEGATIVE57575_1_37,0.022564006969332695
FRAG_NEG_trNEGATIVE38813_62_37,0.053384896367788315
FRAG_NEG_trNEGATIVE87789_7_37,0.24200154840946198
FRAG_NEG_trNEGATIVE35067_19_37,0.017135269939899445
FRAG_NEG_trNEGATIVE80400_14_37,0.41784191131591797
FRAG_NEG_trNEGATIVE36332_34_37,0.19859948754310608
FRAG_NEG_trNEGATIVE88810_13_37,0.7809938788414001
FRAG_NEG_trNEGATIVE90239_18_37,0.6328985691070557
FRAG_NEG_trNEGATIVE74314_51_37,0.199250265955925
FRAG_NEG_trNEGATIVE41355_37_37,0.05314183607697487
FRAG_NEG_trNEGATIVE67302_48_37,0.420152485370636
FRAG_NEG_trNEGATIVE87504_37_37,0.9368195533752441
FRAG_NEG_trNEGATIVE64769_13_37,0.046183258295059204
FRAG_NEG_trNEGATIVE32251_0_37,0.13835635781288147
FRAG_NEG_trNEGATIVE39632_5_37,0.06707241386175156
FRAG_NEG_trNEGATIVE69115_25_37,0.9893493056297302
FRAG_NEG_trNEGATIVE35901_27_37,0.2739669680595398
FRAG_NEG_trNEGATIVE65908_32_37,0.12080981582403183
FRAG_NEG_trNEGATIVE83944_45_37,0.0176251083612442
FRAG_NEG_trNEGATIVE49497_19_37,0.06604930758476257
FRAG_NEG_trNEGATIVE30620_49_37,0.1143980622291565
FRAG_NEG_trNEGATIVE89774_12_37,0.009547281078994274
FRAG_NEG_trNEGATIVE86416_16_37,0.02190740406513214
FRAG_NEG_trNEGATIVE51673_6_37,0.01582808792591095
FRAG_NEG_trNEGATIVE34696_52_37,0.937770426273346
FRAG_NEG_trNEGATIVE93293_5_37,0.7478954195976257
FRAG_NEG_trNEGATIVE90474_4_37,0.13384833931922913
FRAG_NEG_trNEGATIVE55118_16_37,0.36349451541900635
FRAG_NEG_trNEGATIVE63680_16_37,0.08293011784553528
FRAG_NEG_trNEGATIVE54996_4_37,0.023869924247264862
FRAG_NEG_trNEGATIVE34044_5_37,0.009145224466919899
FRAG_NEG_trNEGATIVE90484_17_37,0.7905018925666809
FRAG_NEG_trNEGATIVE33176_30_37,0.31566372513771057
FRAG_NEG_trNEGATIVE61121_29_37,0.2306731641292572
FRAG_NEG_trNEGATIVE62361_19_37,0.028745947405695915
FRAG_NEG_trNEGATIVE79827_20_37,0.45895901322364807
FRAG_NEG_trNEGATIVE96370_40_37,0.09278420358896255
FRAG_NEG_trNEGATIVE60725_5_37,0.22181768715381622
FRAG_NEG_trNEGATIVE63110_20_37,0.013555286452174187
FRAG_NEG_trNEGATIVE28374_14_37,0.011925355531275272
FRAG_NEG_trNEGATIVE75069_10_37,0.22097663581371307
FRAG_NEG_trNEGATIVE71123_26_37,0.7282184362411499
FRAG_NEG_trNEGATIVE67443_14_37,0.07352617383003235
FRAG_NEG_trNEGATIVE87083_35_37,0.034571342170238495
FRAG_NEG_trNEGATIVE77063_1_37,0.10102339088916779
FRAG_NEG_trNEGATIVE27505_54_37,0.16184377670288086
FRAG_NEG_trNEGATIVE63907_22_37,0.018454736098647118
FRAG_NEG_trNEGATIVE60221_26_37,0.25579342246055603
FRAG_NEG_trNEGATIVE78322_7_37,0.18242132663726807
FRAG_NEG_trNEGATIVE56642_26_37,0.4048706293106079
FRAG_NEG_trNEGATIVE27624_2_37,0.1253671646118164
FRAG_NEG_trNEGATIVE75698_15_37,0.00906000193208456
FRAG_NEG_trNEGATIVE95540_14_37,0.1772167682647705
FRAG_NEG_trNEGATIVE97409_6_37,0.018441930413246155
FRAG_NEG_trNEGATIVE92413_49_37,0.0692116841673851
FRAG_NEG_trNEGATIVE79317_55_37,0.974437952041626
FRAG_NEG_trNEGATIVE41201_19_37,0.018469130620360374
FRAG_NEG_trNEGATIVE62233_0_37,0.898682713508606
FRAG_NEG_trNEGATIVE29979_11_37,0.06940335035324097
FRAG_NEG_trNEGATIVE88110_3_37,0.02994876727461815
FRAG_NEG_trNEGATIVE76310_42_37,0.015900593250989914
FRAG_NEG_trNEGATIVE45564_47_37,0.07151072472333908
FRAG_NEG_trNEGATIVE74347_49_37,0.06835471093654633
FRAG_NEG_trNEGATIVE51996_0_37,0.041774336248636246
FRAG_NEG_trNEGATIVE44478_7_37,0.974469006061554
FRAG_NEG_trNEGATIVE52667_57_37,0.8770321011543274
FRAG_NEG_trNEGATIVE33693_24_37,0.03015865944325924
FRAG_NEG_trNEGATIVE81993_1_37,0.021749088540673256
FRAG_NEG_trNEGATIVE57142_8_37,0.1445610225200653
FRAG_NEG_trNEGATIVE53671_41_37,0.15728521347045898
FRAG_NEG_trNEGATIVE71806_37_37,0.013152910396456718
FRAG_NEG_trNEGATIVE86969_2_37,0.07603099942207336
FRAG_NEG_trNEGATIVE75594_2_37,0.08928491920232773
FRAG_NEG_trNEGATIVE58956_11_37,0.04611916095018387
FRAG_NEG_trNEGATIVE51728_2_37,0.009729963727295399
FRAG_NEG_trNEGATIVE32165_28_37,0.014244236052036285
FRAG_NEG_trNEGATIVE57444_16_38,0.014072569087147713
FRAG_NEG_trNEGATIVE88247_6_38,0.5857733488082886
FRAG_NEG_trNEGATIVE47186_9_38,0.14063622057437897
FRAG_NEG_trNEGATIVE67849_28_38,0.056277889758348465
FRAG_NEG_trNEGATIVE30453_23_38,0.9888527393341064
FRAG_NEG_trNEGATIVE93536_25_38,0.03629634901881218
FRAG_NEG_trNEGATIVE56298_17_38,0.06927561014890671
FRAG_NEG_trNEGATIVE95674_23_38,0.009648267179727554
FRAG_NEG_trNEGATIVE89256_25_38,0.07626871019601822
FRAG_NEG_trNEGATIVE62630_2_38,0.9425579309463501
FRAG_NEG_trNEGATIVE48777_17_38,0.024818820878863335
FRAG_NEG_trNEGATIVE82659_32_38,0.05788111686706543
FRAG_NEG_trNEGATIVE68699_35_38,0.033881280571222305
FRAG_NEG_trNEGATIVE47246_2_38,0.6428136825561523
FRAG_NEG_trNEGATIVE33599_28_38,0.1347476989030838
FRAG_NEG_trNEGATIVE96047_19_38,0.3140571415424347
FRAG_NEG_trNEGATIVE40726_19_38,0.20452910661697388
FRAG_NEG_trNEGATIVE67226_31_38,0.6017664670944214
FRAG_NEG_trNEGATIVE91690_16_38,0.01213509775698185
FRAG_NEG_trNEGATIVE55926_42_38,0.01800929196178913
FRAG_NEG_trNEGATIVE35098_32_38,0.11945828050374985
FRAG_NEG_trNEGATIVE74300_30_38,0.015720639377832413
FRAG_NEG_trNEGATIVE73619_20_38,0.13973256945610046
FRAG_NEG_trNEGATIVE29847_0_38,0.023989565670490265
FRAG_NEG_trNEGATIVE37172_4_38,0.046717569231987
FRAG_NEG_trNEGATIVE40633_8_38,0.04549635574221611
FRAG_NEG_trNEGATIVE31671_3_38,0.08927720785140991
FRAG_NEG_trNEGATIVE31348_3_38,0.049530141055583954
FRAG_NEG_trNEGATIVE54679_27_38,0.026927955448627472
FRAG_NEG_trNEGATIVE43205_38_38,0.09769021719694138
FRAG_NEG_trNEGATIVE73432_1_38,0.06963512301445007
FRAG_NEG_trNEGATIVE50868_31_38,0.043055448681116104
FRAG_NEG_trNEGATIVE53575_9_38,0.09226023405790329
FRAG_NEG_trNEGATIVE38406_5_38,0.2611767649650574
FRAG_NEG_trNEGATIVE31893_1_38,0.08847664296627045
FRAG_NEG_trNEGATIVE67880_6_38,0.020893938839435577
FRAG_NEG_trNEGATIVE27791_27_38,0.03513592109084129
FRAG_NEG_trNEGATIVE52626_24_39,0.028323017060756683
FRAG_NEG_trNEGATIVE57023_40_39,0.6862569451332092
FRAG_NEG_trNEGATIVE94741_18_39,0.15281254053115845
FRAG_NEG_trNEGATIVE57946_9_39,0.186524897813797
FRAG_NEG_trNEGATIVE58398_24_39,0.9819758534431458
FRAG_NEG_trNEGATIVE68901_25_39,0.029229020699858665
FRAG_NEG_trNEGATIVE57859_15_39,0.019075369462370872
FRAG_NEG_trNEGATIVE82680_33_39,0.15425504744052887
FRAG_NEG_trNEGATIVE27518_26_39,0.0723142921924591
FRAG_NEG_trNEGATIVE91030_40_39,0.09095308184623718
FRAG_NEG_trNEGATIVE60255_19_39,0.011291075497865677
FRAG_NEG_trNEGATIVE59764_42_39,0.08959033340215683
FRAG_NEG_trNEGATIVE63514_6_39,0.1237458810210228
FRAG_NEG_trNEGATIVE69957_18_39,0.017517507076263428
FRAG_NEG_trNEGATIVE63695_23_39,0.6449528932571411
FRAG_NEG_trNEGATIVE45334_0_39,0.09469287097454071
FRAG_NEG_trNEGATIVE90009_0_39,0.013861184939742088
FRAG_NEG_trNEGATIVE48506_10_39,0.41599807143211365
FRAG_NEG_trNEGATIVE92972_43_39,0.5748840570449829
FRAG_NEG_trNEGATIVE92755_5_39,0.05697210505604744
FRAG_NEG_trNEGATIVE68611_43_39,0.05578283965587616
FRAG_NEG_trNEGATIVE83637_8_39,0.07104633003473282
FRAG_NEG_trNEGATIVE94939_10_39,0.5823791027069092
FRAG_NEG_trNEGATIVE58867_3_39,0.036942008882761
FRAG_NEG_trNEGATIVE51636_4_39,0.04684124141931534
FRAG_NEG_trNEGATIVE36047_28_40,0.08645540475845337
FRAG_NEG_trNEGATIVE65320_11_40,0.032962147146463394
FRAG_NEG_trNEGATIVE43944_8_40,0.029481548815965652
FRAG_NEG_trNEGATIVE40140_5_40,0.019162343814969063
FRAG_NEG_trNEGATIVE72732_14_40,0.26059773564338684
FRAG_NEG_trNEGATIVE50146_11_40,0.06395465135574341
FRAG_NEG_trNEGATIVE36114_4_40,0.011435499414801598
FRAG_NEG_trNEGATIVE34654_20_40,0.009439513087272644
FRAG_NEG_trNEGATIVE72754_7_40,0.012528433464467525
FRAG_NEG_trNEGATIVE28749_14_40,0.020436106249690056
FRAG_NEG_trNEGATIVE30945_32_40,0.3837316036224365
FRAG_NEG_trNEGATIVE74582_27_40,0.27437376976013184
FRAG_NEG_trNEGATIVE29069_41_40,0.16857615113258362
FRAG_NEG_trNEGATIVE95235_10_40,0.266852468252182
FRAG_NEG_trNEGATIVE89035_15_40,0.01051169354468584
FRAG_NEG_trNEGATIVE83287_31_40,0.2484527826309204
FRAG_NEG_trNEGATIVE68382_26_40,0.00979137234389782
FRAG_NEG_trNEGATIVE96090_29_40,0.015612832270562649
FRAG_NEG_trNEGATIVE28264_8_41,0.4861854314804077
FRAG_NEG_trNEGATIVE74461_35_41,0.10311742126941681
FRAG_NEG_trNEGATIVE45740_12_41,0.013784774579107761
FRAG_NEG_trNEGATIVE87662_8_41,0.8871302604675293
FRAG_NEG_trNEGATIVE40853_20_41,0.009999990463256836
FRAG_NEG_trNEGATIVE72638_7_41,0.1231684759259224
FRAG_NEG_trNEGATIVE73251_24_41,0.04912539944052696
FRAG_NEG_trNEGATIVE41436_7_41,0.09415340423583984
FRAG_NEG_trNEGATIVE93540_47_41,0.6100285053253174
FRAG_NEG_trNEGATIVE81816_22_41,0.950452983379364
FRAG_NEG_trNEGATIVE73751_35_41,0.054407160729169846
FRAG_NEG_trNEGATIVE42327_15_41,0.06416182219982147
FRAG_NEG_trNEGATIVE61181_23_41,0.0529632605612278
FRAG_NEG_trNEGATIVE92966_0_41,0.014132482931017876
FRAG_NEG_trNEGATIVE66390_16_41,0.02248646691441536
FRAG_NEG_trNEGATIVE60702_16_41,0.9542455673217773
FRAG_NEG_trNEGATIVE28428_44_41,0.43416839838027954
FRAG_NEG_trNEGATIVE91030_49_41,0.16416515409946442
FRAG_NEG_trNEGATIVE89184_25_41,0.009603822603821754
FRAG_NEG_trNEGATIVE42951_16_41,0.018638581037521362
FRAG_NEG_trNEGATIVE33611_2_41,0.02471577562391758
FRAG_NEG_trNEGATIVE70799_36_41,0.02943689376115799
FRAG_NEG_trNEGATIVE55290_2_41,0.04006844013929367
FRAG_NEG_trNEGATIVE67374_2_42,0.3373106122016907
FRAG_NEG_trNEGATIVE68465_2_42,0.08569584786891937
FRAG_NEG_trNEGATIVE48140_29_42,0.6703842878341675
FRAG_NEG_trNEGATIVE35777_20_42,0.01744026318192482
FRAG_NEG_trNEGATIVE67303_15_42,0.0963185727596283
FRAG_NEG_trNEGATIVE51382_14_42,0.013357674703001976
FRAG_NEG_trNEGATIVE72654_9_42,0.025530004873871803
FRAG_NEG_trNEGATIVE79827_22_42,0.05507463216781616
FRAG_NEG_trNEGATIVE67263_4_42,0.13866543769836426
FRAG_NEG_trNEGATIVE58128_11_42,0.39589157700538635
FRAG_NEG_trNEGATIVE77802_51_42,0.014473730698227882
FRAG_NEG_trNEGATIVE35927_53_42,0.08101385086774826
FRAG_NEG_trNEGATIVE57629_22_42,0.08940920978784561
FRAG_NEG_trNEGATIVE31674_27_42,0.13544565439224243
FRAG_NEG_trNEGATIVE37883_4_42,0.02791048400104046
FRAG_NEG_trNEGATIVE82043_7_42,0.04648306593298912
FRAG_NEG_trNEGATIVE88393_4_42,0.2061748057603836
FRAG_NEG_trNEGATIVE41528_7_42,0.05268269404768944
FRAG_NEG_trNEGATIVE37652_19_43,0.6689780354499817
FRAG_NEG_trNEGATIVE76009_9_43,0.01748509705066681
FRAG_NEG_trNEGATIVE40855_29_43,0.15455646812915802
FRAG_NEG_trNEGATIVE31117_31_43,0.010318156331777573
FRAG_NEG_trNEGATIVE63023_0_43,0.5551707148551941
FRAG_NEG_trNEGATIVE41093_2_43,0.4392824172973633
FRAG_NEG_trNEGATIVE77990_12_43,0.4010717272758484
FRAG_NEG_trNEGATIVE31300_44_43,0.009839566424489021
FRAG_NEG_trNEGATIVE67481_37_43,0.26336511969566345
FRAG_NEG_trNEGATIVE31955_34_43,0.03232467547059059
FRAG_NEG_trNEGATIVE79443_19_44,0.07820180058479309
FRAG_NEG_trNEGATIVE58520_16_44,0.0121584702283144
FRAG_NEG_trNEGATIVE48313_17_44,0.5411568880081177
FRAG_NEG_trNEGATIVE58387_13_44,0.9700138568878174
FRAG_NEG_trNEGATIVE76527_16_44,0.20898491144180298
FRAG_NEG_trNEGATIVE71817_11_44,0.013800100423395634
FRAG_NEG_trNEGATIVE34659_9_44,0.39984503388404846
FRAG_NEG_trNEGATIVE47217_30_44,0.05355345457792282
FRAG_NEG_trNEGATIVE33522_5_44,0.07448181509971619
FRAG_NEG_trNEGATIVE83963_0_44,0.03772612661123276
FRAG_NEG_trNEGATIVE97032_33_44,0.2844400405883789
FRAG_NEG_trNEGATIVE89249_0_44,0.5398575067520142
FRAG_NEG_trNEGATIVE69115_18_44,0.9567834734916687
FRAG_NEG_trNEGATIVE52399_3_45,0.28986671566963196
FRAG_NEG_trNEGATIVE61586_34_45,0.1529913693666458
FRAG_NEG_trNEGATIVE89053_15_45,0.08363412320613861
FRAG_NEG_trNEGATIVE29074_8_45,0.20557112991809845
FRAG_NEG_trNEGATIVE77190_6_45,0.4008484184741974
FRAG_NEG_trNEGATIVE56654_38_45,0.4853144884109497
FRAG_NEG_trNEGATIVE63350_16_45,0.19942894577980042
FRAG_NEG_trNEGATIVE47718_23_45,0.2620171904563904
FRAG_NEG_trNEGATIVE33693_6_45,0.05522437393665314
FRAG_NEG_trNEGATIVE38183_13_45,0.8243903517723083
FRAG_NEG_trNEGATIVE95991_19_45,0.2390415072441101
FRAG_NEG_trNEGATIVE89177_46_45,0.9597578644752502
FRAG_NEG_trNEGATIVE83910_24_45,0.02277718298137188
FRAG_NEG_trNEGATIVE79974_0_45,0.12930849194526672
FRAG_NEG_trNEGATIVE96180_20_45,0.3522738218307495
FRAG_NEG_trNEGATIVE31684_11_45,0.03473219648003578
FRAG_NEG_trNEGATIVE51117_7_45,0.21161304414272308
FRAG_NEG_trNEGATIVE81073_0_45,0.011963020078837872
FRAG_NEG_trNEGATIVE97386_0_45,0.012819863855838776
FRAG_NEG_trNEGATIVE91577_9_46,0.011379268951714039
FRAG_NEG_trNEGATIVE80072_4_46,0.7306612133979797
FRAG_NEG_trNEGATIVE73751_36_46,0.08244436234235764
FRAG_NEG_trNEGATIVE67443_6_46,0.5261850357055664
FRAG_NEG_trNEGATIVE62373_13_46,0.04040715470910072
FRAG_NEG_trNEGATIVE40321_17_46,0.034139469265937805
FRAG_NEG_trNEGATIVE80858_30_46,0.013445721007883549
FRAG_NEG_trNEGATIVE60492_10_46,0.7614534497261047
FRAG_NEG_trNEGATIVE44235_2_46,0.00928992684930563
FRAG_NEG_trNEGATIVE32322_13_46,0.45765507221221924
FRAG_NEG_trNEGATIVE76901_22_46,0.2878318428993225
FRAG_NEG_trNEGATIVE90580_40_46,0.9868969917297363
FRAG_NEG_trNEGATIVE69009_14_46,0.033834200352430344
FRAG_NEG_trNEGATIVE92558_37_47,0.4023624062538147
FRAG_NEG_trNEGATIVE59475_4_47,0.4959353506565094
FRAG_NEG_trNEGATIVE70406_37_47,0.985194981098175
FRAG_NEG_trNEGATIVE67998_16_47,0.08703798055648804
FRAG_NEG_trNEGATIVE65054_5_47,0.029393929988145828
FRAG_NEG_trNEGATIVE47256_5_47,0.7045280337333679
FRAG_NEG_trNEGATIVE83539_6_47,0.05491689592599869
FRAG_NEG_trNEGATIVE43795_8_48,0.0416569821536541
FRAG_NEG_trNEGATIVE67713_8_48,0.2261504977941513
FRAG_NEG_trNEGATIVE40706_2_48,0.07375174015760422
FRAG_NEG_trNEGATIVE30849_13_48,0.18872283399105072
FRAG_NEG_trNEGATIVE45752_32_48,0.01960177533328533
FRAG_NEG_trNEGATIVE61195_23_48,0.14719147980213165
FRAG_NEG_trNEGATIVE80548_19_48,0.01640072651207447
FRAG_NEG_trNEGATIVE81699_9_48,0.8903225660324097
FRAG_NEG_trNEGATIVE79954_15_48,0.6297548413276672
FRAG_NEG_trNEGATIVE54890_17_48,0.3274696171283722
FRAG_NEG_trNEGATIVE51075_30_48,0.0829053521156311
FRAG_NEG_trNEGATIVE28269_14_49,0.9656424522399902
FRAG_NEG_trNEGATIVE51754_9_49,0.040053483098745346
FRAG_NEG_trNEGATIVE55595_6_49,0.011880815029144287
FRAG_NEG_trNEGATIVE79443_15_49,0.04395781084895134
FRAG_NEG_trNEGATIVE67505_17_49,0.13126899302005768
FRAG_NEG_trNEGATIVE87065_7_49,0.05031542479991913
FRAG_NEG_trNEGATIVE43944_25_49,0.01337598729878664
FRAG_NEG_trNEGATIVE67480_13_49,0.03463485836982727
FRAG_NEG_trNEGATIVE29074_10_49,0.08491235226392746
FRAG_NEG_trNEGATIVE88934_6_49,0.3104109764099121
FRAG_NEG_trNEGATIVE87476_23_49,0.019182303920388222
FRAG_NEG_trNEGATIVE53683_26_50,0.09434150159358978
FRAG_NEG_trNEGATIVE81335_0_50,0.030566848814487457
FRAG_NEG_trNEGATIVE38518_6_50,0.22600826621055603
FRAG_NEG_trNEGATIVE35045_2_50,0.042093418538570404
FRAG_NEG_trNEGATIVE40823_24_50,0.08346141129732132
FRAG_NEG_trNEGATIVE36706_42_50,0.5406157970428467
FRAG_NEG_trNEGATIVE67118_9_50,0.5063561201095581
FRAG_NEG_trNEGATIVE42656_33_50,0.24808961153030396
FRAG_NEG_trNEGATIVE71363_19_50,0.03217890486121178
FRAG_NEG_trNEGATIVE54101_35_51,0.6926438808441162
FRAG_NEG_trNEGATIVE76968_15_51,0.0730198323726654
FRAG_NEG_trNEGATIVE28419_36_51,0.17744047939777374
FRAG_NEG_trNEGATIVE44279_2_51,0.10297118872404099
FRAG_NEG_trNEGATIVE45571_26_51,0.010342746041715145
FRAG_NEG_trNEGATIVE48598_6_51,0.33924469351768494
FRAG_NEG_trNEGATIVE93632_6_52,0.07317051291465759
FRAG_NEG_trNEGATIVE94628_10_52,0.4069071412086487
FRAG_NEG_trNEGATIVE37087_27_52,0.0583580806851387
FRAG_NEG_trNEGATIVE54179_15_52,0.009200398810207844
FRAG_NEG_trNEGATIVE43149_16_52,0.04855544865131378
FRAG_NEG_trNEGATIVE92013_19_53,0.07519946247339249
FRAG_NEG_trNEGATIVE58375_7_53,0.191498801112175
FRAG_NEG_trNEGATIVE50634_18_53,0.05348038673400879
FRAG_NEG_trNEGATIVE95197_1_53,0.865537166595459
FRAG_NEG_trNEGATIVE50615_30_53,0.9686769247055054
FRAG_NEG_trNEGATIVE46331_0_53,0.038594286888837814
FRAG_NEG_trNEGATIVE71788_19_54,0.03900926187634468
FRAG_NEG_trNEGATIVE81095_2_55,0.08458846807479858
FRAG_NEG_trNEGATIVE71374_9_55,0.06141343340277672
FRAG_NEG_trNEGATIVE93480_21_55,0.4077623188495636
FRAG_NEG_trNEGATIVE72705_31_55,0.3147321045398712
FRAG_NEG_trNEGATIVE66454_0_55,0.14284472167491913
FRAG_NEG_trNEGATIVE57629_10_56,0.9502353668212891
FRAG_NEG_trNEGATIVE47184_1_56,0.12414370477199554
FRAG_NEG_trNEGATIVE86304_3_57,0.04385899379849434
FRAG_NEG_trNEGATIVE58449_1_57,0.32427388429641724
FRAG_NEG_trNEGATIVE52280_14_57,0.027160050347447395
FRAG_NEG_trNEGATIVE56730_9_57,0.9448201060295105
FRAG_NEG_trNEGATIVE71545_21_57,0.8597236275672913
FRAG_NEG_trNEGATIVE95023_18_57,0.034088920801877975
FRAG_NEG_trNEGATIVE53461_14_59,0.10635362565517426
FRAG_NEG_trNEGATIVE44715_18_59,0.022296978160738945
FRAG_NEG_trNEGATIVE57225_27_59,0.20827293395996094
FRAG_NEG_trNEGATIVE86836_3_60,0.09045673161745071
FRAG_NEG_trNEGATIVE40372_4_60,0.41277846693992615
FRAG_NEG_trNEGATIVE60950_1_60,0.03089781478047371
FRAG_NEG_trNEGATIVE88319_1_60,0.011761813424527645
FRAG_NEG_trNEGATIVE30650_7_60,0.6152904629707336
FRAG_NEG_trNEGATIVE47409_0_61,0.9891588091850281
FRAG_NEG_trNEGATIVE29176_10_61,0.735817015171051
FRAG_NEG_trNEGATIVE45174_30_61,0.07471220195293427
FRAG_NEG_trNEGATIVE93586_11_61,0.05866352841258049
FRAG_NEG_trNEGATIVE44266_2_62,0.9590084552764893
FRAG_NEG_trNEGATIVE32319_6_62,0.9138744473457336
FRAG_NEG_trNEGATIVE79864_12_63,0.010439326986670494
FRAG_NEG_trNEGATIVE43269_5_63,0.052830927073955536
FRAG_NEG_trNEGATIVE71492_1_63,0.2788548171520233
FRAG_NEG_trNEGATIVE43166_9_64,0.959945023059845
FRAG_NEG_trNEGATIVE80677_13_65,0.2225542962551117
FRAG_NEG_trNEGATIVE39127_4_65,0.03539290651679039
FRAG_NEG_trNEGATIVE44454_4_66,0.14296358823776245
FRAG_NEG_trNEGATIVE35629_7_66,0.02311614155769348
FRAG_NEG_trNEGATIVE84051_13_66,0.15327979624271393
FRAG_NEG_trNEGATIVE83114_19_67,0.06046036258339882
FRAG_NEG_trNEGATIVE32820_13_68,0.6938735246658325
FRAG_NEG_trNEGATIVE83853_5_68,0.09211917966604233
FRAG_NEG_trNEGATIVE69392_3_70,0.012667441740632057
FRAG_NEG_trNEGATIVE40586_2_70,0.9629577994346619
FRAG_NEG_trNEGATIVE47481_0_70,0.009207342751324177
FRAG_NEG_trNEGATIVE32537_28_70,0.05560499429702759
FRAG_NEG_trNEGATIVE71002_7_70,0.10814618319272995
FRAG_NEG_trNEGATIVE54041_23_70,0.17211735248565674
FRAG_NEG_trNEGATIVE39074_15_70,0.029211370274424553
FRAG_NEG_trNEGATIVE53638_11_70,0.23449037969112396
FRAG_NEG_trNEGATIVE31348_16_70,0.10932625085115433
FRAG_NEG_trNEGATIVE68784_5_73,0.05633988231420517
FRAG_NEG_trNEGATIVE64830_21_74,0.37660956382751465
FRAG_NEG_trNEGATIVE92780_2_74,0.09888079762458801
FRAG_NEG_trNEGATIVE62646_6_75,0.11773521453142166
FRAG_NEG_trNEGATIVE56403_2_77,0.6974547505378723
FRAG_NEG_trNEGATIVE48130_5_79,0.12901055812835693
FRAG_NEG_trNEGATIVE96587_0_80,0.13174305856227875
FRAG_NEG_trNEGATIVE52637_4_83,0.0090839434415102
FRAG_NEG_trNEGATIVE37328_5_85,0.7089480757713318
FRAG_NEG_trNEGATIVE59299_1_93,0.013804430142045021
FRAG_NEG_trNEGATIVE43013_2_95,0.009424579329788685
FRAG_NEG_trNEGATIVE87704_1_98,0.699844241142273
FRAG_NEG_trNEGATIVE94368_12_13,0.033269185572862625
FRAG_NEG_trNEGATIVE56686_51_6,0.51580810546875
FRAG_NEG_trNEGATIVE93293_23_9,0.02745782770216465
FRAG_NEG_trNEGATIVE74115_30_10,0.019359558820724487
FRAG_NEG_trNEGATIVE64236_39_12,0.018807779997587204
FRAG_NEG_trNEGATIVE45796_69_6,0.04652583599090576
FRAG_NEG_trNEGATIVE40545_0_14,0.06296487897634506
FRAG_NEG_trNEGATIVE62076_5_18,0.020159456878900528
FRAG_NEG_trNEGATIVE34897_27_14,0.013178813271224499
FRAG_NEG_trNEGATIVE32047_16_18,0.07075560837984085
