id,p_ai4amp
NEG_AMPLIFY_teNEGATIVE0003,0.010554482229053974
NEG_AMPLIFY_teNEGATIVE0009,0.3952786922454834
NEG_AMPLIFY_teNEGATIVE0023,0.009539852850139141
NEG_AMPLIFY_teNEGATIVE0027,0.11458669602870941
NEG_AMPLIFY_teNEGATIVE0029,0.2731419503688812
NEG_AMPLIFY_teNEGATIVE0040,0.7743934988975525
NEG_AMPLIFY_teNEGATIVE0066,0.018988311290740967
NEG_AMPLIFY_teNEGATIVE0077,0.05423077568411827
NEG_AMPLIFY_teNEGATIVE0090,0.018041731789708138
NEG_AMPLIFY_teNEGATIVE0096,0.17052102088928223
NEG_AMPLIFY_teNEGATIVE0118,0.1509348452091217
NEG_AMPLIFY_teNEGATIVE0136,0.011846086010336876
NEG_AMPLIFY_teNEGATIVE0137,0.051947709172964096
NEG_AMPLIFY_teNEGATIVE0138,0.5892612934112549
NEG_AMPLIFY_teNEGATIVE0161,0.6993504762649536
NEG_AMPLIFY_teNEGATIVE0188,0.015469319187104702
NEG_AMPLIFY_teNEGATIVE0189,0.021982355043292046
NEG_AMPLIFY_teNEGATIVE0192,0.09436485171318054
NEG_AMPLIFY_teNEGATIVE0202,0.06392097473144531
NEG_AMPLIFY_teNEGATIVE0221,0.045927323400974274
NEG_AMPLIFY_teNEGATIVE0227,0.0757823958992958
NEG_AMPLIFY_teNEGATIVE0228,0.08736616373062134
NEG_AMPLIFY_teNEGATIVE0237,0.010145255364477634
NEG_AMPLIFY_teNEGATIVE0240,0.302172988653183
NEG_AMPLIFY_teNEGATIVE0241,0.21545220911502838
NEG_AMPLIFY_teNEGATIVE0243,0.02423434890806675
NEG_AMPLIFY_teNEGATIVE0254,0.09173323959112167
NEG_AMPLIFY_teNEGATIVE0255,0.009266389533877373
NEG_AMPLIFY_teNEGATIVE0282,0.04891856387257576
NEG_AMPLIFY_teNEGATIVE0284,0.046165358275175095
NEG_AMPLIFY_teNEGATIVE0300,0.20699423551559448
NEG_AMPLIFY_teNEGATIVE0301,0.01102339569479227
NEG_AMPLIFY_teNEGATIVE0303,0.2054053544998169
NEG_AMPLIFY_teNEGATIVE0306,0.016251757740974426
NEG_AMPLIFY_teNEGATIVE0308,0.21673473715782166
NEG_AMPLIFY_teNEGATIVE0309,0.22340987622737885
NEG_AMPLIFY_teNEGATIVE0313,0.891571044921875
NEG_AMPLIFY_teNEGATIVE0316,0.016670681536197662
NEG_AMPLIFY_teNEGATIVE0320,0.19537261128425598
NEG_AMPLIFY_teNEGATIVE0329,0.05350976064801216
NEG_AMPLIFY_teNEGATIVE0332,0.12095056474208832
NEG_AMPLIFY_teNEGATIVE0340,0.9639536738395691
NEG_AMPLIFY_teNEGATIVE0341,0.11954718828201294
NEG_AMPLIFY_teNEGATIVE0345,0.019959621131420135
NEG_AMPLIFY_teNEGATIVE0381,0.041656240820884705
NEG_AMPLIFY_teNEGATIVE0402,0.01192094013094902
NEG_AMPLIFY_teNEGATIVE0404,0.42632240056991577
NEG_AMPLIFY_teNEGATIVE0411,0.06246130168437958
NEG_AMPLIFY_teNEGATIVE0419,0.010402961634099483
NEG_AMPLIFY_teNEGATIVE0425,0.12949760258197784
NEG_AMPLIFY_teNEGATIVE0426,0.21921662986278534
NEG_AMPLIFY_teNEGATIVE0431,0.02754613198339939
NEG_AMPLIFY_teNEGATIVE0440,0.3111427128314972
NEG_AMPLIFY_teNEGATIVE0442,0.06393451243638992
NEG_AMPLIFY_teNEGATIVE0447,0.01487105805426836
NEG_AMPLIFY_teNEGATIVE0451,0.017543042078614235
NEG_AMPLIFY_teNEGATIVE0463,0.3004779517650604
NEG_AMPLIFY_teNEGATIVE0471,0.07041385769844055
NEG_AMPLIFY_teNEGATIVE0474,0.01538517139852047
NEG_AMPLIFY_teNEGATIVE0483,0.037084612995386124
NEG_AMPLIFY_teNEGATIVE0486,0.0851673111319542
NEG_AMPLIFY_teNEGATIVE0488,0.01845576800405979
NEG_AMPLIFY_teNEGATIVE0491,0.29381704330444336
NEG_AMPLIFY_teNEGATIVE0501,0.017803046852350235
NEG_AMPLIFY_teNEGATIVE0506,0.37815478444099426
NEG_AMPLIFY_teNEGATIVE0507,0.06048723682761192
NEG_AMPLIFY_teNEGATIVE0511,0.8841081261634827
NEG_AMPLIFY_teNEGATIVE0516,0.0399622805416584
NEG_AMPLIFY_teNEGATIVE0517,0.1757241040468216
NEG_AMPLIFY_teNEGATIVE0519,0.025075184181332588
NEG_AMPLIFY_teNEGATIVE0520,0.035775694996118546
NEG_AMPLIFY_teNEGATIVE0523,0.42913854122161865
NEG_AMPLIFY_teNEGATIVE0526,0.022148188203573227
NEG_AMPLIFY_teNEGATIVE0530,0.137223020195961
NEG_AMPLIFY_teNEGATIVE0543,0.036797039210796356
NEG_AMPLIFY_teNEGATIVE0548,0.26189830899238586
NEG_AMPLIFY_teNEGATIVE0562,0.01599261537194252
NEG_AMPLIFY_teNEGATIVE0568,0.03318697586655617
NEG_AMPLIFY_teNEGATIVE0572,0.6973843574523926
NEG_AMPLIFY_teNEGATIVE0573,0.02193400077521801
NEG_AMPLIFY_teNEGATIVE0604,0.04472033306956291
NEG_AMPLIFY_teNEGATIVE0615,0.12696218490600586
NEG_AMPLIFY_teNEGATIVE0622,0.037356942892074585
NEG_AMPLIFY_teNEGATIVE0635,0.6745508313179016
NEG_AMPLIFY_teNEGATIVE0636,0.019049212336540222
NEG_AMPLIFY_teNEGATIVE0643,0.03419413045048714
NEG_AMPLIFY_teNEGATIVE0655,0.04958265647292137
NEG_AMPLIFY_teNEGATIVE0657,0.07907790690660477
NEG_AMPLIFY_teNEGATIVE0661,0.295578271150589
NEG_AMPLIFY_teNEGATIVE0675,0.08012065291404724
NEG_AMPLIFY_teNEGATIVE0677,0.5839661359786987
NEG_AMPLIFY_teNEGATIVE0678,0.012071498669683933
NEG_AMPLIFY_teNEGATIVE0680,0.024916112422943115
NEG_AMPLIFY_teNEGATIVE0683,0.03211823105812073
NEG_AMPLIFY_teNEGATIVE0704,0.023710649460554123
NEG_AMPLIFY_teNEGATIVE0708,0.05148117616772652
NEG_AMPLIFY_teNEGATIVE0712,0.12911437451839447
NEG_AMPLIFY_teNEGATIVE0726,0.05677702650427818
NEG_AMPLIFY_teNEGATIVE0742,0.04625508189201355
NEG_AMPLIFY_teNEGATIVE0749,0.018082967028021812
NEG_AMPLIFY_teNEGATIVE0756,0.0574965737760067
NEG_AMPLIFY_teNEGATIVE0772,0.13690215349197388
NEG_AMPLIFY_teNEGATIVE0773,0.013351899571716785
NEG_AMPLIFY_teNEGATIVE0783,0.021723929792642593
NEG_AMPLIFY_teNEGATIVE0786,0.01126495748758316
NEG_AMPLIFY_teNEGATIVE0791,0.34339138865470886
NEG_AMPLIFY_teNEGATIVE0830,0.030836597084999084
NEG_AMPLIFY_teNEGATIVE0832,0.038801997900009155
NEG_AMPLIFY_teNEGATIVE0833,0.014099367894232273
NEG_AMPLIFY_trNEGATIVE0010,0.021887492388486862
NEG_AMPLIFY_trNEGATIVE0021,0.9779839515686035
NEG_AMPLIFY_trNEGATIVE0028,0.010029105469584465
NEG_AMPLIFY_trNEGATIVE0035,0.4191141128540039
NEG_AMPLIFY_trNEGATIVE0044,0.9867336750030518
NEG_AMPLIFY_trNEGATIVE0048,0.32418662309646606
NEG_AMPLIFY_trNEGATIVE0060,0.02604445442557335
NEG_AMPLIFY_trNEGATIVE0064,0.016494300216436386
NEG_AMPLIFY_trNEGATIVE0073,0.69963538646698
NEG_AMPLIFY_trNEGATIVE0075,0.024878351017832756
NEG_AMPLIFY_trNEGATIVE0092,0.02293200045824051
NEG_AMPLIFY_trNEGATIVE0105,0.01200924627482891
NEG_AMPLIFY_trNEGATIVE0108,0.18346287310123444
NEG_AMPLIFY_trNEGATIVE0109,0.03598201647400856
NEG_AMPLIFY_trNEGATIVE0111,0.2719705104827881
NEG_AMPLIFY_trNEGATIVE0119,0.9418116211891174
NEG_AMPLIFY_trNEGATIVE0128,0.3272850811481476
NEG_AMPLIFY_trNEGATIVE0132,0.051798202097415924
NEG_AMPLIFY_trNEGATIVE0136,0.11418091505765915
NEG_AMPLIFY_trNEGATIVE0154,0.020562615245580673
NEG_AMPLIFY_trNEGATIVE0160,0.3049182891845703
NEG_AMPLIFY_trNEGATIVE0162,0.023525964468717575
NEG_AMPLIFY_trNEGATIVE0163,0.03669051080942154
NEG_AMPLIFY_trNEGATIVE0169,0.055322661995887756
NEG_AMPLIFY_trNEGATIVE0195,0.01910175383090973
NEG_AMPLIFY_trNEGATIVE0216,0.021691028028726578
NEG_AMPLIFY_trNEGATIVE0224,0.0123092420399189
NEG_AMPLIFY_trNEGATIVE0250,0.13310131430625916
NEG_AMPLIFY_trNEGATIVE0255,0.4134769141674042
NEG_AMPLIFY_trNEGATIVE0257,0.015399509109556675
NEG_AMPLIFY_trNEGATIVE0259,0.055160120129585266
NEG_AMPLIFY_trNEGATIVE0261,0.5212826728820801
NEG_AMPLIFY_trNEGATIVE0265,0.02508019655942917
NEG_AMPLIFY_trNEGATIVE0267,0.02944805659353733
NEG_AMPLIFY_trNEGATIVE0273,0.16838765144348145
NEG_AMPLIFY_trNEGATIVE0277,0.04558573290705681
NEG_AMPLIFY_trNEGATIVE0278,0.088747538626194
NEG_AMPLIFY_trNEGATIVE0279,0.013177591376006603
NEG_AMPLIFY_trNEGATIVE0281,0.9788814187049866
NEG_AMPLIFY_trNEGATIVE0282,0.10516851395368576
NEG_AMPLIFY_trNEGATIVE0289,0.13889090716838837
NEG_AMPLIFY_trNEGATIVE0294,0.053488459438085556
NEG_AMPLIFY_trNEGATIVE0295,0.251822829246521
NEG_AMPLIFY_trNEGATIVE0298,0.5919336080551147
NEG_AMPLIFY_trNEGATIVE0302,0.05117810517549515
NEG_AMPLIFY_trNEGATIVE0310,0.05416230857372284
NEG_AMPLIFY_trNEGATIVE0319,0.7836119532585144
NEG_AMPLIFY_trNEGATIVE0324,0.93808913230896
NEG_AMPLIFY_trNEGATIVE0325,0.07968638837337494
NEG_AMPLIFY_trNEGATIVE0328,0.0861419290304184
NEG_AMPLIFY_trNEGATIVE0330,0.13027870655059814
NEG_AMPLIFY_trNEGATIVE0336,0.16037295758724213
NEG_AMPLIFY_trNEGATIVE03367,0.021523455157876015
NEG_AMPLIFY_trNEGATIVE03371,0.4000696837902069
NEG_AMPLIFY_trNEGATIVE0338,0.031822409480810165
NEG_AMPLIFY_trNEGATIVE03388,0.25961169600486755
NEG_AMPLIFY_trNEGATIVE03413,0.01498472224920988
NEG_AMPLIFY_trNEGATIVE03453,0.18915174901485443
NEG_AMPLIFY_trNEGATIVE03455,0.38060808181762695
NEG_AMPLIFY_trNEGATIVE03461,0.19085727632045746
NEG_AMPLIFY_trNEGATIVE03464,0.887643575668335
NEG_AMPLIFY_trNEGATIVE0347,0.11087007075548172
NEG_AMPLIFY_trNEGATIVE0348,0.011674497276544571
NEG_AMPLIFY_trNEGATIVE03481,0.12699675559997559
NEG_AMPLIFY_trNEGATIVE03496,0.010063963010907173
NEG_AMPLIFY_trNEGATIVE03501,0.16535954177379608
NEG_AMPLIFY_trNEGATIVE03502,0.059837885200977325
NEG_AMPLIFY_trNEGATIVE03515,0.2567964494228363
NEG_AMPLIFY_trNEGATIVE03521,0.01649429276585579
NEG_AMPLIFY_trNEGATIVE03531,0.03623761236667633
NEG_AMPLIFY_trNEGATIVE03558,0.9632824659347534
NEG_AMPLIFY_trNEGATIVE03559,0.28380411863327026
NEG_AMPLIFY_trNEGATIVE03563,0.9868636131286621
NEG_AMPLIFY_trNEGATIVE03566,0.03126382455229759
NEG_AMPLIFY_trNEGATIVE03586,0.05277767404913902
NEG_AMPLIFY_trNEGATIVE03614,0.8405374884605408
NEG_AMPLIFY_trNEGATIVE0362,0.07255346328020096
NEG_AMPLIFY_trNEGATIVE03685,0.009729362092912197
NEG_AMPLIFY_trNEGATIVE0370,0.07615342736244202
NEG_AMPLIFY_trNEGATIVE0371,0.016642089933156967
NEG_AMPLIFY_trNEGATIVE0372,0.04827752709388733
NEG_AMPLIFY_trNEGATIVE0376,0.03674173727631569
NEG_AMPLIFY_trNEGATIVE03782,0.08769167959690094
NEG_AMPLIFY_trNEGATIVE0379,0.0806373581290245
NEG_AMPLIFY_trNEGATIVE03814,0.9846394658088684
NEG_AMPLIFY_trNEGATIVE0382,0.197193443775177
NEG_AMPLIFY_trNEGATIVE0386,0.7566487193107605
NEG_AMPLIFY_trNEGATIVE03871,0.2568414807319641
NEG_AMPLIFY_trNEGATIVE03888,0.016317380592226982
NEG_AMPLIFY_trNEGATIVE03889,0.9723209142684937
NEG_AMPLIFY_trNEGATIVE03894,0.19089682400226593
NEG_AMPLIFY_trNEGATIVE03897,0.013774535618722439
NEG_AMPLIFY_trNEGATIVE03909,0.13082396984100342
NEG_AMPLIFY_trNEGATIVE0392,0.09052374958992004
NEG_AMPLIFY_trNEGATIVE03933,0.06477540731430054
NEG_AMPLIFY_trNEGATIVE03934,0.04216230288147926
NEG_AMPLIFY_trNEGATIVE03950,0.04747852683067322
NEG_AMPLIFY_trNEGATIVE03963,0.03635873645544052
NEG_AMPLIFY_trNEGATIVE0401,0.471803218126297
NEG_AMPLIFY_trNEGATIVE04029,0.12863846123218536
NEG_AMPLIFY_trNEGATIVE04034,0.8895044922828674
NEG_AMPLIFY_trNEGATIVE0406,0.017292873933911324
NEG_AMPLIFY_trNEGATIVE04093,0.3466551899909973
NEG_AMPLIFY_trNEGATIVE0410,0.2186899185180664
NEG_AMPLIFY_trNEGATIVE0411,0.08953128755092621
NEG_AMPLIFY_trNEGATIVE04146,0.3255506157875061
NEG_AMPLIFY_trNEGATIVE0415,0.011862199753522873
NEG_AMPLIFY_trNEGATIVE04157,0.0847586914896965
NEG_AMPLIFY_trNEGATIVE04187,0.9674857258796692
NEG_AMPLIFY_trNEGATIVE04191,0.2583620846271515
NEG_AMPLIFY_trNEGATIVE04192,0.23320172727108002
NEG_AMPLIFY_trNEGATIVE04213,0.01823585294187069
NEG_AMPLIFY_trNEGATIVE04228,0.1391087770462036
NEG_AMPLIFY_trNEGATIVE04269,0.03122974932193756
NEG_AMPLIFY_trNEGATIVE04325,0.36290574073791504
NEG_AMPLIFY_trNEGATIVE04328,0.10076132416725159
NEG_AMPLIFY_trNEGATIVE04378,0.03051600232720375
NEG_AMPLIFY_trNEGATIVE0447,0.015432853251695633
NEG_AMPLIFY_trNEGATIVE04521,0.0427587665617466
NEG_AMPLIFY_trNEGATIVE04533,0.185706228017807
NEG_AMPLIFY_trNEGATIVE04540,0.04424659162759781
NEG_AMPLIFY_trNEGATIVE0455,0.10399098694324493
NEG_AMPLIFY_trNEGATIVE04588,0.0188238937407732
NEG_AMPLIFY_trNEGATIVE04602,0.1594986766576767
NEG_AMPLIFY_trNEGATIVE04616,0.35954245924949646
NEG_AMPLIFY_trNEGATIVE04627,0.293684720993042
NEG_AMPLIFY_trNEGATIVE04641,0.3846740126609802
NEG_AMPLIFY_trNEGATIVE04645,0.03255310654640198
NEG_AMPLIFY_trNEGATIVE04646,0.1958688497543335
NEG_AMPLIFY_trNEGATIVE04649,0.012499060481786728
NEG_AMPLIFY_trNEGATIVE04654,0.10131162405014038
NEG_AMPLIFY_trNEGATIVE04656,0.2000531703233719
NEG_AMPLIFY_trNEGATIVE04710,0.9835399389266968
NEG_AMPLIFY_trNEGATIVE04747,0.3207274079322815
NEG_AMPLIFY_trNEGATIVE04824,0.08142214268445969
NEG_AMPLIFY_trNEGATIVE0483,0.22574390470981598
NEG_AMPLIFY_trNEGATIVE0485,0.22756966948509216
NEG_AMPLIFY_trNEGATIVE04853,0.10098971426486969
NEG_AMPLIFY_trNEGATIVE0486,0.03297587111592293
NEG_AMPLIFY_trNEGATIVE0487,0.014997247606515884
NEG_AMPLIFY_trNEGATIVE04875,0.056593332439661026
NEG_AMPLIFY_trNEGATIVE04889,0.16733087599277496
NEG_AMPLIFY_trNEGATIVE04896,0.12953919172286987
NEG_AMPLIFY_trNEGATIVE04902,0.6587648391723633
NEG_AMPLIFY_trNEGATIVE04924,0.9075081944465637
NEG_AMPLIFY_trNEGATIVE0505,0.8625443577766418
NEG_AMPLIFY_trNEGATIVE05103,0.32000675797462463
NEG_AMPLIFY_trNEGATIVE05130,0.6552819013595581
NEG_AMPLIFY_trNEGATIVE05144,0.034872401505708694
NEG_AMPLIFY_trNEGATIVE0516,0.37120676040649414
NEG_AMPLIFY_trNEGATIVE05164,0.11155084520578384
NEG_AMPLIFY_trNEGATIVE0521,0.02669094316661358
NEG_AMPLIFY_trNEGATIVE0523,0.9860532879829407
NEG_AMPLIFY_trNEGATIVE05239,0.0830153301358223
NEG_AMPLIFY_trNEGATIVE0524,0.32187891006469727
NEG_AMPLIFY_trNEGATIVE0526,0.0486571304500103
NEG_AMPLIFY_trNEGATIVE05262,0.18885265290737152
NEG_AMPLIFY_trNEGATIVE0529,0.016381599009037018
NEG_AMPLIFY_trNEGATIVE05325,0.2932847738265991
NEG_AMPLIFY_trNEGATIVE05334,0.11837491393089294
NEG_AMPLIFY_trNEGATIVE05368,0.6826856732368469
NEG_AMPLIFY_trNEGATIVE05371,0.10509122908115387
NEG_AMPLIFY_trNEGATIVE05406,0.13669538497924805
NEG_AMPLIFY_trNEGATIVE05431,0.3066459000110626
NEG_AMPLIFY_trNEGATIVE05445,0.9827381372451782
NEG_AMPLIFY_trNEGATIVE05450,0.05616474524140358
NEG_AMPLIFY_trNEGATIVE05461,0.11020421236753464
NEG_AMPLIFY_trNEGATIVE05463,0.023449348285794258
NEG_AMPLIFY_trNEGATIVE05473,0.020094042643904686
NEG_AMPLIFY_trNEGATIVE0548,0.5550131797790527
NEG_AMPLIFY_trNEGATIVE05484,0.030300704762339592
NEG_AMPLIFY_trNEGATIVE05544,0.49400612711906433
NEG_AMPLIFY_trNEGATIVE05564,0.0175713449716568
NEG_AMPLIFY_trNEGATIVE0557,0.09935249388217926
NEG_AMPLIFY_trNEGATIVE05624,0.2253943830728531
NEG_AMPLIFY_trNEGATIVE05636,0.2500780522823334
NEG_AMPLIFY_trNEGATIVE05643,0.009067810140550137
NEG_AMPLIFY_trNEGATIVE0565,0.019182518124580383
NEG_AMPLIFY_trNEGATIVE05651,0.018933609127998352
NEG_AMPLIFY_trNEGATIVE05652,0.02108731120824814
NEG_AMPLIFY_trNEGATIVE0567,0.07424403727054596
NEG_AMPLIFY_trNEGATIVE05697,0.045506175607442856
NEG_AMPLIFY_trNEGATIVE0572,0.04264255613088608
NEG_AMPLIFY_trNEGATIVE05757,0.01622948795557022
NEG_AMPLIFY_trNEGATIVE0576,0.29431062936782837
NEG_AMPLIFY_trNEGATIVE0578,0.1741468608379364
NEG_AMPLIFY_trNEGATIVE05788,0.6011772155761719
NEG_AMPLIFY_trNEGATIVE05829,0.13571636378765106
NEG_AMPLIFY_trNEGATIVE05882,0.06623703986406326
NEG_AMPLIFY_trNEGATIVE05889,0.010585159994661808
NEG_AMPLIFY_trNEGATIVE0589,0.02880525030195713
NEG_AMPLIFY_trNEGATIVE05917,0.33190131187438965
NEG_AMPLIFY_trNEGATIVE05952,0.3113413155078888
NEG_AMPLIFY_trNEGATIVE0597,0.07719634473323822
NEG_AMPLIFY_trNEGATIVE06028,0.10767647624015808
NEG_AMPLIFY_trNEGATIVE06043,0.04741872474551201
NEG_AMPLIFY_trNEGATIVE06063,0.1336594820022583
NEG_AMPLIFY_trNEGATIVE06071,0.0242978036403656
NEG_AMPLIFY_trNEGATIVE06117,0.9721136689186096
NEG_AMPLIFY_trNEGATIVE06120,0.9119100570678711
NEG_AMPLIFY_trNEGATIVE06121,0.15832391381263733
NEG_AMPLIFY_trNEGATIVE06123,0.0665978416800499
NEG_AMPLIFY_trNEGATIVE06144,0.014876194298267365
NEG_AMPLIFY_trNEGATIVE06152,0.03596945479512215
NEG_AMPLIFY_trNEGATIVE06172,0.021437272429466248
NEG_AMPLIFY_trNEGATIVE06199,0.15443846583366394
NEG_AMPLIFY_trNEGATIVE06236,0.1659664511680603
NEG_AMPLIFY_trNEGATIVE06238,0.9807456731796265
NEG_AMPLIFY_trNEGATIVE0624,0.3586561679840088
NEG_AMPLIFY_trNEGATIVE06277,0.8839640617370605
NEG_AMPLIFY_trNEGATIVE06283,0.30038875341415405
NEG_AMPLIFY_trNEGATIVE06305,0.1479082852602005
NEG_AMPLIFY_trNEGATIVE06369,0.23273766040802002
NEG_AMPLIFY_trNEGATIVE06384,0.06085514649748802
NEG_AMPLIFY_trNEGATIVE0640,0.016418863087892532
NEG_AMPLIFY_trNEGATIVE06401,0.08995096385478973
NEG_AMPLIFY_trNEGATIVE06479,0.047943368554115295
NEG_AMPLIFY_trNEGATIVE06489,0.9185388088226318
NEG_AMPLIFY_trNEGATIVE0650,0.039976585656404495
NEG_AMPLIFY_trNEGATIVE06502,0.9895738959312439
NEG_AMPLIFY_trNEGATIVE0652,0.09452450275421143
NEG_AMPLIFY_trNEGATIVE06523,0.009542168118059635
NEG_AMPLIFY_trNEGATIVE0656,0.030170025303959846
NEG_AMPLIFY_trNEGATIVE06569,0.23925785720348358
NEG_AMPLIFY_trNEGATIVE06574,0.9694822430610657
NEG_AMPLIFY_trNEGATIVE06579,0.9494452476501465
NEG_AMPLIFY_trNEGATIVE0660,0.2502831220626831
NEG_AMPLIFY_trNEGATIVE0661,0.013769096694886684
NEG_AMPLIFY_trNEGATIVE0667,0.04093299061059952
NEG_AMPLIFY_trNEGATIVE0668,0.03704524785280228
NEG_AMPLIFY_trNEGATIVE06680,0.06914563477039337
NEG_AMPLIFY_trNEGATIVE0672,0.018003880977630615
NEG_AMPLIFY_trNEGATIVE06725,0.9761801362037659
NEG_AMPLIFY_trNEGATIVE0673,0.8872549533843994
NEG_AMPLIFY_trNEGATIVE06730,0.27998587489128113
NEG_AMPLIFY_trNEGATIVE06767,0.8996346592903137
NEG_AMPLIFY_trNEGATIVE06779,0.09153708070516586
NEG_AMPLIFY_trNEGATIVE06800,0.01663023978471756
NEG_AMPLIFY_trNEGATIVE06824,0.06261426210403442
NEG_AMPLIFY_trNEGATIVE06854,0.05930367484688759
NEG_AMPLIFY_trNEGATIVE0687,0.09265556186437607
NEG_AMPLIFY_trNEGATIVE06880,0.010629634372889996
NEG_AMPLIFY_trNEGATIVE06893,0.015954330563545227
NEG_AMPLIFY_trNEGATIVE06907,0.11326159536838531
NEG_AMPLIFY_trNEGATIVE06910,0.19692210853099823
NEG_AMPLIFY_trNEGATIVE06958,0.024387450888752937
NEG_AMPLIFY_trNEGATIVE06961,0.9283598065376282
NEG_AMPLIFY_trNEGATIVE06977,0.09061501920223236
NEG_AMPLIFY_trNEGATIVE07027,0.5138868689537048
NEG_AMPLIFY_trNEGATIVE0706,0.08420294523239136
NEG_AMPLIFY_trNEGATIVE0707,0.019288981333374977
NEG_AMPLIFY_trNEGATIVE07085,0.9179810881614685
NEG_AMPLIFY_trNEGATIVE07093,0.1016920953989029
NEG_AMPLIFY_trNEGATIVE0710,0.251698762178421
NEG_AMPLIFY_trNEGATIVE07125,0.2410360425710678
NEG_AMPLIFY_trNEGATIVE0713,0.16027380526065826
NEG_AMPLIFY_trNEGATIVE07210,0.3743094503879547
NEG_AMPLIFY_trNEGATIVE07218,0.2247249186038971
NEG_AMPLIFY_trNEGATIVE07240,0.9651547074317932
NEG_AMPLIFY_trNEGATIVE07243,0.5915060043334961
NEG_AMPLIFY_trNEGATIVE0725,0.054591104388237
NEG_AMPLIFY_trNEGATIVE07258,0.06482178717851639
NEG_AMPLIFY_trNEGATIVE0726,0.1042792946100235
NEG_AMPLIFY_trNEGATIVE07266,0.10017722845077515
NEG_AMPLIFY_trNEGATIVE07285,0.3810465633869171
NEG_AMPLIFY_trNEGATIVE07302,0.04004625231027603
NEG_AMPLIFY_trNEGATIVE0732,0.1374346911907196
NEG_AMPLIFY_trNEGATIVE07322,0.37500667572021484
NEG_AMPLIFY_trNEGATIVE0734,0.024296319112181664
NEG_AMPLIFY_trNEGATIVE0738,0.014448416419327259
NEG_AMPLIFY_trNEGATIVE07418,0.061076290905475616
NEG_AMPLIFY_trNEGATIVE07430,0.009895036928355694
NEG_AMPLIFY_trNEGATIVE07490,0.009499244391918182
NEG_AMPLIFY_trNEGATIVE07504,0.04617493972182274
NEG_AMPLIFY_trNEGATIVE07510,0.10997677594423294
NEG_AMPLIFY_trNEGATIVE07521,0.027906429022550583
NEG_AMPLIFY_trNEGATIVE0753,0.09794561564922333
NEG_AMPLIFY_trNEGATIVE07532,0.00906469114124775
NEG_AMPLIFY_trNEGATIVE07541,0.09362654387950897
NEG_AMPLIFY_trNEGATIVE07544,0.5729789137840271
NEG_AMPLIFY_trNEGATIVE07549,0.09546561539173126
NEG_AMPLIFY_trNEGATIVE0758,0.013894667848944664
NEG_AMPLIFY_trNEGATIVE07591,0.7306308150291443
NEG_AMPLIFY_trNEGATIVE07632,0.2728707790374756
NEG_AMPLIFY_trNEGATIVE07633,0.03559907525777817
NEG_AMPLIFY_trNEGATIVE07638,0.05237872526049614
NEG_AMPLIFY_trNEGATIVE07712,0.10381040722131729
NEG_AMPLIFY_trNEGATIVE0777,0.31186816096305847
NEG_AMPLIFY_trNEGATIVE07793,0.7265482544898987
NEG_AMPLIFY_trNEGATIVE0780,0.5893062353134155
NEG_AMPLIFY_trNEGATIVE07825,0.03141379728913307
NEG_AMPLIFY_trNEGATIVE07831,0.01125999353826046
NEG_AMPLIFY_trNEGATIVE07860,0.0631415992975235
NEG_AMPLIFY_trNEGATIVE07863,0.009067561477422714
NEG_AMPLIFY_trNEGATIVE07869,0.25258368253707886
NEG_AMPLIFY_trNEGATIVE07901,0.13654689490795135
NEG_AMPLIFY_trNEGATIVE07915,0.1942797303199768
NEG_AMPLIFY_trNEGATIVE07917,0.0376465879380703
NEG_AMPLIFY_trNEGATIVE07943,0.037015728652477264
NEG_AMPLIFY_trNEGATIVE0797,0.03026818297803402
NEG_AMPLIFY_trNEGATIVE07981,0.018199875950813293
NEG_AMPLIFY_trNEGATIVE07991,0.15961341559886932
NEG_AMPLIFY_trNEGATIVE08007,0.9532248377799988
NEG_AMPLIFY_trNEGATIVE08008,0.028593314811587334
NEG_AMPLIFY_trNEGATIVE08025,0.15374773740768433
NEG_AMPLIFY_trNEGATIVE08050,0.022094344720244408
NEG_AMPLIFY_trNEGATIVE08057,0.4008321464061737
NEG_AMPLIFY_trNEGATIVE08075,0.053960539400577545
NEG_AMPLIFY_trNEGATIVE0808,0.07969696819782257
NEG_AMPLIFY_trNEGATIVE08136,0.04876318946480751
NEG_AMPLIFY_trNEGATIVE08154,0.02510145492851734
NEG_AMPLIFY_trNEGATIVE08162,0.6619410514831543
NEG_AMPLIFY_trNEGATIVE08199,0.009065846912562847
NEG_AMPLIFY_trNEGATIVE08206,0.8727889657020569
NEG_AMPLIFY_trNEGATIVE0821,0.06599023938179016
NEG_AMPLIFY_trNEGATIVE08212,0.6438084840774536
NEG_AMPLIFY_trNEGATIVE0822,0.04047529771924019
NEG_AMPLIFY_trNEGATIVE08222,0.3655523955821991
NEG_AMPLIFY_trNEGATIVE08223,0.017507342621684074
NEG_AMPLIFY_trNEGATIVE0825,0.09776712954044342
NEG_AMPLIFY_trNEGATIVE08253,0.9120922088623047
NEG_AMPLIFY_trNEGATIVE08266,0.015344376675784588
NEG_AMPLIFY_trNEGATIVE0827,0.11781518161296844
NEG_AMPLIFY_trNEGATIVE0832,0.11448469012975693
NEG_AMPLIFY_trNEGATIVE08320,0.08064313232898712
NEG_AMPLIFY_trNEGATIVE08339,0.22393649816513062
NEG_AMPLIFY_trNEGATIVE0834,0.0242668054997921
NEG_AMPLIFY_trNEGATIVE08349,0.22549143433570862
NEG_AMPLIFY_trNEGATIVE0835,0.07822798192501068
NEG_AMPLIFY_trNEGATIVE08362,0.14315906167030334
NEG_AMPLIFY_trNEGATIVE08366,0.07699920982122421
NEG_AMPLIFY_trNEGATIVE08391,0.056487470865249634
NEG_AMPLIFY_trNEGATIVE08404,0.023545878008008003
NEG_AMPLIFY_trNEGATIVE08408,0.9852903485298157
NEG_AMPLIFY_trNEGATIVE08415,0.009119567461311817
NEG_AMPLIFY_trNEGATIVE08433,0.011932398192584515
NEG_AMPLIFY_trNEGATIVE08442,0.9091562628746033
NEG_AMPLIFY_trNEGATIVE08446,0.22011876106262207
NEG_AMPLIFY_trNEGATIVE0845,0.03193316236138344
NEG_AMPLIFY_trNEGATIVE0846,0.05197352543473244
NEG_AMPLIFY_trNEGATIVE08480,0.14782197773456573
NEG_AMPLIFY_trNEGATIVE08492,0.03271264210343361
NEG_AMPLIFY_trNEGATIVE08501,0.11730332672595978
NEG_AMPLIFY_trNEGATIVE0854,0.1884380429983139
NEG_AMPLIFY_trNEGATIVE08612,0.17637909948825836
NEG_AMPLIFY_trNEGATIVE08616,0.12545472383499146
NEG_AMPLIFY_trNEGATIVE08624,0.021815462037920952
NEG_AMPLIFY_trNEGATIVE08645,0.24011725187301636
NEG_AMPLIFY_trNEGATIVE0866,0.10971187055110931
NEG_AMPLIFY_trNEGATIVE08670,0.20745646953582764
NEG_AMPLIFY_trNEGATIVE08685,0.11011205613613129
NEG_AMPLIFY_trNEGATIVE08690,0.33385980129241943
NEG_AMPLIFY_trNEGATIVE0872,0.05560976266860962
NEG_AMPLIFY_trNEGATIVE08721,0.033201996237039566
NEG_AMPLIFY_trNEGATIVE0873,0.036817073822021484
NEG_AMPLIFY_trNEGATIVE0874,0.056059859693050385
NEG_AMPLIFY_trNEGATIVE08745,0.6768787503242493
NEG_AMPLIFY_trNEGATIVE0875,0.014261139556765556
NEG_AMPLIFY_trNEGATIVE08753,0.009389538317918777
NEG_AMPLIFY_trNEGATIVE08810,0.21651676297187805
NEG_AMPLIFY_trNEGATIVE0882,0.03232452645897865
NEG_AMPLIFY_trNEGATIVE08849,0.6912223100662231
NEG_AMPLIFY_trNEGATIVE08860,0.19784939289093018
NEG_AMPLIFY_trNEGATIVE0889,0.04585052281618118
NEG_AMPLIFY_trNEGATIVE08891,0.07751412689685822
NEG_AMPLIFY_trNEGATIVE0891,0.39985018968582153
NEG_AMPLIFY_trNEGATIVE08912,0.01254437118768692
NEG_AMPLIFY_trNEGATIVE0893,0.1321849375963211
NEG_AMPLIFY_trNEGATIVE08938,0.011253200471401215
NEG_AMPLIFY_trNEGATIVE0894,0.07822412252426147
NEG_AMPLIFY_trNEGATIVE0896,0.16412939131259918
NEG_AMPLIFY_trNEGATIVE0901,0.0299669336527586
NEG_AMPLIFY_trNEGATIVE09035,0.1529788225889206
NEG_AMPLIFY_trNEGATIVE09061,0.153702050447464
NEG_AMPLIFY_trNEGATIVE09076,0.040387414395809174
NEG_AMPLIFY_trNEGATIVE09079,0.7441174983978271
NEG_AMPLIFY_trNEGATIVE0909,0.011412753723561764
NEG_AMPLIFY_trNEGATIVE09114,0.03462395444512367
NEG_AMPLIFY_trNEGATIVE09149,0.05852605774998665
NEG_AMPLIFY_trNEGATIVE0915,0.031401656568050385
NEG_AMPLIFY_trNEGATIVE09195,0.8492959141731262
NEG_AMPLIFY_trNEGATIVE09218,0.041026681661605835
NEG_AMPLIFY_trNEGATIVE09219,0.030218828469514847
NEG_AMPLIFY_trNEGATIVE0925,0.06884806603193283
NEG_AMPLIFY_trNEGATIVE09254,0.7571660876274109
NEG_AMPLIFY_trNEGATIVE09259,0.009352846071124077
NEG_AMPLIFY_trNEGATIVE0926,0.034043602645397186
NEG_AMPLIFY_trNEGATIVE09273,0.05033605918288231
NEG_AMPLIFY_trNEGATIVE0929,0.019556956365704536
NEG_AMPLIFY_trNEGATIVE09298,0.012713601812720299
NEG_AMPLIFY_trNEGATIVE0930,0.713539719581604
NEG_AMPLIFY_trNEGATIVE0932,0.011440606787800789
NEG_AMPLIFY_trNEGATIVE0933,0.07686863094568253
NEG_AMPLIFY_trNEGATIVE09383,0.6666735410690308
NEG_AMPLIFY_trNEGATIVE0942,0.14946207404136658
NEG_AMPLIFY_trNEGATIVE09433,0.7725524306297302
NEG_AMPLIFY_trNEGATIVE09439,0.9886480569839478
NEG_AMPLIFY_trNEGATIVE09456,0.05944493040442467
NEG_AMPLIFY_trNEGATIVE0949,0.049023061990737915
NEG_AMPLIFY_trNEGATIVE09491,0.6513674259185791
NEG_AMPLIFY_trNEGATIVE09525,0.38089850544929504
NEG_AMPLIFY_trNEGATIVE09558,0.03234713152050972
NEG_AMPLIFY_trNEGATIVE0956,0.020581701770424843
NEG_AMPLIFY_trNEGATIVE0959,0.024291466921567917
NEG_AMPLIFY_trNEGATIVE09603,0.31128990650177
NEG_AMPLIFY_trNEGATIVE0961,0.023568252101540565
NEG_AMPLIFY_trNEGATIVE0962,0.10755401849746704
NEG_AMPLIFY_trNEGATIVE09638,0.111321821808815
NEG_AMPLIFY_trNEGATIVE0964,0.13482360541820526
NEG_AMPLIFY_trNEGATIVE09655,0.24244682490825653
NEG_AMPLIFY_trNEGATIVE0966,0.12187027931213379
NEG_AMPLIFY_trNEGATIVE09661,0.13092362880706787
NEG_AMPLIFY_trNEGATIVE09705,0.9001311659812927
NEG_AMPLIFY_trNEGATIVE09717,0.009060845710337162
NEG_AMPLIFY_trNEGATIVE09728,0.07489597052335739
NEG_AMPLIFY_trNEGATIVE09765,0.34429600834846497
NEG_AMPLIFY_trNEGATIVE09776,0.12917622923851013
NEG_AMPLIFY_trNEGATIVE09792,0.057276349514722824
NEG_AMPLIFY_trNEGATIVE09812,0.9644174575805664
NEG_AMPLIFY_trNEGATIVE09814,0.32720327377319336
NEG_AMPLIFY_trNEGATIVE09842,0.0953838974237442
NEG_AMPLIFY_trNEGATIVE09862,0.5885465145111084
NEG_AMPLIFY_trNEGATIVE0987,0.9034495949745178
NEG_AMPLIFY_trNEGATIVE09909,0.0743936076760292
NEG_AMPLIFY_trNEGATIVE0992,0.04042555391788483
NEG_AMPLIFY_trNEGATIVE09921,0.010892413556575775
NEG_AMPLIFY_trNEGATIVE09922,0.5692570209503174
NEG_AMPLIFY_trNEGATIVE0994,0.02220705710351467
NEG_AMPLIFY_trNEGATIVE09949,0.9834826588630676
NEG_AMPLIFY_trNEGATIVE09999,0.01528984121978283
NEG_AMPLIFY_trNEGATIVE10007,0.050973061472177505
NEG_AMPLIFY_trNEGATIVE10066,0.018903201445937157
NEG_AMPLIFY_trNEGATIVE10071,0.02241276018321514
NEG_AMPLIFY_trNEGATIVE10118,0.46762824058532715
NEG_AMPLIFY_trNEGATIVE10140,0.3550682067871094
NEG_AMPLIFY_trNEGATIVE10142,0.2012394815683365
NEG_AMPLIFY_trNEGATIVE10176,0.10427236557006836
NEG_AMPLIFY_trNEGATIVE10201,0.9161062240600586
NEG_AMPLIFY_trNEGATIVE1022,0.06076320260763168
NEG_AMPLIFY_trNEGATIVE10222,0.06298970431089401
NEG_AMPLIFY_trNEGATIVE10238,0.9306601881980896
NEG_AMPLIFY_trNEGATIVE10274,0.10733197629451752
NEG_AMPLIFY_trNEGATIVE1032,0.441959410905838
NEG_AMPLIFY_trNEGATIVE10323,0.06136401742696762
NEG_AMPLIFY_trNEGATIVE1035,0.5523989200592041
NEG_AMPLIFY_trNEGATIVE1037,0.03495227172970772
NEG_AMPLIFY_trNEGATIVE10414,0.012176559306681156
NEG_AMPLIFY_trNEGATIVE10415,0.2208319455385208
NEG_AMPLIFY_trNEGATIVE10426,0.04002930596470833
NEG_AMPLIFY_trNEGATIVE10449,0.11849892884492874
NEG_AMPLIFY_trNEGATIVE10452,0.4941381514072418
NEG_AMPLIFY_trNEGATIVE10458,0.805170476436615
NEG_AMPLIFY_trNEGATIVE10470,0.04443560168147087
NEG_AMPLIFY_trNEGATIVE10473,0.025094658136367798
NEG_AMPLIFY_trNEGATIVE10483,0.4815109968185425
NEG_AMPLIFY_trNEGATIVE1049,0.36216893792152405
NEG_AMPLIFY_trNEGATIVE10507,0.07480209320783615
NEG_AMPLIFY_trNEGATIVE1053,0.157663494348526
NEG_AMPLIFY_trNEGATIVE10544,0.10898236930370331
NEG_AMPLIFY_trNEGATIVE1055,0.026713639497756958
NEG_AMPLIFY_trNEGATIVE10555,0.9253202080726624
NEG_AMPLIFY_trNEGATIVE10607,0.514055609703064
NEG_AMPLIFY_trNEGATIVE10644,0.00904969871044159
NEG_AMPLIFY_trNEGATIVE10646,0.04276910424232483
NEG_AMPLIFY_trNEGATIVE1065,0.17429137229919434
NEG_AMPLIFY_trNEGATIVE1067,0.8524578213691711
NEG_AMPLIFY_trNEGATIVE10721,0.09719345718622208
NEG_AMPLIFY_trNEGATIVE1076,0.10196734219789505
NEG_AMPLIFY_trNEGATIVE10767,0.08728078752756119
NEG_AMPLIFY_trNEGATIVE1077,0.06898606568574905
NEG_AMPLIFY_trNEGATIVE10771,0.5182902812957764
NEG_AMPLIFY_trNEGATIVE1079,0.01697940193116665
NEG_AMPLIFY_trNEGATIVE1082,0.025227652862668037
NEG_AMPLIFY_trNEGATIVE10822,0.07449755072593689
NEG_AMPLIFY_trNEGATIVE10934,0.07514980435371399
NEG_AMPLIFY_trNEGATIVE1095,0.19433459639549255
NEG_AMPLIFY_trNEGATIVE1099,0.06846652179956436
NEG_AMPLIFY_trNEGATIVE11023,0.5544494390487671
NEG_AMPLIFY_trNEGATIVE11030,0.0934460237622261
NEG_AMPLIFY_trNEGATIVE1104,0.02128468081355095
NEG_AMPLIFY_trNEGATIVE11044,0.038721755146980286
NEG_AMPLIFY_trNEGATIVE11059,0.9805742502212524
NEG_AMPLIFY_trNEGATIVE1108,0.08018878847360611
NEG_AMPLIFY_trNEGATIVE11085,0.031156444922089577
NEG_AMPLIFY_trNEGATIVE1109,0.0917712077498436
NEG_AMPLIFY_trNEGATIVE11099,0.3012044429779053
NEG_AMPLIFY_trNEGATIVE1111,0.05653872713446617
NEG_AMPLIFY_trNEGATIVE11132,0.01955673284828663
NEG_AMPLIFY_trNEGATIVE1121,0.019201727584004402
NEG_AMPLIFY_trNEGATIVE11214,0.07103870809078217
NEG_AMPLIFY_trNEGATIVE11259,0.12399895489215851
NEG_AMPLIFY_trNEGATIVE11283,0.465006560087204
NEG_AMPLIFY_trNEGATIVE1131,0.09564020484685898
NEG_AMPLIFY_trNEGATIVE1132,0.01890047825872898
NEG_AMPLIFY_trNEGATIVE11323,0.022868318483233452
NEG_AMPLIFY_trNEGATIVE11352,0.7658757567405701
NEG_AMPLIFY_trNEGATIVE11360,0.009995590895414352
NEG_AMPLIFY_trNEGATIVE11367,0.09605664014816284
NEG_AMPLIFY_trNEGATIVE11368,0.21614480018615723
NEG_AMPLIFY_trNEGATIVE11370,0.8532679080963135
NEG_AMPLIFY_trNEGATIVE1139,0.1594611555337906
NEG_AMPLIFY_trNEGATIVE11399,0.026909900829195976
NEG_AMPLIFY_trNEGATIVE11402,0.1570587009191513
NEG_AMPLIFY_trNEGATIVE11418,0.23731409013271332
NEG_AMPLIFY_trNEGATIVE11428,0.043952252715826035
NEG_AMPLIFY_trNEGATIVE11458,0.08637433499097824
NEG_AMPLIFY_trNEGATIVE11461,0.055533267557621
NEG_AMPLIFY_trNEGATIVE11473,0.011016416363418102
NEG_AMPLIFY_trNEGATIVE11484,0.06814980506896973
NEG_AMPLIFY_trNEGATIVE11487,0.7973635792732239
NEG_AMPLIFY_trNEGATIVE11488,0.14951205253601074
NEG_AMPLIFY_trNEGATIVE1149,0.11223148554563522
NEG_AMPLIFY_trNEGATIVE11498,0.683660626411438
NEG_AMPLIFY_trNEGATIVE1154,0.0858849510550499
NEG_AMPLIFY_trNEGATIVE11550,0.18851357698440552
NEG_AMPLIFY_trNEGATIVE11561,0.7322977781295776
NEG_AMPLIFY_trNEGATIVE11573,0.7323459982872009
NEG_AMPLIFY_trNEGATIVE1160,0.023271122947335243
NEG_AMPLIFY_trNEGATIVE11611,0.1683426797389984
NEG_AMPLIFY_trNEGATIVE11627,0.24783305823802948
NEG_AMPLIFY_trNEGATIVE11640,0.03214125335216522
NEG_AMPLIFY_trNEGATIVE11645,0.06401874125003815
NEG_AMPLIFY_trNEGATIVE11664,0.9740177392959595
NEG_AMPLIFY_trNEGATIVE11675,0.14024873077869415
NEG_AMPLIFY_trNEGATIVE11677,0.06273952126502991
NEG_AMPLIFY_trNEGATIVE1168,0.01900220662355423
NEG_AMPLIFY_trNEGATIVE11684,0.9865481853485107
NEG_AMPLIFY_trNEGATIVE11691,0.13471470773220062
NEG_AMPLIFY_trNEGATIVE11720,0.1746799647808075
NEG_AMPLIFY_trNEGATIVE11721,0.013732132501900196
NEG_AMPLIFY_trNEGATIVE11748,0.08025993406772614
NEG_AMPLIFY_trNEGATIVE11770,0.012376723811030388
NEG_AMPLIFY_trNEGATIVE11785,0.3958313465118408
NEG_AMPLIFY_trNEGATIVE11789,0.9869120717048645
NEG_AMPLIFY_trNEGATIVE11796,0.09068058431148529
NEG_AMPLIFY_trNEGATIVE1180,0.044956788420677185
NEG_AMPLIFY_trNEGATIVE11808,0.0498197115957737
NEG_AMPLIFY_trNEGATIVE11826,0.4211086630821228
NEG_AMPLIFY_trNEGATIVE11847,0.08829573541879654
NEG_AMPLIFY_trNEGATIVE11863,0.5577954649925232
NEG_AMPLIFY_trNEGATIVE1187,0.20357657968997955
NEG_AMPLIFY_trNEGATIVE11879,0.22827716171741486
NEG_AMPLIFY_trNEGATIVE11914,0.06625507771968842
NEG_AMPLIFY_trNEGATIVE1192,0.06897218525409698
NEG_AMPLIFY_trNEGATIVE11942,0.5456678867340088
NEG_AMPLIFY_trNEGATIVE11959,0.011648613028228283
NEG_AMPLIFY_trNEGATIVE11960,0.2373013198375702
NEG_AMPLIFY_trNEGATIVE1198,0.15324564278125763
NEG_AMPLIFY_trNEGATIVE12039,0.00911949947476387
NEG_AMPLIFY_trNEGATIVE12071,0.4366082549095154
NEG_AMPLIFY_trNEGATIVE1210,0.07198037207126617
NEG_AMPLIFY_trNEGATIVE12122,0.5084212422370911
NEG_AMPLIFY_trNEGATIVE12136,0.9290669560432434
NEG_AMPLIFY_trNEGATIVE12137,0.01649153046309948
NEG_AMPLIFY_trNEGATIVE12180,0.014445625245571136
NEG_AMPLIFY_trNEGATIVE1219,0.1163690909743309
NEG_AMPLIFY_trNEGATIVE12203,0.011688727885484695
NEG_AMPLIFY_trNEGATIVE1221,0.013512227684259415
NEG_AMPLIFY_trNEGATIVE1222,0.815531849861145
NEG_AMPLIFY_trNEGATIVE1225,0.8764030337333679
NEG_AMPLIFY_trNEGATIVE12252,0.00961745623499155
NEG_AMPLIFY_trNEGATIVE12266,0.12392077594995499
NEG_AMPLIFY_trNEGATIVE12285,0.2039618045091629
NEG_AMPLIFY_trNEGATIVE1229,0.01187190692871809
NEG_AMPLIFY_trNEGATIVE1231,0.014934965409338474
NEG_AMPLIFY_trNEGATIVE12312,0.9851687550544739
NEG_AMPLIFY_trNEGATIVE12320,0.0969942957162857
NEG_AMPLIFY_trNEGATIVE12321,0.8787949681282043
NEG_AMPLIFY_trNEGATIVE12382,0.9798767566680908
NEG_AMPLIFY_trNEGATIVE12407,0.10882244259119034
NEG_AMPLIFY_trNEGATIVE12408,0.010323621332645416
NEG_AMPLIFY_trNEGATIVE1241,0.01680576428771019
NEG_AMPLIFY_trNEGATIVE1245,0.12845931947231293
NEG_AMPLIFY_trNEGATIVE1246,0.02259988896548748
NEG_AMPLIFY_trNEGATIVE12465,0.608161985874176
NEG_AMPLIFY_trNEGATIVE12466,0.06674399226903915
NEG_AMPLIFY_trNEGATIVE12483,0.963533341884613
NEG_AMPLIFY_trNEGATIVE12531,0.08549897372722626
NEG_AMPLIFY_trNEGATIVE12610,0.3268125653266907
NEG_AMPLIFY_trNEGATIVE1263,0.02250560186803341
NEG_AMPLIFY_trNEGATIVE12691,0.5557981133460999
NEG_AMPLIFY_trNEGATIVE12744,0.6093462705612183
NEG_AMPLIFY_trNEGATIVE12753,0.8309634923934937
NEG_AMPLIFY_trNEGATIVE1276,0.08272507786750793
NEG_AMPLIFY_trNEGATIVE12760,0.29497018456459045
NEG_AMPLIFY_trNEGATIVE1277,0.01656734198331833
NEG_AMPLIFY_trNEGATIVE12785,0.026912104338407516
NEG_AMPLIFY_trNEGATIVE12793,0.32412177324295044
NEG_AMPLIFY_trNEGATIVE1281,0.030235804617404938
NEG_AMPLIFY_trNEGATIVE12838,0.036442749202251434
NEG_AMPLIFY_trNEGATIVE12888,0.9467791318893433
NEG_AMPLIFY_trNEGATIVE12907,0.07857395708560944
NEG_AMPLIFY_trNEGATIVE12914,0.23286555707454681
NEG_AMPLIFY_trNEGATIVE12924,0.06493030488491058
NEG_AMPLIFY_trNEGATIVE1294,0.03519682213664055
NEG_AMPLIFY_trNEGATIVE1296,0.10315316170454025
NEG_AMPLIFY_trNEGATIVE12969,0.3502306044101715
NEG_AMPLIFY_trNEGATIVE12996,0.2601659893989563
NEG_AMPLIFY_trNEGATIVE13031,0.11867471784353256
NEG_AMPLIFY_trNEGATIVE1305,0.04859777167439461
NEG_AMPLIFY_trNEGATIVE13058,0.14005625247955322
NEG_AMPLIFY_trNEGATIVE1307,0.9520186185836792
NEG_AMPLIFY_trNEGATIVE13077,0.024100476875901222
NEG_AMPLIFY_trNEGATIVE1308,0.009344159625470638
NEG_AMPLIFY_trNEGATIVE13103,0.5066247582435608
NEG_AMPLIFY_trNEGATIVE13117,0.012002939358353615
NEG_AMPLIFY_trNEGATIVE13132,0.04732060059905052
NEG_AMPLIFY_trNEGATIVE1315,0.12457483261823654
NEG_AMPLIFY_trNEGATIVE1318,0.9864545464515686
NEG_AMPLIFY_trNEGATIVE13196,0.03150628134608269
NEG_AMPLIFY_trNEGATIVE13209,0.03242107853293419
NEG_AMPLIFY_trNEGATIVE13229,0.3471115529537201
NEG_AMPLIFY_trNEGATIVE13305,0.050122376531362534
NEG_AMPLIFY_trNEGATIVE1338,0.040018048137426376
NEG_AMPLIFY_trNEGATIVE1340,0.08480926603078842
NEG_AMPLIFY_trNEGATIVE13415,0.03858238086104393
NEG_AMPLIFY_trNEGATIVE13423,0.020340654999017715
NEG_AMPLIFY_trNEGATIVE13442,0.3481338620185852
NEG_AMPLIFY_trNEGATIVE13447,0.8606246113777161
NEG_AMPLIFY_trNEGATIVE13457,0.30925655364990234
NEG_AMPLIFY_trNEGATIVE1349,0.06708912551403046
NEG_AMPLIFY_trNEGATIVE13499,0.015045985579490662
NEG_AMPLIFY_trNEGATIVE13506,0.15372143685817719
NEG_AMPLIFY_trNEGATIVE1352,0.11526455730199814
NEG_AMPLIFY_trNEGATIVE13522,0.3812417685985565
NEG_AMPLIFY_trNEGATIVE1355,0.15867972373962402
NEG_AMPLIFY_trNEGATIVE1360,0.07860574871301651
NEG_AMPLIFY_trNEGATIVE13614,0.6313843131065369
NEG_AMPLIFY_trNEGATIVE13627,0.04374128207564354
NEG_AMPLIFY_trNEGATIVE13637,0.7834603190422058
NEG_AMPLIFY_trNEGATIVE1366,0.04473235085606575
NEG_AMPLIFY_trNEGATIVE1367,0.03951641917228699
NEG_AMPLIFY_trNEGATIVE13676,0.9371603727340698
NEG_AMPLIFY_trNEGATIVE13697,0.9736467003822327
NEG_AMPLIFY_trNEGATIVE13714,0.49627676606178284
NEG_AMPLIFY_trNEGATIVE13761,0.9772862195968628
NEG_AMPLIFY_trNEGATIVE13763,0.08794308453798294
NEG_AMPLIFY_trNEGATIVE13786,0.5194898843765259
NEG_AMPLIFY_trNEGATIVE1379,0.1074034571647644
NEG_AMPLIFY_trNEGATIVE13814,0.041858140379190445
NEG_AMPLIFY_trNEGATIVE13817,0.6852093935012817
NEG_AMPLIFY_trNEGATIVE1382,0.9415745139122009
NEG_AMPLIFY_trNEGATIVE13831,0.01960698515176773
NEG_AMPLIFY_trNEGATIVE13856,0.7152037024497986
NEG_AMPLIFY_trNEGATIVE1391,0.2149355560541153
NEG_AMPLIFY_trNEGATIVE13916,0.36077767610549927
NEG_AMPLIFY_trNEGATIVE13981,0.14371290802955627
NEG_AMPLIFY_trNEGATIVE13987,0.06215866282582283
NEG_AMPLIFY_trNEGATIVE13990,0.49911463260650635
NEG_AMPLIFY_trNEGATIVE13998,0.10530425608158112
NEG_AMPLIFY_trNEGATIVE14002,0.04355975612998009
NEG_AMPLIFY_trNEGATIVE14028,0.9868221282958984
NEG_AMPLIFY_trNEGATIVE1403,0.627630352973938
NEG_AMPLIFY_trNEGATIVE14032,0.2936292290687561
NEG_AMPLIFY_trNEGATIVE1407,0.019572164863348007
NEG_AMPLIFY_trNEGATIVE14121,0.15329882502555847
NEG_AMPLIFY_trNEGATIVE14180,0.986934244632721
NEG_AMPLIFY_trNEGATIVE14197,0.9343041777610779
NEG_AMPLIFY_trNEGATIVE1422,0.014232772402465343
NEG_AMPLIFY_trNEGATIVE14221,0.9017791152000427
NEG_AMPLIFY_trNEGATIVE14266,0.012379033491015434
NEG_AMPLIFY_trNEGATIVE14267,0.0632961168885231
NEG_AMPLIFY_trNEGATIVE14272,0.02631702646613121
NEG_AMPLIFY_trNEGATIVE14284,0.015283129177987576
NEG_AMPLIFY_trNEGATIVE1429,0.028582587838172913
NEG_AMPLIFY_trNEGATIVE14307,0.011791492812335491
NEG_AMPLIFY_trNEGATIVE1432,0.04558024927973747
NEG_AMPLIFY_trNEGATIVE14328,0.04832654446363449
NEG_AMPLIFY_trNEGATIVE1435,0.029452120885252953
NEG_AMPLIFY_trNEGATIVE1439,0.11470111459493637
NEG_AMPLIFY_trNEGATIVE14395,0.009052488021552563
NEG_AMPLIFY_trNEGATIVE14404,0.7772657871246338
NEG_AMPLIFY_trNEGATIVE14420,0.07382700592279434
NEG_AMPLIFY_trNEGATIVE1443,0.026992622762918472
NEG_AMPLIFY_trNEGATIVE14431,0.032991841435432434
NEG_AMPLIFY_trNEGATIVE14437,0.05683267489075661
NEG_AMPLIFY_trNEGATIVE14440,0.3574899733066559
NEG_AMPLIFY_trNEGATIVE14511,0.5511069297790527
NEG_AMPLIFY_trNEGATIVE14523,0.3364357054233551
NEG_AMPLIFY_trNEGATIVE14562,0.21498362720012665
NEG_AMPLIFY_trNEGATIVE14569,0.5410729050636292
NEG_AMPLIFY_trNEGATIVE14589,0.1726163774728775
NEG_AMPLIFY_trNEGATIVE14605,0.9775699973106384
NEG_AMPLIFY_trNEGATIVE14617,0.12332674115896225
NEG_AMPLIFY_trNEGATIVE14622,0.07664314657449722
NEG_AMPLIFY_trNEGATIVE14686,0.3273986577987671
NEG_AMPLIFY_trNEGATIVE14705,0.10738783329725266
NEG_AMPLIFY_trNEGATIVE14706,0.022596197202801704
NEG_AMPLIFY_trNEGATIVE14712,0.04954354837536812
NEG_AMPLIFY_trNEGATIVE14713,0.010798937641084194
NEG_AMPLIFY_trNEGATIVE14722,0.9554315209388733
NEG_AMPLIFY_trNEGATIVE14743,0.2449721097946167
NEG_AMPLIFY_trNEGATIVE1476,0.13974997401237488
NEG_AMPLIFY_trNEGATIVE1477,0.11363103985786438
NEG_AMPLIFY_trNEGATIVE1480,0.22285735607147217
NEG_AMPLIFY_trNEGATIVE14804,0.01410580612719059
NEG_AMPLIFY_trNEGATIVE1483,0.055349767208099365
NEG_AMPLIFY_trNEGATIVE14835,0.07604208588600159
NEG_AMPLIFY_trNEGATIVE14847,0.019158747047185898
NEG_AMPLIFY_trNEGATIVE14850,0.15311281383037567
NEG_AMPLIFY_trNEGATIVE14851,0.01376132108271122
NEG_AMPLIFY_trNEGATIVE14865,0.04488220438361168
NEG_AMPLIFY_trNEGATIVE14867,0.060161806643009186
NEG_AMPLIFY_trNEGATIVE14877,0.9306375980377197
NEG_AMPLIFY_trNEGATIVE14880,0.0567106157541275
NEG_AMPLIFY_trNEGATIVE1489,0.014668354764580727
NEG_AMPLIFY_trNEGATIVE14921,0.1249394342303276
NEG_AMPLIFY_trNEGATIVE14928,0.261886328458786
NEG_AMPLIFY_trNEGATIVE14931,0.09280090779066086
NEG_AMPLIFY_trNEGATIVE14974,0.15210561454296112
NEG_AMPLIFY_trNEGATIVE1499,0.8514143228530884
NEG_AMPLIFY_trNEGATIVE1500,0.14493124186992645
NEG_AMPLIFY_trNEGATIVE15000,0.10868621617555618
NEG_AMPLIFY_trNEGATIVE15015,0.03264111652970314
NEG_AMPLIFY_trNEGATIVE1504,0.03736133500933647
NEG_AMPLIFY_trNEGATIVE15044,0.989382803440094
NEG_AMPLIFY_trNEGATIVE15048,0.3744083344936371
NEG_AMPLIFY_trNEGATIVE1509,0.011861076578497887
NEG_AMPLIFY_trNEGATIVE15109,0.22761090099811554
NEG_AMPLIFY_trNEGATIVE15127,0.4691516160964966
NEG_AMPLIFY_trNEGATIVE1513,0.026161644607782364
NEG_AMPLIFY_trNEGATIVE15139,0.18394269049167633
NEG_AMPLIFY_trNEGATIVE15141,0.1899077445268631
NEG_AMPLIFY_trNEGATIVE15142,0.906517505645752
NEG_AMPLIFY_trNEGATIVE15143,0.9637433290481567
NEG_AMPLIFY_trNEGATIVE15155,0.17088155448436737
NEG_AMPLIFY_trNEGATIVE1516,0.04399717226624489
NEG_AMPLIFY_trNEGATIVE15177,0.027253540232777596
NEG_AMPLIFY_trNEGATIVE15180,0.07393129169940948
NEG_AMPLIFY_trNEGATIVE1519,0.021612096577882767
NEG_AMPLIFY_trNEGATIVE1522,0.03631070628762245
NEG_AMPLIFY_trNEGATIVE15229,0.009383171796798706
NEG_AMPLIFY_trNEGATIVE1523,0.09062278270721436
NEG_AMPLIFY_trNEGATIVE15234,0.1408882886171341
NEG_AMPLIFY_trNEGATIVE15243,0.9842553734779358
NEG_AMPLIFY_trNEGATIVE15261,0.9829725623130798
NEG_AMPLIFY_trNEGATIVE15267,0.16515092551708221
NEG_AMPLIFY_trNEGATIVE15269,0.027454257011413574
NEG_AMPLIFY_trNEGATIVE15270,0.8723077178001404
NEG_AMPLIFY_trNEGATIVE1529,0.09452234953641891
NEG_AMPLIFY_trNEGATIVE15315,0.12424437701702118
NEG_AMPLIFY_trNEGATIVE15327,0.043286535888910294
NEG_AMPLIFY_trNEGATIVE15330,0.44605129957199097
NEG_AMPLIFY_trNEGATIVE15358,0.0171291995793581
NEG_AMPLIFY_trNEGATIVE1537,0.1423923820257187
NEG_AMPLIFY_trNEGATIVE15402,0.473953515291214
NEG_AMPLIFY_trNEGATIVE15412,0.0292388666421175
NEG_AMPLIFY_trNEGATIVE15416,0.9871423244476318
NEG_AMPLIFY_trNEGATIVE15424,0.478598415851593
NEG_AMPLIFY_trNEGATIVE1548,0.1648622751235962
NEG_AMPLIFY_trNEGATIVE15481,0.9718009233474731
NEG_AMPLIFY_trNEGATIVE1549,0.16929863393306732
NEG_AMPLIFY_trNEGATIVE15502,0.10564810037612915
NEG_AMPLIFY_trNEGATIVE15517,0.07116839289665222
NEG_AMPLIFY_trNEGATIVE15557,0.04767803102731705
NEG_AMPLIFY_trNEGATIVE1557,0.5212540030479431
NEG_AMPLIFY_trNEGATIVE1558,0.014414194971323013
NEG_AMPLIFY_trNEGATIVE1559,0.8001682758331299
NEG_AMPLIFY_trNEGATIVE1562,0.05787023529410362
NEG_AMPLIFY_trNEGATIVE15656,0.00974259339272976
NEG_AMPLIFY_trNEGATIVE15673,0.1807524412870407
NEG_AMPLIFY_trNEGATIVE15692,0.20837721228599548
NEG_AMPLIFY_trNEGATIVE1571,0.012418614700436592
NEG_AMPLIFY_trNEGATIVE15747,0.03939091041684151
NEG_AMPLIFY_trNEGATIVE1576,0.0182208139449358
NEG_AMPLIFY_trNEGATIVE15808,0.024603502824902534
NEG_AMPLIFY_trNEGATIVE1581,0.15652421116828918
NEG_AMPLIFY_trNEGATIVE15837,0.009525878354907036
NEG_AMPLIFY_trNEGATIVE15839,0.049429234117269516
NEG_AMPLIFY_trNEGATIVE15878,0.7426124215126038
NEG_AMPLIFY_trNEGATIVE1588,0.10353115200996399
NEG_AMPLIFY_trNEGATIVE15901,0.2605423927307129
NEG_AMPLIFY_trNEGATIVE15906,0.03981299325823784
NEG_AMPLIFY_trNEGATIVE15908,0.053698547184467316
NEG_AMPLIFY_trNEGATIVE15923,0.12307017296552658
NEG_AMPLIFY_trNEGATIVE15947,0.1366862654685974
NEG_AMPLIFY_trNEGATIVE15967,0.06298495829105377
NEG_AMPLIFY_trNEGATIVE15973,0.9808776378631592
NEG_AMPLIFY_trNEGATIVE16034,0.3602515161037445
NEG_AMPLIFY_trNEGATIVE16072,0.9612650275230408
NEG_AMPLIFY_trNEGATIVE16101,0.02236623503267765
NEG_AMPLIFY_trNEGATIVE16112,0.4946472942829132
NEG_AMPLIFY_trNEGATIVE1612,0.6030406355857849
NEG_AMPLIFY_trNEGATIVE16175,0.11779972165822983
NEG_AMPLIFY_trNEGATIVE16180,0.3519915044307709
NEG_AMPLIFY_trNEGATIVE1626,0.01298118382692337
NEG_AMPLIFY_trNEGATIVE16326,0.03707259148359299
NEG_AMPLIFY_trNEGATIVE1634,0.12365324050188065
NEG_AMPLIFY_trNEGATIVE16370,0.34160473942756653
NEG_AMPLIFY_trNEGATIVE16374,0.25704866647720337
NEG_AMPLIFY_trNEGATIVE16377,0.31901735067367554
NEG_AMPLIFY_trNEGATIVE16378,0.6147951483726501
NEG_AMPLIFY_trNEGATIVE16395,0.9516146779060364
NEG_AMPLIFY_trNEGATIVE16416,0.010392197407782078
NEG_AMPLIFY_trNEGATIVE16419,0.5875564217567444
NEG_AMPLIFY_trNEGATIVE16429,0.018154336139559746
NEG_AMPLIFY_trNEGATIVE1644,0.03898538649082184
NEG_AMPLIFY_trNEGATIVE16445,0.14367812871932983
NEG_AMPLIFY_trNEGATIVE16457,0.11643975973129272
NEG_AMPLIFY_trNEGATIVE16476,0.42103132605552673
NEG_AMPLIFY_trNEGATIVE1649,0.39985179901123047
NEG_AMPLIFY_trNEGATIVE16500,0.1110350489616394
NEG_AMPLIFY_trNEGATIVE1654,0.08843716233968735
NEG_AMPLIFY_trNEGATIVE1655,0.009947678074240685
NEG_AMPLIFY_trNEGATIVE16561,0.10825009644031525
NEG_AMPLIFY_trNEGATIVE1662,0.013812092132866383
NEG_AMPLIFY_trNEGATIVE16620,0.5519890785217285
NEG_AMPLIFY_trNEGATIVE1666,0.11982253938913345
NEG_AMPLIFY_trNEGATIVE16660,0.11838054656982422
NEG_AMPLIFY_trNEGATIVE16662,0.46978116035461426
NEG_AMPLIFY_trNEGATIVE1668,0.20565252006053925
NEG_AMPLIFY_trNEGATIVE16715,0.009232288226485252
NEG_AMPLIFY_trNEGATIVE16737,0.9508277773857117
NEG_AMPLIFY_trNEGATIVE16738,0.06615976989269257
NEG_AMPLIFY_trNEGATIVE16756,0.022963928058743477
NEG_AMPLIFY_trNEGATIVE16764,0.171391561627388
NEG_AMPLIFY_trNEGATIVE1677,0.2436274290084839
NEG_AMPLIFY_trNEGATIVE1680,0.10075646638870239
NEG_AMPLIFY_trNEGATIVE16825,0.04013099521398544
NEG_AMPLIFY_trNEGATIVE16837,0.21874326467514038
NEG_AMPLIFY_trNEGATIVE16843,0.0861937403678894
NEG_AMPLIFY_trNEGATIVE16853,0.9900122880935669
NEG_AMPLIFY_trNEGATIVE1687,0.016898753121495247
NEG_AMPLIFY_trNEGATIVE16891,0.3574163317680359
NEG_AMPLIFY_trNEGATIVE16898,0.037067484110593796
NEG_AMPLIFY_trNEGATIVE16899,0.08952854573726654
NEG_AMPLIFY_trNEGATIVE1690,0.07622615247964859
NEG_AMPLIFY_trNEGATIVE1691,0.22414694726467133
NEG_AMPLIFY_trNEGATIVE16912,0.014488974586129189
NEG_AMPLIFY_trNEGATIVE16914,0.8974689245223999
NEG_AMPLIFY_trNEGATIVE16949,0.45190271735191345
NEG_AMPLIFY_trNEGATIVE16955,0.09446389973163605
NEG_AMPLIFY_trNEGATIVE16994,0.010305930860340595
NEG_AMPLIFY_trNEGATIVE17027,0.9328885078430176
NEG_AMPLIFY_trNEGATIVE17065,0.4229974150657654
NEG_AMPLIFY_trNEGATIVE17096,0.10849298536777496
NEG_AMPLIFY_trNEGATIVE17115,0.1332743614912033
NEG_AMPLIFY_trNEGATIVE17188,0.45868155360221863
NEG_AMPLIFY_trNEGATIVE1720,0.03397553414106369
NEG_AMPLIFY_trNEGATIVE17202,0.01717398874461651
NEG_AMPLIFY_trNEGATIVE17250,0.8274417519569397
NEG_AMPLIFY_trNEGATIVE17258,0.030212337151169777
NEG_AMPLIFY_trNEGATIVE17328,0.13110826909542084
NEG_AMPLIFY_trNEGATIVE1733,0.9670718908309937
NEG_AMPLIFY_trNEGATIVE1735,0.1812165528535843
NEG_AMPLIFY_trNEGATIVE17359,0.15463517606258392
NEG_AMPLIFY_trNEGATIVE17384,0.7020741105079651
NEG_AMPLIFY_trNEGATIVE1742,0.061880484223365784
NEG_AMPLIFY_trNEGATIVE17428,0.9736212491989136
NEG_AMPLIFY_trNEGATIVE17432,0.33219611644744873
NEG_AMPLIFY_trNEGATIVE17435,0.017330659553408623
NEG_AMPLIFY_trNEGATIVE1744,0.12595915794372559
NEG_AMPLIFY_trNEGATIVE17466,0.05559571459889412
NEG_AMPLIFY_trNEGATIVE17473,0.9669064879417419
NEG_AMPLIFY_trNEGATIVE1749,0.010336900129914284
NEG_AMPLIFY_trNEGATIVE1750,0.019571222364902496
NEG_AMPLIFY_trNEGATIVE17515,0.012009653262794018
NEG_AMPLIFY_trNEGATIVE17519,0.018686527386307716
NEG_AMPLIFY_trNEGATIVE17577,0.026368720456957817
NEG_AMPLIFY_trNEGATIVE1758,0.10963807255029678
NEG_AMPLIFY_trNEGATIVE17609,0.9691063761711121
NEG_AMPLIFY_trNEGATIVE17612,0.03264838829636574
NEG_AMPLIFY_trNEGATIVE1763,0.02970646694302559
NEG_AMPLIFY_trNEGATIVE17675,0.11249171197414398
NEG_AMPLIFY_trNEGATIVE17679,0.07596968859434128
NEG_AMPLIFY_trNEGATIVE17700,0.058547236025333405
NEG_AMPLIFY_trNEGATIVE17716,0.0843239352107048
NEG_AMPLIFY_trNEGATIVE17717,0.026972977444529533
NEG_AMPLIFY_trNEGATIVE17721,0.07481598854064941
NEG_AMPLIFY_trNEGATIVE17726,0.12636874616146088
NEG_AMPLIFY_trNEGATIVE17772,0.18050451576709747
NEG_AMPLIFY_trNEGATIVE17781,0.012085705064237118
NEG_AMPLIFY_trNEGATIVE17810,0.122111015021801
NEG_AMPLIFY_trNEGATIVE17823,0.36426007747650146
NEG_AMPLIFY_trNEGATIVE17868,0.19260573387145996
NEG_AMPLIFY_trNEGATIVE17873,0.26055821776390076
NEG_AMPLIFY_trNEGATIVE17877,0.08366729319095612
NEG_AMPLIFY_trNEGATIVE1788,0.010633161291480064
NEG_AMPLIFY_trNEGATIVE17883,0.2447504997253418
NEG_AMPLIFY_trNEGATIVE17884,0.01205749437212944
NEG_AMPLIFY_trNEGATIVE17924,0.5408106446266174
NEG_AMPLIFY_trNEGATIVE1793,0.02680025063455105
NEG_AMPLIFY_trNEGATIVE17958,0.07424889504909515
NEG_AMPLIFY_trNEGATIVE1797,0.040131356567144394
NEG_AMPLIFY_trNEGATIVE17988,0.34821781516075134
NEG_AMPLIFY_trNEGATIVE18022,0.011112142354249954
NEG_AMPLIFY_trNEGATIVE18054,0.038653664290905
NEG_AMPLIFY_trNEGATIVE18083,0.021057045087218285
NEG_AMPLIFY_trNEGATIVE18087,0.9212173223495483
NEG_AMPLIFY_trNEGATIVE1809,0.04086017608642578
NEG_AMPLIFY_trNEGATIVE18144,0.032939519733190536
NEG_AMPLIFY_trNEGATIVE18150,0.19252419471740723
NEG_AMPLIFY_trNEGATIVE18151,0.4365151822566986
NEG_AMPLIFY_trNEGATIVE18166,0.990088164806366
NEG_AMPLIFY_trNEGATIVE18178,0.016632962971925735
NEG_AMPLIFY_trNEGATIVE18184,0.1791621446609497
NEG_AMPLIFY_trNEGATIVE18186,0.261470228433609
NEG_AMPLIFY_trNEGATIVE18201,0.25564882159233093
NEG_AMPLIFY_trNEGATIVE18212,0.009263858199119568
NEG_AMPLIFY_trNEGATIVE18243,0.2091229259967804
NEG_AMPLIFY_trNEGATIVE18294,0.9651010632514954
NEG_AMPLIFY_trNEGATIVE18321,0.31659817695617676
NEG_AMPLIFY_trNEGATIVE18328,0.052055977284908295
NEG_AMPLIFY_trNEGATIVE1833,0.5152414441108704
NEG_AMPLIFY_trNEGATIVE18355,0.35799893736839294
NEG_AMPLIFY_trNEGATIVE18370,0.1441887617111206
NEG_AMPLIFY_trNEGATIVE18403,0.5347490310668945
NEG_AMPLIFY_trNEGATIVE18404,0.013767127878963947
NEG_AMPLIFY_trNEGATIVE18406,0.1115492582321167
NEG_AMPLIFY_trNEGATIVE18453,0.2569406032562256
NEG_AMPLIFY_trNEGATIVE1846,0.04226115718483925
NEG_AMPLIFY_trNEGATIVE18507,0.9794943332672119
NEG_AMPLIFY_trNEGATIVE18528,0.09614317119121552
NEG_AMPLIFY_trNEGATIVE18532,0.5884383916854858
NEG_AMPLIFY_trNEGATIVE18565,0.05101417005062103
NEG_AMPLIFY_trNEGATIVE1857,0.05115047097206116
NEG_AMPLIFY_trNEGATIVE18572,0.017316186800599098
NEG_AMPLIFY_trNEGATIVE18575,0.2835938632488251
NEG_AMPLIFY_trNEGATIVE18606,0.3464621305465698
NEG_AMPLIFY_trNEGATIVE18611,0.2400689274072647
NEG_AMPLIFY_trNEGATIVE1864,0.7803841233253479
NEG_AMPLIFY_trNEGATIVE18652,0.03196336328983307
NEG_AMPLIFY_trNEGATIVE18665,0.04211420938372612
NEG_AMPLIFY_trNEGATIVE18684,0.009171662852168083
NEG_AMPLIFY_trNEGATIVE1869,0.048115313053131104
NEG_AMPLIFY_trNEGATIVE18692,0.35752832889556885
NEG_AMPLIFY_trNEGATIVE18728,0.7460015416145325
NEG_AMPLIFY_trNEGATIVE18797,0.11633060872554779
NEG_AMPLIFY_trNEGATIVE18806,0.13150383532047272
NEG_AMPLIFY_trNEGATIVE18815,0.026343390345573425
NEG_AMPLIFY_trNEGATIVE1882,0.3637438416481018
NEG_AMPLIFY_trNEGATIVE18820,0.6311313509941101
NEG_AMPLIFY_trNEGATIVE18823,0.014291711151599884
NEG_AMPLIFY_trNEGATIVE18852,0.0784929096698761
NEG_AMPLIFY_trNEGATIVE18853,0.6421672701835632
NEG_AMPLIFY_trNEGATIVE18889,0.035819899290800095
NEG_AMPLIFY_trNEGATIVE18902,0.9447282552719116
NEG_AMPLIFY_trNEGATIVE18915,0.29421624541282654
NEG_AMPLIFY_trNEGATIVE18940,0.25709447264671326
NEG_AMPLIFY_trNEGATIVE18948,0.9676938652992249
NEG_AMPLIFY_trNEGATIVE18952,0.3586573004722595
NEG_AMPLIFY_trNEGATIVE19001,0.25814709067344666
NEG_AMPLIFY_trNEGATIVE19037,0.42602959275245667
NEG_AMPLIFY_trNEGATIVE1909,0.009535235352814198
NEG_AMPLIFY_trNEGATIVE1911,0.024086708202958107
NEG_AMPLIFY_trNEGATIVE19137,0.059357352554798126
NEG_AMPLIFY_trNEGATIVE19156,0.9254936575889587
NEG_AMPLIFY_trNEGATIVE19166,0.2919985353946686
NEG_AMPLIFY_trNEGATIVE1919,0.984637975692749
NEG_AMPLIFY_trNEGATIVE19199,0.03496747836470604
NEG_AMPLIFY_trNEGATIVE1922,0.021813690662384033
NEG_AMPLIFY_trNEGATIVE19237,0.062328167259693146
NEG_AMPLIFY_trNEGATIVE19272,0.058012448251247406
NEG_AMPLIFY_trNEGATIVE19285,0.053098976612091064
NEG_AMPLIFY_trNEGATIVE1929,0.0484529547393322
NEG_AMPLIFY_trNEGATIVE1933,0.06415724009275436
NEG_AMPLIFY_trNEGATIVE19335,0.9478331804275513
NEG_AMPLIFY_trNEGATIVE1936,0.06587623804807663
NEG_AMPLIFY_trNEGATIVE1941,0.26194891333580017
NEG_AMPLIFY_trNEGATIVE19418,0.1799415647983551
NEG_AMPLIFY_trNEGATIVE19461,0.48533377051353455
NEG_AMPLIFY_trNEGATIVE19507,0.08727387338876724
NEG_AMPLIFY_trNEGATIVE19508,0.013730349950492382
NEG_AMPLIFY_trNEGATIVE19527,0.21951812505722046
NEG_AMPLIFY_trNEGATIVE1954,0.019046293571591377
NEG_AMPLIFY_trNEGATIVE1959,0.013091937638819218
NEG_AMPLIFY_trNEGATIVE19635,0.05634718015789986
NEG_AMPLIFY_trNEGATIVE1964,0.03610570728778839
NEG_AMPLIFY_trNEGATIVE19643,0.8841205835342407
NEG_AMPLIFY_trNEGATIVE1966,0.025499535724520683
NEG_AMPLIFY_trNEGATIVE19699,0.10662401467561722
NEG_AMPLIFY_trNEGATIVE1970,0.06377959996461868
NEG_AMPLIFY_trNEGATIVE19709,0.33863434195518494
NEG_AMPLIFY_trNEGATIVE19713,0.22684502601623535
NEG_AMPLIFY_trNEGATIVE19746,0.9835784435272217
NEG_AMPLIFY_trNEGATIVE19751,0.4415439963340759
NEG_AMPLIFY_trNEGATIVE19810,0.10631316155195236
NEG_AMPLIFY_trNEGATIVE19816,0.014085263945162296
NEG_AMPLIFY_trNEGATIVE19818,0.027075204998254776
NEG_AMPLIFY_trNEGATIVE19842,0.7876611351966858
NEG_AMPLIFY_trNEGATIVE19888,0.34538570046424866
NEG_AMPLIFY_trNEGATIVE1989,0.011065958999097347
NEG_AMPLIFY_trNEGATIVE19897,0.1412631720304489
NEG_AMPLIFY_trNEGATIVE19901,0.9695762991905212
NEG_AMPLIFY_trNEGATIVE19905,0.28971025347709656
NEG_AMPLIFY_trNEGATIVE19910,0.015946516767144203
NEG_AMPLIFY_trNEGATIVE19936,0.02756679803133011
NEG_AMPLIFY_trNEGATIVE19977,0.012717785313725471
NEG_AMPLIFY_trNEGATIVE1999,0.4428073763847351
NEG_AMPLIFY_trNEGATIVE20014,0.07098597288131714
NEG_AMPLIFY_trNEGATIVE2004,0.10293678939342499
NEG_AMPLIFY_trNEGATIVE20041,0.010418535210192204
NEG_AMPLIFY_trNEGATIVE20049,0.08279674500226974
NEG_AMPLIFY_trNEGATIVE20069,0.9832865595817566
NEG_AMPLIFY_trNEGATIVE2009,0.2743465006351471
NEG_AMPLIFY_trNEGATIVE20121,0.11564577370882034
NEG_AMPLIFY_trNEGATIVE20137,0.0237582977861166
NEG_AMPLIFY_trNEGATIVE20140,0.07982099056243896
NEG_AMPLIFY_trNEGATIVE20142,0.0672515407204628
NEG_AMPLIFY_trNEGATIVE20154,0.11208289861679077
NEG_AMPLIFY_trNEGATIVE20223,0.08064891397953033
NEG_AMPLIFY_trNEGATIVE20230,0.18202555179595947
NEG_AMPLIFY_trNEGATIVE2026,0.8542693257331848
NEG_AMPLIFY_trNEGATIVE20275,0.2239593118429184
NEG_AMPLIFY_trNEGATIVE20325,0.9893189668655396
NEG_AMPLIFY_trNEGATIVE20332,0.13440421223640442
NEG_AMPLIFY_trNEGATIVE20333,0.1313626915216446
NEG_AMPLIFY_trNEGATIVE20334,0.092317596077919
NEG_AMPLIFY_trNEGATIVE2035,0.07120320945978165
NEG_AMPLIFY_trNEGATIVE20360,0.9436583518981934
NEG_AMPLIFY_trNEGATIVE20375,0.21134544909000397
NEG_AMPLIFY_trNEGATIVE2039,0.03809516876935959
NEG_AMPLIFY_trNEGATIVE20411,0.03334615007042885
NEG_AMPLIFY_trNEGATIVE20438,0.11980261653661728
NEG_AMPLIFY_trNEGATIVE20452,0.00906837172806263
NEG_AMPLIFY_trNEGATIVE20467,0.28137513995170593
NEG_AMPLIFY_trNEGATIVE20482,0.6210002899169922
NEG_AMPLIFY_trNEGATIVE2049,0.6593759655952454
NEG_AMPLIFY_trNEGATIVE20492,0.5842093825340271
NEG_AMPLIFY_trNEGATIVE20534,0.01815595105290413
NEG_AMPLIFY_trNEGATIVE2057,0.0264087226241827
NEG_AMPLIFY_trNEGATIVE20582,0.251707524061203
NEG_AMPLIFY_trNEGATIVE20587,0.14785636961460114
NEG_AMPLIFY_trNEGATIVE20592,0.010072899051010609
NEG_AMPLIFY_trNEGATIVE20608,0.7107895612716675
NEG_AMPLIFY_trNEGATIVE20622,0.596613347530365
NEG_AMPLIFY_trNEGATIVE2064,0.9201578497886658
NEG_AMPLIFY_trNEGATIVE20646,0.2454182356595993
NEG_AMPLIFY_trNEGATIVE20647,0.033349525183439255
NEG_AMPLIFY_trNEGATIVE2065,0.14439116418361664
NEG_AMPLIFY_trNEGATIVE20651,0.010530884377658367
NEG_AMPLIFY_trNEGATIVE20653,0.2718023955821991
NEG_AMPLIFY_trNEGATIVE20663,0.02450590953230858
NEG_AMPLIFY_trNEGATIVE20674,0.012703514657914639
NEG_AMPLIFY_trNEGATIVE20716,0.3480295240879059
NEG_AMPLIFY_trNEGATIVE20731,0.011086966842412949
NEG_AMPLIFY_trNEGATIVE20736,0.1994108408689499
NEG_AMPLIFY_trNEGATIVE20757,0.11536222696304321
NEG_AMPLIFY_trNEGATIVE20768,0.9793521165847778
NEG_AMPLIFY_trNEGATIVE20782,0.24209527671337128
NEG_AMPLIFY_trNEGATIVE20851,0.66160649061203
NEG_AMPLIFY_trNEGATIVE20917,0.03765030950307846
NEG_AMPLIFY_trNEGATIVE2092,0.07936852425336838
NEG_AMPLIFY_trNEGATIVE2094,0.06284890323877335
NEG_AMPLIFY_trNEGATIVE20969,0.07471543550491333
NEG_AMPLIFY_trNEGATIVE20986,0.5385473966598511
NEG_AMPLIFY_trNEGATIVE20997,0.942661702632904
NEG_AMPLIFY_trNEGATIVE21011,0.0895327627658844
NEG_AMPLIFY_trNEGATIVE21020,0.01876802369952202
NEG_AMPLIFY_trNEGATIVE2104,0.9871072173118591
NEG_AMPLIFY_trNEGATIVE21042,0.9774138331413269
NEG_AMPLIFY_trNEGATIVE21109,0.021415920928120613
NEG_AMPLIFY_trNEGATIVE2111,0.011480224318802357
NEG_AMPLIFY_trNEGATIVE2112,0.011710899882018566
NEG_AMPLIFY_trNEGATIVE21127,0.17596179246902466
NEG_AMPLIFY_trNEGATIVE21147,0.9906767010688782
NEG_AMPLIFY_trNEGATIVE21166,0.3409368395805359
NEG_AMPLIFY_trNEGATIVE21195,0.01828271523118019
NEG_AMPLIFY_trNEGATIVE2121,0.07846888899803162
NEG_AMPLIFY_trNEGATIVE21215,0.015880459919571877
NEG_AMPLIFY_trNEGATIVE21248,0.09815678745508194
NEG_AMPLIFY_trNEGATIVE21269,0.9835913181304932
NEG_AMPLIFY_trNEGATIVE21272,0.13858911395072937
NEG_AMPLIFY_trNEGATIVE21300,0.33867019414901733
NEG_AMPLIFY_trNEGATIVE21313,0.11282148212194443
NEG_AMPLIFY_trNEGATIVE2134,0.1534436047077179
NEG_AMPLIFY_trNEGATIVE21345,0.04797384887933731
NEG_AMPLIFY_trNEGATIVE2135,0.4138810634613037
NEG_AMPLIFY_trNEGATIVE21351,0.009542969986796379
NEG_AMPLIFY_trNEGATIVE21365,0.4267753064632416
NEG_AMPLIFY_trNEGATIVE21368,0.06796923279762268
NEG_AMPLIFY_trNEGATIVE21375,0.4699629247188568
NEG_AMPLIFY_trNEGATIVE2138,0.2049020528793335
NEG_AMPLIFY_trNEGATIVE2141,0.017667356878519058
NEG_AMPLIFY_trNEGATIVE21415,0.1621067076921463
NEG_AMPLIFY_trNEGATIVE21424,0.4917351007461548
NEG_AMPLIFY_trNEGATIVE21453,0.12318450212478638
NEG_AMPLIFY_trNEGATIVE2148,0.010732990689575672
NEG_AMPLIFY_trNEGATIVE21523,0.19159413874149323
NEG_AMPLIFY_trNEGATIVE21611,0.16419197618961334
NEG_AMPLIFY_trNEGATIVE21621,0.1475830376148224
NEG_AMPLIFY_trNEGATIVE21634,0.013640542514622211
NEG_AMPLIFY_trNEGATIVE21641,0.040905848145484924
NEG_AMPLIFY_trNEGATIVE21646,0.983218252658844
NEG_AMPLIFY_trNEGATIVE21648,0.13193514943122864
NEG_AMPLIFY_trNEGATIVE21649,0.5846431851387024
NEG_AMPLIFY_trNEGATIVE21654,0.009363804012537003
NEG_AMPLIFY_trNEGATIVE21667,0.46393343806266785
NEG_AMPLIFY_trNEGATIVE2167,0.017962122336030006
NEG_AMPLIFY_trNEGATIVE2168,0.13371793925762177
NEG_AMPLIFY_trNEGATIVE21694,0.11290258169174194
NEG_AMPLIFY_trNEGATIVE21699,0.010283243842422962
NEG_AMPLIFY_trNEGATIVE21702,0.08453313261270523
NEG_AMPLIFY_trNEGATIVE21711,0.038686733692884445
NEG_AMPLIFY_trNEGATIVE21748,0.03265736624598503
NEG_AMPLIFY_trNEGATIVE21757,0.4440590739250183
NEG_AMPLIFY_trNEGATIVE21766,0.034182507544755936
NEG_AMPLIFY_trNEGATIVE21770,0.8829395174980164
NEG_AMPLIFY_trNEGATIVE21790,0.05200163275003433
NEG_AMPLIFY_trNEGATIVE21826,0.17625214159488678
NEG_AMPLIFY_trNEGATIVE21833,0.1442875862121582
NEG_AMPLIFY_trNEGATIVE21846,0.13934312760829926
NEG_AMPLIFY_trNEGATIVE21849,0.19732607901096344
NEG_AMPLIFY_trNEGATIVE21858,0.050732944160699844
NEG_AMPLIFY_trNEGATIVE21901,0.03258829191327095
NEG_AMPLIFY_trNEGATIVE21927,0.8361485600471497
NEG_AMPLIFY_trNEGATIVE21938,0.38423866033554077
NEG_AMPLIFY_trNEGATIVE21994,0.36383551359176636
NEG_AMPLIFY_trNEGATIVE22023,0.15840844810009003
NEG_AMPLIFY_trNEGATIVE22028,0.027717888355255127
NEG_AMPLIFY_trNEGATIVE2203,0.07386825978755951
NEG_AMPLIFY_trNEGATIVE22085,0.06840062886476517
NEG_AMPLIFY_trNEGATIVE2209,0.10220667719841003
NEG_AMPLIFY_trNEGATIVE22098,0.15612183511257172
NEG_AMPLIFY_trNEGATIVE22107,0.11785532534122467
NEG_AMPLIFY_trNEGATIVE2213,0.09387756139039993
NEG_AMPLIFY_trNEGATIVE22139,0.01728101447224617
NEG_AMPLIFY_trNEGATIVE22170,0.2242056429386139
NEG_AMPLIFY_trNEGATIVE22185,0.9086315035820007
NEG_AMPLIFY_trNEGATIVE2221,0.02552112005650997
NEG_AMPLIFY_trNEGATIVE22219,0.09178505837917328
NEG_AMPLIFY_trNEGATIVE22249,0.1209987923502922
NEG_AMPLIFY_trNEGATIVE22257,0.770179271697998
NEG_AMPLIFY_trNEGATIVE22258,0.2497873306274414
NEG_AMPLIFY_trNEGATIVE22276,0.020111113786697388
NEG_AMPLIFY_trNEGATIVE2228,0.22465069591999054
NEG_AMPLIFY_trNEGATIVE2234,0.1039159893989563
NEG_AMPLIFY_trNEGATIVE22368,0.02339688502252102
NEG_AMPLIFY_trNEGATIVE2237,0.027513602748513222
NEG_AMPLIFY_trNEGATIVE2241,0.038510434329509735
NEG_AMPLIFY_trNEGATIVE22443,0.3410021662712097
NEG_AMPLIFY_trNEGATIVE22464,0.05111629515886307
NEG_AMPLIFY_trNEGATIVE22487,0.47787928581237793
NEG_AMPLIFY_trNEGATIVE22520,0.039339713752269745
NEG_AMPLIFY_trNEGATIVE2253,0.2365560680627823
NEG_AMPLIFY_trNEGATIVE22566,0.9261596202850342
NEG_AMPLIFY_trNEGATIVE22593,0.023930517956614494
NEG_AMPLIFY_trNEGATIVE22600,0.015471446327865124
NEG_AMPLIFY_trNEGATIVE22622,0.4291152060031891
NEG_AMPLIFY_trNEGATIVE2263,0.1762368530035019
NEG_AMPLIFY_trNEGATIVE22638,0.009297644719481468
NEG_AMPLIFY_trNEGATIVE2264,0.8798936605453491
NEG_AMPLIFY_trNEGATIVE2265,0.1002144068479538
NEG_AMPLIFY_trNEGATIVE22670,0.18182528018951416
NEG_AMPLIFY_trNEGATIVE22675,0.19713616371154785
NEG_AMPLIFY_trNEGATIVE22709,0.21697363257408142
NEG_AMPLIFY_trNEGATIVE2272,0.127017542719841
NEG_AMPLIFY_trNEGATIVE22731,0.7786659598350525
NEG_AMPLIFY_trNEGATIVE22743,0.7781966328620911
NEG_AMPLIFY_trNEGATIVE22750,0.2556612491607666
NEG_AMPLIFY_trNEGATIVE22759,0.07642151415348053
NEG_AMPLIFY_trNEGATIVE22768,0.10514344274997711
NEG_AMPLIFY_trNEGATIVE22776,0.7906084060668945
NEG_AMPLIFY_trNEGATIVE22788,0.030448628589510918
NEG_AMPLIFY_trNEGATIVE2279,0.05108777806162834
NEG_AMPLIFY_trNEGATIVE22820,0.4387800395488739
NEG_AMPLIFY_trNEGATIVE22825,0.4324676990509033
NEG_AMPLIFY_trNEGATIVE2286,0.8529072403907776
NEG_AMPLIFY_trNEGATIVE22878,0.07391924411058426
NEG_AMPLIFY_trNEGATIVE22896,0.08857296407222748
NEG_AMPLIFY_trNEGATIVE22916,0.028728831559419632
NEG_AMPLIFY_trNEGATIVE22924,0.2880416214466095
NEG_AMPLIFY_trNEGATIVE2293,0.2662923336029053
NEG_AMPLIFY_trNEGATIVE2296,0.02100864052772522
NEG_AMPLIFY_trNEGATIVE2298,0.14409980177879333
NEG_AMPLIFY_trNEGATIVE22990,0.9887257814407349
NEG_AMPLIFY_trNEGATIVE2301,0.009534019976854324
NEG_AMPLIFY_trNEGATIVE2302,0.029865259304642677
NEG_AMPLIFY_trNEGATIVE2303,0.04102258384227753
NEG_AMPLIFY_trNEGATIVE23031,0.06172990798950195
NEG_AMPLIFY_trNEGATIVE2304,0.10400591045618057
NEG_AMPLIFY_trNEGATIVE23058,0.4862802028656006
NEG_AMPLIFY_trNEGATIVE2307,0.044895317405462265
NEG_AMPLIFY_trNEGATIVE2310,0.43084076046943665
NEG_AMPLIFY_trNEGATIVE23134,0.4643499553203583
NEG_AMPLIFY_trNEGATIVE2314,0.010216091759502888
NEG_AMPLIFY_trNEGATIVE23142,0.034967292100191116
NEG_AMPLIFY_trNEGATIVE23158,0.012540250085294247
NEG_AMPLIFY_trNEGATIVE23185,0.07968290895223618
NEG_AMPLIFY_trNEGATIVE23233,0.09636612981557846
NEG_AMPLIFY_trNEGATIVE23255,0.08351559937000275
NEG_AMPLIFY_trNEGATIVE23278,0.22264821827411652
NEG_AMPLIFY_trNEGATIVE23295,0.13801942765712738
NEG_AMPLIFY_trNEGATIVE2330,0.3210570514202118
NEG_AMPLIFY_trNEGATIVE2331,0.8599039316177368
NEG_AMPLIFY_trNEGATIVE23313,0.030392862856388092
NEG_AMPLIFY_trNEGATIVE23320,0.9689691662788391
NEG_AMPLIFY_trNEGATIVE23325,0.12443694472312927
NEG_AMPLIFY_trNEGATIVE23328,0.09436006098985672
NEG_AMPLIFY_trNEGATIVE23347,0.6213323473930359
NEG_AMPLIFY_trNEGATIVE23350,0.037978556007146835
NEG_AMPLIFY_trNEGATIVE23386,0.14432846009731293
NEG_AMPLIFY_trNEGATIVE2340,0.13358227908611298
NEG_AMPLIFY_trNEGATIVE23401,0.2193373441696167
NEG_AMPLIFY_trNEGATIVE23406,0.6285576224327087
NEG_AMPLIFY_trNEGATIVE2341,0.03316950052976608
NEG_AMPLIFY_trNEGATIVE2342,0.19599588215351105
NEG_AMPLIFY_trNEGATIVE23439,0.1494387984275818
NEG_AMPLIFY_trNEGATIVE2344,0.057748012244701385
NEG_AMPLIFY_trNEGATIVE23452,0.03856705129146576
NEG_AMPLIFY_trNEGATIVE23471,0.07188238948583603
NEG_AMPLIFY_trNEGATIVE2349,0.0853128656744957
NEG_AMPLIFY_trNEGATIVE2350,0.5535224080085754
NEG_AMPLIFY_trNEGATIVE23500,0.10443127155303955
NEG_AMPLIFY_trNEGATIVE23514,0.11543016880750656
NEG_AMPLIFY_trNEGATIVE23518,0.0301993265748024
NEG_AMPLIFY_trNEGATIVE23519,0.6621942520141602
NEG_AMPLIFY_trNEGATIVE2352,0.021998180076479912
NEG_AMPLIFY_trNEGATIVE23538,0.10236842930316925
NEG_AMPLIFY_trNEGATIVE23581,0.7869017124176025
NEG_AMPLIFY_trNEGATIVE23592,0.19413956999778748
NEG_AMPLIFY_trNEGATIVE2364,0.01696276105940342
NEG_AMPLIFY_trNEGATIVE23656,0.09358847141265869
NEG_AMPLIFY_trNEGATIVE23660,0.3099602162837982
NEG_AMPLIFY_trNEGATIVE23668,0.026072002947330475
NEG_AMPLIFY_trNEGATIVE2367,0.040818605571985245
NEG_AMPLIFY_trNEGATIVE23671,0.04175673425197601
NEG_AMPLIFY_trNEGATIVE23675,0.017884600907564163
NEG_AMPLIFY_trNEGATIVE23683,0.12237638235092163
NEG_AMPLIFY_trNEGATIVE23706,0.9045896530151367
NEG_AMPLIFY_trNEGATIVE2376,0.21214495599269867
NEG_AMPLIFY_trNEGATIVE2378,0.08449452370405197
NEG_AMPLIFY_trNEGATIVE2379,0.026731090620160103
NEG_AMPLIFY_trNEGATIVE23817,0.017903538420796394
NEG_AMPLIFY_trNEGATIVE2382,0.2753776013851166
NEG_AMPLIFY_trNEGATIVE23822,0.013804716058075428
NEG_AMPLIFY_trNEGATIVE23852,0.009109572507441044
NEG_AMPLIFY_trNEGATIVE2386,0.28465336561203003
NEG_AMPLIFY_trNEGATIVE23884,0.021607665345072746
NEG_AMPLIFY_trNEGATIVE23898,0.14814069867134094
NEG_AMPLIFY_trNEGATIVE2390,0.7025198936462402
NEG_AMPLIFY_trNEGATIVE23904,0.050320230424404144
NEG_AMPLIFY_trNEGATIVE2393,0.08691811561584473
NEG_AMPLIFY_trNEGATIVE2395,0.9614331126213074
NEG_AMPLIFY_trNEGATIVE23958,0.037373948842287064
NEG_AMPLIFY_trNEGATIVE23961,0.9725744128227234
NEG_AMPLIFY_trNEGATIVE2398,0.05297519266605377
NEG_AMPLIFY_trNEGATIVE23982,0.8487424254417419
NEG_AMPLIFY_trNEGATIVE2400,0.0481598824262619
NEG_AMPLIFY_trNEGATIVE2402,0.017494428902864456
NEG_AMPLIFY_trNEGATIVE2403,0.03049098700284958
NEG_AMPLIFY_trNEGATIVE24044,0.08147649466991425
NEG_AMPLIFY_trNEGATIVE24082,0.18751387298107147
NEG_AMPLIFY_trNEGATIVE24090,0.6626372337341309
NEG_AMPLIFY_trNEGATIVE24105,0.18465231359004974
NEG_AMPLIFY_trNEGATIVE24113,0.022589080035686493
NEG_AMPLIFY_trNEGATIVE2412,0.03481777384877205
NEG_AMPLIFY_trNEGATIVE24132,0.044856779277324677
NEG_AMPLIFY_trNEGATIVE24144,0.06416761130094528
NEG_AMPLIFY_trNEGATIVE24186,0.6287146806716919
NEG_AMPLIFY_trNEGATIVE24212,0.1837487667798996
NEG_AMPLIFY_trNEGATIVE2422,0.35158729553222656
NEG_AMPLIFY_trNEGATIVE24226,0.5004138350486755
NEG_AMPLIFY_trNEGATIVE2425,0.0495108962059021
NEG_AMPLIFY_trNEGATIVE2429,0.03308895230293274
NEG_AMPLIFY_trNEGATIVE24291,0.032251957803964615
NEG_AMPLIFY_trNEGATIVE24308,0.06754998117685318
NEG_AMPLIFY_trNEGATIVE2431,0.5265026688575745
NEG_AMPLIFY_trNEGATIVE24319,0.060791391879320145
NEG_AMPLIFY_trNEGATIVE24334,0.5313618183135986
NEG_AMPLIFY_trNEGATIVE2434,0.0631478801369667
NEG_AMPLIFY_trNEGATIVE24341,0.18712905049324036
NEG_AMPLIFY_trNEGATIVE24346,0.05943004786968231
NEG_AMPLIFY_trNEGATIVE24358,0.6129071712493896
NEG_AMPLIFY_trNEGATIVE24365,0.5808602571487427
NEG_AMPLIFY_trNEGATIVE24390,0.303351491689682
NEG_AMPLIFY_trNEGATIVE2441,0.09381002932786942
NEG_AMPLIFY_trNEGATIVE24462,0.7666858434677124
NEG_AMPLIFY_trNEGATIVE24463,0.08170609176158905
NEG_AMPLIFY_trNEGATIVE2451,0.044586069881916046
NEG_AMPLIFY_trNEGATIVE24537,0.31660547852516174
NEG_AMPLIFY_trNEGATIVE2456,0.9166008830070496
NEG_AMPLIFY_trNEGATIVE2459,0.015165835618972778
NEG_AMPLIFY_trNEGATIVE24606,0.06741851568222046
NEG_AMPLIFY_trNEGATIVE24612,0.10992837697267532
NEG_AMPLIFY_trNEGATIVE24615,0.9879372119903564
NEG_AMPLIFY_trNEGATIVE2462,0.06059108301997185
NEG_AMPLIFY_trNEGATIVE24681,0.44137516617774963
NEG_AMPLIFY_trNEGATIVE2469,0.0179743729531765
NEG_AMPLIFY_trNEGATIVE2470,0.02442920207977295
NEG_AMPLIFY_trNEGATIVE24708,0.01950955018401146
NEG_AMPLIFY_trNEGATIVE2473,0.12024091184139252
NEG_AMPLIFY_trNEGATIVE24730,0.04151139408349991
NEG_AMPLIFY_trNEGATIVE24752,0.00935278832912445
NEG_AMPLIFY_trNEGATIVE2477,0.1524115949869156
NEG_AMPLIFY_trNEGATIVE24790,0.8671547174453735
NEG_AMPLIFY_trNEGATIVE2480,0.12171551585197449
NEG_AMPLIFY_trNEGATIVE24810,0.1178993284702301
NEG_AMPLIFY_trNEGATIVE2487,0.11995166540145874
NEG_AMPLIFY_trNEGATIVE24895,0.13441820442676544
NEG_AMPLIFY_trNEGATIVE24931,0.3139949142932892
NEG_AMPLIFY_trNEGATIVE24933,0.03990956395864487
NEG_AMPLIFY_trNEGATIVE24934,0.9819907546043396
NEG_AMPLIFY_trNEGATIVE2498,0.04278692975640297
NEG_AMPLIFY_trNEGATIVE24984,0.9300804734230042
NEG_AMPLIFY_trNEGATIVE25000,0.060251593589782715
NEG_AMPLIFY_trNEGATIVE25001,0.17503666877746582
NEG_AMPLIFY_trNEGATIVE25021,0.058328986167907715
NEG_AMPLIFY_trNEGATIVE2506,0.013383150100708008
NEG_AMPLIFY_trNEGATIVE25062,0.318080872297287
NEG_AMPLIFY_trNEGATIVE25088,0.176664337515831
NEG_AMPLIFY_trNEGATIVE25097,0.19352324306964874
NEG_AMPLIFY_trNEGATIVE25099,0.049089450389146805
NEG_AMPLIFY_trNEGATIVE25102,0.37564730644226074
NEG_AMPLIFY_trNEGATIVE25143,0.15695533156394958
NEG_AMPLIFY_trNEGATIVE2515,0.03956659510731697
NEG_AMPLIFY_trNEGATIVE2516,0.03633873537182808
NEG_AMPLIFY_trNEGATIVE25166,0.20827393233776093
NEG_AMPLIFY_trNEGATIVE2517,0.026923028752207756
NEG_AMPLIFY_trNEGATIVE25176,0.027762936428189278
NEG_AMPLIFY_trNEGATIVE25191,0.029708342626690865
NEG_AMPLIFY_trNEGATIVE2520,0.021479088813066483
NEG_AMPLIFY_trNEGATIVE2522,0.10121753066778183
NEG_AMPLIFY_trNEGATIVE2529,0.4928654432296753
NEG_AMPLIFY_trNEGATIVE25293,0.017091644927859306
NEG_AMPLIFY_trNEGATIVE25297,0.3842950165271759
NEG_AMPLIFY_trNEGATIVE25300,0.06325316429138184
NEG_AMPLIFY_trNEGATIVE25345,0.171796053647995
NEG_AMPLIFY_trNEGATIVE2536,0.03337902948260307
NEG_AMPLIFY_trNEGATIVE25363,0.09383019059896469
NEG_AMPLIFY_trNEGATIVE25368,0.0441620759665966
NEG_AMPLIFY_trNEGATIVE2538,0.012390172109007835
NEG_AMPLIFY_trNEGATIVE25384,0.041663315147161484
NEG_AMPLIFY_trNEGATIVE25415,0.1585044115781784
NEG_AMPLIFY_trNEGATIVE25449,0.025975646451115608
NEG_AMPLIFY_trNEGATIVE25480,0.03101757913827896
NEG_AMPLIFY_trNEGATIVE2549,0.10144373029470444
NEG_AMPLIFY_trNEGATIVE2550,0.01390454825013876
NEG_AMPLIFY_trNEGATIVE25549,0.3491169810295105
NEG_AMPLIFY_trNEGATIVE2555,0.017505522817373276
NEG_AMPLIFY_trNEGATIVE25551,0.018528824672102928
NEG_AMPLIFY_trNEGATIVE25617,0.10200615227222443
NEG_AMPLIFY_trNEGATIVE2564,0.44597622752189636
NEG_AMPLIFY_trNEGATIVE25640,0.9899022579193115
NEG_AMPLIFY_trNEGATIVE25652,0.06858833134174347
NEG_AMPLIFY_trNEGATIVE25668,0.06971477717161179
NEG_AMPLIFY_trNEGATIVE25674,0.08504248410463333
NEG_AMPLIFY_trNEGATIVE25680,0.01736166886985302
NEG_AMPLIFY_trNEGATIVE25682,0.20428737998008728
NEG_AMPLIFY_trNEGATIVE25711,0.020315980538725853
NEG_AMPLIFY_trNEGATIVE25738,0.014085819944739342
NEG_AMPLIFY_trNEGATIVE2577,0.012959853745996952
NEG_AMPLIFY_trNEGATIVE25808,0.8495653867721558
NEG_AMPLIFY_trNEGATIVE25809,0.019331561401486397
NEG_AMPLIFY_trNEGATIVE2583,0.00931215938180685
NEG_AMPLIFY_trNEGATIVE25837,0.040179505944252014
NEG_AMPLIFY_trNEGATIVE25850,0.1279013305902481
NEG_AMPLIFY_trNEGATIVE25891,0.3883693516254425
NEG_AMPLIFY_trNEGATIVE25893,0.03886638581752777
NEG_AMPLIFY_trNEGATIVE25894,0.4971458613872528
NEG_AMPLIFY_trNEGATIVE25932,0.07308656722307205
NEG_AMPLIFY_trNEGATIVE25974,0.9665945768356323
NEG_AMPLIFY_trNEGATIVE25978,0.011295697651803493
NEG_AMPLIFY_trNEGATIVE26043,0.11347664147615433
NEG_AMPLIFY_trNEGATIVE2607,0.14935588836669922
NEG_AMPLIFY_trNEGATIVE26084,0.03573940321803093
NEG_AMPLIFY_trNEGATIVE26100,0.07565183192491531
NEG_AMPLIFY_trNEGATIVE26101,0.0920538604259491
NEG_AMPLIFY_trNEGATIVE26119,0.5321668982505798
NEG_AMPLIFY_trNEGATIVE26139,0.01912630721926689
NEG_AMPLIFY_trNEGATIVE26159,0.945859432220459
NEG_AMPLIFY_trNEGATIVE26175,0.06880009174346924
NEG_AMPLIFY_trNEGATIVE26188,0.009540077298879623
NEG_AMPLIFY_trNEGATIVE26192,0.02524816244840622
NEG_AMPLIFY_trNEGATIVE26199,0.21114517748355865
NEG_AMPLIFY_trNEGATIVE26223,0.08975259959697723
NEG_AMPLIFY_trNEGATIVE26278,0.10272330045700073
NEG_AMPLIFY_trNEGATIVE26279,0.24989300966262817
NEG_AMPLIFY_trNEGATIVE26353,0.05926788970828056
NEG_AMPLIFY_trNEGATIVE26362,0.08427730202674866
NEG_AMPLIFY_trNEGATIVE26363,0.03804010897874832
NEG_AMPLIFY_trNEGATIVE26413,0.7890382409095764
NEG_AMPLIFY_trNEGATIVE26428,0.08023545145988464
NEG_AMPLIFY_trNEGATIVE26468,0.737606406211853
NEG_AMPLIFY_trNEGATIVE26518,0.15952734649181366
NEG_AMPLIFY_trNEGATIVE26576,0.060651253908872604
NEG_AMPLIFY_trNEGATIVE26581,0.6098629236221313
NEG_AMPLIFY_trNEGATIVE26626,0.02639143541455269
NEG_AMPLIFY_trNEGATIVE26627,0.6039891242980957
NEG_AMPLIFY_trNEGATIVE26663,0.07772652059793472
NEG_AMPLIFY_trNEGATIVE26665,0.8834460973739624
NEG_AMPLIFY_trNEGATIVE26701,0.8491321206092834
NEG_AMPLIFY_trNEGATIVE26704,0.010844186879694462
NEG_AMPLIFY_trNEGATIVE26738,0.6248174905776978
NEG_AMPLIFY_trNEGATIVE26739,0.04020572081208229
NEG_AMPLIFY_trNEGATIVE26741,0.14600877463817596
NEG_AMPLIFY_trNEGATIVE26786,0.4633105397224426
NEG_AMPLIFY_trNEGATIVE26792,0.21687617897987366
NEG_AMPLIFY_trNEGATIVE2681,0.046307191252708435
NEG_AMPLIFY_trNEGATIVE26820,0.09679879248142242
NEG_AMPLIFY_trNEGATIVE26831,0.11990395933389664
NEG_AMPLIFY_trNEGATIVE26856,0.02195628732442856
NEG_AMPLIFY_trNEGATIVE26903,0.6354020833969116
NEG_AMPLIFY_trNEGATIVE26909,0.01340697705745697
NEG_AMPLIFY_trNEGATIVE26954,0.9629244804382324
NEG_AMPLIFY_trNEGATIVE26955,0.17930291593074799
NEG_AMPLIFY_trNEGATIVE2696,0.06919433176517487
NEG_AMPLIFY_trNEGATIVE26974,0.04525713250041008
NEG_AMPLIFY_trNEGATIVE27018,0.044507160782814026
NEG_AMPLIFY_trNEGATIVE27020,0.08485911786556244
NEG_AMPLIFY_trNEGATIVE27065,0.17088325321674347
NEG_AMPLIFY_trNEGATIVE27141,0.021023837849497795
NEG_AMPLIFY_trNEGATIVE27143,0.02867383323609829
NEG_AMPLIFY_trNEGATIVE27144,0.9110780358314514
NEG_AMPLIFY_trNEGATIVE27155,0.017976628616452217
NEG_AMPLIFY_trNEGATIVE2718,0.048214368522167206
NEG_AMPLIFY_trNEGATIVE2720,0.9642066359519958
NEG_AMPLIFY_trNEGATIVE27210,0.03845010697841644
NEG_AMPLIFY_trNEGATIVE2728,0.49119657278060913
NEG_AMPLIFY_trNEGATIVE2731,0.0429898239672184
NEG_AMPLIFY_trNEGATIVE27331,0.10735149681568146
NEG_AMPLIFY_trNEGATIVE27335,0.023229843005537987
NEG_AMPLIFY_trNEGATIVE2736,0.017885539680719376
NEG_AMPLIFY_trNEGATIVE27361,0.907719075679779
NEG_AMPLIFY_trNEGATIVE27379,0.20069831609725952
NEG_AMPLIFY_trNEGATIVE27440,0.07661711424589157
NEG_AMPLIFY_trNEGATIVE2746,0.28897416591644287
NEG_AMPLIFY_trNEGATIVE2768,0.0843752846121788
NEG_AMPLIFY_trNEGATIVE2782,0.22646811604499817
NEG_AMPLIFY_trNEGATIVE2795,0.01369955763220787
NEG_AMPLIFY_trNEGATIVE2799,0.03045988269150257
NEG_AMPLIFY_trNEGATIVE2802,0.2777615785598755
NEG_AMPLIFY_trNEGATIVE2805,0.14349283277988434
NEG_AMPLIFY_trNEGATIVE2806,0.09405630081892014
NEG_AMPLIFY_trNEGATIVE2814,0.11579546332359314
NEG_AMPLIFY_trNEGATIVE2822,0.03938918933272362
NEG_AMPLIFY_trNEGATIVE2831,0.04728769138455391
NEG_AMPLIFY_trNEGATIVE2834,0.023066632449626923
NEG_AMPLIFY_trNEGATIVE2848,0.9563031196594238
NEG_AMPLIFY_trNEGATIVE2856,0.012725426815450191
NEG_AMPLIFY_trNEGATIVE2858,0.35957926511764526
NEG_AMPLIFY_trNEGATIVE2859,0.045880768448114395
NEG_AMPLIFY_trNEGATIVE2867,0.12257044017314911
NEG_AMPLIFY_trNEGATIVE2876,0.03596927225589752
NEG_AMPLIFY_trNEGATIVE2881,0.17709232866764069
NEG_AMPLIFY_trNEGATIVE2882,0.30163708329200745
NEG_AMPLIFY_trNEGATIVE2891,0.05796809121966362
NEG_AMPLIFY_trNEGATIVE2892,0.01572277396917343
NEG_AMPLIFY_trNEGATIVE2899,0.040100958198308945
NEG_AMPLIFY_trNEGATIVE2908,0.017973918467760086
NEG_AMPLIFY_trNEGATIVE2909,0.01927226409316063
NEG_AMPLIFY_trNEGATIVE2912,0.012519328854978085
NEG_AMPLIFY_trNEGATIVE2921,0.020841334015130997
NEG_AMPLIFY_trNEGATIVE2935,0.0224757082760334
NEG_AMPLIFY_trNEGATIVE2947,0.19306853413581848
NEG_AMPLIFY_trNEGATIVE2948,0.019212381914258003
NEG_AMPLIFY_trNEGATIVE2960,0.2161145955324173
NEG_AMPLIFY_trNEGATIVE2988,0.14845764636993408
NEG_AMPLIFY_trNEGATIVE3018,0.13508346676826477
NEG_AMPLIFY_trNEGATIVE3019,0.1280675232410431
NEG_AMPLIFY_trNEGATIVE3024,0.03737533837556839
NEG_AMPLIFY_trNEGATIVE3027,0.01800970733165741
NEG_AMPLIFY_trNEGATIVE3058,0.11876106262207031
NEG_AMPLIFY_trNEGATIVE3060,0.1296236366033554
NEG_AMPLIFY_trNEGATIVE3063,0.028666699305176735
NEG_AMPLIFY_trNEGATIVE3065,0.20882751047611237
NEG_AMPLIFY_trNEGATIVE3068,0.7130336165428162
NEG_AMPLIFY_trNEGATIVE3076,0.012635099701583385
NEG_AMPLIFY_trNEGATIVE3083,0.009551948867738247
NEG_AMPLIFY_trNEGATIVE3084,0.027380064129829407
NEG_AMPLIFY_trNEGATIVE3087,0.011674805544316769
NEG_AMPLIFY_trNEGATIVE3088,0.022524558007717133
NEG_AMPLIFY_trNEGATIVE3093,0.02768694795668125
NEG_AMPLIFY_trNEGATIVE3095,0.014721897430717945
NEG_AMPLIFY_trNEGATIVE3097,0.033691976219415665
NEG_AMPLIFY_trNEGATIVE3111,0.031632717698812485
NEG_AMPLIFY_trNEGATIVE3113,0.09456230700016022
NEG_AMPLIFY_trNEGATIVE3119,0.9236758351325989
NEG_AMPLIFY_trNEGATIVE3123,0.04761387035250664
NEG_AMPLIFY_trNEGATIVE3136,0.021258912980556488
NEG_AMPLIFY_trNEGATIVE3140,0.03357371315360069
NEG_AMPLIFY_trNEGATIVE3151,0.06820011138916016
NEG_AMPLIFY_trNEGATIVE3155,0.017029786482453346
NEG_AMPLIFY_trNEGATIVE3157,0.5301954746246338
NEG_AMPLIFY_trNEGATIVE3162,0.02362595871090889
NEG_AMPLIFY_trNEGATIVE3176,0.19831207394599915
NEG_AMPLIFY_trNEGATIVE3179,0.5464913845062256
NEG_AMPLIFY_trNEGATIVE3183,0.009389241226017475
NEG_AMPLIFY_trNEGATIVE3195,0.13983899354934692
NEG_AMPLIFY_trNEGATIVE3211,0.7077464461326599
NEG_AMPLIFY_trNEGATIVE3217,0.7702141404151917
NEG_AMPLIFY_trNEGATIVE3224,0.34586450457572937
NEG_AMPLIFY_trNEGATIVE3241,0.3232586681842804
NEG_AMPLIFY_trNEGATIVE3242,0.03711053356528282
NEG_AMPLIFY_trNEGATIVE3252,0.07695607095956802
NEG_AMPLIFY_trNEGATIVE3253,0.05261123925447464
NEG_AMPLIFY_trNEGATIVE3258,0.023294802755117416
NEG_AMPLIFY_trNEGATIVE3264,0.521817684173584
NEG_AMPLIFY_trNEGATIVE3272,0.05038391053676605
NEG_AMPLIFY_trNEGATIVE3277,0.21923696994781494
NEG_AMPLIFY_trNEGATIVE3293,0.02304263599216938
NEG_AMPLIFY_trNEGATIVE3303,0.021071594208478928
NEG_AMPLIFY_trNEGATIVE3306,0.04269897937774658
NEG_AMPLIFY_trNEGATIVE3310,0.17378957569599152
NEG_AMPLIFY_trNEGATIVE3322,0.8229632377624512
NEG_AMPLIFY_trNEGATIVE3325,0.009064254350960255
NEG_AMPLIFY_trNEGATIVE3329,0.9088912010192871
NEG_AMPLIFY_trNEGATIVE3336,0.24507036805152893
POS_DRAMP_DRAMP00011,0.965660572052002
POS_DRAMP_DRAMP00015,0.7030996084213257
POS_DRAMP_DRAMP00021,0.7324545383453369
POS_DRAMP_DRAMP00064,0.9836214780807495
POS_DRAMP_DRAMP00069,0.2606878876686096
POS_DRAMP_DRAMP00076,0.9867939352989197
POS_DRAMP_DRAMP00077,0.9853790998458862
POS_DRAMP_DRAMP00084,0.1710413098335266
POS_DRAMP_DRAMP00088,0.985446572303772
POS_DRAMP_DRAMP00096,0.9806641340255737
POS_DRAMP_DRAMP00099,0.983555257320404
POS_DRAMP_DRAMP00101,0.9799972176551819
POS_DRAMP_DRAMP00102,0.9714006185531616
POS_DRAMP_DRAMP00107,0.06524557620286942
POS_DRAMP_DRAMP00110,0.9448371529579163
POS_DRAMP_DRAMP00113,0.9811140894889832
POS_DRAMP_DRAMP00114,0.9893131256103516
POS_DRAMP_DRAMP00119,0.9887065291404724
POS_DRAMP_DRAMP00122,0.9871329665184021
POS_DRAMP_DRAMP00124,0.9826485514640808
POS_DRAMP_DRAMP00138,0.8377920985221863
POS_DRAMP_DRAMP00139,0.9414799213409424
POS_DRAMP_DRAMP00141,0.9430320858955383
POS_DRAMP_DRAMP00146,0.968094527721405
POS_DRAMP_DRAMP00153,0.5256058573722839
POS_DRAMP_DRAMP00154,0.16565918922424316
POS_DRAMP_DRAMP00178,0.8808957934379578
POS_DRAMP_DRAMP00190,0.1119617223739624
POS_DRAMP_DRAMP00192,0.01549326628446579
POS_DRAMP_DRAMP00198,0.9098150134086609
POS_DRAMP_DRAMP00202,0.9732491970062256
POS_DRAMP_DRAMP00212,0.1367148905992508
POS_DRAMP_DRAMP00221,0.9260647892951965
POS_DRAMP_DRAMP00235,0.028354443609714508
POS_DRAMP_DRAMP00265,0.02012193389236927
POS_DRAMP_DRAMP00266,0.034472040832042694
POS_DRAMP_DRAMP00294,0.9815237522125244
POS_DRAMP_DRAMP00301,0.13373060524463654
POS_DRAMP_DRAMP00304,0.021674050018191338
POS_DRAMP_DRAMP00306,0.049009811133146286
POS_DRAMP_DRAMP00308,0.020333239808678627
POS_DRAMP_DRAMP00309,0.46240073442459106
POS_DRAMP_DRAMP00311,0.12743540108203888
POS_DRAMP_DRAMP00312,0.4332926571369171
POS_DRAMP_DRAMP00313,0.3553016483783722
POS_DRAMP_DRAMP00315,0.374197393655777
POS_DRAMP_DRAMP00316,0.3540247976779938
POS_DRAMP_DRAMP00317,0.45131006836891174
POS_DRAMP_DRAMP00384,0.7574800848960876
POS_DRAMP_DRAMP00387,0.2866172790527344
POS_DRAMP_DRAMP00425,0.016021672636270523
POS_DRAMP_DRAMP00427,0.9773367047309875
POS_DRAMP_DRAMP00428,0.9584230184555054
POS_DRAMP_DRAMP00445,0.9699364900588989
POS_DRAMP_DRAMP00447,0.9541861414909363
POS_DRAMP_DRAMP00448,0.9188894033432007
POS_DRAMP_DRAMP00464,0.9797502756118774
POS_DRAMP_DRAMP00468,0.17928172647953033
POS_DRAMP_DRAMP00474,0.3446664810180664
POS_DRAMP_DRAMP00480,0.810437798500061
POS_DRAMP_DRAMP00483,0.9755054116249084
POS_DRAMP_DRAMP00498,0.9794892072677612
POS_DRAMP_DRAMP00499,0.987596869468689
POS_DRAMP_DRAMP00500,0.9877049326896667
POS_DRAMP_DRAMP00501,0.8902557492256165
POS_DRAMP_DRAMP00502,0.8732758164405823
POS_DRAMP_DRAMP00503,0.9852980375289917
POS_DRAMP_DRAMP00504,0.3257693350315094
POS_DRAMP_DRAMP00505,0.6473338603973389
POS_DRAMP_DRAMP00519,0.037990402430295944
POS_DRAMP_DRAMP00550,0.2598608434200287
POS_DRAMP_DRAMP00562,0.9878028631210327
POS_DRAMP_DRAMP00563,0.07472088932991028
POS_DRAMP_DRAMP00564,0.1696561574935913
POS_DRAMP_DRAMP00565,0.08694235980510712
POS_DRAMP_DRAMP00574,0.06676582992076874
POS_DRAMP_DRAMP00583,0.28283753991127014
POS_DRAMP_DRAMP00590,0.10412642359733582
POS_DRAMP_DRAMP00595,0.967718780040741
POS_DRAMP_DRAMP00599,0.7878254652023315
POS_DRAMP_DRAMP00600,0.06564295291900635
POS_DRAMP_DRAMP00603,0.7923215627670288
POS_DRAMP_DRAMP00604,0.9709538817405701
POS_DRAMP_DRAMP00605,0.9506027102470398
POS_DRAMP_DRAMP00606,0.34597247838974
POS_DRAMP_DRAMP00614,0.5897701978683472
POS_DRAMP_DRAMP00615,0.8523970246315002
POS_DRAMP_DRAMP00616,0.4670414626598358
POS_DRAMP_DRAMP00617,0.3576475977897644
POS_DRAMP_DRAMP00624,0.9522750377655029
POS_DRAMP_DRAMP00625,0.4278814196586609
POS_DRAMP_DRAMP00626,0.7297268509864807
POS_DRAMP_DRAMP00627,0.6897242665290833
POS_DRAMP_DRAMP00628,0.17332471907138824
POS_DRAMP_DRAMP00673,0.9847959280014038
POS_DRAMP_DRAMP00674,0.9127578735351562
POS_DRAMP_DRAMP00702,0.6324487328529358
POS_DRAMP_DRAMP00716,0.9676101803779602
POS_DRAMP_DRAMP00720,0.3818751275539398
POS_DRAMP_DRAMP00753,0.2131802886724472
POS_DRAMP_DRAMP00757,0.681240439414978
POS_DRAMP_DRAMP00766,0.8872453570365906
POS_DRAMP_DRAMP00889,0.10244753956794739
POS_DRAMP_DRAMP00960,0.9724860787391663
POS_DRAMP_DRAMP00973,0.12917235493659973
POS_DRAMP_DRAMP00974,0.26673710346221924
POS_DRAMP_DRAMP00998,0.9809133410453796
POS_DRAMP_DRAMP01003,0.03206222504377365
POS_DRAMP_DRAMP01046,0.31492340564727783
POS_DRAMP_DRAMP01048,0.9715458154678345
POS_DRAMP_DRAMP01067,0.02278776653110981
POS_DRAMP_DRAMP01095,0.979682981967926
POS_DRAMP_DRAMP01096,0.9842026829719543
POS_DRAMP_DRAMP01097,0.9822580814361572
POS_DRAMP_DRAMP01098,0.9879654049873352
POS_DRAMP_DRAMP01099,0.9849631190299988
POS_DRAMP_DRAMP01100,0.9791696071624756
POS_DRAMP_DRAMP01110,0.9837937355041504
POS_DRAMP_DRAMP01112,0.9821462631225586
POS_DRAMP_DRAMP01116,0.9845482110977173
POS_DRAMP_DRAMP01118,0.98392254114151
POS_DRAMP_DRAMP01119,0.9861646890640259
POS_DRAMP_DRAMP01122,0.9840028285980225
POS_DRAMP_DRAMP01152,0.981889009475708
POS_DRAMP_DRAMP01153,0.9890545010566711
POS_DRAMP_DRAMP01154,0.9781953692436218
POS_DRAMP_DRAMP01155,0.9857732057571411
POS_DRAMP_DRAMP01159,0.9678277969360352
POS_DRAMP_DRAMP01160,0.9770115613937378
POS_DRAMP_DRAMP01164,0.9096282720565796
POS_DRAMP_DRAMP01166,0.9839782118797302
POS_DRAMP_DRAMP01171,0.9890454411506653
POS_DRAMP_DRAMP01172,0.9548509120941162
POS_DRAMP_DRAMP01173,0.9857286214828491
POS_DRAMP_DRAMP01177,0.989764392375946
POS_DRAMP_DRAMP01178,0.9896167516708374
POS_DRAMP_DRAMP01179,0.9870820045471191
POS_DRAMP_DRAMP01180,0.9866675138473511
POS_DRAMP_DRAMP01181,0.9843605160713196
POS_DRAMP_DRAMP01182,0.9888120889663696
POS_DRAMP_DRAMP01183,0.9896465539932251
POS_DRAMP_DRAMP01184,0.9879657626152039
POS_DRAMP_DRAMP01185,0.9615508913993835
POS_DRAMP_DRAMP01188,0.06794504821300507
POS_DRAMP_DRAMP01192,0.5958554744720459
POS_DRAMP_DRAMP01218,0.9881777167320251
POS_DRAMP_DRAMP01224,0.9871948957443237
POS_DRAMP_DRAMP01225,0.9860411286354065
POS_DRAMP_DRAMP01230,0.9882065653800964
POS_DRAMP_DRAMP01234,0.9885972142219543
POS_DRAMP_DRAMP01235,0.988975465297699
POS_DRAMP_DRAMP01236,0.9763716459274292
POS_DRAMP_DRAMP01239,0.9889203906059265
POS_DRAMP_DRAMP01258,0.9870441555976868
POS_DRAMP_DRAMP01274,0.17590942978858948
POS_DRAMP_DRAMP01297,0.5202802419662476
POS_DRAMP_DRAMP01299,0.4252377152442932
POS_DRAMP_DRAMP01319,0.9564216732978821
POS_DRAMP_DRAMP01355,0.9848251938819885
POS_DRAMP_DRAMP01356,0.9838787913322449
POS_DRAMP_DRAMP01357,0.9834827184677124
POS_DRAMP_DRAMP01358,0.9885609149932861
POS_DRAMP_DRAMP01359,0.9803085327148438
POS_DRAMP_DRAMP01364,0.9850509762763977
POS_DRAMP_DRAMP01365,0.9851964712142944
POS_DRAMP_DRAMP01366,0.9814465045928955
POS_DRAMP_DRAMP01367,0.9668201208114624
POS_DRAMP_DRAMP01390,0.5161890387535095
POS_DRAMP_DRAMP01452,0.9885222315788269
POS_DRAMP_DRAMP01457,0.9871361255645752
POS_DRAMP_DRAMP01461,0.9869222044944763
POS_DRAMP_DRAMP01463,0.9851380586624146
POS_DRAMP_DRAMP01464,0.9860588908195496
POS_DRAMP_DRAMP01465,0.9890226125717163
POS_DRAMP_DRAMP01471,0.9893124103546143
POS_DRAMP_DRAMP01472,0.9887670874595642
POS_DRAMP_DRAMP01474,0.989298939704895
POS_DRAMP_DRAMP01475,0.989859938621521
POS_DRAMP_DRAMP01477,0.9865854978561401
POS_DRAMP_DRAMP01479,0.9857044816017151
POS_DRAMP_DRAMP01482,0.9887433648109436
POS_DRAMP_DRAMP01483,0.9878873229026794
POS_DRAMP_DRAMP01486,0.9879390001296997
POS_DRAMP_DRAMP01488,0.989529013633728
POS_DRAMP_DRAMP01491,0.9890211224555969
POS_DRAMP_DRAMP01493,0.9899089932441711
POS_DRAMP_DRAMP01494,0.9870980381965637
POS_DRAMP_DRAMP01495,0.9892613887786865
POS_DRAMP_DRAMP01496,0.9891983866691589
POS_DRAMP_DRAMP01497,0.9891293048858643
POS_DRAMP_DRAMP01499,0.9872992634773254
POS_DRAMP_DRAMP01500,0.9616310000419617
POS_DRAMP_DRAMP01501,0.9886584877967834
POS_DRAMP_DRAMP01502,0.9829668402671814
POS_DRAMP_DRAMP01503,0.987071692943573
POS_DRAMP_DRAMP01513,0.9877203702926636
POS_DRAMP_DRAMP01514,0.9882805943489075
POS_DRAMP_DRAMP01543,0.8616303205490112
POS_DRAMP_DRAMP01611,0.9892381429672241
POS_DRAMP_DRAMP01614,0.9872803092002869
POS_DRAMP_DRAMP01615,0.9857106804847717
POS_DRAMP_DRAMP01616,0.7470736503601074
POS_DRAMP_DRAMP01617,0.9877558946609497
POS_DRAMP_DRAMP01618,0.98866868019104
POS_DRAMP_DRAMP01619,0.8476775288581848
POS_DRAMP_DRAMP01628,0.9549179077148438
POS_DRAMP_DRAMP01629,0.9557034969329834
POS_DRAMP_DRAMP01631,0.9887961745262146
POS_DRAMP_DRAMP01638,0.9295418858528137
POS_DRAMP_DRAMP01652,0.9786081314086914
POS_DRAMP_DRAMP01665,0.9887273907661438
POS_DRAMP_DRAMP01666,0.9886783957481384
POS_DRAMP_DRAMP01682,0.23614437878131866
POS_DRAMP_DRAMP01687,0.982771635055542
POS_DRAMP_DRAMP01699,0.9745232462882996
POS_DRAMP_DRAMP01700,0.9887073636054993
POS_DRAMP_DRAMP01704,0.9791065454483032
POS_DRAMP_DRAMP01705,0.9465072751045227
POS_DRAMP_DRAMP01708,0.7286928296089172
POS_DRAMP_DRAMP01721,0.9897996783256531
POS_DRAMP_DRAMP01724,0.9775877594947815
POS_DRAMP_DRAMP01725,0.9793190360069275
POS_DRAMP_DRAMP01726,0.9602597951889038
POS_DRAMP_DRAMP01729,0.8362661600112915
POS_DRAMP_DRAMP01736,0.9661370515823364
POS_DRAMP_DRAMP01738,0.957062840461731
POS_DRAMP_DRAMP01742,0.9548420906066895
POS_DRAMP_DRAMP01748,0.9602658152580261
POS_DRAMP_DRAMP01763,0.9793514609336853
POS_DRAMP_DRAMP01772,0.9878590106964111
POS_DRAMP_DRAMP01777,0.9663131237030029
POS_DRAMP_DRAMP01779,0.5586823225021362
POS_DRAMP_DRAMP01789,0.9747179746627808
POS_DRAMP_DRAMP01790,0.9801821112632751
POS_DRAMP_DRAMP01792,0.9888429045677185
POS_DRAMP_DRAMP01796,0.9830993413925171
POS_DRAMP_DRAMP01797,0.97816401720047
POS_DRAMP_DRAMP01807,0.9774713516235352
POS_DRAMP_DRAMP01810,0.9858382940292358
POS_DRAMP_DRAMP01825,0.9873283505439758
POS_DRAMP_DRAMP01826,0.9893088340759277
POS_DRAMP_DRAMP01829,0.9846235513687134
POS_DRAMP_DRAMP01837,0.9901605844497681
POS_DRAMP_DRAMP01838,0.9900197982788086
POS_DRAMP_DRAMP01839,0.9896426796913147
POS_DRAMP_DRAMP01843,0.9901228547096252
POS_DRAMP_DRAMP01844,0.9898807406425476
POS_DRAMP_DRAMP01845,0.990256667137146
POS_DRAMP_DRAMP01846,0.9903860092163086
POS_DRAMP_DRAMP01847,0.9905020594596863
POS_DRAMP_DRAMP01848,0.9904308915138245
POS_DRAMP_DRAMP01896,0.9864488244056702
POS_DRAMP_DRAMP01898,0.9893050789833069
POS_DRAMP_DRAMP01936,0.7774545550346375
POS_DRAMP_DRAMP01941,0.9899331331253052
POS_DRAMP_DRAMP01950,0.9872955679893494
POS_DRAMP_DRAMP01951,0.9891632199287415
POS_DRAMP_DRAMP01952,0.9891229867935181
POS_DRAMP_DRAMP01980,0.988136887550354
POS_DRAMP_DRAMP01981,0.9876791834831238
POS_DRAMP_DRAMP01990,0.9806395173072815
POS_DRAMP_DRAMP01991,0.9897942543029785
POS_DRAMP_DRAMP02014,0.9892473220825195
POS_DRAMP_DRAMP02015,0.9870396852493286
POS_DRAMP_DRAMP02035,0.9890901446342468
POS_DRAMP_DRAMP02040,0.9878695607185364
POS_DRAMP_DRAMP02049,0.9777090549468994
POS_DRAMP_DRAMP02073,0.9881733655929565
POS_DRAMP_DRAMP02080,0.9885206818580627
POS_DRAMP_DRAMP02125,0.9884531497955322
POS_DRAMP_DRAMP02127,0.9763790965080261
POS_DRAMP_DRAMP02128,0.8867786526679993
POS_DRAMP_DRAMP02135,0.9888719916343689
POS_DRAMP_DRAMP02146,0.06534037739038467
POS_DRAMP_DRAMP02167,0.8310449719429016
POS_DRAMP_DRAMP02195,0.9888602495193481
POS_DRAMP_DRAMP02227,0.9875460863113403
POS_DRAMP_DRAMP02234,0.9848083853721619
POS_DRAMP_DRAMP02235,0.9793161153793335
POS_DRAMP_DRAMP02236,0.9708907604217529
POS_DRAMP_DRAMP02249,0.987660825252533
POS_DRAMP_DRAMP02250,0.9892966151237488
POS_DRAMP_DRAMP02252,0.988857090473175
POS_DRAMP_DRAMP02260,0.9860888719558716
POS_DRAMP_DRAMP02261,0.9864602088928223
POS_DRAMP_DRAMP02263,0.9884105920791626
POS_DRAMP_DRAMP02272,0.9877685308456421
POS_DRAMP_DRAMP02284,0.9499286413192749
POS_DRAMP_DRAMP02285,0.9639438390731812
POS_DRAMP_DRAMP02286,0.9737405180931091
POS_DRAMP_DRAMP02287,0.9858009219169617
POS_DRAMP_DRAMP02295,0.9889768958091736
POS_DRAMP_DRAMP02313,0.9849541187286377
POS_DRAMP_DRAMP02333,0.5794208645820618
POS_DRAMP_DRAMP02334,0.9831582903862
POS_DRAMP_DRAMP02337,0.5552269816398621
POS_DRAMP_DRAMP02338,0.9854251742362976
POS_DRAMP_DRAMP02354,0.6220118403434753
POS_DRAMP_DRAMP02372,0.9789875149726868
POS_DRAMP_DRAMP02383,0.989020586013794
POS_DRAMP_DRAMP02389,0.154443621635437
POS_DRAMP_DRAMP02396,0.06897282600402832
POS_DRAMP_DRAMP02397,0.15469300746917725
POS_DRAMP_DRAMP02399,0.034313857555389404
POS_DRAMP_DRAMP02402,0.7572658061981201
POS_DRAMP_DRAMP02407,0.8759444355964661
POS_DRAMP_DRAMP02408,0.4422077536582947
POS_DRAMP_DRAMP02436,0.11853687465190887
POS_DRAMP_DRAMP02443,0.9681989550590515
POS_DRAMP_DRAMP02462,0.7972564697265625
POS_DRAMP_DRAMP02469,0.4888264536857605
POS_DRAMP_DRAMP02470,0.7593607306480408
POS_DRAMP_DRAMP02478,0.15053604543209076
POS_DRAMP_DRAMP02511,0.9897612929344177
POS_DRAMP_DRAMP02523,0.15690113604068756
POS_DRAMP_DRAMP02526,0.1742778867483139
POS_DRAMP_DRAMP02527,0.02128957211971283
POS_DRAMP_DRAMP02531,0.08462459594011307
POS_DRAMP_DRAMP02533,0.12116488069295883
POS_DRAMP_DRAMP02534,0.24803556501865387
POS_DRAMP_DRAMP02535,0.08679665625095367
POS_DRAMP_DRAMP02537,0.1461350917816162
POS_DRAMP_DRAMP02553,0.4281681180000305
POS_DRAMP_DRAMP02554,0.1344655156135559
POS_DRAMP_DRAMP02558,0.015680082142353058
POS_DRAMP_DRAMP02560,0.04094826802611351
POS_DRAMP_DRAMP02565,0.062446389347314835
POS_DRAMP_DRAMP02584,0.8828052878379822
POS_DRAMP_DRAMP02585,0.82350093126297
POS_DRAMP_DRAMP02591,0.9098232984542847
POS_DRAMP_DRAMP02597,0.9875844120979309
POS_DRAMP_DRAMP02598,0.9872573614120483
POS_DRAMP_DRAMP02599,0.9887614846229553
POS_DRAMP_DRAMP02600,0.98860764503479
POS_DRAMP_DRAMP02601,0.9890820384025574
POS_DRAMP_DRAMP02607,0.981929361820221
POS_DRAMP_DRAMP02609,0.9857706427574158
POS_DRAMP_DRAMP02619,0.9892751574516296
POS_DRAMP_DRAMP02632,0.9888654947280884
POS_DRAMP_DRAMP02635,0.9903996586799622
POS_DRAMP_DRAMP02641,0.7461203336715698
POS_DRAMP_DRAMP02642,0.9874435663223267
POS_DRAMP_DRAMP02644,0.9819467663764954
POS_DRAMP_DRAMP02655,0.7091432809829712
POS_DRAMP_DRAMP02683,0.9900590777397156
POS_DRAMP_DRAMP02690,0.9892511367797852
POS_DRAMP_DRAMP02702,0.9903717637062073
POS_DRAMP_DRAMP02717,0.9896033406257629
POS_DRAMP_DRAMP02734,0.9894723296165466
POS_DRAMP_DRAMP02740,0.9870962500572205
POS_DRAMP_DRAMP02744,0.9872167706489563
POS_DRAMP_DRAMP02745,0.3669814467430115
POS_DRAMP_DRAMP02747,0.9777176976203918
POS_DRAMP_DRAMP02762,0.9882829785346985
POS_DRAMP_DRAMP02763,0.9876610636711121
POS_DRAMP_DRAMP02766,0.9901554584503174
POS_DRAMP_DRAMP02800,0.9458081126213074
POS_DRAMP_DRAMP02803,0.9844171404838562
POS_DRAMP_DRAMP02805,0.9186220169067383
POS_DRAMP_DRAMP02819,0.986427366733551
POS_DRAMP_DRAMP02828,0.9882482886314392
POS_DRAMP_DRAMP02842,0.31421393156051636
POS_DRAMP_DRAMP02844,0.9887665510177612
POS_DRAMP_DRAMP02847,0.8536875247955322
POS_DRAMP_DRAMP02848,0.8275136351585388
POS_DRAMP_DRAMP02854,0.9906690120697021
POS_DRAMP_DRAMP02856,0.985580563545227
POS_DRAMP_DRAMP02857,0.9878554344177246
POS_DRAMP_DRAMP02871,0.9890772700309753
POS_DRAMP_DRAMP02873,0.9905529022216797
POS_DRAMP_DRAMP02875,0.5176368951797485
POS_DRAMP_DRAMP02876,0.04222440719604492
POS_DRAMP_DRAMP02877,0.990172803401947
POS_DRAMP_DRAMP02905,0.9866824746131897
POS_DRAMP_DRAMP02910,0.9898034930229187
POS_DRAMP_DRAMP02911,0.9899454116821289
POS_DRAMP_DRAMP02912,0.9886263012886047
POS_DRAMP_DRAMP02913,0.990153968334198
POS_DRAMP_DRAMP02917,0.9757729172706604
POS_DRAMP_DRAMP02919,0.9603114724159241
POS_DRAMP_DRAMP02920,0.9893642663955688
POS_DRAMP_DRAMP02925,0.9335377812385559
POS_DRAMP_DRAMP02930,0.04730406403541565
POS_DRAMP_DRAMP02941,0.9825342893600464
POS_DRAMP_DRAMP02942,0.9783133268356323
POS_DRAMP_DRAMP02956,0.278652161359787
POS_DRAMP_DRAMP02961,0.987947404384613
POS_DRAMP_DRAMP02970,0.9888929724693298
POS_DRAMP_DRAMP02971,0.9883580803871155
POS_DRAMP_DRAMP02972,0.9886891841888428
POS_DRAMP_DRAMP02973,0.9690849781036377
POS_DRAMP_DRAMP02974,0.9824453592300415
POS_DRAMP_DRAMP02987,0.38329556584358215
POS_DRAMP_DRAMP02988,0.2117512822151184
POS_DRAMP_DRAMP02995,0.6536841988563538
POS_DRAMP_DRAMP03029,0.9724340438842773
POS_DRAMP_DRAMP03030,0.98357754945755
POS_DRAMP_DRAMP03043,0.8447145223617554
POS_DRAMP_DRAMP03048,0.8914141654968262
POS_DRAMP_DRAMP03053,0.13011986017227173
POS_DRAMP_DRAMP03054,0.383639931678772
POS_DRAMP_DRAMP03084,0.9889030456542969
POS_DRAMP_DRAMP03085,0.9898939728736877
POS_DRAMP_DRAMP03086,0.9898382425308228
POS_DRAMP_DRAMP03116,0.9896724224090576
POS_DRAMP_DRAMP03126,0.7271350622177124
POS_DRAMP_DRAMP03151,0.9878649711608887
POS_DRAMP_DRAMP03152,0.98916095495224
POS_DRAMP_DRAMP03153,0.2831619083881378
POS_DRAMP_DRAMP03168,0.9527033567428589
POS_DRAMP_DRAMP03169,0.9762864112854004
POS_DRAMP_DRAMP03192,0.9898261427879333
POS_DRAMP_DRAMP03194,0.7708584070205688
POS_DRAMP_DRAMP03195,0.9603560566902161
POS_DRAMP_DRAMP03196,0.9890758991241455
POS_DRAMP_DRAMP03197,0.9843900799751282
POS_DRAMP_DRAMP03206,0.894044816493988
POS_DRAMP_DRAMP03207,0.9739217758178711
POS_DRAMP_DRAMP03208,0.9856953620910645
POS_DRAMP_DRAMP03209,0.9885448813438416
POS_DRAMP_DRAMP03212,0.987521231174469
POS_DRAMP_DRAMP03226,0.9887751340866089
POS_DRAMP_DRAMP03227,0.990436851978302
POS_DRAMP_DRAMP03228,0.9903851747512817
POS_DRAMP_DRAMP03234,0.0881464034318924
POS_DRAMP_DRAMP03235,0.6518336534500122
POS_DRAMP_DRAMP03255,0.24762682616710663
POS_DRAMP_DRAMP03278,0.9848290085792542
POS_DRAMP_DRAMP03281,0.8197429180145264
POS_DRAMP_DRAMP03283,0.9821085929870605
POS_DRAMP_DRAMP03285,0.9671208262443542
POS_DRAMP_DRAMP03288,0.9512524604797363
POS_DRAMP_DRAMP03289,0.9884597659111023
POS_DRAMP_DRAMP03290,0.949191153049469
POS_DRAMP_DRAMP03296,0.9605352282524109
POS_DRAMP_DRAMP03303,0.8389568328857422
POS_DRAMP_DRAMP03311,0.9891533255577087
POS_DRAMP_DRAMP03352,0.5958681702613831
POS_DRAMP_DRAMP03382,0.7071917057037354
POS_DRAMP_DRAMP03383,0.9895457029342651
POS_DRAMP_DRAMP03392,0.930283784866333
POS_DRAMP_DRAMP03393,0.981419563293457
POS_DRAMP_DRAMP03394,0.9760156869888306
POS_DRAMP_DRAMP03395,0.974855899810791
POS_DRAMP_DRAMP03396,0.8880155086517334
POS_DRAMP_DRAMP03405,0.9881009459495544
POS_DRAMP_DRAMP03406,0.9838171005249023
POS_DRAMP_DRAMP03408,0.9581621289253235
POS_DRAMP_DRAMP03409,0.9349243640899658
POS_DRAMP_DRAMP03410,0.9495382905006409
POS_DRAMP_DRAMP03411,0.968048095703125
POS_DRAMP_DRAMP03419,0.9870796799659729
POS_DRAMP_DRAMP03420,0.9766907095909119
POS_DRAMP_DRAMP03436,0.8921077847480774
POS_DRAMP_DRAMP03437,0.9895368218421936
POS_DRAMP_DRAMP03440,0.9902099370956421
POS_DRAMP_DRAMP03447,0.9641222953796387
POS_DRAMP_DRAMP03448,0.860416829586029
POS_DRAMP_DRAMP03449,0.9902177453041077
POS_DRAMP_DRAMP03450,0.9889901280403137
POS_DRAMP_DRAMP03459,0.990111231803894
POS_DRAMP_DRAMP03479,0.9352056980133057
POS_DRAMP_DRAMP03481,0.9364261031150818
POS_DRAMP_DRAMP03482,0.8696154952049255
POS_DRAMP_DRAMP03483,0.8031792640686035
POS_DRAMP_DRAMP03485,0.9530848860740662
POS_DRAMP_DRAMP03494,0.9821451306343079
POS_DRAMP_DRAMP03496,0.987246036529541
POS_DRAMP_DRAMP03497,0.9868848919868469
POS_DRAMP_DRAMP03498,0.984706699848175
POS_DRAMP_DRAMP03502,0.9869776964187622
POS_DRAMP_DRAMP03503,0.9867439270019531
POS_DRAMP_DRAMP03504,0.9893472194671631
POS_DRAMP_DRAMP03505,0.9881144762039185
POS_DRAMP_DRAMP03507,0.9895029664039612
POS_DRAMP_DRAMP03509,0.984816312789917
POS_DRAMP_DRAMP03510,0.989024817943573
POS_DRAMP_DRAMP03511,0.9891459941864014
POS_DRAMP_DRAMP03520,0.9174421429634094
POS_DRAMP_DRAMP03525,0.7310097813606262
POS_DRAMP_DRAMP03526,0.5836060643196106
POS_DRAMP_DRAMP03529,0.9896993637084961
POS_DRAMP_DRAMP03530,0.988645076751709
POS_DRAMP_DRAMP03531,0.9815624952316284
POS_DRAMP_DRAMP03538,0.9869439005851746
POS_DRAMP_DRAMP03542,0.1931096911430359
POS_DRAMP_DRAMP03544,0.6385292410850525
POS_DRAMP_DRAMP03617,0.9902629852294922
POS_DRAMP_DRAMP03618,0.9898079037666321
POS_DRAMP_DRAMP03650,0.9804489016532898
POS_DRAMP_DRAMP03662,0.9190192222595215
POS_DRAMP_DRAMP03702,0.9887746572494507
POS_DRAMP_DRAMP03707,0.9396284818649292
POS_DRAMP_DRAMP03724,0.986180305480957
POS_DRAMP_DRAMP03726,0.9762421250343323
POS_DRAMP_DRAMP03727,0.9875189065933228
POS_DRAMP_DRAMP03729,0.9363266825675964
POS_DRAMP_DRAMP03730,0.8558732271194458
POS_DRAMP_DRAMP03731,0.9233664274215698
POS_DRAMP_DRAMP03732,0.8869670033454895
POS_DRAMP_DRAMP03733,0.05126795172691345
POS_DRAMP_DRAMP03739,0.983346164226532
POS_DRAMP_DRAMP03741,0.9890879988670349
POS_DRAMP_DRAMP03742,0.9887866973876953
POS_DRAMP_DRAMP03745,0.9850656390190125
POS_DRAMP_DRAMP03766,0.9791544675827026
POS_DRAMP_DRAMP03771,0.9862074851989746
POS_DRAMP_DRAMP03778,0.12415866553783417
POS_DRAMP_DRAMP03797,0.9879035353660583
POS_DRAMP_DRAMP03798,0.5632714629173279
POS_DRAMP_DRAMP03802,0.9897847175598145
POS_DRAMP_DRAMP03806,0.9894854426383972
POS_DRAMP_DRAMP03822,0.5778430700302124
POS_DRAMP_DRAMP03826,0.9902254343032837
POS_DRAMP_DRAMP03827,0.9900530576705933
POS_DRAMP_DRAMP03828,0.9890441298484802
POS_DRAMP_DRAMP03830,0.9799375534057617
POS_DRAMP_DRAMP03833,0.9784764051437378
POS_DRAMP_DRAMP03835,0.9670365452766418
POS_DRAMP_DRAMP03856,0.9858366847038269
POS_DRAMP_DRAMP03866,0.9775755405426025
POS_DRAMP_DRAMP03867,0.9741895198822021
POS_DRAMP_DRAMP03872,0.5821471214294434
POS_DRAMP_DRAMP03941,0.9848539233207703
POS_DRAMP_DRAMP03945,0.8598823547363281
POS_DRAMP_DRAMP03946,0.9793494939804077
POS_DRAMP_DRAMP03947,0.9859257340431213
POS_DRAMP_DRAMP03948,0.9852991700172424
POS_DRAMP_DRAMP03949,0.9657520651817322
POS_DRAMP_DRAMP03954,0.04712831228971481
POS_DRAMP_DRAMP03955,0.41708633303642273
POS_DRAMP_DRAMP03957,0.3437100648880005
POS_DRAMP_DRAMP03958,0.028930233791470528
POS_DRAMP_DRAMP03959,0.08126313984394073
POS_DRAMP_DRAMP03960,0.8256173729896545
POS_DRAMP_DRAMP03986,0.9855512976646423
POS_DRAMP_DRAMP03989,0.966789186000824
POS_DRAMP_DRAMP03995,0.9888743162155151
POS_DRAMP_DRAMP03997,0.9902812242507935
POS_DRAMP_DRAMP04011,0.9874406456947327
POS_DRAMP_DRAMP04012,0.987666666507721
POS_DRAMP_DRAMP04013,0.9816199541091919
POS_DRAMP_DRAMP04027,0.9047232866287231
POS_DRAMP_DRAMP04032,0.96128249168396
POS_DRAMP_DRAMP04039,0.9907765984535217
POS_DRAMP_DRAMP04040,0.9906238913536072
POS_DRAMP_DRAMP04041,0.9904428124427795
POS_DRAMP_DRAMP04049,0.9278053045272827
POS_DRAMP_DRAMP04069,0.9888202548027039
POS_DRAMP_DRAMP04072,0.9883815050125122
POS_DRAMP_DRAMP04075,0.9733401536941528
POS_DRAMP_DRAMP04076,0.9887130856513977
POS_DRAMP_DRAMP04077,0.98148512840271
POS_DRAMP_DRAMP04078,0.9875615239143372
POS_DRAMP_DRAMP04079,0.920070469379425
POS_DRAMP_DRAMP04080,0.8735626339912415
POS_DRAMP_DRAMP04081,0.9888878464698792
POS_DRAMP_DRAMP04082,0.988151490688324
POS_DRAMP_DRAMP04096,0.049353305250406265
POS_DRAMP_DRAMP04098,0.7331404685974121
POS_DRAMP_DRAMP04136,0.9633376598358154
POS_DRAMP_DRAMP04139,0.6120991706848145
POS_DRAMP_DRAMP04141,0.3253772258758545
POS_DRAMP_DRAMP04150,0.06734160333871841
POS_DRAMP_DRAMP04171,0.9869242906570435
POS_DRAMP_DRAMP04175,0.9713609218597412
POS_DRAMP_DRAMP04176,0.9904706478118896
POS_DRAMP_DRAMP04178,0.9870294332504272
POS_DRAMP_DRAMP04179,0.9196951985359192
POS_DRAMP_DRAMP04184,0.9854533672332764
POS_DRAMP_DRAMP04190,0.9907371401786804
POS_DRAMP_DRAMP04213,0.9902728796005249
POS_DRAMP_DRAMP04214,0.9901255965232849
POS_DRAMP_DRAMP04217,0.6014775633811951
POS_DRAMP_DRAMP04218,0.9872450232505798
POS_DRAMP_DRAMP04230,0.989855945110321
POS_DRAMP_DRAMP04231,0.9865298271179199
POS_DRAMP_DRAMP04232,0.9893046617507935
POS_DRAMP_DRAMP04245,0.9857035875320435
POS_DRAMP_DRAMP04246,0.9899712800979614
POS_DRAMP_DRAMP04287,0.989419162273407
POS_DRAMP_DRAMP04293,0.6879574060440063
POS_DRAMP_DRAMP04294,0.963735044002533
POS_DRAMP_DRAMP04296,0.9185197949409485
POS_DRAMP_DRAMP04298,0.9867010116577148
POS_DRAMP_DRAMP04301,0.6488043069839478
POS_DRAMP_DRAMP04304,0.29354193806648254
POS_DRAMP_DRAMP04306,0.989492654800415
POS_DRAMP_DRAMP04317,0.990048348903656
POS_DRAMP_DRAMP04319,0.960270345211029
POS_DRAMP_DRAMP04328,0.7375953793525696
POS_DRAMP_DRAMP04332,0.5206735134124756
POS_DRAMP_DRAMP04353,0.6224581003189087
POS_DRAMP_DRAMP04356,0.9890169501304626
POS_DRAMP_DRAMP04376,0.9852562546730042
POS_DRAMP_DRAMP04410,0.7268514633178711
POS_DRAMP_DRAMP04439,0.7706577181816101
POS_DRAMP_DRAMP04474,0.8020604252815247
POS_DRAMP_DRAMP04478,0.8318192362785339
POS_DRAMP_DRAMP04480,0.5059581398963928
POS_DRAMP_DRAMP04483,0.9095063209533691
POS_DRAMP_DRAMP04499,0.9850704669952393
POS_DRAMP_DRAMP04527,0.31045883893966675
POS_DRAMP_DRAMP04533,0.5651931166648865
POS_DRAMP_DRAMP04543,0.30401477217674255
POS_DRAMP_DRAMP04557,0.9799749255180359
POS_DRAMP_DRAMP04558,0.9885834455490112
POS_DRAMP_DRAMP04559,0.9900190830230713
POS_DRAMP_DRAMP04563,0.06980747729539871
POS_DRAMP_DRAMP04565,0.9896346926689148
POS_DRAMP_DRAMP04566,0.8426733016967773
POS_DRAMP_DRAMP04577,0.9893430471420288
POS_DRAMP_DRAMP04580,0.8061398863792419
POS_DRAMP_DRAMP04582,0.7131941914558411
POS_DRAMP_DRAMP04583,0.9820753335952759
POS_DRAMP_DRAMP04584,0.4199680685997009
POS_DRAMP_DRAMP04585,0.9885738492012024
POS_DRAMP_DRAMP04595,0.8152473568916321
POS_DRAMP_DRAMP04596,0.5589050650596619
POS_DRAMP_DRAMP04605,0.9827786684036255
POS_DRAMP_DRAMP04608,0.04618288204073906
POS_DRAMP_DRAMP04617,0.9901021122932434
POS_DRAMP_DRAMP04618,0.9900386929512024
POS_DRAMP_DRAMP04619,0.9894468784332275
POS_DRAMP_DRAMP04620,0.9895660877227783
POS_DRAMP_DRAMP04640,0.9864368438720703
POS_DRAMP_DRAMP04644,0.985606849193573
POS_DRAMP_DRAMP04654,0.982943058013916
POS_DRAMP_DRAMP04665,0.9883686900138855
POS_DRAMP_DRAMP04682,0.39511576294898987
POS_DRAMP_DRAMP04700,0.9687234163284302
POS_DRAMP_DRAMP04703,0.9896400570869446
POS_DRAMP_DRAMP04704,0.9899435639381409
POS_DRAMP_DRAMP04705,0.9866688847541809
POS_DRAMP_DRAMP04706,0.9885685443878174
POS_DRAMP_DRAMP04707,0.9898349046707153
POS_DRAMP_DRAMP04708,0.9701736569404602
POS_DRAMP_DRAMP04709,0.9893843531608582
POS_DRAMP_DRAMP04710,0.9874219298362732
POS_DRAMP_DRAMP04711,0.9891291856765747
POS_DRAMP_DRAMP04712,0.9899975657463074
POS_DRAMP_DRAMP04713,0.9899255633354187
POS_DRAMP_DRAMP04714,0.9888019561767578
POS_DRAMP_DRAMP04715,0.9902413487434387
POS_DRAMP_DRAMP04716,0.9900237321853638
POS_DRAMP_DRAMP04717,0.9898713827133179
POS_DRAMP_DRAMP04718,0.9895851612091064
POS_DRAMP_DRAMP18098,0.9055311679840088
POS_DRAMP_DRAMP18109,0.8688674569129944
POS_DRAMP_DRAMP18120,0.32297009229660034
POS_DRAMP_DRAMP18137,0.9148610830307007
POS_DRAMP_DRAMP18187,0.9868407845497131
POS_DRAMP_DRAMP18189,0.9853835105895996
POS_DRAMP_DRAMP18196,0.9889135360717773
POS_DRAMP_DRAMP18200,0.40775343775749207
POS_DRAMP_DRAMP18201,0.4584680199623108
POS_DRAMP_DRAMP18202,0.9700308442115784
POS_DRAMP_DRAMP18221,0.06060325726866722
POS_DRAMP_DRAMP18228,0.06811691075563431
POS_DRAMP_DRAMP18246,0.5151026844978333
POS_DRAMP_DRAMP18253,0.7822288870811462
POS_DRAMP_DRAMP18267,0.7703580856323242
POS_DRAMP_DRAMP18278,0.2988952696323395
POS_DRAMP_DRAMP18280,0.17128704488277435
POS_DRAMP_DRAMP18282,0.11423502117395401
POS_DRAMP_DRAMP18283,0.523292601108551
POS_DRAMP_DRAMP18312,0.8967844247817993
POS_DRAMP_DRAMP18366,0.0763934776186943
POS_DRAMP_DRAMP18367,0.131920725107193
POS_DRAMP_DRAMP18369,0.9844824075698853
POS_DRAMP_DRAMP18386,0.7758882641792297
POS_DRAMP_DRAMP18389,0.9066929221153259
POS_DRAMP_DRAMP18392,0.704604983329773
POS_DRAMP_DRAMP18404,0.7406713366508484
POS_DRAMP_DRAMP18417,0.9894977807998657
POS_DRAMP_DRAMP18425,0.9199621677398682
POS_DRAMP_DRAMP18426,0.9889461994171143
POS_DRAMP_DRAMP18430,0.6106976866722107
POS_DRAMP_DRAMP18451,0.9882143139839172
POS_DRAMP_DRAMP18452,0.9893521070480347
POS_DRAMP_DRAMP18456,0.7374961376190186
POS_DRAMP_DRAMP18476,0.990485668182373
POS_DRAMP_DRAMP18477,0.9896947741508484
POS_DRAMP_DRAMP18478,0.989841878414154
POS_DRAMP_DRAMP18479,0.9903997778892517
POS_DRAMP_DRAMP18480,0.990797221660614
POS_DRAMP_DRAMP18481,0.9905810356140137
POS_DRAMP_DRAMP18482,0.9903005957603455
POS_DRAMP_DRAMP18483,0.9906668066978455
POS_DRAMP_DRAMP18484,0.9905900359153748
POS_DRAMP_DRAMP18485,0.9897734522819519
POS_DRAMP_DRAMP18486,0.9899281859397888
POS_DRAMP_DRAMP18487,0.9902908802032471
POS_DRAMP_DRAMP18488,0.9890850186347961
POS_DRAMP_DRAMP18491,0.989368200302124
POS_DRAMP_DRAMP18500,0.9746965765953064
POS_DRAMP_DRAMP18506,0.9897763729095459
POS_DRAMP_DRAMP18509,0.983818769454956
POS_DRAMP_DRAMP18565,0.9895550012588501
POS_DRAMP_DRAMP18569,0.7023659944534302
POS_DRAMP_DRAMP18572,0.6403980255126953
POS_DRAMP_DRAMP18588,0.9886173009872437
POS_DRAMP_DRAMP18611,0.9882717728614807
POS_DRAMP_DRAMP18615,0.9816179871559143
POS_DRAMP_DRAMP18616,0.9894155263900757
POS_DRAMP_DRAMP18617,0.9892212748527527
POS_DRAMP_DRAMP18618,0.989231526851654
POS_DRAMP_DRAMP18622,0.9857282638549805
POS_DRAMP_DRAMP18645,0.47636041045188904
POS_DRAMP_DRAMP18647,0.6331392526626587
POS_DRAMP_DRAMP18656,0.01555546559393406
POS_DRAMP_DRAMP18658,0.9831705093383789
POS_DRAMP_DRAMP18665,0.981772243976593
POS_DRAMP_DRAMP18668,0.3553605079650879
POS_DRAMP_DRAMP18669,0.15691693127155304
POS_DRAMP_DRAMP18674,0.03233871981501579
POS_DRAMP_DRAMP18685,0.98143070936203
POS_DRAMP_DRAMP18704,0.9822311401367188
POS_DRAMP_DRAMP18721,0.9863284230232239
POS_DRAMP_DRAMP18724,0.6259745359420776
POS_DRAMP_DRAMP20776,0.5289106369018555
POS_DRAMP_DRAMP20790,0.9886244535446167
POS_DRAMP_DRAMP20792,0.9846622347831726
POS_DRAMP_DRAMP20793,0.6766765117645264
POS_DRAMP_DRAMP20794,0.9449142217636108
POS_DRAMP_DRAMP20797,0.9884824156761169
POS_DRAMP_DRAMP20803,0.7491822242736816
POS_DRAMP_DRAMP20804,0.1383802741765976
POS_DRAMP_DRAMP20819,0.9907004833221436
POS_DRAMP_DRAMP20829,0.9885857701301575
POS_DRAMP_DRAMP20830,0.9896618723869324
POS_DRAMP_DRAMP20869,0.9765105247497559
POS_DRAMP_DRAMP20879,0.9891164302825928
POS_DRAMP_DRAMP20880,0.9892746210098267
POS_DRAMP_DRAMP20909,0.6881435513496399
POS_DRAMP_DRAMP20926,0.98945152759552
POS_DRAMP_DRAMP20935,0.9893845915794373
POS_DRAMP_DRAMP20959,0.988602876663208
POS_DRAMP_DRAMP20960,0.9892248511314392
POS_DRAMP_DRAMP20965,0.802010178565979
POS_DRAMP_DRAMP20994,0.9895275235176086
POS_DRAMP_DRAMP21011,0.41730085015296936
POS_DRAMP_DRAMP21029,0.10620561242103577
POS_DRAMP_DRAMP21042,0.9895354509353638
POS_DRAMP_DRAMP21043,0.9893345236778259
POS_DRAMP_DRAMP21044,0.9901908040046692
POS_DRAMP_DRAMP21045,0.9901514649391174
POS_DRAMP_DRAMP21046,0.989920437335968
POS_DRAMP_DRAMP21076,0.7561697959899902
POS_DRAMP_DRAMP21077,0.6501253843307495
POS_DRAMP_DRAMP21097,0.9871746897697449
POS_DRAMP_DRAMP21104,0.9829455018043518
POS_DRAMP_DRAMP21106,0.9478896856307983
POS_DRAMP_DRAMP21109,0.9608985781669617
POS_DRAMP_DRAMP21137,0.9879153966903687
POS_DRAMP_DRAMP21138,0.9891034364700317
POS_DRAMP_DRAMP21146,0.9692732691764832
POS_DRAMP_DRAMP21152,0.9898220896720886
POS_DRAMP_DRAMP21177,0.9904265999794006
POS_DRAMP_DRAMP21196,0.9290295839309692
POS_DRAMP_DRAMP21202,0.9905871152877808
POS_DRAMP_DRAMP21203,0.19672466814517975
POS_DRAMP_DRAMP21204,0.42273440957069397
POS_DRAMP_DRAMP21205,0.1721135973930359
POS_DRAMP_DRAMP21206,0.6807315945625305
POS_DRAMP_DRAMP21207,0.7429822087287903
POS_DRAMP_DRAMP21208,0.9298881888389587
POS_DRAMP_DRAMP21209,0.963667094707489
POS_DRAMP_DRAMP21210,0.9874006509780884
POS_DRAMP_DRAMP21211,0.43956607580184937
POS_DRAMP_DRAMP21222,0.9854958653450012
POS_DRAMP_DRAMP21246,0.9902836680412292
POS_DRAMP_DRAMP21247,0.9904170632362366
POS_DRAMP_DRAMP21251,0.9726704359054565
POS_DRAMP_DRAMP21255,0.577573299407959
POS_DRAMP_DRAMP21307,0.9906270503997803
POS_DRAMP_DRAMP21308,0.990533173084259
POS_DRAMP_DRAMP21309,0.9906877875328064
POS_DRAMP_DRAMP21327,0.9354581832885742
POS_DRAMP_DRAMP21330,0.9803063869476318
POS_DRAMP_DRAMP21333,0.9571645855903625
POS_DRAMP_DRAMP21334,0.9883822202682495
POS_DRAMP_DRAMP21335,0.9880041480064392
POS_DRAMP_DRAMP21336,0.9778041243553162
POS_DRAMP_DRAMP21349,0.02436010167002678
POS_DRAMP_DRAMP21350,0.021557725965976715
POS_DRAMP_DRAMP21353,0.26070454716682434
POS_DRAMP_DRAMP21354,0.48057252168655396
POS_DRAMP_DRAMP21360,0.9880159497261047
POS_DRAMP_DRAMP21361,0.9859195351600647
POS_DRAMP_DRAMP21377,0.9787397384643555
POS_DRAMP_DRAMP21378,0.9877253770828247
POS_DRAMP_DRAMP21386,0.9876540303230286
POS_DRAMP_DRAMP21390,0.24487663805484772
POS_DRAMP_DRAMP21391,0.3187337815761566
POS_DRAMP_DRAMP21392,0.17228928208351135
POS_DRAMP_DRAMP21414,0.9885521531105042
POS_DRAMP_DRAMP21419,0.89296555519104
POS_DRAMP_DRAMP21420,0.8293659090995789
POS_DRAMP_DRAMP21422,0.812048614025116
POS_DRAMP_DRAMP21427,0.9525952339172363
POS_DRAMP_DRAMP21429,0.748926043510437
POS_DRAMP_DRAMP21612,0.550622284412384
POS_DRAMP_DRAMP21635,0.06506811082363129
POS_DRAMP_DRAMP21636,0.023795094341039658
POS_DRAMP_DRAMP21637,0.03133143484592438
POS_DRAMP_DRAMP21639,0.046259649097919464
POS_DRAMP_DRAMP21641,0.031119445338845253
POS_DRAMP_DRAMP21642,0.029161667451262474
POS_DRAMP_DRAMP21643,0.014476609416306019
POS_DRAMP_DRAMP29001,0.9368923902511597
POS_DRAMP_DRAMP29003,0.9862100481987
POS_DRAMP_DRAMP29018,0.9893604516983032
POS_DRAMP_DRAMP29028,0.9882120490074158
POS_DRAMP_DRAMP29029,0.988120436668396
POS_DRAMP_DRAMP29030,0.9892213940620422
POS_DRAMP_DRAMP29034,0.9835982322692871
POS_DRAMP_DRAMP29035,0.9882686138153076
POS_DRAMP_DRAMP29036,0.9783812165260315
POS_DRAMP_DRAMP29037,0.9891296029090881
POS_DRAMP_DRAMP29038,0.9839097857475281
POS_DRAMP_DRAMP29039,0.988213062286377
POS_DRAMP_DRAMP29050,0.9862197637557983
POS_DRAMP_DRAMP29051,0.988749086856842
POS_DRAMP_DRAMP29052,0.9895544648170471
POS_DRAMP_DRAMP29053,0.13192293047904968
POS_DRAMP_DRAMP29059,0.9756176471710205
POS_DRAMP_DRAMP29060,0.9195750951766968
POS_DRAMP_DRAMP29064,0.9805803894996643
POS_DRAMP_DRAMP29074,0.9878214597702026
POS_DRAMP_DRAMP29075,0.9147314429283142
POS_DRAMP_DRAMP29076,0.9760813117027283
POS_DRAMP_DRAMP29077,0.9846790432929993
POS_DRAMP_DRAMP29078,0.9680151343345642
POS_DRAMP_DRAMP29087,0.9759970307350159
POS_DRAMP_DRAMP29092,0.9824098944664001
POS_DRAMP_DRAMP29096,0.5586816072463989
POS_DRAMP_DRAMP29099,0.9888973236083984
POS_DRAMP_DRAMP29101,0.9904223680496216
POS_DRAMP_DRAMP29103,0.9901188015937805
POS_DRAMP_DRAMP29104,0.9867352843284607
POS_DRAMP_DRAMP29109,0.9857811331748962
POS_DRAMP_DRAMP29115,0.9768368601799011
POS_DRAMP_DRAMP29117,0.9838473796844482
POS_DRAMP_DRAMP29119,0.9551486372947693
POS_DRAMP_DRAMP29122,0.9818665981292725
POS_DRAMP_DRAMP29128,0.9898751378059387
POS_DRAMP_DRAMP29145,0.8966671228408813
POS_DRAMP_DRAMP29147,0.9778920412063599
POS_DRAMP_DRAMP29149,0.7564908266067505
POS_DRAMP_DRAMP29202,0.04716319963335991
POS_DRAMP_DRAMP29205,0.5494593977928162
POS_DRAMP_DRAMP29233,0.065950408577919
POS_DRAMP_DRAMP29242,0.08230835199356079
POS_DRAMP_DRAMP29246,0.20259657502174377
POS_DRAMP_DRAMP29255,0.2826283574104309
POS_DRAMP_DRAMP29259,0.04520765691995621
POS_DRAMP_DRAMP29263,0.0491463765501976
POS_DRAMP_DRAMP29264,0.025193428620696068
POS_DRAMP_DRAMP29265,0.020877541974186897
POS_DRAMP_DRAMP29266,0.015367434360086918
POS_DRAMP_DRAMP29267,0.010654103942215443
POS_DRAMP_DRAMP29268,0.011091809719800949
POS_DRAMP_DRAMP29269,0.010459689423441887
POS_DRAMP_DRAMP29270,0.013136246241629124
POS_DRAMP_DRAMP29275,0.01926635392010212
POS_DRAMP_DRAMP29276,0.015475505031645298
POS_DRAMP_DRAMP29277,0.010095189325511456
POS_DRAMP_DRAMP29278,0.01189965009689331
POS_DRAMP_DRAMP29283,0.010296767577528954
POS_DRAMP_DRAMP29284,0.009343166835606098
POS_DRAMP_DRAMP29285,0.00944571290165186
POS_DRAMP_DRAMP29286,0.009405066259205341
POS_DRAMP_DRAMP29295,0.07977571338415146
POS_DRAMP_DRAMP29296,0.05981218069791794
POS_DRAMP_DRAMP29297,0.03635774925351143
POS_DRAMP_DRAMP29298,0.04587366059422493
POS_DRAMP_DRAMP29950,0.08132956176996231
POS_DRAMP_DRAMP29951,0.9899092316627502
POS_DRAMP_DRAMP29957,0.14753535389900208
POS_DRAMP_DRAMP29994,0.009820309467613697
POS_DRAMP_DRAMP30030,0.02596624568104744
POS_DRAMP_DRAMP30043,0.026426047086715698
POS_DRAMP_DRAMP30047,0.32544562220573425
POS_DRAMP_DRAMP30056,0.2318413108587265
POS_DRAMP_DRAMP30065,0.28259554505348206
POS_DRAMP_DRAMP30068,0.23627062141895294
POS_DRAMP_DRAMP30076,0.10787301510572433
POS_DRAMP_DRAMP30084,0.04329545050859451
POS_DRAMP_DRAMP30093,0.0380532331764698
POS_DRAMP_DRAMP30097,0.01545807160437107
POS_DRAMP_DRAMP30106,0.029648760333657265
POS_DRAMP_DRAMP30124,0.24547886848449707
POS_DRAMP_DRAMP30127,0.11001456528902054
POS_DRAMP_DRAMP30130,0.4866116940975189
POS_DRAMP_DRAMP30136,0.11147627234458923
POS_DRAMP_DRAMP30148,0.017056643962860107
POS_DRAMP_DRAMP30149,0.01864425279200077
POS_DRAMP_DRAMP30150,0.020880581811070442
POS_DRAMP_DRAMP30152,0.25243741273880005
POS_DRAMP_DRAMP30157,0.1208682432770729
POS_DRAMP_DRAMP30161,0.027126383036375046
POS_DRAMP_DRAMP30162,0.01720433309674263
POS_DRAMP_DRAMP30163,0.06047855317592621
POS_DRAMP_DRAMP30165,0.22981548309326172
POS_DRAMP_DRAMP30186,0.012737506069242954
POS_DRAMP_DRAMP30194,0.05942573770880699
POS_DRAMP_DRAMP30195,0.05623846873641014
POS_DRAMP_DRAMP30196,0.052580952644348145
POS_DRAMP_DRAMP30197,0.055904749780893326
POS_DRAMP_DRAMP30198,0.03883848711848259
POS_DRAMP_DRAMP30199,0.05409387871623039
POS_DRAMP_DRAMP30200,0.044741787016391754
POS_DRAMP_DRAMP30201,0.052861735224723816
POS_DRAMP_DRAMP30202,0.0647333562374115
POS_DRAMP_DRAMP30203,0.048479240387678146
POS_DRAMP_DRAMP30204,0.08442199975252151
POS_DRAMP_DRAMP30205,0.05201597511768341
POS_DRAMP_DRAMP30206,0.0667232796549797
POS_DRAMP_DRAMP30207,0.07620146125555038
POS_DRAMP_DRAMP30208,0.05481787770986557
POS_DRAMP_DRAMP30209,0.034449171274900436
POS_DRAMP_DRAMP30210,0.1244107335805893
POS_DRAMP_DRAMP30214,0.24754023551940918
POS_DRAMP_DRAMP30215,0.14952726662158966
POS_DRAMP_DRAMP30216,0.1675158143043518
POS_DRAMP_DRAMP30217,0.13194423913955688
POS_DRAMP_DRAMP30218,0.2902240753173828
POS_DRAMP_DRAMP30219,0.092179074883461
POS_DRAMP_DRAMP30220,0.036521267145872116
POS_DRAMP_DRAMP30298,0.9879586696624756
POS_DRAMP_DRAMP30305,0.07253175973892212
POS_DRAMP_DRAMP30339,0.9906692504882812
POS_DRAMP_DRAMP30348,0.013476330786943436
POS_DRAMP_DRAMP30349,0.061251670122146606
POS_DRAMP_DRAMP30352,0.02102419175207615
POS_DRAMP_DRAMP30353,0.01477390993386507
POS_DRAMP_DRAMP30357,0.26213574409484863
POS_DRAMP_DRAMP30358,0.02224946767091751
POS_DRAMP_DRAMP30562,0.6151487231254578
POS_DRAMP_DRAMP30564,0.34670954942703247
POS_DRAMP_DRAMP30565,0.4598209261894226
POS_DRAMP_DRAMP30566,0.7540687918663025
POS_DRAMP_DRAMP30567,0.04208759963512421
POS_DRAMP_DRAMP30576,0.325987845659256
POS_DRAMP_DRAMP30580,0.07585252076387405
POS_DRAMP_DRAMP30618,0.7506870031356812
POS_DRAMP_DRAMP30619,0.8769996762275696
POS_DRAMP_DRAMP30710,0.27549636363983154
POS_DRAMP_DRAMP30720,0.038163382560014725
POS_DRAMP_DRAMP30730,0.010044660419225693
POS_DRAMP_DRAMP30733,0.7382183074951172
POS_DRAMP_DRAMP30734,0.10228006541728973
POS_DRAMP_DRAMP30735,0.07862319052219391
POS_DRAMP_DRAMP30753,0.033328525722026825
POS_DRAMP_DRAMP30782,0.04670185595750809
POS_DRAMP_DRAMP30783,0.08207736164331436
POS_DRAMP_DRAMP30784,0.05335739254951477
POS_DRAMP_DRAMP30785,0.06606215983629227
POS_DRAMP_DRAMP30786,0.09781133383512497
POS_DRAMP_DRAMP30790,0.031733449548482895
POS_DRAMP_DRAMP30794,0.015643524006009102
POS_DRAMP_DRAMP30800,0.7341581583023071
POS_DRAMP_DRAMP30811,0.7827693819999695
POS_DRAMP_DRAMP30814,0.9059962630271912
POS_DRAMP_DRAMP30818,0.9774248600006104
POS_DRAMP_DRAMP30838,0.7327322363853455
POS_DRAMP_DRAMP30843,0.7841463685035706
POS_DRAMP_DRAMP30855,0.9727696180343628
POS_DRAMP_DRAMP30859,0.9825440049171448
POS_DRAMP_DRAMP30861,0.9154789447784424
POS_DRAMP_DRAMP30868,0.9848765134811401
POS_DRAMP_DRAMP30871,0.9267655611038208
POS_DRAMP_DRAMP30874,0.9614065885543823
POS_DRAMP_DRAMP30876,0.9822733998298645
POS_DRAMP_DRAMP30883,0.9796498417854309
POS_DRAMP_DRAMP30889,0.9803787469863892
POS_DRAMP_DRAMP30893,0.9264413714408875
POS_DRAMP_DRAMP30896,0.9851932525634766
POS_DRAMP_DRAMP30941,0.042221926152706146
POS_DRAMP_DRAMP30943,0.0480666421353817
POS_DRAMP_DRAMP30966,0.8987554907798767
POS_DRAMP_DRAMP30967,0.02479149028658867
POS_DRAMP_DRAMP30968,0.12958288192749023
POS_DRAMP_DRAMP30969,0.10299050807952881
POS_DRAMP_DRAMP30970,0.04813637584447861
POS_DRAMP_DRAMP30971,0.0262505654245615
POS_DRAMP_DRAMP30972,0.02984006702899933
POS_DRAMP_DRAMP30973,0.05542173236608505
POS_DRAMP_DRAMP30974,0.042920369654893875
POS_DRAMP_DRAMP30975,0.03127376362681389
POS_DRAMP_DRAMP30976,0.06625275313854218
POS_DRAMP_DRAMP30977,0.04005308076739311
POS_DRAMP_DRAMP30978,0.05484620854258537
POS_DRAMP_DRAMP30979,0.0404621921479702
POS_DRAMP_DRAMP30983,0.0242244154214859
POS_DRAMP_DRAMP30985,0.04440771043300629
POS_DRAMP_DRAMP30987,0.03176277503371239
POS_DRAMP_DRAMP30988,0.01242805179208517
POS_DRAMP_DRAMP30989,0.037958454340696335
POS_DRAMP_DRAMP30990,0.038269080221652985
POS_DRAMP_DRAMP30991,0.03836030140519142
POS_DRAMP_DRAMP30992,0.041329678148031235
POS_DRAMP_DRAMP30993,0.043080899864435196
POS_DRAMP_DRAMP30994,0.07785362750291824
POS_DRAMP_DRAMP30995,0.04295366257429123
POS_DRAMP_DRAMP30996,0.034600045531988144
POS_DRAMP_DRAMP30997,0.6580135226249695
POS_DRAMP_DRAMP30998,0.14869661629199982
POS_DRAMP_DRAMP30999,0.4625575542449951
POS_DRAMP_DRAMP31000,0.8878293633460999
POS_DRAMP_DRAMP31006,0.9044744968414307
POS_DRAMP_DRAMP31009,0.9895265102386475
POS_DRAMP_DRAMP31011,0.9845941662788391
POS_DRAMP_DRAMP31012,0.9553914666175842
POS_DRAMP_DRAMP31013,0.9759624600410461
POS_DRAMP_DRAMP31014,0.9890279769897461
POS_DRAMP_DRAMP31029,0.3735453188419342
POS_DRAMP_DRAMP31030,0.4303118884563446
POS_DRAMP_DRAMP31032,0.0934840515255928
POS_DRAMP_DRAMP31057,0.07929256558418274
POS_DRAMP_DRAMP31072,0.09079992771148682
POS_DRAMP_DRAMP31080,0.2810942828655243
POS_DRAMP_DRAMP31087,0.8353229761123657
POS_DRAMP_DRAMP31088,0.07192748039960861
POS_DRAMP_DRAMP31121,0.9750056266784668
POS_DRAMP_DRAMP31122,0.4262421727180481
POS_DRAMP_DRAMP31130,0.0242104884237051
POS_DRAMP_DRAMP31131,0.4096025824546814
POS_DRAMP_DRAMP31132,0.8995614051818848
POS_DRAMP_DRAMP31137,0.02951384149491787
POS_DRAMP_DRAMP31138,0.09133363515138626
POS_DRAMP_DRAMP31139,0.040415022522211075
POS_DRAMP_DRAMP31140,0.0388343371450901
POS_DRAMP_DRAMP31141,0.036195121705532074
POS_DRAMP_DRAMP31142,0.06263922154903412
POS_DRAMP_DRAMP31143,0.0849301815032959
POS_DRAMP_DRAMP31146,0.023445282131433487
POS_DRAMP_DRAMP31147,0.041239183396101
POS_DRAMP_DRAMP31149,0.7766793370246887
POS_DRAMP_DRAMP31150,0.7460171580314636
POS_DRAMP_DRAMP31151,0.8650081753730774
POS_DRAMP_DRAMP31152,0.3594558835029602
POS_DRAMP_DRAMP31153,0.026401976123452187
POS_DRAMP_DRAMP31154,0.8864303231239319
POS_DRAMP_DRAMP31155,0.05914641171693802
POS_DRAMP_DRAMP31156,0.9754403233528137
POS_DRAMP_DRAMP31157,0.6225797533988953
POS_DRAMP_DRAMP31158,0.519345760345459
POS_DRAMP_DRAMP31159,0.9417517781257629
POS_DRAMP_DRAMP31160,0.9726612567901611
POS_DRAMP_DRAMP31161,0.20713256299495697
POS_DRAMP_DRAMP31163,0.040603261440992355
POS_DRAMP_DRAMP31187,0.052293527871370316
POS_DRAMP_DRAMP31190,0.9907795786857605
POS_DRAMP_DRAMP31271,0.04488493502140045
POS_DRAMP_DRAMP31272,0.08989280462265015
POS_DRAMP_DRAMP31274,0.16880926489830017
POS_DRAMP_DRAMP31283,0.020550495013594627
POS_DRAMP_DRAMP31292,0.9020958542823792
POS_DRAMP_DRAMP31327,0.03438425809144974
POS_DRAMP_DRAMP31354,0.1576147973537445
POS_DRAMP_DRAMP31355,0.10948745161294937
POS_DRAMP_DRAMP31360,0.6275498867034912
POS_DRAMP_DRAMP31365,0.9820843935012817
POS_DRAMP_DRAMP31367,0.044926077127456665
POS_DRAMP_DRAMP31386,0.1380956768989563
POS_DRAMP_DRAMP31387,0.14493632316589355
POS_DRAMP_DRAMP31388,0.05570842698216438
POS_DRAMP_DRAMP31401,0.9904513955116272
POS_DRAMP_DRAMP31404,0.9889068007469177
POS_DRAMP_DRAMP31408,0.128886878490448
POS_DRAMP_DRAMP31412,0.9843311905860901
POS_DRAMP_DRAMP31424,0.0979476049542427
POS_DRAMP_DRAMP31427,0.030150124803185463
POS_DRAMP_DRAMP31458,0.06654563546180725
POS_DRAMP_DRAMP31469,0.9888363480567932
POS_DRAMP_DRAMP31470,0.9882515668869019
POS_DRAMP_DRAMP31483,0.016026154160499573
POS_DRAMP_DRAMP31490,0.018875792622566223
POS_DRAMP_DRAMP31501,0.16293926537036896
POS_DRAMP_DRAMP31533,0.018520837649703026
POS_DRAMP_DRAMP31552,0.9890589714050293
POS_DRAMP_DRAMP31553,0.9852749109268188
POS_DRAMP_DRAMP31563,0.025668645277619362
POS_DRAMP_DRAMP31573,0.9870412349700928
POS_DRAMP_DRAMP31574,0.9825249314308167
POS_DRAMP_DRAMP31575,0.9880542159080505
POS_DRAMP_DRAMP31577,0.9868820309638977
POS_DRAMP_DRAMP31578,0.979918897151947
POS_DRAMP_DRAMP31579,0.9528875946998596
POS_DRAMP_DRAMP31580,0.9881147146224976
POS_DRAMP_DRAMP31581,0.9897160530090332
POS_DRAMP_DRAMP31631,0.9013286828994751
POS_DRAMP_DRAMP31658,0.9371028542518616
POS_DRAMP_DRAMP31671,0.9809696078300476
POS_DRAMP_DRAMP31676,0.24669307470321655
POS_DRAMP_DRAMP31684,0.9890843033790588
POS_DRAMP_DRAMP31686,0.9904325008392334
POS_DRAMP_DRAMP31687,0.9884805083274841
POS_DRAMP_DRAMP31688,0.98951256275177
POS_DRAMP_DRAMP31715,0.40267664194107056
POS_DRAMP_DRAMP31716,0.5073432326316833
POS_DRAMP_DRAMP31718,0.1798228919506073
POS_DRAMP_DRAMP31719,0.5308035612106323
POS_DRAMP_DRAMP31720,0.6960729956626892
POS_DRAMP_DRAMP31721,0.6331668496131897
POS_DRAMP_DRAMP31731,0.8084316253662109
POS_DRAMP_DRAMP31732,0.029204893857240677
POS_DRAMP_DRAMP31742,0.9899383783340454
POS_DRAMP_DRAMP31743,0.9903042912483215
POS_DRAMP_DRAMP31744,0.9905540943145752
POS_DRAMP_DRAMP31745,0.9891255497932434
POS_DRAMP_DRAMP31760,0.988007664680481
POS_DRAMP_DRAMP31763,0.9898897409439087
POS_DRAMP_DRAMP31777,0.9901678562164307
POS_DRAMP_DRAMP31784,0.9901179075241089
POS_DRAMP_DRAMP31790,0.9822843670845032
POS_DRAMP_DRAMP31806,0.9903798699378967
POS_DRAMP_DRAMP31837,0.9901626110076904
POS_DRAMP_DRAMP31839,0.9660831689834595
POS_DRAMP_DRAMP31840,0.20675216615200043
POS_DRAMP_DRAMP31853,0.9871332049369812
POS_DRAMP_DRAMP31854,0.9873497486114502
POS_DRAMP_DRAMP31858,0.9902351498603821
POS_DRAMP_DRAMP31859,0.9874703884124756
POS_DRAMP_DRAMP31860,0.9891330003738403
POS_DRAMP_DRAMP31861,0.9906619191169739
POS_DRAMP_DRAMP31863,0.9898406863212585
POS_DRAMP_DRAMP31864,0.9901865720748901
POS_DRAMP_DRAMP31865,0.9906187653541565
POS_DRAMP_DRAMP31866,0.9901477098464966
POS_DRAMP_DRAMP31867,0.9898994565010071
POS_DRAMP_DRAMP31868,0.990153431892395
POS_DRAMP_DRAMP31874,0.9902333617210388
POS_DRAMP_DRAMP31875,0.9905691742897034
POS_DRAMP_DRAMP31877,0.9792051315307617
POS_DRAMP_DRAMP31911,0.9908648729324341
POS_DRAMP_DRAMP31928,0.03229808434844017
POS_DRAMP_DRAMP31933,0.9908145070075989
POS_DRAMP_DRAMP31936,0.9906951189041138
POS_DRAMP_DRAMP31945,0.04929075762629509
POS_DRAMP_DRAMP31956,0.33224305510520935
POS_DRAMP_DRAMP31958,0.8583723306655884
POS_DRAMP_DRAMP31986,0.17335554957389832
POS_DRAMP_DRAMP32013,0.9904624819755554
POS_DRAMP_DRAMP32015,0.9902141094207764
POS_DRAMP_DRAMP32017,0.9905657768249512
POS_DRAMP_DRAMP32019,0.9905396103858948
POS_DRAMP_DRAMP32023,0.9900076985359192
POS_DRAMP_DRAMP32037,0.9901973009109497
POS_DRAMP_DRAMP32038,0.9899266362190247
POS_DRAMP_DRAMP32040,0.9903599619865417
POS_DRAMP_DRAMP32041,0.9903223514556885
POS_DRAMP_DRAMP32042,0.9889222979545593
POS_DRAMP_DRAMP32045,0.9897269010543823
POS_DRAMP_DRAMP32046,0.9901860952377319
POS_DRAMP_DRAMP32047,0.9900766015052795
POS_DRAMP_DRAMP32062,0.9903367161750793
POS_DRAMP_DRAMP32116,0.9887584447860718
POS_DRAMP_DRAMP32117,0.9888010621070862
POS_DRAMP_DRAMP32121,0.9857664108276367
POS_DRAMP_DRAMP32122,0.9457145929336548
POS_DRAMP_DRAMP32143,0.980785608291626
POS_DRAMP_DRAMP32145,0.9614804983139038
POS_DRAMP_DRAMP32162,0.9891175031661987
POS_DRAMP_DRAMP32167,0.9887108206748962
POS_DRAMP_DRAMP32173,0.9879369735717773
POS_DRAMP_DRAMP32178,0.9896579384803772
POS_DRAMP_DRAMP32181,0.98878014087677
POS_DRAMP_DRAMP32192,0.9902557730674744
POS_DRAMP_DRAMP32213,0.9798876047134399
POS_DRAMP_DRAMP32219,0.9526088833808899
POS_DRAMP_DRAMP32220,0.924497663974762
POS_DRAMP_DRAMP32227,0.9879399538040161
POS_DRAMP_DRAMP32269,0.9834113717079163
POS_DRAMP_DRAMP32271,0.9742766618728638
POS_DRAMP_DRAMP32272,0.9689498543739319
POS_DRAMP_DRAMP32273,0.9611983299255371
POS_DRAMP_DRAMP32274,0.9900611639022827
POS_DRAMP_DRAMP32285,0.9811771512031555
POS_DRAMP_DRAMP32320,0.9897326827049255
POS_DRAMP_DRAMP32334,0.02745397575199604
POS_DRAMP_DRAMP32368,0.03281502425670624
POS_DRAMP_DRAMP32387,0.04516468942165375
POS_DRAMP_DRAMP32388,0.9858705401420593
POS_DRAMP_DRAMP32780,0.9677000045776367
POS_DRAMP_DRAMP32781,0.1403788924217224
POS_DRAMP_DRAMP32792,0.9768291711807251
POS_DRAMP_DRAMP32825,0.043657105416059494
POS_DRAMP_DRAMP32826,0.02375037409365177
POS_DRAMP_DRAMP32833,0.9749398231506348
POS_DRAMP_DRAMP32834,0.9572524428367615
POS_DRAMP_DRAMP32839,0.9876406192779541
POS_DRAMP_DRAMP32846,0.12303683906793594
POS_DRAMP_DRAMP32862,0.990486204624176
POS_DRAMP_DRAMP32874,0.9738496541976929
POS_DRAMP_DRAMP32875,0.986802339553833
POS_DRAMP_DRAMP32907,0.6433138847351074
POS_DRAMP_DRAMP32910,0.8363551497459412
POS_DRAMP_DRAMP32918,0.3168641924858093
POS_DRAMP_DRAMP32960,0.9807417392730713
POS_DRAMP_DRAMP32962,0.9695674180984497
POS_DRAMP_DRAMP32966,0.9881177544593811
POS_DRAMP_DRAMP32971,0.9834704399108887
POS_DRAMP_DRAMP32973,0.9889100193977356
POS_DRAMP_DRAMP32976,0.9797730445861816
POS_DRAMP_DRAMP32989,0.9577388167381287
POS_DRAMP_DRAMP32990,0.989096999168396
POS_DRAMP_DRAMP32991,0.977942168712616
POS_DRAMP_DRAMP33001,0.9757592678070068
POS_DRAMP_DRAMP33003,0.9707868695259094
POS_DRAMP_DRAMP33009,0.9882121682167053
POS_DRAMP_DRAMP33010,0.9367796182632446
POS_DRAMP_DRAMP33020,0.9206402897834778
POS_DRAMP_DRAMP33141,0.939697265625
POS_DRAMP_DRAMP33145,0.9624851942062378
POS_DRAMP_DRAMP33162,0.7540109753608704
POS_DRAMP_DRAMP33174,0.9560824036598206
POS_DRAMP_DRAMP33176,0.2401820421218872
POS_DRAMP_DRAMP33177,0.09329592436552048
POS_DRAMP_DRAMP33205,0.552268922328949
POS_DRAMP_DRAMP33208,0.9807663559913635
POS_DRAMP_DRAMP33210,0.9901271462440491
POS_DRAMP_DRAMP33211,0.989784836769104
POS_DRAMP_DRAMP33223,0.989090085029602
POS_DRAMP_DRAMP33227,0.9622023105621338
POS_DRAMP_DRAMP33228,0.6306732296943665
POS_DRAMP_DRAMP33229,0.17032472789287567
POS_DRAMP_DRAMP33242,0.9712014198303223
POS_DRAMP_DRAMP33254,0.5766130685806274
POS_DRAMP_DRAMP33266,0.979738712310791
POS_DRAMP_DRAMP33276,0.9870787262916565
POS_DRAMP_DRAMP33280,0.985924243927002
POS_DRAMP_DRAMP33284,0.9896965026855469
POS_DRAMP_DRAMP33325,0.9906390309333801
POS_DRAMP_DRAMP33326,0.9902690052986145
POS_DRAMP_DRAMP33327,0.9906155467033386
POS_DRAMP_DRAMP33328,0.9906037449836731
POS_DRAMP_DRAMP33376,0.060088206082582474
POS_DRAMP_DRAMP33383,0.10851569473743439
POS_DRAMP_DRAMP33530,0.9904833436012268
POS_DRAMP_DRAMP33556,0.9354942440986633
POS_DRAMP_DRAMP33575,0.9656745791435242
POS_DRAMP_DRAMP33629,0.9906492829322815
POS_DRAMP_DRAMP33639,0.9892196655273438
POS_DRAMP_DRAMP33649,0.9875946640968323
POS_DRAMP_DRAMP33669,0.9891049265861511
POS_DRAMP_DRAMP33671,0.9907276034355164
POS_DRAMP_DRAMP33677,0.9892624616622925
POS_DRAMP_DRAMP33681,0.6296265125274658
POS_DRAMP_DRAMP33682,0.9904361367225647
POS_DRAMP_DRAMP33686,0.9743120670318604
POS_DRAMP_DRAMP33696,0.9904675483703613
POS_DRAMP_DRAMP33703,0.9226906299591064
POS_DRAMP_DRAMP33705,0.6440691351890564
POS_DRAMP_DRAMP33744,0.9809008240699768
POS_DRAMP_DRAMP33759,0.9868986010551453
POS_DRAMP_DRAMP33760,0.9883725047111511
POS_DRAMP_DRAMP33761,0.9881770610809326
POS_DRAMP_DRAMP33763,0.9895769953727722
POS_DRAMP_DRAMP33764,0.9896631836891174
POS_DRAMP_DRAMP33765,0.990260124206543
POS_DRAMP_DRAMP33766,0.9891223311424255
POS_DRAMP_DRAMP33767,0.9901285767555237
POS_DRAMP_DRAMP33779,0.25611621141433716
POS_DRAMP_DRAMP33788,0.19931454956531525
POS_DRAMP_DRAMP33792,0.05169369652867317
POS_DRAMP_DRAMP33876,0.6073367595672607
POS_DRAMP_DRAMP33880,0.36628085374832153
POS_DRAMP_DRAMP33883,0.3170352280139923
POS_DRAMP_DRAMP33888,0.27883559465408325
POS_DRAMP_DRAMP33905,0.14890412986278534
POS_DRAMP_DRAMP33906,0.039000045508146286
POS_DRAMP_DRAMP33907,0.03552035242319107
POS_DRAMP_DRAMP33908,0.022974109277129173
POS_DRAMP_DRAMP33909,0.03262326121330261
POS_DRAMP_DRAMP33910,0.013499654829502106
POS_DRAMP_DRAMP33930,0.8726350665092468
POS_DRAMP_DRAMP34331,0.9778370261192322
POS_DRAMP_DRAMP34338,0.3166225254535675
POS_DRAMP_DRAMP34343,0.9782150387763977
POS_DRAMP_DRAMP34344,0.11320824921131134
POS_DRAMP_DRAMP34362,0.08946537971496582
POS_DRAMP_DRAMP34368,0.904013991355896
POS_DRAMP_DRAMP34371,0.9892988801002502
POS_DRAMP_DRAMP34379,0.8043200969696045
POS_DRAMP_DRAMP34392,0.9847405552864075
POS_DRAMP_DRAMP34393,0.9648443460464478
POS_DRAMP_DRAMP34394,0.9732974767684937
POS_DRAMP_DRAMP34413,0.14110855758190155
POS_DRAMP_DRAMP34436,0.9857698082923889
POS_DRAMP_DRAMP34437,0.9870880246162415
POS_DRAMP_DRAMP34440,0.2429794818162918
POS_DRAMP_DRAMP34454,0.9875620603561401
POS_DRAMP_DRAMP34463,0.88596111536026
POS_DRAMP_DRAMP34465,0.9522329568862915
POS_DRAMP_DRAMP34468,0.04048044607043266
POS_DRAMP_DRAMP34470,0.9803047180175781
POS_DRAMP_DRAMP34473,0.4125749170780182
POS_DRAMP_DRAMP34476,0.47959136962890625
POS_DRAMP_DRAMP34484,0.9890285730361938
POS_DRAMP_DRAMP34491,0.012934365309774876
POS_DRAMP_DRAMP34494,0.9778143167495728
POS_DRAMP_DRAMP34497,0.679898202419281
POS_DRAMP_DRAMP34499,0.9349134564399719
POS_DRAMP_DRAMP34513,0.9869772791862488
POS_DRAMP_DRAMP34519,0.8378527164459229
POS_DRAMP_DRAMP34529,0.061092209070920944
POS_DRAMP_DRAMP34542,0.8269193768501282
POS_DRAMP_DRAMP34551,0.9903753995895386
POS_DRAMP_DRAMP34563,0.8778917789459229
POS_DRAMP_DRAMP34564,0.9125012159347534
POS_DRAMP_DRAMP34566,0.4926963448524475
POS_DRAMP_DRAMP34567,0.7032373547554016
POS_DRAMP_DRAMP34573,0.39212390780448914
POS_DRAMP_DRAMP34593,0.018544377759099007
POS_DRAMP_DRAMP34614,0.02014629729092121
POS_DRAMP_DRAMP34615,0.48292648792266846
POS_DRAMP_DRAMP34625,0.8352466225624084
POS_DRAMP_DRAMP34641,0.9333853125572205
POS_DRAMP_DRAMP34644,0.9835370182991028
POS_DRAMP_DRAMP34649,0.02098020538687706
POS_DRAMP_DRAMP34657,0.689451277256012
POS_DRAMP_DRAMP34665,0.9774792790412903
POS_DRAMP_DRAMP34671,0.10329415649175644
POS_DRAMP_DRAMP34679,0.08402932435274124
POS_DRAMP_DRAMP34680,0.11941654980182648
POS_DRAMP_DRAMP34730,0.1444031000137329
POS_DRAMP_DRAMP34731,0.1511472910642624
POS_DRAMP_DRAMP34734,0.1744154691696167
POS_DRAMP_DRAMP34736,0.34782874584198
POS_DRAMP_DRAMP34738,0.07597222179174423
POS_DRAMP_DRAMP34739,0.3668862283229828
POS_DRAMP_DRAMP34740,0.10362323373556137
POS_DRAMP_DRAMP34741,0.6925651431083679
POS_DRAMP_DRAMP34762,0.031737688928842545
POS_DRAMP_DRAMP34773,0.18882480263710022
POS_DRAMP_DRAMP34774,0.032519880682229996
POS_DRAMP_DRAMP34776,0.10889788717031479
POS_DRAMP_DRAMP34785,0.7367984652519226
POS_DRAMP_DRAMP34786,0.03623636066913605
POS_DRAMP_DRAMP34792,0.0661514401435852
POS_DRAMP_DRAMP34799,0.14223948121070862
POS_DRAMP_DRAMP34804,0.050455302000045776
POS_DRAMP_DRAMP34812,0.051792342215776443
POS_DRAMP_DRAMP34815,0.06633716821670532
POS_DRAMP_DRAMP34822,0.03204458951950073
POS_DRAMP_DRAMP34827,0.03412746638059616
POS_DRAMP_DRAMP34838,0.07825522124767303
POS_DRAMP_DRAMP34843,0.1396569162607193
POS_DRAMP_DRAMP34855,0.11808077991008759
POS_DRAMP_DRAMP34856,0.07034186273813248
POS_DRAMP_DRAMP34868,0.1563154011964798
POS_DRAMP_DRAMP34874,0.0745919868350029
POS_DRAMP_DRAMP34901,0.525402843952179
POS_DRAMP_DRAMP34916,0.9745364189147949
POS_DRAMP_DRAMP34917,0.9830941557884216
POS_DRAMP_DRAMP34919,0.9907310605049133
POS_DRAMP_DRAMP34922,0.9891234040260315
POS_DRAMP_DRAMP34926,0.3456090986728668
POS_DRAMP_DRAMP34953,0.2978164553642273
POS_DRAMP_DRAMP34974,0.08888737112283707
POS_DRAMP_DRAMP34980,0.39362674951553345
POS_DRAMP_DRAMP35037,0.9653070569038391
POS_DRAMP_DRAMP35043,0.026984283700585365
POS_DRAMP_DRAMP35060,0.9881897568702698
POS_DRAMP_DRAMP35061,0.02479228563606739
POS_DRAMP_DRAMP35062,0.14099140465259552
POS_DRAMP_DRAMP35064,0.16256050765514374
POS_DRAMP_DRAMP35081,0.10471443831920624
POS_DRAMP_DRAMP35089,0.8898971676826477
POS_DRAMP_DRAMP35156,0.9826801419258118
POS_DRAMP_DRAMP35157,0.9908316135406494
POS_DRAMP_DRAMP35189,0.21040980517864227
POS_DRAMP_DRAMP35190,0.2788863480091095
POS_DRAMP_DRAMP35258,0.7630336880683899
POS_DRAMP_DRAMP35280,0.07374107092618942
POS_DRAMP_DRAMP35316,0.9905633330345154
POS_DRAMP_DRAMP35317,0.9900326728820801
POS_DRAMP_DRAMP35325,0.9905183911323547
POS_DRAMP_DRAMP35360,0.01748095266520977
POS_DRAMP_DRAMP35363,0.14254970848560333
POS_DRAMP_DRAMP35414,0.07349048554897308
POS_DRAMP_DRAMP35415,0.018357539549469948
POS_DRAMP_DRAMP35419,0.01571698859333992
POS_DRAMP_DRAMP35420,0.01486037578433752
POS_DRAMP_DRAMP35424,0.0146019347012043
POS_DRAMP_DRAMP35461,0.9832015037536621
POS_DRAMP_DRAMP35484,0.14788410067558289
POS_DRAMP_DRAMP35530,0.9868533611297607
POS_DRAMP_DRAMP35616,0.10309389978647232
POS_DRAMP_DRAMP35644,0.6538041234016418
POS_DRAMP_DRAMP35651,0.9899072647094727
POS_DRAMP_DRAMP35681,0.984868049621582
POS_DRAMP_DRAMP35683,0.983352541923523
POS_DRAMP_DRAMP35695,0.19067199528217316
POS_DRAMP_DRAMP35698,0.16388657689094543
POS_DRAMP_DRAMP35700,0.13713237643241882
POS_DRAMP_DRAMP35701,0.1359759271144867
POS_DRAMP_DRAMP35721,0.8440001010894775
POS_DRAMP_DRAMP35730,0.5142243504524231
POS_DRAMP_DRAMP35731,0.9062007665634155
POS_DRAMP_DRAMP35735,0.956197202205658
POS_DRAMP_DRAMP35752,0.990172803401947
POS_DRAMP_DRAMP35753,0.989991307258606
POS_DRAMP_DRAMP35754,0.9856546521186829
POS_DRAMP_DRAMP35755,0.9901865124702454
POS_DRAMP_DRAMP35758,0.012889591977000237
POS_DRAMP_DRAMP35759,0.016882697120308876
POS_DRAMP_DRAMP35766,0.9805890321731567
POS_DRAMP_DRAMP35773,0.06703223288059235
POS_DRAMP_DRAMP35774,0.044202376157045364
POS_DRAMP_DRAMP35775,0.0271521657705307
POS_DRAMP_DRAMP35777,0.9788057208061218
POS_DRAMP_DRAMP35778,0.9843591451644897
POS_DRAMP_DRAMP35779,0.982310950756073
POS_DRAMP_DRAMP35780,0.9751536250114441
POS_DRAMP_DRAMP35786,0.9200923442840576
POS_DRAMP_DRAMP35788,0.9826607704162598
POS_DRAMP_DRAMP35799,0.3815956115722656
POS_DRAMP_DRAMP35800,0.23271143436431885
POS_DRAMP_DRAMP35809,0.22884997725486755
POS_DRAMP_DRAMP35810,0.12293993681669235
POS_DRAMP_DRAMP35817,0.9886956810951233
POS_DRAMP_DRAMP35818,0.9877578020095825
POS_DRAMP_DRAMP35819,0.9893826246261597
POS_DRAMP_DRAMP35820,0.988894522190094
POS_DRAMP_DRAMP35821,0.9815295338630676
POS_DRAMP_DRAMP35837,0.9575604200363159
POS_DRAMP_DRAMP35840,0.1722366362810135
POS_DRAMP_DRAMP35863,0.9844948053359985
POS_DRAMP_DRAMP35867,0.9908581972122192
POS_DRAMP_DRAMP35942,0.9759280681610107
POS_DRAMP_DRAMP35947,0.026903633028268814
POS_DRAMP_DRAMP35948,0.9903634786605835
POS_DRAMP_DRAMP35949,0.9903027415275574
POS_DRAMP_DRAMP35950,0.04056479409337044
POS_DRAMP_DRAMP35965,0.026469388976693153
POS_DRAMP_DRAMP35967,0.2823708951473236
POS_DRAMP_DRAMP35976,0.00935762282460928
POS_DRAMP_DRAMP35977,0.009052551351487637
POS_DRAMP_DRAMP35979,0.009226249530911446
POS_DRAMP_DRAMP35980,0.009053622372448444
POS_DRAMP_DRAMP35984,0.009604462422430515
POS_DRAMP_DRAMP35985,0.009053151123225689
POS_DRAMP_DRAMP35987,0.01007838174700737
POS_DRAMP_DRAMP37379,0.12809836864471436
POS_DRAMP_DRAMP37386,0.023482291027903557
POS_DRAMP_DRAMP37389,0.0477936789393425
POS_DRAMP_DRAMP37393,0.06677167862653732
POS_DRAMP_DRAMP37399,0.14858943223953247
POS_DRAMP_DRAMP37400,0.08851888030767441
POS_DRAMP_DRAMP37401,0.05834285542368889
POS_DRAMP_DRAMP37402,0.1753663271665573
POS_DRAMP_DRAMP37403,0.4482298195362091
POS_DRAMP_DRAMP37404,0.09272018820047379
POS_DRAMP_DRAMP37405,0.13288958370685577
POS_DRAMP_DRAMP37415,0.01950189657509327
POS_DRAMP_DRAMP37418,0.1040007472038269
POS_DRAMP_DRAMP37430,0.06019679084420204
POS_DRAMP_DRAMP37445,0.11915604025125504
POS_DRAMP_DRAMP37448,0.7554300427436829
POS_DRAMP_DRAMP37449,0.1340009719133377
POS_DRAMP_DRAMP37451,0.16893643140792847
POS_DRAMP_DRAMP37464,0.04729883000254631
POS_DRAMP_DRAMP37487,0.9878012537956238
POS_DRAMP_DRAMP37488,0.9903597831726074
POS_DRAMP_DRAMP37489,0.9358149766921997
POS_DRAMP_DRAMP37495,0.02634650096297264
POS_DRAMP_DRAMP37506,0.031184116378426552
POS_DRAMP_DRAMP37509,0.05117294564843178
POS_DRAMP_DRAMP37514,0.03734581544995308
POS_DRAMP_DRAMP37520,0.053664904087781906
POS_DRAMP_DRAMP37524,0.11896844953298569
POS_DRAMP_DRAMP37526,0.4590930640697479
POS_DRAMP_DRAMP37528,0.16462938487529755
POS_DRAMP_DRAMP37538,0.09186007082462311
POS_DRAMP_DRAMP37540,0.29012149572372437
POS_DRAMP_DRAMP37541,0.10207570344209671
POS_DRAMP_DRAMP37551,0.028501564636826515
POS_DRAMP_DRAMP37552,0.01606195606291294
POS_DRAMP_DRAMP37553,0.05009615048766136
POS_DRAMP_DRAMP37557,0.5269364714622498
POS_DRAMP_DRAMP37558,0.973288893699646
POS_DRAMP_DRAMP37560,0.8034536242485046
POS_DRAMP_DRAMP37567,0.05438102409243584
POS_DRAMP_DRAMP37583,0.9863079786300659
POS_DRAMP_DRAMP37598,0.05649274215102196
POS_DRAMP_DRAMP37601,0.023164302110671997
POS_DRAMP_DRAMP37604,0.14016751945018768
POS_DRAMP_DRAMP37617,0.0985105037689209
POS_DRAMP_DRAMP37636,0.038251593708992004
POS_DRAMP_DRAMP37642,0.5197460055351257
POS_DRAMP_DRAMP37643,0.4714430868625641
POS_DRAMP_DRAMP37662,0.05746512487530708
POS_DRAMP_DRAMP37663,0.11145150661468506
POS_DRAMP_DRAMP37666,0.2156686633825302
POS_DRAMP_DRAMP37671,0.2069605141878128
POS_DRAMP_DRAMP37677,0.04463401809334755
POS_DRAMP_DRAMP37683,0.20208173990249634
POS_DRAMP_DRAMP37686,0.09423800557851791
POS_DRAMP_DRAMP37689,0.14987929165363312
POS_DRAMP_DRAMP37696,0.11144617944955826
POS_DRAMP_DRAMP37704,0.13845597207546234
POS_DRAMP_DRAMP37731,0.9875167608261108
POS_DRAMP_DRAMP37734,0.7828837037086487
POS_DRAMP_DRAMP37740,0.8108598589897156
POS_DRAMP_DRAMP37741,0.9650529026985168
POS_DRAMP_DRAMP37747,0.9854443073272705
POS_DRAMP_DRAMP37751,0.45102065801620483
POS_DRAMP_DRAMP37755,0.7309949994087219
POS_DRAMP_DRAMP37758,0.05690402910113335
POS_DRAMP_DRAMP37759,0.9212579727172852
POS_DRAMP_DRAMP37760,0.9656257033348083
POS_DRAMP_DRAMP37765,0.690497875213623
POS_DRAMP_DRAMP37767,0.9870167970657349
POS_DRAMP_DRAMP37789,0.9860202670097351
POS_DRAMP_DRAMP37791,0.9839031100273132
POS_DRAMP_DRAMP37792,0.9365734457969666
POS_DRAMP_DRAMP37793,0.9603965878486633
POS_DRAMP_DRAMP37798,0.04486079141497612
POS_DRAMP_DRAMP37800,0.014909732155501842
POS_DRAMP_DRAMP37803,0.05030370131134987
POS_DRAMP_DRAMP37823,0.09536178410053253
POS_DRAMP_DRAMP37829,0.020895684137940407
POS_DRAMP_DRAMP37833,0.0183479692786932
POS_DRAMP_DRAMP37843,0.02312229573726654
POS_DRAMP_DRAMP37844,0.01374825555831194
POS_DRAMP_DRAMP37847,0.032943353056907654
POS_DRAMP_DRAMP37858,0.0637882724404335
POS_DRAMP_DRAMP37880,0.3047012686729431
POS_DRAMP_DRAMP37882,0.03274333104491234
POS_DRAMP_DRAMP37891,0.015176435932517052
POS_DRAMP_DRAMP37892,0.02499091625213623
POS_DRAMP_DRAMP37893,0.05848316475749016
POS_DRAMP_DRAMP37903,0.02580593153834343
POS_DRAMP_DRAMP37905,0.024037227034568787
POS_DRAMP_DRAMP37913,0.05021356791257858
POS_DRAMP_DRAMP37937,0.5420459508895874
POS_DRAMP_DRAMP37938,0.2965259253978729
POS_DRAMP_DRAMP37940,0.1415114402770996
POS_DRAMP_DRAMP37944,0.9046760201454163
POS_DRAMP_DRAMP37953,0.06608998775482178
POS_DRAMP_DRAMP37959,0.730037271976471
POS_DRAMP_DRAMP37981,0.1884765625
POS_DRAMP_DRAMP37989,0.11585016548633575
POS_DRAMP_DRAMP37996,0.02588764764368534
POS_DRAMP_DRAMP37999,0.12678253650665283
POS_DRAMP_DRAMP38000,0.9831590056419373
POS_DRAMP_DRAMP38006,0.844779908657074
POS_DRAMP_DRAMP38008,0.39781177043914795
POS_DRAMP_DRAMP38012,0.1602165251970291
POS_DRAMP_DRAMP38015,0.015644025057554245
POS_DRAMP_DRAMP38016,0.1592344343662262
POS_DRAMP_DRAMP38018,0.043497439473867416
POS_DRAMP_DRAMP38019,0.04170390963554382
POS_DRAMP_DRAMP38020,0.8668307662010193
POS_DRAMP_DRAMP38022,0.2536604404449463
POS_DRAMP_DRAMP38025,0.0614907406270504
POS_DRAMP_DRAMP38030,0.5831959843635559
POS_DRAMP_DRAMP38032,0.8417302966117859
POS_DRAMP_DRAMP38035,0.7375278472900391
POS_DRAMP_DRAMP38039,0.5906010270118713
POS_DRAMP_DRAMP38045,0.30014973878860474
POS_DRAMP_DRAMP38048,0.10084407776594162
POS_DRAMP_DRAMP38060,0.0582556426525116
POS_DRAMP_DRAMP38062,0.08591397106647491
POS_DRAMP_DRAMP38073,0.08923132717609406
POS_DRAMP_DRAMP38078,0.11818960309028625
POS_DRAMP_DRAMP38088,0.12350592762231827
POS_DRAMP_DRAMP38090,0.19215084612369537
POS_DRAMP_DRAMP38961,0.9900763630867004
POS_DRAMP_DRAMP38979,0.15181253850460052
POS_DRAMP_DRAMP38981,0.9779251217842102
POS_DRAMP_DRAMP38987,0.9857720136642456
POS_DRAMP_DRAMP39007,0.9908086061477661
POS_DRAMP_DRAMP39023,0.986530065536499
POS_DRAMP_DRAMP39025,0.7647993564605713
POS_DRAMP_DRAMP39026,0.9822026491165161
POS_DRAMP_DRAMP39034,0.9796797037124634
POS_DRAMP_DRAMP39040,0.024850493296980858
POS_DRAMP_DRAMP39042,0.9504015445709229
POS_DRAMP_DRAMP39046,0.10429311543703079
POS_DRAMP_DRAMP39049,0.9750439524650574
POS_DRAMP_DRAMP39055,0.9225926995277405
POS_DRAMP_DRAMP39079,0.9862702488899231
POS_DRAMP_DRAMP39083,0.13117386400699615
POS_DRAMP_DRAMP39084,0.03515835106372833
POS_DRAMP_DRAMP39116,0.9884769916534424
POS_DRAMP_DRAMP39129,0.9393438696861267
POS_DRAMP_DRAMP39130,0.22086769342422485
POS_DRAMP_DRAMP39157,0.9890738725662231
POS_DRAMP_DRAMP39161,0.9304139018058777
POS_DRAMP_DRAMP39173,0.058116309344768524
POS_DRAMP_DRAMP39176,0.07990632206201553
POS_DRAMP_DRAMP39230,0.9418795704841614
POS_DRAMP_DRAMP39259,0.9786532521247864
POS_DRAMP_DRAMP39260,0.9881841540336609
POS_DRAMP_DRAMP39261,0.9876614212989807
POS_DRAMP_DRAMP39265,0.9893043637275696
POS_DRAMP_DRAMP39266,0.9877504110336304
POS_DRAMP_DRAMP39276,0.9607342481613159
POS_DRAMP_DRAMP39284,0.9880688190460205
POS_DRAMP_DRAMP39304,0.1250367909669876
POS_DRAMP_DRAMP39305,0.16144007444381714
POS_DRAMP_DRAMP39306,0.24188879132270813
POS_DRAMP_DRAMP39317,0.11537003517150879
POS_DRAMP_DRAMP39320,0.11033148318529129
POS_DRAMP_DRAMP39323,0.03386710584163666
POS_DRAMP_DRAMP39330,0.07199250161647797
POS_DRAMP_DRAMP39331,0.9839349389076233
POS_DRAMP_DRAMP39332,0.9522754549980164
POS_DRAMP_DRAMP39333,0.9894344210624695
POS_DRAMP_DRAMP39334,0.9832444787025452
POS_DRAMP_DRAMP39335,0.9833924174308777
POS_DRAMP_DRAMP39336,0.9841454029083252
POS_DRAMP_DRAMP39338,0.08942978829145432
POS_DRAMP_DRAMP39350,0.104963019490242
POS_DRAMP_DRAMP39364,0.0646718367934227
POS_DRAMP_DRAMP39392,0.1337137371301651
POS_DRAMP_DRAMP39397,0.9896446466445923
POS_DRAMP_DRAMP39400,0.9727181196212769
