id,p_ai4amp
DBAASPS_8,0.9900718927383423
DBAASPS_10,0.17585523426532745
DBAASPS_12,0.9300679564476013
DBAASPS_13,0.7762947678565979
DBAASPS_38,0.9583355784416199
DBAASPS_72,0.9152559638023376
DBAASPS_77,0.990577757358551
DBAASPS_80,0.9891610145568848
DBAASPS_81,0.9898426532745361
DBAASPS_85,0.9876297116279602
DBAASPS_86,0.9890940189361572
DBAASPS_90,0.9872474074363708
DBAASPS_91,0.9859761595726013
DBAASPS_95,0.9763085246086121
DBAASPS_96,0.9775263667106628
DBAASPS_103,0.9899200201034546
DBAASPS_105,0.8940977454185486
DBAASPS_109,0.9891611337661743
DBAASPS_110,0.9872604012489319
DBAASPS_111,0.9901435971260071
DBAASPS_112,0.9897500276565552
DBAASPS_113,0.9885308146476746
DBAASPS_115,0.9899531602859497
DBAASPS_116,0.9885510802268982
DBAASPS_117,0.9902501106262207
DBAASPS_127,0.9749627709388733
DBAASPS_128,0.9814295172691345
DBAASPS_132,0.7972885370254517
DBAASPS_133,0.5239478349685669
DBAASPS_134,0.0495741032063961
DBAASPS_135,0.9629664421081543
DBAASPS_136,0.9870250225067139
DBAASPS_137,0.990446925163269
DBAASPS_139,0.990483820438385
DBAASPS_145,0.9886419177055359
DBAASPS_157,0.9899994134902954
DBAASPS_182,0.9424496293067932
DBAASPS_183,0.9781094789505005
DBAASPS_188,0.9830176830291748
DBAASPS_189,0.7101702690124512
DBAASPS_190,0.7891966700553894
DBAASPS_191,0.7571343183517456
DBAASPS_192,0.520622193813324
DBAASPS_193,0.8734251260757446
DBAASPS_194,0.6252233982086182
DBAASPS_195,0.9621996879577637
DBAASPS_255,0.9679648876190186
DBAASPS_263,0.9867998957633972
DBAASPS_271,0.9897483587265015
DBAASPS_276,0.7052574753761292
DBAASPS_277,0.35884132981300354
DBAASPS_278,0.3981405198574066
DBAASPS_279,0.13957250118255615
DBAASPS_280,0.15577834844589233
DBAASPS_281,0.48352837562561035
DBAASPS_282,0.8261860013008118
DBAASPS_283,0.10782477259635925
DBAASPS_284,0.7543917894363403
DBAASPS_285,0.8868044018745422
DBAASPS_286,0.9693254232406616
DBAASPS_287,0.3635442852973938
DBAASPS_288,0.5067571401596069
DBAASPS_289,0.8732205629348755
DBAASPS_290,0.9734914898872375
DBAASPS_291,0.12731990218162537
DBAASPS_292,0.5661526322364807
DBAASPS_293,0.9047859311103821
DBAASPS_294,0.9510502815246582
DBAASPS_295,0.9902022480964661
DBAASPS_296,0.9901139736175537
DBAASPS_297,0.9885638356208801
DBAASPS_298,0.9892668128013611
DBAASPS_299,0.9890642166137695
DBAASPS_300,0.988284170627594
DBAASPS_301,0.9886384606361389
DBAASPS_302,0.18904614448547363
DBAASPS_303,0.04980135336518288
DBAASPS_305,0.038714487105607986
DBAASPS_306,0.6195321083068848
DBAASPS_307,0.20492593944072723
DBAASPS_308,0.09090136736631393
DBAASPS_309,0.9897697567939758
DBAASPS_310,0.5356711149215698
DBAASPS_311,0.9588032960891724
DBAASPS_312,0.9882642030715942
DBAASPS_313,0.9858222007751465
DBAASPS_314,0.9888245463371277
DBAASPS_315,0.9888805150985718
DBAASPS_316,0.9846042990684509
DBAASPS_317,0.9419413208961487
DBAASPS_318,0.9874725341796875
DBAASPS_319,0.9873965382575989
DBAASPS_320,0.9843758940696716
DBAASPS_321,0.9889389872550964
DBAASPS_322,0.9889679551124573
DBAASPS_323,0.9905191659927368
DBAASPS_324,0.9893419146537781
DBAASPS_325,0.95938640832901
DBAASPS_326,0.9891435503959656
DBAASPS_327,0.9341588616371155
DBAASPS_328,0.9247233867645264
DBAASPS_329,0.9854905009269714
DBAASPS_330,0.9883983135223389
DBAASPS_331,0.38834571838378906
DBAASPS_332,0.9855013489723206
DBAASPS_334,0.9891209602355957
DBAASPS_335,0.9887107014656067
DBAASPS_338,0.4241977632045746
DBAASPS_339,0.5962566137313843
DBAASPS_340,0.5991910099983215
DBAASPS_341,0.611661434173584
DBAASPS_342,0.42392149567604065
DBAASPS_343,0.44641241431236267
DBAASPS_344,0.1052154079079628
DBAASPS_345,0.03231808543205261
DBAASPS_346,0.987906813621521
DBAASPS_354,0.9907928705215454
DBAASPS_356,0.9905040860176086
DBAASPS_357,0.9893162250518799
DBAASPS_358,0.9896349310874939
DBAASPS_359,0.9685218334197998
DBAASPS_361,0.9838511943817139
DBAASPS_362,0.9884766936302185
DBAASPS_364,0.9399417638778687
DBAASPS_365,0.9871839284896851
DBAASPS_366,0.9866313934326172
DBAASPS_367,0.9212620258331299
DBAASPS_368,0.9886278510093689
DBAASPS_369,0.983751654624939
DBAASPS_370,0.9158878326416016
DBAASPS_371,0.9890126585960388
DBAASPS_372,0.9779410362243652
DBAASPS_373,0.9884285926818848
DBAASPS_374,0.9894158244132996
DBAASPS_375,0.9525757431983948
DBAASPS_376,0.945469856262207
DBAASPS_377,0.9723016619682312
DBAASPS_378,0.6492004990577698
DBAASPS_379,0.5625788569450378
DBAASPS_380,0.8321301341056824
DBAASPS_381,0.9473366737365723
DBAASPS_382,0.30372893810272217
DBAASPS_383,0.7121946811676025
DBAASPS_384,0.44097036123275757
DBAASPS_385,0.1513281613588333
DBAASPS_386,0.06529692560434341
DBAASPS_387,0.05034146085381508
DBAASPS_388,0.07790528237819672
DBAASPS_389,0.04375486820936203
DBAASPS_390,0.5115313529968262
DBAASPS_391,0.5867747664451599
DBAASPS_392,0.5947973728179932
DBAASPS_393,0.8993707895278931
DBAASPS_394,0.9600255489349365
DBAASPS_395,0.9459100365638733
DBAASPS_396,0.9642327427864075
DBAASPS_397,0.9741408824920654
DBAASPS_398,0.9896304607391357
DBAASPS_399,0.9892743825912476
DBAASPS_400,0.9871376752853394
DBAASPS_402,0.989172637462616
DBAASPS_403,0.12227055430412292
DBAASPS_404,0.990818202495575
DBAASPS_405,0.9907459616661072
DBAASPS_406,0.7877625823020935
DBAASPS_407,0.9797772169113159
DBAASPS_408,0.9902265667915344
DBAASPS_409,0.9888781309127808
DBAASPS_410,0.8342674970626831
DBAASPS_412,0.9875122308731079
DBAASPS_413,0.7805525064468384
DBAASPS_414,0.9305015802383423
DBAASPS_415,0.9257361888885498
DBAASPS_416,0.9839422106742859
DBAASPS_417,0.8791319131851196
DBAASPS_418,0.9646945595741272
DBAASPS_419,0.9692081809043884
DBAASPS_420,0.8243132829666138
DBAASPS_421,0.8996258974075317
DBAASPS_422,0.9689412713050842
DBAASPS_423,0.9713159799575806
DBAASPS_424,0.9716123938560486
DBAASPS_425,0.9898428320884705
DBAASPS_426,0.9693317413330078
DBAASPS_427,0.9906529188156128
DBAASPS_428,0.9904609322547913
DBAASPS_433,0.9740051031112671
DBAASPS_434,0.9883565306663513
DBAASPS_435,0.03324243426322937
DBAASPS_436,0.03264232724905014
DBAASPS_437,0.9884470701217651
DBAASPS_438,0.027911610901355743
DBAASPS_439,0.048405375331640244
DBAASPS_440,0.9206812977790833
DBAASPS_441,0.9801372289657593
DBAASPS_442,0.10665389895439148
DBAASPS_443,0.929266095161438
DBAASPS_444,0.9897609353065491
DBAASPS_445,0.48588916659355164
DBAASPS_446,0.9898664951324463
DBAASPR_462,0.03293411061167717
DBAASPS_463,0.9905335307121277
DBAASPS_464,0.9896968603134155
DBAASPS_465,0.9898648262023926
DBAASPS_466,0.9888061285018921
DBAASPS_467,0.9895866513252258
DBAASPS_468,0.9881829023361206
DBAASPS_469,0.9859678745269775
DBAASPS_470,0.988925039768219
DBAASPS_471,0.9480587244033813
DBAASPS_473,0.83726966381073
DBAASPS_474,0.9847350716590881
DBAASPS_475,0.9841136336326599
DBAASPS_476,0.9858726263046265
DBAASPS_477,0.98243647813797
DBAASPS_478,0.9858274459838867
DBAASPS_479,0.9861307144165039
DBAASPS_480,0.968552827835083
DBAASPS_481,0.3089523911476135
DBAASPS_484,0.9642267823219299
DBAASPS_485,0.9707568883895874
DBAASPS_486,0.9832047820091248
DBAASPS_487,0.9817165732383728
DBAASPS_489,0.07325106859207153
DBAASPS_496,0.983593225479126
DBAASPS_497,0.9900830388069153
DBAASPS_519,0.02580076828598976
DBAASPS_520,0.9809370040893555
DBAASPS_522,0.9827063083648682
DBAASPS_524,0.528178334236145
DBAASPS_526,0.4190291464328766
DBAASPS_528,0.020898455753922462
DBAASPS_531,0.017958639189600945
DBAASPS_532,0.03442947566509247
DBAASPS_533,0.03253191336989403
DBAASPS_538,0.027766356244683266
DBAASPS_539,0.022193944081664085
DBAASPS_540,0.03202778473496437
DBAASPS_546,0.02290618233382702
DBAASPS_547,0.036102477461099625
DBAASPS_548,0.03931906074285507
DBAASPS_551,0.04119352996349335
DBAASPS_552,0.0447966642677784
DBAASPS_553,0.048801228404045105
DBAASPS_554,0.05139312893152237
DBAASPS_560,0.9904342889785767
DBAASPR_568,0.9638836979866028
DBAASPS_599,0.4277765154838562
DBAASPS_600,0.6973198652267456
DBAASPS_602,0.03526511788368225
DBAASPS_603,0.1057485044002533
DBAASPS_604,0.2959665358066559
DBAASPS_605,0.062179017812013626
DBAASPS_622,0.9728745818138123
DBAASPS_623,0.964195191860199
DBAASPS_624,0.9228557348251343
DBAASPS_627,0.8529587388038635
DBAASPS_632,0.919308066368103
DBAASPS_633,0.9727321267127991
DBAASPS_634,0.9803000688552856
DBAASPS_635,0.976675808429718
DBAASPS_636,0.9609617590904236
DBAASPS_637,0.964134931564331
DBAASPS_638,0.968633234500885
DBAASPS_639,0.9571961760520935
DBAASPS_640,0.9876717329025269
DBAASPS_641,0.9881572723388672
DBAASPS_642,0.9806790351867676
DBAASPS_643,0.9854761958122253
DBAASPS_644,0.9637598991394043
DBAASPS_645,0.9229440093040466
DBAASPS_646,0.8066845536231995
DBAASPS_651,0.9797950387001038
DBAASPS_653,0.9838314056396484
DBAASPS_654,0.3857296407222748
DBAASPS_656,0.9373022317886353
DBAASPS_663,0.9343186616897583
DBAASPS_664,0.46586892008781433
DBAASPS_665,0.951283872127533
DBAASPS_666,0.9520713686943054
DBAASPS_667,0.9549373984336853
DBAASPS_668,0.918523371219635
DBAASPS_669,0.9554151296615601
DBAASPS_670,0.9446828365325928
DBAASPS_671,0.9633417129516602
DBAASPS_673,0.9888259768486023
DBAASPS_674,0.9881544709205627
DBAASPS_675,0.9006791114807129
DBAASPS_676,0.9143615365028381
DBAASPS_677,0.8375800251960754
DBAASPS_678,0.7768150568008423
DBAASPS_679,0.8989579677581787
DBAASPS_680,0.7795339822769165
DBAASPS_682,0.9821971654891968
DBAASPS_683,0.9830721616744995
DBAASPS_684,0.9239873886108398
DBAASPS_685,0.594733476638794
DBAASPS_686,0.7319818139076233
DBAASPS_687,0.7554988265037537
DBAASPS_688,0.8028460741043091
DBAASPS_700,0.9745007753372192
DBAASPS_701,0.9624515175819397
DBAASPS_702,0.9769167304039001
DBAASPS_703,0.9834340810775757
DBAASPS_704,0.9813421964645386
DBAASPS_705,0.9777835607528687
DBAASPS_710,0.9868996143341064
DBAASPS_711,0.9824336171150208
DBAASPS_712,0.9887586832046509
DBAASPS_713,0.9879817366600037
DBAASPS_714,0.9884797930717468
DBAASPS_715,0.9551332592964172
DBAASPS_717,0.9721459746360779
DBAASPS_721,0.9624366164207458
DBAASPS_724,0.3235628008842468
DBAASPS_725,0.9665892124176025
DBAASPS_726,0.9850798845291138
DBAASPS_727,0.01609848625957966
DBAASPS_728,0.6033656597137451
DBAASPS_729,0.11226893216371536
DBAASPS_731,0.08739537000656128
DBAASPS_735,0.36366724967956543
DBAASPS_736,0.03691921383142471
DBAASPS_738,0.7012632489204407
DBAASPS_739,0.8104686737060547
DBAASPS_740,0.30679887533187866
DBAASPS_741,0.12297634035348892
DBAASPS_742,0.9632600545883179
DBAASPS_746,0.9195050001144409
DBAASPS_747,0.9862315654754639
DBAASPS_748,0.09321539849042892
DBAASPS_749,0.1797473281621933
DBAASPS_750,0.07821352779865265
DBAASPS_752,0.8486084342002869
DBAASPS_753,0.585109531879425
DBAASPS_754,0.7796318531036377
DBAASPS_761,0.16267290711402893
DBAASPS_762,0.06883719563484192
DBAASPS_773,0.9843733906745911
DBAASPS_807,0.9534490704536438
DBAASPS_809,0.6809308528900146
DBAASPS_810,0.9765747785568237
DBAASPS_811,0.6122838854789734
DBAASPS_812,0.9532221555709839
DBAASPS_819,0.6494230031967163
DBAASPS_820,0.9552047252655029
DBAASPS_821,0.9056742191314697
DBAASPS_831,0.03111334890127182
DBAASPS_877,0.978085458278656
DBAASPS_878,0.9811078310012817
DBAASPS_879,0.9875471591949463
DBAASPS_885,0.9899884462356567
DBAASPS_886,0.9905221462249756
DBAASPS_888,0.988161563873291
DBAASPS_899,0.9905800819396973
DBAASPS_901,0.9907658696174622
DBAASPS_902,0.9906979203224182
DBAASPS_903,0.9907985329627991
DBAASPS_904,0.9885598421096802
DBAASPS_910,0.9904729127883911
DBAASPS_911,0.9878557920455933
DBAASPS_912,0.9883102178573608
DBAASPS_913,0.9874418377876282
DBAASPS_914,0.9899071455001831
DBAASPS_915,0.9904374480247498
DBAASPS_921,0.9842207431793213
DBAASPS_922,0.9864267110824585
DBAASPS_928,0.979754626750946
DBAASPS_929,0.9859283566474915
DBAASPS_930,0.976822018623352
DBAASPS_931,0.9645603895187378
DBAASPS_932,0.9858009815216064
DBAASPS_933,0.9767634272575378
DBAASPS_934,0.9860186576843262
DBAASPS_935,0.9636655449867249
DBAASPS_936,0.9435508251190186
DBAASPS_937,0.9789928197860718
DBAASPS_938,0.9750603437423706
DBAASPS_939,0.8731661438941956
DBAASPS_940,0.9834637641906738
DBAASPS_941,0.9296181797981262
DBAASPS_942,0.988849401473999
DBAASPS_943,0.9894632697105408
DBAASPS_944,0.9898371696472168
DBAASPS_945,0.9871748685836792
DBAASPS_946,0.9875271320343018
DBAASPS_952,0.9885750412940979
DBAASPS_954,0.3669246733188629
DBAASPS_955,0.3728911876678467
DBAASPS_960,0.3841898441314697
DBAASPS_961,0.6200697422027588
DBAASPS_962,0.7510139346122742
DBAASPS_963,0.8769806027412415
DBAASPR_993,0.9382458925247192
DBAASPR_994,0.9726648926734924
DBAASPS_1030,0.9895516633987427
DBAASPS_1032,0.9889764189720154
DBAASPS_1033,0.9895516633987427
DBAASPS_1042,0.7408008575439453
DBAASPS_1043,0.40144336223602295
DBAASPS_1045,0.5969809889793396
DBAASPS_1046,0.348466694355011
DBAASPS_1047,0.8264312148094177
DBAASPS_1055,0.9771530032157898
DBAASPS_1057,0.9805976152420044
DBAASPS_1065,0.754446268081665
DBAASPS_1067,0.8776124119758606
DBAASPS_1068,0.987151563167572
DBAASPS_1070,0.9865809082984924
DBAASPS_1110,0.029082663357257843
DBAASPS_1111,0.0486970990896225
DBAASPS_1112,0.0242161862552166
DBAASPS_1114,0.025471780449151993
DBAASPS_1115,0.021398648619651794
DBAASPS_1116,0.03870905563235283
DBAASPS_1117,0.048604242503643036
DBAASPS_1118,0.04189044237136841
DBAASPS_1119,0.041144922375679016
DBAASPS_1120,0.02510961890220642
DBAASPS_1122,0.02736514061689377
DBAASPS_1123,0.5985025763511658
DBAASPS_1130,0.959143877029419
DBAASPS_1131,0.9855538010597229
DBAASPS_1132,0.9870249629020691
DBAASPS_1133,0.9879511594772339
DBAASPS_1144,0.8164522051811218
DBAASPS_1145,0.9751935005187988
DBAASPS_1146,0.8736227750778198
DBAASPS_1147,0.15076182782649994
DBAASPS_1148,0.36272722482681274
DBAASPS_1149,0.13814224302768707
DBAASPS_1157,0.9777565002441406
DBAASPS_1158,0.9576480388641357
DBAASPS_1164,0.9884169101715088
DBAASPS_1165,0.9855833649635315
DBAASPS_1166,0.9873422980308533
DBAASPS_1167,0.9887897372245789
DBAASPS_1168,0.9890645742416382
DBAASPS_1169,0.9840798377990723
DBAASPS_1170,0.5209136009216309
DBAASPS_1171,0.1814802587032318
DBAASPS_1172,0.20693670213222504
DBAASPS_1173,0.16354058682918549
DBAASPS_1174,0.22067640721797943
DBAASPS_1175,0.31942638754844666
DBAASPS_1176,0.18866287171840668
DBAASPS_1177,0.14023829996585846
DBAASPS_1178,0.27731582522392273
DBAASPS_1179,0.24028274416923523
DBAASPS_1180,0.26306065917015076
DBAASPS_1181,0.18772438168525696
DBAASPS_1182,0.20877309143543243
DBAASPS_1183,0.3304208815097809
DBAASPS_1191,0.9900489449501038
DBAASPS_1192,0.989312469959259
DBAASPS_1193,0.9904667735099792
DBAASPS_1194,0.958476185798645
DBAASPS_1196,0.9808300137519836
DBAASPS_1197,0.9857660531997681
DBAASPS_1199,0.038481518626213074
DBAASPS_1202,0.8466848134994507
DBAASPS_1208,0.274412602186203
DBAASPS_1210,0.358043909072876
DBAASPS_1218,0.026222361251711845
DBAASPS_1220,0.01840723678469658
DBAASPS_1221,0.03251896798610687
DBAASPS_1222,0.043508656322956085
DBAASPS_1223,0.015016631223261356
DBAASPS_1225,0.01718978025019169
DBAASPS_1235,0.9844918251037598
DBAASPS_1264,0.989025354385376
DBAASPS_1265,0.9907084107398987
DBAASPS_1266,0.9907635450363159
DBAASPS_1267,0.9908733367919922
DBAASPS_1268,0.9889017939567566
DBAASPS_1270,0.9908599257469177
DBAASPS_1271,0.9909376502037048
DBAASPS_1274,0.9887105226516724
DBAASPS_1277,0.4961452782154083
DBAASPS_1278,0.9584305882453918
DBAASPS_1279,0.41682177782058716
DBAASPS_1280,0.6717128157615662
DBAASPS_1281,0.3690326511859894
DBAASPS_1282,0.40221676230430603
DBAASPS_1283,0.045024048537015915
DBAASPS_1284,0.13006941974163055
DBAASPS_1285,0.12110505998134613
DBAASPS_1286,0.043526146560907364
DBAASPS_1287,0.7470207214355469
DBAASPS_1288,0.06379710882902145
DBAASPS_1289,0.9260376691818237
DBAASPS_1290,0.9258319139480591
DBAASPS_1291,0.06701879948377609
DBAASPS_1292,0.8417971134185791
DBAASPS_1293,0.5769205093383789
DBAASPS_1294,0.308033287525177
DBAASPS_1295,0.07528412342071533
DBAASPS_1296,0.5621873140335083
DBAASPS_1297,0.13052253425121307
DBAASPS_1298,0.8241086602210999
DBAASPS_1299,0.5708113312721252
DBAASPS_1300,0.2585607171058655
DBAASPS_1301,0.017407380044460297
DBAASPS_1302,0.01907915249466896
DBAASPS_1303,0.009720948524773121
DBAASPS_1304,0.031206034123897552
DBAASPS_1305,0.026596957817673683
DBAASPS_1306,0.049687404185533524
DBAASPS_1307,0.04826970770955086
DBAASPS_1308,0.019942298531532288
DBAASPS_1309,0.09197551757097244
DBAASPS_1310,0.21324479579925537
DBAASPS_1311,0.03258710354566574
DBAASPS_1312,0.019751664251089096
DBAASPS_1313,0.051344241946935654
DBAASPS_1314,0.027375617995858192
DBAASPR_1343,0.13127689063549042
DBAASPS_1363,0.9779438376426697
DBAASPS_1372,0.7234823703765869
DBAASPS_1381,0.8616376519203186
DBAASPS_1382,0.7984318733215332
DBAASPS_1385,0.1752321422100067
DBAASPS_1389,0.9536408185958862
DBAASPS_1401,0.8457966446876526
DBAASPS_1402,0.9349888563156128
DBAASPS_1403,0.9769760370254517
DBAASPS_1416,0.9907404780387878
DBAASPS_1417,0.9905213713645935
DBAASPS_1419,0.9903864860534668
DBAASPS_1421,0.9900993704795837
DBAASPS_1422,0.9899125099182129
DBAASPS_1423,0.9902575612068176
DBAASPS_1424,0.9903711676597595
DBAASPS_1426,0.9904599189758301
DBAASPS_1433,0.9865708947181702
DBAASPR_1475,0.4876432418823242
DBAASPR_1485,0.9892994165420532
DBAASPS_1486,0.9868375658988953
DBAASPS_1487,0.9791523814201355
DBAASPS_1488,0.9457467198371887
DBAASPS_1489,0.954532265663147
DBAASPS_1490,0.9906038641929626
DBAASPS_1496,0.99025958776474
DBAASPS_1500,0.9901671409606934
DBAASPS_1508,0.990243673324585
DBAASPS_1511,0.9883708357810974
DBAASPS_1512,0.9901830554008484
DBAASPS_1513,0.9894257187843323
DBAASPS_1514,0.9872127771377563
DBAASPS_1515,0.9888952374458313
DBAASPS_1516,0.9843161702156067
DBAASPR_1517,0.10220698267221451
DBAASPS_1529,0.9632563591003418
DBAASPS_1530,0.9638584852218628
DBAASPS_1531,0.975117027759552
DBAASPS_1532,0.975600004196167
DBAASPS_1533,0.9772310256958008
DBAASPS_1534,0.9692299962043762
DBAASPS_1538,0.05215013027191162
DBAASPS_1539,0.9677668213844299
DBAASPS_1541,0.9907442331314087
DBAASPR_1548,0.13527481257915497
DBAASPR_1571,0.04115306958556175
DBAASPS_1572,0.06988634169101715
DBAASPS_1573,0.02937513403594494
DBAASPS_1574,0.07208152860403061
DBAASPS_1575,0.09110280126333237
DBAASPS_1576,0.11989760398864746
DBAASPS_1577,0.32534539699554443
DBAASPS_1579,0.672312319278717
DBAASPS_1580,0.9688526391983032
DBAASPS_1581,0.8279997706413269
DBAASPS_1582,0.9678675532341003
DBAASPS_1583,0.8938663005828857
DBAASPS_1600,0.6486430168151855
DBAASPS_1606,0.9820224642753601
DBAASPS_1607,0.9806060791015625
DBAASPS_1608,0.9763453602790833
DBAASPS_1609,0.06380107998847961
DBAASPR_1610,0.05360744521021843
DBAASPS_1611,0.10083719342947006
DBAASPS_1612,0.22416161000728607
DBAASPS_1613,0.4226299226284027
DBAASPR_1620,0.9665637612342834
DBAASPS_1622,0.956146776676178
DBAASPS_1623,0.9685103297233582
DBAASPS_1624,0.971295952796936
DBAASPS_1627,0.18826544284820557
DBAASPS_1628,0.2269359678030014
DBAASPS_1629,0.33806759119033813
DBAASPS_1630,0.16404275596141815
DBAASPS_1634,0.24802999198436737
DBAASPS_1636,0.022265302017331123
DBAASPS_1656,0.1698475182056427
DBAASPS_1657,0.1881304830312729
DBAASPS_1689,0.979253888130188
DBAASPS_1707,0.04048044607043266
DBAASPS_1708,0.38303646445274353
DBAASPS_1709,0.09173667430877686
DBAASPS_1711,0.9094140529632568
DBAASPS_1712,0.9654380083084106
DBAASPS_1713,0.9830256104469299
DBAASPS_1714,0.38835012912750244
DBAASPS_1715,0.3111431300640106
DBAASPS_1717,0.4647753834724426
DBAASPS_1724,0.4022611379623413
DBAASPS_1725,0.9248793721199036
DBAASPS_1741,0.9902438521385193
DBAASPS_1742,0.9902034997940063
DBAASPS_1743,0.9895985722541809
DBAASPS_1744,0.9886951446533203
DBAASPS_1745,0.9908117651939392
DBAASPS_1746,0.9897086024284363
DBAASPS_1747,0.9212390184402466
DBAASPS_1749,0.8763654232025146
DBAASPS_1750,0.9866616129875183
DBAASPS_1751,0.9862708449363708
DBAASPS_1752,0.9884350299835205
DBAASPS_1753,0.9892771244049072
DBAASPS_1754,0.9813884496688843
DBAASPS_1755,0.9905632138252258
DBAASPS_1756,0.9856806397438049
DBAASPS_1757,0.988749623298645
DBAASPS_1758,0.9814683794975281
DBAASPS_1760,0.9627270698547363
DBAASPS_1761,0.9745252132415771
DBAASPS_1762,0.9814685583114624
DBAASPS_1763,0.9763983488082886
DBAASPS_1764,0.7559430003166199
DBAASPS_1765,0.9774582982063293
DBAASPS_1766,0.9883151650428772
DBAASPS_1767,0.9672195315361023
DBAASPS_1768,0.9052157998085022
DBAASPS_1769,0.9900830388069153
DBAASPR_1798,0.6745619177818298
DBAASPS_1827,0.9846594929695129
DBAASPS_1841,0.9876711368560791
DBAASPS_1842,0.9898780584335327
DBAASPR_1898,0.9876102805137634
DBAASPR_1900,0.15549714863300323
DBAASPR_1901,0.7554692029953003
DBAASPR_1902,0.13345368206501007
DBAASPR_1903,0.22391881048679352
DBAASPR_1904,0.22214287519454956
DBAASPR_1905,0.1913616806268692
DBAASPR_1906,0.33631956577301025
DBAASPR_1907,0.8849099278450012
DBAASPS_1912,0.9901268482208252
DBAASPS_1913,0.9907516241073608
DBAASPS_1914,0.9904824495315552
DBAASPS_1915,0.9888603091239929
DBAASPS_1916,0.9870567321777344
DBAASPS_1917,0.9849711060523987
DBAASPS_1918,0.989348292350769
DBAASPS_1923,0.9891746044158936
DBAASPS_1984,0.9111567139625549
DBAASPS_1985,0.5320554971694946
DBAASPS_1986,0.9656898975372314
DBAASPS_1987,0.8793553113937378
DBAASPS_1988,0.9824128746986389
DBAASPS_1989,0.9723146557807922
DBAASPR_1997,0.06813272088766098
DBAASPS_1998,0.021995695307850838
DBAASPS_1999,0.9903680682182312
DBAASPS_2000,0.9905680418014526
DBAASPS_2004,0.990646243095398
DBAASPS_2011,0.1019304171204567
DBAASPS_2013,0.9898748397827148
DBAASPS_2014,0.9891118407249451
DBAASPS_2035,0.9876916408538818
DBAASPS_2036,0.9833043813705444
DBAASPS_2037,0.973532497882843
DBAASPS_2038,0.9677086472511292
DBAASPS_2039,0.9840216040611267
DBAASPS_2040,0.9817193746566772
DBAASPS_2041,0.9892133474349976
DBAASPS_2050,0.9874356389045715
DBAASPS_2051,0.9867655634880066
DBAASPS_2055,0.9907962083816528
DBAASPS_2056,0.9907909631729126
DBAASPS_2058,0.9908676743507385
DBAASPS_2059,0.9909608960151672
DBAASPS_2060,0.9901416301727295
DBAASPS_2061,0.9834416508674622
DBAASPS_2062,0.9878033995628357
DBAASPS_2095,0.972148060798645
DBAASPS_2096,0.9190361499786377
DBAASPS_2098,0.09855877608060837
DBAASPS_2100,0.08307962864637375
DBAASPS_2124,0.9800496101379395
DBAASPR_2129,0.822404682636261
DBAASPS_2155,0.8842616081237793
DBAASPR_2188,0.05719350278377533
DBAASPR_2205,0.8807126879692078
DBAASPR_2206,0.937360942363739
DBAASPR_2212,0.9580385088920593
DBAASPS_2240,0.9879030585289001
DBAASPS_2241,0.9885850548744202
DBAASPS_2243,0.9884977340698242
DBAASPS_2245,0.988763153553009
DBAASPS_2246,0.9892692565917969
DBAASPS_2247,0.9892263412475586
DBAASPS_2250,0.989294707775116
DBAASPS_2266,0.9908965229988098
DBAASPS_2267,0.9908007979393005
DBAASPS_2268,0.9907276034355164
DBAASPR_2294,0.9414341449737549
DBAASPS_2306,0.9888064861297607
DBAASPR_2308,0.22377003729343414
DBAASPS_2322,0.9856604933738708
DBAASPS_2325,0.9896469116210938
DBAASPS_2327,0.9907644987106323
DBAASPS_2328,0.9908004999160767
DBAASPS_2331,0.9894648790359497
DBAASPS_2336,0.9845333099365234
DBAASPS_2337,0.9827910661697388
DBAASPS_2338,0.9803341031074524
DBAASPS_2339,0.9876700043678284
DBAASPS_2340,0.9883562922477722
DBAASPS_2341,0.9629965424537659
DBAASPS_2342,0.9841771125793457
DBAASPS_2343,0.9882746338844299
DBAASPS_2344,0.9871426820755005
DBAASPS_2345,0.9876091480255127
DBAASPS_2346,0.9864336252212524
DBAASPS_2347,0.985524594783783
DBAASPS_2349,0.9895403385162354
DBAASPS_2375,0.7888445854187012
DBAASPS_2376,0.23976096510887146
DBAASPS_2377,0.08127263933420181
DBAASPS_2378,0.25132933259010315
DBAASPS_2379,0.43715962767601013
DBAASPS_2380,0.7668333053588867
DBAASPS_2381,0.788547694683075
DBAASPS_2382,0.6791301965713501
DBAASPS_2384,0.9841969013214111
DBAASPS_2387,0.2923141419887543
DBAASPS_2397,0.9821029305458069
DBAASPS_2409,0.26396581530570984
DBAASPS_2410,0.7461883425712585
DBAASPS_2411,0.9667052626609802
DBAASPS_2412,0.9178274869918823
DBAASPS_2420,0.9572439789772034
DBAASPS_2421,0.7173462510108948
DBAASPS_2422,0.7242634296417236
DBAASPS_2423,0.9634346961975098
DBAASPS_2425,0.9850634336471558
DBAASPS_2426,0.9871249794960022
DBAASPS_2427,0.9880461692810059
DBAASPS_2428,0.9871858954429626
DBAASPR_2429,0.9815129041671753
DBAASPS_2433,0.10132627189159393
DBAASPR_2439,0.9876627326011658
DBAASPR_2440,0.964896559715271
DBAASPR_2441,0.948604941368103
DBAASPS_2442,0.7800710201263428
DBAASPS_2443,0.9464762806892395
DBAASPS_2446,0.10418549180030823
DBAASPS_2447,0.27921950817108154
DBAASPS_2448,0.2358892261981964
DBAASPS_2449,0.6463292837142944
DBAASPS_2465,0.9526259303092957
DBAASPS_2481,0.9332455992698669
DBAASPS_2489,0.9227954149246216
DBAASPS_2498,0.9844262003898621
DBAASPS_2499,0.9785921573638916
DBAASPS_2500,0.3468737304210663
DBAASPS_2501,0.45962464809417725
DBAASPS_2505,0.7236059308052063
DBAASPS_2506,0.9825118780136108
DBAASPS_2507,0.9895185232162476
DBAASPS_2508,0.9899171590805054
DBAASPS_2509,0.9900411367416382
DBAASPS_2510,0.9901584982872009
DBAASPS_2521,0.9872971177101135
DBAASPS_2522,0.9864462018013
DBAASPS_2523,0.9867954850196838
DBAASPS_2525,0.9879249930381775
DBAASPS_2526,0.987955629825592
DBAASPS_2527,0.9895278811454773
DBAASPS_2529,0.9890811443328857
DBAASPS_2530,0.9870193004608154
DBAASPS_2531,0.9881032109260559
DBAASPS_2532,0.9893702864646912
DBAASPS_2533,0.9521841406822205
DBAASPS_2534,0.9888222813606262
DBAASPS_2535,0.9899771809577942
DBAASPS_2539,0.7537453174591064
DBAASPS_2540,0.38123661279678345
DBAASPS_2541,0.7555109858512878
DBAASPS_2542,0.9100337624549866
DBAASPS_2543,0.5532712340354919
DBAASPS_2544,0.6629114747047424
DBAASPS_2545,0.34507235884666443
DBAASPS_2546,0.436984121799469
DBAASPS_2547,0.48265403509140015
DBAASPS_2548,0.524324893951416
DBAASPS_2549,0.7873367071151733
DBAASPS_2550,0.6599419116973877
DBAASPS_2551,0.10527913272380829
DBAASPS_2552,0.025300702080130577
DBAASPS_2553,0.051057372242212296
DBAASPS_2554,0.046579185873270035
DBAASPS_2555,0.09815191477537155
DBAASPS_2556,0.3851955235004425
DBAASPS_2557,0.9519203901290894
DBAASPS_2570,0.9902656674385071
DBAASPS_2579,0.9885396957397461
DBAASPS_2580,0.9888323545455933
DBAASPS_2581,0.9888123273849487
DBAASPS_2582,0.9884758591651917
DBAASPS_2592,0.045200929045677185
DBAASPS_2600,0.9758750796318054
DBAASPS_2601,0.9820565581321716
DBAASPS_2602,0.9627246260643005
DBAASPS_2603,0.9724441170692444
DBAASPS_2610,0.5954015851020813
DBAASPS_2611,0.8518624305725098
DBAASPS_2612,0.19850945472717285
DBAASPS_2633,0.37638571858406067
DBAASPS_2634,0.18793712556362152
DBAASPS_2635,0.35907283425331116
DBAASPS_2636,0.8958407640457153
DBAASPS_2638,0.5558293461799622
DBAASPS_2639,0.907727837562561
DBAASPS_2640,0.8497148752212524
DBAASPS_2641,0.826457142829895
DBAASPS_2642,0.47848474979400635
DBAASPS_2644,0.42801761627197266
DBAASPS_2645,0.7373517155647278
DBAASPS_2647,0.6020848751068115
DBAASPS_2648,0.4472378194332123
DBAASPS_2649,0.2857643663883209
DBAASPS_2659,0.1448184996843338
DBAASPS_2660,0.07528956234455109
DBAASPS_2661,0.1313132792711258
DBAASPS_2662,0.10660693049430847
DBAASPS_2663,0.21220920979976654
DBAASPS_2664,0.039017654955387115
DBAASPS_2665,0.0624786801636219
DBAASPS_2666,0.41392943263053894
DBAASPS_2667,0.12295003980398178
DBAASPS_2668,0.13386020064353943
DBAASPS_2669,0.24665021896362305
DBAASPS_2670,0.6490091681480408
DBAASPS_2671,0.41913771629333496
DBAASPS_2672,0.26388025283813477
DBAASPS_2673,0.09617302566766739
DBAASPS_2674,0.13612079620361328
DBAASPS_2675,0.2004203349351883
DBAASPS_2677,0.13172492384910583
DBAASPS_2678,0.1393243968486786
DBAASPS_2679,0.27360233664512634
DBAASPS_2681,0.4251202344894409
DBAASPS_2682,0.3894704580307007
DBAASPS_2683,0.1043429747223854
DBAASPS_2684,0.4466235339641571
DBAASPS_2685,0.453848272562027
DBAASPS_2686,0.4091581404209137
DBAASPS_2687,0.19331398606300354
DBAASPS_2688,0.12434271723031998
DBAASPS_2689,0.0814736932516098
DBAASPS_2690,0.9237571358680725
DBAASPS_2691,0.5953753590583801
DBAASPS_2692,0.22918374836444855
DBAASPS_2693,0.31350401043891907
DBAASPS_2694,0.11307636648416519
DBAASPS_2695,0.08243805170059204
DBAASPS_2696,0.06777442991733551
DBAASPS_2697,0.06418666988611221
DBAASPS_2698,0.6267043352127075
DBAASPS_2699,0.6460373401641846
DBAASPS_2700,0.6738929748535156
DBAASPS_2701,0.47986769676208496
DBAASPS_2702,0.9359756708145142
DBAASPS_2703,0.9350430369377136
DBAASPS_2704,0.7064424157142639
DBAASPS_2705,0.29163822531700134
DBAASPS_2706,0.3250865638256073
DBAASPS_2707,0.2501353621482849
DBAASPS_2708,0.2896389663219452
DBAASPS_2709,0.3846534490585327
DBAASPS_2710,0.5824020504951477
DBAASPS_2711,0.4300050735473633
DBAASPS_2712,0.9900901913642883
DBAASPS_2713,0.9903120398521423
DBAASPS_2714,0.9901100993156433
DBAASPS_2715,0.9902539253234863
DBAASPS_2716,0.9903199076652527
DBAASPS_2717,0.9902650117874146
DBAASPS_2718,0.9908973574638367
DBAASPS_2719,0.9900624752044678
DBAASPS_2721,0.751578688621521
DBAASPS_2722,0.4924556314945221
DBAASPS_2739,0.024402189999818802
DBAASPS_2788,0.9817119240760803
DBAASPS_2813,0.9902330040931702
DBAASPS_2814,0.9904336929321289
DBAASPS_2815,0.9901909828186035
DBAASPS_2817,0.9907481670379639
DBAASPS_2818,0.9907066822052002
DBAASPS_2822,0.9903070330619812
DBAASPS_2826,0.44297006726264954
DBAASPS_2827,0.4142049551010132
DBAASPS_2828,0.13658104836940765
DBAASPS_2835,0.07880156487226486
DBAASPS_2836,0.035011500120162964
DBAASPS_2837,0.046933915466070175
DBAASPS_2838,0.04021528363227844
DBAASPS_2854,0.9881796836853027
DBAASPS_2869,0.9900157451629639
DBAASPS_2870,0.9903802275657654
DBAASPS_2872,0.9906619787216187
DBAASPS_2873,0.9907076358795166
DBAASPS_2874,0.9901186227798462
DBAASPS_2875,0.9896934032440186
DBAASPS_2876,0.989236056804657
DBAASPS_2877,0.9895169734954834
DBAASPS_2878,0.18366123735904694
DBAASPS_2879,0.06564943492412567
DBAASPS_2955,0.2149789035320282
DBAASPS_2995,0.16707001626491547
DBAASPS_2996,0.1673174947500229
DBAASPS_2997,0.37118518352508545
DBAASPS_2998,0.41616111993789673
DBAASPS_2999,0.9893277883529663
DBAASPS_3000,0.9892562627792358
DBAASPS_3013,0.3766663372516632
DBAASPS_3014,0.8046945333480835
DBAASPS_3015,0.13373203575611115
DBAASPS_3025,0.5989574193954468
DBAASPS_3027,0.9251017570495605
DBAASPS_3028,0.9889917373657227
DBAASPS_3029,0.9905718564987183
DBAASPS_3065,0.9896953105926514
DBAASPS_3089,0.6262064576148987
DBAASPS_3091,0.5791320204734802
DBAASPS_3092,0.7005629539489746
DBAASPS_3093,0.9524725079536438
DBAASPS_3094,0.9798988103866577
DBAASPS_3095,0.9853343367576599
DBAASPS_3096,0.986976683139801
DBAASPS_3097,0.4511414170265198
DBAASPS_3098,0.9892717599868774
DBAASPS_3099,0.9901626110076904
DBAASPS_3100,0.9856812953948975
DBAASPS_3101,0.9900743961334229
DBAASPS_3102,0.9906625747680664
DBAASPR_3106,0.9856876134872437
DBAASPS_3118,0.9816991686820984
DBAASPS_3119,0.9786507487297058
DBAASPS_3120,0.9747647643089294
DBAASPS_3121,0.9873237013816833
DBAASPS_3122,0.9516415596008301
DBAASPS_3123,0.9776960015296936
DBAASPS_3125,0.9809286594390869
DBAASPS_3126,0.9748436808586121
DBAASPS_3132,0.8982996344566345
DBAASPS_3133,0.7856448888778687
DBAASPS_3134,0.9537420272827148
DBAASPS_3135,0.9871950149536133
DBAASPS_3136,0.9869882464408875
DBAASPS_3137,0.9871719479560852
DBAASPS_3138,0.9836101531982422
DBAASPS_3139,0.9730698466300964
DBAASPS_3140,0.9883394837379456
DBAASPS_3141,0.9874125719070435
DBAASPS_3142,0.9873624444007874
DBAASPS_3143,0.9880170822143555
DBAASPS_3144,0.9876881241798401
DBAASPS_3145,0.9877263903617859
DBAASPS_3146,0.9839345216751099
DBAASPS_3147,0.988623321056366
DBAASPS_3148,0.9899822473526001
DBAASPS_3149,0.9876379370689392
DBAASPS_3150,0.9880030751228333
DBAASPS_3151,0.9853381514549255
DBAASPS_3152,0.9901912212371826
DBAASPS_3153,0.9899930953979492
DBAASPS_3158,0.9125216007232666
DBAASPS_3180,0.9857752919197083
DBAASPS_3182,0.8426982760429382
DBAASPS_3184,0.9297105669975281
DBAASPR_3199,0.014953186735510826
DBAASPS_3205,0.9877402186393738
DBAASPS_3206,0.9898399710655212
DBAASPS_3207,0.9884809255599976
DBAASPS_3209,0.9634958505630493
DBAASPS_3210,0.7080277800559998
DBAASPS_3211,0.9710521101951599
DBAASPS_3212,0.5810768604278564
DBAASPS_3213,0.9844362139701843
DBAASPS_3214,0.9858459234237671
DBAASPS_3215,0.8759477734565735
DBAASPS_3216,0.984453558921814
DBAASPS_3217,0.15915969014167786
DBAASPS_3218,0.9819995760917664
DBAASPS_3219,0.9157904386520386
DBAASPS_3220,0.9858641028404236
DBAASPR_3224,0.03351039066910744
DBAASPR_3227,0.0933389663696289
DBAASPS_3230,0.0933389663696289
DBAASPS_3239,0.01740017905831337
DBAASPS_3249,0.9586933851242065
DBAASPS_3250,0.9819549322128296
DBAASPS_3263,0.5691781044006348
DBAASPS_3264,0.5485831499099731
DBAASPS_3265,0.9566552639007568
DBAASPS_3266,0.9220247268676758
DBAASPS_3279,0.9835314750671387
DBAASPS_3280,0.9271007180213928
DBAASPS_3281,0.9777107238769531
DBAASPS_3282,0.9070654511451721
DBAASPS_3290,0.9891481399536133
DBAASPS_3293,0.9903475046157837
DBAASPS_3302,0.9891051650047302
DBAASPS_3304,0.9890297055244446
DBAASPS_3305,0.9899887442588806
DBAASPS_3312,0.9893423318862915
DBAASPS_3313,0.9898413419723511
DBAASPN_3314,0.027480050921440125
DBAASPS_3315,0.3837612569332123
DBAASPS_3317,0.13028018176555634
DBAASPS_3318,0.47665202617645264
DBAASPS_3319,0.22398096323013306
DBAASPS_3320,0.19944918155670166
DBAASPS_3321,0.6243943572044373
DBAASPS_3322,0.2116846889257431
DBAASPS_3323,0.6993958353996277
DBAASPS_3324,0.5116976499557495
DBAASPS_3338,0.9860989451408386
DBAASPS_3339,0.9891147017478943
DBAASPS_3342,0.052246127277612686
DBAASPS_3344,0.984935462474823
DBAASPS_3356,0.972281277179718
DBAASPS_3361,0.9872966408729553
DBAASPS_3364,0.7717088460922241
DBAASPS_3365,0.9808120727539062
DBAASPS_3369,0.9861641526222229
DBAASPS_3372,0.9887105226516724
DBAASPS_3373,0.9889747500419617
DBAASPS_3375,0.47697165608406067
DBAASPS_3376,0.8641120791435242
DBAASPS_3377,0.819356381893158
DBAASPS_3378,0.3769191801548004
DBAASPS_3379,0.9793879985809326
DBAASPS_3382,0.8131468296051025
DBAASPR_3383,0.9573447108268738
DBAASPS_3384,0.629183292388916
DBAASPR_3385,0.8756868243217468
DBAASPS_3386,0.479636549949646
DBAASPS_3390,0.23515813052654266
DBAASPS_3394,0.9456905126571655
DBAASPS_3424,0.6932718753814697
DBAASPS_3425,0.98398756980896
DBAASPS_3430,0.9896836876869202
DBAASPS_3433,0.9824528694152832
DBAASPS_3434,0.9904714822769165
DBAASPS_3436,0.603366494178772
DBAASPS_3453,0.9064088463783264
DBAASPS_3455,0.9881007075309753
DBAASPS_3456,0.9878117442131042
DBAASPS_3457,0.9881344437599182
DBAASPS_3458,0.9890233278274536
DBAASPR_3473,0.5250943303108215
DBAASPR_3474,0.44755005836486816
DBAASPR_3487,0.09537477046251297
DBAASPR_3617,0.683521032333374
DBAASPR_3618,0.9609025120735168
DBAASPR_3649,0.037046879529953
DBAASPS_3661,0.990683376789093
DBAASPS_3662,0.9905311465263367
DBAASPS_3663,0.9899072051048279
DBAASPS_3664,0.9906854033470154
DBAASPR_3736,0.2588556706905365
DBAASPR_3737,0.017633656039834023
DBAASPR_3738,0.043595679104328156
DBAASPR_3740,0.08578886836767197
DBAASPR_3742,0.5229688882827759
DBAASPR_3743,0.053645532578229904
DBAASPR_3744,0.9381591081619263
DBAASPR_3745,0.23758624494075775
DBAASPR_3747,0.672057569026947
DBAASPR_3748,0.9052659273147583
DBAASPR_3749,0.9810351729393005
DBAASPR_3750,0.012770983390510082
DBAASPR_3751,0.9198631048202515
DBAASPS_3756,0.22310155630111694
DBAASPS_3757,0.06521018594503403
DBAASPS_3758,0.15456940233707428
DBAASPR_3781,0.3724672496318817
DBAASPR_3790,0.9736940264701843
DBAASPS_3807,0.9884762167930603
DBAASPS_3809,0.9864903092384338
DBAASPR_3820,0.9653871059417725
DBAASPR_3841,0.9873485565185547
DBAASPS_3852,0.9848016500473022
DBAASPS_3853,0.9872695803642273
DBAASPS_3854,0.9598007798194885
DBAASPS_3855,0.924628734588623
DBAASPS_3856,0.8844125866889954
DBAASPS_3860,0.6602131128311157
DBAASPS_3862,0.7654606699943542
DBAASPS_3863,0.3049502372741699
DBAASPS_3864,0.050046321004629135
DBAASPS_3865,0.06750199943780899
DBAASPS_3866,0.057644326239824295
DBAASPS_3868,0.17545899748802185
DBAASPS_3869,0.14640003442764282
DBAASPS_3870,0.46240341663360596
DBAASPS_3871,0.8123749494552612
DBAASPS_3872,0.06504596024751663
DBAASPS_3875,0.980347752571106
DBAASPS_3876,0.9211947917938232
DBAASPS_3877,0.9604676365852356
DBAASPS_3878,0.8974921107292175
DBAASPS_3880,0.6618059873580933
DBAASPS_3881,0.2344595044851303
DBAASPS_3883,0.988849401473999
DBAASPR_3898,0.9596624374389648
DBAASPS_3902,0.9904022812843323
DBAASPS_3903,0.9848548173904419
DBAASPS_3904,0.9880860447883606
DBAASPS_3905,0.9905367493629456
DBAASPS_3907,0.9594996571540833
DBAASPS_3908,0.862135112285614
DBAASPS_3909,0.6166945099830627
DBAASPS_3910,0.46753522753715515
DBAASPR_3922,0.7065920829772949
DBAASPR_3924,0.9345865845680237
DBAASPR_3926,0.3384231925010681
DBAASPS_3932,0.9883450269699097
DBAASPS_3933,0.9594278335571289
DBAASPR_3937,0.905113160610199
DBAASPR_3941,0.8979426026344299
DBAASPS_3950,0.9891649484634399
DBAASPS_3951,0.9891781210899353
DBAASPS_3952,0.9888920187950134
DBAASPS_3953,0.988979697227478
DBAASPS_3954,0.9882357716560364
DBAASPS_3955,0.9898747801780701
DBAASPS_3956,0.9893057942390442
DBAASPS_3957,0.9900640845298767
DBAASPS_3958,0.9894578456878662
DBAASPS_3959,0.9889881610870361
DBAASPS_3960,0.9892215132713318
DBAASPS_3961,0.9890721440315247
DBAASPS_3962,0.9892122149467468
DBAASPS_3963,0.9882259368896484
DBAASPS_3964,0.9889234304428101
DBAASPS_3965,0.9881979823112488
DBAASPS_3966,0.9877455830574036
DBAASPS_3967,0.9856793880462646
DBAASPS_3968,0.9882172346115112
DBAASPS_3969,0.9867790341377258
DBAASPS_3970,0.9895923137664795
DBAASPS_3971,0.9897645115852356
DBAASPS_3972,0.987464427947998
DBAASPS_3973,0.9889242649078369
DBAASPS_3974,0.9875727295875549
DBAASPS_3975,0.9893227815628052
DBAASPS_3976,0.9899031519889832
DBAASPS_3977,0.9885148406028748
DBAASPS_3978,0.9885683655738831
DBAASPS_3979,0.9862439036369324
DBAASPS_3980,0.9895488023757935
DBAASPS_3981,0.9900727868080139
DBAASPS_3982,0.9892081618309021
DBAASPS_3983,0.9886565208435059
DBAASPS_3984,0.9882861971855164
DBAASPS_3986,0.9891954064369202
DBAASPS_3987,0.9896207451820374
DBAASPS_3988,0.989597737789154
DBAASPS_3989,0.9894406199455261
DBAASPS_3990,0.989888608455658
DBAASPS_3991,0.9880675673484802
DBAASPS_3992,0.989204466342926
DBAASPS_3993,0.9893612265586853
DBAASPS_3994,0.8291429281234741
DBAASPS_3996,0.7525755167007446
DBAASPS_3998,0.9113125205039978
DBAASPS_3999,0.9880427718162537
DBAASPS_4000,0.984148383140564
DBAASPS_4002,0.9865890145301819
DBAASPS_4003,0.9848201870918274
DBAASPS_4004,0.7837721705436707
DBAASPS_4005,0.9810723662376404
DBAASPS_4006,0.8985350728034973
DBAASPS_4007,0.034925587475299835
DBAASPS_4008,0.03448442369699478
DBAASPS_4009,0.2442653328180313
DBAASPS_4010,0.010933758690953255
DBAASPS_4011,0.2663102149963379
DBAASPS_4012,0.041990261524915695
DBAASPS_4013,0.9811171293258667
DBAASPS_4014,0.7057584524154663
DBAASPS_4015,0.9712537527084351
DBAASPS_4016,0.9709988236427307
DBAASPS_4017,0.9855978488922119
DBAASPS_4018,0.5882453322410583
DBAASPS_4019,0.9869751930236816
DBAASPS_4020,0.5418745279312134
DBAASPS_4021,0.9807010293006897
DBAASPS_4022,0.8756651282310486
DBAASPS_4023,0.9629010558128357
DBAASPS_4024,0.3255748152732849
DBAASPS_4025,0.9879244565963745
DBAASPS_4026,0.9841129779815674
DBAASPS_4027,0.9760509133338928
DBAASPS_4028,0.9883615374565125
DBAASPS_4029,0.9455167651176453
DBAASPS_4030,0.9858748316764832
DBAASPS_4031,0.768593966960907
DBAASPS_4032,0.989829957485199
DBAASPS_4033,0.9834255576133728
DBAASPS_4034,0.9536020755767822
DBAASPS_4035,0.9863009452819824
DBAASPS_4036,0.23244203627109528
DBAASPS_4037,0.9874723553657532
DBAASPS_4038,0.6598021984100342
DBAASPS_4039,0.9836446642875671
DBAASPS_4040,0.9491606950759888
DBAASPS_4041,0.9742876291275024
DBAASPS_4042,0.8884524703025818
DBAASPS_4043,0.9897594451904297
DBAASPS_4044,0.9717227816581726
DBAASPS_4045,0.983177661895752
DBAASPS_4046,0.861919105052948
DBAASPS_4047,0.9886954426765442
DBAASPS_4048,0.6704555153846741
DBAASPS_4049,0.9822049736976624
DBAASPS_4050,0.1591315120458603
DBAASPS_4051,0.9814818501472473
DBAASPS_4052,0.8314864039421082
DBAASPS_4053,0.9858334064483643
DBAASPS_4054,0.9801923036575317
DBAASPS_4055,0.9761022925376892
DBAASPS_4056,0.9802175164222717
DBAASPS_4057,0.9788784384727478
DBAASPS_4058,0.5892961025238037
DBAASPS_4059,0.9848612546920776
DBAASPS_4060,0.6806983351707458
DBAASPS_4061,0.9861591458320618
DBAASPS_4062,0.9809873104095459
DBAASPS_4063,0.6786812543869019
DBAASPS_4064,0.05905803665518761
DBAASPS_4065,0.9478042125701904
DBAASPS_4066,0.9773033261299133
DBAASPS_4067,0.9863455295562744
DBAASPS_4068,0.975757360458374
DBAASPS_4069,0.9883907437324524
DBAASPS_4070,0.6266133785247803
DBAASPS_4071,0.977364718914032
DBAASPS_4072,0.9572640061378479
DBAASPS_4073,0.9731041193008423
DBAASPS_4074,0.3530713617801666
DBAASPS_4075,0.9899216890335083
DBAASPS_4076,0.9868332743644714
DBAASPR_4079,0.32801246643066406
DBAASPR_4080,0.26882562041282654
DBAASPR_4084,0.14713294804096222
DBAASPR_4086,0.9584828615188599
DBAASPR_4087,0.018641546368598938
DBAASPR_4088,0.024514881893992424
DBAASPR_4089,0.030115555971860886
DBAASPR_4090,0.0613853856921196
DBAASPR_4091,0.1649056226015091
DBAASPR_4092,0.041093941777944565
DBAASPR_4093,0.03843609616160393
DBAASPR_4095,0.10703731328248978
DBAASPS_4106,0.8790243268013
DBAASPR_4109,0.8686476945877075
DBAASPR_4111,0.9676308631896973
DBAASPR_4112,0.985724687576294
DBAASPS_4114,0.20696236193180084
DBAASPR_4121,0.989373505115509
DBAASPS_4129,0.26625868678092957
DBAASPS_4130,0.20885226130485535
DBAASPS_4131,0.023699410259723663
DBAASPS_4132,0.01799965649843216
DBAASPR_4134,0.9875417947769165
DBAASPR_4135,0.4789573550224304
DBAASPR_4150,0.9871437549591064
DBAASPR_4153,0.9878363013267517
DBAASPR_4155,0.9833608269691467
DBAASPR_4156,0.9789092540740967
DBAASPR_4157,0.9871298670768738
DBAASPR_4159,0.9886322617530823
DBAASPR_4160,0.9518365263938904
DBAASPR_4172,0.9888690710067749
DBAASPR_4173,0.9899477958679199
DBAASPR_4174,0.8802099227905273
DBAASPR_4175,0.1287299394607544
DBAASPS_4176,0.9907649755477905
DBAASPR_4178,0.20590437948703766
DBAASPR_4196,0.11307831853628159
DBAASPR_4197,0.9543901681900024
DBAASPR_4200,0.25619977712631226
DBAASPR_4233,0.09992983192205429
DBAASPR_4234,0.18430019915103912
DBAASPR_4235,0.25394803285598755
DBAASPR_4236,0.11341016739606857
DBAASPR_4237,0.15108047425746918
DBAASPR_4244,0.06467464566230774
DBAASPR_4245,0.14144374430179596
DBAASPR_4246,0.17696604132652283
DBAASPR_4247,0.13655897974967957
DBAASPS_4249,0.5884017944335938
DBAASPS_4250,0.4189583659172058
DBAASPS_4252,0.9869690537452698
DBAASPS_4253,0.9882432222366333
DBAASPS_4254,0.9865431189537048
DBAASPS_4255,0.9858971834182739
DBAASPS_4256,0.9853003025054932
DBAASPS_4257,0.9683998227119446
DBAASPS_4258,0.6456355452537537
DBAASPS_4259,0.3275248110294342
DBAASPS_4260,0.9764638543128967
DBAASPS_4261,0.914485514163971
DBAASPS_4262,0.9885534048080444
DBAASPS_4263,0.9883318543434143
DBAASPS_4264,0.9887963533401489
DBAASPS_4265,0.9879876375198364
DBAASPR_4266,0.11861620843410492
DBAASPR_4267,0.17297126352787018
DBAASPS_4307,0.9764171242713928
DBAASPS_4308,0.9896343946456909
DBAASPS_4311,0.01583012565970421
DBAASPS_4312,0.021552210673689842
DBAASPS_4325,0.08736815303564072
DBAASPS_4326,0.14963120222091675
DBAASPS_4329,0.9900549054145813
DBAASPS_4332,0.9903375506401062
DBAASPS_4333,0.9904916286468506
DBAASPS_4334,0.01816852204501629
DBAASPS_4335,0.9900112152099609
DBAASPS_4336,0.9898897409439087
DBAASPS_4337,0.9902333617210388
DBAASPS_4339,0.9895790219306946
DBAASPS_4341,0.9891225099563599
DBAASPS_4342,0.965728223323822
DBAASPR_4359,0.9876328706741333
DBAASPS_4379,0.9892886877059937
DBAASPS_4380,0.9904136061668396
DBAASPR_4385,0.9669435620307922
DBAASPR_4397,0.9803119897842407
DBAASPR_4402,0.5059629082679749
DBAASPR_4403,0.6372191309928894
DBAASPR_4404,0.8588039875030518
DBAASPR_4439,0.5584856271743774
DBAASPS_4448,0.988701581954956
DBAASPS_4449,0.9878717064857483
DBAASPS_4450,0.9890783429145813
DBAASPS_4470,0.9606351852416992
DBAASPS_4471,0.032822251319885254
DBAASPS_4546,0.06556544452905655
DBAASPS_4547,0.8241399526596069
DBAASPS_4549,0.5699005126953125
DBAASPS_4550,0.6722061634063721
DBAASPS_4551,0.0978289470076561
DBAASPS_4552,0.13932737708091736
DBAASPS_4557,0.19360612332820892
DBAASPS_4558,0.05723956972360611
DBAASPS_4559,0.022797636687755585
DBAASPS_4560,0.022877328097820282
DBAASPS_4561,0.6203669905662537
DBAASPS_4567,0.8977248072624207
DBAASPS_4573,0.33497855067253113
DBAASPS_4579,0.28246405720710754
DBAASPS_4580,0.07015502452850342
DBAASPS_4581,0.4261209964752197
DBAASPS_4587,0.8742685317993164
DBAASPS_4588,0.9455640316009521
DBAASPS_4589,0.9722377061843872
DBAASPS_4590,0.902266800403595
DBAASPS_4591,0.9873668551445007
DBAASPS_4613,0.9862585663795471
DBAASPS_4614,0.987088680267334
DBAASPS_4615,0.854459285736084
DBAASPS_4616,0.9820076823234558
DBAASPS_4617,0.9794986248016357
DBAASPS_4618,0.303538054227829
DBAASPS_4630,0.41726887226104736
DBAASPS_4645,0.8906561136245728
DBAASPS_4646,0.9808963537216187
DBAASPS_4647,0.7859948873519897
DBAASPS_4653,0.1610674113035202
DBAASPS_4654,0.9723837375640869
DBAASPS_4655,0.13793756067752838
DBAASPS_4656,0.8927292227745056
DBAASPS_4657,0.06760366261005402
DBAASPS_4658,0.9700072407722473
DBAASPS_4659,0.967560887336731
DBAASPS_4660,0.5314617156982422
DBAASPS_4661,0.9787731170654297
DBAASPS_4662,0.9528254270553589
DBAASPS_4664,0.9489664435386658
DBAASPS_4665,0.1544206738471985
DBAASPS_4666,0.9156923890113831
DBAASPS_4667,0.9631735682487488
DBAASPS_4668,0.9734881520271301
DBAASPS_4669,0.9175864458084106
DBAASPS_4670,0.9619572758674622
DBAASPS_4671,0.6241039037704468
DBAASPS_4676,0.9403334856033325
DBAASPS_4677,0.6207059025764465
DBAASPS_4678,0.9855026602745056
DBAASPR_4679,0.153291717171669
DBAASPS_4680,0.9886128306388855
DBAASPS_4681,0.9739983081817627
DBAASPR_4684,0.9379461407661438
DBAASPR_4685,0.9500882625579834
DBAASPR_4686,0.855558454990387
DBAASPR_4687,0.12934690713882446
DBAASPR_4688,0.11750585585832596
DBAASPR_4689,0.1844043731689453
DBAASPR_4690,0.1276244968175888
DBAASPR_4691,0.08005618304014206
DBAASPR_4692,0.987200915813446
DBAASPS_4693,0.10664770007133484
DBAASPS_4694,0.038595449179410934
DBAASPS_4695,0.02775731310248375
DBAASPR_4726,0.10228423774242401
DBAASPR_4727,0.176396906375885
DBAASPS_4728,0.9837960600852966
DBAASPS_4729,0.9818512201309204
DBAASPS_4730,0.9850731492042542
DBAASPS_4731,0.9799355268478394
DBAASPS_4735,0.9871118664741516
DBAASPS_4740,0.8178775310516357
DBAASPS_4742,0.9846485257148743
DBAASPS_4744,0.0942012146115303
DBAASPS_4745,0.11740939319133759
DBAASPS_4746,0.08050204068422318
DBAASPS_4747,0.29267364740371704
DBAASPS_4748,0.32452306151390076
DBAASPS_4760,0.9768518805503845
DBAASPS_4762,0.972763180732727
DBAASPS_4763,0.3527170717716217
DBAASPS_4764,0.9821854829788208
DBAASPS_4765,0.9689981937408447
DBAASPS_4766,0.979925274848938
DBAASPS_4768,0.9568819403648376
DBAASPS_4769,0.9889743328094482
DBAASPS_4770,0.9877740740776062
DBAASPS_4772,0.9890331029891968
DBAASPS_4773,0.9834986329078674
DBAASPS_4774,0.9050086736679077
DBAASPS_4775,0.9875916838645935
DBAASPS_4776,0.917924165725708
DBAASPS_4777,0.7507211565971375
DBAASPS_4778,0.950905978679657
DBAASPS_4779,0.9753856658935547
DBAASPS_4780,0.9684919118881226
DBAASPS_4781,0.9907236099243164
DBAASPS_4782,0.7671847939491272
DBAASPS_4785,0.973111093044281
DBAASPS_4786,0.9907558560371399
DBAASPS_4787,0.11812650412321091
DBAASPS_4790,0.9903892278671265
DBAASPS_4794,0.9867992997169495
DBAASPS_4795,0.7304927110671997
DBAASPS_4796,0.23325316607952118
DBAASPS_4797,0.2230328619480133
DBAASPS_4807,0.9762545228004456
DBAASPS_4808,0.6602978706359863
DBAASPS_4809,0.6117384433746338
DBAASPS_4810,0.3845131993293762
DBAASPS_4811,0.8270826935768127
DBAASPS_4814,0.9859880208969116
DBAASPS_4815,0.9560869932174683
DBAASPS_4818,0.9856153130531311
DBAASPS_4828,0.9610928893089294
DBAASPS_4829,0.9178653359413147
DBAASPS_4830,0.08574213832616806
DBAASPS_4831,0.06056483834981918
DBAASPS_4832,0.9203472137451172
DBAASPS_4833,0.027296505868434906
DBAASPS_4837,0.6602978706359863
DBAASPS_4838,0.9887218475341797
DBAASPS_4843,0.9859759211540222
DBAASPS_4847,0.9456948041915894
DBAASPS_4850,0.13797025382518768
DBAASPS_4851,0.882115364074707
DBAASPS_4852,0.2350490242242813
DBAASPS_4853,0.13860896229743958
DBAASPS_4854,0.20717668533325195
DBAASPS_4863,0.9727444052696228
DBAASPS_4866,0.2001522034406662
DBAASPS_4870,0.11380481719970703
DBAASPS_4872,0.990554928779602
DBAASPN_4876,0.2559838593006134
DBAASPS_4877,0.35875970125198364
DBAASPS_4878,0.6726285219192505
DBAASPS_4880,0.4333644509315491
DBAASPS_4881,0.366955041885376
DBAASPS_4883,0.487819641828537
DBAASPS_4885,0.19761969149112701
DBAASPS_4886,0.14969509840011597
DBAASPR_4888,0.8742648959159851
DBAASPS_4893,0.32085102796554565
DBAASPS_4894,0.9841750860214233
DBAASPS_4896,0.972491979598999
DBAASPS_4897,0.9701754450798035
DBAASPS_4909,0.7005199193954468
DBAASPS_4914,0.9802076816558838
DBAASPS_4916,0.9797679781913757
DBAASPS_4917,0.9881110191345215
DBAASPS_4919,0.9851124882698059
DBAASPS_4920,0.9887327551841736
DBAASPS_4929,0.9887337684631348
DBAASPS_4930,0.9861074686050415
DBAASPS_4931,0.9853057265281677
DBAASPS_4949,0.2060747891664505
DBAASPS_4951,0.9785289168357849
DBAASPS_4952,0.9786974787712097
DBAASPS_4953,0.98274165391922
DBAASPS_4954,0.9837744235992432
DBAASPS_4956,0.923350989818573
DBAASPS_4957,0.28377196192741394
DBAASPS_4958,0.19656962156295776
DBAASPS_4959,0.9891775250434875
DBAASPS_4960,0.9897509217262268
DBAASPS_4961,0.9870949983596802
DBAASPS_4962,0.9888079166412354
DBAASPS_4963,0.979854166507721
DBAASPS_4964,0.48543113470077515
DBAASPS_4970,0.9906178116798401
DBAASPS_4971,0.10595937818288803
DBAASPS_4972,0.9804904460906982
DBAASPS_4973,0.9878788590431213
DBAASPS_4974,0.9865074753761292
DBAASPS_4976,0.9886112809181213
DBAASPS_4977,0.9899463057518005
DBAASPS_4980,0.9900524020195007
DBAASPS_4981,0.9902470707893372
DBAASPS_4984,0.9898731112480164
DBAASPS_4987,0.9895731210708618
DBAASPS_4988,0.9895908832550049
DBAASPS_4989,0.9903579950332642
DBAASPS_4991,0.04596215486526489
DBAASPS_5001,0.9908514022827148
DBAASPS_5004,0.9909043312072754
DBAASPS_5009,0.23242466151714325
DBAASPS_5012,0.09947576373815536
DBAASPS_5014,0.9882869124412537
DBAASPS_5015,0.9840458631515503
DBAASPS_5016,0.9780142903327942
DBAASPS_5017,0.9900204539299011
DBAASPS_5019,0.9869731664657593
DBAASPS_5020,0.9569404125213623
DBAASPS_5021,0.9896084666252136
DBAASPS_5023,0.9884185791015625
DBAASPS_5024,0.9871307015419006
DBAASPS_5025,0.9853805899620056
DBAASPS_5026,0.9868110418319702
DBAASPS_5033,0.9860537052154541
DBAASPS_5035,0.9881492257118225
DBAASPS_5036,0.988003671169281
DBAASPS_5037,0.9888449907302856
DBAASPS_5039,0.9864632487297058
DBAASPS_5040,0.9871934056282043
DBAASPS_5042,0.9905984997749329
DBAASPS_5043,0.9891663193702698
DBAASPS_5044,0.9891342520713806
DBAASPS_5045,0.9903050661087036
DBAASPS_5046,0.9901684522628784
DBAASPS_5047,0.9905038475990295
DBAASPS_5060,0.8558096289634705
DBAASPS_5061,0.9720383286476135
DBAASPS_5062,0.9422503113746643
DBAASPS_5063,0.8543476462364197
DBAASPS_5064,0.9909932613372803
DBAASPS_5065,0.9909728169441223
DBAASPS_5066,0.9909668564796448
DBAASPS_5067,0.9909504055976868
DBAASPS_5068,0.9909252524375916
DBAASPS_5069,0.9907891750335693
DBAASPS_5070,0.6739179491996765
DBAASPS_5071,0.6156412959098816
DBAASPS_5072,0.17143751680850983
DBAASPS_5073,0.5667343139648438
DBAASPS_5074,0.5628360509872437
DBAASPR_5082,0.9892876148223877
DBAASPS_5091,0.9205546379089355
DBAASPS_5097,0.9797096252441406
DBAASPS_5099,0.9722470641136169
DBAASPS_5103,0.9396940469741821
DBAASPS_5108,0.9879773259162903
DBAASPS_5110,0.6297896504402161
DBAASPS_5112,0.9784121513366699
DBAASPS_5113,0.0803714245557785
DBAASPS_5120,0.8037209510803223
DBAASPS_5122,0.9029462337493896
DBAASPR_5123,0.9862537384033203
DBAASPR_5125,0.8042708039283752
DBAASPS_5128,0.9301689863204956
DBAASPR_5131,0.2595536410808563
DBAASPR_5132,0.3305065631866455
DBAASPR_5133,0.44268184900283813
DBAASPS_5149,0.09734180569648743
DBAASPS_5169,0.9803256392478943
DBAASPS_5170,0.9656320810317993
DBAASPS_5179,0.5776991844177246
DBAASPS_5181,0.7049369812011719
DBAASPS_5182,0.9247331619262695
DBAASPS_5183,0.7754713892936707
DBAASPS_5189,0.3164934813976288
DBAASPS_5190,0.21283431351184845
DBAASPS_5191,0.9308438301086426
DBAASPS_5192,0.927839457988739
DBAASPS_5193,0.9587466716766357
DBAASPS_5201,0.9875574707984924
DBAASPS_5202,0.9900124073028564
DBAASPS_5203,0.9840918183326721
DBAASPS_5219,0.9908779263496399
DBAASPS_5220,0.9909377694129944
DBAASPS_5221,0.9909168481826782
DBAASPS_5222,0.9908339977264404
DBAASPS_5223,0.9908456802368164
DBAASPS_5224,0.9895697832107544
DBAASPS_5244,0.9909213781356812
DBAASPS_5246,0.9906529188156128
DBAASPS_5247,0.9903609156608582
DBAASPS_5248,0.9894578456878662
DBAASPS_5249,0.9893604516983032
DBAASPS_5250,0.9893943667411804
DBAASPS_5251,0.9866892099380493
DBAASPS_5252,0.9908395409584045
DBAASPS_5254,0.990308940410614
DBAASPS_5255,0.9908644556999207
DBAASPS_5288,0.9843335747718811
DBAASPS_5289,0.9849913716316223
DBAASPS_5290,0.9809571504592896
DBAASPS_5291,0.9835618138313293
DBAASPS_5292,0.9270934462547302
DBAASPS_5293,0.7903963327407837
DBAASPS_5294,0.264727920293808
DBAASPS_5295,0.7945931553840637
DBAASPS_5296,0.21709713339805603
DBAASPS_5297,0.3116675913333893
DBAASPS_5298,0.2158583253622055
DBAASPR_5299,0.9896298050880432
DBAASPS_5302,0.9840444326400757
DBAASPS_5303,0.9506083726882935
DBAASPS_5305,0.965842604637146
DBAASPS_5307,0.9891231060028076
DBAASPS_5308,0.9825925827026367
DBAASPS_5309,0.9840779304504395
DBAASPS_5310,0.9895845055580139
DBAASPS_5311,0.9896365404129028
DBAASPS_5312,0.9871423840522766
DBAASPS_5314,0.9899859428405762
DBAASPS_5316,0.9902796149253845
DBAASPS_5321,0.9682660698890686
DBAASPS_5322,0.9349846839904785
DBAASPS_5325,0.9512743353843689
DBAASPS_5327,0.9187891483306885
DBAASPS_5329,0.9859793782234192
DBAASPS_5332,0.9872827529907227
DBAASPS_5333,0.9865742921829224
DBAASPR_5337,0.16854393482208252
DBAASPS_5339,0.9881401658058167
DBAASPS_5340,0.9545349478721619
DBAASPS_5341,0.9878820180892944
DBAASPS_5343,0.9553005695343018
DBAASPS_5345,0.9907480478286743
DBAASPS_5346,0.9902000427246094
DBAASPR_5352,0.9824051856994629
DBAASPR_5356,0.7211982607841492
DBAASPR_5372,0.06370429694652557
DBAASPR_5373,0.049121759831905365
DBAASPN_5374,0.13725152611732483
DBAASPS_5397,0.989952027797699
DBAASPS_5398,0.9874506592750549
DBAASPS_5399,0.9888304471969604
DBAASPS_5400,0.9883807301521301
DBAASPR_5402,0.9867356419563293
DBAASPR_5404,0.9869444966316223
DBAASPR_5408,0.9888662099838257
DBAASPR_5409,0.6278238892555237
DBAASPR_5410,0.6841675639152527
DBAASPR_5411,0.8188477754592896
DBAASPS_5412,0.4581391215324402
DBAASPS_5413,0.32195061445236206
DBAASPS_5414,0.4921022653579712
DBAASPS_5415,0.29796913266181946
DBAASPS_5416,0.33868667483329773
DBAASPR_5418,0.9304318428039551
DBAASPS_5420,0.8676157593727112
DBAASPS_5421,0.913043200969696
DBAASPS_5422,0.40594762563705444
DBAASPS_5423,0.5210414528846741
DBAASPS_5424,0.1525138020515442
DBAASPR_5425,0.6979384422302246
DBAASPR_5426,0.4562865197658539
DBAASPR_5427,0.05637583136558533
DBAASPS_5430,0.9764346480369568
DBAASPS_5432,0.9824530482292175
DBAASPS_5434,0.9844614863395691
DBAASPS_5436,0.9853461384773254
DBAASPR_5440,0.9759154319763184
DBAASPR_5441,0.8699988126754761
DBAASPR_5442,0.06852376461029053
DBAASPS_5452,0.9046580195426941
DBAASPS_5453,0.8391034603118896
DBAASPS_5454,0.8861359357833862
DBAASPS_5456,0.032521117478609085
DBAASPS_5457,0.014379531145095825
DBAASPS_5458,0.012372184544801712
DBAASPS_5459,0.02881891466677189
DBAASPS_5460,0.0684729591012001
DBAASPS_5461,0.05440637096762657
DBAASPS_5462,0.04529011994600296
DBAASPS_5463,0.034191884100437164
DBAASPS_5464,0.037075143307447433
DBAASPS_5465,0.03315334767103195
DBAASPS_5468,0.989013671875
DBAASPS_5469,0.9895101189613342
DBAASPS_5470,0.9448915123939514
DBAASPS_5471,0.9051647782325745
DBAASPS_5472,0.7421659827232361
DBAASPS_5473,0.5946008563041687
DBAASPS_5474,0.615523636341095
DBAASPS_5475,0.4597070813179016
DBAASPS_5476,0.9888732433319092
DBAASPS_5477,0.9884964227676392
DBAASPS_5478,0.7019122242927551
DBAASPS_5479,0.5789467692375183
DBAASPS_5480,0.9771953821182251
DBAASPS_5491,0.9908067584037781
DBAASPS_5492,0.9909504652023315
DBAASPS_5493,0.9909485578536987
DBAASPS_5495,0.9909355640411377
DBAASPS_5496,0.9908765554428101
DBAASPR_5500,0.029050348326563835
DBAASPS_5510,0.9796077609062195
DBAASPR_5517,0.5699675679206848
DBAASPR_5518,0.6179665327072144
DBAASPS_5521,0.9893182516098022
DBAASPS_5522,0.9894327521324158
DBAASPS_5523,0.9889219999313354
DBAASPS_5524,0.9885159134864807
DBAASPR_5525,0.9119974374771118
DBAASPR_5526,0.7591332197189331
DBAASPR_5527,0.7694826722145081
DBAASPS_5535,0.9860623478889465
DBAASPS_5536,0.9798702001571655
DBAASPS_5537,0.9842276573181152
DBAASPS_5538,0.9666193723678589
DBAASPS_5541,0.9882071614265442
DBAASPS_5543,0.1806192547082901
DBAASPS_5544,0.1630721241235733
DBAASPR_5545,0.9577497839927673
DBAASPS_5548,0.575354814529419
DBAASPS_5549,0.3890402317047119
DBAASPR_5555,0.2221621423959732
DBAASPS_5560,0.9876940846443176
DBAASPS_5561,0.9897452592849731
DBAASPS_5562,0.9888977408409119
DBAASPS_5563,0.988097071647644
DBAASPS_5570,0.9866672158241272
DBAASPS_5571,0.9878657460212708
DBAASPS_5572,0.9856974482536316
DBAASPS_5573,0.9897576570510864
DBAASPS_5574,0.990226686000824
DBAASPS_5575,0.989721417427063
DBAASPS_5576,0.9905514121055603
DBAASPS_5577,0.9906110167503357
DBAASPS_5578,0.9902179837226868
DBAASPR_5579,0.17044201493263245
DBAASPR_5580,0.035065509378910065
DBAASPS_5585,0.986582338809967
DBAASPS_5586,0.9900761842727661
DBAASPS_5587,0.12206331640481949
DBAASPS_5589,0.3280918002128601
DBAASPS_5590,0.14014708995819092
DBAASPS_5593,0.9860995411872864
DBAASPS_5594,0.9900149703025818
DBAASPS_5595,0.06424779444932938
DBAASPS_5596,0.05948064476251602
DBAASPS_5597,0.0772746354341507
DBAASPS_5598,0.07508816570043564
DBAASPS_5600,0.13369670510292053
DBAASPS_5601,0.18026593327522278
DBAASPR_5603,0.9863500595092773
DBAASPR_5604,0.9812184572219849
DBAASPR_5605,0.9252026677131653
DBAASPR_5606,0.9779507517814636
DBAASPR_5607,0.9859724640846252
DBAASPR_5608,0.6024231910705566
DBAASPR_5610,0.8974209427833557
DBAASPS_5617,0.9888185262680054
DBAASPR_5624,0.9873446226119995
DBAASPS_5628,0.4414227306842804
DBAASPS_5630,0.18834899365901947
DBAASPS_5631,0.401415079832077
DBAASPS_5632,0.9838536977767944
DBAASPS_5634,0.04914792254567146
DBAASPS_5635,0.6421405076980591
DBAASPS_5636,0.22858934104442596
DBAASPS_5637,0.9863624572753906
DBAASPS_5638,0.9839505553245544
DBAASPS_5640,0.9895264506340027
DBAASPS_5645,0.9899656176567078
DBAASPS_5646,0.9877782464027405
DBAASPR_5647,0.10991013795137405
DBAASPR_5649,0.1830340325832367
DBAASPS_5653,0.9720363616943359
DBAASPS_5654,0.9841799736022949
DBAASPS_5655,0.9725610613822937
DBAASPS_5657,0.9804652333259583
DBAASPS_5659,0.9827174544334412
DBAASPS_5661,0.9903650879859924
DBAASPS_5663,0.9872948527336121
DBAASPS_5664,0.9878790974617004
DBAASPS_5665,0.9843575954437256
DBAASPS_5666,0.9782755374908447
DBAASPS_5667,0.9820495843887329
DBAASPR_5668,0.8616588711738586
DBAASPR_5681,0.9703894257545471
DBAASPR_5682,0.8689056038856506
DBAASPR_5685,0.9591638445854187
DBAASPR_5686,0.9688109159469604
DBAASPR_5688,0.9647300839424133
DBAASPR_5689,0.9661047458648682
DBAASPR_5690,0.973364531993866
DBAASPR_5691,0.022770611569285393
DBAASPS_5700,0.9892433881759644
DBAASPS_5701,0.9881181120872498
DBAASPS_5702,0.9900912642478943
DBAASPS_5703,0.9770525693893433
DBAASPS_5704,0.977057695388794
DBAASPS_5705,0.965675950050354
DBAASPS_5706,0.9776695966720581
DBAASPS_5707,0.9848293662071228
DBAASPS_5711,0.8908035755157471
DBAASPS_5724,0.1461246758699417
DBAASPS_5725,0.09290603548288345
DBAASPR_5729,0.9878904819488525
DBAASPS_5733,0.9623330235481262
DBAASPS_5734,0.9835090637207031
DBAASPS_5735,0.9694599509239197
DBAASPR_5736,0.39016008377075195
DBAASPS_5737,0.9685564637184143
DBAASPS_5738,0.9862662553787231
DBAASPS_5739,0.987316370010376
DBAASPS_5740,0.9833400845527649
DBAASPN_5742,0.9011972546577454
DBAASPS_5745,0.9894904494285583
DBAASPS_5746,0.985274076461792
DBAASPS_5747,0.9883116483688354
DBAASPS_5748,0.9564322233200073
DBAASPS_5749,0.9873078465461731
DBAASPS_5750,0.9009449481964111
DBAASPS_5767,0.0810382291674614
DBAASPS_5768,0.8211475014686584
DBAASPS_5769,0.5361676812171936
DBAASPS_5770,0.9873113036155701
DBAASPR_5771,0.9791311025619507
DBAASPS_5773,0.9882565140724182
DBAASPS_5774,0.9856535792350769
DBAASPN_5779,0.3015415370464325
DBAASPR_5783,0.9881529211997986
DBAASPS_5784,0.9864447712898254
DBAASPS_5785,0.7623125910758972
DBAASPS_5797,0.9700796604156494
DBAASPS_5798,0.9747869968414307
DBAASPS_5801,0.9889159202575684
DBAASPS_5802,0.9891905784606934
DBAASPR_5803,0.14001815021038055
DBAASPR_5810,0.8899492025375366
DBAASPS_5819,0.9909558296203613
DBAASPS_5820,0.9908674955368042
DBAASPS_5821,0.9886900782585144
DBAASPS_5823,0.9901050925254822
DBAASPS_5824,0.7283706068992615
DBAASPS_5825,0.9905550479888916
DBAASPS_5826,0.9898361563682556
DBAASPS_5827,0.9894035458564758
DBAASPS_5829,0.9899166822433472
DBAASPS_5830,0.9889553785324097
DBAASPS_5831,0.9737643003463745
DBAASPR_5836,0.8498088121414185
DBAASPS_5842,0.9865459203720093
DBAASPS_5843,0.9817724823951721
DBAASPS_5844,0.9871360659599304
DBAASPS_5845,0.9861041903495789
DBAASPS_5846,0.15127402544021606
DBAASPS_5847,0.9685052633285522
DBAASPS_5848,0.9797991514205933
DBAASPS_5852,0.98980313539505
DBAASPS_5860,0.9831713438034058
DBAASPS_5861,0.9835808873176575
DBAASPS_5862,0.9897501468658447
DBAASPS_5863,0.8833795785903931
DBAASPS_5864,0.11735084652900696
DBAASPS_5866,0.9838219285011292
DBAASPR_5868,0.9839794039726257
DBAASPS_5875,0.9766205549240112
DBAASPR_5882,0.23823045194149017
DBAASPR_5885,0.9779333472251892
DBAASPS_5890,0.9820998907089233
DBAASPS_5892,0.9819706082344055
DBAASPS_5895,0.056508708745241165
DBAASPS_5920,0.04770268499851227
DBAASPS_5921,0.04174511507153511
DBAASPS_5922,0.6793618202209473
DBAASPS_5923,0.02283613011240959
DBAASPS_5924,0.23966562747955322
DBAASPS_5925,0.024678366258740425
DBAASPS_5927,0.01905030757188797
DBAASPS_5928,0.021771566942334175
DBAASPS_5929,0.018851106986403465
DBAASPS_5937,0.9878392219543457
DBAASPS_5938,0.9889187216758728
DBAASPS_5939,0.8953678011894226
DBAASPS_5940,0.9876481890678406
DBAASPS_5941,0.9896692633628845
DBAASPN_5942,0.022481020539999008
DBAASPS_5943,0.04237700253725052
DBAASPS_5944,0.05277477577328682
DBAASPS_5945,0.04289403185248375
DBAASPS_5952,0.3748568296432495
DBAASPS_5953,0.040837254375219345
DBAASPS_5954,0.9766099452972412
DBAASPS_5955,0.1603335738182068
DBAASPS_5956,0.018585294485092163
DBAASPS_5957,0.02181369625031948
DBAASPS_5958,0.058986056596040726
DBAASPS_5959,0.036312561482191086
DBAASPS_5960,0.04547300189733505
DBAASPS_5961,0.3133852779865265
DBAASPS_5962,0.2569099962711334
DBAASPS_5963,0.10517503321170807
DBAASPS_5964,0.9406936168670654
DBAASPS_5972,0.9879573583602905
DBAASPS_5984,0.17028455436229706
DBAASPS_5986,0.43318796157836914
DBAASPS_5987,0.610083281993866
DBAASPS_5988,0.9604412317276001
DBAASPS_5998,0.9903203248977661
DBAASPS_6001,0.9904554486274719
DBAASPS_6002,0.9905921220779419
DBAASPS_6003,0.989903450012207
DBAASPS_6004,0.989622175693512
DBAASPS_6012,0.03578396886587143
DBAASPS_6014,0.06022009626030922
DBAASPS_6015,0.056507498025894165
DBAASPS_6016,0.06455561518669128
DBAASPS_6017,0.047815900295972824
DBAASPS_6020,0.05632505193352699
DBAASPS_6044,0.9901596307754517
DBAASPS_6045,0.9897330403327942
DBAASPS_6047,0.9893093109130859
DBAASPS_6055,0.986574113368988
DBAASPS_6056,0.11445469409227371
DBAASPS_6058,0.21433819830417633
DBAASPS_6066,0.45683711767196655
DBAASPS_6067,0.49132511019706726
DBAASPR_6075,0.12836727499961853
DBAASPS_6078,0.9883421659469604
DBAASPS_6079,0.04754084721207619
DBAASPS_6086,0.9693892598152161
DBAASPS_6087,0.79725182056427
DBAASPS_6097,0.6344960331916809
DBAASPS_6098,0.5698592066764832
DBAASPS_6099,0.6248243451118469
DBAASPS_6100,0.6868742108345032
DBAASPS_6101,0.8156511187553406
DBAASPS_6102,0.8798810243606567
DBAASPS_6103,0.7452601790428162
DBAASPS_6104,0.06973031163215637
DBAASPS_6105,0.85019850730896
DBAASPS_6106,0.8454650640487671
DBAASPS_6107,0.970747172832489
DBAASPS_6111,0.9434605240821838
DBAASPS_6135,0.9113573431968689
DBAASPS_6136,0.07976533472537994
DBAASPS_6137,0.0880565494298935
DBAASPS_6138,0.07100026309490204
DBAASPS_6139,0.06366151571273804
DBAASPS_6140,0.04287843406200409
DBAASPS_6141,0.04825468361377716
DBAASPS_6143,0.047660987824201584
DBAASPS_6144,0.01795312389731407
DBAASPS_6145,0.04877374693751335
DBAASPS_6146,0.06324195861816406
DBAASPS_6147,0.0403081551194191
DBAASPS_6149,0.2040242701768875
DBAASPS_6187,0.46170133352279663
DBAASPS_6188,0.7618784308433533
DBAASPS_6189,0.4673159420490265
DBAASPS_6190,0.8098512291908264
DBAASPS_6191,0.8739709854125977
DBAASPS_6192,0.875859260559082
DBAASPS_6193,0.982090950012207
DBAASPS_6194,0.9482669830322266
DBAASPS_6195,0.9441707730293274
DBAASPS_6196,0.9239334464073181
DBAASPS_6201,0.9890625476837158
DBAASPS_6202,0.990642249584198
DBAASPS_6208,0.8801363706588745
DBAASPS_6234,0.4789983928203583
DBAASPS_6235,0.858767032623291
DBAASPS_6236,0.6681413054466248
DBAASPS_6243,0.36334526538848877
DBAASPS_6246,0.9202080368995667
DBAASPS_6247,0.9827807545661926
DBAASPS_6249,0.9794230461120605
DBAASPS_6251,0.9893473982810974
DBAASPS_6270,0.9672942757606506
DBAASPS_6273,0.9452648162841797
DBAASPS_6275,0.9494814872741699
DBAASPS_6276,0.9870398640632629
DBAASPS_6279,0.9631807804107666
DBAASPS_6280,0.9599247574806213
DBAASPS_6285,0.1693335771560669
DBAASPS_6286,0.15043146908283234
DBAASPS_6287,0.12099196761846542
DBAASPS_6288,0.02353937178850174
DBAASPS_6293,0.5059237480163574
DBAASPS_6296,0.44755232334136963
DBAASPS_6297,0.24967233836650848
DBAASPS_6299,0.1191505640745163
DBAASPS_6302,0.031285278499126434
DBAASPS_6303,0.1497938632965088
DBAASPS_6305,0.9225549697875977
DBAASPS_6307,0.9460954070091248
DBAASPS_6310,0.9755256175994873
DBAASPS_6311,0.9810815453529358
DBAASPS_6312,0.96932053565979
DBAASPR_6320,0.9786297678947449
DBAASPS_6322,0.13901400566101074
DBAASPS_6323,0.06401731073856354
DBAASPS_6326,0.038605302572250366
DBAASPS_6327,0.03535447642207146
DBAASPS_6328,0.9468841552734375
DBAASPS_6329,0.6459779739379883
DBAASPS_6330,0.5644750595092773
DBAASPS_6331,0.13471661508083344
DBAASPS_6336,0.21228353679180145
DBAASPS_6342,0.9811978936195374
DBAASPS_6343,0.98554527759552
DBAASPS_6345,0.9894202351570129
DBAASPS_6349,0.9867645502090454
DBAASPS_6353,0.9898402094841003
DBAASPS_6356,0.9902766346931458
DBAASPS_6370,0.06702452152967453
DBAASPS_6372,0.41043442487716675
DBAASPS_6375,0.04717289283871651
DBAASPS_6376,0.22589203715324402
DBAASPS_6377,0.04589444771409035
DBAASPS_6378,0.11835162341594696
DBAASPS_6379,0.01894286461174488
DBAASPS_6380,0.02190149389207363
DBAASPR_6384,0.9820477962493896
DBAASPR_6385,0.9840722680091858
DBAASPS_6386,0.06361556053161621
DBAASPS_6387,0.017809124663472176
DBAASPS_6388,0.020986229181289673
DBAASPS_6389,0.9669741988182068
DBAASPS_6390,0.5061401128768921
DBAASPS_6392,0.807766318321228
DBAASPS_6394,0.6688148379325867
DBAASPS_6395,0.9855128526687622
DBAASPS_6396,0.8330374360084534
DBAASPS_6398,0.1667676419019699
DBAASPS_6399,0.7179346680641174
DBAASPS_6401,0.3047944903373718
DBAASPS_6402,0.5829998254776001
DBAASPS_6403,0.9809048771858215
DBAASPS_6410,0.32528817653656006
DBAASPS_6411,0.16492891311645508
DBAASPS_6412,0.23468013107776642
DBAASPS_6414,0.41365882754325867
DBAASPS_6417,0.17130263149738312
DBAASPS_6418,0.7082850337028503
DBAASPS_6419,0.6500162482261658
DBAASPS_6420,0.04798368364572525
DBAASPS_6421,0.15016980469226837
DBAASPS_6422,0.03375378996133804
DBAASPS_6423,0.12056726217269897
DBAASPS_6428,0.9534048438072205
DBAASPS_6430,0.5144755840301514
DBAASPS_6435,0.7543963193893433
DBAASPS_6436,0.15718258917331696
DBAASPS_6437,0.017842095345258713
DBAASPS_6438,0.08253438770771027
DBAASPS_6439,0.01573614962399006
DBAASPS_6440,0.05626286566257477
DBAASPS_6441,0.3690742254257202
DBAASPS_6443,0.03457764536142349
DBAASPS_6444,0.07921426743268967
DBAASPS_6445,0.8487126231193542
DBAASPS_6446,0.6913875341415405
DBAASPS_6447,0.9012150764465332
DBAASPS_6448,0.8055309057235718
DBAASPS_6449,0.9723332524299622
DBAASPS_6456,0.9854798316955566
DBAASPS_6457,0.9409778118133545
DBAASPS_6458,0.9846451282501221
DBAASPS_6459,0.830086886882782
DBAASPR_6462,0.9589799046516418
DBAASPR_6463,0.8468019962310791
DBAASPR_6464,0.06407096236944199
DBAASPS_6475,0.023634497076272964
DBAASPS_6491,0.9871334433555603
DBAASPS_6498,0.9893065094947815
DBAASPS_6499,0.9902190566062927
DBAASPS_6501,0.9809054732322693
DBAASPS_6503,0.9902902245521545
DBAASPS_6505,0.9905074834823608
DBAASPS_6510,0.09049047529697418
DBAASPS_6512,0.09107118844985962
DBAASPS_6521,0.9855307936668396
DBAASPS_6525,0.989657998085022
DBAASPS_6526,0.9889827966690063
DBAASPS_6527,0.9892842769622803
DBAASPS_6528,0.988775372505188
DBAASPS_6529,0.9882621169090271
DBAASPS_6542,0.8226293921470642
DBAASPS_6544,0.050723280757665634
DBAASPS_6545,0.04580773785710335
DBAASPS_6549,0.018401553854346275
DBAASPS_6550,0.039076194167137146
DBAASPS_6551,0.021674875169992447
DBAASPS_6559,0.04965432733297348
DBAASPS_6561,0.2517193555831909
DBAASPS_6563,0.04470851644873619
DBAASPS_6565,0.056585799902677536
DBAASPS_6567,0.341240793466568
DBAASPS_6574,0.0484277606010437
DBAASPS_6576,0.146719828248024
DBAASPN_6578,0.09340040385723114
DBAASPN_6580,0.10714784264564514
DBAASPS_6581,0.940498411655426
DBAASPS_6586,0.9803414344787598
DBAASPS_6588,0.10165905952453613
DBAASPS_6589,0.9627799987792969
DBAASPS_6590,0.13116002082824707
DBAASPR_6609,0.04817986488342285
DBAASPS_6625,0.01471791323274374
DBAASPS_6649,0.9903692603111267
DBAASPS_6650,0.9898605346679688
DBAASPS_6651,0.990268349647522
DBAASPS_6652,0.990180253982544
DBAASPS_6657,0.037949465215206146
DBAASPS_6662,0.019867748022079468
DBAASPS_6669,0.9677936434745789
DBAASPS_6670,0.024349020794034004
DBAASPS_6671,0.7365978956222534
DBAASPS_6672,0.9501175880432129
DBAASPS_6673,0.7033402919769287
DBAASPS_6676,0.8422293066978455
DBAASPS_6686,0.9314073920249939
DBAASPS_6687,0.7712792158126831
DBAASPS_6688,0.608106791973114
DBAASPS_6689,0.3616277873516083
DBAASPS_6690,0.5127169489860535
DBAASPS_6695,0.9842868447303772
DBAASPS_6696,0.9858349561691284
DBAASPS_6697,0.9847919344902039
DBAASPS_6698,0.9767724871635437
DBAASPS_6699,0.9815389513969421
DBAASPS_6700,0.96746826171875
DBAASPS_6707,0.9794795513153076
DBAASPS_6708,0.9794775247573853
DBAASPS_6710,0.9716987609863281
DBAASPS_6714,0.7766578197479248
DBAASPS_6715,0.9893509745597839
DBAASPS_6718,0.04277907311916351
DBAASPS_6720,0.010920683853328228
DBAASPS_6722,0.011792208068072796
DBAASPS_6723,0.04141315445303917
DBAASPS_6724,0.01700076274573803
DBAASPS_6725,0.4804040193557739
DBAASPS_6726,0.8551293611526489
DBAASPS_6727,0.3426775336265564
DBAASPS_6728,0.29766154289245605
DBAASPS_6729,0.8887935280799866
DBAASPS_6730,0.10756497830152512
DBAASPS_6745,0.09173667430877686
DBAASPS_6748,0.986913800239563
DBAASPS_6750,0.9800185561180115
DBAASPS_6752,0.988845705986023
DBAASPS_6753,0.9794186353683472
DBAASPS_6754,0.13710850477218628
DBAASPS_6756,0.17698140442371368
DBAASPS_6757,0.40506890416145325
DBAASPS_6759,0.1793198436498642
DBAASPS_6762,0.9845253825187683
DBAASPS_6763,0.9842322468757629
DBAASPS_6765,0.9899253249168396
DBAASPR_6766,0.8732865452766418
DBAASPS_6768,0.9895550012588501
DBAASPS_6769,0.9896759986877441
DBAASPS_6770,0.9783294200897217
DBAASPS_6771,0.9868988394737244
DBAASPS_6772,0.9718377590179443
DBAASPS_6773,0.11950236558914185
DBAASPS_6775,0.988779604434967
DBAASPS_6776,0.7551069855690002
DBAASPS_6778,0.9904182553291321
DBAASPS_6779,0.9860460162162781
DBAASPN_6780,0.11222925782203674
DBAASPN_6781,0.1087741106748581
DBAASPN_6783,0.1851147711277008
DBAASPS_6784,0.986455500125885
DBAASPS_6787,0.9847384095191956
DBAASPS_6788,0.9585540294647217
DBAASPS_6789,0.9641186594963074
DBAASPS_6790,0.8340597152709961
DBAASPS_6791,0.07650380581617355
DBAASPS_6802,0.9821030497550964
DBAASPS_6803,0.9584721326828003
DBAASPS_6818,0.9899465441703796
DBAASPS_6819,0.9894652962684631
DBAASPS_6820,0.9864619970321655
DBAASPS_6823,0.9866903424263
DBAASPS_6824,0.9894540309906006
DBAASPR_6836,0.7521324157714844
DBAASPS_6843,0.5479873418807983
DBAASPS_6846,0.9849485754966736
DBAASPS_6847,0.9886188507080078
DBAASPS_6848,0.9824020266532898
DBAASPS_6849,0.9886144399642944
DBAASPS_6850,0.988620400428772
DBAASPS_6853,0.9325782060623169
DBAASPS_6854,0.3789040148258209
DBAASPS_6857,0.9895449280738831
DBAASPS_6858,0.985867977142334
DBAASPS_6859,0.9727433919906616
DBAASPS_6860,0.9704542756080627
DBAASPS_6861,0.9864032864570618
DBAASPS_6862,0.9879723191261292
DBAASPS_6863,0.9407107830047607
DBAASPS_6864,0.9698034524917603
DBAASPS_6865,0.8435301780700684
DBAASPS_6870,0.9537825584411621
DBAASPS_6871,0.38611122965812683
DBAASPS_6872,0.8653995990753174
DBAASPS_6874,0.979672372341156
DBAASPS_6875,0.9531524777412415
DBAASPS_6876,0.9700965881347656
DBAASPS_6877,0.9594247341156006
DBAASPS_6878,0.8022696375846863
DBAASPS_6879,0.09193219989538193
DBAASPS_6880,0.763874888420105
DBAASPS_6882,0.8128052949905396
DBAASPS_6883,0.8623607158660889
DBAASPS_6885,0.8712551593780518
DBAASPS_6888,0.8281653523445129
DBAASPS_6890,0.9109544157981873
DBAASPS_6891,0.9627702832221985
DBAASPS_6892,0.9191341400146484
DBAASPS_6893,0.952235758304596
DBAASPS_6894,0.8138946294784546
DBAASPS_6895,0.990341067314148
DBAASPS_6896,0.6755832433700562
DBAASPS_6897,0.9905242323875427
DBAASPS_6898,0.9863314628601074
DBAASPS_6899,0.9630985856056213
DBAASPS_6900,0.9835430383682251
DBAASPS_6901,0.9699827432632446
DBAASPS_6902,0.9813358783721924
DBAASPS_6903,0.9796764850616455
DBAASPS_6904,0.9846832156181335
DBAASPS_6905,0.9895817041397095
DBAASPS_6906,0.9893288016319275
DBAASPS_6907,0.9895206689834595
DBAASPS_6908,0.9897589087486267
DBAASPS_6909,0.9887745976448059
DBAASPS_6910,0.9884272217750549
DBAASPS_6913,0.6813138127326965
DBAASPN_6917,0.03587186336517334
DBAASPS_6919,0.4648149907588959
DBAASPS_6920,0.7622764706611633
DBAASPS_6923,0.9444298148155212
DBAASPS_6924,0.9760311841964722
DBAASPS_6925,0.9826812744140625
DBAASPS_6926,0.9881371259689331
DBAASPS_6927,0.985122561454773
DBAASPS_6929,0.9871065020561218
DBAASPS_6931,0.9897875189781189
DBAASPS_6932,0.9902599453926086
DBAASPS_6933,0.9444602131843567
DBAASPS_6934,0.8825176358222961
DBAASPS_6935,0.9342696070671082
DBAASPS_6936,0.9459152221679688
DBAASPS_6937,0.9749380350112915
DBAASPS_6938,0.99049311876297
DBAASPS_6942,0.9889405369758606
DBAASPS_6943,0.9891437888145447
DBAASPS_6944,0.9892755746841431
DBAASPS_6945,0.9883211851119995
DBAASPS_6947,0.9879875183105469
DBAASPS_6948,0.9887217283248901
DBAASPS_6949,0.9875583648681641
DBAASPS_6950,0.9894086122512817
DBAASPS_6951,0.9890313148498535
DBAASPS_6952,0.9890084862709045
DBAASPS_6953,0.9889950156211853
DBAASPS_6954,0.9879193305969238
DBAASPS_6955,0.9864853024482727
DBAASPS_6956,0.9868373870849609
DBAASPS_6957,0.9897204041481018
DBAASPS_6958,0.9889844059944153
DBAASPS_6959,0.9893420338630676
DBAASPS_6960,0.9894793033599854
DBAASPS_6961,0.989661455154419
DBAASPS_6962,0.989491879940033
DBAASPS_6963,0.9869999289512634
DBAASPS_6964,0.9774672985076904
DBAASPS_6965,0.9898216128349304
DBAASPS_6966,0.990172803401947
DBAASPS_6967,0.9897454977035522
DBAASPS_6968,0.9897376894950867
DBAASPS_6969,0.9893903732299805
DBAASPS_6970,0.9657028317451477
DBAASPS_6971,0.990172803401947
DBAASPS_6972,0.9858809113502502
DBAASPS_6973,0.02656710147857666
DBAASPS_6974,0.9771100878715515
DBAASPS_6975,0.980083167552948
DBAASPS_6976,0.9862402677536011
DBAASPS_6977,0.9871147871017456
DBAASPS_6978,0.9897226095199585
DBAASPS_6979,0.9900180101394653
DBAASPS_6980,0.990063488483429
DBAASPS_6981,0.9885671138763428
DBAASPS_6982,0.9857403039932251
DBAASPS_6983,0.9832431077957153
DBAASPS_6984,0.9880872368812561
DBAASPS_6991,0.9896259307861328
DBAASPS_6992,0.9869710803031921
DBAASPS_6993,0.9902775287628174
DBAASPS_7001,0.990153431892395
DBAASPR_7005,0.4764077067375183
DBAASPS_7015,0.026270734146237373
DBAASPS_7019,0.985230028629303
DBAASPS_7020,0.9733927249908447
DBAASPS_7021,0.7423707246780396
DBAASPS_7022,0.9754359126091003
DBAASPS_7024,0.9891328811645508
DBAASPS_7025,0.9885691404342651
DBAASPS_7026,0.9881873726844788
DBAASPS_7027,0.029719717800617218
DBAASPS_7028,0.9908857345581055
DBAASPS_7031,0.2416870892047882
DBAASPS_7032,0.1339004635810852
DBAASPS_7033,0.697941243648529
DBAASPS_7034,0.15156807005405426
DBAASPS_7036,0.8936653733253479
DBAASPS_7037,0.3540535271167755
DBAASPS_7042,0.9903609752655029
DBAASPS_7043,0.9899134635925293
DBAASPS_7044,0.9307076334953308
DBAASPS_7045,0.5079337954521179
DBAASPS_7048,0.9900622963905334
DBAASPS_7053,0.9798478484153748
DBAASPS_7054,0.980675995349884
DBAASPS_7055,0.9845758080482483
DBAASPS_7057,0.9903477430343628
DBAASPS_7059,0.9861650466918945
DBAASPS_7060,0.9865414500236511
DBAASPS_7062,0.9879132509231567
DBAASPS_7065,0.9635939002037048
DBAASPS_7067,0.9724807739257812
DBAASPS_7075,0.859329342842102
DBAASPS_7087,0.7475619316101074
DBAASPS_7092,0.9824347496032715
DBAASPS_7093,0.9850082993507385
DBAASPS_7094,0.9879615306854248
DBAASPS_7095,0.22415250539779663
DBAASPS_7102,0.9824708700180054
DBAASPS_7103,0.9169596433639526
DBAASPS_7104,0.8441001176834106
DBAASPS_7105,0.9908665418624878
DBAASPS_7109,0.525499165058136
DBAASPS_7110,0.9888222813606262
DBAASPS_7111,0.8040459752082825
DBAASPS_7113,0.8487182855606079
DBAASPS_7121,0.9798225164413452
DBAASPS_7122,0.9831194281578064
DBAASPS_7123,0.9856584668159485
DBAASPS_7124,0.9860398769378662
DBAASPS_7141,0.04855969548225403
DBAASPS_7142,0.0740586668252945
DBAASPS_7144,0.9882199764251709
DBAASPS_7146,0.9841611981391907
DBAASPS_7147,0.9567171335220337
DBAASPS_7148,0.9883273243904114
DBAASPS_7149,0.9889939427375793
DBAASPS_7150,0.9731408357620239
DBAASPS_7153,0.9902758002281189
DBAASPS_7155,0.9905177354812622
DBAASPS_7156,0.9906415939331055
DBAASPN_7157,0.019219929352402687
DBAASPN_7159,0.01918891631066799
DBAASPN_7160,0.014925708994269371
DBAASPN_7161,0.027069855481386185
DBAASPN_7162,0.03648125007748604
DBAASPS_7163,0.9766553640365601
DBAASPS_7164,0.9852082133293152
DBAASPS_7166,0.9872341752052307
DBAASPS_7173,0.7554073333740234
DBAASPS_7180,0.32858237624168396
DBAASPS_7182,0.13354487717151642
DBAASPS_7208,0.783108651638031
DBAASPS_7209,0.02829665131866932
DBAASPS_7210,0.9741358757019043
DBAASPS_7218,0.9900665879249573
DBAASPS_7219,0.9902056455612183
DBAASPS_7222,0.9898279309272766
DBAASPS_7227,0.9904195666313171
DBAASPS_7229,0.02730179950594902
DBAASPS_7230,0.0149917621165514
DBAASPS_7234,0.17768387496471405
DBAASPS_7235,0.8645471334457397
DBAASPS_7236,0.983229398727417
DBAASPS_7239,0.98778235912323
DBAASPS_7242,0.9854689836502075
DBAASPS_7244,0.9899816513061523
DBAASPS_7245,0.99019455909729
DBAASPS_7246,0.99012690782547
DBAASPS_7250,0.9903363585472107
DBAASPS_7259,0.9893458485603333
DBAASPS_7263,0.9891241788864136
DBAASPS_7266,0.9899168610572815
DBAASPS_7268,0.9898834824562073
DBAASPS_7271,0.9900313019752502
DBAASPS_7272,0.9890780448913574
DBAASPS_7276,0.9883295893669128
DBAASPS_7279,0.9891645312309265
DBAASPS_7285,0.9889338612556458
DBAASPS_7288,0.9834550023078918
DBAASPS_7289,0.9399727582931519
DBAASPS_7290,0.9626838564872742
DBAASPS_7291,0.9682430028915405
DBAASPS_7306,0.7448028922080994
DBAASPS_7309,0.5089921355247498
DBAASPS_7311,0.20221765339374542
DBAASPS_7312,0.288188636302948
DBAASPS_7313,0.526955783367157
DBAASPS_7314,0.5401690602302551
DBAASPS_7315,0.5598892569541931
DBAASPS_7316,0.9726959466934204
DBAASPS_7317,0.14634913206100464
DBAASPS_7318,0.19571323692798615
DBAASPS_7321,0.40678057074546814
DBAASPS_7323,0.13640634715557098
DBAASPS_7327,0.9606796503067017
DBAASPS_7328,0.9643101096153259
DBAASPS_7330,0.18071722984313965
DBAASPS_7331,0.12169986963272095
DBAASPS_7332,0.07110775262117386
DBAASPS_7333,0.08189423382282257
DBAASPS_7334,0.11415580660104752
DBAASPS_7335,0.0840073823928833
DBAASPS_7336,0.18107882142066956
DBAASPS_7337,0.15391291677951813
DBAASPS_7338,0.050395458936691284
DBAASPS_7339,0.11717292666435242
DBAASPS_7357,0.9677925705909729
DBAASPS_7359,0.7932489514350891
DBAASPS_7361,0.7434340119361877
DBAASPS_7363,0.43321266770362854
DBAASPS_7367,0.8771829605102539
DBAASPS_7368,0.40828365087509155
DBAASPS_7369,0.07028908282518387
DBAASPS_7370,0.12241552025079727
DBAASPS_7371,0.05826207995414734
DBAASPS_7372,0.21520356833934784
DBAASPS_7373,0.810141921043396
DBAASPS_7374,0.29228857159614563
DBAASPS_7375,0.29146701097488403
DBAASPS_7378,0.7844842672348022
DBAASPS_7379,0.04870518669486046
DBAASPS_7380,0.02500143088400364
DBAASPS_7393,0.9848604202270508
DBAASPS_7394,0.9676750302314758
DBAASPS_7395,0.975577175617218
DBAASPS_7396,0.23711274564266205
DBAASPS_7398,0.535827100276947
DBAASPS_7399,0.1729089915752411
DBAASPS_7400,0.03257155045866966
DBAASPS_7401,0.2753922939300537
DBAASPS_7402,0.05913457274436951
DBAASPS_7403,0.021526729688048363
DBAASPS_7404,0.9656473398208618
DBAASPS_7405,0.5325243473052979
DBAASPS_7406,0.938109278678894
DBAASPS_7407,0.8110105991363525
DBAASPS_7408,0.9769436717033386
DBAASPS_7409,0.018797485157847404
DBAASPS_7428,0.9545286893844604
DBAASPS_7429,0.9901197552680969
DBAASPS_7430,0.9890220761299133
DBAASPS_7431,0.9901801347732544
DBAASPS_7433,0.9849326610565186
DBAASPS_7434,0.9801304340362549
DBAASPS_7435,0.9764032363891602
DBAASPS_7436,0.9642683267593384
DBAASPS_7437,0.9863353967666626
DBAASPS_7446,0.9765105247497559
DBAASPS_7452,0.011667280457913876
DBAASPS_7462,0.9850753545761108
DBAASPS_7463,0.9767071008682251
DBAASPS_7464,0.9698426127433777
DBAASPS_7465,0.06496496498584747
DBAASPS_7466,0.035659387707710266
DBAASPS_7469,0.9908089637756348
DBAASPS_7470,0.9905981421470642
DBAASPS_7471,0.9871126413345337
DBAASPS_7472,0.9908313155174255
DBAASPS_7473,0.990674614906311
DBAASPS_7474,0.9899500012397766
DBAASPS_7485,0.981048047542572
DBAASPR_7486,0.9849929213523865
DBAASPS_7490,0.9821580648422241
DBAASPS_7495,0.980797529220581
DBAASPS_7496,0.9729359149932861
DBAASPS_7497,0.967371940612793
DBAASPS_7498,0.9418671131134033
DBAASPS_7499,0.9275768995285034
DBAASPS_7500,0.9776377081871033
DBAASPS_7501,0.9610737562179565
DBAASPS_7502,0.9653390049934387
DBAASPS_7503,0.21044877171516418
DBAASPS_7504,0.9865816831588745
DBAASPS_7505,0.21286767721176147
DBAASPS_7506,0.9793089628219604
DBAASPS_7507,0.5835281610488892
DBAASPS_7510,0.19713976979255676
DBAASPS_7511,0.13465656340122223
DBAASPS_7512,0.33356142044067383
DBAASPS_7513,0.17824786901474
DBAASPS_7514,0.18875665962696075
DBAASPS_7515,0.04632988199591637
DBAASPS_7516,0.0898667722940445
DBAASPS_7517,0.11362754553556442
DBAASPS_7518,0.23656411468982697
DBAASPS_7519,0.23613284528255463
DBAASPS_7520,0.161255344748497
DBAASPS_7521,0.13440458476543427
DBAASPS_7522,0.24539701640605927
DBAASPS_7523,0.15128082036972046
DBAASPS_7524,0.14465731382369995
DBAASPS_7526,0.13769055902957916
DBAASPS_7527,0.02103996090590954
DBAASPS_7530,0.02824423648416996
DBAASPS_7532,0.1260746419429779
DBAASPS_7534,0.4522068500518799
DBAASPS_7535,0.5411022305488586
DBAASPS_7537,0.25916025042533875
DBAASPS_7538,0.04141773283481598
DBAASPS_7539,0.1060936376452446
DBAASPS_7540,0.07976677268743515
DBAASPS_7541,0.160146102309227
DBAASPS_7560,0.9904862642288208
DBAASPS_7561,0.9905797839164734
DBAASPS_7562,0.9906460642814636
DBAASPS_7563,0.9903664588928223
DBAASPS_7564,0.990267276763916
DBAASPS_7565,0.9706689715385437
DBAASPS_7566,0.9886476993560791
DBAASPS_7567,0.9853724241256714
DBAASPS_7568,0.9649749398231506
DBAASPS_7569,0.9757788777351379
DBAASPS_7570,0.8951360583305359
DBAASPS_7571,0.9538493156433105
DBAASPS_7572,0.8347605466842651
DBAASPS_7573,0.9669586420059204
DBAASPS_7574,0.7444420456886292
DBAASPS_7575,0.8620223999023438
DBAASPS_7576,0.32840025424957275
DBAASPS_7577,0.8794839382171631
DBAASPS_7578,0.973696768283844
DBAASPS_7579,0.2789519429206848
DBAASPS_7588,0.9904414415359497
DBAASPS_7589,0.9899691939353943
DBAASPS_7595,0.3008366823196411
DBAASPS_7598,0.9593088626861572
DBAASPS_7604,0.9363280534744263
DBAASPS_7610,0.9770122766494751
DBAASPS_7613,0.97881019115448
DBAASPS_7628,0.9626087546348572
DBAASPS_7629,0.984950602054596
DBAASPS_7630,0.986327052116394
DBAASPS_7632,0.9900583028793335
DBAASPS_7633,0.9904783368110657
DBAASPS_7634,0.9905204772949219
DBAASPS_7635,0.2859058082103729
DBAASPS_7636,0.3682001233100891
DBAASPS_7637,0.19942431151866913
DBAASPS_7638,0.9870829582214355
DBAASPS_7649,0.8587703108787537
DBAASPS_7650,0.9857502579689026
DBAASPS_7657,0.20157164335250854
DBAASPR_7658,0.6456946730613708
DBAASPS_7661,0.9760636687278748
DBAASPS_7662,0.965813398361206
DBAASPS_7666,0.39884817600250244
DBAASPS_7667,0.9182875156402588
DBAASPS_7668,0.24205578863620758
DBAASPS_7669,0.3763118088245392
DBAASPS_7672,0.9890458583831787
DBAASPS_7675,0.2857893407344818
DBAASPS_7676,0.3409639894962311
DBAASPS_7677,0.34064850211143494
DBAASPS_7678,0.6774978041648865
DBAASPS_7679,0.7012462615966797
DBAASPS_7680,0.6382221579551697
DBAASPS_7681,0.8651972413063049
DBAASPS_7682,0.7691372036933899
DBAASPS_7683,0.5699178576469421
DBAASPS_7684,0.6434615850448608
DBAASPS_7685,0.8349587321281433
DBAASPS_7686,0.8594551086425781
DBAASPS_7694,0.9418758153915405
DBAASPS_7698,0.642473578453064
DBAASPS_7703,0.8319441676139832
DBAASPS_7704,0.4707614779472351
DBAASPS_7706,0.5968824625015259
DBAASPS_7715,0.40199413895606995
DBAASPS_7716,0.9572362303733826
DBAASPS_7717,0.22855772078037262
DBAASPS_7718,0.7892186641693115
DBAASPS_7719,0.8898584246635437
DBAASPS_7720,0.6306963562965393
DBAASPS_7721,0.16361631453037262
DBAASPS_7722,0.8401334881782532
DBAASPS_7724,0.023485157638788223
DBAASPS_7725,0.8929889798164368
DBAASPS_7726,0.2558090090751648
DBAASPS_7727,0.06493977457284927
DBAASPS_7728,0.6627720594406128
DBAASPS_7729,0.985418975353241
DBAASPR_7730,0.986839234828949
DBAASPS_7732,0.8608863353729248
DBAASPR_7734,0.9881919026374817
DBAASPR_7735,0.9763960242271423
DBAASPR_7736,0.952930748462677
DBAASPR_7737,0.9023447036743164
DBAASPS_7741,0.36857500672340393
DBAASPS_7742,0.5792088508605957
DBAASPS_7744,0.4532081186771393
DBAASPS_7745,0.7521156072616577
DBAASPS_7746,0.6675923466682434
DBAASPS_7747,0.8503605723381042
DBAASPS_7762,0.9539145231246948
DBAASPS_7769,0.9822291731834412
DBAASPS_7771,0.021968288347125053
DBAASPS_7772,0.04327695816755295
DBAASPS_7773,0.045913562178611755
DBAASPS_7774,0.03664577379822731
DBAASPS_7777,0.19053278863430023
DBAASPS_7778,0.06383218616247177
DBAASPS_7780,0.03643649443984032
DBAASPS_7782,0.030632004141807556
DBAASPS_7784,0.02686559036374092
DBAASPS_7786,0.07505723834037781
DBAASPS_7788,0.02256728708744049
DBAASPS_7789,0.03640332445502281
DBAASPS_7792,0.028904110193252563
DBAASPS_7793,0.023602833971381187
DBAASPS_7795,0.019101334735751152
DBAASPS_7798,0.059923648834228516
DBAASPS_7801,0.10861562937498093
DBAASPS_7802,0.022251000627875328
DBAASPS_7803,0.04831307753920555
DBAASPS_7804,0.1059931293129921
DBAASPS_7805,0.06473752856254578
DBAASPS_7806,0.027138488367199898
DBAASPS_7807,0.039088163524866104
DBAASPS_7808,0.05000179260969162
DBAASPS_7809,0.04245397821068764
DBAASPS_7810,0.06458102911710739
DBAASPS_7812,0.7205966711044312
DBAASPS_7813,0.03711685538291931
DBAASPS_7822,0.05074208602309227
DBAASPS_7833,0.3961154818534851
DBAASPS_7854,0.9886440634727478
DBAASPN_7855,0.08703845739364624
DBAASPS_7863,0.9878163933753967
DBAASPS_7918,0.9898229837417603
DBAASPS_7919,0.9839885830879211
DBAASPS_7920,0.9909433722496033
DBAASPS_7921,0.9909154176712036
DBAASPS_7922,0.9908446073532104
DBAASPS_7923,0.9908403158187866
DBAASPS_7924,0.9908912181854248
DBAASPS_7926,0.990854024887085
DBAASPS_7928,0.990814208984375
DBAASPS_7929,0.9906039237976074
DBAASPS_7930,0.9906352758407593
DBAASPS_7931,0.9906228184700012
DBAASPS_7932,0.9909090399742126
DBAASPS_7933,0.9910075664520264
DBAASPS_7934,0.9910022616386414
DBAASPS_7935,0.9909824132919312
DBAASPS_7936,0.04291844367980957
DBAASPS_7937,0.13686318695545197
DBAASPS_7939,0.9897628426551819
DBAASPS_7940,0.9880494475364685
DBAASPS_7941,0.9878565073013306
DBAASPS_7942,0.9874876737594604
DBAASPS_7943,0.9884167909622192
DBAASPS_7945,0.9904525279998779
DBAASPS_7947,0.988990068435669
DBAASPS_7949,0.9904508590698242
DBAASPS_7950,0.9898765087127686
DBAASPS_7951,0.9898161292076111
DBAASPS_7952,0.9871413111686707
DBAASPS_7955,0.9903928637504578
DBAASPS_7958,0.9901080131530762
DBAASPS_7959,0.9890878200531006
DBAASPS_7960,0.9890034794807434
DBAASPS_7963,0.9878968000411987
DBAASPS_7964,0.9889542460441589
DBAASPS_7965,0.7112454175949097
DBAASPR_7995,0.16431240737438202
DBAASPS_7996,0.02613176219165325
DBAASPR_7999,0.09099040180444717
DBAASPN_8005,0.03333212807774544
DBAASPN_8008,0.1260746568441391
DBAASPN_8010,0.1663062423467636
DBAASPN_8012,0.14651043713092804
DBAASPN_8013,0.03111671283841133
DBAASPN_8014,0.042877256870269775
DBAASPN_8015,0.022985652089118958
DBAASPS_8016,0.520199179649353
DBAASPN_8023,0.03423839807510376
DBAASPR_8029,0.988760769367218
DBAASPR_8030,0.982566773891449
DBAASPR_8031,0.982671856880188
DBAASPR_8032,0.03622719645500183
DBAASPR_8033,0.9901554584503174
DBAASPR_8034,0.9899207353591919
DBAASPR_8038,0.9681369662284851
DBAASPR_8042,0.9335712790489197
DBAASPR_8046,0.8524512052536011
DBAASPS_8051,0.07824849337339401
DBAASPS_8054,0.10136277973651886
DBAASPS_8056,0.23441675305366516
DBAASPR_8062,0.22619351744651794
DBAASPR_8063,0.9786871671676636
DBAASPS_8067,0.3914617598056793
DBAASPS_8068,0.8997170925140381
DBAASPS_8069,0.8244995474815369
DBAASPS_8071,0.7638381123542786
DBAASPR_8072,0.9777605533599854
DBAASPS_8082,0.08004671335220337
DBAASPS_8084,0.8029875755310059
DBAASPS_8089,0.9335048794746399
DBAASPS_8090,0.9395935535430908
DBAASPS_8091,0.9549419283866882
DBAASPS_8096,0.955558717250824
DBAASPS_8097,0.9311237931251526
DBAASPS_8098,0.8080191612243652
DBAASPS_8099,0.9850096702575684
DBAASPS_8100,0.8612321019172668
DBAASPS_8101,0.969826340675354
DBAASPS_8102,0.9801024198532104
DBAASPS_8103,0.9634444117546082
DBAASPS_8112,0.012156104668974876
DBAASPS_8113,0.013292135670781136
DBAASPS_8114,0.9767714738845825
DBAASPS_8118,0.9835656881332397
DBAASPS_8120,0.979296863079071
DBAASPS_8121,0.976885974407196
DBAASPS_8122,0.8560346961021423
DBAASPS_8126,0.9772095084190369
DBAASPS_8127,0.9547553062438965
DBAASPR_8129,0.9736437201499939
DBAASPS_8131,0.9331826567649841
DBAASPS_8132,0.7096835970878601
DBAASPS_8133,0.4653512239456177
DBAASPS_8134,0.7605164647102356
DBAASPS_8139,0.9891372323036194
DBAASPS_8140,0.9887308478355408
DBAASPS_8141,0.9898508191108704
DBAASPS_8142,0.9877846240997314
DBAASPS_8143,0.9868214726448059
DBAASPS_8144,0.9818925857543945
DBAASPS_8145,0.9828736186027527
DBAASPS_8146,0.9806772470474243
DBAASPS_8147,0.9831563234329224
DBAASPS_8148,0.9871706962585449
DBAASPS_8149,0.9885362386703491
DBAASPR_8155,0.4131695628166199
DBAASPR_8156,0.20156864821910858
DBAASPS_8160,0.9901224374771118
DBAASPS_8164,0.29765284061431885
DBAASPS_8165,0.6282808184623718
DBAASPS_8167,0.507279098033905
DBAASPS_8168,0.723207950592041
DBAASPS_8169,0.04231482371687889
DBAASPS_8172,0.027646994218230247
DBAASPR_8183,0.9780442714691162
DBAASPR_8184,0.9896329641342163
DBAASPR_8185,0.9892679452896118
DBAASPR_8186,0.9893924593925476
DBAASPR_8187,0.9883114695549011
DBAASPR_8188,0.9891216158866882
DBAASPR_8189,0.987913966178894
DBAASPR_8190,0.05284610390663147
DBAASPR_8194,0.827238142490387
DBAASPR_8196,0.3272395431995392
DBAASPR_8198,0.5423327088356018
DBAASPR_8201,0.666480302810669
DBAASPS_8202,0.07183050364255905
DBAASPR_8205,0.9598715305328369
DBAASPS_8213,0.9816619157791138
DBAASPS_8214,0.9889477491378784
DBAASPS_8215,0.9893889427185059
DBAASPS_8216,0.9894531965255737
DBAASPS_8217,0.9907032251358032
DBAASPS_8218,0.9834189414978027
DBAASPS_8219,0.9895119667053223
DBAASPS_8220,0.9691032767295837
DBAASPS_8225,0.01658186875283718
DBAASPS_8226,0.011849959380924702
DBAASPS_8242,0.9843501448631287
DBAASPS_8248,0.9863166213035583
DBAASPS_8252,0.9842053055763245
DBAASPS_8253,0.9847140312194824
DBAASPS_8259,0.9878150820732117
DBAASPS_8267,0.10043267905712128
DBAASPS_8269,0.9874395728111267
DBAASPS_8273,0.9904007315635681
DBAASPR_8275,0.08835940808057785
DBAASPS_8279,0.09026440978050232
DBAASPS_8280,0.0349278561770916
DBAASPS_8281,0.03812796249985695
DBAASPS_8283,0.985691487789154
DBAASPR_8289,0.9714311361312866
DBAASPR_8296,0.9425536394119263
DBAASPR_8297,0.9822116494178772
DBAASPS_8299,0.9726474285125732
DBAASPS_8303,0.9037184119224548
DBAASPS_8305,0.25921279191970825
DBAASPS_8331,0.9307812452316284
DBAASPR_8341,0.7184464335441589
DBAASPR_8342,0.7411705255508423
DBAASPS_8343,0.6218528747558594
DBAASPS_8344,0.9779431819915771
DBAASPS_8350,0.036877427250146866
DBAASPR_8351,0.03265082836151123
DBAASPS_8352,0.9784911870956421
DBAASPS_8357,0.14847101271152496
DBAASPS_8358,0.6371861696243286
DBAASPS_8359,0.34663230180740356
DBAASPS_8360,0.14616398513317108
DBAASPS_8361,0.13285362720489502
DBAASPS_8362,0.28698575496673584
DBAASPS_8363,0.23886696994304657
DBAASPS_8364,0.09260447323322296
DBAASPS_8365,0.06378767639398575
DBAASPS_8366,0.12126968801021576
DBAASPS_8367,0.06199755147099495
DBAASPS_8368,0.08030686527490616
DBAASPS_8369,0.055236686021089554
DBAASPR_8373,0.990271806716919
DBAASPR_8374,0.9899445176124573
DBAASPS_8377,0.35514676570892334
DBAASPS_8378,0.026129456236958504
DBAASPS_8379,0.19801534712314606
DBAASPS_8380,0.36907830834388733
DBAASPS_8381,0.5384925603866577
DBAASPS_8382,0.018875842913985252
DBAASPS_8387,0.9902459979057312
DBAASPR_8416,0.47853678464889526
DBAASPS_8418,0.6074017286300659
DBAASPS_8419,0.9686434864997864
DBAASPS_8420,0.38684162497520447
DBAASPS_8422,0.9886173605918884
DBAASPS_8423,0.9831201434135437
DBAASPS_8424,0.9878597855567932
DBAASPR_8427,0.9884547591209412
DBAASPR_8428,0.35833391547203064
DBAASPR_8432,0.9250272512435913
DBAASPS_8437,0.9714014530181885
DBAASPS_8438,0.9764790534973145
DBAASPS_8439,0.9828566908836365
DBAASPR_8441,0.653281033039093
DBAASPS_8442,0.13484813272953033
DBAASPS_8443,0.17336322367191315
DBAASPS_8444,0.30435681343078613
DBAASPS_8450,0.3484634459018707
DBAASPS_8472,0.20781216025352478
DBAASPS_8502,0.5858309268951416
DBAASPS_8503,0.6355808973312378
DBAASPS_8504,0.08702336996793747
DBAASPS_8507,0.990336000919342
DBAASPS_8508,0.9895985722541809
DBAASPS_8510,0.9893795847892761
DBAASPS_8512,0.8923148512840271
DBAASPS_8513,0.9483973979949951
DBAASPS_8515,0.9904153943061829
DBAASPS_8518,0.5829784870147705
DBAASPS_8529,0.7021844983100891
DBAASPS_8530,0.2830747663974762
DBAASPS_8532,0.7853373885154724
DBAASPS_8533,0.3508802652359009
DBAASPS_8538,0.5835634469985962
DBAASPS_8539,0.1436767429113388
DBAASPS_8551,0.9694309830665588
DBAASPS_8552,0.9694309830665588
DBAASPS_8555,0.9579916596412659
DBAASPS_8556,0.9579916596412659
DBAASPS_8558,0.9734430909156799
DBAASPS_8559,0.9734430909156799
DBAASPS_8561,0.9704994559288025
DBAASPS_8562,0.9704994559288025
DBAASPS_8564,0.9657555818557739
DBAASPS_8565,0.9657555818557739
DBAASPS_8567,0.977178156375885
DBAASPS_8568,0.977178156375885
DBAASPS_8570,0.19632446765899658
DBAASPS_8571,0.15004868805408478
DBAASPS_8572,0.14438289403915405
DBAASPS_8573,0.22967536747455597
DBAASPS_8574,0.08786794543266296
DBAASPS_8575,0.13670054078102112
DBAASPS_8577,0.09203698486089706
DBAASPS_8578,0.20831140875816345
DBAASPS_8580,0.2029068022966385
DBAASPS_8581,0.05577344074845314
DBAASPS_8582,0.03814683109521866
DBAASPS_8585,0.98843914270401
DBAASPS_8586,0.9904996752738953
DBAASPS_8587,0.9898355603218079
DBAASPS_8588,0.9883026480674744
DBAASPS_8590,0.987496018409729
DBAASPS_8591,0.926350474357605
DBAASPS_8592,0.9903877377510071
DBAASPS_8593,0.9904164671897888
DBAASPS_8594,0.9904280304908752
DBAASPS_8595,0.9908996820449829
DBAASPS_8596,0.9774952530860901
DBAASPS_8597,0.9745311141014099
DBAASPS_8598,0.9800004959106445
DBAASPS_8600,0.9866192936897278
DBAASPS_8603,0.9783045053482056
DBAASPR_8608,0.9791385531425476
DBAASPR_8612,0.1057092696428299
DBAASPR_8613,0.9156962633132935
DBAASPR_8614,0.990315318107605
DBAASPR_8615,0.9854010343551636
DBAASPR_8616,0.9851043820381165
DBAASPR_8617,0.9887075424194336
DBAASPR_8618,0.9826711416244507
DBAASPR_8619,0.9123018980026245
DBAASPS_8620,0.9826695322990417
DBAASPS_8621,0.9210904836654663
DBAASPS_8624,0.9854199290275574
DBAASPS_8625,0.9763908982276917
DBAASPS_8626,0.9759972095489502
DBAASPS_8628,0.9827300310134888
DBAASPS_8635,0.2758687138557434
DBAASPS_8636,0.979680597782135
DBAASPS_8637,0.7643875479698181
DBAASPS_8638,0.45438602566719055
DBAASPS_8639,0.8720342516899109
DBAASPS_8640,0.8528529405593872
DBAASPS_8641,0.9878861904144287
DBAASPS_8642,0.16480399668216705
DBAASPS_8643,0.23658010363578796
DBAASPS_8644,0.088535375893116
DBAASPS_8646,0.9908950328826904
DBAASPS_8647,0.9799679517745972
DBAASPS_8656,0.9676822423934937
DBAASPS_8674,0.7764855027198792
DBAASPS_8683,0.6865151524543762
DBAASPS_8710,0.9880210161209106
DBAASPS_8711,0.9889827966690063
DBAASPS_8712,0.9889803528785706
DBAASPS_8713,0.9882593154907227
DBAASPS_8716,0.19698211550712585
DBAASPS_8719,0.9809731245040894
DBAASPS_8720,0.9754223227500916
DBAASPS_8721,0.7871469855308533
DBAASPS_8722,0.9898415803909302
DBAASPS_8723,0.9882921576499939
DBAASPS_8724,0.04476747289299965
DBAASPS_8725,0.050391461700201035
DBAASPS_8726,0.040035393089056015
DBAASPS_8727,0.0435851588845253
DBAASPS_8728,0.06550870835781097
DBAASPS_8729,0.04192391782999039
DBAASPS_8731,0.9879474639892578
DBAASPS_8738,0.04660782590508461
DBAASPS_8739,0.054126571863889694
DBAASPS_8740,0.07920420914888382
DBAASPS_8741,0.07802201062440872
DBAASPS_8742,0.1088346466422081
DBAASPS_8743,0.057281021028757095
DBAASPS_8744,0.06435051560401917
DBAASPS_8746,0.564178466796875
DBAASPS_8747,0.9743553996086121
DBAASPS_8748,0.7673642039299011
DBAASPS_8749,0.9047711491584778
DBAASPS_8750,0.955112874507904
DBAASPS_8753,0.0835418626666069
DBAASPS_8754,0.2854127287864685
DBAASPS_8755,0.17275483906269073
DBAASPS_8756,0.1556568592786789
DBAASPS_8757,0.1891532987356186
DBAASPS_8758,0.22771643102169037
DBAASPS_8759,0.17682678997516632
DBAASPS_8760,0.3051314353942871
DBAASPS_8762,0.14271457493305206
DBAASPR_8764,0.12827369570732117
DBAASPR_8765,0.2088748961687088
DBAASPS_8768,0.9194436073303223
DBAASPS_8769,0.9725634455680847
DBAASPS_8770,0.9787595868110657
DBAASPS_8771,0.9899757504463196
DBAASPS_8772,0.9902227520942688
DBAASPS_8773,0.9908310770988464
DBAASPS_8774,0.9902971982955933
DBAASPS_8775,0.9896144866943359
DBAASPS_8776,0.9891617298126221
DBAASPS_8777,0.9892932176589966
DBAASPS_8779,0.3755931556224823
DBAASPS_8780,0.019214510917663574
DBAASPS_8781,0.037100765854120255
DBAASPS_8782,0.02018551528453827
DBAASPS_8783,0.16057448089122772
DBAASPS_8784,0.026991501450538635
DBAASPS_8785,0.1400882452726364
DBAASPS_8786,0.062423333525657654
DBAASPS_8788,0.8809739351272583
DBAASPS_8793,0.9766319394111633
DBAASPS_8794,0.46799278259277344
DBAASPS_8813,0.9809122085571289
DBAASPS_8814,0.9870108962059021
DBAASPS_8818,0.5010807514190674
DBAASPS_8819,0.8423802852630615
DBAASPS_8820,0.9242863059043884
DBAASPS_8821,0.9525353312492371
DBAASPS_8822,0.9894388914108276
DBAASPS_8823,0.9725696444511414
DBAASPS_8824,0.6271260976791382
DBAASPS_8825,0.9631496667861938
DBAASPS_8826,0.9867441654205322
DBAASPS_8827,0.9878937005996704
DBAASPS_8828,0.9895193576812744
DBAASPS_8829,0.990141749382019
DBAASPS_8830,0.9905298948287964
DBAASPS_8831,0.9905321598052979
DBAASPS_8832,0.9900034666061401
DBAASPS_8833,0.9900314211845398
DBAASPS_8834,0.16527879238128662
DBAASPS_8835,0.4619085192680359
DBAASPS_8837,0.039422836154699326
DBAASPS_8838,0.1898266226053238
DBAASPS_8839,0.39668241143226624
DBAASPS_8840,0.990425705909729
DBAASPS_8841,0.9902026653289795
DBAASPS_8842,0.9886822700500488
DBAASPS_8843,0.9897139072418213
DBAASPS_8847,0.9879385828971863
DBAASPS_8848,0.121970534324646
DBAASPS_8854,0.9904811382293701
DBAASPS_8855,0.9904909729957581
DBAASPS_8856,0.3043859302997589
DBAASPS_8861,0.9794990420341492
DBAASPS_8863,0.976014256477356
DBAASPR_8875,0.9811720848083496
DBAASPR_8876,0.04337706416845322
DBAASPS_8878,0.9585785865783691
DBAASPR_8879,0.9802074432373047
DBAASPS_8880,0.9082770347595215
DBAASPS_8884,0.9761708378791809
DBAASPS_8885,0.9826058149337769
DBAASPS_8886,0.9886778593063354
DBAASPS_8887,0.9897973537445068
DBAASPS_8888,0.9876993298530579
DBAASPS_8890,0.4768044352531433
DBAASPS_8891,0.37678974866867065
DBAASPR_8892,0.15019641816616058
DBAASPS_8907,0.9894396662712097
DBAASPS_8923,0.8829861879348755
DBAASPS_8925,0.9583477973937988
DBAASPS_8937,0.4072699248790741
DBAASPS_8938,0.28252333402633667
DBAASPS_8939,0.6881725192070007
DBAASPS_8940,0.8617788553237915
DBAASPS_8941,0.4007694125175476
DBAASPS_8942,0.7948168516159058
DBAASPR_8943,0.9897087216377258
DBAASPS_8944,0.9901254773139954
DBAASPS_8945,0.9898396730422974
DBAASPS_8946,0.9904563426971436
DBAASPS_8947,0.990007221698761
DBAASPS_8949,0.9840522408485413
DBAASPS_8950,0.9802309274673462
DBAASPS_8951,0.7668235898017883
DBAASPS_8952,0.38479912281036377
DBAASPS_8954,0.9831891655921936
DBAASPS_8955,0.9637681841850281
DBAASPS_8975,0.986326277256012
DBAASPS_8992,0.4000793695449829
DBAASPS_8993,0.6180922985076904
DBAASPS_8994,0.8917917609214783
DBAASPS_8995,0.9907053112983704
DBAASPS_8996,0.9905054569244385
DBAASPS_8997,0.9904815554618835
DBAASPS_8998,0.977428674697876
DBAASPR_9002,0.6859915256500244
DBAASPS_9012,0.987571120262146
DBAASPS_9013,0.9898227453231812
DBAASPS_9014,0.9904406666755676
DBAASPS_9017,0.278340220451355
DBAASPS_9018,0.9479701519012451
DBAASPS_9019,0.8972456455230713
DBAASPS_9020,0.94382244348526
DBAASPS_9021,0.3055799901485443
DBAASPS_9022,0.10321749746799469
DBAASPS_9023,0.8578252196311951
DBAASPS_9024,0.5238379836082458
DBAASPS_9025,0.683639645576477
DBAASPS_9026,0.537890613079071
DBAASPS_9027,0.754381000995636
DBAASPS_9029,0.24615493416786194
DBAASPS_9030,0.5639552474021912
DBAASPS_9031,0.18620000779628754
DBAASPS_9032,0.23072828352451324
DBAASPS_9033,0.2890724837779999
DBAASPS_9034,0.32359275221824646
DBAASPS_9035,0.22650547325611115
DBAASPS_9036,0.3518458902835846
DBAASPS_9037,0.42069685459136963
DBAASPS_9040,0.6109879612922668
DBAASPS_9041,0.24546542763710022
DBAASPS_9045,0.07765134423971176
DBAASPS_9048,0.085442915558815
DBAASPS_9049,0.085981585085392
DBAASPS_9062,0.9885865449905396
DBAASPS_9066,0.9720714688301086
DBAASPS_9067,0.9869794845581055
DBAASPS_9068,0.9836975932121277
DBAASPS_9069,0.9857397675514221
DBAASPS_9071,0.9692277908325195
DBAASPS_9084,0.873785674571991
DBAASPS_9085,0.9861141443252563
DBAASPS_9090,0.9568749070167542
DBAASPS_9092,0.8346990346908569
DBAASPS_9109,0.9596837162971497
DBAASPS_9110,0.9589700698852539
DBAASPS_9111,0.9857957363128662
DBAASPS_9112,0.9687742590904236
DBAASPS_9113,0.9822121858596802
DBAASPS_9124,0.06632648408412933
DBAASPR_9125,0.365273654460907
DBAASPS_9126,0.33869293332099915
DBAASPS_9127,0.8564087152481079
DBAASPS_9128,0.08196767419576645
DBAASPS_9129,0.9747386574745178
DBAASPR_9130,0.2712971866130829
DBAASPS_9131,0.985973060131073
DBAASPS_9132,0.6718259453773499
DBAASPS_9133,0.4802582263946533
DBAASPS_9134,0.04978902265429497
DBAASPS_9147,0.9891003370285034
DBAASPS_9148,0.9814060926437378
DBAASPS_9149,0.45086583495140076
DBAASPS_9150,0.9138685464859009
DBAASPS_9151,0.6151759624481201
DBAASPS_9152,0.1702355444431305
DBAASPS_9160,0.9781577587127686
DBAASPS_9175,0.360734224319458
DBAASPS_9176,0.9450700283050537
DBAASPS_9185,0.9879570603370667
DBAASPS_9187,0.39506322145462036
DBAASPS_9191,0.9163253903388977
DBAASPS_9198,0.8838290572166443
DBAASPS_9203,0.9871562719345093
DBAASPS_9204,0.9859591722488403
DBAASPS_9205,0.9852943420410156
DBAASPS_9211,0.23628221452236176
DBAASPS_9215,0.6514366865158081
DBAASPS_9216,0.9676529169082642
DBAASPS_9217,0.1320764273405075
DBAASPS_9218,0.9561174511909485
DBAASPS_9219,0.07672342658042908
DBAASPS_9220,0.9725655317306519
DBAASPS_9221,0.5371080040931702
DBAASPS_9222,0.04963577538728714
DBAASPS_9223,0.8729580044746399
DBAASPS_9224,0.7706303596496582
DBAASPS_9227,0.9783304929733276
DBAASPS_9228,0.9494349956512451
DBAASPS_9245,0.973442018032074
DBAASPS_9247,0.972352147102356
DBAASPS_9249,0.9800898432731628
DBAASPS_9251,0.9883248805999756
DBAASPS_9252,0.9833633899688721
DBAASPS_9289,0.13980315625667572
DBAASPS_9319,0.9768229722976685
DBAASPS_9325,0.30100172758102417
DBAASPS_9326,0.9735028743743896
DBAASPS_9327,0.9460451006889343
DBAASPS_9328,0.5056371092796326
DBAASPS_9329,0.8381630182266235
DBAASPS_9333,0.9879252314567566
DBAASPS_9334,0.9896590709686279
DBAASPS_9335,0.9901967644691467
DBAASPS_9339,0.9047451615333557
DBAASPS_9340,0.9904001355171204
DBAASPS_9341,0.9888013005256653
DBAASPS_9342,0.9900346398353577
DBAASPS_9344,0.24550826847553253
DBAASPS_9345,0.8212200403213501
DBAASPS_9346,0.8743104338645935
DBAASPS_9347,0.927091658115387
DBAASPS_9348,0.9011927247047424
DBAASPS_9349,0.39750373363494873
DBAASPS_9350,0.45603808760643005
DBAASPS_9351,0.9361316561698914
DBAASPS_9352,0.5869080424308777
DBAASPS_9353,0.5055050849914551
DBAASPS_9354,0.890877902507782
DBAASPS_9355,0.31413453817367554
DBAASPS_9356,0.4188360571861267
DBAASPS_9357,0.3628389239311218
DBAASPS_9358,0.29509761929512024
DBAASPS_9359,0.2588730752468109
DBAASPS_9360,0.7627212405204773
DBAASPS_9361,0.13519887626171112
DBAASPS_9366,0.9831670522689819
DBAASPS_9369,0.8488005995750427
DBAASPS_9379,0.9901462197303772
DBAASPS_9380,0.9904273748397827
DBAASPS_9381,0.9901680946350098
DBAASPS_9389,0.2481711059808731
DBAASPS_9391,0.5469169020652771
DBAASPS_9392,0.7592286467552185
DBAASPS_9394,0.46037188172340393
DBAASPS_9396,0.2966073453426361
DBAASPS_9398,0.9791846871376038
DBAASPS_9399,0.8908261060714722
DBAASPS_9400,0.8978297114372253
DBAASPS_9401,0.5444524884223938
DBAASPS_9402,0.07813425362110138
DBAASPS_9404,0.02236109972000122
DBAASPS_9405,0.9884737133979797
DBAASPS_9407,0.9841233491897583
DBAASPR_9419,0.5503365993499756
DBAASPR_9423,0.7047777771949768
DBAASPR_9424,0.9116246104240417
DBAASPR_9428,0.5894214510917664
DBAASPR_9429,0.5399871468544006
DBAASPS_9436,0.8115779161453247
DBAASPS_9437,0.8906176686286926
DBAASPS_9438,0.9583266377449036
DBAASPS_9439,0.7295993566513062
DBAASPS_9440,0.978640615940094
DBAASPS_9441,0.9163656234741211
DBAASPS_9446,0.22541455924510956
DBAASPS_9452,0.8803521990776062
DBAASPN_9454,0.0396186038851738
DBAASPS_9455,0.037169624119997025
DBAASPS_9456,0.0735493004322052
DBAASPS_9457,0.04959201440215111
DBAASPS_9458,0.02629982680082321
DBAASPS_9459,0.03650600463151932
DBAASPS_9462,0.027476735413074493
DBAASPN_9463,0.01702945865690708
DBAASPN_9464,0.021244242787361145
DBAASPN_9465,0.017018400132656097
DBAASPS_9470,0.29658156633377075
DBAASPS_9477,0.983866810798645
DBAASPS_9478,0.979066789150238
DBAASPS_9479,0.9629499912261963
DBAASPS_9480,0.9731719493865967
DBAASPS_9481,0.9428188800811768
DBAASPS_9484,0.6982898712158203
DBAASPS_9496,0.913485586643219
DBAASPS_9498,0.5357030630111694
DBAASPS_9499,0.3690187633037567
DBAASPS_9502,0.2487782984972
DBAASPS_9503,0.17467579245567322
DBAASPS_9505,0.904096245765686
DBAASPS_9511,0.9738560318946838
DBAASPS_9512,0.41317611932754517
DBAASPS_9514,0.3937515616416931
DBAASPS_9515,0.36983171105384827
DBAASPS_9531,0.985258936882019
DBAASPS_9532,0.9882347583770752
DBAASPS_9533,0.9867329597473145
DBAASPS_9538,0.9905393719673157
DBAASPS_9542,0.9888967275619507
DBAASPS_9543,0.9898638725280762
DBAASPS_9550,0.9895315766334534
DBAASPS_9551,0.9883609414100647
DBAASPS_9552,0.9891210198402405
DBAASPS_9553,0.9892368316650391
DBAASPS_9554,0.9894216656684875
DBAASPS_9555,0.9903053641319275
DBAASPS_9556,0.9882962703704834
DBAASPS_9557,0.9512487053871155
DBAASPS_9566,0.9822730422019958
DBAASPS_9567,0.9865714907646179
DBAASPS_9568,0.9878743886947632
DBAASPS_9569,0.9893316626548767
DBAASPS_9582,0.7515224814414978
DBAASPS_9583,0.9839040040969849
DBAASPS_9584,0.8278535008430481
DBAASPS_9585,0.41116786003112793
DBAASPS_9586,0.10530701279640198
DBAASPS_9587,0.9819076061248779
DBAASPR_9591,0.9179198145866394
DBAASPS_9594,0.9830437898635864
DBAASPR_9599,0.6866098642349243
DBAASPS_9604,0.1275145262479782
DBAASPS_9605,0.09059663861989975
DBAASPS_9608,0.2226637750864029
DBAASPS_9609,0.09070529788732529
DBAASPS_9610,0.164542555809021
DBAASPS_9611,0.38738229870796204
DBAASPS_9612,0.9432088732719421
DBAASPS_9613,0.14983192086219788
DBAASPS_9614,0.43062350153923035
DBAASPS_9615,0.168225958943367
DBAASPS_9616,0.1804840862751007
DBAASPS_9617,0.8674758076667786
DBAASPS_9618,0.8838449120521545
DBAASPS_9623,0.691640317440033
DBAASPS_9624,0.6039311289787292
DBAASPS_9625,0.9628344774246216
DBAASPS_9626,0.9468349814414978
DBAASPS_9627,0.9647672772407532
DBAASPS_9629,0.09677377343177795
DBAASPS_9630,0.557054877281189
DBAASPS_9631,0.149470254778862
DBAASPS_9632,0.10638496279716492
DBAASPS_9633,0.16520296037197113
DBAASPS_9634,0.7046298980712891
DBAASPS_9635,0.6376506686210632
DBAASPS_9636,0.1869279146194458
DBAASPS_9637,0.17785461246967316
DBAASPS_9641,0.1869279146194458
DBAASPS_9644,0.19930626451969147
DBAASPS_9645,0.2071247696876526
DBAASPS_9646,0.13522788882255554
DBAASPS_9647,0.04685715585947037
DBAASPS_9649,0.2305961549282074
DBAASPS_9650,0.05005549266934395
DBAASPS_9651,0.10865602642297745
DBAASPS_9652,0.1253817081451416
DBAASPS_9653,0.04907495900988579
DBAASPS_9654,0.15336887538433075
DBAASPS_9658,0.14801768958568573
DBAASPS_9659,0.1791616827249527
DBAASPS_9662,0.9866006374359131
DBAASPS_9663,0.9879782199859619
DBAASPS_9664,0.9900550246238708
DBAASPS_9665,0.990242063999176
DBAASPS_9666,0.9908159971237183
DBAASPS_9667,0.9908981919288635
DBAASPS_9668,0.9909037351608276
DBAASPS_9669,0.9909583926200867
DBAASPS_9670,0.9909196496009827
DBAASPS_9671,0.9909712672233582
DBAASPS_9672,0.9909010529518127
DBAASPS_9681,0.7421435713768005
DBAASPS_9682,0.9457005858421326
DBAASPS_9683,0.9849543571472168
DBAASPS_9684,0.8628649711608887
DBAASPS_9685,0.17622925341129303
DBAASPS_9686,0.6982287168502808
DBAASPS_9687,0.95277339220047
DBAASPS_9688,0.9737085103988647
DBAASPS_9689,0.7865416407585144
DBAASPS_9690,0.5929701924324036
DBAASPS_9691,0.44894349575042725
DBAASPS_9692,0.09357071667909622
DBAASPS_9693,0.9352362751960754
DBAASPS_9694,0.8191589713096619
DBAASPS_9695,0.8001837730407715
DBAASPS_9707,0.9842867255210876
DBAASPR_9708,0.7906655669212341
DBAASPS_9709,0.958037257194519
DBAASPS_9735,0.480813205242157
DBAASPS_9738,0.9796409606933594
DBAASPS_9739,0.9861883521080017
DBAASPS_9740,0.9864382147789001
DBAASPS_9741,0.9900358319282532
DBAASPS_9742,0.9782657623291016
DBAASPR_9743,0.9005472660064697
DBAASPS_9753,0.9894381165504456
DBAASPS_9754,0.989281415939331
DBAASPS_9756,0.05070582404732704
DBAASPS_9757,0.01908312737941742
DBAASPR_9759,0.8755698204040527
DBAASPS_9765,0.0618506520986557
DBAASPS_9766,0.04269016534090042
DBAASPS_9767,0.01732378453016281
DBAASPS_9784,0.9652063250541687
DBAASPS_9786,0.9878662824630737
DBAASPS_9787,0.9585941433906555
DBAASPS_9790,0.12568111717700958
DBAASPS_9793,0.988942563533783
DBAASPS_9795,0.9888277649879456
DBAASPS_9817,0.10205737501382828
DBAASPS_9818,0.19196580350399017
DBAASPS_9819,0.21951265633106232
DBAASPS_9820,0.2683374285697937
DBAASPS_9821,0.18297362327575684
DBAASPS_9842,0.5251761078834534
DBAASPN_9849,0.3049153685569763
DBAASPN_9851,0.20651167631149292
DBAASPN_9852,0.11881963163614273
DBAASPN_9853,0.7163889408111572
DBAASPN_9854,0.15167652070522308
DBAASPN_9855,0.24583326280117035
DBAASPN_9856,0.033763643354177475
DBAASPN_9862,0.2576732635498047
DBAASPN_9863,0.929560661315918
DBAASPS_9879,0.9808874726295471
DBAASPS_9880,0.9886235594749451
DBAASPS_9881,0.9885517358779907
DBAASPS_9882,0.9888811111450195
DBAASPS_9883,0.9902358651161194
DBAASPS_9884,0.2798425257205963
DBAASPS_9885,0.2927911579608917
DBAASPS_9886,0.49805036187171936
DBAASPS_9887,0.9824832677841187
DBAASPS_9888,0.9888618588447571
DBAASPS_9889,0.9903880953788757
DBAASPS_9890,0.9754073023796082
DBAASPS_9891,0.9871581196784973
DBAASPS_9892,0.15659861266613007
DBAASPS_9893,0.49536606669425964
DBAASPS_9894,0.09617754817008972
DBAASPS_9895,0.034401874989271164
DBAASPS_9902,0.05382247269153595
DBAASPS_9903,0.035243887454271317
DBAASPS_9904,0.09415403008460999
DBAASPS_9905,0.7195560336112976
DBAASPS_9906,0.8869594931602478
DBAASPS_9907,0.9404094219207764
DBAASPS_9908,0.947717547416687
DBAASPS_9909,0.689437210559845
DBAASPS_9910,0.3969495892524719
DBAASPS_9911,0.5740923285484314
DBAASPR_9920,0.5684852600097656
DBAASPS_9922,0.8963107466697693
DBAASPS_9924,0.9702177047729492
DBAASPS_9958,0.9881924390792847
DBAASPS_9967,0.09927593171596527
DBAASPS_9968,0.9851645231246948
DBAASPS_9969,0.9864006042480469
DBAASPS_9989,0.9877464175224304
DBAASPS_9990,0.9890737533569336
DBAASPR_9991,0.9626386165618896
DBAASPS_9993,0.5221041440963745
DBAASPS_9994,0.49919891357421875
DBAASPS_9995,0.19235455989837646
DBAASPS_9996,0.33302807807922363
DBAASPS_9997,0.2034742534160614
DBAASPS_9998,0.17350266873836517
DBAASPS_9999,0.36148566007614136
DBAASPS_10000,0.9879692196846008
DBAASPR_10011,0.987853467464447
DBAASPS_10018,0.6323058605194092
DBAASPS_10021,0.9463649988174438
DBAASPS_10022,0.27394047379493713
DBAASPS_10023,0.13308408856391907
DBAASPS_10024,0.9844495058059692
DBAASPS_10027,0.9380970001220703
DBAASPS_10041,0.9895590543746948
DBAASPS_10042,0.99039226770401
DBAASPS_10043,0.5099146366119385
DBAASPS_10044,0.4977479577064514
DBAASPS_10045,0.9830962419509888
DBAASPS_10046,0.983797013759613
DBAASPS_10047,0.9905501008033752
DBAASPS_10048,0.9260042905807495
DBAASPN_10057,0.08944514393806458
DBAASPN_10059,0.1188313439488411
DBAASPS_10063,0.5010024905204773
DBAASPR_10066,0.8836367130279541
DBAASPS_10074,0.9676106572151184
DBAASPS_10076,0.9819805026054382
DBAASPS_10077,0.8903065919876099
DBAASPS_10079,0.9869069457054138
DBAASPS_10080,0.987636923789978
DBAASPS_10081,0.9903122186660767
DBAASPS_10082,0.9904280304908752
DBAASPS_10083,0.9904313683509827
DBAASPS_10089,0.9034558534622192
DBAASPS_10091,0.9711635708808899
DBAASPS_10100,0.2891729772090912
DBAASPS_10104,0.9726767539978027
DBAASPS_10106,0.8489227294921875
DBAASPS_10113,0.5312526822090149
DBAASPS_10115,0.9017074704170227
DBAASPS_10116,0.9818398356437683
DBAASPS_10117,0.9849607348442078
DBAASPS_10118,0.9894182682037354
DBAASPS_10119,0.9896548986434937
DBAASPS_10120,0.9890251755714417
DBAASPS_10121,0.9897928237915039
DBAASPS_10122,0.9901044368743896
DBAASPS_10123,0.9899165630340576
DBAASPS_10124,0.9901607632637024
DBAASPS_10125,0.9896886944770813
DBAASPS_10126,0.9898850917816162
DBAASPS_10127,0.9891971349716187
DBAASPS_10128,0.9898561835289001
DBAASPS_10129,0.970288097858429
DBAASPS_10130,0.9856135845184326
DBAASPS_10131,0.9874993562698364
DBAASPS_10132,0.9861775040626526
DBAASPS_10133,0.9899669289588928
DBAASPS_10134,0.9901502132415771
DBAASPS_10135,0.9899879097938538
DBAASPS_10136,0.9903897643089294
DBAASPS_10144,0.9897320866584778
DBAASPS_10154,0.9868089556694031
DBAASPS_10155,0.2595755159854889
DBAASPS_10157,0.300430029630661
DBAASPS_10184,0.9886277914047241
DBAASPR_10201,0.9384391903877258
DBAASPR_10202,0.6472956538200378
DBAASPR_10204,0.9574439525604248
DBAASPR_10207,0.1145443469285965
DBAASPR_10208,0.9867871999740601
DBAASPR_10209,0.8039758801460266
DBAASPR_10210,0.9117137789726257
DBAASPR_10211,0.9796380400657654
DBAASPR_10216,0.9836738109588623
DBAASPR_10218,0.12906575202941895
DBAASPR_10220,0.01897483691573143
DBAASPR_10221,0.10078193247318268
DBAASPR_10225,0.08916923403739929
DBAASPR_10226,0.9878311157226562
DBAASPR_10227,0.8935276865959167
DBAASPR_10228,0.9802359938621521
DBAASPS_10230,0.9738665223121643
DBAASPS_10231,0.9790366888046265
DBAASPR_10232,0.7945685982704163
DBAASPS_10233,0.9810125827789307
DBAASPR_10236,0.8162244558334351
DBAASPS_10237,0.9041656255722046
DBAASPS_10239,0.9785484671592712
DBAASPS_10240,0.9799218773841858
DBAASPS_10241,0.977884829044342
DBAASPS_10242,0.9749406576156616
DBAASPS_10243,0.9678802490234375
DBAASPR_10244,0.9662832021713257
DBAASPR_10245,0.9598829746246338
DBAASPR_10246,0.9623208045959473
DBAASPR_10247,0.9332309365272522
DBAASPS_10254,0.036084629595279694
DBAASPS_10260,0.9632374048233032
DBAASPS_10264,0.977769672870636
DBAASPS_10265,0.9669640064239502
DBAASPS_10266,0.9433435201644897
DBAASPS_10267,0.8629012107849121
DBAASPS_10268,0.9198091626167297
DBAASPS_10269,0.9780920147895813
DBAASPS_10270,0.9835914373397827
DBAASPS_10271,0.9861384630203247
DBAASPS_10272,0.9879946708679199
DBAASPS_10273,0.989328145980835
DBAASPS_10274,0.9898725748062134
DBAASPS_10275,0.9902462363243103
DBAASPS_10276,0.9438864588737488
DBAASPS_10277,0.9692482948303223
DBAASPS_10278,0.959892749786377
DBAASPS_10279,0.9665365219116211
DBAASPS_10280,0.9867489337921143
DBAASPS_10281,0.9732236266136169
DBAASPS_10282,0.9797019362449646
DBAASPS_10283,0.9192807674407959
DBAASPR_10290,0.9909735321998596
DBAASPS_10294,0.9831554293632507
DBAASPS_10295,0.9860252737998962
DBAASPS_10296,0.9870439767837524
DBAASPS_10297,0.928642213344574
DBAASPS_10298,0.9744577407836914
DBAASPS_10299,0.9832581281661987
DBAASPS_10300,0.9795109033584595
DBAASPS_10302,0.9173657894134521
DBAASPS_10316,0.9883150458335876
DBAASPS_10317,0.9688510894775391
DBAASPS_10325,0.9283680319786072
DBAASPS_10328,0.9889172315597534
DBAASPS_10331,0.0874161571264267
DBAASPS_10337,0.9884278774261475
DBAASPS_10340,0.9905475974082947
DBAASPS_10342,0.9855692386627197
DBAASPS_10343,0.9750150442123413
DBAASPS_10347,0.8915005922317505
DBAASPS_10348,0.13691861927509308
DBAASPS_10352,0.3876273036003113
DBAASPS_10353,0.9294803738594055
DBAASPS_10355,0.3392844498157501
DBAASPR_10357,0.980227530002594
DBAASPS_10359,0.9791718125343323
DBAASPS_10385,0.9009856581687927
DBAASPS_10387,0.95204097032547
DBAASPS_10388,0.968707263469696
DBAASPS_10389,0.962133526802063
DBAASPS_10390,0.9168086647987366
DBAASPS_10391,0.9799438118934631
DBAASPS_10392,0.6611396074295044
DBAASPS_10393,0.41453656554222107
DBAASPS_10394,0.8374883532524109
DBAASPS_10395,0.5201253890991211
DBAASPS_10397,0.26800402998924255
DBAASPN_10400,0.09483184665441513
DBAASPN_10401,0.04966539889574051
DBAASPS_10402,0.989059329032898
DBAASPS_10406,0.052316874265670776
DBAASPS_10407,0.11270996928215027
DBAASPS_10408,0.07040923088788986
DBAASPS_10409,0.033795833587646484
DBAASPS_10410,0.03267836943268776
DBAASPS_10411,0.03406109660863876
DBAASPS_10412,0.029540833085775375
DBAASPS_10413,0.05781462416052818
DBAASPS_10414,0.048382002860307693
DBAASPS_10415,0.05221409723162651
DBAASPS_10416,0.11487844586372375
DBAASPS_10417,0.06436677277088165
DBAASPS_10418,0.08750434964895248
DBAASPS_10420,0.02847500704228878
DBAASPS_10421,0.04316383972764015
DBAASPS_10422,0.05357224494218826
DBAASPS_10423,0.0341048464179039
DBAASPS_10424,0.03338196873664856
DBAASPS_10425,0.9715535640716553
DBAASPS_10426,0.9864197373390198
DBAASPS_10427,0.9859004616737366
DBAASPS_10428,0.9759906530380249
DBAASPS_10429,0.9875267148017883
DBAASPS_10430,0.9886144399642944
DBAASPS_10431,0.04793237894773483
DBAASPS_10433,0.06111221760511398
DBAASPS_10434,0.029102040454745293
DBAASPS_10435,0.05865166708827019
DBAASPS_10438,0.9505817294120789
DBAASPS_10451,0.9899579882621765
DBAASPS_10452,0.9891884326934814
DBAASPS_10453,0.9879015684127808
DBAASPS_10454,0.9872975945472717
DBAASPS_10456,0.04998663067817688
DBAASPS_10457,0.9880890250205994
DBAASPS_10458,0.8849959373474121
DBAASPS_10459,0.7587358951568604
DBAASPS_10460,0.9503660202026367
DBAASPS_10461,0.972439169883728
DBAASPS_10462,0.8897221684455872
DBAASPS_10466,0.9143532514572144
DBAASPS_10468,0.8547311425209045
DBAASPS_10469,0.9183638691902161
DBAASPS_10470,0.3495464622974396
DBAASPS_10471,0.9731104373931885
DBAASPS_10472,0.942287802696228
DBAASPS_10473,0.934647262096405
DBAASPS_10474,0.5887475609779358
DBAASPS_10475,0.914578378200531
DBAASPS_10476,0.9522333145141602
DBAASPS_10477,0.9271665811538696
DBAASPS_10478,0.9297611117362976
DBAASPS_10479,0.9389068484306335
DBAASPS_10480,0.9438669681549072
DBAASPS_10481,0.9892168641090393
DBAASPS_10482,0.9868955612182617
DBAASPS_10483,0.9892754554748535
DBAASPS_10485,0.9449304342269897
DBAASPS_10486,0.9460886716842651
DBAASPS_10487,0.9694984555244446
DBAASPS_10488,0.8888587951660156
DBAASPS_10490,0.9855493307113647
DBAASPS_10491,0.924971342086792
DBAASPS_10493,0.12296804040670395
DBAASPS_10494,0.08473212271928787
DBAASPS_10495,0.10663945227861404
DBAASPS_10498,0.08672379702329636
DBAASPS_10499,0.05768713355064392
DBAASPS_10500,0.0698692798614502
DBAASPS_10501,0.04440346360206604
DBAASPS_10502,0.072287917137146
DBAASPS_10503,0.05779413506388664
DBAASPS_10504,0.1026298850774765
DBAASPS_10505,0.09615252912044525
DBAASPS_10506,0.055767640471458435
DBAASPS_10507,0.0626305416226387
DBAASPS_10508,0.05189839005470276
DBAASPS_10511,0.9906119108200073
DBAASPS_10512,0.9905244708061218
DBAASPS_10513,0.9898333549499512
DBAASPS_10514,0.990272045135498
DBAASPS_10515,0.9907935857772827
DBAASPS_10516,0.9907631278038025
DBAASPS_10517,0.9905830025672913
DBAASPS_10518,0.9907181859016418
DBAASPR_10520,0.9903905391693115
DBAASPS_10524,0.8529506325721741
DBAASPR_10525,0.39204999804496765
DBAASPS_10526,0.863315761089325
DBAASPS_10527,0.9797481894493103
DBAASPS_10546,0.31421393156051636
DBAASPS_10547,0.7850524187088013
DBAASPS_10548,0.9758337736129761
DBAASPS_10550,0.7807714343070984
DBAASPS_10551,0.6873106956481934
DBAASPS_10552,0.8499473929405212
DBAASPS_10553,0.9193502068519592
DBAASPS_10554,0.8937166333198547
DBAASPS_10555,0.9803310036659241
DBAASPS_10556,0.9779438376426697
DBAASPS_10557,0.35176125168800354
DBAASPS_10570,0.9839364886283875
DBAASPS_10571,0.9816837310791016
DBAASPS_10572,0.9874072670936584
DBAASPS_10573,0.9878190159797668
DBAASPS_10574,0.9841094613075256
DBAASPS_10575,0.9884005188941956
DBAASPS_10576,0.9861406087875366
DBAASPS_10577,0.9661335945129395
DBAASPS_10578,0.9614894390106201
DBAASPS_10579,0.9868442416191101
DBAASPS_10580,0.98044753074646
DBAASPS_10581,0.9890854358673096
DBAASPS_10582,0.9875039458274841
DBAASPS_10583,0.9793135523796082
DBAASPS_10584,0.9890815019607544
DBAASPR_10586,0.9878792762756348
DBAASPR_10587,0.14572283625602722
DBAASPR_10588,0.686539351940155
DBAASPS_10589,0.9763116836547852
DBAASPR_10591,0.9860886335372925
DBAASPR_10592,0.9847078323364258
DBAASPS_10594,0.957427978515625
DBAASPS_10597,0.7657694816589355
DBAASPS_10598,0.9120973944664001
DBAASPR_10613,0.9882452487945557
DBAASPS_10625,0.9822113513946533
DBAASPS_10626,0.9901283979415894
DBAASPS_10627,0.9859126210212708
DBAASPS_10630,0.8195185661315918
DBAASPS_10631,0.7689314484596252
DBAASPS_10632,0.29186639189720154
DBAASPS_10633,0.3306894898414612
DBAASPS_10634,0.9560372233390808
DBAASPS_10635,0.43355339765548706
DBAASPS_10642,0.9893597364425659
DBAASPS_10643,0.37632670998573303
DBAASPS_10645,0.9908291101455688
DBAASPS_10649,0.4461002051830292
DBAASPS_10650,0.987282395362854
DBAASPS_10651,0.9816561937332153
DBAASPS_10653,0.9818881750106812
DBAASPS_10654,0.5615023374557495
DBAASPS_10655,0.31081798672676086
DBAASPS_10656,0.4169783592224121
DBAASPS_10657,0.35393884778022766
DBAASPS_10658,0.3032185733318329
DBAASPS_10659,0.7940559387207031
DBAASPS_10660,0.1782476156949997
DBAASPS_10661,0.4263897240161896
DBAASPS_10662,0.5733222961425781
DBAASPS_10663,0.3373578190803528
DBAASPS_10664,0.7627163529396057
DBAASPS_10665,0.04478202387690544
DBAASPS_10666,0.3656305968761444
DBAASPS_10667,0.34352877736091614
DBAASPS_10668,0.7743437886238098
DBAASPS_10669,0.3089790344238281
DBAASPS_10670,0.34627649188041687
DBAASPS_10683,0.9862634539604187
DBAASPS_10697,0.9835692048072815
DBAASPS_10698,0.9879615902900696
DBAASPS_10702,0.9876397848129272
DBAASPN_10703,0.14165662229061127
DBAASPS_10704,0.987926721572876
DBAASPS_10705,0.9867251515388489
DBAASPS_10712,0.9899975061416626
DBAASPS_10713,0.9896453022956848
DBAASPS_10714,0.11417821794748306
DBAASPS_10715,0.9810494780540466
DBAASPS_10716,0.32265153527259827
DBAASPS_10717,0.9847022294998169
DBAASPS_10718,0.9672326445579529
DBAASPS_10725,0.9663614630699158
DBAASPS_10726,0.3344316780567169
DBAASPS_10727,0.988486111164093
DBAASPS_10731,0.9869815707206726
DBAASPS_10732,0.9883645176887512
DBAASPS_10733,0.9653494358062744
DBAASPS_10735,0.9906899929046631
DBAASPS_10736,0.9834721684455872
DBAASPS_10741,0.9877243041992188
DBAASPS_10745,0.9901254773139954
DBAASPS_10747,0.9899914264678955
DBAASPS_10756,0.8113691806793213
DBAASPR_10757,0.018513480201363564
DBAASPS_10763,0.7615811228752136
DBAASPS_10764,0.25245988368988037
DBAASPS_10765,0.45726290345191956
DBAASPS_10766,0.36319398880004883
DBAASPS_10767,0.6474692225456238
DBAASPS_10768,0.877342939376831
DBAASPS_10769,0.7112516760826111
DBAASPS_10770,0.1348833292722702
DBAASPS_10771,0.1488642394542694
DBAASPS_10772,0.1448773741722107
DBAASPS_10773,0.15230295062065125
DBAASPS_10775,0.07305595278739929
DBAASPS_10776,0.09346765279769897
DBAASPS_10777,0.1456182897090912
DBAASPS_10778,0.13089397549629211
DBAASPS_10779,0.27156126499176025
DBAASPS_10780,0.34988147020339966
DBAASPS_10781,0.20069164037704468
DBAASPS_10782,0.6172870993614197
DBAASPS_10783,0.4776514768600464
DBAASPS_10784,0.559709906578064
DBAASPS_10788,0.09871557354927063
DBAASPR_10791,0.9839391112327576
DBAASPR_10792,0.9777445793151855
DBAASPS_10805,0.9740784764289856
DBAASPS_10807,0.7933356761932373
DBAASPS_10808,0.4005519151687622
DBAASPS_10809,0.8023989200592041
DBAASPS_10813,0.17954793572425842
DBAASPS_10814,0.183933287858963
DBAASPS_10815,0.08176064491271973
DBAASPS_10816,0.03590674325823784
DBAASPS_10817,0.05818025767803192
DBAASPS_10818,0.26828238368034363
DBAASPS_10820,0.14458413422107697
DBAASPS_10821,0.09173667430877686
DBAASPS_10822,0.880390465259552
DBAASPS_10823,0.9684239625930786
DBAASPS_10824,0.9718084931373596
DBAASPR_10827,0.535191535949707
DBAASPS_10828,0.2974378764629364
DBAASPR_10829,0.8981906175613403
DBAASPS_10830,0.22561779618263245
DBAASPS_10832,0.7460123300552368
DBAASPS_10840,0.9883559942245483
DBAASPS_10841,0.9901020526885986
DBAASPS_10843,0.9874189496040344
DBAASPS_10844,0.9898096919059753
DBAASPS_10845,0.9903497099876404
DBAASPS_10846,0.9889364838600159
DBAASPS_10847,0.9905311465263367
DBAASPS_10848,0.99077969789505
DBAASPS_10858,0.7401410937309265
DBAASPS_10859,0.8097107410430908
DBAASPS_10860,0.9712995886802673
DBAASPS_10861,0.7670938968658447
DBAASPS_10862,0.7162529826164246
DBAASPS_10863,0.6066994667053223
DBAASPS_10865,0.47585758566856384
DBAASPS_10866,0.6142283082008362
DBAASPS_10869,0.9727768898010254
DBAASPS_10870,0.9134079813957214
DBAASPS_10871,0.9866955280303955
DBAASPS_10872,0.9821485877037048
DBAASPS_10873,0.934596836566925
DBAASPS_10874,0.9781941771507263
DBAASPS_10876,0.31992828845977783
DBAASPS_10877,0.074224092066288
DBAASPS_10881,0.9114133715629578
DBAASPS_10882,0.2850884795188904
DBAASPS_10883,0.13069085776805878
DBAASPS_10884,0.9788525700569153
DBAASPS_10885,0.6652438044548035
DBAASPS_10886,0.9900675415992737
DBAASPS_10887,0.6733683943748474
DBAASPS_10888,0.9497209787368774
DBAASPS_10892,0.9901546239852905
DBAASPN_10893,0.01910291239619255
DBAASPR_10894,0.018053891137242317
DBAASPR_10895,0.019540226086974144
DBAASPS_10896,0.3516261875629425
DBAASPS_10897,0.09582732617855072
DBAASPS_10900,0.5785775184631348
DBAASPS_10901,0.21146512031555176
DBAASPS_10904,0.5350108742713928
DBAASPR_10911,0.0897207036614418
DBAASPS_10912,0.9898641109466553
DBAASPS_10913,0.0527971126139164
DBAASPS_10914,0.9084495306015015
DBAASPS_10915,0.8669842481613159
DBAASPS_10916,0.9551327228546143
DBAASPS_10917,0.16010771691799164
DBAASPS_10920,0.9248768091201782
DBAASPS_10921,0.9403143525123596
DBAASPS_10932,0.1587762087583542
DBAASPS_10933,0.9766452312469482
DBAASPS_10965,0.990790069103241
DBAASPS_10966,0.9902333617210388
DBAASPS_10978,0.6455485224723816
DBAASPS_10979,0.915507972240448
DBAASPS_10980,0.34686213731765747
DBAASPS_10981,0.26951250433921814
DBAASPS_10982,0.886894702911377
DBAASPS_10983,0.2536676526069641
DBAASPS_10984,0.8987172842025757
DBAASPS_10985,0.9665262699127197
DBAASPS_10990,0.6407745480537415
DBAASPS_10994,0.9700005650520325
DBAASPS_10995,0.983573317527771
DBAASPS_10996,0.5700478553771973
DBAASPS_10997,0.5870717763900757
DBAASPS_10998,0.88948655128479
DBAASPS_10999,0.7350940704345703
DBAASPS_11000,0.6442019939422607
DBAASPS_11001,0.8583337664604187
DBAASPS_11002,0.38553571701049805
DBAASPS_11003,0.2841636538505554
DBAASPS_11005,0.7614641785621643
DBAASPS_11006,0.7677211165428162
DBAASPS_11008,0.3444620370864868
DBAASPS_11009,0.21820732951164246
DBAASPS_11012,0.9684170484542847
DBAASPS_11013,0.9575967192649841
DBAASPS_11014,0.8554144501686096
DBAASPR_11022,0.6075100898742676
DBAASPR_11023,0.21862544119358063
DBAASPR_11024,0.09829501062631607
DBAASPS_11025,0.6573355793952942
DBAASPS_11026,0.7684004306793213
DBAASPS_11028,0.6465339064598083
DBAASPS_11031,0.8283803462982178
DBAASPS_11037,0.9891046285629272
DBAASPS_11038,0.9907407760620117
DBAASPS_11039,0.9905561208724976
DBAASPS_11040,0.8099233508110046
DBAASPS_11041,0.7331739664077759
DBAASPS_11048,0.43552809953689575
DBAASPS_11049,0.9251263737678528
DBAASPS_11050,0.4221462309360504
DBAASPS_11051,0.9387157559394836
DBAASPS_11052,0.9155924320220947
DBAASPS_11053,0.9885526299476624
DBAASPS_11054,0.985028088092804
DBAASPS_11055,0.9836716651916504
DBAASPS_11056,0.9830417037010193
DBAASPS_11057,0.9806700944900513
DBAASPS_11058,0.9882875680923462
DBAASPS_11059,0.9892656803131104
DBAASPS_11060,0.9901529550552368
DBAASPS_11061,0.9902048110961914
DBAASPS_11062,0.9901065826416016
DBAASPS_11063,0.9901393055915833
DBAASPS_11064,0.9902675151824951
DBAASPS_11065,0.9903024435043335
DBAASPS_11066,0.9899530410766602
DBAASPS_11067,0.9906730651855469
DBAASPS_11068,0.5347322821617126
DBAASPS_11071,0.06923949718475342
DBAASPS_11072,0.24469491839408875
DBAASPS_11073,0.725097119808197
DBAASPS_11100,0.9234845638275146
DBAASPS_11104,0.6313273906707764
DBAASPS_11108,0.8502744436264038
DBAASPS_11112,0.9188709259033203
DBAASPS_11117,0.9676509499549866
DBAASPS_11118,0.950627326965332
DBAASPS_11119,0.9813138246536255
DBAASPS_11120,0.6486830711364746
DBAASPS_11121,0.9580371379852295
DBAASPS_11122,0.9622090458869934
DBAASPS_11123,0.7881348133087158
DBAASPS_11124,0.9031078815460205
DBAASPS_11125,0.9774042367935181
DBAASPS_11126,0.7412613034248352
DBAASPS_11128,0.08765862137079239
DBAASPS_11129,0.11676105856895447
DBAASPS_11130,0.03321538120508194
DBAASPS_11131,0.06179630756378174
DBAASPS_11132,0.07441943138837814
DBAASPS_11133,0.1029551550745964
DBAASPS_11134,0.11154203861951828
DBAASPS_11139,0.23417878150939941
DBAASPN_11148,0.08333828300237656
DBAASPR_11167,0.9845991730690002
DBAASPR_11168,0.9782347083091736
DBAASPR_11169,0.039108213037252426
DBAASPR_11170,0.27418142557144165
DBAASPS_11176,0.9764304161071777
DBAASPS_11177,0.9881340265274048
DBAASPS_11185,0.9845712184906006
DBAASPS_11186,0.9903383255004883
DBAASPS_11187,0.9888486862182617
DBAASPN_11189,0.020443610846996307
DBAASPN_11190,0.019177205860614777
DBAASPS_11191,0.24211858212947845
DBAASPS_11192,0.3556647300720215
DBAASPS_11193,0.16212554275989532
DBAASPS_11196,0.6719062924385071
DBAASPS_11197,0.9153315424919128
DBAASPS_11202,0.020010923966765404
DBAASPS_11203,0.014371323399245739
DBAASPS_11204,0.10632791370153427
DBAASPS_11205,0.05257606506347656
DBAASPN_11206,0.09765656292438507
DBAASPN_11207,0.05531911551952362
DBAASPS_11213,0.7690274715423584
DBAASPS_11214,0.07689844816923141
DBAASPS_11215,0.5561617612838745
DBAASPR_11221,0.9871296286582947
DBAASPS_11222,0.9876766204833984
DBAASPS_11224,0.9883450269699097
DBAASPS_11228,0.9885242581367493
DBAASPS_11229,0.9881453514099121
DBAASPS_11230,0.9897749423980713
DBAASPS_11231,0.9673582911491394
DBAASPS_11232,0.990020215511322
DBAASPS_11233,0.9905304908752441
DBAASPS_11234,0.9905276298522949
DBAASPS_11235,0.9907813668251038
DBAASPS_11236,0.990790605545044
DBAASPS_11237,0.9853629469871521
DBAASPS_11238,0.988593578338623
DBAASPS_11239,0.17122705280780792
DBAASPS_11245,0.15125687420368195
DBAASPS_11249,0.9901582598686218
DBAASPS_11250,0.09375061839818954
DBAASPS_11251,0.9495357871055603
DBAASPS_11252,0.8587760329246521
DBAASPS_11253,0.9708154201507568
DBAASPS_11254,0.7458746433258057
DBAASPS_11255,0.912385106086731
DBAASPS_11256,0.9883013963699341
DBAASPS_11257,0.9846487641334534
DBAASPS_11258,0.9891350865364075
DBAASPS_11259,0.7339205145835876
DBAASPS_11260,0.9530817270278931
DBAASPS_11261,0.9101836085319519
DBAASPS_11262,0.8892536759376526
DBAASPS_11263,0.9880003333091736
DBAASPS_11264,0.14311140775680542
DBAASPS_11265,0.7547011971473694
DBAASPS_11266,0.15312981605529785
DBAASPS_11267,0.038278281688690186
DBAASPS_11268,0.05559001863002777
DBAASPS_11269,0.7342512607574463
DBAASPS_11272,0.22550781071186066
DBAASPS_11273,0.6174944639205933
DBAASPS_11274,0.2123188078403473
DBAASPS_11275,0.3031383454799652
DBAASPS_11276,0.8596317172050476
DBAASPS_11277,0.8008603453636169
DBAASPS_11278,0.9274642467498779
DBAASPS_11279,0.8381087779998779
DBAASPS_11280,0.9102693200111389
DBAASPS_11281,0.9725201725959778
DBAASPS_11282,0.9631550908088684
DBAASPS_11283,0.9056587219238281
DBAASPS_11284,0.9288884997367859
DBAASPS_11288,0.27055609226226807
DBAASPS_11289,0.17333082854747772
DBAASPS_11290,0.2801816165447235
DBAASPS_11291,0.17534303665161133
DBAASPS_11295,0.4523388743400574
DBAASPS_11296,0.28674834966659546
DBAASPS_11297,0.14343969523906708
DBAASPS_11308,0.5945504903793335
DBAASPS_11309,0.37709125876426697
DBAASPS_11310,0.21908317506313324
DBAASPS_11311,0.5483311414718628
DBAASPS_11312,0.20436805486679077
DBAASPS_11313,0.09703253954648972
DBAASPS_11314,0.2191493958234787
DBAASPS_11315,0.17353808879852295
DBAASPS_11316,0.13470523059368134
DBAASPS_11317,0.057101454585790634
DBAASPR_11318,0.06551631540060043
DBAASPS_11328,0.3008459806442261
DBAASPS_11329,0.7557170987129211
DBAASPS_11330,0.2485693395137787
DBAASPS_11331,0.9729601740837097
DBAASPS_11335,0.9803043007850647
DBAASPS_11336,0.8504337072372437
DBAASPS_11338,0.9449934363365173
DBAASPS_11339,0.8214288949966431
DBAASPS_11340,0.15304407477378845
DBAASPS_11341,0.9034971594810486
DBAASPS_11342,0.04959482327103615
DBAASPN_11344,0.0449678860604763
DBAASPS_11345,0.9883993268013
DBAASPS_11346,0.9891489148139954
DBAASPS_11347,0.9697783589363098
DBAASPS_11349,0.6377330422401428
DBAASPS_11351,0.1373516023159027
DBAASPS_11352,0.12383470684289932
DBAASPS_11361,0.027023520320653915
DBAASPS_11364,0.10835228115320206
DBAASPS_11375,0.9813119173049927
DBAASPS_11376,0.12957191467285156
DBAASPS_11377,0.9898732304573059
DBAASPS_11378,0.9611914157867432
DBAASPR_11384,0.9873353838920593
DBAASPS_11386,0.98703533411026
DBAASPS_11387,0.9872702956199646
DBAASPS_11389,0.9869721531867981
DBAASPS_11390,0.9849891066551208
DBAASPS_11391,0.9829053282737732
DBAASPS_11393,0.9604007601737976
DBAASPS_11394,0.8767709732055664
DBAASPS_11395,0.9692177176475525
DBAASPS_11396,0.9874862432479858
DBAASPS_11398,0.9834535717964172
DBAASPS_11399,0.9803441166877747
DBAASPS_11400,0.971944272518158
DBAASPR_11401,0.6080656051635742
DBAASPR_11403,0.9854410290718079
DBAASPS_11407,0.9898257255554199
DBAASPS_11408,0.9770025610923767
DBAASPS_11409,0.9387494325637817
DBAASPS_11410,0.988486111164093
DBAASPS_11411,0.9806739091873169
DBAASPS_11412,0.9834612011909485
DBAASPS_11413,0.982636570930481
DBAASPS_11414,0.99083411693573
DBAASPS_11415,0.9906923174858093
DBAASPS_11416,0.9904137253761292
DBAASPS_11417,0.9900354146957397
DBAASPS_11418,0.9906821846961975
DBAASPS_11419,0.9907599091529846
DBAASPS_11420,0.9907268285751343
DBAASPS_11421,0.9908989667892456
DBAASPS_11422,0.9905611872673035
DBAASPS_11423,0.9907973408699036
DBAASPS_11424,0.9908599853515625
DBAASPS_11425,0.9908586144447327
DBAASPS_11426,0.9907774329185486
DBAASPS_11427,0.9908944368362427
DBAASPS_11428,0.9908103942871094
DBAASPS_11429,0.9906389713287354
DBAASPS_11430,0.9907870888710022
DBAASPS_11431,0.9908638596534729
DBAASPS_11432,0.9907054901123047
DBAASPS_11433,0.9907893538475037
DBAASPS_11434,0.9908017516136169
DBAASPS_11435,0.9906381368637085
DBAASPS_11436,0.9908907413482666
DBAASPS_11437,0.9907838106155396
DBAASPS_11438,0.9907722473144531
DBAASPS_11439,0.9906660318374634
DBAASPS_11440,0.18543432652950287
DBAASPS_11441,0.34195172786712646
DBAASPS_11443,0.9835183024406433
DBAASPS_11444,0.9893266558647156
DBAASPS_11445,0.9899542331695557
DBAASPS_11446,0.9901419878005981
DBAASPS_11447,0.9862980246543884
DBAASPS_11448,0.9891837239265442
DBAASPS_11449,0.989406943321228
DBAASPS_11450,0.9890885353088379
DBAASPS_11451,0.9897443056106567
DBAASPS_11452,0.989989161491394
DBAASPS_11453,0.9880995154380798
DBAASPS_11454,0.9896337389945984
DBAASPS_11455,0.9895216822624207
DBAASPS_11456,0.9898366332054138
DBAASPS_11457,0.9890101552009583
DBAASPS_11458,0.9893621206283569
DBAASPS_11459,0.9828803539276123
DBAASPS_11460,0.989763617515564
DBAASPS_11461,0.9859673380851746
DBAASPS_11462,0.9888069033622742
DBAASPS_11463,0.9895220398902893
DBAASPS_11464,0.9895063638687134
DBAASPS_11465,0.9831777215003967
DBAASPS_11466,0.9844328165054321
DBAASPS_11472,0.19939668476581573
DBAASPS_11473,0.9880915880203247
DBAASPS_11474,0.9863399863243103
DBAASPS_11475,0.9864594340324402
DBAASPS_11476,0.9878836274147034
DBAASPS_11477,0.9861351251602173
DBAASPS_11478,0.9828657507896423
DBAASPS_11479,0.987467885017395
DBAASPS_11480,0.9839974045753479
DBAASPS_11481,0.9883064031600952
DBAASPS_11482,0.9872604608535767
DBAASPS_11483,0.9838678240776062
DBAASPS_11484,0.9795413017272949
DBAASPS_11485,0.9846873879432678
DBAASPS_11486,0.9837464690208435
DBAASPS_11487,0.9865643382072449
DBAASPS_11488,0.9886523485183716
DBAASPS_11489,0.9894284605979919
DBAASPS_11490,0.9804570078849792
DBAASPS_11491,0.9891595244407654
DBAASPS_11492,0.9897058010101318
DBAASPR_11493,0.8975394368171692
DBAASPR_11494,0.8747856020927429
DBAASPS_11497,0.34380432963371277
DBAASPS_11498,0.07234662026166916
DBAASPS_11499,0.04617811366915703
DBAASPS_11500,0.16467486321926117
DBAASPS_11509,0.10538381338119507
DBAASPS_11513,0.11218345910310745
DBAASPS_11517,0.6135392189025879
DBAASPS_11519,0.990370512008667
DBAASPS_11526,0.988264262676239
DBAASPS_11528,0.29586541652679443
DBAASPS_11529,0.20490577816963196
DBAASPS_11534,0.7218552827835083
DBAASPS_11536,0.1897304505109787
DBAASPS_11537,0.6997657418251038
DBAASPS_11542,0.9435555934906006
DBAASPR_11543,0.8796197772026062
DBAASPS_11545,0.9555237293243408
DBAASPS_11546,0.15803676843643188
DBAASPS_11547,0.08412867039442062
DBAASPS_11548,0.9716699719429016
DBAASPS_11549,0.9636840224266052
DBAASPR_11558,0.5497092008590698
DBAASPS_11559,0.5072247982025146
DBAASPS_11560,0.03179628401994705
DBAASPS_11561,0.11435273289680481
DBAASPS_11562,0.13661473989486694
DBAASPS_11563,0.22961655259132385
DBAASPS_11564,0.06429905444383621
DBAASPS_11565,0.08931257575750351
DBAASPS_11566,0.02095448039472103
DBAASPR_11571,0.1636722832918167
DBAASPS_11574,0.9899677634239197
DBAASPS_11575,0.9891869425773621
DBAASPS_11576,0.9896913766860962
DBAASPS_11577,0.6110166907310486
DBAASPS_11578,0.9715520143508911
DBAASPS_11579,0.9801911115646362
DBAASPS_11580,0.9896990656852722
DBAASPS_11581,0.987669825553894
DBAASPS_11582,0.9899255633354187
DBAASPS_11583,0.9892375469207764
DBAASPS_11584,0.9902144074440002
DBAASPS_11585,0.98846036195755
DBAASPS_11586,0.9903726577758789
DBAASPS_11587,0.9900076985359192
DBAASPS_11612,0.9533921480178833
DBAASPS_11613,0.9748902916908264
DBAASPS_11614,0.9099436402320862
DBAASPS_11615,0.2085070163011551
DBAASPS_11616,0.9834063053131104
DBAASPS_11617,0.9854620099067688
DBAASPS_11618,0.9017126560211182
DBAASPS_11619,0.7026053667068481
DBAASPS_11620,0.9884254932403564
DBAASPS_11621,0.9645667672157288
DBAASPS_11626,0.7181394100189209
DBAASPS_11632,0.8909493684768677
DBAASPS_11634,0.9855432510375977
DBAASPS_11635,0.9866531491279602
DBAASPS_11636,0.9873641133308411
DBAASPS_11637,0.9833642244338989
DBAASPS_11638,0.9729008078575134
DBAASPS_11639,0.9844319224357605
DBAASPS_11640,0.938238799571991
DBAASPS_11641,0.988106369972229
DBAASPS_11642,0.9858922958374023
DBAASPS_11643,0.9876980781555176
DBAASPS_11644,0.9888547658920288
DBAASPS_11645,0.9886619448661804
DBAASPS_11646,0.9862318634986877
DBAASPS_11647,0.9862222075462341
DBAASPS_11648,0.9884467124938965
DBAASPS_11649,0.9627578854560852
DBAASPS_11650,0.9885873794555664
DBAASPS_11651,0.988419771194458
DBAASPS_11652,0.9875282645225525
DBAASPS_11653,0.9892202019691467
DBAASPS_11654,0.7462404370307922
DBAASPS_11655,0.6785019636154175
DBAASPS_11656,0.9007537961006165
DBAASPS_11657,0.7966406941413879
DBAASPS_11658,0.7444132566452026
DBAASPS_11659,0.32447558641433716
DBAASPS_11660,0.09467040002346039
DBAASPS_11661,0.8811566233634949
DBAASPS_11662,0.9306620955467224
DBAASPS_11663,0.9849863648414612
DBAASPS_11664,0.9342222809791565
DBAASPS_11665,0.5155012607574463
DBAASPS_11666,0.9866642951965332
DBAASPS_11667,0.9781715273857117
DBAASPS_11672,0.9641500115394592
DBAASPS_11674,0.7292417287826538
DBAASPS_11675,0.4728392958641052
DBAASPS_11676,0.15531764924526215
DBAASPS_11677,0.07252223789691925
DBAASPS_11678,0.5921656489372253
DBAASPS_11679,0.9436340928077698
DBAASPS_11721,0.4108670651912689
DBAASPS_11725,0.5921656489372253
DBAASPS_11726,0.8471269011497498
DBAASPS_11731,0.11545934528112411
DBAASPS_11764,0.9540055990219116
DBAASPS_11769,0.9758315682411194
DBAASPS_11770,0.11359640210866928
DBAASPS_11771,0.25422853231430054
DBAASPS_11772,0.010275844484567642
DBAASPS_11773,0.011130580678582191
DBAASPS_11774,0.11599564552307129
DBAASPS_11775,0.016416553407907486
DBAASPS_11777,0.220125213265419
DBAASPS_11778,0.9859722852706909
DBAASPS_11779,0.9873459339141846
DBAASPS_11780,0.9775242209434509
DBAASPS_11782,0.981419563293457
DBAASPS_11787,0.9833819270133972
DBAASPS_11790,0.9780468344688416
DBAASPS_11791,0.9775937795639038
DBAASPS_11793,0.98188316822052
DBAASPS_11794,0.9688345789909363
DBAASPS_11797,0.9758315682411194
DBAASPS_11798,0.9625754952430725
DBAASPS_11799,0.9856944680213928
DBAASPS_11800,0.9810665249824524
DBAASPS_11802,0.9879211187362671
DBAASPS_11806,0.988353967666626
DBAASPS_11809,0.156941220164299
DBAASPR_11812,0.9884138107299805
DBAASPS_11814,0.9081509709358215
DBAASPS_11816,0.8529761433601379
DBAASPS_11819,0.9811251163482666
DBAASPS_11820,0.9906005859375
DBAASPS_11822,0.9848074316978455
DBAASPS_11823,0.9852918982505798
DBAASPS_11824,0.9820218682289124
DBAASPS_11825,0.986637532711029
DBAASPS_11826,0.9666901230812073
DBAASPS_11827,0.9803478717803955
DBAASPS_11828,0.9592068791389465
DBAASPS_11829,0.983217716217041
DBAASPS_11830,0.9854907989501953
DBAASPS_11838,0.9905236959457397
DBAASPS_11840,0.9890681505203247
DBAASPS_11841,0.03485258296132088
DBAASPS_11842,0.9744598865509033
DBAASPS_11851,0.9896043539047241
DBAASPS_11855,0.9765408039093018
DBAASPS_11856,0.9768159985542297
DBAASPS_11859,0.9891220927238464
DBAASPS_11860,0.9780578017234802
DBAASPS_11861,0.986477255821228
DBAASPS_11862,0.983392059803009
DBAASPS_11863,0.9803234338760376
DBAASPS_11864,0.9829742908477783
DBAASPS_11865,0.9849439263343811
DBAASPS_11866,0.9906484484672546
DBAASPS_11876,0.9895880818367004
DBAASPS_11877,0.9886274337768555
DBAASPS_11878,0.9891625046730042
DBAASPS_11879,0.9904345273971558
DBAASPS_11880,0.9805861115455627
DBAASPS_11881,0.9889955520629883
DBAASPS_11882,0.9346955418586731
DBAASPS_11883,0.9831889867782593
DBAASPS_11884,0.9868162274360657
DBAASPS_11885,0.9892013669013977
DBAASPS_11886,0.9899376630783081
DBAASPS_11887,0.9886447191238403
DBAASPS_11888,0.9673473238945007
DBAASPS_11889,0.9531182646751404
DBAASPS_11890,0.9823057055473328
DBAASPS_11891,0.9812719225883484
DBAASPS_11892,0.9773669242858887
DBAASPS_11893,0.9870599508285522
DBAASPS_11894,0.9879264235496521
DBAASPS_11895,0.9899241924285889
DBAASPS_11902,0.03764529153704643
DBAASPS_11905,0.9873042702674866
DBAASPS_11907,0.9891592860221863
DBAASPS_11908,0.9896188974380493
DBAASPS_11909,0.9805130362510681
DBAASPS_11910,0.7454988956451416
DBAASPS_11911,0.9453808665275574
DBAASPS_11912,0.9153257012367249
DBAASPS_11913,0.4260217249393463
DBAASPS_11914,0.5155461430549622
DBAASPS_11915,0.9401317834854126
DBAASPS_11916,0.9792453646659851
DBAASPS_11917,0.9825520515441895
DBAASPS_11918,0.9891075491905212
DBAASPS_11919,0.9898685812950134
DBAASPS_11921,0.9687899947166443
DBAASPS_11922,0.9756343364715576
DBAASPS_11923,0.9818729162216187
DBAASPS_11924,0.9332339763641357
DBAASPS_11926,0.9749184250831604
DBAASPS_11927,0.2714116871356964
DBAASPS_11929,0.13766922056674957
DBAASPS_11930,0.8900025486946106
DBAASPS_11931,0.9846528172492981
DBAASPS_11934,0.020277243107557297
DBAASPR_11935,0.8933619260787964
DBAASPS_11939,0.811632513999939
DBAASPS_11940,0.9702879786491394
DBAASPS_11941,0.9746621251106262
DBAASPS_11944,0.6591528058052063
DBAASPS_11946,0.7629058361053467
DBAASPS_11947,0.9663140773773193
DBAASPS_11948,0.9862620234489441
DBAASPS_11949,0.8868452310562134
DBAASPS_11950,0.3066093921661377
DBAASPS_11951,0.9126990437507629
DBAASPS_11952,0.983786940574646
DBAASPS_11953,0.9808318018913269
DBAASPS_11954,0.9903461933135986
DBAASPS_11955,0.9887697696685791
DBAASPS_11956,0.9707849025726318
DBAASPS_11957,0.9883490204811096
DBAASPS_11975,0.9620015621185303
DBAASPS_11977,0.6470677256584167
DBAASPS_11978,0.6512318849563599
DBAASPS_11985,0.4342705011367798
DBAASPS_11986,0.9836568832397461
DBAASPS_11987,0.972209095954895
DBAASPS_11988,0.9745899438858032
DBAASPS_11990,0.986719012260437
DBAASPS_11991,0.9895989894866943
DBAASPS_11992,0.9894311428070068
DBAASPS_11993,0.9818441271781921
DBAASPS_11994,0.9898802042007446
DBAASPS_11995,0.9887994527816772
DBAASPS_11996,0.9895873069763184
DBAASPS_11997,0.9887099266052246
DBAASPS_11998,0.9896494746208191
DBAASPS_11999,0.9878963828086853
DBAASPS_12000,0.9896652102470398
DBAASPS_12001,0.990559995174408
DBAASPS_12007,0.9904752373695374
DBAASPS_12008,0.9900689721107483
DBAASPS_12009,0.9874500632286072
DBAASPS_12010,0.9904735684394836
DBAASPS_12011,0.9874708652496338
DBAASPS_12012,0.9903563261032104
DBAASPS_12013,0.9904776811599731
DBAASPS_12014,0.9875798225402832
DBAASPS_12015,0.9621049761772156
DBAASPS_12020,0.9872446060180664
DBAASPS_12022,0.9870941638946533
DBAASPS_12023,0.990027129650116
DBAASPS_12025,0.9901196956634521
DBAASPS_12026,0.9898890852928162
DBAASPS_12027,0.9904186129570007
DBAASPS_12028,0.9856837391853333
DBAASPS_12029,0.9859306812286377
DBAASPS_12030,0.9895282983779907
DBAASPS_12033,0.17479071021080017
DBAASPS_12034,0.9184312224388123
DBAASPS_12036,0.9883291125297546
DBAASPS_12037,0.9798775315284729
DBAASPS_12038,0.9817598462104797
DBAASPS_12039,0.9888997077941895
DBAASPS_12040,0.9880946278572083
DBAASPS_12041,0.9890370965003967
DBAASPS_12044,0.9896194338798523
DBAASPS_12045,0.9882017970085144
DBAASPS_12046,0.9889553785324097
DBAASPS_12047,0.989680826663971
DBAASPS_12048,0.9902468919754028
DBAASPS_12049,0.9898674488067627
DBAASPS_12050,0.9892535209655762
DBAASPS_12051,0.9888365864753723
DBAASPS_12052,0.9895778894424438
DBAASPS_12053,0.9894996881484985
DBAASPS_12054,0.9893238544464111
DBAASPS_12055,0.9895948767662048
DBAASPS_12056,0.9897703528404236
DBAASPS_12057,0.5852560997009277
DBAASPS_12058,0.40002694725990295
DBAASPS_12059,0.5550261735916138
DBAASPS_12060,0.3762000501155853
DBAASPS_12061,0.391669899225235
DBAASPS_12062,0.2686063051223755
DBAASPS_12063,0.4148171842098236
DBAASPS_12064,0.3071887791156769
DBAASPS_12067,0.8044124245643616
DBAASPS_12068,0.8288471102714539
DBAASPS_12069,0.7950029373168945
DBAASPS_12070,0.9239099025726318
DBAASPS_12071,0.13549478352069855
DBAASPS_12072,0.9534946084022522
DBAASPS_12083,0.9661336541175842
DBAASPS_12085,0.957409679889679
DBAASPS_12087,0.9753363728523254
DBAASPS_12088,0.9685079455375671
DBAASPS_12089,0.9822046160697937
DBAASPS_12090,0.9818986654281616
DBAASPS_12091,0.9563854336738586
DBAASPS_12099,0.37941473722457886
DBAASPS_12101,0.7664651870727539
DBAASPS_12102,0.1185135766863823
DBAASPS_12107,0.14289069175720215
DBAASPS_12127,0.989852786064148
DBAASPR_12131,0.9887968301773071
DBAASPS_12135,0.015244955196976662
DBAASPS_12145,0.09383777529001236
DBAASPS_12147,0.03973863273859024
DBAASPS_12148,0.9883701801300049
DBAASPS_12149,0.02777484990656376
DBAASPS_12150,0.9905369281768799
DBAASPN_12151,0.1372903734445572
DBAASPN_12152,0.04437338560819626
DBAASPN_12153,0.11415322870016098
DBAASPS_12154,0.9904521703720093
DBAASPS_12155,0.4647023677825928
DBAASPS_12156,0.21942223608493805
DBAASPS_12157,0.9736709594726562
DBAASPS_12158,0.9897462725639343
DBAASPS_12159,0.990730345249176
DBAASPS_12160,0.9907519817352295
DBAASPS_12175,0.5982446074485779
DBAASPS_12176,0.5465725064277649
DBAASPS_12177,0.43204572796821594
DBAASPS_12178,0.10321158915758133
DBAASPS_12179,0.03529093414545059
DBAASPS_12180,0.8963065147399902
DBAASPS_12181,0.9156020879745483
DBAASPS_12183,0.9780986905097961
DBAASPS_12188,0.3271433711051941
DBAASPS_12189,0.12439104169607162
DBAASPS_12190,0.34637877345085144
DBAASPS_12191,0.7564186453819275
DBAASPS_12192,0.2891561686992645
DBAASPS_12193,0.15246233344078064
DBAASPS_12194,0.26238375902175903
DBAASPS_12195,0.23616927862167358
DBAASPS_12202,0.12614047527313232
DBAASPS_12203,0.19342628121376038
DBAASPS_12204,0.2857377529144287
DBAASPS_12206,0.5069371461868286
DBAASPS_12207,0.6380727291107178
DBAASPS_12209,0.15225955843925476
DBAASPS_12212,0.53239905834198
DBAASPS_12213,0.21349090337753296
DBAASPS_12214,0.19645057618618011
DBAASPR_12216,0.06543830782175064
DBAASPS_12217,0.9846875071525574
DBAASPS_12218,0.9871997237205505
DBAASPS_12220,0.9830195307731628
DBAASPS_12221,0.9767201542854309
DBAASPS_12222,0.9776532053947449
DBAASPS_12223,0.96747225522995
DBAASPS_12225,0.24821554124355316
DBAASPS_12226,0.6538864374160767
DBAASPS_12227,0.9619073271751404
DBAASPR_12229,0.964704155921936
DBAASPS_12239,0.015681812539696693
DBAASPS_12240,0.334399938583374
DBAASPS_12241,0.8003732562065125
DBAASPS_12242,0.25973325967788696
DBAASPR_12243,0.9829001426696777
DBAASPR_12244,0.9078818559646606
DBAASPS_12249,0.03666692227125168
DBAASPS_12251,0.1266680806875229
DBAASPS_12257,0.10723768174648285
DBAASPS_12258,0.05934322997927666
DBAASPS_12303,0.9510786533355713
DBAASPS_12305,0.978195309638977
DBAASPS_12308,0.9885829091072083
DBAASPS_12311,0.33324405550956726
DBAASPS_12312,0.7545322179794312
DBAASPS_12313,0.4604407250881195
DBAASPS_12314,0.589722752571106
DBAASPS_12316,0.5328385829925537
DBAASPS_12317,0.7677451968193054
DBAASPS_12318,0.05708589777350426
DBAASPS_12319,0.05910361558198929
DBAASPS_12320,0.07723855972290039
DBAASPS_12321,0.11010771989822388
DBAASPS_12322,0.16550593078136444
DBAASPS_12323,0.03646237030625343
DBAASPS_12326,0.09755725413560867
DBAASPS_12327,0.1756044179201126
DBAASPS_12328,0.21347017586231232
DBAASPS_12329,0.098843052983284
DBAASPS_12330,0.09014569967985153
DBAASPS_12331,0.07111753523349762
DBAASPR_12332,0.9906740784645081
DBAASPS_12333,0.9907651543617249
DBAASPS_12334,0.9906604886054993
DBAASPS_12335,0.9904937148094177
DBAASPS_12336,0.9905012249946594
DBAASPS_12337,0.19678190350532532
DBAASPS_12338,0.17769549787044525
DBAASPS_12356,0.05847778171300888
DBAASPS_12357,0.05915967375040054
DBAASPS_12358,0.903046727180481
DBAASPS_12359,0.7028937339782715
DBAASPS_12360,0.9716892242431641
DBAASPS_12366,0.06694179773330688
DBAASPS_12368,0.932975172996521
DBAASPS_12369,0.9857645630836487
DBAASPS_12370,0.9875586032867432
DBAASPS_12371,0.9786071181297302
DBAASPS_12372,0.9854732155799866
DBAASPS_12373,0.9661265015602112
DBAASPS_12377,0.9879220724105835
DBAASPS_12378,0.987301230430603
DBAASPS_12379,0.7324395775794983
DBAASPS_12380,0.1134987473487854
DBAASPS_12383,0.988192617893219
DBAASPS_12384,0.9879378080368042
DBAASPS_12386,0.1396818459033966
DBAASPS_12387,0.7042294144630432
DBAASPS_12388,0.041464243084192276
DBAASPS_12389,0.9582675695419312
DBAASPR_12393,0.9698976874351501
DBAASPR_12394,0.9091893434524536
DBAASPR_12395,0.9311558604240417
DBAASPS_12397,0.9811448454856873
DBAASPS_12403,0.9283774495124817
DBAASPS_12406,0.9902303814888
DBAASPN_12410,0.4430958926677704
DBAASPN_12411,0.4187634289264679
DBAASPS_12419,0.13395056128501892
DBAASPS_12439,0.1475520133972168
DBAASPS_12440,0.05768304690718651
DBAASPS_12441,0.15164856612682343
DBAASPS_12442,0.1359397917985916
DBAASPS_12444,0.7294065356254578
DBAASPS_12446,0.37973925471305847
DBAASPR_12448,0.10225945711135864
DBAASPR_12449,0.9743044376373291
DBAASPR_12450,0.010213291272521019
DBAASPS_12451,0.9897248148918152
DBAASPS_12452,0.8775401711463928
DBAASPS_12454,0.7113571763038635
DBAASPS_12455,0.6189741492271423
DBAASPS_12456,0.08455434441566467
DBAASPS_12457,0.06032178923487663
DBAASPR_12486,0.9842612743377686
DBAASPS_12488,0.14823871850967407
DBAASPS_12489,0.2146979719400406
DBAASPS_12490,0.4543319642543793
DBAASPR_12494,0.8867301940917969
DBAASPS_12505,0.9903185367584229
DBAASPS_12506,0.9865606427192688
DBAASPS_12507,0.9542586803436279
DBAASPS_12508,0.9846950173377991
DBAASPS_12509,0.3579499125480652
DBAASPS_12510,0.17727091908454895
DBAASPS_12511,0.9846164584159851
DBAASPS_12512,0.9898622035980225
DBAASPS_12513,0.5196493268013
DBAASPS_12514,0.9378262162208557
DBAASPS_12515,0.9068728089332581
DBAASPS_12517,0.9907907247543335
DBAASPS_12518,0.03899617865681648
DBAASPS_12521,0.16885581612586975
DBAASPS_12523,0.42951908707618713
DBAASPS_12524,0.8830071091651917
DBAASPR_12525,0.983180582523346
DBAASPR_12532,0.9835185408592224
DBAASPS_12533,0.990118145942688
DBAASPS_12534,0.9903267025947571
DBAASPS_12535,0.9890468716621399
DBAASPS_12536,0.9878358840942383
DBAASPS_12539,0.9902717471122742
DBAASPS_12540,0.5184078812599182
DBAASPS_12541,0.8366810083389282
DBAASPS_12542,0.4122115671634674
DBAASPS_12543,0.9295504093170166
DBAASPS_12544,0.7609431743621826
DBAASPS_12545,0.8410367965698242
DBAASPS_12547,0.9748765230178833
DBAASPS_12548,0.9661797285079956
DBAASPS_12549,0.9882979989051819
DBAASPS_12550,0.40087029337882996
DBAASPS_12551,0.14334434270858765
DBAASPS_12552,0.34960469603538513
DBAASPS_12553,0.9905548691749573
DBAASPR_12555,0.14225828647613525
DBAASPS_12556,0.9653638601303101
DBAASPS_12557,0.048438552767038345
DBAASPS_12558,0.021570265293121338
DBAASPS_12559,0.4801677167415619
DBAASPS_12560,0.217066690325737
DBAASPS_12561,0.3147917687892914
DBAASPS_12562,0.5632295608520508
DBAASPS_12563,0.3195576071739197
DBAASPS_12564,0.23963293433189392
DBAASPS_12565,0.1901983618736267
DBAASPS_12566,0.9200111627578735
DBAASPS_12567,0.9747484922409058
DBAASPS_12568,0.9692951440811157
DBAASPS_12569,0.9220449328422546
DBAASPS_12570,0.7861490249633789
DBAASPS_12571,0.9873659610748291
DBAASPS_12572,0.9811615943908691
DBAASPS_12579,0.9908103942871094
DBAASPS_12580,0.9905198216438293
DBAASPS_12587,0.989178478717804
DBAASPS_12589,0.9824269413948059
DBAASPS_12590,0.9871926307678223
DBAASPS_12593,0.9746527671813965
DBAASPS_12594,0.9869368076324463
DBAASPS_12595,0.9862248301506042
DBAASPS_12596,0.9869652390480042
DBAASPS_12597,0.9432162046432495
DBAASPS_12598,0.9824225902557373
DBAASPS_12599,0.989287257194519
DBAASPS_12600,0.9856519103050232
DBAASPS_12601,0.9887584447860718
DBAASPS_12602,0.9904580116271973
DBAASPS_12603,0.9890961647033691
DBAASPS_12604,0.9903990030288696
DBAASPS_12605,0.9860659241676331
DBAASPS_12606,0.9901922345161438
DBAASPS_12607,0.9904215335845947
DBAASPS_12608,0.9901911020278931
DBAASPS_12610,0.9905912280082703
DBAASPS_12611,0.9903935790061951
DBAASPS_12613,0.700577437877655
DBAASPR_12615,0.0367678739130497
DBAASPS_12625,0.9904013276100159
DBAASPS_12633,0.4039918780326843
DBAASPS_12634,0.31852999329566956
DBAASPS_12635,0.7351015210151672
DBAASPS_12636,0.8979471921920776
DBAASPS_12637,0.6800171732902527
DBAASPS_12638,0.8217608332633972
DBAASPS_12639,0.7615261673927307
DBAASPS_12640,0.8796453475952148
DBAASPS_12641,0.03890160471200943
DBAASPS_12643,0.8585101962089539
DBAASPS_12645,0.9447066783905029
DBAASPS_12646,0.9539457559585571
DBAASPS_12662,0.9733350872993469
DBAASPS_12663,0.9686989188194275
DBAASPS_12666,0.9305408596992493
DBAASPR_12667,0.9646454453468323
DBAASPS_12668,0.928995668888092
DBAASPS_12672,0.7126847505569458
DBAASPS_12677,0.9885278344154358
DBAASPR_12688,0.9726127982139587
DBAASPS_12689,0.9801308512687683
DBAASPR_12692,0.8244292140007019
DBAASPR_12693,0.822847306728363
DBAASPR_12694,0.5480523705482483
DBAASPR_12695,0.9122570157051086
DBAASPS_12697,0.9903044700622559
DBAASPS_12700,0.9900863170623779
DBAASPS_12701,0.990629255771637
DBAASPS_12702,0.9908161759376526
DBAASPS_12703,0.9909027814865112
DBAASPS_12704,0.9909495711326599
DBAASPS_12705,0.9904391169548035
DBAASPS_12706,0.9907606244087219
DBAASPS_12707,0.9908818006515503
DBAASPS_12708,0.9909403324127197
DBAASPS_12709,0.9909725189208984
DBAASPS_12710,0.9907925724983215
DBAASPS_12711,0.9908803105354309
DBAASPS_12712,0.9901371598243713
DBAASPS_12713,0.9906291961669922
DBAASPS_12714,0.9908089637756348
DBAASPS_12715,0.9908950328826904
DBAASPS_12716,0.9909422397613525
DBAASPS_12717,0.9905340075492859
DBAASPS_12718,0.9907972812652588
DBAASPS_12719,0.9908987283706665
DBAASPS_12720,0.9909481406211853
DBAASPS_12721,0.9909756183624268
DBAASPS_12722,0.9907878637313843
DBAASPS_12723,0.9908779859542847
DBAASPS_12724,0.4101473391056061
DBAASPS_12726,0.5241199731826782
DBAASPS_12728,0.4153207838535309
DBAASPS_12730,0.9204350113868713
DBAASPS_12733,0.8947460651397705
DBAASPS_12745,0.8115017414093018
DBAASPS_12746,0.8429540395736694
DBAASPS_12750,0.6885335445404053
DBAASPS_12752,0.12824061512947083
DBAASPS_12756,0.9855415225028992
DBAASPS_12757,0.9850969314575195
DBAASPS_12758,0.98854660987854
DBAASPS_12759,0.9898425340652466
DBAASPS_12760,0.9895117282867432
DBAASPS_12763,0.9844644069671631
DBAASPS_12764,0.43713805079460144
DBAASPS_12765,0.9808685183525085
DBAASPS_12766,0.9763461351394653
DBAASPS_12767,0.9861457943916321
DBAASPS_12769,0.3205443024635315
DBAASPS_12770,0.607297956943512
DBAASPS_12771,0.9785317182540894
DBAASPS_12772,0.9481630921363831
DBAASPS_12773,0.9844551086425781
DBAASPS_12774,0.9588894844055176
DBAASPS_12775,0.9844396710395813
DBAASPS_12776,0.9863837957382202
DBAASPS_12777,0.04047062620520592
DBAASPS_12778,0.3885623514652252
DBAASPS_12781,0.9905888438224792
DBAASPS_12782,0.9896905422210693
DBAASPS_12783,0.9905642867088318
DBAASPS_12784,0.9851332902908325
DBAASPS_12787,0.9901023507118225
DBAASPS_12788,0.9861977100372314
DBAASPS_12789,0.988427460193634
DBAASPS_12792,0.9869720935821533
DBAASPS_12793,0.9769074320793152
DBAASPS_12794,0.9866697788238525
DBAASPS_12795,0.9885643124580383
DBAASPS_12799,0.9885611534118652
DBAASPS_12800,0.988351583480835
DBAASPS_12801,0.06906306743621826
DBAASPS_12802,0.027223775163292885
DBAASPS_12803,0.14841964840888977
DBAASPS_12805,0.06661263853311539
DBAASPS_12806,0.07238346338272095
DBAASPS_12811,0.9765332937240601
DBAASPS_12812,0.9888643622398376
DBAASPS_12813,0.8818868398666382
DBAASPS_12814,0.9461053013801575
DBAASPS_12815,0.9206447601318359
DBAASPS_12816,0.8835086226463318
DBAASPS_12817,0.9470280408859253
DBAASPS_12818,0.9880352020263672
DBAASPS_12822,0.969539225101471
DBAASPS_12823,0.9875016212463379
DBAASPS_12826,0.7650293111801147
DBAASPS_12827,0.98433917760849
DBAASPS_12828,0.9890009164810181
DBAASPS_12829,0.14646896719932556
DBAASPS_12830,0.9903844594955444
DBAASPS_12831,0.9702710509300232
DBAASPS_12832,0.9776433110237122
DBAASPS_12833,0.8925697803497314
DBAASPS_12834,0.5310851335525513
DBAASPS_12835,0.43231868743896484
DBAASPS_12836,0.9852846264839172
DBAASPS_12837,0.9830957651138306
DBAASPS_12839,0.981491208076477
DBAASPS_12840,0.9886723756790161
DBAASPS_12842,0.96354079246521
DBAASPS_12843,0.7316704988479614
DBAASPS_12845,0.9888701438903809
DBAASPS_12846,0.24786223471164703
DBAASPS_12847,0.9063209891319275
DBAASPS_12848,0.9895150661468506
DBAASPS_12853,0.2483152598142624
DBAASPS_12854,0.9590784311294556
DBAASPS_12855,0.870409369468689
DBAASPS_12856,0.2780318558216095
DBAASPS_12857,0.9861783385276794
DBAASPS_12858,0.8996601700782776
DBAASPS_12859,0.5126023888587952
DBAASPS_12860,0.9895588159561157
DBAASPS_12861,0.966498613357544
DBAASPS_12862,0.980815052986145
DBAASPS_12863,0.12737290561199188
DBAASPS_12864,0.7306287288665771
DBAASPS_12865,0.9530042409896851
DBAASPS_12866,0.13976623117923737
DBAASPS_12867,0.9058223366737366
DBAASPS_12868,0.5041349530220032
DBAASPS_12869,0.032938625663518906
DBAASPS_12870,0.9742103815078735
DBAASPS_12873,0.9743478894233704
DBAASPS_12875,0.9655085206031799
DBAASPS_12876,0.849563479423523
DBAASPS_12877,0.9370729923248291
DBAASPS_12883,0.03246947377920151
DBAASPS_12892,0.9827073216438293
DBAASPS_12894,0.9909396171569824
DBAASPS_12895,0.9908402562141418
DBAASPS_12896,0.9906595349311829
DBAASPS_12897,0.9746394753456116
DBAASPS_12900,0.9614093899726868
DBAASPS_12901,0.9600250720977783
DBAASPS_12903,0.9378953576087952
DBAASPS_12905,0.9898554086685181
DBAASPS_12906,0.9904478192329407
DBAASPS_12907,0.990594208240509
DBAASPS_12908,0.9883845448493958
DBAASPS_12909,0.9904610514640808
DBAASPS_12910,0.9900040626525879
DBAASPS_12911,0.990674614906311
DBAASPS_12912,0.9848209023475647
DBAASPS_12913,0.43118906021118164
DBAASPS_12914,0.9616124629974365
DBAASPS_12915,0.709924042224884
DBAASPS_12916,0.7316299080848694
DBAASPS_12917,0.9895687103271484
DBAASPS_12918,0.878597617149353
DBAASPS_12919,0.9858986139297485
DBAASPS_12920,0.9652758836746216
DBAASPS_12921,0.9154140949249268
DBAASPS_12922,0.9885172247886658
DBAASPS_12923,0.9908939003944397
DBAASPS_12924,0.9909446239471436
DBAASPS_12929,0.17395606637001038
DBAASPS_12930,0.2956305146217346
DBAASPS_12931,0.07078160345554352
DBAASPS_12932,0.10013988614082336
DBAASPS_12933,0.08203452825546265
DBAASPS_12934,0.6338746547698975
DBAASPS_12935,0.9506632089614868
DBAASPS_12936,0.32233986258506775
DBAASPS_12937,0.17017431557178497
DBAASPS_12938,0.3042115867137909
DBAASPS_12939,0.11703597754240036
DBAASPS_12940,0.025227732956409454
DBAASPS_12941,0.04670543596148491
DBAASPS_12942,0.5832547545433044
DBAASPS_12948,0.9635406732559204
DBAASPS_12949,0.6009154319763184
DBAASPS_12950,0.9332886934280396
DBAASPR_12951,0.9747934341430664
DBAASPS_12952,0.6672472953796387
DBAASPS_12953,0.9812312126159668
DBAASPS_12955,0.21614490449428558
DBAASPS_12956,0.15933990478515625
DBAASPS_12957,0.476065993309021
DBAASPS_12958,0.9909263253211975
DBAASPS_12959,0.9898347854614258
DBAASPS_12960,0.990268886089325
DBAASPS_12961,0.16820085048675537
DBAASPS_12962,0.019773384556174278
DBAASPS_12963,0.04478662461042404
DBAASPS_12964,0.1396341323852539
DBAASPS_12965,0.24481865763664246
DBAASPS_12976,0.09173667430877686
DBAASPS_12977,0.09629020094871521
DBAASPS_12978,0.069829560816288
DBAASPS_12979,0.05331306904554367
DBAASPS_12980,0.0394015870988369
DBAASPS_12981,0.04146160930395126
DBAASPS_12982,0.03801550716161728
DBAASPS_12983,0.036947160959243774
DBAASPS_12984,0.034512098878622055
DBAASPS_12987,0.9583895802497864
DBAASPS_12989,0.8843752145767212
DBAASPS_12990,0.17195411026477814
DBAASPS_12991,0.6358056664466858
DBAASPS_12992,0.1550077199935913
DBAASPS_12993,0.667559802532196
DBAASPS_12997,0.11401274055242538
DBAASPS_12998,0.05386156216263771
DBAASPS_12999,0.09497150778770447
DBAASPS_13004,0.7309731245040894
DBAASPS_13005,0.3566029369831085
DBAASPS_13006,0.9780609607696533
DBAASPS_13007,0.9866062998771667
DBAASPS_13008,0.9873151779174805
DBAASPS_13009,0.9870119094848633
DBAASPS_13010,0.9894502758979797
DBAASPS_13011,0.9692122340202332
DBAASPS_13012,0.9878956079483032
DBAASPS_13013,0.9899278283119202
DBAASPS_13014,0.9854851365089417
DBAASPS_13015,0.9834317564964294
DBAASPS_13016,0.9831043481826782
DBAASPS_13017,0.9715110063552856
DBAASPS_13018,0.98736172914505
DBAASPS_13019,0.9863293170928955
DBAASPS_13020,0.9746153950691223
DBAASPS_13021,0.9311493635177612
DBAASPS_13022,0.7655476927757263
DBAASPS_13023,0.48483943939208984
DBAASPS_13024,0.9510509371757507
DBAASPS_13025,0.94871586561203
DBAASPS_13026,0.9549431204795837
DBAASPS_13028,0.967525839805603
DBAASPS_13029,0.9847900867462158
DBAASPS_13030,0.4116273820400238
DBAASPS_13031,0.19475413858890533
DBAASPS_13032,0.1883251816034317
DBAASPS_13033,0.12749862670898438
DBAASPS_13034,0.29554563760757446
DBAASPS_13035,0.7089894413948059
DBAASPS_13036,0.5109594464302063
DBAASPS_13037,0.1427764892578125
DBAASPS_13038,0.32713547348976135
DBAASPS_13039,0.986660897731781
DBAASPS_13040,0.9788084030151367
DBAASPS_13041,0.2048482596874237
DBAASPS_13050,0.9892939925193787
DBAASPS_13051,0.9843602776527405
DBAASPS_13052,0.9898356795310974
DBAASPS_13053,0.990537703037262
DBAASPS_13054,0.47450727224349976
DBAASPS_13055,0.9076701402664185
DBAASPS_13056,0.9882261753082275
DBAASPS_13057,0.987748384475708
DBAASPS_13065,0.9543877840042114
DBAASPS_13066,0.9409544467926025
DBAASPS_13067,0.955034077167511
DBAASPS_13068,0.5607020258903503
DBAASPS_13069,0.8198420405387878
DBAASPS_13070,0.8919077515602112
DBAASPS_13071,0.9084622859954834
DBAASPS_13072,0.917780876159668
DBAASPS_13073,0.9572871923446655
DBAASPS_13078,0.9851059913635254
DBAASPS_13079,0.9873402714729309
DBAASPS_13088,0.9837068915367126
DBAASPS_13089,0.9845569133758545
DBAASPS_13090,0.9832101464271545
DBAASPS_13091,0.9899792671203613
DBAASPS_13092,0.9891863465309143
DBAASPS_13093,0.9896845817565918
DBAASPS_13094,0.9858004450798035
DBAASPS_13095,0.9834586381912231
DBAASPS_13096,0.9779810309410095
DBAASPS_13097,0.9856768846511841
DBAASPS_13102,0.951698899269104
DBAASPS_13103,0.9039438962936401
DBAASPS_13104,0.7516324520111084
DBAASPS_13105,0.9718012809753418
DBAASPS_13106,0.9713499546051025
DBAASPS_13121,0.09173667430877686
DBAASPS_13124,0.9868108630180359
DBAASPS_13125,0.9889044165611267
DBAASPS_13126,0.9770596623420715
DBAASPS_13127,0.9859445095062256
DBAASPS_13153,0.06894030421972275
DBAASPS_13156,0.8620190024375916
DBAASPS_13169,0.9764633178710938
DBAASPS_13172,0.5029139518737793
DBAASPS_13173,0.11521836370229721
DBAASPS_13174,0.19419161975383759
DBAASPS_13177,0.8340137600898743
DBAASPS_13178,0.6421681046485901
DBAASPS_13179,0.07261822372674942
DBAASPS_13180,0.2855621576309204
DBAASPS_13193,0.9445935487747192
DBAASPS_13194,0.9893574118614197
DBAASPS_13195,0.9611889719963074
DBAASPS_13196,0.9897057414054871
DBAASPS_13205,0.9857391715049744
DBAASPS_13213,0.9838162064552307
DBAASPS_13245,0.9517818689346313
DBAASPS_13246,0.9887070655822754
DBAASPS_13247,0.969846248626709
DBAASPS_13248,0.9358106255531311
DBAASPS_13249,0.5118297338485718
DBAASPS_13250,0.8811758160591125
DBAASPS_13251,0.9003527164459229
DBAASPS_13252,0.9494393467903137
DBAASPS_13253,0.977376401424408
DBAASPR_13255,0.9894485473632812
DBAASPR_13256,0.986746072769165
DBAASPR_13273,0.15512461960315704
DBAASPN_13304,0.3362791836261749
DBAASPS_13307,0.46707287430763245
DBAASPS_13308,0.2314263880252838
DBAASPS_13309,0.44228094816207886
DBAASPS_13310,0.39920303225517273
DBAASPS_13311,0.40397751331329346
DBAASPS_13312,0.2670247256755829
DBAASPS_13313,0.20822590589523315
DBAASPS_13316,0.37712979316711426
DBAASPS_13319,0.6658686995506287
DBAASPS_13328,0.23703448474407196
DBAASPS_13330,0.9904846549034119
DBAASPS_13331,0.9787431955337524
DBAASPS_13343,0.9896777868270874
DBAASPS_13346,0.12595099210739136
DBAASPS_13352,0.9754848480224609
DBAASPS_13353,0.9867240786552429
DBAASPS_13354,0.9875293970108032
DBAASPS_13355,0.987825334072113
DBAASPS_13356,0.9880180358886719
DBAASPS_13357,0.9881727695465088
DBAASPS_13358,0.988311231136322
DBAASPS_13359,0.9887979626655579
DBAASPS_13360,0.9893526434898376
DBAASPS_13361,0.9549162983894348
DBAASPS_13362,0.9217832684516907
DBAASPS_13363,0.8545631170272827
DBAASPS_13364,0.9754032492637634
DBAASPS_13365,0.9862178564071655
DBAASPS_13366,0.9885592460632324
DBAASPS_13367,0.9908941388130188
DBAASPS_13368,0.9909480214118958
DBAASPS_13369,0.9909780025482178
DBAASPS_13370,0.9909964203834534
DBAASPS_13371,0.9904468059539795
DBAASPS_13372,0.990590512752533
DBAASPS_13373,0.971865713596344
DBAASPS_13374,0.4461476504802704
DBAASPS_13375,0.9887844324111938
DBAASPS_13376,0.9887853860855103
DBAASPS_13377,0.9887405037879944
DBAASPS_13378,0.9886731505393982
DBAASPS_13379,0.9885943531990051
DBAASPS_13380,0.9884218573570251
DBAASPS_13381,0.9880638718605042
DBAASPS_13382,0.9876425266265869
DBAASPS_13383,0.6098811626434326
DBAASPS_13384,0.9407539367675781
DBAASPS_13385,0.9827024340629578
DBAASPS_13386,0.9862686991691589
DBAASPS_13387,0.9880241751670837
DBAASPS_13388,0.989000141620636
DBAASPS_13389,0.9895928502082825
DBAASPS_13390,0.9907955527305603
DBAASPS_13391,0.9909277558326721
DBAASPS_13393,0.9700177907943726
DBAASPS_13394,0.9870111346244812
DBAASPS_13395,0.9877850413322449
DBAASPS_13396,0.9886974692344666
DBAASPS_13397,0.9892663359642029
DBAASPS_13398,0.9896479249000549
DBAASPS_13399,0.9899182319641113
DBAASPS_13400,0.9906232357025146
DBAASPS_13401,0.9908375144004822
DBAASPS_13402,0.9743791222572327
DBAASPS_13403,0.9834966659545898
DBAASPS_13404,0.9395856261253357
DBAASPS_13405,0.98968106508255
DBAASPS_13406,0.9833890199661255
DBAASPS_13407,0.987321138381958
DBAASPS_13408,0.9489805698394775
DBAASPS_13409,0.9537047147750854
DBAASPS_13410,0.9535461664199829
DBAASPS_13411,0.10005764663219452
DBAASPS_13412,0.9859417080879211
DBAASPS_13413,0.9811410307884216
DBAASPS_13414,0.9752538800239563
DBAASPS_13416,0.19648660719394684
DBAASPS_13417,0.21511422097682953
DBAASPS_13421,0.9756872057914734
DBAASPS_13422,0.8537864089012146
DBAASPS_13423,0.13689430058002472
DBAASPS_13427,0.48954659700393677
DBAASPS_13428,0.98972487449646
DBAASPR_13431,0.031623780727386475
DBAASPN_13432,0.5274866819381714
DBAASPN_13437,0.07429546117782593
DBAASPS_13442,0.9805835485458374
DBAASPS_13464,0.9697575569152832
DBAASPS_13485,0.9662325382232666
DBAASPS_13486,0.9654451012611389
DBAASPS_13487,0.9833179712295532
DBAASPR_13490,0.8279241323471069
DBAASPS_13491,0.8652462959289551
DBAASPS_13492,0.957683265209198
DBAASPS_13493,0.9266282320022583
DBAASPS_13494,0.9649266600608826
DBAASPS_13495,0.9570385217666626
DBAASPS_13496,0.987148106098175
DBAASPS_13497,0.6242089867591858
DBAASPS_13498,0.6658918857574463
DBAASPS_13499,0.3428417146205902
DBAASPS_13500,0.7045201659202576
DBAASPS_13502,0.9885373115539551
DBAASPS_13508,0.15954305231571198
DBAASPS_13509,0.15954305231571198
DBAASPS_13511,0.35894930362701416
DBAASPS_13512,0.35894930362701416
DBAASPS_13530,0.9890162944793701
DBAASPS_13531,0.9891678690910339
DBAASPS_13532,0.989924967288971
DBAASPS_13533,0.9891066551208496
DBAASPS_13534,0.989065945148468
DBAASPS_13535,0.9878412485122681
DBAASPS_13536,0.9887250661849976
DBAASPS_13537,0.9901707768440247
DBAASPS_13538,0.9900793433189392
DBAASPS_13540,0.9869534969329834
DBAASPS_13544,0.9876707792282104
DBAASPS_13551,0.9900388717651367
DBAASPS_13552,0.9895169734954834
DBAASPS_13553,0.9902803897857666
DBAASPS_13554,0.9901686906814575
DBAASPS_13562,0.9895466566085815
DBAASPS_13563,0.9895910024642944
DBAASPS_13564,0.9875165224075317
DBAASPS_13565,0.9882497191429138
DBAASPS_13566,0.9894183874130249
DBAASPS_13567,0.9901527166366577
DBAASPS_13568,0.9880173206329346
DBAASPS_13569,0.9883053302764893
DBAASPS_13570,0.9895610213279724
DBAASPS_13588,0.052979081869125366
DBAASPS_13589,0.07241442799568176
DBAASPS_13590,0.09242617338895798
DBAASPR_13628,0.5795608758926392
DBAASPS_13629,0.9886653423309326
DBAASPS_13630,0.9753767251968384
DBAASPS_13631,0.9905951619148254
DBAASPS_13632,0.9907885193824768
DBAASPS_13633,0.9883513450622559
DBAASPS_13634,0.9903769493103027
DBAASPS_13635,0.9908320307731628
DBAASPS_13636,0.9898720383644104
DBAASPS_13637,0.38603779673576355
DBAASPS_13638,0.9555554986000061
DBAASPS_13639,0.6782962083816528
DBAASPS_13640,0.6356003284454346
DBAASPS_13641,0.058310847729444504
DBAASPS_13642,0.31899020075798035
DBAASPS_13643,0.9032484292984009
DBAASPS_13644,0.31952014565467834
DBAASPS_13645,0.9819945096969604
DBAASPS_13646,0.9907535910606384
DBAASPS_13653,0.9848756790161133
DBAASPS_13654,0.9876336455345154
DBAASPS_13661,0.9746143221855164
DBAASPS_13664,0.16460013389587402
DBAASPS_13665,0.0839768499135971
DBAASPS_13666,0.9845287203788757
DBAASPS_13668,0.9814661145210266
DBAASPS_13701,0.8564703464508057
DBAASPS_13707,0.554475724697113
DBAASPS_13714,0.6799983978271484
DBAASPS_13715,0.20148611068725586
DBAASPS_13716,0.9725935459136963
DBAASPS_13717,0.9619572162628174
DBAASPS_13718,0.8500602841377258
DBAASPS_13719,0.985917866230011
DBAASPS_13720,0.5326361060142517
DBAASPS_13721,0.9821533560752869
DBAASPS_13722,0.9464783668518066
DBAASPS_13723,0.9774537086486816
DBAASPS_13724,0.7492886185646057
DBAASPS_13725,0.5131367444992065
DBAASPS_13726,0.9856643676757812
DBAASPS_13727,0.9897849559783936
DBAASPS_13729,0.9869706034660339
DBAASPS_13731,0.9896705150604248
DBAASPS_13735,0.3621160686016083
DBAASPS_13736,0.638123095035553
DBAASPS_13739,0.9887694716453552
DBAASPS_13740,0.9883889555931091
DBAASPS_13741,0.9855455160140991
DBAASPS_13742,0.9862234592437744
DBAASPS_13743,0.9883668422698975
DBAASPS_13745,0.9888371229171753
DBAASPS_13758,0.9043367505073547
DBAASPS_13762,0.9885697960853577
DBAASPS_13765,0.9890273213386536
DBAASPS_13767,0.9860966801643372
DBAASPS_13769,0.9832739233970642
DBAASPS_13772,0.9725256562232971
DBAASPS_13776,0.9877578616142273
DBAASPS_13777,0.9767733216285706
DBAASPS_13778,0.9884344339370728
DBAASPS_13786,0.013102631084620953
DBAASPR_13804,0.9676235914230347
DBAASPR_13805,0.09680016338825226
DBAASPR_13806,0.9087426066398621
DBAASPR_13807,0.983445405960083
DBAASPR_13810,0.9867945909500122
DBAASPS_13811,0.9822968244552612
DBAASPS_13812,0.9856783151626587
DBAASPS_13813,0.9795377254486084
DBAASPS_13814,0.9606776833534241
DBAASPS_13815,0.9855017066001892
DBAASPS_13816,0.9604702591896057
DBAASPS_13817,0.9863399267196655
DBAASPS_13818,0.9837130308151245
DBAASPS_13819,0.9881873726844788
DBAASPS_13820,0.9787304401397705
DBAASPS_13821,0.8549596071243286
DBAASPS_13822,0.9744810461997986
DBAASPS_13823,0.9847195744514465
DBAASPS_13824,0.9880160093307495
DBAASPS_13825,0.9161748886108398
DBAASPS_13826,0.9839638471603394
DBAASPS_13827,0.9373047351837158
DBAASPS_13828,0.7952277660369873
DBAASPS_13829,0.9816144108772278
DBAASPS_13830,0.915026843547821
DBAASPS_13835,0.9844358563423157
DBAASPS_13837,0.9888158440589905
DBAASPS_13838,0.9132391214370728
DBAASPS_13840,0.9812369346618652
DBAASPS_13841,0.9676859378814697
DBAASPS_13842,0.9095904231071472
DBAASPS_13843,0.980417788028717
DBAASPS_13844,0.9712254405021667
DBAASPS_13845,0.9481449723243713
DBAASPS_13846,0.9832691550254822
DBAASPS_13847,0.9756073355674744
DBAASPS_13848,0.9805320501327515
DBAASPS_13850,0.9894063472747803
DBAASPS_13851,0.9891491532325745
DBAASPS_13867,0.984006941318512
DBAASPR_13884,0.9768170118331909
DBAASPS_13896,0.08377207815647125
DBAASPS_13898,0.10354329645633698
DBAASPS_13899,0.09911004453897476
DBAASPS_13915,0.022035636007785797
DBAASPS_13916,0.02509336546063423
DBAASPS_13917,0.048243824392557144
DBAASPS_13918,0.04365880414843559
DBAASPS_13919,0.04031204432249069
DBAASPS_13920,0.06920881569385529
DBAASPS_13921,0.06120868772268295
DBAASPS_13922,0.039148543030023575
DBAASPS_13923,0.036222390830516815
DBAASPS_13924,0.09848913550376892
DBAASPS_13925,0.15423789620399475
DBAASPS_13926,0.03781609237194061
DBAASPS_13927,0.037061452865600586
DBAASPS_13928,0.16409572958946228
DBAASPS_13930,0.9906800389289856
DBAASPS_13931,0.8516927361488342
DBAASPS_13932,0.9633982181549072
DBAASPS_13936,0.9891474843025208
DBAASPS_13937,0.9863346815109253
DBAASPS_13938,0.9834269285202026
DBAASPS_13939,0.9887292385101318
DBAASPS_13940,0.9891196489334106
DBAASPS_13941,0.9904937744140625
DBAASPS_13942,0.990203320980072
DBAASPS_13943,0.9884440898895264
DBAASPS_13944,0.9846131801605225
DBAASPS_13945,0.988029420375824
DBAASPS_13946,0.9874663352966309
DBAASPS_13947,0.9869887828826904
DBAASPS_13948,0.986740231513977
DBAASPS_13949,0.9870054721832275
DBAASPS_13950,0.9866632223129272
DBAASPS_13951,0.9886183142662048
DBAASPS_13952,0.983905017375946
DBAASPS_13953,0.988739013671875
DBAASPS_13954,0.9871405959129333
DBAASPS_13955,0.9855907559394836
DBAASPS_13956,0.9890419840812683
DBAASPS_13957,0.9864382147789001
DBAASPS_13958,0.9880633354187012
DBAASPS_13959,0.9877304434776306
DBAASPS_13960,0.9780768156051636
DBAASPS_13961,0.9850592613220215
DBAASPS_13962,0.9862618446350098
DBAASPS_13963,0.9885031580924988
DBAASPS_13967,0.9859246015548706
DBAASPR_13972,0.9673791527748108
DBAASPS_13975,0.9607821106910706
DBAASPS_13978,0.9902545213699341
DBAASPS_13979,0.9900187253952026
DBAASPS_13980,0.9897527098655701
DBAASPS_13981,0.9904263019561768
DBAASPS_13982,0.9886266589164734
DBAASPS_13983,0.990172266960144
DBAASPS_13984,0.5776821970939636
DBAASPS_13985,0.9814554452896118
DBAASPS_13986,0.9755082130432129
DBAASPS_13987,0.8200700879096985
DBAASPS_13988,0.4744037389755249
DBAASPS_13989,0.8369960188865662
DBAASPS_13990,0.9851030707359314
DBAASPR_13996,0.670158326625824
DBAASPS_13998,0.9896655678749084
DBAASPS_13999,0.9141385555267334
DBAASPS_14000,0.9896604418754578
DBAASPS_14001,0.9890662431716919
DBAASPS_14002,0.9883226752281189
DBAASPS_14003,0.9796192646026611
DBAASPS_14004,0.8684359192848206
DBAASPS_14005,0.9890554547309875
DBAASPS_14006,0.9873594641685486
DBAASPS_14010,0.9818916916847229
DBAASPS_14011,0.974607527256012
DBAASPS_14012,0.9631338119506836
DBAASPS_14013,0.06417101621627808
DBAASPS_14014,0.18804192543029785
DBAASPS_14015,0.08811996132135391
DBAASPS_14016,0.04639527201652527
DBAASPS_14017,0.041268132627010345
DBAASPS_14018,0.15240821242332458
DBAASPS_14020,0.9886227250099182
DBAASPS_14021,0.9847849011421204
DBAASPS_14031,0.9459560513496399
DBAASPS_14032,0.9660678505897522
DBAASPS_14033,0.9760576486587524
DBAASPS_14034,0.9704671502113342
DBAASPS_14035,0.9898185729980469
DBAASPS_14040,0.9384335279464722
DBAASPS_14041,0.9904604554176331
DBAASPS_14042,0.9901251196861267
DBAASPS_14043,0.9906746745109558
DBAASPS_14045,0.9908046126365662
DBAASPS_14046,0.08335467427968979
DBAASPS_14047,0.09308694303035736
DBAASPS_14049,0.8366280198097229
DBAASPS_14050,0.08449988067150116
DBAASPS_14063,0.9827966690063477
DBAASPS_14069,0.9753174185752869
DBAASPS_14073,0.9893468022346497
DBAASPS_14074,0.6221016049385071
DBAASPS_14076,0.037151485681533813
DBAASPS_14078,0.9880278706550598
DBAASPS_14079,0.9884163737297058
DBAASPS_14080,0.9834318161010742
DBAASPS_14081,0.9893189668655396
DBAASPS_14082,0.9645636081695557
DBAASPS_14083,0.9903751015663147
DBAASPS_14084,0.973233163356781
DBAASPS_14086,0.8902671933174133
DBAASPS_14089,0.9835835695266724
DBAASPS_14091,0.9876817464828491
DBAASPS_14096,0.986436665058136
DBAASPS_14098,0.9847738146781921
DBAASPS_14101,0.9898009300231934
DBAASPS_14102,0.5758020877838135
DBAASPS_14103,0.9899255037307739
DBAASPS_14105,0.9794541597366333
DBAASPS_14107,0.9906996488571167
DBAASPS_14111,0.9897624850273132
DBAASPS_14112,0.2927778363227844
DBAASPS_14113,0.8977000713348389
DBAASPS_14114,0.9906625747680664
DBAASPS_14115,0.8489490151405334
DBAASPS_14116,0.9908348917961121
DBAASPS_14117,0.9896237850189209
DBAASPS_14118,0.9895203709602356
DBAASPS_14119,0.8131571412086487
DBAASPS_14120,0.4797030985355377
DBAASPS_14121,0.9899611473083496
DBAASPS_14122,0.9819111824035645
DBAASPS_14126,0.07759997248649597
DBAASPS_14127,0.9226920008659363
DBAASPS_14134,0.07116805762052536
DBAASPS_14135,0.02393978089094162
DBAASPS_14136,0.9907453060150146
DBAASPS_14137,0.9905954599380493
DBAASPS_14138,0.9900811910629272
DBAASPS_14139,0.9903997182846069
DBAASPS_14151,0.20924489200115204
DBAASPS_14159,0.9720764756202698
DBAASPS_14160,0.9795249104499817
DBAASPS_14161,0.9784074425697327
DBAASPS_14164,0.9908367991447449
DBAASPS_14165,0.990492045879364
DBAASPS_14174,0.983127236366272
DBAASPS_14175,0.9857479929924011
DBAASPS_14176,0.563054621219635
DBAASPS_14178,0.9881129860877991
DBAASPS_14180,0.9852463603019714
DBAASPS_14182,0.9763385653495789
DBAASPS_14183,0.9739638566970825
DBAASPS_14184,0.9756495356559753
DBAASPS_14185,0.9828206300735474
DBAASPS_14186,0.9848939776420593
DBAASPS_14190,0.9895902872085571
DBAASPS_14194,0.01956571452319622
DBAASPS_14197,0.5345937609672546
DBAASPS_14198,0.9889907836914062
DBAASPS_14199,0.9899597764015198
DBAASPS_14207,0.9874385595321655
DBAASPS_14208,0.9886981844902039
DBAASPS_14209,0.9893785119056702
DBAASPS_14214,0.9905554056167603
DBAASPS_14226,0.8772287964820862
DBAASPS_14227,0.9878699779510498
DBAASPS_14232,0.9875577092170715
DBAASPS_14235,0.9883089065551758
DBAASPS_14236,0.9880298376083374
DBAASPS_14237,0.9889736771583557
DBAASPS_14240,0.9887982606887817
DBAASPS_14241,0.984533429145813
DBAASPS_14242,0.9824913740158081
DBAASPS_14243,0.9892084002494812
DBAASPR_14244,0.2588542699813843
DBAASPS_14245,0.9273477792739868
DBAASPS_14246,0.883661687374115
DBAASPS_14247,0.9742626547813416
DBAASPS_14248,0.9874553084373474
DBAASPS_14258,0.988589346408844
DBAASPS_14274,0.9806241393089294
DBAASPS_14276,0.17616243660449982
DBAASPS_14277,0.1537560522556305
DBAASPS_14278,0.782791018486023
DBAASPS_14279,0.2662070095539093
DBAASPS_14301,0.9904462695121765
DBAASPS_14302,0.9907295107841492
DBAASPS_14303,0.990356981754303
DBAASPS_14304,0.9902905225753784
DBAASPR_14313,0.947434663772583
DBAASPR_14314,0.9532933831214905
DBAASPR_14315,0.821947455406189
DBAASPR_14316,0.9642754793167114
DBAASPS_14319,0.9908305406570435
DBAASPS_14321,0.44569459557533264
DBAASPS_14323,0.8889879584312439
DBAASPS_14325,0.7916457653045654
DBAASPS_14326,0.9849562048912048
DBAASPS_14327,0.9027814865112305
DBAASPS_14329,0.9025547504425049
DBAASPS_14330,0.882796049118042
DBAASPS_14333,0.29445645213127136
DBAASPS_14372,0.97591632604599
DBAASPS_14392,0.9832209944725037
DBAASPS_14393,0.21606853604316711
DBAASPS_14398,0.9897109270095825
DBAASPS_14399,0.5910226106643677
DBAASPS_14400,0.8055849671363831
DBAASPS_14404,0.9884106516838074
DBAASPS_14405,0.9875652194023132
DBAASPS_14406,0.9583035707473755
DBAASPS_14407,0.3308398723602295
DBAASPS_14408,0.5710092782974243
DBAASPS_14409,0.2377205789089203
DBAASPS_14410,0.9343671202659607
DBAASPS_14411,0.5893732309341431
DBAASPS_14426,0.974487841129303
DBAASPS_14432,0.02603442408144474
DBAASPS_14433,0.14538352191448212
DBAASPS_14434,0.7016133666038513
DBAASPS_14435,0.9764814376831055
DBAASPS_14436,0.989178478717804
DBAASPS_14437,0.989178478717804
DBAASPS_14438,0.989178478717804
DBAASPS_14439,0.989809513092041
DBAASPS_14440,0.9891383051872253
DBAASPS_14441,0.9904765486717224
DBAASPS_14442,0.9860213398933411
DBAASPS_14443,0.9858560562133789
DBAASPS_14444,0.9824721217155457
DBAASPS_14445,0.9827185273170471
DBAASPS_14450,0.9866365790367126
DBAASPS_14497,0.9560235738754272
DBAASPS_14501,0.9807026982307434
DBAASPS_14502,0.9799795746803284
DBAASPS_14503,0.9860641360282898
DBAASPS_14507,0.9858539700508118
DBAASPS_14509,0.978829562664032
DBAASPS_14512,0.9860661029815674
DBAASPS_14513,0.9843065142631531
DBAASPS_14514,0.9855921864509583
DBAASPS_14515,0.9862309098243713
DBAASPS_14516,0.9844477772712708
DBAASPS_14517,0.9852564334869385
DBAASPS_14523,0.9879753589630127
DBAASPS_14524,0.935512363910675
DBAASPS_14525,0.9861457943916321
DBAASPS_14526,0.9856791496276855
DBAASPS_14527,0.9875195026397705
DBAASPS_14534,0.9858582615852356
DBAASPS_14535,0.9871993660926819
DBAASPS_14536,0.9858378171920776
DBAASPS_14537,0.9869089126586914
DBAASPS_14538,0.9856948852539062
DBAASPS_14545,0.9723463654518127
DBAASPS_14546,0.9846862554550171
DBAASPS_14547,0.9779266715049744
DBAASPS_14548,0.9811549186706543
DBAASPS_14549,0.9504046440124512
DBAASPS_14550,0.9770666360855103
DBAASPS_14551,0.9854816794395447
DBAASPS_14552,0.9875509738922119
DBAASPS_14553,0.9861198663711548
DBAASPS_14554,0.9675489068031311
DBAASPS_14555,0.9443352222442627
DBAASPS_14556,0.9434365034103394
DBAASPS_14557,0.986596941947937
DBAASPS_14558,0.9869429469108582
DBAASPS_14559,0.9852390289306641
DBAASPS_14560,0.9693859815597534
DBAASPS_14561,0.9525172114372253
DBAASPS_14562,0.9559513926506042
DBAASPS_14563,0.9847567677497864
DBAASPS_14564,0.9883097410202026
DBAASPS_14565,0.9879711270332336
DBAASPS_14566,0.9620240926742554
DBAASPS_14567,0.9700990915298462
DBAASPS_14568,0.9388877153396606
DBAASPS_14569,0.9844954609870911
DBAASPS_14570,0.9868831634521484
DBAASPS_14571,0.9878843426704407
DBAASPS_14572,0.9780405759811401
DBAASPS_14573,0.9647091627120972
DBAASPS_14574,0.9705501794815063
DBAASPS_14575,0.8208830952644348
DBAASPS_14576,0.8770574331283569
DBAASPS_14577,0.6162242889404297
DBAASPS_14578,0.9558444619178772
DBAASPS_14579,0.874008059501648
DBAASPS_14580,0.9691441655158997
DBAASPS_14581,0.9822521209716797
DBAASPS_14582,0.9848750233650208
DBAASPS_14585,0.9846779704093933
DBAASPS_14586,0.9750919938087463
DBAASPS_14587,0.9855419993400574
DBAASPS_14588,0.9833054542541504
DBAASPS_14589,0.9837392568588257
DBAASPS_14590,0.982042670249939
DBAASPS_14591,0.9872573614120483
DBAASPS_14592,0.9881370663642883
DBAASPS_14593,0.9887758493423462
DBAASPS_14594,0.9863388538360596
DBAASPS_14596,0.9862847328186035
DBAASPS_14597,0.9875917434692383
DBAASPS_14598,0.9862663149833679
DBAASPS_14599,0.985984742641449
DBAASPS_14600,0.9877162575721741
DBAASPS_14601,0.9877791404724121
DBAASPS_14602,0.9863571524620056
DBAASPS_14603,0.9870421290397644
DBAASPS_14604,0.9838653802871704
DBAASPS_14605,0.9845653176307678
DBAASPR_14617,0.8444656133651733
DBAASPS_14628,0.9847675561904907
DBAASPS_14629,0.9896008968353271
DBAASPS_14630,0.9899065494537354
DBAASPS_14631,0.9695301055908203
DBAASPS_14632,0.9847182035446167
DBAASPS_14633,0.988055408000946
DBAASPS_14642,0.9694690108299255
DBAASPS_14643,0.8325871229171753
DBAASPS_14644,0.9781234860420227
DBAASPS_14645,0.9861226677894592
DBAASPS_14650,0.9907964468002319
DBAASPS_14657,0.9856964349746704
DBAASPS_14658,0.9748135805130005
DBAASPS_14659,0.9841681122779846
DBAASPS_14670,0.031026247888803482
DBAASPS_14672,0.07480351626873016
DBAASPS_14674,0.9899027347564697
DBAASPS_14676,0.2391066998243332
DBAASPS_14678,0.9898467659950256
DBAASPS_14679,0.058069970458745956
DBAASPS_14680,0.07848816365003586
DBAASPS_14681,0.05202994868159294
DBAASPS_14682,0.09672558307647705
DBAASPS_14683,0.13842691481113434
DBAASPS_14684,0.11723365634679794
DBAASPS_14685,0.06944487988948822
DBAASPS_14686,0.08749576658010483
DBAASPS_14687,0.07789060473442078
DBAASPS_14688,0.06373761594295502
DBAASPS_14689,0.14372491836547852
DBAASPS_14690,0.27643024921417236
DBAASPS_14691,0.08830495178699493
DBAASPS_14693,0.11762194335460663
DBAASPS_14696,0.3160359263420105
DBAASPS_14704,0.9871488809585571
DBAASPS_14705,0.989223837852478
DBAASPS_14707,0.9365774989128113
DBAASPS_14708,0.9601195454597473
DBAASPS_14710,0.9732412099838257
DBAASPS_14711,0.9785403609275818
DBAASPS_14712,0.9870247840881348
DBAASPS_14713,0.988507091999054
DBAASPS_14714,0.8030625581741333
DBAASPS_14715,0.9801487326622009
DBAASPS_14721,0.3428848385810852
DBAASPS_14724,0.9876142740249634
DBAASPS_14739,0.9806764721870422
DBAASPS_14741,0.9868173003196716
DBAASPS_14743,0.9779386520385742
DBAASPN_14747,0.06322310864925385
DBAASPN_14748,0.14563755691051483
DBAASPN_14749,0.09472203999757767
DBAASPN_14750,0.10757949203252792
DBAASPN_14751,0.06407198309898376
DBAASPN_14752,0.06037352606654167
DBAASPS_14753,0.07744484394788742
DBAASPS_14755,0.24608756601810455
DBAASPS_14757,0.26836302876472473
DBAASPS_14760,0.03589337319135666
DBAASPS_14761,0.5417398810386658
DBAASPS_14763,0.3470703959465027
DBAASPN_14764,0.07805777341127396
DBAASPS_14765,0.08114651590585709
DBAASPS_14766,0.11122739315032959
DBAASPS_14767,0.10410173237323761
DBAASPS_14770,0.02115410752594471
DBAASPS_14771,0.019989287480711937
DBAASPS_14772,0.02695632167160511
DBAASPS_14773,0.02358958311378956
DBAASPS_14774,0.047292932868003845
DBAASPS_14775,0.6587897539138794
DBAASPS_14776,0.04432638734579086
DBAASPS_14777,0.20107866823673248
DBAASPS_14778,0.22737851738929749
DBAASPS_14780,0.990094006061554
DBAASPS_14781,0.9902440309524536
DBAASPS_14783,0.9902728796005249
DBAASPS_14784,0.990317165851593
DBAASPS_14785,0.9899695515632629
DBAASPS_14787,0.9890733361244202
DBAASPS_14793,0.9598942995071411
DBAASPS_14795,0.7474010586738586
DBAASPS_14796,0.8567329049110413
DBAASPS_14797,0.947787880897522
DBAASPS_14798,0.41452887654304504
DBAASPS_14799,0.4351953864097595
DBAASPS_14800,0.9400047063827515
DBAASPS_14801,0.6257601976394653
DBAASPS_14802,0.8712007403373718
DBAASPS_14811,0.5735662579536438
DBAASPS_14817,0.8628965020179749
DBAASPS_14819,0.3554627299308777
DBAASPS_14820,0.4200199544429779
DBAASPS_14821,0.7508082985877991
DBAASPS_14822,0.8254269957542419
DBAASPS_14824,0.9263613224029541
DBAASPS_14826,0.03463531285524368
DBAASPS_14827,0.09861558675765991
DBAASPS_14832,0.049552638083696365
DBAASPS_14833,0.38915935158729553
DBAASPR_14834,0.013529106043279171
DBAASPS_14844,0.9749133586883545
DBAASPS_14845,0.5942051410675049
DBAASPS_14846,0.7600292563438416
DBAASPS_14847,0.9636237025260925
DBAASPS_14848,0.9541642069816589
DBAASPS_14849,0.9706037640571594
DBAASPS_14850,0.9361898899078369
DBAASPS_14851,0.8575618863105774
DBAASPS_14852,0.38973766565322876
DBAASPS_14853,0.32674625515937805
DBAASPS_14854,0.9583895802497864
DBAASPS_14855,0.9263613224029541
DBAASPS_14856,0.9263613224029541
DBAASPS_14857,0.9495172500610352
DBAASPS_14858,0.9224495887756348
DBAASPS_14859,0.9555261135101318
DBAASPS_14860,0.9325591921806335
DBAASPN_14861,0.11694207787513733
DBAASPN_14863,0.2270541936159134
DBAASPS_14867,0.9891993999481201
DBAASPS_14868,0.988086462020874
DBAASPS_14869,0.989266574382782
DBAASPN_14870,0.07771988958120346
DBAASPS_14872,0.9882326722145081
DBAASPS_14873,0.9736708402633667
DBAASPS_14874,0.9871254563331604
DBAASPS_14875,0.9849258661270142
DBAASPS_14876,0.9800261855125427
DBAASPS_14877,0.9697715044021606
DBAASPS_14878,0.9778915643692017
DBAASPS_14879,0.9792574048042297
DBAASPS_14880,0.9839238524436951
DBAASPS_14881,0.9830511212348938
DBAASPS_14882,0.9750742316246033
DBAASPS_14883,0.9812379479408264
DBAASPS_14884,0.9832338690757751
DBAASPS_14885,0.9849460124969482
DBAASPS_14889,0.9875791668891907
DBAASPS_14896,0.9833628535270691
DBAASPS_14897,0.9809587597846985
DBAASPS_14899,0.9783848524093628
DBAASPS_14900,0.9823353886604309
DBAASPS_14902,0.9801588654518127
DBAASPS_14949,0.957281768321991
DBAASPS_14950,0.9896832704544067
DBAASPS_14952,0.9651367664337158
DBAASPS_14953,0.9872804880142212
DBAASPS_14958,0.79437255859375
DBAASPS_14959,0.9516388177871704
DBAASPS_14960,0.7011335492134094
DBAASPS_14964,0.9899434447288513
DBAASPS_14965,0.9906478524208069
DBAASPS_14966,0.990522563457489
DBAASPS_14967,0.9597640037536621
DBAASPR_14968,0.9861469268798828
DBAASPR_14969,0.9902980923652649
DBAASPR_14970,0.9763041734695435
DBAASPS_14971,0.15842804312705994
DBAASPS_14972,0.3195815980434418
DBAASPS_14973,0.8159165978431702
DBAASPS_14991,0.9841988682746887
DBAASPS_14992,0.9882600903511047
DBAASPS_14993,0.98932945728302
DBAASPS_14994,0.9898077845573425
DBAASPS_14995,0.990282416343689
DBAASPS_14996,0.990455150604248
DBAASPS_14997,0.9883986711502075
DBAASPS_14998,0.9900882840156555
DBAASPS_14999,0.9902963042259216
DBAASPR_15000,0.9050339460372925
DBAASPR_15001,0.10121876001358032
DBAASPR_15002,0.975749135017395
DBAASPR_15004,0.020923541858792305
DBAASPR_15005,0.16635748744010925
DBAASPR_15006,0.05767282471060753
DBAASPS_15007,0.1434508115053177
DBAASPS_15008,0.9864193797111511
DBAASPS_15020,0.9832838177680969
DBAASPS_15029,0.9701091051101685
DBAASPS_15034,0.9586185812950134
DBAASPS_15035,0.9731581211090088
DBAASPS_15036,0.9874056577682495
DBAASPS_15044,0.9831079244613647
DBAASPS_15049,0.9599052667617798
DBAASPS_15051,0.9201537370681763
DBAASPS_15053,0.9874853491783142
DBAASPS_15054,0.9672685265541077
DBAASPS_15055,0.9734171628952026
DBAASPS_15057,0.9840759634971619
DBAASPS_15058,0.9814314842224121
DBAASPS_15059,0.981127917766571
DBAASPS_15060,0.9890672564506531
DBAASPS_15061,0.9849699139595032
DBAASPS_15062,0.9589546918869019
DBAASPS_15063,0.9898383021354675
DBAASPS_15064,0.9665523767471313
DBAASPS_15065,0.9647794365882874
DBAASPS_15066,0.9857579469680786
DBAASPS_15069,0.9897330403327942
DBAASPS_15070,0.9901588559150696
DBAASPS_15071,0.9768103957176208
DBAASPS_15072,0.9843087196350098
DBAASPS_15073,0.9599229097366333
DBAASPS_15074,0.6196331977844238
DBAASPS_15075,0.8862912058830261
DBAASPS_15082,0.9633511304855347
DBAASPS_15084,0.7750489115715027
DBAASPS_15086,0.9754607677459717
DBAASPS_15087,0.9637547731399536
DBAASPS_15088,0.9684276580810547
DBAASPS_15089,0.9513632655143738
DBAASPS_15090,0.9899446368217468
DBAASPS_15091,0.9858818650245667
DBAASPS_15092,0.990585207939148
DBAASPS_15093,0.9848988652229309
DBAASPS_15097,0.02298271656036377
DBAASPS_15098,0.09173667430877686
DBAASPS_15100,0.02298271656036377
DBAASPS_15102,0.9431257843971252
DBAASPS_15104,0.9549627900123596
DBAASPS_15105,0.7919639945030212
DBAASPS_15106,0.018492817878723145
DBAASPS_15107,0.9886124730110168
DBAASPS_15114,0.9100983142852783
DBAASPS_15115,0.11212219297885895
DBAASPS_15116,0.10587999224662781
DBAASPS_15117,0.10661429166793823
DBAASPS_15118,0.24480529129505157
DBAASPS_15119,0.988440215587616
DBAASPS_15120,0.9887713193893433
DBAASPS_15121,0.9734390377998352
DBAASPS_15122,0.9878512024879456
DBAASPS_15123,0.9860865473747253
DBAASPS_15124,0.26185739040374756
DBAASPS_15125,0.5642714500427246
DBAASPS_15126,0.9515824913978577
DBAASPS_15127,0.26743176579475403
DBAASPS_15128,0.049580901861190796
DBAASPS_15129,0.4087759554386139
DBAASPS_15130,0.9892460703849792
DBAASPS_15131,0.2803550362586975
DBAASPS_15132,0.6800130009651184
DBAASPS_15144,0.9486390948295593
DBAASPS_15145,0.6083933115005493
DBAASPS_15146,0.9816324710845947
DBAASPS_15147,0.1401088386774063
DBAASPS_15148,0.15658262372016907
DBAASPS_15149,0.06444793939590454
DBAASPS_15150,0.07575768977403641
DBAASPS_15151,0.05385090783238411
DBAASPS_15163,0.8568288087844849
DBAASPS_15165,0.7649305462837219
DBAASPS_15167,0.246538445353508
DBAASPS_15169,0.3965456187725067
DBAASPS_15170,0.020058177411556244
DBAASPS_15171,0.2910408675670624
DBAASPS_15176,0.9814400672912598
DBAASPS_15178,0.973085343837738
DBAASPS_15179,0.9694170355796814
DBAASPS_15180,0.296213835477829
DBAASPS_15184,0.882847249507904
DBAASPS_15185,0.9862579703330994
DBAASPS_15186,0.9825607538223267
DBAASPS_15187,0.9692659378051758
DBAASPS_15188,0.9895162582397461
DBAASPS_15189,0.9889387488365173
DBAASPS_15190,0.9878254532814026
DBAASPS_15191,0.9903896450996399
DBAASPS_15192,0.9870985150337219
DBAASPS_15193,0.9899244904518127
DBAASPS_15194,0.9905860424041748
DBAASPS_15195,0.9888551831245422
DBAASPS_15197,0.9897801280021667
DBAASPS_15212,0.9760231375694275
DBAASPS_15239,0.9787166714668274
DBAASPS_15240,0.9643069505691528
DBAASPS_15258,0.022515464574098587
DBAASPS_15259,0.03120233491063118
DBAASPS_15260,0.09900020807981491
DBAASPS_15261,0.018028801307082176
DBAASPS_15264,0.9893180131912231
DBAASPS_15281,0.9338488578796387
DBAASPS_15283,0.6538896560668945
DBAASPS_15285,0.3738155961036682
DBAASPS_15287,0.21100249886512756
DBAASPS_15289,0.04962414875626564
DBAASPS_15291,0.028751906007528305
DBAASPS_15293,0.0981367900967598
DBAASPS_15352,0.7285966873168945
DBAASPS_15353,0.3376094102859497
DBAASPS_15354,0.34685543179512024
DBAASPS_15362,0.10904786735773087
DBAASPS_15372,0.042868394404649734
DBAASPS_15374,0.022508155554533005
DBAASPS_15405,0.0969763994216919
DBAASPS_15406,0.9511476755142212
DBAASPS_15407,0.010938416235148907
DBAASPS_15409,0.023792492225766182
DBAASPS_15410,0.9556261897087097
DBAASPS_15412,0.20636409521102905
DBAASPS_15432,0.03196866065263748
DBAASPS_15433,0.028407007455825806
DBAASPS_15457,0.02805977873504162
DBAASPS_15458,0.02428574673831463
DBAASPS_15459,0.019569700583815575
DBAASPS_15516,0.1794249415397644
DBAASPS_15519,0.07870116829872131
DBAASPS_15555,0.014598491601645947
DBAASPS_15572,0.5350419282913208
DBAASPS_15573,0.3516051173210144
DBAASPS_15574,0.4197814166545868
DBAASPS_15575,0.06277832388877869
DBAASPS_15576,0.07338979095220566
DBAASPS_15578,0.14396122097969055
DBAASPS_15579,0.5246416926383972
DBAASPS_15595,0.9157352447509766
DBAASPS_15596,0.9867298603057861
DBAASPS_15597,0.9792156219482422
DBAASPS_15598,0.9838735461235046
DBAASPS_15599,0.7659696936607361
DBAASPS_15610,0.042546387761831284
DBAASPR_15626,0.517365038394928
DBAASPS_15627,0.5819535255432129
DBAASPS_15628,0.8176504969596863
DBAASPS_15629,0.9413027167320251
DBAASPS_15630,0.9314771890640259
DBAASPS_15631,0.9432634711265564
DBAASPS_15632,0.9820693135261536
DBAASPR_15633,0.987276017665863
DBAASPS_15634,0.9893204569816589
DBAASPS_15635,0.9868903160095215
DBAASPS_15639,0.5008034110069275
DBAASPS_15640,0.08988863229751587
DBAASPS_15641,0.15530143678188324
DBAASPS_15643,0.049639374017715454
DBAASPS_15645,0.024590328335762024
DBAASPS_15646,0.10001705586910248
DBAASPS_15647,0.10780736058950424
DBAASPS_15669,0.60897296667099
DBAASPS_15671,0.7721197009086609
DBAASPS_15673,0.4338550865650177
DBAASPS_15692,0.06139369681477547
DBAASPS_15719,0.05467594787478447
DBAASPS_15727,0.7048564553260803
DBAASPS_15729,0.9064562916755676
DBAASPS_15732,0.4435340464115143
DBAASPS_15733,0.07214973866939545
DBAASPS_15736,0.9021144509315491
DBAASPS_15738,0.9554280638694763
DBAASPS_15739,0.9759164452552795
DBAASPS_15743,0.09683915972709656
DBAASPS_15744,0.09239743649959564
DBAASPS_15793,0.22992758452892303
DBAASPS_15797,0.4478040635585785
DBAASPS_15798,0.9768780469894409
DBAASPS_15799,0.8952688574790955
DBAASPS_15800,0.757439374923706
DBAASPS_15804,0.04663655906915665
DBAASPS_15822,0.7671267986297607
DBAASPS_15823,0.9106971621513367
DBAASPS_15829,0.8695740103721619
DBAASPS_15834,0.892839252948761
DBAASPS_15835,0.6408838033676147
DBAASPS_15836,0.962020218372345
DBAASPS_15837,0.9011858105659485
DBAASPS_15838,0.895013153553009
DBAASPS_15843,0.9895713925361633
DBAASPS_15844,0.9899550080299377
DBAASPS_15845,0.9879835844039917
DBAASPS_15846,0.9892937541007996
DBAASPS_15847,0.9893509149551392
DBAASPS_15848,0.9899140000343323
DBAASPS_15849,0.989486813545227
DBAASPS_15850,0.21653729677200317
DBAASPS_15855,0.06445956975221634
DBAASPS_15856,0.0510067492723465
DBAASPR_15857,0.968131959438324
DBAASPS_15867,0.9878107905387878
DBAASPS_15868,0.9862188696861267
DBAASPS_15869,0.9896174669265747
DBAASPS_15875,0.9777618646621704
DBAASPS_15876,0.9286110997200012
DBAASPS_15877,0.48991337418556213
DBAASPS_15878,0.229040265083313
DBAASPS_15879,0.11377253383398056
DBAASPS_15881,0.9612106680870056
DBAASPS_15882,0.9500530362129211
DBAASPS_15883,0.9754694700241089
DBAASPS_15884,0.9348004460334778
DBAASPS_15885,0.9867385625839233
DBAASPS_15886,0.979943573474884
DBAASPS_15887,0.9527624249458313
DBAASPS_15888,0.9854332804679871
DBAASPS_15889,0.9861559271812439
DBAASPS_15890,0.9872540831565857
DBAASPS_15891,0.9856201410293579
DBAASPS_15892,0.9856083989143372
DBAASPS_15893,0.3667953610420227
DBAASPS_15894,0.42601796984672546
DBAASPS_15895,0.05566365271806717
DBAASPS_15896,0.1855914294719696
DBAASPS_15897,0.10672775655984879
DBAASPS_15898,0.18934661149978638
DBAASPS_15900,0.5928555727005005
DBAASPS_15901,0.9202941060066223
DBAASPS_15902,0.7564810514450073
DBAASPS_15903,0.8766747117042542
DBAASPS_15904,0.9407409429550171
DBAASPS_15907,0.9647059440612793
DBAASPS_15915,0.9893295764923096
DBAASPS_15917,0.9906404614448547
DBAASPS_15920,0.9900393486022949
DBAASPS_15921,0.9906377196311951
DBAASPS_15922,0.9897640347480774
DBAASPS_15924,0.9899682998657227
DBAASPS_15925,0.9896557927131653
DBAASPS_15926,0.9870936274528503
DBAASPS_15927,0.9900524020195007
DBAASPS_15928,0.9898366928100586
DBAASPS_15929,0.9864956140518188
DBAASPS_15930,0.9904797077178955
DBAASPS_15931,0.9880998730659485
DBAASPS_15934,0.6172690987586975
DBAASPS_15935,0.6406298279762268
DBAASPS_15936,0.9553354978561401
DBAASPS_15938,0.9840050935745239
DBAASPS_15939,0.9746091961860657
DBAASPS_15940,0.9764511585235596
DBAASPS_15941,0.9456095099449158
DBAASPS_15942,0.9900797009468079
DBAASPS_15943,0.9900293946266174
DBAASPS_15944,0.9904043674468994
DBAASPS_15945,0.9896454811096191
DBAASPS_15946,0.989065945148468
DBAASPS_15947,0.9738474488258362
DBAASPS_15948,0.9675002098083496
DBAASPS_15949,0.9722106456756592
DBAASPS_15950,0.9644914269447327
DBAASPS_15952,0.9889047741889954
DBAASPS_15953,0.9879167079925537
DBAASPS_15954,0.987739086151123
DBAASPS_15955,0.9906403422355652
DBAASPS_15957,0.9906005859375
DBAASPS_15958,0.9868280291557312
DBAASPS_15959,0.9876112341880798
DBAASPS_15960,0.9833746552467346
DBAASPS_15961,0.9892476797103882
DBAASPS_15962,0.9902015328407288
DBAASPS_15963,0.9907177686691284
DBAASPS_15965,0.9894875288009644
DBAASPS_15974,0.9891793727874756
DBAASPS_15975,0.9800537824630737
DBAASPS_15976,0.9866936206817627
DBAASPS_15977,0.9781187176704407
DBAASPS_15978,0.990807294845581
DBAASPS_15979,0.9906277060508728
DBAASPS_15980,0.9857447147369385
DBAASPS_15981,0.9895022511482239
DBAASPS_15982,0.9894528388977051
DBAASPS_15983,0.9874604344367981
DBAASPS_15984,0.9895885586738586
DBAASPS_15985,0.20533080399036407
DBAASPS_15986,0.9902696013450623
DBAASPS_15987,0.9835892915725708
DBAASPS_15988,0.9893289804458618
DBAASPS_15989,0.9893462061882019
DBAASPS_15995,0.9893046617507935
DBAASPS_15996,0.752435564994812
DBAASPS_15997,0.1630369871854782
DBAASPS_15998,0.9793053865432739
DBAASPS_15999,0.2715446949005127
DBAASPS_16000,0.6469127535820007
DBAASPS_16001,0.9828075766563416
DBAASPS_16002,0.980925977230072
DBAASPS_16003,0.9343389868736267
DBAASPS_16004,0.9807008504867554
DBAASPS_16005,0.08635138720273972
DBAASPS_16006,0.9905205368995667
DBAASPS_16007,0.9878509640693665
DBAASPS_16008,0.9851763248443604
DBAASPS_16009,0.9892897605895996
DBAASPS_16010,0.9880780577659607
DBAASPS_16011,0.9897435307502747
DBAASPS_16012,0.9880415797233582
DBAASPS_16013,0.9772776961326599
DBAASPS_16014,0.9870550632476807
DBAASPS_16015,0.989997148513794
DBAASPS_16016,0.9900258183479309
DBAASPS_16017,0.9893510937690735
DBAASPS_16018,0.9904098510742188
DBAASPS_16019,0.9771848917007446
DBAASPS_16021,0.9205227494239807
DBAASPS_16022,0.780692994594574
DBAASPS_16023,0.9601413607597351
DBAASPS_16024,0.9756384491920471
DBAASPS_16025,0.9883759021759033
DBAASPS_16026,0.9886342883110046
DBAASPS_16034,0.8807581663131714
DBAASPS_16035,0.9832598567008972
DBAASPS_16036,0.9889153838157654
DBAASPS_16037,0.9898505806922913
DBAASPS_16038,0.9900190234184265
DBAASPS_16039,0.9891694188117981
DBAASPS_16040,0.9899779558181763
DBAASPS_16052,0.1093517392873764
DBAASPS_16053,0.11736559867858887
DBAASPS_16054,0.9885129332542419
DBAASPS_16058,0.16712234914302826
DBAASPS_16059,0.4147084951400757
DBAASPS_16060,0.8922560214996338
DBAASPS_16061,0.9746782779693604
DBAASPS_16065,0.9839609861373901
DBAASPS_16071,0.9067597985267639
DBAASPS_16072,0.9751924276351929
DBAASPS_16073,0.8944244384765625
DBAASPS_16074,0.9683123230934143
DBAASPS_16082,0.9892200827598572
DBAASPS_16088,0.9892262816429138
DBAASPS_16090,0.976224958896637
DBAASPS_16094,0.6772522330284119
DBAASPS_16095,0.8808419108390808
DBAASPS_16096,0.8948209881782532
DBAASPR_16099,0.12439515441656113
DBAASPR_16100,0.14040279388427734
DBAASPS_16104,0.9597710371017456
DBAASPS_16111,0.9874365925788879
DBAASPS_16114,0.9602169990539551
DBAASPS_16117,0.07875080406665802
DBAASPS_16118,0.9681505560874939
DBAASPS_16119,0.020426437258720398
DBAASPS_16121,0.9891001582145691
DBAASPS_16122,0.990088701248169
DBAASPS_16124,0.9895817041397095
DBAASPS_16125,0.988490641117096
DBAASPS_16126,0.9890749454498291
DBAASPS_16127,0.9886419773101807
DBAASPS_16128,0.9893015623092651
DBAASPS_16129,0.988750696182251
DBAASPS_16130,0.9898398518562317
DBAASPS_16131,0.9900510907173157
DBAASPS_16132,0.0711575523018837
DBAASPS_16133,0.04071085900068283
DBAASPS_16134,0.03350064530968666
DBAASPS_16135,0.028533337637782097
DBAASPS_16136,0.10005232691764832
DBAASPS_16138,0.08079220354557037
DBAASPS_16139,0.9832540154457092
DBAASPS_16140,0.9842992424964905
DBAASPS_16141,0.989762544631958
DBAASPS_16142,0.9864804744720459
DBAASPS_16144,0.03582632541656494
DBAASPS_16145,0.05243790149688721
DBAASPS_16146,0.06388388574123383
DBAASPS_16147,0.09291552007198334
DBAASPS_16148,0.3151877820491791
DBAASPS_16149,0.9859898686408997
DBAASPS_16150,0.990024209022522
DBAASPS_16151,0.9907280802726746
DBAASPS_16154,0.9776042699813843
DBAASPS_16155,0.9825330972671509
DBAASPS_16156,0.989090621471405
DBAASPS_16157,0.9896472096443176
DBAASPS_16158,0.986901044845581
DBAASPS_16159,0.9882093667984009
DBAASPS_16160,0.9867895841598511
DBAASPS_16161,0.987877368927002
DBAASPR_16167,0.6607034206390381
DBAASPS_16169,0.25988250970840454
DBAASPS_16170,0.3731982707977295
DBAASPS_16171,0.8810285925865173
DBAASPS_16172,0.37324097752571106
DBAASPS_16175,0.9827712774276733
DBAASPS_16176,0.9849860072135925
DBAASPS_16182,0.9842153191566467
DBAASPS_16183,0.8879740834236145
DBAASPS_16184,0.9224581718444824
DBAASPS_16185,0.9296249747276306
DBAASPS_16186,0.7488844990730286
DBAASPS_16187,0.6490999460220337
DBAASPS_16188,0.9887949228286743
DBAASPS_16189,0.9867413640022278
DBAASPS_16190,0.98972088098526
DBAASPS_16191,0.9351286292076111
DBAASPS_16192,0.9873071908950806
DBAASPS_16193,0.8603935837745667
DBAASPR_16194,0.9893145561218262
DBAASPS_16196,0.9897749423980713
DBAASPS_16197,0.989948034286499
DBAASPS_16198,0.7820949554443359
DBAASPS_16199,0.9737185835838318
DBAASPS_16200,0.9864267110824585
DBAASPS_16201,0.9754114151000977
DBAASPS_16202,0.9876124858856201
DBAASPS_16203,0.9270183444023132
DBAASPS_16204,0.057912491261959076
DBAASPS_16205,0.8941514492034912
DBAASPS_16207,0.7608649730682373
DBAASPS_16209,0.982808530330658
DBAASPS_16211,0.30256521701812744
DBAASPS_16213,0.9726130366325378
DBAASPS_16215,0.23132027685642242
DBAASPS_16217,0.1998801827430725
DBAASPS_16219,0.970816969871521
DBAASPS_16221,0.9089680314064026
DBAASPS_16223,0.8939966559410095
DBAASPS_16224,0.9108216166496277
DBAASPS_16225,0.9445982575416565
DBAASPS_16227,0.9475463628768921
DBAASPS_16229,0.102069191634655
DBAASPS_16231,0.977165162563324
DBAASPS_16233,0.9878207445144653
DBAASPS_16244,0.9856244325637817
DBAASPS_16245,0.9869033098220825
DBAASPS_16246,0.9853411316871643
DBAASPS_16247,0.9909200668334961
DBAASPS_16248,0.31313076615333557
DBAASPS_16254,0.7151428461074829
DBAASPS_16269,0.9783347249031067
DBAASPS_16302,0.2179260104894638
DBAASPS_16320,0.8961004614830017
DBAASPS_16323,0.5944611430168152
DBAASPS_16324,0.8592608571052551
DBAASPS_16325,0.8039957880973816
DBAASPS_16326,0.9897961020469666
DBAASPS_16327,0.9842531085014343
DBAASPS_16328,0.9436424374580383
DBAASPS_16329,0.9679207801818848
DBAASPS_16330,0.9745006561279297
DBAASPR_16334,0.32985344529151917
DBAASPR_16335,0.6939523816108704
DBAASPS_16336,0.9604702591896057
DBAASPS_16340,0.9887235760688782
DBAASPS_16346,0.9874200224876404
DBAASPS_16350,0.9810532927513123
DBAASPS_16356,0.823772668838501
DBAASPS_16357,0.9827002882957458
DBAASPS_16358,0.971234917640686
DBAASPS_16359,0.9883806705474854
DBAASPS_16369,0.39130792021751404
DBAASPS_16370,0.2544853687286377
DBAASPS_16371,0.3169185519218445
DBAASPS_16372,0.22558581829071045
DBAASPS_16373,0.3243270218372345
DBAASPS_16374,0.8262796998023987
DBAASPS_16375,0.5906921625137329
DBAASPS_16376,0.6089081168174744
DBAASPS_16377,0.9756844639778137
DBAASPS_16378,0.060276854783296585
DBAASPS_16379,0.05069145932793617
DBAASPS_16380,0.04093229025602341
DBAASPS_16381,0.03641819953918457
DBAASPS_16382,0.03654422610998154
DBAASPS_16383,0.21602708101272583
DBAASPS_16384,0.06362466514110565
DBAASPS_16385,0.10762473940849304
DBAASPS_16386,0.08613362908363342
DBAASPS_16387,0.10090907663106918
DBAASPR_16388,0.8270535469055176
DBAASPR_16389,0.9894055128097534
DBAASPR_16390,0.9784116744995117
DBAASPS_16395,0.9875252842903137
DBAASPS_16397,0.9908611178398132
DBAASPS_16398,0.9909341335296631
DBAASPS_16399,0.9904314279556274
DBAASPS_16400,0.9904026985168457
DBAASPS_16401,0.9903321862220764
DBAASPS_16402,0.9902138113975525
DBAASPS_16403,0.9898553490638733
DBAASPS_16404,0.9902149438858032
DBAASPS_16405,0.9899399876594543
DBAASPS_16406,0.9908196330070496
DBAASPS_16407,0.9864459037780762
DBAASPS_16408,0.9867660999298096
DBAASPS_16409,0.9870362877845764
DBAASPS_16410,0.9869217872619629
DBAASPS_16411,0.05540749430656433
DBAASPS_16412,0.9552162289619446
DBAASPS_16413,0.9847016334533691
DBAASPS_16414,0.9885983467102051
DBAASPS_16415,0.9898420572280884
DBAASPS_16416,0.9126291275024414
DBAASPS_16417,0.9691777229309082
DBAASPS_16418,0.979404091835022
DBAASPS_16419,0.9837684035301208
DBAASPS_16420,0.9004296660423279
DBAASPS_16421,0.9577009081840515
DBAASPS_16422,0.9725452065467834
DBAASPS_16423,0.9795117378234863
DBAASPS_16424,0.8764927983283997
DBAASPS_16425,0.947314977645874
DBAASPS_16426,0.9665149450302124
DBAASPS_16427,0.9758870005607605
DBAASPS_16428,0.9856643080711365
DBAASPS_16429,0.99028080701828
DBAASPS_16430,0.9907920360565186
DBAASPS_16431,0.9886943101882935
DBAASPS_16432,0.990647554397583
DBAASPS_16433,0.9909033179283142
DBAASPS_16435,0.05814241245388985
DBAASPS_16438,0.03717031702399254
DBAASPS_16439,0.962311327457428
DBAASPS_16440,0.06692329049110413
DBAASPS_16442,0.9612972140312195
DBAASPS_16443,0.9864375591278076
DBAASPS_16446,0.9906991124153137
DBAASPS_16447,0.990709662437439
DBAASPS_16448,0.9905214905738831
DBAASPS_16449,0.9901202321052551
DBAASPS_16450,0.0761035680770874
DBAASPS_16451,0.07991277426481247
DBAASPS_16452,0.3703611493110657
DBAASPS_16453,0.9747624397277832
DBAASPS_16454,0.9772475361824036
DBAASPS_16455,0.9517770409584045
DBAASPS_16461,0.9517770409584045
DBAASPS_16463,0.9872475862503052
DBAASPS_16464,0.9851776361465454
DBAASPS_16465,0.9846857190132141
DBAASPS_16466,0.9568563103675842
DBAASPS_16467,0.9822323322296143
DBAASPS_16468,0.8570883274078369
DBAASPS_16487,0.9896798729896545
DBAASPS_16488,0.9902274012565613
DBAASPS_16489,0.5566078424453735
DBAASPS_16499,0.9736061096191406
DBAASPS_16500,0.12350133061408997
DBAASPS_16501,0.9451974630355835
DBAASPS_16520,0.9706317186355591
DBAASPS_16521,0.49280887842178345
DBAASPS_16522,0.2135230153799057
DBAASPS_16523,0.3512601852416992
DBAASPS_16524,0.045334603637456894
DBAASPS_16525,0.04736946150660515
DBAASPS_16537,0.9767184853553772
DBAASPS_16538,0.989473819732666
DBAASPS_16539,0.9863123893737793
DBAASPS_16540,0.033044617623090744
DBAASPS_16543,0.4109453558921814
DBAASPS_16544,0.9638668298721313
DBAASPS_16546,0.9686647057533264
DBAASPS_16547,0.9423540234565735
DBAASPS_16549,0.9460956454277039
DBAASPS_16550,0.8316102027893066
DBAASPS_16555,0.9112052917480469
DBAASPS_16556,0.047279246151447296
DBAASPS_16557,0.13814280927181244
DBAASPS_16558,0.03924277797341347
DBAASPS_16559,0.20692309737205505
DBAASPS_16560,0.16352921724319458
DBAASPS_16561,0.3298186957836151
DBAASPS_16562,0.14656291902065277
DBAASPS_16563,0.01793951727449894
DBAASPS_16564,0.15787875652313232
DBAASPS_16565,0.6397377848625183
DBAASPS_16570,0.9796192049980164
DBAASPS_16571,0.662620484828949
DBAASPS_16572,0.9878669381141663
DBAASPS_16573,0.7767911553382874
DBAASPS_16574,0.9825445413589478
DBAASPS_16580,0.08689738065004349
DBAASPS_16581,0.1138898953795433
DBAASPS_16582,0.039816856384277344
DBAASPS_16583,0.9332761764526367
DBAASPS_16584,0.17193783819675446
DBAASPS_16585,0.18631260097026825
DBAASPS_16586,0.12108223140239716
DBAASPS_16587,0.09006593376398087
DBAASPS_16588,0.3717934191226959
DBAASPS_16589,0.25951918959617615
DBAASPS_16590,0.32657864689826965
DBAASPS_16591,0.20093239843845367
DBAASPS_16592,0.41358861327171326
DBAASPS_16593,0.9368644952774048
DBAASPS_16628,0.9901890158653259
DBAASPS_16633,0.4985772967338562
DBAASPS_16636,0.9856074452400208
DBAASPS_16637,0.9787164330482483
DBAASPS_16638,0.610639214515686
DBAASPS_16639,0.11195852607488632
DBAASPS_16640,0.03621714189648628
DBAASPS_16654,0.8139373064041138
DBAASPS_16655,0.9888622164726257
DBAASPS_16659,0.8841354250907898
DBAASPS_16660,0.9029848575592041
DBAASPS_16661,0.788398802280426
DBAASPS_16662,0.18863773345947266
DBAASPS_16663,0.17638981342315674
DBAASPS_16664,0.6096245646476746
DBAASPS_16665,0.9011314511299133
DBAASPS_16666,0.9535307884216309
DBAASPS_16667,0.9601035714149475
DBAASPS_16668,0.972618579864502
DBAASPS_16669,0.9356817007064819
DBAASPS_16670,0.9702514410018921
DBAASPS_16671,0.9576491713523865
DBAASPS_16672,0.9816163182258606
DBAASPS_16673,0.9776566624641418
DBAASPS_16674,0.9846333265304565
DBAASPS_16675,0.984349250793457
DBAASPS_16676,0.9814632534980774
DBAASPS_16677,0.9818185567855835
DBAASPS_16678,0.9878777265548706
DBAASPS_16679,0.9781854152679443
DBAASPS_16680,0.9560030698776245
DBAASPS_16681,0.9701524972915649
DBAASPS_16682,0.9847402572631836
DBAASPS_16683,0.9481217861175537
DBAASPS_16684,0.9437279105186462
DBAASPS_16685,0.8933617472648621
DBAASPS_16686,0.8407196998596191
DBAASPS_16687,0.8822361826896667
DBAASPS_16688,0.6431407332420349
DBAASPS_16689,0.9167252779006958
DBAASPS_16690,0.3296319544315338
DBAASPS_16691,0.44061845541000366
DBAASPS_16710,0.9448933601379395
DBAASPS_16711,0.6428828835487366
DBAASPS_16712,0.6426336765289307
DBAASPS_16713,0.7854454517364502
DBAASPS_16714,0.6888339519500732
DBAASPS_16715,0.378525972366333
DBAASPS_16716,0.57880038022995
DBAASPS_16717,0.6466963291168213
DBAASPS_16718,0.7721747159957886
DBAASPS_16719,0.8813766241073608
DBAASPS_16720,0.9468663334846497
DBAASPS_16721,0.9435270428657532
DBAASPS_16722,0.9381064176559448
DBAASPS_16723,0.9558046460151672
DBAASPS_16724,0.8868995904922485
DBAASPS_16725,0.9544235467910767
DBAASPS_16726,0.3835710883140564
DBAASPS_16727,0.4826259911060333
DBAASPS_16728,0.3010275363922119
DBAASPS_16729,0.7636111378669739
DBAASPS_16730,0.3370814919471741
DBAASPS_16731,0.3021288812160492
DBAASPS_16732,0.17466065287590027
DBAASPS_16733,0.7213022112846375
DBAASPS_16734,0.49973464012145996
DBAASPS_16735,0.334722638130188
DBAASPS_16736,0.794674277305603
DBAASPS_16737,0.7610013484954834
DBAASPS_16738,0.1576426774263382
DBAASPS_16739,0.7327312231063843
DBAASPS_16740,0.7060050964355469
DBAASPS_16741,0.4935421943664551
DBAASPS_16742,0.25774553418159485
DBAASPS_16743,0.569691002368927
DBAASPS_16744,0.8140262365341187
DBAASPS_16745,0.615154504776001
DBAASPS_16746,0.3951732814311981
DBAASPS_16747,0.28334155678749084
DBAASPS_16748,0.3431355357170105
DBAASPS_16749,0.42069822549819946
DBAASPS_16750,0.9757779240608215
DBAASPS_16751,0.9828965067863464
DBAASPS_16752,0.8139814734458923
DBAASPS_16753,0.7039344906806946
DBAASPS_16754,0.7435876727104187
DBAASPS_16755,0.7618448734283447
DBAASPS_16756,0.7222722768783569
DBAASPS_16757,0.8580886125564575
DBAASPS_16758,0.6807246208190918
DBAASPS_16759,0.06511291861534119
DBAASPS_16796,0.9908061623573303
DBAASPS_16797,0.9907664060592651
DBAASPS_16798,0.9904540777206421
DBAASPS_16799,0.990437388420105
DBAASPS_16800,0.9903292059898376
DBAASPS_16802,0.9902693629264832
DBAASPS_16803,0.9899234175682068
DBAASPS_16804,0.9894103407859802
DBAASPS_16806,0.9823771715164185
DBAASPS_16807,0.9836791157722473
DBAASPS_16808,0.9888798594474792
DBAASPS_16809,0.9889387488365173
DBAASPS_16810,0.9893317222595215
DBAASPS_16811,0.9895766973495483
DBAASPS_16812,0.9897899627685547
DBAASPS_16813,0.9904822111129761
DBAASPS_16814,0.9906366467475891
DBAASPS_16817,0.9904667139053345
DBAASPS_16818,0.9896106123924255
DBAASPS_16819,0.9901355504989624
DBAASPS_16820,0.980642557144165
DBAASPS_16821,0.9905173778533936
DBAASPS_16822,0.9888434410095215
DBAASPS_16823,0.0270327627658844
DBAASPS_16824,0.41607919335365295
DBAASPS_16825,0.0416826456785202
DBAASPS_16826,0.01765092834830284
DBAASPS_16828,0.14854943752288818
DBAASPS_16833,0.08171971887350082
DBAASPS_16835,0.08465306460857391
DBAASPS_16836,0.07258433103561401
DBAASPS_16842,0.12488500773906708
DBAASPN_16843,0.08766607195138931
DBAASPS_16845,0.35301631689071655
DBAASPS_16846,0.8478166460990906
DBAASPS_16847,0.9059537053108215
DBAASPS_16849,0.9885004162788391
DBAASPS_16850,0.9831781983375549
DBAASPS_16855,0.8576235771179199
DBAASPS_16856,0.9846136569976807
DBAASPS_16857,0.9902762174606323
DBAASPS_16858,0.9895601272583008
DBAASPS_16859,0.990379273891449
DBAASPS_16860,0.9903178215026855
DBAASPS_16861,0.9901857376098633
DBAASPS_16862,0.9897294044494629
DBAASPS_16863,0.5361449122428894
DBAASPS_16864,0.010548263788223267
DBAASPS_16865,0.9334824085235596
DBAASPS_16866,0.9613346457481384
DBAASPS_16867,0.9698281288146973
DBAASPS_16868,0.9509466886520386
DBAASPS_16869,0.95084547996521
DBAASPS_16870,0.9889863729476929
DBAASPS_16871,0.015580261126160622
DBAASPS_16872,0.9897820949554443
DBAASPS_16873,0.9897056818008423
DBAASPS_16874,0.9900090098381042
DBAASPS_16875,0.9891129732131958
DBAASPS_16876,0.03307909145951271
DBAASPS_16877,0.9393596649169922
DBAASPS_16878,0.2694007158279419
DBAASPS_16879,0.9879493117332458
DBAASPS_16880,0.9891206622123718
DBAASPS_16881,0.9819869995117188
DBAASPS_16882,0.9758450984954834
DBAASPS_16883,0.01134445983916521
DBAASPS_16884,0.15842223167419434
DBAASPS_16886,0.9876340627670288
DBAASPS_16887,0.9899726510047913
DBAASPS_16892,0.9837611317634583
DBAASPS_16893,0.9861044883728027
DBAASPS_16894,0.990260660648346
DBAASPS_16895,0.9901803731918335
DBAASPS_16896,0.9899274706840515
DBAASPS_16897,0.990310549736023
DBAASPS_16898,0.990239143371582
DBAASPS_16899,0.044723741710186005
DBAASPS_16900,0.02645457349717617
DBAASPS_16901,0.03836121782660484
DBAASPS_16903,0.1900027096271515
DBAASPS_16904,0.39787739515304565
DBAASPS_16905,0.10967473685741425
DBAASPS_16917,0.9901898503303528
DBAASPS_16919,0.2580117881298065
DBAASPS_16922,0.9809871315956116
DBAASPS_16923,0.5131591558456421
DBAASPS_16924,0.9877035617828369
DBAASPS_16925,0.8002722859382629
DBAASPS_16926,0.4571801722049713
DBAASPS_16927,0.9893156886100769
DBAASPS_16941,0.9870883822441101
DBAASPS_16951,0.9019133448600769
DBAASPS_16952,0.9700335264205933
DBAASPS_16953,0.9851644039154053
DBAASPS_16954,0.9066461324691772
DBAASPS_16956,0.9705134630203247
DBAASPS_16957,0.8746269345283508
DBAASPS_16976,0.5908934473991394
DBAASPS_16977,0.9530254602432251
DBAASPS_16993,0.9907661080360413
DBAASPS_16994,0.9904596209526062
DBAASPS_16995,0.990522563457489
DBAASPS_16996,0.9903624653816223
DBAASPS_16997,0.988808274269104
DBAASPS_16998,0.9886741042137146
DBAASPS_16999,0.9905110001564026
DBAASPS_17000,0.9905985593795776
DBAASPS_17001,0.9904934167861938
DBAASPS_17002,0.9904892444610596
DBAASPS_17004,0.9906005263328552
DBAASPS_17005,0.9906361699104309
DBAASPS_17006,0.9906870126724243
DBAASPS_17007,0.9905702471733093
DBAASPS_17008,0.990572452545166
DBAASPS_17009,0.9906915426254272
DBAASPS_17010,0.9907293915748596
DBAASPS_17011,0.9907007813453674
DBAASPS_17012,0.9903823137283325
DBAASPS_17013,0.990541934967041
DBAASPS_17018,0.07650996744632721
DBAASPS_17019,0.09687061607837677
DBAASPS_17020,0.1920614093542099
DBAASPS_17021,0.0541057325899601
DBAASPS_17022,0.6601178646087646
DBAASPS_17023,0.9834184050559998
DBAASPS_17025,0.9835348725318909
DBAASPS_17026,0.9852970838546753
DBAASPS_17027,0.9857193827629089
DBAASPS_17028,0.9814310669898987
DBAASPS_17029,0.2274399697780609
DBAASPS_17040,0.9903756380081177
DBAASPS_17041,0.9901761412620544
DBAASPS_17043,0.9906073808670044
DBAASPS_17044,0.990456223487854
DBAASPS_17087,0.059513114392757416
DBAASPS_17089,0.10706489533185959
DBAASPN_17106,0.013574262149631977
DBAASPN_17107,0.015445811673998833
DBAASPN_17108,0.016466230154037476
DBAASPN_17109,0.013241574168205261
DBAASPS_17110,0.9862074255943298
DBAASPS_17111,0.9901275634765625
DBAASPS_17112,0.9899987578392029
DBAASPN_17113,0.059781599789857864
DBAASPS_17114,0.07843281328678131
DBAASPS_17115,0.8394996523857117
DBAASPS_17119,0.990723192691803
DBAASPS_17120,0.9907216429710388
DBAASPS_17121,0.9906982779502869
DBAASPS_17126,0.9902042746543884
DBAASPS_17127,0.9904764890670776
DBAASPS_17128,0.9901918172836304
DBAASPS_17130,0.29756078124046326
DBAASPS_17131,0.4217154383659363
DBAASPS_17132,0.35379281640052795
DBAASPS_17134,0.29618117213249207
DBAASPS_17135,0.49233299493789673
DBAASPS_17136,0.2000226378440857
DBAASPS_17137,0.9424076080322266
DBAASPS_17138,0.14584895968437195
DBAASPS_17139,0.2787778675556183
DBAASPS_17140,0.910253643989563
DBAASPS_17141,0.6252434253692627
DBAASPS_17142,0.6606047749519348
DBAASPS_17143,0.9827707409858704
DBAASPS_17144,0.21311625838279724
DBAASPS_17145,0.9849979281425476
DBAASPS_17146,0.9853485822677612
DBAASPS_17147,0.9846372008323669
DBAASPS_17148,0.9853214025497437
DBAASPS_17149,0.9808120727539062
DBAASPS_17150,0.9048463106155396
DBAASPS_17151,0.9784313440322876
DBAASPS_17152,0.9803335666656494
DBAASPS_17153,0.9679796695709229
DBAASPS_17154,0.9513460397720337
DBAASPS_17155,0.4602702856063843
DBAASPS_17156,0.6939209699630737
DBAASPS_17157,0.9869733452796936
DBAASPS_17158,0.9268416166305542
DBAASPS_17159,0.6177532076835632
DBAASPS_17160,0.9798935651779175
DBAASPS_17161,0.9763507843017578
DBAASPS_17162,0.9801915884017944
DBAASPS_17163,0.971028208732605
DBAASPS_17164,0.7618200182914734
DBAASPS_17165,0.7951882481575012
DBAASPS_17166,0.954232931137085
DBAASPS_17167,0.3944851756095886
DBAASPS_17168,0.2036440670490265
DBAASPS_17169,0.8683510422706604
DBAASPS_17170,0.3309791088104248
DBAASPS_17171,0.31694841384887695
DBAASPS_17172,0.1832815408706665
DBAASPS_17173,0.6624538898468018
DBAASPS_17174,0.48618581891059875
DBAASPS_17175,0.9793820977210999
DBAASPS_17176,0.9619805812835693
DBAASPS_17177,0.9842926263809204
DBAASPS_17178,0.9705513119697571
DBAASPS_17179,0.9157845973968506
DBAASPS_17180,0.9057105779647827
DBAASPS_17183,0.9341108202934265
DBAASPS_17184,0.9857983589172363
DBAASPN_17205,0.04598351567983627
DBAASPN_17206,0.07275227457284927
DBAASPS_17214,0.3453764021396637
DBAASPS_17215,0.7606589198112488
DBAASPS_17218,0.978175699710846
DBAASPS_17219,0.9815463423728943
DBAASPS_17220,0.9764018654823303
DBAASPS_17221,0.9859452247619629
DBAASPS_17222,0.9882811307907104
DBAASPS_17223,0.9771217703819275
DBAASPS_17224,0.9791189432144165
DBAASPS_17225,0.9848467111587524
DBAASPS_17226,0.9846574664115906
DBAASPS_17233,0.8787475228309631
DBAASPS_17236,0.9788410067558289
DBAASPS_17239,0.9861096739768982
DBAASPS_17240,0.9794479608535767
DBAASPS_17241,0.9234856963157654
DBAASPS_17242,0.9828914403915405
DBAASPS_17243,0.3184422254562378
DBAASPS_17245,0.9819979071617126
DBAASPS_17246,0.9712095260620117
DBAASPS_17247,0.9818018674850464
DBAASPS_17248,0.9862843155860901
DBAASPS_17249,0.9840510487556458
DBAASPS_17250,0.9853187799453735
DBAASPS_17251,0.9730194211006165
DBAASPS_17252,0.9850508570671082
DBAASPS_17253,0.9830788969993591
DBAASPS_17254,0.9864899516105652
DBAASPS_17255,0.9820681810379028
DBAASPS_17256,0.9856410622596741
DBAASPS_17257,0.98427814245224
DBAASPS_17274,0.21128293871879578
DBAASPS_17275,0.9325166344642639
DBAASPS_17276,0.9526932239532471
DBAASPS_17277,0.8452165126800537
DBAASPS_17278,0.09958270937204361
DBAASPS_17279,0.37747201323509216
DBAASPS_17280,0.9065812826156616
DBAASPS_17283,0.8481154441833496
DBAASPS_17285,0.6585420966148376
DBAASPS_17287,0.8658774495124817
DBAASPS_17289,0.19132556021213531
DBAASPS_17290,0.984035313129425
DBAASPS_17292,0.945005476474762
DBAASPS_17294,0.9822755455970764
DBAASPS_17296,0.9468433856964111
DBAASPS_17298,0.20294085144996643
DBAASPS_17300,0.9882946610450745
DBAASPS_17301,0.8374218940734863
DBAASPS_17303,0.9824126958847046
DBAASPS_17304,0.6902475953102112
DBAASPS_17305,0.9683806300163269
DBAASPS_17306,0.9757183790206909
DBAASPS_17307,0.9841629862785339
DBAASPS_17308,0.989031970500946
DBAASPS_17309,0.9786528944969177
DBAASPS_17312,0.9671741127967834
DBAASPS_17313,0.9620282053947449
DBAASPS_17314,0.9377202391624451
DBAASPS_17315,0.9899110198020935
DBAASPS_17318,0.3236965239048004
DBAASPS_17319,0.2199276089668274
DBAASPS_17320,0.5358937978744507
DBAASPS_17321,0.1621900051832199
DBAASPS_17322,0.3946583867073059
DBAASPS_17323,0.9268796443939209
DBAASPS_17336,0.951765239238739
DBAASPR_17337,0.28801026940345764
DBAASPS_17351,0.9458028674125671
DBAASPS_17352,0.9901474118232727
DBAASPS_17353,0.9908090233802795
DBAASPS_17354,0.8942575454711914
DBAASPS_17355,0.9908051490783691
DBAASPS_17356,0.9904028177261353
DBAASPS_17357,0.989808976650238
DBAASPS_17358,0.9906659722328186
DBAASPS_17359,0.8457918167114258
DBAASPS_17381,0.0456983856856823
DBAASPS_17383,0.5107945799827576
DBAASPS_17384,0.81801837682724
DBAASPS_17385,0.9693276286125183
DBAASPS_17386,0.8555814623832703
DBAASPS_17387,0.9757083654403687
DBAASPS_17388,0.7117094397544861
DBAASPR_17389,0.10166704654693604
DBAASPS_17397,0.6945748329162598
DBAASPS_17398,0.9903153777122498
DBAASPS_17400,0.9868614077568054
DBAASPS_17401,0.8082417249679565
DBAASPS_17403,0.9808424115180969
DBAASPS_17404,0.9894770979881287
DBAASPS_17405,0.9870375990867615
DBAASPS_17408,0.9786412119865417
DBAASPS_17409,0.08674358576536179
DBAASPS_17411,0.9658283591270447
DBAASPS_17412,0.9819823503494263
DBAASPS_17413,0.9877753257751465
DBAASPS_17414,0.9879987239837646
DBAASPS_17415,0.9815186858177185
DBAASPS_17416,0.9890477061271667
DBAASPS_17417,0.9892532229423523
DBAASPS_17419,0.9893195629119873
DBAASPS_17421,0.021953126415610313
DBAASPS_17422,0.15693803131580353
DBAASPS_17423,0.0538099929690361
DBAASPS_17426,0.06437832117080688
DBAASPS_17428,0.13411438465118408
DBAASPS_17430,0.03193344548344612
DBAASPS_17431,0.046522170305252075
DBAASPS_17432,0.34597519040107727
DBAASPS_17434,0.7041299343109131
DBAASPS_17435,0.08086337149143219
DBAASPS_17436,0.4893180727958679
DBAASPS_17437,0.390500009059906
DBAASPS_17439,0.27859148383140564
DBAASPS_17448,0.973530650138855
DBAASPS_17449,0.9655293226242065
DBAASPS_17450,0.1329798400402069
DBAASPS_17451,0.018861902877688408
DBAASPS_17453,0.027725493535399437
DBAASPS_17456,0.26989272236824036
DBAASPS_17458,0.13093873858451843
DBAASPS_17459,0.16023454070091248
DBAASPS_17460,0.034624941647052765
DBAASPS_17461,0.9222036600112915
DBAASPS_17462,0.05047733709216118
DBAASPS_17463,0.34597519040107727
DBAASPS_17464,0.13091567158699036
DBAASPS_17465,0.5683265924453735
DBAASPS_17466,0.896653413772583
DBAASPS_17467,0.4966296851634979
DBAASPS_17468,0.18036268651485443
DBAASPS_17469,0.3446478545665741
DBAASPS_17470,0.9902933239936829
DBAASPS_17471,0.9903796315193176
DBAASPS_17472,0.1739301085472107
DBAASPS_17473,0.35636407136917114
DBAASPS_17474,0.03694711625576019
DBAASPS_17475,0.0731792151927948
DBAASPS_17476,0.7055262923240662
DBAASPS_17477,0.06509412825107574
DBAASPS_17478,0.023101333528757095
DBAASPS_17479,0.03301141783595085
DBAASPS_17480,0.054389629513025284
DBAASPS_17481,0.03416721522808075
DBAASPS_17482,0.9635225534439087
DBAASPS_17484,0.837397038936615
DBAASPS_17486,0.9611360430717468
DBAASPS_17488,0.9218898415565491
DBAASPS_17490,0.9564078450202942
DBAASPS_17492,0.9429896473884583
DBAASPS_17494,0.9515401721000671
DBAASPS_17496,0.9791072010993958
DBAASPS_17500,0.04978376626968384
DBAASPS_17501,0.4842059910297394
DBAASPS_17502,0.9836917519569397
DBAASPS_17503,0.9837914705276489
DBAASPS_17504,0.980798065662384
DBAASPS_17505,0.9848050475120544
DBAASPS_17506,0.9833559393882751
DBAASPS_17507,0.9766938090324402
DBAASPS_17508,0.9250805377960205
DBAASPS_17509,0.9851456880569458
DBAASPS_17510,0.9795565009117126
DBAASPS_17511,0.9716171026229858
DBAASPS_17512,0.9243963360786438
DBAASPS_17514,0.9858533143997192
DBAASPS_17515,0.9897853136062622
DBAASPS_17517,0.9893289804458618
DBAASPS_17520,0.989279568195343
DBAASPS_17521,0.9896419644355774
DBAASPS_17522,0.9900276064872742
DBAASPS_17524,0.9882670640945435
DBAASPS_17525,0.9891147613525391
DBAASPR_17526,0.9901227951049805
DBAASPS_17532,0.9894829392433167
DBAASPS_17533,0.9895825386047363
DBAASPS_17534,0.9896731972694397
DBAASPS_17535,0.9900111556053162
DBAASPS_17537,0.9881606101989746
DBAASPS_17538,0.9890511631965637
DBAASPS_17540,0.9889867305755615
DBAASPS_17544,0.9894038438796997
DBAASPS_17545,0.9889532923698425
DBAASPS_17546,0.9882585406303406
DBAASPS_17547,0.9500967264175415
DBAASPS_17548,0.9866015911102295
DBAASPS_17549,0.9899178743362427
DBAASPR_17552,0.9412586092948914
DBAASPS_17553,0.09399503469467163
DBAASPS_17554,0.02729138545691967
DBAASPS_17555,0.34940242767333984
DBAASPS_17556,0.05905895307660103
DBAASPS_17557,0.28692400455474854
DBAASPS_17558,0.038301024585962296
DBAASPS_17559,0.36670151352882385
DBAASPS_17560,0.06697162985801697
DBAASPS_17561,0.17898190021514893
DBAASPS_17562,0.09731233865022659
DBAASPS_17563,0.08493102341890335
DBAASPR_17566,0.9842293858528137
DBAASPS_17567,0.9863554239273071
DBAASPS_17568,0.9779107570648193
DBAASPS_17569,0.9833263158798218
DBAASPS_17570,0.9877179861068726
DBAASPS_17571,0.978351354598999
DBAASPS_17572,0.9900605082511902
DBAASPS_17573,0.9904762506484985
DBAASPS_17574,0.9908477067947388
DBAASPS_17575,0.09383998811244965
DBAASPS_17585,0.990143895149231
DBAASPS_17586,0.989717960357666
DBAASPS_17587,0.981699526309967
DBAASPS_17588,0.974220335483551
DBAASPS_17589,0.9854468107223511
DBAASPS_17590,0.9750775098800659
DBAASPS_17591,0.8300077319145203
DBAASPS_17593,0.9823057651519775
DBAASPS_17594,0.9700932502746582
DBAASPS_17595,0.6320294141769409
DBAASPS_17596,0.9278775453567505
DBAASPS_17597,0.9775456190109253
DBAASPS_17598,0.988027036190033
DBAASPS_17599,0.980279803276062
DBAASPS_17600,0.985790491104126
DBAASPS_17601,0.9797168374061584
DBAASPS_17602,0.9708845019340515
DBAASPS_17603,0.8206794261932373
DBAASPS_17604,0.8339220881462097
DBAASPS_17605,0.9861225485801697
DBAASPS_17606,0.9818407297134399
DBAASPS_17607,0.978962779045105
DBAASPS_17608,0.9839894771575928
DBAASPS_17609,0.9812430143356323
DBAASPS_17610,0.9822527766227722
DBAASPS_17611,0.9780105352401733
DBAASPS_17612,0.9754695892333984
DBAASPS_17613,0.7200218439102173
DBAASPS_17614,0.9908172488212585
DBAASPS_17618,0.043585583567619324
DBAASPS_17619,0.4550231993198395
DBAASPS_17620,0.014555517584085464
DBAASPS_17621,0.6855981945991516
DBAASPS_17622,0.13889455795288086
DBAASPS_17624,0.1097189262509346
DBAASPS_17625,0.22626817226409912
DBAASPS_17626,0.44008567929267883
DBAASPS_17627,0.25935232639312744
DBAASPS_17629,0.11270873993635178
DBAASPS_17630,0.1709262728691101
DBAASPS_17631,0.13951462507247925
DBAASPS_17632,0.09307308495044708
DBAASPS_17633,0.09110331535339355
DBAASPS_17635,0.9894334673881531
DBAASPS_17636,0.9817708134651184
DBAASPS_17637,0.750887393951416
DBAASPS_17638,0.9039427638053894
DBAASPS_17639,0.586772620677948
DBAASPS_17640,0.986427366733551
DBAASPS_17652,0.2556905746459961
DBAASPS_17653,0.5233657956123352
DBAASPS_17654,0.7848329544067383
DBAASPS_17655,0.8886585235595703
DBAASPS_17656,0.9761583805084229
DBAASPS_17657,0.983859121799469
DBAASPS_17658,0.9741842746734619
DBAASPS_17659,0.9833146333694458
DBAASPS_17660,0.9859839677810669
DBAASPS_17661,0.987472653388977
DBAASPS_17662,0.9839345812797546
DBAASPS_17663,0.987432599067688
DBAASPS_17664,0.9670389294624329
DBAASPS_17665,0.9134737849235535
DBAASPS_17666,0.9770359396934509
DBAASPS_17667,0.510819137096405
DBAASPS_17668,0.9755062460899353
DBAASPS_17669,0.9449267387390137
DBAASPS_17671,0.9473220109939575
DBAASPS_17673,0.9885802865028381
DBAASPS_17674,0.9897692203521729
DBAASPS_17675,0.9854280352592468
DBAASPS_17676,0.9820078015327454
DBAASPS_17677,0.9831926822662354
DBAASPS_17678,0.98948073387146
DBAASPS_17680,0.1752581000328064
DBAASPS_17681,0.2728756070137024
DBAASPS_17682,0.6727344989776611
DBAASPS_17683,0.8790543675422668
DBAASPS_17684,0.2241981029510498
DBAASPS_17685,0.3917943835258484
DBAASPS_17686,0.8760591745376587
DBAASPS_17687,0.9619603157043457
DBAASPS_17688,0.20494574308395386
DBAASPS_17689,0.24328313767910004
DBAASPS_17690,0.23489300906658173
DBAASPS_17691,0.11392483860254288
DBAASPS_17692,0.133569598197937
DBAASPS_17693,0.9145070910453796
DBAASPS_17694,0.9884960651397705
DBAASPS_17695,0.9901663661003113
DBAASPS_17696,0.8842151165008545
DBAASPS_17697,0.9796791076660156
DBAASPS_17698,0.9856181144714355
DBAASPS_17699,0.9865539073944092
DBAASPS_17704,0.07818271219730377
DBAASPS_17705,0.10317438840866089
DBAASPS_17706,0.9238013029098511
DBAASPS_17707,0.4980659484863281
DBAASPS_17708,0.2272060662508011
DBAASPS_17712,0.8446720838546753
DBAASPS_17713,0.40498119592666626
DBAASPS_17714,0.15506653487682343
DBAASPS_17718,0.967441201210022
DBAASPS_17719,0.9829802513122559
DBAASPS_17720,0.9822888970375061
DBAASPS_17721,0.9882650375366211
DBAASPS_17722,0.8804391622543335
DBAASPS_17723,0.985264003276825
DBAASPS_17724,0.9876807332038879
DBAASPS_17727,0.017376527190208435
DBAASPS_17730,0.08098606765270233
DBAASPS_17745,0.292763352394104
DBAASPS_17746,0.1328192949295044
DBAASPS_17747,0.18476665019989014
DBAASPS_17748,0.05153942108154297
DBAASPS_17749,0.10819553583860397
DBAASPS_17750,0.18128226697444916
DBAASPS_17751,0.12057369202375412
DBAASPS_17752,0.8647292256355286
DBAASPS_17753,0.035150326788425446
DBAASPS_17754,0.18268133699893951
DBAASPS_17755,0.06078013777732849
DBAASPS_17756,0.10072328895330429
DBAASPS_17757,0.03235141560435295
DBAASPS_17758,0.9093731641769409
DBAASPS_17759,0.021573100239038467
DBAASPS_17760,0.016193434596061707
DBAASPS_17761,0.03871580958366394
DBAASPS_17762,0.773931622505188
DBAASPS_17763,0.031707148998975754
DBAASPS_17764,0.02135295234620571
DBAASPS_17765,0.017834223806858063
DBAASPS_17766,0.03653671219944954
DBAASPS_17767,0.04911864921450615
DBAASPS_17768,0.9302364587783813
DBAASPS_17770,0.09721367061138153
DBAASPS_17771,0.0717688575387001
DBAASPS_17772,0.0155228516086936
DBAASPS_17773,0.02510080114006996
DBAASPS_17774,0.0683080181479454
DBAASPS_17775,0.13714958727359772
DBAASPS_17776,0.02615385688841343
DBAASPS_17777,0.10302145779132843
DBAASPS_17778,0.038901545107364655
DBAASPS_17804,0.8065438270568848
DBAASPS_17805,0.07393144071102142
DBAASPS_17806,0.07931476086378098
DBAASPS_17807,0.034477781504392624
DBAASPS_17808,0.025612350553274155
DBAASPS_17814,0.3884997069835663
DBAASPS_17815,0.9232085347175598
DBAASPS_17816,0.8827683925628662
DBAASPS_17817,0.7161545157432556
DBAASPS_17818,0.9837902188301086
DBAASPS_17819,0.9714356660842896
DBAASPS_17820,0.9591947793960571
DBAASPS_17821,0.9876108765602112
DBAASPS_17822,0.76194167137146
DBAASPS_17823,0.9840664267539978
DBAASPS_17824,0.648512065410614
DBAASPS_17829,0.9899621605873108
DBAASPS_17832,0.9896477460861206
DBAASPS_17835,0.9891424775123596
DBAASPS_17837,0.9899895787239075
DBAASPS_17839,0.9896832704544067
DBAASPS_17847,0.9894566535949707
DBAASPS_17853,0.2607678472995758
DBAASPS_17854,0.6393879652023315
DBAASPS_17855,0.7351242303848267
DBAASPS_17856,0.5355440974235535
DBAASPS_17857,0.9113909602165222
DBAASPS_17858,0.5690790414810181
DBAASPS_17859,0.176476389169693
DBAASPS_17860,0.9895168542861938
DBAASPS_17861,0.9882975220680237
DBAASPS_17862,0.9887632131576538
DBAASPS_17863,0.9867289662361145
DBAASPS_17864,0.9887763857841492
DBAASPS_17865,0.9887533187866211
DBAASPS_17866,0.9877453446388245
DBAASPS_17867,0.9801564812660217
DBAASPS_17868,0.977227509021759
DBAASPS_17869,0.9812093377113342
DBAASPS_17870,0.9429233074188232
DBAASPS_17871,0.9832467436790466
DBAASPS_17872,0.9807311296463013
DBAASPS_17873,0.9681326746940613
DBAASPS_17874,0.9904856085777283
DBAASPS_17883,0.017534667626023293
DBAASPS_17888,0.06738178431987762
DBAASPS_17889,0.5587336421012878
DBAASPS_17890,0.138104647397995
DBAASPS_17891,0.1452164202928543
DBAASPS_17892,0.13415180146694183
DBAASPS_17893,0.1791832596063614
DBAASPS_17894,0.8331507444381714
DBAASPS_17895,0.44071006774902344
DBAASPS_17896,0.7920997142791748
DBAASPS_17897,0.43155306577682495
DBAASPS_17898,0.49076956510543823
DBAASPS_17899,0.2065272182226181
DBAASPS_17900,0.08002275973558426
DBAASPS_17901,0.04570500925183296
DBAASPS_17902,0.10940700024366379
DBAASPS_17903,0.041321057826280594
DBAASPS_17904,0.10022550076246262
DBAASPS_17905,0.10536423325538635
DBAASPS_17906,0.7196248173713684
DBAASPS_17907,0.3351966142654419
DBAASPS_17908,0.22048714756965637
DBAASPS_17909,0.22251394391059875
DBAASPS_17910,0.6510044932365417
DBAASPS_17911,0.132850781083107
DBAASPS_17912,0.11778522282838821
DBAASPS_17913,0.04201221466064453
DBAASPS_17914,0.8365829586982727
DBAASPS_17916,0.723365843296051
DBAASPS_17924,0.4824655055999756
DBAASPS_17925,0.33735013008117676
DBAASPS_17926,0.34127277135849
DBAASPS_17927,0.639514148235321
DBAASPS_17929,0.9810994267463684
DBAASPS_17930,0.9866799712181091
DBAASPS_17931,0.9448451995849609
DBAASPS_17932,0.9830259084701538
DBAASPS_17936,0.025221597403287888
DBAASPS_17937,0.2665562033653259
DBAASPS_17938,0.9899943470954895
DBAASPS_17939,0.984285831451416
DBAASPS_17940,0.8699440360069275
DBAASPS_17941,0.889306366443634
DBAASPS_17942,0.32086917757987976
DBAASPS_17943,0.9902763962745667
DBAASPS_17944,0.9898766279220581
DBAASPS_17945,0.9874830842018127
DBAASPS_17946,0.9863458871841431
DBAASPS_17947,0.9747331142425537
DBAASPS_17948,0.9846169948577881
DBAASPS_17949,0.9888409972190857
DBAASPS_17950,0.9612739086151123
DBAASPS_17951,0.9510658383369446
DBAASPS_17952,0.9774382710456848
DBAASPS_17953,0.9791826605796814
DBAASPS_17954,0.9763844609260559
DBAASPS_17955,0.8284742832183838
DBAASPS_17956,0.9587046504020691
DBAASPS_17957,0.9275599718093872
DBAASPS_17958,0.9641990065574646
DBAASPS_17959,0.9787441492080688
DBAASPS_17960,0.9539305567741394
DBAASPS_17961,0.9802137613296509
DBAASPS_17962,0.8995525240898132
DBAASPS_17963,0.9772770404815674
DBAASPS_17964,0.9818716049194336
DBAASPS_17965,0.9692385792732239
DBAASPS_17966,0.9872997403144836
DBAASPS_17967,0.9083105325698853
DBAASPS_17968,0.6826933026313782
DBAASPS_17969,0.96576327085495
DBAASPS_17970,0.8669875860214233
DBAASPS_17971,0.9763108491897583
DBAASPS_17972,0.9458245038986206
DBAASPS_17973,0.9803894758224487
DBAASPS_17974,0.978328287601471
DBAASPS_17977,0.9826646447181702
DBAASPS_17978,0.9530422687530518
DBAASPS_17979,0.9685870409011841
DBAASPS_17980,0.9822866320610046
DBAASPS_17981,0.9739389419555664
DBAASPS_17982,0.8951947093009949
DBAASPS_17990,0.038707152009010315
DBAASPS_17991,0.09845543652772903
DBAASPS_18012,0.986284613609314
DBAASPS_18013,0.9609280228614807
DBAASPS_18014,0.9785711765289307
DBAASPS_18015,0.9887237548828125
DBAASPS_18016,0.9871330261230469
DBAASPS_18017,0.9891652464866638
DBAASPS_18018,0.9888194799423218
DBAASPS_18019,0.9759602546691895
DBAASPS_18020,0.9840566515922546
DBAASPS_18021,0.9883294105529785
DBAASPS_18022,0.9865278601646423
DBAASPS_18023,0.9902287721633911
DBAASPS_18025,0.9813091158866882
DBAASPS_18026,0.235500305891037
DBAASPS_18027,0.05287556350231171
DBAASPS_18028,0.13049446046352386
DBAASPS_18036,0.9889179468154907
DBAASPS_18037,0.9895322322845459
DBAASPS_18038,0.9901376962661743
DBAASPS_18039,0.9905890822410583
DBAASPS_18040,0.9636951684951782
DBAASPS_18041,0.8645763397216797
DBAASPS_18042,0.9877511858940125
DBAASPS_18043,0.9674965739250183
DBAASPS_18044,0.9890261888504028
DBAASPS_18045,0.9897118806838989
DBAASPS_18046,0.9864305853843689
DBAASPS_18047,0.9815898537635803
DBAASPS_18048,0.9869681000709534
DBAASPS_18049,0.9889411926269531
DBAASPS_18051,0.9889114499092102
DBAASPS_18052,0.9892904162406921
DBAASPS_18053,0.9823644757270813
DBAASPS_18054,0.47851112484931946
DBAASPS_18055,0.027554722502827644
DBAASPS_18056,0.9903483986854553
DBAASPS_18057,0.8234432935714722
DBAASPS_18058,0.9905619025230408
DBAASPS_18059,0.9904624819755554
DBAASPS_18060,0.9897284507751465
DBAASPS_18061,0.9891269207000732
DBAASPS_18062,0.9858500361442566
DBAASPS_18063,0.7918798327445984
DBAASPS_18064,0.9891010522842407
DBAASPS_18065,0.4642074406147003
DBAASPS_18066,0.9895147085189819
DBAASPS_18067,0.9904671311378479
DBAASPS_18068,0.9901866912841797
DBAASPS_18069,0.7690079212188721
DBAASPS_18073,0.9825455546379089
DBAASPS_18074,0.9587376713752747
DBAASPS_18075,0.41455188393592834
DBAASPS_18079,0.9842944145202637
DBAASPS_18080,0.9824073314666748
DBAASPS_18081,0.966383159160614
DBAASPS_18082,0.9653317332267761
DBAASPS_18083,0.9569268822669983
DBAASPS_18084,0.969984233379364
DBAASPS_18085,0.9825574159622192
DBAASPS_18086,0.9354406595230103
DBAASPS_18087,0.980380117893219
DBAASPS_18088,0.9655067920684814
DBAASPS_18089,0.9709036946296692
DBAASPS_18090,0.980671226978302
DBAASPS_18092,0.98467618227005
DBAASPS_18104,0.8988697528839111
DBAASPS_18105,0.9647020697593689
DBAASPS_18106,0.5397719144821167
DBAASPS_18108,0.3034440577030182
DBAASPS_18110,0.9231435060501099
DBAASPS_18111,0.987080454826355
DBAASPS_18112,0.9641485214233398
DBAASPS_18114,0.7972073554992676
DBAASPS_18115,0.11480552703142166
DBAASPS_18121,0.936859667301178
DBAASPS_18122,0.9834789037704468
DBAASPS_18123,0.9861848950386047
DBAASPS_18124,0.9878865480422974
DBAASPS_18125,0.986983060836792
DBAASPS_18126,0.9822551608085632
DBAASPS_18127,0.9886005520820618
DBAASPS_18129,0.9886285662651062
DBAASPS_18130,0.9890207648277283
DBAASPS_18131,0.9857516884803772
DBAASPS_18132,0.9890434145927429
DBAASPS_18133,0.9873113036155701
DBAASPS_18134,0.9824928045272827
DBAASPS_18135,0.987234354019165
DBAASPS_18136,0.988540768623352
DBAASPS_18137,0.9889950156211853
DBAASPS_18138,0.9864035844802856
DBAASPS_18139,0.9893078804016113
DBAASPS_18149,0.9893634915351868
DBAASPR_18152,0.9790592193603516
DBAASPS_18153,0.9511828422546387
DBAASPS_18154,0.889616072177887
DBAASPR_18156,0.9589357972145081
DBAASPR_18157,0.9756242632865906
DBAASPR_18158,0.9773747324943542
DBAASPR_18159,0.9798004031181335
DBAASPR_18160,0.9663186073303223
DBAASPS_18161,0.9868409633636475
DBAASPS_18162,0.9895114302635193
DBAASPS_18163,0.9820712208747864
DBAASPS_18164,0.9830724000930786
DBAASPS_18165,0.47073808312416077
DBAASPS_18166,0.7749131917953491
DBAASPS_18167,0.9645749926567078
DBAASPS_18168,0.960424542427063
DBAASPS_18171,0.9021974802017212
DBAASPS_18172,0.9597965478897095
DBAASPS_18175,0.9794224500656128
DBAASPS_18176,0.9654343724250793
DBAASPS_18179,0.9884785413742065
DBAASPS_18180,0.9894189238548279
DBAASPS_18181,0.9898642897605896
DBAASPS_18182,0.9861925840377808
DBAASPS_18184,0.9902592897415161
DBAASPS_18190,0.9828663468360901
DBAASPS_18191,0.9875441193580627
DBAASPR_18200,0.06765347719192505
DBAASPS_18202,0.03323550894856453
DBAASPS_18203,0.9592584371566772
DBAASPS_18204,0.2277052402496338
DBAASPS_18205,0.5918483138084412
DBAASPN_18208,0.03510240092873573
DBAASPR_18210,0.965660810470581
DBAASPS_18213,0.7376288175582886
DBAASPS_18214,0.6609610319137573
DBAASPS_18215,0.16714026033878326
DBAASPR_18216,0.9811325669288635
DBAASPS_18217,0.7833074927330017
DBAASPS_18218,0.6225165724754333
DBAASPS_18219,0.9673494100570679
DBAASPS_18220,0.1636219322681427
DBAASPS_18221,0.5867918729782104
DBAASPS_18222,0.42131152749061584
DBAASPS_18224,0.4193853437900543
DBAASPS_18225,0.5327364802360535
DBAASPS_18226,0.8937664031982422
DBAASPS_18227,0.939603328704834
DBAASPS_18228,0.3275521993637085
DBAASPS_18229,0.27103638648986816
DBAASPS_18230,0.8003327250480652
DBAASPR_18234,0.9808250069618225
DBAASPS_18238,0.9870225191116333
DBAASPS_18245,0.36579611897468567
DBAASPS_18249,0.8138999342918396
DBAASPR_18250,0.9711963534355164
DBAASPS_18254,0.6675651669502258
DBAASPS_18261,0.9840725064277649
DBAASPS_18262,0.895340085029602
DBAASPS_18263,0.9775947332382202
DBAASPS_18264,0.6893075704574585
DBAASPS_18288,0.9897547364234924
DBAASPS_18289,0.9849326610565186
DBAASPS_18293,0.8272568583488464
DBAASPS_18294,0.9888482093811035
DBAASPS_18295,0.9592704772949219
DBAASPR_18296,0.1183634027838707
DBAASPS_18297,0.9894936680793762
DBAASPS_18298,0.9888820648193359
DBAASPS_18299,0.7605040669441223
DBAASPN_18305,0.213861346244812
DBAASPS_18306,0.9873192310333252
DBAASPS_18308,0.1074821799993515
DBAASPS_18309,0.9623281359672546
DBAASPS_18310,0.7106741666793823
DBAASPS_18311,0.01869121938943863
DBAASPS_18312,0.04002416878938675
DBAASPS_18313,0.047957394272089005
DBAASPS_18314,0.09416631609201431
DBAASPR_18316,0.6284366846084595
DBAASPS_18320,0.9892186522483826
DBAASPS_18321,0.4883102774620056
DBAASPS_18322,0.1524101197719574
DBAASPS_18323,0.8946610689163208
DBAASPS_18324,0.7620492577552795
DBAASPS_18325,0.9905392527580261
DBAASPS_18326,0.9904653429985046
DBAASPS_18327,0.9905153512954712
DBAASPS_18328,0.9905022978782654
DBAASPS_18329,0.9899668097496033
DBAASPS_18330,0.9902676343917847
DBAASPS_18331,0.990473210811615
DBAASPS_18340,0.9888888001441956
DBAASPS_18343,0.9837306141853333
DBAASPS_18344,0.9875102043151855
DBAASPR_18347,0.9672924876213074
DBAASPS_18348,0.9795646071434021
DBAASPS_18349,0.44987794756889343
DBAASPS_18350,0.27833110094070435
DBAASPS_18351,0.40702590346336365
DBAASPS_18352,0.09988204389810562
DBAASPS_18353,0.9840998649597168
DBAASPS_18354,0.9090920090675354
DBAASPS_18355,0.9494341015815735
DBAASPS_18356,0.90554279088974
DBAASPS_18357,0.07842820882797241
DBAASPS_18358,0.03070140816271305
DBAASPS_18359,0.09730929881334305
DBAASPS_18360,0.9282623529434204
DBAASPS_18362,0.980065107345581
DBAASPS_18363,0.9805490970611572
DBAASPS_18364,0.9672924876213074
DBAASPS_18367,0.9888710975646973
DBAASPS_18373,0.9903301000595093
DBAASPS_18374,0.98841792345047
DBAASPS_18375,0.9860953688621521
DBAASPS_18376,0.9867168068885803
DBAASPS_18377,0.9904816150665283
DBAASPS_18378,0.9894126057624817
DBAASPS_18379,0.9892157912254333
DBAASPS_18380,0.9881951212882996
DBAASPS_18381,0.9905743598937988
DBAASPS_18382,0.9899784326553345
DBAASPS_18383,0.9899092316627502
DBAASPS_18385,0.9886458516120911
DBAASPS_18386,0.9894431829452515
DBAASPS_18387,0.9902671575546265
DBAASPS_18388,0.9904885292053223
DBAASPS_18389,0.9902801513671875
DBAASPS_18390,0.986240565776825
DBAASPS_18391,0.9821500182151794
DBAASPS_18392,0.9721860289573669
DBAASPS_18393,0.9888170957565308
DBAASPS_18394,0.9901043772697449
DBAASPS_18395,0.9902846813201904
DBAASPS_18396,0.9903552532196045
DBAASPS_18397,0.9887014627456665
DBAASPS_18402,0.989691972732544
DBAASPS_18404,0.9903301000595093
DBAASPS_18411,0.10849207639694214
DBAASPS_18412,0.4391610324382782
DBAASPS_18413,0.21222464740276337
DBAASPS_18414,0.06561369448900223
DBAASPN_18421,0.052803050726652145
DBAASPN_18422,0.2989150285720825
DBAASPN_18423,0.07659254223108292
DBAASPN_18425,0.2617940604686737
DBAASPN_18427,0.01875818334519863
DBAASPN_18429,0.030302448198199272
DBAASPN_18430,0.027988620102405548
DBAASPN_18431,0.02724703960120678
DBAASPS_18437,0.9674766659736633
DBAASPS_18439,0.9749376773834229
DBAASPS_18441,0.9253139495849609
DBAASPN_18443,0.9779983758926392
DBAASPN_18444,0.9788869619369507
DBAASPN_18445,0.9767699241638184
DBAASPN_18446,0.9686684608459473
DBAASPN_18447,0.9412506222724915
DBAASPN_18448,0.05876973643898964
DBAASPN_18456,0.4464196264743805
DBAASPS_18462,0.9833266735076904
DBAASPS_18464,0.9793254733085632
DBAASPS_18465,0.9679915904998779
DBAASPN_18471,0.28694140911102295
DBAASPN_18473,0.016412436962127686
DBAASPN_18475,0.020699486136436462
DBAASPN_18476,0.017888445407152176
DBAASPN_18477,0.020671749487519264
DBAASPN_18478,0.06352686136960983
DBAASPN_18479,0.14781741797924042
DBAASPN_18484,0.06346508860588074
DBAASPN_18492,0.2207402139902115
DBAASPS_18493,0.9895163774490356
DBAASPS_18494,0.9860199093818665
DBAASPS_18495,0.9863561391830444
DBAASPN_18499,0.06438854336738586
DBAASPN_18500,0.07034294307231903
DBAASPN_18501,0.5659541487693787
DBAASPN_18509,0.23449069261550903
DBAASPN_18518,0.02777080051600933
DBAASPS_18519,0.9897566437721252
DBAASPS_18520,0.9801844358444214
DBAASPS_18521,0.9793829321861267
DBAASPS_18522,0.9860144853591919
DBAASPS_18523,0.9776597023010254
DBAASPS_18524,0.9855060577392578
DBAASPS_18525,0.9897415041923523
DBAASPN_18534,0.04116933047771454
DBAASPN_18535,0.03614185377955437
DBAASPN_18539,0.01947091892361641
DBAASPN_18558,0.33548349142074585
DBAASPN_18563,0.3141360878944397
DBAASPN_18564,0.2478712797164917
DBAASPN_18565,0.23838457465171814
DBAASPN_18566,0.32669976353645325
DBAASPN_18568,0.0445694737136364
DBAASPN_18569,0.11484844237565994
DBAASPN_18570,0.058117352426052094
DBAASPN_18571,0.09594691544771194
DBAASPN_18572,0.23678721487522125
DBAASPS_18576,0.5781346559524536
DBAASPS_18578,0.355803906917572
DBAASPS_18579,0.9859288930892944
DBAASPS_18580,0.029200350865721703
DBAASPS_18581,0.09263294190168381
DBAASPR_18582,0.9848164916038513
DBAASPS_18583,0.796761691570282
DBAASPS_18584,0.2610849440097809
DBAASPS_18585,0.9280487298965454
DBAASPS_18586,0.9816944599151611
DBAASPS_18587,0.05938176438212395
DBAASPS_18588,0.9901627898216248
DBAASPS_18589,0.43593430519104004
DBAASPN_18596,0.01573002152144909
DBAASPR_18597,0.3576846122741699
DBAASPR_18598,0.9887896180152893
DBAASPR_18599,0.9352687001228333
DBAASPR_18601,0.9884752035140991
DBAASPR_18602,0.9872897267341614
DBAASPR_18603,0.9117434620857239
DBAASPR_18604,0.9877498745918274
DBAASPR_18605,0.9607936143875122
DBAASPR_18606,0.8711745738983154
DBAASPR_18607,0.9796304702758789
DBAASPS_18609,0.7550718784332275
DBAASPS_18610,0.5293453931808472
DBAASPS_18611,0.16540135443210602
DBAASPS_18612,0.4458911120891571
DBAASPS_18613,0.9818910360336304
DBAASPS_18614,0.982333779335022
DBAASPS_18615,0.9819493889808655
DBAASPS_18616,0.6974872946739197
DBAASPS_18617,0.9833041429519653
DBAASPS_18618,0.9719586372375488
DBAASPS_18619,0.977175772190094
DBAASPS_18620,0.9837543964385986
DBAASPS_18621,0.9772015810012817
DBAASPS_18622,0.2057986855506897
DBAASPS_18623,0.6083501577377319
DBAASPS_18624,0.1758240908384323
DBAASPS_18626,0.8870035409927368
DBAASPS_18628,0.952208936214447
DBAASPS_18643,0.859274685382843
DBAASPS_18644,0.3094233572483063
DBAASPS_18645,0.984848141670227
DBAASPS_18646,0.9826597571372986
DBAASPS_18647,0.9905093312263489
DBAASPS_18648,0.9855075478553772
DBAASPS_18649,0.985602617263794
DBAASPS_18650,0.9905519485473633
DBAASPS_18651,0.9806734919548035
DBAASPS_18652,0.9818019270896912
DBAASPS_18653,0.9902794361114502
DBAASPS_18654,0.981981098651886
DBAASPS_18655,0.6116528511047363
DBAASPS_18656,0.9862222075462341
DBAASPS_18657,0.9763174057006836
DBAASPS_18658,0.9799452424049377
DBAASPS_18659,0.726167619228363
DBAASPS_18660,0.9567607641220093
DBAASPS_18661,0.9352714419364929
DBAASPS_18662,0.10397761315107346
DBAASPS_18663,0.2578975260257721
DBAASPS_18664,0.20496106147766113
DBAASPS_18665,0.2846771776676178
DBAASPS_18666,0.9434478878974915
DBAASPN_18667,0.1324930489063263
DBAASPS_18668,0.18039074540138245
DBAASPS_18669,0.18489764630794525
DBAASPS_18670,0.05160456523299217
DBAASPR_18682,0.28927066922187805
DBAASPS_18686,0.9863852262496948
DBAASPS_18687,0.9797027707099915
DBAASPS_18688,0.9756066203117371
DBAASPS_18689,0.9603445529937744
DBAASPS_18690,0.988562822341919
DBAASPS_18691,0.9859630465507507
DBAASPS_18692,0.9818084239959717
DBAASPS_18693,0.9810017943382263
DBAASPS_18694,0.9636462926864624
DBAASPS_18695,0.8899796605110168
DBAASPS_18696,0.9098244309425354
DBAASPS_18697,0.8975299596786499
DBAASPN_18702,0.12222252041101456
DBAASPS_18704,0.99038165807724
DBAASPS_18707,0.9506832957267761
DBAASPS_18709,0.94678795337677
DBAASPS_18710,0.990496039390564
DBAASPN_18711,0.0652373656630516
DBAASPN_18712,0.07086126506328583
DBAASPN_18713,0.09670698642730713
DBAASPN_18717,0.06267660111188889
DBAASPN_18721,0.057561442255973816
DBAASPN_18723,0.1123308390378952
DBAASPN_18725,0.3027046024799347
DBAASPS_18734,0.9897596836090088
DBAASPS_18735,0.9871524572372437
DBAASPS_18736,0.9518179893493652
DBAASPS_18737,0.9886187314987183
DBAASPS_18739,0.9896280765533447
DBAASPS_18743,0.9905980825424194
DBAASPS_18744,0.035219479352235794
DBAASPS_18745,0.017717592418193817
DBAASPS_18748,0.16358254849910736
DBAASPS_18749,0.08837807178497314
DBAASPS_18750,0.04243571311235428
DBAASPS_18759,0.18442343175411224
DBAASPS_18765,0.14489001035690308
DBAASPS_18768,0.061014190316200256
DBAASPS_18769,0.08650366216897964
DBAASPS_18771,0.17715848982334137
DBAASPS_18773,0.14005549252033234
DBAASPS_18776,0.0885196253657341
DBAASPS_18779,0.14373047649860382
DBAASPR_18781,0.5524206757545471
DBAASPR_18782,0.9811500906944275
DBAASPS_18783,0.990494430065155
DBAASPS_18784,0.9907259345054626
DBAASPS_18785,0.989387035369873
DBAASPS_18788,0.9510378837585449
DBAASPS_18789,0.9897838830947876
DBAASPS_18790,0.989477276802063
DBAASPS_18798,0.8979656100273132
DBAASPS_18801,0.9574885964393616
DBAASPS_18803,0.9240208268165588
DBAASPS_18810,0.885322093963623
DBAASPS_18811,0.9804064035415649
DBAASPS_18812,0.9673731923103333
DBAASPS_18813,0.9844537377357483
DBAASPS_18814,0.7529295682907104
DBAASPS_18815,0.9684804677963257
DBAASPS_18816,0.9456579089164734
DBAASPS_18817,0.9800992608070374
DBAASPS_18818,0.6705327033996582
DBAASPS_18819,0.5049130320549011
DBAASPS_18820,0.2577457129955292
DBAASPS_18821,0.696929931640625
DBAASPS_18822,0.15959633886814117
DBAASPS_18824,0.950170636177063
DBAASPS_18826,0.09026656299829483
DBAASPS_18828,0.8943615555763245
DBAASPS_18830,0.07044357806444168
DBAASPS_18832,0.13697956502437592
DBAASPS_18834,0.024631841108202934
DBAASPS_18835,0.05014818161725998
DBAASPS_18836,0.19786697626113892
DBAASPS_18837,0.13958075642585754
DBAASPS_18838,0.39674532413482666
DBAASPS_18839,0.033314917236566544
DBAASPS_18840,0.04622393846511841
DBAASPS_18841,0.07343249022960663
DBAASPS_18842,0.0882037878036499
DBAASPS_18843,0.07992743700742722
DBAASPS_18844,0.1138017401099205
DBAASPS_18845,0.08473867923021317
DBAASPS_18846,0.1607566922903061
DBAASPS_18847,0.46008914709091187
DBAASPS_18848,0.06255357712507248
DBAASPS_18849,0.04046959429979324
DBAASPS_18850,0.3132762908935547
DBAASPS_18893,0.9878972768783569
DBAASPS_18904,0.9902536869049072
DBAASPS_18907,0.44071221351623535
DBAASPS_18908,0.5722718834877014
DBAASPS_18909,0.08218835294246674
DBAASPS_18910,0.1134912520647049
DBAASPN_18994,0.9788057208061218
DBAASPN_18995,0.9843591451644897
DBAASPN_18996,0.982310950756073
DBAASPN_18997,0.9751536250114441
DBAASPN_18999,0.11943180114030838
DBAASPN_19000,0.1490757018327713
DBAASPS_19001,0.9896488189697266
DBAASPR_19004,0.6676014065742493
DBAASPR_19008,0.9763309359550476
DBAASPS_19009,0.9650148153305054
DBAASPS_19010,0.9615542888641357
DBAASPS_19011,0.9799560904502869
DBAASPS_19012,0.9713270664215088
DBAASPS_19013,0.9560853838920593
DBAASPS_19014,0.8574205636978149
DBAASPS_19016,0.9896528124809265
DBAASPS_19017,0.9900708794593811
DBAASPS_19018,0.972080409526825
DBAASPR_19019,0.29810914397239685
DBAASPR_19020,0.447325199842453
DBAASPS_19021,0.18885663151741028
DBAASPS_19022,0.45429787039756775
DBAASPS_19023,0.980519711971283
DBAASPS_19024,0.3581137955188751
DBAASPS_19025,0.9135198593139648
DBAASPS_19026,0.961769700050354
DBAASPN_19027,0.019147874787449837
DBAASPN_19028,0.4379406273365021
DBAASPS_19035,0.9895896911621094
DBAASPS_19037,0.08438897877931595
DBAASPS_19038,0.11884142458438873
DBAASPS_19040,0.06861460953950882
DBAASPS_19041,0.08187034726142883
DBAASPS_19042,0.0994916632771492
DBAASPS_19043,0.06448803842067719
DBAASPS_19044,0.07322491705417633
DBAASPN_19066,0.9583473205566406
DBAASPN_19068,0.8661143183708191
DBAASPS_19071,0.8550123572349548
DBAASPS_19072,0.9881300330162048
DBAASPS_19073,0.9882908463478088
DBAASPS_19076,0.9654462337493896
DBAASPN_19094,0.9729259610176086
DBAASPS_19096,0.9898250699043274
DBAASPS_19097,0.9900475740432739
DBAASPN_19099,0.9773426651954651
DBAASPN_19101,0.9873393774032593
DBAASPS_19103,0.968780517578125
DBAASPS_19110,0.12581166625022888
DBAASPS_19112,0.9589083790779114
DBAASPS_19114,0.9639891386032104
DBAASPS_19119,0.9905891418457031
DBAASPS_19123,0.9905849099159241
DBAASPS_19124,0.9895133972167969
DBAASPS_19125,0.9901049137115479
DBAASPS_19126,0.9902148246765137
DBAASPS_19127,0.9852654933929443
DBAASPS_19128,0.8317820429801941
DBAASPS_19132,0.9899071455001831
DBAASPS_19133,0.9904510974884033
DBAASPS_19134,0.03272922709584236
DBAASPS_19135,0.011774891056120396
DBAASPS_19136,0.053292933851480484
DBAASPS_19137,0.0970427468419075
DBAASPS_19138,0.022609662264585495
DBAASPS_19139,0.03134235367178917
DBAASPS_19141,0.10603266954421997
DBAASPS_19142,0.9752458333969116
DBAASPS_19143,0.885589063167572
DBAASPS_19144,0.9599460363388062
DBAASPR_19147,0.9216400384902954
DBAASPR_19148,0.6257981061935425
DBAASPR_19149,0.037538494914770126
DBAASPR_19150,0.05188501626253128
DBAASPR_19151,0.01567815989255905
DBAASPR_19152,0.017400765791535378
DBAASPS_19153,0.8520340919494629
DBAASPS_19154,0.974902868270874
DBAASPS_19155,0.7146122455596924
DBAASPS_19156,0.19749100506305695
DBAASPS_19157,0.9583362936973572
DBAASPS_19158,0.4414065182209015
DBAASPR_19162,0.012248576618731022
DBAASPN_19167,0.06553027033805847
DBAASPN_19168,0.08022422343492508
DBAASPS_19193,0.9766911268234253
DBAASPS_19196,0.9855995178222656
DBAASPS_19197,0.9792274832725525
DBAASPS_19198,0.9851347208023071
DBAASPS_19199,0.9856820106506348
DBAASPS_19200,0.9581286311149597
DBAASPS_19201,0.9747072458267212
DBAASPS_19202,0.9824212193489075
DBAASPS_19203,0.9756820797920227
DBAASPS_19204,0.7836645841598511
DBAASPS_19205,0.9890965223312378
DBAASPS_19206,0.9817962050437927
DBAASPS_19207,0.9889946579933167
DBAASPN_19208,0.01962120085954666
DBAASPN_19210,0.02686663158237934
DBAASPN_19211,0.020745206624269485
DBAASPN_19212,0.01608147844672203
DBAASPR_19213,0.9611741900444031
DBAASPR_19217,0.4165821969509125
DBAASPN_19219,0.02778317965567112
DBAASPS_19220,0.9768585562705994
DBAASPS_19226,0.9822976589202881
DBAASPS_19243,0.9907785058021545
DBAASPS_19244,0.9905871748924255
DBAASPS_19245,0.9878039956092834
DBAASPS_19246,0.6566758155822754
DBAASPR_19247,0.9909135103225708
DBAASPS_19248,0.9899347424507141
DBAASPS_19249,0.9897422194480896
DBAASPS_19250,0.9746072292327881
DBAASPS_19251,0.9882816672325134
DBAASPS_19252,0.9877166748046875
DBAASPS_19253,0.9852775931358337
DBAASPS_19254,0.9861698746681213
DBAASPS_19256,0.9878708124160767
DBAASPS_19257,0.9893671274185181
DBAASPS_19263,0.9844444990158081
DBAASPS_19264,0.9880437254905701
DBAASPS_19265,0.4573405683040619
DBAASPS_19269,0.9905049204826355
DBAASPS_19271,0.9906129837036133
DBAASPS_19272,0.9896954894065857
DBAASPS_19273,0.9646682739257812
DBAASPR_19276,0.3557407855987549
DBAASPS_19283,0.980993390083313
DBAASPS_19286,0.9843396544456482
DBAASPR_19288,0.9845061302185059
DBAASPR_19289,0.9728776812553406
DBAASPR_19290,0.9411906599998474
DBAASPS_19294,0.09429056197404861
DBAASPS_19297,0.6606298089027405
DBAASPS_19298,0.07397361099720001
DBAASPS_19300,0.3800961673259735
DBAASPS_19301,0.8789868950843811
DBAASPS_19302,0.23031698167324066
DBAASPS_19303,0.07466716319322586
DBAASPS_19304,0.9897881746292114
DBAASPS_19308,0.9485898613929749
DBAASPS_19309,0.984455943107605
DBAASPS_19310,0.9461680054664612
DBAASPS_19311,0.9220647811889648
DBAASPS_19312,0.7003247737884521
DBAASPS_19313,0.01249488815665245
DBAASPS_19315,0.9315372109413147
DBAASPS_19316,0.9654502868652344
DBAASPS_19318,0.9713736772537231
DBAASPS_19320,0.06690481305122375
DBAASPS_19321,0.7188795208930969
DBAASPS_19323,0.9877217411994934
DBAASPS_19324,0.9067806601524353
DBAASPS_19339,0.9723319411277771
DBAASPS_19340,0.35700416564941406
DBAASPS_19343,0.9535154700279236
DBAASPS_19344,0.2005852311849594
DBAASPS_19347,0.9724121689796448
DBAASPS_19348,0.51954185962677
DBAASPS_19351,0.9906476736068726
DBAASPS_19352,0.9658418893814087
DBAASPS_19353,0.9070233106613159
DBAASPR_19354,0.9898335933685303
DBAASPS_19355,0.9292073249816895
DBAASPR_19356,0.9845850467681885
DBAASPR_19357,0.9548085331916809
DBAASPR_19359,0.9620378017425537
DBAASPS_19362,0.9677725434303284
DBAASPS_19363,0.9611461758613586
DBAASPS_19364,0.9526361227035522
DBAASPS_19367,0.929056704044342
DBAASPS_19368,0.10448470711708069
DBAASPS_19369,0.5311850309371948
DBAASPS_19370,0.01444715354591608
DBAASPS_19371,0.2892061769962311
DBAASPS_19373,0.02735101245343685
DBAASPS_19374,0.38852280378341675
DBAASPR_19375,0.6661462783813477
DBAASPS_19376,0.7994412779808044
DBAASPR_19377,0.051611609756946564
DBAASPR_19378,0.26369035243988037
DBAASPR_19379,0.7867088317871094
DBAASPR_19380,0.9689216613769531
DBAASPR_19381,0.07964665442705154
DBAASPR_19382,0.01513670664280653
DBAASPR_19383,0.8233227133750916
DBAASPR_19384,0.6138551235198975
DBAASPR_19385,0.11567674577236176
DBAASPR_19386,0.9775527119636536
DBAASPR_19387,0.3876476585865021
DBAASPR_19388,0.054432839155197144
DBAASPS_19389,0.9852686524391174
DBAASPS_19390,0.7741445899009705
DBAASPS_19391,0.19200272858142853
DBAASPS_19392,0.8362464904785156
DBAASPS_19393,0.9704128503799438
DBAASPS_19395,0.048054445534944534
DBAASPS_19396,0.93655925989151
DBAASPS_19397,0.9885257482528687
DBAASPS_19398,0.8630555868148804
DBAASPS_19399,0.9862453937530518
DBAASPS_19400,0.11908988654613495
DBAASPS_19401,0.25690266489982605
DBAASPS_19402,0.9891301393508911
DBAASPS_19403,0.9188019037246704
DBAASPS_19404,0.2889218330383301
DBAASPS_19405,0.9242972135543823
DBAASPS_19406,0.5882787704467773
DBAASPS_19407,0.7969824075698853
DBAASPS_19408,0.17092745006084442
DBAASPS_19409,0.9627124071121216
DBAASPS_19410,0.8347786664962769
DBAASPS_19411,0.6636856198310852
DBAASPS_19412,0.41571754217147827
DBAASPS_19413,0.956395149230957
DBAASPS_19414,0.9846840500831604
DBAASPS_19415,0.7478928565979004
DBAASPS_19416,0.696510910987854
DBAASPS_19417,0.7099910378456116
DBAASPS_19429,0.17166316509246826
DBAASPS_19430,0.28326961398124695
DBAASPS_19431,0.1802549511194229
DBAASPS_19432,0.4553546905517578
DBAASPS_19433,0.7832759022712708
DBAASPS_19434,0.8952577114105225
DBAASPS_19435,0.18795786798000336
DBAASPS_19442,0.2936054766178131
DBAASPS_19443,0.08571656048297882
DBAASPS_19444,0.025024065747857094
DBAASPS_19445,0.05637109652161598
DBAASPS_19446,0.036049388349056244
DBAASPS_19448,0.660190999507904
DBAASPS_19449,0.9570684432983398
DBAASPS_19450,0.14622904360294342
DBAASPS_19451,0.46179547905921936
DBAASPR_19459,0.5285159349441528
DBAASPS_19460,0.38290923833847046
DBAASPS_19461,0.9858881235122681
DBAASPS_19462,0.9884591102600098
DBAASPS_19463,0.9895578622817993
DBAASPS_19464,0.988673210144043
DBAASPS_19465,0.989507257938385
DBAASPS_19466,0.9895936250686646
DBAASPS_19467,0.9903135895729065
DBAASPS_19468,0.9897224307060242
DBAASPS_19469,0.9903131723403931
DBAASPS_19470,0.9901614189147949
DBAASPS_19471,0.9900110363960266
DBAASPS_19472,0.9903560280799866
DBAASPS_19473,0.9902556538581848
DBAASPS_19474,0.990147054195404
DBAASPS_19475,0.990016758441925
DBAASPS_19476,0.9898310899734497
DBAASPS_19478,0.9693012833595276
DBAASPS_19479,0.9883883595466614
DBAASPS_19480,0.9858988523483276
DBAASPS_19482,0.025244982913136482
DBAASPS_19483,0.1234702616930008
DBAASPS_19484,0.11809714883565903
DBAASPS_19485,0.9902734756469727
DBAASPS_19486,0.9898524284362793
DBAASPS_19487,0.9907363653182983
DBAASPS_19488,0.9889948964118958
DBAASPS_19489,0.9900622367858887
DBAASPS_19490,0.9882394075393677
DBAASPS_19491,0.9127938151359558
DBAASPS_19492,0.3328668177127838
DBAASPS_19493,0.5906945466995239
DBAASPS_19494,0.9894156455993652
DBAASPS_19495,0.9789806604385376
DBAASPS_19498,0.2726426124572754
DBAASPS_19499,0.027346063405275345
DBAASPS_19500,0.9892265796661377
DBAASPS_19501,0.9884644746780396
DBAASPS_19502,0.9893921613693237
DBAASPS_19512,0.9902275800704956
DBAASPS_19516,0.9884575009346008
DBAASPS_19517,0.9887502193450928
DBAASPS_19518,0.9749776721000671
DBAASPS_19519,0.9765480756759644
DBAASPS_19520,0.9899957180023193
DBAASPS_19521,0.9898504018783569
DBAASPS_19522,0.9893932938575745
DBAASPS_19523,0.989730715751648
DBAASPS_19524,0.9894507527351379
DBAASPS_19525,0.9813061356544495
DBAASPS_19526,0.9903964400291443
DBAASPS_19527,0.9903345108032227
DBAASPS_19528,0.989916980266571
DBAASPN_19546,0.035333286970853806
DBAASPN_19547,0.040057387202978134
DBAASPS_19551,0.9904918074607849
DBAASPS_19552,0.9902647733688354
DBAASPS_19553,0.9899681210517883
DBAASPS_19554,0.1688522845506668
DBAASPS_19555,0.9905670285224915
DBAASPS_19556,0.9905508756637573
DBAASPS_19557,0.9902009963989258
DBAASPS_19560,0.9905610680580139
DBAASPS_19561,0.018502678722143173
DBAASPS_19562,0.6736624240875244
DBAASPS_19563,0.33885759115219116
DBAASPS_19564,0.09173667430877686
DBAASPS_19566,0.0769604966044426
DBAASPS_19589,0.5205785036087036
DBAASPS_19590,0.4310978353023529
DBAASPS_19591,0.8340854048728943
DBAASPS_19592,0.9723863005638123
DBAASPS_19593,0.9828323721885681
DBAASPS_19594,0.982130229473114
DBAASPS_19595,0.9172472357749939
DBAASPS_19598,0.978202760219574
DBAASPR_19599,0.9760552644729614
DBAASPS_19600,0.9308053851127625
DBAASPR_19601,0.9726589918136597
DBAASPS_19602,0.9170194864273071
DBAASPS_19603,0.9757133722305298
DBAASPS_19604,0.9835023283958435
DBAASPS_19605,0.8437290191650391
DBAASPS_19606,0.9679213762283325
DBAASPS_19607,0.8744581937789917
DBAASPS_19608,0.9490164518356323
DBAASPS_19609,0.9690566062927246
DBAASPS_19610,0.9824931025505066
DBAASPS_19611,0.9420830607414246
DBAASPS_19612,0.9849256277084351
DBAASPS_19613,0.9862162470817566
DBAASPS_19614,0.9877150654792786
DBAASPS_19615,0.966873049736023
DBAASPS_19616,0.9865172505378723
DBAASPS_19617,0.7686130404472351
DBAASPR_19618,0.8297212719917297
DBAASPS_19626,0.9873208999633789
DBAASPS_19627,0.7554219365119934
DBAASPS_19628,0.9363008141517639
DBAASPS_19629,0.046411558985710144
DBAASPS_19632,0.9884079098701477
DBAASPS_19634,0.9906303882598877
DBAASPS_19635,0.9889736175537109
DBAASPS_19636,0.9900819063186646
DBAASPS_19637,0.9900743961334229
DBAASPS_19638,0.9900973439216614
DBAASPS_19639,0.9894657731056213
DBAASPS_19640,0.9897181987762451
DBAASPS_19641,0.9899176359176636
DBAASPS_19642,0.9895323514938354
DBAASPS_19643,0.9897155165672302
DBAASPS_19645,0.9342056512832642
DBAASPS_19646,0.08593592792749405
DBAASPS_19647,0.4019224941730499
DBAASPS_19648,0.05296320095658302
DBAASPS_19656,0.9886344075202942
DBAASPS_19657,0.9850502014160156
DBAASPS_19658,0.9704949259757996
DBAASPS_19660,0.9876009225845337
DBAASPS_19662,0.9856778383255005
DBAASPS_19668,0.8715111613273621
DBAASPS_19669,0.8172556757926941
DBAASPS_19670,0.66339510679245
DBAASPS_19671,0.9028913378715515
DBAASPS_19672,0.7378108501434326
DBAASPS_19673,0.6565627455711365
DBAASPS_19674,0.6203228831291199
DBAASPS_19675,0.9421385526657104
DBAASPS_19676,0.9117915034294128
DBAASPS_19677,0.7868755459785461
DBAASPS_19678,0.8778873085975647
DBAASPS_19679,0.9630351066589355
DBAASPS_19680,0.9878256916999817
DBAASPS_19681,0.9768747091293335
DBAASPS_19682,0.9863654971122742
DBAASPS_19683,0.5529482960700989
DBAASPS_19684,0.4167086184024811
DBAASPS_19685,0.3135983347892761
DBAASPS_19686,0.9136954545974731
DBAASPS_19688,0.9335516691207886
DBAASPS_19690,0.9660775065422058
DBAASPS_19691,0.9872848987579346
DBAASPS_19692,0.9892266988754272
DBAASPS_19693,0.9821670651435852
DBAASPS_19694,0.9895671010017395
DBAASPS_19695,0.9856277704238892
DBAASPS_19696,0.989479660987854
DBAASPS_19697,0.9900990724563599
DBAASPS_19698,0.9902756810188293
DBAASPS_19699,0.99040687084198
DBAASPS_19700,0.9905076026916504
DBAASPS_19710,0.025637976825237274
DBAASPS_19711,0.029564881697297096
DBAASPS_19712,0.3452948033809662
DBAASPN_19717,0.08486705273389816
DBAASPN_19720,0.09016791731119156
DBAASPS_19727,0.6591528058052063
DBAASPS_19729,0.12938736379146576
DBAASPS_19730,0.3713662028312683
DBAASPS_19731,0.7372477650642395
DBAASPS_19732,0.9284965991973877
DBAASPS_19733,0.9144002795219421
DBAASPN_19735,0.052646487951278687
DBAASPS_19740,0.6591528058052063
DBAASPS_19744,0.8898971676826477
DBAASPS_19748,0.811284065246582
DBAASPR_19750,0.7980467081069946
DBAASPS_19751,0.9106971621513367
DBAASPS_19753,0.5858456492424011
DBAASPS_19756,0.8821926116943359
DBAASPN_19772,0.09474699199199677
DBAASPN_19774,0.13070976734161377
DBAASPS_19775,0.8486947417259216
DBAASPS_19776,0.989989161491394
DBAASPS_19777,0.9905419945716858
DBAASPS_19782,0.4072781503200531
DBAASPS_19783,0.22347524762153625
DBAASPS_19784,0.2858273983001709
DBAASPS_19785,0.9306817650794983
DBAASPS_19786,0.9544209241867065
DBAASPS_19787,0.9390116930007935
DBAASPS_19794,0.18448512256145477
DBAASPS_19795,0.08424172550439835
DBAASPS_19796,0.39548400044441223
DBAASPS_19797,0.10612357407808304
DBAASPN_19808,0.031184202060103416
DBAASPN_19809,0.03384235128760338
DBAASPS_19818,0.8104411959648132
DBAASPS_19819,0.9576400518417358
DBAASPS_19820,0.9846920967102051
DBAASPS_19821,0.9844735860824585
DBAASPN_19822,0.8880283236503601
DBAASPN_19823,0.9188838601112366
DBAASPS_19825,0.9884185791015625
DBAASPS_19826,0.9876915812492371
DBAASPS_19827,0.9855710864067078
DBAASPS_19828,0.9878020286560059
DBAASPS_19829,0.10253413766622543
DBAASPS_19831,0.7797365188598633
DBAASPS_19832,0.11294975131750107
DBAASPS_19833,0.19058026373386383
DBAASPS_19834,0.21624420583248138
DBAASPS_19835,0.45515134930610657
DBAASPS_19842,0.8512130975723267
DBAASPS_19843,0.6086398363113403
DBAASPS_19844,0.9693465232849121
DBAASPS_19845,0.9358250498771667
DBAASPS_19846,0.20762740075588226
DBAASPS_19847,0.8328127264976501
DBAASPS_19848,0.9092115759849548
DBAASPS_19849,0.4719848334789276
DBAASPS_19850,0.6210867166519165
DBAASPS_19851,0.9685414433479309
DBAASPS_19852,0.9776138067245483
DBAASPS_19853,0.37312936782836914
DBAASPS_19854,0.8481426239013672
DBAASPS_19855,0.9889800548553467
DBAASPS_19856,0.9738500118255615
DBAASPS_19857,0.9878084063529968
DBAASPS_19858,0.9867086410522461
DBAASPS_19859,0.987461268901825
DBAASPS_19860,0.9891781806945801
DBAASPS_19861,0.985898494720459
DBAASPS_19862,0.988856315612793
DBAASPS_19863,0.9894757270812988
DBAASPS_19864,0.9881076812744141
DBAASPS_19865,0.9286800622940063
DBAASPS_19866,0.9905393719673157
DBAASPS_19867,0.9909189939498901
DBAASPS_19869,0.9671854376792908
DBAASPS_19870,0.969788670539856
DBAASPS_19871,0.9872168302536011
DBAASPS_19872,0.7688330411911011
DBAASPS_19873,0.9779571294784546
DBAASPS_19874,0.9887688159942627
DBAASPS_19875,0.9905481934547424
DBAASPS_19876,0.9903663992881775
DBAASPS_19877,0.9904170036315918
DBAASPS_19878,0.9897438287734985
DBAASPS_19879,0.9904743432998657
DBAASPS_19880,0.9899349808692932
DBAASPS_19881,0.9902783036231995
DBAASPS_19882,0.9902088046073914
DBAASPS_19883,0.9898719191551208
DBAASPS_19884,0.9902405142784119
DBAASPS_19885,0.9901774525642395
DBAASPS_19886,0.9903076887130737
DBAASPS_19887,0.989766001701355
DBAASPS_19888,0.9903133511543274
DBAASPR_19889,0.6935296058654785
DBAASPS_19890,0.9856336116790771
DBAASPN_19893,0.07791709899902344
DBAASPS_19895,0.9905848503112793
DBAASPS_19896,0.9900960326194763
DBAASPS_19897,0.9733932018280029
DBAASPS_19898,0.9878440499305725
DBAASPS_19899,0.9905614852905273
DBAASPS_19900,0.9905386567115784
DBAASPS_19901,0.9908251166343689
DBAASPS_19902,0.9906792044639587
DBAASPS_19903,0.9906682968139648
DBAASPS_19904,0.9905019402503967
DBAASPS_19905,0.9872002005577087
DBAASPS_19906,0.9887776374816895
DBAASPS_19907,0.9808114171028137
DBAASPS_19908,0.9776195287704468
DBAASPS_19909,0.9727921485900879
DBAASPS_19910,0.9701759815216064
DBAASPS_19911,0.987554669380188
DBAASPS_19912,0.9883732795715332
DBAASPS_19913,0.9869499802589417
DBAASPS_19914,0.9903372526168823
DBAASPS_19915,0.9902299642562866
DBAASPS_19916,0.9895904064178467
DBAASPS_19917,0.9880502223968506
DBAASPS_19918,0.989366888999939
DBAASPS_19919,0.9892098903656006
DBAASPS_19920,0.9879502654075623
DBAASPS_19921,0.9872464537620544
DBAASPS_19922,0.9677656888961792
DBAASPS_19933,0.9898554682731628
DBAASPS_19935,0.08818087726831436
DBAASPS_19936,0.049661822617053986
DBAASPS_19937,0.023525988683104515
DBAASPS_19938,0.018562614917755127
DBAASPS_19939,0.013891727663576603
DBAASPS_19940,0.0351940356194973
DBAASPS_19941,0.030317530035972595
DBAASPS_19942,0.022461194545030594
DBAASPS_19943,0.08557674288749695
DBAASPS_19944,0.0683707594871521
DBAASPS_19945,0.06084892153739929
DBAASPS_19946,0.019908005371689796
DBAASPS_19947,0.014468860812485218
DBAASPS_19948,0.011705816723406315
DBAASPS_19949,0.9120450019836426
DBAASPS_19950,0.9742026329040527
DBAASPS_19951,0.9857805371284485
DBAASPS_19955,0.6166866421699524
DBAASPS_19957,0.6681229472160339
DBAASPS_19958,0.9566926956176758
DBAASPS_19962,0.9908137321472168
DBAASPS_19963,0.9907124638557434
DBAASPR_19989,0.18913517892360687
DBAASPS_19990,0.23759132623672485
DBAASPS_19991,0.9908177256584167
DBAASPS_19992,0.9908046722412109
DBAASPS_19994,0.9906486868858337
DBAASPS_19995,0.3732835352420807
DBAASPS_19996,0.32826074957847595
DBAASPS_19998,0.9906604886054993
DBAASPS_20001,0.8338010311126709
DBAASPS_20002,0.1398543119430542
DBAASPS_20003,0.19636552035808563
DBAASPS_20004,0.9905282258987427
DBAASPS_20005,0.9906836748123169
DBAASPS_20006,0.990452229976654
DBAASPS_20007,0.9905593991279602
DBAASPS_20008,0.9900110960006714
DBAASPS_20009,0.990597128868103
DBAASPS_20010,0.9900496006011963
DBAASPS_20011,0.9905844330787659
DBAASPS_20012,0.9894391894340515
DBAASPS_20013,0.9901840090751648
DBAASPS_20014,0.9890505075454712
DBAASPS_20015,0.9896481037139893
DBAASPS_20016,0.9866917133331299
DBAASPS_20017,0.9876798987388611
DBAASPS_20018,0.990567684173584
DBAASPS_20019,0.990799069404602
DBAASPS_20020,0.9901741743087769
DBAASPS_20035,0.06526730954647064
DBAASPS_20036,0.09992503374814987
DBAASPS_20038,0.05333900451660156
DBAASPS_20040,0.9623318910598755
DBAASPS_20041,0.8195305466651917
DBAASPS_20042,0.88992840051651
DBAASPS_20043,0.8557364344596863
DBAASPS_20044,0.6820513010025024
DBAASPS_20045,0.9202648401260376
DBAASPS_20047,0.22845646739006042
DBAASPS_20054,0.8260098099708557
DBAASPS_20055,0.9637795090675354
DBAASPS_20056,0.38269221782684326
DBAASPS_20057,0.5848278999328613
DBAASPS_20058,0.630054235458374
DBAASPS_20059,0.2547070384025574
DBAASPS_20060,0.7103838324546814
DBAASPS_20061,0.5613658428192139
DBAASPS_20062,0.9583839178085327
DBAASPS_20065,0.48850640654563904
DBAASPS_20066,0.780552327632904
DBAASPR_20067,0.1172734797000885
DBAASPS_20068,0.1422116756439209
DBAASPS_20069,0.0727972760796547
DBAASPS_20070,0.020868787541985512
DBAASPS_20075,0.8998373746871948
DBAASPS_20076,0.6638765931129456
DBAASPS_20077,0.7626067399978638
DBAASPS_20078,0.9650706648826599
DBAASPS_20079,0.5016687512397766
DBAASPS_20080,0.7786850929260254
DBAASPS_20081,0.6887091994285583
DBAASPR_20089,0.6310664415359497
DBAASPR_20090,0.11023079603910446
DBAASPR_20091,0.37404048442840576
DBAASPR_20092,0.07354887574911118
DBAASPR_20093,0.09747759997844696
DBAASPR_20099,0.9805753231048584
DBAASPS_20100,0.7776767611503601
DBAASPS_20101,0.40107858180999756
DBAASPR_20102,0.9877970814704895
DBAASPS_20103,0.9102210402488708
DBAASPR_20104,0.9871914982795715
DBAASPS_20105,0.8240481615066528
DBAASPS_20106,0.971483588218689
DBAASPR_20107,0.9874600768089294
DBAASPR_20108,0.9811270833015442
DBAASPS_20115,0.7272642850875854
DBAASPS_20116,0.24372625350952148
DBAASPS_20117,0.4679045081138611
DBAASPS_20118,0.23608684539794922
DBAASPS_20120,0.9906518459320068
DBAASPS_20121,0.9906304478645325
DBAASPS_20122,0.9907020926475525
DBAASPS_20123,0.9863304495811462
DBAASPS_20124,0.9721880555152893
DBAASPS_20130,0.9561762809753418
DBAASPS_20134,0.9896605610847473
DBAASPS_20136,0.9830120801925659
DBAASPS_20137,0.9904044270515442
DBAASPS_20141,0.9876669645309448
DBAASPS_20142,0.9895164370536804
DBAASPS_20143,0.9900641441345215
DBAASPS_20144,0.9900714755058289
DBAASPS_20145,0.9902892112731934
DBAASPS_20146,0.9893477559089661
DBAASPS_20147,0.9891050457954407
DBAASPS_20148,0.9899359345436096
DBAASPS_20149,0.9888818860054016
DBAASPS_20150,0.9881898760795593
DBAASPS_20151,0.9879900217056274
DBAASPS_20152,0.9868884682655334
DBAASPS_20153,0.9898043870925903
DBAASPS_20154,0.9884091019630432
DBAASPS_20155,0.9833969473838806
DBAASPS_20156,0.9870119094848633
DBAASPS_20157,0.9835549592971802
DBAASPS_20162,0.3459572196006775
DBAASPS_20163,0.21790382266044617
DBAASPS_20164,0.19493581354618073
DBAASPS_20165,0.32646533846855164
DBAASPR_20166,0.954612135887146
DBAASPR_20167,0.9432355761528015
DBAASPR_20168,0.9405943751335144
DBAASPR_20169,0.9699294567108154
DBAASPS_20170,0.9335405826568604
DBAASPS_20171,0.8909845948219299
DBAASPS_20172,0.05651674047112465
DBAASPS_20173,0.9644654989242554
DBAASPS_20174,0.9818763732910156
DBAASPS_20175,0.4980643093585968
DBAASPS_20176,0.8660619258880615
DBAASPS_20177,0.8388125896453857
DBAASPS_20178,0.13444961607456207
DBAASPS_20179,0.9160596132278442
DBAASPS_20180,0.5163246989250183
DBAASPS_20181,0.9754234552383423
DBAASPS_20182,0.9592620134353638
DBAASPS_20183,0.7248721122741699
DBAASPS_20184,0.9558507800102234
DBAASPS_20185,0.9318975806236267
DBAASPS_20186,0.5084638595581055
DBAASPS_20188,0.984196662902832
DBAASPS_20189,0.9873308539390564
DBAASPS_20190,0.9775274395942688
DBAASPS_20191,0.6897985339164734
DBAASPS_20192,0.9008637070655823
DBAASPS_20193,0.9498120546340942
DBAASPS_20194,0.8332014083862305
DBAASPS_20210,0.9845337271690369
DBAASPS_20212,0.9584111571311951
DBAASPS_20213,0.9679591059684753
DBAASPS_20214,0.9626979231834412
DBAASPS_20215,0.8419977426528931
DBAASPS_20218,0.9558061957359314
DBAASPS_20220,0.8786706328392029
DBAASPS_20221,0.9670844674110413
DBAASPS_20222,0.9858533143997192
DBAASPS_20224,0.9800536632537842
DBAASPS_20225,0.9867151379585266
DBAASPS_20226,0.9740368723869324
DBAASPS_20227,0.9843788743019104
DBAASPS_20228,0.9787912964820862
DBAASPR_20238,0.4041341245174408
DBAASPS_20239,0.9836487174034119
DBAASPS_20240,0.9160721898078918
DBAASPS_20241,0.5024024844169617
DBAASPS_20242,0.9731756448745728
DBAASPS_20243,0.9770411849021912
DBAASPS_20244,0.9760168790817261
DBAASPS_20245,0.9709824919700623
DBAASPS_20246,0.9806211590766907
DBAASPS_20247,0.9775167107582092
DBAASPS_20248,0.988030195236206
DBAASPS_20250,0.9896001219749451
DBAASPS_20251,0.9901955723762512
DBAASPS_20252,0.9893706440925598
DBAASPS_20253,0.9882819056510925
DBAASPS_20254,0.9900224804878235
DBAASPS_20255,0.9878057837486267
DBAASPS_20256,0.9620091319084167
DBAASPS_20257,0.9660717248916626
DBAASPS_20258,0.9728920459747314
DBAASPS_20259,0.9820130467414856
DBAASPS_20260,0.30193352699279785
DBAASPS_20261,0.9900213479995728
DBAASPS_20262,0.9789559841156006
DBAASPS_20263,0.9833671450614929
DBAASPS_20264,0.5383589267730713
DBAASPS_20265,0.9883015751838684
DBAASPS_20266,0.990667998790741
DBAASPS_20267,0.9907574653625488
DBAASPS_20268,0.9906311631202698
DBAASPS_20269,0.9893305897712708
DBAASPS_20270,0.9885479807853699
DBAASPS_20271,0.9903383255004883
DBAASPS_20277,0.9845253229141235
DBAASPS_20279,0.9273985624313354
DBAASPS_20280,0.9770474433898926
DBAASPS_20281,0.986361026763916
DBAASPS_20282,0.9835778474807739
DBAASPS_20283,0.9747525453567505
DBAASPS_20284,0.9866787791252136
DBAASPS_20285,0.982978880405426
DBAASPS_20286,0.9866787791252136
DBAASPS_20291,0.98581463098526
DBAASPS_20292,0.9896247386932373
DBAASPS_20293,0.9888392686843872
DBAASPS_20294,0.988574206829071
DBAASPR_20296,0.026600249111652374
DBAASPS_20300,0.9880435466766357
DBAASPS_20301,0.8391432166099548
DBAASPS_20302,0.9878599047660828
DBAASPS_20303,0.9706572890281677
DBAASPS_20304,0.9802643060684204
DBAASPS_20305,0.9862793684005737
DBAASPS_20306,0.9805612564086914
DBAASPS_20307,0.9832941889762878
DBAASPS_20308,0.45815154910087585
DBAASPS_20309,0.9838169813156128
DBAASPS_20310,0.9124668836593628
DBAASPS_20311,0.938416063785553
DBAASPS_20312,0.9872022867202759
DBAASPR_20313,0.1370074301958084
DBAASPS_20314,0.9833983182907104
DBAASPS_20322,0.9859703779220581
DBAASPS_20324,0.42072179913520813
DBAASPS_20326,0.9584283828735352
DBAASPS_20327,0.13834771513938904
DBAASPS_20328,0.9857448935508728
DBAASPS_20329,0.6579700708389282
DBAASPS_20330,0.9093919396400452
DBAASPS_20331,0.2985469400882721
DBAASPS_20332,0.24156811833381653
DBAASPS_20333,0.8525691032409668
DBAASPS_20334,0.289699912071228
DBAASPS_20335,0.9407615065574646
DBAASPS_20336,0.09722882509231567
DBAASPS_20338,0.9886100888252258
DBAASPS_20339,0.9087108969688416
DBAASPS_20340,0.9640203714370728
DBAASPS_20341,0.9886525273323059
DBAASPR_20342,0.9672524333000183
DBAASPR_20343,0.9808801412582397
DBAASPR_20344,0.9822478294372559
DBAASPR_20345,0.9815074801445007
DBAASPR_20346,0.9800015687942505
DBAASPS_20350,0.9903319478034973
DBAASPS_20351,0.06459354609251022
DBAASPS_20353,0.757786750793457
DBAASPS_20354,0.9061818718910217
DBAASPS_20355,0.9750138521194458
DBAASPS_20356,0.7098317742347717
DBAASPS_20357,0.5914500951766968
DBAASPS_20358,0.12042027711868286
DBAASPS_20359,0.12617945671081543
DBAASPS_20360,0.7428935766220093
DBAASPS_20361,0.7123485207557678
DBAASPS_20362,0.08938435465097427
DBAASPS_20363,0.9604527950286865
DBAASPS_20364,0.18224255740642548
DBAASPS_20365,0.988600492477417
DBAASPS_20366,0.956232488155365
DBAASPS_20367,0.26312056183815
DBAASPS_20368,0.3917132616043091
DBAASPS_20369,0.9669972658157349
DBAASPS_20370,0.8872257471084595
DBAASPS_20371,0.8908582329750061
DBAASPS_20372,0.9865050911903381
DBAASPS_20373,0.9899707436561584
DBAASPS_20374,0.9895557165145874
DBAASPS_20375,0.8635849356651306
DBAASPS_20376,0.906522274017334
DBAASPS_20377,0.9823853373527527
DBAASPS_20378,0.4520627558231354
DBAASPS_20379,0.9533907771110535
DBAASPS_20380,0.16934002935886383
DBAASPS_20386,0.9812263250350952
DBAASPS_20388,0.959596574306488
DBAASPS_20389,0.9817218780517578
DBAASPS_20394,0.9493670463562012
DBAASPS_20398,0.04813063517212868
DBAASPS_20399,0.9825576543807983
DBAASPS_20400,0.5320453643798828
DBAASPS_20402,0.9894972443580627
DBAASPS_20403,0.9878969192504883
DBAASPS_20410,0.9888684153556824
DBAASPS_20428,0.9900590181350708
DBAASPS_20441,0.9622628092765808
DBAASPS_20450,0.9902840852737427
DBAASPS_20457,0.9853895306587219
DBAASPS_20458,0.6816315650939941
DBAASPS_20460,0.32811275124549866
DBAASPS_20461,0.09698627144098282
DBAASPS_20462,0.19393987953662872
DBAASPS_20481,0.9425455927848816
DBAASPS_20482,0.9155795574188232
DBAASPS_20483,0.9898867011070251
DBAASPS_20485,0.9688674807548523
DBAASPS_20486,0.9265602231025696
DBAASPS_20487,0.11122293770313263
DBAASPS_20489,0.985665500164032
DBAASPS_20490,0.0832660049200058
DBAASPS_20492,0.34784752130508423
DBAASPS_20493,0.4382879436016083
DBAASPS_20494,0.7443810701370239
DBAASPS_20495,0.9770861864089966
DBAASPS_20496,0.09347201883792877
DBAASPS_20497,0.8778719305992126
DBAASPS_20498,0.462522953748703
DBAASPS_20499,0.8340728282928467
DBAASPS_20500,0.9724314212799072
DBAASPS_20501,0.9553727507591248
DBAASPS_20502,0.950928807258606
DBAASPS_20503,0.9838563203811646
DBAASPS_20504,0.9793732166290283
DBAASPS_20508,0.9890679121017456
DBAASPS_20509,0.9889326691627502
DBAASPS_20511,0.6489736437797546
DBAASPR_20514,0.01963462121784687
DBAASPS_20515,0.9903573393821716
DBAASPS_20516,0.9905924797058105
DBAASPR_20521,0.02181101404130459
DBAASPR_20522,0.07054290175437927
DBAASPR_20523,0.9721561670303345
DBAASPS_20524,0.9707693457603455
DBAASPS_20535,0.09400080144405365
DBAASPS_20536,0.5205048322677612
DBAASPS_20537,0.1048772856593132
DBAASPS_20538,0.3059206008911133
DBAASPS_20539,0.9518675208091736
DBAASPS_20540,0.9692372679710388
DBAASPS_20541,0.9891635775566101
DBAASPS_20542,0.9519920945167542
DBAASPS_20543,0.9875626564025879
DBAASPS_20544,0.9772390127182007
DBAASPS_20557,0.5099043250083923
DBAASPS_20558,0.5581598877906799
DBAASPS_20559,0.6961171627044678
DBAASPS_20560,0.9448821544647217
DBAASPS_20561,0.9708837270736694
DBAASPS_20562,0.9504570960998535
DBAASPS_20565,0.966003954410553
DBAASPS_20566,0.9775514602661133
DBAASPS_20567,0.7082982659339905
DBAASPS_20568,0.8716379404067993
DBAASPS_20569,0.9068581461906433
DBAASPS_20570,0.9542397260665894
DBAASPS_20571,0.4264398217201233
DBAASPS_20572,0.780610203742981
DBAASPS_20573,0.8377602696418762
DBAASPS_20574,0.7247712016105652
DBAASPS_20575,0.9899340271949768
DBAASPS_20576,0.9889059066772461
DBAASPS_20577,0.9848752021789551
DBAASPS_20578,0.9876217246055603
DBAASPS_20579,0.41853925585746765
DBAASPS_20584,0.9900161623954773
DBAASPS_20585,0.9275490641593933
DBAASPS_20588,0.8745321035385132
DBAASPS_20589,0.9884345531463623
DBAASPS_20593,0.17497070133686066
DBAASPS_20594,0.4501587748527527
DBAASPS_20595,0.9892103672027588
DBAASPS_20596,0.9892954230308533
DBAASPS_20597,0.9880900979042053
DBAASPS_20605,0.8920899033546448
DBAASPS_20607,0.3054920732975006
DBAASPS_20608,0.16255389153957367
DBAASPS_20609,0.6324925422668457
DBAASPS_20610,0.3247726559638977
DBAASPS_20616,0.9891836643218994
DBAASPS_20628,0.9868325591087341
DBAASPS_20629,0.9873949885368347
DBAASPS_20630,0.9861782789230347
DBAASPS_20631,0.9874456524848938
DBAASPS_20632,0.9862210750579834
DBAASPS_20633,0.10638558119535446
DBAASPR_20642,0.3035891652107239
DBAASPR_20643,0.10091783106327057
DBAASPN_20644,0.41751933097839355
DBAASPS_20645,0.915499746799469
DBAASPS_20646,0.9397389888763428
DBAASPS_20647,0.6995856165885925
DBAASPS_20649,0.08614832162857056
DBAASPS_20692,0.9802064299583435
DBAASPS_20693,0.29890790581703186
DBAASPS_20694,0.9658076167106628
DBAASPS_20695,0.7540607452392578
DBAASPS_20696,0.8655782341957092
DBAASPS_20697,0.254102885723114
DBAASPS_20699,0.03229929879307747
DBAASPS_20700,0.07357503473758698
DBAASPS_20703,0.06275337189435959
DBAASPS_20704,0.24011565744876862
DBAASPS_20713,0.03949008136987686
DBAASPS_20714,0.49307748675346375
DBAASPS_20717,0.14424677193164825
DBAASPS_20718,0.13558590412139893
DBAASPS_20722,0.4972199499607086
DBAASPS_20723,0.19620467722415924
DBAASPS_20724,0.34167733788490295
DBAASPS_20726,0.9907338619232178
DBAASPS_20727,0.9903584122657776
DBAASPS_20728,0.9904888868331909
DBAASPS_20729,0.9906309247016907
DBAASPS_20730,0.990483283996582
DBAASPS_20731,0.1693502515554428
DBAASPS_20753,0.9900842308998108
DBAASPS_20754,0.990105152130127
DBAASPS_20755,0.9905062913894653
DBAASPS_20756,0.9905017614364624
DBAASPS_20757,0.9907351732254028
DBAASPS_20758,0.9904130697250366
DBAASPS_20759,0.9905954599380493
DBAASPS_20760,0.9907557964324951
DBAASPS_20761,0.9908133745193481
DBAASPS_20762,0.9909060001373291
DBAASPS_20764,0.9903303384780884
DBAASPS_20765,0.9902348518371582
DBAASPS_20766,0.9905399084091187
DBAASPS_20767,0.9905601739883423
DBAASPS_20768,0.989124059677124
DBAASPS_20769,0.9838835000991821
DBAASPS_20770,0.9349897503852844
DBAASPS_20771,0.9858333468437195
DBAASPS_20772,0.990524411201477
DBAASPS_20773,0.9900516271591187
DBAASPS_20774,0.12455728650093079
DBAASPS_20776,0.18665967881679535
DBAASPS_20778,0.14881224930286407
DBAASPS_20785,0.2295314371585846
DBAASPR_20796,0.5610904097557068
DBAASPR_20798,0.061956215649843216
DBAASPR_20799,0.062401510775089264
DBAASPS_20801,0.4163338840007782
DBAASPS_20802,0.13598330318927765
DBAASPS_20803,0.9898430109024048
DBAASPS_20804,0.5221335291862488
DBAASPS_20805,0.4970550835132599
DBAASPS_20806,0.04995381832122803
DBAASPS_20807,0.4193824529647827
DBAASPS_20808,0.4370296895503998
DBAASPS_20809,0.04035818949341774
DBAASPR_20811,0.9757272601127625
DBAASPS_20813,0.9090662002563477
DBAASPS_20814,0.9229137301445007
DBAASPS_20815,0.9902865886688232
DBAASPN_20817,0.11867471784353256
DBAASPS_20818,0.8183889985084534
DBAASPS_20819,0.9887892007827759
DBAASPS_20820,0.985895574092865
DBAASPS_20824,0.5901700854301453
DBAASPS_20826,0.988569974899292
DBAASPS_20827,0.9607957601547241
DBAASPN_20828,0.9782590866088867
DBAASPN_20829,0.9739488363265991
DBAASPN_20832,0.10339303314685822
DBAASPN_20833,0.12191491574048996
DBAASPS_20834,0.8917528390884399
DBAASPS_20836,0.12420064955949783
DBAASPS_20837,0.6733121871948242
DBAASPS_20838,0.9366886615753174
DBAASPS_20839,0.9000257849693298
DBAASPS_20840,0.8794544339179993
DBAASPS_20841,0.9298693537712097
DBAASPS_20842,0.8709477782249451
DBAASPS_20843,0.9612636566162109
DBAASPS_20844,0.9894620776176453
DBAASPS_20853,0.9110386371612549
DBAASPS_20854,0.8875480890274048
DBAASPS_20855,0.9386000037193298
DBAASPS_20856,0.9262413382530212
DBAASPN_20857,0.03242029994726181
DBAASPN_20858,0.020135527476668358
DBAASPN_20859,0.021780289709568024
DBAASPN_20860,0.02522808499634266
DBAASPN_20861,0.016822446137666702
DBAASPN_20862,0.03209468349814415
DBAASPN_20863,0.020951200276613235
DBAASPS_20870,0.0660395398736
DBAASPS_20884,0.9903756380081177
DBAASPS_20885,0.9904791116714478
DBAASPS_20889,0.9326781630516052
DBAASPS_20890,0.7551910281181335
DBAASPN_20891,0.02463655360043049
DBAASPN_20896,0.4080362915992737
DBAASPS_20897,0.14106151461601257
DBAASPS_20900,0.07909693568944931
DBAASPS_20901,0.21769125759601593
DBAASPS_20902,0.9154661297798157
DBAASPS_20903,0.9395789504051208
DBAASPN_20908,0.021474028006196022
DBAASPN_20909,0.016796156764030457
DBAASPN_20911,0.02172931842505932
DBAASPN_20919,0.01462284754961729
DBAASPN_20921,0.01876278780400753
DBAASPN_20922,0.09594691544771194
DBAASPN_20923,0.17440897226333618
DBAASPN_20924,0.0823536291718483
DBAASPS_20929,0.9902282357215881
DBAASPS_20930,0.9881678819656372
DBAASPS_20931,0.9893754720687866
DBAASPS_20932,0.9868819117546082
DBAASPS_20933,0.9881227612495422
DBAASPS_20934,0.9892973303794861
DBAASPS_20938,0.9898707866668701
DBAASPS_20941,0.6846678256988525
DBAASPS_20942,0.9395918846130371
DBAASPS_20943,0.9617911577224731
DBAASPS_20944,0.987524151802063
DBAASPS_20945,0.9882872104644775
DBAASPS_20946,0.9708328247070312
DBAASPS_20947,0.9897849559783936
DBAASPS_20948,0.9875377416610718
DBAASPS_20949,0.9884676933288574
DBAASPS_20950,0.9897931218147278
DBAASPS_20952,0.9899259209632874
DBAASPS_20953,0.9893490076065063
DBAASPS_20958,0.9904927611351013
DBAASPS_20959,0.9905003905296326
DBAASPS_20960,0.984247088432312
DBAASPS_20961,0.9892469048500061
DBAASPS_20962,0.979888379573822
DBAASPS_20963,0.9858444929122925
DBAASPS_20964,0.9895066618919373
DBAASPS_20965,0.9905351400375366
DBAASPS_20966,0.988717794418335
DBAASPS_20967,0.3636149764060974
DBAASPN_20968,0.04466850683093071
DBAASPN_20969,0.05706053227186203
DBAASPN_20971,0.053637802600860596
DBAASPN_20972,0.32799026370048523
DBAASPS_20973,0.02623455412685871
DBAASPN_20974,0.07466813921928406
DBAASPS_20979,0.6482317447662354
DBAASPS_20980,0.9893694519996643
DBAASPS_20982,0.9834200143814087
DBAASPS_20983,0.9884848594665527
DBAASPS_20984,0.974632740020752
DBAASPS_20985,0.9821987152099609
DBAASPS_20986,0.9862748384475708
DBAASPN_20988,0.04607420042157173
DBAASPN_20996,0.04041612148284912
DBAASPS_21003,0.47698208689689636
DBAASPS_21004,0.8650983572006226
DBAASPS_21005,0.9040595293045044
DBAASPS_21006,0.5391831994056702
DBAASPS_21007,0.4445522129535675
DBAASPS_21008,0.6292569637298584
DBAASPS_21009,0.06688008457422256
DBAASPS_21010,0.9267227053642273
DBAASPS_21011,0.9022964239120483
DBAASPS_21012,0.3634096086025238
DBAASPN_21013,0.016379738226532936
DBAASPN_21016,0.15293332934379578
DBAASPN_21017,0.27985426783561707
DBAASPS_21018,0.016066674143075943
DBAASPS_21019,0.017050711438059807
DBAASPS_21020,0.018240738660097122
DBAASPS_21021,0.0143969701603055
DBAASPS_21022,0.9586474895477295
DBAASPS_21024,0.965094268321991
DBAASPS_21026,0.9762963652610779
DBAASPS_21028,0.7687255144119263
DBAASPS_21029,0.9142578840255737
DBAASPS_21030,0.970425546169281
DBAASPS_21031,0.9579965472221375
DBAASPS_21032,0.9120790362358093
DBAASPS_21033,0.9560529589653015
DBAASPR_21035,0.2529048025608063
DBAASPS_21036,0.18895451724529266
DBAASPS_21037,0.089406818151474
DBAASPS_21038,0.13110527396202087
DBAASPS_21039,0.03828838840126991
DBAASPS_21040,0.17652861773967743
DBAASPS_21041,0.04610172286629677
DBAASPS_21042,0.10077571123838425
DBAASPS_21043,0.13910070061683655
DBAASPS_21044,0.17305923998355865
DBAASPS_21045,0.04438310116529465
DBAASPS_21046,0.09707781672477722
DBAASPS_21049,0.7822750210762024
DBAASPS_21050,0.9823598861694336
DBAASPS_21051,0.9777994155883789
DBAASPS_21052,0.9545463919639587
DBAASPS_21053,0.9743220806121826
DBAASPS_21055,0.9817814826965332
DBAASPS_21056,0.9875292181968689
DBAASPS_21057,0.9671305418014526
DBAASPS_21058,0.9840622544288635
DBAASPS_21059,0.9864301681518555
DBAASPS_21061,0.643013596534729
DBAASPS_21062,0.2335892617702484
DBAASPS_21063,0.09590549767017365
DBAASPS_21064,0.101592518389225
DBAASPS_21065,0.08157800137996674
DBAASPS_21068,0.9900858402252197
DBAASPS_21073,0.9335523247718811
DBAASPS_21074,0.9587466716766357
DBAASPS_21076,0.9836854934692383
DBAASPS_21077,0.9903088808059692
DBAASPS_21078,0.9882417321205139
DBAASPS_21079,0.9903666973114014
DBAASPS_21080,0.9870306849479675
DBAASPS_21081,0.9894932508468628
DBAASPS_21112,0.9893814325332642
DBAASPS_21114,0.9890719056129456
DBAASPS_21116,0.9854764342308044
DBAASPS_21118,0.9909509420394897
DBAASPR_21120,0.9761416912078857
DBAASPN_21125,0.13596048951148987
DBAASPN_21126,0.12305206060409546
DBAASPN_21128,0.04754495993256569
DBAASPR_21129,0.5040562152862549
DBAASPR_21130,0.08398980647325516
DBAASPR_21131,0.06022176519036293
DBAASPN_21132,0.3323286473751068
DBAASPS_21133,0.9901264905929565
DBAASPN_21134,0.18289515376091003
DBAASPN_21135,0.1742343306541443
DBAASPN_21136,0.21008208394050598
DBAASPR_21138,0.01103038527071476
DBAASPR_21139,0.3591679334640503
DBAASPN_21143,0.017909586429595947
DBAASPN_21150,0.17665128409862518
DBAASPN_21151,0.15681034326553345
DBAASPN_21153,0.06505755335092545
DBAASPN_21154,0.2568138539791107
DBAASPN_21155,0.12349027395248413
DBAASPN_21158,0.9415912628173828
DBAASPN_21159,0.07508701086044312
DBAASPN_21160,0.03270791098475456
DBAASPS_21161,0.5553238391876221
DBAASPS_21162,0.9526803493499756
DBAASPS_21163,0.923900842666626
DBAASPS_21164,0.9903978109359741
DBAASPS_21165,0.9902472496032715
DBAASPS_21166,0.9904356002807617
DBAASPS_21172,0.9900071620941162
DBAASPS_21173,0.987975537776947
DBAASPS_21174,0.9866902232170105
DBAASPS_21175,0.9891304969787598
DBAASPS_21176,0.9901273846626282
DBAASPS_21177,0.9900527596473694
DBAASPS_21179,0.7271741628646851
DBAASPS_21181,0.9675489664077759
DBAASPS_21182,0.6349995732307434
DBAASPR_21185,0.07544321566820145
DBAASPR_21188,0.412966787815094
DBAASPS_21190,0.1775449961423874
DBAASPS_21191,0.8091279864311218
DBAASPS_21192,0.6830920577049255
DBAASPS_21193,0.9859442114830017
DBAASPS_21194,0.9770259261131287
DBAASPS_21195,0.9875235557556152
DBAASPS_21196,0.9792894124984741
DBAASPS_21197,0.9804560542106628
DBAASPS_21198,0.9875977635383606
DBAASPS_21199,0.822131872177124
DBAASPS_21200,0.370310515165329
DBAASPS_21201,0.2109614610671997
DBAASPS_21202,0.12177900224924088
DBAASPS_21203,0.07398952543735504
DBAASPS_21204,0.08421110361814499
DBAASPR_21205,0.0541490837931633
DBAASPR_21206,0.026046881452202797
DBAASPR_21208,0.9522621631622314
DBAASPR_21209,0.9410628080368042
DBAASPR_21210,0.3953154981136322
DBAASPS_21216,0.7989636659622192
DBAASPS_21217,0.6045947670936584
DBAASPS_21230,0.9905394315719604
DBAASPS_21232,0.5701038241386414
DBAASPS_21233,0.9903478622436523
DBAASPS_21234,0.912661612033844
DBAASPS_21237,0.9891564846038818
DBAASPS_21238,0.9650831818580627
DBAASPS_21240,0.9897549748420715
DBAASPS_21241,0.4934462904930115
DBAASPS_21243,0.9906708002090454
DBAASPR_21248,0.22349335253238678
DBAASPR_21249,0.08965900540351868
DBAASPR_21251,0.4750700294971466
DBAASPR_21253,0.9864633679389954
DBAASPR_21254,0.9507465958595276
DBAASPR_21255,0.9895310401916504
DBAASPR_21256,0.7661148905754089
DBAASPR_21257,0.7791844606399536
DBAASPN_21258,0.03601644188165665
DBAASPN_21260,0.03480025753378868
DBAASPN_21262,0.21518652141094208
DBAASPN_21263,0.1211240291595459
DBAASPN_21264,0.21609951555728912
DBAASPN_21265,0.07304153591394424
DBAASPR_21266,0.3505421578884125
DBAASPR_21267,0.4992772936820984
DBAASPS_21268,0.28572896122932434
DBAASPS_21270,0.4774278402328491
DBAASPS_21272,0.054788779467344284
DBAASPS_21277,0.0224339310079813
DBAASPS_21278,0.7652938365936279
DBAASPS_21279,0.7998702526092529
DBAASPS_21280,0.28439003229141235
DBAASPS_21281,0.9829922318458557
DBAASPS_21282,0.7531099319458008
DBAASPS_21283,0.11296461522579193
DBAASPS_21284,0.8867425322532654
DBAASPS_21285,0.10355757176876068
DBAASPN_21288,0.0814756229519844
DBAASPS_21289,0.6149959564208984
DBAASPS_21290,0.5860263109207153
DBAASPS_21301,0.9891612529754639
DBAASPS_21302,0.9896158576011658
DBAASPS_21303,0.9894728660583496
DBAASPS_21304,0.9848569631576538
DBAASPS_21305,0.865380048751831
DBAASPS_21306,0.9656158089637756
DBAASPS_21307,0.5247895121574402
DBAASPS_21309,0.9789574146270752
DBAASPS_21310,0.9843713641166687
DBAASPS_21311,0.9904757738113403
DBAASPS_21312,0.9896683692932129
DBAASPS_21313,0.9880125522613525
DBAASPS_21314,0.9898149967193604
DBAASPS_21320,0.18343015015125275
DBAASPS_21321,0.3077298104763031
DBAASPS_21322,0.17917318642139435
DBAASPS_21323,0.21743354201316833
DBAASPR_21324,0.5473138689994812
DBAASPS_21325,0.6536456346511841
DBAASPN_21326,0.015167851001024246
DBAASPS_21330,0.5850510001182556
DBAASPS_21331,0.9645650386810303
DBAASPS_21332,0.7453827857971191
DBAASPS_21333,0.8384264707565308
DBAASPS_21334,0.6802416443824768
DBAASPS_21335,0.9684176445007324
DBAASPS_21336,0.9533732533454895
DBAASPR_21337,0.98527991771698
DBAASPS_21338,0.9904455542564392
DBAASPS_21339,0.9905790090560913
DBAASPN_21360,0.024055523797869682
DBAASPN_21361,0.6529552340507507
DBAASPN_21362,0.019140752032399178
DBAASPN_21363,0.06577461212873459
DBAASPN_21365,0.10157809406518936
DBAASPN_21366,0.08357354253530502
DBAASPN_21393,0.040595266968011856
DBAASPS_21401,0.08439955860376358
DBAASPN_21405,0.06772473454475403
DBAASPN_21406,0.13577112555503845
DBAASPN_21407,0.05131163075566292
DBAASPN_21408,0.08053679764270782
DBAASPS_21409,0.988564670085907
DBAASPR_21410,0.9895608425140381
DBAASPS_21413,0.9128432273864746
DBAASPN_21417,0.03518977016210556
DBAASPN_21419,0.0375051349401474
DBAASPS_21445,0.031320057809352875
DBAASPS_21446,0.964422345161438
DBAASPS_21447,0.9850679039955139
DBAASPS_21448,0.28133171796798706
DBAASPS_21449,0.04319152235984802
DBAASPS_21452,0.05247431993484497
DBAASPS_21453,0.07546734064817429
DBAASPS_21454,0.9883757829666138
DBAASPS_21455,0.990360677242279
DBAASPS_21456,0.9904872179031372
DBAASPS_21457,0.9905210137367249
DBAASPS_21458,0.989766538143158
DBAASPS_21459,0.9872727990150452
DBAASPS_21460,0.32301536202430725
DBAASPS_21461,0.43013307452201843
DBAASPS_21462,0.9908945560455322
DBAASPS_21463,0.02298211120069027
DBAASPS_21464,0.960804283618927
DBAASPS_21465,0.013108416460454464
DBAASPS_21466,0.5007371306419373
DBAASPS_21467,0.9887769818305969
DBAASPS_21468,0.9858008623123169
DBAASPR_21469,0.8548001646995544
DBAASPS_21472,0.9849653840065002
DBAASPS_21473,0.9907204508781433
DBAASPS_21474,0.9904196858406067
DBAASPR_21475,0.28673386573791504
DBAASPR_21476,0.9781046509742737
DBAASPR_21477,0.7678653001785278
DBAASPR_21478,0.3767445385456085
DBAASPR_21479,0.06730785220861435
DBAASPR_21480,0.10943873226642609
DBAASPR_21481,0.1611078679561615
DBAASPR_21482,0.8644316792488098
DBAASPS_21483,0.9904952645301819
DBAASPS_21484,0.9908509850502014
DBAASPS_21485,0.9909024834632874
DBAASPS_21486,0.9909049868583679
DBAASPS_21487,0.9877704977989197
DBAASPR_21488,0.6039840579032898
DBAASPR_21489,0.02385082095861435
DBAASPR_21490,0.03203286975622177
DBAASPR_21491,0.34427377581596375
DBAASPR_21492,0.06799060106277466
DBAASPR_21493,0.15829168260097504
DBAASPR_21494,0.11757490783929825
DBAASPR_21497,0.03414137288928032
DBAASPR_21498,0.03232691437005997
DBAASPR_21499,0.08736760914325714
DBAASPR_21500,0.9899570941925049
DBAASPR_21501,0.1473347693681717
DBAASPS_21504,0.9881144165992737
DBAASPS_21505,0.9891306757926941
DBAASPN_21506,0.3008759319782257
DBAASPN_21507,0.03343676030635834
DBAASPN_21508,0.05545429140329361
DBAASPS_21516,0.9893595576286316
DBAASPR_21517,0.9385112524032593
DBAASPR_21518,0.9785371422767639
DBAASPR_21522,0.030408134683966637
DBAASPR_21523,0.9860578179359436
DBAASPS_21526,0.9790211915969849
DBAASPS_21527,0.8121956586837769
DBAASPS_21528,0.9584140181541443
DBAASPS_21529,0.987032413482666
DBAASPS_21530,0.9900728464126587
DBAASPS_21531,0.05407664179801941
DBAASPS_21532,0.9339250326156616
DBAASPS_21533,0.9608781337738037
DBAASPS_21534,0.9399181604385376
DBAASPS_21535,0.9864091873168945
DBAASPS_21536,0.9892887473106384
DBAASPS_21537,0.6529348492622375
DBAASPS_21538,0.6164079904556274
DBAASPS_21539,0.0222916416823864
DBAASPS_21540,0.03879507631063461
DBAASPS_21541,0.0707470029592514
DBAASPS_21542,0.034706007689237595
DBAASPS_21543,0.031629644334316254
DBAASPS_21544,0.029064156115055084
DBAASPS_21545,0.024064721539616585
DBAASPS_21548,0.022543855011463165
DBAASPS_21549,0.03065364994108677
DBAASPS_21550,0.018796976655721664
DBAASPS_21551,0.9874414801597595
DBAASPS_21552,0.9828453660011292
DBAASPS_21553,0.919744610786438
DBAASPS_21554,0.9751628637313843
DBAASPS_21555,0.025318529456853867
DBAASPS_21556,0.0396246463060379
DBAASPS_21557,0.032701145857572556
DBAASPS_21558,0.0223940871655941
DBAASPN_21559,0.06360472738742828
DBAASPS_21560,0.023072276264429092
DBAASPS_21561,0.019336670637130737
DBAASPS_21562,0.018224969506263733
DBAASPS_21563,0.02500213496387005
DBAASPS_21564,0.028908733278512955
DBAASPS_21565,0.020262116566300392
DBAASPS_21566,0.022742904722690582
DBAASPS_21567,0.0329166017472744
DBAASPS_21568,0.02404264733195305
DBAASPS_21569,0.045570190995931625
DBAASPS_21570,0.018914295360445976
DBAASPS_21571,0.026609856635332108
DBAASPS_21572,0.028457824140787125
DBAASPS_21573,0.05513541027903557
DBAASPS_21574,0.017831360921263695
DBAASPS_21575,0.021200256422162056
DBAASPS_21576,0.015643656253814697
DBAASPS_21577,0.028261594474315643
DBAASPS_21578,0.986603319644928
DBAASPS_21579,0.9882285594940186
DBAASPS_21580,0.9841371178627014
DBAASPS_21581,0.9894787669181824
DBAASPS_21585,0.9900516271591187
DBAASPS_21586,0.990369975566864
DBAASPS_21587,0.9904950261116028
DBAASPN_21588,0.1494952291250229
DBAASPN_21590,0.056346919387578964
DBAASPN_21591,0.09437641501426697
DBAASPN_21592,0.1065976470708847
DBAASPN_21593,0.1936892569065094
DBAASPN_21601,0.1257690191268921
DBAASPN_21602,0.08752784132957458
DBAASPN_21603,0.03427400067448616
DBAASPN_21604,0.06361409276723862
DBAASPN_21607,0.018903549760580063
DBAASPN_21610,0.14195264875888824
DBAASPS_21611,0.11275189369916916
DBAASPS_21613,0.12803763151168823
DBAASPS_21614,0.14467638731002808
DBAASPS_21615,0.9894346594810486
DBAASPS_21616,0.9899235963821411
DBAASPS_21617,0.9904577732086182
DBAASPS_21618,0.988838255405426
DBAASPS_21619,0.9848048686981201
DBAASPS_21620,0.9907869100570679
DBAASPS_21621,0.9863117933273315
DBAASPS_21622,0.9890471696853638
DBAASPS_21623,0.9892306327819824
DBAASPS_21624,0.011078881099820137
DBAASPN_21625,0.1903337985277176
DBAASPN_21626,0.13437074422836304
DBAASPS_21628,0.990081250667572
DBAASPS_21629,0.987174928188324
DBAASPN_21630,0.23678721487522125
DBAASPN_21634,0.06250791996717453
DBAASPS_21639,0.04377375915646553
DBAASPS_21640,0.3627101480960846
DBAASPS_21641,0.47647055983543396
DBAASPS_21643,0.17456600069999695
DBAASPS_21644,0.13910555839538574
DBAASPS_21645,0.20878252387046814
DBAASPS_21646,0.12849898636341095
DBAASPS_21647,0.12584511935710907
DBAASPS_21648,0.3715369403362274
DBAASPS_21649,0.25830841064453125
DBAASPS_21650,0.050300829112529755
DBAASPS_21651,0.5980886816978455
DBAASPS_21652,0.9427892565727234
DBAASPS_21653,0.9518197178840637
DBAASPS_21656,0.973986029624939
DBAASPS_21657,0.9853985905647278
DBAASPS_21658,0.986743688583374
DBAASPS_21659,0.97972571849823
DBAASPS_21660,0.06798983365297318
DBAASPS_21661,0.7034213542938232
DBAASPS_21662,0.12377407401800156
DBAASPS_21663,0.18542908132076263
DBAASPS_21671,0.5378421545028687
DBAASPS_21672,0.6479529142379761
DBAASPS_21673,0.8603342175483704
DBAASPS_21674,0.9487311244010925
DBAASPN_21685,0.075368233025074
DBAASPN_21686,0.08008672297000885
DBAASPN_21687,0.050378959625959396
DBAASPN_21692,0.1825583279132843
DBAASPN_21693,0.13173341751098633
DBAASPN_21694,0.11591103672981262
DBAASPN_21696,0.17503638565540314
DBAASPS_21697,0.5801404714584351
DBAASPS_21698,0.9860838055610657
DBAASPS_21699,0.9879702925682068
DBAASPS_21700,0.9895493388175964
DBAASPS_21701,0.9894270896911621
DBAASPS_21703,0.8561472296714783
DBAASPS_21704,0.7630502581596375
DBAASPS_21705,0.9898706078529358
DBAASPN_21709,0.07238350063562393
DBAASPS_21734,0.9883154630661011
DBAASPS_21735,0.9846640825271606
DBAASPS_21736,0.9893649816513062
DBAASPS_21737,0.9894351363182068
DBAASPN_21740,0.107460156083107
DBAASPN_21741,0.10331212729215622
DBAASPN_21746,0.048902083188295364
DBAASPS_21747,0.9887071847915649
DBAASPS_21752,0.5825246572494507
DBAASPS_21754,0.9891740083694458
DBAASPS_21755,0.33393406867980957
DBAASPS_21759,0.11582351475954056
DBAASPS_21760,0.9820128083229065
DBAASPN_21765,0.3316197991371155
DBAASPN_21766,0.09097038954496384
DBAASPN_21771,0.1243925467133522
DBAASPN_21772,0.07982694357633591
DBAASPR_21777,0.8966091275215149
DBAASPS_21778,0.7856268882751465
DBAASPN_21780,0.01972382515668869
DBAASPR_21787,0.059952687472105026
DBAASPS_21788,0.8394291400909424
DBAASPS_21789,0.7759898900985718
DBAASPS_21791,0.06001950800418854
DBAASPS_21792,0.10710565745830536
DBAASPS_21794,0.5150366425514221
DBAASPS_21795,0.5726082921028137
DBAASPS_21797,0.10577134042978287
DBAASPS_21798,0.12700437009334564
DBAASPS_21800,0.31431958079338074
DBAASPS_21801,0.45207658410072327
DBAASPS_21803,0.33571484684944153
DBAASPS_21804,0.31077054142951965
DBAASPS_21806,0.3499699831008911
DBAASPS_21807,0.29279354214668274
DBAASPS_21809,0.5654881596565247
DBAASPS_21810,0.4973675608634949
DBAASPS_21812,0.619331419467926
DBAASPS_21813,0.4823692739009857
DBAASPS_21815,0.23272690176963806
DBAASPS_21816,0.30403369665145874
DBAASPS_21818,0.5274425148963928
DBAASPS_21819,0.6293795704841614
DBAASPS_21821,0.3340643644332886
DBAASPS_21822,0.05981341004371643
DBAASPS_21823,0.641080379486084
DBAASPS_21824,0.15814092755317688
DBAASPS_21827,0.5876374244689941
DBAASPS_21828,0.8131539225578308
DBAASPS_21829,0.967427134513855
DBAASPS_21830,0.9369146823883057
DBAASPS_21831,0.9818483591079712
DBAASPS_21832,0.049865443259477615
DBAASPS_21833,0.10015586763620377
DBAASPS_21834,0.06014047935605049
DBAASPS_21835,0.1620982140302658
DBAASPS_21836,0.03760543093085289
DBAASPS_21837,0.12634322047233582
DBAASPS_21838,0.08142348378896713
DBAASPS_21839,0.11880790442228317
DBAASPS_21840,0.18909740447998047
DBAASPS_21841,0.14950495958328247
DBAASPS_21842,0.19947761297225952
DBAASPS_21843,0.16581542789936066
DBAASPS_21844,0.194541335105896
DBAASPS_21845,0.17339733242988586
DBAASPS_21846,0.18535760045051575
DBAASPS_21847,0.0927751362323761
DBAASPS_21848,0.0529341958463192
DBAASPS_21849,0.1673465371131897
DBAASPS_21850,0.1844549924135208
DBAASPS_21851,0.1108885332942009
DBAASPS_21852,0.17548717558383942
DBAASPS_21853,0.13260748982429504
DBAASPS_21854,0.13862338662147522
DBAASPS_21855,0.03606867790222168
DBAASPS_21856,0.0728522464632988
DBAASPS_21857,0.1321915239095688
DBAASPS_21858,0.23035869002342224
DBAASPS_21859,0.14215953648090363
DBAASPS_21860,0.1587086021900177
DBAASPS_21861,0.08474583178758621
DBAASPS_21862,0.18410244584083557
DBAASPS_21863,0.21958981454372406
DBAASPS_21864,0.08760474622249603
DBAASPS_21865,0.11474987864494324
DBAASPS_21866,0.08334732055664062
DBAASPS_21867,0.1328805536031723
DBAASPS_21868,0.19021643698215485
DBAASPS_21869,0.17925256490707397
DBAASPS_21870,0.24565912783145905
DBAASPS_21871,0.6462329626083374
DBAASPS_21872,0.07360605150461197
DBAASPS_21873,0.2852281332015991
DBAASPS_21874,0.670070469379425
DBAASPS_21875,0.5196903944015503
DBAASPS_21876,0.9313624501228333
DBAASPS_21877,0.7821277976036072
DBAASPS_21878,0.9023212790489197
DBAASPS_21879,0.43243688344955444
DBAASPS_21880,0.9113169312477112
DBAASPS_21881,0.878350019454956
DBAASPS_21882,0.6857084631919861
DBAASPS_21883,0.7066695690155029
DBAASPS_21884,0.9538334012031555
DBAASPS_21885,0.3789629340171814
DBAASPS_21886,0.5991216897964478
DBAASPS_21887,0.5542887449264526
DBAASPS_21888,0.9064218997955322
DBAASPS_21889,0.9580309987068176
DBAASPS_21890,0.8173377513885498
DBAASPS_21891,0.9518778324127197
DBAASPS_21892,0.9540890455245972
DBAASPS_21893,0.9556263089179993
DBAASPS_21894,0.9436503648757935
DBAASPR_21895,0.8095008134841919
DBAASPR_21907,0.9134958982467651
DBAASPR_21908,0.7475273609161377
DBAASPS_21911,0.8905287981033325
DBAASPS_21913,0.9896479845046997
DBAASPS_21914,0.9906543493270874
DBAASPS_21915,0.9894559979438782
DBAASPS_21916,0.9906263947486877
DBAASPS_21917,0.9906581044197083
DBAASPS_21918,0.9904500246047974
DBAASPS_21919,0.9905409216880798
DBAASPS_21920,0.9907711148262024
DBAASPS_21921,0.990501344203949
DBAASPS_21924,0.9848616719245911
DBAASPS_21925,0.9759138226509094
DBAASPS_21926,0.9874684810638428
DBAASPS_21927,0.9003674983978271
DBAASPS_21928,0.9882932305335999
DBAASPS_21929,0.9869285821914673
DBAASPS_21930,0.8052006363868713
DBAASPS_21931,0.8033784031867981
DBAASPS_21934,0.7358154058456421
DBAASPS_21939,0.9268072843551636
DBAASPS_21942,0.9876595735549927
DBAASPR_21943,0.9861234426498413
DBAASPS_21944,0.9889828562736511
DBAASPS_21945,0.9813750386238098
DBAASPS_21946,0.9879166483879089
DBAASPS_21947,0.9881881475448608
DBAASPS_21948,0.9878318309783936
DBAASPS_21949,0.9900016188621521
DBAASPS_21950,0.9119327664375305
DBAASPS_21951,0.2537044286727905
DBAASPS_21952,0.5172752141952515
DBAASPS_21953,0.3880433440208435
DBAASPS_21954,0.9635652303695679
DBAASPS_21955,0.9552386403083801
DBAASPS_21956,0.7287536859512329
DBAASPS_21957,0.47141507267951965
DBAASPS_21958,0.9889737963676453
DBAASPS_21959,0.9806210398674011
DBAASPS_21960,0.9897485375404358
DBAASPS_21961,0.9812107682228088
DBAASPS_21962,0.9791803359985352
DBAASPS_21963,0.9853265881538391
DBAASPS_21964,0.9845514893531799
DBAASPS_21965,0.9882838129997253
DBAASPS_21966,0.9805473685264587
DBAASPS_21967,0.9303939938545227
DBAASPS_21968,0.988694429397583
DBAASPS_21969,0.1981266438961029
DBAASPS_21970,0.9738872051239014
DBAASPS_21971,0.6699599623680115
DBAASPS_21972,0.9867902398109436
DBAASPR_21973,0.18668389320373535
DBAASPR_21974,0.17162400484085083
DBAASPR_21975,0.5039886832237244
DBAASPR_21977,0.6523997783660889
DBAASPR_21978,0.2312866449356079
DBAASPS_21980,0.9864553809165955
DBAASPS_21981,0.9035113453865051
DBAASPS_21982,0.9882437586784363
DBAASPS_21983,0.3289370536804199
DBAASPS_21984,0.9719271659851074
DBAASPS_21985,0.9653964638710022
DBAASPS_21986,0.08261799812316895
DBAASPS_21987,0.760495126247406
DBAASPS_21991,0.9360520243644714
DBAASPS_21992,0.9127578139305115
DBAASPR_21995,0.9823570251464844
DBAASPS_21996,0.33942875266075134
DBAASPS_21997,0.03339426591992378
DBAASPS_21998,0.25228258967399597
DBAASPS_21999,0.02056041546165943
DBAASPR_22000,0.875651478767395
DBAASPR_22001,0.2307126522064209
DBAASPS_22002,0.48129802942276
DBAASPS_22003,0.9886478185653687
DBAASPN_22016,0.19270925223827362
DBAASPN_22017,0.32775259017944336
DBAASPS_22018,0.9887568950653076
DBAASPS_22019,0.9865570068359375
DBAASPS_22020,0.9568225741386414
DBAASPS_22021,0.9488879442214966
DBAASPS_22022,0.7869982123374939
DBAASPS_22023,0.9340304732322693
DBAASPS_22024,0.9842254519462585
DBAASPS_22025,0.9880770444869995
DBAASPS_22026,0.9902278184890747
DBAASPS_22027,0.9908404350280762
DBAASPN_22028,0.09328984469175339
DBAASPS_22030,0.8325212597846985
DBAASPS_22031,0.9722378253936768
DBAASPS_22032,0.9554514288902283
DBAASPS_22034,0.8128715753555298
DBAASPS_22036,0.8658438920974731
DBAASPS_22038,0.4870099723339081
DBAASPN_22040,0.059994615614414215
DBAASPN_22045,0.05117416009306908
DBAASPS_22049,0.9390408396720886
DBAASPS_22050,0.9863295555114746
DBAASPS_22051,0.9740231037139893
DBAASPS_22052,0.8988074064254761
DBAASPS_22053,0.948738157749176
DBAASPS_22054,0.273987740278244
DBAASPR_22055,0.04608774930238724
DBAASPR_22056,0.05728137865662575
DBAASPR_22057,0.2434782236814499
DBAASPR_22058,0.06324300169944763
DBAASPR_22059,0.04366127401590347
DBAASPS_22060,0.9893762469291687
DBAASPS_22061,0.9897701740264893
DBAASPS_22062,0.9858525395393372
DBAASPS_22064,0.8936947584152222
DBAASPS_22065,0.08700220286846161
DBAASPS_22066,0.6640805006027222
DBAASPR_22068,0.16638953983783722
DBAASPR_22069,0.7067358493804932
DBAASPS_22072,0.9862701296806335
DBAASPS_22073,0.9897399544715881
DBAASPS_22075,0.9903901815414429
DBAASPS_22076,0.9903939962387085
DBAASPR_22078,0.28425073623657227
DBAASPS_22079,0.7214242219924927
DBAASPN_22085,0.07724597305059433
DBAASPR_22086,0.9548077583312988
DBAASPR_22087,0.9885221719741821
DBAASPN_22088,0.04829945042729378
DBAASPN_22089,0.08318769186735153
DBAASPN_22090,0.08790864050388336
DBAASPN_22092,0.05518034100532532
DBAASPS_22093,0.9839985966682434
DBAASPS_22094,0.9813668727874756
DBAASPS_22095,0.9844248294830322
DBAASPS_22096,0.9866254925727844
DBAASPS_22097,0.9806663990020752
DBAASPS_22098,0.9852632880210876
DBAASPS_22099,0.9840388894081116
DBAASPS_22100,0.9779585599899292
DBAASPS_22101,0.980498731136322
DBAASPS_22102,0.9795898795127869
DBAASPS_22103,0.9759877324104309
DBAASPS_22104,0.9802188277244568
DBAASPS_22105,0.9826189279556274
DBAASPS_22106,0.988840639591217
DBAASPS_22107,0.9892250299453735
DBAASPS_22108,0.9903286695480347
DBAASPS_22109,0.9903379678726196
DBAASPS_22110,0.9887233972549438
DBAASPS_22111,0.9846009612083435
DBAASPS_22112,0.9882000088691711
DBAASPS_22113,0.8538224101066589
DBAASPS_22114,0.0570225827395916
DBAASPS_22115,0.7135993242263794
DBAASPS_22116,0.2832384705543518
DBAASPS_22117,0.9904013276100159
DBAASPS_22118,0.5142229199409485
DBAASPS_22120,0.976803719997406
DBAASPS_22121,0.5902254581451416
DBAASPS_22122,0.9839862585067749
DBAASPS_22123,0.9586924314498901
DBAASPS_22124,0.982094407081604
DBAASPS_22125,0.964134156703949
DBAASPS_22126,0.9838079810142517
DBAASPS_22127,0.9612762331962585
DBAASPS_22129,0.584726095199585
DBAASPS_22131,0.9890449047088623
DBAASPN_22132,0.11689256876707077
DBAASPN_22133,0.12004304677248001
DBAASPN_22134,0.05830652639269829
DBAASPN_22136,0.8025550842285156
DBAASPN_22137,0.08866801857948303
DBAASPN_22138,0.1029241532087326
DBAASPN_22139,0.10166867822408676
DBAASPS_22140,0.07889445126056671
DBAASPS_22141,0.10278799384832382
DBAASPN_22142,0.1059337854385376
DBAASPN_22143,0.12295851111412048
DBAASPN_22144,0.10342924296855927
DBAASPN_22145,0.1488325297832489
DBAASPN_22146,0.060803499072790146
DBAASPN_22147,0.1270512044429779
DBAASPR_22148,0.20362964272499084
DBAASPN_22152,0.09481071680784225
DBAASPN_22155,0.08859677612781525
DBAASPS_22156,0.9865118265151978
DBAASPR_22159,0.9778349995613098
DBAASPR_22162,0.23047344386577606
DBAASPR_22163,0.8518095016479492
DBAASPN_22164,0.09616605937480927
DBAASPN_22167,0.04056524857878685
DBAASPN_22168,0.11708763986825943
DBAASPN_22169,0.07795155793428421
DBAASPN_22171,0.11130953580141068
DBAASPN_22172,0.10831285268068314
DBAASPN_22173,0.17839378118515015
DBAASPN_22174,0.17749054729938507
DBAASPN_22175,0.21792690455913544
DBAASPN_22176,0.07602227479219437
DBAASPN_22193,0.08470825105905533
DBAASPN_22195,0.10370101034641266
DBAASPS_22197,0.11142957210540771
DBAASPS_22207,0.05461489409208298
DBAASPS_22208,0.03387092053890228
DBAASPS_22215,0.9902818202972412
DBAASPS_22216,0.9905750751495361
DBAASPS_22217,0.9902288913726807
DBAASPS_22218,0.9905568957328796
DBAASPS_22219,0.9888683557510376
DBAASPS_22220,0.9903189539909363
DBAASPR_22221,0.23082920908927917
DBAASPR_22222,0.08470548689365387
DBAASPS_22224,0.9878093004226685
DBAASPS_22225,0.97989821434021
DBAASPS_22226,0.9881159067153931
DBAASPS_22227,0.9862979650497437
DBAASPS_22228,0.9818766117095947
DBAASPS_22229,0.9851529002189636
DBAASPS_22230,0.9798901081085205
DBAASPS_22231,0.9672123789787292
DBAASPS_22232,0.9448133111000061
DBAASPS_22233,0.9105061888694763
DBAASPS_22234,0.9811027646064758
DBAASPS_22235,0.9787857532501221
DBAASPS_22236,0.7663877606391907
DBAASPS_22237,0.56243497133255
DBAASPS_22238,0.9285255670547485
DBAASPS_22239,0.5131932497024536
DBAASPS_22240,0.9889293909072876
DBAASPS_22241,0.9904837608337402
DBAASPS_22244,0.8588888049125671
DBAASPS_22245,0.8856626152992249
DBAASPS_22246,0.38962262868881226
DBAASPS_22247,0.062183678150177
DBAASPS_22249,0.8336370587348938
DBAASPN_22254,0.8660058379173279
DBAASPN_22255,0.8464479446411133
DBAASPN_22256,0.36885929107666016
DBAASPN_22257,0.4005451202392578
DBAASPN_22258,0.0856727734208107
DBAASPN_22259,0.09740635007619858
DBAASPN_22260,0.10053571313619614
DBAASPN_22261,0.11440864205360413
DBAASPS_22263,0.07539289444684982
DBAASPS_22264,0.9516726136207581
DBAASPS_22265,0.44818589091300964
DBAASPS_22266,0.7393758296966553
DBAASPS_22267,0.10658814013004303
DBAASPS_22268,0.5316628813743591
DBAASPS_22269,0.9862862825393677
DBAASPS_22270,0.628695011138916
DBAASPS_22271,0.11860822141170502
DBAASPS_22272,0.07156646996736526
DBAASPS_22273,0.5802144408226013
DBAASPS_22274,0.4609103202819824
DBAASPS_22275,0.9818863272666931
DBAASPS_22276,0.46217262744903564
DBAASPS_22277,0.8974298238754272
DBAASPS_22278,0.36235618591308594
DBAASPS_22279,0.9707462787628174
DBAASPS_22280,0.9907233119010925
DBAASPS_22281,0.9681732654571533
DBAASPS_22283,0.9895771145820618
DBAASPS_22284,0.9885221123695374
DBAASPS_22285,0.9870314598083496
DBAASPS_22286,0.9900816679000854
DBAASPS_22287,0.9846083521842957
DBAASPS_22288,0.9896323084831238
DBAASPS_22289,0.986567497253418
DBAASPS_22290,0.9893465042114258
DBAASPS_22291,0.9868007302284241
DBAASPS_22292,0.9891951680183411
DBAASPS_22293,0.9899744391441345
DBAASPS_22294,0.9863784313201904
DBAASPS_22295,0.9893211126327515
DBAASPS_22296,0.9892557263374329
DBAASPS_22297,0.9851191639900208
DBAASPS_22298,0.9880079030990601
DBAASPS_22299,0.9897915720939636
DBAASPS_22300,0.9652787446975708
DBAASPS_22301,0.9881523251533508
DBAASPS_22302,0.986697793006897
DBAASPS_22303,0.9862072467803955
DBAASPS_22305,0.9902714490890503
DBAASPS_22306,0.9903125166893005
DBAASPS_22307,0.9899038076400757
DBAASPS_22308,0.9886894822120667
DBAASPS_22309,0.9824764728546143
DBAASPS_22310,0.9897963404655457
DBAASPS_22311,0.9705432653427124
DBAASPS_22312,0.988798201084137
DBAASPS_22313,0.9901895523071289
DBAASPS_22314,0.9902870655059814
DBAASPS_22315,0.9906788468360901
DBAASPS_22316,0.9906938672065735
DBAASPS_22317,0.9908120036125183
DBAASPS_22318,0.990864098072052
DBAASPS_22319,0.9908525943756104
DBAASPS_22320,0.990309476852417
DBAASPS_22321,0.9906603693962097
DBAASPS_22322,0.9906670451164246
DBAASPS_22323,0.9906725287437439
DBAASPS_22324,0.9889048933982849
DBAASPS_22325,0.9901484847068787
DBAASPS_22326,0.9807912111282349
DBAASPS_22327,0.9721652865409851
DBAASPS_22328,0.9907060265541077
DBAASPS_22329,0.9896079897880554
DBAASPS_22330,0.9905552268028259
DBAASPS_22331,0.9895678162574768
DBAASPS_22332,0.7263838648796082
DBAASPS_22335,0.9902946352958679
DBAASPS_22338,0.9892628192901611
DBAASPS_22339,0.9898800849914551
DBAASPR_22347,0.9816831350326538
DBAASPS_22348,0.9908265471458435
DBAASPS_22349,0.9842564463615417
DBAASPS_22350,0.03138000890612602
DBAASPS_22356,0.5281698703765869
DBAASPS_22357,0.19821415841579437
DBAASPS_22359,0.6490557193756104
DBAASPS_22360,0.3273494243621826
DBAASPS_22362,0.9748015999794006
DBAASPS_22364,0.9877208471298218
DBAASPS_22372,0.9044467210769653
DBAASPS_22373,0.9888780117034912
DBAASPS_22374,0.9805827736854553
DBAASPS_22375,0.23892396688461304
DBAASPS_22376,0.8409129977226257
DBAASPR_22385,0.027268147096037865
DBAASPS_22386,0.8620132803916931
DBAASPS_22387,0.979261040687561
DBAASPS_22388,0.972701370716095
DBAASPS_22389,0.9748274683952332
DBAASPS_22390,0.02185514010488987
DBAASPS_22391,0.6715824007987976
DBAASPS_22392,0.9808903336524963
DBAASPS_22396,0.33444932103157043
DBAASPS_22397,0.1503342241048813
DBAASPS_22398,0.10605507344007492
DBAASPS_22399,0.08543851971626282
DBAASPS_22400,0.16997091472148895
DBAASPS_22401,0.06251612305641174
DBAASPN_22402,0.2569589614868164
DBAASPS_22432,0.05793597549200058
DBAASPS_22433,0.08567425608634949
DBAASPS_22434,0.09987948834896088
DBAASPS_22435,0.19870279729366302
DBAASPS_22436,0.20118768513202667
DBAASPR_22437,0.244772270321846
DBAASPS_22438,0.21701458096504211
DBAASPS_22443,0.9884448051452637
DBAASPS_22448,0.975456953048706
DBAASPS_22449,0.11098968982696533
DBAASPS_22451,0.9840498566627502
DBAASPS_22452,0.9612341523170471
DBAASPS_22453,0.7689495086669922
DBAASPS_22454,0.8852704763412476
DBAASPS_22455,0.9635512232780457
DBAASPS_22456,0.9832196235656738
DBAASPS_22457,0.9878238439559937
DBAASPS_22458,0.9877769351005554
DBAASPS_22459,0.9898636341094971
DBAASPS_22460,0.9822834730148315
DBAASPS_22461,0.6313965916633606
DBAASPS_22462,0.9878966808319092
DBAASPS_22463,0.36007171869277954
DBAASPS_22468,0.4934346675872803
DBAASPS_22473,0.9891186952590942
DBAASPS_22474,0.9800592660903931
DBAASPS_22480,0.9649454951286316
DBAASPS_22481,0.9818114042282104
DBAASPS_22482,0.6709940433502197
DBAASPS_22484,0.8177616596221924
DBAASPR_22486,0.035629406571388245
DBAASPS_22488,0.049222249537706375
DBAASPS_22495,0.7649174332618713
DBAASPS_22497,0.8194092512130737
DBAASPS_22498,0.7519989609718323
DBAASPS_22499,0.9081569910049438
DBAASPS_22500,0.6845533847808838
DBAASPS_22501,0.755527138710022
DBAASPS_22502,0.8122369647026062
DBAASPS_22504,0.179160937666893
DBAASPS_22505,0.48030155897140503
DBAASPS_22506,0.9784339666366577
DBAASPS_22507,0.9866957068443298
DBAASPS_22508,0.9895384907722473
DBAASPS_22509,0.9908535480499268
DBAASPS_22510,0.9908223152160645
DBAASPS_22511,0.9907709360122681
DBAASPS_22512,0.9622198343276978
DBAASPS_22515,0.9746309518814087
DBAASPS_22517,0.9717321395874023
DBAASPS_22519,0.9823470711708069
DBAASPS_22526,0.48486730456352234
DBAASPS_22535,0.949626624584198
DBAASPS_22539,0.98133385181427
DBAASPS_22542,0.9845154285430908
DBAASPS_22543,0.986099898815155
DBAASPS_22544,0.32336515188217163
DBAASPS_22545,0.9812594056129456
DBAASPS_22546,0.32977432012557983
DBAASPS_22547,0.1465587615966797
DBAASPS_22548,0.013671070337295532
DBAASPS_22549,0.013506399467587471
DBAASPS_22550,0.9895077347755432
DBAASPS_22552,0.13863469660282135
DBAASPS_22553,0.02926260232925415
DBAASPS_22554,0.03436161205172539
DBAASPS_22555,0.8289096355438232
DBAASPS_22556,0.08646246790885925
DBAASPS_22557,0.4308519959449768
DBAASPS_22558,0.6398860216140747
DBAASPS_22559,0.9831727147102356
DBAASPS_22560,0.9879856109619141
DBAASPS_22561,0.98180091381073
DBAASPS_22562,0.988353431224823
DBAASPS_22563,0.9876358509063721
DBAASPS_22564,0.988558828830719
DBAASPS_22565,0.9829820990562439
DBAASPS_22566,0.9897791147232056
DBAASPS_22572,0.9871572256088257
DBAASPS_22574,0.9900437593460083
DBAASPS_22577,0.4403171241283417
DBAASPS_22578,0.3563947081565857
DBAASPS_22579,0.21045903861522675
DBAASPS_22580,0.31934693455696106
DBAASPS_22582,0.30737757682800293
DBAASPS_22585,0.9898367524147034
DBAASPS_22586,0.7138347029685974
DBAASPS_22587,0.9899388551712036
DBAASPS_22588,0.6460340619087219
DBAASPS_22589,0.9813081622123718
DBAASPS_22591,0.5779361128807068
DBAASPS_22592,0.10956930369138718
DBAASPS_22593,0.14498090744018555
DBAASPS_22594,0.02140035666525364
DBAASPS_22595,0.15709935128688812
DBAASPS_22596,0.08280123770236969
DBAASPS_22597,0.14261358976364136
DBAASPS_22598,0.13293445110321045
DBAASPS_22599,0.038831692188978195
DBAASPS_22600,0.049029115587472916
DBAASPS_22601,0.13117723166942596
DBAASPS_22612,0.20695184171199799
DBAASPS_22631,0.9901963472366333
DBAASPS_22632,0.9907822012901306
DBAASPS_22633,0.9908930659294128
DBAASPS_22634,0.9898888468742371
DBAASPS_22635,0.9906007647514343
DBAASPS_22636,0.9905823469161987
DBAASPS_22637,0.9909079074859619
DBAASPS_22638,0.9909794926643372
DBAASPS_22639,0.9904874563217163
DBAASPR_22641,0.9846282005310059
DBAASPS_22643,0.9874908924102783
DBAASPS_22644,0.9870069026947021
DBAASPS_22645,0.989962637424469
DBAASPS_22646,0.9841797351837158
DBAASPS_22647,0.9864840507507324
DBAASPS_22648,0.13807597756385803
DBAASPS_22659,0.9888211488723755
DBAASPS_22660,0.9899808168411255
DBAASPS_22661,0.990381121635437
DBAASPS_22667,0.990679144859314
DBAASPS_22668,0.9907978177070618
DBAASPS_22669,0.9906299114227295
DBAASPS_22670,0.9908918738365173
DBAASPS_22671,0.9910017251968384
DBAASPS_22672,0.9908618330955505
DBAASPS_22674,0.9909594058990479
DBAASPS_22675,0.9908989667892456
DBAASPS_22676,0.990785539150238
DBAASPS_22677,0.9909009337425232
DBAASPS_22679,0.9908886551856995
DBAASPS_22680,0.990971565246582
DBAASPS_22684,0.9893678426742554
DBAASPS_22687,0.990922212600708
DBAASPS_22688,0.990732729434967
DBAASPS_22689,0.9909470081329346
DBAASPS_22690,0.9907410740852356
DBAASPS_22691,0.9860019087791443
DBAASPS_22692,0.9908967018127441
DBAASPS_22693,0.9893316030502319
DBAASPS_22694,0.9760305285453796
DBAASPS_22695,0.776094377040863
DBAASPS_22696,0.9834990501403809
DBAASPS_22697,0.9902787804603577
DBAASPS_22698,0.9218798279762268
DBAASPS_22699,0.9869256019592285
DBAASPS_22700,0.9884553551673889
DBAASPS_22701,0.9757542610168457
DBAASPS_22702,0.9694120287895203
DBAASPS_22703,0.5105592608451843
DBAASPS_22705,0.9909282922744751
DBAASPS_22706,0.9840726256370544
DBAASPS_22707,0.9769325852394104
DBAASPS_22708,0.9810194969177246
DBAASPS_22709,0.9875751733779907
DBAASPR_22710,0.5482631921768188
DBAASPS_22711,0.9885162711143494
DBAASPS_22712,0.9896154403686523
DBAASPS_22713,0.9897953867912292
DBAASPS_22714,0.9893738031387329
DBAASPS_22715,0.9905301332473755
DBAASPS_22716,0.8976582884788513
DBAASPS_22717,0.9902812838554382
DBAASPS_22718,0.9880404472351074
DBAASPS_22719,0.9890400767326355
DBAASPS_22720,0.98199462890625
DBAASPS_22721,0.9880756735801697
DBAASPS_22722,0.9907163977622986
DBAASPS_22723,0.990442156791687
DBAASPS_22724,0.985241174697876
DBAASPS_22727,0.08958820253610611
DBAASPR_22729,0.9788410663604736
DBAASPS_22730,0.9889114499092102
DBAASPS_22731,0.9905136227607727
DBAASPS_22732,0.9906001687049866
DBAASPS_22733,0.09598186612129211
DBAASPS_22736,0.10396379977464676
DBAASPS_22738,0.13893665373325348
DBAASPS_22742,0.0828491747379303
DBAASPS_22744,0.04093282297253609
DBAASPN_22745,0.9819926619529724
DBAASPN_22746,0.9878858327865601
DBAASPS_22748,0.9892796277999878
DBAASPS_22749,0.9697707295417786
DBAASPS_22750,0.9902437925338745
DBAASPS_22755,0.9632686376571655
DBAASPS_22758,0.9904525876045227
DBAASPS_22762,0.9617021083831787
DBAASPS_22763,0.9458712935447693
DBAASPS_22768,0.9904605746269226
DBAASPS_22769,0.9898691177368164
DBAASPS_22770,0.9901847243309021
DBAASPS_22771,0.9902870655059814
DBAASPS_22772,0.990639328956604
DBAASPS_22773,0.9905717372894287
DBAASPS_22774,0.9905093908309937
DBAASPS_22775,0.9895075559616089
DBAASPS_22776,0.9883700013160706
DBAASPS_22777,0.9882442355155945
DBAASPS_22778,0.9904459714889526
DBAASPS_22780,0.8099472522735596
DBAASPS_22782,0.9816416501998901
DBAASPS_22785,0.9906675815582275
DBAASPS_22786,0.9794543981552124
DBAASPS_22787,0.9899123907089233
DBAASPR_22788,0.041693590581417084
DBAASPS_22789,0.6659160852432251
DBAASPS_22790,0.5044826865196228
DBAASPS_22791,0.10460200160741806
DBAASPS_22792,0.9861444234848022
DBAASPS_22794,0.8925079703330994
DBAASPS_22795,0.9446225762367249
DBAASPS_22796,0.9865069389343262
DBAASPS_22797,0.9211970567703247
DBAASPS_22798,0.8750123381614685
DBAASPR_22799,0.8968461751937866
DBAASPS_22800,0.9773579835891724
DBAASPS_22801,0.9392427206039429
DBAASPS_22802,0.9658750295639038
DBAASPS_22803,0.9624015688896179
DBAASPS_22804,0.0325206033885479
DBAASPN_22805,0.10921789705753326
DBAASPN_22806,0.1008124053478241
DBAASPS_22807,0.911044180393219
DBAASPS_22808,0.9815678000450134
DBAASPR_22810,0.9795046448707581
DBAASPS_22811,0.9410783648490906
DBAASPS_22812,0.36703455448150635
DBAASPR_22813,0.4545585811138153
DBAASPS_22815,0.9906271696090698
DBAASPS_22820,0.9904451370239258
DBAASPS_22821,0.9104365110397339
DBAASPS_22822,0.989425003528595
DBAASPS_22823,0.797471284866333
DBAASPS_22824,0.2436671108007431
DBAASPN_22825,0.11333194375038147
DBAASPN_22826,0.14260068535804749
DBAASPN_22831,0.130552738904953
DBAASPS_22834,0.08237242698669434
DBAASPS_22836,0.0880277007818222
DBAASPN_22838,0.11028863489627838
DBAASPN_22839,0.1135152131319046
DBAASPN_22840,0.11813993006944656
DBAASPS_22844,0.05963897705078125
DBAASPS_22845,0.03600762411952019
DBAASPS_22846,0.04042752832174301
DBAASPS_22847,0.02351880818605423
DBAASPS_22849,0.020251577720046043
DBAASPS_22850,0.021898489445447922
DBAASPS_22856,0.05104959383606911
DBAASPS_22857,0.05296516790986061
DBAASPS_22858,0.055048149079084396
DBAASPS_22859,0.05076393857598305
DBAASPS_22861,0.04146160930395126
DBAASPS_22862,0.05547167360782623
DBAASPS_22863,0.07477782666683197
DBAASPS_22867,0.04258066043257713
DBAASPS_22869,0.034857381135225296
DBAASPS_22877,0.9681694507598877
DBAASPS_22878,0.9883778095245361
DBAASPS_22879,0.9826809167861938
DBAASPS_22880,0.9762627482414246
DBAASPS_22881,0.9857110977172852
DBAASPS_22882,0.9858303666114807
DBAASPS_22883,0.9879260063171387
DBAASPS_22884,0.9878698587417603
DBAASPS_22885,0.989112377166748
DBAASPR_22886,0.9445374608039856
DBAASPR_22887,0.9525963664054871
DBAASPR_22891,0.9754555821418762
DBAASPR_22893,0.9852855801582336
DBAASPR_22894,0.9880747199058533
DBAASPR_22895,0.9583909511566162
DBAASPR_22896,0.8982811570167542
DBAASPR_22897,0.9506490230560303
DBAASPR_22902,0.7224864363670349
DBAASPR_22904,0.9576953053474426
DBAASPR_22905,0.7949931621551514
DBAASPS_22908,0.9900054335594177
DBAASPS_22909,0.9866940379142761
DBAASPS_22910,0.9017118811607361
DBAASPS_22911,0.9456112384796143
DBAASPS_22916,0.973947286605835
DBAASPS_22917,0.9865859746932983
DBAASPS_22918,0.9693130254745483
DBAASPS_22920,0.9544620513916016
DBAASPS_22921,0.9760380387306213
DBAASPS_22922,0.966488778591156
DBAASPS_22923,0.9797022938728333
DBAASPS_22924,0.9695004820823669
DBAASPS_22927,0.03836919367313385
DBAASPS_22945,0.9820320010185242
DBAASPS_22946,0.9545359015464783
DBAASPS_22947,0.9890826344490051
DBAASPS_22948,0.9809736013412476
DBAASPS_22949,0.5366535782814026
DBAASPS_22950,0.9562172293663025
DBAASPS_22951,0.48425689339637756
DBAASPS_22952,0.6690759062767029
DBAASPS_22953,0.9481697082519531
DBAASPS_22960,0.7419969439506531
DBAASPS_22984,0.03680761158466339
DBAASPS_22985,0.29212361574172974
DBAASPS_22986,0.5135266184806824
DBAASPS_22987,0.02221730165183544
DBAASPS_22988,0.12954095005989075
DBAASPS_22989,0.3315279483795166
DBAASPS_22990,0.28792715072631836
DBAASPS_22991,0.05473487451672554
DBAASPS_22992,0.15044061839580536
DBAASPS_22993,0.1414903998374939
DBAASPS_22994,0.3634242117404938
DBAASPS_22995,0.07549428194761276
DBAASPS_22999,0.9884257316589355
DBAASPR_23000,0.9905998110771179
DBAASPS_23001,0.9907395839691162
DBAASPS_23002,0.20392464101314545
DBAASPS_23003,0.9903295040130615
DBAASPS_23004,0.990454375743866
DBAASPS_23005,0.9899588823318481
DBAASPS_23006,0.9890105724334717
DBAASPS_23007,0.990108072757721
DBAASPS_23008,0.9897960424423218
DBAASPS_23009,0.9887708425521851
DBAASPS_23010,0.9842056035995483
DBAASPS_23011,0.9891720414161682
DBAASPS_23012,0.9886005520820618
DBAASPS_23013,0.989355206489563
DBAASPS_23014,0.9898630380630493
DBAASPS_23015,0.9896848797798157
DBAASPS_23016,0.9900961518287659
DBAASPS_23017,0.9877997636795044
DBAASPS_23018,0.9785711169242859
DBAASPS_23020,0.9896426200866699
DBAASPS_23021,0.06618811935186386
DBAASPS_23022,0.9896553158760071
DBAASPS_23023,0.12116903811693192
DBAASPR_23024,0.3633676767349243
DBAASPS_23025,0.1984546035528183
DBAASPS_23026,0.28066208958625793
DBAASPS_23028,0.13348601758480072
DBAASPS_23029,0.04994227737188339
DBAASPS_23030,0.9251635670661926
DBAASPS_23032,0.8142609000205994
DBAASPS_23033,0.43718838691711426
DBAASPS_23035,0.9865062832832336
DBAASPS_23036,0.9904204607009888
DBAASPS_23037,0.982196569442749
DBAASPS_23038,0.9894309639930725
DBAASPS_23039,0.9899325370788574
DBAASPS_23040,0.9841583967208862
DBAASPS_23041,0.9863185286521912
DBAASPS_23042,0.9896187782287598
DBAASPS_23043,0.9898067116737366
DBAASPS_23044,0.5417834520339966
DBAASPS_23045,0.9883847236633301
DBAASPS_23046,0.9720759391784668
DBAASPS_23047,0.9902764558792114
DBAASPS_23048,0.9903908967971802
DBAASPS_23049,0.931128978729248
DBAASPS_23050,0.9841843843460083
DBAASPS_23051,0.9850886464118958
DBAASPS_23052,0.9906351566314697
DBAASPS_23053,0.989870011806488
DBAASPS_23054,0.9884780049324036
DBAASPS_23055,0.9855630993843079
DBAASPS_23056,0.9903408885002136
DBAASPS_23057,0.9889352917671204
DBAASPS_23058,0.9894846677780151
DBAASPS_23059,0.9846129417419434
DBAASPS_23060,0.9862927198410034
DBAASPS_23061,0.9872187376022339
DBAASPS_23062,0.9889652729034424
DBAASPS_23063,0.983158528804779
DBAASPS_23064,0.8628273606300354
DBAASPS_23065,0.8477070927619934
DBAASPS_23066,0.43511247634887695
DBAASPS_23067,0.9830109477043152
DBAASPS_23071,0.051649101078510284
DBAASPS_23077,0.9869293570518494
DBAASPS_23078,0.9047473073005676
DBAASPS_23079,0.10324068367481232
DBAASPS_23080,0.9849928617477417
DBAASPS_23082,0.9795767664909363
DBAASPS_23083,0.9880094528198242
DBAASPS_23084,0.9897468090057373
DBAASPS_23085,0.9872646927833557
DBAASPS_23086,0.9830116629600525
DBAASPS_23087,0.9815016388893127
DBAASPS_23088,0.9584507942199707
DBAASPS_23089,0.9794864654541016
DBAASPS_23090,0.9831427335739136
DBAASPS_23091,0.9768942594528198
DBAASPS_23092,0.9249250888824463
DBAASPS_23093,0.9888045787811279
DBAASPS_23094,0.9901593923568726
DBAASPS_23095,0.9891623258590698
DBAASPS_23096,0.9845708012580872
DBAASPS_23097,0.9877394437789917
DBAASPS_23098,0.9807263016700745
DBAASPS_23099,0.9903282523155212
DBAASPS_23100,0.9889121055603027
DBAASPS_23101,0.9873759746551514
DBAASPS_23102,0.9887913465499878
DBAASPS_23103,0.28655576705932617
DBAASPS_23104,0.9856264591217041
DBAASPS_23105,0.9787794351577759
DBAASPS_23106,0.9865993857383728
DBAASPS_23107,0.9894970655441284
DBAASPS_23116,0.9839049577713013
DBAASPS_23117,0.9484981298446655
DBAASPS_23118,0.9642696380615234
DBAASPS_23119,0.9776187539100647
DBAASPS_23120,0.9271516799926758
DBAASPS_23121,0.9773224592208862
DBAASPS_23122,0.8611049056053162
DBAASPS_23123,0.98500657081604
DBAASPS_23124,0.9678322076797485
DBAASPS_23125,0.9680302143096924
DBAASPS_23126,0.9810113906860352
DBAASPS_23127,0.9827909469604492
DBAASPS_23128,0.8513631820678711
DBAASPS_23129,0.9499619603157043
DBAASPS_23130,0.9834651350975037
DBAASPS_23131,0.9119530320167542
DBAASPS_23132,0.9484270215034485
DBAASPS_23133,0.5026765465736389
DBAASPR_23134,0.027154728770256042
DBAASPS_23135,0.029839221388101578
DBAASPS_23136,0.09134257584810257
DBAASPS_23137,0.03076459839940071
DBAASPR_23138,0.09802360087633133
DBAASPS_23139,0.12340067327022552
DBAASPS_23140,0.05585873872041702
DBAASPS_23141,0.05874957516789436
DBAASPR_23142,0.30664095282554626
DBAASPR_23144,0.9145410656929016
DBAASPR_23145,0.9482229351997375
DBAASPR_23146,0.9225639700889587
DBAASPS_23148,0.9510768055915833
DBAASPS_23149,0.9880671501159668
DBAASPR_23156,0.9429206252098083
DBAASPS_23157,0.9885501861572266
DBAASPS_23158,0.9778279066085815
DBAASPS_23159,0.9869467616081238
DBAASPS_23160,0.979850172996521
DBAASPS_23163,0.2995765805244446
DBAASPS_23164,0.9873639345169067
DBAASPS_23165,0.9422934055328369
DBAASPS_23166,0.8827013373374939
DBAASPS_23168,0.09173667430877686
DBAASPS_23174,0.9875198006629944
DBAASPS_23178,0.9855205416679382
DBAASPS_23205,0.9893152117729187
DBAASPS_23206,0.9901507496833801
DBAASPS_23207,0.5016114711761475
DBAASPS_23208,0.710590660572052
DBAASPS_23209,0.3159368634223938
DBAASPS_23210,0.36888617277145386
DBAASPS_23211,0.17489522695541382
DBAASPS_23212,0.9851019978523254
DBAASPS_23213,0.2203715443611145
DBAASPS_23214,0.9893320798873901
DBAASPS_23215,0.18514174222946167
DBAASPS_23216,0.7373689413070679
DBAASPS_23217,0.46957433223724365
DBAASPS_23218,0.7098062038421631
DBAASPS_23219,0.9810584783554077
DBAASPS_23220,0.925081193447113
DBAASPS_23221,0.9830567836761475
DBAASPS_23222,0.990563690662384
DBAASPS_23223,0.9899215698242188
DBAASPS_23224,0.9837982654571533
DBAASPS_23225,0.9876009821891785
DBAASPS_23226,0.9787353873252869
DBAASPS_23227,0.9905910491943359
DBAASPR_23238,0.985704243183136
DBAASPS_23239,0.9519771933555603
DBAASPS_23242,0.9839243292808533
DBAASPS_23243,0.987406313419342
DBAASPS_23244,0.9860758185386658
DBAASPS_23245,0.9860464930534363
DBAASPS_23246,0.9801510572433472
DBAASPS_23247,0.9887951612472534
DBAASPS_23248,0.988727867603302
DBAASPS_23249,0.9902136325836182
DBAASPS_23250,0.9875856041908264
DBAASPS_23251,0.9861648082733154
DBAASPS_23252,0.9829784035682678
DBAASPS_23253,0.9840685725212097
DBAASPS_23254,0.9775862693786621
DBAASPS_23255,0.9858317375183105
DBAASPS_23256,0.9503915905952454
DBAASPS_23257,0.952334463596344
DBAASPS_23260,0.8016665577888489
DBAASPS_23261,0.9447504281997681
DBAASPS_23266,0.9890788793563843
DBAASPS_23268,0.9891852736473083
DBAASPS_23269,0.9513477683067322
DBAASPS_23270,0.9574572443962097
DBAASPS_23271,0.9602146148681641
DBAASPN_23278,0.02045617438852787
DBAASPS_23287,0.9675418138504028
DBAASPS_23288,0.9563382863998413
DBAASPS_23289,0.8988141417503357
DBAASPS_23290,0.9583902359008789
DBAASPS_23291,0.8511959910392761
DBAASPS_23292,0.917754054069519
DBAASPS_23293,0.5262451171875
DBAASPS_23294,0.979163646697998
DBAASPS_23295,0.9886139035224915
DBAASPS_23296,0.9715880155563354
DBAASPS_23297,0.9887555241584778
DBAASPS_23298,0.9898130893707275
DBAASPS_23308,0.2269972264766693
DBAASPN_23311,0.026786014437675476
DBAASPN_23315,0.10736969858407974
DBAASPN_23317,0.19787684082984924
DBAASPN_23318,0.17689047753810883
DBAASPN_23319,0.022377127781510353
DBAASPN_23320,0.02064616046845913
DBAASPN_23321,0.024912439286708832
DBAASPN_23322,0.025135140866041183
DBAASPN_23323,0.021166186779737473
DBAASPN_23324,0.05516600236296654
DBAASPN_23325,0.017421608790755272
DBAASPN_23326,0.025130830705165863
DBAASPN_23327,0.0273705143481493
DBAASPN_23328,0.15546150505542755
DBAASPN_23329,0.17696478962898254
DBAASPS_23330,0.9904254078865051
DBAASPS_23331,0.9905948042869568
DBAASPS_23332,0.9904990196228027
DBAASPS_23333,0.9905754923820496
DBAASPS_23334,0.9907479286193848
DBAASPS_23335,0.9907618165016174
DBAASPS_23338,0.9904491901397705
DBAASPS_23339,0.9908224940299988
DBAASPS_23340,0.20635518431663513
DBAASPS_23341,0.9863889217376709
DBAASPS_23342,0.989484429359436
DBAASPS_23343,0.9905815124511719
DBAASPS_23344,0.9899988770484924
DBAASPS_23345,0.989681601524353
DBAASPS_23346,0.9906332492828369
DBAASPS_23347,0.9897803664207458
DBAASPS_23348,0.9893832206726074
DBAASPS_23349,0.9905052185058594
DBAASPS_23350,0.9898231625556946
DBAASPS_23351,0.970895528793335
DBAASPS_23352,0.9769017100334167
DBAASPS_23353,0.9843403697013855
DBAASPS_23354,0.988706111907959
DBAASPS_23355,0.8682964444160461
DBAASPS_23356,0.0544772632420063
DBAASPS_23357,0.9891377687454224
DBAASPR_23358,0.06112344563007355
DBAASPR_23359,0.8749105334281921
DBAASPS_23360,0.852634608745575
DBAASPS_23362,0.9292970895767212
DBAASPS_23363,0.4896935224533081
DBAASPS_23364,0.3670712411403656
DBAASPS_23370,0.5480563640594482
DBAASPS_23372,0.9178996682167053
DBAASPS_23373,0.21202893555164337
DBAASPS_23374,0.12477380037307739
DBAASPS_23375,0.39042750000953674
DBAASPS_23376,0.37961915135383606
DBAASPS_23377,0.20079411566257477
DBAASPS_23378,0.12437482923269272
DBAASPS_23379,0.9800025820732117
DBAASPS_23380,0.990541398525238
DBAASPS_23381,0.9908609986305237
DBAASPS_23385,0.9834345579147339
DBAASPS_23386,0.9907074570655823
DBAASPS_23387,0.9909210205078125
DBAASPS_23388,0.9905436038970947
DBAASPS_23389,0.9905304908752441
DBAASPS_23390,0.9901834726333618
DBAASPS_23391,0.9836772084236145
DBAASPS_23395,0.9909136891365051
DBAASPS_23396,0.990921676158905
DBAASPS_23397,0.9909107685089111
DBAASPS_23398,0.243395134806633
DBAASPS_23399,0.6137682795524597
DBAASPS_23401,0.6725622415542603
DBAASPS_23402,0.9270969033241272
DBAASPS_23403,0.9619092345237732
DBAASPS_23404,0.9804646372795105
DBAASPS_23405,0.9901404976844788
DBAASPS_23406,0.9907594323158264
DBAASPS_23407,0.9904612898826599
DBAASPS_23408,0.9901001453399658
DBAASPS_23409,0.9901860952377319
DBAASPS_23410,0.9906430244445801
DBAASPS_23411,0.9902151226997375
DBAASPS_23412,0.9905639886856079
DBAASPS_23413,0.9899630546569824
DBAASPS_23414,0.9902671575546265
DBAASPS_23419,0.9755777716636658
DBAASPS_23420,0.9726804494857788
DBAASPS_23421,0.9871659278869629
DBAASPS_23422,0.9878149032592773
DBAASPS_23423,0.9891982078552246
DBAASPS_23424,0.9885843396186829
DBAASPS_23425,0.9892587661743164
DBAASPS_23426,0.9893621802330017
DBAASPS_23427,0.9901895523071289
DBAASPS_23428,0.21248193085193634
DBAASPS_23429,0.6842268109321594
DBAASPS_23430,0.8166402578353882
DBAASPS_23431,0.8612410426139832
DBAASPS_23432,0.3490636646747589
DBAASPS_23433,0.9108115434646606
DBAASPS_23434,0.9829622507095337
DBAASPS_23436,0.621936023235321
DBAASPS_23453,0.20040814578533173
DBAASPS_23459,0.4902626872062683
DBAASPS_23460,0.6050645709037781
DBAASPS_23461,0.6144883632659912
DBAASPS_23462,0.2879716455936432
DBAASPS_23463,0.4568050503730774
DBAASPS_23473,0.9536200761795044
DBAASPS_23474,0.9468713402748108
DBAASPS_23475,0.9839211106300354
DBAASPS_23477,0.9670834541320801
DBAASPS_23482,0.02667192928493023
DBAASPS_23483,0.9566490054130554
DBAASPS_23484,0.5967418551445007
DBAASPS_23485,0.780085563659668
DBAASPS_23486,0.22090168297290802
DBAASPS_23487,0.1651124805212021
DBAASPS_23488,0.7855221629142761
DBAASPS_23489,0.5212787985801697
DBAASPS_23490,0.29280245304107666
DBAASPS_23491,0.20800325274467468
DBAASPS_23492,0.23331274092197418
DBAASPS_23493,0.08476550877094269
DBAASPS_23494,0.5321254730224609
DBAASPS_23495,0.6481238007545471
DBAASPS_23496,0.3012133240699768
DBAASPS_23563,0.9648661017417908
DBAASPS_23564,0.9844834208488464
DBAASPS_23565,0.9789513945579529
DBAASPS_23566,0.9906470775604248
DBAASPS_23567,0.9906256198883057
DBAASPS_23568,0.9906567335128784
DBAASPS_23569,0.9900991320610046
DBAASPS_23570,0.9884951114654541
DBAASPS_23571,0.9897240996360779
DBAASPS_23572,0.28873562812805176
DBAASPS_23573,0.987274169921875
DBAASPS_23574,0.9902641773223877
DBAASPS_23575,0.9896178841590881
DBAASPS_23576,0.9831709265708923
DBAASPS_23577,0.9897734522819519
DBAASPS_23578,0.9868401288986206
DBAASPS_23579,0.9892381429672241
DBAASPS_23580,0.9900033473968506
DBAASPS_23581,0.990580141544342
DBAASPS_23582,0.9906389713287354
DBAASPS_23583,0.9886220097541809
DBAASPS_23584,0.988999605178833
DBAASPS_23585,0.9894582033157349
DBAASPS_23586,0.9817883968353271
DBAASPS_23587,0.9871100187301636
DBAASPS_23588,0.990561842918396
DBAASPS_23589,0.9903793334960938
DBAASPS_23590,0.9834080934524536
DBAASPS_23591,0.9803468585014343
DBAASPS_23592,0.9846681952476501
DBAASPS_23627,0.9889363050460815
DBAASPS_23628,0.9889943599700928
DBAASPS_23629,0.9904977083206177
DBAASPS_23630,0.9902757406234741
DBAASPS_23631,0.9890364408493042
DBAASPS_23632,0.9891989231109619
DBAASPS_23633,0.9900399446487427
DBAASPS_23634,0.9904283881187439
DBAASPS_23635,0.9899799227714539
DBAASPS_23636,0.9900404810905457
DBAASPS_23637,0.9905965924263
DBAASPS_23643,0.9902471899986267
DBAASPS_23644,0.9897732734680176
DBAASPS_23645,0.9901716113090515
DBAASPS_23646,0.9895203709602356
DBAASPS_23647,0.9899119138717651
DBAASPS_23648,0.9901254773139954
DBAASPS_23649,0.9871370196342468
DBAASPS_23650,0.9894575476646423
DBAASPS_23651,0.9872397184371948
DBAASPS_23652,0.9897785782814026
DBAASPS_23653,0.989544689655304
DBAASPS_23654,0.99016273021698
DBAASPS_23670,0.9564639925956726
DBAASPS_23671,0.9732500314712524
DBAASPS_23672,0.9706426858901978
DBAASPS_23688,0.8606262803077698
DBAASPS_23690,0.8520337343215942
DBAASPS_23692,0.988953709602356
DBAASPS_23693,0.983770489692688
DBAASPS_23694,0.9225417375564575
DBAASPS_23695,0.9895265698432922
DBAASPS_23696,0.9880039691925049
DBAASPS_23697,0.9641106128692627
DBAASPS_23698,0.9883031845092773
DBAASPS_23699,0.9897193312644958
DBAASPS_23700,0.9848305583000183
DBAASPS_23701,0.9765161871910095
DBAASPS_23702,0.9874873757362366
DBAASPR_23704,0.3747922480106354
DBAASPS_23705,0.9156125783920288
DBAASPS_23706,0.9794161915779114
DBAASPS_23707,0.20695774257183075
DBAASPS_23708,0.9892138242721558
DBAASPS_23709,0.956264853477478
DBAASPS_23711,0.9853509664535522
DBAASPS_23712,0.9894023537635803
DBAASPS_23713,0.985062837600708
DBAASPS_23714,0.13769401609897614
DBAASPS_23715,0.031186634674668312
DBAASPS_23716,0.23878949880599976
DBAASPS_23717,0.557697594165802
DBAASPS_23718,0.11689085513353348
DBAASPS_23719,0.1465854048728943
DBAASPS_23720,0.052776601165533066
DBAASPS_23721,0.65497887134552
DBAASPS_23722,0.9319047331809998
DBAASPS_23726,0.9832388758659363
DBAASPS_23727,0.9781018495559692
DBAASPS_23729,0.9895817041397095
DBAASPS_23730,0.9896689653396606
DBAASPS_23731,0.9685242772102356
DBAASPS_23732,0.1460515260696411
DBAASPS_23733,0.9905687570571899
DBAASPS_23735,0.9906954169273376
DBAASPS_23736,0.9866498708724976
DBAASPN_23744,0.6086049675941467
DBAASPN_23745,0.5838826894760132
DBAASPN_23746,0.23740726709365845
DBAASPS_23748,0.24348272383213043
DBAASPS_23749,0.24283170700073242
DBAASPS_23755,0.7677451968193054
DBAASPS_23769,0.9268315434455872
DBAASPS_23770,0.8584729433059692
DBAASPS_23771,0.8687298893928528
DBAASPS_23772,0.7024864554405212
DBAASPS_23773,0.45941677689552307
DBAASPR_23782,0.9614485502243042
DBAASPR_23783,0.9486423134803772
DBAASPR_23784,0.8445595502853394
DBAASPR_23787,0.16993054747581482
DBAASPS_23799,0.9839406609535217
DBAASPS_23800,0.9683061838150024
DBAASPS_23801,0.09173667430877686
DBAASPS_23813,0.9015634655952454
DBAASPS_23814,0.7761138081550598
DBAASPS_23815,0.9790148138999939
DBAASPS_23816,0.9774401783943176
DBAASPS_23817,0.3863177001476288
DBAASPS_23818,0.6007391214370728
DBAASPS_23821,0.9874539971351624
DBAASPS_23822,0.9886391162872314
DBAASPS_23823,0.9678252935409546
DBAASPS_23824,0.9871861934661865
DBAASPS_23825,0.974524199962616
DBAASPS_23826,0.9893001914024353
DBAASPS_23827,0.9874969720840454
DBAASPS_23828,0.9870347380638123
DBAASPS_23829,0.9885902404785156
DBAASPS_23830,0.9891351461410522
DBAASPS_23831,0.9760920405387878
DBAASPS_23832,0.9830464720726013
DBAASPS_23833,0.9900783896446228
DBAASPS_23834,0.9867833852767944
DBAASPS_23835,0.9825279712677002
DBAASPS_23842,0.9880361557006836
DBAASPS_23843,0.9405314326286316
DBAASPS_23846,0.5056381821632385
DBAASPS_23847,0.30498966574668884
DBAASPS_23853,0.06935469806194305
DBAASPS_23855,0.1509493589401245
DBAASPS_23857,0.1667528748512268
DBAASPS_23859,0.9236254096031189
DBAASPS_23860,0.9896342754364014
DBAASPS_23861,0.990066409111023
DBAASPS_23862,0.9898899793624878
DBAASPR_23863,0.9659987688064575
DBAASPS_23877,0.9894225597381592
DBAASPS_23878,0.990368664264679
DBAASPS_23879,0.9902425408363342
DBAASPS_23880,0.9907543063163757
DBAASPS_23881,0.9906367063522339
DBAASPS_23882,0.9901888966560364
DBAASPS_23883,0.9905575513839722
DBAASPS_23884,0.990528404712677
DBAASPS_23885,0.9902178645133972
DBAASPS_23886,0.989963710308075
DBAASPS_23887,0.9887368083000183
DBAASPS_23888,0.9714275598526001
DBAASPS_23889,0.17315566539764404
DBAASPS_23891,0.9805357456207275
DBAASPS_23893,0.9894437193870544
DBAASPS_23894,0.7082123160362244
DBAASPS_23896,0.989984929561615
DBAASPS_23899,0.9905636310577393
DBAASPS_23908,0.09629020094871521
DBAASPS_23933,0.9895331859588623
DBAASPS_23952,0.09173667430877686
DBAASPS_23976,0.8221982717514038
DBAASPS_23977,0.03713660314679146
DBAASPS_23978,0.989296019077301
DBAASPS_23979,0.9088713526725769
DBAASPS_23980,0.9897230863571167
DBAASPS_23981,0.9841440916061401
DBAASPS_23982,0.9905380606651306
DBAASPS_23983,0.9893175363540649
DBAASPS_23984,0.990588366985321
DBAASPS_23985,0.990551233291626
DBAASPS_23986,0.9893402457237244
DBAASPS_23987,0.9888023138046265
DBAASPS_23988,0.9889904856681824
DBAASPS_23989,0.977209210395813
DBAASPS_23990,0.9771789312362671
DBAASPS_23991,0.988081157207489
DBAASPS_23992,0.9813797473907471
DBAASPS_23993,0.9874646067619324
DBAASPS_23994,0.9780109524726868
DBAASPS_23995,0.9418250918388367
DBAASPS_23996,0.9830685257911682
DBAASPS_23997,0.9818100333213806
DBAASPS_23998,0.9840947389602661
DBAASPS_24000,0.981407642364502
DBAASPS_24001,0.9861035346984863
DBAASPS_24002,0.9868120551109314
DBAASPS_24010,0.019370414316654205
DBAASPS_24011,0.5666460990905762
DBAASPS_24012,0.7637925744056702
DBAASPS_24013,0.01750825345516205
DBAASPS_24014,0.9325546622276306
DBAASPS_24015,0.7240421175956726
DBAASPS_24016,0.629696786403656
DBAASPS_24017,0.9900333881378174
DBAASPS_24018,0.9638383984565735
DBAASPS_24019,0.6159282922744751
DBAASPS_24020,0.9775422215461731
DBAASPS_24021,0.9569689035415649
DBAASPS_24022,0.7140380144119263
DBAASPS_24023,0.9859861135482788
DBAASPS_24024,0.9820161461830139
DBAASPS_24025,0.8420635461807251
DBAASPS_24026,0.0176417026668787
DBAASPS_24027,0.2701447904109955
DBAASPS_24028,0.25459569692611694
DBAASPS_24029,0.9787245988845825
DBAASPS_24030,0.9411734342575073
DBAASPS_24031,0.9898640513420105
DBAASPS_24032,0.9868665337562561
DBAASPS_24033,0.9144428372383118
DBAASPS_24034,0.9888815879821777
DBAASPS_24035,0.12231907248497009
DBAASPS_24036,0.8194504380226135
DBAASPS_24037,0.9896600246429443
DBAASPS_24038,0.936000406742096
DBAASPS_24039,0.8177722096443176
DBAASPS_24040,0.9724947214126587
DBAASPS_24041,0.988434374332428
DBAASPS_24042,0.5746710896492004
DBAASPS_24043,0.1123548299074173
DBAASPS_24044,0.9893184900283813
DBAASPS_24045,0.8678442239761353
DBAASPS_24046,0.9886019229888916
DBAASPS_24047,0.8236607909202576
DBAASPS_24048,0.976732611656189
DBAASPS_24049,0.5351815223693848
DBAASPS_24050,0.989389181137085
DBAASPS_24051,0.9750088453292847
DBAASPS_24052,0.8849678039550781
DBAASPS_24054,0.9275071024894714
DBAASPS_24055,0.9849544763565063
DBAASPS_24056,0.9850143790245056
DBAASPS_24057,0.9771533012390137
DBAASPS_24058,0.9855325818061829
DBAASPS_24059,0.9730463624000549
DBAASPS_24061,0.9903040528297424
DBAASPS_24062,0.9885667562484741
DBAASPS_24064,0.9753164649009705
DBAASPS_24065,0.9555132389068604
DBAASPS_24067,0.2742425799369812
DBAASPS_24068,0.8564817905426025
DBAASPS_24069,0.9879152774810791
DBAASPS_24070,0.12427715957164764
DBAASPS_24071,0.9766871333122253
DBAASPS_24072,0.9739199280738831
DBAASPS_24073,0.9776034951210022
DBAASPS_24074,0.9746125340461731
DBAASPS_24075,0.9772275686264038
DBAASPS_24078,0.9880511164665222
DBAASPS_24111,0.09173667430877686
DBAASPS_24115,0.8215035796165466
DBAASPS_24116,0.9404526352882385
DBAASPS_24117,0.4761795699596405
DBAASPS_24149,0.9884976744651794
DBAASPS_24150,0.9902525544166565
DBAASPS_24151,0.9886475205421448
DBAASPS_24152,0.9840249419212341
DBAASPS_24153,0.989457368850708
DBAASPS_24154,0.9224183559417725
DBAASPS_24155,0.9795485734939575
DBAASPS_24156,0.9811484217643738
DBAASPS_24157,0.9868460297584534
DBAASPS_24158,0.9879286289215088
DBAASPS_24159,0.989253044128418
DBAASPS_24160,0.08708126842975616
DBAASPS_24161,0.05887061730027199
DBAASPN_24162,0.13556936383247375
DBAASPS_24166,0.9609286189079285
DBAASPS_24167,0.973202109336853
DBAASPS_24169,0.9906339049339294
DBAASPS_24170,0.9866501688957214
DBAASPS_24171,0.07489233464002609
DBAASPS_24172,0.10824919492006302
DBAASPS_24173,0.09765280038118362
DBAASPS_24174,0.07143830507993698
DBAASPS_24175,0.08501234650611877
DBAASPS_24176,0.09577927738428116
DBAASPS_24177,0.20942199230194092
DBAASPS_24178,0.04887829348444939
DBAASPS_24179,0.1269434243440628
DBAASPS_24180,0.05100126564502716
DBAASPS_24184,0.10917407274246216
DBAASPS_24187,0.0769963264465332
DBAASPS_24188,0.20328184962272644
DBAASPS_24189,0.27641722559928894
DBAASPS_24192,0.22873301804065704
DBAASPS_24194,0.07196536660194397
DBAASPS_24195,0.07196536660194397
DBAASPS_24196,0.03934700787067413
DBAASPS_24197,0.07618158310651779
DBAASPS_24198,0.14864890277385712
DBAASPS_24200,0.990286648273468
DBAASPS_24206,0.8989213705062866
DBAASPS_24207,0.9905011653900146
DBAASPS_24209,0.9861131310462952
DBAASPS_24210,0.9897206425666809
DBAASPS_24211,0.9900748133659363
DBAASPS_24233,0.23114264011383057
DBAASPS_24234,0.07838588207960129
DBAASPS_24235,0.03183097019791603
DBAASPS_24236,0.03358073905110359
DBAASPS_24238,0.9907934069633484
DBAASPN_24244,0.044400654733181
DBAASPN_24245,0.030098682269454002
DBAASPS_24248,0.017791012302041054
DBAASPS_24250,0.023883549496531487
DBAASPS_24255,0.022098204120993614
DBAASPS_24261,0.9897632598876953
DBAASPS_24267,0.8775402307510376
DBAASPS_24268,0.9851041436195374
DBAASPS_24269,0.9855368137359619
DBAASPS_24270,0.9905523061752319
DBAASPS_24271,0.6328499913215637
DBAASPS_24272,0.9863415360450745
DBAASPS_24273,0.9891477227210999
DBAASPS_24274,0.9893251657485962
DBAASPS_24275,0.9362207055091858
DBAASPS_24276,0.8667947053909302
DBAASPS_24277,0.9899484515190125
DBAASPS_24278,0.9731932282447815
DBAASPS_24279,0.981510579586029
DBAASPS_24280,0.9343667030334473
DBAASPS_24281,0.9901526570320129
DBAASPS_24282,0.9894834756851196
DBAASPS_24283,0.9902696013450623
DBAASPS_24285,0.9892801642417908
DBAASPS_24286,0.9901805520057678
DBAASPS_24287,0.9801141023635864
DBAASPS_24288,0.051422782242298126
DBAASPS_24289,0.4676632285118103
DBAASPS_24290,0.9880543947219849
DBAASPS_24291,0.990442156791687
DBAASPS_24292,0.990157425403595
DBAASPS_24293,0.9087198376655579
DBAASPS_24294,0.3090534210205078
DBAASPS_24295,0.9794409275054932
DBAASPS_24296,0.6184694170951843
DBAASPS_24297,0.18533900380134583
DBAASPS_24298,0.41881901025772095
DBAASPS_24299,0.7511885166168213
DBAASPS_24300,0.163802832365036
DBAASPS_24301,0.9842960834503174
DBAASPS_24302,0.9753614664077759
DBAASPS_24303,0.8348511457443237
DBAASPS_24304,0.990665853023529
DBAASPS_24305,0.9897483587265015
DBAASPS_24307,0.9904919862747192
DBAASPS_24308,0.9896439909934998
DBAASPS_24309,0.9889238476753235
DBAASPS_24310,0.990256667137146
DBAASPS_24311,0.980178952217102
DBAASPS_24312,0.9879719018936157
DBAASPS_24313,0.9467595219612122
DBAASPS_24314,0.985376238822937
DBAASPS_24315,0.9899790287017822
DBAASPS_24316,0.9867640137672424
DBAASPS_24317,0.9902666807174683
DBAASPS_24318,0.3606399893760681
DBAASPS_24321,0.9537972807884216
DBAASPS_24322,0.9537972807884216
DBAASPS_24323,0.705719530582428
DBAASPS_24324,0.769343912601471
DBAASPS_24325,0.7566349506378174
DBAASPS_24326,0.9885029792785645
DBAASPS_24327,0.858334481716156
DBAASPS_24328,0.9323992729187012
DBAASPS_24329,0.9519944190979004
DBAASPS_24330,0.9716229438781738
DBAASPS_24331,0.8020346760749817
DBAASPS_24332,0.7121107578277588
DBAASPS_24333,0.9623592495918274
DBAASPS_24334,0.9796523451805115
DBAASPS_24335,0.9738243222236633
DBAASPS_24336,0.9484743475914001
DBAASPS_24338,0.19714796543121338
DBAASPS_24348,0.9058805108070374
DBAASPS_24349,0.02600349858403206
DBAASPS_24350,0.9897941946983337
DBAASPS_24352,0.9076614379882812
DBAASPS_24353,0.06180454045534134
DBAASPS_24354,0.9577884674072266
DBAASPR_24355,0.26040661334991455
DBAASPS_24356,0.569642961025238
DBAASPS_24357,0.6969026923179626
DBAASPS_24358,0.9570227265357971
DBAASPS_24359,0.9337923526763916
DBAASPS_24360,0.9689857959747314
DBAASPS_24361,0.9679839015007019
DBAASPS_24362,0.9671992659568787
DBAASPS_24363,0.9676430225372314
DBAASPS_24364,0.9414501786231995
DBAASPS_24365,0.9642406105995178
DBAASPS_24366,0.0976310595870018
DBAASPS_24367,0.8262418508529663
DBAASPS_24368,0.19362075626850128
DBAASPS_24369,0.06751975417137146
DBAASPS_24370,0.8510527014732361
DBAASPS_24371,0.950464129447937
DBAASPS_24379,0.245576873421669
DBAASPS_24381,0.9768037796020508
DBAASPS_24387,0.8025840520858765
DBAASPS_24388,0.389359712600708
DBAASPS_24389,0.73880934715271
DBAASPS_24390,0.7292439341545105
DBAASPS_24391,0.35327717661857605
DBAASPS_24392,0.43910157680511475
DBAASPS_24395,0.4265533983707428
DBAASPS_24398,0.3261810541152954
DBAASPS_24399,0.4817951023578644
DBAASPS_24400,0.8150076270103455
DBAASPS_24401,0.6119415163993835
DBAASPS_24402,0.4760381579399109
DBAASPS_24403,0.6992921829223633
DBAASPR_24405,0.9877415895462036
DBAASPR_24406,0.9414698481559753
DBAASPS_24420,0.9825505614280701
DBAASPS_24422,0.9835118055343628
DBAASPR_24423,0.9907618165016174
DBAASPS_24424,0.9907680749893188
DBAASPS_24425,0.9906777143478394
DBAASPS_24426,0.9906306266784668
DBAASPS_24427,0.9906849265098572
DBAASPS_24428,0.9900304675102234
DBAASPS_24429,0.9809145927429199
DBAASPS_24430,0.9893960952758789
DBAASPS_24431,0.9906275868415833
DBAASPS_24432,0.9908333420753479
DBAASPS_24433,0.9907060861587524
DBAASPS_24434,0.9893282055854797
DBAASPS_24435,0.9908050894737244
DBAASPS_24436,0.9905194044113159
DBAASPS_24437,0.9905193448066711
DBAASPR_24438,0.9908734560012817
DBAASPR_24439,0.9888811111450195
DBAASPR_24440,0.9855970144271851
DBAASPS_24441,0.9882055521011353
DBAASPS_24442,0.01264897920191288
DBAASPS_24443,0.04234820604324341
DBAASPS_24444,0.5749211311340332
DBAASPS_24445,0.8364850878715515
DBAASPS_24446,0.8388237953186035
DBAASPS_24447,0.09097861498594284
DBAASPS_24448,0.12130281329154968
DBAASPS_24449,0.9896199107170105
DBAASPS_24450,0.18921442329883575
DBAASPS_24452,0.17121560871601105
DBAASPS_24453,0.29111313819885254
DBAASPS_24454,0.9608296751976013
DBAASPS_24455,0.5140504837036133
DBAASPS_24456,0.9626830816268921
DBAASPS_24457,0.9517439007759094
DBAASPS_24458,0.9602765440940857
DBAASPS_24459,0.9873629808425903
DBAASPS_24460,0.2320813685655594
DBAASPS_24469,0.1555849313735962
DBAASPS_24470,0.14538006484508514
DBAASPS_24471,0.15150491893291473
DBAASPS_24472,0.13519786298274994
DBAASPS_24473,0.09984629601240158
DBAASPS_24476,0.10116133093833923
DBAASPS_24477,0.08008609712123871
DBAASPS_24478,0.04920012503862381
DBAASPS_24479,0.1526186615228653
DBAASPS_24480,0.04603085294365883
DBAASPS_24481,0.08936586230993271
DBAASPS_24482,0.10656292736530304
DBAASPS_24489,0.31324249505996704
DBAASPS_24490,0.2325076013803482
DBAASPS_24491,0.5052757263183594
DBAASPS_24492,0.3195739686489105
DBAASPS_24493,0.31152552366256714
DBAASPS_24497,0.20931385457515717
DBAASPS_24498,0.18332168459892273
DBAASPS_24499,0.13639821112155914
DBAASPS_24500,0.1249973401427269
DBAASPS_24501,0.050862736999988556
DBAASPS_24502,0.17485545575618744
DBAASPS_24503,0.049612950533628464
DBAASPS_24504,0.10130150616168976
DBAASPS_24505,0.11658599227666855
DBAASPS_24506,0.14163123071193695
DBAASPS_24507,0.12174864858388901
DBAASPS_24508,0.04751058667898178
DBAASPS_24509,0.9904354214668274
DBAASPS_24510,0.990469217300415
DBAASPS_24511,0.989438533782959
DBAASPS_24512,0.986122190952301
DBAASPS_24513,0.9890947937965393
DBAASPS_24514,0.9898732900619507
DBAASPS_24515,0.987703800201416
DBAASPS_24516,0.9893020987510681
DBAASPS_24517,0.9860231280326843
DBAASPS_24518,0.9905937910079956
DBAASPS_24519,0.06407755613327026
DBAASPS_24522,0.08009479194879532
DBAASPS_24523,0.08026283234357834
DBAASPS_24525,0.07705375552177429
DBAASPS_24527,0.06796442717313766
DBAASPS_24528,0.04522077739238739
DBAASPS_24529,0.05779578164219856
DBAASPS_24530,0.13305944204330444
DBAASPS_24535,0.9896678328514099
DBAASPS_24537,0.758313000202179
DBAASPS_24568,0.9897269010543823
DBAASPS_24591,0.7148754596710205
DBAASPS_24592,0.5901890993118286
DBAASPS_24593,0.7860624194145203
DBAASPS_24594,0.7467965483665466
DBAASPS_24595,0.29769131541252136
DBAASPS_24596,0.5215681791305542
DBAASPS_24597,0.8509020805358887
DBAASPS_24598,0.7820664644241333
DBAASPS_24599,0.9169657826423645
DBAASPS_24600,0.6748068928718567
DBAASPS_24601,0.860627293586731
DBAASPS_24602,0.3786435127258301
DBAASPS_24603,0.34550970792770386
DBAASPS_24604,0.7474865317344666
DBAASPS_24605,0.77691650390625
DBAASPS_24606,0.3412706255912781
DBAASPS_24607,0.48235756158828735
DBAASPS_24608,0.6181861162185669
DBAASPS_24609,0.21511873602867126
DBAASPS_24610,0.23274774849414825
DBAASPS_24611,0.1434508115053177
DBAASPS_24612,0.5459165573120117
DBAASPS_24613,0.06870674341917038
DBAASPS_24614,0.9698851704597473
DBAASPS_24615,0.9464186429977417
DBAASPS_24616,0.9400705695152283
DBAASPS_24617,0.9155630469322205
DBAASPS_24618,0.9868541359901428
DBAASPS_24619,0.7613988518714905
DBAASPS_24620,0.9894911050796509
DBAASPS_24621,0.9905922412872314
DBAASPS_24622,0.9861752986907959
DBAASPS_24623,0.9897025227546692
DBAASPS_24624,0.9322811365127563
DBAASPS_24625,0.8674926161766052
DBAASPS_24626,0.18460378050804138
DBAASPS_24627,0.9425965547561646
DBAASPS_24628,0.04545408859848976
DBAASPS_24629,0.43629130721092224
DBAASPS_24630,0.03594197705388069
DBAASPS_24631,0.10906360298395157
DBAASPS_24632,0.06401064246892929
DBAASPS_24633,0.027853401377797127
DBAASPS_24634,0.04123670235276222
DBAASPS_24635,0.07384851574897766
DBAASPS_24636,0.12031711637973785
DBAASPS_24637,0.10341954231262207
DBAASPS_24638,0.801710844039917
DBAASPS_24639,0.7667834758758545
DBAASPS_24640,0.0745975449681282
DBAASPS_24641,0.8175349235534668
DBAASPS_24643,0.9905887842178345
DBAASPS_24644,0.9902689456939697
DBAASPS_24645,0.9906812906265259
DBAASPR_24646,0.9902165532112122
DBAASPS_24647,0.9886614680290222
DBAASPS_24648,0.988612949848175
DBAASPS_24649,0.9896494150161743
DBAASPS_24650,0.9896689057350159
DBAASPS_24651,0.9869453310966492
DBAASPS_24652,0.989935040473938
DBAASPS_24653,0.9898648262023926
DBAASPS_24654,0.9902960658073425
DBAASPS_24655,0.9876659512519836
DBAASPS_24657,0.9884162545204163
DBAASPS_24658,0.1264987289905548
DBAASPS_24659,0.4612390398979187
DBAASPS_24660,0.33555132150650024
DBAASPS_24661,0.07011575996875763
DBAASPS_24662,0.9900871515274048
DBAASPS_24663,0.8914807438850403
DBAASPR_24674,0.9776645302772522
DBAASPR_24677,0.9764087796211243
DBAASPR_24678,0.9794571995735168
DBAASPS_24679,0.9567143321037292
DBAASPS_24687,0.2505834996700287
DBAASPS_24688,0.9750323295593262
DBAASPS_24689,0.5314407348632812
DBAASPS_24702,0.5182831287384033
DBAASPS_24704,0.8304640650749207
DBAASPS_24706,0.4615844786167145
DBAASPS_24716,0.894267201423645
DBAASPS_24718,0.47030484676361084
DBAASPS_24726,0.850205659866333
DBAASPS_24730,0.8990276455879211
DBAASPS_24734,0.07369600981473923
DBAASPS_24738,0.36063602566719055
DBAASPS_24806,0.9899181127548218
DBAASPS_24807,0.9903136491775513
DBAASPS_24808,0.9887682795524597
DBAASPS_24809,0.9902257323265076
DBAASPS_24810,0.9901424646377563
DBAASPS_24811,0.9892159700393677
DBAASPS_24812,0.988663375377655
DBAASPS_24813,0.9897375702857971
DBAASPS_24814,0.9871982932090759
DBAASPS_24815,0.9867880940437317
DBAASPS_24816,0.9771838784217834
DBAASPS_24817,0.9733138084411621
DBAASPS_24818,0.9775441884994507
DBAASPS_24819,0.9867573380470276
DBAASPS_24820,0.9880313873291016
DBAASPS_24825,0.42974111437797546
DBAASPS_24826,0.5363254547119141
DBAASPS_24827,0.938506007194519
DBAASPS_24828,0.9427239298820496
DBAASPS_24829,0.942622184753418
DBAASPS_24830,0.9741143584251404
DBAASPS_24831,0.963926374912262
DBAASPS_24832,0.9868665933609009
DBAASPS_24836,0.9886673092842102
DBAASPS_24837,0.9654665589332581
DBAASPS_24839,0.9874225854873657
DBAASPS_24840,0.9883649945259094
DBAASPS_24841,0.9870280623435974
DBAASPS_24842,0.9896233081817627
DBAASPS_24843,0.9871861934661865
DBAASPS_24849,0.9791687726974487
DBAASPR_24856,0.06910118460655212
DBAASPS_24857,0.07806234061717987
DBAASPS_24859,0.032788947224617004
DBAASPS_24868,0.9884746074676514
DBAASPS_24869,0.9306790828704834
DBAASPS_24870,0.9868938326835632
DBAASPS_24871,0.9728699922561646
DBAASPS_24872,0.9708588123321533
DBAASPS_24873,0.5812379121780396
DBAASPS_24874,0.9662245512008667
DBAASPS_24875,0.9899684190750122
DBAASPS_24876,0.9896271228790283
DBAASPS_24877,0.990706205368042
DBAASPS_24878,0.9232120513916016
DBAASPS_24879,0.9196431040763855
DBAASPS_24880,0.9834384918212891
DBAASPS_24889,0.9530171155929565
DBAASPS_24890,0.8843764066696167
DBAASPS_24891,0.21085016429424286
DBAASPS_24892,0.05545457825064659
DBAASPS_24893,0.5175834894180298
DBAASPS_24894,0.978355884552002
DBAASPS_24895,0.9819456338882446
DBAASPS_24896,0.5042733550071716
DBAASPS_24897,0.20975464582443237
DBAASPS_24898,0.89291912317276
DBAASPS_24910,0.2108854055404663
DBAASPS_24912,0.9267018437385559
DBAASPS_24923,0.9894141554832458
DBAASPS_24924,0.9898117184638977
DBAASPS_24925,0.9893256425857544
DBAASPS_24926,0.9897766709327698
DBAASPS_24927,0.9904125332832336
DBAASPS_24928,0.9898386597633362
DBAASPS_24929,0.9900068044662476
DBAASPS_24930,0.9880520105361938
DBAASPS_24931,0.9890483617782593
DBAASPS_24932,0.9906805157661438
DBAASPS_24933,0.989598274230957
DBAASPS_24934,0.978717029094696
DBAASPS_24935,0.5194566249847412
DBAASPS_24937,0.9900403618812561
DBAASPS_24938,0.989682674407959
DBAASPS_24939,0.9740919470787048
DBAASPS_24940,0.8949137926101685
DBAASPS_24942,0.9888806939125061
DBAASPS_24943,0.9875413179397583
DBAASPS_24944,0.9890837073326111
DBAASPS_24945,0.9881395697593689
DBAASPS_24946,0.9827792644500732
DBAASPS_24947,0.9794564247131348
DBAASPS_24948,0.9854172468185425
DBAASPS_24949,0.9771880507469177
DBAASPS_24950,0.9904266595840454
DBAASPS_24951,0.9900995492935181
DBAASPS_24952,0.9898507595062256
DBAASPS_24953,0.9904819130897522
DBAASPS_24954,0.9898143410682678
DBAASPS_24955,0.9892173409461975
DBAASPS_24956,0.9900266528129578
DBAASPS_24957,0.9888461232185364
DBAASPS_24958,0.9906679391860962
DBAASPS_24959,0.9904277324676514
DBAASPS_24960,0.9901220202445984
DBAASPS_24961,0.9908172488212585
DBAASPS_24962,0.9906150698661804
DBAASPS_24963,0.9903481006622314
DBAASPS_24964,0.9907390475273132
DBAASPS_24965,0.9899159669876099
DBAASPS_24966,0.990583598613739
DBAASPS_24967,0.5345388650894165
DBAASPS_24968,0.9899678230285645
DBAASPS_24970,0.9719875454902649
DBAASPS_24971,0.9733099341392517
DBAASPS_24972,0.984071671962738
DBAASPS_24973,0.9803523421287537
DBAASPS_24974,0.9830388426780701
DBAASPS_24975,0.9823748469352722
DBAASPS_24976,0.9521072506904602
DBAASPS_24977,0.9567015171051025
DBAASPS_24978,0.9484968185424805
DBAASPS_24979,0.9357311725616455
DBAASPS_24980,0.9592111110687256
DBAASPS_24981,0.9472649097442627
DBAASPS_24982,0.9802310466766357
DBAASPS_24983,0.9843888878822327
DBAASPS_24984,0.9242377877235413
DBAASPS_24985,0.03171014040708542
DBAASPS_24986,0.9834827780723572
DBAASPS_24987,0.9388498067855835
DBAASPS_24988,0.23492427170276642
DBAASPS_24989,0.11481743305921555
DBAASPS_24990,0.6230354905128479
DBAASPS_24991,0.11756713688373566
DBAASPS_24992,0.3204319179058075
DBAASPS_24994,0.5715585350990295
DBAASPS_24995,0.581087589263916
DBAASPS_24996,0.1484520584344864
DBAASPS_24997,0.33261287212371826
DBAASPS_24999,0.811284065246582
DBAASPS_25000,0.9106971621513367
DBAASPS_25001,0.8974961042404175
DBAASPS_25002,0.20395058393478394
DBAASPS_25003,0.35345718264579773
DBAASPS_25006,0.39370933175086975
DBAASPS_25007,0.8993739485740662
DBAASPS_25008,0.47820186614990234
DBAASPS_25010,0.9532163739204407
DBAASPS_25012,0.40748271346092224
DBAASPS_25013,0.08887083828449249
DBAASPS_25014,0.14653609693050385
DBAASPS_25015,0.8256615996360779
DBAASPS_25016,0.4326859414577484
DBAASPS_25017,0.3262048661708832
DBAASPS_25018,0.6215556263923645
DBAASPS_25019,0.8184664249420166
DBAASPS_25020,0.7644304037094116
DBAASPS_25021,0.5952756404876709
DBAASPS_25022,0.06557000428438187
DBAASPS_25023,0.24857015907764435
DBAASPS_25024,0.49606209993362427
DBAASPS_25025,0.45285382866859436
DBAASPS_25026,0.7148596048355103
DBAASPS_25027,0.3781687021255493
DBAASPS_25028,0.47454777359962463
DBAASPS_25029,0.710918128490448
DBAASPS_25030,0.3713814318180084
DBAASPS_25031,0.6347780823707581
DBAASPS_25032,0.17734935879707336
DBAASPS_25033,0.2467842698097229
DBAASPS_25034,0.06473842263221741
DBAASPS_25035,0.09438889473676682
DBAASPS_25036,0.7410933971405029
DBAASPS_25037,0.291928768157959
DBAASPS_25038,0.25749480724334717
DBAASPS_25039,0.4201866090297699
DBAASPS_25040,0.7171195149421692
DBAASPS_25041,0.5438493490219116
DBAASPS_25042,0.38573795557022095
DBAASPS_25043,0.17632365226745605
DBAASPS_25044,0.502250075340271
DBAASPS_25045,0.31843578815460205
DBAASPS_25046,0.6966350078582764
DBAASPS_25047,0.21620170772075653
DBAASPS_25048,0.3037280738353729
DBAASPS_25049,0.4887152314186096
DBAASPS_25050,0.2636290490627289
DBAASPS_25051,0.44309094548225403
DBAASPS_25057,0.05039064586162567
DBAASPS_25058,0.039051979780197144
DBAASPN_25059,0.07484228909015656
DBAASPS_25060,0.9816144704818726
DBAASPS_25061,0.9311486482620239
DBAASPS_25062,0.05118890106678009
DBAASPS_25063,0.23851551115512848
DBAASPS_25064,0.07983357459306717
DBAASPS_25065,0.3048972487449646
DBAASPS_25066,0.9900004267692566
DBAASPS_25068,0.989709198474884
DBAASPS_25069,0.9882326126098633
DBAASPS_25070,0.9851449131965637
DBAASPS_25071,0.9865515232086182
DBAASPS_25072,0.9869329929351807
DBAASPS_25074,0.98860764503479
DBAASPS_25075,0.9895731210708618
DBAASPS_25077,0.9878233671188354
DBAASPS_25078,0.9871110320091248
DBAASPS_25080,0.982339084148407
DBAASPS_25082,0.5132899880409241
DBAASPS_25083,0.8495191931724548
DBAASPS_25084,0.4944443702697754
DBAASPS_25085,0.9411020278930664
DBAASPS_25086,0.5795921087265015
DBAASPS_25087,0.9342888593673706
DBAASPS_25088,0.9704259037971497
DBAASPS_25089,0.9599140286445618
DBAASPS_25090,0.6898787021636963
DBAASPS_25091,0.8917238116264343
DBAASPS_25092,0.9299225807189941
DBAASPS_25093,0.9003416895866394
DBAASPS_25094,0.6458974480628967
DBAASPS_25095,0.927942156791687
DBAASPS_25096,0.9686635732650757
DBAASPS_25097,0.5657253265380859
DBAASPS_25098,0.5945955514907837
DBAASPS_25099,0.523767352104187
DBAASPS_25100,0.6357213854789734
DBAASPS_25101,0.9543319940567017
DBAASPS_25102,0.9537962675094604
DBAASPS_25103,0.7777643799781799
DBAASPS_25104,0.9272838234901428
DBAASPS_25105,0.8343653678894043
DBAASPS_25106,0.9600008130073547
DBAASPS_25107,0.8396498560905457
DBAASPS_25108,0.9805721640586853
DBAASPS_25109,0.6493251919746399
DBAASPS_25110,0.6697643995285034
DBAASPS_25111,0.9866011142730713
DBAASPS_25112,0.8688841462135315
DBAASPS_25113,0.7808244228363037
DBAASPS_25114,0.9880193471908569
DBAASPS_25115,0.9867938756942749
DBAASPS_25116,0.735453724861145
DBAASPS_25117,0.977588415145874
DBAASPS_25118,0.9835215210914612
DBAASPS_25119,0.9858474135398865
DBAASPS_25120,0.951695442199707
DBAASPS_25121,0.9814504981040955
DBAASPS_25122,0.8443238735198975
DBAASPS_25123,0.9553722739219666
DBAASPS_25126,0.9895379543304443
DBAASPS_25128,0.9881535768508911
DBAASPS_25129,0.9670071601867676
DBAASPS_25130,0.9874649047851562
DBAASPS_25131,0.9785243272781372
DBAASPS_25132,0.978019118309021
DBAASPS_25133,0.9849991798400879
DBAASPS_25134,0.9827224016189575
DBAASPS_25135,0.9708802103996277
DBAASPS_25136,0.9877745509147644
DBAASPS_25137,0.9795595407485962
DBAASPS_25138,0.9651269316673279
DBAASPS_25139,0.9844409823417664
DBAASPS_25141,0.2727639675140381
DBAASPS_25142,0.8363038301467896
DBAASPS_25143,0.01937764137983322
DBAASPS_25144,0.01581600122153759
DBAASPS_25145,0.390298992395401
DBAASPS_25146,0.040177855640649796
DBAASPS_25147,0.06448230147361755
DBAASPS_25148,0.9674931168556213
DBAASPS_25154,0.13223162293434143
DBAASPS_25155,0.29083794355392456
DBAASPS_25156,0.7003743648529053
DBAASPS_25157,0.011262260377407074
DBAASPS_25158,0.9875197410583496
DBAASPS_25159,0.9897468090057373
DBAASPS_25160,0.07716895639896393
DBAASPS_25161,0.8833643794059753
DBAASPS_25162,0.948307991027832
DBAASPS_25163,0.06400454044342041
DBAASPS_25164,0.48257118463516235
DBAASPS_25165,0.9908331632614136
DBAASPS_25166,0.9904676079750061
DBAASPS_25167,0.9894604086875916
DBAASPS_25168,0.990472137928009
DBAASPS_25169,0.9908838272094727
DBAASPS_25170,0.9896100163459778
DBAASPS_25171,0.9908360838890076
DBAASPS_25172,0.8680390119552612
DBAASPS_25173,0.9895337224006653
DBAASPS_25174,0.9895005822181702
DBAASPS_25175,0.990728497505188
DBAASPS_25176,0.9895374774932861
DBAASPS_25177,0.9699194431304932
DBAASPS_25178,0.97972172498703
DBAASPS_25179,0.9876453876495361
DBAASPS_25180,0.9797534346580505
DBAASPS_25181,0.9900922775268555
DBAASPS_25182,0.8992255330085754
DBAASPS_25183,0.9888262748718262
DBAASPS_25184,0.9903842806816101
DBAASPS_25185,0.9553914070129395
DBAASPS_25186,0.9842806458473206
DBAASPS_25187,0.9885143041610718
DBAASPS_25188,0.9906953573226929
DBAASPS_25189,0.035081613808870316
DBAASPS_25190,0.9716160893440247
DBAASPS_25191,0.5430096983909607
DBAASPS_25192,0.3395034074783325
DBAASPS_25193,0.9515149593353271
DBAASPS_25194,0.987921416759491
DBAASPS_25195,0.9396276473999023
DBAASPS_25196,0.893783450126648
DBAASPS_25197,0.870628833770752
DBAASPS_25198,0.20714765787124634
DBAASPS_25199,0.1332198530435562
DBAASPS_25200,0.2742624878883362
DBAASPS_25201,0.9871691465377808
DBAASPS_25202,0.9895449280738831
DBAASPS_25203,0.8276816606521606
DBAASPS_25204,0.9902462959289551
DBAASPS_25206,0.9906023144721985
DBAASPS_25207,0.6434881091117859
DBAASPS_25208,0.9906880259513855
DBAASPS_25209,0.4561692774295807
DBAASPS_25210,0.9908983111381531
DBAASPS_25211,0.9908111095428467
DBAASPS_25212,0.9907017946243286
DBAASPS_25213,0.990590512752533
DBAASPS_25214,0.9906372427940369
DBAASPS_25215,0.9904114007949829
DBAASPS_25216,0.9907239675521851
DBAASPS_25217,0.9906158447265625
DBAASPS_25218,0.9905968308448792
DBAASPS_25219,0.9906172752380371
DBAASPS_25220,0.9908945560455322
DBAASPN_25221,0.09801328927278519
DBAASPN_25222,0.026100806891918182
DBAASPS_25228,0.02739430032670498
DBAASPS_25234,0.8292844891548157
DBAASPS_25235,0.9765670895576477
DBAASPS_25236,0.9476026892662048
DBAASPS_25237,0.9285022616386414
DBAASPS_25238,0.9111171364784241
DBAASPS_25239,0.9410703778266907
DBAASPS_25240,0.8529164791107178
DBAASPS_25244,0.9557021260261536
DBAASPS_25245,0.9746720790863037
DBAASPS_25246,0.9726939797401428
DBAASPS_25247,0.9803484678268433
DBAASPS_25248,0.9663621783256531
DBAASPS_25249,0.9614736437797546
DBAASPS_25250,0.968838632106781
DBAASPS_25251,0.9096055626869202
DBAASPS_25252,0.9809345006942749
DBAASPS_25253,0.964692234992981
DBAASPN_25254,0.2574639618396759
DBAASPS_25256,0.5191171765327454
DBAASPS_25258,0.3705628514289856
DBAASPS_25260,0.6636604070663452
DBAASPS_25262,0.666279137134552
DBAASPS_25264,0.7487022876739502
DBAASPS_25266,0.9832522869110107
DBAASPN_25285,0.03223636746406555
DBAASPS_25293,0.9907957911491394
DBAASPS_25294,0.6085234880447388
DBAASPS_25295,0.8676781058311462
DBAASPS_25296,0.9578012228012085
DBAASPS_25297,0.9689608812332153
DBAASPS_25299,0.668475866317749
DBAASPS_25300,0.984931230545044
DBAASPS_25301,0.5629130601882935
DBAASPS_25302,0.980952262878418
DBAASPS_25303,0.5802721381187439
DBAASPS_25304,0.9827776551246643
DBAASPS_25306,0.9265050888061523
DBAASPS_25307,0.9840247631072998
DBAASPS_25308,0.9890633225440979
DBAASPS_25309,0.9740972518920898
DBAASPS_25310,0.970454752445221
DBAASPS_25311,0.8972155451774597
DBAASPS_25312,0.9896684885025024
DBAASPS_25313,0.9882922172546387
DBAASPS_25314,0.9738820791244507
DBAASPS_25315,0.9841108322143555
DBAASPS_25316,0.9837977886199951
DBAASPS_25317,0.9887449145317078
DBAASPS_25318,0.9865360856056213
DBAASPS_25319,0.9859799742698669
DBAASPS_25320,0.988945484161377
DBAASPS_25322,0.990654706954956
DBAASPS_25325,0.1245947852730751
DBAASPS_25326,0.10874295234680176
DBAASPS_25328,0.14448533952236176
NEG_trNEGATIVE102727,0.0449785478413105
NEG_trNEGATIVE43346,0.11436200141906738
NEG_trNEGATIVE85799,0.14222732186317444
NEG_trNEGATIVE42582,0.7134698033332825
NEG_trNEGATIVE66164,0.07654649019241333
NEG_trNEGATIVE74692,0.018894996494054794
NEG_trNEGATIVE88431,0.018616164103150368
NEG_trNEGATIVE95141,0.07840894907712936
NEG_trNEGATIVE49969,0.13332699239253998
NEG_trNEGATIVE74633,0.030473018065094948
NEG_trNEGATIVE90418,0.07664822041988373
NEG_trNEGATIVE69948,0.029034225270152092
NEG_trNEGATIVE34497,0.02316979505121708
NEG_trNEGATIVE74130,0.06814391911029816
NEG_trNEGATIVE35087,0.18686151504516602
NEG_trNEGATIVE89973,0.07020149379968643
NEG_trNEGATIVE50367,0.05098067596554756
NEG_trNEGATIVE65561,0.3032093942165375
NEG_trNEGATIVE28256,0.28455278277397156
NEG_trNEGATIVE37745,0.016310913488268852
NEG_trNEGATIVE102731,0.027819324284791946
NEG_trNEGATIVE85335,0.19433735311031342
NEG_trNEGATIVE65692,0.03749481588602066
NEG_trNEGATIVE39271,0.028622446581721306
NEG_trNEGATIVE34956,0.33979472517967224
NEG_trNEGATIVE56871,0.17837421596050262
NEG_trNEGATIVE80369,0.039592158049345016
NEG_trNEGATIVE28115,0.026246367022395134
NEG_trNEGATIVE93614,0.5848737359046936
NEG_trNEGATIVE95377,0.2902064621448517
NEG_trNEGATIVE30487,0.025478215888142586
NEG_trNEGATIVE100546,0.09447537362575531
NEG_trNEGATIVE95671,0.1751985102891922
NEG_trNEGATIVE35137,0.15976040065288544
NEG_trNEGATIVE65340,0.3459444046020508
NEG_trNEGATIVE86980,0.04557114467024803
NEG_trNEGATIVE86574,0.05858827754855156
NEG_trNEGATIVE72941,0.02935793437063694
NEG_trNEGATIVE77931,0.5677682757377625
NEG_trNEGATIVE57724,0.25053709745407104
NEG_trNEGATIVE56371,0.042072247713804245
NEG_trNEGATIVE87307,0.06862754374742508
NEG_trNEGATIVE81474,0.1376354992389679
NEG_trNEGATIVE93266,0.10052085667848587
NEG_trNEGATIVE48746,0.13796702027320862
NEG_trNEGATIVE80561,0.11063141375780106
NEG_trNEGATIVE34442,0.07533435523509979
NEG_trNEGATIVE44866,0.05855904147028923
NEG_trNEGATIVE82972,0.23768872022628784
NEG_trNEGATIVE57165,0.10229235887527466
NEG_trNEGATIVE85023,0.09534699469804764
NEG_trNEGATIVE61863,0.08394112437963486
NEG_trNEGATIVE68381,0.16211429238319397
NEG_trNEGATIVE96243,0.07086000591516495
NEG_trNEGATIVE40628,0.0635235533118248
NEG_trNEGATIVE72317,0.10526520758867264
NEG_trNEGATIVE82495,0.14126646518707275
NEG_trNEGATIVE68469,0.07520174980163574
NEG_trNEGATIVE71919,0.4031355381011963
NEG_trNEGATIVE70195,0.15329664945602417
NEG_trNEGATIVE38847,0.37571725249290466
NEG_trNEGATIVE76347,0.20866219699382782
NEG_trNEGATIVE31456,0.06773529946804047
NEG_trNEGATIVE36054,0.01436350867152214
NEG_trNEGATIVE59968,0.14793427288532257
NEG_trNEGATIVE45434,0.18101097643375397
NEG_trNEGATIVE63658,0.25775209069252014
NEG_trNEGATIVE64984,0.020132461562752724
NEG_trNEGATIVE41398,0.5835885405540466
NEG_trNEGATIVE97057,0.37978777289390564
NEG_trNEGATIVE32294,0.38837745785713196
NEG_trNEGATIVE46795,0.23861625790596008
NEG_trNEGATIVE34182,0.056850045919418335
NEG_trNEGATIVE58731,0.09597159177064896
NEG_trNEGATIVE55983,0.16634495556354523
NEG_trNEGATIVE70188,0.018880292773246765
NEG_trNEGATIVE29591,0.08376210182905197
NEG_trNEGATIVE72481,0.05454585328698158
NEG_trNEGATIVE39742,0.08829942345619202
NEG_trNEGATIVE62933,0.06127466261386871
NEG_trNEGATIVE81785,0.0432288832962513
NEG_trNEGATIVE101675,0.09912674874067307
NEG_trNEGATIVE45196,0.16884742677211761
NEG_trNEGATIVE33032,0.33763816952705383
NEG_trNEGATIVE70692,0.02280445769429207
NEG_trNEGATIVE35210,0.029905812814831734
NEG_trNEGATIVE38705,0.03871768340468407
NEG_trNEGATIVE88593,0.042680270969867706
NEG_trNEGATIVE51710,0.04274279996752739
NEG_trNEGATIVE43884,0.47486597299575806
NEG_trNEGATIVE93652,0.07258671522140503
NEG_trNEGATIVE66976,0.07294827699661255
NEG_trNEGATIVE76318,0.08523968607187271
NEG_trNEGATIVE44854,0.06416124105453491
NEG_trNEGATIVE28112,0.05738839879631996
NEG_trNEGATIVE59238,0.06723164021968842
NEG_trNEGATIVE94361,0.4464362561702728
NEG_trNEGATIVE78250,0.02842833288013935
NEG_trNEGATIVE55551,0.0798380970954895
NEG_trNEGATIVE72999,0.20929250121116638
NEG_trNEGATIVE87945,0.08972609043121338
NEG_trNEGATIVE47865,0.09493707865476608
NEG_trNEGATIVE91863,0.17160339653491974
NEG_trNEGATIVE52925,0.848414421081543
NEG_trNEGATIVE49354,0.08861742168664932
NEG_trNEGATIVE65485,0.07935715466737747
NEG_trNEGATIVE62157,0.024820415303111076
NEG_trNEGATIVE44433,0.060414865612983704
NEG_trNEGATIVE97297,0.022135237231850624
NEG_trNEGATIVE56802,0.08121740072965622
NEG_trNEGATIVE58585,0.1871616393327713
NEG_trNEGATIVE54022,0.2573888897895813
NEG_trNEGATIVE85863,0.9157593250274658
NEG_trNEGATIVE32536,0.04552621394395828
NEG_trNEGATIVE89709,0.0410400927066803
NEG_trNEGATIVE54712,0.13924166560173035
NEG_trNEGATIVE37804,0.1651564985513687
NEG_trNEGATIVE98590,0.06250742822885513
NEG_trNEGATIVE78749,0.6977901458740234
NEG_trNEGATIVE33572,0.028528355062007904
NEG_trNEGATIVE43820,0.1008514016866684
NEG_trNEGATIVE45531,0.01953168399631977
NEG_trNEGATIVE66993,0.10393133759498596
NEG_trNEGATIVE32860,0.05326557531952858
NEG_trNEGATIVE86191,0.042530737817287445
NEG_trNEGATIVE46159,0.5789967775344849
NEG_trNEGATIVE52527,0.07608944177627563
NEG_trNEGATIVE79098,0.11229782551527023
NEG_trNEGATIVE46703,0.04140373691916466
NEG_trNEGATIVE30215,0.5613769888877869
NEG_trNEGATIVE96036,0.1401543915271759
NEG_trNEGATIVE87852,0.12053101509809494
NEG_trNEGATIVE53708,0.046932823956012726
NEG_trNEGATIVE51942,0.10264843702316284
NEG_trNEGATIVE39338,0.08184957504272461
NEG_trNEGATIVE74957,0.06844177097082138
NEG_trNEGATIVE68704,0.11434346437454224
NEG_trNEGATIVE36287,0.04542084038257599
NEG_trNEGATIVE72083,0.981173574924469
NEG_trNEGATIVE94291,0.196372389793396
NEG_trNEGATIVE79106,0.9057756662368774
NEG_trNEGATIVE64891,0.0564817376434803
NEG_trNEGATIVE65180,0.2659381628036499
NEG_trNEGATIVE92217,0.09093435853719711
NEG_trNEGATIVE100908,0.10672920942306519
NEG_trNEGATIVE66235,0.24209387600421906
NEG_trNEGATIVE45071,0.58881676197052
NEG_trNEGATIVE37155,0.10173019021749496
NEG_trNEGATIVE37596,0.04092460498213768
NEG_trNEGATIVE52855,0.0733707845211029
NEG_trNEGATIVE61028,0.05600689724087715
NEG_trNEGATIVE97857,0.10147888958454132
NEG_trNEGATIVE79707,0.10300764441490173
NEG_trNEGATIVE99994,0.10116525739431381
NEG_trNEGATIVE97838,0.28496697545051575
NEG_trNEGATIVE85407,0.11131173372268677
NEG_trNEGATIVE98517,0.04996408149600029
NEG_trNEGATIVE90300,0.06249406188726425
NEG_trNEGATIVE94191,0.10163621604442596
NEG_trNEGATIVE39421,0.12826986610889435
NEG_trNEGATIVE72744,0.13921356201171875
NEG_trNEGATIVE63989,0.1635378897190094
NEG_trNEGATIVE88410,0.040283240377902985
NEG_trNEGATIVE28613,0.020679935812950134
NEG_trNEGATIVE47939,0.08252130448818207
NEG_trNEGATIVE37327,0.02430744655430317
NEG_trNEGATIVE63884,0.1080804243683815
NEG_trNEGATIVE52784,0.39848077297210693
NEG_trNEGATIVE92685,0.06981059163808823
NEG_trNEGATIVE54176,0.0531671978533268
NEG_trNEGATIVE51541,0.0923449844121933
NEG_trNEGATIVE80132,0.06371153891086578
NEG_trNEGATIVE30080,0.07376563549041748
NEG_trNEGATIVE72273,0.0666251927614212
NEG_trNEGATIVE50086,0.014086826704442501
NEG_trNEGATIVE69235,0.015387216582894325
NEG_trNEGATIVE65146,0.5020343065261841
NEG_trNEGATIVE59019,0.18778644502162933
NEG_trNEGATIVE59034,0.10214570164680481
NEG_trNEGATIVE36811,0.07435023784637451
NEG_trNEGATIVE75253,0.057461827993392944
NEG_trNEGATIVE100122,0.06710619479417801
NEG_trNEGATIVE42679,0.06319072842597961
NEG_trNEGATIVE42263,0.08128570765256882
NEG_trNEGATIVE38567,0.051206495612859726
NEG_trNEGATIVE34954,0.1335359811782837
NEG_trNEGATIVE37526,0.22556158900260925
NEG_trNEGATIVE98067,0.4928978681564331
NEG_trNEGATIVE68378,0.026417743414640427
NEG_trNEGATIVE95017,0.24594733119010925
NEG_trNEGATIVE46896,0.13401097059249878
NEG_trNEGATIVE57276,0.10869339853525162
NEG_trNEGATIVE60618,0.24427218735218048
NEG_trNEGATIVE90478,0.11525815725326538
NEG_trNEGATIVE62657,0.30439165234565735
NEG_trNEGATIVE73795,0.05105851963162422
NEG_trNEGATIVE95107,0.13011692464351654
NEG_trNEGATIVE71332,0.11427409201860428
NEG_trNEGATIVE72658,0.043437227606773376
NEG_trNEGATIVE92818,0.06168700009584427
NEG_trNEGATIVE49669,0.9771916270256042
NEG_trNEGATIVE40019,0.1256147176027298
NEG_trNEGATIVE50993,0.14765949547290802
NEG_trNEGATIVE40133,0.0925666019320488
NEG_trNEGATIVE65138,0.045085031539201736
NEG_trNEGATIVE83176,0.0517636276781559
NEG_trNEGATIVE59895,0.06509613990783691
NEG_trNEGATIVE66314,0.026550279930233955
NEG_trNEGATIVE83599,0.12001952528953552
NEG_trNEGATIVE102682,0.24384823441505432
NEG_trNEGATIVE53007,0.030745744705200195
NEG_trNEGATIVE90475,0.14669962227344513
NEG_trNEGATIVE72737,0.11240691691637039
NEG_trNEGATIVE46849,0.18366751074790955
NEG_trNEGATIVE47774,0.0969603955745697
NEG_trNEGATIVE88322,0.04725584015250206
NEG_trNEGATIVE53510,0.16815319657325745
NEG_trNEGATIVE84920,0.07433495670557022
NEG_trNEGATIVE47592,0.16746386885643005
NEG_trNEGATIVE31950,0.06838277727365494
NEG_trNEGATIVE87415,0.03533968701958656
NEG_trNEGATIVE31841,0.21195416152477264
NEG_trNEGATIVE39833,0.08210264146327972
NEG_trNEGATIVE39548,0.5244122743606567
NEG_trNEGATIVE41563,0.571411669254303
NEG_trNEGATIVE86138,0.018300596624612808
NEG_trNEGATIVE72089,0.04466789960861206
NEG_trNEGATIVE81301,0.14842195808887482
NEG_trNEGATIVE74639,0.4579077661037445
NEG_trNEGATIVE98045,0.07871215790510178
NEG_trNEGATIVE60837,0.06733157485723495
NEG_trNEGATIVE55708,0.04121975600719452
NEG_trNEGATIVE90471,0.07830081880092621
NEG_trNEGATIVE41451,0.3454231917858124
NEG_trNEGATIVE40096,0.018895773217082024
NEG_trNEGATIVE27691,0.75466388463974
NEG_trNEGATIVE56930,0.052183471620082855
NEG_trNEGATIVE36835,0.033772148191928864
NEG_trNEGATIVE61667,0.033255498856306076
NEG_trNEGATIVE97087,0.021858274936676025
NEG_trNEGATIVE90015,0.035053450614213943
NEG_trNEGATIVE34295,0.2696745693683624
NEG_trNEGATIVE100161,0.38093870878219604
NEG_trNEGATIVE29320,0.2755962908267975
NEG_trNEGATIVE33684,0.03444194421172142
NEG_trNEGATIVE89133,0.17510883510112762
NEG_trNEGATIVE90788,0.07729039341211319
NEG_trNEGATIVE48314,0.062406398355960846
NEG_trNEGATIVE70319,0.10180975496768951
NEG_trNEGATIVE77729,0.21136094629764557
NEG_trNEGATIVE57601,0.01721014827489853
NEG_trNEGATIVE40649,0.0179409459233284
NEG_trNEGATIVE41704,0.02525799348950386
NEG_trNEGATIVE64632,0.08645687252283096
NEG_trNEGATIVE66288,0.20262442529201508
NEG_trNEGATIVE59188,0.02363017201423645
NEG_trNEGATIVE28204,0.09929154813289642
NEG_trNEGATIVE89641,0.018036432564258575
NEG_trNEGATIVE69983,0.035743169486522675
NEG_trNEGATIVE64625,0.06668128073215485
NEG_trNEGATIVE41261,0.032396964728832245
NEG_trNEGATIVE81903,0.8145813345909119
NEG_trNEGATIVE93717,0.15295496582984924
NEG_trNEGATIVE72383,0.05568913742899895
NEG_trNEGATIVE29744,0.1652805209159851
NEG_trNEGATIVE33483,0.025153685361146927
NEG_trNEGATIVE41791,0.04061342775821686
NEG_trNEGATIVE69821,0.317665159702301
NEG_trNEGATIVE74051,0.15297622978687286
NEG_trNEGATIVE66312,0.2701321244239807
NEG_trNEGATIVE102499,0.03317036107182503
NEG_trNEGATIVE86052,0.05541013926267624
NEG_trNEGATIVE79185,0.08574657887220383
NEG_trNEGATIVE52376,0.15607881546020508
NEG_trNEGATIVE73873,0.1235312670469284
NEG_trNEGATIVE76803,0.020438313484191895
NEG_trNEGATIVE63054,0.03159933164715767
NEG_trNEGATIVE35673,0.058990478515625
NEG_trNEGATIVE42694,0.027835162356495857
NEG_trNEGATIVE80488,0.025404591113328934
NEG_trNEGATIVE50873,0.10425920784473419
NEG_trNEGATIVE45322,0.0409121997654438
NEG_trNEGATIVE83412,0.05273210629820824
NEG_trNEGATIVE92097,0.16089877486228943
NEG_trNEGATIVE59471,0.060341548174619675
NEG_trNEGATIVE28862,0.09748660773038864
NEG_trNEGATIVE98046,0.057880982756614685
NEG_trNEGATIVE93595,0.050533682107925415
NEG_trNEGATIVE30383,0.1157798171043396
NEG_trNEGATIVE31506,0.03915625810623169
NEG_trNEGATIVE27652,0.7392482757568359
NEG_trNEGATIVE99043,0.01858166605234146
NEG_trNEGATIVE96691,0.08597484230995178
NEG_trNEGATIVE44084,0.02655923366546631
NEG_trNEGATIVE88145,0.0672677606344223
NEG_trNEGATIVE90320,0.07591945677995682
NEG_trNEGATIVE28194,0.5958446264266968
NEG_trNEGATIVE60758,0.022826258093118668
NEG_trNEGATIVE30746,0.023951705545186996
NEG_trNEGATIVE43267,0.45150309801101685
NEG_trNEGATIVE45742,0.06230621039867401
NEG_trNEGATIVE35463,0.06302565336227417
NEG_trNEGATIVE97007,0.1430385708808899
NEG_trNEGATIVE76741,0.3066774308681488
NEG_trNEGATIVE55507,0.7235194444656372
NEG_trNEGATIVE56886,0.25833314657211304
NEG_trNEGATIVE36397,0.6847623586654663
NEG_trNEGATIVE58753,0.030470581725239754
NEG_trNEGATIVE43942,0.018241284415125847
NEG_trNEGATIVE35704,0.1311338245868683
NEG_trNEGATIVE90947,0.9394749999046326
NEG_trNEGATIVE97182,0.27943217754364014
NEG_trNEGATIVE56792,0.17556926608085632
NEG_trNEGATIVE35151,0.337873637676239
NEG_trNEGATIVE85597,0.7445038557052612
NEG_trNEGATIVE49138,0.03393467888236046
NEG_trNEGATIVE30340,0.04595138505101204
NEG_trNEGATIVE42663,0.15748339891433716
NEG_trNEGATIVE95254,0.025474514812231064
NEG_trNEGATIVE69902,0.9558651447296143
NEG_trNEGATIVE64084,0.09244395792484283
NEG_trNEGATIVE96596,0.17052829265594482
NEG_trNEGATIVE90595,0.016140632331371307
NEG_trNEGATIVE96273,0.36133772134780884
NEG_trNEGATIVE53267,0.9630367159843445
NEG_trNEGATIVE63645,0.08414626866579056
NEG_trNEGATIVE65776,0.512686014175415
NEG_trNEGATIVE74926,0.010301535949110985
NEG_trNEGATIVE47321,0.023577790707349777
NEG_trNEGATIVE54532,0.038204777985811234
NEG_trNEGATIVE74438,0.04723086953163147
NEG_trNEGATIVE79080,0.019348502159118652
NEG_trNEGATIVE88446,0.030203215777873993
NEG_trNEGATIVE95271,0.009811346419155598
NEG_trNEGATIVE64150,0.869951605796814
NEG_trNEGATIVE74727,0.054317038506269455
NEG_trNEGATIVE85547,0.07750257849693298
NEG_trNEGATIVE60510,0.1467231810092926
NEG_trNEGATIVE90175,0.054172877222299576
NEG_trNEGATIVE29546,0.01155558880418539
NEG_trNEGATIVE38436,0.05812105908989906
NEG_trNEGATIVE83527,0.08704601228237152
NEG_trNEGATIVE29406,0.022794177755713463
NEG_trNEGATIVE33589,0.010622205212712288
NEG_trNEGATIVE81066,0.9683104753494263
NEG_trNEGATIVE60474,0.022587940096855164
NEG_trNEGATIVE52316,0.02584167756140232
NEG_trNEGATIVE88702,0.042995549738407135
NEG_trNEGATIVE83709,0.010277028195559978
NEG_trNEGATIVE42748,0.9751521348953247
NEG_trNEGATIVE55218,0.9907287955284119
NEG_trNEGATIVE52181,0.11570475250482559
NEG_trNEGATIVE51102,0.0657772421836853
NEG_trNEGATIVE89316,0.04778755456209183
NEG_trNEGATIVE63142,0.027158502489328384
NEG_trNEGATIVE100878,0.510180652141571
NEG_trNEGATIVE34541,0.04905593767762184
NEG_trNEGATIVE84122,0.04195164516568184
NEG_trNEGATIVE30221,0.040054064244031906
NEG_trNEGATIVE62998,0.1241268515586853
NEG_trNEGATIVE55138,0.009839142672717571
NEG_trNEGATIVE56175,0.0677427276968956
NEG_trNEGATIVE65656,0.023000091314315796
NEG_trNEGATIVE29740,0.025610337033867836
NEG_trNEGATIVE101456,0.06434986740350723
NEG_trNEGATIVE100054,0.00971046183258295
NEG_trNEGATIVE41821,0.272548109292984
NEG_trNEGATIVE63310,0.4466307461261749
NEG_trNEGATIVE82583,0.9833822250366211
NEG_trNEGATIVE82171,0.09176649898290634
NEG_trNEGATIVE54926,0.049647193402051926
NEG_trNEGATIVE38617,0.10012184828519821
NEG_trNEGATIVE53701,0.02269645221531391
NEG_trNEGATIVE90813,0.14822417497634888
NEG_trNEGATIVE94828,0.215011328458786
NEG_trNEGATIVE67368,0.7072394490242004
NEG_trNEGATIVE87408,0.023627690970897675
NEG_trNEGATIVE89781,0.5381065607070923
NEG_trNEGATIVE94861,0.8416868448257446
NEG_trNEGATIVE50966,0.06678443402051926
NEG_trNEGATIVE33189,0.17760467529296875
NEG_trNEGATIVE31504,0.9345971941947937
NEG_trNEGATIVE83274,0.31779375672340393
NEG_trNEGATIVE98891,0.07610967755317688
NEG_trNEGATIVE82385,0.0976676493883133
NEG_trNEGATIVE84168,0.06090552732348442
NEG_trNEGATIVE46789,0.011105526238679886
NEG_trNEGATIVE58440,0.07497470825910568
NEG_trNEGATIVE51086,0.009521450847387314
NEG_trNEGATIVE65136,0.07461625337600708
NEG_trNEGATIVE56302,0.3200671076774597
NEG_trNEGATIVE54382,0.06529605388641357
NEG_trNEGATIVE53188,0.34483692049980164
NEG_trNEGATIVE93337,0.05209736526012421
NEG_trNEGATIVE83134,0.03317299857735634
NEG_trNEGATIVE66691,0.04501088708639145
NEG_trNEGATIVE41545,0.4721321761608124
NEG_trNEGATIVE67891,0.9621070623397827
NEG_trNEGATIVE93378,0.3984547555446625
NEG_trNEGATIVE92783,0.1245599091053009
NEG_trNEGATIVE94327,0.009080835618078709
NEG_trNEGATIVE92294,0.01798263005912304
NEG_trNEGATIVE87811,0.010390343144536018
NEG_trNEGATIVE76403,0.10701438039541245
NEG_trNEGATIVE56683,0.6016086339950562
NEG_trNEGATIVE29382,0.052206773310899734
NEG_trNEGATIVE94199,0.01926427148282528
NEG_trNEGATIVE39922,0.1100897490978241
NEG_trNEGATIVE95445,0.011788776144385338
NEG_trNEGATIVE35554,0.15116344392299652
NEG_trNEGATIVE38785,0.10768065601587296
NEG_trNEGATIVE28303,0.2039942890405655
NEG_trNEGATIVE99387,0.11260153353214264
NEG_trNEGATIVE59445,0.6312587261199951
NEG_trNEGATIVE91285,0.8515389561653137
NEG_trNEGATIVE75753,0.9747846126556396
NEG_trNEGATIVE68371,0.009180516935884953
NEG_trNEGATIVE80362,0.009515122510492802
NEG_trNEGATIVE94360,0.03193811699748039
NEG_trNEGATIVE84877,0.03625579550862312
NEG_trNEGATIVE35576,0.04394017159938812
NEG_trNEGATIVE70592,0.057284750044345856
NEG_trNEGATIVE86645,0.009361689910292625
NEG_trNEGATIVE85247,0.009346905164420605
NEG_trNEGATIVE66371,0.014864075928926468
NEG_trNEGATIVE51420,0.5211784839630127
NEG_trNEGATIVE82486,0.7008385062217712
NEG_trNEGATIVE59497,0.009377455338835716
NEG_trNEGATIVE94216,0.7569178938865662
NEG_trNEGATIVE43341,0.026051858440041542
NEG_trNEGATIVE43937,0.00972949992865324
NEG_trNEGATIVE78794,0.009263916872441769
NEG_trNEGATIVE77105,0.00924634374678135
NEG_trNEGATIVE33841,0.22593818604946136
NEG_trNEGATIVE69339,0.034403569996356964
NEG_trNEGATIVE77214,0.0866512805223465
NEG_trNEGATIVE52044,0.025706104934215546
NEG_trNEGATIVE96377,0.00928520131856203
NEG_trNEGATIVE62774,0.009142697788774967
NEG_trNEGATIVE49661,0.012435795739293098
NEG_trNEGATIVE65599,0.05860592797398567
NEG_trNEGATIVE80471,0.7017725706100464
NEG_trNEGATIVE28753,0.052571430802345276
NEG_trNEGATIVE89514,0.020070230588316917
NEG_trNEGATIVE48036,0.03302815556526184
NEG_trNEGATIVE70362,0.015905145555734634
NEG_trNEGATIVE85920,0.9748959541320801
NEG_trNEGATIVE77943,0.2147686928510666
NEG_trNEGATIVE31877,0.04401833564043045
NEG_trNEGATIVE46241,0.09109535813331604
NEG_trNEGATIVE66369,0.31726083159446716
NEG_trNEGATIVE79169,0.19171357154846191
NEG_trNEGATIVE71497,0.014677675440907478
NEG_trNEGATIVE41888,0.02723165974020958
NEG_trNEGATIVE58628,0.010923651978373528
NEG_trNEGATIVE88946,0.016587818041443825
NEG_trNEGATIVE99334,0.9411813616752625
NEG_trNEGATIVE86979,0.014707909896969795
NEG_trNEGATIVE96920,0.020123522728681564
NEG_trNEGATIVE91986,0.02548537217080593
NEG_trNEGATIVE59217,0.9541430473327637
NEG_trNEGATIVE98211,0.02688702382147312
NEG_trNEGATIVE82852,0.01932242326438427
NEG_trNEGATIVE71893,0.34997355937957764
NEG_trNEGATIVE94208,0.14888721704483032
NEG_trNEGATIVE39471,0.018149536103010178
NEG_trNEGATIVE60580,0.09032437205314636
NEG_trNEGATIVE45442,0.17913313210010529
NEG_trNEGATIVE31221,0.27376049757003784
NEG_trNEGATIVE82288,0.0842803344130516
NEG_trNEGATIVE56201,0.17822089791297913
NEG_trNEGATIVE63375,0.013464943505823612
NEG_trNEGATIVE88156,0.5719613432884216
NEG_trNEGATIVE44301,0.08822476863861084
NEG_trNEGATIVE94855,0.03819935396313667
NEG_trNEGATIVE77388,0.023704247549176216
NEG_trNEGATIVE35309,0.009533124044537544
NEG_trNEGATIVE86969,0.03512648865580559
NEG_trNEGATIVE65850,0.03469906374812126
NEG_trNEGATIVE45049,0.5110492706298828
NEG_trNEGATIVE36834,0.0399344339966774
NEG_trNEGATIVE93293,0.4324670135974884
NEG_trNEGATIVE96009,0.22252465784549713
NEG_trNEGATIVE36338,0.025235306471586227
NEG_trNEGATIVE97456,0.029275648295879364
NEG_trNEGATIVE29719,0.30778950452804565
NEG_trNEGATIVE100575,0.011511090211570263
NEG_trNEGATIVE41118,0.9694578647613525
NEG_trNEGATIVE33202,0.02192915417253971
NEG_trNEGATIVE75635,0.942110538482666
NEG_trNEGATIVE66601,0.02363220788538456
NEG_trNEGATIVE80759,0.12494638562202454
NEG_trNEGATIVE87589,0.026247359812259674
NEG_trNEGATIVE74123,0.048410262912511826
NEG_trNEGATIVE39066,0.9684981107711792
NEG_trNEGATIVE60930,0.019451849162578583
NEG_trNEGATIVE67464,0.06700645387172699
NEG_trNEGATIVE92517,0.01565277948975563
NEG_trNEGATIVE55569,0.02105073444545269
NEG_trNEGATIVE41707,0.024600448086857796
NEG_trNEGATIVE55392,0.044742681086063385
NEG_trNEGATIVE67374,0.12034867703914642
NEG_trNEGATIVE36394,0.024261610582470894
NEG_trNEGATIVE41067,0.17809757590293884
NEG_trNEGATIVE83535,0.4870510697364807
NEG_trNEGATIVE42893,0.30055534839630127
NEG_trNEGATIVE91453,0.017638545483350754
NEG_trNEGATIVE93986,0.022167963907122612
NEG_trNEGATIVE75775,0.05131199583411217
NEG_trNEGATIVE59937,0.009565623477101326
NEG_trNEGATIVE82399,0.0770103931427002
NEG_trNEGATIVE94801,0.021516457200050354
NEG_trNEGATIVE101812,0.8470444679260254
NEG_trNEGATIVE27631,0.015694424510002136
NEG_trNEGATIVE57420,0.9877922534942627
NEG_trNEGATIVE57412,0.4228598475456238
NEG_trNEGATIVE48328,0.08474412560462952
NEG_trNEGATIVE62907,0.02079404704272747
NEG_trNEGATIVE63164,0.6284191012382507
NEG_trNEGATIVE96724,0.0322834812104702
NEG_trNEGATIVE90383,0.08480623364448547
NEG_trNEGATIVE58935,0.07760514318943024
NEG_trNEGATIVE27835,0.011127316392958164
NEG_trNEGATIVE35003,0.6706735491752625
NEG_trNEGATIVE52366,0.0169572364538908
NEG_trNEGATIVE69042,0.43302690982818604
NEG_trNEGATIVE55526,0.012409055605530739
NEG_trNEGATIVE52457,0.04855893552303314
NEG_trNEGATIVE84413,0.04826737940311432
NEG_trNEGATIVE89028,0.0107186920940876
NEG_trNEGATIVE67521,0.03358472138643265
NEG_trNEGATIVE94368,0.009080006740987301
NEG_trNEGATIVE88393,0.10047409683465958
NEG_trNEGATIVE31836,0.09408743679523468
NEG_trNEGATIVE99953,0.586661696434021
NEG_trNEGATIVE34016,0.029773226007819176
NEG_trNEGATIVE48116,0.010979768820106983
NEG_trNEGATIVE99683,0.5073959827423096
NEG_trNEGATIVE88539,0.012789653614163399
NEG_trNEGATIVE47306,0.39779940247535706
NEG_trNEGATIVE27764,0.016575057059526443
NEG_trNEGATIVE67393,0.9751254916191101
NEG_trNEGATIVE61098,0.9891824722290039
NEG_trNEGATIVE44480,0.05757113918662071
NEG_trNEGATIVE53310,0.1381402462720871
NEG_trNEGATIVE66557,0.12635937333106995
NEG_trNEGATIVE83785,0.23166769742965698
NEG_trNEGATIVE68314,0.01493747066706419
NEG_trNEGATIVE52318,0.030109332874417305
NEG_trNEGATIVE58035,0.009965441189706326
NEG_trNEGATIVE85809,0.1988007128238678
NEG_trNEGATIVE39616,0.2671948969364166
NEG_trNEGATIVE55297,0.01901344582438469
NEG_trNEGATIVE86287,0.09259893000125885
NEG_trNEGATIVE38332,0.7965033650398254
NEG_trNEGATIVE50019,0.06490365415811539
NEG_trNEGATIVE88812,0.5617825388908386
NEG_trNEGATIVE79785,0.9534378051757812
NEG_trNEGATIVE89226,0.25533565878868103
NEG_trNEGATIVE52594,0.2672595977783203
NEG_trNEGATIVE58339,0.35090112686157227
NEG_trNEGATIVE80900,0.9590936899185181
NEG_trNEGATIVE95673,0.05180935561656952
NEG_trNEGATIVE96555,0.021402889862656593
NEG_trNEGATIVE71139,0.032635848969221115
NEG_trNEGATIVE44861,0.05160041153430939
NEG_trNEGATIVE98246,0.08372979611158371
NEG_trNEGATIVE31419,0.9157308340072632
NEG_trNEGATIVE50132,0.018165290355682373
NEG_trNEGATIVE38089,0.104286327958107
NEG_trNEGATIVE45688,0.03149406984448433
NEG_trNEGATIVE68779,0.03376520425081253
NEG_trNEGATIVE95644,0.013146604411303997
NEG_trNEGATIVE45035,0.5854712724685669
NEG_trNEGATIVE52191,0.06796891987323761
NEG_trNEGATIVE33400,0.15443919599056244
NEG_trNEGATIVE95197,0.7440992593765259
NEG_trNEGATIVE73276,0.027635928243398666
NEG_trNEGATIVE77118,0.361313134431839
NEG_trNEGATIVE56717,0.7457090616226196
NEG_trNEGATIVE63573,0.5689011812210083
NEG_trNEGATIVE38879,0.05123972147703171
NEG_trNEGATIVE68194,0.1099904254078865
NEG_trNEGATIVE33573,0.06639732420444489
NEG_trNEGATIVE27728,0.36789199709892273
NEG_trNEGATIVE71333,0.025369731709361076
NEG_trNEGATIVE42999,0.7045712471008301
NEG_trNEGATIVE40968,0.03086375817656517
NEG_trNEGATIVE94850,0.03990177810192108
NEG_trNEGATIVE41359,0.01913348399102688
NEG_trNEGATIVE58939,0.05500753968954086
NEG_trNEGATIVE74541,0.017199112102389336
NEG_trNEGATIVE95503,0.016826974228024483
NEG_trNEGATIVE35777,0.05534287542104721
NEG_trNEGATIVE52012,0.07891560345888138
NEG_trNEGATIVE79069,0.9085558652877808
NEG_trNEGATIVE41843,0.5240079760551453
NEG_trNEGATIVE59284,0.9895642995834351
NEG_trNEGATIVE53093,0.00906979851424694
NEG_trNEGATIVE79402,0.057883016765117645
NEG_trNEGATIVE40586,0.961564302444458
NEG_trNEGATIVE89520,0.22134964168071747
NEG_trNEGATIVE75311,0.0689290389418602
NEG_trNEGATIVE37733,0.04521637782454491
NEG_trNEGATIVE86731,0.5403160452842712
NEG_trNEGATIVE95567,0.011495658196508884
NEG_trNEGATIVE62106,0.8297458291053772
NEG_trNEGATIVE30620,0.06182972341775894
NEG_trNEGATIVE67550,0.058144599199295044
NEG_trNEGATIVE96047,0.16439436376094818
NEG_trNEGATIVE81777,0.14904901385307312
NEG_trNEGATIVE95540,0.032258614897727966
NEG_trNEGATIVE78433,0.5052890777587891
NEG_trNEGATIVE98231,0.034592900425195694
NEG_trNEGATIVE28675,0.11740405112504959
NEG_trNEGATIVE52859,0.03856386989355087
NEG_trNEGATIVE50867,0.0849820226430893
NEG_trNEGATIVE102108,0.22059784829616547
NEG_trNEGATIVE58430,0.7721124291419983
NEG_trNEGATIVE38320,0.03576663136482239
NEG_trNEGATIVE75954,0.23223982751369476
NEG_trNEGATIVE38446,0.010208191350102425
NEG_trNEGATIVE63556,0.014077121391892433
NEG_trNEGATIVE35966,0.012504157610237598
NEG_trNEGATIVE102536,0.2644728124141693
NEG_trNEGATIVE51523,0.2688150703907013
NEG_trNEGATIVE53131,0.9496335387229919
NEG_trNEGATIVE71828,0.05476601794362068
NEG_trNEGATIVE74514,0.7305386662483215
NEG_trNEGATIVE74088,0.019032688811421394
NEG_trNEGATIVE93626,0.49593377113342285
NEG_trNEGATIVE98680,0.41342273354530334
NEG_trNEGATIVE29583,0.34868091344833374
NEG_trNEGATIVE88458,0.3221812844276428
NEG_trNEGATIVE69126,0.01583920605480671
NEG_trNEGATIVE88761,0.37669888138771057
NEG_trNEGATIVE41171,0.0746946856379509
NEG_trNEGATIVE85088,0.08862928301095963
NEG_trNEGATIVE33802,0.22581914067268372
NEG_trNEGATIVE98085,0.04624262452125549
NEG_trNEGATIVE94119,0.3499424457550049
NEG_trNEGATIVE54392,0.9506946206092834
NEG_trNEGATIVE28219,0.08867308497428894
NEG_trNEGATIVE29127,0.010774413123726845
NEG_trNEGATIVE80517,0.142123281955719
NEG_trNEGATIVE95195,0.02925283834338188
NEG_trNEGATIVE89076,0.6528614163398743
NEG_trNEGATIVE86087,0.03112819232046604
NEG_trNEGATIVE100548,0.22984904050827026
NEG_trNEGATIVE81125,0.010521488264203072
NEG_trNEGATIVE31256,0.15342317521572113
NEG_trNEGATIVE31517,0.00923510268330574
NEG_trNEGATIVE45564,0.1172650009393692
NEG_trNEGATIVE73433,0.009751379489898682
NEG_trNEGATIVE65434,0.03295687213540077
NEG_trNEGATIVE60220,0.6452933549880981
NEG_trNEGATIVE61306,0.20875097811222076
NEG_trNEGATIVE99300,0.018635232001543045
NEG_trNEGATIVE40706,0.04907545447349548
NEG_trNEGATIVE44880,0.6376544237136841
NEG_trNEGATIVE36221,0.024889666587114334
NEG_trNEGATIVE57474,0.38689368963241577
NEG_trNEGATIVE100698,0.3790437579154968
NEG_trNEGATIVE50868,0.03791879117488861
NEG_trNEGATIVE45865,0.05739118531346321
NEG_trNEGATIVE42114,0.910557746887207
NEG_trNEGATIVE39678,0.017938952893018723
NEG_trNEGATIVE66099,0.9809275269508362
NEG_trNEGATIVE57852,0.27005305886268616
NEG_trNEGATIVE36870,0.6368514895439148
NEG_trNEGATIVE34601,0.9438947439193726
NEG_trNEGATIVE94613,0.028631284832954407
NEG_trNEGATIVE65541,0.4492854177951813
NEG_trNEGATIVE32797,0.10714861005544662
NEG_trNEGATIVE43835,0.6065801382064819
NEG_trNEGATIVE28755,0.04518711194396019
NEG_trNEGATIVE82564,0.06539871543645859
NEG_trNEGATIVE41405,0.01944098435342312
NEG_trNEGATIVE41542,0.40743616223335266
NEG_trNEGATIVE83013,0.00910182949155569
NEG_trNEGATIVE98128,0.13001173734664917
NEG_trNEGATIVE78327,0.018123315647244453
NEG_trNEGATIVE40853,0.009368786588311195
NEG_trNEGATIVE87228,0.01702684722840786
NEG_trNEGATIVE47088,0.08765513449907303
NEG_trNEGATIVE74328,0.009052966721355915
NEG_trNEGATIVE46005,0.9826308488845825
NEG_trNEGATIVE91239,0.9514249563217163
NEG_trNEGATIVE29886,0.021577630192041397
NEG_trNEGATIVE77066,0.06075091287493706
NEG_trNEGATIVE78322,0.1782515048980713
NEG_trNEGATIVE33579,0.058592092245817184
NEG_trNEGATIVE27881,0.31618639826774597
NEG_trNEGATIVE62896,0.9500209093093872
NEG_trNEGATIVE77035,0.042148251086473465
NEG_trNEGATIVE45456,0.45317962765693665
NEG_trNEGATIVE51186,0.1514548808336258
NEG_trNEGATIVE47118,0.08103011548519135
NEG_trNEGATIVE67903,0.15416741371154785
NEG_trNEGATIVE83190,0.21082982420921326
NEG_trNEGATIVE75457,0.5454309582710266
NEG_trNEGATIVE93551,0.9778501391410828
NEG_trNEGATIVE62578,0.7413741946220398
NEG_trNEGATIVE65065,0.13450433313846588
NEG_trNEGATIVE82740,0.0615101084113121
NEG_trNEGATIVE93981,0.9394538402557373
NEG_trNEGATIVE50673,0.11045867204666138
NEG_trNEGATIVE76751,0.5409120321273804
NEG_trNEGATIVE37156,0.038495127111673355
NEG_trNEGATIVE87110,0.03902817517518997
NEG_trNEGATIVE30369,0.013571396470069885
NEG_trNEGATIVE60492,0.9070224761962891
NEG_trNEGATIVE58301,0.7664969563484192
NEG_trNEGATIVE93784,0.05626247823238373
NEG_trNEGATIVE71421,0.18409045040607452
NEG_trNEGATIVE100092,0.0596158541738987
NEG_trNEGATIVE30183,0.08908958733081818
NEG_trNEGATIVE42994,0.2836472988128662
NEG_trNEGATIVE30776,0.6059918403625488
NEG_trNEGATIVE50959,0.04983546957373619
NEG_trNEGATIVE73022,0.4447038173675537
NEG_trNEGATIVE50107,0.42144086956977844
NEG_trNEGATIVE36047,0.08566146343946457
NEG_trNEGATIVE99262,0.9658364057540894
NEG_trNEGATIVE67695,0.391243040561676
NEG_trNEGATIVE95863,0.030470581725239754
NEG_trNEGATIVE65056,0.7809044122695923
NEG_trNEGATIVE50441,0.07939817756414413
NEG_trNEGATIVE89334,0.009062938392162323
NEG_trNEGATIVE56484,0.08584411442279816
NEG_trNEGATIVE84767,0.08973649144172668
NEG_trNEGATIVE66032,0.06702380627393723
NEG_trNEGATIVE50940,0.015976473689079285
NEG_trNEGATIVE94584,0.07293015718460083
NEG_trNEGATIVE58788,0.09203115105628967
NEG_trNEGATIVE69720,0.9421982765197754
NEG_trNEGATIVE40158,0.12165478616952896
NEG_trNEGATIVE81420,0.28511205315589905
NEG_trNEGATIVE49305,0.016482578590512276
NEG_trNEGATIVE35454,0.026312189176678658
NEG_trNEGATIVE77652,0.20980891585350037
NEG_trNEGATIVE102021,0.9356409907341003
NEG_trNEGATIVE57538,0.010537256486713886
NEG_trNEGATIVE96816,0.02995077520608902
NEG_trNEGATIVE69135,0.9284852147102356
NEG_trNEGATIVE35877,0.04180275276303291
NEG_trNEGATIVE56388,0.11156121641397476
NEG_trNEGATIVE87703,0.7710757255554199
NEG_trNEGATIVE57354,0.9215755462646484
NEG_trNEGATIVE63234,0.010461417958140373
NEG_trNEGATIVE38626,0.09957683831453323
NEG_trNEGATIVE56828,0.04475235193967819
NEG_trNEGATIVE52449,0.044975169003009796
NEG_trNEGATIVE87926,0.03336420655250549
NEG_trNEGATIVE57444,0.025176985189318657
NEG_trNEGATIVE67353,0.3609323799610138
NEG_trNEGATIVE81212,0.963651716709137
NEG_trNEGATIVE88017,0.0390315018594265
NEG_trNEGATIVE95145,0.07976730167865753
NEG_trNEGATIVE48327,0.23402489721775055
NEG_trNEGATIVE37909,0.9820275902748108
NEG_trNEGATIVE59216,0.050315819680690765
NEG_trNEGATIVE99752,0.8215653300285339
NEG_trNEGATIVE91157,0.023957490921020508
NEG_trNEGATIVE77987,0.9891031980514526
NEG_trNEGATIVE72963,0.27570977807044983
NEG_trNEGATIVE61846,0.01925472542643547
NEG_trNEGATIVE39940,0.2285783290863037
NEG_trNEGATIVE37981,0.2794347405433655
NEG_trNEGATIVE27833,0.9005900621414185
NEG_trNEGATIVE79357,0.9624941945075989
NEG_trNEGATIVE51467,0.19056622684001923
NEG_trNEGATIVE97196,0.08164437115192413
NEG_trNEGATIVE84712,0.9823327660560608
NEG_trNEGATIVE41584,0.009095040149986744
NEG_trNEGATIVE41483,0.009223687462508678
NEG_trNEGATIVE57569,0.052810780704021454
NEG_trNEGATIVE77586,0.009086303412914276
NEG_trNEGATIVE70478,0.9272534847259521
NEG_trNEGATIVE50509,0.01809442974627018
NEG_trNEGATIVE96683,0.06176721304655075
NEG_trNEGATIVE41920,0.06531420350074768
NEG_trNEGATIVE90011,0.11709888279438019
NEG_trNEGATIVE32285,0.011169700883328915
NEG_trNEGATIVE101490,0.009174796752631664
NEG_trNEGATIVE52616,0.08701778948307037
NEG_trNEGATIVE95947,0.06192614510655403
NEG_trNEGATIVE87120,0.02546093612909317
NEG_trNEGATIVE89463,0.020722651854157448
NEG_trNEGATIVE96352,0.08006218075752258
NEG_trNEGATIVE31177,0.34547314047813416
NEG_trNEGATIVE48791,0.14296267926692963
NEG_trNEGATIVE95342,0.12499626725912094
NEG_trNEGATIVE46606,0.12242414802312851
NEG_trNEGATIVE99562,0.04412820190191269
NEG_trNEGATIVE30945,0.9424325227737427
NEG_trNEGATIVE48370,0.010151137597858906
NEG_trNEGATIVE55267,0.8488904237747192
NEG_trNEGATIVE72649,0.009117143228650093
NEG_trNEGATIVE96921,0.12408860772848129
NEG_trNEGATIVE85520,0.14273488521575928
NEG_trNEGATIVE94421,0.009194979444146156
NEG_trNEGATIVE60570,0.016613982617855072
NEG_trNEGATIVE60131,0.9604504704475403
NEG_trNEGATIVE46190,0.05682019889354706
NEG_trNEGATIVE30881,0.11281905323266983
NEG_trNEGATIVE28419,0.5207521319389343
NEG_trNEGATIVE54301,0.02644970268011093
NEG_trNEGATIVE55910,0.938169538974762
NEG_trNEGATIVE86159,0.2657483220100403
NEG_trNEGATIVE82416,0.5896674990653992
NEG_trNEGATIVE29883,0.0502224937081337
NEG_trNEGATIVE30923,0.08418617397546768
NEG_trNEGATIVE35555,0.049436721950769424
NEG_trNEGATIVE42319,0.7545949220657349
NEG_trNEGATIVE50422,0.2773134112358093
NEG_trNEGATIVE96798,0.04678673669695854
NEG_trNEGATIVE88810,0.941963791847229
NEG_trNEGATIVE79796,0.7762535810470581
NEG_trNEGATIVE45151,0.6177588105201721
NEG_trNEGATIVE34659,0.6988523602485657
NEG_trNEGATIVE74442,0.10198435187339783
NEG_trNEGATIVE95131,0.2650095522403717
NEG_trNEGATIVE66611,0.013356894254684448
NEG_trNEGATIVE40563,0.08083385229110718
NEG_trNEGATIVE86655,0.40223243832588196
NEG_trNEGATIVE71322,0.11051759868860245
NEG_trNEGATIVE99530,0.30374374985694885
NEG_trNEGATIVE55240,0.17416498064994812
NEG_trNEGATIVE73683,0.5544685125350952
NEG_trNEGATIVE62989,0.39703619480133057
NEG_trNEGATIVE82680,0.5496518015861511
NEG_trNEGATIVE99680,0.014449767768383026
NEG_trNEGATIVE55082,0.06807108968496323
NEG_trNEGATIVE72037,0.21174131333827972
NEG_trNEGATIVE91030,0.54488605260849
NEG_trNEGATIVE95711,0.13440248370170593
NEG_trNEGATIVE74836,0.014836854301393032
NEG_trNEGATIVE88042,0.04349016398191452
NEG_trNEGATIVE42686,0.25763222575187683
NEG_trNEGATIVE75568,0.06484333425760269
NEG_trNEGATIVE97250,0.19525793194770813
NEG_trNEGATIVE54705,0.06614109873771667
NEG_trNEGATIVE65980,0.15394677221775055
NEG_trNEGATIVE38597,0.9738900661468506
NEG_trNEGATIVE67704,0.10465085506439209
NEG_trNEGATIVE81281,0.017647143453359604
NEG_trNEGATIVE47268,0.3147335350513458
NEG_trNEGATIVE70788,0.01182213518768549
NEG_trNEGATIVE58637,0.010057033970952034
NEG_trNEGATIVE47140,0.9441596865653992
NEG_trNEGATIVE96374,0.08849088102579117
NEG_trNEGATIVE62163,0.14723585546016693
NEG_trNEGATIVE84878,0.010720057412981987
NEG_trNEGATIVE94781,0.04000220075249672
NEG_trNEGATIVE90772,0.028469758108258247
NEG_trNEGATIVE65294,0.59795743227005
NEG_trNEGATIVE85108,0.2065962702035904
NEG_trNEGATIVE28248,0.016698315739631653
NEG_trNEGATIVE32789,0.020030759274959564
NEG_trNEGATIVE92878,0.03117690421640873
NEG_trNEGATIVE70991,0.9818876385688782
NEG_trNEGATIVE30739,0.7867147922515869
NEG_trNEGATIVE47557,0.7701210379600525
NEG_trNEGATIVE55961,0.009956112131476402
NEG_trNEGATIVE45921,0.1835659295320511
NEG_trNEGATIVE80883,0.05903719365596771
NEG_trNEGATIVE41245,0.27535566687583923
NEG_trNEGATIVE66408,0.035112593322992325
NEG_trNEGATIVE51996,0.048392683267593384
NEG_trNEGATIVE85172,0.07898521423339844
NEG_trNEGATIVE50348,0.10100574046373367
NEG_trNEGATIVE50559,0.09827055037021637
NEG_trNEGATIVE56486,0.009985960088670254
NEG_trNEGATIVE42430,0.08304940164089203
NEG_trNEGATIVE89630,0.11159738898277283
NEG_trNEGATIVE52754,0.9519023299217224
NEG_trNEGATIVE96516,0.2313348352909088
NEG_trNEGATIVE92870,0.01917926035821438
NEG_trNEGATIVE79605,0.016803301870822906
NEG_trNEGATIVE58907,0.6065473556518555
NEG_trNEGATIVE55271,0.010314534418284893
NEG_trNEGATIVE66783,0.2422197461128235
NEG_trNEGATIVE32133,0.03238855302333832
NEG_trNEGATIVE42731,0.08413078635931015
NEG_trNEGATIVE69115,0.8247349858283997
NEG_trNEGATIVE91561,0.9863296151161194
NEG_trNEGATIVE36530,0.18039700388908386
NEG_trNEGATIVE50788,0.009061294607818127
NEG_trNEGATIVE33087,0.14279836416244507
NEG_trNEGATIVE39698,0.04062816873192787
NEG_trNEGATIVE59662,0.11133908480405807
NEG_trNEGATIVE94017,0.23035261034965515
NEG_trNEGATIVE94857,0.637377142906189
NEG_trNEGATIVE102672,0.9571847319602966
NEG_trNEGATIVE60218,0.9611510634422302
NEG_trNEGATIVE31277,0.09465549141168594
NEG_trNEGATIVE48313,0.9617525935173035
NEG_trNEGATIVE54295,0.08652061969041824
NEG_trNEGATIVE28429,0.06839853525161743
NEG_trNEGATIVE44933,0.43779420852661133
NEG_trNEGATIVE37308,0.03957945480942726
NEG_trNEGATIVE71075,0.19752800464630127
NEG_trNEGATIVE62497,0.9552908539772034
NEG_trNEGATIVE50744,0.028711671009659767
NEG_trNEGATIVE95745,0.9743359088897705
NEG_trNEGATIVE43654,0.07408687472343445
NEG_trNEGATIVE56232,0.011224957183003426
NEG_trNEGATIVE56730,0.9809423089027405
NEG_trNEGATIVE47955,0.8067989945411682
NEG_trNEGATIVE87165,0.016190234571695328
NEG_trNEGATIVE66389,0.02428550273180008
NEG_trNEGATIVE47659,0.9750863909721375
NEG_trNEGATIVE46361,0.5032653212547302
NEG_trNEGATIVE93109,0.989514946937561
NEG_trNEGATIVE100497,0.8911027312278748
NEG_trNEGATIVE80526,0.0871606394648552
NEG_trNEGATIVE84608,0.009262284263968468
NEG_trNEGATIVE77342,0.9328588843345642
NEG_trNEGATIVE32518,0.06728266924619675
NEG_trNEGATIVE100253,0.08511514216661453
NEG_trNEGATIVE48026,0.7843977808952332
NEG_trNEGATIVE89986,0.05544280633330345
NEG_trNEGATIVE80113,0.665452241897583
NEG_trNEGATIVE77612,0.14763237535953522
NEG_trNEGATIVE44461,0.11910072714090347
NEG_trNEGATIVE96601,0.04227851331233978
NEG_trNEGATIVE61680,0.904697060585022
NEG_trNEGATIVE39971,0.0914657711982727
NEG_trNEGATIVE53058,0.5379902720451355
NEG_trNEGATIVE98388,0.11374678462743759
NEG_trNEGATIVE89466,0.03975849598646164
NEG_trNEGATIVE27573,0.9160332083702087
NEG_trNEGATIVE41475,0.06342253088951111
NEG_trNEGATIVE48964,0.5685113072395325
NEG_trNEGATIVE27543,0.0640159398317337
NEG_trNEGATIVE48575,0.06243199110031128
NEG_trNEGATIVE70421,0.6147249341011047
NEG_trNEGATIVE93508,0.026567580178380013
NEG_trNEGATIVE91013,0.13742505013942719
NEG_trNEGATIVE37614,0.14130361378192902
NEG_trNEGATIVE89695,0.04254086688160896
NEG_trNEGATIVE78345,0.011774147860705853
NEG_trNEGATIVE92131,0.04093138128519058
NEG_trNEGATIVE58174,0.33679822087287903
NEG_trNEGATIVE62019,0.781342625617981
NEG_trNEGATIVE60403,0.14462657272815704
NEG_trNEGATIVE39256,0.22351698577404022
NEG_trNEGATIVE65054,0.09938667714595795
NEG_trNEGATIVE67131,0.04388076439499855
NEG_trNEGATIVE91852,0.8787956237792969
NEG_trNEGATIVE36643,0.02629377879202366
NEG_trNEGATIVE88196,0.7718191742897034
NEG_trNEGATIVE56227,0.1326470822095871
NEG_trNEGATIVE51728,0.009257594123482704
NEG_trNEGATIVE95962,0.9696568250656128
NEG_trNEGATIVE96583,0.011945482343435287
NEG_trNEGATIVE97779,0.8347938060760498
NEG_trNEGATIVE73084,0.03727396950125694
NEG_trNEGATIVE31575,0.27857205271720886
NEG_trNEGATIVE93970,0.341656893491745
NEG_trNEGATIVE100558,0.02275986783206463
NEG_trNEGATIVE56524,0.040163151919841766
NEG_trNEGATIVE101992,0.04998331144452095
NEG_trNEGATIVE63350,0.9386629462242126
NEG_trNEGATIVE100926,0.08453872054815292
NEG_trNEGATIVE87789,0.2313375025987625
NEG_trNEGATIVE28436,0.16092395782470703
NEG_trNEGATIVE80085,0.014413713477551937
NEG_trNEGATIVE90106,0.09248529374599457
NEG_trNEGATIVE27505,0.012234969064593315
NEG_trNEGATIVE45233,0.009147687815129757
NEG_trNEGATIVE70320,0.9513500332832336
NEG_trNEGATIVE74572,0.10602852702140808
NEG_trNEGATIVE35008,0.351174533367157
NEG_trNEGATIVE35918,0.7817384004592896
NEG_trNEGATIVE73312,0.07233050465583801
NEG_trNEGATIVE51173,0.24830453097820282
NEG_trNEGATIVE69747,0.011405154131352901
NEG_trNEGATIVE44996,0.1654498279094696
NEG_trNEGATIVE84218,0.021538274362683296
NEG_trNEGATIVE47298,0.8567847609519958
NEG_trNEGATIVE35860,0.9762305617332458
NEG_trNEGATIVE96440,0.21713361144065857
NEG_trNEGATIVE59139,0.10223251581192017
NEG_trNEGATIVE65317,0.011513102799654007
NEG_trNEGATIVE77125,0.39659491181373596
NEG_trNEGATIVE62285,0.00920876581221819
NEG_trNEGATIVE66593,0.0324464775621891
NEG_trNEGATIVE54710,0.5612025260925293
NEG_trNEGATIVE74862,0.2765568196773529
NEG_trNEGATIVE94209,0.17970538139343262
NEG_trNEGATIVE88737,0.9860427975654602
NEG_trNEGATIVE44821,0.038490090519189835
NEG_trNEGATIVE46276,0.12722449004650116
NEG_trNEGATIVE80302,0.08019986748695374
NEG_trNEGATIVE85333,0.08172870427370071
NEG_trNEGATIVE49930,0.06959223747253418
NEG_trNEGATIVE98880,0.019923554733395576
NEG_trNEGATIVE68394,0.9794038534164429
NEG_trNEGATIVE66779,0.2512686252593994
NEG_trNEGATIVE44218,0.02590191923081875
NEG_trNEGATIVE51468,0.027719467878341675
NEG_trNEGATIVE48428,0.026234859600663185
NEG_trNEGATIVE33335,0.736684262752533
NEG_trNEGATIVE33993,0.05651484802365303
NEG_trNEGATIVE30968,0.0349508561193943
NEG_trNEGATIVE35886,0.6518862843513489
NEG_trNEGATIVE47673,0.2665805518627167
NEG_trNEGATIVE66674,0.33473172783851624
NEG_trNEGATIVE49200,0.011046304367482662
NEG_trNEGATIVE43465,0.011201228946447372
NEG_trNEGATIVE40134,0.06277965754270554
NEG_trNEGATIVE33754,0.037510618567466736
NEG_trNEGATIVE31434,0.03202855959534645
NEG_trNEGATIVE70700,0.5469908118247986
NEG_trNEGATIVE77681,0.6575857996940613
NEG_trNEGATIVE54965,0.3195449709892273
NEG_trNEGATIVE70917,0.5883815884590149
NEG_trNEGATIVE95502,0.011148076504468918
NEG_trNEGATIVE81769,0.2268538624048233
NEG_trNEGATIVE31533,0.07258293777704239
NEG_trNEGATIVE45880,0.9315972924232483
NEG_trNEGATIVE81605,0.03434820473194122
NEG_trNEGATIVE53120,0.44641128182411194
NEG_trNEGATIVE49049,0.8106644153594971
NEG_trNEGATIVE79245,0.44176438450813293
NEG_trNEGATIVE29991,0.03477933630347252
NEG_trNEGATIVE61350,0.077174611389637
NEG_trNEGATIVE35669,0.1373966783285141
NEG_trNEGATIVE91343,0.09862028807401657
NEG_trNEGATIVE31391,0.9875689744949341
NEG_trNEGATIVE27798,0.6208016872406006
NEG_trNEGATIVE38214,0.9908628463745117
NEG_trNEGATIVE39263,0.03807274252176285
NEG_trNEGATIVE40595,0.12398213893175125
NEG_trNEGATIVE47408,0.5400263071060181
NEG_trNEGATIVE102428,0.2705579102039337
NEG_trNEGATIVE80620,0.19460830092430115
NEG_trNEGATIVE72921,0.8702601194381714
NEG_trNEGATIVE44730,0.020407814532518387
NEG_trNEGATIVE37930,0.6729137301445007
NEG_trNEGATIVE62593,0.18886516988277435
NEG_trNEGATIVE90391,0.989596426486969
NEG_trNEGATIVE50790,0.26289671659469604
NEG_trNEGATIVE40292,0.1601213663816452
NEG_trNEGATIVE88199,0.025526119396090508
NEG_trNEGATIVE47217,0.015601797960698605
NEG_trNEGATIVE44181,0.05512238293886185
NEG_trNEGATIVE28218,0.2945713698863983
NEG_trNEGATIVE66497,0.2716025114059448
NEG_trNEGATIVE82043,0.04817671328783035
NEG_trNEGATIVE53963,0.7006930112838745
NEG_trNEGATIVE72745,0.009077271446585655
NEG_trNEGATIVE58940,0.040980204939842224
NEG_trNEGATIVE73251,0.0841156616806984
NEG_trNEGATIVE40371,0.009301375597715378
NEG_trNEGATIVE71024,0.6842753291130066
NEG_trNEGATIVE92379,0.0619286485016346
NEG_trNEGATIVE73786,0.8345314860343933
NEG_trNEGATIVE53727,0.9643096327781677
NEG_trNEGATIVE31337,0.8311949968338013
NEG_trNEGATIVE82727,0.5405654907226562
NEG_trNEGATIVE64361,0.1312772035598755
NEG_trNEGATIVE52307,0.3416326642036438
NEG_trNEGATIVE50308,0.4994659423828125
NEG_trNEGATIVE70166,0.14521223306655884
NEG_trNEGATIVE88693,0.886812686920166
NEG_trNEGATIVE76557,0.011786730960011482
NEG_trNEGATIVE72127,0.9873601198196411
NEG_trNEGATIVE76129,0.12721461057662964
NEG_trNEGATIVE99553,0.08410148322582245
NEG_trNEGATIVE90991,0.6185548305511475
NEG_trNEGATIVE59149,0.9787254929542542
NEG_trNEGATIVE44316,0.1814400851726532
NEG_trNEGATIVE81439,0.026412973180413246
NEG_trNEGATIVE40162,0.02725440263748169
NEG_trNEGATIVE74561,0.9293873310089111
NEG_trNEGATIVE65137,0.09387827664613724
NEG_trNEGATIVE57384,0.00915960781276226
NEG_trNEGATIVE82659,0.011600040830671787
NEG_trNEGATIVE52960,0.1583244800567627
NEG_trNEGATIVE102069,0.01755266636610031
NEG_trNEGATIVE50516,0.9425588846206665
NEG_trNEGATIVE66719,0.03739621490240097
NEG_trNEGATIVE60039,0.9255896210670471
NEG_trNEGATIVE49695,0.2693757116794586
NEG_trNEGATIVE91970,0.10383980721235275
NEG_trNEGATIVE52747,0.021623799577355385
NEG_trNEGATIVE97765,0.04010125994682312
NEG_trNEGATIVE84205,0.47528085112571716
NEG_trNEGATIVE70588,0.12047585844993591
NEG_trNEGATIVE65299,0.03837117552757263
NEG_trNEGATIVE92398,0.15943147242069244
NEG_trNEGATIVE48139,0.01836889423429966
NEG_trNEGATIVE52820,0.20328862965106964
NEG_trNEGATIVE68157,0.10648605227470398
NEG_trNEGATIVE76212,0.35706639289855957
NEG_trNEGATIVE73622,0.04378237947821617
NEG_trNEGATIVE89524,0.10958217829465866
NEG_trNEGATIVE46331,0.03040013089776039
NEG_trNEGATIVE32633,0.637712836265564
NEG_trNEGATIVE77185,0.14671799540519714
NEG_trNEGATIVE44670,0.4922538101673126
NEG_trNEGATIVE93381,0.029939599335193634
NEG_trNEGATIVE88034,0.04723551496863365
NEG_trNEGATIVE73619,0.5165577530860901
NEG_trNEGATIVE85742,0.04962480068206787
NEG_trNEGATIVE81661,0.6373611092567444
NEG_trNEGATIVE30792,0.08093859255313873
NEG_trNEGATIVE52681,0.054792456328868866
NEG_trNEGATIVE30544,0.8132786154747009
NEG_trNEGATIVE28428,0.9140427708625793
NEG_trNEGATIVE34198,0.9783545732498169
NEG_trNEGATIVE52329,0.021344870328903198
NEG_trNEGATIVE85330,0.01341315358877182
NEG_trNEGATIVE101018,0.13565336167812347
NEG_trNEGATIVE54516,0.00918557494878769
NEG_trNEGATIVE83217,0.09672403335571289
NEG_trNEGATIVE83073,0.8934062719345093
NEG_trNEGATIVE30479,0.7257561087608337
NEG_trNEGATIVE42739,0.8029302954673767
NEG_trNEGATIVE101618,0.9839563965797424
NEG_trNEGATIVE52667,0.02063048630952835
NEG_trNEGATIVE32156,0.06185709312558174
NEG_trNEGATIVE69790,0.13244307041168213
NEG_trNEGATIVE73185,0.9257091879844666
NEG_trNEGATIVE68913,0.09354590624570847
NEG_trNEGATIVE60816,0.8200845718383789
NEG_trNEGATIVE84549,0.33724433183670044
NEG_trNEGATIVE40334,0.9581586718559265
NEG_trNEGATIVE73432,0.05213369056582451
NEG_trNEGATIVE49213,0.03302948176860809
NEG_trNEGATIVE35595,0.07641798257827759
NEG_trNEGATIVE90484,0.9766544103622437
NEG_trNEGATIVE93420,0.14235512912273407
NEG_trNEGATIVE47752,0.6067885160446167
NEG_trNEGATIVE88862,0.21574924886226654
NEG_trNEGATIVE35140,0.5241602063179016
NEG_trNEGATIVE40437,0.12168139964342117
NEG_trNEGATIVE44652,0.23858481645584106
NEG_trNEGATIVE74136,0.03269985690712929
NEG_trNEGATIVE86577,0.16702254116535187
NEG_trNEGATIVE88682,0.015462559647858143
NEG_trNEGATIVE32585,0.04063311219215393
NEG_trNEGATIVE28072,0.030068201944231987
NEG_trNEGATIVE84148,0.01346452534198761
NEG_trNEGATIVE57331,0.1358853429555893
NEG_trNEGATIVE80014,0.00934856478124857
NEG_trNEGATIVE34855,0.01736796461045742
NEG_trNEGATIVE101659,0.9499830603599548
NEG_trNEGATIVE58105,0.42588573694229126
NEG_trNEGATIVE35956,0.025467952713370323
NEG_trNEGATIVE85485,0.08996767550706863
NEG_trNEGATIVE37677,0.9896160960197449
NEG_trNEGATIVE35293,0.042677152901887894
NEG_trNEGATIVE56456,0.06758899241685867
NEG_trNEGATIVE64622,0.01886085607111454
NEG_trNEGATIVE67849,0.34605294466018677
NEG_trNEGATIVE69416,0.23472635447978973
NEG_trNEGATIVE59656,0.9556470513343811
NEG_trNEGATIVE30395,0.17674341797828674
NEG_trNEGATIVE88015,0.5067624449729919
NEG_trNEGATIVE55106,0.6362246870994568
NEG_trNEGATIVE32942,0.038156647235155106
NEG_trNEGATIVE38441,0.8509432673454285
NEG_trNEGATIVE76548,0.05630618706345558
NEG_trNEGATIVE85695,0.011652462184429169
NEG_trNEGATIVE93278,0.36128270626068115
NEG_trNEGATIVE41970,0.009626735001802444
NEG_trNEGATIVE37162,0.009065933525562286
NEG_trNEGATIVE72919,0.028467712923884392
NEG_trNEGATIVE78641,0.16329407691955566
NEG_trNEGATIVE86307,0.9601458311080933
NEG_trNEGATIVE36313,0.12491082400083542
NEG_trNEGATIVE94724,0.9673272371292114
NEG_trNEGATIVE63153,0.22146494686603546
NEG_trNEGATIVE75403,0.055294860154390335
NEG_trNEGATIVE93455,0.01569477841258049
NEG_trNEGATIVE81762,0.009169808588922024
NEG_trNEGATIVE56964,0.025410881265997887
NEG_trNEGATIVE30558,0.24914738535881042
NEG_trNEGATIVE62722,0.10675155371427536
NEG_trNEGATIVE49028,0.09255238622426987
NEG_trNEGATIVE39535,0.9248890280723572
NEG_trNEGATIVE69152,0.021913280710577965
NEG_trNEGATIVE75873,0.0975341796875
NEG_trNEGATIVE95814,0.41452687978744507
NEG_trNEGATIVE85486,0.04056709259748459
NEG_trNEGATIVE64627,0.7337784767150879
NEG_trNEGATIVE95322,0.011377686634659767
NEG_trNEGATIVE63953,0.48512163758277893
NEG_trNEGATIVE79378,0.03554915264248848
NEG_trNEGATIVE100597,0.03933039307594299
NEG_trNEGATIVE99867,0.10729286074638367
NEG_trNEGATIVE45190,0.02310969866812229
NEG_trNEGATIVE57990,0.5044161677360535
NEG_trNEGATIVE68918,0.4935762584209442
NEG_trNEGATIVE40837,0.05291680991649628
NEG_trNEGATIVE62607,0.010868735611438751
NEG_trNEGATIVE44291,0.18763421475887299
NEG_trNEGATIVE95524,0.00905788317322731
NEG_trNEGATIVE38708,0.02692093327641487
NEG_trNEGATIVE33667,0.038262251764535904
NEG_trNEGATIVE31425,0.015717895701527596
NEG_trNEGATIVE100732,0.03088098205626011
NEG_trNEGATIVE66744,0.5330939888954163
NEG_trNEGATIVE68091,0.010922527872025967
NEG_trNEGATIVE29765,0.2866843640804291
NEG_trNEGATIVE41436,0.2837112545967102
NEG_trNEGATIVE41767,0.07535294443368912
NEG_trNEGATIVE33107,0.009232559241354465
NEG_trNEGATIVE86357,0.6571674942970276
NEG_trNEGATIVE42437,0.029180962592363358
NEG_trNEGATIVE52734,0.012808196246623993
NEG_trNEGATIVE49226,0.976040780544281
NEG_trNEGATIVE54316,0.9874395132064819
NEG_trNEGATIVE67706,0.08084983378648758
NEG_trNEGATIVE82152,0.009172794409096241
NEG_trNEGATIVE94366,0.3533047139644623
NEG_trNEGATIVE49099,0.2551415264606476
NEG_trNEGATIVE90287,0.009707463905215263
NEG_trNEGATIVE36022,0.9702039361000061
NEG_trNEGATIVE84418,0.045902837067842484
NEG_trNEGATIVE39865,0.2128489911556244
NEG_trNEGATIVE36843,0.0627613514661789
NEG_trNEGATIVE54169,0.9088408946990967
NEG_trNEGATIVE85222,0.01526565756648779
NEG_trNEGATIVE52843,0.009162645787000656
NEG_trNEGATIVE49686,0.557691216468811
NEG_trNEGATIVE84260,0.009658774361014366
NEG_trNEGATIVE87369,0.009267926216125488
NEG_trNEGATIVE66419,0.011685803532600403
NEG_trNEGATIVE48971,0.0755576565861702
NEG_trNEGATIVE98186,0.8584612607955933
NEG_trNEGATIVE40806,0.7716194987297058
NEG_trNEGATIVE62885,0.7008601427078247
NEG_trNEGATIVE70709,0.7585099935531616
NEG_trNEGATIVE58426,0.011377064511179924
NEG_trNEGATIVE91758,0.7415786385536194
NEG_trNEGATIVE78171,0.8464050889015198
NEG_trNEGATIVE81756,0.044379573315382004
NEG_trNEGATIVE72970,0.04253218322992325
NEG_trNEGATIVE68784,0.04448985680937767
NEG_trNEGATIVE49102,0.38901764154434204
NEG_trNEGATIVE55872,0.18328814208507538
NEG_trNEGATIVE92477,0.11857160925865173
NEG_trNEGATIVE45601,0.31825023889541626
NEG_trNEGATIVE45411,0.2926541268825531
NEG_trNEGATIVE53736,0.6872586607933044
NEG_trNEGATIVE100557,0.9797022342681885
NEG_trNEGATIVE76614,0.025829974561929703
NEG_trNEGATIVE30895,0.027523143216967583
NEG_trNEGATIVE43492,0.1434672325849533
NEG_trNEGATIVE57471,0.03397023305296898
NEG_trNEGATIVE75814,0.08474154770374298
NEG_trNEGATIVE92820,0.9882103204727173
NEG_trNEGATIVE71950,0.36799538135528564
NEG_trNEGATIVE61267,0.07819417119026184
NEG_trNEGATIVE58185,0.8771888017654419
NEG_trNEGATIVE47184,0.17656175792217255
NEG_trNEGATIVE94845,0.11318852007389069
NEG_trNEGATIVE32983,0.7013375759124756
NEG_trNEGATIVE77855,0.1901254951953888
NEG_trNEGATIVE58437,0.9794256687164307
NEG_trNEGATIVE40700,0.1205453872680664
NEG_trNEGATIVE49119,0.11836880445480347
NEG_trNEGATIVE35741,0.9396776556968689
NEG_trNEGATIVE93501,0.6732573509216309
NEG_trNEGATIVE86449,0.040411509573459625
NEG_trNEGATIVE43372,0.6470374464988708
NEG_trNEGATIVE53616,0.5894371867179871
NEG_trNEGATIVE93158,0.971885085105896
NEG_trNEGATIVE31754,0.9100984930992126
NEG_trNEGATIVE83836,0.21918617188930511
NEG_trNEGATIVE84728,0.010853643529117107
NEG_trNEGATIVE45874,0.04531170055270195
NEG_trNEGATIVE84700,0.5949045419692993
NEG_trNEGATIVE62769,0.13898485898971558
NEG_trNEGATIVE100128,0.12880581617355347
NEG_trNEGATIVE35980,0.33456283807754517
NEG_trNEGATIVE85598,0.2000328004360199
NEG_trNEGATIVE41853,0.00906280241906643
NEG_trNEGATIVE61460,0.7805275917053223
NEG_trNEGATIVE100471,0.05221566930413246
NEG_trNEGATIVE61195,0.09093066304922104
NEG_trNEGATIVE82738,0.026794971898198128
NEG_trNEGATIVE71788,0.043699171394109726
NEG_trNEGATIVE66355,0.03968319669365883
NEG_trNEGATIVE41228,0.2740437090396881
NEG_trNEGATIVE39311,0.029063792899250984
NEG_trNEGATIVE66743,0.026716768741607666
NEG_trNEGATIVE56893,0.5785888433456421
NEG_trNEGATIVE68881,0.02799907699227333
NEG_trNEGATIVE50779,0.2955358922481537
NEG_trNEGATIVE29717,0.34783318638801575
NEG_trNEGATIVE80275,0.09182249009609222
NEG_trNEGATIVE40124,0.04794079810380936
NEG_trNEGATIVE32120,0.30171334743499756
NEG_trNEGATIVE36243,0.3884594142436981
NEG_trNEGATIVE73371,0.7994145750999451
NEG_trNEGATIVE67118,0.2863943874835968
NEG_trNEGATIVE80242,0.9764721989631653
NEG_trNEGATIVE37865,0.07404810190200806
NEG_trNEGATIVE75701,0.056541647762060165
NEG_trNEGATIVE86257,0.009288961067795753
NEG_trNEGATIVE99841,0.017365938052535057
NEG_trNEGATIVE72732,0.5575631260871887
NEG_trNEGATIVE79000,0.14346545934677124
NEG_trNEGATIVE76034,0.06294353306293488
NEG_trNEGATIVE86175,0.5955682992935181
NEG_trNEGATIVE89575,0.35187333822250366
NEG_trNEGATIVE53683,0.18193340301513672
NEG_trNEGATIVE72233,0.04306519776582718
NEG_trNEGATIVE51003,0.37584125995635986
NEG_trNEGATIVE31738,0.04119234159588814
NEG_trNEGATIVE74362,0.009263596497476101
NEG_trNEGATIVE49294,0.16487117111682892
NEG_trNEGATIVE34866,0.08629272133111954
NEG_trNEGATIVE59109,0.032214149832725525
NEG_trNEGATIVE37994,0.05426850914955139
NEG_trNEGATIVE40701,0.348249614238739
NEG_trNEGATIVE82858,0.1666322946548462
NEG_trNEGATIVE67177,0.8164421319961548
NEG_trNEGATIVE29979,0.2716192901134491
NEG_trNEGATIVE55812,0.7431759834289551
NEG_trNEGATIVE49295,0.13149619102478027
NEG_trNEGATIVE55732,0.014315685257315636
NEG_trNEGATIVE49953,0.18388128280639648
NEG_trNEGATIVE67937,0.035581279546022415
NEG_trNEGATIVE87497,0.04303624853491783
NEG_trNEGATIVE33974,0.02219565398991108
NEG_trNEGATIVE72212,0.2464483380317688
NEG_trNEGATIVE64605,0.7307898998260498
NEG_trNEGATIVE44350,0.0718531459569931
NEG_trNEGATIVE34705,0.9871366024017334
NEG_trNEGATIVE78334,0.01208433322608471
NEG_trNEGATIVE55633,0.9839308857917786
NEG_trNEGATIVE73101,0.2805422842502594
NEG_trNEGATIVE85004,0.04343012720346451
NEG_trNEGATIVE83538,0.4125880300998688
NEG_trNEGATIVE63840,0.012623284943401814
NEG_trNEGATIVE48929,0.5031746029853821
NEG_trNEGATIVE69895,0.8505972623825073
NEG_trNEGATIVE83341,0.022498270496726036
NEG_trNEGATIVE82469,0.05478890240192413
NEG_trNEGATIVE63123,0.9144460558891296
NEG_trNEGATIVE77826,0.01877245493233204
NEG_trNEGATIVE31632,0.009540916420519352
NEG_trNEGATIVE27874,0.053227588534355164
NEG_trNEGATIVE43416,0.027857663109898567
NEG_trNEGATIVE61323,0.14123305678367615
NEG_trNEGATIVE97816,0.12730853259563446
NEG_trNEGATIVE101852,0.023386403918266296
NEG_trNEGATIVE93625,0.02468712069094181
NEG_trNEGATIVE47940,0.02211461402475834
NEG_trNEGATIVE97667,0.014447269029915333
NEG_trNEGATIVE38649,0.009749377146363258
NEG_trNEGATIVE38748,0.041317202150821686
NEG_trNEGATIVE81452,0.016422152519226074
NEG_trNEGATIVE31363,0.009057411924004555
NEG_trNEGATIVE32913,0.4959007501602173
NEG_trNEGATIVE41366,0.08793015033006668
NEG_trNEGATIVE37553,0.8036409616470337
NEG_trNEGATIVE69310,0.056180547922849655
NEG_trNEGATIVE102632,0.04222870245575905
NEG_trNEGATIVE96459,0.02364352159202099
NEG_trNEGATIVE77840,0.6651625037193298
NEG_trNEGATIVE31786,0.04920988529920578
NEG_trNEGATIVE51240,0.01604112610220909
NEG_trNEGATIVE56509,0.009984380565583706
NEG_trNEGATIVE76165,0.015370817855000496
NEG_trNEGATIVE79963,0.01397010125219822
NEG_trNEGATIVE74050,0.011325131170451641
NEG_trNEGATIVE58867,0.031474798917770386
NEG_trNEGATIVE54571,0.014715305529534817
NEG_trNEGATIVE37239,0.035957932472229004
NEG_trNEGATIVE93250,0.9906076788902283
NEG_trNEGATIVE94390,0.10187256336212158
NEG_trNEGATIVE67819,0.009121839888393879
NEG_trNEGATIVE74350,0.35459890961647034
NEG_trNEGATIVE35751,0.16578759253025055
NEG_trNEGATIVE74586,0.009154008701443672
NEG_trNEGATIVE66672,0.009107580408453941
NEG_trNEGATIVE52176,0.19339941442012787
NEG_trNEGATIVE76509,0.009264822117984295
NEG_trNEGATIVE86340,0.009052140638232231
NEG_trNEGATIVE38596,0.34228143095970154
NEG_trNEGATIVE81501,0.04368485510349274
NEG_trNEGATIVE70799,0.056106649339199066
NEG_trNEGATIVE75934,0.11457832902669907
NEG_trNEGATIVE57256,0.16367481648921967
NEG_trNEGATIVE94123,0.2767477035522461
NEG_trNEGATIVE77417,0.04536512494087219
NEG_trNEGATIVE43149,0.7375730276107788
NEG_trNEGATIVE54166,0.6429592967033386
NEG_trNEGATIVE40981,0.038690272718667984
NEG_trNEGATIVE62365,0.010163558647036552
NEG_trNEGATIVE98767,0.018749238923192024
NEG_trNEGATIVE98813,0.16582414507865906
NEG_trNEGATIVE62233,0.08854269236326218
NEG_trNEGATIVE48170,0.39017254114151
NEG_trNEGATIVE86746,0.010523325763642788
NEG_trNEGATIVE67798,0.8312378525733948
NEG_trNEGATIVE72718,0.5097131133079529
NEG_trNEGATIVE31139,0.9835842847824097
NEG_trNEGATIVE80564,0.036333922296762466
NEG_trNEGATIVE73770,0.10613404214382172
NEG_trNEGATIVE100459,0.011194930411875248
NEG_trNEGATIVE87907,0.04005875438451767
NEG_trNEGATIVE66234,0.2866106331348419
NEG_trNEGATIVE46751,0.19225332140922546
NEG_trNEGATIVE63442,0.6005856990814209
NEG_trNEGATIVE86402,0.45318496227264404
NEG_trNEGATIVE54977,0.010129803791642189
NEG_trNEGATIVE74817,0.024434415623545647
NEG_trNEGATIVE54856,0.03389620780944824
NEG_trNEGATIVE73314,0.5260550379753113
NEG_trNEGATIVE29806,0.6295775771141052
NEG_trNEGATIVE86228,0.4214833378791809
NEG_trNEGATIVE67718,0.2777775824069977
NEG_trNEGATIVE39060,0.017887750640511513
NEG_trNEGATIVE48495,0.8986705541610718
NEG_trNEGATIVE57284,0.07600978016853333
NEG_trNEGATIVE63648,0.055847663432359695
NEG_trNEGATIVE98054,0.06319408118724823
NEG_trNEGATIVE95899,0.6910982728004456
NEG_trNEGATIVE56608,0.5805600881576538
NEG_trNEGATIVE63424,0.5626937747001648
NEG_trNEGATIVE79768,0.07528660446405411
NEG_trNEGATIVE31023,0.15678372979164124
NEG_trNEGATIVE72494,0.15962666273117065
NEG_trNEGATIVE88319,0.012630092911422253
NEG_trNEGATIVE51006,0.16089171171188354
NEG_trNEGATIVE32881,0.07342658191919327
NEG_trNEGATIVE43001,0.8383708000183105
NEG_trNEGATIVE79022,0.01381370984017849
NEG_trNEGATIVE32833,0.03268703445792198
NEG_trNEGATIVE88310,0.6453164219856262
NEG_trNEGATIVE59367,0.9306766986846924
NEG_trNEGATIVE77539,0.09763824194669724
NEG_trNEGATIVE51480,0.2406613528728485
NEG_trNEGATIVE80263,0.18811233341693878
NEG_trNEGATIVE36091,0.4844163656234741
NEG_trNEGATIVE92112,0.036276593804359436
NEG_trNEGATIVE47907,0.15761886537075043
NEG_trNEGATIVE60539,0.012893450446426868
NEG_trNEGATIVE33701,0.14080356061458588
NEG_trNEGATIVE59396,0.15116263926029205
NEG_trNEGATIVE102586,0.9805985689163208
NEG_trNEGATIVE54276,0.12122438102960587
NEG_trNEGATIVE56053,0.015366612002253532
NEG_trNEGATIVE100036,0.21455560624599457
NEG_trNEGATIVE47173,0.032184451818466187
NEG_trNEGATIVE50634,0.0808599516749382
NEG_trNEGATIVE54051,0.05403708294034004
NEG_trNEGATIVE43083,0.08369691669940948
NEG_trNEGATIVE65378,0.47566625475883484
NEG_trNEGATIVE47670,0.012056585401296616
NEG_trNEGATIVE59360,0.3770595192909241
NEG_trNEGATIVE65755,0.9770901203155518
NEG_trNEGATIVE69507,0.6263160109519958
NEG_trNEGATIVE65200,0.9751021862030029
NEG_trNEGATIVE49274,0.5347452163696289
NEG_trNEGATIVE61130,0.024513354524970055
NEG_trNEGATIVE73663,0.02625003643333912
NEG_trNEGATIVE73717,0.09003780037164688
NEG_trNEGATIVE69794,0.8019433617591858
NEG_trNEGATIVE47812,0.011506548151373863
NEG_trNEGATIVE99819,0.6925283670425415
NEG_trNEGATIVE71492,0.13428790867328644
NEG_trNEGATIVE77648,0.9847756028175354
NEG_trNEGATIVE29638,0.0134439617395401
NEG_trNEGATIVE79697,0.9703329801559448
NEG_trNEGATIVE28727,0.043435193598270416
NEG_trNEGATIVE102540,0.04818161576986313
NEG_trNEGATIVE43269,0.10663196444511414
NEG_trNEGATIVE55926,0.009421966969966888
NEG_trNEGATIVE68699,0.212826207280159
NEG_trNEGATIVE38667,0.9871389865875244
NEG_trNEGATIVE28766,0.19250836968421936
NEG_trNEGATIVE83673,0.7994604706764221
NEG_trNEGATIVE87653,0.040982428938150406
NEG_trNEGATIVE73163,0.10835349559783936
NEG_trNEGATIVE57827,0.3590122163295746
NEG_trNEGATIVE72133,0.06177397072315216
NEG_trNEGATIVE102618,0.2024230808019638
NEG_trNEGATIVE69111,0.4258105158805847
NEG_trNEGATIVE45105,0.9205707311630249
NEG_trNEGATIVE43309,0.07521339505910873
NEG_trNEGATIVE73308,0.055581483989953995
NEG_trNEGATIVE101403,0.06062464043498039
NEG_trNEGATIVE74314,0.3366926908493042
NEG_trNEGATIVE60235,0.18218091130256653
NEG_trNEGATIVE43289,0.00981382466852665
NEG_trNEGATIVE92779,0.9841558933258057
NEG_trNEGATIVE100167,0.4746010899543762
NEG_trNEGATIVE75977,0.024860577657818794
NEG_trNEGATIVE72487,0.07832370698451996
NEG_trNEGATIVE66071,0.03282684087753296
NEG_trNEGATIVE63235,0.2603796422481537
NEG_trNEGATIVE100810,0.11927163600921631
NEG_trNEGATIVE65234,0.07213515043258667
NEG_trNEGATIVE54558,0.010113250464200974
NEG_trNEGATIVE29433,0.23494353890419006
NEG_trNEGATIVE39843,0.28016403317451477
NEG_trNEGATIVE94442,0.07835520803928375
NEG_trNEGATIVE55371,0.963600218296051
NEG_trNEGATIVE83986,0.9861674308776855
NEG_trNEGATIVE63422,0.014520376920700073
NEG_trNEGATIVE39288,0.03488543629646301
NEG_trNEGATIVE41599,0.9080962538719177
NEG_trNEGATIVE86670,0.9827513098716736
NEG_trNEGATIVE64614,0.32698532938957214
NEG_trNEGATIVE59152,0.9783388376235962
NEG_trNEGATIVE58934,0.009577130898833275
NEG_trNEGATIVE96532,0.012240329757332802
NEG_trNEGATIVE93966,0.17350724339485168
NEG_trNEGATIVE48977,0.34568503499031067
NEG_trNEGATIVE76022,0.018094675615429878
NEG_trNEGATIVE90812,0.0951707735657692
NEG_trNEGATIVE51754,0.09585824608802795
NEG_trNEGATIVE54201,0.02000032551586628
NEG_trNEGATIVE69028,0.1774446666240692
NEG_trNEGATIVE97753,0.970435619354248
NEG_trNEGATIVE79002,0.02671748213469982
NEG_trNEGATIVE82897,0.10804591327905655
NEG_trNEGATIVE92737,0.9744649529457092
NEG_trNEGATIVE98714,0.8135761022567749
NEG_trNEGATIVE71402,0.0542597733438015
NEG_trNEGATIVE55393,0.10062349587678909
NEG_trNEGATIVE33929,0.029351690784096718
NEG_trNEGATIVE43205,0.010902831330895424
NEG_trNEGATIVE41590,0.45554521679878235
NEG_trNEGATIVE74554,0.47867652773857117
NEG_trNEGATIVE66150,0.038092803210020065
NEG_trNEGATIVE52592,0.08575399965047836
NEG_trNEGATIVE76739,0.924325168132782
NEG_trNEGATIVE68769,0.07417361438274384
NEG_trNEGATIVE67399,0.9338349103927612
NEG_trNEGATIVE67478,0.7846276760101318
NEG_trNEGATIVE91358,0.09873490035533905
NEG_trNEGATIVE101626,0.8523757457733154
NEG_trNEGATIVE67572,0.009322155267000198
NEG_trNEGATIVE52108,0.015747830271720886
NEG_trNEGATIVE83418,0.03238123655319214
NEG_trNEGATIVE64485,0.1445569396018982
NEG_trNEGATIVE67302,0.8192862272262573
NEG_trNEGATIVE91442,0.21240021288394928
NEG_trNEGATIVE70219,0.3566756844520569
NEG_trNEGATIVE78874,0.8191412091255188
NEG_trNEGATIVE84891,0.48647862672805786
NEG_trNEGATIVE97970,0.07525646686553955
NEG_trNEGATIVE52643,0.9883995652198792
NEG_trNEGATIVE74499,0.14880768954753876
NEG_trNEGATIVE55038,0.039416439831256866
NEG_trNEGATIVE91779,0.500373363494873
NEG_trNEGATIVE33791,0.10130102932453156
NEG_trNEGATIVE87687,0.07199493795633316
NEG_trNEGATIVE97099,0.5594515204429626
NEG_trNEGATIVE35994,0.6828715205192566
NEG_trNEGATIVE67547,0.2964087724685669
NEG_trNEGATIVE82900,0.011285556480288506
NEG_trNEGATIVE101754,0.9745534658432007
NEG_trNEGATIVE52292,0.8640210032463074
NEG_trNEGATIVE34880,0.11181947588920593
NEG_trNEGATIVE93241,0.022382428869605064
NEG_trNEGATIVE65579,0.05617823079228401
NEG_trNEGATIVE97211,0.32904747128486633
NEG_trNEGATIVE75841,0.9774956703186035
NEG_trNEGATIVE29873,0.9805771708488464
NEG_trNEGATIVE66877,0.009573260322213173
NEG_trNEGATIVE57038,0.17286430299282074
NEG_trNEGATIVE63175,0.9904327988624573
NEG_trNEGATIVE37087,0.09241777658462524
NEG_trNEGATIVE67554,0.12516947090625763
NEG_trNEGATIVE31350,0.02266843430697918
NEG_trNEGATIVE101535,0.252739280462265
NEG_trNEGATIVE85904,0.4361175000667572
NEG_trNEGATIVE93188,0.012046576477587223
NEG_trNEGATIVE87146,0.009523929096758366
NEG_trNEGATIVE31154,0.9588261246681213
NEG_trNEGATIVE58387,0.9307628870010376
NEG_trNEGATIVE71111,0.9878384470939636
NEG_trNEGATIVE29074,0.879001259803772
NEG_trNEGATIVE44184,0.010991000570356846
NEG_trNEGATIVE40882,0.2309490591287613
NEG_trNEGATIVE45046,0.9341965913772583
NEG_trNEGATIVE65262,0.1177210658788681
NEG_trNEGATIVE100757,0.041919365525245667
NEG_trNEGATIVE36159,0.025550615042448044
NEG_trNEGATIVE95587,0.016472987830638885
NEG_trNEGATIVE102107,0.22968199849128723
NEG_trNEGATIVE30871,0.6028633713722229
NEG_trNEGATIVE68110,0.015359736979007721
NEG_trNEGATIVE39771,0.8668030500411987
NEG_trNEGATIVE83324,0.2207658290863037
NEG_trNEGATIVE98952,0.2773883044719696
NEG_trNEGATIVE67017,0.06792960315942764
NEG_trNEGATIVE69892,0.022168105468153954
NEG_trNEGATIVE102528,0.3120254874229431
NEG_trNEGATIVE43769,0.10874950885772705
NEG_trNEGATIVE57636,0.0134934326633811
NEG_trNEGATIVE47180,0.18818195164203644
NEG_trNEGATIVE52150,0.09653034061193466
NEG_trNEGATIVE101787,0.009529711678624153
NEG_trNEGATIVE86860,0.013677263632416725
NEG_trNEGATIVE41337,0.07399017363786697
NEG_trNEGATIVE54090,0.018021440133452415
NEG_trNEGATIVE86371,0.2473526895046234
NEG_trNEGATIVE73050,0.021690063178539276
NEG_trNEGATIVE65938,0.16569645702838898
NEG_trNEGATIVE31683,0.2812637388706207
NEG_trNEGATIVE95531,0.8313246369361877
NEG_trNEGATIVE71135,0.988771378993988
NEG_trNEGATIVE33363,0.0743442252278328
NEG_trNEGATIVE99842,0.15362101793289185
NEG_trNEGATIVE71456,0.9776665568351746
NEG_trNEGATIVE94976,0.02295386791229248
NEG_trNEGATIVE66639,0.022492174059152603
NEG_trNEGATIVE54614,0.24366357922554016
NEG_trNEGATIVE64337,0.010851170867681503
NEG_trNEGATIVE40119,0.37667348980903625
NEG_trNEGATIVE93710,0.1950581818819046
NEG_trNEGATIVE75698,0.010024135932326317
NEG_trNEGATIVE67122,0.2651856243610382
NEG_trNEGATIVE62442,0.5851929783821106
NEG_trNEGATIVE31426,0.13931483030319214
NEG_trNEGATIVE59972,0.19263184070587158
NEG_trNEGATIVE73751,0.08662252128124237
NEG_trNEGATIVE56119,0.18238510191440582
NEG_trNEGATIVE70858,0.037472158670425415
NEG_trNEGATIVE101693,0.009563467465341091
NEG_trNEGATIVE58580,0.04143781587481499
NEG_trNEGATIVE61764,0.057784564793109894
NEG_trNEGATIVE52493,0.18547137081623077
NEG_trNEGATIVE60757,0.3738030195236206
NEG_trNEGATIVE42689,0.16667093336582184
NEG_trNEGATIVE100526,0.8630892634391785
NEG_trNEGATIVE56364,0.09548340737819672
NEG_trNEGATIVE34897,0.07055965811014175
NEG_trNEGATIVE67888,0.4429474472999573
NEG_trNEGATIVE86192,0.6420102715492249
NEG_trNEGATIVE42891,0.7556488513946533
NEG_trNEGATIVE46370,0.022444337606430054
NEG_trNEGATIVE58145,0.1912143975496292
NEG_trNEGATIVE56790,0.9626308083534241
NEG_trNEGATIVE99554,0.010018909350037575
NEG_trNEGATIVE96678,0.0529516227543354
NEG_trNEGATIVE54933,0.100798599421978
NEG_trNEGATIVE72340,0.03422258794307709
NEG_trNEGATIVE44328,0.23532110452651978
NEG_trNEGATIVE54542,0.03393910825252533
NEG_trNEGATIVE66470,0.021450024098157883
NEG_trNEGATIVE73114,0.07204953581094742
NEG_trNEGATIVE75069,0.8468019366264343
NEG_trNEGATIVE32398,0.028651880100369453
NEG_trNEGATIVE42245,0.3836683928966522
NEG_trNEGATIVE42246,0.9250414967536926
NEG_trNEGATIVE94625,0.029816366732120514
NEG_trNEGATIVE91690,0.062125276774168015
NEG_trNEGATIVE90306,0.02165951021015644
NEG_trNEGATIVE93174,0.062046073377132416
NEG_trNEGATIVE54445,0.13074451684951782
NEG_trNEGATIVE91052,0.01440844964236021
NEG_trNEGATIVE39300,0.06552290916442871
NEG_trNEGATIVE32307,0.024522386491298676
NEG_trNEGATIVE41236,0.06250976026058197
NEG_trNEGATIVE54218,0.011204219423234463
NEG_trNEGATIVE55193,0.029801959171891212
NEG_trNEGATIVE70954,0.3643379211425781
NEG_trNEGATIVE78381,0.01879926770925522
NEG_trNEGATIVE102431,0.986054003238678
NEG_trNEGATIVE58242,0.03790895268321037
NEG_trNEGATIVE56407,0.9635146856307983
NEG_trNEGATIVE50991,0.009930641390383244
NEG_trNEGATIVE89184,0.012437636964023113
NEG_trNEGATIVE28289,0.06282192468643188
NEG_trNEGATIVE78727,0.01585131138563156
NEG_trNEGATIVE89412,0.027838338166475296
NEG_trNEGATIVE44020,0.009640692733228207
NEG_trNEGATIVE89435,0.038178134709596634
NEG_trNEGATIVE37673,0.043335553258657455
NEG_trNEGATIVE34588,0.11807963997125626
NEG_trNEGATIVE38811,0.4672996997833252
NEG_trNEGATIVE61196,0.04441413655877113
NEG_trNEGATIVE44542,0.08930715918540955
NEG_trNEGATIVE68693,0.30103880167007446
NEG_trNEGATIVE40708,0.011924070306122303
NEG_trNEGATIVE98272,0.9530940651893616
NEG_trNEGATIVE101834,0.00966912042349577
NEG_trNEGATIVE44166,0.009244809858500957
NEG_trNEGATIVE38051,0.03548924997448921
NEG_trNEGATIVE77200,0.8017717599868774
NEG_trNEGATIVE64771,0.462245911359787
NEG_trNEGATIVE46566,0.08167478442192078
NEG_trNEGATIVE62459,0.09758775681257248
NEG_trNEGATIVE37395,0.8313990235328674
NEG_trNEGATIVE79954,0.8269008994102478
NEG_trNEGATIVE33314,0.11652542650699615
NEG_trNEGATIVE38243,0.06696317344903946
NEG_trNEGATIVE33669,0.551923930644989
NEG_trNEGATIVE51184,0.9820286631584167
NEG_trNEGATIVE52524,0.3602949380874634
NEG_trNEGATIVE46184,0.04435691609978676
NEG_trNEGATIVE54007,0.9569260478019714
NEG_trNEGATIVE51900,0.17227290570735931
NEG_trNEGATIVE77963,0.05071444809436798
NEG_trNEGATIVE37599,0.014822064898908138
NEG_trNEGATIVE46860,0.030611321330070496
NEG_trNEGATIVE60329,0.06712383031845093
NEG_trNEGATIVE73194,0.013512825593352318
NEG_trNEGATIVE46198,0.014434359967708588
NEG_trNEGATIVE66120,0.009376688860356808
NEG_trNEGATIVE29263,0.012557491660118103
NEG_trNEGATIVE39877,0.02336214669048786
NEG_trNEGATIVE49883,0.8166027069091797
NEG_trNEGATIVE81941,0.03997013717889786
NEG_trNEGATIVE48056,0.1376166194677353
NEG_trNEGATIVE64980,0.06247705966234207
NEG_trNEGATIVE94877,0.02051134780049324
NEG_trNEGATIVE55385,0.24720725417137146
NEG_trNEGATIVE37753,0.04764466732740402
NEG_trNEGATIVE89242,0.01775973290205002
NEG_trNEGATIVE30077,0.0090503403916955
NEG_trNEGATIVE70433,0.193373903632164
NEG_trNEGATIVE97641,0.013028034940361977
NEG_trNEGATIVE55595,0.018711185082793236
NEG_trNEGATIVE36784,0.02672610990703106
NEG_trNEGATIVE98355,0.17358934879302979
NEG_trNEGATIVE46050,0.009075663052499294
NEG_trNEGATIVE93549,0.07351797074079514
NEG_trNEGATIVE75989,0.4619176685810089
NEG_trNEGATIVE86563,0.010323327966034412
NEG_trNEGATIVE95603,0.15965455770492554
NEG_trNEGATIVE45334,0.69198077917099
NEG_trNEGATIVE50300,0.27920031547546387
NEG_trNEGATIVE62330,0.009324674494564533
NEG_trNEGATIVE96930,0.43327105045318604
NEG_trNEGATIVE45974,0.41742345690727234
NEG_trNEGATIVE72933,0.07609592378139496
NEG_trNEGATIVE81287,0.03602254390716553
NEG_trNEGATIVE66179,0.009796255268156528
NEG_trNEGATIVE99084,0.09098295122385025
NEG_trNEGATIVE41493,0.21167950332164764
NEG_trNEGATIVE56183,0.03432610630989075
NEG_trNEGATIVE97586,0.23757079243659973
NEG_trNEGATIVE68296,0.1032550036907196
NEG_trNEGATIVE41666,0.09967578947544098
NEG_trNEGATIVE54615,0.020919784903526306
NEG_trNEGATIVE51070,0.5678027272224426
NEG_trNEGATIVE62781,0.691840648651123
NEG_trNEGATIVE71358,0.05766169726848602
NEG_trNEGATIVE47409,0.987903892993927
NEG_trNEGATIVE100587,0.03244622424244881
NEG_trNEGATIVE94741,0.031947825103998184
NEG_trNEGATIVE44054,0.07410474866628647
NEG_trNEGATIVE62398,0.015342338010668755
NEG_trNEGATIVE65712,0.9807084202766418
NEG_trNEGATIVE74036,0.26673832535743713
NEG_trNEGATIVE55959,0.9584420323371887
NEG_trNEGATIVE42406,0.9652609825134277
NEG_trNEGATIVE84065,0.0727628618478775
NEG_trNEGATIVE64287,0.6382037401199341
NEG_trNEGATIVE44188,0.046701282262802124
NEG_trNEGATIVE69685,0.035688355565071106
NEG_trNEGATIVE93640,0.08891437202692032
NEG_trNEGATIVE87224,0.016409581527113914
NEG_trNEGATIVE84103,0.21684609353542328
NEG_trNEGATIVE76869,0.3423793911933899
NEG_trNEGATIVE76681,0.077689990401268
NEG_trNEGATIVE82168,0.02234947495162487
NEG_trNEGATIVE100438,0.12139515578746796
NEG_trNEGATIVE38372,0.0500217080116272
NEG_trNEGATIVE100407,0.21523991227149963
NEG_trNEGATIVE84128,0.063655786216259
NEG_trNEGATIVE39947,0.16177861392498016
NEG_trNEGATIVE49035,0.07635049521923065
NEG_trNEGATIVE69738,0.011416347697377205
NEG_trNEGATIVE91895,0.061353057622909546
NEG_trNEGATIVE97151,0.243862122297287
NEG_trNEGATIVE28269,0.281669944524765
NEG_trNEGATIVE62597,0.05643590912222862
NEG_trNEGATIVE30200,0.2628592252731323
NEG_trNEGATIVE96062,0.6848374009132385
NEG_trNEGATIVE43166,0.9819085597991943
NEG_trNEGATIVE69427,0.011804641224443913
NEG_trNEGATIVE92562,0.023587007075548172
NEG_trNEGATIVE95235,0.32955101132392883
NEG_trNEGATIVE63781,0.028148265555500984
NEG_trNEGATIVE69482,0.08983321487903595
NEG_trNEGATIVE92633,0.21947269141674042
NEG_trNEGATIVE43048,0.0633116289973259
NEG_trNEGATIVE57978,0.84818434715271
NEG_trNEGATIVE81616,0.15062569081783295
NEG_trNEGATIVE60542,0.045702043920755386
NEG_trNEGATIVE48937,0.233909472823143
NEG_trNEGATIVE68972,0.18025974929332733
NEG_trNEGATIVE90517,0.12131120264530182
NEG_trNEGATIVE81840,0.021520407870411873
NEG_trNEGATIVE102399,0.21295477449893951
NEG_trNEGATIVE86732,0.1845216304063797
NEG_trNEGATIVE93586,0.045269668102264404
NEG_trNEGATIVE51907,0.21039076149463654
NEG_trNEGATIVE54328,0.3745017349720001
NEG_trNEGATIVE56764,0.02883274480700493
NEG_trNEGATIVE91492,0.021510876715183258
NEG_trNEGATIVE40715,0.017595361918210983
NEG_trNEGATIVE87004,0.011810237541794777
NEG_trNEGATIVE92377,0.7069832682609558
NEG_trNEGATIVE67713,0.501890242099762
NEG_trNEGATIVE62117,0.09462261945009232
NEG_trNEGATIVE102227,0.5816336274147034
NEG_trNEGATIVE44108,0.02667362056672573
NEG_trNEGATIVE59694,0.01585543341934681
NEG_trNEGATIVE30674,0.011525982059538364
NEG_trNEGATIVE78337,0.8413724899291992
NEG_trNEGATIVE82630,0.11497844755649567
NEG_trNEGATIVE89663,0.020137887448072433
NEG_trNEGATIVE66214,0.47763803601264954
NEG_trNEGATIVE44822,0.788185179233551
NEG_trNEGATIVE61856,0.9654319882392883
NEG_trNEGATIVE47441,0.07675590366125107
NEG_trNEGATIVE36423,0.011241252534091473
NEG_trNEGATIVE100025,0.11127550899982452
NEG_trNEGATIVE74547,0.47831159830093384
NEG_trNEGATIVE45369,0.20237025618553162
NEG_trNEGATIVE81346,0.20628541707992554
NEG_trNEGATIVE33750,0.011400321498513222
NEG_trNEGATIVE86400,0.009532407857477665
NEG_trNEGATIVE86108,0.19000451266765594
NEG_trNEGATIVE74044,0.044700462371110916
NEG_trNEGATIVE82846,0.009576068259775639
NEG_trNEGATIVE98266,0.37143829464912415
NEG_trNEGATIVE80933,0.026393016800284386
NEG_trNEGATIVE53238,0.03180226311087608
NEG_trNEGATIVE99083,0.7201170921325684
NEG_trNEGATIVE86194,0.21994398534297943
NEG_trNEGATIVE29106,0.10904642194509506
NEG_trNEGATIVE27714,0.12165816128253937
NEG_trNEGATIVE95786,0.025586800649762154
NEG_trNEGATIVE76435,0.08197329938411713
NEG_trNEGATIVE38661,0.8839282989501953
NEG_trNEGATIVE96827,0.7981645464897156
NEG_trNEGATIVE66427,0.022997112944722176
NEG_trNEGATIVE96663,0.2061031311750412
NEG_trNEGATIVE54256,0.012090563774108887
NEG_trNEGATIVE33201,0.736017107963562
NEG_trNEGATIVE56510,0.20095962285995483
NEG_trNEGATIVE73214,0.5687406063079834
NEG_trNEGATIVE70393,0.04246148839592934
NEG_trNEGATIVE84468,0.15198056399822235
NEG_trNEGATIVE100349,0.009080233983695507
NEG_trNEGATIVE53434,0.05594159662723541
NEG_trNEGATIVE92908,0.06909507513046265
NEG_trNEGATIVE35325,0.5896393656730652
NEG_trNEGATIVE100274,0.7990632057189941
NEG_trNEGATIVE66279,0.9591372609138489
NEG_trNEGATIVE82038,0.09505670517683029
NEG_trNEGATIVE62646,0.4301888346672058
NEG_trNEGATIVE47499,0.5241928696632385
NEG_trNEGATIVE66559,0.021351240575313568
NEG_trNEGATIVE100406,0.03636366128921509
NEG_trNEGATIVE68036,0.12589047849178314
NEG_trNEGATIVE34559,0.013975987210869789
NEG_trNEGATIVE65238,0.027149811387062073
NEG_trNEGATIVE78551,0.04049193486571312
NEG_trNEGATIVE75588,0.9091053009033203
NEG_trNEGATIVE90691,0.11921758204698563
NEG_trNEGATIVE75146,0.18882320821285248
NEG_trNEGATIVE80150,0.6459380984306335
NEG_trNEGATIVE54669,0.011873831041157246
NEG_trNEGATIVE94714,0.960641086101532
NEG_trNEGATIVE39101,0.6209974884986877
NEG_trNEGATIVE47972,0.8623272776603699
NEG_trNEGATIVE41199,0.2851974368095398
NEG_trNEGATIVE41496,0.03877773880958557
NEG_trNEGATIVE75850,0.06151789054274559
NEG_trNEGATIVE46541,0.9906665086746216
NEG_trNEGATIVE36846,0.9758498668670654
NEG_trNEGATIVE40495,0.06224769353866577
NEG_trNEGATIVE33599,0.38331133127212524
NEG_trNEGATIVE34465,0.1262337565422058
NEG_trNEGATIVE93957,0.009942115284502506
NEG_trNEGATIVE42856,0.10189881920814514
NEG_trNEGATIVE44007,0.23285821080207825
NEG_trNEGATIVE93950,0.6601470112800598
NEG_trNEGATIVE71467,0.18811972439289093
NEG_trNEGATIVE67008,0.06558389961719513
NEG_trNEGATIVE50364,0.036225493997335434
NEG_trNEGATIVE86735,0.11248879879713058
NEG_trNEGATIVE43021,0.13574063777923584
NEG_trNEGATIVE85508,0.9718430638313293
NEG_trNEGATIVE54081,0.2551593482494354
NEG_trNEGATIVE38389,0.012085113674402237
NEG_trNEGATIVE89775,0.06045597791671753
NEG_trNEGATIVE51987,0.02670891210436821
NEG_trNEGATIVE85179,0.7827320694923401
NEG_trNEGATIVE51921,0.8931785821914673
NEG_trNEGATIVE45623,0.01017159316688776
NEG_trNEGATIVE50700,0.02136513590812683
NEG_trNEGATIVE100950,0.21313738822937012
NEG_trNEGATIVE95757,0.13377493619918823
NEG_trNEGATIVE74148,0.2607393264770508
NEG_trNEGATIVE54604,0.5060288906097412
NEG_trNEGATIVE45476,0.023107925429940224
NEG_trNEGATIVE31502,0.13719166815280914
NEG_trNEGATIVE30341,0.029780864715576172
NEG_trNEGATIVE85642,0.9215493202209473
NEG_trNEGATIVE76408,0.009580514393746853
NEG_trNEGATIVE36706,0.3595012128353119
NEG_trNEGATIVE69068,0.05055925250053406
NEG_trNEGATIVE45125,0.012004783377051353
NEG_trNEGATIVE47186,0.9751601815223694
NEG_trNEGATIVE57112,0.25110843777656555
NEG_trNEGATIVE86575,0.05656558647751808
NEG_trNEGATIVE99379,0.019597267732024193
NEG_trNEGATIVE91199,0.1839589774608612
NEG_trNEGATIVE51464,0.019913962110877037
NEG_trNEGATIVE96450,0.03729374334216118
NEG_trNEGATIVE29147,0.9122182726860046
NEG_trNEGATIVE80602,0.05690954998135567
NEG_trNEGATIVE31569,0.2735672891139984
NEG_trNEGATIVE91869,0.35484182834625244
NEG_trNEGATIVE76957,0.09164772182703018
NEG_trNEGATIVE72460,0.029895184561610222
NEG_trNEGATIVE34266,0.01614343374967575
NEG_trNEGATIVE65647,0.3105500042438507
NEG_trNEGATIVE96265,0.04302413389086723
NEG_trNEGATIVE101449,0.7967759370803833
NEG_trNEGATIVE93217,0.0102608073502779
NEG_trNEGATIVE55418,0.5013229846954346
NEG_trNEGATIVE51737,0.028136495500802994
NEG_trNEGATIVE71868,0.17627492547035217
NEG_trNEGATIVE38842,0.035629890859127045
NEG_trNEGATIVE57032,0.6497732996940613
NEG_trNEGATIVE66583,0.10341711342334747
NEG_trNEGATIVE51382,0.016429919749498367
NEG_trNEGATIVE29278,0.014107960276305676
NEG_trNEGATIVE69193,0.010667657479643822
NEG_trNEGATIVE59975,0.032883480191230774
NEG_trNEGATIVE101322,0.026230204850435257
NEG_trNEGATIVE55791,0.07414013147354126
NEG_trNEGATIVE86493,0.010046988725662231
NEG_trNEGATIVE95360,0.040322672575712204
NEG_trNEGATIVE84177,0.23000545799732208
NEG_trNEGATIVE53289,0.04947824403643608
NEG_trNEGATIVE68121,0.07375721633434296
NEG_trNEGATIVE77659,0.1897590011358261
NEG_trNEGATIVE90688,0.6109803915023804
NEG_trNEGATIVE62701,0.23666758835315704
NEG_trNEGATIVE84774,0.16581016778945923
NEG_trNEGATIVE91438,0.06866011768579483
NEG_trNEGATIVE68057,0.17279937863349915
NEG_trNEGATIVE95401,0.7511539459228516
NEG_trNEGATIVE73932,0.07286592572927475
NEG_trNEGATIVE92723,0.017558909952640533
NEG_trNEGATIVE38411,0.018744919449090958
NEG_trNEGATIVE90902,0.1502537876367569
NEG_trNEGATIVE98833,0.11455579102039337
NEG_trNEGATIVE87696,0.6721286177635193
NEG_trNEGATIVE66324,0.03330208361148834
NEG_trNEGATIVE41460,0.9059663414955139
NEG_trNEGATIVE46631,0.08649023622274399
NEG_trNEGATIVE63158,0.28327229619026184
NEG_trNEGATIVE43280,0.02450481429696083
NEG_trNEGATIVE35045,0.050303373485803604
NEG_trNEGATIVE53731,0.9206171631813049
NEG_trNEGATIVE79147,0.04897952079772949
NEG_trNEGATIVE75112,0.2319021075963974
NEG_trNEGATIVE101069,0.4375913441181183
NEG_trNEGATIVE50606,0.3500116467475891
NEG_trNEGATIVE54369,0.18111780285835266
NEG_trNEGATIVE91162,0.36040517687797546
NEG_trNEGATIVE95270,0.14411374926567078
NEG_trNEGATIVE95251,0.31046760082244873
NEG_trNEGATIVE46438,0.42231839895248413
NEG_trNEGATIVE70245,0.32908764481544495
NEG_trNEGATIVE43838,0.9233128428459167
NEG_trNEGATIVE31955,0.009107528254389763
NEG_trNEGATIVE96170,0.01823502592742443
NEG_trNEGATIVE97530,0.13883274793624878
NEG_trNEGATIVE48559,0.32054629921913147
NEG_trNEGATIVE39968,0.03164809197187424
NEG_trNEGATIVE94451,0.013753744773566723
NEG_trNEGATIVE85755,0.045961085706949234
NEG_trNEGATIVE65709,0.055739875882864
NEG_trNEGATIVE79478,0.014811763539910316
NEG_trNEGATIVE75648,0.4505840539932251
NEG_trNEGATIVE66876,0.03213772177696228
NEG_trNEGATIVE85158,0.09039536118507385
NEG_trNEGATIVE41420,0.1419568806886673
NEG_trNEGATIVE98414,0.01792612485587597
NEG_trNEGATIVE38038,0.25010284781455994
NEG_trNEGATIVE72916,0.534782886505127
NEG_trNEGATIVE29042,0.01150816585868597
NEG_trNEGATIVE74391,0.01091676577925682
NEG_trNEGATIVE37142,0.01909508742392063
NEG_trNEGATIVE96853,0.420790433883667
NEG_trNEGATIVE41329,0.9707622528076172
NEG_trNEGATIVE74439,0.1361573338508606
NEG_trNEGATIVE78194,0.08276672661304474
NEG_trNEGATIVE48652,0.018069814890623093
NEG_trNEGATIVE48477,0.12121124565601349
NEG_trNEGATIVE37240,0.009095621295273304
NEG_trNEGATIVE91387,0.23547644913196564
NEG_trNEGATIVE62630,0.43185222148895264
NEG_trNEGATIVE51423,0.10985704511404037
NEG_trNEGATIVE45899,0.06185793876647949
NEG_trNEGATIVE74813,0.037674680352211
NEG_trNEGATIVE60221,0.12121886014938354
NEG_trNEGATIVE49584,0.16297389566898346
NEG_trNEGATIVE88351,0.7084978818893433
NEG_trNEGATIVE45538,0.5918225646018982
NEG_trNEGATIVE43304,0.07773240655660629
NEG_trNEGATIVE81621,0.18279428780078888
NEG_trNEGATIVE81159,0.09353069961071014
NEG_trNEGATIVE81431,0.5105981230735779
NEG_trNEGATIVE92558,0.33945927023887634
NEG_trNEGATIVE85572,0.013836040161550045
NEG_trNEGATIVE62529,0.04193681851029396
NEG_trNEGATIVE91780,0.0713527575135231
NEG_trNEGATIVE71123,0.9609047770500183
NEG_trNEGATIVE71329,0.5599421858787537
NEG_trNEGATIVE100536,0.1844964325428009
NEG_trNEGATIVE52836,0.04402472823858261
NEG_trNEGATIVE90980,0.48520585894584656
NEG_trNEGATIVE39270,0.9183498024940491
NEG_trNEGATIVE83402,0.03235020115971565
NEG_trNEGATIVE96572,0.15402252972126007
NEG_trNEGATIVE28970,0.04017360508441925
NEG_trNEGATIVE87777,0.298310250043869
NEG_trNEGATIVE88083,0.9531389474868774
NEG_trNEGATIVE38929,0.9097280502319336
NEG_trNEGATIVE40957,0.07894831895828247
NEG_trNEGATIVE64122,0.01190508995205164
NEG_trNEGATIVE60306,0.4170539975166321
NEG_trNEGATIVE39443,0.23468844592571259
NEG_trNEGATIVE66257,0.7617425322532654
NEG_trNEGATIVE101038,0.03971858322620392
NEG_trNEGATIVE59549,0.6653363704681396
NEG_trNEGATIVE28453,0.7585878372192383
NEG_trNEGATIVE52961,0.08680635690689087
NEG_trNEGATIVE67125,0.03695164620876312
NEG_trNEGATIVE73840,0.00908232107758522
NEG_trNEGATIVE70218,0.030874140560626984
NEG_trNEGATIVE76907,0.1315583735704422
NEG_trNEGATIVE92269,0.9649624228477478
NEG_trNEGATIVE28977,0.9796215891838074
NEG_trNEGATIVE73152,0.0663544312119484
NEG_trNEGATIVE84285,0.10907013714313507
NEG_trNEGATIVE28499,0.04077045992016792
NEG_trNEGATIVE68740,0.014377929270267487
NEG_trNEGATIVE53177,0.07180609554052353
NEG_trNEGATIVE70398,0.21178849041461945
NEG_trNEGATIVE48410,0.9890347719192505
NEG_trNEGATIVE55987,0.03458332642912865
NEG_trNEGATIVE72353,0.9868404269218445
NEG_trNEGATIVE76267,0.9799520373344421
NEG_trNEGATIVE68670,0.015511881560087204
NEG_trNEGATIVE68937,0.10177534073591232
NEG_trNEGATIVE47943,0.6881073713302612
NEG_trNEGATIVE52284,0.9857355356216431
NEG_trNEGATIVE31556,0.7802104949951172
NEG_trNEGATIVE92019,0.0683634802699089
NEG_trNEGATIVE64188,0.24330152571201324
NEG_trNEGATIVE100270,0.6721851229667664
NEG_trNEGATIVE53179,0.13973435759544373
NEG_trNEGATIVE99643,0.9342694878578186
NEG_trNEGATIVE87450,0.16807666420936584
NEG_trNEGATIVE69181,0.2975144684314728
NEG_trNEGATIVE82631,0.015032641589641571
NEG_trNEGATIVE48435,0.02796613983809948
NEG_trNEGATIVE60097,0.06934259831905365
NEG_trNEGATIVE35180,0.7207207679748535
NEG_trNEGATIVE79579,0.07825705409049988
NEG_trNEGATIVE94732,0.07744548469781876
NEG_trNEGATIVE70876,0.02879430167376995
NEG_trNEGATIVE45658,0.01597561128437519
NEG_trNEGATIVE52791,0.046377331018447876
NEG_trNEGATIVE34365,0.9658809900283813
NEG_trNEGATIVE33921,0.17703449726104736
NEG_trNEGATIVE79569,0.5295575857162476
NEG_trNEGATIVE44311,0.4470992088317871
NEG_trNEGATIVE77919,0.09794461727142334
NEG_trNEGATIVE92413,0.015188883990049362
NEG_trNEGATIVE92999,0.16442552208900452
NEG_trNEGATIVE54440,0.14355798065662384
NEG_trNEGATIVE66509,0.07315018773078918
NEG_trNEGATIVE83181,0.05788031965494156
NEG_trNEGATIVE38106,0.01747063547372818
NEG_trNEGATIVE29028,0.12470138072967529
NEG_trNEGATIVE98299,0.8020005226135254
NEG_trNEGATIVE92486,0.913608968257904
NEG_trNEGATIVE62352,0.0529707670211792
NEG_trNEGATIVE82442,0.03188372403383255
NEG_trNEGATIVE92531,0.1452919840812683
NEG_trNEGATIVE65258,0.047576818615198135
NEG_trNEGATIVE61117,0.10231497883796692
NEG_trNEGATIVE99910,0.725981593132019
NEG_trNEGATIVE28212,0.011294040828943253
NEG_trNEGATIVE64890,0.1697014421224594
NEG_trNEGATIVE76453,0.4053938090801239
NEG_trNEGATIVE91725,0.16175565123558044
NEG_trNEGATIVE38692,0.47988393902778625
NEG_trNEGATIVE83752,0.010883422568440437
NEG_trNEGATIVE68242,0.9419389963150024
NEG_trNEGATIVE39346,0.9424116611480713
NEG_trNEGATIVE63035,0.01433195173740387
NEG_trNEGATIVE96551,0.013103008270263672
NEG_trNEGATIVE74374,0.22889851033687592
NEG_trNEGATIVE89924,0.08732007443904877
NEG_trNEGATIVE57824,0.039599400013685226
NEG_trNEGATIVE34521,0.11108561605215073
NEG_trNEGATIVE78280,0.23875479400157928
NEG_trNEGATIVE81056,0.9279538989067078
NEG_trNEGATIVE53308,0.1758108288049698
NEG_trNEGATIVE85281,0.8407849073410034
NEG_trNEGATIVE64309,0.12594962120056152
NEG_trNEGATIVE68377,0.26618334650993347
NEG_trNEGATIVE46443,0.11206652969121933
NEG_trNEGATIVE32262,0.042605698108673096
NEG_trNEGATIVE97808,0.2054705023765564
NEG_trNEGATIVE67754,0.9458640813827515
NEG_trNEGATIVE48369,0.9345259070396423
NEG_trNEGATIVE48993,0.3345086872577667
NEG_trNEGATIVE72088,0.026396142318844795
NEG_trNEGATIVE62001,0.13892604410648346
NEG_trNEGATIVE92637,0.05027926340699196
NEG_trNEGATIVE99109,0.026308834552764893
NEG_trNEGATIVE58128,0.22873984277248383
NEG_trNEGATIVE75610,0.7875036001205444
NEG_trNEGATIVE83245,0.12423088401556015
NEG_trNEGATIVE92258,0.32996076345443726
NEG_trNEGATIVE70325,0.9602903127670288
NEG_trNEGATIVE63561,0.0941782295703888
NEG_trNEGATIVE61126,0.010801132768392563
NEG_trNEGATIVE59224,0.050443194806575775
NEG_trNEGATIVE86292,0.05594111606478691
NEG_trNEGATIVE33059,0.03167548030614853
NEG_trNEGATIVE53623,0.8596733808517456
NEG_trNEGATIVE88967,0.011547808535397053
NEG_trNEGATIVE53896,0.00906340591609478
NEG_trNEGATIVE100885,0.9619563221931458
NEG_trNEGATIVE67115,0.12845854461193085
NEG_trNEGATIVE68331,0.6773107051849365
NEG_trNEGATIVE33180,0.011642059311270714
NEG_trNEGATIVE63274,0.08888908475637436
NEG_trNEGATIVE78869,0.012010015547275543
NEG_trNEGATIVE50819,0.03538951650261879
NEG_trNEGATIVE51263,0.810632586479187
NEG_trNEGATIVE92647,0.9845996499061584
NEG_trNEGATIVE97553,0.12172200530767441
NEG_trNEGATIVE28063,0.09011340886354446
NEG_trNEGATIVE60832,0.010103489272296429
NEG_trNEGATIVE32960,0.025763915851712227
NEG_trNEGATIVE73505,0.12391670793294907
NEG_trNEGATIVE96848,0.7706990838050842
NEG_trNEGATIVE32688,0.02418799139559269
NEG_trNEGATIVE83935,0.017987612634897232
NEG_trNEGATIVE74570,0.08641835302114487
NEG_trNEGATIVE94052,0.009417700581252575
NEG_trNEGATIVE33493,0.025462577119469643
NEG_trNEGATIVE47131,0.9045706391334534
NEG_trNEGATIVE101883,0.42050668597221375
NEG_trNEGATIVE57649,0.1348101645708084
NEG_trNEGATIVE34739,0.3955170214176178
NEG_trNEGATIVE90468,0.12774786353111267
NEG_trNEGATIVE38561,0.12680940330028534
NEG_trNEGATIVE59119,0.019417501986026764
NEG_trNEGATIVE47677,0.5139918923377991
NEG_trNEGATIVE29206,0.03606664761900902
NEG_trNEGATIVE90076,0.10488885641098022
NEG_trNEGATIVE79162,0.03414871543645859
NEG_trNEGATIVE101793,0.13961808383464813
NEG_trNEGATIVE74602,0.2906205654144287
NEG_trNEGATIVE33049,0.22582975029945374
NEG_trNEGATIVE81720,0.1303330957889557
NEG_trNEGATIVE91353,0.1408749222755432
NEG_trNEGATIVE83730,0.8873492479324341
NEG_trNEGATIVE38759,0.8094229102134705
NEG_trNEGATIVE63918,0.9674835801124573
NEG_trNEGATIVE84575,0.06363245099782944
NEG_trNEGATIVE44225,0.8321831226348877
NEG_trNEGATIVE52704,0.03669476509094238
NEG_trNEGATIVE74887,0.2523055970668793
NEG_trNEGATIVE92972,0.974748969078064
NEG_trNEGATIVE76571,0.06306973099708557
NEG_trNEGATIVE91960,0.45310768485069275
NEG_trNEGATIVE41132,0.06322064995765686
NEG_trNEGATIVE28348,0.19679532945156097
NEG_trNEGATIVE35196,0.049024567008018494
NEG_trNEGATIVE79316,0.6498827934265137
NEG_trNEGATIVE92499,0.019902007654309273
NEG_trNEGATIVE102220,0.23486289381980896
NEG_trNEGATIVE54128,0.04565195366740227
NEG_trNEGATIVE63443,0.4855833351612091
NEG_trNEGATIVE99541,0.04227004200220108
NEG_trNEGATIVE28142,0.9704808592796326
NEG_trNEGATIVE97601,0.4971783757209778
NEG_trNEGATIVE46585,0.1179557740688324
NEG_trNEGATIVE62255,0.11472775042057037
NEG_trNEGATIVE101815,0.12550166249275208
NEG_trNEGATIVE89878,0.34434258937835693
NEG_trNEGATIVE76037,0.3087000250816345
NEG_trNEGATIVE55414,0.031033741310238838
NEG_trNEGATIVE34743,0.2265414446592331
NEG_trNEGATIVE100637,0.8934308886528015
NEG_trNEGATIVE99916,0.00925789587199688
NEG_trNEGATIVE29851,0.1304183155298233
NEG_trNEGATIVE28294,0.08412031829357147
NEG_trNEGATIVE38219,0.3212869465351105
NEG_trNEGATIVE63390,0.012099999003112316
NEG_trNEGATIVE47995,0.021648932248353958
NEG_trNEGATIVE32866,0.03466740623116493
NEG_trNEGATIVE75702,0.07028139382600784
NEG_trNEGATIVE81364,0.9874356389045715
NEG_trNEGATIVE47954,0.6605827212333679
NEG_trNEGATIVE55879,0.13123203814029694
NEG_trNEGATIVE76559,0.1959286481142044
NEG_trNEGATIVE93907,0.804317057132721
NEG_trNEGATIVE35611,0.02006218396127224
NEG_trNEGATIVE65140,0.6206133365631104
NEG_trNEGATIVE33057,0.009164235554635525
NEG_trNEGATIVE37469,0.07757297158241272
NEG_trNEGATIVE74378,0.04753400385379791
NEG_trNEGATIVE91791,0.23362240195274353
NEG_trNEGATIVE61721,0.25089824199676514
NEG_trNEGATIVE46947,0.2597089111804962
NEG_trNEGATIVE60873,0.07615922391414642
NEG_trNEGATIVE56951,0.12210896611213684
NEG_trNEGATIVE43350,0.9270819425582886
NEG_trNEGATIVE63055,0.1322001814842224
NEG_trNEGATIVE54749,0.010590925812721252
NEG_trNEGATIVE73014,0.9476639032363892
NEG_trNEGATIVE34247,0.13678216934204102
NEG_trNEGATIVE47424,0.22235891222953796
NEG_trNEGATIVE65270,0.20747274160385132
NEG_trNEGATIVE92838,0.3230113685131073
NEG_trNEGATIVE88830,0.37418389320373535
NEG_trNEGATIVE64185,0.1474216878414154
NEG_trNEGATIVE52563,0.00906816590577364
NEG_trNEGATIVE35578,0.024645358324050903
NEG_trNEGATIVE44475,0.01014112401753664
NEG_trNEGATIVE99186,0.11286325752735138
NEG_trNEGATIVE37455,0.24650982022285461
NEG_trNEGATIVE44511,0.1898598074913025
NEG_trNEGATIVE73260,0.025940315797924995
NEG_trNEGATIVE99755,0.022691205143928528
NEG_trNEGATIVE61813,0.17194682359695435
NEG_trNEGATIVE85498,0.12429966032505035
NEG_trNEGATIVE40770,0.013847686350345612
NEG_trNEGATIVE71242,0.5788626670837402
NEG_trNEGATIVE28729,0.1992596685886383
NEG_trNEGATIVE44478,0.6227616667747498
NEG_trNEGATIVE53638,0.0532943494617939
NEG_trNEGATIVE34049,0.9282035231590271
NEG_trNEGATIVE93589,0.014331923797726631
NEG_trNEGATIVE83115,0.019592389464378357
NEG_trNEGATIVE98688,0.037933897227048874
NEG_trNEGATIVE95518,0.11019639670848846
NEG_trNEGATIVE53682,0.784888505935669
NEG_trNEGATIVE91238,0.028680790215730667
NEG_trNEGATIVE96786,0.8281770944595337
NEG_trNEGATIVE98078,0.012449394911527634
NEG_trNEGATIVE53671,0.634060263633728
NEG_trNEGATIVE82387,0.3291451930999756
NEG_trNEGATIVE58375,0.2432270497083664
NEG_trNEGATIVE94215,0.051819607615470886
NEG_trNEGATIVE62684,0.10055278986692429
NEG_trNEGATIVE88327,0.11839993298053741
NEG_trNEGATIVE60702,0.9380732178688049
NEG_trNEGATIVE40811,0.04009252414107323
NEG_trNEGATIVE38801,0.014478751458227634
NEG_trNEGATIVE41723,0.14608989655971527
NEG_trNEGATIVE35927,0.04530220106244087
NEG_trNEGATIVE77167,0.40111324191093445
NEG_trNEGATIVE94440,0.01268271915614605
NEG_trNEGATIVE97143,0.20033611357212067
NEG_trNEGATIVE84775,0.7067063450813293
NEG_trNEGATIVE94435,0.20369672775268555
NEG_trNEGATIVE80226,0.04810279235243797
NEG_trNEGATIVE35346,0.15276476740837097
NEG_trNEGATIVE33029,0.05652545019984245
NEG_trNEGATIVE68813,0.034587763249874115
NEG_trNEGATIVE98093,0.3483029007911682
NEG_trNEGATIVE72654,0.013089238665997982
NEG_trNEGATIVE66632,0.11589106172323227
NEG_trNEGATIVE38813,0.7746518850326538
NEG_trNEGATIVE93682,0.318530410528183
NEG_trNEGATIVE91923,0.269839346408844
NEG_trNEGATIVE48094,0.45907062292099
NEG_trNEGATIVE100942,0.009287661872804165
NEG_trNEGATIVE64433,0.4970075786113739
NEG_trNEGATIVE32910,0.13754761219024658
NEG_trNEGATIVE38279,0.07728321105241776
NEG_trNEGATIVE68229,0.08166804164648056
NEG_trNEGATIVE76115,0.014001716859638691
NEG_trNEGATIVE95884,0.26100942492485046
NEG_trNEGATIVE61324,0.04480220377445221
NEG_trNEGATIVE30193,0.00916033424437046
NEG_trNEGATIVE32820,0.6818830370903015
NEG_trNEGATIVE78653,0.8349205255508423
NEG_trNEGATIVE73217,0.6415725946426392
NEG_trNEGATIVE66436,0.17402954399585724
NEG_trNEGATIVE84954,0.2907976806163788
NEG_trNEGATIVE40835,0.02072433941066265
NEG_trNEGATIVE35499,0.8585636019706726
NEG_trNEGATIVE48453,0.9748897552490234
NEG_trNEGATIVE45297,0.009375356137752533
NEG_trNEGATIVE48616,0.010099517181515694
NEG_trNEGATIVE43562,0.06214666739106178
NEG_trNEGATIVE82223,0.01743263192474842
NEG_trNEGATIVE98138,0.009066172875463963
NEG_trNEGATIVE33183,0.11115934699773788
NEG_trNEGATIVE75499,0.027208412066102028
NEG_trNEGATIVE35067,0.020370859652757645
NEG_trNEGATIVE89032,0.740917980670929
NEG_trNEGATIVE94258,0.89585942029953
NEG_trNEGATIVE81693,0.925377368927002
NEG_trNEGATIVE99382,0.014993881806731224
NEG_trNEGATIVE46101,0.29482781887054443
NEG_trNEGATIVE30204,0.11589047312736511
NEG_trNEGATIVE48025,0.29835399985313416
NEG_trNEGATIVE90769,0.020289314910769463
NEG_trNEGATIVE59172,0.009565848857164383
NEG_trNEGATIVE89053,0.12648659944534302
NEG_trNEGATIVE29766,0.22287285327911377
NEG_trNEGATIVE48846,0.027409696951508522
NEG_trNEGATIVE96629,0.11599794030189514
NEG_trNEGATIVE41373,0.964769721031189
NEG_trNEGATIVE63306,0.15924890339374542
NEG_trNEGATIVE91196,0.457681804895401
NEG_trNEGATIVE78543,0.34188294410705566
NEG_trNEGATIVE72754,0.012099046260118484
NEG_trNEGATIVE81255,0.08973141014575958
NEG_trNEGATIVE30708,0.04043333977460861
NEG_trNEGATIVE59299,0.014730149880051613
NEG_trNEGATIVE57946,0.23629532754421234
NEG_trNEGATIVE61136,0.07385887205600739
NEG_trNEGATIVE58051,0.15640433132648468
NEG_trNEGATIVE99486,0.2751261591911316
NEG_trNEGATIVE30974,0.1464802473783493
NEG_trNEGATIVE31511,0.4277184307575226
NEG_trNEGATIVE93264,0.009060125797986984
NEG_trNEGATIVE32204,0.009222087450325489
NEG_trNEGATIVE87739,0.7049665451049805
NEG_trNEGATIVE101204,0.982252299785614
NEG_trNEGATIVE79415,0.6069284081459045
NEG_trNEGATIVE56707,0.9787198901176453
NEG_trNEGATIVE98743,0.2516824007034302
NEG_trNEGATIVE51840,0.009750353172421455
NEG_trNEGATIVE28408,0.3992685079574585
NEG_trNEGATIVE30609,0.04381367191672325
NEG_trNEGATIVE72833,0.028968993574380875
NEG_trNEGATIVE36538,0.016572430729866028
NEG_trNEGATIVE39893,0.02369263768196106
NEG_trNEGATIVE80422,0.10823678970336914
NEG_trNEGATIVE29006,0.009503793902695179
NEG_trNEGATIVE49008,0.10434246063232422
NEG_trNEGATIVE36596,0.3388422131538391
NEG_trNEGATIVE64666,0.01116862241178751
NEG_trNEGATIVE68893,0.5657270550727844
NEG_trNEGATIVE88887,0.10412181168794632
NEG_trNEGATIVE94606,0.03936241194605827
NEG_trNEGATIVE74791,0.12266409397125244
NEG_trNEGATIVE90062,0.2324894219636917
NEG_trNEGATIVE62905,0.08411307632923126
NEG_trNEGATIVE27683,0.014788435772061348
NEG_trNEGATIVE82310,0.038417112082242966
NEG_trNEGATIVE43364,0.911768913269043
NEG_trNEGATIVE29672,0.046813447028398514
NEG_trNEGATIVE30448,0.0799841433763504
NEG_trNEGATIVE44968,0.550207793712616
NEG_trNEGATIVE52232,0.023672442883253098
NEG_trNEGATIVE50082,0.42725861072540283
NEG_trNEGATIVE56299,0.33358749747276306
NEG_trNEGATIVE33800,0.10673411190509796
NEG_trNEGATIVE96544,0.022983970120549202
NEG_trNEGATIVE61522,0.1365579217672348
NEG_trNEGATIVE78032,0.055072396993637085
NEG_trNEGATIVE40803,0.0497858002781868
NEG_trNEGATIVE97554,0.24268974363803864
NEG_trNEGATIVE72648,0.012941043823957443
NEG_trNEGATIVE102007,0.032166797667741776
NEG_trNEGATIVE67534,0.11029352247714996
NEG_trNEGATIVE85142,0.8347335457801819
NEG_trNEGATIVE46856,0.942072868347168
NEG_trNEGATIVE92382,0.17201580107212067
NEG_trNEGATIVE71548,0.10865974426269531
NEG_trNEGATIVE40127,0.7757370471954346
NEG_trNEGATIVE76642,0.028855422511696815
NEG_trNEGATIVE79827,0.0328577421605587
NEG_trNEGATIVE86452,0.965346097946167
NEG_trNEGATIVE101732,0.10365136712789536
NEG_trNEGATIVE47256,0.12256988137960434
NEG_trNEGATIVE76772,0.24823148548603058
NEG_trNEGATIVE84995,0.9066283702850342
NEG_trNEGATIVE60450,0.024689484387636185
NEG_trNEGATIVE89685,0.015093950554728508
NEG_trNEGATIVE98881,0.5244000554084778
NEG_trNEGATIVE81467,0.9465569257736206
NEG_trNEGATIVE88380,0.07762198895215988
NEG_trNEGATIVE75359,0.4802570343017578
NEG_trNEGATIVE50261,0.12808343768119812
NEG_trNEGATIVE46140,0.08273255825042725
NEG_trNEGATIVE96616,0.011312595568597317
NEG_trNEGATIVE83117,0.01319392304867506
NEG_trNEGATIVE56313,0.11262410134077072
NEG_trNEGATIVE36290,0.4694155156612396
NEG_trNEGATIVE66239,0.009237987920641899
NEG_trNEGATIVE34696,0.07705540955066681
NEG_trNEGATIVE69082,0.0516042523086071
NEG_trNEGATIVE41073,0.4232110381126404
NEG_trNEGATIVE87243,0.35246968269348145
NEG_trNEGATIVE97851,0.06497517228126526
NEG_trNEGATIVE75733,0.024561097845435143
NEG_trNEGATIVE47034,0.979527473449707
NEG_trNEGATIVE32509,0.029338018968701363
NEG_trNEGATIVE89192,0.06055586785078049
NEG_trNEGATIVE47472,0.39867615699768066
NEG_trNEGATIVE81083,0.9483624696731567
NEG_trNEGATIVE38773,0.04697602242231369
NEG_trNEGATIVE47060,0.018780553713440895
NEG_trNEGATIVE34723,0.054900314658880234
NEG_trNEGATIVE56490,0.03550988808274269
NEG_trNEGATIVE83357,0.24374936521053314
NEG_trNEGATIVE48506,0.4923256039619446
NEG_trNEGATIVE55818,0.01356424205005169
NEG_trNEGATIVE77128,0.009096226654946804
NEG_trNEGATIVE53643,0.8133984208106995
NEG_trNEGATIVE92077,0.0603879876434803
NEG_trNEGATIVE27518,0.028141306713223457
NEG_trNEGATIVE98189,0.016018306836485863
NEG_trNEGATIVE61977,0.26169103384017944
NEG_trNEGATIVE86188,0.06500130891799927
NEG_trNEGATIVE87976,0.09960982948541641
NEG_trNEGATIVE28779,0.01613091304898262
NEG_trNEGATIVE98612,0.5569009780883789
NEG_trNEGATIVE88762,0.18683840334415436
NEG_trNEGATIVE97154,0.0241670124232769
NEG_trNEGATIVE35872,0.06316056847572327
NEG_trNEGATIVE30451,0.3280760645866394
NEG_trNEGATIVE40170,0.011912024579942226
NEG_trNEGATIVE41041,0.2916010320186615
NEG_trNEGATIVE100695,0.1903878152370453
NEG_trNEGATIVE51856,0.02882121503353119
NEG_trNEGATIVE80072,0.5366882085800171
NEG_trNEGATIVE93804,0.07715218514204025
NEG_trNEGATIVE39927,0.159873828291893
NEG_trNEGATIVE93040,0.018650108948349953
NEG_trNEGATIVE52041,0.06055038049817085
NEG_trNEGATIVE83372,0.1002708449959755
NEG_trNEGATIVE80483,0.09973455965518951
NEG_trNEGATIVE64751,0.09536042809486389
NEG_trNEGATIVE64918,0.010853525251150131
NEG_trNEGATIVE39688,0.04720330238342285
NEG_trNEGATIVE78629,0.05943300575017929
NEG_trNEGATIVE101505,0.0351131446659565
NEG_trNEGATIVE48904,0.5894301533699036
NEG_trNEGATIVE65444,0.13652043044567108
NEG_trNEGATIVE27517,0.03210442513227463
NEG_trNEGATIVE75418,0.08693115413188934
NEG_trNEGATIVE82180,0.01229817420244217
NEG_trNEGATIVE91650,0.8716323971748352
NEG_trNEGATIVE29015,0.01287376694381237
NEG_trNEGATIVE62775,0.15050151944160461
NEG_trNEGATIVE101735,0.009066104888916016
NEG_trNEGATIVE78212,0.03229746222496033
NEG_trNEGATIVE85529,0.011052347719669342
NEG_trNEGATIVE61567,0.9903717041015625
NEG_trNEGATIVE82185,0.1432955414056778
NEG_trNEGATIVE71371,0.07922305911779404
NEG_trNEGATIVE97414,0.8820105195045471
NEG_trNEGATIVE54843,0.6645375490188599
NEG_trNEGATIVE35844,0.7190034985542297
NEG_trNEGATIVE78224,0.09510467201471329
NEG_trNEGATIVE69993,0.017213527113199234
NEG_trNEGATIVE56579,0.07858599722385406
NEG_trNEGATIVE84831,0.3689577579498291
NEG_trNEGATIVE68117,0.13773302733898163
NEG_trNEGATIVE48743,0.14381203055381775
NEG_trNEGATIVE33867,0.18954582512378693
NEG_trNEGATIVE61146,0.0955987274646759
NEG_trNEGATIVE84467,0.010691861622035503
NEG_trNEGATIVE73348,0.00906021986156702
NEG_trNEGATIVE34943,0.6627768874168396
NEG_trNEGATIVE50110,0.7460694909095764
NEG_trNEGATIVE48957,0.05720478668808937
NEG_trNEGATIVE59475,0.529026448726654
NEG_trNEGATIVE60389,0.966038167476654
NEG_trNEGATIVE96309,0.8572677373886108
NEG_trNEGATIVE92782,0.9717597365379333
NEG_trNEGATIVE76602,0.06148684769868851
NEG_trNEGATIVE67263,0.06575804203748703
NEG_trNEGATIVE88780,0.15852653980255127
NEG_trNEGATIVE100136,0.3694573640823364
NEG_trNEGATIVE98691,0.8747745156288147
NEG_trNEGATIVE101166,0.22632312774658203
NEG_trNEGATIVE41533,0.1228535994887352
NEG_trNEGATIVE69222,0.16376176476478577
NEG_trNEGATIVE66240,0.9529660940170288
NEG_trNEGATIVE46810,0.21032024919986725
NEG_trNEGATIVE50656,0.057461995631456375
NEG_trNEGATIVE79443,0.015780368819832802
NEG_trNEGATIVE46570,0.16163888573646545
NEG_trNEGATIVE29466,0.9699898958206177
NEG_trNEGATIVE48152,0.38992661237716675
NEG_trNEGATIVE35529,0.009743278846144676
NEG_trNEGATIVE36412,0.9510657787322998
NEG_trNEGATIVE78238,0.45343780517578125
NEG_trNEGATIVE52945,0.9902355074882507
NEG_trNEGATIVE75791,0.01850711926817894
NEG_trNEGATIVE89605,0.07344035804271698
NEG_trNEGATIVE63916,0.03793603181838989
NEG_trNEGATIVE90242,0.01787104457616806
NEG_trNEGATIVE67856,0.0350077860057354
NEG_trNEGATIVE54909,0.16243594884872437
NEG_trNEGATIVE77564,0.10071121156215668
NEG_trNEGATIVE98111,0.23262588679790497
NEG_trNEGATIVE36342,0.04272405058145523
NEG_trNEGATIVE31028,0.024020610377192497
NEG_trNEGATIVE60568,0.028186237439513206
NEG_trNEGATIVE31586,0.04583518207073212
NEG_trNEGATIVE62200,0.013135239481925964
NEG_trNEGATIVE69844,0.07346230745315552
NEG_trNEGATIVE52621,0.23533526062965393
NEG_trNEGATIVE60862,0.9794157147407532
NEG_trNEGATIVE78223,0.009539681486785412
NEG_trNEGATIVE63974,0.009934734553098679
NEG_trNEGATIVE86198,0.8868500590324402
NEG_trNEGATIVE49019,0.19442056119441986
NEG_trNEGATIVE61831,0.8076071739196777
NEG_trNEGATIVE47402,0.5936341285705566
NEG_trNEGATIVE30311,0.06647191941738129
NEG_trNEGATIVE42861,0.06681974232196808
NEG_trNEGATIVE92555,0.031378306448459625
NEG_trNEGATIVE39002,0.06472567468881607
NEG_trNEGATIVE75796,0.5580750703811646
NEG_trNEGATIVE98320,0.8119789361953735
NEG_trNEGATIVE65942,0.016448231413960457
NEG_trNEGATIVE66666,0.07978500425815582
NEG_trNEGATIVE57719,0.08432111144065857
NEG_trNEGATIVE88055,0.013955284841358662
NEG_trNEGATIVE96178,0.07721301913261414
NEG_trNEGATIVE77461,0.1038890853524208
NEG_trNEGATIVE64441,0.02282717265188694
NEG_trNEGATIVE43403,0.14900223910808563
NEG_trNEGATIVE38660,0.033882156014442444
NEG_trNEGATIVE79974,0.07816124707460403
NEG_trNEGATIVE48534,0.44681912660598755
NEG_trNEGATIVE61576,0.05450056120753288
NEG_trNEGATIVE43795,0.03820571303367615
NEG_trNEGATIVE53070,0.893819272518158
NEG_trNEGATIVE46818,0.022528978064656258
NEG_trNEGATIVE83887,0.2737182080745697
NEG_trNEGATIVE76478,0.5459063053131104
NEG_trNEGATIVE76283,0.6395740509033203
NEG_trNEGATIVE97549,0.07334426790475845
NEG_trNEGATIVE100776,0.24771051108837128
NEG_trNEGATIVE29613,0.04373554140329361
NEG_trNEGATIVE68863,0.01667744666337967
NEG_trNEGATIVE38220,0.053864166140556335
NEG_trNEGATIVE83022,0.7541747093200684
NEG_trNEGATIVE43444,0.011354630813002586
NEG_trNEGATIVE52630,0.747628390789032
NEG_trNEGATIVE82426,0.183770090341568
NEG_trNEGATIVE88363,0.9505568742752075
NEG_trNEGATIVE36602,0.034276314079761505
NEG_trNEGATIVE65566,0.009398430585861206
NEG_trNEGATIVE83037,0.8259377479553223
NEG_trNEGATIVE35832,0.2233750969171524
NEG_trNEGATIVE30993,0.033335600048303604
NEG_trNEGATIVE96486,0.07054094970226288
NEG_trNEGATIVE35985,0.009725990705192089
NEG_trNEGATIVE89666,0.07623724639415741
NEG_trNEGATIVE72619,0.9206588864326477
NEG_trNEGATIVE89507,0.05735388398170471
NEG_trNEGATIVE68337,0.02230091765522957
NEG_trNEGATIVE66057,0.1879468411207199
NEG_trNEGATIVE92336,0.02619892917573452
NEG_trNEGATIVE38900,0.028202233836054802
NEG_trNEGATIVE56170,0.3525427281856537
NEG_trNEGATIVE80635,0.5641869306564331
NEG_trNEGATIVE29468,0.151044562458992
NEG_trNEGATIVE33801,0.5711216330528259
NEG_trNEGATIVE101170,0.08414370566606522
NEG_trNEGATIVE82568,0.03260885551571846
NEG_trNEGATIVE41355,0.041523128747940063
NEG_trNEGATIVE41528,0.014149647206068039
NEG_trNEGATIVE83168,0.01012895442545414
NEG_trNEGATIVE69957,0.044191595166921616
NEG_trNEGATIVE84542,0.047348856925964355
NEG_trNEGATIVE75165,0.9378589391708374
NEG_trNEGATIVE99184,0.05422511324286461
NEG_trNEGATIVE41179,0.9784981608390808
NEG_trNEGATIVE84651,0.9828358888626099
NEG_trNEGATIVE76417,0.07913342863321304
NEG_trNEGATIVE52053,0.054087452590465546
NEG_trNEGATIVE47663,0.05140950158238411
NEG_trNEGATIVE29795,0.09391876310110092
NEG_trNEGATIVE35270,0.9853973984718323
NEG_trNEGATIVE76556,0.3518602252006531
NEG_trNEGATIVE91975,0.009445039555430412
NEG_trNEGATIVE61810,0.9736953973770142
NEG_trNEGATIVE28215,0.06529119610786438
NEG_trNEGATIVE55853,0.9611194729804993
NEG_trNEGATIVE85418,0.6566373705863953
NEG_trNEGATIVE96305,0.1866801530122757
NEG_trNEGATIVE93536,0.109470896422863
NEG_trNEGATIVE82299,0.019825216382741928
NEG_trNEGATIVE48868,0.041472602635622025
NEG_trNEGATIVE61673,0.09150778502225876
NEG_trNEGATIVE86660,0.4226592183113098
NEG_trNEGATIVE36269,0.038566574454307556
NEG_trNEGATIVE71921,0.06622491031885147
NEG_trNEGATIVE33959,0.13214688003063202
NEG_trNEGATIVE67705,0.009420524351298809
NEG_trNEGATIVE63376,0.08728977292776108
NEG_trNEGATIVE76530,0.011732143349945545
NEG_trNEGATIVE47718,0.985884964466095
NEG_trNEGATIVE75370,0.043541375547647476
NEG_trNEGATIVE67028,0.03223155438899994
NEG_trNEGATIVE43694,0.43775251507759094
NEG_trNEGATIVE47266,0.10846364498138428
NEG_trNEGATIVE36040,0.2820434868335724
NEG_trNEGATIVE70591,0.8286832571029663
NEG_trNEGATIVE32850,0.051157448440790176
NEG_trNEGATIVE32040,0.11867350339889526
NEG_trNEGATIVE40184,0.02132277376949787
NEG_trNEGATIVE60601,0.1086951345205307
NEG_trNEGATIVE91176,0.0276961512863636
NEG_trNEGATIVE33924,0.027619818225502968
NEG_trNEGATIVE42656,0.013316085562109947
NEG_trNEGATIVE38904,0.19742193818092346
NEG_trNEGATIVE87754,0.01665879599750042
NEG_trNEGATIVE60803,0.017194589599967003
NEG_trNEGATIVE48689,0.15168312191963196
NEG_trNEGATIVE101489,0.012376637198030949
NEG_trNEGATIVE65970,0.04332464188337326
NEG_trNEGATIVE49238,0.08402862399816513
NEG_trNEGATIVE50080,0.06872192025184631
NEG_trNEGATIVE75518,0.7405270934104919
NEG_trNEGATIVE47299,0.12989971041679382
NEG_trNEGATIVE40505,0.2663983702659607
NEG_trNEGATIVE67287,0.06212673708796501
NEG_trNEGATIVE30707,0.07334215193986893
NEG_trNEGATIVE96700,0.05883350968360901
NEG_trNEGATIVE87934,0.09010882675647736
NEG_trNEGATIVE39687,0.7743178009986877
NEG_trNEGATIVE77317,0.3481670916080475
NEG_trNEGATIVE52112,0.14604443311691284
NEG_trNEGATIVE84326,0.3807210326194763
NEG_trNEGATIVE61999,0.048494089394807816
NEG_trNEGATIVE102593,0.27466559410095215
NEG_trNEGATIVE31344,0.12774768471717834
NEG_trNEGATIVE32228,0.7301777601242065
NEG_trNEGATIVE87745,0.06764312833547592
NEG_trNEGATIVE41718,0.015278343111276627
NEG_trNEGATIVE53461,0.29140686988830566
NEG_trNEGATIVE98837,0.08925089240074158
NEG_trNEGATIVE44586,0.02031187154352665
NEG_trNEGATIVE82150,0.08142532408237457
NEG_trNEGATIVE85620,0.05939647555351257
NEG_trNEGATIVE80849,0.018396781757473946
NEG_trNEGATIVE85729,0.07340815663337708
NEG_trNEGATIVE35559,0.02585490792989731
NEG_trNEGATIVE85134,0.014469269663095474
NEG_trNEGATIVE76944,0.013565467670559883
NEG_trNEGATIVE66231,0.043871112167835236
NEG_trNEGATIVE58305,0.01730010285973549
NEG_trNEGATIVE98184,0.32705214619636536
NEG_trNEGATIVE89433,0.7399575114250183
NEG_trNEGATIVE69830,0.01867426373064518
NEG_trNEGATIVE64924,0.13084347546100616
NEG_trNEGATIVE74300,0.062314875423908234
NEG_trNEGATIVE94727,0.38561201095581055
NEG_trNEGATIVE68906,0.13951803743839264
NEG_trNEGATIVE84794,0.08309260755777359
NEG_trNEGATIVE63997,0.050412312150001526
NEG_trNEGATIVE75889,0.040630728006362915
NEG_trNEGATIVE83842,0.17728333175182343
NEG_trNEGATIVE80678,0.6081581711769104
NEG_trNEGATIVE34205,0.046827033162117004
NEG_trNEGATIVE84614,0.08180779218673706
NEG_trNEGATIVE34004,0.03400121629238129
NEG_trNEGATIVE57023,0.4979836046695709
NEG_trNEGATIVE43782,0.037371061742305756
NEG_trNEGATIVE63843,0.06773243099451065
NEG_trNEGATIVE78988,0.02013283781707287
NEG_trNEGATIVE59716,0.012240883894264698
NEG_trNEGATIVE100480,0.5073428750038147
NEG_trNEGATIVE80909,0.5536566376686096
NEG_trNEGATIVE80494,0.6661025881767273
NEG_trNEGATIVE39352,0.06522677093744278
NEG_trNEGATIVE45177,0.4870004653930664
NEG_trNEGATIVE54401,0.17287616431713104
NEG_trNEGATIVE91471,0.06861182302236557
NEG_trNEGATIVE35378,0.06617176532745361
NEG_trNEGATIVE49229,0.0584837943315506
NEG_trNEGATIVE84102,0.07557804137468338
NEG_trNEGATIVE77203,0.7916423082351685
NEG_trNEGATIVE34619,0.9819859266281128
NEG_trNEGATIVE50739,0.3895682394504547
NEG_trNEGATIVE97129,0.05178551748394966
NEG_trNEGATIVE78106,0.9644352197647095
NEG_trNEGATIVE43506,0.13221195340156555
NEG_trNEGATIVE91297,0.045599400997161865
NEG_trNEGATIVE69297,0.3952193558216095
NEG_trNEGATIVE38646,0.11350162327289581
NEG_trNEGATIVE77111,0.16162340342998505
NEG_trNEGATIVE68483,0.01660393364727497
NEG_trNEGATIVE38557,0.07204722613096237
NEG_trNEGATIVE80003,0.9198094010353088
NEG_trNEGATIVE69410,0.03264565020799637
NEG_trNEGATIVE86267,0.02136552892625332
NEG_trNEGATIVE80668,0.9815927147865295
NEG_trNEGATIVE28254,0.06292842328548431
NEG_trNEGATIVE86601,0.9539401531219482
NEG_trNEGATIVE89426,0.6098046898841858
NEG_trNEGATIVE83485,0.08019335567951202
NEG_trNEGATIVE28081,0.9869392514228821
NEG_trNEGATIVE62765,0.09828763455152512
NEG_trNEGATIVE64007,0.20090767741203308
NEG_trNEGATIVE70378,0.9478781223297119
NEG_trNEGATIVE29367,0.06710872054100037
NEG_trNEGATIVE28574,0.03285786136984825
NEG_trNEGATIVE92791,0.08835050463676453
NEG_trNEGATIVE62042,0.08664650470018387
NEG_trNEGATIVE76827,0.049209609627723694
NEG_trNEGATIVE94012,0.08095182478427887
NEG_trNEGATIVE77146,0.0657891109585762
NEG_trNEGATIVE82927,0.07763387262821198
NEG_trNEGATIVE76594,0.10899496078491211
NEG_trNEGATIVE96134,0.7178735733032227
NEG_trNEGATIVE84749,0.26283591985702515
NEG_trNEGATIVE82995,0.3363232910633087
NEG_trNEGATIVE52450,0.9629084467887878
NEG_trNEGATIVE76376,0.22398345172405243
NEG_trNEGATIVE71752,0.03238358348608017
NEG_trNEGATIVE82229,0.3390224277973175
NEG_trNEGATIVE74779,0.0566854365170002
NEG_trNEGATIVE93453,0.17955300211906433
NEG_trNEGATIVE63133,0.02239072509109974
NEG_trNEGATIVE65369,0.9884585738182068
NEG_trNEGATIVE44208,0.029550177976489067
NEG_trNEGATIVE82272,0.02388920821249485
NEG_trNEGATIVE77335,0.8258363604545593
NEG_trNEGATIVE90916,0.009084445424377918
NEG_trNEGATIVE34565,0.19356732070446014
NEG_trNEGATIVE85944,0.49832019209861755
NEG_trNEGATIVE54448,0.1441798210144043
NEG_trNEGATIVE54956,0.08407296240329742
NEG_trNEGATIVE38183,0.12666276097297668
NEG_trNEGATIVE72582,0.183156356215477
NEG_trNEGATIVE91577,0.021030643954873085
NEG_trNEGATIVE28009,0.03802772983908653
NEG_trNEGATIVE33548,0.45011529326438904
NEG_trNEGATIVE67226,0.03715135157108307
NEG_trNEGATIVE64864,0.11117270588874817
NEG_trNEGATIVE84051,0.06852277368307114
NEG_trNEGATIVE34800,0.1605827808380127
NEG_trNEGATIVE88328,0.8057328462600708
NEG_trNEGATIVE63176,0.6019096970558167
NEG_trNEGATIVE89608,0.7055813074111938
NEG_trNEGATIVE69595,0.019471317529678345
NEG_trNEGATIVE66921,0.34759965538978577
NEG_trNEGATIVE82509,0.9707494974136353
NEG_trNEGATIVE70735,0.3066239356994629
NEG_trNEGATIVE88995,0.07799893617630005
NEG_trNEGATIVE31618,0.023051874712109566
NEG_trNEGATIVE73079,0.1401439905166626
NEG_trNEGATIVE36276,0.9700180888175964
NEG_trNEGATIVE69422,0.08730924129486084
NEG_trNEGATIVE89652,0.9240742325782776
NEG_trNEGATIVE66734,0.03892603516578674
NEG_trNEGATIVE46694,0.009253773838281631
NEG_trNEGATIVE64549,0.011669646948575974
NEG_trNEGATIVE83958,0.5419533848762512
NEG_trNEGATIVE78027,0.3820963501930237
NEG_trNEGATIVE51555,0.06814255565404892
NEG_trNEGATIVE62602,0.13554862141609192
NEG_trNEGATIVE53295,0.15971492230892181
NEG_trNEGATIVE41051,0.06626173108816147
NEG_trNEGATIVE87306,0.246660977602005
NEG_trNEGATIVE75271,0.1080888882279396
NEG_trNEGATIVE80010,0.9640597701072693
NEG_trNEGATIVE90528,0.9653273820877075
NEG_trNEGATIVE87632,0.021557368338108063
NEG_trNEGATIVE81427,0.3477771282196045
NEG_trNEGATIVE46544,0.06460459530353546
NEG_trNEGATIVE41234,0.3131008446216583
NEG_trNEGATIVE65487,0.2461806684732437
NEG_trNEGATIVE69377,0.032301004976034164
NEG_trNEGATIVE62094,0.03871601074934006
NEG_trNEGATIVE84283,0.1433575600385666
NEG_trNEGATIVE58881,0.08781980723142624
NEG_trNEGATIVE63923,0.46784067153930664
NEG_trNEGATIVE53317,0.5830112099647522
NEG_trNEGATIVE76030,0.08315186947584152
NEG_trNEGATIVE61755,0.026775812730193138
NEG_trNEGATIVE48190,0.011176429688930511
NEG_trNEGATIVE45365,0.12843188643455505
NEG_trNEGATIVE96783,0.023704981431365013
NEG_trNEGATIVE77511,0.01068315003067255
NEG_trNEGATIVE77575,0.8209189176559448
NEG_trNEGATIVE67079,0.7499832510948181
NEG_trNEGATIVE73415,0.03366131708025932
NEG_trNEGATIVE38776,0.01742931641638279
NEG_trNEGATIVE64850,0.13349378108978271
NEG_trNEGATIVE35481,0.009628895670175552
NEG_trNEGATIVE99865,0.7876235842704773
NEG_trNEGATIVE53579,0.08412016183137894
NEG_trNEGATIVE68825,0.027243077754974365
NEG_trNEGATIVE90663,0.086511991918087
NEG_trNEGATIVE65057,0.05255098640918732
NEG_trNEGATIVE60363,0.43993306159973145
NEG_trNEGATIVE97128,0.1741757094860077
NEG_trNEGATIVE47562,0.9879936575889587
NEG_trNEGATIVE53618,0.11750155687332153
NEG_trNEGATIVE40193,0.2958974242210388
NEG_trNEGATIVE53496,0.010127968154847622
NEG_trNEGATIVE42219,0.6611889004707336
NEG_trNEGATIVE91130,0.042999494820833206
NEG_trNEGATIVE35273,0.22082559764385223
NEG_trNEGATIVE96832,0.22369910776615143
NEG_trNEGATIVE89035,0.010656098835170269
NEG_trNEGATIVE43208,0.011500736698508263
NEG_trNEGATIVE50481,0.8946086168289185
NEG_trNEGATIVE82228,0.03076379932463169
NEG_trNEGATIVE56686,0.14217285811901093
NEG_trNEGATIVE94174,0.9840266108512878
NEG_trNEGATIVE76623,0.06082864850759506
NEG_trNEGATIVE81147,0.9365464448928833
NEG_trNEGATIVE61980,0.01724497601389885
NEG_trNEGATIVE30650,0.8380663990974426
NEG_trNEGATIVE56788,0.9877642393112183
NEG_trNEGATIVE27956,0.07384350150823593
NEG_trNEGATIVE44042,0.05187869444489479
NEG_trNEGATIVE88445,0.0473080612719059
NEG_trNEGATIVE79317,0.9822234511375427
NEG_trNEGATIVE46226,0.06439049541950226
NEG_trNEGATIVE40321,0.3524005115032196
NEG_trNEGATIVE46025,0.896169126033783
NEG_trNEGATIVE99338,0.3440224230289459
NEG_trNEGATIVE77954,0.052092548459768295
NEG_trNEGATIVE74351,0.011777720414102077
NEG_trNEGATIVE74548,0.029227519407868385
NEG_trNEGATIVE85924,0.015702631324529648
NEG_trNEGATIVE101958,0.8467451930046082
NEG_trNEGATIVE71376,0.9907827973365784
NEG_trNEGATIVE40988,0.16256648302078247
NEG_trNEGATIVE85417,0.4511149227619171
NEG_trNEGATIVE57664,0.010380640625953674
NEG_trNEGATIVE46296,0.06372411549091339
NEG_trNEGATIVE52240,0.2929624617099762
NEG_trNEGATIVE66761,0.9060733318328857
NEG_trNEGATIVE78140,0.8880026340484619
NEG_trNEGATIVE89460,0.04391516372561455
NEG_trNEGATIVE73940,0.012310110963881016
NEG_trNEGATIVE53575,0.05170789361000061
NEG_trNEGATIVE80784,0.06775089353322983
NEG_trNEGATIVE33812,0.27648505568504333
NEG_trNEGATIVE86836,0.07489249110221863
NEG_trNEGATIVE74761,0.3283129036426544
NEG_trNEGATIVE77520,0.956419825553894
NEG_trNEGATIVE32047,0.25450456142425537
NEG_trNEGATIVE51320,0.038975123316049576
NEG_trNEGATIVE87343,0.09288736432790756
NEG_trNEGATIVE45217,0.9141778945922852
NEG_trNEGATIVE89574,0.02072819508612156
NEG_trNEGATIVE36328,0.07653993368148804
NEG_trNEGATIVE67977,0.48215964436531067
NEG_trNEGATIVE53270,0.0741647481918335
NEG_trNEGATIVE66055,0.015259330160915852
NEG_trNEGATIVE96445,0.024166172370314598
NEG_trNEGATIVE61586,0.07491350173950195
NEG_trNEGATIVE59857,0.051537223160266876
NEG_trNEGATIVE88238,0.03434918075799942
NEG_trNEGATIVE50227,0.3267691433429718
NEG_trNEGATIVE40991,0.8550326824188232
NEG_trNEGATIVE35720,0.9393008947372437
NEG_trNEGATIVE43411,0.03179652616381645
NEG_trNEGATIVE75423,0.7088311910629272
NEG_trNEGATIVE77745,0.6650276184082031
NEG_trNEGATIVE100643,0.11599113792181015
NEG_trNEGATIVE91462,0.8438711762428284
NEG_trNEGATIVE77972,0.5890887975692749
NEG_trNEGATIVE40834,0.08689707517623901
NEG_trNEGATIVE68930,0.044087957590818405
NEG_trNEGATIVE39612,0.010263107717037201
NEG_trNEGATIVE55026,0.03397797420620918
NEG_trNEGATIVE76074,0.9065983891487122
NEG_trNEGATIVE56379,0.5380885601043701
NEG_trNEGATIVE29650,0.7830896973609924
NEG_trNEGATIVE52893,0.9715401530265808
NEG_trNEGATIVE44904,0.02038269303739071
NEG_trNEGATIVE79107,0.35960039496421814
NEG_trNEGATIVE30431,0.06342945247888565
NEG_trNEGATIVE99596,0.6215927004814148
NEG_trNEGATIVE73295,0.20970940589904785
NEG_trNEGATIVE86380,0.13790960609912872
NEG_trNEGATIVE51647,0.044712748378515244
NEG_trNEGATIVE99260,0.03659198433160782
NEG_trNEGATIVE79241,0.09350275248289108
NEG_trNEGATIVE51868,0.1775442510843277
NEG_trNEGATIVE76281,0.3292340636253357
NEG_trNEGATIVE32843,0.4547840654850006
NEG_trNEGATIVE29454,0.0872478038072586
NEG_trNEGATIVE62084,0.8989088535308838
NEG_trNEGATIVE71610,0.7993987202644348
NEG_trNEGATIVE40237,0.16141261160373688
NEG_trNEGATIVE102419,0.07616499811410904
NEG_trNEGATIVE56300,0.12251783907413483
NEG_trNEGATIVE75234,0.04538402706384659
NEG_trNEGATIVE56642,0.9345062971115112
NEG_trNEGATIVE78001,0.054116327315568924
NEG_trNEGATIVE80792,0.7001727223396301
NEG_trNEGATIVE41466,0.013436431996524334
NEG_trNEGATIVE34681,0.3205084204673767
NEG_trNEGATIVE72144,0.10629356652498245
NEG_trNEGATIVE86993,0.047875866293907166
NEG_trNEGATIVE31724,0.014080709777772427
NEG_trNEGATIVE93318,0.05639173835515976
NEG_trNEGATIVE82944,0.17623700201511383
NEG_trNEGATIVE75246,0.6379809975624084
NEG_trNEGATIVE96180,0.04855877533555031
NEG_trNEGATIVE77839,0.9180679321289062
NEG_trNEGATIVE102579,0.04318971931934357
NEG_trNEGATIVE45129,0.01793459616601467
NEG_trNEGATIVE39838,0.07729088515043259
NEG_trNEGATIVE80829,0.01342840027064085
NEG_trNEGATIVE84432,0.35134461522102356
NEG_trNEGATIVE70250,0.0237409844994545
NEG_trNEGATIVE54914,0.03414316475391388
NEG_trNEGATIVE54242,0.05284104123711586
NEG_trNEGATIVE94859,0.8784810900688171
NEG_trNEGATIVE91401,0.16633832454681396
NEG_trNEGATIVE81517,0.014557329006493092
NEG_trNEGATIVE63846,0.14729838073253632
NEG_trNEGATIVE81964,0.90816730260849
NEG_trNEGATIVE71696,0.10630197077989578
NEG_trNEGATIVE67623,0.018690267577767372
NEG_trNEGATIVE73169,0.036504607647657394
NEG_trNEGATIVE37274,0.38583239912986755
NEG_trNEGATIVE99642,0.8602386116981506
NEG_trNEGATIVE29521,0.9907088875770569
NEG_trNEGATIVE46186,0.2576150596141815
NEG_trNEGATIVE91270,0.26000532507896423
NEG_trNEGATIVE101510,0.00951395370066166
NEG_trNEGATIVE50542,0.009158586151897907
NEG_trNEGATIVE93836,0.08055231720209122
NEG_trNEGATIVE102511,0.026414841413497925
NEG_trNEGATIVE77089,0.11071158200502396
NEG_trNEGATIVE100965,0.32739150524139404
NEG_trNEGATIVE102534,0.4755750000476837
NEG_trNEGATIVE82273,0.15523220598697662
NEG_trNEGATIVE100805,0.033414892852306366
NEG_trNEGATIVE42678,0.38516733050346375
NEG_trNEGATIVE54488,0.05010547488927841
NEG_trNEGATIVE35629,0.05389073118567467
NEG_trNEGATIVE82713,0.06603246927261353
NEG_trNEGATIVE38107,0.2264219969511032
NEG_trNEGATIVE83320,0.9020848274230957
NEG_trNEGATIVE45085,0.009075243026018143
NEG_trNEGATIVE70523,0.044918376952409744
NEG_trNEGATIVE59246,0.9736740589141846
NEG_trNEGATIVE27585,0.04780976474285126
NEG_trNEGATIVE88124,0.2207714021205902
NEG_trNEGATIVE97027,0.23547236621379852
NEG_trNEGATIVE37662,0.4422288239002228
NEG_trNEGATIVE60312,0.8936196565628052
NEG_trNEGATIVE38806,0.0554957389831543
NEG_trNEGATIVE78668,0.046990957111120224
NEG_trNEGATIVE39326,0.10536814481019974
NEG_trNEGATIVE38711,0.9243317246437073
NEG_trNEGATIVE93134,0.00962704885751009
NEG_trNEGATIVE82837,0.010481096804141998
NEG_trNEGATIVE53259,0.07542010396718979
NEG_trNEGATIVE30978,0.07996351271867752
NEG_trNEGATIVE41690,0.029283855110406876
NEG_trNEGATIVE79735,0.15649932622909546
NEG_trNEGATIVE90060,0.045535266399383545
NEG_trNEGATIVE61615,0.09909249097108841
NEG_trNEGATIVE65195,0.23677167296409607
NEG_trNEGATIVE31558,0.05337153375148773
NEG_trNEGATIVE90114,0.025690823793411255
NEG_trNEGATIVE60316,0.02870793640613556
NEG_trNEGATIVE29484,0.7299310564994812
NEG_trNEGATIVE94292,0.99020916223526
NEG_trNEGATIVE37858,0.05648374557495117
NEG_trNEGATIVE47422,0.16549192368984222
NEG_trNEGATIVE69548,0.021258998662233353
NEG_trNEGATIVE53046,0.9542655348777771
NEG_trNEGATIVE97809,0.04948973283171654
NEG_trNEGATIVE97665,0.5115454196929932
NEG_trNEGATIVE45535,0.009223435074090958
NEG_trNEGATIVE81157,0.012272692285478115
NEG_trNEGATIVE57400,0.15694934129714966
NEG_trNEGATIVE59613,0.009094584733247757
NEG_trNEGATIVE38518,0.6729392409324646
NEG_trNEGATIVE81697,0.06226317957043648
NEG_trNEGATIVE90070,0.03829953074455261
NEG_trNEGATIVE82585,0.9905985593795776
NEG_trNEGATIVE88544,0.06034935265779495
NEG_trNEGATIVE27554,0.6863849759101868
NEG_trNEGATIVE75374,0.7027387619018555
NEG_trNEGATIVE59112,0.5275024771690369
NEG_trNEGATIVE53744,0.05377132445573807
NEG_trNEGATIVE52476,0.9890903234481812
NEG_trNEGATIVE90851,0.9610211849212646
NEG_trNEGATIVE36178,0.010810064151883125
NEG_trNEGATIVE50802,0.9827013611793518
NEG_trNEGATIVE68901,0.1503428816795349
NEG_trNEGATIVE49112,0.023828700184822083
NEG_trNEGATIVE97425,0.01358347199857235
NEG_trNEGATIVE78222,0.17193202674388885
NEG_trNEGATIVE40567,0.009441073052585125
NEG_trNEGATIVE67086,0.09252142906188965
NEG_trNEGATIVE97179,0.5372983813285828
NEG_trNEGATIVE44210,0.8850756287574768
NEG_trNEGATIVE62564,0.04263325408101082
NEG_trNEGATIVE77701,0.3424086570739746
NEG_trNEGATIVE42561,0.012511903420090675
NEG_trNEGATIVE37937,0.036751147359609604
NEG_trNEGATIVE98627,0.0161393154412508
NEG_trNEGATIVE48979,0.2402409166097641
NEG_trNEGATIVE56995,0.01246935036033392
NEG_trNEGATIVE75513,0.011001620441675186
NEG_trNEGATIVE75592,0.1786758154630661
NEG_trNEGATIVE88299,0.01530470047146082
NEG_trNEGATIVE49831,0.059131279587745667
NEG_trNEGATIVE75833,0.04064220190048218
NEG_trNEGATIVE94098,0.025159141048789024
NEG_trNEGATIVE79033,0.35735616087913513
NEG_trNEGATIVE81039,0.020903971046209335
NEG_trNEGATIVE28558,0.028347302228212357
NEG_trNEGATIVE62574,0.4323825240135193
NEG_trNEGATIVE40564,0.2526102066040039
NEG_trNEGATIVE43356,0.06361792236566544
NEG_trNEGATIVE102711,0.05132785066962242
NEG_trNEGATIVE63359,0.012691767886281013
NEG_trNEGATIVE72209,0.04764188826084137
NEG_trNEGATIVE68128,0.07627769559621811
NEG_trNEGATIVE85034,0.0395590104162693
NEG_trNEGATIVE71033,0.4368775188922882
NEG_trNEGATIVE72885,0.03877170756459236
NEG_trNEGATIVE75310,0.11687853932380676
NEG_trNEGATIVE46018,0.15867821872234344
NEG_trNEGATIVE80255,0.21510979533195496
NEG_trNEGATIVE96978,0.804723858833313
NEG_trNEGATIVE74800,0.12397908419370651
NEG_trNEGATIVE99894,0.1338483840227127
NEG_trNEGATIVE95781,0.035777948796749115
NEG_trNEGATIVE32583,0.5918440222740173
NEG_trNEGATIVE50601,0.6645844578742981
NEG_trNEGATIVE47863,0.2025771141052246
NEG_trNEGATIVE27515,0.01263345219194889
NEG_trNEGATIVE58289,0.013236809521913528
NEG_trNEGATIVE81239,0.17071543633937836
NEG_trNEGATIVE96820,0.08994169533252716
NEG_trNEGATIVE95174,0.9418244957923889
NEG_trNEGATIVE40665,0.4207996428012848
NEG_trNEGATIVE92799,0.8746396899223328
NEG_trNEGATIVE68465,0.19425617158412933
NEG_trNEGATIVE83963,0.030011577531695366
NEG_trNEGATIVE95911,0.1353309452533722
NEG_trNEGATIVE31413,0.013849795795977116
NEG_trNEGATIVE30198,0.009108182974159718
NEG_trNEGATIVE29756,0.0394628681242466
NEG_trNEGATIVE83853,0.03951641917228699
NEG_trNEGATIVE58691,0.1319267302751541
NEG_trNEGATIVE73036,0.4586268961429596
NEG_trNEGATIVE44278,0.20266984403133392
NEG_trNEGATIVE52013,0.054472263902425766
NEG_trNEGATIVE85084,0.03099803440272808
NEG_trNEGATIVE68783,0.6951923966407776
NEG_trNEGATIVE93704,0.033006832003593445
NEG_trNEGATIVE43670,0.9866868257522583
NEG_trNEGATIVE59214,0.13040834665298462
NEG_trNEGATIVE40920,0.8141674995422363
NEG_trNEGATIVE53980,0.014532840810716152
NEG_trNEGATIVE84681,0.019014541059732437
NEG_trNEGATIVE96043,0.1592174768447876
NEG_trNEGATIVE61913,0.08677779883146286
NEG_trNEGATIVE76147,0.045047610998153687
NEG_trNEGATIVE34962,0.06819121539592743
NEG_trNEGATIVE32483,0.013367286883294582
NEG_trNEGATIVE86259,0.013265646994113922
NEG_trNEGATIVE88606,0.036442313343286514
NEG_trNEGATIVE28600,0.21240250766277313
NEG_trNEGATIVE28315,0.014717132784426212
NEG_trNEGATIVE42922,0.7871904969215393
NEG_trNEGATIVE42658,0.49417850375175476
NEG_trNEGATIVE59192,0.05724489316344261
NEG_trNEGATIVE81496,0.10060740262269974
NEG_trNEGATIVE41055,0.05300206318497658
NEG_trNEGATIVE84087,0.023328036069869995
NEG_trNEGATIVE90101,0.11259878426790237
NEG_trNEGATIVE40059,0.03943163901567459
NEG_trNEGATIVE54793,0.324131041765213
NEG_trNEGATIVE34287,0.033386051654815674
NEG_trNEGATIVE31543,0.4279623031616211
NEG_trNEGATIVE97366,0.2788828909397125
NEG_trNEGATIVE36281,0.5654419660568237
NEG_trNEGATIVE30561,0.09000184386968613
NEG_trNEGATIVE88847,0.11702366918325424
NEG_trNEGATIVE69791,0.8437233567237854
NEG_trNEGATIVE62419,0.009193754754960537
NEG_trNEGATIVE77603,0.2673287093639374
NEG_trNEGATIVE71481,0.17608307301998138
NEG_trNEGATIVE28517,0.7762675881385803
NEG_trNEGATIVE96787,0.094051793217659
NEG_trNEGATIVE44315,0.49937811493873596
NEG_trNEGATIVE85680,0.07496923208236694
NEG_trNEGATIVE70176,0.6600151062011719
NEG_trNEGATIVE97325,0.009220113977789879
NEG_trNEGATIVE59745,0.16985712945461273
NEG_trNEGATIVE32240,0.36962589621543884
NEG_trNEGATIVE55617,0.08561431616544724
NEG_trNEGATIVE66720,0.2595672607421875
NEG_trNEGATIVE82312,0.014450202696025372
NEG_trNEGATIVE89180,0.02874518185853958
NEG_trNEGATIVE44841,0.36008432507514954
NEG_trNEGATIVE42327,0.14163611829280853
NEG_trNEGATIVE101373,0.017189642414450645
NEG_trNEGATIVE85847,0.14118267595767975
NEG_trNEGATIVE55750,0.03815458342432976
NEG_trNEGATIVE43439,0.12920092046260834
NEG_trNEGATIVE81380,0.009917190298438072
NEG_trNEGATIVE100450,0.07120071351528168
NEG_trNEGATIVE83505,0.05411512032151222
NEG_trNEGATIVE88906,0.2399500459432602
NEG_trNEGATIVE92087,0.2952954173088074
NEG_trNEGATIVE37537,0.2920391857624054
NEG_trNEGATIVE83671,0.15794320404529572
NEG_trNEGATIVE79449,0.012210054323077202
NEG_trNEGATIVE61801,0.020577793940901756
NEG_trNEGATIVE66620,0.04142949357628822
NEG_trNEGATIVE56708,0.33891937136650085
NEG_trNEGATIVE49910,0.15323685109615326
NEG_trNEGATIVE99981,0.4322258532047272
NEG_trNEGATIVE82308,0.4390393793582916
NEG_trNEGATIVE65600,0.04754650220274925
NEG_trNEGATIVE60145,0.050853829830884933
NEG_trNEGATIVE95917,0.026104969903826714
NEG_trNEGATIVE95219,0.017590491101145744
NEG_trNEGATIVE71525,0.46148404479026794
NEG_trNEGATIVE30133,0.04925963655114174
NEG_trNEGATIVE55831,0.10861004143953323
NEG_trNEGATIVE68175,0.9528799057006836
NEG_trNEGATIVE53275,0.13769911229610443
NEG_trNEGATIVE65552,0.011627517640590668
NEG_trNEGATIVE87018,0.21059046685695648
NEG_trNEGATIVE30173,0.06019990146160126
NEG_trNEGATIVE43934,0.014627322554588318
NEG_trNEGATIVE34566,0.13696210086345673
NEG_trNEGATIVE41225,0.038306351751089096
NEG_trNEGATIVE96325,0.2007383555173874
NEG_trNEGATIVE88809,0.4738093912601471
NEG_trNEGATIVE95820,0.009161806665360928
NEG_trNEGATIVE77187,0.043734654784202576
NEG_trNEGATIVE44002,0.905886709690094
NEG_trNEGATIVE92660,0.9178060293197632
NEG_trNEGATIVE50175,0.06469276547431946
NEG_trNEGATIVE83721,0.8353658318519592
NEG_trNEGATIVE55056,0.06815671175718307
NEG_trNEGATIVE47846,0.05342227965593338
NEG_trNEGATIVE50997,0.037941377609968185
NEG_trNEGATIVE41962,0.9705201387405396
NEG_trNEGATIVE45892,0.9339250922203064
NEG_trNEGATIVE61033,0.1761854737997055
NEG_trNEGATIVE46203,0.03944520652294159
NEG_trNEGATIVE62766,0.035964496433734894
NEG_trNEGATIVE99934,0.010977749712765217
NEG_trNEGATIVE44454,0.11041039973497391
NEG_trNEGATIVE64159,0.5711253881454468
NEG_trNEGATIVE90338,0.0878261923789978
NEG_trNEGATIVE99706,0.4813462793827057
NEG_trNEGATIVE80172,0.4880678653717041
NEG_trNEGATIVE52439,0.05402449518442154
NEG_trNEGATIVE62844,0.84060138463974
NEG_trNEGATIVE45077,0.5244816541671753
NEG_trNEGATIVE34893,0.07967150956392288
NEG_trNEGATIVE93817,0.31162750720977783
NEG_trNEGATIVE31011,0.02318238653242588
NEG_trNEGATIVE64372,0.09526647627353668
NEG_trNEGATIVE67046,0.012343416921794415
NEG_trNEGATIVE30728,0.8529348969459534
NEG_trNEGATIVE86750,0.04752768203616142
NEG_trNEGATIVE70086,0.17007407546043396
NEG_trNEGATIVE94399,0.6715601086616516
NEG_trNEGATIVE33846,0.009181752800941467
NEG_trNEGATIVE71978,0.04596357420086861
NEG_trNEGATIVE50399,0.3080003559589386
NEG_trNEGATIVE54011,0.044724591076374054
NEG_trNEGATIVE34845,0.2890491187572479
NEG_trNEGATIVE81527,0.0241005327552557
NEG_trNEGATIVE28784,0.02917163446545601
NEG_trNEGATIVE84600,0.9184960126876831
NEG_trNEGATIVE86134,0.07068987190723419
NEG_trNEGATIVE54521,0.08955136686563492
NEG_trNEGATIVE98454,0.07158920168876648
NEG_trNEGATIVE50793,0.1123674139380455
NEG_trNEGATIVE93944,0.08931988477706909
NEG_trNEGATIVE74573,0.1725381463766098
NEG_trNEGATIVE91770,0.027135400101542473
NEG_trNEGATIVE91963,0.8561079502105713
NEG_trNEGATIVE77471,0.013937926851212978
NEG_trNEGATIVE51636,0.052827585488557816
NEG_trNEGATIVE51223,0.9463277459144592
NEG_trNEGATIVE29951,0.031548868864774704
NEG_trNEGATIVE79101,0.014451825991272926
NEG_trNEGATIVE53410,0.687089204788208
NEG_trNEGATIVE41157,0.5284152626991272
NEG_trNEGATIVE79073,0.018227778375148773
NEG_trNEGATIVE78302,0.06801646202802658
NEG_trNEGATIVE59574,0.06094926595687866
NEG_trNEGATIVE48109,0.031149867922067642
NEG_trNEGATIVE90009,0.01376235019415617
NEG_trNEGATIVE52933,0.03486134856939316
NEG_trNEGATIVE96995,0.09120189398527145
NEG_trNEGATIVE32643,0.1877514272928238
NEG_trNEGATIVE72422,0.9591031670570374
NEG_trNEGATIVE61735,0.03892458230257034
NEG_trNEGATIVE29690,0.012106440961360931
NEG_trNEGATIVE32775,0.8345880508422852
NEG_trNEGATIVE83287,0.9172573089599609
NEG_trNEGATIVE83705,0.5271875858306885
NEG_trNEGATIVE48917,0.37009695172309875
NEG_trNEGATIVE73158,0.09851960092782974
NEG_trNEGATIVE66730,0.27040374279022217
NEG_trNEGATIVE66922,0.6453421711921692
NEG_trNEGATIVE63680,0.03217865526676178
NEG_trNEGATIVE42895,0.37366077303886414
NEG_trNEGATIVE39793,0.09193123877048492
NEG_trNEGATIVE83994,0.0736122727394104
NEG_trNEGATIVE62799,0.009109176695346832
NEG_trNEGATIVE78328,0.015181390568614006
NEG_trNEGATIVE31181,0.041784074157476425
NEG_trNEGATIVE85055,0.13207538425922394
NEG_trNEGATIVE68929,0.6913203597068787
NEG_trNEGATIVE78726,0.12683148682117462
NEG_trNEGATIVE60368,0.35144567489624023
NEG_trNEGATIVE36430,0.3685905933380127
NEG_trNEGATIVE95551,0.047167450189590454
NEG_trNEGATIVE68970,0.25593024492263794
NEG_trNEGATIVE54617,0.8584563732147217
NEG_trNEGATIVE34625,0.009626712650060654
NEG_trNEGATIVE32993,0.06265857815742493
NEG_trNEGATIVE54772,0.014430771581828594
NEG_trNEGATIVE72713,0.009064125828444958
NEG_trNEGATIVE84969,0.10027726739645004
NEG_trNEGATIVE97540,0.0883927270770073
NEG_trNEGATIVE46179,0.04711002856492996
NEG_trNEGATIVE53778,0.6525368094444275
NEG_trNEGATIVE70258,0.13766196370124817
NEG_trNEGATIVE86988,0.010638308711349964
NEG_trNEGATIVE49250,0.9235931634902954
NEG_trNEGATIVE62973,0.009442099370062351
NEG_trNEGATIVE47360,0.013034230098128319
NEG_trNEGATIVE102276,0.12031499296426773
NEG_trNEGATIVE47514,0.14884835481643677
NEG_trNEGATIVE81737,0.011179633438587189
NEG_trNEGATIVE57285,0.06031070649623871
NEG_trNEGATIVE89761,0.15718835592269897
NEG_trNEGATIVE48693,0.04181805998086929
NEG_trNEGATIVE28264,0.8616732358932495
NEG_trNEGATIVE36422,0.34972357749938965
NEG_trNEGATIVE59833,0.010386358015239239
NEG_trNEGATIVE88717,0.8466082811355591
NEG_trNEGATIVE80654,0.23777545988559723
NEG_trNEGATIVE63304,0.035617928951978683
NEG_trNEGATIVE86688,0.02032412588596344
NEG_trNEGATIVE75014,0.358151376247406
NEG_trNEGATIVE93997,0.012589625082910061
NEG_trNEGATIVE98152,0.011503327637910843
NEG_trNEGATIVE29916,0.43729186058044434
NEG_trNEGATIVE62241,0.06782315671443939
NEG_trNEGATIVE29366,0.061435893177986145
NEG_trNEGATIVE43815,0.09718772768974304
NEG_trNEGATIVE66656,0.009298070333898067
NEG_trNEGATIVE93768,0.23943619430065155
NEG_trNEGATIVE100577,0.5891969799995422
NEG_trNEGATIVE66800,0.7187841534614563
NEG_trNEGATIVE27986,0.05329161882400513
NEG_trNEGATIVE47086,0.11106336861848831
NEG_trNEGATIVE57477,0.013405279256403446
NEG_trNEGATIVE97706,0.9243595004081726
NEG_trNEGATIVE78711,0.10868420451879501
NEG_trNEGATIVE62617,0.9347589612007141
NEG_trNEGATIVE93447,0.32994022965431213
NEG_trNEGATIVE101841,0.2688791751861572
NEG_trNEGATIVE48209,0.985781192779541
NEG_trNEGATIVE46086,0.5585809946060181
NEG_trNEGATIVE89029,0.049836985766887665
NEG_trNEGATIVE67237,0.03501599654555321
NEG_trNEGATIVE34749,0.05591348558664322
NEG_trNEGATIVE49979,0.2443171590566635
NEG_trNEGATIVE97259,0.0907556489109993
NEG_trNEGATIVE87107,0.36027875542640686
NEG_trNEGATIVE31348,0.04926856607198715
NEG_trNEGATIVE74037,0.18719090521335602
NEG_trNEGATIVE28816,0.8030396103858948
NEG_trNEGATIVE55060,0.01586068794131279
NEG_trNEGATIVE86408,0.9251247048377991
NEG_trNEGATIVE46094,0.00971285905689001
NEG_trNEGATIVE76461,0.277617871761322
NEG_trNEGATIVE71292,0.026436321437358856
NEG_trNEGATIVE52597,0.013549868017435074
NEG_trNEGATIVE83480,0.13090474903583527
NEG_trNEGATIVE46780,0.06431735306978226
NEG_trNEGATIVE60038,0.17937712371349335
NEG_trNEGATIVE31056,0.041946712881326675
NEG_trNEGATIVE66410,0.024502018466591835
NEG_trNEGATIVE68829,0.48104041814804077
NEG_trNEGATIVE84350,0.0091450996696949
NEG_trNEGATIVE78195,0.009734757244586945
NEG_trNEGATIVE40151,0.24554498493671417
NEG_trNEGATIVE28576,0.021592190489172935
NEG_trNEGATIVE67337,0.5589888691902161
NEG_trNEGATIVE71369,0.8857032060623169
NEG_trNEGATIVE28224,0.07000422477722168
NEG_trNEGATIVE36382,0.14178423583507538
NEG_trNEGATIVE40094,0.9570630788803101
NEG_trNEGATIVE49483,0.01848030276596546
NEG_trNEGATIVE57900,0.8031347393989563
NEG_trNEGATIVE77097,0.3388926684856415
NEG_trNEGATIVE59374,0.01203507836908102
NEG_trNEGATIVE88184,0.8854958415031433
NEG_trNEGATIVE77081,0.025121545419096947
NEG_trNEGATIVE101114,0.020733673125505447
NEG_trNEGATIVE51688,0.018049372360110283
NEG_trNEGATIVE101378,0.09125273674726486
NEG_trNEGATIVE40120,0.7885706424713135
NEG_trNEGATIVE50269,0.30267807841300964
NEG_trNEGATIVE33162,0.9527236223220825
NEG_trNEGATIVE95623,0.9875462651252747
NEG_trNEGATIVE89538,0.01781894639134407
NEG_trNEGATIVE52953,0.8558787107467651
NEG_trNEGATIVE82692,0.1751093864440918
NEG_trNEGATIVE44095,0.11214497685432434
NEG_trNEGATIVE54354,0.16367752850055695
NEG_trNEGATIVE73494,0.030945520848035812
NEG_trNEGATIVE28456,0.009064704179763794
NEG_trNEGATIVE36180,0.3047347664833069
NEG_trNEGATIVE46037,0.6630845665931702
NEG_trNEGATIVE67385,0.9731690883636475
NEG_trNEGATIVE41854,0.016824930906295776
NEG_trNEGATIVE47625,0.014797457493841648
NEG_trNEGATIVE72149,0.5221126079559326
NEG_trNEGATIVE102334,0.022476201876997948
NEG_trNEGATIVE95448,0.30969154834747314
NEG_trNEGATIVE83637,0.035892609506845474
NEG_trNEGATIVE87037,0.49955061078071594
NEG_trNEGATIVE50009,0.9422168731689453
NEG_trNEGATIVE51257,0.06887499243021011
NEG_trNEGATIVE85557,0.17064517736434937
NEG_trNEGATIVE87419,0.017139749601483345
NEG_trNEGATIVE80590,0.6552850604057312
NEG_trNEGATIVE95018,0.11386948078870773
NEG_trNEGATIVE39916,0.09693867713212967
NEG_trNEGATIVE54781,0.5089956521987915
NEG_trNEGATIVE87566,0.024304606020450592
NEG_trNEGATIVE92777,0.009094086475670338
NEG_trNEGATIVE85541,0.009680867195129395
NEG_trNEGATIVE38934,0.1714334338903427
NEG_trNEGATIVE70307,0.6893429160118103
NEG_trNEGATIVE37837,0.055964481085538864
NEG_trNEGATIVE57482,0.10827749967575073
NEG_trNEGATIVE80119,0.011750883422791958
NEG_trNEGATIVE100249,0.03188372403383255
NEG_trNEGATIVE52522,0.15586549043655396
NEG_trNEGATIVE34162,0.9063371419906616
NEG_trNEGATIVE83834,0.9328877925872803
NEG_trNEGATIVE45664,0.5636265277862549
NEG_trNEGATIVE56019,0.06809739023447037
NEG_trNEGATIVE70629,0.009303408674895763
NEG_trNEGATIVE81587,0.9084122180938721
NEG_trNEGATIVE87547,0.08817006647586823
NEG_trNEGATIVE100925,0.45193928480148315
NEG_trNEGATIVE50064,0.009593667462468147
NEG_trNEGATIVE49248,0.021398060023784637
NEG_trNEGATIVE52118,0.399796724319458
NEG_trNEGATIVE27495,0.20352676510810852
NEG_trNEGATIVE97544,0.9796527028083801
NEG_trNEGATIVE91198,0.7153027057647705
NEG_trNEGATIVE31518,0.019756147637963295
NEG_trNEGATIVE101838,0.9617481827735901
NEG_trNEGATIVE49023,0.5854965448379517
NEG_trNEGATIVE30918,0.3234833776950836
NEG_trNEGATIVE34429,0.3004107177257538
NEG_trNEGATIVE44035,0.09314126521348953
NEG_trNEGATIVE76510,0.14300639927387238
NEG_trNEGATIVE93164,0.08385778963565826
NEG_trNEGATIVE65520,0.09720708429813385
NEG_trNEGATIVE88073,0.46159884333610535
NEG_trNEGATIVE47369,0.11076445132493973
NEG_trNEGATIVE30131,0.43104416131973267
NEG_trNEGATIVE58523,0.04249236732721329
NEG_trNEGATIVE68134,0.12006925046443939
NEG_trNEGATIVE33275,0.07396867871284485
NEG_trNEGATIVE95086,0.0718236044049263
NEG_trNEGATIVE76036,0.09640730172395706
NEG_trNEGATIVE36542,0.12880867719650269
NEG_trNEGATIVE37707,0.37389546632766724
NEG_trNEGATIVE51634,0.046622905880212784
NEG_trNEGATIVE31492,0.8285777568817139
NEG_trNEGATIVE61955,0.18878763914108276
NEG_trNEGATIVE47550,0.106146901845932
NEG_trNEGATIVE56654,0.4608096182346344
NEG_trNEGATIVE72031,0.08710453659296036
NEG_trNEGATIVE81205,0.014010376296937466
NEG_trNEGATIVE30091,0.037479862570762634
NEG_trNEGATIVE36367,0.07841666042804718
NEG_trNEGATIVE86215,0.07961534708738327
NEG_trNEGATIVE92794,0.7343564033508301
NEG_trNEGATIVE90045,0.29522812366485596
NEG_trNEGATIVE84790,0.01113790925592184
NEG_trNEGATIVE67208,0.2114533632993698
NEG_trNEGATIVE29314,0.037809088826179504
NEG_trNEGATIVE74725,0.9375017881393433
NEG_trNEGATIVE61009,0.05989481136202812
NEG_trNEGATIVE101581,0.020691094920039177
NEG_trNEGATIVE58956,0.014410549774765968
NEG_trNEGATIVE38271,0.07340260595083237
NEG_trNEGATIVE43162,0.08008478581905365
NEG_trNEGATIVE66835,0.38099566102027893
NEG_trNEGATIVE91947,0.9483751654624939
NEG_trNEGATIVE95793,0.17325332760810852
NEG_trNEGATIVE73951,0.16151754558086395
NEG_trNEGATIVE69793,0.09704312682151794
NEG_trNEGATIVE43084,0.02150820754468441
NEG_trNEGATIVE90804,0.02120652236044407
NEG_trNEGATIVE79888,0.45450446009635925
NEG_trNEGATIVE83074,0.2555718719959259
NEG_trNEGATIVE51461,0.13337481021881104
NEG_trNEGATIVE78649,0.009667221456766129
NEG_trNEGATIVE92738,0.8362735509872437
NEG_trNEGATIVE34714,0.2152302861213684
NEG_trNEGATIVE56576,0.846058189868927
NEG_trNEGATIVE77734,0.037385955452919006
NEG_trNEGATIVE28054,0.22381292283535004
NEG_trNEGATIVE85681,0.011881430633366108
NEG_trNEGATIVE43631,0.8478451371192932
NEG_trNEGATIVE86415,0.009335269220173359
NEG_trNEGATIVE96908,0.08745543658733368
NEG_trNEGATIVE62338,0.7481183409690857
NEG_trNEGATIVE50596,0.0826626792550087
NEG_trNEGATIVE91058,0.009959942661225796
NEG_trNEGATIVE53160,0.07575146108865738
NEG_trNEGATIVE70730,0.08732051402330399
NEG_trNEGATIVE41232,0.7310757040977478
NEG_trNEGATIVE89256,0.34539559483528137
NEG_trNEGATIVE40331,0.04599803313612938
NEG_trNEGATIVE39513,0.08474601060152054
NEG_trNEGATIVE55593,0.009447845630347729
NEG_trNEGATIVE70594,0.015940021723508835
NEG_trNEGATIVE69851,0.0698455274105072
NEG_trNEGATIVE43378,0.14528532326221466
NEG_trNEGATIVE31525,0.03155722841620445
NEG_trNEGATIVE62960,0.01022691186517477
NEG_trNEGATIVE95505,0.9239445924758911
NEG_trNEGATIVE86986,0.17859101295471191
NEG_trNEGATIVE40482,0.09703366458415985
NEG_trNEGATIVE82940,0.2706465721130371
NEG_trNEGATIVE100272,0.8623241186141968
NEG_trNEGATIVE55859,0.14533793926239014
NEG_trNEGATIVE92036,0.2932927906513214
NEG_trNEGATIVE75433,0.08710788190364838
NEG_trNEGATIVE42081,0.9075361490249634
NEG_trNEGATIVE95054,0.5722907185554504
NEG_trNEGATIVE65461,0.8669212460517883
NEG_trNEGATIVE62088,0.01094360277056694
NEG_trNEGATIVE32160,0.42627328634262085
NEG_trNEGATIVE63459,0.0426790751516819
NEG_trNEGATIVE46288,0.01599617302417755
NEG_trNEGATIVE89176,0.4997653365135193
NEG_trNEGATIVE34026,0.7893947958946228
NEG_trNEGATIVE73100,0.9810253381729126
NEG_trNEGATIVE49502,0.20496590435504913
NEG_trNEGATIVE88194,0.8966060280799866
NEG_trNEGATIVE35076,0.055768970400094986
NEG_trNEGATIVE35895,0.10158666223287582
NEG_trNEGATIVE71806,0.030072538182139397
NEG_trNEGATIVE96717,0.4342098534107208
NEG_trNEGATIVE79784,0.8175368309020996
NEG_trNEGATIVE47292,0.0652381032705307
NEG_trNEGATIVE69592,0.6797245144844055
NEG_trNEGATIVE82321,0.5390750765800476
NEG_trNEGATIVE36432,0.009075688198208809
NEG_trNEGATIVE70777,0.043158575892448425
NEG_trNEGATIVE90109,0.11005870997905731
NEG_trNEGATIVE36572,0.31478604674339294
NEG_trNEGATIVE67999,0.31508415937423706
NEG_trNEGATIVE31117,0.052803732454776764
NEG_trNEGATIVE38647,0.11412177234888077
NEG_trNEGATIVE83940,0.9274249076843262
NEG_trNEGATIVE71147,0.010841129347682
NEG_trNEGATIVE67373,0.9769280552864075
NEG_trNEGATIVE57227,0.9781071543693542
NEG_trNEGATIVE94230,0.02334321290254593
NEG_trNEGATIVE80147,0.04956405609846115
NEG_trNEGATIVE31421,0.037201326340436935
NEG_trNEGATIVE96597,0.033756837248802185
NEG_trNEGATIVE98843,0.01106199435889721
NEG_trNEGATIVE36084,0.024114686995744705
NEG_trNEGATIVE71653,0.10774479806423187
NEG_trNEGATIVE52353,0.043228309601545334
NEG_trNEGATIVE47027,0.1585593819618225
NEG_trNEGATIVE55736,0.3470716178417206
NEG_trNEGATIVE91991,0.6504878401756287
NEG_trNEGATIVE44110,0.06852274388074875
NEG_trNEGATIVE48598,0.5794444680213928
NEG_trNEGATIVE82214,0.28603997826576233
NEG_trNEGATIVE86955,0.15662184357643127
NEG_trNEGATIVE72230,0.015311170369386673
NEG_trNEGATIVE48592,0.03363185003399849
NEG_trNEGATIVE40813,0.018417252227663994
NEG_trNEGATIVE31159,0.6108701825141907
NEG_trNEGATIVE81668,0.12251771986484528
NEG_trNEGATIVE38329,0.5379953384399414
NEG_trNEGATIVE72698,0.812565267086029
NEG_trNEGATIVE86364,0.6302877068519592
NEG_trNEGATIVE71363,0.017639804631471634
NEG_trNEGATIVE54584,0.9329698085784912
NEG_trNEGATIVE87812,0.017959918826818466
NEG_trNEGATIVE100328,0.9007407426834106
NEG_trNEGATIVE89718,0.009450746700167656
NEG_trNEGATIVE56804,0.7105585336685181
NEG_trNEGATIVE64048,0.4443213939666748
NEG_trNEGATIVE73464,0.18238839507102966
NEG_trNEGATIVE84762,0.11268328875303268
NEG_trNEGATIVE31893,0.03301510587334633
NEG_trNEGATIVE57796,0.030530665069818497
NEG_trNEGATIVE46978,0.009142110124230385
NEG_trNEGATIVE57334,0.052679140120744705
NEG_trNEGATIVE35952,0.39853858947753906
NEG_trNEGATIVE46582,0.7488398551940918
NEG_trNEGATIVE66045,0.08621957898139954
NEG_trNEGATIVE37877,0.009492884390056133
NEG_trNEGATIVE57371,0.39561814069747925
NEG_trNEGATIVE44305,0.30380433797836304
NEG_trNEGATIVE65344,0.02457480877637863
NEG_trNEGATIVE47705,0.8654049634933472
NEG_trNEGATIVE46990,0.03534632921218872
NEG_trNEGATIVE44889,0.21522143483161926
NEG_trNEGATIVE51955,0.736410915851593
NEG_trNEGATIVE99742,0.2679452896118164
NEG_trNEGATIVE74161,0.6656622290611267
NEG_trNEGATIVE90349,0.03396979719400406
NEG_trNEGATIVE98249,0.10862862318754196
NEG_trNEGATIVE99698,0.021609408780932426
NEG_trNEGATIVE62217,0.9379947781562805
NEG_trNEGATIVE82883,0.09643115103244781
NEG_trNEGATIVE67929,0.3836939036846161
NEG_trNEGATIVE83091,0.18520033359527588
NEG_trNEGATIVE66105,0.18884702026844025
NEG_trNEGATIVE44086,0.9830600619316101
NEG_trNEGATIVE60619,0.029346147552132607
NEG_trNEGATIVE39052,0.013411878608167171
NEG_trNEGATIVE29176,0.8437015414237976
NEG_trNEGATIVE57102,0.9648147821426392
NEG_trNEGATIVE59717,0.07074595242738724
NEG_trNEGATIVE81690,0.09585176408290863
NEG_trNEGATIVE93885,0.6369048357009888
NEG_trNEGATIVE49010,0.9222610592842102
NEG_trNEGATIVE70436,0.042460549622774124
NEG_trNEGATIVE76694,0.06726787984371185
NEG_trNEGATIVE60410,0.6106186509132385
NEG_trNEGATIVE57859,0.02702397294342518
NEG_trNEGATIVE68418,0.052913520485162735
NEG_trNEGATIVE51508,0.009163382463157177
NEG_trNEGATIVE76135,0.9318986535072327
NEG_trNEGATIVE27872,0.14752519130706787
NEG_trNEGATIVE72940,0.037402600049972534
NEG_trNEGATIVE81095,0.384584903717041
NEG_trNEGATIVE97593,0.13727335631847382
NEG_trNEGATIVE87650,0.7679224014282227
NEG_trNEGATIVE64190,0.8012573719024658
NEG_trNEGATIVE57194,0.21803341805934906
NEG_trNEGATIVE47345,0.07259386777877808
NEG_trNEGATIVE43677,0.009127121418714523
NEG_trNEGATIVE66167,0.4198381304740906
NEG_trNEGATIVE47737,0.0996469110250473
NEG_trNEGATIVE49328,0.08185926824808121
NEG_trNEGATIVE78134,0.9523800015449524
NEG_trNEGATIVE68177,0.12098858505487442
NEG_trNEGATIVE84118,0.15806220471858978
NEG_trNEGATIVE63583,0.012704956345260143
NEG_trNEGATIVE89249,0.3971383571624756
NEG_trNEGATIVE92004,0.09676677733659744
NEG_trNEGATIVE81470,0.5754767060279846
NEG_trNEGATIVE94710,0.4401819109916687
NEG_trNEGATIVE82808,0.06228846311569214
NEG_trNEGATIVE62952,0.00918743759393692
NEG_trNEGATIVE43992,0.16267725825309753
NEG_trNEGATIVE33934,0.33806732296943665
NEG_trNEGATIVE57949,0.009155846200883389
NEG_trNEGATIVE75125,0.07106391340494156
NEG_trNEGATIVE80836,0.02552267536520958
NEG_trNEGATIVE98850,0.018516093492507935
NEG_trNEGATIVE64003,0.9694550037384033
NEG_trNEGATIVE32778,0.4799617826938629
NEG_trNEGATIVE99189,0.22408293187618256
NEG_trNEGATIVE31628,0.02521282248198986
NEG_trNEGATIVE53797,0.04972594231367111
NEG_trNEGATIVE30855,0.009468479081988335
NEG_trNEGATIVE46454,0.20702503621578217
NEG_trNEGATIVE89623,0.01202741451561451
NEG_trNEGATIVE32110,0.2586211860179901
NEG_trNEGATIVE100180,0.07662726938724518
NEG_trNEGATIVE74180,0.05580931901931763
NEG_trNEGATIVE38657,0.3384002149105072
NEG_trNEGATIVE102461,0.08552951365709305
NEG_trNEGATIVE99139,0.012757224030792713
NEG_trNEGATIVE60600,0.01466233842074871
NEG_trNEGATIVE46801,0.43374642729759216
NEG_trNEGATIVE29421,0.03400691971182823
NEG_trNEGATIVE61571,0.07250680774450302
NEG_trNEGATIVE55290,0.01511469203978777
NEG_trNEGATIVE57399,0.04681357368826866
NEG_trNEGATIVE29046,0.011052420362830162
NEG_trNEGATIVE51155,0.014949459582567215
NEG_trNEGATIVE99678,0.42833641171455383
NEG_trNEGATIVE34808,0.15359638631343842
NEG_trNEGATIVE102468,0.01667161099612713
NEG_trNEGATIVE53580,0.07438842207193375
NEG_trNEGATIVE66816,0.01012214832007885
NEG_trNEGATIVE34143,0.2541863024234772
NEG_trNEGATIVE51469,0.029483437538146973
NEG_trNEGATIVE35042,0.34813132882118225
NEG_trNEGATIVE97613,0.0098818838596344
NEG_trNEGATIVE71119,0.023728493601083755
NEG_trNEGATIVE60264,0.016584744676947594
NEG_trNEGATIVE28441,0.027569836005568504
NEG_trNEGATIVE40873,0.023295018821954727
NEG_trNEGATIVE92426,0.1868494302034378
NEG_trNEGATIVE89832,0.13640601933002472
NEG_trNEGATIVE42257,0.18601033091545105
NEG_trNEGATIVE62346,0.018053563311696053
NEG_trNEGATIVE93128,0.14961954951286316
NEG_trNEGATIVE72272,0.910167396068573
NEG_trNEGATIVE60805,0.13399794697761536
NEG_trNEGATIVE71055,0.009065059944987297
NEG_trNEGATIVE84531,0.009152400307357311
NEG_trNEGATIVE82899,0.02244744449853897
NEG_trNEGATIVE54119,0.08414588123559952
NEG_trNEGATIVE66768,0.13211661577224731
NEG_trNEGATIVE59476,0.04766261950135231
NEG_trNEGATIVE39074,0.05748102813959122
NEG_trNEGATIVE37549,0.02405785210430622
NEG_trNEGATIVE42015,0.06077473238110542
NEG_trNEGATIVE32676,0.2063542604446411
NEG_trNEGATIVE62485,0.02510710246860981
NEG_trNEGATIVE81349,0.7072552442550659
NEG_trNEGATIVE34637,0.5874376893043518
NEG_trNEGATIVE44901,0.033222053200006485
NEG_trNEGATIVE36239,0.9346275329589844
NEG_trNEGATIVE76310,0.04552748426795006
NEG_trNEGATIVE80523,0.23451194167137146
NEG_trNEGATIVE65249,0.3664076328277588
NEG_trNEGATIVE30948,0.06269698590040207
NEG_trNEGATIVE65019,0.20351557433605194
NEG_trNEGATIVE50208,0.9547380208969116
NEG_trNEGATIVE68397,0.009549642913043499
NEG_trNEGATIVE89439,0.1508837640285492
NEG_trNEGATIVE63626,0.38937297463417053
NEG_trNEGATIVE40100,0.22149379551410675
NEG_trNEGATIVE29896,0.18806560337543488
NEG_trNEGATIVE40692,0.12037988752126694
NEG_trNEGATIVE53937,0.009193255566060543
NEG_trNEGATIVE31610,0.681381106376648
NEG_trNEGATIVE48085,0.14444853365421295
NEG_trNEGATIVE53186,0.03151096776127815
NEG_trNEGATIVE42521,0.0095867570489645
NEG_trNEGATIVE84633,0.07871302962303162
NEG_trNEGATIVE83678,0.023238854482769966
NEG_trNEGATIVE39622,0.03545641526579857
NEG_trNEGATIVE83917,0.11994632333517075
NEG_trNEGATIVE31512,0.07614444196224213
NEG_trNEGATIVE31371,0.02484128437936306
NEG_trNEGATIVE38241,0.9565940499305725
NEG_trNEGATIVE101933,0.009613046422600746
NEG_trNEGATIVE96612,0.9412282109260559
NEG_trNEGATIVE63531,0.19459804892539978
NEG_trNEGATIVE53952,0.17459815740585327
NEG_trNEGATIVE83541,0.7807184457778931
NEG_trNEGATIVE64704,0.0772150531411171
NEG_trNEGATIVE92625,0.9284195899963379
NEG_trNEGATIVE102408,0.15187065303325653
NEG_trNEGATIVE27950,0.2921413779258728
NEG_trNEGATIVE40451,0.704334020614624
NEG_trNEGATIVE90224,0.29536163806915283
NEG_trNEGATIVE43528,0.04632958769798279
NEG_trNEGATIVE30284,0.059938445687294006
NEG_trNEGATIVE94996,0.04348380118608475
NEG_trNEGATIVE51339,0.30712535977363586
NEG_trNEGATIVE35738,0.9847930669784546
NEG_trNEGATIVE71977,0.9751396179199219
NEG_trNEGATIVE77365,0.009593315422534943
NEG_trNEGATIVE63373,0.10771725326776505
NEG_trNEGATIVE33003,0.7935084700584412
NEG_trNEGATIVE69351,0.23211351037025452
NEG_trNEGATIVE43153,0.08976271748542786
NEG_trNEGATIVE92667,0.1681046336889267
NEG_trNEGATIVE60304,0.38934269547462463
NEG_trNEGATIVE29659,0.20152927935123444
NEG_trNEGATIVE28014,0.2792564332485199
NEG_trNEGATIVE30540,0.05101760849356651
NEG_trNEGATIVE100405,0.04436671361327171
NEG_trNEGATIVE47068,0.07465292513370514
NEG_trNEGATIVE89117,0.7207493782043457
NEG_trNEGATIVE78787,0.6672236323356628
NEG_trNEGATIVE101524,0.25371047854423523
NEG_trNEGATIVE89651,0.2373395562171936
NEG_trNEGATIVE74329,0.009328714571893215
NEG_trNEGATIVE34022,0.26050716638565063
NEG_trNEGATIVE67361,0.9496215581893921
NEG_trNEGATIVE85841,0.19625036418437958
NEG_trNEGATIVE70825,0.053475167602300644
NEG_trNEGATIVE28318,0.050012242048978806
NEG_trNEGATIVE84272,0.19057229161262512
NEG_trNEGATIVE51397,0.9820628762245178
NEG_trNEGATIVE50146,0.9242959022521973
NEG_trNEGATIVE79610,0.11617650836706161
NEG_trNEGATIVE28140,0.8806120753288269
NEG_trNEGATIVE43004,0.8075045347213745
NEG_trNEGATIVE78243,0.03312357887625694
NEG_trNEGATIVE78105,0.946313202381134
NEG_trNEGATIVE87845,0.009293051436543465
NEG_trNEGATIVE97300,0.12859497964382172
NEG_trNEGATIVE27918,0.05316004902124405
NEG_trNEGATIVE63808,0.33661630749702454
NEG_trNEGATIVE72576,0.035707149654626846
NEG_trNEGATIVE74370,0.9653424620628357
NEG_trNEGATIVE83114,0.08836238831281662
NEG_trNEGATIVE69105,0.0487474761903286
NEG_trNEGATIVE70670,0.1340710073709488
NEG_trNEGATIVE97413,0.1452305167913437
NEG_trNEGATIVE67822,0.22167199850082397
NEG_trNEGATIVE97010,0.14972473680973053
NEG_trNEGATIVE39714,0.20988133549690247
NEG_trNEGATIVE46621,0.03218504786491394
NEG_trNEGATIVE83182,0.10078874230384827
NEG_trNEGATIVE81771,0.9895857572555542
NEG_trNEGATIVE32682,0.07735518366098404
NEG_trNEGATIVE79248,0.06772282719612122
NEG_trNEGATIVE72430,0.03213585540652275
NEG_trNEGATIVE46309,0.1340557485818863
NEG_trNEGATIVE27744,0.1261250078678131
NEG_trNEGATIVE72524,0.04277419671416283
NEG_trNEGATIVE88934,0.23367810249328613
NEG_trNEGATIVE31241,0.03051605634391308
NEG_trNEGATIVE60767,0.009595684707164764
NEG_trNEGATIVE75577,0.06678590923547745
NEG_trNEGATIVE53501,0.977129340171814
NEG_trNEGATIVE74987,0.09363304823637009
NEG_trNEGATIVE64192,0.13924022018909454
NEG_trNEGATIVE39417,0.06551197171211243
NEG_trNEGATIVE97040,0.04016200453042984
NEG_trNEGATIVE65044,0.6707096099853516
NEG_trNEGATIVE69141,0.8387647271156311
NEG_trNEGATIVE95098,0.23118184506893158
NEG_trNEGATIVE79947,0.1732725352048874
NEG_trNEGATIVE76997,0.011216253973543644
NEG_trNEGATIVE92955,0.38700124621391296
NEG_trNEGATIVE77833,0.16139882802963257
NEG_trNEGATIVE86220,0.018947681412100792
NEG_trNEGATIVE51952,0.5924661755561829
NEG_trNEGATIVE50740,0.009052364155650139
NEG_trNEGATIVE83469,0.2911672592163086
NEG_trNEGATIVE37987,0.16306355595588684
NEG_trNEGATIVE92875,0.10540592670440674
NEG_trNEGATIVE71259,0.02416606992483139
NEG_trNEGATIVE54729,0.2962019741535187
NEG_trNEGATIVE70420,0.04670471325516701
NEG_trNEGATIVE59339,0.4858075678348541
NEG_trNEGATIVE41806,0.08712117373943329
NEG_trNEGATIVE83237,0.00905604287981987
NEG_trNEGATIVE79903,0.5705690383911133
NEG_trNEGATIVE40372,0.22593051195144653
NEG_trNEGATIVE82696,0.8498592376708984
NEG_trNEGATIVE31899,0.14582575857639313
NEG_trNEGATIVE72806,0.9600738883018494
NEG_trNEGATIVE68123,0.056450679898262024
NEG_trNEGATIVE31394,0.6013996005058289
NEG_trNEGATIVE77835,0.012579580768942833
NEG_trNEGATIVE89126,0.0585094653069973
NEG_trNEGATIVE92907,0.12813305854797363
NEG_trNEGATIVE71064,0.778939425945282
NEG_trNEGATIVE85253,0.8407517075538635
NEG_trNEGATIVE48466,0.028914663940668106
NEG_trNEGATIVE79133,0.010214490815997124
NEG_trNEGATIVE55441,0.010233146138489246
NEG_trNEGATIVE80731,0.00937571469694376
NEG_trNEGATIVE84079,0.04449530690908432
NEG_trNEGATIVE61201,0.5377607345581055
NEG_trNEGATIVE54305,0.04236968606710434
NEG_trNEGATIVE78377,0.009158049710094929
NEG_trNEGATIVE48130,0.14987005293369293
NEG_trNEGATIVE77398,0.08210489153862
NEG_trNEGATIVE38111,0.9572272896766663
NEG_trNEGATIVE73239,0.20390354096889496
NEG_trNEGATIVE100205,0.9646163582801819
NEG_trNEGATIVE60596,0.04510340094566345
NEG_trNEGATIVE49283,0.9860450029373169
NEG_trNEGATIVE97420,0.6089339852333069
NEG_trNEGATIVE55864,0.2897722125053406
NEG_trNEGATIVE62791,0.009719520807266235
NEG_trNEGATIVE75372,0.5175119042396545
NEG_trNEGATIVE62584,0.010249434038996696
NEG_trNEGATIVE40444,0.7408793568611145
NEG_trNEGATIVE56869,0.014609633944928646
NEG_trNEGATIVE92641,0.02562769502401352
NEG_trNEGATIVE96673,0.9324091672897339
NEG_trNEGATIVE46297,0.12082521617412567
NEG_trNEGATIVE33598,0.03345484659075737
NEG_trNEGATIVE75699,0.009478019550442696
NEG_trNEGATIVE89760,0.050148554146289825
NEG_trNEGATIVE63180,0.08349522203207016
NEG_trNEGATIVE53380,0.4368845820426941
NEG_trNEGATIVE80219,0.3251402974128723
NEG_trNEGATIVE67935,0.25472602248191833
NEG_trNEGATIVE68573,0.05493065342307091
NEG_trNEGATIVE82480,0.02601797878742218
NEG_trNEGATIVE70576,0.01133432425558567
NEG_trNEGATIVE75602,0.927670955657959
NEG_trNEGATIVE37173,0.013382023200392723
NEG_trNEGATIVE37267,0.009262428618967533
NEG_trNEGATIVE53911,0.009437608532607555
NEG_trNEGATIVE80519,0.7140710353851318
NEG_trNEGATIVE70446,0.7468551397323608
NEG_trNEGATIVE88491,0.05612720549106598
NEG_trNEGATIVE54050,0.03458881005644798
NEG_trNEGATIVE43396,0.7545919418334961
NEG_trNEGATIVE70990,0.010448640212416649
NEG_trNEGATIVE29268,0.04377458617091179
NEG_trNEGATIVE85002,0.0792483314871788
NEG_trNEGATIVE86304,0.12666285037994385
NEG_trNEGATIVE80821,0.013804403133690357
NEG_trNEGATIVE90256,0.15228676795959473
NEG_trNEGATIVE98397,0.009138854220509529
NEG_trNEGATIVE76230,0.9410303831100464
NEG_trNEGATIVE56467,0.012545027770102024
NEG_trNEGATIVE52653,0.9355291128158569
NEG_trNEGATIVE80313,0.0525883287191391
NEG_trNEGATIVE82139,0.37347477674484253
NEG_trNEGATIVE85149,0.5781888365745544
NEG_trNEGATIVE98439,0.010692592710256577
NEG_trNEGATIVE69080,0.9490978121757507
NEG_trNEGATIVE49625,0.257131427526474
NEG_trNEGATIVE46069,0.19919617474079132
NEG_trNEGATIVE31423,0.027160698547959328
NEG_trNEGATIVE92796,0.0464068166911602
NEG_trNEGATIVE84945,0.2055138647556305
NEG_trNEGATIVE91266,0.013397695496678352
NEG_trNEGATIVE31684,0.04152851924300194
NEG_trNEGATIVE76186,0.1758670061826706
NEG_trNEGATIVE56621,0.03204835206270218
NEG_trNEGATIVE63023,0.9642059803009033
NEG_trNEGATIVE54828,0.04079849645495415
NEG_trNEGATIVE45562,0.9345680475234985
NEG_trNEGATIVE87549,0.05955725908279419
NEG_trNEGATIVE50002,0.01288437470793724
NEG_trNEGATIVE71121,0.10168059170246124
NEG_trNEGATIVE31694,0.01333496905863285
NEG_trNEGATIVE74177,0.009073951281607151
NEG_trNEGATIVE100289,0.3574434518814087
NEG_trNEGATIVE73886,0.056915249675512314
NEG_trNEGATIVE75644,0.014746463857591152
NEG_trNEGATIVE27502,0.33216169476509094
NEG_trNEGATIVE83654,0.8671813607215881
NEG_trNEGATIVE52313,0.09427089989185333
NEG_trNEGATIVE74182,0.28814834356307983
NEG_trNEGATIVE62725,0.14533333480358124
NEG_trNEGATIVE57718,0.6960973739624023
NEG_trNEGATIVE64628,0.026886042207479477
NEG_trNEGATIVE50917,0.911409318447113
NEG_trNEGATIVE45410,0.21606098115444183
NEG_trNEGATIVE79412,0.6668744087219238
NEG_trNEGATIVE61619,0.03088613599538803
NEG_trNEGATIVE86620,0.035194288939237595
NEG_trNEGATIVE46247,0.243715301156044
NEG_trNEGATIVE28170,0.27053186297416687
NEG_trNEGATIVE91063,0.15262861549854279
NEG_trNEGATIVE74928,0.0661175474524498
NEG_trNEGATIVE80760,0.9781770706176758
NEG_trNEGATIVE81516,0.021735671907663345
NEG_trNEGATIVE58127,0.38086456060409546
NEG_trNEGATIVE79253,0.0694039985537529
NEG_trNEGATIVE51652,0.1491972655057907
NEG_trNEGATIVE48090,0.15961529314517975
NEG_trNEGATIVE94790,0.06103091686964035
NEG_trNEGATIVE90089,0.8827669024467468
NEG_trNEGATIVE98379,0.26632532477378845
NEG_trNEGATIVE99305,0.292174369096756
NEG_trNEGATIVE31804,0.11292757093906403
NEG_trNEGATIVE78071,0.13254904747009277
NEG_trNEGATIVE91836,0.009514478966593742
NEG_trNEGATIVE31759,0.9021667242050171
NEG_trNEGATIVE43655,0.9902591109275818
NEG_trNEGATIVE41486,0.14278894662857056
NEG_trNEGATIVE55251,0.10110125690698624
NEG_trNEGATIVE76846,0.48749595880508423
NEG_trNEGATIVE78479,0.21001097559928894
NEG_trNEGATIVE68112,0.8037409782409668
NEG_trNEGATIVE36637,0.037932537496089935
NEG_trNEGATIVE64403,0.3398094177246094
NEG_trNEGATIVE75001,0.1457279622554779
NEG_trNEGATIVE88098,0.026422880589962006
NEG_trNEGATIVE88557,0.13118284940719604
NEG_trNEGATIVE66754,0.36208072304725647
NEG_trNEGATIVE70535,0.049980685114860535
NEG_trNEGATIVE28801,0.017442338168621063
NEG_trNEGATIVE96642,0.01612085849046707
NEG_trNEGATIVE93456,0.5256963968276978
NEG_trNEGATIVE30256,0.0417570024728775
NEG_trNEGATIVE36783,0.06379394978284836
NEG_trNEGATIVE41012,0.039647527039051056
NEG_trNEGATIVE79048,0.14551377296447754
NEG_trNEGATIVE32322,0.9365943670272827
NEG_trNEGATIVE88855,0.14491158723831177
NEG_trNEGATIVE41022,0.05548115819692612
NEG_trNEGATIVE71809,0.040267106145620346
NEG_trNEGATIVE98065,0.5185196399688721
NEG_trNEGATIVE64548,0.2998462915420532
NEG_trNEGATIVE36857,0.031279608607292175
NEG_trNEGATIVE62669,0.03710520640015602
NEG_trNEGATIVE47535,0.40138107538223267
NEG_trNEGATIVE78999,0.045037489384412766
NEG_trNEGATIVE61824,0.015125534497201443
NEG_trNEGATIVE87072,0.04160631075501442
NEG_trNEGATIVE101072,0.9816588163375854
NEG_trNEGATIVE30057,0.9876607060432434
NEG_trNEGATIVE101676,0.012029370293021202
NEG_trNEGATIVE60115,0.0963141918182373
NEG_trNEGATIVE99908,0.11127395182847977
NEG_trNEGATIVE47431,0.34983885288238525
NEG_trNEGATIVE65010,0.9765440821647644
NEG_trNEGATIVE36345,0.9679549336433411
NEG_trNEGATIVE97409,0.13228513300418854
NEG_trNEGATIVE36559,0.9287290573120117
NEG_trNEGATIVE67566,0.026975607499480247
NEG_trNEGATIVE92740,0.052943360060453415
NEG_trNEGATIVE42955,0.1288284957408905
NEG_trNEGATIVE91641,0.15858523547649384
NEG_trNEGATIVE34443,0.22425775229930878
NEG_trNEGATIVE35447,0.009614014998078346
NEG_trNEGATIVE78873,0.9711110591888428
NEG_trNEGATIVE98965,0.14383919537067413
NEG_trNEGATIVE97698,0.05038352683186531
NEG_trNEGATIVE94323,0.9615558981895447
NEG_trNEGATIVE97267,0.24740108847618103
NEG_trNEGATIVE45878,0.4226363003253937
NEG_trNEGATIVE35903,0.03661084920167923
NEG_trNEGATIVE44477,0.6297823786735535
NEG_trNEGATIVE41609,0.22044938802719116
NEG_trNEGATIVE48201,0.022963186725974083
NEG_trNEGATIVE33972,0.059974655508995056
NEG_trNEGATIVE96531,0.1745194047689438
NEG_trNEGATIVE75099,0.057246554642915726
NEG_trNEGATIVE34300,0.012823284603655338
NEG_trNEGATIVE51236,0.024587223306298256
NEG_trNEGATIVE78452,0.16743525862693787
NEG_trNEGATIVE53751,0.015044530853629112
NEG_trNEGATIVE59072,0.01236287597566843
NEG_trNEGATIVE28484,0.15106427669525146
NEG_trNEGATIVE93269,0.6428663730621338
NEG_trNEGATIVE53133,0.08530708402395248
NEG_trNEGATIVE35567,0.09574919939041138
NEG_trNEGATIVE72748,0.04892617464065552
NEG_trNEGATIVE47531,0.01423627883195877
NEG_trNEGATIVE87088,0.6821301579475403
NEG_trNEGATIVE32258,0.5776073932647705
NEG_trNEGATIVE28177,0.07182271778583527
NEG_trNEGATIVE67880,0.026752665638923645
NEG_trNEGATIVE91403,0.19064827263355255
NEG_trNEGATIVE44384,0.04056422784924507
NEG_trNEGATIVE95220,0.08212698996067047
NEG_trNEGATIVE45649,0.12010131776332855
NEG_trNEGATIVE75964,0.8235291838645935
NEG_trNEGATIVE93258,0.3282510042190552
NEG_trNEGATIVE89859,0.47276046872138977
NEG_trNEGATIVE86643,0.022399932146072388
NEG_trNEGATIVE46932,0.032196126878261566
NEG_trNEGATIVE32735,0.9869182705879211
NEG_trNEGATIVE57524,0.009114459156990051
NEG_trNEGATIVE28868,0.17600411176681519
NEG_trNEGATIVE85676,0.18221592903137207
NEG_trNEGATIVE93242,0.009195353835821152
NEG_trNEGATIVE84942,0.014428479596972466
NEG_trNEGATIVE100120,0.15883557498455048
NEG_trNEGATIVE64540,0.04627007618546486
NEG_trNEGATIVE76523,0.6877244114875793
NEG_trNEGATIVE78693,0.9293248653411865
NEG_trNEGATIVE82986,0.017343200743198395
NEG_trNEGATIVE48551,0.5539386868476868
NEG_trNEGATIVE46387,0.043957579880952835
NEG_trNEGATIVE76527,0.8307912349700928
NEG_trNEGATIVE70270,0.033019136637449265
NEG_trNEGATIVE85582,0.18958254158496857
NEG_trNEGATIVE31409,0.15231971442699432
NEG_trNEGATIVE30647,0.08105913549661636
NEG_trNEGATIVE69804,0.440627783536911
NEG_trNEGATIVE88082,0.020636649802327156
NEG_trNEGATIVE66906,0.7450531721115112
NEG_trNEGATIVE33853,0.018051961436867714
NEG_trNEGATIVE95074,0.8069896101951599
NEG_trNEGATIVE102598,0.026089288294315338
NEG_trNEGATIVE36945,0.26769593358039856
NEG_trNEGATIVE33875,0.07053720951080322
NEG_trNEGATIVE31375,0.10770220309495926
NEG_trNEGATIVE88897,0.019145678728818893
NEG_trNEGATIVE58656,0.24254518747329712
NEG_trNEGATIVE34646,0.06674876064062119
NEG_trNEGATIVE101695,0.9782019853591919
NEG_trNEGATIVE28655,0.9820139408111572
NEG_trNEGATIVE95559,0.03396281972527504
NEG_trNEGATIVE72115,0.3030700385570526
NEG_trNEGATIVE69384,0.12344863265752792
NEG_trNEGATIVE79490,0.27386754751205444
NEG_trNEGATIVE44058,0.061607491225004196
NEG_trNEGATIVE73694,0.4127286672592163
NEG_trNEGATIVE80544,0.21758396923542023
NEG_trNEGATIVE95471,0.8903835415840149
NEG_trNEGATIVE40060,0.514198362827301
NEG_trNEGATIVE34230,0.11092311143875122
NEG_trNEGATIVE32744,0.06492051482200623
NEG_trNEGATIVE30109,0.014508774504065514
NEG_trNEGATIVE52335,0.02239074744284153
NEG_trNEGATIVE67604,0.009642350487411022
NEG_trNEGATIVE39129,0.03770948946475983
NEG_trNEGATIVE66699,0.8379087448120117
NEG_trNEGATIVE63107,0.016528408974409103
NEG_trNEGATIVE86869,0.8048531413078308
NEG_trNEGATIVE75034,0.6125887036323547
NEG_trNEGATIVE72971,0.39269840717315674
NEG_trNEGATIVE37284,0.03411190211772919
NEG_trNEGATIVE45811,0.24166691303253174
NEG_trNEGATIVE36193,0.031164422631263733
NEG_trNEGATIVE54754,0.9544026851654053
NEG_trNEGATIVE59017,0.009280088357627392
NEG_trNEGATIVE78145,0.8055806756019592
NEG_trNEGATIVE57043,0.2553560137748718
NEG_trNEGATIVE95948,0.7680215239524841
NEG_trNEGATIVE98545,0.038555435836315155
NEG_trNEGATIVE44161,0.462775856256485
NEG_trNEGATIVE48830,0.9906529784202576
NEG_trNEGATIVE88167,0.05039142072200775
NEG_trNEGATIVE51892,0.027746103703975677
NEG_trNEGATIVE90508,0.16349484026432037
NEG_trNEGATIVE91439,0.04782582074403763
NEG_trNEGATIVE33531,0.04454587399959564
NEG_trNEGATIVE81833,0.6314216256141663
NEG_trNEGATIVE90098,0.01407700777053833
NEG_trNEGATIVE83523,0.03627479448914528
NEG_trNEGATIVE58951,0.7914345264434814
NEG_trNEGATIVE51685,0.019126398488879204
NEG_trNEGATIVE80677,0.20314331352710724
NEG_trNEGATIVE76082,0.010785991325974464
NEG_trNEGATIVE83947,0.8729327917098999
NEG_trNEGATIVE43896,0.29154741764068604
NEG_trNEGATIVE43609,0.06752268970012665
NEG_trNEGATIVE63309,0.5014060735702515
NEG_trNEGATIVE59307,0.9586050510406494
NEG_trNEGATIVE45990,0.07071761786937714
NEG_trNEGATIVE101285,0.32324641942977905
NEG_trNEGATIVE48200,0.8856056332588196
NEG_trNEGATIVE101654,0.04036916047334671
NEG_trNEGATIVE80659,0.9845808148384094
NEG_trNEGATIVE89747,0.9798917174339294
NEG_trNEGATIVE72942,0.8967453241348267
NEG_trNEGATIVE92980,0.3102090060710907
NEG_trNEGATIVE99359,0.029323073104023933
NEG_trNEGATIVE45995,0.00935431756079197
NEG_trNEGATIVE37607,0.08426722139120102
NEG_trNEGATIVE90914,0.19279928505420685
NEG_trNEGATIVE33354,0.15253287553787231
NEG_trNEGATIVE91771,0.11189451068639755
NEG_trNEGATIVE50386,0.09315960854291916
NEG_trNEGATIVE93632,0.2678441107273102
NEG_trNEGATIVE42392,0.3918338716030121
NEG_trNEGATIVE44503,0.7087709307670593
NEG_trNEGATIVE65908,0.05449362099170685
NEG_trNEGATIVE83659,0.1114564761519432
NEG_trNEGATIVE45657,0.03169139474630356
NEG_trNEGATIVE32308,0.15282051265239716
NEG_trNEGATIVE50255,0.04808387905359268
NEG_trNEGATIVE86265,0.2887575030326843
NEG_trNEGATIVE54144,0.009172088466584682
NEG_trNEGATIVE45264,0.8444405198097229
NEG_trNEGATIVE64796,0.009544486179947853
NEG_trNEGATIVE93604,0.009907657280564308
NEG_trNEGATIVE56723,0.0755763128399849
NEG_trNEGATIVE75343,0.7669572234153748
NEG_trNEGATIVE69394,0.10237391293048859
NEG_trNEGATIVE61974,0.2246292531490326
NEG_trNEGATIVE40560,0.8742508888244629
NEG_trNEGATIVE84989,0.6019962430000305
NEG_trNEGATIVE50615,0.7950431108474731
NEG_trNEGATIVE38687,0.016684850677847862
NEG_trNEGATIVE28057,0.12241391092538834
NEG_trNEGATIVE87065,0.050578292459249496
NEG_trNEGATIVE33158,0.9895786643028259
NEG_trNEGATIVE34973,0.024625077843666077
NEG_trNEGATIVE32852,0.8365576863288879
NEG_trNEGATIVE52906,0.14354990422725677
NEG_trNEGATIVE69160,0.11408987641334534
NEG_trNEGATIVE72569,0.02910839021205902
NEG_trNEGATIVE58835,0.011622580699622631
NEG_trNEGATIVE28561,0.009065276943147182
NEG_trNEGATIVE47246,0.1806909590959549
NEG_trNEGATIVE77094,0.03427331522107124
NEG_trNEGATIVE93189,0.02430274710059166
NEG_trNEGATIVE28994,0.00981118343770504
NEG_trNEGATIVE83956,0.13045673072338104
NEG_trNEGATIVE70582,0.048170316964387894
NEG_trNEGATIVE82781,0.11131210625171661
NEG_trNEGATIVE87887,0.1020493283867836
NEG_trNEGATIVE95856,0.01095175463706255
NEG_trNEGATIVE52502,0.009093455038964748
NEG_trNEGATIVE71549,0.16774441301822662
NEG_trNEGATIVE81209,0.08423377573490143
NEG_trNEGATIVE79455,0.13305391371250153
NEG_trNEGATIVE79327,0.1669246256351471
NEG_trNEGATIVE56009,0.011677221395075321
NEG_trNEGATIVE101395,0.06360198557376862
NEG_trNEGATIVE60160,0.02472717873752117
NEG_trNEGATIVE59725,0.15552082657814026
NEG_trNEGATIVE70898,0.9407874345779419
NEG_trNEGATIVE36258,0.009520426392555237
NEG_trNEGATIVE34019,0.5898687839508057
NEG_trNEGATIVE45765,0.6665526628494263
NEG_trNEGATIVE96587,0.14549373090267181
NEG_trNEGATIVE79373,0.14239376783370972
NEG_trNEGATIVE73443,0.8342121839523315
NEG_trNEGATIVE47062,0.04423783719539642
NEG_trNEGATIVE61773,0.9721286296844482
NEG_trNEGATIVE53976,0.9506610035896301
NEG_trNEGATIVE59675,0.05736185237765312
NEG_trNEGATIVE76861,0.11811709403991699
NEG_trNEGATIVE44279,0.04379776120185852
NEG_trNEGATIVE95878,0.03927650675177574
NEG_trNEGATIVE42579,0.07932420074939728
NEG_trNEGATIVE82744,0.1610579639673233
NEG_trNEGATIVE85722,0.04978012666106224
NEG_trNEGATIVE83409,0.2388063222169876
NEG_trNEGATIVE34791,0.19765008985996246
NEG_trNEGATIVE61713,0.6642602682113647
NEG_trNEGATIVE39650,0.009200554341077805
NEG_trNEGATIVE40897,0.01914169266819954
NEG_trNEGATIVE73877,0.009105708450078964
NEG_trNEGATIVE64899,0.13316701352596283
NEG_trNEGATIVE101637,0.9826022386550903
NEG_trNEGATIVE31183,0.3348722457885742
NEG_trNEGATIVE67438,0.009059668518602848
NEG_trNEGATIVE46617,0.7538725137710571
NEG_trNEGATIVE71817,0.03059149533510208
NEG_trNEGATIVE60231,0.02959189936518669
NEG_trNEGATIVE41033,0.11991824209690094
NEG_trNEGATIVE59000,0.7336440682411194
NEG_trNEGATIVE61374,0.05658326670527458
NEG_trNEGATIVE73456,0.9875167608261108
NEG_trNEGATIVE62795,0.2097245156764984
NEG_trNEGATIVE31708,0.07475382834672928
NEG_trNEGATIVE33176,0.15083126723766327
NEG_trNEGATIVE70931,0.01329239271581173
NEG_trNEGATIVE67162,0.38065364956855774
NEG_trNEGATIVE90474,0.2027532458305359
NEG_trNEGATIVE69999,0.010515418834984303
NEG_trNEGATIVE40925,0.3425445258617401
NEG_trNEGATIVE28374,0.0247682835906744
NEG_trNEGATIVE59177,0.10541193187236786
NEG_trNEGATIVE38333,0.6294954419136047
NEG_trNEGATIVE61300,0.050760235637426376
NEG_trNEGATIVE70603,0.10582361370325089
NEG_trNEGATIVE77328,0.022645510733127594
NEG_trNEGATIVE91333,0.010065369307994843
NEG_trNEGATIVE89542,0.9093684554100037
NEG_trNEGATIVE74497,0.009188739582896233
NEG_trNEGATIVE91423,0.06334111839532852
NEG_trNEGATIVE97173,0.06256312876939774
NEG_trNEGATIVE59528,0.033163122832775116
NEG_trNEGATIVE87342,0.016776371747255325
NEG_trNEGATIVE45122,0.3425653278827667
NEG_trNEGATIVE81119,0.26925602555274963
NEG_trNEGATIVE32494,0.07433868944644928
NEG_trNEGATIVE55110,0.03182007372379303
NEG_trNEGATIVE65645,0.1469660848379135
NEG_trNEGATIVE76311,0.00909396167844534
NEG_trNEGATIVE45064,0.9549586772918701
NEG_trNEGATIVE85804,0.009738844819366932
NEG_trNEGATIVE50130,0.052985358983278275
NEG_trNEGATIVE30703,0.014103823341429234
NEG_trNEGATIVE39692,0.6057902574539185
NEG_trNEGATIVE47532,0.08385469764471054
NEG_trNEGATIVE100222,0.014390022493898869
NEG_trNEGATIVE94228,0.19740276038646698
NEG_trNEGATIVE35239,0.01247542817145586
NEG_trNEGATIVE36143,0.9838714003562927
NEG_trNEGATIVE85011,0.009078205563127995
NEG_trNEGATIVE60610,0.03853192552924156
NEG_trNEGATIVE35026,0.13605821132659912
NEG_trNEGATIVE44974,0.24584539234638214
NEG_trNEGATIVE45571,0.010926686227321625
NEG_trNEGATIVE61277,0.16545291244983673
NEG_trNEGATIVE84293,0.029761817306280136
NEG_trNEGATIVE53628,0.5330857634544373
NEG_trNEGATIVE78921,0.05022970587015152
NEG_trNEGATIVE40244,0.23701849579811096
NEG_trNEGATIVE39614,0.04501502960920334
NEG_trNEGATIVE100341,0.9764076471328735
NEG_trNEGATIVE69522,0.1025952622294426
NEG_trNEGATIVE30878,0.9894205927848816
NEG_trNEGATIVE80481,0.06163441389799118
NEG_trNEGATIVE97374,0.07521741092205048
NEG_trNEGATIVE70177,0.047482024878263474
NEG_trNEGATIVE89346,0.15792518854141235
NEG_trNEGATIVE48430,0.06428827345371246
NEG_trNEGATIVE59426,0.3185628354549408
NEG_trNEGATIVE31470,0.05304892361164093
NEG_trNEGATIVE53217,0.8474195599555969
NEG_trNEGATIVE47349,0.04225040599703789
NEG_trNEGATIVE46352,0.09397020190954208
NEG_trNEGATIVE60898,0.5781052112579346
NEG_trNEGATIVE27564,0.3601585924625397
NEG_trNEGATIVE49557,0.26424700021743774
NEG_trNEGATIVE80037,0.28920015692710876
NEG_trNEGATIVE50090,0.044687122106552124
NEG_trNEGATIVE46929,0.02452693320810795
NEG_trNEGATIVE28324,0.9900671243667603
NEG_trNEGATIVE80717,0.009077845141291618
NEG_trNEGATIVE39646,0.27118149399757385
NEG_trNEGATIVE29363,0.018084494397044182
NEG_trNEGATIVE86436,0.2583247125148773
NEG_trNEGATIVE52319,0.6580722332000732
NEG_trNEGATIVE65513,0.7914752960205078
NEG_trNEGATIVE59138,0.18107928335666656
NEG_trNEGATIVE99913,0.010573088191449642
NEG_trNEGATIVE87684,0.01797300949692726
NEG_trNEGATIVE86900,0.4400063157081604
NEG_trNEGATIVE95574,0.11579066514968872
NEG_trNEGATIVE32176,0.010052734054625034
NEG_trNEGATIVE36507,0.6531398296356201
NEG_trNEGATIVE87644,0.05144718289375305
NEG_trNEGATIVE74736,0.044058047235012054
NEG_trNEGATIVE85325,0.09291889518499374
NEG_trNEGATIVE31329,0.059403758496046066
NEG_trNEGATIVE71780,0.23603251576423645
NEG_trNEGATIVE86156,0.06157045438885689
NEG_trNEGATIVE39632,0.5638080835342407
NEG_trNEGATIVE77548,0.32011136412620544
NEG_trNEGATIVE27532,0.13017980754375458
NEG_trNEGATIVE61294,0.06315048784017563
NEG_trNEGATIVE58110,0.0839567556977272
NEG_trNEGATIVE67839,0.8142017126083374
NEG_trNEGATIVE89377,0.14702515304088593
NEG_trNEGATIVE51253,0.9275718331336975
NEG_trNEGATIVE71200,0.9310314655303955
NEG_trNEGATIVE90462,0.0994652584195137
NEG_trNEGATIVE57570,0.8987334966659546
NEG_trNEGATIVE58270,0.18208666145801544
NEG_trNEGATIVE66782,0.018038244917988777
NEG_trNEGATIVE61730,0.8961954116821289
NEG_trNEGATIVE52587,0.01648840680718422
NEG_trNEGATIVE93851,0.2573305070400238
NEG_trNEGATIVE46561,0.021025845780968666
NEG_trNEGATIVE68933,0.1430852711200714
NEG_trNEGATIVE78535,0.012875638902187347
NEG_trNEGATIVE29352,0.038051262497901917
NEG_trNEGATIVE52337,0.9282841086387634
NEG_trNEGATIVE94916,0.00993672851473093
NEG_trNEGATIVE64168,0.13045142590999603
NEG_trNEGATIVE38866,0.18521204590797424
NEG_trNEGATIVE67258,0.5421657562255859
NEG_trNEGATIVE44949,0.07568055391311646
NEG_trNEGATIVE39874,0.036821525543928146
NEG_trNEGATIVE65320,0.01761532761156559
NEG_trNEGATIVE72258,0.0941728949546814
NEG_trNEGATIVE100923,0.15733735263347626
NEG_trNEGATIVE53243,0.16356110572814941
NEG_trNEGATIVE43727,0.07133422791957855
NEG_trNEGATIVE33304,0.2186674177646637
NEG_trNEGATIVE79893,0.38802698254585266
NEG_trNEGATIVE62303,0.009778629057109356
NEG_trNEGATIVE75533,0.023068541660904884
NEG_trNEGATIVE69941,0.010504331439733505
NEG_trNEGATIVE98572,0.03876783326268196
NEG_trNEGATIVE84912,0.9900632500648499
NEG_trNEGATIVE70019,0.06238934025168419
NEG_trNEGATIVE82605,0.038187652826309204
NEG_trNEGATIVE75843,0.22981120645999908
NEG_trNEGATIVE35915,0.06903388351202011
NEG_trNEGATIVE89473,0.9080415368080139
NEG_trNEGATIVE37824,0.08325124531984329
NEG_trNEGATIVE80421,0.4300733506679535
NEG_trNEGATIVE56902,0.6800362467765808
NEG_trNEGATIVE80787,0.011630016379058361
NEG_trNEGATIVE94008,0.6064806580543518
NEG_trNEGATIVE68741,0.6360800862312317
NEG_trNEGATIVE99709,0.3592361509799957
NEG_trNEGATIVE67407,0.22960910201072693
NEG_trNEGATIVE101573,0.14414003491401672
NEG_trNEGATIVE98525,0.034160763025283813
NEG_trNEGATIVE83910,0.011527671478688717
NEG_trNEGATIVE54180,0.14899782836437225
NEG_trNEGATIVE38547,0.04281077906489372
NEG_trNEGATIVE68092,0.3061845600605011
NEG_trNEGATIVE53755,0.0451081283390522
NEG_trNEGATIVE35988,0.3598496615886688
NEG_trNEGATIVE76437,0.053452491760253906
NEG_trNEGATIVE58571,0.11360084265470505
NEG_trNEGATIVE100399,0.16660580039024353
NEG_trNEGATIVE32188,0.9163214564323425
NEG_trNEGATIVE55923,0.0227302685379982
NEG_trNEGATIVE39078,0.018543213605880737
NEG_trNEGATIVE85675,0.7089440822601318
NEG_trNEGATIVE68920,0.035079896450042725
NEG_trNEGATIVE81261,0.05633370578289032
NEG_trNEGATIVE59493,0.5393003225326538
NEG_trNEGATIVE89818,0.015898631885647774
NEG_trNEGATIVE87662,0.6734834313392639
NEG_trNEGATIVE96622,0.8694155216217041
NEG_trNEGATIVE34860,0.21222957968711853
NEG_trNEGATIVE32997,0.6940994262695312
NEG_trNEGATIVE99860,0.9411614537239075
NEG_trNEGATIVE44734,0.10841032862663269
NEG_trNEGATIVE100655,0.013080284930765629
NEG_trNEGATIVE65318,0.9728533625602722
NEG_trNEGATIVE71991,0.7115532755851746
NEG_trNEGATIVE78344,0.009103850461542606
NEG_trNEGATIVE92966,0.034627750515937805
NEG_trNEGATIVE100437,0.9603866338729858
NEG_trNEGATIVE78368,0.04621346294879913
NEG_trNEGATIVE51403,0.9844662547111511
NEG_trNEGATIVE75339,0.3639751970767975
NEG_trNEGATIVE44725,0.015287084504961967
NEG_trNEGATIVE63130,0.8992447853088379
NEG_trNEGATIVE43981,0.0832015797495842
NEG_trNEGATIVE58868,0.17734916508197784
NEG_trNEGATIVE100086,0.0777621641755104
NEG_trNEGATIVE81321,0.1080167293548584
NEG_trNEGATIVE40492,0.2617752254009247
NEG_trNEGATIVE102332,0.08353374153375626
NEG_trNEGATIVE101720,0.060723014175891876
NEG_trNEGATIVE81515,0.21620002388954163
NEG_trNEGATIVE97832,0.028198568150401115
NEG_trNEGATIVE90239,0.9868292808532715
NEG_trNEGATIVE72290,0.01495372224599123
NEG_trNEGATIVE38294,0.45780131220817566
NEG_trNEGATIVE49477,0.05144470930099487
NEG_trNEGATIVE68361,0.015680523589253426
NEG_trNEGATIVE40626,0.009178833104670048
NEG_trNEGATIVE86021,0.04261946305632591
NEG_trNEGATIVE40281,0.02798166312277317
NEG_trNEGATIVE38069,0.1395890712738037
NEG_trNEGATIVE65387,0.9595213532447815
NEG_trNEGATIVE55180,0.7917972803115845
NEG_trNEGATIVE92857,0.8922043442726135
NEG_trNEGATIVE71406,0.09894214570522308
NEG_trNEGATIVE35154,0.020141102373600006
NEG_trNEGATIVE67179,0.1399257630109787
NEG_trNEGATIVE94275,0.14039433002471924
NEG_trNEGATIVE56590,0.9090428352355957
NEG_trNEGATIVE34913,0.896695077419281
NEG_trNEGATIVE40140,0.009508495219051838
NEG_trNEGATIVE68527,0.8133736252784729
NEG_trNEGATIVE62212,0.019394580274820328
NEG_trNEGATIVE85381,0.838767945766449
NEG_trNEGATIVE30105,0.37118232250213623
NEG_trNEGATIVE31271,0.13535308837890625
NEG_trNEGATIVE81410,0.9602657556533813
NEG_trNEGATIVE51356,0.11323987692594528
NEG_trNEGATIVE65918,0.2590586841106415
NEG_trNEGATIVE96105,0.06550956517457962
NEG_trNEGATIVE39276,0.01959267258644104
NEG_trNEGATIVE34865,0.8764769434928894
NEG_trNEGATIVE80976,0.014809342101216316
NEG_trNEGATIVE78102,0.05574861913919449
NEG_trNEGATIVE30453,0.9749947786331177
NEG_trNEGATIVE64723,0.29167085886001587
NEG_trNEGATIVE45583,0.14626246690750122
NEG_trNEGATIVE59291,0.1341058313846588
NEG_trNEGATIVE81335,0.09540652483701706
NEG_trNEGATIVE101278,0.06941267102956772
NEG_trNEGATIVE43155,0.2990107536315918
NEG_trNEGATIVE52892,0.010541821829974651
NEG_trNEGATIVE53608,0.6277533173561096
NEG_trNEGATIVE71562,0.11919073760509491
NEG_trNEGATIVE101284,0.157476544380188
NEG_trNEGATIVE56366,0.4556005597114563
NEG_trNEGATIVE97749,0.7903550863265991
NEG_trNEGATIVE47947,0.6934330463409424
NEG_trNEGATIVE64959,0.29963254928588867
NEG_trNEGATIVE77005,0.5393361449241638
NEG_trNEGATIVE42249,0.5295228362083435
NEG_trNEGATIVE34139,0.0917627215385437
NEG_trNEGATIVE86070,0.013438441790640354
NEG_trNEGATIVE44170,0.015288577415049076
NEG_trNEGATIVE75839,0.011257440783083439
NEG_trNEGATIVE51922,0.7399341464042664
NEG_trNEGATIVE48267,0.37746894359588623
NEG_trNEGATIVE68425,0.06735523045063019
NEG_trNEGATIVE45796,0.013233433477580547
NEG_trNEGATIVE90255,0.9651393890380859
NEG_trNEGATIVE95835,0.1102067306637764
NEG_trNEGATIVE81753,0.03799910843372345
NEG_trNEGATIVE89408,0.02217189595103264
NEG_trNEGATIVE90237,0.014258564449846745
NEG_trNEGATIVE84429,0.034572113305330276
NEG_trNEGATIVE36288,0.24051830172538757
NEG_trNEGATIVE75696,0.14615797996520996
NEG_trNEGATIVE100107,0.26071110367774963
NEG_trNEGATIVE92954,0.09597986191511154
NEG_trNEGATIVE81969,0.3214696943759918
NEG_trNEGATIVE88661,0.015540037304162979
NEG_trNEGATIVE64743,0.7233629822731018
NEG_trNEGATIVE96539,0.04173886030912399
NEG_trNEGATIVE62716,0.0591578371822834
NEG_trNEGATIVE45525,0.013290503062307835
NEG_trNEGATIVE49197,0.6532505750656128
NEG_trNEGATIVE39260,0.09994242340326309
NEG_trNEGATIVE35864,0.3245547413825989
NEG_trNEGATIVE94232,0.987302303314209
NEG_trNEGATIVE55118,0.0707971528172493
NEG_trNEGATIVE32500,0.5039283633232117
NEG_trNEGATIVE71052,0.06501805037260056
NEG_trNEGATIVE41837,0.017912907525897026
NEG_trNEGATIVE98449,0.09543811529874802
NEG_trNEGATIVE34592,0.010095089673995972
NEG_trNEGATIVE85276,0.7733911275863647
NEG_trNEGATIVE98656,0.011901955120265484
NEG_trNEGATIVE65716,0.9597955942153931
NEG_trNEGATIVE41845,0.036545634269714355
NEG_trNEGATIVE62928,0.35935795307159424
NEG_trNEGATIVE52244,0.9673851728439331
NEG_trNEGATIVE70997,0.17972585558891296
NEG_trNEGATIVE38194,0.9397483468055725
NEG_trNEGATIVE101700,0.1438320279121399
NEG_trNEGATIVE96370,0.6966549754142761
NEG_trNEGATIVE65465,0.9900774955749512
NEG_trNEGATIVE84715,0.057574883103370667
NEG_trNEGATIVE48124,0.6489092111587524
NEG_trNEGATIVE57629,0.9526507258415222
NEG_trNEGATIVE50338,0.13192376494407654
NEG_trNEGATIVE35404,0.11646385490894318
NEG_trNEGATIVE32227,0.053318846970796585
NEG_trNEGATIVE77606,0.22408944368362427
NEG_trNEGATIVE97568,0.11591370403766632
NEG_trNEGATIVE31015,0.4558351933956146
NEG_trNEGATIVE49826,0.27630388736724854
NEG_trNEGATIVE100838,0.04365190863609314
NEG_trNEGATIVE93105,0.9817809462547302
NEG_trNEGATIVE34341,0.2529054582118988
NEG_trNEGATIVE101412,0.3208913207054138
NEG_trNEGATIVE36154,0.013178286142647266
NEG_trNEGATIVE75818,0.9478875994682312
NEG_trNEGATIVE59543,0.3730132579803467
NEG_trNEGATIVE30330,0.22802715003490448
NEG_trNEGATIVE99311,0.009180550463497639
NEG_trNEGATIVE87853,0.03488127887248993
NEG_trNEGATIVE79762,0.1742384433746338
NEG_trNEGATIVE36947,0.016897263005375862
NEG_trNEGATIVE89847,0.26493141055107117
NEG_trNEGATIVE72442,0.4872259497642517
NEG_trNEGATIVE71246,0.4663117229938507
NEG_trNEGATIVE83948,0.009396002627909184
NEG_trNEGATIVE36226,0.29790666699409485
NEG_trNEGATIVE77611,0.1151479110121727
NEG_trNEGATIVE52399,0.043460018932819366
NEG_trNEGATIVE91133,0.0827583521604538
NEG_trNEGATIVE67437,0.0964706689119339
NEG_trNEGATIVE60486,0.01181544829159975
NEG_trNEGATIVE58195,0.06549769639968872
NEG_trNEGATIVE61502,0.2665189504623413
NEG_trNEGATIVE39792,0.21295765042304993
NEG_trNEGATIVE88139,0.6933814883232117
NEG_trNEGATIVE75807,0.37521135807037354
NEG_trNEGATIVE86199,0.5888291597366333
NEG_trNEGATIVE100012,0.03601672872900963
NEG_trNEGATIVE88781,0.13395288586616516
NEG_trNEGATIVE36927,0.10107281059026718
NEG_trNEGATIVE100633,0.04535750672221184
NEG_trNEGATIVE101900,0.011713222600519657
NEG_trNEGATIVE102023,0.03145911172032356
NEG_trNEGATIVE59542,0.016931334510445595
NEG_trNEGATIVE47364,0.392352432012558
NEG_trNEGATIVE38981,0.5639638900756836
NEG_trNEGATIVE98877,0.6206536889076233
NEG_trNEGATIVE76788,0.5065683126449585
NEG_trNEGATIVE100645,0.40025514364242554
NEG_trNEGATIVE36815,0.08632449060678482
NEG_trNEGATIVE64018,0.6808568835258484
NEG_trNEGATIVE62029,0.058015383780002594
NEG_trNEGATIVE77990,0.9454702138900757
NEG_trNEGATIVE87117,0.04426707327365875
NEG_trNEGATIVE54689,0.8990305066108704
NEG_trNEGATIVE78254,0.020887965336441994
NEG_trNEGATIVE31438,0.28584322333335876
NEG_trNEGATIVE62105,0.4240105152130127
NEG_trNEGATIVE31261,0.09669427573680878
NEG_trNEGATIVE44699,0.21789608895778656
NEG_trNEGATIVE60364,0.638799250125885
NEG_trNEGATIVE66739,0.06642218679189682
NEG_trNEGATIVE75211,0.8218970894813538
NEG_trNEGATIVE75479,0.009749799966812134
NEG_trNEGATIVE70131,0.00921788439154625
NEG_trNEGATIVE69335,0.35675880312919617
NEG_trNEGATIVE59955,0.42361608147621155
NEG_trNEGATIVE93592,0.03884425759315491
NEG_trNEGATIVE48777,0.009680149145424366
NEG_trNEGATIVE28817,0.020329955965280533
NEG_trNEGATIVE92008,0.9887800812721252
NEG_trNEGATIVE66485,0.23123343288898468
NEG_trNEGATIVE37701,0.03560815379023552
NEG_trNEGATIVE82066,0.1614396870136261
NEG_trNEGATIVE30265,0.024865975603461266
NEG_trNEGATIVE44715,0.017506981268525124
NEG_trNEGATIVE37637,0.09412594884634018
NEG_trNEGATIVE88738,0.1953737437725067
NEG_trNEGATIVE82685,0.9749137759208679
NEG_trNEGATIVE78658,0.09650461375713348
NEG_trNEGATIVE69195,0.011186789721250534
NEG_trNEGATIVE46084,0.6041104793548584
NEG_trNEGATIVE86333,0.010160560719668865
NEG_trNEGATIVE31674,0.735012412071228
NEG_trNEGATIVE48701,0.025171803310513496
NEG_trNEGATIVE42677,0.01908663846552372
NEG_trNEGATIVE79481,0.9824400544166565
NEG_trNEGATIVE38493,0.4925103187561035
NEG_trNEGATIVE44657,0.01576322503387928
NEG_trNEGATIVE80280,0.21105130016803741
NEG_trNEGATIVE38366,0.3788118064403534
NEG_trNEGATIVE101468,0.505256175994873
NEG_trNEGATIVE91703,0.7044058442115784
NEG_trNEGATIVE52443,0.08289089053869247
NEG_trNEGATIVE67531,0.009435661137104034
NEG_trNEGATIVE31172,0.01455314364284277
NEG_trNEGATIVE70934,0.01858772523701191
NEG_trNEGATIVE67142,0.019372886046767235
NEG_trNEGATIVE35687,0.12637250125408173
NEG_trNEGATIVE74030,0.11416228860616684
NEG_trNEGATIVE65731,0.251557856798172
NEG_trNEGATIVE93235,0.0642673671245575
NEG_trNEGATIVE42080,0.19131647050380707
NEG_trNEGATIVE62706,0.010223341174423695
NEG_trNEGATIVE86305,0.009492315351963043
NEG_trNEGATIVE36156,0.35325637459754944
NEG_trNEGATIVE83034,0.10308534651994705
NEG_trNEGATIVE34066,0.04863053187727928
NEG_trNEGATIVE79489,0.03229944780468941
NEG_trNEGATIVE35165,0.03999096527695656
NEG_trNEGATIVE65788,0.05837424844503403
NEG_trNEGATIVE59021,0.9309988617897034
NEG_trNEGATIVE97386,0.011671791784465313
NEG_trNEGATIVE91781,0.034383051097393036
NEG_trNEGATIVE100147,0.023314792662858963
NEG_trNEGATIVE95515,0.042190153151750565
NEG_trNEGATIVE34647,0.23021583259105682
NEG_trNEGATIVE84098,0.49687451124191284
NEG_trNEGATIVE43086,0.020807161927223206
NEG_trNEGATIVE91520,0.6680029034614563
NEG_trNEGATIVE42182,0.01479612197726965
NEG_trNEGATIVE39254,0.8708937764167786
NEG_trNEGATIVE98598,0.09496492892503738
NEG_trNEGATIVE101602,0.060748059302568436
NEG_trNEGATIVE102368,0.435217022895813
NEG_trNEGATIVE64715,0.2739672362804413
NEG_trNEGATIVE63036,0.25926774740219116
NEG_trNEGATIVE55270,0.5572683215141296
NEG_trNEGATIVE45235,0.20384173095226288
NEG_trNEGATIVE67505,0.2394840270280838
NEG_trNEGATIVE30259,0.7936218976974487
NEG_trNEGATIVE67517,0.11742417514324188
NEG_trNEGATIVE78918,0.2013123333454132
NEG_trNEGATIVE46482,0.018516194075345993
NEG_trNEGATIVE30808,0.02705403044819832
NEG_trNEGATIVE81382,0.042327024042606354
NEG_trNEGATIVE67402,0.032575707882642746
NEG_trNEGATIVE35222,0.7479856610298157
NEG_trNEGATIVE57359,0.1624177247285843
NEG_trNEGATIVE29069,0.23057423532009125
NEG_trNEGATIVE79753,0.05988900735974312
NEG_trNEGATIVE50188,0.9855517148971558
NEG_trNEGATIVE56125,0.9568989872932434
NEG_trNEGATIVE74603,0.013586585409939289
NEG_trNEGATIVE94073,0.1374315470457077
NEG_trNEGATIVE96694,0.9673439264297485
NEG_trNEGATIVE93689,0.05335281416773796
NEG_trNEGATIVE45659,0.01517266035079956
NEG_trNEGATIVE64697,0.07188867032527924
NEG_trNEGATIVE33900,0.1266140341758728
NEG_trNEGATIVE93828,0.07043961435556412
NEG_trNEGATIVE95931,0.9893783330917358
NEG_trNEGATIVE66390,0.502679169178009
NEG_trNEGATIVE49185,0.012750104069709778
NEG_trNEGATIVE72375,0.1449652910232544
NEG_trNEGATIVE60149,0.010014289058744907
NEG_trNEGATIVE38424,0.044320449233055115
NEG_trNEGATIVE56047,0.009054489433765411
NEG_trNEGATIVE91861,0.014239114709198475
NEG_trNEGATIVE51574,0.12180866301059723
NEG_trNEGATIVE94818,0.35681015253067017
NEG_trNEGATIVE74461,0.024757135659456253
NEG_trNEGATIVE96298,0.010492116212844849
NEG_trNEGATIVE74436,0.7227362990379333
NEG_trNEGATIVE69430,0.19938784837722778
NEG_trNEGATIVE49322,0.057507917284965515
NEG_trNEGATIVE96368,0.18399764597415924
NEG_trNEGATIVE95106,0.040236495435237885
NEG_trNEGATIVE62676,0.012166352942585945
NEG_trNEGATIVE92288,0.02404560148715973
NEG_trNEGATIVE91027,0.07118308544158936
NEG_trNEGATIVE93893,0.07704299688339233
NEG_trNEGATIVE79387,0.833035945892334
NEG_trNEGATIVE81483,0.03141118586063385
NEG_trNEGATIVE56650,0.04009689390659332
NEG_trNEGATIVE81816,0.014559696428477764
NEG_trNEGATIVE61762,0.08902743458747864
NEG_trNEGATIVE35416,0.5357464551925659
NEG_trNEGATIVE67073,0.013818452134728432
NEG_trNEGATIVE69836,0.9742083549499512
NEG_trNEGATIVE64367,0.026806266978383064
NEG_trNEGATIVE59456,0.3083253800868988
NEG_trNEGATIVE65400,0.011035307310521603
NEG_trNEGATIVE76774,0.958533525466919
NEG_trNEGATIVE74918,0.08581503480672836
NEG_trNEGATIVE84292,0.9139352440834045
NEG_trNEGATIVE39127,0.009914479218423367
NEG_trNEGATIVE27711,0.019833596423268318
NEG_trNEGATIVE86584,0.06982056051492691
NEG_trNEGATIVE88233,0.014645491726696491
NEG_trNEGATIVE90331,0.30120232701301575
NEG_trNEGATIVE82174,0.8310934901237488
NEG_trNEGATIVE44072,0.031068949028849602
NEG_trNEGATIVE56939,0.015084397979080677
NEG_trNEGATIVE73254,0.011361049488186836
NEG_trNEGATIVE69114,0.962769091129303
NEG_trNEGATIVE96576,0.06503115594387054
NEG_trNEGATIVE95701,0.05239715427160263
NEG_trNEGATIVE69489,0.011949765495955944
NEG_trNEGATIVE55992,0.8867120146751404
NEG_trNEGATIVE58405,0.3492433428764343
NEG_trNEGATIVE65576,0.013765444047749043
NEG_trNEGATIVE64135,0.07084362953901291
NEG_trNEGATIVE72289,0.08476429432630539
NEG_trNEGATIVE85672,0.009993542917072773
NEG_trNEGATIVE50849,0.009050888009369373
NEG_trNEGATIVE74526,0.18030421435832977
NEG_trNEGATIVE66454,0.22341753542423248
NEG_trNEGATIVE54009,0.06158291921019554
NEG_trNEGATIVE68382,0.011727709323167801
NEG_trNEGATIVE51908,0.047225721180438995
NEG_trNEGATIVE97157,0.5201442241668701
NEG_trNEGATIVE64053,0.2590181231498718
NEG_trNEGATIVE92307,0.012906299903988838
NEG_trNEGATIVE38253,0.08827081322669983
NEG_trNEGATIVE71305,0.2697249948978424
NEG_trNEGATIVE58984,0.6587457656860352
NEG_trNEGATIVE79866,0.42006367444992065
NEG_trNEGATIVE42399,0.3557664155960083
NEG_trNEGATIVE77980,0.026588980108499527
NEG_trNEGATIVE79202,0.0434051975607872
NEG_trNEGATIVE47336,0.21659226715564728
NEG_trNEGATIVE83403,0.07450385391712189
NEG_trNEGATIVE33532,0.633442223072052
NEG_trNEGATIVE56829,0.025077976286411285
NEG_trNEGATIVE71439,0.11331907659769058
NEG_trNEGATIVE80892,0.01248461939394474
NEG_trNEGATIVE94010,0.040280647575855255
NEG_trNEGATIVE36724,0.8873345851898193
NEG_trNEGATIVE31948,0.9828354120254517
NEG_trNEGATIVE64952,0.00937644112855196
NEG_trNEGATIVE37826,0.053070783615112305
NEG_trNEGATIVE47595,0.049075596034526825
NEG_trNEGATIVE52317,0.02800093963742256
NEG_trNEGATIVE42243,0.015190361998975277
NEG_trNEGATIVE92854,0.07569123059511185
NEG_trNEGATIVE31300,0.009065933525562286
NEG_trNEGATIVE79031,0.20472991466522217
NEG_trNEGATIVE52234,0.8441673517227173
NEG_trNEGATIVE43244,0.02095242217183113
NEG_trNEGATIVE34514,0.0766991451382637
NEG_trNEGATIVE70706,0.8448948860168457
NEG_trNEGATIVE53567,0.15357263386249542
NEG_trNEGATIVE37218,0.13542546331882477
NEG_trNEGATIVE72067,0.6349816918373108
NEG_trNEGATIVE50424,0.6381757259368896
NEG_trNEGATIVE55166,0.4236803948879242
NEG_trNEGATIVE52966,0.16311150789260864
NEG_trNEGATIVE93132,0.14316068589687347
NEG_trNEGATIVE28222,0.702753484249115
NEG_trNEGATIVE101439,0.7337495684623718
NEG_trNEGATIVE100931,0.04369237646460533
NEG_trNEGATIVE83875,0.24365350604057312
NEG_trNEGATIVE75662,0.7025389075279236
NEG_trNEGATIVE86744,0.20968785881996155
NEG_trNEGATIVE79920,0.1652776300907135
NEG_trNEGATIVE60820,0.35366979241371155
NEG_trNEGATIVE50874,0.028873441740870476
NEG_trNEGATIVE68130,0.04424270614981651
NEG_trNEGATIVE78051,0.07241562753915787
NEG_trNEGATIVE30425,0.37524229288101196
NEG_trNEGATIVE93056,0.027883192524313927
NEG_trNEGATIVE47104,0.9068611264228821
NEG_trNEGATIVE33313,0.8787769079208374
NEG_trNEGATIVE87717,0.6326176524162292
NEG_trNEGATIVE45066,0.016706254333257675
NEG_trNEGATIVE65571,0.7852367758750916
NEG_trNEGATIVE63500,0.013795156963169575
NEG_trNEGATIVE46475,0.02071542479097843
NEG_trNEGATIVE46529,0.3548981547355652
NEG_trNEGATIVE70042,0.08387527614831924
NEG_trNEGATIVE39219,0.23580358922481537
NEG_trNEGATIVE100562,0.0475720539689064
NEG_trNEGATIVE67455,0.05243930220603943
NEG_trNEGATIVE72674,0.015232956036925316
NEG_trNEGATIVE45091,0.24134981632232666
NEG_trNEGATIVE30494,0.1467033475637436
NEG_trNEGATIVE94351,0.04576291888952255
NEG_trNEGATIVE41912,0.009862239472568035
NEG_trNEGATIVE56751,0.09045147895812988
NEG_trNEGATIVE67117,0.05660172551870346
NEG_trNEGATIVE95615,0.8535576462745667
NEG_trNEGATIVE97777,0.20045241713523865
NEG_trNEGATIVE70447,0.08284415304660797
NEG_trNEGATIVE69162,0.06306282430887222
NEG_trNEGATIVE35193,0.00907111819833517
NEG_trNEGATIVE44942,0.038076478987932205
NEG_trNEGATIVE56929,0.0743633359670639
NEG_trNEGATIVE96719,0.019428353756666183
NEG_trNEGATIVE65749,0.05757256597280502
NEG_trNEGATIVE45182,0.5597785711288452
NEG_trNEGATIVE86130,0.043994076550006866
NEG_trNEGATIVE48716,0.025998296216130257
NEG_trNEGATIVE78437,0.3086598813533783
NEG_trNEGATIVE59479,0.03877238929271698
NEG_trNEGATIVE77057,0.12123799324035645
NEG_trNEGATIVE44598,0.9594982266426086
NEG_trNEGATIVE47300,0.03705215826630592
NEG_trNEGATIVE74080,0.0592026524245739
NEG_trNEGATIVE102229,0.013288909569382668
NEG_trNEGATIVE31332,0.016673777252435684
NEG_trNEGATIVE84415,0.04079015180468559
NEG_trNEGATIVE28246,0.9891785383224487
NEG_trNEGATIVE60607,0.032061152160167694
NEG_trNEGATIVE76710,0.06143881753087044
NEG_trNEGATIVE69702,0.060241494327783585
NEG_trNEGATIVE98513,0.03503228724002838
NEG_trNEGATIVE99454,0.0274604931473732
NEG_trNEGATIVE97738,0.48233771324157715
NEG_trNEGATIVE34028,0.06413092464208603
NEG_trNEGATIVE53467,0.8014933466911316
NEG_trNEGATIVE63760,0.11687111854553223
NEG_trNEGATIVE79164,0.1475694477558136
NEG_trNEGATIVE87083,0.728331983089447
NEG_trNEGATIVE56403,0.5289474129676819
NEG_trNEGATIVE79038,0.010741940699517727
NEG_trNEGATIVE88171,0.19072197377681732
NEG_trNEGATIVE73825,0.07384099066257477
NEG_trNEGATIVE94162,0.009713897481560707
NEG_trNEGATIVE49538,0.012332040816545486
NEG_trNEGATIVE34654,0.01046456303447485
NEG_trNEGATIVE39691,0.9278528094291687
NEG_trNEGATIVE97802,0.03470519930124283
NEG_trNEGATIVE94821,0.2512039840221405
NEG_trNEGATIVE45970,0.4324866831302643
NEG_trNEGATIVE63462,0.05914025008678436
NEG_trNEGATIVE73236,0.3100346028804779
NEG_trNEGATIVE78376,0.04329938814043999
NEG_trNEGATIVE76374,0.02539992146193981
NEG_trNEGATIVE102200,0.9583133459091187
NEG_trNEGATIVE51823,0.09609503298997879
NEG_trNEGATIVE44368,0.11238475143909454
NEG_trNEGATIVE69414,0.35317471623420715
NEG_trNEGATIVE62668,0.09773095697164536
NEG_trNEGATIVE27624,0.1338680386543274
NEG_trNEGATIVE75482,0.14695507287979126
NEG_trNEGATIVE96810,0.01367065217345953
NEG_trNEGATIVE74447,0.9689452052116394
NEG_trNEGATIVE76901,0.8608946204185486
NEG_trNEGATIVE97987,0.04409557580947876
NEG_trNEGATIVE75594,0.0721965953707695
NEG_trNEGATIVE58022,0.009084234945476055
NEG_trNEGATIVE66594,0.011036176234483719
NEG_trNEGATIVE82949,0.6799527406692505
NEG_trNEGATIVE38860,0.71627277135849
NEG_trNEGATIVE65196,0.03432804346084595
NEG_trNEGATIVE48206,0.2454606592655182
NEG_trNEGATIVE53034,0.6437838077545166
NEG_trNEGATIVE68695,0.5098295211791992
NEG_trNEGATIVE54736,0.0685395747423172
NEG_trNEGATIVE55137,0.963995099067688
NEG_trNEGATIVE100781,0.610365092754364
NEG_trNEGATIVE52530,0.18937093019485474
NEG_trNEGATIVE54887,0.6921213865280151
NEG_trNEGATIVE46275,0.009168526157736778
NEG_trNEGATIVE47632,0.010833905078470707
NEG_trNEGATIVE50504,0.04208136349916458
NEG_trNEGATIVE52018,0.9438756704330444
NEG_trNEGATIVE86093,0.013258705846965313
NEG_trNEGATIVE58710,0.2730956971645355
NEG_trNEGATIVE63514,0.15589265525341034
NEG_trNEGATIVE63751,0.303405225276947
NEG_trNEGATIVE81308,0.01820210926234722
NEG_trNEGATIVE78735,0.0846797302365303
NEG_trNEGATIVE81390,0.04460587725043297
NEG_trNEGATIVE28847,0.0132141700014472
NEG_trNEGATIVE60123,0.044892627745866776
NEG_trNEGATIVE81238,0.9710273146629333
NEG_trNEGATIVE102099,0.01271132193505764
NEG_trNEGATIVE44132,0.9902209043502808
NEG_trNEGATIVE67992,0.4745711088180542
NEG_trNEGATIVE72456,0.06945677101612091
NEG_trNEGATIVE75765,0.9904618859291077
NEG_trNEGATIVE100692,0.2636719048023224
NEG_trNEGATIVE50376,0.014494693838059902
NEG_trNEGATIVE89767,0.6179563403129578
NEG_trNEGATIVE68276,0.08443252742290497
NEG_trNEGATIVE45348,0.9217864871025085
NEG_trNEGATIVE76248,0.4061009883880615
NEG_trNEGATIVE47142,0.4744967818260193
NEG_trNEGATIVE41515,0.9305995106697083
NEG_trNEGATIVE37860,0.9902705550193787
NEG_trNEGATIVE99622,0.05776372179389
NEG_trNEGATIVE63823,0.9667448997497559
NEG_trNEGATIVE53611,0.016000324860215187
NEG_trNEGATIVE67779,0.06591959297657013
NEG_trNEGATIVE79714,0.09431670606136322
NEG_trNEGATIVE70956,0.023861432448029518
NEG_trNEGATIVE84895,0.8573129773139954
NEG_trNEGATIVE58350,0.05281541869044304
NEG_trNEGATIVE92055,0.9746577143669128
NEG_trNEGATIVE69382,0.1267612725496292
NEG_trNEGATIVE69998,0.08456055074930191
NEG_trNEGATIVE87400,0.1616300344467163
NEG_trNEGATIVE63110,0.013285254128277302
NEG_trNEGATIVE58274,0.03762098401784897
NEG_trNEGATIVE95722,0.0423097126185894
NEG_trNEGATIVE80751,0.11445043236017227
NEG_trNEGATIVE80716,0.028901590034365654
NEG_trNEGATIVE98479,0.15517127513885498
NEG_trNEGATIVE39853,0.7671253681182861
NEG_trNEGATIVE95089,0.04519444331526756
NEG_trNEGATIVE32612,0.03918436914682388
NEG_trNEGATIVE96662,0.009170428849756718
NEG_trNEGATIVE96434,0.010330979712307453
NEG_trNEGATIVE71115,0.029924120754003525
NEG_trNEGATIVE101826,0.07213038206100464
NEG_trNEGATIVE69390,0.9804344177246094
NEG_trNEGATIVE27696,0.05485351011157036
NEG_trNEGATIVE90639,0.054688382893800735
NEG_trNEGATIVE55121,0.9890998601913452
NEG_trNEGATIVE34862,0.03695956990122795
NEG_trNEGATIVE31346,0.024931078776717186
NEG_trNEGATIVE28050,0.35502228140830994
NEG_trNEGATIVE46248,0.831871509552002
NEG_trNEGATIVE37545,0.987053394317627
NEG_trNEGATIVE58102,0.04877462983131409
NEG_trNEGATIVE91218,0.009514753706753254
NEG_trNEGATIVE82879,0.11319088935852051
NEG_trNEGATIVE91108,0.033397920429706573
NEG_trNEGATIVE66718,0.11496488004922867
NEG_trNEGATIVE77913,0.02896917797625065
NEG_trNEGATIVE78029,0.04529305920004845
NEG_trNEGATIVE57575,0.07957474887371063
NEG_trNEGATIVE87370,0.29421064257621765
NEG_trNEGATIVE89727,0.5689857006072998
NEG_trNEGATIVE97805,0.033494733273983
NEG_trNEGATIVE96171,0.7843547463417053
NEG_trNEGATIVE101401,0.22652409970760345
NEG_trNEGATIVE56081,0.6972553133964539
NEG_trNEGATIVE80251,0.3130194842815399
NEG_trNEGATIVE102671,0.9791709184646606
NEG_trNEGATIVE72438,0.29283830523490906
NEG_trNEGATIVE94953,0.42038196325302124
NEG_trNEGATIVE100296,0.6862351298332214
NEG_trNEGATIVE90567,0.07199349254369736
NEG_trNEGATIVE45498,0.025636518374085426
NEG_trNEGATIVE51911,0.19155441224575043
NEG_trNEGATIVE83584,0.09943404048681259
NEG_trNEGATIVE29728,0.13620394468307495
NEG_trNEGATIVE101223,0.6264885663986206
NEG_trNEGATIVE101644,0.7393131852149963
NEG_trNEGATIVE40346,0.32549208402633667
NEG_trNEGATIVE66677,0.23569053411483765
NEG_trNEGATIVE98782,0.022556090727448463
NEG_trNEGATIVE88066,0.01692735217511654
NEG_trNEGATIVE81189,0.12687614560127258
NEG_trNEGATIVE94016,0.982696533203125
NEG_trNEGATIVE71138,0.9444785118103027
NEG_trNEGATIVE92602,0.6842348575592041
NEG_trNEGATIVE33994,0.4513576328754425
NEG_trNEGATIVE40588,0.1169697493314743
NEG_trNEGATIVE90408,0.7951574921607971
NEG_trNEGATIVE93371,0.16810941696166992
NEG_trNEGATIVE35934,0.042518604546785355
NEG_trNEGATIVE86416,0.3319163918495178
NEG_trNEGATIVE101239,0.039377931505441666
NEG_trNEGATIVE101683,0.09639357775449753
NEG_trNEGATIVE42617,0.028439655900001526
NEG_trNEGATIVE96940,0.015801504254341125
NEG_trNEGATIVE94063,0.16014058887958527
NEG_trNEGATIVE53375,0.6151689887046814
NEG_trNEGATIVE83608,0.9514784812927246
NEG_trNEGATIVE56432,0.945624589920044
NEG_trNEGATIVE72742,0.2024025022983551
NEG_trNEGATIVE99296,0.9059869647026062
NEG_trNEGATIVE99586,0.8520926833152771
NEG_trNEGATIVE34742,0.9437987804412842
NEG_trNEGATIVE75990,0.010375057347118855
NEG_trNEGATIVE55883,0.31857120990753174
NEG_trNEGATIVE44167,0.012030396610498428
NEG_trNEGATIVE76813,0.023669784888625145
NEG_trNEGATIVE84819,0.25515615940093994
NEG_trNEGATIVE52626,0.013036978431046009
NEG_trNEGATIVE49537,0.9262954592704773
NEG_trNEGATIVE65267,0.9664871096611023
NEG_trNEGATIVE57277,0.12268466502428055
NEG_trNEGATIVE67461,0.42402908205986023
NEG_trNEGATIVE38957,0.4305993616580963
NEG_trNEGATIVE28772,0.07404226064682007
NEG_trNEGATIVE49297,0.0546761117875576
NEG_trNEGATIVE37328,0.8986968994140625
NEG_trNEGATIVE50973,0.04968643561005592
NEG_trNEGATIVE66060,0.030144238844513893
NEG_trNEGATIVE33472,0.06486061215400696
NEG_trNEGATIVE56823,0.1512187123298645
NEG_trNEGATIVE51982,0.09375693649053574
NEG_trNEGATIVE64102,0.039885908365249634
NEG_trNEGATIVE30755,0.009089382365345955
NEG_trNEGATIVE87318,0.17681767046451569
NEG_trNEGATIVE85287,0.1867879182100296
NEG_trNEGATIVE57085,0.009780537337064743
NEG_trNEGATIVE35110,0.0808577910065651
NEG_trNEGATIVE72705,0.7845651507377625
NEG_trNEGATIVE99649,0.019698919728398323
NEG_trNEGATIVE36801,0.881191611289978
NEG_trNEGATIVE43944,0.01075710728764534
NEG_trNEGATIVE101966,0.054224856197834015
NEG_trNEGATIVE74115,0.08108633756637573
NEG_trNEGATIVE45752,0.032495997846126556
NEG_trNEGATIVE54268,0.009289316833019257
NEG_trNEGATIVE49465,0.5231395363807678
NEG_trNEGATIVE83335,0.8316816091537476
NEG_trNEGATIVE74785,0.6146523952484131
NEG_trNEGATIVE46897,0.14998920261859894
NEG_trNEGATIVE84300,0.9598012566566467
NEG_trNEGATIVE98539,0.21689094603061676
NEG_trNEGATIVE43013,0.009266485460102558
NEG_trNEGATIVE83464,0.19750210642814636
NEG_trNEGATIVE93569,0.1254080832004547
NEG_trNEGATIVE38371,0.027070343494415283
NEG_trNEGATIVE37957,0.09421468526124954
NEG_trNEGATIVE77036,0.030267788097262383
NEG_trNEGATIVE71513,0.8883131146430969
NEG_trNEGATIVE64236,0.048124343156814575
NEG_trNEGATIVE63278,0.0960380956530571
NEG_trNEGATIVE87158,0.026537297293543816
NEG_trNEGATIVE40163,0.04301216080784798
NEG_trNEGATIVE92408,0.9663926959037781
NEG_trNEGATIVE40823,0.11591646075248718
NEG_trNEGATIVE54890,0.9596354365348816
NEG_trNEGATIVE79619,0.009382609277963638
NEG_trNEGATIVE36139,0.1297616958618164
NEG_trNEGATIVE65798,0.3835856318473816
NEG_trNEGATIVE88499,0.022908132523298264
NEG_trNEGATIVE79573,0.5164949893951416
NEG_trNEGATIVE44358,0.9772091507911682
NEG_trNEGATIVE90002,0.06781470775604248
NEG_trNEGATIVE56643,0.11841336637735367
NEG_trNEGATIVE68554,0.1709412783384323
NEG_trNEGATIVE87308,0.05819154158234596
NEG_trNEGATIVE80548,0.00985565222799778
NEG_trNEGATIVE74610,0.10550772398710251
NEG_trNEGATIVE52994,0.40276408195495605
NEG_trNEGATIVE64306,0.02622370980679989
NEG_trNEGATIVE88787,0.11123524606227875
NEG_trNEGATIVE88642,0.011531529948115349
NEG_trNEGATIVE86282,0.5998560190200806
NEG_trNEGATIVE68320,0.014508788473904133
NEG_trNEGATIVE53656,0.20306698977947235
NEG_trNEGATIVE81699,0.9449236989021301
NEG_trNEGATIVE42973,0.013022683560848236
NEG_trNEGATIVE30449,0.04460667073726654
NEG_trNEGATIVE30440,0.2471458613872528
NEG_trNEGATIVE70267,0.258176326751709
NEG_trNEGATIVE68052,0.01600548066198826
NEG_trNEGATIVE46113,0.026483876630663872
NEG_trNEGATIVE67124,0.023399563506245613
NEG_trNEGATIVE35790,0.09139091521501541
NEG_trNEGATIVE54415,0.2428341656923294
NEG_trNEGATIVE95555,0.8548924922943115
NEG_trNEGATIVE29294,0.1345788538455963
NEG_trNEGATIVE50123,0.6671464443206787
NEG_trNEGATIVE34911,0.17716573178768158
NEG_trNEGATIVE42963,0.04588323459029198
NEG_trNEGATIVE82143,0.14563560485839844
NEG_trNEGATIVE82722,0.10710405558347702
NEG_trNEGATIVE42687,0.01309721264988184
NEG_trNEGATIVE60950,0.026132259517908096
NEG_trNEGATIVE46224,0.8112395405769348
NEG_trNEGATIVE101890,0.08676750957965851
NEG_trNEGATIVE62721,0.00906588975340128
NEG_trNEGATIVE42110,0.021412348374724388
NEG_trNEGATIVE98920,0.194397434592247
NEG_trNEGATIVE73562,0.02665562555193901
NEG_trNEGATIVE57225,0.10051611065864563
NEG_trNEGATIVE44273,0.5540040731430054
NEG_trNEGATIVE83507,0.9446424245834351
NEG_trNEGATIVE75383,0.05099641904234886
NEG_trNEGATIVE84696,0.9404683113098145
NEG_trNEGATIVE81986,0.15254391729831696
NEG_trNEGATIVE46189,0.01759513095021248
NEG_trNEGATIVE85610,0.034503910690546036
NEG_trNEGATIVE38378,0.36774373054504395
NEG_trNEGATIVE81211,0.01562481839209795
NEG_trNEGATIVE37331,0.04873606190085411
NEG_trNEGATIVE96926,0.7945852279663086
NEG_trNEGATIVE28334,0.10948224365711212
NEG_trNEGATIVE83122,0.03708415850996971
NEG_trNEGATIVE47980,0.6704489588737488
NEG_trNEGATIVE89774,0.00908942986279726
NEG_trNEGATIVE55178,0.02342888154089451
NEG_trNEGATIVE31811,0.07974500209093094
NEG_trNEGATIVE41442,0.5544521808624268
NEG_trNEGATIVE67582,0.01499081775546074
NEG_trNEGATIVE99072,0.009053622372448444
NEG_trNEGATIVE55956,0.09861724078655243
NEG_trNEGATIVE93313,0.7221420407295227
NEG_trNEGATIVE98955,0.3025663197040558
NEG_trNEGATIVE56128,0.43669772148132324
NEG_trNEGATIVE79273,0.6650271415710449
NEG_trNEGATIVE90771,0.6347718834877014
NEG_trNEGATIVE52775,0.026227368041872978
NEG_trNEGATIVE87521,0.154551163315773
NEG_trNEGATIVE76091,0.5842109322547913
NEG_trNEGATIVE54373,0.9265616536140442
NEG_trNEGATIVE43306,0.5063633322715759
NEG_trNEGATIVE86666,0.012034477666020393
NEG_trNEGATIVE54980,0.04580829665064812
NEG_trNEGATIVE72638,0.0954500362277031
NEG_trNEGATIVE92127,0.3147626221179962
NEG_trNEGATIVE30046,0.041703637689352036
NEG_trNEGATIVE89785,0.010554184205830097
NEG_trNEGATIVE100576,0.9585611820220947
NEG_trNEGATIVE78595,0.1183132529258728
NEG_trNEGATIVE82446,0.10738091170787811
NEG_trNEGATIVE42728,0.9903300404548645
NEG_trNEGATIVE40533,0.687960684299469
NEG_trNEGATIVE96090,0.05716153234243393
NEG_trNEGATIVE38254,0.009179353713989258
NEG_trNEGATIVE49489,0.11092593520879745
NEG_trNEGATIVE50096,0.04900405928492546
NEG_trNEGATIVE96823,0.009317848831415176
NEG_trNEGATIVE91919,0.551127016544342
NEG_trNEGATIVE99702,0.025914862751960754
NEG_trNEGATIVE69116,0.36423954367637634
NEG_trNEGATIVE57146,0.08495668321847916
NEG_trNEGATIVE32365,0.269957959651947
NEG_trNEGATIVE96331,0.8244192004203796
NEG_trNEGATIVE87947,0.2340683788061142
NEG_trNEGATIVE55065,0.9697951674461365
NEG_trNEGATIVE81950,0.791111171245575
NEG_trNEGATIVE93756,0.01900249719619751
NEG_trNEGATIVE100864,0.011380926705896854
NEG_trNEGATIVE92922,0.6651143431663513
NEG_trNEGATIVE79435,0.0374244786798954
NEG_trNEGATIVE87260,0.3695288598537445
NEG_trNEGATIVE56374,0.029578646644949913
NEG_trNEGATIVE30704,0.16601555049419403
NEG_trNEGATIVE72814,0.28650394082069397
NEG_trNEGATIVE80858,0.015682760626077652
NEG_trNEGATIVE79021,0.018594341352581978
NEG_trNEGATIVE99065,0.03505673259496689
NEG_trNEGATIVE83774,0.06425876170396805
NEG_trNEGATIVE31314,0.024115730077028275
NEG_trNEGATIVE61357,0.04213153198361397
NEG_trNEGATIVE89562,0.07032573223114014
NEG_trNEGATIVE30304,0.1835547834634781
NEG_trNEGATIVE92335,0.050980404019355774
NEG_trNEGATIVE77190,0.5556026697158813
NEG_trNEGATIVE87704,0.7457851767539978
NEG_trNEGATIVE75792,0.08248458802700043
NEG_trNEGATIVE40152,0.018799638375639915
NEG_trNEGATIVE78591,0.024283265694975853
NEG_trNEGATIVE76896,0.1327635645866394
NEG_trNEGATIVE73904,0.1949472278356552
NEG_trNEGATIVE76068,0.5756438970565796
NEG_trNEGATIVE94469,0.012844881974160671
NEG_trNEGATIVE63131,0.19763514399528503
NEG_trNEGATIVE33656,0.022393204271793365
NEG_trNEGATIVE82842,0.028623096644878387
NEG_trNEGATIVE90824,0.06470045447349548
NEG_trNEGATIVE61202,0.03236361965537071
NEG_trNEGATIVE48694,0.9014416337013245
NEG_trNEGATIVE44775,0.05998683348298073
NEG_trNEGATIVE71898,0.35781487822532654
NEG_trNEGATIVE73448,0.6764426827430725
NEG_trNEGATIVE41899,0.854641854763031
NEG_trNEGATIVE58449,0.28661948442459106
NEG_trNEGATIVE95262,0.9769880175590515
NEG_trNEGATIVE88433,0.3983367085456848
NEG_trNEGATIVE100453,0.4246246814727783
NEG_trNEGATIVE89716,0.14548638463020325
NEG_trNEGATIVE43968,0.033056799322366714
NEG_trNEGATIVE37632,0.9844931364059448
NEG_trNEGATIVE80746,0.8707489371299744
NEG_trNEGATIVE84946,0.8149993419647217
NEG_trNEGATIVE92161,0.03929639235138893
NEG_trNEGATIVE44308,0.9219387769699097
NEG_trNEGATIVE32244,0.01640816405415535
NEG_trNEGATIVE38323,0.9621084332466125
NEG_trNEGATIVE66706,0.8838425278663635
NEG_trNEGATIVE66519,0.667415976524353
NEG_trNEGATIVE59121,0.04755189269781113
NEG_trNEGATIVE72807,0.32957062125205994
NEG_trNEGATIVE39006,0.27063727378845215
NEG_trNEGATIVE88900,0.034532614052295685
NEG_trNEGATIVE99862,0.12234222888946533
NEG_trNEGATIVE101062,0.01380056794732809
NEG_trNEGATIVE97032,0.615874171257019
NEG_trNEGATIVE97994,0.5845464468002319
NEG_trNEGATIVE81185,0.16330520808696747
NEG_trNEGATIVE46472,0.07765589654445648
NEG_trNEGATIVE81415,0.017678631469607353
NEG_trNEGATIVE99175,0.027007590979337692
NEG_trNEGATIVE101313,0.07613375782966614
NEG_trNEGATIVE67303,0.034811414778232574
NEG_trNEGATIVE32847,0.04189443960785866
NEG_trNEGATIVE29460,0.038537874817848206
NEG_trNEGATIVE102203,0.2153782695531845
NEG_trNEGATIVE31903,0.2819232642650604
NEG_trNEGATIVE63078,0.1557368040084839
NEG_trNEGATIVE79967,0.10427931696176529
NEG_trNEGATIVE46070,0.017927248030900955
NEG_trNEGATIVE30835,0.8326665759086609
NEG_trNEGATIVE71374,0.09000048041343689
NEG_trNEGATIVE89667,0.2248421311378479
NEG_trNEGATIVE47671,0.012695168145000935
NEG_trNEGATIVE31855,0.07042452692985535
NEG_trNEGATIVE81285,0.933641254901886
NEG_trNEGATIVE91037,0.01020135823637247
NEG_trNEGATIVE37821,0.3739299476146698
NEG_trNEGATIVE87701,0.7809378504753113
NEG_trNEGATIVE85376,0.9907539486885071
NEG_trNEGATIVE54210,0.10027386993169785
NEG_trNEGATIVE60036,0.2388574630022049
NEG_trNEGATIVE53121,0.03314879536628723
NEG_trNEGATIVE73890,0.04430539160966873
NEG_trNEGATIVE72287,0.8017177581787109
NEG_trNEGATIVE77017,0.787108302116394
NEG_trNEGATIVE84870,0.7399451732635498
NEG_trNEGATIVE84401,0.4331682026386261
NEG_trNEGATIVE34252,0.051432397216558456
NEG_trNEGATIVE99235,0.7869545817375183
NEG_trNEGATIVE98729,0.06859927624464035
NEG_trNEGATIVE93540,0.942736029624939
NEG_trNEGATIVE60566,0.03666384890675545
NEG_trNEGATIVE33442,0.06527834385633469
NEG_trNEGATIVE67089,0.01294983085244894
NEG_trNEGATIVE41688,0.5446029305458069
NEG_trNEGATIVE40980,0.9759048819541931
NEG_trNEGATIVE76071,0.23198990523815155
NEG_trNEGATIVE70084,0.06731449067592621
NEG_trNEGATIVE71937,0.009475450031459332
NEG_trNEGATIVE48299,0.024839818477630615
NEG_trNEGATIVE92304,0.2547721266746521
NEG_trNEGATIVE98774,0.8750656247138977
NEG_trNEGATIVE35130,0.018968472257256508
NEG_trNEGATIVE92208,0.009361964650452137
NEG_trNEGATIVE45604,0.08857794851064682
NEG_trNEGATIVE45060,0.2643822133541107
NEG_trNEGATIVE47430,0.09697869420051575
NEG_trNEGATIVE102732,0.1261494904756546
NEG_trNEGATIVE67034,0.03597339242696762
NEG_trNEGATIVE36752,0.016694922000169754
NEG_trNEGATIVE85633,0.8405260443687439
NEG_trNEGATIVE33817,0.05798814073204994
NEG_trNEGATIVE28617,0.009110248647630215
NEG_trNEGATIVE43662,0.6511215567588806
NEG_trNEGATIVE37914,0.009061671793460846
NEG_trNEGATIVE53667,0.054152294993400574
NEG_trNEGATIVE74642,0.16995134949684143
NEG_trNEGATIVE52832,0.009108212776482105
NEG_trNEGATIVE50284,0.009315794333815575
NEG_trNEGATIVE29177,0.10011402517557144
NEG_trNEGATIVE97447,0.12159218639135361
NEG_trNEGATIVE42727,0.6206325888633728
NEG_trNEGATIVE87476,0.050386056303977966
NEG_trNEGATIVE54002,0.14115041494369507
NEG_trNEGATIVE43334,0.06926877051591873
NEG_trNEGATIVE97041,0.1853155940771103
NEG_trNEGATIVE102199,0.027746744453907013
NEG_trNEGATIVE97534,0.009937056340277195
NEG_trNEGATIVE97632,0.03228606656193733
NEG_trNEGATIVE38671,0.07088791579008102
NEG_trNEGATIVE82169,0.5396092534065247
NEG_trNEGATIVE73854,0.9787209033966064
NEG_trNEGATIVE27596,0.9897969365119934
NEG_trNEGATIVE44337,0.9363096356391907
NEG_trNEGATIVE91682,0.14583410322666168
NEG_trNEGATIVE42965,0.02143406681716442
NEG_trNEGATIVE66347,0.04634076729416847
NEG_trNEGATIVE69352,0.030905326828360558
NEG_trNEGATIVE57787,0.8374651670455933
NEG_trNEGATIVE37954,0.4839080572128296
NEG_trNEGATIVE40204,0.7554423213005066
NEG_trNEGATIVE96289,0.9809142351150513
NEG_trNEGATIVE95991,0.019711323082447052
NEG_trNEGATIVE43266,0.9045211672782898
NEG_trNEGATIVE40068,0.017242470756173134
NEG_trNEGATIVE90302,0.758228600025177
NEG_trNEGATIVE33339,0.010880250483751297
NEG_trNEGATIVE94635,0.047330450266599655
NEG_trNEGATIVE43660,0.01580636203289032
NEG_trNEGATIVE57492,0.2679039537906647
NEG_trNEGATIVE31301,0.06442362815141678
NEG_trNEGATIVE31110,0.0790206640958786
NEG_trNEGATIVE81685,0.035406067967414856
NEG_trNEGATIVE68549,0.04509623348712921
NEG_trNEGATIVE70173,0.969172477722168
NEG_trNEGATIVE87097,0.12504753470420837
NEG_trNEGATIVE57964,0.9022395610809326
NEG_trNEGATIVE27791,0.0992041528224945
NEG_trNEGATIVE38207,0.6293113231658936
NEG_trNEGATIVE97053,0.23366713523864746
NEG_trNEGATIVE71694,0.9432411789894104
NEG_trNEGATIVE60373,0.10568469017744064
NEG_trNEGATIVE31404,0.02381558157503605
NEG_trNEGATIVE28263,0.6453680992126465
NEG_trNEGATIVE79675,0.01906275749206543
NEG_trNEGATIVE49614,0.020515691488981247
NEG_trNEGATIVE39155,0.012603349052369595
NEG_trNEGATIVE84196,0.8689593076705933
NEG_trNEGATIVE37447,0.04234767332673073
NEG_trNEGATIVE99324,0.018010536208748817
NEG_trNEGATIVE45453,0.20430034399032593
NEG_trNEGATIVE62894,0.30645591020584106
NEG_trNEGATIVE71633,0.6742554306983948
NEG_trNEGATIVE50823,0.03150259330868721
NEG_trNEGATIVE29668,0.7952299118041992
NEG_trNEGATIVE48720,0.5533851981163025
NEG_trNEGATIVE71861,0.6144090294837952
NEG_trNEGATIVE33693,0.28884458541870117
NEG_trNEGATIVE54877,0.06438694894313812
NEG_trNEGATIVE87442,0.06410834193229675
NEG_trNEGATIVE60458,0.0091047752648592
NEG_trNEGATIVE102595,0.2206859141588211
NEG_trNEGATIVE38548,0.009809284470975399
NEG_trNEGATIVE32522,0.1818440556526184
NEG_trNEGATIVE39466,0.08889589458703995
NEG_trNEGATIVE67063,0.3069480061531067
NEG_trNEGATIVE83908,0.06284302473068237
NEG_trNEGATIVE41659,0.035270702093839645
NEG_trNEGATIVE100311,0.13746538758277893
NEG_trNEGATIVE94760,0.8697746396064758
NEG_trNEGATIVE77390,0.0369105264544487
NEG_trNEGATIVE101729,0.009403799660503864
NEG_trNEGATIVE90276,0.03692461922764778
NEG_trNEGATIVE90687,0.009998805820941925
NEG_trNEGATIVE102675,0.024110376834869385
NEG_trNEGATIVE87090,0.11060631275177002
NEG_trNEGATIVE70892,0.025483379140496254
NEG_trNEGATIVE96654,0.9899495244026184
NEG_trNEGATIVE54479,0.9720906615257263
NEG_trNEGATIVE82664,0.06273580342531204
NEG_trNEGATIVE86785,0.5651955604553223
NEG_trNEGATIVE73302,0.06119929626584053
NEG_trNEGATIVE70464,0.020399615168571472
NEG_trNEGATIVE102607,0.19647322595119476
NEG_trNEGATIVE55096,0.9472814798355103
NEG_trNEGATIVE53986,0.3843122720718384
NEG_trNEGATIVE41384,0.9248875379562378
NEG_trNEGATIVE70754,0.8409786224365234
NEG_trNEGATIVE45625,0.6167908906936646
NEG_trNEGATIVE81578,0.16422133147716522
NEG_trNEGATIVE100703,0.05566159635782242
NEG_trNEGATIVE62373,0.08415108919143677
NEG_trNEGATIVE84830,0.01650482416152954
NEG_trNEGATIVE41004,0.9708954095840454
NEG_trNEGATIVE64234,0.19737577438354492
NEG_trNEGATIVE93111,0.5845201015472412
NEG_trNEGATIVE80640,0.016838014125823975
NEG_trNEGATIVE59359,0.44415968656539917
NEG_trNEGATIVE60656,0.019914591684937477
NEG_trNEGATIVE68025,0.0528218112885952
NEG_trNEGATIVE30481,0.13381493091583252
NEG_trNEGATIVE83622,0.9867038726806641
NEG_trNEGATIVE64716,0.11349398642778397
NEG_trNEGATIVE46537,0.40175923705101013
NEG_trNEGATIVE93480,0.39778244495391846
NEG_trNEGATIVE83649,0.207637757062912
NEG_trNEGATIVE72967,0.0348445326089859
NEG_trNEGATIVE98741,0.05290429666638374
NEG_trNEGATIVE47753,0.2840910255908966
NEG_trNEGATIVE94364,0.06291848421096802
NEG_trNEGATIVE76936,0.8870375752449036
NEG_trNEGATIVE87817,0.010350069031119347
NEG_trNEGATIVE96278,0.9661677479743958
NEG_trNEGATIVE71361,0.20593710243701935
NEG_trNEGATIVE93869,0.08133673667907715
NEG_trNEGATIVE42620,0.042676959186792374
NEG_trNEGATIVE91421,0.03449803963303566
NEG_trNEGATIVE47966,0.06813692301511765
NEG_trNEGATIVE68701,0.012767652980983257
NEG_trNEGATIVE42601,0.01880822330713272
NEG_trNEGATIVE61190,0.9800166487693787
NEG_trNEGATIVE77350,0.03317400440573692
NEG_trNEGATIVE66660,0.02066471055150032
NEG_trNEGATIVE46180,0.8432174921035767
NEG_trNEGATIVE37292,0.2594662308692932
NEG_trNEGATIVE102039,0.17035123705863953
NEG_trNEGATIVE81233,0.3362700939178467
NEG_trNEGATIVE66415,0.40173110365867615
NEG_trNEGATIVE85512,0.7125224471092224
NEG_trNEGATIVE67850,0.038304783403873444
NEG_trNEGATIVE66944,0.2485838085412979
NEG_trNEGATIVE93045,0.9862895011901855
NEG_trNEGATIVE64300,0.027064958587288857
NEG_trNEGATIVE40424,0.9630473852157593
NEG_trNEGATIVE56465,0.016334520652890205
NEG_trNEGATIVE61477,0.2012469321489334
NEG_trNEGATIVE42932,0.009781936183571815
NEG_trNEGATIVE43505,0.014499280601739883
NEG_trNEGATIVE35355,0.11577948182821274
NEG_trNEGATIVE80956,0.5195868611335754
NEG_trNEGATIVE54767,0.04506271332502365
NEG_trNEGATIVE56523,0.06739359349012375
NEG_trNEGATIVE32641,0.2683509886264801
NEG_trNEGATIVE62349,0.5071972608566284
NEG_trNEGATIVE91154,0.015960492193698883
NEG_trNEGATIVE33611,0.03099965676665306
NEG_trNEGATIVE53486,0.043576136231422424
NEG_trNEGATIVE55322,0.04651239886879921
NEG_trNEGATIVE58989,0.18669268488883972
NEG_trNEGATIVE38094,0.4740093946456909
NEG_trNEGATIVE59789,0.05316630378365517
NEG_trNEGATIVE72756,0.6364131569862366
NEG_trNEGATIVE36014,0.1161152720451355
NEG_trNEGATIVE61557,0.09308445453643799
NEG_trNEGATIVE64424,0.009316695854067802
NEG_trNEGATIVE62031,0.02671908400952816
NEG_trNEGATIVE33192,0.20998483896255493
NEG_trNEGATIVE87491,0.7464857697486877
NEG_trNEGATIVE89913,0.026244601234793663
NEG_trNEGATIVE74632,0.20627325773239136
NEG_trNEGATIVE87351,0.6879210472106934
NEG_trNEGATIVE43831,0.9124894738197327
NEG_trNEGATIVE100527,0.10068327933549881
NEG_trNEGATIVE31778,0.053395070135593414
NEG_trNEGATIVE82036,0.5152571201324463
NEG_trNEGATIVE97242,0.018276788294315338
NEG_trNEGATIVE99946,0.21461638808250427
NEG_trNEGATIVE28006,0.010213160887360573
NEG_trNEGATIVE66536,0.009471306577324867
NEG_trNEGATIVE64587,0.028680134564638138
NEG_trNEGATIVE28417,0.03321602940559387
NEG_trNEGATIVE68587,0.8406587839126587
NEG_trNEGATIVE70196,0.016664844006299973
NEG_trNEGATIVE39316,0.9863612055778503
NEG_trNEGATIVE99765,0.1880093663930893
NEG_trNEGATIVE51266,0.03754294291138649
NEG_trNEGATIVE60384,0.13767486810684204
NEG_trNEGATIVE101987,0.04919454827904701
NEG_trNEGATIVE72261,0.07243140786886215
NEG_trNEGATIVE29811,0.038648784160614014
NEG_trNEGATIVE84597,0.04203828051686287
NEG_trNEGATIVE65251,0.3052368760108948
NEG_trNEGATIVE85952,0.3636544942855835
NEG_trNEGATIVE70698,0.9101071953773499
NEG_trNEGATIVE92688,0.23096071183681488
NEG_trNEGATIVE48879,0.5393514633178711
NEG_trNEGATIVE45740,0.0216474961489439
NEG_trNEGATIVE47801,0.6462399959564209
NEG_trNEGATIVE39981,0.01690755784511566
NEG_trNEGATIVE97875,0.6967960596084595
NEG_trNEGATIVE90289,0.03697678819298744
NEG_trNEGATIVE95453,0.009077146649360657
NEG_trNEGATIVE101241,0.061433322727680206
NEG_trNEGATIVE76469,0.9348974227905273
NEG_trNEGATIVE65233,0.025461124256253242
NEG_trNEGATIVE100547,0.8834983110427856
NEG_trNEGATIVE98373,0.022050200030207634
NEG_trNEGATIVE36653,0.03762352094054222
NEG_trNEGATIVE61021,0.24533741176128387
NEG_trNEGATIVE40742,0.011144906282424927
NEG_trNEGATIVE90440,0.2583369016647339
NEG_trNEGATIVE76968,0.05021803826093674
NEG_trNEGATIVE36000,0.960421085357666
NEG_trNEGATIVE78370,0.009064716286957264
NEG_trNEGATIVE77370,0.04234417527914047
NEG_trNEGATIVE36696,0.020709894597530365
NEG_trNEGATIVE72420,0.05181393772363663
NEG_trNEGATIVE85542,0.05877278745174408
NEG_trNEGATIVE45138,0.5047849416732788
NEG_trNEGATIVE90961,0.04060759022831917
NEG_trNEGATIVE52230,0.019797716289758682
NEG_trNEGATIVE70534,0.06690704077482224
NEG_trNEGATIVE87471,0.14659962058067322
NEG_trNEGATIVE83511,0.021469449624419212
NEG_trNEGATIVE90317,0.8804071545600891
NEG_trNEGATIVE93394,0.3431544601917267
NEG_trNEGATIVE59638,0.2175002098083496
NEG_trNEGATIVE99676,0.15878137946128845
NEG_trNEGATIVE59274,0.02596372365951538
NEG_trNEGATIVE49047,0.4660453796386719
NEG_trNEGATIVE62945,0.017219150438904762
NEG_trNEGATIVE82515,0.030799901112914085
NEG_trNEGATIVE94663,0.8563936948776245
NEG_trNEGATIVE46665,0.013842971995472908
NEG_trNEGATIVE75283,0.1535549908876419
NEG_trNEGATIVE78416,0.11599474400281906
NEG_trNEGATIVE89874,0.010355297476053238
NEG_trNEGATIVE57701,0.016818519681692123
NEG_trNEGATIVE79590,0.023492222651839256
NEG_trNEGATIVE91413,0.02932736836373806
NEG_trNEGATIVE54987,0.05717160552740097
NEG_trNEGATIVE69136,0.24415072798728943
NEG_trNEGATIVE101030,0.18513822555541992
NEG_trNEGATIVE85788,0.23971547186374664
NEG_trNEGATIVE89470,0.1774367243051529
NEG_trNEGATIVE77307,0.10270767658948898
NEG_trNEGATIVE88011,0.04198334738612175
NEG_trNEGATIVE98994,0.43575477600097656
NEG_trNEGATIVE98559,0.05745736137032509
NEG_trNEGATIVE75204,0.03080826997756958
NEG_trNEGATIVE46941,0.020685788244009018
NEG_trNEGATIVE43206,0.5514566898345947
NEG_trNEGATIVE35081,0.06670555472373962
NEG_trNEGATIVE71388,0.710567831993103
NEG_trNEGATIVE53279,0.21935942769050598
NEG_trNEGATIVE30691,0.7628455758094788
NEG_trNEGATIVE71331,0.09533334523439407
NEG_trNEGATIVE63742,0.018554016947746277
NEG_trNEGATIVE55003,0.9325080513954163
NEG_trNEGATIVE50647,0.009057078510522842
NEG_trNEGATIVE46371,0.12152155488729477
NEG_trNEGATIVE92373,0.8663558959960938
NEG_trNEGATIVE97223,0.013808664865791798
NEG_trNEGATIVE82830,0.09943250566720963
NEG_trNEGATIVE47482,0.011633668094873428
NEG_trNEGATIVE83565,0.01048264093697071
NEG_trNEGATIVE64453,0.16593751311302185
NEG_trNEGATIVE98430,0.026779798790812492
NEG_trNEGATIVE38212,0.009833463467657566
NEG_trNEGATIVE92582,0.024016709998250008
NEG_trNEGATIVE28299,0.16459223628044128
NEG_trNEGATIVE45852,0.03695761784911156
NEG_trNEGATIVE57142,0.1307917833328247
NEG_trNEGATIVE63475,0.03034864366054535
NEG_trNEGATIVE61923,0.256305992603302
NEG_trNEGATIVE29291,0.10810333490371704
NEG_trNEGATIVE86831,0.09406118094921112
NEG_trNEGATIVE32565,0.033928073942661285
NEG_trNEGATIVE54867,0.14683504402637482
NEG_trNEGATIVE68028,0.8345691561698914
NEG_trNEGATIVE47137,0.31970885396003723
NEG_trNEGATIVE84856,0.06054709851741791
NEG_trNEGATIVE91441,0.10119321197271347
NEG_trNEGATIVE102352,0.06252522021532059
NEG_trNEGATIVE41975,0.04867900535464287
NEG_trNEGATIVE101707,0.21812579035758972
NEG_trNEGATIVE99519,0.043672822415828705
NEG_trNEGATIVE50051,0.07760864496231079
NEG_trNEGATIVE60068,0.06750570982694626
NEG_trNEGATIVE76009,0.009073304012417793
NEG_trNEGATIVE36087,0.031146038323640823
NEG_trNEGATIVE30297,0.07142961770296097
NEG_trNEGATIVE44570,0.9279049634933472
NEG_trNEGATIVE51853,0.009215881116688251
NEG_trNEGATIVE64118,0.009150600992143154
NEG_trNEGATIVE85580,0.16028080880641937
NEG_trNEGATIVE71344,0.029478788375854492
NEG_trNEGATIVE40710,0.061483144760131836
NEG_trNEGATIVE76139,0.14728601276874542
NEG_trNEGATIVE102322,0.03900650516152382
NEG_trNEGATIVE32933,0.01145770400762558
NEG_trNEGATIVE53242,0.01713738404214382
NEG_trNEGATIVE98059,0.2664174437522888
NEG_trNEGATIVE61599,0.9708577394485474
NEG_trNEGATIVE54902,0.12944892048835754
NEG_trNEGATIVE95674,0.009345466271042824
NEG_trNEGATIVE58742,0.2543613910675049
NEG_trNEGATIVE67443,0.8150454759597778
NEG_trNEGATIVE56445,0.08199810981750488
NEG_trNEGATIVE37723,0.15887923538684845
NEG_trNEGATIVE70884,0.7571186423301697
NEG_trNEGATIVE49902,0.18530939519405365
NEG_trNEGATIVE80439,0.0891597643494606
NEG_trNEGATIVE67664,0.061800189316272736
NEG_trNEGATIVE88203,0.1802373230457306
NEG_trNEGATIVE64633,0.2474050223827362
NEG_trNEGATIVE41646,0.3515706956386566
NEG_trNEGATIVE57313,0.029255518689751625
NEG_trNEGATIVE80221,0.09203246980905533
NEG_trNEGATIVE82980,0.050997234880924225
NEG_trNEGATIVE100956,0.41931942105293274
NEG_trNEGATIVE83031,0.05911727249622345
NEG_trNEGATIVE43574,0.015043852850794792
NEG_trNEGATIVE47404,0.05335981026291847
NEG_trNEGATIVE28820,0.050713494420051575
NEG_trNEGATIVE61121,0.13686737418174744
NEG_trNEGATIVE61912,0.01990138366818428
NEG_trNEGATIVE58096,0.04657953605055809
NEG_trNEGATIVE62801,0.5325433611869812
NEG_trNEGATIVE28959,0.040584366768598557
NEG_trNEGATIVE86183,0.08320146799087524
NEG_trNEGATIVE54029,0.021350551396608353
NEG_trNEGATIVE69773,0.16234815120697021
NEG_trNEGATIVE70894,0.5247633457183838
NEG_trNEGATIVE32876,0.1003139317035675
NEG_trNEGATIVE89141,0.09696243703365326
NEG_trNEGATIVE72588,0.9594895839691162
NEG_trNEGATIVE72223,0.31290510296821594
NEG_trNEGATIVE100504,0.6408393979072571
NEG_trNEGATIVE88698,0.048205532133579254
NEG_trNEGATIVE101622,0.031084729358553886
NEG_trNEGATIVE97682,0.804603636264801
NEG_trNEGATIVE83601,0.009241229854524136
NEG_trNEGATIVE87289,0.10970766842365265
NEG_trNEGATIVE32544,0.0578620582818985
NEG_trNEGATIVE43392,0.26813021302223206
NEG_trNEGATIVE91918,0.15769711136817932
NEG_trNEGATIVE64901,0.20935966074466705
NEG_trNEGATIVE89653,0.179022878408432
NEG_trNEGATIVE30600,0.05399595573544502
NEG_trNEGATIVE71150,0.7419987916946411
NEG_trNEGATIVE81807,0.0696343183517456
NEG_trNEGATIVE82819,0.0779813602566719
NEG_trNEGATIVE83396,0.012445744127035141
NEG_trNEGATIVE35098,0.34921446442604065
NEG_trNEGATIVE37384,0.06939548254013062
NEG_trNEGATIVE36302,0.05178263783454895
NEG_trNEGATIVE55604,0.9084582924842834
NEG_trNEGATIVE63605,0.04678286984562874
NEG_trNEGATIVE99875,0.9228113293647766
NEG_trNEGATIVE77537,0.1301575005054474
NEG_trNEGATIVE44693,0.9830493330955505
NEG_trNEGATIVE88977,0.8037909865379333
NEG_trNEGATIVE58963,0.030771290883421898
NEG_trNEGATIVE30339,0.03605150058865547
NEG_trNEGATIVE60173,0.023863552138209343
NEG_trNEGATIVE81993,0.011830644682049751
NEG_trNEGATIVE51673,0.03200852498412132
NEG_trNEGATIVE88628,0.18481990694999695
NEG_trNEGATIVE90881,0.01726260967552662
NEG_trNEGATIVE61733,0.2305207997560501
NEG_trNEGATIVE44664,0.11415836215019226
NEG_trNEGATIVE92346,0.017594050616025925
NEG_trNEGATIVE92537,0.4250374734401703
NEG_trNEGATIVE67481,0.6890482306480408
NEG_trNEGATIVE58726,0.05111079663038254
NEG_trNEGATIVE89587,0.08187563717365265
NEG_trNEGATIVE64241,0.02696050889790058
NEG_trNEGATIVE69358,0.8404531478881836
NEG_trNEGATIVE42872,0.6013457775115967
NEG_trNEGATIVE71204,0.08371971547603607
NEG_trNEGATIVE72691,0.009080951102077961
NEG_trNEGATIVE79528,0.009929806925356388
NEG_trNEGATIVE94456,0.10040272772312164
NEG_trNEGATIVE81231,0.040797073394060135
NEG_trNEGATIVE40889,0.13473017513751984
NEG_trNEGATIVE99710,0.12192711234092712
NEG_trNEGATIVE39557,0.06064501777291298
NEG_trNEGATIVE64769,0.06548479199409485
NEG_trNEGATIVE52034,0.9548071622848511
NEG_trNEGATIVE91481,0.027163881808519363
NEG_trNEGATIVE60913,0.05673561245203018
NEG_trNEGATIVE81708,0.5232298970222473
NEG_trNEGATIVE42312,0.06993498653173447
NEG_trNEGATIVE72346,0.8024099469184875
NEG_trNEGATIVE100433,0.4550010561943054
NEG_trNEGATIVE74699,0.033504877239465714
NEG_trNEGATIVE92572,0.8207212090492249
NEG_trNEGATIVE80623,0.05066593736410141
NEG_trNEGATIVE68694,0.7282848358154297
NEG_trNEGATIVE87504,0.9834235310554504
NEG_trNEGATIVE100888,0.14131945371627808
NEG_trNEGATIVE87931,0.05421584099531174
NEG_trNEGATIVE46479,0.44828155636787415
NEG_trNEGATIVE87512,0.2754233479499817
NEG_trNEGATIVE48759,0.14058011770248413
NEG_trNEGATIVE64439,0.3840326964855194
NEG_trNEGATIVE59922,0.03732195496559143
NEG_trNEGATIVE60937,0.009099088609218597
NEG_trNEGATIVE39573,0.03884714096784592
NEG_trNEGATIVE48303,0.12537945806980133
NEG_trNEGATIVE96418,0.04892388731241226
NEG_trNEGATIVE97555,0.0915907546877861
NEG_trNEGATIVE32251,0.984230101108551
NEG_trNEGATIVE33399,0.439597487449646
NEG_trNEGATIVE95839,0.07206780463457108
NEG_trNEGATIVE52072,0.3544372320175171
NEG_trNEGATIVE78770,0.17389149963855743
NEG_trNEGATIVE85683,0.34297120571136475
NEG_trNEGATIVE56298,0.21585044264793396
NEG_trNEGATIVE92041,0.10828832536935806
NEG_trNEGATIVE40716,0.5490959286689758
NEG_trNEGATIVE63204,0.06735221296548843
NEG_trNEGATIVE81858,0.9447896480560303
NEG_trNEGATIVE85227,0.1412329226732254
NEG_trNEGATIVE83702,0.09798964112997055
NEG_trNEGATIVE58390,0.07221533358097076
NEG_trNEGATIVE101064,0.04753786325454712
NEG_trNEGATIVE77897,0.11806047707796097
NEG_trNEGATIVE96676,0.04235111549496651
NEG_trNEGATIVE89889,0.13426214456558228
NEG_trNEGATIVE57465,0.010118039324879646
NEG_trNEGATIVE57924,0.06330489367246628
NEG_trNEGATIVE51730,0.039342962205410004
NEG_trNEGATIVE94304,0.01228264905512333
NEG_trNEGATIVE58329,0.3794322907924652
NEG_trNEGATIVE34839,0.22187261283397675
NEG_trNEGATIVE66429,0.11825081706047058
NEG_trNEGATIVE83093,0.13817757368087769
NEG_trNEGATIVE98804,0.1913415789604187
NEG_trNEGATIVE40773,0.6233111023902893
NEG_trNEGATIVE75261,0.2748233675956726
NEG_trNEGATIVE50591,0.21358254551887512
NEG_trNEGATIVE54101,0.3361701965332031
NEG_trNEGATIVE85548,0.097954161465168
NEG_trNEGATIVE63836,0.8369794487953186
NEG_trNEGATIVE77181,0.0272616408765316
NEG_trNEGATIVE40867,0.9785084128379822
NEG_trNEGATIVE72928,0.027252448722720146
NEG_trNEGATIVE66322,0.9884828329086304
NEG_trNEGATIVE71818,0.00933854654431343
NEG_trNEGATIVE39185,0.48548606038093567
NEG_trNEGATIVE41457,0.023047005757689476
NEG_trNEGATIVE49268,0.2698196470737457
NEG_trNEGATIVE58502,0.52748042345047
NEG_trNEGATIVE77208,0.011370871216058731
NEG_trNEGATIVE62371,0.030078062787652016
NEG_trNEGATIVE70793,0.348873496055603
NEG_trNEGATIVE77063,0.009064378216862679
NEG_trNEGATIVE98947,0.03765728324651718
NEG_trNEGATIVE30912,0.8803479671478271
NEG_trNEGATIVE27492,0.526386559009552
NEG_trNEGATIVE29825,0.018888765946030617
NEG_trNEGATIVE95203,0.0936184674501419
NEG_trNEGATIVE52537,0.9140632748603821
NEG_trNEGATIVE96080,0.0329321026802063
NEG_trNEGATIVE77271,0.43747201561927795
NEG_trNEGATIVE84693,0.009479057975113392
NEG_trNEGATIVE80109,0.8426767587661743
NEG_trNEGATIVE59357,0.05823748558759689
NEG_trNEGATIVE35400,0.020296942442655563
NEG_trNEGATIVE66036,0.03439697250723839
NEG_trNEGATIVE100511,0.21925927698612213
NEG_trNEGATIVE57041,0.04079100862145424
NEG_trNEGATIVE64220,0.07898632436990738
NEG_trNEGATIVE85743,0.177737295627594
NEG_trNEGATIVE100846,0.9858156442642212
NEG_trNEGATIVE95321,0.42932483553886414
NEG_trNEGATIVE85455,0.9478417634963989
NEG_trNEGATIVE35612,0.12278898805379868
NEG_trNEGATIVE51502,0.023765835911035538
NEG_trNEGATIVE67576,0.07320556789636612
NEG_trNEGATIVE101657,0.20934844017028809
NEG_trNEGATIVE67515,0.015354258008301258
NEG_trNEGATIVE78359,0.17270444333553314
NEG_trNEGATIVE59859,0.07435011863708496
NEG_trNEGATIVE80400,0.03745443373918533
NEG_trNEGATIVE52931,0.009954195469617844
NEG_trNEGATIVE35005,0.011939303949475288
NEG_trNEGATIVE61137,0.05190526321530342
NEG_trNEGATIVE56752,0.03975316509604454
NEG_trNEGATIVE90057,0.17846642434597015
NEG_trNEGATIVE76393,0.4483535587787628
NEG_trNEGATIVE63406,0.9659621715545654
NEG_trNEGATIVE37726,0.06607170403003693
NEG_trNEGATIVE86557,0.1146719753742218
NEG_trNEGATIVE68641,0.2629934251308441
NEG_trNEGATIVE38983,0.11376161873340607
NEG_trNEGATIVE49497,0.07734551280736923
NEG_trNEGATIVE70705,0.00942089781165123
NEG_trNEGATIVE28814,0.00933064054697752
NEG_trNEGATIVE53087,0.03214368596673012
NEG_trNEGATIVE53204,0.21250827610492706
NEG_trNEGATIVE71931,0.009133621118962765
NEG_trNEGATIVE60526,0.9596616625785828
NEG_trNEGATIVE58675,0.7424297332763672
NEG_trNEGATIVE92489,0.4011683464050293
NEG_trNEGATIVE60962,0.06680870056152344
NEG_trNEGATIVE57619,0.4665924608707428
NEG_trNEGATIVE55825,0.17715096473693848
NEG_trNEGATIVE69389,0.015536010265350342
NEG_trNEGATIVE88112,0.3584350645542145
NEG_trNEGATIVE41832,0.40815040469169617
NEG_trNEGATIVE85851,0.9627475738525391
NEG_trNEGATIVE76826,0.01755612902343273
NEG_trNEGATIVE34154,0.9797277450561523
NEG_trNEGATIVE37845,0.5189398527145386
NEG_trNEGATIVE78614,0.06110038608312607
NEG_trNEGATIVE80543,0.009920529089868069
NEG_trNEGATIVE71401,0.4278121888637543
NEG_trNEGATIVE64877,0.04066895693540573
NEG_trNEGATIVE96358,0.39394411444664
NEG_trNEGATIVE93139,0.09865810722112656
NEG_trNEGATIVE97487,0.633405327796936
NEG_trNEGATIVE42819,0.6333814263343811
NEG_trNEGATIVE76056,0.2511237561702728
NEG_trNEGATIVE84832,0.08698972314596176
NEG_trNEGATIVE54384,0.07609190791845322
NEG_trNEGATIVE67099,0.046721406280994415
NEG_trNEGATIVE44694,0.08748597651720047
NEG_trNEGATIVE76013,0.24360792338848114
NEG_trNEGATIVE84896,0.19724680483341217
NEG_trNEGATIVE97131,0.029114454984664917
NEG_trNEGATIVE92752,0.08278316259384155
NEG_trNEGATIVE84557,0.8280960321426392
NEG_trNEGATIVE70905,0.21514855325222015
NEG_trNEGATIVE99766,0.5531949996948242
NEG_trNEGATIVE33334,0.03817040100693703
NEG_trNEGATIVE87496,0.2328515201807022
NEG_trNEGATIVE31541,0.36929452419281006
NEG_trNEGATIVE79244,0.14571204781532288
NEG_trNEGATIVE93923,0.9461066126823425
NEG_trNEGATIVE96554,0.603226900100708
NEG_trNEGATIVE52139,0.07198955118656158
NEG_trNEGATIVE69649,0.010126066394150257
NEG_trNEGATIVE49134,0.018182894214987755
NEG_trNEGATIVE41368,0.04988051578402519
NEG_trNEGATIVE75785,0.06159282848238945
NEG_trNEGATIVE50638,0.035755403339862823
NEG_trNEGATIVE38110,0.20526061952114105
NEG_trNEGATIVE72708,0.0975135862827301
NEG_trNEGATIVE28746,0.009106543846428394
NEG_trNEGATIVE99224,0.30888426303863525
NEG_trNEGATIVE60716,0.13729912042617798
NEG_trNEGATIVE47515,0.020698143169283867
NEG_trNEGATIVE54602,0.012226680293679237
NEG_trNEGATIVE39961,0.010406016372144222
NEG_trNEGATIVE82520,0.02126321941614151
NEG_trNEGATIVE87432,0.7906360030174255
NEG_trNEGATIVE78827,0.33054816722869873
NEG_trNEGATIVE83814,0.017408667132258415
NEG_trNEGATIVE39818,0.09804606437683105
NEG_trNEGATIVE88134,0.058931805193424225
NEG_trNEGATIVE85867,0.11034376919269562
NEG_trNEGATIVE100386,0.04765992611646652
NEG_trNEGATIVE35075,0.024503879249095917
NEG_trNEGATIVE58246,0.07933404296636581
NEG_trNEGATIVE50749,0.17169003188610077
NEG_trNEGATIVE62843,0.019256573170423508
NEG_trNEGATIVE85063,0.10997222363948822
NEG_trNEGATIVE35456,0.08734375983476639
NEG_trNEGATIVE85152,0.031210949644446373
NEG_trNEGATIVE55653,0.20500801503658295
NEG_trNEGATIVE56008,0.1388063132762909
NEG_trNEGATIVE89096,0.43662378191947937
NEG_trNEGATIVE75605,0.9075483679771423
NEG_trNEGATIVE50631,0.09396273642778397
NEG_trNEGATIVE72821,0.9799392819404602
NEG_trNEGATIVE102302,0.03698798269033432
NEG_trNEGATIVE67331,0.02114338055253029
NEG_trNEGATIVE63272,0.021315570920705795
NEG_trNEGATIVE33913,0.03310878202319145
NEG_trNEGATIVE63980,0.9826870560646057
NEG_trNEGATIVE43406,0.01675466075539589
NEG_trNEGATIVE44871,0.13044896721839905
NEG_trNEGATIVE63614,0.02908794768154621
NEG_trNEGATIVE53475,0.01993187703192234
NEG_trNEGATIVE97116,0.11867383122444153
NEG_trNEGATIVE44319,0.009923672303557396
NEG_trNEGATIVE35732,0.0123518668115139
NEG_trNEGATIVE36438,0.053425393998622894
NEG_trNEGATIVE39967,0.0738440528512001
NEG_trNEGATIVE88024,0.03131389990448952
NEG_trNEGATIVE99878,0.010056132450699806
NEG_trNEGATIVE39004,0.01648802123963833
NEG_trNEGATIVE54996,0.2003900557756424
NEG_trNEGATIVE28749,0.06689457595348358
NEG_trNEGATIVE71425,0.0968015193939209
NEG_trNEGATIVE42281,0.4660206437110901
NEG_trNEGATIVE94590,0.011453663930296898
NEG_trNEGATIVE66428,0.16214317083358765
NEG_trNEGATIVE62627,0.3076120615005493
NEG_trNEGATIVE78235,0.02407887391746044
NEG_trNEGATIVE48587,0.3204473555088043
NEG_trNEGATIVE75741,0.7132593989372253
NEG_trNEGATIVE39543,0.12003021687269211
NEG_trNEGATIVE38927,0.08138811588287354
NEG_trNEGATIVE66194,0.009063911624252796
NEG_trNEGATIVE84154,0.05835217982530594
NEG_trNEGATIVE77802,0.019650837406516075
NEG_trNEGATIVE67227,0.028308112174272537
NEG_trNEGATIVE82153,0.08114731311798096
NEG_trNEGATIVE97497,0.030288027599453926
NEG_trNEGATIVE59519,0.43726062774658203
NEG_trNEGATIVE73858,0.40510573983192444
NEG_trNEGATIVE30454,0.2903721332550049
NEG_trNEGATIVE86962,0.033206839114427567
NEG_trNEGATIVE95564,0.948404848575592
NEG_trNEGATIVE95146,0.03074927255511284
NEG_trNEGATIVE70278,0.11603638529777527
NEG_trNEGATIVE31776,0.0690389946103096
NEG_trNEGATIVE63907,0.014167350716888905
NEG_trNEGATIVE71295,0.23102526366710663
NEG_trNEGATIVE82076,0.014739123173058033
NEG_trNEGATIVE95213,0.8754692077636719
NEG_trNEGATIVE33797,0.009544746950268745
NEG_trNEGATIVE75185,0.6158919334411621
NEG_trNEGATIVE70089,0.04340403527021408
NEG_trNEGATIVE73412,0.0331842377781868
NEG_trNEGATIVE77899,0.9017878770828247
NEG_trNEGATIVE65844,0.9596489071846008
NEG_trNEGATIVE34370,0.0751693919301033
NEG_trNEGATIVE100413,0.7783393859863281
NEG_trNEGATIVE62780,0.08056917041540146
NEG_trNEGATIVE65987,0.009770944714546204
NEG_trNEGATIVE44809,0.018322573974728584
NEG_trNEGATIVE62491,0.17825600504875183
NEG_trNEGATIVE28657,0.06428033113479614
NEG_trNEGATIVE89872,0.2277555763721466
NEG_trNEGATIVE89628,0.029278576374053955
NEG_trNEGATIVE57833,0.16006186604499817
NEG_trNEGATIVE78580,0.07996420562267303
NEG_trNEGATIVE81670,0.3006971478462219
NEG_trNEGATIVE42569,0.1391066312789917
NEG_trNEGATIVE93598,0.28930190205574036
NEG_trNEGATIVE33198,0.35263746976852417
NEG_trNEGATIVE43315,0.04212303087115288
NEG_trNEGATIVE100649,0.4356577396392822
NEG_trNEGATIVE53400,0.08359594643115997
NEG_trNEGATIVE87969,0.2658507227897644
NEG_trNEGATIVE100176,0.14935728907585144
NEG_trNEGATIVE85761,0.880224347114563
NEG_trNEGATIVE69009,0.14564436674118042
NEG_trNEGATIVE69185,0.04562893882393837
NEG_trNEGATIVE90247,0.3954799771308899
NEG_trNEGATIVE68369,0.012844802811741829
NEG_trNEGATIVE43771,0.3095541000366211
NEG_trNEGATIVE88247,0.02381531149148941
NEG_trNEGATIVE36803,0.8402307629585266
NEG_trNEGATIVE80087,0.013026239350438118
NEG_trNEGATIVE46695,0.036057498306035995
NEG_trNEGATIVE83267,0.34101563692092896
NEG_trNEGATIVE36275,0.009400611743330956
NEG_trNEGATIVE65197,0.0876200720667839
NEG_trNEGATIVE99599,0.10290571302175522
NEG_trNEGATIVE31297,0.6039454340934753
NEG_trNEGATIVE48972,0.9891733527183533
NEG_trNEGATIVE57126,0.7166352272033691
NEG_trNEGATIVE35188,0.8009340167045593
NEG_trNEGATIVE34527,0.046662937849760056
NEG_trNEGATIVE54523,0.39560604095458984
NEG_trNEGATIVE100493,0.16346873342990875
NEG_trNEGATIVE37175,0.2865314781665802
NEG_trNEGATIVE52262,0.34145841002464294
NEG_trNEGATIVE36525,0.26967746019363403
NEG_trNEGATIVE52553,0.21597041189670563
NEG_trNEGATIVE57546,0.14901526272296906
NEG_trNEGATIVE97775,0.016591746360063553
NEG_trNEGATIVE97770,0.016913017258048058
NEG_trNEGATIVE88773,0.025430692359805107
NEG_trNEGATIVE69216,0.1775556355714798
NEG_trNEGATIVE76370,0.10166711360216141
NEG_trNEGATIVE30812,0.055546827614307404
NEG_trNEGATIVE33584,0.25654226541519165
NEG_trNEGATIVE30842,0.05899966135621071
NEG_trNEGATIVE92287,0.24089719355106354
NEG_trNEGATIVE93454,0.6352123022079468
NEG_trNEGATIVE35778,0.07655708491802216
NEG_trNEGATIVE74053,0.3428349792957306
NEG_trNEGATIVE90895,0.009953387081623077
NEG_trNEGATIVE59820,0.6200963258743286
NEG_trNEGATIVE48949,0.9863860011100769
NEG_trNEGATIVE27794,0.01963198184967041
NEG_trNEGATIVE58334,0.6303656101226807
NEG_trNEGATIVE66008,0.04397276043891907
NEG_trNEGATIVE66276,0.9316348433494568
NEG_trNEGATIVE71805,0.22118502855300903
NEG_trNEGATIVE60371,0.8265220522880554
NEG_trNEGATIVE69022,0.10802125930786133
NEG_trNEGATIVE27597,0.09240933507680893
NEG_trNEGATIVE84864,0.0378018394112587
NEG_trNEGATIVE64510,0.05025090277194977
NEG_trNEGATIVE56415,0.1621154397726059
NEG_trNEGATIVE71826,0.13543137907981873
NEG_trNEGATIVE94910,0.9774733185768127
NEG_trNEGATIVE86864,0.03701232746243477
NEG_trNEGATIVE90839,0.03984544053673744
NEG_trNEGATIVE44859,0.02553805708885193
NEG_trNEGATIVE48177,0.129402294754982
NEG_trNEGATIVE36370,0.29521089792251587
NEG_trNEGATIVE91415,0.8130683302879333
NEG_trNEGATIVE74184,0.20213903486728668
NEG_trNEGATIVE80455,0.7933761477470398
NEG_trNEGATIVE65364,0.3918762803077698
NEG_trNEGATIVE65342,0.009937681257724762
NEG_trNEGATIVE100824,0.04312395304441452
NEG_trNEGATIVE70875,0.06093720719218254
NEG_trNEGATIVE73416,0.7304197549819946
NEG_trNEGATIVE47781,0.023009952157735825
NEG_trNEGATIVE70479,0.03272659331560135
NEG_trNEGATIVE85245,0.017772113904356956
NEG_trNEGATIVE69214,0.015174840576946735
NEG_trNEGATIVE60025,0.07338772714138031
NEG_trNEGATIVE50432,0.03239695727825165
NEG_trNEGATIVE79864,0.013828294351696968
NEG_trNEGATIVE66233,0.8046711683273315
NEG_trNEGATIVE73055,0.14652308821678162
NEG_trNEGATIVE50224,0.26558899879455566
NEG_trNEGATIVE79961,0.08524823188781738
NEG_trNEGATIVE30578,0.3266913592815399
NEG_trNEGATIVE37068,0.018075784668326378
NEG_trNEGATIVE34666,0.37433212995529175
NEG_trNEGATIVE45542,0.14339497685432434
NEG_trNEGATIVE38318,0.011288292706012726
NEG_trNEGATIVE81766,0.3198672831058502
NEG_trNEGATIVE82891,0.0835634246468544
NEG_trNEGATIVE30011,0.2988594174385071
NEG_trNEGATIVE38615,0.11297514289617538
NEG_trNEGATIVE54238,0.8348203301429749
NEG_trNEGATIVE33070,0.3327843248844147
NEG_trNEGATIVE45643,0.9552320241928101
NEG_trNEGATIVE31578,0.48895207047462463
NEG_trNEGATIVE84609,0.9658042788505554
NEG_trNEGATIVE94831,0.3995532691478729
NEG_trNEGATIVE68899,0.20526523888111115
NEG_trNEGATIVE47803,0.024350743740797043
NEG_trNEGATIVE82954,0.186587393283844
NEG_trNEGATIVE78004,0.08031307905912399
NEG_trNEGATIVE45057,0.012637574225664139
NEG_trNEGATIVE27992,0.1857234239578247
NEG_trNEGATIVE94557,0.16980990767478943
NEG_trNEGATIVE101021,0.5188679099082947
NEG_trNEGATIVE66758,0.9495442509651184
NEG_trNEGATIVE53868,0.09095962345600128
NEG_trNEGATIVE80194,0.015314456075429916
NEG_trNEGATIVE99485,0.02622057870030403
NEG_trNEGATIVE68080,0.10287778824567795
NEG_trNEGATIVE52473,0.689969539642334
NEG_trNEGATIVE51030,0.10661636292934418
NEG_trNEGATIVE49206,0.009117827750742435
NEG_trNEGATIVE48140,0.009158231317996979
NEG_trNEGATIVE101758,0.02981491945683956
NEG_trNEGATIVE35478,0.9294309020042419
NEG_trNEGATIVE68980,0.180298313498497
NEG_trNEGATIVE84403,0.9115709662437439
NEG_trNEGATIVE33805,0.04727987200021744
NEG_trNEGATIVE63354,0.21628157794475555
NEG_trNEGATIVE42506,0.048936039209365845
NEG_trNEGATIVE80890,0.04937639832496643
NEG_trNEGATIVE68997,0.7503018975257874
NEG_trNEGATIVE61722,0.1145394891500473
NEG_trNEGATIVE102032,0.8499536514282227
NEG_trNEGATIVE57314,0.2484162449836731
NEG_trNEGATIVE34405,0.05870155245065689
NEG_trNEGATIVE38022,0.982826828956604
NEG_trNEGATIVE41656,0.9572200775146484
NEG_trNEGATIVE27494,0.9418085813522339
NEG_trNEGATIVE70668,0.06610392779111862
NEG_trNEGATIVE37652,0.3903326094150543
NEG_trNEGATIVE79195,0.27007579803466797
NEG_trNEGATIVE45785,0.1691121906042099
NEG_trNEGATIVE86626,0.21107715368270874
NEG_trNEGATIVE43347,0.030974341556429863
NEG_trNEGATIVE102029,0.8798367381095886
NEG_trNEGATIVE98857,0.2552660405635834
NEG_trNEGATIVE100165,0.04864652827382088
NEG_trNEGATIVE54726,0.04041975736618042
NEG_trNEGATIVE28837,0.9800815582275391
NEG_trNEGATIVE96167,0.4689936637878418
NEG_trNEGATIVE90580,0.9818891286849976
NEG_trNEGATIVE28234,0.8651776909828186
NEG_trNEGATIVE65861,0.5219842195510864
NEG_trNEGATIVE80110,0.09476418793201447
NEG_trNEGATIVE78139,0.02729853242635727
NEG_trNEGATIVE91942,0.9089750051498413
NEG_trNEGATIVE59268,0.06991885602474213
NEG_trNEGATIVE96794,0.0700274109840393
NEG_trNEGATIVE64023,0.009829080663621426
NEG_trNEGATIVE81808,0.010909827426075935
NEG_trNEGATIVE54480,0.011318746954202652
NEG_trNEGATIVE41108,0.009792810305953026
NEG_trNEGATIVE33171,0.9624301791191101
NEG_trNEGATIVE79636,0.06130049005150795
NEG_trNEGATIVE75621,0.009499705396592617
NEG_trNEGATIVE77801,0.07696749269962311
NEG_trNEGATIVE73723,0.801470935344696
NEG_trNEGATIVE54179,0.009063045494258404
NEG_trNEGATIVE37890,0.010605201125144958
NEG_trNEGATIVE75344,0.2631758749485016
NEG_trNEGATIVE69170,0.560258686542511
NEG_trNEGATIVE59029,0.02898547425866127
NEG_trNEGATIVE45174,0.1343354880809784
NEG_trNEGATIVE97332,0.07819907367229462
NEG_trNEGATIVE102619,0.9682801961898804
NEG_trNEGATIVE37528,0.13059404492378235
NEG_trNEGATIVE57991,0.010163855738937855
NEG_trNEGATIVE73750,0.08067398518323898
NEG_trNEGATIVE80131,0.12049154937267303
NEG_trNEGATIVE67953,0.9394615292549133
NEG_trNEGATIVE38628,0.6589977741241455
NEG_trNEGATIVE58401,0.1569392830133438
NEG_trNEGATIVE27498,0.15073628723621368
NEG_trNEGATIVE27820,0.12123936414718628
NEG_trNEGATIVE86973,0.05064383149147034
NEG_trNEGATIVE51088,0.12484906613826752
NEG_trNEGATIVE70996,0.04050735384225845
NEG_trNEGATIVE69180,0.1029241532087326
NEG_trNEGATIVE42340,0.1445809155702591
NEG_trNEGATIVE53014,0.23264895379543304
NEG_trNEGATIVE51954,0.02201336808502674
NEG_trNEGATIVE57293,0.6851974725723267
NEG_trNEGATIVE41358,0.4731307923793793
NEG_trNEGATIVE31278,0.2014259546995163
NEG_trNEGATIVE62949,0.030576881021261215
NEG_trNEGATIVE47020,0.4703584909439087
NEG_trNEGATIVE31372,0.07828852534294128
NEG_trNEGATIVE60936,0.03841681033372879
NEG_trNEGATIVE67486,0.34285277128219604
NEG_trNEGATIVE32519,0.015505533665418625
NEG_trNEGATIVE96543,0.13153448700904846
NEG_trNEGATIVE82307,0.386383593082428
NEG_trNEGATIVE70403,0.019589601084589958
NEG_trNEGATIVE32125,0.04625484347343445
NEG_trNEGATIVE54945,0.7600859999656677
NEG_trNEGATIVE49402,0.05414392799139023
NEG_trNEGATIVE77234,0.009123248979449272
NEG_trNEGATIVE99105,0.32088345289230347
NEG_trNEGATIVE91732,0.04407808557152748
NEG_trNEGATIVE39694,0.012391007505357265
NEG_trNEGATIVE41201,0.04464150220155716
NEG_trNEGATIVE84159,0.5226151943206787
NEG_trNEGATIVE94431,0.3497011959552765
NEG_trNEGATIVE79289,0.11748615652322769
NEG_trNEGATIVE68839,0.40082603693008423
NEG_trNEGATIVE85783,0.9009062647819519
NEG_trNEGATIVE75562,0.8037489652633667
NEG_trNEGATIVE44293,0.14211329817771912
NEG_trNEGATIVE77310,0.19789496064186096
NEG_trNEGATIVE89118,0.019104475155472755
NEG_trNEGATIVE82267,0.012541028670966625
NEG_trNEGATIVE46573,0.1502877026796341
NEG_trNEGATIVE98478,0.3348264992237091
NEG_trNEGATIVE51925,0.21071912348270416
NEG_trNEGATIVE56020,0.2128017544746399
NEG_trNEGATIVE56625,0.1999068707227707
NEG_trNEGATIVE39672,0.7870216369628906
NEG_trNEGATIVE31639,0.015594776719808578
NEG_trNEGATIVE31373,0.02365739457309246
NEG_trNEGATIVE51121,0.01747465692460537
NEG_trNEGATIVE83944,0.00907513964921236
NEG_trNEGATIVE74668,0.10367157310247421
NEG_trNEGATIVE31671,0.6614396572113037
NEG_trNEGATIVE45635,0.03874228522181511
NEG_trNEGATIVE87474,0.9465014338493347
NEG_trNEGATIVE29192,0.10424596071243286
NEG_trNEGATIVE87514,0.034654904156923294
NEG_trNEGATIVE59377,0.13396495580673218
NEG_trNEGATIVE94572,0.8991398215293884
NEG_trNEGATIVE52751,0.017448673024773598
NEG_trNEGATIVE54818,0.9561319351196289
NEG_trNEGATIVE69680,0.060567326843738556
NEG_trNEGATIVE60202,0.23916217684745789
NEG_trNEGATIVE98225,0.11436132341623306
NEG_trNEGATIVE33907,0.4460424780845642
NEG_trNEGATIVE58312,0.17502017319202423
NEG_trNEGATIVE41308,0.2904052138328552
NEG_trNEGATIVE63744,0.018135705962777138
NEG_trNEGATIVE53226,0.1623729169368744
NEG_trNEGATIVE40637,0.013625461608171463
NEG_trNEGATIVE33124,0.15723250806331635
NEG_trNEGATIVE57902,0.7097958922386169
NEG_trNEGATIVE58863,0.02386079728603363
NEG_trNEGATIVE60551,0.9812134504318237
NEG_trNEGATIVE51447,0.44494009017944336
NEG_trNEGATIVE90312,0.027631865814328194
NEG_trNEGATIVE79045,0.04629570618271828
NEG_trNEGATIVE94939,0.9444064497947693
NEG_trNEGATIVE90697,0.33773383498191833
NEG_trNEGATIVE92192,0.2183050513267517
NEG_trNEGATIVE42982,0.016763586550951004
NEG_trNEGATIVE80205,0.025850610807538033
NEG_trNEGATIVE33023,0.13114877045154572
NEG_trNEGATIVE94332,0.5519028902053833
NEG_trNEGATIVE88170,0.04958608001470566
NEG_trNEGATIVE44516,0.05296007916331291
NEG_trNEGATIVE90894,0.08223966509103775
NEG_trNEGATIVE72250,0.01660257950425148
NEG_trNEGATIVE56681,0.033991407603025436
NEG_trNEGATIVE33325,0.1757151186466217
NEG_trNEGATIVE70382,0.013431767001748085
NEG_trNEGATIVE27946,0.9402602910995483
NEG_trNEGATIVE27894,0.010497360490262508
NEG_trNEGATIVE31316,0.017552800476551056
NEG_trNEGATIVE71193,0.1251901239156723
NEG_trNEGATIVE63991,0.19480696320533752
NEG_trNEGATIVE33165,0.009120146743953228
NEG_trNEGATIVE61063,0.9876834154129028
NEG_trNEGATIVE92232,0.04952026531100273
NEG_trNEGATIVE33327,0.8305755257606506
NEG_trNEGATIVE88599,0.026930522173643112
NEG_trNEGATIVE92449,0.3943604826927185
NEG_trNEGATIVE54249,0.9739543199539185
NEG_trNEGATIVE90816,0.6189287900924683
NEG_trNEGATIVE58276,0.4481832683086395
NEG_trNEGATIVE32828,0.11052317917346954
NEG_trNEGATIVE92362,0.010841548442840576
NEG_trNEGATIVE77824,0.06897125393152237
NEG_trNEGATIVE41093,0.820383608341217
NEG_trNEGATIVE88425,0.9901372194290161
NEG_trNEGATIVE44666,0.046900130808353424
NEG_trNEGATIVE76552,0.9008651375770569
NEG_trNEGATIVE28508,0.016837546601891518
NEG_trNEGATIVE83517,0.054847121238708496
NEG_trNEGATIVE91521,0.018515339121222496
NEG_trNEGATIVE42151,0.04276891052722931
NEG_trNEGATIVE97935,0.13742922246456146
NEG_trNEGATIVE93526,0.9337632060050964
NEG_trNEGATIVE36668,0.6876795291900635
NEG_trNEGATIVE39801,0.12592674791812897
NEG_trNEGATIVE91477,0.010004040785133839
NEG_trNEGATIVE40866,0.5166576504707336
NEG_trNEGATIVE81604,0.023821763694286346
NEG_trNEGATIVE72831,0.030786076560616493
NEG_trNEGATIVE41886,0.24404524266719818
NEG_trNEGATIVE100490,0.1342054009437561
NEG_trNEGATIVE84463,0.2763192057609558
NEG_trNEGATIVE36533,0.15889213979244232
NEG_trNEGATIVE100722,0.0846119150519371
NEG_trNEGATIVE27549,0.1506560891866684
NEG_trNEGATIVE66206,0.8045117855072021
NEG_trNEGATIVE51075,0.16156168282032013
NEG_trNEGATIVE30491,0.8328438997268677
NEG_trNEGATIVE77582,0.12409158796072006
NEG_trNEGATIVE90165,0.8357474207878113
NEG_trNEGATIVE60659,0.060442425310611725
NEG_trNEGATIVE87985,0.020816685631871223
NEG_trNEGATIVE93974,0.07524489611387253
NEG_trNEGATIVE69392,0.014504254795610905
NEG_trNEGATIVE47794,0.22016893327236176
NEG_trNEGATIVE29847,0.08015606552362442
NEG_trNEGATIVE29383,0.9384178519248962
NEG_trNEGATIVE69963,0.6905579566955566
NEG_trNEGATIVE60725,0.05065450817346573
NEG_trNEGATIVE31462,0.0911494791507721
NEG_trNEGATIVE38910,0.03440415486693382
NEG_trNEGATIVE97493,0.17852935194969177
NEG_trNEGATIVE52066,0.518987774848938
NEG_trNEGATIVE97894,0.02690434455871582
NEG_trNEGATIVE43203,0.09851915389299393
NEG_trNEGATIVE59764,0.03495430573821068
NEG_trNEGATIVE33909,0.966781735420227
NEG_trNEGATIVE58066,0.1566467583179474
NEG_trNEGATIVE44914,0.016032982617616653
NEG_trNEGATIVE71565,0.6899628043174744
NEG_trNEGATIVE82114,0.5202794075012207
NEG_trNEGATIVE35870,0.9600575566291809
NEG_trNEGATIVE85488,0.9643831849098206
NEG_trNEGATIVE89016,0.009324316866695881
NEG_trNEGATIVE47439,0.8151084184646606
NEG_trNEGATIVE77302,0.08092351257801056
NEG_trNEGATIVE92064,0.00910137314349413
NEG_trNEGATIVE44385,0.17901945114135742
NEG_trNEGATIVE99899,0.14472250640392303
NEG_trNEGATIVE93730,0.7982237935066223
NEG_trNEGATIVE33095,0.025181107223033905
NEG_trNEGATIVE99905,0.13387824594974518
NEG_trNEGATIVE90141,0.010230896063148975
NEG_trNEGATIVE34898,0.030344249680638313
NEG_trNEGATIVE55949,0.07848598808050156
NEG_trNEGATIVE34067,0.32832884788513184
NEG_trNEGATIVE65012,0.2860904633998871
NEG_trNEGATIVE70722,0.8871941566467285
NEG_trNEGATIVE92309,0.7539532780647278
NEG_trNEGATIVE29186,0.02889738418161869
NEG_trNEGATIVE66504,0.6368944644927979
NEG_trNEGATIVE72509,0.06874755769968033
NEG_trNEGATIVE102215,0.29907307028770447
NEG_trNEGATIVE100914,0.1371861696243286
NEG_trNEGATIVE90501,0.08606716245412827
NEG_trNEGATIVE60182,0.052982475608587265
NEG_trNEGATIVE35729,0.9788904786109924
NEG_trNEGATIVE42096,0.015048452652990818
NEG_trNEGATIVE87619,0.17175379395484924
NEG_trNEGATIVE75386,0.06947562098503113
NEG_trNEGATIVE83291,0.3247506022453308
NEG_trNEGATIVE67071,0.9338834285736084
NEG_trNEGATIVE87505,0.011758389882743359
NEG_trNEGATIVE51934,0.011086862534284592
NEG_trNEGATIVE70191,0.1858893483877182
NEG_trNEGATIVE74360,0.36439332365989685
NEG_trNEGATIVE91583,0.089931920170784
NEG_trNEGATIVE85500,0.03579588979482651
NEG_trNEGATIVE43395,0.07939986884593964
NEG_trNEGATIVE90056,0.07797215133905411
NEG_trNEGATIVE62082,0.08399993181228638
NEG_trNEGATIVE68611,0.04636817052960396
NEG_trNEGATIVE74133,0.3381878137588501
NEG_trNEGATIVE35845,0.036926090717315674
NEG_trNEGATIVE74034,0.2859556972980499
NEG_trNEGATIVE61815,0.4098959267139435
NEG_trNEGATIVE36886,0.9360063672065735
NEG_trNEGATIVE61405,0.10088688880205154
NEG_trNEGATIVE60622,0.3868175745010376
NEG_trNEGATIVE38121,0.023369790986180305
NEG_trNEGATIVE68016,0.06732615828514099
NEG_trNEGATIVE86053,0.743898332118988
NEG_trNEGATIVE101484,0.19643603265285492
NEG_trNEGATIVE45236,0.08246646076440811
NEG_trNEGATIVE60084,0.17394360899925232
NEG_trNEGATIVE55344,0.20296290516853333
NEG_trNEGATIVE75676,0.01787981204688549
NEG_trNEGATIVE75878,0.015226676128804684
NEG_trNEGATIVE101437,0.21014469861984253
NEG_trNEGATIVE71002,0.07658006995916367
NEG_trNEGATIVE66626,0.1438617706298828
NEG_trNEGATIVE87503,0.02935897372663021
NEG_trNEGATIVE32132,0.03662656620144844
NEG_trNEGATIVE65109,0.0484481118619442
NEG_trNEGATIVE101945,0.8325002193450928
NEG_trNEGATIVE72240,0.17921727895736694
NEG_trNEGATIVE47740,0.30157461762428284
NEG_trNEGATIVE65929,0.01615045592188835
NEG_trNEGATIVE73647,0.35932081937789917
NEG_trNEGATIVE44041,0.014646914787590504
NEG_trNEGATIVE58904,0.08014972507953644
NEG_trNEGATIVE80763,0.04015485569834709
NEG_trNEGATIVE34549,0.023817500099539757
NEG_trNEGATIVE88110,0.04464561492204666
NEG_trNEGATIVE51108,0.9746925234794617
NEG_trNEGATIVE39550,0.9901201725006104
NEG_trNEGATIVE94487,0.03327140584588051
NEG_trNEGATIVE46923,0.5759767889976501
NEG_trNEGATIVE80530,0.035920772701501846
NEG_trNEGATIVE34074,0.9869775176048279
NEG_trNEGATIVE62744,0.07020798325538635
NEG_trNEGATIVE52637,0.009108767844736576
NEG_trNEGATIVE85162,0.5805769562721252
NEG_trNEGATIVE82829,0.9459228515625
NEG_trNEGATIVE30957,0.0256804171949625
NEG_trNEGATIVE68941,0.27151039242744446
NEG_trNEGATIVE64830,0.4499756395816803
NEG_trNEGATIVE83802,0.02684279903769493
NEG_trNEGATIVE45127,0.01016600988805294
NEG_trNEGATIVE64620,0.8478047251701355
NEG_trNEGATIVE98252,0.013636758551001549
NEG_trNEGATIVE78168,0.04024658352136612
NEG_trNEGATIVE82384,0.030581355094909668
NEG_trNEGATIVE45179,0.06425385177135468
NEG_trNEGATIVE87237,0.46316421031951904
NEG_trNEGATIVE30217,0.8993130922317505
NEG_trNEGATIVE63057,0.9484503865242004
NEG_trNEGATIVE71152,0.989400327205658
NEG_trNEGATIVE71066,0.07720382511615753
NEG_trNEGATIVE46423,0.010378191247582436
NEG_trNEGATIVE48733,0.572686493396759
NEG_trNEGATIVE79120,0.19539454579353333
NEG_trNEGATIVE56970,0.01783810928463936
NEG_trNEGATIVE74867,0.13490672409534454
NEG_trNEGATIVE51628,0.11677036434412003
NEG_trNEGATIVE65259,0.062175292521715164
NEG_trNEGATIVE38308,0.13846831023693085
NEG_trNEGATIVE93762,0.14966964721679688
NEG_trNEGATIVE68895,0.016458353027701378
NEG_trNEGATIVE94628,0.9822014570236206
NEG_trNEGATIVE38480,0.24475041031837463
NEG_trNEGATIVE79299,0.009090164676308632
NEG_trNEGATIVE82075,0.04129268229007721
NEG_trNEGATIVE58968,0.8869969844818115
NEG_trNEGATIVE95142,0.12069371342658997
NEG_trNEGATIVE39186,0.0905686467885971
NEG_trNEGATIVE67719,0.029876671731472015
NEG_trNEGATIVE44113,0.019000066444277763
NEG_trNEGATIVE42608,0.044124945998191833
NEG_trNEGATIVE61287,0.3933965563774109
NEG_trNEGATIVE92780,0.09113331139087677
NEG_trNEGATIVE98118,0.7996135354042053
NEG_trNEGATIVE56452,0.04863040894269943
NEG_trNEGATIVE73274,0.06784120202064514
NEG_trNEGATIVE36562,0.46949416399002075
NEG_trNEGATIVE66173,0.966585099697113
NEG_trNEGATIVE85954,0.03644132241606712
NEG_trNEGATIVE71862,0.28254756331443787
NEG_trNEGATIVE28162,0.024981806054711342
NEG_trNEGATIVE98073,0.06596722453832626
NEG_trNEGATIVE48120,0.12075464427471161
NEG_trNEGATIVE68209,0.010905046947300434
NEG_trNEGATIVE98500,0.009132029488682747
NEG_trNEGATIVE30090,0.03457541763782501
NEG_trNEGATIVE98712,0.10464036464691162
NEG_trNEGATIVE42143,0.3878006637096405
NEG_trNEGATIVE44745,0.027379682287573814
NEG_trNEGATIVE56826,0.5228481292724609
NEG_trNEGATIVE98245,0.9833561778068542
NEG_trNEGATIVE85704,0.9462396502494812
NEG_trNEGATIVE40855,0.01843266375362873
NEG_trNEGATIVE45481,0.7326363325119019
NEG_trNEGATIVE61847,0.7093338966369629
NEG_trNEGATIVE66861,0.00924792978912592
NEG_trNEGATIVE97283,0.11533235758543015
NEG_trNEGATIVE58718,0.7667425870895386
NEG_trNEGATIVE49684,0.07992496341466904
NEG_trNEGATIVE87744,0.3251044750213623
NEG_trNEGATIVE61181,0.016234857961535454
NEG_trNEGATIVE42951,0.1386074721813202
NEG_trNEGATIVE85764,0.11911772936582565
NEG_trNEGATIVE43223,0.03275422751903534
NEG_trNEGATIVE33522,0.11249274760484695
NEG_trNEGATIVE58419,0.6390049457550049
NEG_trNEGATIVE62361,0.019988693296909332
NEG_trNEGATIVE89322,0.03678903728723526
NEG_trNEGATIVE65903,0.031024381518363953
NEG_trNEGATIVE56297,0.3435026705265045
NEG_trNEGATIVE41444,0.08611612021923065
NEG_trNEGATIVE63103,0.11114320158958435
NEG_trNEGATIVE36007,0.06008640676736832
NEG_trNEGATIVE96443,0.18971338868141174
NEG_trNEGATIVE63018,0.10082877427339554
NEG_trNEGATIVE42197,0.037315256893634796
NEG_trNEGATIVE41866,0.23056496679782867
NEG_trNEGATIVE87665,0.28739407658576965
NEG_trNEGATIVE45985,0.08012670278549194
NEG_trNEGATIVE92296,0.08505027741193771
NEG_trNEGATIVE74946,0.016961870715022087
NEG_trNEGATIVE53056,0.028704991564154625
NEG_trNEGATIVE45208,0.0319250151515007
NEG_trNEGATIVE44980,0.9787827730178833
NEG_trNEGATIVE48545,0.21478581428527832
NEG_trNEGATIVE86565,0.06265488266944885
NEG_trNEGATIVE52672,0.14111106097698212
NEG_trNEGATIVE50734,0.800765335559845
NEG_trNEGATIVE68890,0.14592082798480988
NEG_trNEGATIVE53323,0.12395522743463516
NEG_trNEGATIVE45379,0.13808898627758026
NEG_trNEGATIVE76759,0.12705443799495697
NEG_trNEGATIVE69653,0.5522413849830627
NEG_trNEGATIVE42436,0.1476874053478241
NEG_trNEGATIVE70083,0.12852449715137482
NEG_trNEGATIVE32537,0.14676900207996368
NEG_trNEGATIVE67653,0.28092262148857117
NEG_trNEGATIVE83228,0.624420702457428
NEG_trNEGATIVE71093,0.09620705246925354
NEG_trNEGATIVE66500,0.022991370409727097
NEG_trNEGATIVE68298,0.00972029846161604
NEG_trNEGATIVE98214,0.9554224610328674
NEG_trNEGATIVE44227,0.331239253282547
NEG_trNEGATIVE40049,0.9766542911529541
NEG_trNEGATIVE63428,0.025209149345755577
NEG_trNEGATIVE95508,0.9719429612159729
NEG_trNEGATIVE84718,0.10307473689317703
NEG_trNEGATIVE76891,0.9477335214614868
NEG_trNEGATIVE101061,0.07690751552581787
NEG_trNEGATIVE74458,0.08645418286323547
NEG_trNEGATIVE51669,0.8426215648651123
NEG_trNEGATIVE94577,0.12497216463088989
NEG_trNEGATIVE74524,0.11952350288629532
NEG_trNEGATIVE49572,0.09789508581161499
NEG_trNEGATIVE59520,0.026793019846081734
NEG_trNEGATIVE83559,0.49997594952583313
NEG_trNEGATIVE70642,0.13747642934322357
NEG_trNEGATIVE36679,0.5587581396102905
NEG_trNEGATIVE52735,0.009260524995625019
NEG_trNEGATIVE92013,0.06061079725623131
NEG_trNEGATIVE55353,0.03326397016644478
NEG_trNEGATIVE91766,0.12011238932609558
NEG_trNEGATIVE99197,0.514711856842041
NEG_trNEGATIVE30883,0.7510740756988525
NEG_trNEGATIVE92264,0.011560018174350262
NEG_trNEGATIVE91490,0.05209418758749962
NEG_trNEGATIVE54041,0.05375087261199951
NEG_trNEGATIVE84981,0.041438616812229156
NEG_trNEGATIVE89161,0.04753397777676582
NEG_trNEGATIVE29442,0.06538479775190353
NEG_trNEGATIVE67613,0.048851072788238525
NEG_trNEGATIVE79113,0.022339852526783943
NEG_trNEGATIVE75011,0.9835447669029236
NEG_trNEGATIVE52026,0.06329277902841568
NEG_trNEGATIVE100304,0.13744640350341797
NEG_trNEGATIVE65441,0.42784714698791504
NEG_trNEGATIVE94658,0.22481241822242737
NEG_trNEGATIVE73549,0.6838479042053223
NEG_trNEGATIVE71049,0.0310557521879673
NEG_trNEGATIVE81477,0.021006528288125992
NEG_trNEGATIVE98350,0.11623653024435043
NEG_trNEGATIVE99747,0.009055602364242077
NEG_trNEGATIVE31537,0.7249211668968201
NEG_trNEGATIVE91046,0.19107426702976227
NEG_trNEGATIVE95126,0.031002357602119446
NEG_trNEGATIVE68520,0.4381955862045288
NEG_trNEGATIVE66636,0.6363005638122559
NEG_trNEGATIVE81892,0.6800227761268616
NEG_trNEGATIVE55094,0.21985076367855072
NEG_trNEGATIVE94595,0.5623599886894226
NEG_trNEGATIVE48986,0.1091613844037056
NEG_trNEGATIVE74582,0.16173645853996277
NEG_trNEGATIVE60765,0.05463789403438568
NEG_trNEGATIVE62045,0.2576407790184021
NEG_trNEGATIVE82367,0.3419322669506073
NEG_trNEGATIVE75397,0.9907864928245544
NEG_trNEGATIVE82165,0.09269485622644424
NEG_trNEGATIVE71096,0.07292673736810684
NEG_trNEGATIVE77996,0.8623079061508179
NEG_trNEGATIVE93408,0.01671481691300869
NEG_trNEGATIVE39453,0.021365389227867126
NEG_trNEGATIVE102472,0.08561079204082489
NEG_trNEGATIVE36698,0.6541793942451477
NEG_trNEGATIVE85075,0.10776260495185852
NEG_trNEGATIVE65675,0.015899309888482094
NEG_trNEGATIVE64855,0.06823426485061646
NEG_trNEGATIVE64861,0.19748318195343018
NEG_trNEGATIVE63753,0.04197116568684578
NEG_trNEGATIVE65678,0.8569492697715759
NEG_trNEGATIVE29456,0.25680047273635864
NEG_trNEGATIVE81522,0.9105785489082336
NEG_trNEGATIVE96599,0.02253810130059719
NEG_trNEGATIVE32800,0.9693475365638733
NEG_trNEGATIVE85795,0.06784206628799438
NEG_trNEGATIVE97600,0.1481955647468567
NEG_trNEGATIVE39448,0.0574343167245388
NEG_trNEGATIVE44857,0.019557898864150047
NEG_trNEGATIVE99714,0.08073805272579193
NEG_trNEGATIVE65150,0.33464765548706055
NEG_trNEGATIVE61563,0.07237071543931961
NEG_trNEGATIVE72064,0.07353482395410538
NEG_trNEGATIVE87736,0.25510814785957336
NEG_trNEGATIVE54920,0.9604747891426086
NEG_trNEGATIVE92883,0.043733734637498856
NEG_trNEGATIVE98508,0.32713761925697327
NEG_trNEGATIVE54097,0.15407902002334595
NEG_trNEGATIVE33051,0.06821830570697784
NEG_trNEGATIVE95155,0.4272778630256653
NEG_trNEGATIVE76196,0.06573008745908737
NEG_trNEGATIVE34235,0.9095448851585388
NEG_trNEGATIVE79482,0.09313768148422241
NEG_trNEGATIVE45252,0.009780033491551876
NEG_trNEGATIVE55408,0.6290510296821594
NEG_trNEGATIVE36331,0.013160611502826214
NEG_trNEGATIVE54737,0.009114713408052921
NEG_trNEGATIVE87790,0.03173023834824562
NEG_trNEGATIVE58063,0.879868745803833
NEG_trNEGATIVE39283,0.12739886343479156
NEG_trNEGATIVE49461,0.14928770065307617
NEG_trNEGATIVE78083,0.027592625468969345
NEG_trNEGATIVE36482,0.10356735438108444
NEG_trNEGATIVE29661,0.27816471457481384
NEG_trNEGATIVE54686,0.36731842160224915
NEG_trNEGATIVE52280,0.010944376699626446
NEG_trNEGATIVE54224,0.011087500490248203
NEG_trNEGATIVE37207,0.011757896281778812
NEG_trNEGATIVE67304,0.01714499667286873
NEG_trNEGATIVE101839,0.2204180359840393
NEG_trNEGATIVE45178,0.03055686689913273
NEG_trNEGATIVE78009,0.3837147355079651
NEG_trNEGATIVE76485,0.1417270004749298
NEG_trNEGATIVE71545,0.8226117491722107
NEG_trNEGATIVE51438,0.10857196152210236
NEG_trNEGATIVE55389,0.9690842628479004
NEG_trNEGATIVE101519,0.03912092372775078
NEG_trNEGATIVE54857,0.02229495346546173
NEG_trNEGATIVE86656,0.2585172951221466
NEG_trNEGATIVE35680,0.00915937777608633
NEG_trNEGATIVE69058,0.7736343145370483
NEG_trNEGATIVE64579,0.23355025053024292
NEG_trNEGATIVE71382,0.22571532428264618
NEG_trNEGATIVE53064,0.9309346675872803
NEG_trNEGATIVE78677,0.5120953321456909
NEG_trNEGATIVE85930,0.36980387568473816
NEG_trNEGATIVE32302,0.9599858522415161
NEG_trNEGATIVE85226,0.03229798749089241
NEG_trNEGATIVE65562,0.8830296993255615
NEG_trNEGATIVE71907,0.30779752135276794
NEG_trNEGATIVE35901,0.43336036801338196
NEG_trNEGATIVE43717,0.07142430543899536
NEG_trNEGATIVE30764,0.03950164467096329
NEG_trNEGATIVE84303,0.07642462849617004
NEG_trNEGATIVE38259,0.01238276343792677
NEG_trNEGATIVE88202,0.009218006394803524
NEG_trNEGATIVE30824,0.09655033051967621
NEG_trNEGATIVE90936,0.04937585070729256
NEG_trNEGATIVE64314,0.6719622611999512
NEG_trNEGATIVE54744,0.1724075973033905
NEG_trNEGATIVE86044,0.05319639667868614
NEG_trNEGATIVE48549,0.22127704322338104
NEG_trNEGATIVE76458,0.21270431578159332
NEG_trNEGATIVE86892,0.15902341902256012
NEG_trNEGATIVE43712,0.42591238021850586
NEG_trNEGATIVE62386,0.0955943912267685
NEG_trNEGATIVE66967,0.05501684173941612
NEG_trNEGATIVE59142,0.24032804369926453
NEG_trNEGATIVE45079,0.07950746268033981
NEG_trNEGATIVE101304,0.03362761065363884
NEG_trNEGATIVE69593,0.017432093620300293
NEG_trNEGATIVE57483,0.8199847936630249
NEG_trNEGATIVE62426,0.017123878002166748
NEG_trNEGATIVE71697,0.26681461930274963
NEG_trNEGATIVE41209,0.31556349992752075
NEG_trNEGATIVE63695,0.12224800139665604
NEG_trNEGATIVE73049,0.12558132410049438
NEG_trNEGATIVE47243,0.15988755226135254
NEG_trNEGATIVE72580,0.3432188928127289
NEG_trNEGATIVE27612,0.9907844066619873
NEG_trNEGATIVE42733,0.032349906861782074
NEG_trNEGATIVE55132,0.036089491099119186
NEG_trNEGATIVE57999,0.010833813808858395
NEG_trNEGATIVE87776,0.9283091425895691
NEG_trNEGATIVE98120,0.024334639310836792
NEG_trNEGATIVE38608,0.2531803548336029
NEG_trNEGATIVE34363,0.4634535312652588
NEG_trNEGATIVE87987,0.26669180393218994
NEG_trNEGATIVE78961,0.015260949730873108
NEG_trNEGATIVE85974,0.6035372018814087
NEG_trNEGATIVE98643,0.01238035038113594
NEG_trNEGATIVE52972,0.7191367745399475
NEG_trNEGATIVE56555,0.5869544744491577
NEG_trNEGATIVE48856,0.07257334142923355
NEG_trNEGATIVE72396,0.08290493488311768
NEG_trNEGATIVE70429,0.9072771072387695
NEG_trNEGATIVE36554,0.09213194251060486
NEG_trNEGATIVE88798,0.0484723336994648
NEG_trNEGATIVE84928,0.20374001562595367
NEG_trNEGATIVE51117,0.16382469236850739
NEG_trNEGATIVE72553,0.010396474972367287
NEG_trNEGATIVE44810,0.0409138984978199
NEG_trNEGATIVE76154,0.1955733597278595
NEG_trNEGATIVE74365,0.9635749459266663
NEG_trNEGATIVE97996,0.4092593193054199
NEG_trNEGATIVE67382,0.27153685688972473
NEG_trNEGATIVE59659,0.0978991761803627
NEG_trNEGATIVE30870,0.015474299900233746
NEG_trNEGATIVE52466,0.26948434114456177
NEG_trNEGATIVE62719,0.19494031369686127
NEG_trNEGATIVE46347,0.10881880670785904
NEG_trNEGATIVE64720,0.970810055732727
NEG_trNEGATIVE60471,0.9515162706375122
NEG_trNEGATIVE82506,0.967991054058075
NEG_trNEGATIVE95202,0.22063873708248138
NEG_trNEGATIVE76382,0.08487076312303543
NEG_trNEGATIVE76670,0.803424596786499
NEG_trNEGATIVE40116,0.01951173134148121
NEG_trNEGATIVE44266,0.9578776359558105
NEG_trNEGATIVE99942,0.6130427718162537
NEG_trNEGATIVE48317,0.06377216428518295
NEG_trNEGATIVE71491,0.964352548122406
NEG_trNEGATIVE50330,0.0644306018948555
NEG_trNEGATIVE43954,0.13639913499355316
NEG_trNEGATIVE54679,0.388342946767807
NEG_trNEGATIVE83539,0.13472899794578552
NEG_trNEGATIVE93594,0.01580851338803768
NEG_trNEGATIVE82499,0.13040700554847717
NEG_trNEGATIVE101319,0.06349295377731323
NEG_trNEGATIVE69971,0.17675136029720306
NEG_trNEGATIVE83484,0.83543860912323
NEG_trNEGATIVE35069,0.012330722063779831
NEG_trNEGATIVE51362,0.12969668209552765
NEG_trNEGATIVE101912,0.04568679630756378
NEG_trNEGATIVE39048,0.12899522483348846
NEG_trNEGATIVE89125,0.8541476726531982
NEG_trNEGATIVE45838,0.05151214823126793
NEG_trNEGATIVE69854,0.010424952954053879
NEG_trNEGATIVE28350,0.7878632545471191
NEG_trNEGATIVE38736,0.11645124852657318
NEG_trNEGATIVE51349,0.12611274421215057
NEG_trNEGATIVE37791,0.01753435656428337
NEG_trNEGATIVE54876,0.06066815182566643
NEG_trNEGATIVE95879,0.34843653440475464
NEG_trNEGATIVE68652,0.48796749114990234
NEG_trNEGATIVE81329,0.06411378085613251
NEG_trNEGATIVE99901,0.02005559206008911
NEG_trNEGATIVE64293,0.05457410216331482
NEG_trNEGATIVE66970,0.009634184651076794
NEG_trNEGATIVE30906,0.12621502578258514
NEG_trNEGATIVE54190,0.0750354453921318
NEG_trNEGATIVE76879,0.5091685056686401
NEG_trNEGATIVE81519,0.26129665970802307
NEG_trNEGATIVE37172,0.07424141466617584
NEG_trNEGATIVE74023,0.023602336645126343
NEG_trNEGATIVE47649,0.009064353071153164
NEG_trNEGATIVE41469,0.3112609088420868
NEG_trNEGATIVE59428,0.3294301927089691
NEG_trNEGATIVE82632,0.009202533401548862
NEG_trNEGATIVE68402,0.25976213812828064
NEG_trNEGATIVE66665,0.2282049059867859
NEG_trNEGATIVE73407,0.3612249493598938
NEG_trNEGATIVE51781,0.42377519607543945
NEG_trNEGATIVE76378,0.23979716002941132
NEG_trNEGATIVE49712,0.025118708610534668
NEG_trNEGATIVE30849,0.3837685286998749
NEG_trNEGATIVE28181,0.3098619282245636
NEG_trNEGATIVE90189,0.9884330630302429
NEG_trNEGATIVE90279,0.14406728744506836
NEG_trNEGATIVE53156,0.07336951792240143
NEG_trNEGATIVE79926,0.024751558899879456
NEG_trNEGATIVE84888,0.06773241609334946
NEG_trNEGATIVE33995,0.8608579039573669
NEG_trNEGATIVE61675,0.2574448883533478
NEG_trNEGATIVE62283,0.040705420076847076
NEG_trNEGATIVE38368,0.1694537103176117
NEG_trNEGATIVE96627,0.08231944590806961
NEG_trNEGATIVE73636,0.19733302295207977
NEG_trNEGATIVE94243,0.8693175315856934
NEG_trNEGATIVE96100,0.06133998557925224
NEG_trNEGATIVE92478,0.03838450461626053
NEG_trNEGATIVE73996,0.08740192651748657
NEG_trNEGATIVE40682,0.022065868601202965
NEG_trNEGATIVE96934,0.2552542984485626
NEG_trNEGATIVE49987,0.11325199156999588
NEG_trNEGATIVE72621,0.42653724551200867
NEG_trNEGATIVE38559,0.0539119578897953
NEG_trNEGATIVE69228,0.00907298643141985
NEG_trNEGATIVE68879,0.021197250112891197
NEG_trNEGATIVE74579,0.03460201621055603
NEG_trNEGATIVE84587,0.11234687268733978
NEG_trNEGATIVE63697,0.6498529314994812
NEG_trNEGATIVE91996,0.024011550471186638
NEG_trNEGATIVE56280,0.036911770701408386
NEG_trNEGATIVE70888,0.2263001948595047
NEG_trNEGATIVE83216,0.5977331399917603
NEG_trNEGATIVE58520,0.028644708916544914
NEG_trNEGATIVE91985,0.009065873920917511
NEG_trNEGATIVE43893,0.9225909113883972
NEG_trNEGATIVE51001,0.8066303133964539
NEG_trNEGATIVE43753,0.8054168224334717
NEG_trNEGATIVE40545,0.9636165499687195
NEG_trNEGATIVE52454,0.012697014957666397
NEG_trNEGATIVE62076,0.055325765162706375
NEG_trNEGATIVE49532,0.24769675731658936
NEG_trNEGATIVE57376,0.052669428288936615
NEG_trNEGATIVE73006,0.04379419982433319
NEG_trNEGATIVE43358,0.6021844744682312
NEG_trNEGATIVE71518,0.023279234766960144
NEG_trNEGATIVE29455,0.97688889503479
NEG_trNEGATIVE70406,0.020706040784716606
NEG_trNEGATIVE35958,0.09767637401819229
NEG_trNEGATIVE69614,0.031777411699295044
NEG_trNEGATIVE96224,0.04837283492088318
NEG_trNEGATIVE75864,0.06164347380399704
NEG_trNEGATIVE70581,0.04495517164468765
NEG_trNEGATIVE40284,0.050440989434719086
NEG_trNEGATIVE76127,0.023423664271831512
NEG_trNEGATIVE81097,0.49502328038215637
NEG_trNEGATIVE58398,0.9689990878105164
NEG_trNEGATIVE45545,0.08124352246522903
NEG_trNEGATIVE74463,0.010559183545410633
NEG_trNEGATIVE38968,0.010890990495681763
NEG_trNEGATIVE68260,0.033188845962285995
NEG_trNEGATIVE64941,0.03305860608816147
NEG_trNEGATIVE60641,0.6425873637199402
NEG_trNEGATIVE67647,0.938440203666687
NEG_trNEGATIVE81121,0.5199640393257141
NEG_trNEGATIVE92043,0.07950412482023239
NEG_trNEGATIVE101361,0.03261303901672363
NEG_trNEGATIVE101525,0.7044795751571655
NEG_trNEGATIVE34849,0.01962660439312458
NEG_trNEGATIVE67065,0.013085407204926014
NEG_trNEGATIVE61194,0.053208667784929276
NEG_trNEGATIVE29498,0.163579523563385
NEG_trNEGATIVE55211,0.010647722519934177
NEG_trNEGATIVE81073,0.011255024932324886
NEG_trNEGATIVE76952,0.34791070222854614
NEG_trNEGATIVE95389,0.03698384389281273
NEG_trNEGATIVE91724,0.3513493537902832
NEG_trNEGATIVE55066,0.9299907088279724
NEG_trNEGATIVE56575,0.02382558397948742
NEG_trNEGATIVE43129,0.445943683385849
NEG_trNEGATIVE81455,0.9430546164512634
NEG_trNEGATIVE70835,0.01241535134613514
NEG_trNEGATIVE36954,0.03365536779165268
NEG_trNEGATIVE58114,0.23370492458343506
NEG_trNEGATIVE81117,0.9681170582771301
NEG_trNEGATIVE101306,0.08964899182319641
NEG_trNEGATIVE86238,0.018217291682958603
NEG_trNEGATIVE100210,0.29787060618400574
NEG_trNEGATIVE79868,0.1595778465270996
NEG_trNEGATIVE55909,0.23887327313423157
NEG_trNEGATIVE52934,0.01459304615855217
NEG_trNEGATIVE69943,0.017799369990825653
NEG_trNEGATIVE58579,0.6103118658065796
NEG_trNEGATIVE42400,0.01071390975266695
NEG_trNEGATIVE28397,0.09131952375173569
NEG_trNEGATIVE90229,0.2089146077632904
NEG_trNEGATIVE30476,0.18928033113479614
NEG_trNEGATIVE61066,0.93879634141922
NEG_trNEGATIVE66607,0.6226091384887695
NEG_trNEGATIVE89835,0.07380734384059906
NEG_trNEGATIVE33719,0.14402325451374054
NEG_trNEGATIVE49141,0.4228857755661011
NEG_trNEGATIVE77263,0.00953772570937872
NEG_trNEGATIVE61727,0.009596726857125759
NEG_trNEGATIVE64974,0.1121813952922821
NEG_trNEGATIVE81510,0.09686604887247086
NEG_trNEGATIVE78521,0.07439098507165909
NEG_trNEGATIVE46989,0.2892250418663025
NEG_trNEGATIVE80929,0.04223407432436943
NEG_trNEGATIVE29559,0.9841775894165039
NEG_trNEGATIVE73542,0.03066195920109749
NEG_trNEGATIVE98986,0.30384165048599243
NEG_trNEGATIVE86453,0.01772129349410534
NEG_trNEGATIVE58484,0.009079886600375175
NEG_trNEGATIVE77715,0.2851998209953308
NEG_trNEGATIVE64383,0.012969648465514183
NEG_trNEGATIVE95585,0.11475424468517303
NEG_trNEGATIVE38053,0.1776692420244217
NEG_trNEGATIVE37883,0.015619119629263878
NEG_trNEGATIVE39489,0.013748648576438427
NEG_trNEGATIVE87691,0.915768027305603
NEG_trNEGATIVE94962,0.07620510458946228
NEG_trNEGATIVE76289,0.9826889038085938
NEG_trNEGATIVE49285,0.49486270546913147
NEG_trNEGATIVE98321,0.12224127352237701
NEG_trNEGATIVE80644,0.03645194694399834
NEG_trNEGATIVE68924,0.7325908541679382
NEG_trNEGATIVE47149,0.8258875608444214
NEG_trNEGATIVE43763,0.9765530228614807
NEG_trNEGATIVE81491,0.08569961786270142
NEG_trNEGATIVE67852,0.036130666732788086
NEG_trNEGATIVE56358,0.8406978249549866
NEG_trNEGATIVE44703,0.5000577569007874
NEG_trNEGATIVE74347,0.029042303562164307
NEG_trNEGATIVE97958,0.08538331836462021
NEG_trNEGATIVE86142,0.9735975861549377
NEG_trNEGATIVE49874,0.00929876510053873
NEG_trNEGATIVE64817,0.2482420653104782
NEG_trNEGATIVE51281,0.2131614089012146
NEG_trNEGATIVE46927,0.5832616686820984
NEG_trNEGATIVE76814,0.039723142981529236
NEG_trNEGATIVE71995,0.8689674735069275
NEG_trNEGATIVE92755,0.07940633594989777
NEG_trNEGATIVE96505,0.7649082541465759
NEG_trNEGATIVE55790,0.42251577973365784
NEG_trNEGATIVE88487,0.6662324070930481
NEG_trNEGATIVE44868,0.9877718687057495
NEG_trNEGATIVE62037,0.16894204914569855
NEG_trNEGATIVE93505,0.06717125326395035
NEG_trNEGATIVE32194,0.013361231423914433
NEG_trNEGATIVE32170,0.009120460599660873
NEG_trNEGATIVE69451,0.029041843488812447
NEG_trNEGATIVE86959,0.05539537966251373
NEG_trNEGATIVE100903,0.7799103856086731
NEG_trNEGATIVE28344,0.9701510071754456
NEG_trNEGATIVE43174,0.11530131846666336
NEG_trNEGATIVE33646,0.23342618346214294
NEG_trNEGATIVE74943,0.6267993450164795
NEG_trNEGATIVE36332,0.035033270716667175
NEG_trNEGATIVE74403,0.4168952703475952
NEG_trNEGATIVE42422,0.359164297580719
NEG_trNEGATIVE64522,0.030327575281262398
NEG_trNEGATIVE67587,0.8921965956687927
NEG_trNEGATIVE28314,0.17258834838867188
NEG_trNEGATIVE89525,0.6217741370201111
NEG_trNEGATIVE58933,0.01707257330417633
NEG_trNEGATIVE60942,0.05111866816878319
NEG_trNEGATIVE64700,0.009106948040425777
NEG_trNEGATIVE59446,0.038814056664705276
NEG_trNEGATIVE49543,0.7766188979148865
NEG_trNEGATIVE57181,0.853217601776123
NEG_trNEGATIVE91956,0.024826647713780403
NEG_trNEGATIVE56067,0.19047585129737854
NEG_trNEGATIVE59129,0.374501496553421
NEG_trNEGATIVE34947,0.013894086703658104
NEG_trNEGATIVE84555,0.9740243554115295
NEG_trNEGATIVE27906,0.014706556685268879
NEG_trNEGATIVE42479,0.01185570191591978
NEG_trNEGATIVE46162,0.014490172266960144
NEG_trNEGATIVE98213,0.9442005157470703
NEG_trNEGATIVE33286,0.02239776961505413
NEG_trNEGATIVE69996,0.1948806643486023
NEG_trNEGATIVE92624,0.48290151357650757
NEG_trNEGATIVE36310,0.018762947991490364
NEG_trNEGATIVE53300,0.03462701663374901
NEG_trNEGATIVE45465,0.1825934499502182
NEG_trNEGATIVE79333,0.041406866163015366
NEG_trNEGATIVE83262,0.06229501590132713
NEG_trNEGATIVE70489,0.3072313368320465
NEG_trNEGATIVE73607,0.9546405076980591
NEG_trNEGATIVE51674,0.15985186398029327
NEG_trNEGATIVE54385,0.21797412633895874
NEG_trNEGATIVE78937,0.08036067336797714
NEG_trNEGATIVE78093,0.752460777759552
NEG_trNEGATIVE89307,0.01015678234398365
NEG_trNEGATIVE50018,0.5766702890396118
NEG_trNEGATIVE78365,0.9017336964607239
NEG_trNEGATIVE57134,0.3780195116996765
NEG_trNEGATIVE96319,0.06561259925365448
NEG_trNEGATIVE55352,0.02609439380466938
NEG_trNEGATIVE29309,0.00977650098502636
NEG_trNEGATIVE69184,0.06355472654104233
NEG_trNEGATIVE31266,0.020410893484950066
NEG_trNEGATIVE96518,0.009144995361566544
NEG_trNEGATIVE94649,0.5831315517425537
NEG_trNEGATIVE83227,0.28041207790374756
NEG_trNEGATIVE97048,0.05932701379060745
NEG_trNEGATIVE29601,0.9907078742980957
NEG_trNEGATIVE71741,0.051428575068712234
NEG_trNEGATIVE32319,0.6166394948959351
NEG_trNEGATIVE59281,0.009446867741644382
NEG_trNEGATIVE45582,0.00967060960829258
NEG_trNEGATIVE98260,0.691143274307251
NEG_trNEGATIVE40726,0.18716192245483398
NEG_trNEGATIVE28813,0.009214183315634727
NEG_trNEGATIVE55800,0.011912732385098934
NEG_trNEGATIVE44235,0.009357075206935406
NEG_trNEGATIVE68744,0.11461800336837769
NEG_trNEGATIVE79461,0.18425312638282776
NEG_trNEGATIVE33079,0.07573257386684418
NEG_trNEGATIVE92153,0.01953311078250408
NEG_trNEGATIVE42010,0.09403985738754272
NEG_trNEGATIVE45132,0.27842840552330017
NEG_trNEGATIVE99360,0.47408828139305115
NEG_trNEGATIVE32417,0.9660818576812744
NEG_trNEGATIVE94294,0.024980807676911354
NEG_trNEGATIVE74849,0.03198837488889694
NEG_trNEGATIVE28179,0.9665533304214478
NEG_trNEGATIVE60929,0.8215633034706116
NEG_trNEGATIVE27638,0.17557433247566223
NEG_trNEGATIVE37462,0.3152778148651123
NEG_trNEGATIVE84581,0.9481832981109619
NEG_trNEGATIVE58888,0.6826303005218506
NEG_trNEGATIVE59957,0.038885634392499924
NEG_trNEGATIVE74744,0.7062501907348633
NEG_trNEGATIVE85315,0.021294953301548958
NEG_trNEGATIVE32567,0.8734546899795532
NEG_trNEGATIVE60096,0.39209800958633423
NEG_trNEGATIVE99775,0.12484197318553925
NEG_trNEGATIVE87472,0.03891833871603012
NEG_trNEGATIVE55133,0.042723290622234344
NEG_trNEGATIVE64718,0.2498708814382553
NEG_trNEGATIVE31998,0.0818408653140068
NEG_trNEGATIVE27634,0.04500840976834297
NEG_trNEGATIVE88413,0.12846186757087708
NEG_trNEGATIVE100875,0.009185834787786007
NEG_trNEGATIVE32165,0.08774840831756592
NEG_trNEGATIVE45983,0.12762467563152313
NEG_trNEGATIVE37122,0.015795869752764702
NEG_trNEGATIVE60569,0.06516110897064209
NEG_trNEGATIVE36114,0.009720513597130775
NEG_trNEGATIVE65819,0.7441328167915344
NEG_trNEGATIVE62438,0.07508448511362076
NEG_trNEGATIVE53150,0.06398984789848328
NEG_trNEGATIVE44277,0.14283902943134308
NEG_trNEGATIVE89660,0.00906086340546608
NEG_trNEGATIVE85719,0.19080451130867004
NEG_trNEGATIVE47481,0.009899918921291828
NEG_trNEGATIVE67480,0.026303350925445557
NEG_trNEGATIVE28195,0.11667578667402267
NEG_trNEGATIVE44378,0.19030548632144928
NEG_trNEGATIVE38406,0.2104770690202713
NEG_trNEGATIVE79514,0.09013703465461731
NEG_trNEGATIVE95312,0.08718042075634003
NEG_trNEGATIVE80088,0.5328342914581299
NEG_trNEGATIVE60255,0.009231739677488804
NEG_trNEGATIVE69273,0.011500590480864048
NEG_trNEGATIVE60072,0.7633913159370422
NEG_trNEGATIVE59108,0.3875998556613922
NEG_trNEGATIVE35127,0.5213170051574707
NEG_trNEGATIVE76240,0.012251929379999638
NEG_trNEGATIVE70999,0.11599775403738022
NEG_trNEGATIVE34916,0.8411604762077332
NEG_trNEGATIVE62804,0.03925550729036331
NEG_trNEGATIVE75199,0.09659501910209656
NEG_trNEGATIVE38419,0.9772881269454956
NEG_trNEGATIVE28086,0.9478465914726257
NEG_trNEGATIVE94813,0.13567259907722473
NEG_trNEGATIVE65500,0.04259941354393959
NEG_trNEGATIVE57053,0.019220247864723206
NEG_trNEGATIVE42231,0.07323809713125229
NEG_trNEGATIVE93342,0.04629381746053696
NEG_trNEGATIVE34430,0.6200625896453857
NEG_trNEGATIVE38987,0.9763662815093994
NEG_trNEGATIVE87133,0.026769498363137245
NEG_trNEGATIVE38619,0.6224179863929749
NEG_trNEGATIVE54212,0.11037363111972809
NEG_trNEGATIVE89323,0.1276102513074875
NEG_trNEGATIVE31902,0.056558758020401
NEG_trNEGATIVE41058,0.032404620200395584
NEG_trNEGATIVE51984,0.4901687502861023
NEG_trNEGATIVE51963,0.03026040829718113
NEG_trNEGATIVE27978,0.013512424193322659
NEG_trNEGATIVE84570,0.048732612282037735
NEG_trNEGATIVE73016,0.07760333269834518
NEG_trNEGATIVE90029,0.596764326095581
NEG_trNEGATIVE40761,0.037510886788368225
NEG_trNEGATIVE32555,0.3342503607273102
NEG_trNEGATIVE97079,0.9318374395370483
NEG_trNEGATIVE39059,0.3103058934211731
NEG_trNEGATIVE101354,0.16773322224617004
NEG_trNEGATIVE86806,0.11732826381921768
NEG_trNEGATIVE58862,0.0332973413169384
NEG_trNEGATIVE89177,0.9418821334838867
NEG_trNEGATIVE90579,0.46684959530830383
NEG_trNEGATIVE78954,0.856235146522522
NEG_trNEGATIVE88472,0.04170036315917969
NEG_trNEGATIVE44126,0.027795711532235146
NEG_trNEGATIVE49120,0.026080796495079994
NEG_trNEGATIVE60969,0.6748924851417542
NEG_trNEGATIVE87171,0.1588546633720398
NEG_trNEGATIVE100813,0.9759820103645325
NEG_trNEGATIVE95580,0.0974816307425499
NEG_trNEGATIVE68039,0.013296009041368961
NEG_trNEGATIVE93102,0.1265985369682312
NEG_trNEGATIVE42066,0.5998937487602234
NEG_trNEGATIVE34539,0.10516881197690964
NEG_trNEGATIVE52381,0.031576938927173615
NEG_trNEGATIVE35001,0.32660815119743347
NEG_trNEGATIVE90222,0.20511792600154877
NEG_trNEGATIVE64760,0.019119637086987495
NEG_trNEGATIVE71241,0.15460215508937836
NEG_trNEGATIVE72152,0.758687436580658
NEG_trNEGATIVE99153,0.244894340634346
NEG_trNEGATIVE96937,0.01196681335568428
NEG_trNEGATIVE41706,0.14475058019161224
NEG_trNEGATIVE84074,0.06797371059656143
NEG_trNEGATIVE40543,0.037991080433130264
NEG_trNEGATIVE29734,0.03587019816040993
NEG_trNEGATIVE97973,0.11049199104309082
NEG_trNEGATIVE46134,0.12685121595859528
NEG_trNEGATIVE96145,0.13122928142547607
NEG_trNEGATIVE91227,0.28959304094314575
NEG_trNEGATIVE59442,0.05252528563141823
NEG_trNEGATIVE51538,0.1275678426027298
NEG_trNEGATIVE71446,0.08011344820261002
NEG_trNEGATIVE82411,0.9517471790313721
NEG_trNEGATIVE51029,0.06840435415506363
NEG_trNEGATIVE102443,0.1620616465806961
NEG_trNEGATIVE102439,0.09322430193424225
NEG_trNEGATIVE93021,0.00907876342535019
NEG_trNEGATIVE29831,0.700222373008728
NEG_trNEGATIVE57136,0.027141841128468513
NEG_trNEGATIVE45398,0.13022518157958984
NEG_trNEGATIVE67998,0.05316399410367012
NEG_trNEGATIVE75528,0.8715093731880188
NEG_trNEGATIVE76726,0.03093908168375492
NEG_trNEGATIVE86441,0.41591477394104004
NEG_trNEGATIVE66432,0.036527615040540695
NEG_trNEGATIVE68443,0.953453779220581
NEG_trNEGATIVE74726,0.08017881214618683
NEG_trNEGATIVE45552,0.2724098563194275
NEG_trNEGATIVE29760,0.01983117312192917
NEG_trNEGATIVE51694,0.01327290665358305
NEG_trNEGATIVE81386,0.8164894580841064
NEG_trNEGATIVE90625,0.05466066673398018
NEG_trNEGATIVE54015,0.012174351140856743
NEG_trNEGATIVE50861,0.2778575122356415
NEG_trNEGATIVE93712,0.5057836174964905
NEG_trNEGATIVE65951,0.07304049283266068
NEG_trNEGATIVE40259,0.06779263913631439
NEG_trNEGATIVE63567,0.3459239900112152
NEG_trNEGATIVE28516,0.10643194615840912
NEG_trNEGATIVE55888,0.027748942375183105
NEG_trNEGATIVE77009,0.03812196105718613
NEG_trNEGATIVE95861,0.4305550754070282
NEG_trNEGATIVE100434,0.041340503841638565
NEG_trNEGATIVE46138,0.7833448052406311
NEG_trNEGATIVE78615,0.009346481412649155
NEG_trNEGATIVE50502,0.16929467022418976
NEG_trNEGATIVE61111,0.953889787197113
NEG_trNEGATIVE69112,0.10243058949708939
NEG_trNEGATIVE37880,0.524757444858551
NEG_trNEGATIVE89299,0.3200811445713043
NEG_trNEGATIVE33484,0.014566950500011444
NEG_trNEGATIVE36657,0.02260848507285118
NEG_trNEGATIVE95023,0.16514012217521667
NEG_trNEGATIVE69210,0.01537867821753025
NEG_trNEGATIVE31769,0.04807440936565399
NEG_trNEGATIVE67429,0.49491193890571594
NEG_trNEGATIVE92356,0.6486698389053345
