id,p_amplify
DBAASPS_8,0.9806830286979675
DBAASPS_10,0.2102636843919754
DBAASPS_12,0.962845504283905
DBAASPS_13,
DBAASPS_38,0.9669792056083679
DBAASPS_72,0.8157792091369629
DBAASPS_77,0.999585747718811
DBAASPS_80,0.9999797940254211
DBAASPS_81,
DBAASPS_85,0.9994909167289734
DBAASPS_86,
DBAASPS_90,0.9999006390571594
DBAASPS_91,
DBAASPS_95,0.99986332654953
DBAASPS_96,
DBAASPS_103,0.998701274394989
DBAASPS_105,0.9225021600723267
DBAASPS_109,0.9943932294845581
DBAASPS_110,0.9919441342353821
DBAASPS_111,0.9999615550041199
DBAASPS_112,0.9997309446334839
DBAASPS_113,0.9996903538703918
DBAASPS_115,0.9998571276664734
DBAASPS_116,0.9983217120170593
DBAASPS_117,0.9996098279953003
DBAASPS_127,0.999963641166687
DBAASPS_128,0.9997828602790833
DBAASPS_132,0.9620178937911987
DBAASPS_133,
DBAASPS_134,
DBAASPS_135,0.9995616674423218
DBAASPS_136,0.9972955584526062
DBAASPS_137,0.9995250701904297
DBAASPS_139,0.9985658526420593
DBAASPS_145,0.9933490753173828
DBAASPS_157,
DBAASPS_182,0.993323802947998
DBAASPS_183,0.9993457794189453
DBAASPS_188,0.9961193203926086
DBAASPS_189,0.9777553677558899
DBAASPS_190,0.9919402003288269
DBAASPS_191,0.9526146054267883
DBAASPS_192,0.8585926294326782
DBAASPS_193,0.9441353678703308
DBAASPS_194,0.834437370300293
DBAASPS_195,0.8979082107543945
DBAASPS_255,0.9955217242240906
DBAASPS_263,0.9996217489242554
DBAASPS_271,0.9998289942741394
DBAASPS_276,0.9854292869567871
DBAASPS_277,0.8021723628044128
DBAASPS_278,0.4612623155117035
DBAASPS_279,0.21556353569030762
DBAASPS_280,0.10044629871845245
DBAASPS_281,0.9937683939933777
DBAASPS_282,0.9993606805801392
DBAASPS_283,0.3930412828922272
DBAASPS_284,0.998682975769043
DBAASPS_285,0.9955176115036011
DBAASPS_286,0.9997188448905945
DBAASPS_287,0.9926093816757202
DBAASPS_288,0.9990836977958679
DBAASPS_289,0.9938801527023315
DBAASPS_290,0.9999585151672363
DBAASPS_291,0.8941559791564941
DBAASPS_292,0.9994382858276367
DBAASPS_293,0.9997318387031555
DBAASPS_294,0.9998763203620911
DBAASPS_295,0.9999658465385437
DBAASPS_296,0.9999055862426758
DBAASPS_297,0.9154635667800903
DBAASPS_298,0.9996874928474426
DBAASPS_299,0.9994567036628723
DBAASPS_300,0.853737473487854
DBAASPS_301,0.9127860069274902
DBAASPS_302,0.9999578595161438
DBAASPS_303,0.9998542666435242
DBAASPS_305,0.9998811483383179
DBAASPS_306,0.9998739361763
DBAASPS_307,0.9988837242126465
DBAASPS_308,0.9997798800468445
DBAASPS_309,0.9998246431350708
DBAASPS_310,0.33839887380599976
DBAASPS_311,0.9985936880111694
DBAASPS_312,0.9994106292724609
DBAASPS_313,0.9993873834609985
DBAASPS_314,0.9999642372131348
DBAASPS_315,0.9999849200248718
DBAASPS_316,0.9974089860916138
DBAASPS_317,0.998805820941925
DBAASPS_318,0.9991812705993652
DBAASPS_319,0.9993181228637695
DBAASPS_320,0.999550998210907
DBAASPS_321,0.9994150400161743
DBAASPS_322,0.9991468191146851
DBAASPS_323,0.9997190237045288
DBAASPS_324,0.9993189573287964
DBAASPS_325,0.9987193942070007
DBAASPS_326,0.9997920989990234
DBAASPS_327,0.16972170770168304
DBAASPS_328,0.5881659388542175
DBAASPS_329,0.9852137565612793
DBAASPS_330,0.8335980176925659
DBAASPS_331,0.4736388325691223
DBAASPS_332,0.991380512714386
DBAASPS_334,0.6434510946273804
DBAASPS_335,0.975017249584198
DBAASPS_338,0.2661193609237671
DBAASPS_339,0.8726995587348938
DBAASPS_340,0.905921459197998
DBAASPS_341,0.9598709940910339
DBAASPS_342,0.8462570309638977
DBAASPS_343,0.9776776432991028
DBAASPS_344,0.5799832940101624
DBAASPS_345,0.7223138809204102
DBAASPS_346,0.9444969296455383
DBAASPS_354,0.9992035031318665
DBAASPS_356,0.9994659423828125
DBAASPS_357,0.9556096196174622
DBAASPS_358,0.7789148092269897
DBAASPS_359,0.9560865163803101
DBAASPS_361,0.9822920560836792
DBAASPS_362,0.9913069009780884
DBAASPS_364,0.9994125366210938
DBAASPS_365,0.9962899088859558
DBAASPS_366,0.9997806549072266
DBAASPS_367,0.9996837377548218
DBAASPS_368,0.9997774362564087
DBAASPS_369,0.9998586773872375
DBAASPS_370,0.9999073147773743
DBAASPS_371,0.9869927167892456
DBAASPS_372,0.848645031452179
DBAASPS_373,0.9993548393249512
DBAASPS_374,0.9985505938529968
DBAASPS_375,0.9754889607429504
DBAASPS_376,0.9133574366569519
DBAASPS_377,0.6815499067306519
DBAASPS_378,0.23112866282463074
DBAASPS_379,0.4928897023200989
DBAASPS_380,0.23050351440906525
DBAASPS_381,0.7858794927597046
DBAASPS_382,0.22650262713432312
DBAASPS_383,0.16775594651699066
DBAASPS_384,0.1767289787530899
DBAASPS_385,0.09718110412359238
DBAASPS_386,0.7173551917076111
DBAASPS_387,0.2663155794143677
DBAASPS_388,0.6334661245346069
DBAASPS_389,0.2046966850757599
DBAASPS_390,0.8481602668762207
DBAASPS_391,0.38287776708602905
DBAASPS_392,0.30648693442344666
DBAASPS_393,0.9096423387527466
DBAASPS_394,0.3493714928627014
DBAASPS_395,0.6714731454849243
DBAASPS_396,0.28822070360183716
DBAASPS_397,0.720333456993103
DBAASPS_398,0.9783700704574585
DBAASPS_399,0.814010500907898
DBAASPS_400,0.9172401428222656
DBAASPS_402,0.994454562664032
DBAASPS_403,0.07965930551290512
DBAASPS_404,0.9999343752861023
DBAASPS_405,0.9999752044677734
DBAASPS_406,0.09056406468153
DBAASPS_407,0.9998073577880859
DBAASPS_408,0.9998496770858765
DBAASPS_409,0.9996421933174133
DBAASPS_410,0.9986698031425476
DBAASPS_412,0.9998944997787476
DBAASPS_413,0.9999653100967407
DBAASPS_414,0.9994417428970337
DBAASPS_415,0.9998269081115723
DBAASPS_416,0.9997674822807312
DBAASPS_417,0.9998931884765625
DBAASPS_418,0.9775137901306152
DBAASPS_419,0.9992319345474243
DBAASPS_420,0.9994184374809265
DBAASPS_421,0.9985597729682922
DBAASPS_422,0.9985397458076477
DBAASPS_423,0.9861618280410767
DBAASPS_424,0.9933134913444519
DBAASPS_425,0.9999440908432007
DBAASPS_426,0.998812198638916
DBAASPS_427,0.9998742341995239
DBAASPS_428,0.99982750415802
DBAASPS_433,0.9998968839645386
DBAASPS_434,0.9998811483383179
DBAASPS_435,0.9996015429496765
DBAASPS_436,0.9999405741691589
DBAASPS_437,0.9999181628227234
DBAASPS_438,0.9986341595649719
DBAASPS_439,0.9997924566268921
DBAASPS_440,0.9998871088027954
DBAASPS_441,0.9999887347221375
DBAASPS_442,0.997348427772522
DBAASPS_443,0.9996172189712524
DBAASPS_444,0.9999551773071289
DBAASPS_445,0.9994823336601257
DBAASPS_446,0.9999734163284302
DBAASPR_462,0.014137336984276772
DBAASPS_463,0.9743372201919556
DBAASPS_464,0.9104703664779663
DBAASPS_465,0.917914092540741
DBAASPS_466,0.8771589398384094
DBAASPS_467,0.9129603505134583
DBAASPS_468,0.8904226422309875
DBAASPS_469,0.8439211845397949
DBAASPS_470,0.8312215805053711
DBAASPS_471,0.9439926147460938
DBAASPS_473,0.915183424949646
DBAASPS_474,0.9707895517349243
DBAASPS_475,0.8874208331108093
DBAASPS_476,0.8010960817337036
DBAASPS_477,0.7616599798202515
DBAASPS_478,0.9551159143447876
DBAASPS_479,0.9549595713615417
DBAASPS_480,0.8266218900680542
DBAASPS_481,0.8046733736991882
DBAASPS_484,0.605225682258606
DBAASPS_485,0.7220177054405212
DBAASPS_486,0.7392473220825195
DBAASPS_487,0.7895768880844116
DBAASPS_489,0.003146714996546507
DBAASPS_496,0.9188623428344727
DBAASPS_497,0.998836874961853
DBAASPS_519,
DBAASPS_520,0.9573947191238403
DBAASPS_522,0.9703816175460815
DBAASPS_524,0.9612711668014526
DBAASPS_526,0.9829118847846985
DBAASPS_528,
DBAASPS_531,
DBAASPS_532,
DBAASPS_533,
DBAASPS_538,
DBAASPS_539,
DBAASPS_540,
DBAASPS_546,
DBAASPS_547,
DBAASPS_548,
DBAASPS_551,
DBAASPS_552,
DBAASPS_553,
DBAASPS_554,
DBAASPS_560,0.998997688293457
DBAASPR_568,0.9933801889419556
DBAASPS_599,0.6131130456924438
DBAASPS_600,0.7739763855934143
DBAASPS_602,0.45316633582115173
DBAASPS_603,0.6771486401557922
DBAASPS_604,0.630660891532898
DBAASPS_605,0.0012235764879733324
DBAASPS_622,0.9984315633773804
DBAASPS_623,0.9888428449630737
DBAASPS_624,0.9704987406730652
DBAASPS_627,0.9927321672439575
DBAASPS_632,0.9862571954727173
DBAASPS_633,0.9910916090011597
DBAASPS_634,0.993073582649231
DBAASPS_635,0.8887814283370972
DBAASPS_636,0.6702938675880432
DBAASPS_637,0.9615734815597534
DBAASPS_638,0.9863759279251099
DBAASPS_639,0.7666875720024109
DBAASPS_640,0.9904564023017883
DBAASPS_641,0.9966432452201843
DBAASPS_642,0.9877327084541321
DBAASPS_643,0.8364217877388
DBAASPS_644,0.9437940716743469
DBAASPS_645,0.9955114126205444
DBAASPS_646,0.9967484474182129
DBAASPS_651,0.9806989431381226
DBAASPS_653,0.991555392742157
DBAASPS_654,0.9909696578979492
DBAASPS_656,0.9963729977607727
DBAASPS_663,0.9893326759338379
DBAASPS_664,0.98469477891922
DBAASPS_665,0.9851546287536621
DBAASPS_666,0.995749294757843
DBAASPS_667,0.939773440361023
DBAASPS_668,0.9947465062141418
DBAASPS_669,0.9993138313293457
DBAASPS_670,0.9937053918838501
DBAASPS_671,0.9976691007614136
DBAASPS_673,0.9999481439590454
DBAASPS_674,0.9999662637710571
DBAASPS_675,0.6934493780136108
DBAASPS_676,0.6050496101379395
DBAASPS_677,0.9874820709228516
DBAASPS_678,0.9369829297065735
DBAASPS_679,0.607872486114502
DBAASPS_680,0.8761466145515442
DBAASPS_682,0.99945068359375
DBAASPS_683,0.9841129183769226
DBAASPS_684,0.6932669878005981
DBAASPS_685,0.42394381761550903
DBAASPS_686,0.8501696586608887
DBAASPS_687,0.4775620102882385
DBAASPS_688,0.7427003979682922
DBAASPS_700,0.99969083070755
DBAASPS_701,0.9995137453079224
DBAASPS_702,0.9999237060546875
DBAASPS_703,0.9999395608901978
DBAASPS_704,0.9998844265937805
DBAASPS_705,0.9999183416366577
DBAASPS_710,0.9982284307479858
DBAASPS_711,0.9976856112480164
DBAASPS_712,0.9998893737792969
DBAASPS_713,0.9996011853218079
DBAASPS_714,0.7884145975112915
DBAASPS_715,0.5771327018737793
DBAASPS_717,0.9694972038269043
DBAASPS_721,0.9976269006729126
DBAASPS_724,0.9912387728691101
DBAASPS_725,0.9954150319099426
DBAASPS_726,0.9533665776252747
DBAASPS_727,0.013624535873532295
DBAASPS_728,0.9053685069084167
DBAASPS_729,0.899859607219696
DBAASPS_731,0.23144614696502686
DBAASPS_735,0.2785685062408447
DBAASPS_736,0.9107815027236938
DBAASPS_738,0.9159921407699585
DBAASPS_739,0.5191956758499146
DBAASPS_740,0.34977251291275024
DBAASPS_741,0.3649575412273407
DBAASPS_742,0.8906481862068176
DBAASPS_746,0.6602684259414673
DBAASPS_747,0.9892627000808716
DBAASPS_748,0.28861796855926514
DBAASPS_749,0.27292925119400024
DBAASPS_750,0.02249329537153244
DBAASPS_752,0.8862937092781067
DBAASPS_753,0.8628605008125305
DBAASPS_754,0.9672393798828125
DBAASPS_761,0.6951347589492798
DBAASPS_762,0.5597675442695618
DBAASPS_773,0.9093799591064453
DBAASPS_807,0.9838849306106567
DBAASPS_809,0.9955833554267883
DBAASPS_810,0.9257793426513672
DBAASPS_811,0.9315279126167297
DBAASPS_812,0.9923228025436401
DBAASPS_819,0.4833751618862152
DBAASPS_820,0.8093342781066895
DBAASPS_821,0.9754236340522766
DBAASPS_831,0.27923375368118286
DBAASPS_877,0.7335949540138245
DBAASPS_878,0.9734947085380554
DBAASPS_879,0.10848263651132584
DBAASPS_885,0.9978677034378052
DBAASPS_886,0.999140739440918
DBAASPS_888,0.9988914728164673
DBAASPS_899,0.9999111294746399
DBAASPS_901,0.9999826550483704
DBAASPS_902,0.9999895095825195
DBAASPS_903,0.9999667406082153
DBAASPS_904,0.9998195767402649
DBAASPS_910,0.9996787905693054
DBAASPS_911,0.9999685287475586
DBAASPS_912,0.9999150037765503
DBAASPS_913,0.9995338320732117
DBAASPS_914,0.9995142221450806
DBAASPS_915,0.9998351335525513
DBAASPS_921,0.944999098777771
DBAASPS_922,0.9682012796401978
DBAASPS_928,0.9983752965927124
DBAASPS_929,0.9757630228996277
DBAASPS_930,0.9979104995727539
DBAASPS_931,0.8753880262374878
DBAASPS_932,0.9861461520195007
DBAASPS_933,0.993585467338562
DBAASPS_934,0.9868663549423218
DBAASPS_935,0.9638863801956177
DBAASPS_936,0.9829468727111816
DBAASPS_937,0.9626730680465698
DBAASPS_938,0.9795683026313782
DBAASPS_939,0.9561759829521179
DBAASPS_940,0.9415367841720581
DBAASPS_941,0.9998708963394165
DBAASPS_942,0.9982197880744934
DBAASPS_943,0.9992206692695618
DBAASPS_944,0.99995356798172
DBAASPS_945,0.9915190935134888
DBAASPS_946,0.9979192018508911
DBAASPS_952,0.9972140192985535
DBAASPS_954,0.8087129592895508
DBAASPS_955,0.18255189061164856
DBAASPS_960,0.3118216395378113
DBAASPS_961,0.6626333594322205
DBAASPS_962,0.815352737903595
DBAASPS_963,0.852336585521698
DBAASPR_993,
DBAASPR_994,
DBAASPS_1030,0.9980360269546509
DBAASPS_1032,
DBAASPS_1033,
DBAASPS_1042,0.4173024296760559
DBAASPS_1043,0.9070981740951538
DBAASPS_1045,0.9988538026809692
DBAASPS_1046,0.7012754678726196
DBAASPS_1047,0.9927495121955872
DBAASPS_1055,0.17041006684303284
DBAASPS_1057,0.7497616410255432
DBAASPS_1065,0.996651828289032
DBAASPS_1067,0.8543173670768738
DBAASPS_1068,0.9999536275863647
DBAASPS_1070,0.9993612170219421
DBAASPS_1110,0.09141437709331512
DBAASPS_1111,0.0023476439528167248
DBAASPS_1112,0.07473626732826233
DBAASPS_1114,0.054929863661527634
DBAASPS_1115,0.02465992234647274
DBAASPS_1116,0.13677088916301727
DBAASPS_1117,0.004137837328016758
DBAASPS_1118,0.020756617188453674
DBAASPS_1119,0.0020027686841785908
DBAASPS_1120,0.0003084182972088456
DBAASPS_1122,0.7826720476150513
DBAASPS_1123,0.47202247381210327
DBAASPS_1130,0.997442901134491
DBAASPS_1131,0.9810807108879089
DBAASPS_1132,0.9995214343070984
DBAASPS_1133,0.9917371869087219
DBAASPS_1144,0.7459585666656494
DBAASPS_1145,0.9986821413040161
DBAASPS_1146,0.9340170621871948
DBAASPS_1147,0.33931466937065125
DBAASPS_1148,0.2928610146045685
DBAASPS_1149,0.40894731879234314
DBAASPS_1157,0.9652225375175476
DBAASPS_1158,0.6018136143684387
DBAASPS_1164,0.9545615911483765
DBAASPS_1165,0.9279226064682007
DBAASPS_1166,0.8694251179695129
DBAASPS_1167,0.9984070658683777
DBAASPS_1168,0.9957407116889954
DBAASPS_1169,0.939370334148407
DBAASPS_1170,0.11292611062526703
DBAASPS_1171,0.24860405921936035
DBAASPS_1172,0.12492157518863678
DBAASPS_1173,0.07278318703174591
DBAASPS_1174,0.2644578218460083
DBAASPS_1175,0.2506142556667328
DBAASPS_1176,0.26705312728881836
DBAASPS_1177,0.10909594595432281
DBAASPS_1178,0.18276359140872955
DBAASPS_1179,0.2451830357313156
DBAASPS_1180,0.1145671159029007
DBAASPS_1181,0.05627642944455147
DBAASPS_1182,0.7465425729751587
DBAASPS_1183,0.24984867870807648
DBAASPS_1191,0.9997768402099609
DBAASPS_1192,0.9996024370193481
DBAASPS_1193,0.9999954104423523
DBAASPS_1194,0.8085706830024719
DBAASPS_1196,0.8585101962089539
DBAASPS_1197,0.9227313995361328
DBAASPS_1199,0.66280597448349
DBAASPS_1202,0.9581480026245117
DBAASPS_1208,0.010413828305900097
DBAASPS_1210,0.07642775028944016
DBAASPS_1218,0.47528910636901855
DBAASPS_1220,0.24178199470043182
DBAASPS_1221,0.7502533793449402
DBAASPS_1222,0.40233397483825684
DBAASPS_1223,0.7785500884056091
DBAASPS_1225,0.5659335851669312
DBAASPS_1235,0.9992782473564148
DBAASPS_1264,0.8915732502937317
DBAASPS_1265,0.9002816081047058
DBAASPS_1266,0.7786274552345276
DBAASPS_1267,0.9372707605361938
DBAASPS_1268,0.9490394592285156
DBAASPS_1270,0.9790257215499878
DBAASPS_1271,0.9774048924446106
DBAASPS_1274,0.9764882326126099
DBAASPS_1277,0.27693971991539
DBAASPS_1278,0.5322694778442383
DBAASPS_1279,0.27632394433021545
DBAASPS_1280,0.8393430709838867
DBAASPS_1281,0.5427979230880737
DBAASPS_1282,0.9812213778495789
DBAASPS_1283,0.012876677326858044
DBAASPS_1284,0.2721911668777466
DBAASPS_1285,0.051530737429857254
DBAASPS_1286,0.00033591254032216966
DBAASPS_1287,0.4141736626625061
DBAASPS_1288,0.024488335475325584
DBAASPS_1289,0.9735502004623413
DBAASPS_1290,0.6588208675384521
DBAASPS_1291,0.13334287703037262
DBAASPS_1292,0.34900766611099243
DBAASPS_1293,0.07679639756679535
DBAASPS_1294,0.12063241004943848
DBAASPS_1295,0.026084020733833313
DBAASPS_1296,0.2313878983259201
DBAASPS_1297,0.23074431717395782
DBAASPS_1298,0.9959093332290649
DBAASPS_1299,0.11367994546890259
DBAASPS_1300,0.8244156837463379
DBAASPS_1301,0.00035225384635850787
DBAASPS_1302,0.29923495650291443
DBAASPS_1303,6.544990810652962e-06
DBAASPS_1304,0.00010236084926873446
DBAASPS_1305,0.02410181611776352
DBAASPS_1306,0.04262272268533707
DBAASPS_1307,0.41299372911453247
DBAASPS_1308,0.004315375816076994
DBAASPS_1309,0.005375855136662722
DBAASPS_1310,0.37215128540992737
DBAASPS_1311,0.008286634460091591
DBAASPS_1312,1.0739517165347934e-05
DBAASPS_1313,0.06253907084465027
DBAASPS_1314,6.687101267743856e-05
DBAASPR_1343,0.9238162040710449
DBAASPS_1363,0.7580611705780029
DBAASPS_1372,0.999983012676239
DBAASPS_1381,0.018962295725941658
DBAASPS_1382,0.4329819083213806
DBAASPS_1385,0.27408379316329956
DBAASPS_1389,0.5527018308639526
DBAASPS_1401,0.7770090103149414
DBAASPS_1402,0.45888441801071167
DBAASPS_1403,0.9120715856552124
DBAASPS_1416,0.9999582171440125
DBAASPS_1417,0.9999744296073914
DBAASPS_1419,0.9993228912353516
DBAASPS_1421,0.9991033673286438
DBAASPS_1422,0.9990724325180054
DBAASPS_1423,0.9897944331169128
DBAASPS_1424,0.9999018907546997
DBAASPS_1426,0.9995476007461548
DBAASPS_1433,0.9840120077133179
DBAASPR_1475,
DBAASPR_1485,0.9993042945861816
DBAASPS_1486,0.9991763830184937
DBAASPS_1487,0.9920401573181152
DBAASPS_1488,0.9988628625869751
DBAASPS_1489,0.9921366572380066
DBAASPS_1490,0.992392361164093
DBAASPS_1496,0.9954391717910767
DBAASPS_1500,0.8716433644294739
DBAASPS_1508,0.9271356463432312
DBAASPS_1511,0.9718432426452637
DBAASPS_1512,0.9991877675056458
DBAASPS_1513,0.9982357025146484
DBAASPS_1514,0.9964507222175598
DBAASPS_1515,0.9979502558708191
DBAASPS_1516,0.9971514940261841
DBAASPR_1517,0.8383117914199829
DBAASPS_1529,0.9969318509101868
DBAASPS_1530,0.999653160572052
DBAASPS_1531,0.999725341796875
DBAASPS_1532,0.9959109425544739
DBAASPS_1533,0.999383270740509
DBAASPS_1534,0.9996086955070496
DBAASPS_1538,0.0015753174666315317
DBAASPS_1539,0.9996406435966492
DBAASPS_1541,0.9995082020759583
DBAASPR_1548,0.9996940493583679
DBAASPR_1571,0.8690784573554993
DBAASPS_1572,0.15940909087657928
DBAASPS_1573,0.7682244181632996
DBAASPS_1574,0.7618086338043213
DBAASPS_1575,0.9025591015815735
DBAASPS_1576,0.7494692802429199
DBAASPS_1577,0.3862554430961609
DBAASPS_1579,0.9991201162338257
DBAASPS_1580,0.9996649026870728
DBAASPS_1581,0.9986384510993958
DBAASPS_1582,0.9994624853134155
DBAASPS_1583,0.9988417625427246
DBAASPS_1600,0.6811099052429199
DBAASPS_1606,0.9986708760261536
DBAASPS_1607,0.997519314289093
DBAASPS_1608,0.9977076649665833
DBAASPS_1609,0.0007621404365636408
DBAASPR_1610,0.005759994499385357
DBAASPS_1611,0.005211028270423412
DBAASPS_1612,0.012945761904120445
DBAASPS_1613,0.0021752759348601103
DBAASPR_1620,0.8228046298027039
DBAASPS_1622,0.873041033744812
DBAASPS_1623,0.8655568361282349
DBAASPS_1624,0.8353573679924011
DBAASPS_1627,0.7144562602043152
DBAASPS_1628,0.9404644966125488
DBAASPS_1629,0.9239007830619812
DBAASPS_1630,0.45248204469680786
DBAASPS_1634,0.06579119712114334
DBAASPS_1636,0.05463174730539322
DBAASPS_1656,0.9982801675796509
DBAASPS_1657,0.991836667060852
DBAASPS_1689,0.9795557856559753
DBAASPS_1707,
DBAASPS_1708,0.8213192224502563
DBAASPS_1709,
DBAASPS_1711,
DBAASPS_1712,0.802746593952179
DBAASPS_1713,0.970314621925354
DBAASPS_1714,
DBAASPS_1715,
DBAASPS_1717,0.45196104049682617
DBAASPS_1724,0.8514963388442993
DBAASPS_1725,0.957674503326416
DBAASPS_1741,0.9972935914993286
DBAASPS_1742,0.9963299036026001
DBAASPS_1743,0.9962372779846191
DBAASPS_1744,0.9987019300460815
DBAASPS_1745,0.999725341796875
DBAASPS_1746,0.9999426007270813
DBAASPS_1747,0.7788944244384766
DBAASPS_1749,0.9986457824707031
DBAASPS_1750,0.9997442364692688
DBAASPS_1751,0.9999114871025085
DBAASPS_1752,0.9999637603759766
DBAASPS_1753,0.999978244304657
DBAASPS_1754,0.9782368540763855
DBAASPS_1755,0.9999964833259583
DBAASPS_1756,0.9999593496322632
DBAASPS_1757,0.9999901652336121
DBAASPS_1758,0.9999502301216125
DBAASPS_1760,0.9681397676467896
DBAASPS_1761,0.9999538660049438
DBAASPS_1762,0.9998887777328491
DBAASPS_1763,0.9997930526733398
DBAASPS_1764,0.9914862513542175
DBAASPS_1765,0.9931915998458862
DBAASPS_1766,0.9999787211418152
DBAASPS_1767,0.9999324679374695
DBAASPS_1768,0.9998285174369812
DBAASPS_1769,0.9999963641166687
DBAASPR_1798,
DBAASPS_1827,0.9999991655349731
DBAASPS_1841,0.9989888072013855
DBAASPS_1842,0.9986881017684937
DBAASPR_1898,0.9999872446060181
DBAASPR_1900,0.08595824241638184
DBAASPR_1901,0.9998098611831665
DBAASPR_1902,0.8205838203430176
DBAASPR_1903,0.9429261088371277
DBAASPR_1904,0.14421333372592926
DBAASPR_1905,0.9991518259048462
DBAASPR_1906,0.9995085000991821
DBAASPR_1907,0.7449952363967896
DBAASPS_1912,0.9996873140335083
DBAASPS_1913,0.9999856948852539
DBAASPS_1914,0.9998904466629028
DBAASPS_1915,0.9998060464859009
DBAASPS_1916,0.9993870854377747
DBAASPS_1917,0.9996246099472046
DBAASPS_1918,0.9990994334220886
DBAASPS_1923,0.9905058145523071
DBAASPS_1984,
DBAASPS_1985,
DBAASPS_1986,
DBAASPS_1987,
DBAASPS_1988,
DBAASPS_1989,
DBAASPR_1997,0.8613956570625305
DBAASPS_1998,0.9989611506462097
DBAASPS_1999,0.9999017715454102
DBAASPS_2000,0.9999397397041321
DBAASPS_2004,0.999978244304657
DBAASPS_2011,0.8104678392410278
DBAASPS_2013,0.9997817873954773
DBAASPS_2014,0.9997441172599792
DBAASPS_2035,0.9999940991401672
DBAASPS_2036,0.9995911717414856
DBAASPS_2037,0.9966753721237183
DBAASPS_2038,0.9929847717285156
DBAASPS_2039,0.9888485074043274
DBAASPS_2040,0.975603461265564
DBAASPS_2041,0.9970508813858032
DBAASPS_2050,0.9992244839668274
DBAASPS_2051,0.9994547963142395
DBAASPS_2055,0.9999454617500305
DBAASPS_2056,0.999897837638855
DBAASPS_2058,0.9999898672103882
DBAASPS_2059,0.999986469745636
DBAASPS_2060,0.9997648000717163
DBAASPS_2061,0.9962044954299927
DBAASPS_2062,0.996568500995636
DBAASPS_2095,0.9819459915161133
DBAASPS_2096,0.9600263833999634
DBAASPS_2098,
DBAASPS_2100,
DBAASPS_2124,0.9721194505691528
DBAASPR_2129,0.9740139842033386
DBAASPS_2155,0.9698468446731567
DBAASPR_2188,0.7438646554946899
DBAASPR_2205,0.9990698099136353
DBAASPR_2206,0.9505354166030884
DBAASPR_2212,0.9667499661445618
DBAASPS_2240,0.9854891896247864
DBAASPS_2241,0.9973390698432922
DBAASPS_2243,0.7989169955253601
DBAASPS_2245,0.8415667414665222
DBAASPS_2246,0.9777264595031738
DBAASPS_2247,0.8443630933761597
DBAASPS_2250,0.997796893119812
DBAASPS_2266,0.9999921917915344
DBAASPS_2267,0.9999884366989136
DBAASPS_2268,0.9999797940254211
DBAASPR_2294,0.9022385478019714
DBAASPS_2306,0.9284907579421997
DBAASPR_2308,0.7246197462081909
DBAASPS_2322,0.9904549717903137
DBAASPS_2325,0.9989168047904968
DBAASPS_2327,0.9999521374702454
DBAASPS_2328,0.9999655485153198
DBAASPS_2331,0.993683934211731
DBAASPS_2336,
DBAASPS_2337,
DBAASPS_2338,
DBAASPS_2339,
DBAASPS_2340,
DBAASPS_2341,
DBAASPS_2342,
DBAASPS_2343,
DBAASPS_2344,
DBAASPS_2345,
DBAASPS_2346,
DBAASPS_2347,
DBAASPS_2349,0.9999597668647766
DBAASPS_2375,0.5238708257675171
DBAASPS_2376,0.7240429520606995
DBAASPS_2377,4.765766789205372e-06
DBAASPS_2378,0.20544631779193878
DBAASPS_2379,0.42301735281944275
DBAASPS_2380,0.0002043834829237312
DBAASPS_2381,0.2947833836078644
DBAASPS_2382,0.37701216340065
DBAASPS_2384,0.9188003540039062
DBAASPS_2387,0.22315700352191925
DBAASPS_2397,0.9996751546859741
DBAASPS_2409,0.6495354771614075
DBAASPS_2410,0.8956544995307922
DBAASPS_2411,0.9906619191169739
DBAASPS_2412,0.9109732508659363
DBAASPS_2420,0.9894417524337769
DBAASPS_2421,0.9887725710868835
DBAASPS_2422,0.85883629322052
DBAASPS_2423,0.9616273641586304
DBAASPS_2425,0.9993373155593872
DBAASPS_2426,0.9960378408432007
DBAASPS_2427,0.999058723449707
DBAASPS_2428,0.9990484118461609
DBAASPR_2429,0.9955354928970337
DBAASPS_2433,0.6455540060997009
DBAASPR_2439,0.6575930714607239
DBAASPR_2440,0.313394695520401
DBAASPR_2441,0.27729323506355286
DBAASPS_2442,0.9854031801223755
DBAASPS_2443,0.9746496081352234
DBAASPS_2446,0.19917038083076477
DBAASPS_2447,0.24570682644844055
DBAASPS_2448,0.5680070519447327
DBAASPS_2449,0.6373769044876099
DBAASPS_2465,
DBAASPS_2481,
DBAASPS_2489,
DBAASPS_2498,0.12972936034202576
DBAASPS_2499,0.43048086762428284
DBAASPS_2500,0.39631643891334534
DBAASPS_2501,0.001329502440057695
DBAASPS_2505,0.44400152564048767
DBAASPS_2506,0.9980700612068176
DBAASPS_2507,0.9998749494552612
DBAASPS_2508,0.9999591112136841
DBAASPS_2509,0.9998875856399536
DBAASPS_2510,0.999962329864502
DBAASPS_2521,0.9988884925842285
DBAASPS_2522,0.9990631937980652
DBAASPS_2523,0.9741905331611633
DBAASPS_2525,0.9988868832588196
DBAASPS_2526,0.9988128542900085
DBAASPS_2527,0.9985237121582031
DBAASPS_2529,0.9990649223327637
DBAASPS_2530,0.9754123687744141
DBAASPS_2531,0.9991815686225891
DBAASPS_2532,0.9979710578918457
DBAASPS_2533,0.9888107180595398
DBAASPS_2534,0.9985388517379761
DBAASPS_2535,0.999656081199646
DBAASPS_2539,0.7786549925804138
DBAASPS_2540,0.2382936030626297
DBAASPS_2541,0.6985695958137512
DBAASPS_2542,0.718044638633728
DBAASPS_2543,0.09464273601770401
DBAASPS_2544,0.909090518951416
DBAASPS_2545,0.25063952803611755
DBAASPS_2546,0.17145179212093353
DBAASPS_2547,0.33526983857154846
DBAASPS_2548,0.2412085086107254
DBAASPS_2549,0.8067843317985535
DBAASPS_2550,0.49585968255996704
DBAASPS_2551,0.25495725870132446
DBAASPS_2552,0.01933642476797104
DBAASPS_2553,0.2290641963481903
DBAASPS_2554,0.22610655426979065
DBAASPS_2555,0.6676483750343323
DBAASPS_2556,
DBAASPS_2557,0.7767605781555176
DBAASPS_2570,0.9964314699172974
DBAASPS_2579,0.9997676610946655
DBAASPS_2580,0.9997884631156921
DBAASPS_2581,0.9891575574874878
DBAASPS_2582,0.9969051480293274
DBAASPS_2592,0.5941132307052612
DBAASPS_2600,0.9319138526916504
DBAASPS_2601,0.7398059964179993
DBAASPS_2602,0.7380801439285278
DBAASPS_2603,0.9602565765380859
DBAASPS_2610,0.9772568941116333
DBAASPS_2611,0.8534108400344849
DBAASPS_2612,0.7293687462806702
DBAASPS_2633,0.5865926742553711
DBAASPS_2634,0.19434158504009247
DBAASPS_2635,0.002934633754193783
DBAASPS_2636,0.6383852958679199
DBAASPS_2638,0.04017685726284981
DBAASPS_2639,0.05768851190805435
DBAASPS_2640,0.5205584764480591
DBAASPS_2641,0.12593498826026917
DBAASPS_2642,0.06093784421682358
DBAASPS_2644,0.6803428530693054
DBAASPS_2645,0.7953447699546814
DBAASPS_2647,0.6360894441604614
DBAASPS_2648,0.5954216718673706
DBAASPS_2649,0.7465367317199707
DBAASPS_2659,0.9738256335258484
DBAASPS_2660,0.9279648065567017
DBAASPS_2661,0.38088738918304443
DBAASPS_2662,0.9989573359489441
DBAASPS_2663,0.9991605877876282
DBAASPS_2664,0.921759307384491
DBAASPS_2665,0.9897367358207703
DBAASPS_2666,0.9998260736465454
DBAASPS_2667,0.9980209469795227
DBAASPS_2668,0.9986017346382141
DBAASPS_2669,0.9998014569282532
DBAASPS_2670,0.9991917610168457
DBAASPS_2671,0.9998378753662109
DBAASPS_2672,0.9996955990791321
DBAASPS_2673,0.9898044466972351
DBAASPS_2674,0.9969381093978882
DBAASPS_2675,0.998927891254425
DBAASPS_2677,0.9987941980361938
DBAASPS_2678,0.9998006820678711
DBAASPS_2679,0.9996265172958374
DBAASPS_2681,0.9999490976333618
DBAASPS_2682,0.9997997283935547
DBAASPS_2683,0.6151241064071655
DBAASPS_2684,0.027424568310379982
DBAASPS_2685,0.3028981387615204
DBAASPS_2686,0.2955130338668823
DBAASPS_2687,0.36455488204956055
DBAASPS_2688,0.03369464352726936
DBAASPS_2689,0.1883765161037445
DBAASPS_2690,0.49161919951438904
DBAASPS_2691,0.934172511100769
DBAASPS_2692,0.8447278738021851
DBAASPS_2693,0.6911570429801941
DBAASPS_2694,0.9962719082832336
DBAASPS_2695,0.0964076966047287
DBAASPS_2696,0.00034061961923725903
DBAASPS_2697,0.00017764055519364774
DBAASPS_2698,0.9929344058036804
DBAASPS_2699,0.9247180223464966
DBAASPS_2700,0.9950349926948547
DBAASPS_2701,0.9972062110900879
DBAASPS_2702,0.9999029040336609
DBAASPS_2703,0.9997250437736511
DBAASPS_2704,0.9860111474990845
DBAASPS_2705,0.9997471570968628
DBAASPS_2706,0.9995564222335815
DBAASPS_2707,0.9959534406661987
DBAASPS_2708,0.999657154083252
DBAASPS_2709,0.9979789853096008
DBAASPS_2710,0.9951788187026978
DBAASPS_2711,0.9678688049316406
DBAASPS_2712,0.999476432800293
DBAASPS_2713,0.9989155530929565
DBAASPS_2714,0.9995519518852234
DBAASPS_2715,0.9988727569580078
DBAASPS_2716,0.9993065595626831
DBAASPS_2717,0.9979045987129211
DBAASPS_2718,0.9999400973320007
DBAASPS_2719,0.9928268194198608
DBAASPS_2721,0.9299408197402954
DBAASPS_2722,0.8208575248718262
DBAASPS_2739,0.9450462460517883
DBAASPS_2788,
DBAASPS_2813,0.9999931454658508
DBAASPS_2814,0.9999936819076538
DBAASPS_2815,0.9999887347221375
DBAASPS_2817,0.9999825358390808
DBAASPS_2818,0.9999872446060181
DBAASPS_2822,0.9986581802368164
DBAASPS_2826,0.60430508852005
DBAASPS_2827,0.7252089381217957
DBAASPS_2828,0.5403239130973816
DBAASPS_2835,0.9446296691894531
DBAASPS_2836,0.918086051940918
DBAASPS_2837,0.9050630331039429
DBAASPS_2838,
DBAASPS_2854,0.9950637817382812
DBAASPS_2869,0.9998000264167786
DBAASPS_2870,0.9995102882385254
DBAASPS_2872,0.9999885559082031
DBAASPS_2873,0.9999529123306274
DBAASPS_2874,0.9998453855514526
DBAASPS_2875,0.9995792508125305
DBAASPS_2876,0.9978219866752625
DBAASPS_2877,0.9990397691726685
DBAASPS_2878,
DBAASPS_2879,
DBAASPS_2955,0.5917490720748901
DBAASPS_2995,0.31650760769844055
DBAASPS_2996,0.14368568360805511
DBAASPS_2997,0.4647599160671234
DBAASPS_2998,0.8379818797111511
DBAASPS_2999,0.9999767541885376
DBAASPS_3000,0.9999434351921082
DBAASPS_3013,0.5718860626220703
DBAASPS_3014,0.014770286157727242
DBAASPS_3015,0.36258065700531006
DBAASPS_3025,0.9105774760246277
DBAASPS_3027,0.13060849905014038
DBAASPS_3028,0.8630000352859497
DBAASPS_3029,0.6960976123809814
DBAASPS_3065,0.9999673962593079
DBAASPS_3089,0.08123572170734406
DBAASPS_3091,0.039583005011081696
DBAASPS_3092,0.5246466994285583
DBAASPS_3093,0.9039098620414734
DBAASPS_3094,0.9933654069900513
DBAASPS_3095,0.9998211860656738
DBAASPS_3096,0.9944280385971069
DBAASPS_3097,0.033152032643556595
DBAASPS_3098,0.9962851405143738
DBAASPS_3099,0.9999507665634155
DBAASPS_3100,0.9969890713691711
DBAASPS_3101,0.9995676279067993
DBAASPS_3102,0.9999954104423523
DBAASPR_3106,0.999975323677063
DBAASPS_3118,0.9284326434135437
DBAASPS_3119,0.9793449640274048
DBAASPS_3120,0.9584186673164368
DBAASPS_3121,0.9825698137283325
DBAASPS_3122,0.9657403230667114
DBAASPS_3123,0.9661667943000793
DBAASPS_3125,0.9977744817733765
DBAASPS_3126,0.9971123933792114
DBAASPS_3132,0.993963360786438
DBAASPS_3133,0.7606035470962524
DBAASPS_3134,0.9837858080863953
DBAASPS_3135,0.9906396865844727
DBAASPS_3136,0.9965949058532715
DBAASPS_3137,0.9963363409042358
DBAASPS_3138,0.995172381401062
DBAASPS_3139,0.928929328918457
DBAASPS_3140,0.9980074167251587
DBAASPS_3141,0.9994281530380249
DBAASPS_3142,0.9927482604980469
DBAASPS_3143,0.9890943765640259
DBAASPS_3144,0.9927780032157898
DBAASPS_3145,0.9884573817253113
DBAASPS_3146,0.9980970621109009
DBAASPS_3147,0.9985339045524597
DBAASPS_3148,0.9998666048049927
DBAASPS_3149,0.997392475605011
DBAASPS_3150,0.9892871975898743
DBAASPS_3151,0.9977575540542603
DBAASPS_3152,0.9997852444648743
DBAASPS_3153,0.9997665286064148
DBAASPS_3158,0.949860692024231
DBAASPS_3180,0.9979044198989868
DBAASPS_3182,0.9924143552780151
DBAASPS_3184,0.994839072227478
DBAASPR_3199,0.021955475211143494
DBAASPS_3205,0.9999432563781738
DBAASPS_3206,0.9999290704727173
DBAASPS_3207,0.9997814297676086
DBAASPS_3209,0.9999769330024719
DBAASPS_3210,0.9996596574783325
DBAASPS_3211,0.9985693097114563
DBAASPS_3212,0.9892370104789734
DBAASPS_3213,0.9986618161201477
DBAASPS_3214,0.9985430836677551
DBAASPS_3215,0.9969363212585449
DBAASPS_3216,0.9408788681030273
DBAASPS_3217,0.5104871988296509
DBAASPS_3218,0.5902596712112427
DBAASPS_3219,0.9292267560958862
DBAASPS_3220,0.9929178357124329
DBAASPR_3224,0.9057245254516602
DBAASPR_3227,0.9708759188652039
DBAASPS_3230,
DBAASPS_3239,
DBAASPS_3249,0.9818155169487
DBAASPS_3250,0.9956358671188354
DBAASPS_3263,0.010079966858029366
DBAASPS_3264,0.9287015795707703
DBAASPS_3265,0.99676513671875
DBAASPS_3266,0.9984181523323059
DBAASPS_3279,0.9678665995597839
DBAASPS_3280,0.9676058888435364
DBAASPS_3281,0.9789363741874695
DBAASPS_3282,
DBAASPS_3290,0.9996930956840515
DBAASPS_3293,0.9999384880065918
DBAASPS_3302,0.9993047714233398
DBAASPS_3304,
DBAASPS_3305,0.9996469616889954
DBAASPS_3312,0.9996534585952759
DBAASPS_3313,0.9998871088027954
DBAASPN_3314,
DBAASPS_3315,
DBAASPS_3317,
DBAASPS_3318,
DBAASPS_3319,
DBAASPS_3320,
DBAASPS_3321,
DBAASPS_3322,
DBAASPS_3323,
DBAASPS_3324,
DBAASPS_3338,0.9979391098022461
DBAASPS_3339,0.998383641242981
DBAASPS_3342,
DBAASPS_3344,0.7044594883918762
DBAASPS_3356,0.989719033241272
DBAASPS_3361,0.9986003041267395
DBAASPS_3364,0.8788820505142212
DBAASPS_3365,0.9677556157112122
DBAASPS_3369,0.9912012219429016
DBAASPS_3372,0.9983779191970825
DBAASPS_3373,0.9661658406257629
DBAASPS_3375,
DBAASPS_3376,0.8647114038467407
DBAASPS_3377,0.9795204997062683
DBAASPS_3378,0.9106837511062622
DBAASPS_3379,0.996547520160675
DBAASPS_3382,0.9971839785575867
DBAASPR_3383,0.9951537251472473
DBAASPS_3384,
DBAASPR_3385,0.9938894510269165
DBAASPS_3386,
DBAASPS_3390,0.799349308013916
DBAASPS_3394,0.21724946796894073
DBAASPS_3424,0.98651522397995
DBAASPS_3425,0.826176643371582
DBAASPS_3430,
DBAASPS_3433,
DBAASPS_3434,
DBAASPS_3436,
DBAASPS_3453,
DBAASPS_3455,
DBAASPS_3456,
DBAASPS_3457,
DBAASPS_3458,
DBAASPR_3473,0.995848536491394
DBAASPR_3474,
DBAASPR_3487,0.3779338002204895
DBAASPR_3617,0.9997528791427612
DBAASPR_3618,0.9997768402099609
DBAASPR_3649,0.8564037084579468
DBAASPS_3661,0.9998699426651001
DBAASPS_3662,0.9062238931655884
DBAASPS_3663,0.9997705221176147
DBAASPS_3664,0.9999082684516907
DBAASPR_3736,0.7961744070053101
DBAASPR_3737,0.7727707028388977
DBAASPR_3738,0.7865774035453796
DBAASPR_3740,0.6884056925773621
DBAASPR_3742,0.9823471903800964
DBAASPR_3743,0.9947641491889954
DBAASPR_3744,0.9769843220710754
DBAASPR_3745,0.6336454153060913
DBAASPR_3747,0.9990129470825195
DBAASPR_3748,0.9050748944282532
DBAASPR_3749,0.9713588953018188
DBAASPR_3750,0.7579004764556885
DBAASPR_3751,0.9968083500862122
DBAASPS_3756,0.7333530783653259
DBAASPS_3757,0.44968247413635254
DBAASPS_3758,0.35397979617118835
DBAASPR_3781,0.22681169211864471
DBAASPR_3790,0.9998878240585327
DBAASPS_3807,0.999914288520813
DBAASPS_3809,0.9999570846557617
DBAASPR_3820,0.999994158744812
DBAASPR_3841,0.9968215823173523
DBAASPS_3852,
DBAASPS_3853,
DBAASPS_3854,
DBAASPS_3855,
DBAASPS_3856,
DBAASPS_3860,0.20086340606212616
DBAASPS_3862,0.26542946696281433
DBAASPS_3863,0.21984326839447021
DBAASPS_3864,
DBAASPS_3865,
DBAASPS_3866,
DBAASPS_3868,0.027115976437926292
DBAASPS_3869,0.2034182846546173
DBAASPS_3870,0.31940850615501404
DBAASPS_3871,0.5584227442741394
DBAASPS_3872,0.20809605717658997
DBAASPS_3875,0.4317571222782135
DBAASPS_3876,0.8632577061653137
DBAASPS_3877,0.8849209547042847
DBAASPS_3878,0.8893659710884094
DBAASPS_3880,0.37730756402015686
DBAASPS_3881,0.34896114468574524
DBAASPS_3883,0.9279235005378723
DBAASPR_3898,0.9968779683113098
DBAASPS_3902,0.9994851350784302
DBAASPS_3903,0.8043853044509888
DBAASPS_3904,0.9995719194412231
DBAASPS_3905,0.9999947547912598
DBAASPS_3907,0.869282603263855
DBAASPS_3908,0.8451732397079468
DBAASPS_3909,0.6781885027885437
DBAASPS_3910,0.3310192823410034
DBAASPR_3922,0.9725803136825562
DBAASPR_3924,0.9999392628669739
DBAASPR_3926,0.961223304271698
DBAASPS_3932,0.9998243451118469
DBAASPS_3933,0.9912398457527161
DBAASPR_3937,0.9994980692863464
DBAASPR_3941,0.9163872003555298
DBAASPS_3950,0.9997135400772095
DBAASPS_3951,0.999790370464325
DBAASPS_3952,0.9999113082885742
DBAASPS_3953,0.9999674558639526
DBAASPS_3954,0.9999557733535767
DBAASPS_3955,0.9996258020401001
DBAASPS_3956,0.9998844861984253
DBAASPS_3957,0.9999691247940063
DBAASPS_3958,0.999983012676239
DBAASPS_3959,0.9999229311943054
DBAASPS_3960,0.9998981356620789
DBAASPS_3961,0.9999696612358093
DBAASPS_3962,0.9999874234199524
DBAASPS_3963,0.9999774694442749
DBAASPS_3964,0.9995349645614624
DBAASPS_3965,0.9999046325683594
DBAASPS_3966,0.9996261596679688
DBAASPS_3967,0.9981365203857422
DBAASPS_3968,0.9996548891067505
DBAASPS_3969,0.998955249786377
DBAASPS_3970,0.9997844696044922
DBAASPS_3971,0.9997890591621399
DBAASPS_3972,0.9999074935913086
DBAASPS_3973,0.9997745752334595
DBAASPS_3974,0.9998754262924194
DBAASPS_3975,0.998917281627655
DBAASPS_3976,0.9997982978820801
DBAASPS_3977,0.9999105334281921
DBAASPS_3978,0.9996846914291382
DBAASPS_3979,0.9998010396957397
DBAASPS_3980,0.9996851682662964
DBAASPS_3981,0.9998700022697449
DBAASPS_3982,0.9999135732650757
DBAASPS_3983,0.9999000430107117
DBAASPS_3984,0.9999452829360962
DBAASPS_3986,0.999934196472168
DBAASPS_3987,0.9998874664306641
DBAASPS_3988,0.999906063079834
DBAASPS_3989,0.9999387860298157
DBAASPS_3990,0.9999853372573853
DBAASPS_3991,0.9999748468399048
DBAASPS_3992,0.9998254776000977
DBAASPS_3993,0.9999003410339355
DBAASPS_3994,0.8408995866775513
DBAASPS_3996,0.9936568140983582
DBAASPS_3998,0.21555709838867188
DBAASPS_3999,0.7781513929367065
DBAASPS_4000,0.9214396476745605
DBAASPS_4002,0.999426543712616
DBAASPS_4003,0.7777646780014038
DBAASPS_4004,0.5369742512702942
DBAASPS_4005,0.773747444152832
DBAASPS_4006,0.1609291136264801
DBAASPS_4007,0.008431818336248398
DBAASPS_4008,0.004039664752781391
DBAASPS_4009,0.013100137002766132
DBAASPS_4010,0.0012213416630402207
DBAASPS_4011,0.22779841721057892
DBAASPS_4012,0.5642296671867371
DBAASPS_4013,0.8226895332336426
DBAASPS_4014,0.005662737879902124
DBAASPS_4015,0.9931216239929199
DBAASPS_4016,0.7137331366539001
DBAASPS_4017,0.7903756499290466
DBAASPS_4018,0.9270063638687134
DBAASPS_4019,0.6991481184959412
DBAASPS_4020,0.37972548604011536
DBAASPS_4021,0.9988228678703308
DBAASPS_4022,0.958727240562439
DBAASPS_4023,0.9842416048049927
DBAASPS_4024,0.12824490666389465
DBAASPS_4025,0.9990590810775757
DBAASPS_4026,0.9963396787643433
DBAASPS_4027,0.764056384563446
DBAASPS_4028,0.5475676655769348
DBAASPS_4029,0.588326632976532
DBAASPS_4030,0.7656109929084778
DBAASPS_4031,0.39818018674850464
DBAASPS_4032,0.9975336790084839
DBAASPS_4033,0.7367104291915894
DBAASPS_4034,0.9929750561714172
DBAASPS_4035,0.7438055276870728
DBAASPS_4036,0.3568478226661682
DBAASPS_4037,0.9952155947685242
DBAASPS_4038,0.955174446105957
DBAASPS_4039,0.8854767084121704
DBAASPS_4040,0.7611589431762695
DBAASPS_4041,0.004255559295415878
DBAASPS_4042,0.14591698348522186
DBAASPS_4043,0.7320825457572937
DBAASPS_4044,0.7560563683509827
DBAASPS_4045,0.9987414479255676
DBAASPS_4046,0.8535709381103516
DBAASPS_4047,0.7538152933120728
DBAASPS_4048,0.7143219709396362
DBAASPS_4049,0.4960135519504547
DBAASPS_4050,0.3893532156944275
DBAASPS_4051,0.9255450963973999
DBAASPS_4052,0.4112469553947449
DBAASPS_4053,0.9443308711051941
DBAASPS_4054,0.12340383231639862
DBAASPS_4055,0.8808124661445618
DBAASPS_4056,0.7974668145179749
DBAASPS_4057,0.7347168922424316
DBAASPS_4058,0.5629317164421082
DBAASPS_4059,0.8246870040893555
DBAASPS_4060,0.48747095465660095
DBAASPS_4061,0.9991944432258606
DBAASPS_4062,0.9990560412406921
DBAASPS_4063,0.361730694770813
DBAASPS_4064,0.4770638048648834
DBAASPS_4065,0.9987136721611023
DBAASPS_4066,0.8701984286308289
DBAASPS_4067,0.7587149739265442
DBAASPS_4068,0.7550057172775269
DBAASPS_4069,0.9914782643318176
DBAASPS_4070,0.20978279411792755
DBAASPS_4071,0.9988155364990234
DBAASPS_4072,0.7171610593795776
DBAASPS_4073,0.9975471496582031
DBAASPS_4074,0.7993504405021667
DBAASPS_4075,0.9986383318901062
DBAASPS_4076,0.8890811800956726
DBAASPR_4079,0.13903364539146423
DBAASPR_4080,0.19231316447257996
DBAASPR_4084,0.9506188631057739
DBAASPR_4086,0.9999346733093262
DBAASPR_4087,
DBAASPR_4088,
DBAASPR_4089,
DBAASPR_4090,
DBAASPR_4091,
DBAASPR_4092,
DBAASPR_4093,
DBAASPR_4095,0.0029961017426103354
DBAASPS_4106,0.9063007235527039
DBAASPR_4109,0.9997350573539734
DBAASPR_4111,0.9994990229606628
DBAASPR_4112,0.9999446868896484
DBAASPS_4114,0.20236487686634064
DBAASPR_4121,0.999432384967804
DBAASPS_4129,0.6813036203384399
DBAASPS_4130,0.5595479011535645
DBAASPS_4131,0.005594910122454166
DBAASPS_4132,0.008806616067886353
DBAASPR_4134,0.999821662902832
DBAASPR_4135,0.9793789982795715
DBAASPR_4150,0.9999837875366211
DBAASPR_4153,0.9999616742134094
DBAASPR_4155,0.9985054135322571
DBAASPR_4156,0.9981748461723328
DBAASPR_4157,0.9998219609260559
DBAASPR_4159,0.9999908208847046
DBAASPR_4160,0.9998084306716919
DBAASPR_4172,0.9979400634765625
DBAASPR_4173,0.9977934956550598
DBAASPR_4174,0.99799644947052
DBAASPR_4175,0.9275867342948914
DBAASPS_4176,0.9981263875961304
DBAASPR_4178,
DBAASPR_4196,0.7864724397659302
DBAASPR_4197,0.9532155990600586
DBAASPR_4200,0.29384344816207886
DBAASPR_4233,
DBAASPR_4234,
DBAASPR_4235,
DBAASPR_4236,
DBAASPR_4237,
DBAASPR_4244,0.7615290880203247
DBAASPR_4245,0.6048509478569031
DBAASPR_4246,0.9922806024551392
DBAASPR_4247,0.9889804720878601
DBAASPS_4249,0.5515090227127075
DBAASPS_4250,0.876685619354248
DBAASPS_4252,0.9999998211860657
DBAASPS_4253,0.9999998211860657
DBAASPS_4254,0.9999988675117493
DBAASPS_4255,0.9999734163284302
DBAASPS_4256,0.9992530941963196
DBAASPS_4257,0.7318523526191711
DBAASPS_4258,0.9979917407035828
DBAASPS_4259,0.4153730273246765
DBAASPS_4260,0.9989408254623413
DBAASPS_4261,0.6565994024276733
DBAASPS_4262,0.9999624490737915
DBAASPS_4263,0.9999165534973145
DBAASPS_4264,0.9998635053634644
DBAASPS_4265,0.9993921518325806
DBAASPR_4266,0.9796144366264343
DBAASPR_4267,0.9689114689826965
DBAASPS_4307,0.9999095797538757
DBAASPS_4308,0.9999778866767883
DBAASPS_4311,0.13308605551719666
DBAASPS_4312,0.004448292776942253
DBAASPS_4325,6.82479003444314e-05
DBAASPS_4326,0.46187978982925415
DBAASPS_4329,0.9932352304458618
DBAASPS_4332,0.9990045428276062
DBAASPS_4333,0.9992997050285339
DBAASPS_4334,0.028043240308761597
DBAASPS_4335,0.9795088768005371
DBAASPS_4336,0.9936032295227051
DBAASPS_4337,0.998495876789093
DBAASPS_4339,0.9907703399658203
DBAASPS_4341,0.9535850286483765
DBAASPS_4342,0.9095783233642578
DBAASPR_4359,0.9999984502792358
DBAASPS_4379,0.9595279693603516
DBAASPS_4380,0.9998213052749634
DBAASPR_4385,0.9920699000358582
DBAASPR_4397,0.9998571276664734
DBAASPR_4402,0.9996206164360046
DBAASPR_4403,0.9997094869613647
DBAASPR_4404,0.9996901750564575
DBAASPR_4439,0.7516125440597534
DBAASPS_4448,0.930334210395813
DBAASPS_4449,0.746598482131958
DBAASPS_4450,0.9998204112052917
DBAASPS_4470,0.9999567866325378
DBAASPS_4471,0.018951307982206345
DBAASPS_4546,0.38860803842544556
DBAASPS_4547,0.9999178051948547
DBAASPS_4549,
DBAASPS_4550,
DBAASPS_4551,
DBAASPS_4552,0.3020368814468384
DBAASPS_4557,0.16062192618846893
DBAASPS_4558,0.051827460527420044
DBAASPS_4559,0.044617366045713425
DBAASPS_4560,0.025775179266929626
DBAASPS_4561,0.14394037425518036
DBAASPS_4567,0.3742528557777405
DBAASPS_4573,0.7958914041519165
DBAASPS_4579,0.3670530617237091
DBAASPS_4580,0.0005142965819686651
DBAASPS_4581,0.1575067937374115
DBAASPS_4587,0.9973258972167969
DBAASPS_4588,0.9822491407394409
DBAASPS_4589,0.9990680813789368
DBAASPS_4590,0.987319827079773
DBAASPS_4591,0.9990503191947937
DBAASPS_4613,0.9974611401557922
DBAASPS_4614,0.9971997141838074
DBAASPS_4615,0.8374439477920532
DBAASPS_4616,0.9734115600585938
DBAASPS_4617,0.9869703054428101
DBAASPS_4618,0.9676628112792969
DBAASPS_4630,0.8798784017562866
DBAASPS_4645,0.6145198941230774
DBAASPS_4646,0.9907737970352173
DBAASPS_4647,0.1936105340719223
DBAASPS_4653,0.04253984987735748
DBAASPS_4654,0.9890962839126587
DBAASPS_4655,0.023894459009170532
DBAASPS_4656,0.9962526559829712
DBAASPS_4657,0.08593371510505676
DBAASPS_4658,0.9990354776382446
DBAASPS_4659,0.9981375932693481
DBAASPS_4660,0.9970697164535522
DBAASPS_4661,0.9980406761169434
DBAASPS_4662,0.9944329261779785
DBAASPS_4664,0.9958387613296509
DBAASPS_4665,0.646790623664856
DBAASPS_4666,0.9916254281997681
DBAASPS_4667,0.9983476400375366
DBAASPS_4668,0.9981273412704468
DBAASPS_4669,0.9960500001907349
DBAASPS_4670,0.9987629055976868
DBAASPS_4671,0.9685506820678711
DBAASPS_4676,0.9872153997421265
DBAASPS_4677,0.431842178106308
DBAASPS_4678,0.999972939491272
DBAASPR_4679,0.3213697075843811
DBAASPS_4680,0.9999440908432007
DBAASPS_4681,0.9999639391899109
DBAASPR_4684,0.9061630964279175
DBAASPR_4685,0.9850167036056519
DBAASPR_4686,0.9343598484992981
DBAASPR_4687,0.020973240956664085
DBAASPR_4688,0.2514491379261017
DBAASPR_4689,0.4367256760597229
DBAASPR_4690,0.42780613899230957
DBAASPR_4691,0.34380820393562317
DBAASPR_4692,0.9988747835159302
DBAASPS_4693,0.4105127453804016
DBAASPS_4694,0.3738009035587311
DBAASPS_4695,0.029296875
DBAASPR_4726,0.7944310903549194
DBAASPR_4727,0.9796334505081177
DBAASPS_4728,0.9998218417167664
DBAASPS_4729,0.9997991323471069
DBAASPS_4730,0.9997905492782593
DBAASPS_4731,0.9998064041137695
DBAASPS_4735,0.9996466636657715
DBAASPS_4740,0.9982926249504089
DBAASPS_4742,0.9999914169311523
DBAASPS_4744,
DBAASPS_4745,
DBAASPS_4746,
DBAASPS_4747,
DBAASPS_4748,
DBAASPS_4760,0.8907626867294312
DBAASPS_4762,0.9939084053039551
DBAASPS_4763,0.12240701913833618
DBAASPS_4764,0.9995859861373901
DBAASPS_4765,0.9984949231147766
DBAASPS_4766,0.999346137046814
DBAASPS_4768,0.9993996620178223
DBAASPS_4769,0.9964454770088196
DBAASPS_4770,0.9999920129776001
DBAASPS_4772,0.9997185468673706
DBAASPS_4773,0.9957731366157532
DBAASPS_4774,0.9934895634651184
DBAASPS_4775,0.9997626543045044
DBAASPS_4776,0.9984719157218933
DBAASPS_4777,0.9975396394729614
DBAASPS_4778,0.9920428395271301
DBAASPS_4779,0.9899241328239441
DBAASPS_4780,0.9923455119132996
DBAASPS_4781,0.9994405508041382
DBAASPS_4782,0.9903093576431274
DBAASPS_4785,0.9617136716842651
DBAASPS_4786,0.9998887181282043
DBAASPS_4787,0.39630863070487976
DBAASPS_4790,0.9998492002487183
DBAASPS_4794,0.9876564145088196
DBAASPS_4795,0.7961641550064087
DBAASPS_4796,0.6477148532867432
DBAASPS_4797,0.6488854885101318
DBAASPS_4807,0.9998501539230347
DBAASPS_4808,0.999700665473938
DBAASPS_4809,0.9998522996902466
DBAASPS_4810,0.9999434351921082
DBAASPS_4811,0.999830424785614
DBAASPS_4814,0.9994431734085083
DBAASPS_4815,0.9998462796211243
DBAASPS_4818,0.9991030693054199
DBAASPS_4828,0.7889843583106995
DBAASPS_4829,0.959417462348938
DBAASPS_4830,0.39146313071250916
DBAASPS_4831,0.9362055063247681
DBAASPS_4832,0.9546526074409485
DBAASPS_4833,0.07164106518030167
DBAASPS_4837,
DBAASPS_4838,0.9938105344772339
DBAASPS_4843,0.9743793606758118
DBAASPS_4847,0.9994121789932251
DBAASPS_4850,0.37681064009666443
DBAASPS_4851,0.8488601446151733
DBAASPS_4852,0.7443005442619324
DBAASPS_4853,0.162983700633049
DBAASPS_4854,0.7765523791313171
DBAASPS_4863,
DBAASPS_4866,
DBAASPS_4870,0.005690268240869045
DBAASPS_4872,0.9903537631034851
DBAASPN_4876,
DBAASPS_4877,
DBAASPS_4878,
DBAASPS_4880,
DBAASPS_4881,
DBAASPS_4883,
DBAASPS_4885,
DBAASPS_4886,
DBAASPR_4888,0.8360207676887512
DBAASPS_4893,
DBAASPS_4894,0.9188176989555359
DBAASPS_4896,0.9989239573478699
DBAASPS_4897,0.9987305402755737
DBAASPS_4909,0.39583832025527954
DBAASPS_4914,0.731585681438446
DBAASPS_4916,0.7106422185897827
DBAASPS_4917,0.6927105784416199
DBAASPS_4919,0.7460021376609802
DBAASPS_4920,0.8049840927124023
DBAASPS_4929,0.8394361734390259
DBAASPS_4930,0.8246328234672546
DBAASPS_4931,0.7704260945320129
DBAASPS_4949,0.0005713587161153555
DBAASPS_4951,0.9860867261886597
DBAASPS_4952,0.9980754852294922
DBAASPS_4953,0.9882190823554993
DBAASPS_4954,0.9927055239677429
DBAASPS_4956,0.8782256245613098
DBAASPS_4957,0.5756161212921143
DBAASPS_4958,0.5457748174667358
DBAASPS_4959,0.9115589261054993
DBAASPS_4960,0.9802466630935669
DBAASPS_4961,0.9539079666137695
DBAASPS_4962,0.9994174242019653
DBAASPS_4963,0.9963065385818481
DBAASPS_4964,0.9094500541687012
DBAASPS_4970,0.997409462928772
DBAASPS_4971,0.4534219801425934
DBAASPS_4972,0.7988648414611816
DBAASPS_4973,0.9992372393608093
DBAASPS_4974,0.9637088775634766
DBAASPS_4976,0.9999861717224121
DBAASPS_4977,0.9999884366989136
DBAASPS_4980,0.9999281167984009
DBAASPS_4981,0.9998399019241333
DBAASPS_4984,0.9998486638069153
DBAASPS_4987,0.9992183446884155
DBAASPS_4988,0.996738612651825
DBAASPS_4989,0.9998982548713684
DBAASPS_4991,
DBAASPS_5001,0.9999812841415405
DBAASPS_5004,0.9999710917472839
DBAASPS_5009,
DBAASPS_5012,
DBAASPS_5014,0.9997214078903198
DBAASPS_5015,0.998504638671875
DBAASPS_5016,0.942147433757782
DBAASPS_5017,0.9999574422836304
DBAASPS_5019,0.9999309778213501
DBAASPS_5020,0.9997285008430481
DBAASPS_5021,0.9995196461677551
DBAASPS_5023,0.9999717473983765
DBAASPS_5024,0.9999319911003113
DBAASPS_5025,0.9999764561653137
DBAASPS_5026,0.9999510049819946
DBAASPS_5033,
DBAASPS_5035,0.9990764856338501
DBAASPS_5036,0.9975631833076477
DBAASPS_5037,0.9988094568252563
DBAASPS_5039,0.998528003692627
DBAASPS_5040,0.9859113693237305
DBAASPS_5042,0.9999226331710815
DBAASPS_5043,0.9995774030685425
DBAASPS_5044,0.9987760782241821
DBAASPS_5045,0.999813437461853
DBAASPS_5046,0.9998529553413391
DBAASPS_5047,0.9994829297065735
DBAASPS_5060,
DBAASPS_5061,
DBAASPS_5062,
DBAASPS_5063,
DBAASPS_5064,0.999991774559021
DBAASPS_5065,0.9999845623970032
DBAASPS_5066,0.9999944567680359
DBAASPS_5067,0.9999954104423523
DBAASPS_5068,0.9999727010726929
DBAASPS_5069,0.9999415278434753
DBAASPS_5070,
DBAASPS_5071,
DBAASPS_5072,
DBAASPS_5073,
DBAASPS_5074,
DBAASPR_5082,0.9999500513076782
DBAASPS_5091,
DBAASPS_5097,0.9882556200027466
DBAASPS_5099,0.9789031744003296
DBAASPS_5103,0.8673775792121887
DBAASPS_5108,0.9992316365242004
DBAASPS_5110,0.9385692477226257
DBAASPS_5112,0.9376802444458008
DBAASPS_5113,0.10240782797336578
DBAASPS_5120,0.5627251267433167
DBAASPS_5122,0.8879820704460144
DBAASPR_5123,0.9997898936271667
DBAASPR_5125,0.7493205070495605
DBAASPS_5128,0.9344573020935059
DBAASPR_5131,0.36553898453712463
DBAASPR_5132,0.2747337520122528
DBAASPR_5133,0.44708317518234253
DBAASPS_5149,0.0053258491680026054
DBAASPS_5169,0.9992572665214539
DBAASPS_5170,0.9979270696640015
DBAASPS_5179,0.611719012260437
DBAASPS_5181,
DBAASPS_5182,0.9997490048408508
DBAASPS_5183,0.2716159522533417
DBAASPS_5189,0.04077896103262901
DBAASPS_5190,0.005936988163739443
DBAASPS_5191,0.9287826418876648
DBAASPS_5192,0.7644265294075012
DBAASPS_5193,0.9997091293334961
DBAASPS_5201,0.9309020042419434
DBAASPS_5202,0.8991996049880981
DBAASPS_5203,0.6084908246994019
DBAASPS_5219,
DBAASPS_5220,
DBAASPS_5221,
DBAASPS_5222,
DBAASPS_5223,
DBAASPS_5224,0.999407172203064
DBAASPS_5244,0.8462541699409485
DBAASPS_5246,0.9512835741043091
DBAASPS_5247,0.9961286783218384
DBAASPS_5248,0.9936361312866211
DBAASPS_5249,0.9847418069839478
DBAASPS_5250,0.9113901853561401
DBAASPS_5251,0.44489139318466187
DBAASPS_5252,0.8757912516593933
DBAASPS_5254,0.9955158233642578
DBAASPS_5255,0.9965262413024902
DBAASPS_5288,0.9534293413162231
DBAASPS_5289,0.9738990664482117
DBAASPS_5290,0.976921558380127
DBAASPS_5291,0.9869579076766968
DBAASPS_5292,0.8373733758926392
DBAASPS_5293,0.6468371748924255
DBAASPS_5294,0.12989524006843567
DBAASPS_5295,0.9176694750785828
DBAASPS_5296,0.9404568672180176
DBAASPS_5297,0.9437311291694641
DBAASPS_5298,0.7172868847846985
DBAASPR_5299,0.9997763633728027
DBAASPS_5302,0.9997200965881348
DBAASPS_5303,0.9587389230728149
DBAASPS_5305,0.7777498364448547
DBAASPS_5307,0.9911478161811829
DBAASPS_5308,0.9872013330459595
DBAASPS_5309,0.8861177563667297
DBAASPS_5310,0.9182183146476746
DBAASPS_5311,0.9841205477714539
DBAASPS_5312,0.9823319315910339
DBAASPS_5314,0.9999187588691711
DBAASPS_5316,
DBAASPS_5321,0.9747220277786255
DBAASPS_5322,0.9888312220573425
DBAASPS_5325,0.04409709945321083
DBAASPS_5327,0.05138002708554268
DBAASPS_5329,
DBAASPS_5332,
DBAASPS_5333,
DBAASPR_5337,0.9883052706718445
DBAASPS_5339,
DBAASPS_5340,
DBAASPS_5341,
DBAASPS_5343,
DBAASPS_5345,0.9998718500137329
DBAASPS_5346,0.9986062049865723
DBAASPR_5352,0.005061374977231026
DBAASPR_5356,0.9944254755973816
DBAASPR_5372,2.51809924520785e-05
DBAASPR_5373,0.7859511375427246
DBAASPN_5374,
DBAASPS_5397,0.9990049600601196
DBAASPS_5398,0.9873393774032593
DBAASPS_5399,0.9963003993034363
DBAASPS_5400,0.9982455968856812
DBAASPR_5402,0.9999149441719055
DBAASPR_5404,0.9999126195907593
DBAASPR_5408,0.9992840886116028
DBAASPR_5409,0.7284098863601685
DBAASPR_5410,0.913220226764679
DBAASPR_5411,0.9562996029853821
DBAASPS_5412,0.347640722990036
DBAASPS_5413,0.9978067278862
DBAASPS_5414,0.029812585562467575
DBAASPS_5415,0.37003761529922485
DBAASPS_5416,0.4247474670410156
DBAASPR_5418,0.9959756135940552
DBAASPS_5420,0.9331064224243164
DBAASPS_5421,0.9911669492721558
DBAASPS_5422,0.9938036203384399
DBAASPS_5423,0.9966145753860474
DBAASPS_5424,0.7028859853744507
DBAASPR_5425,0.9980589747428894
DBAASPR_5426,0.9976447224617004
DBAASPR_5427,0.7127734422683716
DBAASPS_5430,
DBAASPS_5432,
DBAASPS_5434,
DBAASPS_5436,
DBAASPR_5440,0.3558506965637207
DBAASPR_5441,0.24050220847129822
DBAASPR_5442,0.7078644037246704
DBAASPS_5452,0.0015540572348982096
DBAASPS_5453,0.0013073583832010627
DBAASPS_5454,0.0012838335242122412
DBAASPS_5456,0.007161845453083515
DBAASPS_5457,0.0013290643692016602
DBAASPS_5458,0.007768194191157818
DBAASPS_5459,0.317219078540802
DBAASPS_5460,
DBAASPS_5461,0.5963402390480042
DBAASPS_5462,0.5759234428405762
DBAASPS_5463,0.350252240896225
DBAASPS_5464,0.520272433757782
DBAASPS_5465,0.43399208784103394
DBAASPS_5468,0.9999950528144836
DBAASPS_5469,0.9999948740005493
DBAASPS_5470,0.99305260181427
DBAASPS_5471,0.9878776669502258
DBAASPS_5472,0.8894445300102234
DBAASPS_5473,0.8540887832641602
DBAASPS_5474,0.8599635362625122
DBAASPS_5475,0.8440589904785156
DBAASPS_5476,0.9999990463256836
DBAASPS_5477,0.9999993443489075
DBAASPS_5478,0.7790125012397766
DBAASPS_5479,0.7678054571151733
DBAASPS_5480,0.7951160669326782
DBAASPS_5491,0.999974250793457
DBAASPS_5492,0.9999869465827942
DBAASPS_5493,0.9999971389770508
DBAASPS_5495,0.9999907612800598
DBAASPS_5496,0.9999430775642395
DBAASPR_5500,0.09540499001741409
DBAASPS_5510,0.9957658648490906
DBAASPR_5517,
DBAASPR_5518,
DBAASPS_5521,0.9998706579208374
DBAASPS_5522,0.9997108578681946
DBAASPS_5523,0.9995996356010437
DBAASPS_5524,0.9998308420181274
DBAASPR_5525,0.9796456098556519
DBAASPR_5526,0.9942590594291687
DBAASPR_5527,0.9996736645698547
DBAASPS_5535,0.9999823570251465
DBAASPS_5536,0.9999610781669617
DBAASPS_5537,0.9993044137954712
DBAASPS_5538,0.9879631996154785
DBAASPS_5541,0.9974338412284851
DBAASPS_5543,0.9281654357910156
DBAASPS_5544,0.5346971750259399
DBAASPR_5545,0.821465015411377
DBAASPS_5548,0.7036349177360535
DBAASPS_5549,0.29173803329467773
DBAASPR_5555,
DBAASPS_5560,0.9999213218688965
DBAASPS_5561,0.9999755024909973
DBAASPS_5562,0.9999549984931946
DBAASPS_5563,
DBAASPS_5570,0.9981099963188171
DBAASPS_5571,0.9958318471908569
DBAASPS_5572,0.9992085695266724
DBAASPS_5573,0.9995582699775696
DBAASPS_5574,0.9987419247627258
DBAASPS_5575,0.999720573425293
DBAASPS_5576,0.9994123578071594
DBAASPS_5577,0.9987422823905945
DBAASPS_5578,0.9993109703063965
DBAASPR_5579,0.9948423504829407
DBAASPR_5580,0.9967911839485168
DBAASPS_5585,0.75483638048172
DBAASPS_5586,0.9671643972396851
DBAASPS_5587,
DBAASPS_5589,
DBAASPS_5590,
DBAASPS_5593,0.8947983980178833
DBAASPS_5594,
DBAASPS_5595,
DBAASPS_5596,
DBAASPS_5597,
DBAASPS_5598,
DBAASPS_5600,
DBAASPS_5601,
DBAASPR_5603,0.9845045804977417
DBAASPR_5604,0.9716097116470337
DBAASPR_5605,0.9314557313919067
DBAASPR_5606,0.9977524876594543
DBAASPR_5607,0.8815793991088867
DBAASPR_5608,0.7270961403846741
DBAASPR_5610,0.9978629350662231
DBAASPS_5617,0.9999465942382812
DBAASPR_5624,0.9985346794128418
DBAASPS_5628,0.016157997772097588
DBAASPS_5630,0.03183875232934952
DBAASPS_5631,0.9568815231323242
DBAASPS_5632,0.5478246212005615
DBAASPS_5634,
DBAASPS_5635,0.0025816927663981915
DBAASPS_5636,0.1966872364282608
DBAASPS_5637,0.6091048717498779
DBAASPS_5638,0.9978049397468567
DBAASPS_5640,0.9996560215950012
DBAASPS_5645,0.9994044303894043
DBAASPS_5646,
DBAASPR_5647,0.05367548391222954
DBAASPR_5649,0.9467315673828125
DBAASPS_5653,0.96727454662323
DBAASPS_5654,0.9352606534957886
DBAASPS_5655,0.9984827041625977
DBAASPS_5657,0.9996539354324341
DBAASPS_5659,
DBAASPS_5661,0.9992968440055847
DBAASPS_5663,0.9604126811027527
DBAASPS_5664,0.9502662420272827
DBAASPS_5665,0.8410202860832214
DBAASPS_5666,0.9728221893310547
DBAASPS_5667,0.9136812090873718
DBAASPR_5668,0.9939382672309875
DBAASPR_5681,0.9790964126586914
DBAASPR_5682,0.9986293911933899
DBAASPR_5685,0.9831444025039673
DBAASPR_5686,0.8435853123664856
DBAASPR_5688,0.9971963167190552
DBAASPR_5689,0.9908885955810547
DBAASPR_5690,0.993251621723175
DBAASPR_5691,0.9213047027587891
DBAASPS_5700,0.9999143481254578
DBAASPS_5701,0.9999707937240601
DBAASPS_5702,0.9999747276306152
DBAASPS_5703,0.9938488006591797
DBAASPS_5704,0.9978138208389282
DBAASPS_5705,0.9993544816970825
DBAASPS_5706,0.9995579719543457
DBAASPS_5707,0.9997726678848267
DBAASPS_5711,0.898543655872345
DBAASPS_5724,0.9749296307563782
DBAASPS_5725,0.38909217715263367
DBAASPR_5729,0.9889930486679077
DBAASPS_5733,0.9998534917831421
DBAASPS_5734,0.9999368786811829
DBAASPS_5735,0.9986457824707031
DBAASPR_5736,0.9741300344467163
DBAASPS_5737,0.9996929168701172
DBAASPS_5738,0.9999507665634155
DBAASPS_5739,0.9999198913574219
DBAASPS_5740,0.9997377395629883
DBAASPN_5742,
DBAASPS_5745,0.999911904335022
DBAASPS_5746,0.9999287724494934
DBAASPS_5747,0.9997345209121704
DBAASPS_5748,0.9994997978210449
DBAASPS_5749,0.9996553659439087
DBAASPS_5750,0.9985998272895813
DBAASPS_5767,0.22762498259544373
DBAASPS_5768,0.8482130765914917
DBAASPS_5769,0.7726768851280212
DBAASPS_5770,0.9934126734733582
DBAASPR_5771,0.996513843536377
DBAASPS_5773,
DBAASPS_5774,
DBAASPN_5779,
DBAASPR_5783,0.9899793863296509
DBAASPS_5784,0.811412513256073
DBAASPS_5785,0.9355779886245728
DBAASPS_5797,0.9997009038925171
DBAASPS_5798,0.7760223746299744
DBAASPS_5801,0.9989944696426392
DBAASPS_5802,0.9998108744621277
DBAASPR_5803,0.7908211350440979
DBAASPR_5810,0.9703561067581177
DBAASPS_5819,0.9820408821105957
DBAASPS_5820,0.9243825674057007
DBAASPS_5821,0.7342007756233215
DBAASPS_5823,0.9972076416015625
DBAASPS_5824,0.5299261212348938
DBAASPS_5825,0.9329462051391602
DBAASPS_5826,0.8627146482467651
DBAASPS_5827,0.9967693090438843
DBAASPS_5829,0.03606080263853073
DBAASPS_5830,0.050802625715732574
DBAASPS_5831,0.20520003139972687
DBAASPR_5836,0.11024115979671478
DBAASPS_5842,0.9998836517333984
DBAASPS_5843,0.9997299313545227
DBAASPS_5844,0.9997639656066895
DBAASPS_5845,0.9997777938842773
DBAASPS_5846,0.03475543111562729
DBAASPS_5847,0.20759844779968262
DBAASPS_5848,0.035022445023059845
DBAASPS_5852,0.9999763369560242
DBAASPS_5860,0.8519878387451172
DBAASPS_5861,0.842974841594696
DBAASPS_5862,0.991381049156189
DBAASPS_5863,0.6947744488716125
DBAASPS_5864,0.008110174909234047
DBAASPS_5866,0.0022485514637082815
DBAASPR_5868,
DBAASPS_5875,0.9900075197219849
DBAASPR_5882,0.9027315378189087
DBAASPR_5885,0.999925971031189
DBAASPS_5890,0.850948691368103
DBAASPS_5892,0.9966017007827759
DBAASPS_5895,0.31876903772354126
DBAASPS_5920,0.0012980097671970725
DBAASPS_5921,0.327580064535141
DBAASPS_5922,0.9903709292411804
DBAASPS_5923,0.2033216506242752
DBAASPS_5924,0.3172554075717926
DBAASPS_5925,0.014533547684550285
DBAASPS_5927,0.009209690615534782
DBAASPS_5928,0.12625685334205627
DBAASPS_5929,0.25931209325790405
DBAASPS_5937,0.997484564781189
DBAASPS_5938,0.9986371994018555
DBAASPS_5939,0.9710339307785034
DBAASPS_5940,0.9947126507759094
DBAASPS_5941,0.9995315670967102
DBAASPN_5942,
DBAASPS_5943,
DBAASPS_5944,
DBAASPS_5945,
DBAASPS_5952,0.2272065132856369
DBAASPS_5953,0.4680992662906647
DBAASPS_5954,0.7621267437934875
DBAASPS_5955,0.8108240365982056
DBAASPS_5956,0.19617483019828796
DBAASPS_5957,0.4857390820980072
DBAASPS_5958,0.010703546926379204
DBAASPS_5959,0.8598777055740356
DBAASPS_5960,0.004684186540544033
DBAASPS_5961,0.7377499341964722
DBAASPS_5962,0.6541666388511658
DBAASPS_5963,
DBAASPS_5964,
DBAASPS_5972,0.9999004602432251
DBAASPS_5984,0.07005827128887177
DBAASPS_5986,0.0994965136051178
DBAASPS_5987,0.2724871337413788
DBAASPS_5988,0.4312935769557953
DBAASPS_5998,0.9952599406242371
DBAASPS_6001,0.997628390789032
DBAASPS_6002,0.9982945322990417
DBAASPS_6003,0.9924570322036743
DBAASPS_6004,0.992820143699646
DBAASPS_6012,0.0015172648709267378
DBAASPS_6014,0.008851650170981884
DBAASPS_6015,0.00039111432852223516
DBAASPS_6016,0.0008557215332984924
DBAASPS_6017,0.0031133731827139854
DBAASPS_6020,0.09446680545806885
DBAASPS_6044,0.9996541142463684
DBAASPS_6045,0.9928385615348816
DBAASPS_6047,0.9999593496322632
DBAASPS_6055,0.9999793767929077
DBAASPS_6056,0.25040915608406067
DBAASPS_6058,0.7035894989967346
DBAASPS_6066,0.052548229694366455
DBAASPS_6067,0.10358692705631256
DBAASPR_6075,0.009143938310444355
DBAASPS_6078,0.9999294281005859
DBAASPS_6079,0.028816422447562218
DBAASPS_6086,0.9995502233505249
DBAASPS_6087,0.4888928532600403
DBAASPS_6097,0.14112615585327148
DBAASPS_6098,0.15259206295013428
DBAASPS_6099,0.17831917107105255
DBAASPS_6100,0.190264493227005
DBAASPS_6101,0.132988840341568
DBAASPS_6102,0.13597433269023895
DBAASPS_6103,0.20323307812213898
DBAASPS_6104,3.499920785543509e-05
DBAASPS_6105,0.23748335242271423
DBAASPS_6106,0.28094348311424255
DBAASPS_6107,0.29295510053634644
DBAASPS_6111,0.989981472492218
DBAASPS_6135,0.9824806451797485
DBAASPS_6136,
DBAASPS_6137,
DBAASPS_6138,
DBAASPS_6139,
DBAASPS_6140,
DBAASPS_6141,
DBAASPS_6143,
DBAASPS_6144,
DBAASPS_6145,
DBAASPS_6146,
DBAASPS_6147,
DBAASPS_6149,
DBAASPS_6187,0.9277542233467102
DBAASPS_6188,0.9635523557662964
DBAASPS_6189,0.7563316226005554
DBAASPS_6190,0.9800738096237183
DBAASPS_6191,0.9693177938461304
DBAASPS_6192,0.8714208602905273
DBAASPS_6193,0.9880926012992859
DBAASPS_6194,0.989952564239502
DBAASPS_6195,0.9868302345275879
DBAASPS_6196,0.9795624017715454
DBAASPS_6201,0.9999774694442749
DBAASPS_6202,0.9961521029472351
DBAASPS_6208,0.9547645449638367
DBAASPS_6234,0.9983898997306824
DBAASPS_6235,0.20396339893341064
DBAASPS_6236,0.9995827674865723
DBAASPS_6243,0.9978674054145813
DBAASPS_6246,0.9969188570976257
DBAASPS_6247,0.9742039442062378
DBAASPS_6249,0.9851027727127075
DBAASPS_6251,0.9993270635604858
DBAASPS_6270,
DBAASPS_6273,
DBAASPS_6275,
DBAASPS_6276,
DBAASPS_6279,
DBAASPS_6280,
DBAASPS_6285,
DBAASPS_6286,
DBAASPS_6287,
DBAASPS_6288,
DBAASPS_6293,
DBAASPS_6296,
DBAASPS_6297,
DBAASPS_6299,
DBAASPS_6302,
DBAASPS_6303,
DBAASPS_6305,
DBAASPS_6307,0.9994832277297974
DBAASPS_6310,0.9995452165603638
DBAASPS_6311,0.9994977712631226
DBAASPS_6312,0.9949728846549988
DBAASPR_6320,0.999106764793396
DBAASPS_6322,0.37556758522987366
DBAASPS_6323,0.5308760404586792
DBAASPS_6326,0.91276615858078
DBAASPS_6327,0.0001514336181571707
DBAASPS_6328,0.6744876503944397
DBAASPS_6329,0.5139172673225403
DBAASPS_6330,0.43432122468948364
DBAASPS_6331,0.5149760842323303
DBAASPS_6336,0.975875198841095
DBAASPS_6342,0.5841636657714844
DBAASPS_6343,0.8243080973625183
DBAASPS_6345,0.8434774279594421
DBAASPS_6349,0.8746188282966614
DBAASPS_6353,0.9246171712875366
DBAASPS_6356,0.9623270034790039
DBAASPS_6370,0.03556690737605095
DBAASPS_6372,0.24883747100830078
DBAASPS_6375,0.00528787961229682
DBAASPS_6376,0.05850612372159958
DBAASPS_6377,0.23496396839618683
DBAASPS_6378,0.44426029920578003
DBAASPS_6379,0.07038754224777222
DBAASPS_6380,0.09374618530273438
DBAASPR_6384,0.9379876852035522
DBAASPR_6385,0.964094340801239
DBAASPS_6386,0.7065070271492004
DBAASPS_6387,0.30038982629776
DBAASPS_6388,0.08069149404764175
DBAASPS_6389,0.8605747222900391
DBAASPS_6390,0.554233193397522
DBAASPS_6392,0.8628570437431335
DBAASPS_6394,0.9277598261833191
DBAASPS_6395,0.9962426424026489
DBAASPS_6396,0.9682242274284363
DBAASPS_6398,0.5927718281745911
DBAASPS_6399,0.025869319215416908
DBAASPS_6401,0.7400105595588684
DBAASPS_6402,0.8046776652336121
DBAASPS_6403,0.9907671213150024
DBAASPS_6410,0.8666526675224304
DBAASPS_6411,0.6284283995628357
DBAASPS_6412,0.7881219983100891
DBAASPS_6414,0.9940342903137207
DBAASPS_6417,0.19772717356681824
DBAASPS_6418,0.4841609001159668
DBAASPS_6419,0.643316388130188
DBAASPS_6420,0.08745191246271133
DBAASPS_6421,0.7210720777511597
DBAASPS_6422,0.014424227178096771
DBAASPS_6423,0.4946881830692291
DBAASPS_6428,0.9484555125236511
DBAASPS_6430,0.07976775616407394
DBAASPS_6435,0.07291418313980103
DBAASPS_6436,0.17920692265033722
DBAASPS_6437,0.32840806245803833
DBAASPS_6438,0.03996413201093674
DBAASPS_6439,0.17190143465995789
DBAASPS_6440,0.6319519877433777
DBAASPS_6441,0.3015786409378052
DBAASPS_6443,0.2777766287326813
DBAASPS_6444,0.00967786181718111
DBAASPS_6445,
DBAASPS_6446,0.6496181488037109
DBAASPS_6447,
DBAASPS_6448,0.4550879895687103
DBAASPS_6449,0.2512108087539673
DBAASPS_6456,0.052153944969177246
DBAASPS_6457,0.26142701506614685
DBAASPS_6458,0.4230109751224518
DBAASPS_6459,0.8502214550971985
DBAASPR_6462,0.9994500875473022
DBAASPR_6463,0.9996213912963867
DBAASPR_6464,0.5781768560409546
DBAASPS_6475,0.18572363257408142
DBAASPS_6491,0.9982595443725586
DBAASPS_6498,0.9983538389205933
DBAASPS_6499,0.9999462366104126
DBAASPS_6501,0.9998823404312134
DBAASPS_6503,0.9990199208259583
DBAASPS_6505,0.9993362426757812
DBAASPS_6510,
DBAASPS_6512,
DBAASPS_6521,0.9871352314949036
DBAASPS_6525,0.9986903071403503
DBAASPS_6526,0.999683678150177
DBAASPS_6527,0.999603271484375
DBAASPS_6528,0.999220073223114
DBAASPS_6529,0.9976476430892944
DBAASPS_6542,0.6644483804702759
DBAASPS_6544,0.06616342812776566
DBAASPS_6545,0.59840989112854
DBAASPS_6549,
DBAASPS_6550,
DBAASPS_6551,0.015008917078375816
DBAASPS_6559,0.0009214057354256511
DBAASPS_6561,0.0027417661622166634
DBAASPS_6563,0.00041785434586927295
DBAASPS_6565,0.0009698973153717816
DBAASPS_6567,0.8458880186080933
DBAASPS_6574,0.29892462491989136
DBAASPS_6576,0.09710212796926498
DBAASPN_6578,
DBAASPN_6580,
DBAASPS_6581,0.44239282608032227
DBAASPS_6586,0.017493046820163727
DBAASPS_6588,0.8308464288711548
DBAASPS_6589,0.9778426885604858
DBAASPS_6590,
DBAASPR_6609,
DBAASPS_6625,0.2976411283016205
DBAASPS_6649,0.9999980926513672
DBAASPS_6650,0.999987781047821
DBAASPS_6651,0.999995231628418
DBAASPS_6652,
DBAASPS_6657,0.35931143164634705
DBAASPS_6662,0.04171419516205788
DBAASPS_6669,0.9957200884819031
DBAASPS_6670,0.14934304356575012
DBAASPS_6671,
DBAASPS_6672,
DBAASPS_6673,
DBAASPS_6676,
DBAASPS_6686,
DBAASPS_6687,
DBAASPS_6688,
DBAASPS_6689,
DBAASPS_6690,
DBAASPS_6695,0.9959815740585327
DBAASPS_6696,0.9976005554199219
DBAASPS_6697,0.9968835115432739
DBAASPS_6698,0.9968315362930298
DBAASPS_6699,0.9595862627029419
DBAASPS_6700,0.9901729822158813
DBAASPS_6707,
DBAASPS_6708,
DBAASPS_6710,
DBAASPS_6714,
DBAASPS_6715,
DBAASPS_6718,0.010917088016867638
DBAASPS_6720,0.2619255483150482
DBAASPS_6722,0.46742135286331177
DBAASPS_6723,0.12293858826160431
DBAASPS_6724,0.18307720124721527
DBAASPS_6725,
DBAASPS_6726,
DBAASPS_6727,
DBAASPS_6728,
DBAASPS_6729,
DBAASPS_6730,
DBAASPS_6745,
DBAASPS_6748,0.8389312624931335
DBAASPS_6750,0.9802263379096985
DBAASPS_6752,0.9999811053276062
DBAASPS_6753,0.9950888752937317
DBAASPS_6754,0.9953254461288452
DBAASPS_6756,0.9706891775131226
DBAASPS_6757,0.6029304265975952
DBAASPS_6759,0.9741665124893188
DBAASPS_6762,0.9983323812484741
DBAASPS_6763,0.9993459582328796
DBAASPS_6765,0.9997852444648743
DBAASPR_6766,0.9965513944625854
DBAASPS_6768,0.9909533262252808
DBAASPS_6769,0.9893068075180054
DBAASPS_6770,0.9589417576789856
DBAASPS_6771,0.9997423887252808
DBAASPS_6772,0.6935341954231262
DBAASPS_6773,0.03341229632496834
DBAASPS_6775,0.9999713897705078
DBAASPS_6776,0.9258596301078796
DBAASPS_6778,0.9923639297485352
DBAASPS_6779,0.9484313130378723
DBAASPN_6780,
DBAASPN_6781,
DBAASPN_6783,
DBAASPS_6784,
DBAASPS_6787,0.9943658709526062
DBAASPS_6788,0.9886549711227417
DBAASPS_6789,0.9947929382324219
DBAASPS_6790,0.5479993224143982
DBAASPS_6791,0.2771197259426117
DBAASPS_6802,0.9872056841850281
DBAASPS_6803,0.9705113172531128
DBAASPS_6818,0.9990317225456238
DBAASPS_6819,0.9971199035644531
DBAASPS_6820,0.9959949254989624
DBAASPS_6823,0.988662838935852
DBAASPS_6824,0.9897189140319824
DBAASPR_6836,0.9999693632125854
DBAASPS_6843,
DBAASPS_6846,0.9978291392326355
DBAASPS_6847,0.9973042607307434
DBAASPS_6848,0.9991859197616577
DBAASPS_6849,0.9997220039367676
DBAASPS_6850,0.9998912811279297
DBAASPS_6853,
DBAASPS_6854,
DBAASPS_6857,0.9882735013961792
DBAASPS_6858,0.9774551391601562
DBAASPS_6859,0.9234235882759094
DBAASPS_6860,0.6434027552604675
DBAASPS_6861,0.9986193776130676
DBAASPS_6862,0.9998065829277039
DBAASPS_6863,0.9998559951782227
DBAASPS_6864,0.9990413784980774
DBAASPS_6865,
DBAASPS_6870,
DBAASPS_6871,
DBAASPS_6872,0.9854992032051086
DBAASPS_6874,0.9986448287963867
DBAASPS_6875,0.864956259727478
DBAASPS_6876,0.9941282272338867
DBAASPS_6877,0.3655516803264618
DBAASPS_6878,8.840755981509574e-06
DBAASPS_6879,0.9288195371627808
DBAASPS_6880,
DBAASPS_6882,
DBAASPS_6883,
DBAASPS_6885,
DBAASPS_6888,
DBAASPS_6890,
DBAASPS_6891,
DBAASPS_6892,
DBAASPS_6893,
DBAASPS_6894,
DBAASPS_6895,0.9999119639396667
DBAASPS_6896,0.9996234178543091
DBAASPS_6897,0.9995923042297363
DBAASPS_6898,0.9997200965881348
DBAASPS_6899,0.9814063906669617
DBAASPS_6900,0.9592362642288208
DBAASPS_6901,0.9994120597839355
DBAASPS_6902,0.9949981570243835
DBAASPS_6903,0.9865867495536804
DBAASPS_6904,0.9993579983711243
DBAASPS_6905,0.9894617795944214
DBAASPS_6906,0.9755951166152954
DBAASPS_6907,0.9617099761962891
DBAASPS_6908,0.6008496284484863
DBAASPS_6909,0.9999210238456726
DBAASPS_6910,0.9084604382514954
DBAASPS_6913,0.9313303232192993
DBAASPN_6917,
DBAASPS_6919,0.3937024474143982
DBAASPS_6920,0.8443053960800171
DBAASPS_6923,0.9991124272346497
DBAASPS_6924,0.9992103576660156
DBAASPS_6925,0.9998247027397156
DBAASPS_6926,0.9994982481002808
DBAASPS_6927,0.9995080232620239
DBAASPS_6929,0.9999582171440125
DBAASPS_6931,0.9999791979789734
DBAASPS_6932,0.9999903440475464
DBAASPS_6933,0.9984065890312195
DBAASPS_6934,0.9872651100158691
DBAASPS_6935,0.9939335584640503
DBAASPS_6936,0.9980280995368958
DBAASPS_6937,0.9889170527458191
DBAASPS_6938,0.9997830390930176
DBAASPS_6942,0.9810644388198853
DBAASPS_6943,0.9746133685112
DBAASPS_6944,0.9760669469833374
DBAASPS_6945,0.9827802777290344
DBAASPS_6947,0.9706330299377441
DBAASPS_6948,0.9891934394836426
DBAASPS_6949,0.9793545603752136
DBAASPS_6950,0.9798509478569031
DBAASPS_6951,0.9747044444084167
DBAASPS_6952,0.9841187596321106
DBAASPS_6953,0.9785798192024231
DBAASPS_6954,0.9966522455215454
DBAASPS_6955,0.9972112774848938
DBAASPS_6956,0.9849866628646851
DBAASPS_6957,0.9870127439498901
DBAASPS_6958,0.9849052429199219
DBAASPS_6959,0.9904276728630066
DBAASPS_6960,0.9859789609909058
DBAASPS_6961,0.9981843829154968
DBAASPS_6962,0.999825119972229
DBAASPS_6963,0.9955047369003296
DBAASPS_6964,0.991654098033905
DBAASPS_6965,0.9997475743293762
DBAASPS_6966,0.9997794032096863
DBAASPS_6967,0.9800513982772827
DBAASPS_6968,0.9900450706481934
DBAASPS_6969,0.9895795583724976
DBAASPS_6970,0.9127181172370911
DBAASPS_6971,0.9896506071090698
DBAASPS_6972,0.7562713623046875
DBAASPS_6973,0.0005127107724547386
DBAASPS_6974,0.99957674741745
DBAASPS_6975,0.9997299313545227
DBAASPS_6976,0.999747097492218
DBAASPS_6977,0.9997507333755493
DBAASPS_6978,0.9999534487724304
DBAASPS_6979,0.9998181462287903
DBAASPS_6980,0.9997661709785461
DBAASPS_6981,0.9995004534721375
DBAASPS_6982,0.9995608329772949
DBAASPS_6983,0.9992985725402832
DBAASPS_6984,0.9997698664665222
DBAASPS_6991,0.999833881855011
DBAASPS_6992,0.9986407160758972
DBAASPS_6993,0.9997674822807312
DBAASPS_7001,0.9999955296516418
DBAASPR_7005,0.9894894361495972
DBAASPS_7015,0.43078216910362244
DBAASPS_7019,0.9985612034797668
DBAASPS_7020,0.9950428009033203
DBAASPS_7021,0.12493045628070831
DBAASPS_7022,0.9985916018486023
DBAASPS_7024,0.9325130581855774
DBAASPS_7025,0.9985087513923645
DBAASPS_7026,0.3414943218231201
DBAASPS_7027,
DBAASPS_7028,0.9996113777160645
DBAASPS_7031,
DBAASPS_7032,
DBAASPS_7033,
DBAASPS_7034,
DBAASPS_7036,
DBAASPS_7037,0.5372439622879028
DBAASPS_7042,0.9999788999557495
DBAASPS_7043,0.999983012676239
DBAASPS_7044,0.9150298237800598
DBAASPS_7045,0.9996534585952759
DBAASPS_7048,0.9999576807022095
DBAASPS_7053,0.9998207092285156
DBAASPS_7054,0.9163194894790649
DBAASPS_7055,0.9999966621398926
DBAASPS_7057,0.9999687075614929
DBAASPS_7059,0.9994023442268372
DBAASPS_7060,0.9842270016670227
DBAASPS_7062,0.9281665086746216
DBAASPS_7065,0.9998884201049805
DBAASPS_7067,0.5434844493865967
DBAASPS_7075,0.9997550845146179
DBAASPS_7087,0.9884446263313293
DBAASPS_7092,0.8575255274772644
DBAASPS_7093,0.9310706257820129
DBAASPS_7094,0.8831490278244019
DBAASPS_7095,0.7936654686927795
DBAASPS_7102,0.9976929426193237
DBAASPS_7103,0.9856562614440918
DBAASPS_7104,0.986648440361023
DBAASPS_7105,0.999980092048645
DBAASPS_7109,0.37080466747283936
DBAASPS_7110,0.9974641799926758
DBAASPS_7111,0.9962499737739563
DBAASPS_7113,0.9965060353279114
DBAASPS_7121,0.18231269717216492
DBAASPS_7122,0.2892300486564636
DBAASPS_7123,0.558039665222168
DBAASPS_7124,0.2952849864959717
DBAASPS_7141,0.0048211305402219296
DBAASPS_7142,0.01786075346171856
DBAASPS_7144,0.9999526143074036
DBAASPS_7146,0.9998100399971008
DBAASPS_7147,0.9997952580451965
DBAASPS_7148,0.9999755620956421
DBAASPS_7149,0.9999796748161316
DBAASPS_7150,0.9999563097953796
DBAASPS_7153,0.9999688863754272
DBAASPS_7155,0.9999306797981262
DBAASPS_7156,0.9981220960617065
DBAASPN_7157,
DBAASPN_7159,
DBAASPN_7160,
DBAASPN_7161,
DBAASPN_7162,
DBAASPS_7163,0.9986532330513
DBAASPS_7164,0.9973209500312805
DBAASPS_7166,0.9953711628913879
DBAASPS_7173,0.9835742115974426
DBAASPS_7180,0.26492220163345337
DBAASPS_7182,0.005129436030983925
DBAASPS_7208,0.9974017143249512
DBAASPS_7209,0.8536596298217773
DBAASPS_7210,0.9061979055404663
DBAASPS_7218,0.9999984502792358
DBAASPS_7219,0.9999886751174927
DBAASPS_7222,
DBAASPS_7227,0.9999704360961914
DBAASPS_7229,
DBAASPS_7230,
DBAASPS_7234,0.17284992337226868
DBAASPS_7235,0.8058702349662781
DBAASPS_7236,0.9928662180900574
DBAASPS_7239,0.9946607351303101
DBAASPS_7242,0.9944080114364624
DBAASPS_7244,0.9971882104873657
DBAASPS_7245,0.9989814758300781
DBAASPS_7246,0.9984820485115051
DBAASPS_7250,0.9940422773361206
DBAASPS_7259,0.9999950528144836
DBAASPS_7263,0.9999945759773254
DBAASPS_7266,0.9999939203262329
DBAASPS_7268,0.9999954104423523
DBAASPS_7271,0.9999927282333374
DBAASPS_7272,0.9999893307685852
DBAASPS_7276,0.9999781847000122
DBAASPS_7279,0.9998422861099243
DBAASPS_7285,0.9702285528182983
DBAASPS_7288,0.9999302625656128
DBAASPS_7289,0.838361918926239
DBAASPS_7290,0.9998566508293152
DBAASPS_7291,0.9983030557632446
DBAASPS_7306,
DBAASPS_7309,0.9836835861206055
DBAASPS_7311,0.9961325526237488
DBAASPS_7312,0.9884063005447388
DBAASPS_7313,0.9999353289604187
DBAASPS_7314,0.9999650716781616
DBAASPS_7315,0.9991482496261597
DBAASPS_7316,0.9997884631156921
DBAASPS_7317,0.9996223449707031
DBAASPS_7318,0.8814336657524109
DBAASPS_7321,0.825771689414978
DBAASPS_7323,0.9546400308609009
DBAASPS_7327,0.9996452331542969
DBAASPS_7328,0.9998019337654114
DBAASPS_7330,0.282020628452301
DBAASPS_7331,0.8565217852592468
DBAASPS_7332,0.9827507138252258
DBAASPS_7333,0.9432939291000366
DBAASPS_7334,0.8158022165298462
DBAASPS_7335,0.9644941091537476
DBAASPS_7336,0.9979950189590454
DBAASPS_7337,0.9956843256950378
DBAASPS_7338,0.9917294383049011
DBAASPS_7339,0.9047770500183105
DBAASPS_7357,0.9987905621528625
DBAASPS_7359,0.7616956830024719
DBAASPS_7361,0.9814459085464478
DBAASPS_7363,0.9741999506950378
DBAASPS_7367,0.9417036175727844
DBAASPS_7368,0.5960079431533813
DBAASPS_7369,0.6780672669410706
DBAASPS_7370,0.0004708288179244846
DBAASPS_7371,0.5817704200744629
DBAASPS_7372,0.5663130879402161
DBAASPS_7373,0.980710506439209
DBAASPS_7374,0.36368459463119507
DBAASPS_7375,0.346414715051651
DBAASPS_7378,0.9339805841445923
DBAASPS_7379,0.10303060710430145
DBAASPS_7380,0.003083918709307909
DBAASPS_7393,0.9846169352531433
DBAASPS_7394,0.907650351524353
DBAASPS_7395,0.4851961135864258
DBAASPS_7396,0.949057936668396
DBAASPS_7398,0.20244336128234863
DBAASPS_7399,0.2857755422592163
DBAASPS_7400,0.6692070364952087
DBAASPS_7401,0.4033009111881256
DBAASPS_7402,0.20373861491680145
DBAASPS_7403,0.5870527029037476
DBAASPS_7404,0.9908987879753113
DBAASPS_7405,0.7392038702964783
DBAASPS_7406,0.9993947148323059
DBAASPS_7407,0.9974328875541687
DBAASPS_7408,0.9999904632568359
DBAASPS_7409,
DBAASPS_7428,
DBAASPS_7429,0.9999390840530396
DBAASPS_7430,0.9994993209838867
DBAASPS_7431,0.9998751878738403
DBAASPS_7433,0.9976644515991211
DBAASPS_7434,
DBAASPS_7435,
DBAASPS_7436,
DBAASPS_7437,
DBAASPS_7446,
DBAASPS_7452,0.1333596408367157
DBAASPS_7462,0.904870331287384
DBAASPS_7463,0.9171277284622192
DBAASPS_7464,0.9491294622421265
DBAASPS_7465,
DBAASPS_7466,
DBAASPS_7469,0.9980283975601196
DBAASPS_7470,0.9877675771713257
DBAASPS_7471,0.9785710573196411
DBAASPS_7472,0.9866701364517212
DBAASPS_7473,0.8916306495666504
DBAASPS_7474,0.41449928283691406
DBAASPS_7485,0.9790539741516113
DBAASPR_7486,0.9985570907592773
DBAASPS_7490,
DBAASPS_7495,0.9927904009819031
DBAASPS_7496,0.9961674809455872
DBAASPS_7497,0.995376467704773
DBAASPS_7498,0.992718517780304
DBAASPS_7499,0.9805572628974915
DBAASPS_7500,0.994815468788147
DBAASPS_7501,0.9939857721328735
DBAASPS_7502,
DBAASPS_7503,0.2767939865589142
DBAASPS_7504,0.8729951977729797
DBAASPS_7505,0.5317573547363281
DBAASPS_7506,0.9862507581710815
DBAASPS_7507,0.12485115230083466
DBAASPS_7510,0.19649186730384827
DBAASPS_7511,0.7450972199440002
DBAASPS_7512,0.518225908279419
DBAASPS_7513,0.31821495294570923
DBAASPS_7514,0.5802137851715088
DBAASPS_7515,0.3679916560649872
DBAASPS_7516,0.5885431170463562
DBAASPS_7517,0.6212111711502075
DBAASPS_7518,0.5752450227737427
DBAASPS_7519,0.6376751065254211
DBAASPS_7520,0.5182076692581177
DBAASPS_7521,0.5270548462867737
DBAASPS_7522,0.5184850692749023
DBAASPS_7523,0.6355998516082764
DBAASPS_7524,0.7176803350448608
DBAASPS_7526,0.6480482816696167
DBAASPS_7527,0.10872335731983185
DBAASPS_7530,0.2283487766981125
DBAASPS_7532,0.24555142223834991
DBAASPS_7534,0.565708339214325
DBAASPS_7535,0.3203234076499939
DBAASPS_7537,0.5708214044570923
DBAASPS_7538,0.8247308731079102
DBAASPS_7539,0.6651375889778137
DBAASPS_7540,0.7820616960525513
DBAASPS_7541,0.4262816905975342
DBAASPS_7560,0.9997857809066772
DBAASPS_7561,0.9998796582221985
DBAASPS_7562,0.999800980091095
DBAASPS_7563,0.9999292492866516
DBAASPS_7564,0.9996947050094604
DBAASPS_7565,0.993522047996521
DBAASPS_7566,0.9954697489738464
DBAASPS_7567,0.9960257411003113
DBAASPS_7568,0.995995819568634
DBAASPS_7569,0.9949111938476562
DBAASPS_7570,0.9962825775146484
DBAASPS_7571,0.9972496032714844
DBAASPS_7572,0.9978843927383423
DBAASPS_7573,0.9940789937973022
DBAASPS_7574,0.9757815599441528
DBAASPS_7575,0.6849770545959473
DBAASPS_7576,0.0884135439991951
DBAASPS_7577,0.9081729054450989
DBAASPS_7578,0.5225924849510193
DBAASPS_7579,0.8694567680358887
DBAASPS_7588,0.999906063079834
DBAASPS_7589,0.9998443722724915
DBAASPS_7595,
DBAASPS_7598,0.9933579564094543
DBAASPS_7604,0.9976369142532349
DBAASPS_7610,0.9985845685005188
DBAASPS_7613,0.9992321133613586
DBAASPS_7628,0.7602919340133667
DBAASPS_7629,0.9742251634597778
DBAASPS_7630,0.9998481869697571
DBAASPS_7632,0.9962185025215149
DBAASPS_7633,0.9993160367012024
DBAASPS_7634,0.9999366998672485
DBAASPS_7635,0.15740254521369934
DBAASPS_7636,0.7666949033737183
DBAASPS_7637,0.6683109998703003
DBAASPS_7638,0.9970523715019226
DBAASPS_7649,0.4649365544319153
DBAASPS_7650,0.9880020022392273
DBAASPS_7657,0.9950331449508667
DBAASPR_7658,0.9968103170394897
DBAASPS_7661,0.9907363653182983
DBAASPS_7662,0.8956339955329895
DBAASPS_7666,0.9472500085830688
DBAASPS_7667,0.9631457328796387
DBAASPS_7668,0.19087915122509003
DBAASPS_7669,0.1536843478679657
DBAASPS_7672,0.993890106678009
DBAASPS_7675,0.9060673713684082
DBAASPS_7676,0.7086381912231445
DBAASPS_7677,0.8358890414237976
DBAASPS_7678,0.8396099209785461
DBAASPS_7679,0.7035195231437683
DBAASPS_7680,0.7376983761787415
DBAASPS_7681,0.8828065991401672
DBAASPS_7682,0.9668057560920715
DBAASPS_7683,0.8082298040390015
DBAASPS_7684,0.8452330827713013
DBAASPS_7685,
DBAASPS_7686,
DBAASPS_7694,
DBAASPS_7698,
DBAASPS_7703,0.9856729507446289
DBAASPS_7704,
DBAASPS_7706,
DBAASPS_7715,0.16577021777629852
DBAASPS_7716,0.7224479913711548
DBAASPS_7717,0.4000307619571686
DBAASPS_7718,0.6402965784072876
DBAASPS_7719,0.30946245789527893
DBAASPS_7720,0.29365143179893494
DBAASPS_7721,0.25156933069229126
DBAASPS_7722,0.7759585380554199
DBAASPS_7724,0.18310686945915222
DBAASPS_7725,0.7494505643844604
DBAASPS_7726,0.18389002978801727
DBAASPS_7727,0.23989911377429962
DBAASPS_7728,0.9931581616401672
DBAASPS_7729,0.8251792192459106
DBAASPR_7730,0.9985980987548828
DBAASPS_7732,0.9985067248344421
DBAASPR_7734,0.9980999231338501
DBAASPR_7735,0.9989482760429382
DBAASPR_7736,0.9998800158500671
DBAASPR_7737,0.9920591115951538
DBAASPS_7741,
DBAASPS_7742,
DBAASPS_7744,
DBAASPS_7745,
DBAASPS_7746,
DBAASPS_7747,
DBAASPS_7762,0.3324386477470398
DBAASPS_7769,0.879568874835968
DBAASPS_7771,0.06333144009113312
DBAASPS_7772,0.04371923953294754
DBAASPS_7773,0.17229481041431427
DBAASPS_7774,0.13389483094215393
DBAASPS_7777,
DBAASPS_7778,
DBAASPS_7780,0.21314628422260284
DBAASPS_7782,0.03598121553659439
DBAASPS_7784,0.20942780375480652
DBAASPS_7786,0.2733352780342102
DBAASPS_7788,0.033977195620536804
DBAASPS_7789,0.22345638275146484
DBAASPS_7792,0.06662481278181076
DBAASPS_7793,0.026877209544181824
DBAASPS_7795,0.0384104922413826
DBAASPS_7798,0.008232036605477333
DBAASPS_7801,0.000875674479175359
DBAASPS_7802,0.000329195405356586
DBAASPS_7803,0.0008857247303240001
DBAASPS_7804,0.05360569432377815
DBAASPS_7805,0.18026506900787354
DBAASPS_7806,0.09597871452569962
DBAASPS_7807,8.513539796695113e-05
DBAASPS_7808,0.0006664309184998274
DBAASPS_7809,0.001985561568289995
DBAASPS_7810,0.054663658142089844
DBAASPS_7812,0.03012210689485073
DBAASPS_7813,0.000147354367072694
DBAASPS_7822,
DBAASPS_7833,0.19147518277168274
DBAASPS_7854,0.9998534321784973
DBAASPN_7855,
DBAASPS_7863,0.996463418006897
DBAASPS_7918,0.9998403787612915
DBAASPS_7919,0.9947441816329956
DBAASPS_7920,0.9999895095825195
DBAASPS_7921,0.9999739527702332
DBAASPS_7922,0.999983012676239
DBAASPS_7923,0.9984641075134277
DBAASPS_7924,0.9999775886535645
DBAASPS_7926,0.9998072385787964
DBAASPS_7928,0.999836266040802
DBAASPS_7929,0.9956873059272766
DBAASPS_7930,0.9999337196350098
DBAASPS_7931,0.9967252612113953
DBAASPS_7932,0.9997437596321106
DBAASPS_7933,0.999987006187439
DBAASPS_7934,0.9999907612800598
DBAASPS_7935,0.9998387098312378
DBAASPS_7936,0.26235586404800415
DBAASPS_7937,0.2628827691078186
DBAASPS_7939,0.9999771118164062
DBAASPS_7940,0.9999626278877258
DBAASPS_7941,0.9974625706672668
DBAASPS_7942,0.9896097183227539
DBAASPS_7943,0.9810806512832642
DBAASPS_7945,0.9973064661026001
DBAASPS_7947,0.9999765157699585
DBAASPS_7949,0.9999847412109375
DBAASPS_7950,0.999977707862854
DBAASPS_7951,0.9984615445137024
DBAASPS_7952,0.9929400682449341
DBAASPS_7955,0.9988361597061157
DBAASPS_7958,0.9999910593032837
DBAASPS_7959,0.9999885559082031
DBAASPS_7960,0.998595118522644
DBAASPS_7963,0.9990957975387573
DBAASPS_7964,0.9987866282463074
DBAASPS_7965,0.7701144814491272
DBAASPR_7995,0.5261284112930298
DBAASPS_7996,0.020751681178808212
DBAASPR_7999,0.4673983156681061
DBAASPN_8005,
DBAASPN_8008,
DBAASPN_8010,
DBAASPN_8012,
DBAASPN_8013,
DBAASPN_8014,
DBAASPN_8015,
DBAASPS_8016,0.9512333869934082
DBAASPN_8023,
DBAASPR_8029,0.9972140192985535
DBAASPR_8030,0.9995571970939636
DBAASPR_8031,0.9997167587280273
DBAASPR_8032,0.6697330474853516
DBAASPR_8033,0.9999957084655762
DBAASPR_8034,0.9999969601631165
DBAASPR_8038,0.9961097836494446
DBAASPR_8042,0.9999790191650391
DBAASPR_8046,0.9992076754570007
DBAASPS_8051,
DBAASPS_8054,
DBAASPS_8056,0.33223849534988403
DBAASPR_8062,0.9919148683547974
DBAASPR_8063,0.8707866668701172
DBAASPS_8067,0.6069067120552063
DBAASPS_8068,0.7808624505996704
DBAASPS_8069,0.8080717325210571
DBAASPS_8071,0.9618245363235474
DBAASPR_8072,0.9985000491142273
DBAASPS_8082,0.6661869883537292
DBAASPS_8084,0.9995841979980469
DBAASPS_8089,0.9996054768562317
DBAASPS_8090,0.999728798866272
DBAASPS_8091,0.9948490262031555
DBAASPS_8096,0.9982733726501465
DBAASPS_8097,0.971440315246582
DBAASPS_8098,0.9812374114990234
DBAASPS_8099,0.9998650550842285
DBAASPS_8100,0.9611217379570007
DBAASPS_8101,0.9999288320541382
DBAASPS_8102,0.999950110912323
DBAASPS_8103,0.9997804760932922
DBAASPS_8112,0.4619438052177429
DBAASPS_8113,0.2307167798280716
DBAASPS_8114,0.002472509862855077
DBAASPS_8118,0.005886262282729149
DBAASPS_8120,0.9788300395011902
DBAASPS_8121,0.9982383847236633
DBAASPS_8122,0.9913919568061829
DBAASPS_8126,0.9863213300704956
DBAASPS_8127,0.9937883615493774
DBAASPR_8129,
DBAASPS_8131,0.9998140335083008
DBAASPS_8132,0.9905834197998047
DBAASPS_8133,0.9849992990493774
DBAASPS_8134,0.9997634887695312
DBAASPS_8139,0.9998046159744263
DBAASPS_8140,0.9137707948684692
DBAASPS_8141,0.9960395097732544
DBAASPS_8142,0.9959518313407898
DBAASPS_8143,0.9758313894271851
DBAASPS_8144,0.5746844410896301
DBAASPS_8145,0.8999645113945007
DBAASPS_8146,0.7946290969848633
DBAASPS_8147,0.6814361810684204
DBAASPS_8148,0.9593410491943359
DBAASPS_8149,0.8428823351860046
DBAASPR_8155,0.9751042127609253
DBAASPR_8156,0.9764691591262817
DBAASPS_8160,0.6727234125137329
DBAASPS_8164,0.7912091016769409
DBAASPS_8165,0.590067446231842
DBAASPS_8167,0.6403812766075134
DBAASPS_8168,0.6760936975479126
DBAASPS_8169,0.4337904453277588
DBAASPS_8172,0.8016331791877747
DBAASPR_8183,0.894738495349884
DBAASPR_8184,0.9931669235229492
DBAASPR_8185,0.9987844228744507
DBAASPR_8186,0.9997383952140808
DBAASPR_8187,0.9957898855209351
DBAASPR_8188,0.9995824694633484
DBAASPR_8189,0.9998592138290405
DBAASPR_8190,0.9917410612106323
DBAASPR_8194,0.9351885914802551
DBAASPR_8196,0.9958939552307129
DBAASPR_8198,0.9989356994628906
DBAASPR_8201,0.9121868014335632
DBAASPS_8202,0.5925866961479187
DBAASPR_8205,0.9637491106987
DBAASPS_8213,
DBAASPS_8214,0.9971469044685364
DBAASPS_8215,0.9952114820480347
DBAASPS_8216,0.9888973236083984
DBAASPS_8217,0.993057906627655
DBAASPS_8218,0.9971149563789368
DBAASPS_8219,0.9999289512634277
DBAASPS_8220,0.9765729904174805
DBAASPS_8225,0.11614872515201569
DBAASPS_8226,0.07590583711862564
DBAASPS_8242,0.9997909665107727
DBAASPS_8248,0.9999651908874512
DBAASPS_8252,0.9998098611831665
DBAASPS_8253,0.9997992515563965
DBAASPS_8259,0.9999807476997375
DBAASPS_8267,0.23744340240955353
DBAASPS_8269,0.9999716877937317
DBAASPS_8273,0.6416629552841187
DBAASPR_8275,0.13700859248638153
DBAASPS_8279,0.4729587137699127
DBAASPS_8280,0.015567596070468426
DBAASPS_8281,0.003960699774324894
DBAASPS_8283,0.9296982884407043
DBAASPR_8289,0.9999823570251465
DBAASPR_8296,0.8788963556289673
DBAASPR_8297,0.9953840970993042
DBAASPS_8299,0.7701061964035034
DBAASPS_8303,0.48527079820632935
DBAASPS_8305,0.16637279093265533
DBAASPS_8331,0.701578676700592
DBAASPR_8341,
DBAASPR_8342,
DBAASPS_8343,0.9415162801742554
DBAASPS_8344,0.9936304092407227
DBAASPS_8350,0.7658007740974426
DBAASPR_8351,0.8862689733505249
DBAASPS_8352,0.999250054359436
DBAASPS_8357,0.5402992963790894
DBAASPS_8358,0.06179986521601677
DBAASPS_8359,0.0049926177598536015
DBAASPS_8360,0.2872706353664398
DBAASPS_8361,0.42963895201683044
DBAASPS_8362,0.0030884225852787495
DBAASPS_8363,0.704226016998291
DBAASPS_8364,0.01560713816434145
DBAASPS_8365,0.25930386781692505
DBAASPS_8366,0.3852698504924774
DBAASPS_8367,0.4407096803188324
DBAASPS_8368,0.2328663319349289
DBAASPS_8369,0.0007408239180222154
DBAASPR_8373,0.9999966621398926
DBAASPR_8374,0.9999992251396179
DBAASPS_8377,0.23801729083061218
DBAASPS_8378,0.009646639227867126
DBAASPS_8379,0.7852337956428528
DBAASPS_8380,0.024088097736239433
DBAASPS_8381,0.7936660051345825
DBAASPS_8382,0.2674322724342346
DBAASPS_8387,0.9999344944953918
DBAASPR_8416,0.7356863021850586
DBAASPS_8418,0.522269606590271
DBAASPS_8419,0.9880023002624512
DBAASPS_8420,0.9765239953994751
DBAASPS_8422,0.9985684156417847
DBAASPS_8423,0.9961279034614563
DBAASPS_8424,0.9997886419296265
DBAASPR_8427,0.9999094009399414
DBAASPR_8428,0.9666897654533386
DBAASPR_8432,0.9998911619186401
DBAASPS_8437,0.9986711740493774
DBAASPS_8438,0.9999632835388184
DBAASPS_8439,0.9996673464775085
DBAASPR_8441,0.9938680529594421
DBAASPS_8442,0.4428301751613617
DBAASPS_8443,0.7902423739433289
DBAASPS_8444,0.907733142375946
DBAASPS_8450,0.9965822100639343
DBAASPS_8472,
DBAASPS_8502,0.26412051916122437
DBAASPS_8503,0.2711741328239441
DBAASPS_8504,0.6031519174575806
DBAASPS_8507,0.9994838833808899
DBAASPS_8508,0.9994766116142273
DBAASPS_8510,0.9963801503181458
DBAASPS_8512,0.6339586973190308
DBAASPS_8513,0.8802059292793274
DBAASPS_8515,0.9991950988769531
DBAASPS_8518,
DBAASPS_8529,
DBAASPS_8530,
DBAASPS_8532,
DBAASPS_8533,
DBAASPS_8538,
DBAASPS_8539,
DBAASPS_8551,
DBAASPS_8552,
DBAASPS_8555,
DBAASPS_8556,
DBAASPS_8558,
DBAASPS_8559,
DBAASPS_8561,
DBAASPS_8562,
DBAASPS_8564,
DBAASPS_8565,
DBAASPS_8567,
DBAASPS_8568,
DBAASPS_8570,
DBAASPS_8571,
DBAASPS_8572,
DBAASPS_8573,
DBAASPS_8574,
DBAASPS_8575,
DBAASPS_8577,
DBAASPS_8578,
DBAASPS_8580,
DBAASPS_8581,
DBAASPS_8582,
DBAASPS_8585,0.9964854121208191
DBAASPS_8586,0.9991334676742554
DBAASPS_8587,0.9999635815620422
DBAASPS_8588,0.9114971160888672
DBAASPS_8590,
DBAASPS_8591,
DBAASPS_8592,1.0
DBAASPS_8593,1.0
DBAASPS_8594,1.0
DBAASPS_8595,0.9999986886978149
DBAASPS_8596,0.9337962865829468
DBAASPS_8597,
DBAASPS_8598,0.9971879720687866
DBAASPS_8600,0.9994097948074341
DBAASPS_8603,
DBAASPR_8608,0.9992830157279968
DBAASPR_8612,0.9871661067008972
DBAASPR_8613,0.9994027018547058
DBAASPR_8614,0.9991430044174194
DBAASPR_8615,0.9995671510696411
DBAASPR_8616,0.9997043609619141
DBAASPR_8617,0.9990825653076172
DBAASPR_8618,0.8969489932060242
DBAASPR_8619,0.9654566645622253
DBAASPS_8620,0.8388879895210266
DBAASPS_8621,0.9817274808883667
DBAASPS_8624,0.9834299087524414
DBAASPS_8625,0.9388217926025391
DBAASPS_8626,0.992465615272522
DBAASPS_8628,0.9966706037521362
DBAASPS_8635,0.9937341809272766
DBAASPS_8636,
DBAASPS_8637,
DBAASPS_8638,
DBAASPS_8639,
DBAASPS_8640,
DBAASPS_8641,0.9995206594467163
DBAASPS_8642,0.8024235963821411
DBAASPS_8643,0.3441385328769684
DBAASPS_8644,0.6544498205184937
DBAASPS_8646,0.9999095797538757
DBAASPS_8647,0.7691299319267273
DBAASPS_8656,0.8214205503463745
DBAASPS_8674,0.6502213478088379
DBAASPS_8683,0.6574286222457886
DBAASPS_8710,
DBAASPS_8711,
DBAASPS_8712,
DBAASPS_8713,
DBAASPS_8716,
DBAASPS_8719,0.8891260027885437
DBAASPS_8720,0.5861330032348633
DBAASPS_8721,0.2034391611814499
DBAASPS_8722,0.9999866485595703
DBAASPS_8723,0.9974667429924011
DBAASPS_8724,
DBAASPS_8725,
DBAASPS_8726,
DBAASPS_8727,
DBAASPS_8728,
DBAASPS_8729,
DBAASPS_8731,0.9985591173171997
DBAASPS_8738,
DBAASPS_8739,
DBAASPS_8740,
DBAASPS_8741,
DBAASPS_8742,
DBAASPS_8743,
DBAASPS_8744,
DBAASPS_8746,0.8689192533493042
DBAASPS_8747,0.9974197149276733
DBAASPS_8748,
DBAASPS_8749,
DBAASPS_8750,
DBAASPS_8753,
DBAASPS_8754,
DBAASPS_8755,
DBAASPS_8756,
DBAASPS_8757,
DBAASPS_8758,
DBAASPS_8759,
DBAASPS_8760,
DBAASPS_8762,
DBAASPR_8764,0.7985570430755615
DBAASPR_8765,0.9673362970352173
DBAASPS_8768,0.9998243451118469
DBAASPS_8769,0.6670117974281311
DBAASPS_8770,0.9687290191650391
DBAASPS_8771,0.9997532963752747
DBAASPS_8772,0.998927116394043
DBAASPS_8773,0.999839186668396
DBAASPS_8774,0.9999478459358215
DBAASPS_8775,0.999958336353302
DBAASPS_8776,0.9999296069145203
DBAASPS_8777,0.9998877644538879
DBAASPS_8779,0.6014703512191772
DBAASPS_8780,0.004309860523790121
DBAASPS_8781,0.08324040472507477
DBAASPS_8782,0.0012424010783433914
DBAASPS_8783,0.1457729935646057
DBAASPS_8784,0.014438693411648273
DBAASPS_8785,0.007279717363417149
DBAASPS_8786,0.0029079646337777376
DBAASPS_8788,0.6528459787368774
DBAASPS_8793,0.9904499053955078
DBAASPS_8794,0.9299551844596863
DBAASPS_8813,0.8594986200332642
DBAASPS_8814,0.8496378064155579
DBAASPS_8818,0.982315182685852
DBAASPS_8819,0.9986440539360046
DBAASPS_8820,0.9998238682746887
DBAASPS_8821,0.9994083642959595
DBAASPS_8822,0.9999181628227234
DBAASPS_8823,0.9999829530715942
DBAASPS_8824,0.9883148074150085
DBAASPS_8825,0.9965592622756958
DBAASPS_8826,0.9998451471328735
DBAASPS_8827,0.9995851516723633
DBAASPS_8828,0.9998396039009094
DBAASPS_8829,0.9999146461486816
DBAASPS_8830,0.9997553825378418
DBAASPS_8831,0.9998102188110352
DBAASPS_8832,0.9999619722366333
DBAASPS_8833,0.9999126195907593
DBAASPS_8834,0.9999787211418152
DBAASPS_8835,0.9979322552680969
DBAASPS_8837,0.7882291078567505
DBAASPS_8838,0.9410904049873352
DBAASPS_8839,0.9752675294876099
DBAASPS_8840,0.9999454617500305
DBAASPS_8841,0.9999136924743652
DBAASPS_8842,0.9999104738235474
DBAASPS_8843,0.9999306797981262
DBAASPS_8847,0.9993753433227539
DBAASPS_8848,
DBAASPS_8854,0.9999517202377319
DBAASPS_8855,0.999590277671814
DBAASPS_8856,
DBAASPS_8861,0.990179181098938
DBAASPS_8863,
DBAASPR_8875,
DBAASPR_8876,0.2800833582878113
DBAASPS_8878,0.9991825222969055
DBAASPR_8879,
DBAASPS_8880,
DBAASPS_8884,0.6846290826797485
DBAASPS_8885,0.980869472026825
DBAASPS_8886,0.998771071434021
DBAASPS_8887,0.9996294975280762
DBAASPS_8888,0.9986407160758972
DBAASPS_8890,0.8811570405960083
DBAASPS_8891,0.696493923664093
DBAASPR_8892,0.9014938473701477
DBAASPS_8907,
DBAASPS_8923,0.9953638911247253
DBAASPS_8925,0.437990665435791
DBAASPS_8937,0.7845783829689026
DBAASPS_8938,0.9320247769355774
DBAASPS_8939,0.9851066470146179
DBAASPS_8940,0.957671046257019
DBAASPS_8941,0.9054065942764282
DBAASPS_8942,0.9997587203979492
DBAASPR_8943,0.9999931454658508
DBAASPS_8944,0.9999929666519165
DBAASPS_8945,0.999969482421875
DBAASPS_8946,0.9999964833259583
DBAASPS_8947,0.9999862909317017
DBAASPS_8949,0.9979778528213501
DBAASPS_8950,0.9642995595932007
DBAASPS_8951,0.8506253361701965
DBAASPS_8952,0.2848563492298126
DBAASPS_8954,0.995184063911438
DBAASPS_8955,
DBAASPS_8975,0.9992748498916626
DBAASPS_8992,0.5581375360488892
DBAASPS_8993,0.5401448011398315
DBAASPS_8994,0.10852595418691635
DBAASPS_8995,0.9933396577835083
DBAASPS_8996,0.9946824908256531
DBAASPS_8997,0.9997841119766235
DBAASPS_8998,0.6535547971725464
DBAASPR_9002,0.6509227752685547
DBAASPS_9012,0.9480714797973633
DBAASPS_9013,0.9787402153015137
DBAASPS_9014,0.9999376535415649
DBAASPS_9017,0.8524254560470581
DBAASPS_9018,
DBAASPS_9019,
DBAASPS_9020,
DBAASPS_9021,
DBAASPS_9022,
DBAASPS_9023,
DBAASPS_9024,0.7403290271759033
DBAASPS_9025,0.9115001559257507
DBAASPS_9026,0.6347240209579468
DBAASPS_9027,0.6908770203590393
DBAASPS_9029,0.40889596939086914
DBAASPS_9030,0.5732409358024597
DBAASPS_9031,0.696306586265564
DBAASPS_9032,0.5763487815856934
DBAASPS_9033,0.766343891620636
DBAASPS_9034,0.6701890826225281
DBAASPS_9035,0.9177185297012329
DBAASPS_9036,0.6704390645027161
DBAASPS_9037,0.751812756061554
DBAASPS_9040,0.6869620680809021
DBAASPS_9041,0.7566812634468079
DBAASPS_9045,0.015270069241523743
DBAASPS_9048,0.9408562779426575
DBAASPS_9049,0.7881676554679871
DBAASPS_9062,
DBAASPS_9066,
DBAASPS_9067,
DBAASPS_9068,
DBAASPS_9069,
DBAASPS_9071,
DBAASPS_9084,
DBAASPS_9085,
DBAASPS_9090,
DBAASPS_9092,
DBAASPS_9109,0.9879987835884094
DBAASPS_9110,0.9988821148872375
DBAASPS_9111,0.9951024055480957
DBAASPS_9112,0.9945378303527832
DBAASPS_9113,0.9859780073165894
DBAASPS_9124,0.5915985107421875
DBAASPR_9125,0.978002667427063
DBAASPS_9126,0.5966554284095764
DBAASPS_9127,0.9984130859375
DBAASPS_9128,0.012343434616923332
DBAASPS_9129,0.9899038076400757
DBAASPR_9130,0.391431599855423
DBAASPS_9131,0.7780388593673706
DBAASPS_9132,0.9983100891113281
DBAASPS_9133,0.98686683177948
DBAASPS_9134,0.22300341725349426
DBAASPS_9147,0.9929852485656738
DBAASPS_9148,0.9610121846199036
DBAASPS_9149,0.8560301065444946
DBAASPS_9150,0.9973214268684387
DBAASPS_9151,0.9964286088943481
DBAASPS_9152,0.7671287059783936
DBAASPS_9160,
DBAASPS_9175,0.995620608329773
DBAASPS_9176,0.9957376718521118
DBAASPS_9185,0.9999209642410278
DBAASPS_9187,
DBAASPS_9191,0.09334661066532135
DBAASPS_9198,
DBAASPS_9203,0.9996994137763977
DBAASPS_9204,0.13581880927085876
DBAASPS_9205,0.9972414970397949
DBAASPS_9211,0.938895583152771
DBAASPS_9215,0.635607123374939
DBAASPS_9216,0.9997674226760864
DBAASPS_9217,0.15721558034420013
DBAASPS_9218,0.9859586954116821
DBAASPS_9219,0.16073860228061676
DBAASPS_9220,0.06276695430278778
DBAASPS_9221,0.2993045747280121
DBAASPS_9222,0.01448691077530384
DBAASPS_9223,0.011796819046139717
DBAASPS_9224,0.17519427835941315
DBAASPS_9227,0.999618411064148
DBAASPS_9228,0.9408490061759949
DBAASPS_9245,0.9532852172851562
DBAASPS_9247,0.9814842343330383
DBAASPS_9249,0.9957577586174011
DBAASPS_9251,0.9980565905570984
DBAASPS_9252,0.9999723434448242
DBAASPS_9289,0.433342844247818
DBAASPS_9319,0.9977801442146301
DBAASPS_9325,0.9859649538993835
DBAASPS_9326,0.6110163927078247
DBAASPS_9327,0.9822955131530762
DBAASPS_9328,0.9955343008041382
DBAASPS_9329,0.998727023601532
DBAASPS_9333,0.867562472820282
DBAASPS_9334,0.9129711389541626
DBAASPS_9335,0.934181809425354
DBAASPS_9339,0.9464359283447266
DBAASPS_9340,0.9204509854316711
DBAASPS_9341,0.8406363725662231
DBAASPS_9342,0.8914670944213867
DBAASPS_9344,0.20312681794166565
DBAASPS_9345,0.18330104649066925
DBAASPS_9346,0.38820451498031616
DBAASPS_9347,0.026667436584830284
DBAASPS_9348,0.9793516993522644
DBAASPS_9349,0.9405806660652161
DBAASPS_9350,0.40688642859458923
DBAASPS_9351,0.9272705912590027
DBAASPS_9352,0.43245935440063477
DBAASPS_9353,0.7420198321342468
DBAASPS_9354,0.10240336507558823
DBAASPS_9355,
DBAASPS_9356,
DBAASPS_9357,
DBAASPS_9358,
DBAASPS_9359,
DBAASPS_9360,
DBAASPS_9361,0.11263266950845718
DBAASPS_9366,0.9961840510368347
DBAASPS_9369,0.9847419857978821
DBAASPS_9379,0.9988465309143066
DBAASPS_9380,0.9998367428779602
DBAASPS_9381,0.9996530413627625
DBAASPS_9389,
DBAASPS_9391,
DBAASPS_9392,
DBAASPS_9394,
DBAASPS_9396,
DBAASPS_9398,0.9989508390426636
DBAASPS_9399,0.807905375957489
DBAASPS_9400,0.9939516186714172
DBAASPS_9401,0.3813762664794922
DBAASPS_9402,0.49051913619041443
DBAASPS_9404,0.0014296763110905886
DBAASPS_9405,0.997549831867218
DBAASPS_9407,0.9941444396972656
DBAASPR_9419,0.000496532185934484
DBAASPR_9423,0.0004610908217728138
DBAASPR_9424,0.2829144299030304
DBAASPR_9428,0.403071790933609
DBAASPR_9429,0.0013004692737013102
DBAASPS_9436,0.9788956642150879
DBAASPS_9437,0.9747747182846069
DBAASPS_9438,0.9865913391113281
DBAASPS_9439,0.857611358165741
DBAASPS_9440,0.9943207502365112
DBAASPS_9441,0.9542016983032227
DBAASPS_9446,0.9976195096969604
DBAASPS_9452,0.9999664425849915
DBAASPN_9454,
DBAASPS_9455,0.6228257417678833
DBAASPS_9456,0.4222319722175598
DBAASPS_9457,
DBAASPS_9458,
DBAASPS_9459,
DBAASPS_9462,
DBAASPN_9463,
DBAASPN_9464,
DBAASPN_9465,
DBAASPS_9470,
DBAASPS_9477,0.8744970560073853
DBAASPS_9478,0.9660087823867798
DBAASPS_9479,0.7973503470420837
DBAASPS_9480,0.9586817622184753
DBAASPS_9481,0.8330571055412292
DBAASPS_9484,0.8637218475341797
DBAASPS_9496,
DBAASPS_9498,
DBAASPS_9499,
DBAASPS_9502,
DBAASPS_9503,
DBAASPS_9505,
DBAASPS_9511,
DBAASPS_9512,
DBAASPS_9514,
DBAASPS_9515,
DBAASPS_9531,0.9441555738449097
DBAASPS_9532,0.9930188059806824
DBAASPS_9533,0.9888460040092468
DBAASPS_9538,0.9999548196792603
DBAASPS_9542,0.9999769330024719
DBAASPS_9543,0.999992847442627
DBAASPS_9550,0.9999400973320007
DBAASPS_9551,0.9999841451644897
DBAASPS_9552,0.9999758005142212
DBAASPS_9553,0.9999958276748657
DBAASPS_9554,0.9999407529830933
DBAASPS_9555,0.9999931454658508
DBAASPS_9556,0.9082056879997253
DBAASPS_9557,0.9707585573196411
DBAASPS_9566,0.951402485370636
DBAASPS_9567,0.9998811483383179
DBAASPS_9568,0.9997142553329468
DBAASPS_9569,0.9989592432975769
DBAASPS_9582,0.7945414781570435
DBAASPS_9583,0.9999869465827942
DBAASPS_9584,0.9779346585273743
DBAASPS_9585,0.9195340871810913
DBAASPS_9586,0.9184978604316711
DBAASPS_9587,0.8178791999816895
DBAASPR_9591,0.9888738393783569
DBAASPS_9594,0.9982897043228149
DBAASPR_9599,
DBAASPS_9604,0.9641870260238647
DBAASPS_9605,0.059916071593761444
DBAASPS_9608,
DBAASPS_9609,
DBAASPS_9610,
DBAASPS_9611,
DBAASPS_9612,
DBAASPS_9613,
DBAASPS_9614,
DBAASPS_9615,
DBAASPS_9616,
DBAASPS_9617,0.8428915739059448
DBAASPS_9618,0.9932077527046204
DBAASPS_9623,0.7604745030403137
DBAASPS_9624,0.9332063794136047
DBAASPS_9625,0.9878515005111694
DBAASPS_9626,0.9999039769172668
DBAASPS_9627,0.9037029147148132
DBAASPS_9629,
DBAASPS_9630,0.8693181276321411
DBAASPS_9631,
DBAASPS_9632,
DBAASPS_9633,
DBAASPS_9634,0.9974363446235657
DBAASPS_9635,0.7339769601821899
DBAASPS_9636,
DBAASPS_9637,
DBAASPS_9641,
DBAASPS_9644,
DBAASPS_9645,
DBAASPS_9646,
DBAASPS_9647,
DBAASPS_9649,
DBAASPS_9650,
DBAASPS_9651,
DBAASPS_9652,
DBAASPS_9653,
DBAASPS_9654,
DBAASPS_9658,
DBAASPS_9659,
DBAASPS_9662,0.999563992023468
DBAASPS_9663,0.9995129704475403
DBAASPS_9664,0.9999774694442749
DBAASPS_9665,0.9999936819076538
DBAASPS_9666,0.9999881982803345
DBAASPS_9667,0.9999579191207886
DBAASPS_9668,0.9999953508377075
DBAASPS_9669,0.9999994039535522
DBAASPS_9670,0.9999969601631165
DBAASPS_9671,0.9999996423721313
DBAASPS_9672,0.9999995231628418
DBAASPS_9681,0.670866847038269
DBAASPS_9682,0.8051410913467407
DBAASPS_9683,0.8621283769607544
DBAASPS_9684,0.35471999645233154
DBAASPS_9685,
DBAASPS_9686,
DBAASPS_9687,
DBAASPS_9688,
DBAASPS_9689,
DBAASPS_9690,
DBAASPS_9691,
DBAASPS_9692,
DBAASPS_9693,
DBAASPS_9694,
DBAASPS_9695,
DBAASPS_9707,0.9994980096817017
DBAASPR_9708,0.9897769093513489
DBAASPS_9709,0.9997004270553589
DBAASPS_9735,
DBAASPS_9738,0.9948518872261047
DBAASPS_9739,
DBAASPS_9740,0.9988710284233093
DBAASPS_9741,0.9994305372238159
DBAASPS_9742,
DBAASPR_9743,0.7887859344482422
DBAASPS_9753,0.9989835619926453
DBAASPS_9754,0.9987740516662598
DBAASPS_9756,0.19406695663928986
DBAASPS_9757,0.9759519696235657
DBAASPR_9759,0.9850636720657349
DBAASPS_9765,
DBAASPS_9766,
DBAASPS_9767,
DBAASPS_9784,0.9999102354049683
DBAASPS_9786,0.9993057250976562
DBAASPS_9787,0.9998022317886353
DBAASPS_9790,0.998873233795166
DBAASPS_9793,0.9965763092041016
DBAASPS_9795,0.9997904896736145
DBAASPS_9817,0.9993820190429688
DBAASPS_9818,0.9999252557754517
DBAASPS_9819,0.9999109506607056
DBAASPS_9820,0.9999282956123352
DBAASPS_9821,0.999833881855011
DBAASPS_9842,
DBAASPN_9849,
DBAASPN_9851,
DBAASPN_9852,
DBAASPN_9853,
DBAASPN_9854,
DBAASPN_9855,
DBAASPN_9856,
DBAASPN_9862,
DBAASPN_9863,
DBAASPS_9879,0.7853925824165344
DBAASPS_9880,0.8447955250740051
DBAASPS_9881,0.9632709622383118
DBAASPS_9882,0.8092842102050781
DBAASPS_9883,0.8060036897659302
DBAASPS_9884,0.7496391534805298
DBAASPS_9885,0.7159255146980286
DBAASPS_9886,0.9881902933120728
DBAASPS_9887,0.9995392560958862
DBAASPS_9888,0.9999634623527527
DBAASPS_9889,0.9999738931655884
DBAASPS_9890,0.8168195486068726
DBAASPS_9891,0.9554308652877808
DBAASPS_9892,0.8563865423202515
DBAASPS_9893,0.8096445202827454
DBAASPS_9894,0.9987901449203491
DBAASPS_9895,0.9992694854736328
DBAASPS_9902,0.3262934684753418
DBAASPS_9903,0.7904796600341797
DBAASPS_9904,0.8942448496818542
DBAASPS_9905,0.9785165786743164
DBAASPS_9906,0.9831401705741882
DBAASPS_9907,0.983159065246582
DBAASPS_9908,0.7376056909561157
DBAASPS_9909,0.7944459319114685
DBAASPS_9910,0.48847705125808716
DBAASPS_9911,0.7869778871536255
DBAASPR_9920,0.9623551368713379
DBAASPS_9922,0.6866990923881531
DBAASPS_9924,0.7083834409713745
DBAASPS_9958,0.9995840787887573
DBAASPS_9967,0.0004992236499674618
DBAASPS_9968,0.740581214427948
DBAASPS_9969,0.8056437373161316
DBAASPS_9989,0.9987426996231079
DBAASPS_9990,0.9995948672294617
DBAASPR_9991,0.9396476745605469
DBAASPS_9993,0.1824646294116974
DBAASPS_9994,0.9928927421569824
DBAASPS_9995,0.34749075770378113
DBAASPS_9996,0.3931608200073242
DBAASPS_9997,0.8365586996078491
DBAASPS_9998,0.8869408369064331
DBAASPS_9999,0.9685045480728149
DBAASPS_10000,0.8206073641777039
DBAASPR_10011,0.9999953508377075
DBAASPS_10018,0.8676046133041382
DBAASPS_10021,0.733555018901825
DBAASPS_10022,0.8986476063728333
DBAASPS_10023,0.8918606638908386
DBAASPS_10024,
DBAASPS_10027,
DBAASPS_10041,0.999987781047821
DBAASPS_10042,0.9999967813491821
DBAASPS_10043,0.6939904093742371
DBAASPS_10044,0.8839784860610962
DBAASPS_10045,0.8557368516921997
DBAASPS_10046,0.9495332837104797
DBAASPS_10047,0.9998247027397156
DBAASPS_10048,0.6794552206993103
DBAASPN_10057,
DBAASPN_10059,
DBAASPS_10063,0.23350627720355988
DBAASPR_10066,0.9953932762145996
DBAASPS_10074,0.9573546648025513
DBAASPS_10076,0.9992792010307312
DBAASPS_10077,0.9992087483406067
DBAASPS_10079,0.9999161958694458
DBAASPS_10080,0.9995774030685425
DBAASPS_10081,0.24218764901161194
DBAASPS_10082,0.9999662637710571
DBAASPS_10083,0.9999911189079285
DBAASPS_10089,
DBAASPS_10091,
DBAASPS_10100,
DBAASPS_10104,0.9642050862312317
DBAASPS_10106,
DBAASPS_10113,0.7855061292648315
DBAASPS_10115,0.9915140867233276
DBAASPS_10116,0.9997473955154419
DBAASPS_10117,0.9999176263809204
DBAASPS_10118,0.9997904896736145
DBAASPS_10119,0.9998872876167297
DBAASPS_10120,0.999772846698761
DBAASPS_10121,0.9995332956314087
DBAASPS_10122,0.9996892809867859
DBAASPS_10123,0.999665379524231
DBAASPS_10124,0.9998531341552734
DBAASPS_10125,0.9999452829360962
DBAASPS_10126,0.999974250793457
DBAASPS_10127,0.999942421913147
DBAASPS_10128,0.9998930096626282
DBAASPS_10129,0.9945796132087708
DBAASPS_10130,0.998296856880188
DBAASPS_10131,0.9997718930244446
DBAASPS_10132,0.9998571276664734
DBAASPS_10133,0.9999340176582336
DBAASPS_10134,0.9999691843986511
DBAASPS_10135,0.9999626278877258
DBAASPS_10136,0.9999563097953796
DBAASPS_10144,
DBAASPS_10154,0.9890134930610657
DBAASPS_10155,0.5753716230392456
DBAASPS_10157,0.6973176598548889
DBAASPS_10184,
DBAASPR_10201,0.9174544215202332
DBAASPR_10202,0.11300408840179443
DBAASPR_10204,0.9832764863967896
DBAASPR_10207,0.026483308523893356
DBAASPR_10208,0.999859631061554
DBAASPR_10209,0.9986642003059387
DBAASPR_10210,0.9984989166259766
DBAASPR_10211,0.9967811703681946
DBAASPR_10216,0.9996339678764343
DBAASPR_10218,0.00916604045778513
DBAASPR_10220,0.4027981162071228
DBAASPR_10221,0.022349592298269272
DBAASPR_10225,0.9880502820014954
DBAASPR_10226,0.9999915361404419
DBAASPR_10227,0.9997576475143433
DBAASPR_10228,0.9998286366462708
DBAASPS_10230,0.7587443590164185
DBAASPS_10231,0.8649362325668335
DBAASPR_10232,0.9866985082626343
DBAASPS_10233,0.9986937642097473
DBAASPR_10236,0.9907625913619995
DBAASPS_10237,0.999719500541687
DBAASPS_10239,0.7966736555099487
DBAASPS_10240,0.8051609992980957
DBAASPS_10241,0.8349614143371582
DBAASPS_10242,0.9703584909439087
DBAASPS_10243,0.9973726272583008
DBAASPR_10244,0.9984292984008789
DBAASPR_10245,0.9972944259643555
DBAASPR_10246,0.9975560307502747
DBAASPR_10247,0.9983359575271606
DBAASPS_10254,0.0006811857456341386
DBAASPS_10260,0.8922858238220215
DBAASPS_10264,0.0539582297205925
DBAASPS_10265,0.1358763724565506
DBAASPS_10266,0.20233674347400665
DBAASPS_10267,0.3257204592227936
DBAASPS_10268,0.4883940815925598
DBAASPS_10269,0.11922825872898102
DBAASPS_10270,0.013737177476286888
DBAASPS_10271,0.005550816655158997
DBAASPS_10272,0.003847311018034816
DBAASPS_10273,0.003349056001752615
DBAASPS_10274,0.004308989271521568
DBAASPS_10275,0.010844508185982704
DBAASPS_10276,0.7298966646194458
DBAASPS_10277,0.8795909881591797
DBAASPS_10278,0.913470447063446
DBAASPS_10279,0.9911758303642273
DBAASPS_10280,0.9213035702705383
DBAASPS_10281,0.8675824999809265
DBAASPS_10282,0.985092282295227
DBAASPS_10283,0.9409176111221313
DBAASPR_10290,0.9996086955070496
DBAASPS_10294,0.8988879919052124
DBAASPS_10295,0.9996935129165649
DBAASPS_10296,0.9998571276664734
DBAASPS_10297,0.9834238290786743
DBAASPS_10298,0.9993060827255249
DBAASPS_10299,0.9997125864028931
DBAASPS_10300,0.9822823405265808
DBAASPS_10302,0.9978364706039429
DBAASPS_10316,0.9995630979537964
DBAASPS_10317,0.9997967481613159
DBAASPS_10325,0.9995564222335815
DBAASPS_10328,0.9994293451309204
DBAASPS_10331,0.5233044028282166
DBAASPS_10337,0.9996053576469421
DBAASPS_10340,0.9999582171440125
DBAASPS_10342,0.9999000430107117
DBAASPS_10343,0.9344106912612915
DBAASPS_10347,0.037263091653585434
DBAASPS_10348,0.8830147981643677
DBAASPS_10352,0.9947546720504761
DBAASPS_10353,0.9999677538871765
DBAASPS_10355,0.9185940623283386
DBAASPR_10357,0.999744713306427
DBAASPS_10359,0.970650315284729
DBAASPS_10385,0.9978255033493042
DBAASPS_10387,0.9980130195617676
DBAASPS_10388,0.9993821978569031
DBAASPS_10389,0.9993785619735718
DBAASPS_10390,0.9986268281936646
DBAASPS_10391,0.9992620348930359
DBAASPS_10392,0.3907790780067444
DBAASPS_10393,0.5991637110710144
DBAASPS_10394,0.9928909540176392
DBAASPS_10395,0.8252233266830444
DBAASPS_10397,0.7183594703674316
DBAASPN_10400,0.5406516194343567
DBAASPN_10401,0.00011816913320217282
DBAASPS_10402,0.9974430203437805
DBAASPS_10406,
DBAASPS_10407,
DBAASPS_10408,
DBAASPS_10409,
DBAASPS_10410,
DBAASPS_10411,
DBAASPS_10412,
DBAASPS_10413,
DBAASPS_10414,
DBAASPS_10415,
DBAASPS_10416,
DBAASPS_10417,0.9595475196838379
DBAASPS_10418,
DBAASPS_10420,
DBAASPS_10421,
DBAASPS_10422,
DBAASPS_10423,
DBAASPS_10424,
DBAASPS_10425,0.9997391700744629
DBAASPS_10426,0.999626636505127
DBAASPS_10427,0.9989730715751648
DBAASPS_10428,0.9493678212165833
DBAASPS_10429,0.9997944831848145
DBAASPS_10430,0.9998546838760376
DBAASPS_10431,
DBAASPS_10433,
DBAASPS_10434,
DBAASPS_10435,
DBAASPS_10438,0.9886393547058105
DBAASPS_10451,
DBAASPS_10452,
DBAASPS_10453,
DBAASPS_10454,
DBAASPS_10456,0.40730124711990356
DBAASPS_10457,0.8718217015266418
DBAASPS_10458,0.9896926879882812
DBAASPS_10459,0.8830428123474121
DBAASPS_10460,0.9431111216545105
DBAASPS_10461,0.9957804679870605
DBAASPS_10462,0.9509142637252808
DBAASPS_10466,0.9747779965400696
DBAASPS_10468,0.8773493766784668
DBAASPS_10469,0.9708530306816101
DBAASPS_10470,0.9385102987289429
DBAASPS_10471,0.9195995330810547
DBAASPS_10472,0.9831833839416504
DBAASPS_10473,0.9941814541816711
DBAASPS_10474,0.9393035173416138
DBAASPS_10475,0.9849648475646973
DBAASPS_10476,0.9965400695800781
DBAASPS_10477,0.9857165217399597
DBAASPS_10478,0.986382007598877
DBAASPS_10479,0.9895642995834351
DBAASPS_10480,0.9919834136962891
DBAASPS_10481,0.9995635747909546
DBAASPS_10482,0.999824047088623
DBAASPS_10483,0.999320387840271
DBAASPS_10485,0.9999686479568481
DBAASPS_10486,0.9999696612358093
DBAASPS_10487,0.9999735951423645
DBAASPS_10488,0.9999629855155945
DBAASPS_10490,0.9993039965629578
DBAASPS_10491,0.9996002912521362
DBAASPS_10493,
DBAASPS_10494,
DBAASPS_10495,
DBAASPS_10498,
DBAASPS_10499,
DBAASPS_10500,
DBAASPS_10501,
DBAASPS_10502,
DBAASPS_10503,
DBAASPS_10504,
DBAASPS_10505,
DBAASPS_10506,
DBAASPS_10507,
DBAASPS_10508,
DBAASPS_10511,0.9999263882637024
DBAASPS_10512,0.999965488910675
DBAASPS_10513,0.9999327659606934
DBAASPS_10514,0.999971866607666
DBAASPS_10515,0.999788761138916
DBAASPS_10516,0.9999392628669739
DBAASPS_10517,0.9999305009841919
DBAASPS_10518,0.9999758005142212
DBAASPR_10520,0.9999874830245972
DBAASPS_10524,0.9050089120864868
DBAASPR_10525,0.9307867288589478
DBAASPS_10526,0.9969934225082397
DBAASPS_10527,0.9999719858169556
DBAASPS_10546,
DBAASPS_10547,
DBAASPS_10548,
DBAASPS_10550,0.6721948981285095
DBAASPS_10551,
DBAASPS_10552,0.7851763367652893
DBAASPS_10553,0.7431880831718445
DBAASPS_10554,
DBAASPS_10555,
DBAASPS_10556,
DBAASPS_10557,
DBAASPS_10570,0.9919404983520508
DBAASPS_10571,0.818426251411438
DBAASPS_10572,0.5485849380493164
DBAASPS_10573,0.5191614627838135
DBAASPS_10574,0.8068860769271851
DBAASPS_10575,0.9974356889724731
DBAASPS_10576,0.9803044199943542
DBAASPS_10577,0.812746524810791
DBAASPS_10578,0.6747717261314392
DBAASPS_10579,0.9957631826400757
DBAASPS_10580,0.854479968547821
DBAASPS_10581,0.9895026087760925
DBAASPS_10582,0.9981333613395691
DBAASPS_10583,0.8844749331474304
DBAASPS_10584,0.9943930506706238
DBAASPR_10586,0.9997852444648743
DBAASPR_10587,0.535295844078064
DBAASPR_10588,0.794593095779419
DBAASPS_10589,0.9993370771408081
DBAASPR_10591,0.9758234024047852
DBAASPR_10592,0.9952384233474731
DBAASPS_10594,
DBAASPS_10597,0.816675066947937
DBAASPS_10598,0.7703771591186523
DBAASPR_10613,0.9785035252571106
DBAASPS_10625,0.9968894720077515
DBAASPS_10626,0.9998378753662109
DBAASPS_10627,0.9998143911361694
DBAASPS_10630,0.9994055032730103
DBAASPS_10631,0.9994157552719116
DBAASPS_10632,0.9960966110229492
DBAASPS_10633,0.9984439611434937
DBAASPS_10634,0.9986014366149902
DBAASPS_10635,0.9986535906791687
DBAASPS_10642,0.9973397254943848
DBAASPS_10643,0.5085345506668091
DBAASPS_10645,0.9999963045120239
DBAASPS_10649,0.8908390998840332
DBAASPS_10650,0.9984749555587769
DBAASPS_10651,0.8368552923202515
DBAASPS_10653,0.916839599609375
DBAASPS_10654,0.41041964292526245
DBAASPS_10655,0.4588209092617035
DBAASPS_10656,0.9190079569816589
DBAASPS_10657,0.2045671045780182
DBAASPS_10658,0.6030325889587402
DBAASPS_10659,0.9063054323196411
DBAASPS_10660,0.19126740097999573
DBAASPS_10661,0.3070839047431946
DBAASPS_10662,0.5057290196418762
DBAASPS_10663,0.44278383255004883
DBAASPS_10664,0.30652713775634766
DBAASPS_10665,0.7977568507194519
DBAASPS_10666,0.24081797897815704
DBAASPS_10667,0.1438731998205185
DBAASPS_10668,0.683129072189331
DBAASPS_10669,0.6734035015106201
DBAASPS_10670,0.3491775095462799
DBAASPS_10683,0.9492323994636536
DBAASPS_10697,0.9998432397842407
DBAASPS_10698,0.9999942779541016
DBAASPS_10702,0.9999881982803345
DBAASPN_10703,
DBAASPS_10704,0.9999932050704956
DBAASPS_10705,0.9999887347221375
DBAASPS_10712,0.9901387095451355
DBAASPS_10713,0.9864513278007507
DBAASPS_10714,0.9822772145271301
DBAASPS_10715,0.9675345420837402
DBAASPS_10716,0.968459963798523
DBAASPS_10717,0.9989947080612183
DBAASPS_10718,0.9890356063842773
DBAASPS_10725,0.9634836316108704
DBAASPS_10726,0.8635467290878296
DBAASPS_10727,0.9995606541633606
DBAASPS_10731,0.9974434971809387
DBAASPS_10732,0.8309410810470581
DBAASPS_10733,0.023669153451919556
DBAASPS_10735,0.9985215067863464
DBAASPS_10736,0.5401557087898254
DBAASPS_10741,0.9998811483383179
DBAASPS_10745,0.999531090259552
DBAASPS_10747,0.9940789341926575
DBAASPS_10756,0.3237711191177368
DBAASPR_10757,0.7686647176742554
DBAASPS_10763,
DBAASPS_10764,
DBAASPS_10765,
DBAASPS_10766,
DBAASPS_10767,
DBAASPS_10768,
DBAASPS_10769,
DBAASPS_10770,
DBAASPS_10771,
DBAASPS_10772,
DBAASPS_10773,
DBAASPS_10775,
DBAASPS_10776,
DBAASPS_10777,
DBAASPS_10778,
DBAASPS_10779,
DBAASPS_10780,
DBAASPS_10781,
DBAASPS_10782,
DBAASPS_10783,
DBAASPS_10784,
DBAASPS_10788,0.2197522222995758
DBAASPR_10791,0.9787806272506714
DBAASPR_10792,0.9928949475288391
DBAASPS_10805,
DBAASPS_10807,
DBAASPS_10808,
DBAASPS_10809,
DBAASPS_10813,0.09425840526819229
DBAASPS_10814,0.1467772275209427
DBAASPS_10815,0.015750661492347717
DBAASPS_10816,0.36656370759010315
DBAASPS_10817,0.0370774008333683
DBAASPS_10818,0.20448975265026093
DBAASPS_10820,
DBAASPS_10821,
DBAASPS_10822,
DBAASPS_10823,
DBAASPS_10824,
DBAASPR_10827,0.9887181520462036
DBAASPS_10828,0.9573655128479004
DBAASPR_10829,0.9999876022338867
DBAASPS_10830,0.43843674659729004
DBAASPS_10832,0.8839011192321777
DBAASPS_10840,0.8617545366287231
DBAASPS_10841,0.9996410608291626
DBAASPS_10843,0.9863850474357605
DBAASPS_10844,0.9970030784606934
DBAASPS_10845,0.9991593360900879
DBAASPS_10846,0.9997787475585938
DBAASPS_10847,0.9998840093612671
DBAASPS_10848,0.999987006187439
DBAASPS_10858,
DBAASPS_10859,
DBAASPS_10860,0.810309886932373
DBAASPS_10861,
DBAASPS_10862,0.8098421096801758
DBAASPS_10863,0.5914116501808167
DBAASPS_10865,0.768424928188324
DBAASPS_10866,0.7883543968200684
DBAASPS_10869,0.9983552694320679
DBAASPS_10870,0.990516185760498
DBAASPS_10871,0.9971723556518555
DBAASPS_10872,0.9942770004272461
DBAASPS_10873,0.9906949996948242
DBAASPS_10874,0.9822956323623657
DBAASPS_10876,0.9961147308349609
DBAASPS_10877,0.869576632976532
DBAASPS_10881,0.9960611462593079
DBAASPS_10882,0.8994859457015991
DBAASPS_10883,0.9968450665473938
DBAASPS_10884,0.967121958732605
DBAASPS_10885,0.9838617444038391
DBAASPS_10886,0.999970555305481
DBAASPS_10887,0.9603725671768188
DBAASPS_10888,0.9891536831855774
DBAASPS_10892,0.9991756677627563
DBAASPN_10893,
DBAASPR_10894,0.2655567526817322
DBAASPR_10895,0.2431223839521408
DBAASPS_10896,0.8127792477607727
DBAASPS_10897,0.999994158744812
DBAASPS_10900,0.9995688199996948
DBAASPS_10901,0.9788074493408203
DBAASPS_10904,0.9826318621635437
DBAASPR_10911,0.5995497703552246
DBAASPS_10912,0.9995485544204712
DBAASPS_10913,0.0013275869423523545
DBAASPS_10914,0.3772786557674408
DBAASPS_10915,0.2535337507724762
DBAASPS_10916,0.5257773399353027
DBAASPS_10917,0.011209022253751755
DBAASPS_10920,0.9741926193237305
DBAASPS_10921,0.9929736256599426
DBAASPS_10932,0.405606210231781
DBAASPS_10933,0.5498910546302795
DBAASPS_10965,0.9999887347221375
DBAASPS_10966,
DBAASPS_10978,
DBAASPS_10979,
DBAASPS_10980,
DBAASPS_10981,
DBAASPS_10982,
DBAASPS_10983,
DBAASPS_10984,
DBAASPS_10985,
DBAASPS_10990,
DBAASPS_10994,
DBAASPS_10995,
DBAASPS_10996,
DBAASPS_10997,
DBAASPS_10998,
DBAASPS_10999,
DBAASPS_11000,
DBAASPS_11001,
DBAASPS_11002,
DBAASPS_11003,
DBAASPS_11005,
DBAASPS_11006,
DBAASPS_11008,
DBAASPS_11009,
DBAASPS_11012,
DBAASPS_11013,
DBAASPS_11014,
DBAASPR_11022,0.9713262319564819
DBAASPR_11023,0.9971495866775513
DBAASPR_11024,0.9845646619796753
DBAASPS_11025,0.5988888740539551
DBAASPS_11026,0.9690070152282715
DBAASPS_11028,
DBAASPS_11031,
DBAASPS_11037,0.9993627667427063
DBAASPS_11038,0.9999998211860657
DBAASPS_11039,0.9995393753051758
DBAASPS_11040,0.9999977350234985
DBAASPS_11041,
DBAASPS_11048,0.7848132848739624
DBAASPS_11049,0.7151291966438293
DBAASPS_11050,0.4192008376121521
DBAASPS_11051,0.6452438831329346
DBAASPS_11052,0.9969429969787598
DBAASPS_11053,0.9225013852119446
DBAASPS_11054,0.7738811373710632
DBAASPS_11055,0.884960949420929
DBAASPS_11056,0.724385678768158
DBAASPS_11057,0.9946762323379517
DBAASPS_11058,0.9944918751716614
DBAASPS_11059,0.9756439924240112
DBAASPS_11060,0.9940276145935059
DBAASPS_11061,0.994015097618103
DBAASPS_11062,0.9991005659103394
DBAASPS_11063,0.9995720982551575
DBAASPS_11064,0.9994354248046875
DBAASPS_11065,0.9995895624160767
DBAASPS_11066,0.9986472129821777
DBAASPS_11067,0.9998982548713684
DBAASPS_11068,0.6228508949279785
DBAASPS_11071,0.7528318166732788
DBAASPS_11072,0.3489387035369873
DBAASPS_11073,0.5369237661361694
DBAASPS_11100,0.026018556207418442
DBAASPS_11104,0.3465973734855652
DBAASPS_11108,0.2583968937397003
DBAASPS_11112,0.7390503287315369
DBAASPS_11117,0.9995371699333191
DBAASPS_11118,0.9952298998832703
DBAASPS_11119,0.9855585098266602
DBAASPS_11120,0.9979513883590698
DBAASPS_11121,0.999782383441925
DBAASPS_11122,0.9997755289077759
DBAASPS_11123,0.996846079826355
DBAASPS_11124,0.9992365837097168
DBAASPS_11125,0.9988151788711548
DBAASPS_11126,0.7813574075698853
DBAASPS_11128,
DBAASPS_11129,
DBAASPS_11130,
DBAASPS_11131,
DBAASPS_11132,
DBAASPS_11133,
DBAASPS_11134,0.6516058444976807
DBAASPS_11139,
DBAASPN_11148,
DBAASPR_11167,0.886677622795105
DBAASPR_11168,0.982354462146759
DBAASPR_11169,0.030679360032081604
DBAASPR_11170,0.3692452311515808
DBAASPS_11176,
DBAASPS_11177,
DBAASPS_11185,0.9897962808609009
DBAASPS_11186,0.725960373878479
DBAASPS_11187,0.9720247983932495
DBAASPN_11189,
DBAASPN_11190,
DBAASPS_11191,
DBAASPS_11192,
DBAASPS_11193,
DBAASPS_11196,
DBAASPS_11197,0.8905429840087891
DBAASPS_11202,
DBAASPS_11203,
DBAASPS_11204,
DBAASPS_11205,
DBAASPN_11206,0.0037001066375523806
DBAASPN_11207,0.00625760480761528
DBAASPS_11213,0.9579092264175415
DBAASPS_11214,0.604494035243988
DBAASPS_11215,0.8484710454940796
DBAASPR_11221,0.9998250007629395
DBAASPS_11222,0.9994120597839355
DBAASPS_11224,0.9998224377632141
DBAASPS_11228,0.9997192621231079
DBAASPS_11229,0.9992349743843079
DBAASPS_11230,0.9991839528083801
DBAASPS_11231,0.9994434118270874
DBAASPS_11232,0.9996878504753113
DBAASPS_11233,1.0
DBAASPS_11234,0.9999998211860657
DBAASPS_11235,0.9999996423721313
DBAASPS_11236,0.9999998807907104
DBAASPS_11237,0.9819002151489258
DBAASPS_11238,0.994044303894043
DBAASPS_11239,0.8014718294143677
DBAASPS_11245,0.4626944661140442
DBAASPS_11249,0.994609534740448
DBAASPS_11250,0.9009952545166016
DBAASPS_11251,0.7091322541236877
DBAASPS_11252,0.9579847455024719
DBAASPS_11253,0.6845693588256836
DBAASPS_11254,0.9026685953140259
DBAASPS_11255,0.944973349571228
DBAASPS_11256,0.9996731877326965
DBAASPS_11257,0.9677478671073914
DBAASPS_11258,0.9948158264160156
DBAASPS_11259,0.8054221868515015
DBAASPS_11260,0.9903773069381714
DBAASPS_11261,0.9957499504089355
DBAASPS_11262,0.8313258290290833
DBAASPS_11263,0.9995636940002441
DBAASPS_11264,0.1346960961818695
DBAASPS_11265,0.1788247525691986
DBAASPS_11266,0.3271792531013489
DBAASPS_11267,0.1558326929807663
DBAASPS_11268,0.952889084815979
DBAASPS_11269,0.7926950454711914
DBAASPS_11272,0.13147416710853577
DBAASPS_11273,0.5009222626686096
DBAASPS_11274,0.9661210775375366
DBAASPS_11275,0.9928887486457825
DBAASPS_11276,0.9783509969711304
DBAASPS_11277,0.9933279156684875
DBAASPS_11278,0.9972614049911499
DBAASPS_11279,0.9977630376815796
DBAASPS_11280,0.9982322454452515
DBAASPS_11281,0.9932414293289185
DBAASPS_11282,0.9986810684204102
DBAASPS_11283,0.9974333643913269
DBAASPS_11284,0.9984071850776672
DBAASPS_11288,0.44542407989501953
DBAASPS_11289,0.7532835602760315
DBAASPS_11290,0.6177144646644592
DBAASPS_11291,0.0034590004943311214
DBAASPS_11295,0.3194977343082428
DBAASPS_11296,
DBAASPS_11297,
DBAASPS_11308,0.9951071739196777
DBAASPS_11309,0.3191007971763611
DBAASPS_11310,0.13595594465732574
DBAASPS_11311,0.2571847438812256
DBAASPS_11312,0.19101020693778992
DBAASPS_11313,0.7923336029052734
DBAASPS_11314,0.6902055740356445
DBAASPS_11315,0.5108500123023987
DBAASPS_11316,0.6610289812088013
DBAASPS_11317,0.2839849591255188
DBAASPR_11318,0.11504404246807098
DBAASPS_11328,0.6677554845809937
DBAASPS_11329,0.9975107312202454
DBAASPS_11330,0.12934677302837372
DBAASPS_11331,0.5593286752700806
DBAASPS_11335,0.7841333746910095
DBAASPS_11336,0.8512940406799316
DBAASPS_11338,0.7179463505744934
DBAASPS_11339,0.11217175424098969
DBAASPS_11340,0.7269085645675659
DBAASPS_11341,0.18459811806678772
DBAASPS_11342,0.14226862788200378
DBAASPN_11344,
DBAASPS_11345,0.9999380111694336
DBAASPS_11346,0.9995244741439819
DBAASPS_11347,0.992733359336853
DBAASPS_11349,0.948603630065918
DBAASPS_11351,0.47251811623573303
DBAASPS_11352,0.5211641788482666
DBAASPS_11361,0.028523370623588562
DBAASPS_11364,0.00030862505082041025
DBAASPS_11375,0.9931347966194153
DBAASPS_11376,0.9262288808822632
DBAASPS_11377,0.9966402053833008
DBAASPS_11378,0.9973298907279968
DBAASPR_11384,0.9937276840209961
DBAASPS_11386,0.9957442283630371
DBAASPS_11387,
DBAASPS_11389,
DBAASPS_11390,
DBAASPS_11391,
DBAASPS_11393,0.7106170058250427
DBAASPS_11394,0.30212724208831787
DBAASPS_11395,0.755272388458252
DBAASPS_11396,0.9423076510429382
DBAASPS_11398,0.968411922454834
DBAASPS_11399,0.9807618260383606
DBAASPS_11400,0.9701743125915527
DBAASPR_11401,0.9969093203544617
DBAASPR_11403,0.9899328351020813
DBAASPS_11407,0.9999381899833679
DBAASPS_11408,0.9951314926147461
DBAASPS_11409,0.8484408259391785
DBAASPS_11410,0.9881537556648254
DBAASPS_11411,0.9867881536483765
DBAASPS_11412,0.9971011281013489
DBAASPS_11413,0.9860447645187378
DBAASPS_11414,0.9965888857841492
DBAASPS_11415,0.9971993565559387
DBAASPS_11416,0.9310251474380493
DBAASPS_11417,0.9707866907119751
DBAASPS_11418,0.9976570010185242
DBAASPS_11419,0.9973114728927612
DBAASPS_11420,0.9660924077033997
DBAASPS_11421,0.9971517324447632
DBAASPS_11422,0.9821826815605164
DBAASPS_11423,0.9889578819274902
DBAASPS_11424,0.9572758674621582
DBAASPS_11425,0.9829532504081726
DBAASPS_11426,0.6550397872924805
DBAASPS_11427,0.9492256045341492
DBAASPS_11428,0.9792519807815552
DBAASPS_11429,0.9582918882369995
DBAASPS_11430,0.9981106519699097
DBAASPS_11431,0.9969881772994995
DBAASPS_11432,0.8201470375061035
DBAASPS_11433,0.9993671178817749
DBAASPS_11434,0.9860023260116577
DBAASPS_11435,0.9063504338264465
DBAASPS_11436,0.9869184494018555
DBAASPS_11437,0.9877894520759583
DBAASPS_11438,0.9941198229789734
DBAASPS_11439,0.9994945526123047
DBAASPS_11440,
DBAASPS_11441,
DBAASPS_11443,0.9987185597419739
DBAASPS_11444,0.9992376565933228
DBAASPS_11445,0.999889075756073
DBAASPS_11446,0.999882698059082
DBAASPS_11447,0.9990089535713196
DBAASPS_11448,0.9998588562011719
DBAASPS_11449,0.9993768930435181
DBAASPS_11450,0.9996505975723267
DBAASPS_11451,0.9997931718826294
DBAASPS_11452,0.9996264576911926
DBAASPS_11453,0.998448371887207
DBAASPS_11454,0.9987651705741882
DBAASPS_11455,0.9981314539909363
DBAASPS_11456,0.9994133114814758
DBAASPS_11457,0.9995859265327454
DBAASPS_11458,0.9997608065605164
DBAASPS_11459,0.9959144592285156
DBAASPS_11460,0.9998510479927063
DBAASPS_11461,0.9980832934379578
DBAASPS_11462,0.9973376989364624
DBAASPS_11463,0.9995845556259155
DBAASPS_11464,0.9994608163833618
DBAASPS_11465,0.9967015981674194
DBAASPS_11466,0.9987374544143677
DBAASPS_11472,
DBAASPS_11473,0.9972963333129883
DBAASPS_11474,0.9625444412231445
DBAASPS_11475,0.9988357424736023
DBAASPS_11476,0.9965777397155762
DBAASPS_11477,0.9993775486946106
DBAASPS_11478,0.9990032315254211
DBAASPS_11479,0.9987820386886597
DBAASPS_11480,0.998942494392395
DBAASPS_11481,0.9984915852546692
DBAASPS_11482,0.9992575645446777
DBAASPS_11483,0.9985498189926147
DBAASPS_11484,0.893500030040741
DBAASPS_11485,0.9968985319137573
DBAASPS_11486,0.9984895586967468
DBAASPS_11487,0.9993112683296204
DBAASPS_11488,0.9995282888412476
DBAASPS_11489,0.9966117739677429
DBAASPS_11490,0.9663947820663452
DBAASPS_11491,0.999050498008728
DBAASPS_11492,0.9998465776443481
DBAASPR_11493,0.9763820767402649
DBAASPR_11494,0.9937411546707153
DBAASPS_11497,0.007155705243349075
DBAASPS_11498,0.06521625816822052
DBAASPS_11499,0.5091166496276855
DBAASPS_11500,0.2882918417453766
DBAASPS_11509,
DBAASPS_11513,
DBAASPS_11517,
DBAASPS_11519,0.9989930987358093
DBAASPS_11526,0.9999130964279175
DBAASPS_11528,0.643981397151947
DBAASPS_11529,0.9251952171325684
DBAASPS_11534,0.9557461738586426
DBAASPS_11536,0.9691675901412964
DBAASPS_11537,0.9694496393203735
DBAASPS_11542,0.773457407951355
DBAASPR_11543,0.797367513179779
DBAASPS_11545,0.5532962083816528
DBAASPS_11546,0.806857705116272
DBAASPS_11547,0.8554867506027222
DBAASPS_11548,0.8419270515441895
DBAASPS_11549,0.9295343160629272
DBAASPR_11558,0.9565901756286621
DBAASPS_11559,0.2904735505580902
DBAASPS_11560,0.07111479341983795
DBAASPS_11561,0.4150920510292053
DBAASPS_11562,0.4830213487148285
DBAASPS_11563,0.03788815438747406
DBAASPS_11564,0.0051969075575470924
DBAASPS_11565,0.09745637327432632
DBAASPS_11566,0.0031207476276904345
DBAASPR_11571,0.7515735626220703
DBAASPS_11574,
DBAASPS_11575,
DBAASPS_11576,
DBAASPS_11577,0.4804137349128723
DBAASPS_11578,0.9673625826835632
DBAASPS_11579,0.9441276788711548
DBAASPS_11580,
DBAASPS_11581,
DBAASPS_11582,
DBAASPS_11583,
DBAASPS_11584,
DBAASPS_11585,
DBAASPS_11586,
DBAASPS_11587,
DBAASPS_11612,0.998752772808075
DBAASPS_11613,0.9962703585624695
DBAASPS_11614,0.9972435832023621
DBAASPS_11615,0.8527620434761047
DBAASPS_11616,0.9983243942260742
DBAASPS_11617,0.9980447888374329
DBAASPS_11618,0.9952839612960815
DBAASPS_11619,0.9147723913192749
DBAASPS_11620,0.9999879002571106
DBAASPS_11621,0.9999797940254211
DBAASPS_11626,
DBAASPS_11632,
DBAASPS_11634,0.9966815710067749
DBAASPS_11635,0.9867333173751831
DBAASPS_11636,0.9986931085586548
DBAASPS_11637,0.9984985589981079
DBAASPS_11638,0.9657267332077026
DBAASPS_11639,0.9967939257621765
DBAASPS_11640,0.9974831342697144
DBAASPS_11641,0.9946982264518738
DBAASPS_11642,0.9987167119979858
DBAASPS_11643,0.9996693730354309
DBAASPS_11644,0.9994263648986816
DBAASPS_11645,0.9998016357421875
DBAASPS_11646,0.9996965527534485
DBAASPS_11647,0.9937906265258789
DBAASPS_11648,0.9994304776191711
DBAASPS_11649,0.9994057416915894
DBAASPS_11650,0.9976143836975098
DBAASPS_11651,0.9999313354492188
DBAASPS_11652,0.9999575614929199
DBAASPS_11653,0.9999885559082031
DBAASPS_11654,0.9999893307685852
DBAASPS_11655,0.9999944567680359
DBAASPS_11656,0.999987781047821
DBAASPS_11657,0.9999940991401672
DBAASPS_11658,0.9999721646308899
DBAASPS_11659,0.9999481439590454
DBAASPS_11660,0.9999700784683228
DBAASPS_11661,0.9999867677688599
DBAASPS_11662,0.9999935030937195
DBAASPS_11663,0.9999973177909851
DBAASPS_11664,0.9999790191650391
DBAASPS_11665,0.99895840883255
DBAASPS_11666,0.9999874234199524
DBAASPS_11667,0.999980092048645
DBAASPS_11672,0.2140151560306549
DBAASPS_11674,0.9225233197212219
DBAASPS_11675,0.06336371600627899
DBAASPS_11676,0.43453702330589294
DBAASPS_11677,0.9391614198684692
DBAASPS_11678,
DBAASPS_11679,
DBAASPS_11721,0.7514281272888184
DBAASPS_11725,
DBAASPS_11726,
DBAASPS_11731,0.4360460638999939
DBAASPS_11764,
DBAASPS_11769,
DBAASPS_11770,0.01691797934472561
DBAASPS_11771,0.14135602116584778
DBAASPS_11772,0.099563367664814
DBAASPS_11773,0.26713821291923523
DBAASPS_11774,0.18197286128997803
DBAASPS_11775,0.002542307134717703
DBAASPS_11777,0.7779636383056641
DBAASPS_11778,0.998116672039032
DBAASPS_11779,0.9998073577880859
DBAASPS_11780,0.9998353719711304
DBAASPS_11782,0.9998310208320618
DBAASPS_11787,0.9998430013656616
DBAASPS_11790,0.999334454536438
DBAASPS_11791,0.9997588396072388
DBAASPS_11793,0.992950439453125
DBAASPS_11794,0.8540767431259155
DBAASPS_11797,
DBAASPS_11798,0.999299168586731
DBAASPS_11799,0.9998777508735657
DBAASPS_11800,0.9997714757919312
DBAASPS_11802,0.9998937845230103
DBAASPS_11806,0.9999102354049683
DBAASPS_11809,0.6330735087394714
DBAASPR_11812,0.9998897314071655
DBAASPS_11814,0.7094391584396362
DBAASPS_11816,0.9718419909477234
DBAASPS_11819,0.8164659738540649
DBAASPS_11820,0.9957664608955383
DBAASPS_11822,0.9995208978652954
DBAASPS_11823,0.9995381236076355
DBAASPS_11824,0.999825656414032
DBAASPS_11825,0.9994357824325562
DBAASPS_11826,0.9981763958930969
DBAASPS_11827,0.9991673231124878
DBAASPS_11828,0.9984328150749207
DBAASPS_11829,0.9985067248344421
DBAASPS_11830,0.9985486268997192
DBAASPS_11838,0.9999679327011108
DBAASPS_11840,0.9452093839645386
DBAASPS_11841,0.0007313312380574644
DBAASPS_11842,0.9957493543624878
DBAASPS_11851,0.9957031011581421
DBAASPS_11855,
DBAASPS_11856,
DBAASPS_11859,0.9995616674423218
DBAASPS_11860,0.9986623525619507
DBAASPS_11861,0.9985540509223938
DBAASPS_11862,0.9989321827888489
DBAASPS_11863,0.9975565075874329
DBAASPS_11864,0.9986720085144043
DBAASPS_11865,0.9990485310554504
DBAASPS_11866,0.9999974966049194
DBAASPS_11876,
DBAASPS_11877,
DBAASPS_11878,
DBAASPS_11879,
DBAASPS_11880,0.9996124505996704
DBAASPS_11881,0.9996544122695923
DBAASPS_11882,0.999329686164856
DBAASPS_11883,0.999934196472168
DBAASPS_11884,0.9919801950454712
DBAASPS_11885,0.9964962005615234
DBAASPS_11886,0.9951353073120117
DBAASPS_11887,0.9977428317070007
DBAASPS_11888,0.9721965789794922
DBAASPS_11889,0.8670147061347961
DBAASPS_11890,0.9471441507339478
DBAASPS_11891,0.9865008592605591
DBAASPS_11892,0.9662359952926636
DBAASPS_11893,0.9991222620010376
DBAASPS_11894,0.9974157214164734
DBAASPS_11895,
DBAASPS_11902,
DBAASPS_11905,
DBAASPS_11907,
DBAASPS_11908,
DBAASPS_11909,
DBAASPS_11910,
DBAASPS_11911,0.9994905591011047
DBAASPS_11912,0.47063207626342773
DBAASPS_11913,0.43968018889427185
DBAASPS_11914,0.8272773623466492
DBAASPS_11915,0.8041476011276245
DBAASPS_11916,0.9873612523078918
DBAASPS_11917,0.9220291972160339
DBAASPS_11918,0.9998475909233093
DBAASPS_11919,0.9999696612358093
DBAASPS_11921,0.9881573915481567
DBAASPS_11922,0.9960436820983887
DBAASPS_11923,0.9037396311759949
DBAASPS_11924,0.8002303838729858
DBAASPS_11926,0.987363338470459
DBAASPS_11927,0.8023549914360046
DBAASPS_11929,0.8192224502563477
DBAASPS_11930,0.7842530608177185
DBAASPS_11931,0.9974662065505981
DBAASPS_11934,0.00681298365816474
DBAASPR_11935,0.9994227290153503
DBAASPS_11939,0.9895426034927368
DBAASPS_11940,0.9848316311836243
DBAASPS_11941,9.61003388511017e-06
DBAASPS_11944,
DBAASPS_11946,0.9990213513374329
DBAASPS_11947,0.9996042251586914
DBAASPS_11948,
DBAASPS_11949,
DBAASPS_11950,
DBAASPS_11951,0.7227960228919983
DBAASPS_11952,0.8170312643051147
DBAASPS_11953,0.5158764123916626
DBAASPS_11954,0.9964744448661804
DBAASPS_11955,0.0029388372786343098
DBAASPS_11956,0.9965440034866333
DBAASPS_11957,0.9995827674865723
DBAASPS_11975,0.9999589920043945
DBAASPS_11977,0.9826017618179321
DBAASPS_11978,0.9962412118911743
DBAASPS_11985,0.8296095728874207
DBAASPS_11986,0.9981542825698853
DBAASPS_11987,0.8709622621536255
DBAASPS_11988,0.9979329109191895
DBAASPS_11990,0.8488133549690247
DBAASPS_11991,0.999991238117218
DBAASPS_11992,0.9925371408462524
DBAASPS_11993,0.9256146550178528
DBAASPS_11994,0.926590621471405
DBAASPS_11995,0.9995517730712891
DBAASPS_11996,0.9528647661209106
DBAASPS_11997,0.993415355682373
DBAASPS_11998,0.9999955892562866
DBAASPS_11999,0.9672877192497253
DBAASPS_12000,0.9959923028945923
DBAASPS_12001,0.9990202188491821
DBAASPS_12007,0.9985801577568054
DBAASPS_12008,0.9995357394218445
DBAASPS_12009,0.9609799385070801
DBAASPS_12010,0.800733745098114
DBAASPS_12011,0.6918916702270508
DBAASPS_12012,0.8171432614326477
DBAASPS_12013,0.9998941421508789
DBAASPS_12014,0.9999980926513672
DBAASPS_12015,0.9996383786201477
DBAASPS_12020,0.9998372793197632
DBAASPS_12022,0.9994266629219055
DBAASPS_12023,0.995941162109375
DBAASPS_12025,0.9999024271965027
DBAASPS_12026,0.9985858798027039
DBAASPS_12027,0.9999574422836304
DBAASPS_12028,0.9696828126907349
DBAASPS_12029,0.9999136924743652
DBAASPS_12030,0.9999796748161316
DBAASPS_12033,0.9759069681167603
DBAASPS_12034,0.9801425933837891
DBAASPS_12036,0.9061185717582703
DBAASPS_12037,0.8228313326835632
DBAASPS_12038,0.822435736656189
DBAASPS_12039,0.9991661310195923
DBAASPS_12040,0.6163161993026733
DBAASPS_12041,0.9955160021781921
DBAASPS_12044,0.9998906850814819
DBAASPS_12045,0.9574832916259766
DBAASPS_12046,0.9990463256835938
DBAASPS_12047,0.9596397280693054
DBAASPS_12048,0.9996010065078735
DBAASPS_12049,0.9984232187271118
DBAASPS_12050,0.9511882066726685
DBAASPS_12051,0.9988785982131958
DBAASPS_12052,0.9962472915649414
DBAASPS_12053,0.9994429349899292
DBAASPS_12054,0.9948821067810059
DBAASPS_12055,0.9987316131591797
DBAASPS_12056,0.9994977712631226
DBAASPS_12057,
DBAASPS_12058,
DBAASPS_12059,
DBAASPS_12060,
DBAASPS_12061,
DBAASPS_12062,
DBAASPS_12063,
DBAASPS_12064,
DBAASPS_12067,
DBAASPS_12068,
DBAASPS_12069,
DBAASPS_12070,
DBAASPS_12071,
DBAASPS_12072,
DBAASPS_12083,0.9939550161361694
DBAASPS_12085,
DBAASPS_12087,0.9991674423217773
DBAASPS_12088,0.9979903101921082
DBAASPS_12089,0.9995023608207703
DBAASPS_12090,0.9991310834884644
DBAASPS_12091,
DBAASPS_12099,
DBAASPS_12101,0.4630052149295807
DBAASPS_12102,0.20086653530597687
DBAASPS_12107,0.9210124015808105
DBAASPS_12127,0.986545741558075
DBAASPR_12131,0.999991238117218
DBAASPS_12135,0.7243828177452087
DBAASPS_12145,0.3154508173465729
DBAASPS_12147,
DBAASPS_12148,
DBAASPS_12149,0.5380783081054688
DBAASPS_12150,
DBAASPN_12151,
DBAASPN_12152,
DBAASPN_12153,
DBAASPS_12154,
DBAASPS_12155,
DBAASPS_12156,0.9398202896118164
DBAASPS_12157,0.9701570272445679
DBAASPS_12158,0.9983933568000793
DBAASPS_12159,0.9996832609176636
DBAASPS_12160,0.9998480081558228
DBAASPS_12175,0.5083727240562439
DBAASPS_12176,0.746731698513031
DBAASPS_12177,0.9790236353874207
DBAASPS_12178,0.9922115206718445
DBAASPS_12179,0.9899382591247559
DBAASPS_12180,0.9871638417243958
DBAASPS_12181,
DBAASPS_12183,0.9974762201309204
DBAASPS_12188,0.4888838231563568
DBAASPS_12189,0.1560865193605423
DBAASPS_12190,0.8063448071479797
DBAASPS_12191,0.7491471171379089
DBAASPS_12192,0.5812548398971558
DBAASPS_12193,0.2590135335922241
DBAASPS_12194,0.4893104135990143
DBAASPS_12195,0.8524033427238464
DBAASPS_12202,0.9595681428909302
DBAASPS_12203,0.8882445096969604
DBAASPS_12204,0.9598690867424011
DBAASPS_12206,0.8966125249862671
DBAASPS_12207,0.6924554705619812
DBAASPS_12209,0.20364363491535187
DBAASPS_12212,0.10310924053192139
DBAASPS_12213,0.017753640189766884
DBAASPS_12214,0.17881329357624054
DBAASPR_12216,4.934033495374024e-05
DBAASPS_12217,0.9712575674057007
DBAASPS_12218,0.9900181889533997
DBAASPS_12220,0.4620859622955322
DBAASPS_12221,0.9999843835830688
DBAASPS_12222,0.9999755024909973
DBAASPS_12223,0.9681142568588257
DBAASPS_12225,0.5748191475868225
DBAASPS_12226,0.778850257396698
DBAASPS_12227,0.9953204989433289
DBAASPR_12229,0.9996272921562195
DBAASPS_12239,0.0004983959952369332
DBAASPS_12240,0.8804623484611511
DBAASPS_12241,0.992782473564148
DBAASPS_12242,0.1531659960746765
DBAASPR_12243,0.6570723652839661
DBAASPR_12244,0.9500719904899597
DBAASPS_12249,0.5609513521194458
DBAASPS_12251,0.4429723620414734
DBAASPS_12257,0.7183722257614136
DBAASPS_12258,0.8981103897094727
DBAASPS_12303,
DBAASPS_12305,
DBAASPS_12308,0.9976714849472046
DBAASPS_12311,0.008366896770894527
DBAASPS_12312,0.1806343048810959
DBAASPS_12313,0.22668728232383728
DBAASPS_12314,0.9721728563308716
DBAASPS_12316,
DBAASPS_12317,
DBAASPS_12318,
DBAASPS_12319,
DBAASPS_12320,
DBAASPS_12321,
DBAASPS_12322,
DBAASPS_12323,
DBAASPS_12326,
DBAASPS_12327,
DBAASPS_12328,
DBAASPS_12329,0.960086464881897
DBAASPS_12330,0.6436115503311157
DBAASPS_12331,0.25382667779922485
DBAASPR_12332,0.9984027147293091
DBAASPS_12333,0.9992996454238892
DBAASPS_12334,0.9994850158691406
DBAASPS_12335,0.9976100921630859
DBAASPS_12336,0.9993407130241394
DBAASPS_12337,0.7187525033950806
DBAASPS_12338,
DBAASPS_12356,0.11364823579788208
DBAASPS_12357,0.2536923587322235
DBAASPS_12358,0.4287657141685486
DBAASPS_12359,0.5187132954597473
DBAASPS_12360,0.9309394955635071
DBAASPS_12366,
DBAASPS_12368,0.017943093553185463
DBAASPS_12369,0.9041226506233215
DBAASPS_12370,0.9117040634155273
DBAASPS_12371,0.9968412518501282
DBAASPS_12372,0.9891034960746765
DBAASPS_12373,0.9132286310195923
DBAASPS_12377,0.9986457824707031
DBAASPS_12378,0.9992378950119019
DBAASPS_12379,0.3899570405483246
DBAASPS_12380,0.501530110836029
DBAASPS_12383,0.988618016242981
DBAASPS_12384,0.935594379901886
DBAASPS_12386,0.24293509125709534
DBAASPS_12387,0.9322290420532227
DBAASPS_12388,0.003561588702723384
DBAASPS_12389,0.41148632764816284
DBAASPR_12393,0.9982384443283081
DBAASPR_12394,0.9974150657653809
DBAASPR_12395,0.9972869753837585
DBAASPS_12397,0.9946272969245911
DBAASPS_12403,
DBAASPS_12406,0.999993622303009
DBAASPN_12410,
DBAASPN_12411,
DBAASPS_12419,
DBAASPS_12439,0.3563637435436249
DBAASPS_12440,0.7144901156425476
DBAASPS_12441,0.9799742698669434
DBAASPS_12442,0.9731324911117554
DBAASPS_12444,0.8577812910079956
DBAASPS_12446,0.6997694373130798
DBAASPR_12448,0.9820327758789062
DBAASPR_12449,0.99781733751297
DBAASPR_12450,0.06101221963763237
DBAASPS_12451,0.8872107267379761
DBAASPS_12452,0.37526658177375793
DBAASPS_12454,0.9999533891677856
DBAASPS_12455,0.822370171546936
DBAASPS_12456,0.21643216907978058
DBAASPS_12457,0.8351258039474487
DBAASPR_12486,0.9967221021652222
DBAASPS_12488,0.2125321328639984
DBAASPS_12489,0.09371671825647354
DBAASPS_12490,0.6068174242973328
DBAASPR_12494,0.9997018575668335
DBAASPS_12505,0.9999157190322876
DBAASPS_12506,0.9981683492660522
DBAASPS_12507,0.6689677238464355
DBAASPS_12508,0.9877920150756836
DBAASPS_12509,0.1278332620859146
DBAASPS_12510,0.43446072936058044
DBAASPS_12511,0.9028044939041138
DBAASPS_12512,0.9999343752861023
DBAASPS_12513,0.38974013924598694
DBAASPS_12514,0.5966233015060425
DBAASPS_12515,0.5215898156166077
DBAASPS_12517,0.9999606013298035
DBAASPS_12518,0.576966404914856
DBAASPS_12521,0.12907597422599792
DBAASPS_12523,0.969792366027832
DBAASPS_12524,0.5067541003227234
DBAASPR_12525,0.9986966252326965
DBAASPR_12532,0.9998229146003723
DBAASPS_12533,0.9995843172073364
DBAASPS_12534,0.7598990201950073
DBAASPS_12535,0.9981745481491089
DBAASPS_12536,0.9857686758041382
DBAASPS_12539,0.5873332023620605
DBAASPS_12540,0.9362309575080872
DBAASPS_12541,0.9803045988082886
DBAASPS_12542,0.9117817878723145
DBAASPS_12543,0.9975415468215942
DBAASPS_12544,0.9965444803237915
DBAASPS_12545,0.909066379070282
DBAASPS_12547,
DBAASPS_12548,
DBAASPS_12549,
DBAASPS_12550,
DBAASPS_12551,
DBAASPS_12552,
DBAASPS_12553,0.9999920129776001
DBAASPR_12555,0.1992160528898239
DBAASPS_12556,0.29497337341308594
DBAASPS_12557,0.4944079518318176
DBAASPS_12558,0.5102270841598511
DBAASPS_12559,0.0035176891833543777
DBAASPS_12560,0.044276513159275055
DBAASPS_12561,0.003929522819817066
DBAASPS_12562,0.027562756091356277
DBAASPS_12563,0.0036793374456465244
DBAASPS_12564,0.011388030834496021
DBAASPS_12565,0.016420096158981323
DBAASPS_12566,0.6236256957054138
DBAASPS_12567,0.6475169658660889
DBAASPS_12568,0.5434478521347046
DBAASPS_12569,0.8426483869552612
DBAASPS_12570,0.05589224770665169
DBAASPS_12571,0.9557962417602539
DBAASPS_12572,0.8411422967910767
DBAASPS_12579,0.9985702633857727
DBAASPS_12580,0.878362774848938
DBAASPS_12587,0.9992507696151733
DBAASPS_12589,
DBAASPS_12590,
DBAASPS_12593,0.9907131195068359
DBAASPS_12594,0.9630305171012878
DBAASPS_12595,0.9822079539299011
DBAASPS_12596,0.8109415769577026
DBAASPS_12597,0.9957304000854492
DBAASPS_12598,0.9803358912467957
DBAASPS_12599,0.9999595880508423
DBAASPS_12600,0.9935407638549805
DBAASPS_12601,0.9953269958496094
DBAASPS_12602,0.9923509359359741
DBAASPS_12603,0.9819549322128296
DBAASPS_12604,0.9520146250724792
DBAASPS_12605,0.9973786473274231
DBAASPS_12606,0.993999183177948
DBAASPS_12607,0.9999428987503052
DBAASPS_12608,0.9997183084487915
DBAASPS_12610,0.999825119972229
DBAASPS_12611,0.9997979402542114
DBAASPS_12613,0.28912079334259033
DBAASPR_12615,0.7284334897994995
DBAASPS_12625,0.9999998211860657
DBAASPS_12633,0.9988588094711304
DBAASPS_12634,0.7052446603775024
DBAASPS_12635,0.9999120831489563
DBAASPS_12636,0.964785099029541
DBAASPS_12637,0.8592831492424011
DBAASPS_12638,0.815576434135437
DBAASPS_12639,0.9964466094970703
DBAASPS_12640,0.9973721504211426
DBAASPS_12641,0.30672675371170044
DBAASPS_12643,0.001101735862903297
DBAASPS_12645,
DBAASPS_12646,
DBAASPS_12662,0.9986289739608765
DBAASPS_12663,0.9990876317024231
DBAASPS_12666,0.007092545740306377
DBAASPR_12667,0.8125839233398438
DBAASPS_12668,0.7347975969314575
DBAASPS_12672,0.6463637351989746
DBAASPS_12677,0.9945858716964722
DBAASPR_12688,0.9992252588272095
DBAASPS_12689,0.9996927380561829
DBAASPR_12692,0.9141982197761536
DBAASPR_12693,0.8995265960693359
DBAASPR_12694,0.9395760297775269
DBAASPR_12695,0.8074880838394165
DBAASPS_12697,0.9994977116584778
DBAASPS_12700,0.9971638917922974
DBAASPS_12701,0.9994444847106934
DBAASPS_12702,0.9996670484542847
DBAASPS_12703,0.9994027018547058
DBAASPS_12704,0.9988905191421509
DBAASPS_12705,0.9981151819229126
DBAASPS_12706,0.9995735287666321
DBAASPS_12707,0.9998477697372437
DBAASPS_12708,0.9997581243515015
DBAASPS_12709,0.9994688034057617
DBAASPS_12710,0.9951257705688477
DBAASPS_12711,0.9946728944778442
DBAASPS_12712,0.9981316328048706
DBAASPS_12713,0.9987748861312866
DBAASPS_12714,0.9980341792106628
DBAASPS_12715,0.9961920976638794
DBAASPS_12716,0.9944791793823242
DBAASPS_12717,0.9843508005142212
DBAASPS_12718,0.9954530596733093
DBAASPS_12719,0.9959679841995239
DBAASPS_12720,0.9894933700561523
DBAASPS_12721,0.9744104146957397
DBAASPS_12722,0.9883013963699341
DBAASPS_12723,0.9855731129646301
DBAASPS_12724,
DBAASPS_12726,
DBAASPS_12728,
DBAASPS_12730,
DBAASPS_12733,
DBAASPS_12745,
DBAASPS_12746,
DBAASPS_12750,
DBAASPS_12752,
DBAASPS_12756,0.9999673962593079
DBAASPS_12757,0.9633119702339172
DBAASPS_12758,0.9980118870735168
DBAASPS_12759,0.9970430135726929
DBAASPS_12760,0.9986006021499634
DBAASPS_12763,0.9877176284790039
DBAASPS_12764,0.9954774975776672
DBAASPS_12765,0.9990869760513306
DBAASPS_12766,0.9916952252388
DBAASPS_12767,0.9953340291976929
DBAASPS_12769,0.9903687238693237
DBAASPS_12770,0.9867265820503235
DBAASPS_12771,0.9618256688117981
DBAASPS_12772,0.9933683276176453
DBAASPS_12773,0.9913470149040222
DBAASPS_12774,0.9950152635574341
DBAASPS_12775,0.9899857640266418
DBAASPS_12776,0.9960200190544128
DBAASPS_12777,0.47892752289772034
DBAASPS_12778,0.49095726013183594
DBAASPS_12781,0.9993728399276733
DBAASPS_12782,0.9992334246635437
DBAASPS_12783,0.9999101758003235
DBAASPS_12784,
DBAASPS_12787,0.9998865127563477
DBAASPS_12788,
DBAASPS_12789,
DBAASPS_12792,0.9967373013496399
DBAASPS_12793,0.9906800985336304
DBAASPS_12794,0.9958205223083496
DBAASPS_12795,
DBAASPS_12799,
DBAASPS_12800,
DBAASPS_12801,
DBAASPS_12802,0.001966766081750393
DBAASPS_12803,0.002119048498570919
DBAASPS_12805,0.6042543649673462
DBAASPS_12806,0.563653290271759
DBAASPS_12811,0.9028770327568054
DBAASPS_12812,0.9807025194168091
DBAASPS_12813,0.9916289448738098
DBAASPS_12814,0.9663610458374023
DBAASPS_12815,0.9669032096862793
DBAASPS_12816,0.9278779029846191
DBAASPS_12817,0.9985427856445312
DBAASPS_12818,0.9595087170600891
DBAASPS_12822,0.969648540019989
DBAASPS_12823,0.9990038871765137
DBAASPS_12826,0.9849212765693665
DBAASPS_12827,0.9014275670051575
DBAASPS_12828,0.9996806383132935
DBAASPS_12829,0.9945932626724243
DBAASPS_12830,0.9998455047607422
DBAASPS_12831,0.9867393374443054
DBAASPS_12832,0.7148252725601196
DBAASPS_12833,0.5415546894073486
DBAASPS_12834,0.593181312084198
DBAASPS_12835,0.4815337061882019
DBAASPS_12836,0.6212183237075806
DBAASPS_12837,0.7073681950569153
DBAASPS_12839,0.7667914032936096
DBAASPS_12840,0.832359790802002
DBAASPS_12842,0.991592526435852
DBAASPS_12843,0.9402942657470703
DBAASPS_12845,0.9470027685165405
DBAASPS_12846,0.9991375207901001
DBAASPS_12847,0.9440478086471558
DBAASPS_12848,
DBAASPS_12853,0.004349123686552048
DBAASPS_12854,0.9017769694328308
DBAASPS_12855,0.979362964630127
DBAASPS_12856,0.7140716910362244
DBAASPS_12857,0.613357663154602
DBAASPS_12858,0.4201282858848572
DBAASPS_12859,0.00506645767018199
DBAASPS_12860,0.9998832941055298
DBAASPS_12861,0.9974362254142761
DBAASPS_12862,
DBAASPS_12863,0.009148157201707363
DBAASPS_12864,0.907302737236023
DBAASPS_12865,0.9912567138671875
DBAASPS_12866,0.3676711916923523
DBAASPS_12867,0.4879158139228821
DBAASPS_12868,0.7350805997848511
DBAASPS_12869,4.380192876851652e-06
DBAASPS_12870,0.7472786903381348
DBAASPS_12873,
DBAASPS_12875,
DBAASPS_12876,
DBAASPS_12877,
DBAASPS_12883,
DBAASPS_12892,
DBAASPS_12894,0.9999996423721313
DBAASPS_12895,0.9999992251396179
DBAASPS_12896,0.9999701380729675
DBAASPS_12897,0.8183664083480835
DBAASPS_12900,0.8765436410903931
DBAASPS_12901,0.9928686022758484
DBAASPS_12903,0.7520567774772644
DBAASPS_12905,0.9262283444404602
DBAASPS_12906,0.6721445322036743
DBAASPS_12907,0.9842931628227234
DBAASPS_12908,0.998327374458313
DBAASPS_12909,0.9738472700119019
DBAASPS_12910,0.9928925633430481
DBAASPS_12911,0.9939424395561218
DBAASPS_12912,0.7582193613052368
DBAASPS_12913,0.706281840801239
DBAASPS_12914,0.42091673612594604
DBAASPS_12915,0.403900146484375
DBAASPS_12916,0.07362815737724304
DBAASPS_12917,0.9910203814506531
DBAASPS_12918,0.7070721983909607
DBAASPS_12919,0.9401155710220337
DBAASPS_12920,0.6595128774642944
DBAASPS_12921,0.3728965222835541
DBAASPS_12922,0.9915523529052734
DBAASPS_12923,0.9999988675117493
DBAASPS_12924,0.9999988675117493
DBAASPS_12929,0.08926638215780258
DBAASPS_12930,0.39534956216812134
DBAASPS_12931,0.10720168054103851
DBAASPS_12932,0.1068224161863327
DBAASPS_12933,0.13242700695991516
DBAASPS_12934,0.8384262323379517
DBAASPS_12935,0.7502914667129517
DBAASPS_12936,0.877853512763977
DBAASPS_12937,0.42416563630104065
DBAASPS_12938,0.6762296557426453
DBAASPS_12939,0.8717746734619141
DBAASPS_12940,0.8700897097587585
DBAASPS_12941,0.0167812742292881
DBAASPS_12942,0.17523981630802155
DBAASPS_12948,0.004490600433200598
DBAASPS_12949,0.00070663180667907
DBAASPS_12950,0.0032280832529067993
DBAASPR_12951,1.2312382750678807e-05
DBAASPS_12952,0.0026661446318030357
DBAASPS_12953,0.00010890932753682137
DBAASPS_12955,
DBAASPS_12956,
DBAASPS_12957,
DBAASPS_12958,0.9999996423721313
DBAASPS_12959,0.9998911023139954
DBAASPS_12960,0.9998794794082642
DBAASPS_12961,
DBAASPS_12962,
DBAASPS_12963,
DBAASPS_12964,
DBAASPS_12965,
DBAASPS_12976,
DBAASPS_12977,
DBAASPS_12978,
DBAASPS_12979,
DBAASPS_12980,
DBAASPS_12981,
DBAASPS_12982,
DBAASPS_12983,
DBAASPS_12984,
DBAASPS_12987,
DBAASPS_12989,
DBAASPS_12990,
DBAASPS_12991,
DBAASPS_12992,
DBAASPS_12993,
DBAASPS_12997,0.00010676712554413825
DBAASPS_12998,
DBAASPS_12999,0.9205572009086609
DBAASPS_13004,
DBAASPS_13005,
DBAASPS_13006,0.9027234315872192
DBAASPS_13007,0.9958874583244324
DBAASPS_13008,0.9921638369560242
DBAASPS_13009,0.9888960123062134
DBAASPS_13010,0.9831160306930542
DBAASPS_13011,0.9907262921333313
DBAASPS_13012,0.9977110624313354
DBAASPS_13013,0.9996172189712524
DBAASPS_13014,0.973028302192688
DBAASPS_13015,0.9974489212036133
DBAASPS_13016,0.965099036693573
DBAASPS_13017,0.9845434427261353
DBAASPS_13018,1.0353466677770484e-05
DBAASPS_13019,6.508511432912201e-05
DBAASPS_13020,0.003040306270122528
DBAASPS_13021,1.6840243915794417e-05
DBAASPS_13022,5.476172191265505e-06
DBAASPS_13023,9.173873877443839e-06
DBAASPS_13024,0.005723434966057539
DBAASPS_13025,0.0292121060192585
DBAASPS_13026,0.03225592523813248
DBAASPS_13028,0.6522070169448853
DBAASPS_13029,0.6839073300361633
DBAASPS_13030,
DBAASPS_13031,
DBAASPS_13032,
DBAASPS_13033,
DBAASPS_13034,
DBAASPS_13035,
DBAASPS_13036,
DBAASPS_13037,
DBAASPS_13038,
DBAASPS_13039,0.7496172189712524
DBAASPS_13040,0.5615781545639038
DBAASPS_13041,0.052989862859249115
DBAASPS_13050,0.9914730191230774
DBAASPS_13051,0.9667275547981262
DBAASPS_13052,0.9523666501045227
DBAASPS_13053,0.9968279004096985
DBAASPS_13054,
DBAASPS_13055,
DBAASPS_13056,
DBAASPS_13057,
DBAASPS_13065,0.27288246154785156
DBAASPS_13066,0.4503110349178314
DBAASPS_13067,0.46184292435646057
DBAASPS_13068,0.16496038436889648
DBAASPS_13069,0.4254183769226074
DBAASPS_13070,0.3168197572231293
DBAASPS_13071,0.3528456687927246
DBAASPS_13072,0.40296250581741333
DBAASPS_13073,0.4035685956478119
DBAASPS_13078,0.9996749758720398
DBAASPS_13079,0.9994219541549683
DBAASPS_13088,0.9999039769172668
DBAASPS_13089,0.999731183052063
DBAASPS_13090,0.999917209148407
DBAASPS_13091,0.9999706149101257
DBAASPS_13092,0.9999421834945679
DBAASPS_13093,0.9999368786811829
DBAASPS_13094,0.9973098635673523
DBAASPS_13095,0.9994460344314575
DBAASPS_13096,0.9998424649238586
DBAASPS_13097,0.9998132586479187
DBAASPS_13102,
DBAASPS_13103,
DBAASPS_13104,
DBAASPS_13105,
DBAASPS_13106,
DBAASPS_13121,
DBAASPS_13124,0.9998604655265808
DBAASPS_13125,0.99998939037323
DBAASPS_13126,0.999828040599823
DBAASPS_13127,0.9999797940254211
DBAASPS_13153,0.2885015308856964
DBAASPS_13156,0.9991504549980164
DBAASPS_13169,
DBAASPS_13172,0.15668490529060364
DBAASPS_13173,0.353058397769928
DBAASPS_13174,0.31204769015312195
DBAASPS_13177,0.999004065990448
DBAASPS_13178,0.9435204267501831
DBAASPS_13179,0.7740639448165894
DBAASPS_13180,0.8534680604934692
DBAASPS_13193,0.72312992811203
DBAASPS_13194,0.822846531867981
DBAASPS_13195,0.9990260004997253
DBAASPS_13196,0.9980436563491821
DBAASPS_13205,0.9726797938346863
DBAASPS_13213,0.9955552816390991
DBAASPS_13245,0.9926454424858093
DBAASPS_13246,0.9993702173233032
DBAASPS_13247,0.9602848291397095
DBAASPS_13248,0.9992160797119141
DBAASPS_13249,0.012149897404015064
DBAASPS_13250,0.5114814043045044
DBAASPS_13251,0.38036078214645386
DBAASPS_13252,0.9946962594985962
DBAASPS_13253,0.9993225336074829
DBAASPR_13255,0.9994603991508484
DBAASPR_13256,0.9153362512588501
DBAASPR_13273,0.00886741653084755
DBAASPN_13304,0.9903926849365234
DBAASPS_13307,0.8438879251480103
DBAASPS_13308,0.9869596362113953
DBAASPS_13309,0.9379714131355286
DBAASPS_13310,0.9350484609603882
DBAASPS_13311,0.9940369725227356
DBAASPS_13312,0.9904474020004272
DBAASPS_13313,0.9882291555404663
DBAASPS_13316,
DBAASPS_13319,0.4842861294746399
DBAASPS_13328,0.9979133605957031
DBAASPS_13330,0.9999767541885376
DBAASPS_13331,0.9994992017745972
DBAASPS_13343,0.9999442100524902
DBAASPS_13346,
DBAASPS_13352,0.9845526814460754
DBAASPS_13353,0.9988244771957397
DBAASPS_13354,0.999957263469696
DBAASPS_13355,0.9999488592147827
DBAASPS_13356,0.9999582171440125
DBAASPS_13357,0.999986469745636
DBAASPS_13358,0.9999958276748657
DBAASPS_13359,0.9999987483024597
DBAASPS_13360,0.9999990463256836
DBAASPS_13361,0.9830506443977356
DBAASPS_13362,0.9728659391403198
DBAASPS_13363,0.9766154289245605
DBAASPS_13364,0.999958336353302
DBAASPS_13365,0.9998698234558105
DBAASPS_13366,0.9999725222587585
DBAASPS_13367,0.9999971389770508
DBAASPS_13368,0.9999973177909851
DBAASPS_13369,0.9999969601631165
DBAASPS_13370,0.9999971389770508
DBAASPS_13371,0.9997852444648743
DBAASPS_13372,0.9999990463256836
DBAASPS_13373,0.9999117851257324
DBAASPS_13374,0.9999113082885742
DBAASPS_13375,0.9998821020126343
DBAASPS_13376,0.9998230934143066
DBAASPS_13377,0.9997862577438354
DBAASPS_13378,0.9998624920845032
DBAASPS_13379,0.9998983144760132
DBAASPS_13380,0.9999238848686218
DBAASPS_13381,0.9999583959579468
DBAASPS_13382,0.9999662637710571
DBAASPS_13383,0.6384714841842651
DBAASPS_13384,0.8805601000785828
DBAASPS_13385,0.9830694198608398
DBAASPS_13386,0.996651291847229
DBAASPS_13387,0.9984655380249023
DBAASPS_13388,0.9990110397338867
DBAASPS_13389,0.9991434216499329
DBAASPS_13390,0.9995891451835632
DBAASPS_13391,0.9996932148933411
DBAASPS_13393,0.9944350123405457
DBAASPS_13394,0.998090922832489
DBAASPS_13395,0.9993026852607727
DBAASPS_13396,0.9996910095214844
DBAASPS_13397,0.9997934103012085
DBAASPS_13398,0.9998372793197632
DBAASPS_13399,0.9998003244400024
DBAASPS_13400,0.9992101788520813
DBAASPS_13401,0.999381422996521
DBAASPS_13402,0.9852926135063171
DBAASPS_13403,0.9972661733627319
DBAASPS_13404,0.6621133089065552
DBAASPS_13405,0.9999990463256836
DBAASPS_13406,0.9939216375350952
DBAASPS_13407,0.9932292103767395
DBAASPS_13408,0.9852337837219238
DBAASPS_13409,0.9933794140815735
DBAASPS_13410,0.9980694651603699
DBAASPS_13411,0.9973961710929871
DBAASPS_13412,0.999921441078186
DBAASPS_13413,0.9999204874038696
DBAASPS_13414,0.999764621257782
DBAASPS_13416,1.6560894664507941e-06
DBAASPS_13417,0.42051124572753906
DBAASPS_13421,
DBAASPS_13422,
DBAASPS_13423,0.24166031181812286
DBAASPS_13427,0.7114642262458801
DBAASPS_13428,0.9970890879631042
DBAASPR_13431,0.005711637903004885
DBAASPN_13432,0.23613722622394562
DBAASPN_13437,0.038368336856365204
DBAASPS_13442,0.999308705329895
DBAASPS_13464,0.8999931216239929
DBAASPS_13485,0.9860566854476929
DBAASPS_13486,0.9990317225456238
DBAASPS_13487,0.9821608662605286
DBAASPR_13490,0.22930140793323517
DBAASPS_13491,0.9327380061149597
DBAASPS_13492,0.007379134651273489
DBAASPS_13493,0.9733873605728149
DBAASPS_13494,0.9989131093025208
DBAASPS_13495,0.9997607469558716
DBAASPS_13496,0.9999545812606812
DBAASPS_13497,0.9834305047988892
DBAASPS_13498,0.47959834337234497
DBAASPS_13499,0.8779741525650024
DBAASPS_13500,0.8796774744987488
DBAASPS_13502,0.9987601041793823
DBAASPS_13508,
DBAASPS_13509,0.7655866742134094
DBAASPS_13511,
DBAASPS_13512,0.6567304730415344
DBAASPS_13530,0.9968183636665344
DBAASPS_13531,0.9997915029525757
DBAASPS_13532,0.9995975494384766
DBAASPS_13533,0.9972602725028992
DBAASPS_13534,0.9998236894607544
DBAASPS_13535,0.9945701360702515
DBAASPS_13536,0.9992469549179077
DBAASPS_13537,0.9990132451057434
DBAASPS_13538,0.9996040463447571
DBAASPS_13540,0.9987286329269409
DBAASPS_13544,0.9985993504524231
DBAASPS_13551,0.9975706338882446
DBAASPS_13552,0.9967304468154907
DBAASPS_13553,0.9969924092292786
DBAASPS_13554,0.9974334836006165
DBAASPS_13562,0.960608184337616
DBAASPS_13563,0.9944718480110168
DBAASPS_13564,0.9741989374160767
DBAASPS_13565,0.9263383746147156
DBAASPS_13566,0.9976289868354797
DBAASPS_13567,0.9973746538162231
DBAASPS_13568,0.9972915649414062
DBAASPS_13569,0.997057318687439
DBAASPS_13570,0.9931219220161438
DBAASPS_13588,0.31244510412216187
DBAASPS_13589,0.1258135288953781
DBAASPS_13590,0.0008513781940564513
DBAASPR_13628,0.958899199962616
DBAASPS_13629,0.9974956512451172
DBAASPS_13630,0.9455962181091309
DBAASPS_13631,0.9981802105903625
DBAASPS_13632,0.9999169111251831
DBAASPS_13633,0.9843939542770386
DBAASPS_13634,0.9943028688430786
DBAASPS_13635,0.9999980926513672
DBAASPS_13636,0.9992263913154602
DBAASPS_13637,0.44266438484191895
DBAASPS_13638,0.3028407692909241
DBAASPS_13639,0.9963234066963196
DBAASPS_13640,0.47360754013061523
DBAASPS_13641,0.1755189597606659
DBAASPS_13642,0.9736742973327637
DBAASPS_13643,0.5910499095916748
DBAASPS_13644,0.6134594678878784
DBAASPS_13645,0.9990462064743042
DBAASPS_13646,0.9998942613601685
DBAASPS_13653,0.9995133280754089
DBAASPS_13654,0.9999902844429016
DBAASPS_13661,0.9949673414230347
DBAASPS_13664,0.9830203056335449
DBAASPS_13665,0.9092721939086914
DBAASPS_13666,0.9403939247131348
DBAASPS_13668,0.9855638742446899
DBAASPS_13701,
DBAASPS_13707,0.9001854658126831
DBAASPS_13714,0.9057868123054504
DBAASPS_13715,0.7993055582046509
DBAASPS_13716,0.9983898997306824
DBAASPS_13717,0.9907031059265137
DBAASPS_13718,0.873066246509552
DBAASPS_13719,0.900100827217102
DBAASPS_13720,0.9975804090499878
DBAASPS_13721,0.9916907548904419
DBAASPS_13722,0.9999333620071411
DBAASPS_13723,0.9637399911880493
DBAASPS_13724,0.8878350257873535
DBAASPS_13725,0.8201597929000854
DBAASPS_13726,0.998156726360321
DBAASPS_13727,0.9983886480331421
DBAASPS_13729,0.9969873428344727
DBAASPS_13731,0.9754568338394165
DBAASPS_13735,0.978491485118866
DBAASPS_13736,0.9794741868972778
DBAASPS_13739,0.9999605417251587
DBAASPS_13740,0.999793529510498
DBAASPS_13741,0.9988858103752136
DBAASPS_13742,0.9988646507263184
DBAASPS_13743,0.9999018907546997
DBAASPS_13745,0.9952231645584106
DBAASPS_13758,
DBAASPS_13762,0.9999996423721313
DBAASPS_13765,0.9999785423278809
DBAASPS_13767,
DBAASPS_13769,
DBAASPS_13772,0.9757354855537415
DBAASPS_13776,0.9846965074539185
DBAASPS_13777,0.9840761423110962
DBAASPS_13778,0.9973629713058472
DBAASPS_13786,0.00906280241906643
DBAASPR_13804,0.7815040349960327
DBAASPR_13805,0.2665643095970154
DBAASPR_13806,0.9065119028091431
DBAASPR_13807,0.9993213415145874
DBAASPR_13810,0.9993265271186829
DBAASPS_13811,0.9997455477714539
DBAASPS_13812,0.999944806098938
DBAASPS_13813,0.9999352693557739
DBAASPS_13814,0.9998804926872253
DBAASPS_13815,0.9998559951782227
DBAASPS_13816,0.999726414680481
DBAASPS_13817,0.9999170303344727
DBAASPS_13818,0.9999626278877258
DBAASPS_13819,0.9997178912162781
DBAASPS_13820,
DBAASPS_13821,
DBAASPS_13822,0.9995778799057007
DBAASPS_13823,0.9981986880302429
DBAASPS_13824,0.9998317956924438
DBAASPS_13825,0.9984360933303833
DBAASPS_13826,0.9983156323432922
DBAASPS_13827,0.9990667104721069
DBAASPS_13828,0.9800242185592651
DBAASPS_13829,0.9973055720329285
DBAASPS_13830,0.9973827600479126
DBAASPS_13835,0.9998946189880371
DBAASPS_13837,0.9994248151779175
DBAASPS_13838,0.9988805055618286
DBAASPS_13840,0.999290943145752
DBAASPS_13841,0.9991978406906128
DBAASPS_13842,0.9456747174263
DBAASPS_13843,0.9998103976249695
DBAASPS_13844,0.9999062418937683
DBAASPS_13845,0.9941390752792358
DBAASPS_13846,0.9990518689155579
DBAASPS_13847,0.999722957611084
DBAASPS_13848,0.9988473057746887
DBAASPS_13850,0.9971456527709961
DBAASPS_13851,0.9559183120727539
DBAASPS_13867,
DBAASPR_13884,0.9992066621780396
DBAASPS_13896,0.9933128356933594
DBAASPS_13898,0.8181858062744141
DBAASPS_13899,0.6478061676025391
DBAASPS_13915,0.0033422342967242002
DBAASPS_13916,0.003499604295939207
DBAASPS_13917,0.18854162096977234
DBAASPS_13918,0.1844586282968521
DBAASPS_13919,0.008781498298048973
DBAASPS_13920,0.08401735126972198
DBAASPS_13921,0.25339287519454956
DBAASPS_13922,
DBAASPS_13923,0.07182775437831879
DBAASPS_13924,0.09702065587043762
DBAASPS_13925,0.14101634919643402
DBAASPS_13926,0.005999316927045584
DBAASPS_13927,0.0014123560395091772
DBAASPS_13928,0.003640253096818924
DBAASPS_13930,0.9998506307601929
DBAASPS_13931,0.8302133679389954
DBAASPS_13932,
DBAASPS_13936,0.9963299036026001
DBAASPS_13937,0.9996522665023804
DBAASPS_13938,0.9998540878295898
DBAASPS_13939,0.9999494552612305
DBAASPS_13940,0.999848484992981
DBAASPS_13941,0.9999907612800598
DBAASPS_13942,0.9997974634170532
DBAASPS_13943,0.998989462852478
DBAASPS_13944,0.9969362020492554
DBAASPS_13945,0.9987502098083496
DBAASPS_13946,0.9997280836105347
DBAASPS_13947,0.9995460510253906
DBAASPS_13948,0.9995980262756348
DBAASPS_13949,0.9997634887695312
DBAASPS_13950,0.9990295171737671
DBAASPS_13951,0.9909836649894714
DBAASPS_13952,0.9980945587158203
DBAASPS_13953,0.9999386072158813
DBAASPS_13954,0.9997458457946777
DBAASPS_13955,0.9999018907546997
DBAASPS_13956,0.9999464154243469
DBAASPS_13957,0.999433696269989
DBAASPS_13958,0.999860942363739
DBAASPS_13959,0.9994522929191589
DBAASPS_13960,0.9990760087966919
DBAASPS_13961,0.9998399019241333
DBAASPS_13962,0.9977418780326843
DBAASPS_13963,0.999930202960968
DBAASPS_13967,0.99952632188797
DBAASPR_13972,0.06957349181175232
DBAASPS_13975,
DBAASPS_13978,0.9998661875724792
DBAASPS_13979,0.9995409250259399
DBAASPS_13980,0.9994257092475891
DBAASPS_13981,0.9999374151229858
DBAASPS_13982,0.9999586343765259
DBAASPS_13983,0.9995999336242676
DBAASPS_13984,0.9724580645561218
DBAASPS_13985,0.9938573837280273
DBAASPS_13986,0.5344619750976562
DBAASPS_13987,0.999028205871582
DBAASPS_13988,0.9999581575393677
DBAASPS_13989,0.9692209959030151
DBAASPS_13990,0.9993458986282349
DBAASPR_13996,0.15278494358062744
DBAASPS_13998,0.9412705302238464
DBAASPS_13999,0.44229039549827576
DBAASPS_14000,0.9787235260009766
DBAASPS_14001,0.9992542266845703
DBAASPS_14002,0.9697470664978027
DBAASPS_14003,0.7735055685043335
DBAASPS_14004,0.8068550229072571
DBAASPS_14005,0.9941213726997375
DBAASPS_14006,0.998923122882843
DBAASPS_14010,0.9953604936599731
DBAASPS_14011,0.9941251873970032
DBAASPS_14012,0.9995079040527344
DBAASPS_14013,0.800723671913147
DBAASPS_14014,0.9631893038749695
DBAASPS_14015,0.9006152153015137
DBAASPS_14016,0.8553698658943176
DBAASPS_14017,0.7746828198432922
DBAASPS_14018,0.8912450075149536
DBAASPS_14020,0.9994021654129028
DBAASPS_14021,0.9983094334602356
DBAASPS_14031,0.8121557235717773
DBAASPS_14032,0.9896718859672546
DBAASPS_14033,0.9825102090835571
DBAASPS_14034,0.9783344268798828
DBAASPS_14035,0.9805423021316528
DBAASPS_14040,0.9993481636047363
DBAASPS_14041,0.9994244575500488
DBAASPS_14042,
DBAASPS_14043,0.9999936819076538
DBAASPS_14045,0.9999998211860657
DBAASPS_14046,0.7429844737052917
DBAASPS_14047,0.8932890892028809
DBAASPS_14049,
DBAASPS_14050,
DBAASPS_14063,
DBAASPS_14069,0.9998252987861633
DBAASPS_14073,
DBAASPS_14074,0.9719521403312683
DBAASPS_14076,0.08485466241836548
DBAASPS_14078,0.9998885989189148
DBAASPS_14079,
DBAASPS_14080,0.9880585670471191
DBAASPS_14081,0.9984158277511597
DBAASPS_14082,0.9999381899833679
DBAASPS_14083,0.9999797940254211
DBAASPS_14084,
DBAASPS_14086,
DBAASPS_14089,
DBAASPS_14091,
DBAASPS_14096,
DBAASPS_14098,
DBAASPS_14101,0.9990566372871399
DBAASPS_14102,0.9947384595870972
DBAASPS_14103,
DBAASPS_14105,0.11054927110671997
DBAASPS_14107,0.9998477697372437
DBAASPS_14111,0.9999312162399292
DBAASPS_14112,
DBAASPS_14113,0.9999095797538757
DBAASPS_14114,0.9957019686698914
DBAASPS_14115,0.9991833567619324
DBAASPS_14116,0.9957101941108704
DBAASPS_14117,0.9998993873596191
DBAASPS_14118,0.9999577403068542
DBAASPS_14119,
DBAASPS_14120,
DBAASPS_14121,0.9999702572822571
DBAASPS_14122,
DBAASPS_14126,0.9871135950088501
DBAASPS_14127,
DBAASPS_14134,0.6442415118217468
DBAASPS_14135,
DBAASPS_14136,0.9999958276748657
DBAASPS_14137,0.9999982118606567
DBAASPS_14138,0.9999974370002747
DBAASPS_14139,0.9999945759773254
DBAASPS_14151,0.765051007270813
DBAASPS_14159,0.9996544122695923
DBAASPS_14160,0.9989750981330872
DBAASPS_14161,0.9978167414665222
DBAASPS_14164,0.9999378323554993
DBAASPS_14165,0.99767005443573
DBAASPS_14174,0.9958168268203735
DBAASPS_14175,0.9995993375778198
DBAASPS_14176,0.025260338559746742
DBAASPS_14178,0.999885082244873
DBAASPS_14180,0.9426800608634949
DBAASPS_14182,0.8814150094985962
DBAASPS_14183,0.9552300572395325
DBAASPS_14184,0.8864519000053406
DBAASPS_14185,0.9614880681037903
DBAASPS_14186,0.9652449488639832
DBAASPS_14190,0.9995543360710144
DBAASPS_14194,0.08604453504085541
DBAASPS_14197,0.9532337188720703
DBAASPS_14198,0.9999696016311646
DBAASPS_14199,0.9999240636825562
DBAASPS_14207,0.9998606443405151
DBAASPS_14208,0.9998340606689453
DBAASPS_14209,0.9999586343765259
DBAASPS_14214,
DBAASPS_14226,0.9954401254653931
DBAASPS_14227,0.9990198016166687
DBAASPS_14232,0.9991089105606079
DBAASPS_14235,0.9997415542602539
DBAASPS_14236,0.999845027923584
DBAASPS_14237,0.999961256980896
DBAASPS_14240,0.9996936917304993
DBAASPS_14241,0.9954410791397095
DBAASPS_14242,0.999113917350769
DBAASPS_14243,0.9997770190238953
DBAASPR_14244,0.9587274789810181
DBAASPS_14245,0.8152494430541992
DBAASPS_14246,0.8403548002243042
DBAASPS_14247,0.9968794584274292
DBAASPS_14248,0.9995039701461792
DBAASPS_14258,0.9999529123306274
DBAASPS_14274,0.964285671710968
DBAASPS_14276,0.5925398468971252
DBAASPS_14277,0.7435646653175354
DBAASPS_14278,0.8680011630058289
DBAASPS_14279,0.9529212117195129
DBAASPS_14301,0.9995704889297485
DBAASPS_14302,0.9999459981918335
DBAASPS_14303,0.9999182820320129
DBAASPS_14304,0.9999967813491821
DBAASPR_14313,0.9998185038566589
DBAASPR_14314,0.9994949102401733
DBAASPR_14315,0.8471308946609497
DBAASPR_14316,0.9988921880722046
DBAASPS_14319,
DBAASPS_14321,0.9955844879150391
DBAASPS_14323,0.9974390268325806
DBAASPS_14325,0.9999761581420898
DBAASPS_14326,0.9995937347412109
DBAASPS_14327,0.9998430013656616
DBAASPS_14329,0.9825450778007507
DBAASPS_14330,0.9801729321479797
DBAASPS_14333,0.8523216247558594
DBAASPS_14372,
DBAASPS_14392,0.9367213249206543
DBAASPS_14393,0.449075847864151
DBAASPS_14398,0.9999604225158691
DBAASPS_14399,0.649314284324646
DBAASPS_14400,0.747301459312439
DBAASPS_14404,0.8947135210037231
DBAASPS_14405,0.9994510412216187
DBAASPS_14406,0.9639814496040344
DBAASPS_14407,0.390982985496521
DBAASPS_14408,0.9169284701347351
DBAASPS_14409,0.03745501860976219
DBAASPS_14410,0.8136594891548157
DBAASPS_14411,0.5733071565628052
DBAASPS_14426,0.3796848654747009
DBAASPS_14432,0.20677046477794647
DBAASPS_14433,0.02892688475549221
DBAASPS_14434,0.02240809053182602
DBAASPS_14435,
DBAASPS_14436,
DBAASPS_14437,
DBAASPS_14438,
DBAASPS_14439,0.9998014569282532
DBAASPS_14440,0.9998331069946289
DBAASPS_14441,0.9998880624771118
DBAASPS_14442,0.9988894462585449
DBAASPS_14443,
DBAASPS_14444,0.9243125915527344
DBAASPS_14445,0.9977690577507019
DBAASPS_14450,0.9985488057136536
DBAASPS_14497,0.9947832226753235
DBAASPS_14501,0.9978263974189758
DBAASPS_14502,
DBAASPS_14503,0.996947169303894
DBAASPS_14507,0.991063117980957
DBAASPS_14509,0.9813647270202637
DBAASPS_14512,0.9918888807296753
DBAASPS_14513,0.9727266430854797
DBAASPS_14514,0.991125226020813
DBAASPS_14515,0.9966872930526733
DBAASPS_14516,0.9956600069999695
DBAASPS_14517,
DBAASPS_14523,0.9988617897033691
DBAASPS_14524,0.9995467066764832
DBAASPS_14525,0.9983205795288086
DBAASPS_14526,0.9979151487350464
DBAASPS_14527,
DBAASPS_14534,0.9986289143562317
DBAASPS_14535,0.9992700815200806
DBAASPS_14536,0.9989225268363953
DBAASPS_14537,0.9981539845466614
DBAASPS_14538,
DBAASPS_14545,0.9680288434028625
DBAASPS_14546,0.9992036819458008
DBAASPS_14547,0.9992785453796387
DBAASPS_14548,0.9772969484329224
DBAASPS_14549,0.9963259696960449
DBAASPS_14550,0.9491861462593079
DBAASPS_14551,0.9785159230232239
DBAASPS_14552,0.9967899322509766
DBAASPS_14553,0.9847105145454407
DBAASPS_14554,0.9964812397956848
DBAASPS_14555,0.9548163414001465
DBAASPS_14556,0.9867965579032898
DBAASPS_14557,0.9814149141311646
DBAASPS_14558,0.9903501272201538
DBAASPS_14559,0.9840731620788574
DBAASPS_14560,0.9953347444534302
DBAASPS_14561,0.9830455780029297
DBAASPS_14562,0.9702655673027039
DBAASPS_14563,0.9954207539558411
DBAASPS_14564,0.9996005296707153
DBAASPS_14565,0.9995073080062866
DBAASPS_14566,0.9985526204109192
DBAASPS_14567,0.9981732368469238
DBAASPS_14568,0.9821324348449707
DBAASPS_14569,0.9944111704826355
DBAASPS_14570,0.9993259310722351
DBAASPS_14571,0.9996401071548462
DBAASPS_14572,0.9988468289375305
DBAASPS_14573,0.9904605746269226
DBAASPS_14574,0.9987723231315613
DBAASPS_14575,0.8790304064750671
DBAASPS_14576,0.32299184799194336
DBAASPS_14577,0.4066270887851715
DBAASPS_14578,0.05637393146753311
DBAASPS_14579,0.14252249896526337
DBAASPS_14580,0.1402120292186737
DBAASPS_14581,0.5429508090019226
DBAASPS_14582,0.2424372136592865
DBAASPS_14585,0.984634280204773
DBAASPS_14586,0.9972690343856812
DBAASPS_14587,0.991145133972168
DBAASPS_14588,0.9908450245857239
DBAASPS_14589,0.9887326955795288
DBAASPS_14590,0.9957146644592285
DBAASPS_14591,0.9948790669441223
DBAASPS_14592,0.9985145330429077
DBAASPS_14593,0.9924207925796509
DBAASPS_14594,
DBAASPS_14596,0.9971510171890259
DBAASPS_14597,0.9986001253128052
DBAASPS_14598,0.9957416653633118
DBAASPS_14599,0.9988296627998352
DBAASPS_14600,0.9985464811325073
DBAASPS_14601,0.998257040977478
DBAASPS_14602,0.9983440637588501
DBAASPS_14603,0.9983564615249634
DBAASPS_14604,0.9958475828170776
DBAASPS_14605,
DBAASPR_14617,0.8138455152511597
DBAASPS_14628,0.9951445460319519
DBAASPS_14629,0.9989029169082642
DBAASPS_14630,0.9928948283195496
DBAASPS_14631,0.9969264268875122
DBAASPS_14632,0.9950670003890991
DBAASPS_14633,0.9877002835273743
DBAASPS_14642,0.9990147352218628
DBAASPS_14643,0.9949369430541992
DBAASPS_14644,0.9997378587722778
DBAASPS_14645,0.994615912437439
DBAASPS_14650,0.9999533891677856
DBAASPS_14657,0.9989486932754517
DBAASPS_14658,0.99847012758255
DBAASPS_14659,0.9988428950309753
DBAASPS_14670,0.41144490242004395
DBAASPS_14672,0.31106168031692505
DBAASPS_14674,
DBAASPS_14676,0.009960426017642021
DBAASPS_14678,0.9996825456619263
DBAASPS_14679,0.03366336598992348
DBAASPS_14680,0.35124391317367554
DBAASPS_14681,0.3799850344657898
DBAASPS_14682,0.5633261203765869
DBAASPS_14683,0.41764354705810547
DBAASPS_14684,
DBAASPS_14685,0.2925400733947754
DBAASPS_14686,0.2551611065864563
DBAASPS_14687,0.6457768082618713
DBAASPS_14688,0.5704926252365112
DBAASPS_14689,0.7352646589279175
DBAASPS_14690,0.5841956734657288
DBAASPS_14691,0.2878170609474182
DBAASPS_14693,0.7516065239906311
DBAASPS_14696,
DBAASPS_14704,0.9963984489440918
DBAASPS_14705,0.9474567174911499
DBAASPS_14707,0.3240787982940674
DBAASPS_14708,0.8599184155464172
DBAASPS_14710,0.8662447929382324
DBAASPS_14711,0.9735762476921082
DBAASPS_14712,0.9938058853149414
DBAASPS_14713,0.9849042892456055
DBAASPS_14714,0.5137461423873901
DBAASPS_14715,0.8934835195541382
DBAASPS_14721,0.8885922431945801
DBAASPS_14724,0.9577947854995728
DBAASPS_14739,
DBAASPS_14741,
DBAASPS_14743,
DBAASPN_14747,
DBAASPN_14748,
DBAASPN_14749,
DBAASPN_14750,
DBAASPN_14751,
DBAASPN_14752,
DBAASPS_14753,
DBAASPS_14755,
DBAASPS_14757,
DBAASPS_14760,0.02796144224703312
DBAASPS_14761,0.04030567407608032
DBAASPS_14763,0.8268165588378906
DBAASPN_14764,
DBAASPS_14765,0.30697959661483765
DBAASPS_14766,0.3706933557987213
DBAASPS_14767,0.49946171045303345
DBAASPS_14770,
DBAASPS_14771,0.6763251423835754
DBAASPS_14772,
DBAASPS_14773,
DBAASPS_14774,
DBAASPS_14775,
DBAASPS_14776,
DBAASPS_14777,
DBAASPS_14778,
DBAASPS_14780,0.9951456785202026
DBAASPS_14781,0.9973353147506714
DBAASPS_14783,0.9911826252937317
DBAASPS_14784,0.9959114193916321
DBAASPS_14785,0.992425262928009
DBAASPS_14787,
DBAASPS_14793,
DBAASPS_14795,
DBAASPS_14796,
DBAASPS_14797,
DBAASPS_14798,
DBAASPS_14799,
DBAASPS_14800,
DBAASPS_14801,
DBAASPS_14802,
DBAASPS_14811,
DBAASPS_14817,
DBAASPS_14819,
DBAASPS_14820,
DBAASPS_14821,
DBAASPS_14822,
DBAASPS_14824,
DBAASPS_14826,
DBAASPS_14827,
DBAASPS_14832,0.280026376247406
DBAASPS_14833,0.9713875651359558
DBAASPR_14834,0.9956700205802917
DBAASPS_14844,
DBAASPS_14845,
DBAASPS_14846,
DBAASPS_14847,
DBAASPS_14848,
DBAASPS_14849,
DBAASPS_14850,
DBAASPS_14851,
DBAASPS_14852,
DBAASPS_14853,
DBAASPS_14854,
DBAASPS_14855,
DBAASPS_14856,
DBAASPS_14857,
DBAASPS_14858,
DBAASPS_14859,
DBAASPS_14860,
DBAASPN_14861,
DBAASPN_14863,
DBAASPS_14867,0.9987007975578308
DBAASPS_14868,0.9994772672653198
DBAASPS_14869,0.9994374513626099
DBAASPN_14870,
DBAASPS_14872,0.9982866048812866
DBAASPS_14873,0.9990262985229492
DBAASPS_14874,0.9990747570991516
DBAASPS_14875,0.9994360208511353
DBAASPS_14876,0.9986974000930786
DBAASPS_14877,0.9997649192810059
DBAASPS_14878,0.9994211196899414
DBAASPS_14879,0.9999799728393555
DBAASPS_14880,0.9977997541427612
DBAASPS_14881,0.9999688267707825
DBAASPS_14882,0.999982476234436
DBAASPS_14883,0.9988139271736145
DBAASPS_14884,0.9911947250366211
DBAASPS_14885,0.9999822378158569
DBAASPS_14889,0.9999996423721313
DBAASPS_14896,0.9999974966049194
DBAASPS_14897,0.9999889135360718
DBAASPS_14899,
DBAASPS_14900,
DBAASPS_14902,
DBAASPS_14949,0.9983924031257629
DBAASPS_14950,0.9985178112983704
DBAASPS_14952,0.937120795249939
DBAASPS_14953,0.9999462962150574
DBAASPS_14958,0.9994567632675171
DBAASPS_14959,0.9997463226318359
DBAASPS_14960,
DBAASPS_14964,0.9999971389770508
DBAASPS_14965,0.9999984502792358
DBAASPS_14966,0.999995231628418
DBAASPS_14967,
DBAASPR_14968,0.34799402952194214
DBAASPR_14969,0.9981306195259094
DBAASPR_14970,0.6944425106048584
DBAASPS_14971,0.7739917039871216
DBAASPS_14972,0.9724558591842651
DBAASPS_14973,0.9891535043716431
DBAASPS_14991,0.9741161465644836
DBAASPS_14992,0.9996973872184753
DBAASPS_14993,0.9990960359573364
DBAASPS_14994,0.9997861981391907
DBAASPS_14995,0.9999337196350098
DBAASPS_14996,0.9999237060546875
DBAASPS_14997,0.9890691637992859
DBAASPS_14998,0.999537467956543
DBAASPS_14999,0.9998462796211243
DBAASPR_15000,0.993073582649231
DBAASPR_15001,0.40202322602272034
DBAASPR_15002,0.9393566250801086
DBAASPR_15004,0.003933831118047237
DBAASPR_15005,0.08686618506908417
DBAASPR_15006,0.24520418047904968
DBAASPS_15007,0.6604899168014526
DBAASPS_15008,
DBAASPS_15020,0.999599814414978
DBAASPS_15029,0.9961335062980652
DBAASPS_15034,0.47279009222984314
DBAASPS_15035,0.8201216459274292
DBAASPS_15036,0.9695295095443726
DBAASPS_15044,0.993676483631134
DBAASPS_15049,0.6466172933578491
DBAASPS_15051,0.5404316782951355
DBAASPS_15053,0.9465702176094055
DBAASPS_15054,0.6550512909889221
DBAASPS_15055,0.382746160030365
DBAASPS_15057,0.7412226796150208
DBAASPS_15058,0.7538219094276428
DBAASPS_15059,0.9526634216308594
DBAASPS_15060,0.8835291862487793
DBAASPS_15061,0.8238733410835266
DBAASPS_15062,0.5164845585823059
DBAASPS_15063,0.9939407110214233
DBAASPS_15064,0.7257341742515564
DBAASPS_15065,0.2923208773136139
DBAASPS_15066,0.9514721632003784
DBAASPS_15069,0.9803558588027954
DBAASPS_15070,0.9716753959655762
DBAASPS_15071,0.847199559211731
DBAASPS_15072,0.9379431009292603
DBAASPS_15073,0.784310519695282
DBAASPS_15074,0.24134698510169983
DBAASPS_15075,0.07415422052145004
DBAASPS_15082,0.9272060394287109
DBAASPS_15084,0.5264657139778137
DBAASPS_15086,0.3901005983352661
DBAASPS_15087,0.4769315719604492
DBAASPS_15088,0.9161145091056824
DBAASPS_15089,0.7276958227157593
DBAASPS_15090,0.9363044500350952
DBAASPS_15091,0.6533051133155823
DBAASPS_15092,0.9800891876220703
DBAASPS_15093,0.998458981513977
DBAASPS_15097,
DBAASPS_15098,
DBAASPS_15100,
DBAASPS_15102,0.9940347671508789
DBAASPS_15104,0.49890050292015076
DBAASPS_15105,0.2507994771003723
DBAASPS_15106,
DBAASPS_15107,0.9999905824661255
DBAASPS_15114,0.9999889135360718
DBAASPS_15115,0.6153895854949951
DBAASPS_15116,0.29076236486434937
DBAASPS_15117,0.36023133993148804
DBAASPS_15118,0.9829080700874329
DBAASPS_15119,0.9946651458740234
DBAASPS_15120,0.9994390606880188
DBAASPS_15121,0.997519314289093
DBAASPS_15122,0.9999201893806458
DBAASPS_15123,0.9794102907180786
DBAASPS_15124,0.25726526975631714
DBAASPS_15125,0.6659393310546875
DBAASPS_15126,0.7097266316413879
DBAASPS_15127,0.5943803787231445
DBAASPS_15128,0.3252914845943451
DBAASPS_15129,0.9223779439926147
DBAASPS_15130,0.9999507665634155
DBAASPS_15131,0.9988433122634888
DBAASPS_15132,0.8821970224380493
DBAASPS_15144,0.9976089596748352
DBAASPS_15145,0.8996695280075073
DBAASPS_15146,0.9988662600517273
DBAASPS_15147,0.8245531320571899
DBAASPS_15148,0.6997939348220825
DBAASPS_15149,0.6270339488983154
DBAASPS_15150,0.39243537187576294
DBAASPS_15151,0.7250267863273621
DBAASPS_15163,0.47430044412612915
DBAASPS_15165,0.7101726531982422
DBAASPS_15167,0.4084048271179199
DBAASPS_15169,0.7789017558097839
DBAASPS_15170,0.022427741438150406
DBAASPS_15171,0.25244882702827454
DBAASPS_15176,0.9167252779006958
DBAASPS_15178,0.813029408454895
DBAASPS_15179,0.9621504545211792
DBAASPS_15180,0.16573894023895264
DBAASPS_15184,
DBAASPS_15185,
DBAASPS_15186,
DBAASPS_15187,
DBAASPS_15188,
DBAASPS_15189,
DBAASPS_15190,
DBAASPS_15191,
DBAASPS_15192,
DBAASPS_15193,
DBAASPS_15194,
DBAASPS_15195,
DBAASPS_15197,
DBAASPS_15212,0.7214363813400269
DBAASPS_15239,0.1927679479122162
DBAASPS_15240,0.30774644017219543
DBAASPS_15258,0.012931455858051777
DBAASPS_15259,0.07283176481723785
DBAASPS_15260,0.018335871398448944
DBAASPS_15261,0.015186721459031105
DBAASPS_15264,0.012544785626232624
DBAASPS_15281,0.9258962869644165
DBAASPS_15283,0.38977357745170593
DBAASPS_15285,0.9109786152839661
DBAASPS_15287,0.4670458734035492
DBAASPS_15289,0.004605376627296209
DBAASPS_15291,0.003305732738226652
DBAASPS_15293,0.1565602719783783
DBAASPS_15352,0.5556327104568481
DBAASPS_15353,0.5413385033607483
DBAASPS_15354,0.47796979546546936
DBAASPS_15362,0.2954341471195221
DBAASPS_15372,0.35010793805122375
DBAASPS_15374,
DBAASPS_15405,0.13573971390724182
DBAASPS_15406,0.8148983716964722
DBAASPS_15407,0.10078710317611694
DBAASPS_15409,0.6383353471755981
DBAASPS_15410,0.5716972351074219
DBAASPS_15412,0.9533535242080688
DBAASPS_15432,
DBAASPS_15433,
DBAASPS_15457,0.6140775680541992
DBAASPS_15458,0.0030476911924779415
DBAASPS_15459,0.00293728313408792
DBAASPS_15516,0.6031286716461182
DBAASPS_15519,0.01018433179706335
DBAASPS_15555,
DBAASPS_15572,0.9201547503471375
DBAASPS_15573,0.9574885368347168
DBAASPS_15574,0.9499988555908203
DBAASPS_15575,0.5712932348251343
DBAASPS_15576,0.5765466690063477
DBAASPS_15578,0.6124119758605957
DBAASPS_15579,0.39965400099754333
DBAASPS_15595,0.7312027812004089
DBAASPS_15596,0.6494902968406677
DBAASPS_15597,0.6338943839073181
DBAASPS_15598,0.8116952776908875
DBAASPS_15599,0.9431173205375671
DBAASPS_15610,
DBAASPR_15626,0.9918900728225708
DBAASPS_15627,0.9901741743087769
DBAASPS_15628,0.9792865514755249
DBAASPS_15629,0.9970119595527649
DBAASPS_15630,0.9813598394393921
DBAASPS_15631,0.9105867147445679
DBAASPS_15632,0.892962634563446
DBAASPR_15633,0.999954104423523
DBAASPS_15634,0.9999939203262329
DBAASPS_15635,0.9999720454216003
DBAASPS_15639,0.9820696115493774
DBAASPS_15640,0.004980222322046757
DBAASPS_15641,0.2136395275592804
DBAASPS_15643,0.005883018486201763
DBAASPS_15645,0.0045688520185649395
DBAASPS_15646,0.005326963495463133
DBAASPS_15647,0.1969844549894333
DBAASPS_15669,
DBAASPS_15671,
DBAASPS_15673,
DBAASPS_15692,
DBAASPS_15719,
DBAASPS_15727,
DBAASPS_15729,
DBAASPS_15732,
DBAASPS_15733,
DBAASPS_15736,
DBAASPS_15738,
DBAASPS_15739,
DBAASPS_15743,
DBAASPS_15744,
DBAASPS_15793,0.06409979611635208
DBAASPS_15797,0.9590345621109009
DBAASPS_15798,0.983352780342102
DBAASPS_15799,0.9643580317497253
DBAASPS_15800,0.897953987121582
DBAASPS_15804,0.005442834924906492
DBAASPS_15822,0.2099239081144333
DBAASPS_15823,0.7125083804130554
DBAASPS_15829,
DBAASPS_15834,0.941917896270752
DBAASPS_15835,0.7943173050880432
DBAASPS_15836,0.7557772397994995
DBAASPS_15837,0.8937091827392578
DBAASPS_15838,0.6222618818283081
DBAASPS_15843,0.9999643564224243
DBAASPS_15844,0.9985939264297485
DBAASPS_15845,0.9774190187454224
DBAASPS_15846,0.9969829320907593
DBAASPS_15847,0.9997382164001465
DBAASPS_15848,0.9989112615585327
DBAASPS_15849,0.999733567237854
DBAASPS_15850,0.12019641697406769
DBAASPS_15855,0.061826206743717194
DBAASPS_15856,0.04981411248445511
DBAASPR_15857,0.9874798059463501
DBAASPS_15867,0.9651073217391968
DBAASPS_15868,0.9927194714546204
DBAASPS_15869,0.9128926396369934
DBAASPS_15875,0.9144600629806519
DBAASPS_15876,0.8816877603530884
DBAASPS_15877,0.0001169781171483919
DBAASPS_15878,0.06851757317781448
DBAASPS_15879,0.9061932563781738
DBAASPS_15881,0.6905863881111145
DBAASPS_15882,0.6802681684494019
DBAASPS_15883,0.5017536282539368
DBAASPS_15884,0.4992648661136627
DBAASPS_15885,0.8679210543632507
DBAASPS_15886,0.6126284003257751
DBAASPS_15887,0.6066359281539917
DBAASPS_15888,0.9001234173774719
DBAASPS_15889,0.9875105023384094
DBAASPS_15890,0.9600882530212402
DBAASPS_15891,0.9911775588989258
DBAASPS_15892,0.9969290494918823
DBAASPS_15893,2.0282119294279255e-05
DBAASPS_15894,2.0557554307742976e-06
DBAASPS_15895,3.8730049709556624e-05
DBAASPS_15896,5.354429504222935e-07
DBAASPS_15897,4.541770977084525e-06
DBAASPS_15898,3.195342651451938e-05
DBAASPS_15900,0.9605518579483032
DBAASPS_15901,0.9398571848869324
DBAASPS_15902,0.9906363487243652
DBAASPS_15903,0.41889363527297974
DBAASPS_15904,0.9964359998703003
DBAASPS_15907,0.7375537157058716
DBAASPS_15915,0.021424654871225357
DBAASPS_15917,0.9999358057975769
DBAASPS_15920,0.9997790455818176
DBAASPS_15921,0.9999753832817078
DBAASPS_15922,0.9998645782470703
DBAASPS_15924,0.9992293119430542
DBAASPS_15925,0.9988566637039185
DBAASPS_15926,0.9997941851615906
DBAASPS_15927,0.999916672706604
DBAASPS_15928,0.9959688186645508
DBAASPS_15929,0.998554527759552
DBAASPS_15930,0.9993013143539429
DBAASPS_15931,0.9976641535758972
DBAASPS_15934,0.7167919874191284
DBAASPS_15935,0.7129068970680237
DBAASPS_15936,
DBAASPS_15938,
DBAASPS_15939,
DBAASPS_15940,
DBAASPS_15941,
DBAASPS_15942,0.9996868371963501
DBAASPS_15943,0.9993236660957336
DBAASPS_15944,0.9993852376937866
DBAASPS_15945,0.9983007311820984
DBAASPS_15946,0.9984802007675171
DBAASPS_15947,0.9984515309333801
DBAASPS_15948,0.9910491704940796
DBAASPS_15949,0.9986248016357422
DBAASPS_15950,0.9968382120132446
DBAASPS_15952,0.9931988716125488
DBAASPS_15953,0.9973514676094055
DBAASPS_15954,0.9969593286514282
DBAASPS_15955,0.9999810457229614
DBAASPS_15957,0.9999973177909851
DBAASPS_15958,0.998918354511261
DBAASPS_15959,0.9988792538642883
DBAASPS_15960,0.9990320205688477
DBAASPS_15961,0.9991366267204285
DBAASPS_15962,0.998870849609375
DBAASPS_15963,0.9999884366989136
DBAASPS_15965,0.9989722967147827
DBAASPS_15974,0.9975324869155884
DBAASPS_15975,0.9890085458755493
DBAASPS_15976,0.9959989786148071
DBAASPS_15977,0.9948767423629761
DBAASPS_15978,0.9999658465385437
DBAASPS_15979,0.9999706149101257
DBAASPS_15980,0.9975072741508484
DBAASPS_15981,0.9985674619674683
DBAASPS_15982,0.999355137348175
DBAASPS_15983,0.9983156323432922
DBAASPS_15984,0.9982637166976929
DBAASPS_15985,8.18534772406565e-06
DBAASPS_15986,0.9995357394218445
DBAASPS_15987,0.9978823661804199
DBAASPS_15988,0.9995032548904419
DBAASPS_15989,0.9988304376602173
DBAASPS_15995,0.9991558194160461
DBAASPS_15996,0.9981949925422668
DBAASPS_15997,6.408364242815878e-06
DBAASPS_15998,0.9383746385574341
DBAASPS_15999,0.004934363998472691
DBAASPS_16000,0.7245193719863892
DBAASPS_16001,0.7678743600845337
DBAASPS_16002,0.42107105255126953
DBAASPS_16003,0.6945871114730835
DBAASPS_16004,0.49865809082984924
DBAASPS_16005,0.7168733477592468
DBAASPS_16006,0.9999268651008606
DBAASPS_16007,0.9934864044189453
DBAASPS_16008,0.9935494661331177
DBAASPS_16009,0.9994803667068481
DBAASPS_16010,0.9973407983779907
DBAASPS_16011,0.9971898794174194
DBAASPS_16012,0.9979766607284546
DBAASPS_16013,0.9979249238967896
DBAASPS_16014,0.996969997882843
DBAASPS_16015,0.9990822672843933
DBAASPS_16016,0.9997312426567078
DBAASPS_16017,0.9999019503593445
DBAASPS_16018,0.9992163777351379
DBAASPS_16019,0.9985499382019043
DBAASPS_16021,0.5432122945785522
DBAASPS_16022,0.9957481622695923
DBAASPS_16023,0.997962474822998
DBAASPS_16024,0.9987459182739258
DBAASPS_16025,0.9996417760848999
DBAASPS_16026,0.9972115755081177
DBAASPS_16034,0.9968475103378296
DBAASPS_16035,0.9952138662338257
DBAASPS_16036,0.9979647397994995
DBAASPS_16037,0.9995629191398621
DBAASPS_16038,0.9998182058334351
DBAASPS_16039,0.9904049038887024
DBAASPS_16040,0.9998096227645874
DBAASPS_16052,0.8206111788749695
DBAASPS_16053,0.5171118974685669
DBAASPS_16054,0.9834234118461609
DBAASPS_16058,0.9997465014457703
DBAASPS_16059,0.9998824000358582
DBAASPS_16060,0.9997968673706055
DBAASPS_16061,0.999991774559021
DBAASPS_16065,
DBAASPS_16071,
DBAASPS_16072,
DBAASPS_16073,
DBAASPS_16074,
DBAASPS_16082,0.999997615814209
DBAASPS_16088,0.9998124241828918
DBAASPS_16090,0.9999364614486694
DBAASPS_16094,0.9998175501823425
DBAASPS_16095,0.999871551990509
DBAASPS_16096,0.9999713897705078
DBAASPR_16099,0.021118372678756714
DBAASPR_16100,0.0035159315448254347
DBAASPS_16104,
DBAASPS_16111,
DBAASPS_16114,
DBAASPS_16117,0.0839494839310646
DBAASPS_16118,0.9903613924980164
DBAASPS_16119,0.2248857468366623
DBAASPS_16121,0.882107138633728
DBAASPS_16122,0.8925970196723938
DBAASPS_16124,0.9474212527275085
DBAASPS_16125,0.9794057607650757
DBAASPS_16126,0.9672314524650574
DBAASPS_16127,0.9860818982124329
DBAASPS_16128,0.9909425973892212
DBAASPS_16129,0.9962336421012878
DBAASPS_16130,0.9884878993034363
DBAASPS_16131,0.9814350008964539
DBAASPS_16132,0.018527016043663025
DBAASPS_16133,0.14095011353492737
DBAASPS_16134,0.10598646104335785
DBAASPS_16135,0.01481148786842823
DBAASPS_16136,0.04140141233801842
DBAASPS_16138,0.9828191995620728
DBAASPS_16139,0.5506102442741394
DBAASPS_16140,0.9331532716751099
DBAASPS_16141,0.9978162050247192
DBAASPS_16142,0.9984542727470398
DBAASPS_16144,0.261322945356369
DBAASPS_16145,0.26997265219688416
DBAASPS_16146,0.2648662030696869
DBAASPS_16147,0.210130974650383
DBAASPS_16148,0.242646262049675
DBAASPS_16149,0.9997876882553101
DBAASPS_16150,0.9999899864196777
DBAASPS_16151,0.9999988675117493
DBAASPS_16154,0.9999294281005859
DBAASPS_16155,0.9999672174453735
DBAASPS_16156,0.9998763799667358
DBAASPS_16157,0.9999910593032837
DBAASPS_16158,0.9999820590019226
DBAASPS_16159,0.9999843835830688
DBAASPS_16160,0.9999961853027344
DBAASPS_16161,0.9996188879013062
DBAASPR_16167,0.9998510479927063
DBAASPS_16169,0.9997096061706543
DBAASPS_16170,
DBAASPS_16171,
DBAASPS_16172,
DBAASPS_16175,0.9993274807929993
DBAASPS_16176,0.9996258020401001
DBAASPS_16182,0.9998520612716675
DBAASPS_16183,0.9996119737625122
DBAASPS_16184,0.9994222521781921
DBAASPS_16185,0.99982750415802
DBAASPS_16186,0.9985936284065247
DBAASPS_16187,0.9960209131240845
DBAASPS_16188,0.9997700452804565
DBAASPS_16189,0.9926384687423706
DBAASPS_16190,0.9998810887336731
DBAASPS_16191,0.9993686676025391
DBAASPS_16192,0.9987643361091614
DBAASPS_16193,0.9822872877120972
DBAASPR_16194,0.8887484669685364
DBAASPS_16196,0.9998520016670227
DBAASPS_16197,0.9685478210449219
DBAASPS_16198,0.9974969029426575
DBAASPS_16199,0.964178204536438
DBAASPS_16200,0.9622100591659546
DBAASPS_16201,0.9996094703674316
DBAASPS_16202,0.9153426885604858
DBAASPS_16203,0.9860261082649231
DBAASPS_16204,0.4556976854801178
DBAASPS_16205,0.9377152323722839
DBAASPS_16207,0.9990602731704712
DBAASPS_16209,0.9162272214889526
DBAASPS_16211,0.999767005443573
DBAASPS_16213,0.9813892245292664
DBAASPS_16215,0.8073731660842896
DBAASPS_16217,0.9830372929573059
DBAASPS_16219,0.958971381187439
DBAASPS_16221,0.983169674873352
DBAASPS_16223,0.9724718332290649
DBAASPS_16224,0.8238469362258911
DBAASPS_16225,0.9934360384941101
DBAASPS_16227,0.78955078125
DBAASPS_16229,0.9980385899543762
DBAASPS_16231,0.9999748468399048
DBAASPS_16233,0.9999921917915344
DBAASPS_16244,0.7774030566215515
DBAASPS_16245,0.9413183331489563
DBAASPS_16246,0.5326242446899414
DBAASPS_16247,0.9999977350234985
DBAASPS_16248,
DBAASPS_16254,
DBAASPS_16269,0.9816662669181824
DBAASPS_16302,
DBAASPS_16320,
DBAASPS_16323,0.900317370891571
DBAASPS_16324,0.7921558618545532
DBAASPS_16325,0.870430588722229
DBAASPS_16326,0.9977655410766602
DBAASPS_16327,0.9980273246765137
DBAASPS_16328,0.9830219149589539
DBAASPS_16329,0.9424406290054321
DBAASPS_16330,0.9992936253547668
DBAASPR_16334,0.9944054484367371
DBAASPR_16335,0.9612420797348022
DBAASPS_16336,0.9928196668624878
DBAASPS_16340,0.9940439462661743
DBAASPS_16346,
DBAASPS_16350,0.9592472910881042
DBAASPS_16356,0.999839186668396
DBAASPS_16357,0.9786422848701477
DBAASPS_16358,0.9998019933700562
DBAASPS_16359,0.9984383583068848
DBAASPS_16369,
DBAASPS_16370,
DBAASPS_16371,
DBAASPS_16372,
DBAASPS_16373,
DBAASPS_16374,
DBAASPS_16375,
DBAASPS_16376,
DBAASPS_16377,
DBAASPS_16378,
DBAASPS_16379,
DBAASPS_16380,
DBAASPS_16381,
DBAASPS_16382,
DBAASPS_16383,
DBAASPS_16384,
DBAASPS_16385,
DBAASPS_16386,
DBAASPS_16387,
DBAASPR_16388,0.9998733401298523
DBAASPR_16389,0.9999994039535522
DBAASPR_16390,0.9999995231628418
DBAASPS_16395,0.9945563077926636
DBAASPS_16397,0.9999988675117493
DBAASPS_16398,0.999997615814209
DBAASPS_16399,0.9994975328445435
DBAASPS_16400,0.999614417552948
DBAASPS_16401,0.9998887777328491
DBAASPS_16402,0.9999613761901855
DBAASPS_16403,0.9997397661209106
DBAASPS_16404,0.9991934895515442
DBAASPS_16405,0.9996126294136047
DBAASPS_16406,0.9999845623970032
DBAASPS_16407,0.9975299835205078
DBAASPS_16408,0.9444379806518555
DBAASPS_16409,0.9979311227798462
DBAASPS_16410,0.9979609251022339
DBAASPS_16411,0.0769691914319992
DBAASPS_16412,0.7039171457290649
DBAASPS_16413,0.9246791005134583
DBAASPS_16414,0.9590633511543274
DBAASPS_16415,0.9140700101852417
DBAASPS_16416,0.7295814156532288
DBAASPS_16417,0.9929174184799194
DBAASPS_16418,0.9954106211662292
DBAASPS_16419,0.9883562326431274
DBAASPS_16420,0.9027000665664673
DBAASPS_16421,0.984070897102356
DBAASPS_16422,0.9846140742301941
DBAASPS_16423,0.9748913645744324
DBAASPS_16424,0.9698697924613953
DBAASPS_16425,0.9754486083984375
DBAASPS_16426,0.9558807611465454
DBAASPS_16427,0.9671689867973328
DBAASPS_16428,0.9925980567932129
DBAASPS_16429,0.9998787045478821
DBAASPS_16430,0.9995104670524597
DBAASPS_16431,0.9984430074691772
DBAASPS_16432,0.9999710917472839
DBAASPS_16433,0.9999003410339355
DBAASPS_16435,
DBAASPS_16438,
DBAASPS_16439,0.9979445338249207
DBAASPS_16440,0.21303904056549072
DBAASPS_16442,0.9999931454658508
DBAASPS_16443,0.9999997019767761
DBAASPS_16446,0.999524712562561
DBAASPS_16447,0.9999446868896484
DBAASPS_16448,0.9999743700027466
DBAASPS_16449,0.914620578289032
DBAASPS_16450,0.004976190626621246
DBAASPS_16451,0.0012749482411891222
DBAASPS_16452,0.07103175669908524
DBAASPS_16453,0.9967694282531738
DBAASPS_16454,0.999213695526123
DBAASPS_16455,0.9991346597671509
DBAASPS_16461,
DBAASPS_16463,0.9787019491195679
DBAASPS_16464,0.9962694048881531
DBAASPS_16465,0.998503565788269
DBAASPS_16466,0.997369647026062
DBAASPS_16467,0.9985975027084351
DBAASPS_16468,0.9979121088981628
DBAASPS_16487,0.9999697804450989
DBAASPS_16488,0.9999866485595703
DBAASPS_16489,0.7451332211494446
DBAASPS_16499,0.9915183782577515
DBAASPS_16500,0.3353542685508728
DBAASPS_16501,0.9187253713607788
DBAASPS_16520,0.9069868326187134
DBAASPS_16521,0.0776539295911789
DBAASPS_16522,0.9980217218399048
DBAASPS_16523,
DBAASPS_16524,
DBAASPS_16525,
DBAASPS_16537,
DBAASPS_16538,
DBAASPS_16539,
DBAASPS_16540,
DBAASPS_16543,0.0001150281896116212
DBAASPS_16544,0.3668310344219208
DBAASPS_16546,0.2781258821487427
DBAASPS_16547,0.29901131987571716
DBAASPS_16549,0.40073084831237793
DBAASPS_16550,0.39773082733154297
DBAASPS_16555,0.7760195136070251
DBAASPS_16556,0.059038303792476654
DBAASPS_16557,0.19695007801055908
DBAASPS_16558,0.0019457011949270964
DBAASPS_16559,0.01749858818948269
DBAASPS_16560,0.3163380026817322
DBAASPS_16561,0.8266837000846863
DBAASPS_16562,0.6925421357154846
DBAASPS_16563,0.5791044235229492
DBAASPS_16564,0.9656888842582703
DBAASPS_16565,0.5328893661499023
DBAASPS_16570,0.9998964071273804
DBAASPS_16571,
DBAASPS_16572,
DBAASPS_16573,0.9997469782829285
DBAASPS_16574,0.8503778576850891
DBAASPS_16580,0.31222301721572876
DBAASPS_16581,0.28242507576942444
DBAASPS_16582,0.373765766620636
DBAASPS_16583,0.5980707406997681
DBAASPS_16584,0.8039728403091431
DBAASPS_16585,0.9085230827331543
DBAASPS_16586,0.632919430732727
DBAASPS_16587,0.2947993278503418
DBAASPS_16588,0.7189292311668396
DBAASPS_16589,0.13441923260688782
DBAASPS_16590,0.11786812543869019
DBAASPS_16591,0.012679247185587883
DBAASPS_16592,0.37121784687042236
DBAASPS_16593,0.9757628440856934
DBAASPS_16628,
DBAASPS_16633,0.9985722303390503
DBAASPS_16636,0.997052013874054
DBAASPS_16637,0.9928523898124695
DBAASPS_16638,0.9229205846786499
DBAASPS_16639,0.6331990957260132
DBAASPS_16640,0.5662010908126831
DBAASPS_16654,0.9961484670639038
DBAASPS_16655,0.9519716501235962
DBAASPS_16659,0.6825097799301147
DBAASPS_16660,0.9884570240974426
DBAASPS_16661,0.8008176684379578
DBAASPS_16662,0.43824952840805054
DBAASPS_16663,0.5899164080619812
DBAASPS_16664,0.9928542375564575
DBAASPS_16665,0.7767897844314575
DBAASPS_16666,0.9684064984321594
DBAASPS_16667,0.9196460843086243
DBAASPS_16668,0.9963935613632202
DBAASPS_16669,0.9622560739517212
DBAASPS_16670,0.9695318937301636
DBAASPS_16671,0.9985610842704773
DBAASPS_16672,0.9987522959709167
DBAASPS_16673,0.9893341064453125
DBAASPS_16674,0.996368408203125
DBAASPS_16675,0.895104706287384
DBAASPS_16676,0.6712581515312195
DBAASPS_16677,0.7825960516929626
DBAASPS_16678,0.9404943585395813
DBAASPS_16679,0.8528262376785278
DBAASPS_16680,0.9447196125984192
DBAASPS_16681,0.7726789712905884
DBAASPS_16682,0.939283549785614
DBAASPS_16683,0.9709926843643188
DBAASPS_16684,0.9976218938827515
DBAASPS_16685,0.9627882242202759
DBAASPS_16686,0.8352518081665039
DBAASPS_16687,0.7729674577713013
DBAASPS_16688,0.7200573086738586
DBAASPS_16689,0.8405618667602539
DBAASPS_16690,0.12664034962654114
DBAASPS_16691,0.45787087082862854
DBAASPS_16710,0.845406174659729
DBAASPS_16711,0.4602298140525818
DBAASPS_16712,0.26385074853897095
DBAASPS_16713,0.5923625826835632
DBAASPS_16714,0.3205108940601349
DBAASPS_16715,0.5101832747459412
DBAASPS_16716,0.855505645275116
DBAASPS_16717,0.9275959134101868
DBAASPS_16718,0.8503638505935669
DBAASPS_16719,0.7690659761428833
DBAASPS_16720,0.8922500610351562
DBAASPS_16721,0.9116798639297485
DBAASPS_16722,0.7445377111434937
DBAASPS_16723,0.8923043012619019
DBAASPS_16724,0.9702692031860352
DBAASPS_16725,0.9321286082267761
DBAASPS_16726,0.2967633605003357
DBAASPS_16727,0.3794829249382019
DBAASPS_16728,0.3834354877471924
DBAASPS_16729,0.839089572429657
DBAASPS_16730,0.5177276730537415
DBAASPS_16731,0.5954832434654236
DBAASPS_16732,0.809693455696106
DBAASPS_16733,0.8680728673934937
DBAASPS_16734,0.8903971910476685
DBAASPS_16735,0.6061770915985107
DBAASPS_16736,0.9506909251213074
DBAASPS_16737,0.7965705990791321
DBAASPS_16738,0.8717787861824036
DBAASPS_16739,0.7218741774559021
DBAASPS_16740,0.9729585647583008
DBAASPS_16741,0.27050960063934326
DBAASPS_16742,0.9901173710823059
DBAASPS_16743,0.8625375032424927
DBAASPS_16744,0.848611056804657
DBAASPS_16745,0.7491862177848816
DBAASPS_16746,0.534692645072937
DBAASPS_16747,0.9257968068122864
DBAASPS_16748,0.9778726696968079
DBAASPS_16749,0.9969642758369446
DBAASPS_16750,0.9957926869392395
DBAASPS_16751,0.9991258382797241
DBAASPS_16752,0.9985410571098328
DBAASPS_16753,0.9996029734611511
DBAASPS_16754,0.9997454881668091
DBAASPS_16755,0.999800980091095
DBAASPS_16756,0.9997469186782837
DBAASPS_16757,0.999761700630188
DBAASPS_16758,0.9662970304489136
DBAASPS_16759,0.528366208076477
DBAASPS_16796,0.9999847412109375
DBAASPS_16797,0.9999865293502808
DBAASPS_16798,0.9999998807907104
DBAASPS_16799,1.0
DBAASPS_16800,0.9999998211860657
DBAASPS_16802,0.9999996423721313
DBAASPS_16803,0.9999982118606567
DBAASPS_16804,0.9999992251396179
DBAASPS_16806,0.9999192953109741
DBAASPS_16807,0.9998182058334351
DBAASPS_16808,0.9889951944351196
DBAASPS_16809,0.9959920048713684
DBAASPS_16810,0.9909709095954895
DBAASPS_16811,0.9964457750320435
DBAASPS_16812,0.9993395805358887
DBAASPS_16813,0.9998062252998352
DBAASPS_16814,0.9998509287834167
DBAASPS_16817,0.9999004602432251
DBAASPS_16818,0.99982088804245
DBAASPS_16819,0.999960720539093
DBAASPS_16820,0.9999567270278931
DBAASPS_16821,0.9999934434890747
DBAASPS_16822,0.9999656677246094
DBAASPS_16823,0.00215336075052619
DBAASPS_16824,0.06666117161512375
DBAASPS_16825,0.016152609139680862
DBAASPS_16826,0.00608783308416605
DBAASPS_16828,
DBAASPS_16833,
DBAASPS_16835,
DBAASPS_16836,
DBAASPS_16842,
DBAASPN_16843,
DBAASPS_16845,0.025179844349622726
DBAASPS_16846,0.8087394833564758
DBAASPS_16847,0.43685492873191833
DBAASPS_16849,0.9997054934501648
DBAASPS_16850,0.9990466833114624
DBAASPS_16855,0.9750299453735352
DBAASPS_16856,0.9917021989822388
DBAASPS_16857,0.9989643096923828
DBAASPS_16858,0.9991094470024109
DBAASPS_16859,0.9999635815620422
DBAASPS_16860,0.9999933242797852
DBAASPS_16861,0.9996390342712402
DBAASPS_16862,0.9998327493667603
DBAASPS_16863,0.8301317095756531
DBAASPS_16864,
DBAASPS_16865,0.9024405479431152
DBAASPS_16866,0.9789053201675415
DBAASPS_16867,0.9654837846755981
DBAASPS_16868,0.9765090942382812
DBAASPS_16869,0.9959291219711304
DBAASPS_16870,0.9995030164718628
DBAASPS_16871,
DBAASPS_16872,0.9799171686172485
DBAASPS_16873,0.9594576954841614
DBAASPS_16874,0.9920886754989624
DBAASPS_16875,0.9840309023857117
DBAASPS_16876,
DBAASPS_16877,0.9340697526931763
DBAASPS_16878,0.9726355671882629
DBAASPS_16879,0.9998453855514526
DBAASPS_16880,0.9911161661148071
DBAASPS_16881,0.9675205945968628
DBAASPS_16882,0.9967848658561707
DBAASPS_16883,
DBAASPS_16884,
DBAASPS_16886,0.9394257664680481
DBAASPS_16887,0.9986774325370789
DBAASPS_16892,0.9999917149543762
DBAASPS_16893,0.9648299217224121
DBAASPS_16894,0.9995733499526978
DBAASPS_16895,0.9995399713516235
DBAASPS_16896,0.9996343851089478
DBAASPS_16897,0.9994196891784668
DBAASPS_16898,0.9994865655899048
DBAASPS_16899,0.7086914777755737
DBAASPS_16900,0.5939022302627563
DBAASPS_16901,0.3652722239494324
DBAASPS_16903,0.25285595655441284
DBAASPS_16904,0.9997227787971497
DBAASPS_16905,0.9970270991325378
DBAASPS_16917,0.9988619685173035
DBAASPS_16919,0.09964354336261749
DBAASPS_16922,0.9941421747207642
DBAASPS_16923,0.9282953143119812
DBAASPS_16924,0.9995737075805664
DBAASPS_16925,0.9896952509880066
DBAASPS_16926,0.49971804022789
DBAASPS_16927,0.9519426226615906
DBAASPS_16941,0.9811997413635254
DBAASPS_16951,0.8369186520576477
DBAASPS_16952,0.9326372146606445
DBAASPS_16953,0.9958139657974243
DBAASPS_16954,0.9747074842453003
DBAASPS_16956,0.9816790819168091
DBAASPS_16957,0.972202479839325
DBAASPS_16976,0.9268884658813477
DBAASPS_16977,0.7778142690658569
DBAASPS_16993,0.9996906518936157
DBAASPS_16994,0.9990631937980652
DBAASPS_16995,0.9964739084243774
DBAASPS_16996,0.9890764355659485
DBAASPS_16997,0.9931219220161438
DBAASPS_16998,0.9984441995620728
DBAASPS_16999,0.9984947443008423
DBAASPS_17000,0.9982109069824219
DBAASPS_17001,0.9964683651924133
DBAASPS_17002,0.9960950613021851
DBAASPS_17004,0.9972176551818848
DBAASPS_17005,0.9991216659545898
DBAASPS_17006,0.999882698059082
DBAASPS_17007,0.9986621737480164
DBAASPS_17008,0.9955629110336304
DBAASPS_17009,0.9992643594741821
DBAASPS_17010,0.9979459047317505
DBAASPS_17011,0.9988899230957031
DBAASPS_17012,0.9993406534194946
DBAASPS_17013,0.9985841512680054
DBAASPS_17018,0.09134115278720856
DBAASPS_17019,0.15262901782989502
DBAASPS_17020,0.11849769204854965
DBAASPS_17021,0.9981181025505066
DBAASPS_17022,0.5394582152366638
DBAASPS_17023,0.9148895144462585
DBAASPS_17025,0.9923539161682129
DBAASPS_17026,0.9900133013725281
DBAASPS_17027,0.9631368517875671
DBAASPS_17028,0.9973443746566772
DBAASPS_17029,0.6743389964103699
DBAASPS_17040,0.9997884631156921
DBAASPS_17041,0.9992070198059082
DBAASPS_17043,0.9995881915092468
DBAASPS_17044,0.9994061589241028
DBAASPS_17087,
DBAASPS_17089,
DBAASPN_17106,
DBAASPN_17107,
DBAASPN_17108,
DBAASPN_17109,
DBAASPS_17110,0.9999884366989136
DBAASPS_17111,0.9998905062675476
DBAASPS_17112,0.9999227523803711
DBAASPN_17113,
DBAASPS_17114,
DBAASPS_17115,0.017992330715060234
DBAASPS_17119,0.9999370574951172
DBAASPS_17120,0.9988263249397278
DBAASPS_17121,0.9987941980361938
DBAASPS_17126,
DBAASPS_17127,
DBAASPS_17128,
DBAASPS_17130,
DBAASPS_17131,
DBAASPS_17132,
DBAASPS_17134,
DBAASPS_17135,0.7094447016716003
DBAASPS_17136,0.991181492805481
DBAASPS_17137,0.9938834309577942
DBAASPS_17138,0.9659494161605835
DBAASPS_17139,0.9315775036811829
DBAASPS_17140,0.8510825037956238
DBAASPS_17141,0.9156798124313354
DBAASPS_17142,0.9931591153144836
DBAASPS_17143,0.8839418292045593
DBAASPS_17144,0.8379882574081421
DBAASPS_17145,0.9699095487594604
DBAASPS_17146,0.9721381068229675
DBAASPS_17147,0.9619466662406921
DBAASPS_17148,0.9456313848495483
DBAASPS_17149,0.7842545509338379
DBAASPS_17150,0.44736284017562866
DBAASPS_17151,0.7405873537063599
DBAASPS_17152,0.7436403036117554
DBAASPS_17153,0.8072668313980103
DBAASPS_17154,0.8871631622314453
DBAASPS_17155,0.7899876832962036
DBAASPS_17156,0.4210219979286194
DBAASPS_17157,0.9237121343612671
DBAASPS_17158,0.6800639629364014
DBAASPS_17159,0.6675819754600525
DBAASPS_17160,0.7765648365020752
DBAASPS_17161,0.7448519468307495
DBAASPS_17162,0.2332691252231598
DBAASPS_17163,0.7163152098655701
DBAASPS_17164,0.3664577007293701
DBAASPS_17165,0.47804340720176697
DBAASPS_17166,0.9143365025520325
DBAASPS_17167,0.9882936477661133
DBAASPS_17168,0.963374137878418
DBAASPS_17169,0.996944785118103
DBAASPS_17170,0.9154523015022278
DBAASPS_17171,0.5135290622711182
DBAASPS_17172,0.681074857711792
DBAASPS_17173,0.4888060688972473
DBAASPS_17174,0.7131286859512329
DBAASPS_17175,0.704460620880127
DBAASPS_17176,0.8028770685195923
DBAASPS_17177,0.9975205659866333
DBAASPS_17178,0.9908264875411987
DBAASPS_17179,0.8034499287605286
DBAASPS_17180,0.8198539018630981
DBAASPS_17183,0.058861665427684784
DBAASPS_17184,0.9996641874313354
DBAASPN_17205,
DBAASPN_17206,
DBAASPS_17214,
DBAASPS_17215,
DBAASPS_17218,0.9988484382629395
DBAASPS_17219,0.9987543821334839
DBAASPS_17220,0.9784994125366211
DBAASPS_17221,0.9963862299919128
DBAASPS_17222,0.9950882196426392
DBAASPS_17223,0.9890381693840027
DBAASPS_17224,0.9994063377380371
DBAASPS_17225,0.9987203478813171
DBAASPS_17226,0.9991427659988403
DBAASPS_17233,0.8510724306106567
DBAASPS_17236,0.9994306564331055
DBAASPS_17239,0.9996830224990845
DBAASPS_17240,0.8651764988899231
DBAASPS_17241,0.7318434715270996
DBAASPS_17242,0.9981504678726196
DBAASPS_17243,0.7963041067123413
DBAASPS_17245,0.9585833549499512
DBAASPS_17246,0.7861188054084778
DBAASPS_17247,0.9985114336013794
DBAASPS_17248,0.9996157884597778
DBAASPS_17249,0.9013509750366211
DBAASPS_17250,0.9996861219406128
DBAASPS_17251,0.9988678097724915
DBAASPS_17252,0.998538613319397
DBAASPS_17253,0.9972621202468872
DBAASPS_17254,0.999698281288147
DBAASPS_17255,0.9964610934257507
DBAASPS_17256,0.9997981190681458
DBAASPS_17257,
DBAASPS_17274,0.9513221979141235
DBAASPS_17275,0.9996916055679321
DBAASPS_17276,0.9990195035934448
DBAASPS_17277,0.9990801811218262
DBAASPS_17278,0.3827170729637146
DBAASPS_17279,0.99529629945755
DBAASPS_17280,0.9794297218322754
DBAASPS_17283,0.8644304275512695
DBAASPS_17285,0.908519446849823
DBAASPS_17287,0.8926372528076172
DBAASPS_17289,0.8565742373466492
DBAASPS_17290,0.900568962097168
DBAASPS_17292,0.9347640872001648
DBAASPS_17294,0.9825581312179565
DBAASPS_17296,0.9287327527999878
DBAASPS_17298,0.925174355506897
DBAASPS_17300,0.9457690119743347
DBAASPS_17301,0.9866603016853333
DBAASPS_17303,0.9712093472480774
DBAASPS_17304,0.974289059638977
DBAASPS_17305,0.917326807975769
DBAASPS_17306,0.9975929260253906
DBAASPS_17307,0.9870554208755493
DBAASPS_17308,0.9973878860473633
DBAASPS_17309,0.9994004368782043
DBAASPS_17312,0.9471133947372437
DBAASPS_17313,0.8972389101982117
DBAASPS_17314,
DBAASPS_17315,0.9950729608535767
DBAASPS_17318,0.0049663688987493515
DBAASPS_17319,0.7555043697357178
DBAASPS_17320,0.7571775913238525
DBAASPS_17321,0.5635703802108765
DBAASPS_17322,0.9325525164604187
DBAASPS_17323,0.9085860252380371
DBAASPS_17336,0.8701319694519043
DBAASPR_17337,0.12942586839199066
DBAASPS_17351,0.996749222278595
DBAASPS_17352,0.999650776386261
DBAASPS_17353,0.9999530911445618
DBAASPS_17354,0.9942436218261719
DBAASPS_17355,0.9999594688415527
DBAASPS_17356,0.9999276995658875
DBAASPS_17357,0.999707043170929
DBAASPS_17358,0.9999839663505554
DBAASPS_17359,0.9848679304122925
DBAASPS_17381,
DBAASPS_17383,0.7662569880485535
DBAASPS_17384,0.9798210859298706
DBAASPS_17385,0.8881092071533203
DBAASPS_17386,0.9446002244949341
DBAASPS_17387,0.9853676557540894
DBAASPS_17388,0.8051953315734863
DBAASPR_17389,0.5776258707046509
DBAASPS_17397,0.3653646409511566
DBAASPS_17398,0.9891067743301392
DBAASPS_17400,0.8314995765686035
DBAASPS_17401,0.2644675374031067
DBAASPS_17403,0.9994795918464661
DBAASPS_17404,0.9998857378959656
DBAASPS_17405,0.9991428256034851
DBAASPS_17408,0.9995616674423218
DBAASPS_17409,
DBAASPS_17411,0.9956172704696655
DBAASPS_17412,0.9989534616470337
DBAASPS_17413,0.9981015920639038
DBAASPS_17414,0.9976431727409363
DBAASPS_17415,0.9506770968437195
DBAASPS_17416,0.9985478520393372
DBAASPS_17417,0.9976112246513367
DBAASPS_17419,0.9794725179672241
DBAASPS_17421,0.16771245002746582
DBAASPS_17422,0.5429096817970276
DBAASPS_17423,0.40746617317199707
DBAASPS_17426,0.8490839004516602
DBAASPS_17428,0.8504070043563843
DBAASPS_17430,0.14962324500083923
DBAASPS_17431,0.7048525214195251
DBAASPS_17432,0.8695065379142761
DBAASPS_17434,0.7396036982536316
DBAASPS_17435,
DBAASPS_17436,0.7568467855453491
DBAASPS_17437,0.6984425783157349
DBAASPS_17439,0.4553109109401703
DBAASPS_17448,0.9958304166793823
DBAASPS_17449,0.9983166456222534
DBAASPS_17450,0.6422122120857239
DBAASPS_17451,0.26763707399368286
DBAASPS_17453,0.0450332835316658
DBAASPS_17456,0.5016297101974487
DBAASPS_17458,0.8587791323661804
DBAASPS_17459,
DBAASPS_17460,
DBAASPS_17461,0.4057818353176117
DBAASPS_17462,
DBAASPS_17463,
DBAASPS_17464,
DBAASPS_17465,0.2253226935863495
DBAASPS_17466,0.46161478757858276
DBAASPS_17467,0.6737104654312134
DBAASPS_17468,0.3343254029750824
DBAASPS_17469,0.3729543685913086
DBAASPS_17470,0.9998566508293152
DBAASPS_17471,0.9998914003372192
DBAASPS_17472,0.9387973546981812
DBAASPS_17473,0.6476262807846069
DBAASPS_17474,0.39778274297714233
DBAASPS_17475,0.8248890042304993
DBAASPS_17476,0.8847602009773254
DBAASPS_17477,0.5092865824699402
DBAASPS_17478,0.12729552388191223
DBAASPS_17479,0.08926456421613693
DBAASPS_17480,0.1010393500328064
DBAASPS_17481,0.5511106252670288
DBAASPS_17482,0.7970752120018005
DBAASPS_17484,0.9783770442008972
DBAASPS_17486,0.9734614491462708
DBAASPS_17488,0.9951095581054688
DBAASPS_17490,0.9806373715400696
DBAASPS_17492,0.5128511190414429
DBAASPS_17494,0.6820698976516724
DBAASPS_17496,0.5735384821891785
DBAASPS_17500,0.8116462826728821
DBAASPS_17501,0.6477059125900269
DBAASPS_17502,0.7774568200111389
DBAASPS_17503,0.8590108156204224
DBAASPS_17504,0.8130200505256653
DBAASPS_17505,0.9823213815689087
DBAASPS_17506,0.9668611288070679
DBAASPS_17507,0.9954843521118164
DBAASPS_17508,0.9944860339164734
DBAASPS_17509,0.9892999529838562
DBAASPS_17510,0.978019118309021
DBAASPS_17511,0.9902873039245605
DBAASPS_17512,0.9935245513916016
DBAASPS_17514,0.991902232170105
DBAASPS_17515,0.9997032880783081
DBAASPS_17517,0.9984046816825867
DBAASPS_17520,0.9992984533309937
DBAASPS_17521,0.9985345005989075
DBAASPS_17522,0.9995388984680176
DBAASPS_17524,0.9983469843864441
DBAASPS_17525,0.9960840940475464
DBAASPR_17526,0.9998079538345337
DBAASPS_17532,0.9969317317008972
DBAASPS_17533,
DBAASPS_17534,
DBAASPS_17535,
DBAASPS_17537,
DBAASPS_17538,
DBAASPS_17540,
DBAASPS_17544,0.9991611242294312
DBAASPS_17545,0.9997678995132446
DBAASPS_17546,0.9994813799858093
DBAASPS_17547,0.9556655883789062
DBAASPS_17548,0.9656917452812195
DBAASPS_17549,0.9999700784683228
DBAASPR_17552,0.9986408948898315
DBAASPS_17553,0.017985090613365173
DBAASPS_17554,0.10639156401157379
DBAASPS_17555,0.4994179308414459
DBAASPS_17556,0.4956590235233307
DBAASPS_17557,0.2935970425605774
DBAASPS_17558,0.000537982617970556
DBAASPS_17559,0.6196683645248413
DBAASPS_17560,0.38943272829055786
DBAASPS_17561,0.7579015493392944
DBAASPS_17562,0.9491868019104004
DBAASPS_17563,0.018402881920337677
DBAASPR_17566,0.9998211860656738
DBAASPS_17567,0.9996787309646606
DBAASPS_17568,0.9995759129524231
DBAASPS_17569,0.9997926950454712
DBAASPS_17570,0.9996790885925293
DBAASPS_17571,0.9995319247245789
DBAASPS_17572,0.9980529546737671
DBAASPS_17573,0.9993635416030884
DBAASPS_17574,0.9972040057182312
DBAASPS_17575,
DBAASPS_17585,0.9951120615005493
DBAASPS_17586,0.9805858731269836
DBAASPS_17587,0.970026969909668
DBAASPS_17588,0.5540457963943481
DBAASPS_17589,0.9788306951522827
DBAASPS_17590,0.9836657643318176
DBAASPS_17591,0.8963040113449097
DBAASPS_17593,0.9862748384475708
DBAASPS_17594,0.7271062731742859
DBAASPS_17595,0.5076965093612671
DBAASPS_17596,0.9761401414871216
DBAASPS_17597,0.9978803396224976
DBAASPS_17598,0.9935551881790161
DBAASPS_17599,0.989941418170929
DBAASPS_17600,0.9998425245285034
DBAASPS_17601,0.947811484336853
DBAASPS_17602,
DBAASPS_17603,0.8337671160697937
DBAASPS_17604,
DBAASPS_17605,0.7999526262283325
DBAASPS_17606,
DBAASPS_17607,0.3125612139701843
DBAASPS_17608,0.5911910533905029
DBAASPS_17609,
DBAASPS_17610,0.9569991230964661
DBAASPS_17611,0.6984635591506958
DBAASPS_17612,0.9983882904052734
DBAASPS_17613,0.9603783488273621
DBAASPS_17614,0.9999691247940063
DBAASPS_17618,0.427695095539093
DBAASPS_17619,0.7821153998374939
DBAASPS_17620,0.07431098818778992
DBAASPS_17621,0.13617587089538574
DBAASPS_17622,0.3118794560432434
DBAASPS_17624,0.2671664357185364
DBAASPS_17625,0.9579404592514038
DBAASPS_17626,0.9533618092536926
DBAASPS_17627,0.12028913199901581
DBAASPS_17629,0.33768051862716675
DBAASPS_17630,0.1828152984380722
DBAASPS_17631,0.19546234607696533
DBAASPS_17632,0.41903895139694214
DBAASPS_17633,0.08607610315084457
DBAASPS_17635,0.9944509267807007
DBAASPS_17636,0.9958372116088867
DBAASPS_17637,0.916551947593689
DBAASPS_17638,
DBAASPS_17639,0.8502515554428101
DBAASPS_17640,
DBAASPS_17652,0.5314890146255493
DBAASPS_17653,0.5194425582885742
DBAASPS_17654,0.7129052877426147
DBAASPS_17655,0.88116854429245
DBAASPS_17656,0.998451828956604
DBAASPS_17657,0.9894007444381714
DBAASPS_17658,0.9942535161972046
DBAASPS_17659,0.9995840787887573
DBAASPS_17660,0.8966224789619446
DBAASPS_17661,0.9958369135856628
DBAASPS_17662,0.8837164044380188
DBAASPS_17663,0.9989384412765503
DBAASPS_17664,0.9989460110664368
DBAASPS_17665,0.9983624219894409
DBAASPS_17666,0.9992761611938477
DBAASPS_17667,0.6566582918167114
DBAASPS_17668,0.9672784805297852
DBAASPS_17669,
DBAASPS_17671,
DBAASPS_17673,0.9999202489852905
DBAASPS_17674,0.9999717473983765
DBAASPS_17675,0.7932260632514954
DBAASPS_17676,0.7804394960403442
DBAASPS_17677,0.7891422510147095
DBAASPS_17678,0.9992460012435913
DBAASPS_17680,0.9987376928329468
DBAASPS_17681,0.9993743896484375
DBAASPS_17682,0.9994370341300964
DBAASPS_17683,0.9999175071716309
DBAASPS_17684,0.9996601343154907
DBAASPS_17685,0.9998462796211243
DBAASPS_17686,0.9996169805526733
DBAASPS_17687,0.9999607801437378
DBAASPS_17688,0.9969053268432617
DBAASPS_17689,0.9982579946517944
DBAASPS_17690,0.9989031553268433
DBAASPS_17691,0.9999496340751648
DBAASPS_17692,0.9997569918632507
DBAASPS_17693,0.9999648332595825
DBAASPS_17694,0.999912440776825
DBAASPS_17695,0.99998939037323
DBAASPS_17696,0.9845331907272339
DBAASPS_17697,0.9990328550338745
DBAASPS_17698,0.9993308782577515
DBAASPS_17699,0.9999184608459473
DBAASPS_17704,
DBAASPS_17705,
DBAASPS_17706,0.9976552724838257
DBAASPS_17707,
DBAASPS_17708,
DBAASPS_17712,0.9106478691101074
DBAASPS_17713,
DBAASPS_17714,
DBAASPS_17718,
DBAASPS_17719,
DBAASPS_17720,0.987693190574646
DBAASPS_17721,0.9955198168754578
DBAASPS_17722,0.9915102124214172
DBAASPS_17723,0.9929684400558472
DBAASPS_17724,0.9988266229629517
DBAASPS_17727,
DBAASPS_17730,
DBAASPS_17745,0.028209000825881958
DBAASPS_17746,0.28239500522613525
DBAASPS_17747,0.08405213057994843
DBAASPS_17748,0.4544987678527832
DBAASPS_17749,0.08330903947353363
DBAASPS_17750,0.26920047402381897
DBAASPS_17751,0.06509445607662201
DBAASPS_17752,0.9150543212890625
DBAASPS_17753,0.11800514161586761
DBAASPS_17754,0.04191648215055466
DBAASPS_17755,0.02517038583755493
DBAASPS_17756,0.10076753050088882
DBAASPS_17757,0.30246978998184204
DBAASPS_17758,0.12000016123056412
DBAASPS_17759,0.4146087169647217
DBAASPS_17760,0.524042546749115
DBAASPS_17761,0.0025866387877613306
DBAASPS_17762,0.09586929529905319
DBAASPS_17763,0.05261506512761116
DBAASPS_17764,0.07068024575710297
DBAASPS_17765,0.41710859537124634
DBAASPS_17766,0.0017471469473093748
DBAASPS_17767,0.13724370300769806
DBAASPS_17768,0.5219525098800659
DBAASPS_17770,0.023980971425771713
DBAASPS_17771,0.3650953769683838
DBAASPS_17772,0.1483992636203766
DBAASPS_17773,0.009521606378257275
DBAASPS_17774,0.5474902391433716
DBAASPS_17775,0.08436043560504913
DBAASPS_17776,0.30731040239334106
DBAASPS_17777,7.048477709759027e-05
DBAASPS_17778,0.0019522259244695306
DBAASPS_17804,0.6775453090667725
DBAASPS_17805,0.022856328636407852
DBAASPS_17806,0.038901615887880325
DBAASPS_17807,0.24928149580955505
DBAASPS_17808,0.06706670671701431
DBAASPS_17814,0.42496246099472046
DBAASPS_17815,0.9142259359359741
DBAASPS_17816,0.8118982315063477
DBAASPS_17817,0.6402655839920044
DBAASPS_17818,0.9937250018119812
DBAASPS_17819,0.9768838882446289
DBAASPS_17820,0.9655488729476929
DBAASPS_17821,0.9977167248725891
DBAASPS_17822,0.9841436147689819
DBAASPS_17823,0.9983277320861816
DBAASPS_17824,0.6602784395217896
DBAASPS_17829,0.9998396635055542
DBAASPS_17832,0.9997339248657227
DBAASPS_17835,0.99700528383255
DBAASPS_17837,0.9991464614868164
DBAASPS_17839,0.9973028898239136
DBAASPS_17847,0.9998992681503296
DBAASPS_17853,0.9995330572128296
DBAASPS_17854,0.999900221824646
DBAASPS_17855,0.9993642568588257
DBAASPS_17856,0.9999662637710571
DBAASPS_17857,0.9999369382858276
DBAASPS_17858,0.9999887347221375
DBAASPS_17859,0.9850963354110718
DBAASPS_17860,0.999926745891571
DBAASPS_17861,0.9999723434448242
DBAASPS_17862,0.9999960064888
DBAASPS_17863,0.999987006187439
DBAASPS_17864,0.9999247789382935
DBAASPS_17865,0.999986469745636
DBAASPS_17866,0.999407947063446
DBAASPS_17867,0.9999567270278931
DBAASPS_17868,0.9999929666519165
DBAASPS_17869,0.9999845623970032
DBAASPS_17870,0.9999868273735046
DBAASPS_17871,0.999830424785614
DBAASPS_17872,0.9999924898147583
DBAASPS_17873,0.9975686073303223
DBAASPS_17874,0.9999977350234985
DBAASPS_17883,0.27592557668685913
DBAASPS_17888,
DBAASPS_17889,
DBAASPS_17890,
DBAASPS_17891,
DBAASPS_17892,
DBAASPS_17893,
DBAASPS_17894,
DBAASPS_17895,
DBAASPS_17896,
DBAASPS_17897,
DBAASPS_17898,
DBAASPS_17899,
DBAASPS_17900,
DBAASPS_17901,
DBAASPS_17902,
DBAASPS_17903,
DBAASPS_17904,
DBAASPS_17905,
DBAASPS_17906,
DBAASPS_17907,
DBAASPS_17908,
DBAASPS_17909,
DBAASPS_17910,0.9941000938415527
DBAASPS_17911,0.9983871579170227
DBAASPS_17912,
DBAASPS_17913,
DBAASPS_17914,0.9948471784591675
DBAASPS_17916,0.9998016357421875
DBAASPS_17924,
DBAASPS_17925,
DBAASPS_17926,
DBAASPS_17927,
DBAASPS_17929,0.9999701380729675
DBAASPS_17930,0.9999977350234985
DBAASPS_17931,0.9984683990478516
DBAASPS_17932,0.9999648332595825
DBAASPS_17936,0.034467823803424835
DBAASPS_17937,0.8831671476364136
DBAASPS_17938,0.9997455477714539
DBAASPS_17939,0.9999507665634155
DBAASPS_17940,0.9995346069335938
DBAASPS_17941,0.9996379017829895
DBAASPS_17942,0.9987443685531616
DBAASPS_17943,0.99921715259552
DBAASPS_17944,0.9995206594467163
DBAASPS_17945,0.999313235282898
DBAASPS_17946,0.9997655749320984
DBAASPS_17947,0.9990194439888
DBAASPS_17948,0.9995853304862976
DBAASPS_17949,0.9998927116394043
DBAASPS_17950,0.9983078241348267
DBAASPS_17951,0.9991585612297058
DBAASPS_17952,0.9981529116630554
DBAASPS_17953,0.9797326326370239
DBAASPS_17954,0.9995676875114441
DBAASPS_17955,0.9949182271957397
DBAASPS_17956,0.9980343580245972
DBAASPS_17957,0.9995445013046265
DBAASPS_17958,0.9974516034126282
DBAASPS_17959,0.9988859295845032
DBAASPS_17960,0.9989194869995117
DBAASPS_17961,0.9998947381973267
DBAASPS_17962,0.9986168742179871
DBAASPS_17963,0.9992471933364868
DBAASPS_17964,0.9995242953300476
DBAASPS_17965,0.9991006851196289
DBAASPS_17966,0.9959562420845032
DBAASPS_17967,0.9977986216545105
DBAASPS_17968,0.9979976415634155
DBAASPS_17969,0.997448742389679
DBAASPS_17970,0.9969498515129089
DBAASPS_17971,0.9840748906135559
DBAASPS_17972,0.9977949857711792
DBAASPS_17973,0.9998752474784851
DBAASPS_17974,0.9989718198776245
DBAASPS_17977,0.8348186612129211
DBAASPS_17978,0.998914897441864
DBAASPS_17979,0.9993459582328796
DBAASPS_17980,0.9990571737289429
DBAASPS_17981,0.9973670244216919
DBAASPS_17982,0.9718769788742065
DBAASPS_17990,0.786130428314209
DBAASPS_17991,0.009162330999970436
DBAASPS_18012,
DBAASPS_18013,
DBAASPS_18014,
DBAASPS_18015,
DBAASPS_18016,
DBAASPS_18017,
DBAASPS_18018,
DBAASPS_18019,
DBAASPS_18020,
DBAASPS_18021,
DBAASPS_18022,
DBAASPS_18023,
DBAASPS_18025,0.934731125831604
DBAASPS_18026,0.04127922281622887
DBAASPS_18027,0.02114022709429264
DBAASPS_18028,
DBAASPS_18036,0.999474823474884
DBAASPS_18037,0.996786892414093
DBAASPS_18038,0.9992852210998535
DBAASPS_18039,0.9998035430908203
DBAASPS_18040,0.995539665222168
DBAASPS_18041,0.9697566032409668
DBAASPS_18042,0.9997459650039673
DBAASPS_18043,0.999955952167511
DBAASPS_18044,0.9998522996902466
DBAASPS_18045,0.9999443888664246
DBAASPS_18046,0.9999768137931824
DBAASPS_18047,0.9999321103096008
DBAASPS_18048,0.9999998211860657
DBAASPS_18049,0.9991213083267212
DBAASPS_18051,0.9569891691207886
DBAASPS_18052,0.9783523678779602
DBAASPS_18053,0.9933120608329773
DBAASPS_18054,0.16442610323429108
DBAASPS_18055,0.7972486615180969
DBAASPS_18056,0.7058776617050171
DBAASPS_18057,0.1904442012310028
DBAASPS_18058,0.9981123208999634
DBAASPS_18059,0.8054119944572449
DBAASPS_18060,0.9955548048019409
DBAASPS_18061,0.9636815786361694
DBAASPS_18062,0.997885525226593
DBAASPS_18063,0.05565980076789856
DBAASPS_18064,0.995822548866272
DBAASPS_18065,0.006512603722512722
DBAASPS_18066,0.9970458149909973
DBAASPS_18067,0.9998782873153687
DBAASPS_18068,0.8897407650947571
DBAASPS_18069,0.9934703707695007
DBAASPS_18073,0.9970065951347351
DBAASPS_18074,0.7364446520805359
DBAASPS_18075,0.755277693271637
DBAASPS_18079,0.8982721567153931
DBAASPS_18080,0.9913281202316284
DBAASPS_18081,0.9978753924369812
DBAASPS_18082,0.993043065071106
DBAASPS_18083,0.9952275156974792
DBAASPS_18084,0.958177387714386
DBAASPS_18085,0.8178665041923523
DBAASPS_18086,0.9835928678512573
DBAASPS_18087,0.9992426037788391
DBAASPS_18088,0.9850177764892578
DBAASPS_18089,0.9901749491691589
DBAASPS_18090,0.9863926768302917
DBAASPS_18092,0.9961243867874146
DBAASPS_18104,0.7592530846595764
DBAASPS_18105,0.9158156514167786
DBAASPS_18106,0.09885169565677643
DBAASPS_18108,0.14088508486747742
DBAASPS_18110,0.7461912035942078
DBAASPS_18111,0.997220516204834
DBAASPS_18112,0.9548807144165039
DBAASPS_18114,0.991543173789978
DBAASPS_18115,0.9998605847358704
DBAASPS_18121,0.9999208450317383
DBAASPS_18122,0.9998621940612793
DBAASPS_18123,0.9998838305473328
DBAASPS_18124,0.9998204112052917
DBAASPS_18125,0.9998849630355835
DBAASPS_18126,0.9996999502182007
DBAASPS_18127,0.99994295835495
DBAASPS_18129,0.9999076724052429
DBAASPS_18130,0.9997973442077637
DBAASPS_18131,0.999576210975647
DBAASPS_18132,0.9998696446418762
DBAASPS_18133,0.9999756813049316
DBAASPS_18134,0.9999914169311523
DBAASPS_18135,0.9998955726623535
DBAASPS_18136,0.9999932050704956
DBAASPS_18137,0.9999621510505676
DBAASPS_18138,0.9999905824661255
DBAASPS_18139,0.9999958276748657
DBAASPS_18149,
DBAASPR_18152,0.9853219985961914
DBAASPS_18153,0.8658841848373413
DBAASPS_18154,0.9755291938781738
DBAASPR_18156,0.9129294157028198
DBAASPR_18157,0.9836727380752563
DBAASPR_18158,0.9172123074531555
DBAASPR_18159,0.9544194936752319
DBAASPR_18160,0.972146213054657
DBAASPS_18161,0.9996271133422852
DBAASPS_18162,0.9991430044174194
DBAASPS_18163,0.9987594485282898
DBAASPS_18164,0.999468982219696
DBAASPS_18165,0.9981105923652649
DBAASPS_18166,0.9968557357788086
DBAASPS_18167,0.9996360540390015
DBAASPS_18168,0.9877088665962219
DBAASPS_18171,0.9852653741836548
DBAASPS_18172,0.9908798933029175
DBAASPS_18175,0.999132513999939
DBAASPS_18176,0.997026264667511
DBAASPS_18179,
DBAASPS_18180,
DBAASPS_18181,
DBAASPS_18182,0.994316577911377
DBAASPS_18184,0.9897967576980591
DBAASPS_18190,0.9918652772903442
DBAASPS_18191,0.9998388290405273
DBAASPR_18200,0.40831390023231506
DBAASPS_18202,0.025372732430696487
DBAASPS_18203,0.5687342882156372
DBAASPS_18204,0.9958351254463196
DBAASPS_18205,0.705186665058136
DBAASPN_18208,
DBAASPR_18210,0.9974311590194702
DBAASPS_18213,0.992249608039856
DBAASPS_18214,0.9971643686294556
DBAASPS_18215,0.7381236553192139
DBAASPR_18216,0.9985491633415222
DBAASPS_18217,0.7821958661079407
DBAASPS_18218,0.6536765694618225
DBAASPS_18219,0.6886485815048218
DBAASPS_18220,0.13420343399047852
DBAASPS_18221,0.18013378977775574
DBAASPS_18222,0.02771584317088127
DBAASPS_18224,0.893107533454895
DBAASPS_18225,0.9424804449081421
DBAASPS_18226,0.8202390670776367
DBAASPS_18227,0.8342437744140625
DBAASPS_18228,0.6480265855789185
DBAASPS_18229,0.6591427326202393
DBAASPS_18230,0.42862653732299805
DBAASPR_18234,0.8248093724250793
DBAASPS_18238,
DBAASPS_18245,
DBAASPS_18249,
DBAASPR_18250,0.3451288044452667
DBAASPS_18254,
DBAASPS_18261,0.9846296310424805
DBAASPS_18262,0.9894964098930359
DBAASPS_18263,0.9979338645935059
DBAASPS_18264,0.9994104504585266
DBAASPS_18288,0.9987626075744629
DBAASPS_18289,
DBAASPS_18293,0.9987356066703796
DBAASPS_18294,0.9998269081115723
DBAASPS_18295,0.9454997777938843
DBAASPR_18296,0.6290663480758667
DBAASPS_18297,0.9977362751960754
DBAASPS_18298,0.9999055862426758
DBAASPS_18299,0.9868019223213196
DBAASPN_18305,0.4994227886199951
DBAASPS_18306,0.8820360898971558
DBAASPS_18308,
DBAASPS_18309,
DBAASPS_18310,
DBAASPS_18311,0.013578486628830433
DBAASPS_18312,0.022178547456860542
DBAASPS_18313,0.00011113027721876279
DBAASPS_18314,0.4736596941947937
DBAASPR_18316,0.9493275880813599
DBAASPS_18320,0.9008859395980835
DBAASPS_18321,
DBAASPS_18322,
DBAASPS_18323,0.9874809980392456
DBAASPS_18324,0.3032606542110443
DBAASPS_18325,0.9999715685844421
DBAASPS_18326,0.9999898076057434
DBAASPS_18327,0.999947726726532
DBAASPS_18328,0.9999306797981262
DBAASPS_18329,0.9999650716781616
DBAASPS_18330,0.9999585151672363
DBAASPS_18331,0.9999403953552246
DBAASPS_18340,0.9855125546455383
DBAASPS_18343,0.921573281288147
DBAASPS_18344,
DBAASPR_18347,0.9960595369338989
DBAASPS_18348,0.9990404844284058
DBAASPS_18349,0.9349106550216675
DBAASPS_18350,0.2523770034313202
DBAASPS_18351,0.22472365200519562
DBAASPS_18352,0.0481189489364624
DBAASPS_18353,0.04007643461227417
DBAASPS_18354,0.2283705770969391
DBAASPS_18355,0.9706794619560242
DBAASPS_18356,0.885269045829773
DBAASPS_18357,0.2036624699831009
DBAASPS_18358,0.0011914350325241685
DBAASPS_18359,0.057071197777986526
DBAASPS_18360,0.9895159602165222
DBAASPS_18362,0.9714680910110474
DBAASPS_18363,0.9850863218307495
DBAASPS_18364,
DBAASPS_18367,0.9984639883041382
DBAASPS_18373,0.9997068643569946
DBAASPS_18374,0.9999384880065918
DBAASPS_18375,0.9993926286697388
DBAASPS_18376,0.9993508458137512
DBAASPS_18377,0.9810905456542969
DBAASPS_18378,0.9995273351669312
DBAASPS_18379,0.9993450045585632
DBAASPS_18380,0.9997016191482544
DBAASPS_18381,0.9999641180038452
DBAASPS_18382,0.9991035461425781
DBAASPS_18383,0.9999138116836548
DBAASPS_18385,0.03205658867955208
DBAASPS_18386,0.9996057748794556
DBAASPS_18387,0.9981540441513062
DBAASPS_18388,0.9941107034683228
DBAASPS_18389,0.9997698068618774
DBAASPS_18390,0.9976531863212585
DBAASPS_18391,0.9942205548286438
DBAASPS_18392,0.9905875325202942
DBAASPS_18393,0.9995201826095581
DBAASPS_18394,0.9997005462646484
DBAASPS_18395,0.9997751116752625
DBAASPS_18396,0.999902606010437
DBAASPS_18397,0.9999274015426636
DBAASPS_18402,
DBAASPS_18404,
DBAASPS_18411,0.9659115076065063
DBAASPS_18412,0.9839494824409485
DBAASPS_18413,0.9985122680664062
DBAASPS_18414,0.9952228665351868
DBAASPN_18421,
DBAASPN_18422,
DBAASPN_18423,
DBAASPN_18425,
DBAASPN_18427,0.22755166888237
DBAASPN_18429,0.5068870186805725
DBAASPN_18430,0.2508578896522522
DBAASPN_18431,0.9219738245010376
DBAASPS_18437,0.910539448261261
DBAASPS_18439,0.9943278431892395
DBAASPS_18441,0.9836729764938354
DBAASPN_18443,
DBAASPN_18444,
DBAASPN_18445,
DBAASPN_18446,
DBAASPN_18447,
DBAASPN_18448,0.5740062594413757
DBAASPN_18456,0.06886208802461624
DBAASPS_18462,0.9931928515434265
DBAASPS_18464,0.9968145489692688
DBAASPS_18465,0.9868669509887695
DBAASPN_18471,0.4000401496887207
DBAASPN_18473,
DBAASPN_18475,
DBAASPN_18476,0.45140203833580017
DBAASPN_18477,0.3682863414287567
DBAASPN_18478,
DBAASPN_18479,
DBAASPN_18484,
DBAASPN_18492,0.00897995289415121
DBAASPS_18493,0.999158501625061
DBAASPS_18494,0.9977918863296509
DBAASPS_18495,0.9950359463691711
DBAASPN_18499,
DBAASPN_18500,
DBAASPN_18501,0.8576170206069946
DBAASPN_18509,
DBAASPN_18518,
DBAASPS_18519,0.9998817443847656
DBAASPS_18520,0.9852672815322876
DBAASPS_18521,0.9843630790710449
DBAASPS_18522,0.9982466697692871
DBAASPS_18523,0.9930175542831421
DBAASPS_18524,0.9763674736022949
DBAASPS_18525,0.9999990463256836
DBAASPN_18534,
DBAASPN_18535,
DBAASPN_18539,
DBAASPN_18558,0.07620169222354889
DBAASPN_18563,0.1264425665140152
DBAASPN_18564,0.23170161247253418
DBAASPN_18565,0.2989976406097412
DBAASPN_18566,0.09191001951694489
DBAASPN_18568,
DBAASPN_18569,
DBAASPN_18570,
DBAASPN_18571,
DBAASPN_18572,
DBAASPS_18576,0.6652507781982422
DBAASPS_18578,9.693561150925234e-05
DBAASPS_18579,0.004754695110023022
DBAASPS_18580,6.860426537969033e-08
DBAASPS_18581,0.00011105715384474024
DBAASPR_18582,0.000603237422183156
DBAASPS_18583,0.00016499721095897257
DBAASPS_18584,0.012241764925420284
DBAASPS_18585,0.0014346055686473846
DBAASPS_18586,0.9965051412582397
DBAASPS_18587,0.6203321814537048
DBAASPS_18588,0.3827570378780365
DBAASPS_18589,0.0342954620718956
DBAASPN_18596,
DBAASPR_18597,0.940498948097229
DBAASPR_18598,0.9922569394111633
DBAASPR_18599,0.9960319399833679
DBAASPR_18601,0.9999128580093384
DBAASPR_18602,0.9998051524162292
DBAASPR_18603,0.8872851133346558
DBAASPR_18604,0.9669653177261353
DBAASPR_18605,0.9999836087226868
DBAASPR_18606,0.9976907968521118
DBAASPR_18607,0.9954927563667297
DBAASPS_18609,0.9625150561332703
DBAASPS_18610,0.971217155456543
DBAASPS_18611,0.9137309193611145
DBAASPS_18612,0.7548176050186157
DBAASPS_18613,0.9943239092826843
DBAASPS_18614,
DBAASPS_18615,
DBAASPS_18616,
DBAASPS_18617,
DBAASPS_18618,
DBAASPS_18619,
DBAASPS_18620,
DBAASPS_18621,
DBAASPS_18622,0.5175949931144714
DBAASPS_18623,0.041096385568380356
DBAASPS_18624,0.2803252339363098
DBAASPS_18626,0.9442955851554871
DBAASPS_18628,0.1585099995136261
DBAASPS_18643,0.6515244841575623
DBAASPS_18644,0.9940017461776733
DBAASPS_18645,0.9999458193778992
DBAASPS_18646,0.9999801516532898
DBAASPS_18647,0.9997791051864624
DBAASPS_18648,0.9999727010726929
DBAASPS_18649,0.9999968409538269
DBAASPS_18650,0.9997185468673706
DBAASPS_18651,0.9998100996017456
DBAASPS_18652,0.9999544024467468
DBAASPS_18653,0.9976487159729004
DBAASPS_18654,0.9965994954109192
DBAASPS_18655,0.9991404414176941
DBAASPS_18656,0.9996122121810913
DBAASPS_18657,0.9980437159538269
DBAASPS_18658,0.9982901811599731
DBAASPS_18659,0.982373833656311
DBAASPS_18660,0.9995962977409363
DBAASPS_18661,0.5666883587837219
DBAASPS_18662,0.5371872186660767
DBAASPS_18663,0.3221631944179535
DBAASPS_18664,0.3594718873500824
DBAASPS_18665,0.3817055821418762
DBAASPS_18666,0.9935512542724609
DBAASPN_18667,
DBAASPS_18668,
DBAASPS_18669,
DBAASPS_18670,
DBAASPR_18682,0.5485348105430603
DBAASPS_18686,0.9996587038040161
DBAASPS_18687,0.9817923307418823
DBAASPS_18688,0.9496697187423706
DBAASPS_18689,0.9508715867996216
DBAASPS_18690,0.995884120464325
DBAASPS_18691,0.9955285787582397
DBAASPS_18692,0.9940174221992493
DBAASPS_18693,0.9956973195075989
DBAASPS_18694,0.9999641180038452
DBAASPS_18695,0.9991017580032349
DBAASPS_18696,0.9985426664352417
DBAASPS_18697,0.9986174702644348
DBAASPN_18702,
DBAASPS_18704,0.9998064041137695
DBAASPS_18707,0.9802395701408386
DBAASPS_18709,0.7078614234924316
DBAASPS_18710,0.9259921908378601
DBAASPN_18711,
DBAASPN_18712,
DBAASPN_18713,
DBAASPN_18717,
DBAASPN_18721,
DBAASPN_18723,
DBAASPN_18725,
DBAASPS_18734,0.9977388381958008
DBAASPS_18735,0.7482603788375854
DBAASPS_18736,0.985012412071228
DBAASPS_18737,0.9916296005249023
DBAASPS_18739,0.9977006912231445
DBAASPS_18743,0.9999145269393921
DBAASPS_18744,
DBAASPS_18745,
DBAASPS_18748,
DBAASPS_18749,
DBAASPS_18750,
DBAASPS_18759,
DBAASPS_18765,
DBAASPS_18768,
DBAASPS_18769,
DBAASPS_18771,
DBAASPS_18773,
DBAASPS_18776,
DBAASPS_18779,
DBAASPR_18781,0.9995525479316711
DBAASPR_18782,0.9991588592529297
DBAASPS_18783,0.999986469745636
DBAASPS_18784,0.999978244304657
DBAASPS_18785,0.9999850988388062
DBAASPS_18788,0.9996837377548218
DBAASPS_18789,0.9998771548271179
DBAASPS_18790,0.9998566508293152
DBAASPS_18798,0.7536413073539734
DBAASPS_18801,
DBAASPS_18803,
DBAASPS_18810,0.9999272227287292
DBAASPS_18811,0.8783537745475769
DBAASPS_18812,0.9869467616081238
DBAASPS_18813,0.9740444421768188
DBAASPS_18814,0.9681557416915894
DBAASPS_18815,0.7877971529960632
DBAASPS_18816,0.9918792843818665
DBAASPS_18817,0.9830399751663208
DBAASPS_18818,0.9011041522026062
DBAASPS_18819,0.9800014495849609
DBAASPS_18820,0.9915106892585754
DBAASPS_18821,0.9908226132392883
DBAASPS_18822,0.9911565780639648
DBAASPS_18824,0.9423043131828308
DBAASPS_18826,0.9104154706001282
DBAASPS_18828,0.9031826853752136
DBAASPS_18830,0.7206919193267822
DBAASPS_18832,0.9834209680557251
DBAASPS_18834,0.9680217504501343
DBAASPS_18835,0.002023900393396616
DBAASPS_18836,0.037244800478219986
DBAASPS_18837,0.0012204215163365006
DBAASPS_18838,0.01194844301789999
DBAASPS_18839,0.1722491979598999
DBAASPS_18840,0.1968996375799179
DBAASPS_18841,0.17840400338172913
DBAASPS_18842,0.20277515053749084
DBAASPS_18843,0.0671563670039177
DBAASPS_18844,0.04220932722091675
DBAASPS_18845,0.15991881489753723
DBAASPS_18846,0.10599031299352646
DBAASPS_18847,0.3536422848701477
DBAASPS_18848,3.800431659328751e-05
DBAASPS_18849,0.6591432690620422
DBAASPS_18850,0.1165969967842102
DBAASPS_18893,0.9999977350234985
DBAASPS_18904,
DBAASPS_18907,0.9944116473197937
DBAASPS_18908,0.9868346452713013
DBAASPS_18909,0.8441334962844849
DBAASPS_18910,0.9941695928573608
DBAASPN_18994,
DBAASPN_18995,
DBAASPN_18996,
DBAASPN_18997,
DBAASPN_18999,
DBAASPN_19000,
DBAASPS_19001,0.9697986841201782
DBAASPR_19004,0.12049216032028198
DBAASPR_19008,0.8888677358627319
DBAASPS_19009,0.8693298101425171
DBAASPS_19010,0.6777241230010986
DBAASPS_19011,0.9914889335632324
DBAASPS_19012,0.9676076769828796
DBAASPS_19013,0.8360511660575867
DBAASPS_19014,0.8503860235214233
DBAASPS_19016,0.9999420046806335
DBAASPS_19017,0.9999772906303406
DBAASPS_19018,
DBAASPR_19019,0.49351197481155396
DBAASPR_19020,0.9800429344177246
DBAASPS_19021,0.6447632908821106
DBAASPS_19022,0.9632375836372375
DBAASPS_19023,0.9998396635055542
DBAASPS_19024,0.9609498977661133
DBAASPS_19025,0.9997105598449707
DBAASPS_19026,0.9990363121032715
DBAASPN_19027,
DBAASPN_19028,
DBAASPS_19035,0.9999162554740906
DBAASPS_19037,
DBAASPS_19038,
DBAASPS_19040,
DBAASPS_19041,
DBAASPS_19042,
DBAASPS_19043,
DBAASPS_19044,
DBAASPN_19066,
DBAASPN_19068,
DBAASPS_19071,0.7971442937850952
DBAASPS_19072,0.9999135732650757
DBAASPS_19073,0.9998847842216492
DBAASPS_19076,0.9823788404464722
DBAASPN_19094,
DBAASPS_19096,0.884135365486145
DBAASPS_19097,0.9946218729019165
DBAASPN_19099,
DBAASPN_19101,
DBAASPS_19103,0.999382495880127
DBAASPS_19110,0.9498476982116699
DBAASPS_19112,0.5940403342247009
DBAASPS_19114,0.7664877772331238
DBAASPS_19119,0.9998832941055298
DBAASPS_19123,0.9999440312385559
DBAASPS_19124,0.998909592628479
DBAASPS_19125,0.9999578595161438
DBAASPS_19126,0.9999924898147583
DBAASPS_19127,0.999710738658905
DBAASPS_19128,0.9720651507377625
DBAASPS_19132,0.9989688992500305
DBAASPS_19133,0.997643768787384
DBAASPS_19134,7.888524123700336e-06
DBAASPS_19135,0.0001270435022888705
DBAASPS_19136,4.8969512135954574e-05
DBAASPS_19137,1.008627896226244e-05
DBAASPS_19138,4.3443432673484494e-07
DBAASPS_19139,5.97589405515464e-07
DBAASPS_19141,0.972989559173584
DBAASPS_19142,0.9583471417427063
DBAASPS_19143,0.960231602191925
DBAASPS_19144,0.9351003766059875
DBAASPR_19147,0.6273446083068848
DBAASPR_19148,0.6962212324142456
DBAASPR_19149,
DBAASPR_19150,0.652866542339325
DBAASPR_19151,0.036303289234638214
DBAASPR_19152,0.3341085612773895
DBAASPS_19153,0.9031416773796082
DBAASPS_19154,0.6594100594520569
DBAASPS_19155,0.9943742752075195
DBAASPS_19156,0.8961164355278015
DBAASPS_19157,0.9854308366775513
DBAASPS_19158,0.45277467370033264
DBAASPR_19162,0.17471963167190552
DBAASPN_19167,
DBAASPN_19168,
DBAASPS_19193,0.9972397685050964
DBAASPS_19196,0.9997472763061523
DBAASPS_19197,0.9998165369033813
DBAASPS_19198,0.967889666557312
DBAASPS_19199,0.9929914474487305
DBAASPS_19200,0.5938276052474976
DBAASPS_19201,0.9719006419181824
DBAASPS_19202,0.8883891105651855
DBAASPS_19203,0.9915317296981812
DBAASPS_19204,0.9970759153366089
DBAASPS_19205,0.9578460454940796
DBAASPS_19206,0.9997636079788208
DBAASPS_19207,0.9966433644294739
DBAASPN_19208,
DBAASPN_19210,
DBAASPN_19211,
DBAASPN_19212,
DBAASPR_19213,0.002306136768311262
DBAASPR_19217,0.861420750617981
DBAASPN_19219,
DBAASPS_19220,0.8354513049125671
DBAASPS_19226,
DBAASPS_19243,0.9999873042106628
DBAASPS_19244,0.9997566938400269
DBAASPS_19245,
DBAASPS_19246,0.9903222322463989
DBAASPR_19247,0.9971325993537903
DBAASPS_19248,0.9990097880363464
DBAASPS_19249,0.9991704821586609
DBAASPS_19250,0.9845051765441895
DBAASPS_19251,0.9979330897331238
DBAASPS_19252,0.9969638586044312
DBAASPS_19253,0.987690269947052
DBAASPS_19254,0.9870546460151672
DBAASPS_19256,0.9958162307739258
DBAASPS_19257,0.9997451901435852
DBAASPS_19263,0.49279847741127014
DBAASPS_19264,0.9854771494865417
DBAASPS_19265,0.5053551197052002
DBAASPS_19269,
DBAASPS_19271,
DBAASPS_19272,
DBAASPS_19273,
DBAASPR_19276,0.10986196994781494
DBAASPS_19283,0.9969755411148071
DBAASPS_19286,0.9993205070495605
DBAASPR_19288,0.9983965158462524
DBAASPR_19289,0.9970405697822571
DBAASPR_19290,0.9721646308898926
DBAASPS_19294,
DBAASPS_19297,
DBAASPS_19298,
DBAASPS_19300,
DBAASPS_19301,0.9882411956787109
DBAASPS_19302,0.6747459769248962
DBAASPS_19303,0.8787981867790222
DBAASPS_19304,0.08400490880012512
DBAASPS_19308,0.9936889410018921
DBAASPS_19309,0.9931641817092896
DBAASPS_19310,0.9661625623703003
DBAASPS_19311,0.7261389493942261
DBAASPS_19312,0.9734336733818054
DBAASPS_19313,0.43826213479042053
DBAASPS_19315,0.988619327545166
DBAASPS_19316,0.9915448427200317
DBAASPS_19318,0.9965302348136902
DBAASPS_19320,
DBAASPS_19321,
DBAASPS_19323,
DBAASPS_19324,0.9985160827636719
DBAASPS_19339,
DBAASPS_19340,
DBAASPS_19343,
DBAASPS_19344,
DBAASPS_19347,
DBAASPS_19348,
DBAASPS_19351,0.9981052279472351
DBAASPS_19352,0.6967248320579529
DBAASPS_19353,0.14870943129062653
DBAASPR_19354,0.9997555017471313
DBAASPS_19355,0.7845718264579773
DBAASPR_19356,0.9842160940170288
DBAASPR_19357,0.9991617202758789
DBAASPR_19359,0.9907673597335815
DBAASPS_19362,0.9883900880813599
DBAASPS_19363,0.9816370010375977
DBAASPS_19364,0.9873627424240112
DBAASPS_19367,0.6281198859214783
DBAASPS_19368,0.6654925346374512
DBAASPS_19369,0.590705394744873
DBAASPS_19370,0.7999682426452637
DBAASPS_19371,0.2593012750148773
DBAASPS_19373,0.7398391962051392
DBAASPS_19374,0.9774534106254578
DBAASPR_19375,0.0059364899061620235
DBAASPS_19376,0.9778629541397095
DBAASPR_19377,0.6294149160385132
DBAASPR_19378,0.3398989140987396
DBAASPR_19379,0.48699045181274414
DBAASPR_19380,0.04114673286676407
DBAASPR_19381,0.5238558650016785
DBAASPR_19382,0.8935675621032715
DBAASPR_19383,0.9077929258346558
DBAASPR_19384,0.07078539580106735
DBAASPR_19385,0.38624706864356995
DBAASPR_19386,0.44926977157592773
DBAASPR_19387,0.9661965370178223
DBAASPR_19388,0.006388390902429819
DBAASPS_19389,0.962702751159668
DBAASPS_19390,0.6741701364517212
DBAASPS_19391,0.26484888792037964
DBAASPS_19392,0.7747416496276855
DBAASPS_19393,0.05094750598073006
DBAASPS_19395,0.04498489946126938
DBAASPS_19396,0.9321891069412231
DBAASPS_19397,0.7310200929641724
DBAASPS_19398,0.49488696455955505
DBAASPS_19399,0.8794506788253784
DBAASPS_19400,0.5361676812171936
DBAASPS_19401,0.6401746869087219
DBAASPS_19402,0.9683400392532349
DBAASPS_19403,0.8176668286323547
DBAASPS_19404,0.7845082879066467
DBAASPS_19405,0.9986513257026672
DBAASPS_19406,0.9814335107803345
DBAASPS_19407,0.948342502117157
DBAASPS_19408,0.46416085958480835
DBAASPS_19409,0.22177883982658386
DBAASPS_19410,0.23202106356620789
DBAASPS_19411,0.7098578810691833
DBAASPS_19412,0.03902090713381767
DBAASPS_19413,0.9983702898025513
DBAASPS_19414,0.8441610336303711
DBAASPS_19415,0.5020188093185425
DBAASPS_19416,0.42430710792541504
DBAASPS_19417,0.24860310554504395
DBAASPS_19429,0.3266436755657196
DBAASPS_19430,0.04147753491997719
DBAASPS_19431,0.4548342823982239
DBAASPS_19432,0.9043871760368347
DBAASPS_19433,0.8222507238388062
DBAASPS_19434,0.9988700151443481
DBAASPS_19435,0.21656306087970734
DBAASPS_19442,0.7620347738265991
DBAASPS_19443,0.7358261346817017
DBAASPS_19444,0.11910148710012436
DBAASPS_19445,0.08980236947536469
DBAASPS_19446,0.1037195548415184
DBAASPS_19448,0.07748191803693771
DBAASPS_19449,0.010737182572484016
DBAASPS_19450,0.030996885150671005
DBAASPS_19451,0.7927044034004211
DBAASPR_19459,0.33534950017929077
DBAASPS_19460,0.014945288188755512
DBAASPS_19461,0.9986133575439453
DBAASPS_19462,0.9994252324104309
DBAASPS_19463,0.9978410601615906
DBAASPS_19464,0.9994863271713257
DBAASPS_19465,0.9989280700683594
DBAASPS_19466,0.9994266629219055
DBAASPS_19467,0.9998869895935059
DBAASPS_19468,0.9993078112602234
DBAASPS_19469,0.9993012547492981
DBAASPS_19470,0.9998177289962769
DBAASPS_19471,0.9998590350151062
DBAASPS_19472,0.9997495412826538
DBAASPS_19473,0.9996930956840515
DBAASPS_19474,0.9999198913574219
DBAASPS_19475,0.999805748462677
DBAASPS_19476,0.99908447265625
DBAASPS_19478,0.9838920831680298
DBAASPS_19479,0.9155275225639343
DBAASPS_19480,0.9913114309310913
DBAASPS_19482,0.12534736096858978
DBAASPS_19483,0.5944238901138306
DBAASPS_19484,0.07385418564081192
DBAASPS_19485,0.9261781573295593
DBAASPS_19486,0.997238278388977
DBAASPS_19487,0.9980144500732422
DBAASPS_19488,0.9995452761650085
DBAASPS_19489,0.995919406414032
DBAASPS_19490,0.998996376991272
DBAASPS_19491,0.9921558499336243
DBAASPS_19492,0.9896107912063599
DBAASPS_19493,0.9986777305603027
DBAASPS_19494,0.9984604716300964
DBAASPS_19495,0.9661335945129395
DBAASPS_19498,0.008245130069553852
DBAASPS_19499,0.005324125289916992
DBAASPS_19500,0.99900883436203
DBAASPS_19501,0.9997109174728394
DBAASPS_19502,0.9993011355400085
DBAASPS_19512,0.9868771433830261
DBAASPS_19516,0.9854216575622559
DBAASPS_19517,0.9808322787284851
DBAASPS_19518,0.6293301582336426
DBAASPS_19519,0.7294948101043701
DBAASPS_19520,0.9982015490531921
DBAASPS_19521,0.9880542755126953
DBAASPS_19522,0.9961060285568237
DBAASPS_19523,0.9689591526985168
DBAASPS_19524,0.993768036365509
DBAASPS_19525,0.7890392541885376
DBAASPS_19526,0.9974393844604492
DBAASPS_19527,0.9993839263916016
DBAASPS_19528,0.9904364347457886
DBAASPN_19546,
DBAASPN_19547,
DBAASPS_19551,0.9996639490127563
DBAASPS_19552,0.9989892840385437
DBAASPS_19553,0.9951508641242981
DBAASPS_19554,0.9735645055770874
DBAASPS_19555,0.9990633726119995
DBAASPS_19556,0.9943994283676147
DBAASPS_19557,0.9973345994949341
DBAASPS_19560,0.9948118329048157
DBAASPS_19561,
DBAASPS_19562,
DBAASPS_19563,
DBAASPS_19564,
DBAASPS_19566,
DBAASPS_19589,0.9485964775085449
DBAASPS_19590,0.8830084800720215
DBAASPS_19591,0.7386811971664429
DBAASPS_19592,0.9844134449958801
DBAASPS_19593,0.9787542223930359
DBAASPS_19594,0.9913414716720581
DBAASPS_19595,0.979897141456604
DBAASPS_19598,0.943388819694519
DBAASPR_19599,0.9704096913337708
DBAASPS_19600,0.9907488822937012
DBAASPR_19601,0.9986312985420227
DBAASPS_19602,0.6522698402404785
DBAASPS_19603,0.9878002405166626
DBAASPS_19604,0.7006095051765442
DBAASPS_19605,0.9952836036682129
DBAASPS_19606,0.4185336232185364
DBAASPS_19607,0.012373295612633228
DBAASPS_19608,0.9885778427124023
DBAASPS_19609,0.8782835006713867
DBAASPS_19610,0.8823321461677551
DBAASPS_19611,0.9152408838272095
DBAASPS_19612,0.9998760223388672
DBAASPS_19613,0.7998332381248474
DBAASPS_19614,0.921363353729248
DBAASPS_19615,0.9743350744247437
DBAASPS_19616,0.9999423027038574
DBAASPS_19617,0.8321727514266968
DBAASPR_19618,0.995400607585907
DBAASPS_19626,
DBAASPS_19627,
DBAASPS_19628,0.6752536296844482
DBAASPS_19629,0.6268336176872253
DBAASPS_19632,0.9960168600082397
DBAASPS_19634,0.9994929432868958
DBAASPS_19635,0.9967525601387024
DBAASPS_19636,0.9562582969665527
DBAASPS_19637,0.9817590713500977
DBAASPS_19638,0.9833218455314636
DBAASPS_19639,0.9823241233825684
DBAASPS_19640,0.9518046379089355
DBAASPS_19641,0.9786478877067566
DBAASPS_19642,0.9973849058151245
DBAASPS_19643,0.995064377784729
DBAASPS_19645,0.9900992512702942
DBAASPS_19646,0.5977517366409302
DBAASPS_19647,0.28705888986587524
DBAASPS_19648,
DBAASPS_19656,0.998288631439209
DBAASPS_19657,0.9956849813461304
DBAASPS_19658,0.9984993934631348
DBAASPS_19660,0.9889575242996216
DBAASPS_19662,0.9810886383056641
DBAASPS_19668,0.9294799566268921
DBAASPS_19669,0.7067605257034302
DBAASPS_19670,0.9360370635986328
DBAASPS_19671,0.7878475189208984
DBAASPS_19672,0.9632824659347534
DBAASPS_19673,0.9055389165878296
DBAASPS_19674,0.9333088994026184
DBAASPS_19675,0.9922637939453125
DBAASPS_19676,0.8768662214279175
DBAASPS_19677,0.9596942663192749
DBAASPS_19678,0.9971941709518433
DBAASPS_19679,0.863996684551239
DBAASPS_19680,0.7986574172973633
DBAASPS_19681,0.9931252598762512
DBAASPS_19682,0.9993084073066711
DBAASPS_19683,0.836445689201355
DBAASPS_19684,0.9591577649116516
DBAASPS_19685,0.7925435304641724
DBAASPS_19686,0.9037704467773438
DBAASPS_19688,0.9924578666687012
DBAASPS_19690,0.9916409254074097
DBAASPS_19691,0.9947004318237305
DBAASPS_19692,0.9973901510238647
DBAASPS_19693,0.9950777292251587
DBAASPS_19694,0.999144434928894
DBAASPS_19695,0.998160183429718
DBAASPS_19696,0.9988463521003723
DBAASPS_19697,0.9996660351753235
DBAASPS_19698,0.9997512698173523
DBAASPS_19699,0.9996651411056519
DBAASPS_19700,0.9995893239974976
DBAASPS_19710,
DBAASPS_19711,
DBAASPS_19712,
DBAASPN_19717,0.8935192227363586
DBAASPN_19720,
DBAASPS_19727,
DBAASPS_19729,0.36317509412765503
DBAASPS_19730,0.7473055124282837
DBAASPS_19731,0.9987154006958008
DBAASPS_19732,0.9977558255195618
DBAASPS_19733,0.9998772740364075
DBAASPN_19735,
DBAASPS_19740,
DBAASPS_19744,
DBAASPS_19748,
DBAASPR_19750,
DBAASPS_19751,
DBAASPS_19753,
DBAASPS_19756,
DBAASPN_19772,0.1903311014175415
DBAASPN_19774,
DBAASPS_19775,0.922589123249054
DBAASPS_19776,0.9987894296646118
DBAASPS_19777,0.9989579319953918
DBAASPS_19782,0.8580776453018188
DBAASPS_19783,0.993125319480896
DBAASPS_19784,0.9314306974411011
DBAASPS_19785,0.995477557182312
DBAASPS_19786,0.9979958534240723
DBAASPS_19787,0.9973669052124023
DBAASPS_19794,
DBAASPS_19795,
DBAASPS_19796,
DBAASPS_19797,
DBAASPN_19808,
DBAASPN_19809,
DBAASPS_19818,0.829484760761261
DBAASPS_19819,0.9997079968452454
DBAASPS_19820,0.9994568824768066
DBAASPS_19821,0.9999055862426758
DBAASPN_19822,
DBAASPN_19823,
DBAASPS_19825,0.999921441078186
DBAASPS_19826,0.9998716115951538
DBAASPS_19827,0.9997431039810181
DBAASPS_19828,0.9997100830078125
DBAASPS_19829,0.3059174418449402
DBAASPS_19831,0.7804645299911499
DBAASPS_19832,0.2409868985414505
DBAASPS_19833,0.4230910837650299
DBAASPS_19834,0.2502572536468506
DBAASPS_19835,0.7565252780914307
DBAASPS_19842,0.9410317540168762
DBAASPS_19843,0.9736067056655884
DBAASPS_19844,0.9982665777206421
DBAASPS_19845,0.9499717950820923
DBAASPS_19846,0.9550893902778625
DBAASPS_19847,0.995008111000061
DBAASPS_19848,0.9989415407180786
DBAASPS_19849,0.7926973700523376
DBAASPS_19850,0.5970142483711243
DBAASPS_19851,0.9895730018615723
DBAASPS_19852,0.9933918118476868
DBAASPS_19853,0.7715460658073425
DBAASPS_19854,0.9916273951530457
DBAASPS_19855,0.9907509684562683
DBAASPS_19856,0.9967241287231445
DBAASPS_19857,0.9994989633560181
DBAASPS_19858,0.9980399012565613
DBAASPS_19859,0.9992308616638184
DBAASPS_19860,0.9991965293884277
DBAASPS_19861,0.9978836178779602
DBAASPS_19862,0.9970403909683228
DBAASPS_19863,0.9988258481025696
DBAASPS_19864,0.9994232058525085
DBAASPS_19865,0.8276233673095703
DBAASPS_19866,0.9988738894462585
DBAASPS_19867,0.9999837875366211
DBAASPS_19869,0.999972939491272
DBAASPS_19870,0.9989191293716431
DBAASPS_19871,0.9998747110366821
DBAASPS_19872,0.7872093915939331
DBAASPS_19873,0.9994239807128906
DBAASPS_19874,0.9999955892562866
DBAASPS_19875,0.9947460889816284
DBAASPS_19876,0.9997413754463196
DBAASPS_19877,0.9996392130851746
DBAASPS_19878,0.9362778663635254
DBAASPS_19879,0.9744793176651001
DBAASPS_19880,0.996985137462616
DBAASPS_19881,0.9829222559928894
DBAASPS_19882,0.9989533424377441
DBAASPS_19883,0.9878175854682922
DBAASPS_19884,0.9960976839065552
DBAASPS_19885,0.998092770576477
DBAASPS_19886,0.9902294874191284
DBAASPS_19887,0.997736930847168
DBAASPS_19888,0.9992281198501587
DBAASPR_19889,0.6322697997093201
DBAASPS_19890,0.9969983100891113
DBAASPN_19893,0.09781171381473541
DBAASPS_19895,0.9997590780258179
DBAASPS_19896,0.9999047517776489
DBAASPS_19897,0.9825698137283325
DBAASPS_19898,0.9398506283760071
DBAASPS_19899,0.999735951423645
DBAASPS_19900,0.9996242523193359
DBAASPS_19901,0.9998852014541626
DBAASPS_19902,0.9992750287055969
DBAASPS_19903,0.9990425109863281
DBAASPS_19904,0.9998601675033569
DBAASPS_19905,0.9867270588874817
DBAASPS_19906,0.9983235597610474
DBAASPS_19907,0.956189751625061
DBAASPS_19908,0.9332348704338074
DBAASPS_19909,0.9969198107719421
DBAASPS_19910,0.9919769167900085
DBAASPS_19911,0.9816263318061829
DBAASPS_19912,0.9995701909065247
DBAASPS_19913,0.9944846034049988
DBAASPS_19914,0.9776405096054077
DBAASPS_19915,0.9867437481880188
DBAASPS_19916,0.9994868040084839
DBAASPS_19917,0.9962325096130371
DBAASPS_19918,0.8911598324775696
DBAASPS_19919,0.85907381772995
DBAASPS_19920,0.9543682336807251
DBAASPS_19921,0.9985260963439941
DBAASPS_19922,0.7998939156532288
DBAASPS_19933,
DBAASPS_19935,0.9874832034111023
DBAASPS_19936,0.9954633712768555
DBAASPS_19937,0.9886330366134644
DBAASPS_19938,0.9990978240966797
DBAASPS_19939,0.9996933937072754
DBAASPS_19940,0.9922196269035339
DBAASPS_19941,0.9985964894294739
DBAASPS_19942,0.9994890093803406
DBAASPS_19943,0.9527742266654968
DBAASPS_19944,0.9941873550415039
DBAASPS_19945,0.9977980852127075
DBAASPS_19946,0.668803870677948
DBAASPS_19947,0.9544014930725098
DBAASPS_19948,0.9817061424255371
DBAASPS_19949,0.9995908737182617
DBAASPS_19950,0.9996892809867859
DBAASPS_19951,0.999649167060852
DBAASPS_19955,0.7826306819915771
DBAASPS_19957,0.7447511553764343
DBAASPS_19958,
DBAASPS_19962,0.9999515414237976
DBAASPS_19963,0.9884836077690125
DBAASPR_19989,0.06607985496520996
DBAASPS_19990,
DBAASPS_19991,0.9999540448188782
DBAASPS_19992,0.999160885810852
DBAASPS_19994,0.9999882578849792
DBAASPS_19995,0.12407133728265762
DBAASPS_19996,0.26097485423088074
DBAASPS_19998,
DBAASPS_20001,0.9483261108398438
DBAASPS_20002,0.348839670419693
DBAASPS_20003,0.42261800169944763
DBAASPS_20004,0.9999923706054688
DBAASPS_20005,0.9999904632568359
DBAASPS_20006,0.9999820590019226
DBAASPS_20007,0.9999753832817078
DBAASPS_20008,0.9999859929084778
DBAASPS_20009,0.9999899864196777
DBAASPS_20010,0.9999316930770874
DBAASPS_20011,0.9999247789382935
DBAASPS_20012,0.9998257756233215
DBAASPS_20013,0.9997745752334595
DBAASPS_20014,0.9993277788162231
DBAASPS_20015,0.9931659698486328
DBAASPS_20016,0.8745150566101074
DBAASPS_20017,0.9995040893554688
DBAASPS_20018,0.9999836087226868
DBAASPS_20019,0.9999922513961792
DBAASPS_20020,0.9995086789131165
DBAASPS_20035,0.23366597294807434
DBAASPS_20036,0.7609495520591736
DBAASPS_20038,
DBAASPS_20040,0.9388132095336914
DBAASPS_20041,0.9789964556694031
DBAASPS_20042,0.9919825792312622
DBAASPS_20043,0.9935228228569031
DBAASPS_20044,0.9790264964103699
DBAASPS_20045,0.9855235815048218
DBAASPS_20047,
DBAASPS_20054,0.7256671786308289
DBAASPS_20055,0.9989923238754272
DBAASPS_20056,0.9963605999946594
DBAASPS_20057,0.9998388290405273
DBAASPS_20058,0.9997624158859253
DBAASPS_20059,0.9994028210639954
DBAASPS_20060,0.9996761083602905
DBAASPS_20061,0.986766517162323
DBAASPS_20062,0.8561827540397644
DBAASPS_20065,0.9177535176277161
DBAASPS_20066,0.23947758972644806
DBAASPR_20067,0.9865925908088684
DBAASPS_20068,0.18731258809566498
DBAASPS_20069,0.047468338161706924
DBAASPS_20070,0.16019374132156372
DBAASPS_20075,0.9953103065490723
DBAASPS_20076,0.9924802780151367
DBAASPS_20077,0.9973479509353638
DBAASPS_20078,0.9953063726425171
DBAASPS_20079,0.998315155506134
DBAASPS_20080,0.9966850280761719
DBAASPS_20081,0.6706387400627136
DBAASPR_20089,0.46173375844955444
DBAASPR_20090,0.03461097925901413
DBAASPR_20091,0.5644208192825317
DBAASPR_20092,0.3123406171798706
DBAASPR_20093,0.995954155921936
DBAASPR_20099,0.9945457577705383
DBAASPS_20100,0.9530707597732544
DBAASPS_20101,0.548098087310791
DBAASPR_20102,0.9999715685844421
DBAASPS_20103,0.9825439453125
DBAASPR_20104,0.999390721321106
DBAASPS_20105,0.9947290420532227
DBAASPS_20106,0.7037471532821655
DBAASPR_20107,0.997329831123352
DBAASPR_20108,0.9960061311721802
DBAASPS_20115,0.9995414018630981
DBAASPS_20116,0.9722296595573425
DBAASPS_20117,0.9851373434066772
DBAASPS_20118,0.639057457447052
DBAASPS_20120,0.9998156428337097
DBAASPS_20121,0.9994233846664429
DBAASPS_20122,0.9992602467536926
DBAASPS_20123,0.9988540410995483
DBAASPS_20124,0.9980290532112122
DBAASPS_20130,0.9841150045394897
DBAASPS_20134,0.9995361566543579
DBAASPS_20136,0.9959754943847656
DBAASPS_20137,0.9998730421066284
DBAASPS_20141,0.9990726709365845
DBAASPS_20142,0.9999248385429382
DBAASPS_20143,0.9999322891235352
DBAASPS_20144,0.9999608993530273
DBAASPS_20145,0.9996553659439087
DBAASPS_20146,0.9997266530990601
DBAASPS_20147,0.9998422861099243
DBAASPS_20148,0.9999784231185913
DBAASPS_20149,0.9975269436836243
DBAASPS_20150,0.9999340772628784
DBAASPS_20151,0.9996819496154785
DBAASPS_20152,0.9999624490737915
DBAASPS_20153,0.9999159574508667
DBAASPS_20154,0.9998428225517273
DBAASPS_20155,0.9997282028198242
DBAASPS_20156,0.999779224395752
DBAASPS_20157,0.999841034412384
DBAASPS_20162,0.8083065152168274
DBAASPS_20163,0.2621605396270752
DBAASPS_20164,0.24133554100990295
DBAASPS_20165,0.8161311149597168
DBAASPR_20166,0.9308159947395325
DBAASPR_20167,0.9728237986564636
DBAASPR_20168,0.9977917671203613
DBAASPR_20169,0.8749734163284302
DBAASPS_20170,0.9868102073669434
DBAASPS_20171,0.44286030530929565
DBAASPS_20172,0.4413732886314392
DBAASPS_20173,0.9989064931869507
DBAASPS_20174,0.9868184924125671
DBAASPS_20175,0.9915845990180969
DBAASPS_20176,0.9947896003723145
DBAASPS_20177,0.973122239112854
DBAASPS_20178,0.10985904932022095
DBAASPS_20179,0.7787660360336304
DBAASPS_20180,0.5369908213615417
DBAASPS_20181,0.9622699618339539
DBAASPS_20182,0.7855991721153259
DBAASPS_20183,0.7227751016616821
DBAASPS_20184,0.9996673464775085
DBAASPS_20185,0.9995603561401367
DBAASPS_20186,0.9626060724258423
DBAASPS_20188,0.956550121307373
DBAASPS_20189,0.9988520741462708
DBAASPS_20190,0.9987671971321106
DBAASPS_20191,0.9853431582450867
DBAASPS_20192,0.9968284368515015
DBAASPS_20193,0.9991825222969055
DBAASPS_20194,0.9997009038925171
DBAASPS_20210,
DBAASPS_20212,
DBAASPS_20213,0.9998200535774231
DBAASPS_20214,0.9997154474258423
DBAASPS_20215,
DBAASPS_20218,0.9998661875724792
DBAASPS_20220,
DBAASPS_20221,0.9998777508735657
DBAASPS_20222,
DBAASPS_20224,0.9987993240356445
DBAASPS_20225,0.9995421171188354
DBAASPS_20226,0.9990833401679993
DBAASPS_20227,0.9957150220870972
DBAASPS_20228,
DBAASPR_20238,0.7179240584373474
DBAASPS_20239,0.9976785778999329
DBAASPS_20240,0.9919935464859009
DBAASPS_20241,0.9986790418624878
DBAASPS_20242,0.9965603947639465
DBAASPS_20243,0.9987220764160156
DBAASPS_20244,0.9978501200675964
DBAASPS_20245,0.998047947883606
DBAASPS_20246,0.9925214052200317
DBAASPS_20247,0.9966557621955872
DBAASPS_20248,0.9991706609725952
DBAASPS_20250,0.9988902807235718
DBAASPS_20251,0.9998196363449097
DBAASPS_20252,0.9996570348739624
DBAASPS_20253,0.9959003329277039
DBAASPS_20254,0.9991093873977661
DBAASPS_20255,0.9998294115066528
DBAASPS_20256,0.9952829480171204
DBAASPS_20257,0.9980781674385071
DBAASPS_20258,0.9997313618659973
DBAASPS_20259,0.9784177541732788
DBAASPS_20260,0.9883571863174438
DBAASPS_20261,0.9999063611030579
DBAASPS_20262,0.9348810911178589
DBAASPS_20263,0.9998935461044312
DBAASPS_20264,0.7573980093002319
DBAASPS_20265,0.9990640878677368
DBAASPS_20266,0.9999896287918091
DBAASPS_20267,0.9999977350234985
DBAASPS_20268,0.9999946355819702
DBAASPS_20269,0.9997426271438599
DBAASPS_20270,0.9984192848205566
DBAASPS_20271,0.9968073964118958
DBAASPS_20277,0.9995548129081726
DBAASPS_20279,0.31452709436416626
DBAASPS_20280,0.9985424876213074
DBAASPS_20281,0.9974982142448425
DBAASPS_20282,0.9998132586479187
DBAASPS_20283,0.9982673525810242
DBAASPS_20284,0.9970587491989136
DBAASPS_20285,
DBAASPS_20286,
DBAASPS_20291,0.9991207122802734
DBAASPS_20292,0.9956524968147278
DBAASPS_20293,0.999721884727478
DBAASPS_20294,0.9940573573112488
DBAASPR_20296,0.0027406082954257727
DBAASPS_20300,0.9998885989189148
DBAASPS_20301,0.9993253946304321
DBAASPS_20302,0.9996284246444702
DBAASPS_20303,0.9162699580192566
DBAASPS_20304,0.6474893093109131
DBAASPS_20305,0.9071712493896484
DBAASPS_20306,0.7800862193107605
DBAASPS_20307,0.9966104626655579
DBAASPS_20308,0.7884371280670166
DBAASPS_20309,0.9993263483047485
DBAASPS_20310,0.9910882711410522
DBAASPS_20311,0.994793713092804
DBAASPS_20312,0.9997807741165161
DBAASPR_20313,0.5614820718765259
DBAASPS_20314,
DBAASPS_20322,0.9409529566764832
DBAASPS_20324,0.9941433072090149
DBAASPS_20326,0.9978801012039185
DBAASPS_20327,0.9978263974189758
DBAASPS_20328,0.9917377233505249
DBAASPS_20329,0.974186897277832
DBAASPS_20330,0.9978607296943665
DBAASPS_20331,0.9930804371833801
DBAASPS_20332,0.9928205609321594
DBAASPS_20333,0.992089569568634
DBAASPS_20334,0.996326744556427
DBAASPS_20335,0.993309497833252
DBAASPS_20336,0.9851924777030945
DBAASPS_20338,0.9997609853744507
DBAASPS_20339,0.9997137188911438
DBAASPS_20340,0.9995772242546082
DBAASPS_20341,0.9997692108154297
DBAASPR_20342,0.7181846499443054
DBAASPR_20343,0.9991192817687988
DBAASPR_20344,0.9987691044807434
DBAASPR_20345,0.8776878118515015
DBAASPR_20346,0.9413453936576843
DBAASPS_20350,0.9992019534111023
DBAASPS_20351,0.8124138712882996
DBAASPS_20353,0.9991992115974426
DBAASPS_20354,0.9793187379837036
DBAASPS_20355,0.9959502220153809
DBAASPS_20356,0.997724175453186
DBAASPS_20357,0.9965380430221558
DBAASPS_20358,0.9963089227676392
DBAASPS_20359,0.9924939870834351
DBAASPS_20360,0.7334542870521545
DBAASPS_20361,0.8052759170532227
DBAASPS_20362,0.904788613319397
DBAASPS_20363,0.7577634453773499
DBAASPS_20364,0.9864007830619812
DBAASPS_20365,0.9931913614273071
DBAASPS_20366,0.9977437853813171
DBAASPS_20367,0.7681260704994202
DBAASPS_20368,0.9893536567687988
DBAASPS_20369,0.9967838525772095
DBAASPS_20370,0.9943557977676392
DBAASPS_20371,0.975648045539856
DBAASPS_20372,0.9999665021896362
DBAASPS_20373,0.9999996423721313
DBAASPS_20374,0.9999994039535522
DBAASPS_20375,0.996728241443634
DBAASPS_20376,0.9833747744560242
DBAASPS_20377,0.7819423675537109
DBAASPS_20378,0.9546619653701782
DBAASPS_20379,0.9985929727554321
DBAASPS_20380,0.9961662292480469
DBAASPS_20386,0.9999987483024597
DBAASPS_20388,0.9996629953384399
DBAASPS_20389,0.9999979138374329
DBAASPS_20394,0.9875959157943726
DBAASPS_20398,0.9944575428962708
DBAASPS_20399,0.9917802810668945
DBAASPS_20400,0.9384561777114868
DBAASPS_20402,0.9999982714653015
DBAASPS_20403,0.9999973177909851
DBAASPS_20410,0.9986250996589661
DBAASPS_20428,0.999886691570282
DBAASPS_20441,0.9998607635498047
DBAASPS_20450,0.9999992251396179
DBAASPS_20457,0.9992189407348633
DBAASPS_20458,0.9617195129394531
DBAASPS_20460,0.002909009112045169
DBAASPS_20461,0.010228992439806461
DBAASPS_20462,0.07664238661527634
DBAASPS_20481,0.9851590991020203
DBAASPS_20482,0.9960290789604187
DBAASPS_20483,0.993699848651886
DBAASPS_20485,0.9989745020866394
DBAASPS_20486,0.996109664440155
DBAASPS_20487,
DBAASPS_20489,0.9988325834274292
DBAASPS_20490,
DBAASPS_20492,0.7859403491020203
DBAASPS_20493,0.19132116436958313
DBAASPS_20494,0.7293099164962769
DBAASPS_20495,0.9985167384147644
DBAASPS_20496,0.2545526623725891
DBAASPS_20497,0.9998534321784973
DBAASPS_20498,0.2935037314891815
DBAASPS_20499,0.7474778890609741
DBAASPS_20500,0.9734460711479187
DBAASPS_20501,0.9916502833366394
DBAASPS_20502,0.9971065521240234
DBAASPS_20503,0.9933608174324036
DBAASPS_20504,0.9980522990226746
DBAASPS_20508,
DBAASPS_20509,
DBAASPS_20511,0.976119339466095
DBAASPR_20514,0.00398606713861227
DBAASPS_20515,0.9998006820678711
DBAASPS_20516,
DBAASPR_20521,0.011630432680249214
DBAASPR_20522,0.006894493009895086
DBAASPR_20523,0.7795587778091431
DBAASPS_20524,0.8091360926628113
DBAASPS_20535,0.3800370395183563
DBAASPS_20536,0.0017727542435750365
DBAASPS_20537,0.21686537563800812
DBAASPS_20538,0.8339678049087524
DBAASPS_20539,0.9836912155151367
DBAASPS_20540,0.9174644351005554
DBAASPS_20541,0.9927123188972473
DBAASPS_20542,0.9967895746231079
DBAASPS_20543,0.9944843053817749
DBAASPS_20544,0.9858289957046509
DBAASPS_20557,0.9995309710502625
DBAASPS_20558,0.9999778866767883
DBAASPS_20559,0.9999518394470215
DBAASPS_20560,0.9999580383300781
DBAASPS_20561,0.9999386668205261
DBAASPS_20562,0.9998713731765747
DBAASPS_20565,0.9993419647216797
DBAASPS_20566,0.9992701411247253
DBAASPS_20567,0.9969581365585327
DBAASPS_20568,0.9939297437667847
DBAASPS_20569,0.9950562715530396
DBAASPS_20570,0.998449444770813
DBAASPS_20571,0.9557813405990601
DBAASPS_20572,0.9936248064041138
DBAASPS_20573,0.9988608360290527
DBAASPS_20574,0.978082001209259
DBAASPS_20575,0.9999974370002747
DBAASPS_20576,0.99994295835495
DBAASPS_20577,0.9999450445175171
DBAASPS_20578,0.997959315776825
DBAASPS_20579,0.9729568362236023
DBAASPS_20584,0.9999550580978394
DBAASPS_20585,0.9324325323104858
DBAASPS_20588,0.9939683675765991
DBAASPS_20589,0.9977399706840515
DBAASPS_20593,
DBAASPS_20594,
DBAASPS_20595,0.9998087882995605
DBAASPS_20596,0.9996039271354675
DBAASPS_20597,0.9889636039733887
DBAASPS_20605,0.976691722869873
DBAASPS_20607,0.4383544325828552
DBAASPS_20608,0.42220091819763184
DBAASPS_20609,0.9008857011795044
DBAASPS_20610,0.6179259419441223
DBAASPS_20616,0.9999994039535522
DBAASPS_20628,0.9986249208450317
DBAASPS_20629,0.998944103717804
DBAASPS_20630,0.9983974695205688
DBAASPS_20631,0.9980456233024597
DBAASPS_20632,0.9979510307312012
DBAASPS_20633,
DBAASPR_20642,0.005223331041634083
DBAASPR_20643,0.21830186247825623
DBAASPN_20644,0.8024538159370422
DBAASPS_20645,0.7299873232841492
DBAASPS_20646,0.9997683763504028
DBAASPS_20647,0.9605167508125305
DBAASPS_20649,
DBAASPS_20692,0.999197781085968
DBAASPS_20693,0.4646065831184387
DBAASPS_20694,0.9989688992500305
DBAASPS_20695,0.9975479245185852
DBAASPS_20696,0.9696119427680969
DBAASPS_20697,0.9008414149284363
DBAASPS_20699,0.00374632072634995
DBAASPS_20700,0.012896247208118439
DBAASPS_20703,0.21624526381492615
DBAASPS_20704,
DBAASPS_20713,
DBAASPS_20714,
DBAASPS_20717,0.4170267581939697
DBAASPS_20718,0.0018537284340709448
DBAASPS_20722,0.5710049867630005
DBAASPS_20723,0.0018188729882240295
DBAASPS_20724,0.20438964664936066
DBAASPS_20726,0.999901294708252
DBAASPS_20727,0.9994949102401733
DBAASPS_20728,0.9965974688529968
DBAASPS_20729,0.9996882677078247
DBAASPS_20730,0.9881473779678345
DBAASPS_20731,
DBAASPS_20753,0.9996806979179382
DBAASPS_20754,0.9997420310974121
DBAASPS_20755,0.999714732170105
DBAASPS_20756,0.9998828768730164
DBAASPS_20757,0.9998227953910828
DBAASPS_20758,0.9997757077217102
DBAASPS_20759,0.9999024271965027
DBAASPS_20760,0.9999744296073914
DBAASPS_20761,0.9999116659164429
DBAASPS_20762,0.9999772906303406
DBAASPS_20764,0.9999901056289673
DBAASPS_20765,0.9997627139091492
DBAASPS_20766,0.9995275735855103
DBAASPS_20767,0.9988605380058289
DBAASPS_20768,0.9609962701797485
DBAASPS_20769,0.9763355255126953
DBAASPS_20770,0.767598569393158
DBAASPS_20771,0.9999924898147583
DBAASPS_20772,0.9985072016716003
DBAASPS_20773,0.9934012293815613
DBAASPS_20774,
DBAASPS_20776,
DBAASPS_20778,
DBAASPS_20785,
DBAASPR_20796,0.9978893399238586
DBAASPR_20798,0.21910393238067627
DBAASPR_20799,
DBAASPS_20801,0.3947911262512207
DBAASPS_20802,0.40188297629356384
DBAASPS_20803,0.9997122883796692
DBAASPS_20804,0.585423469543457
DBAASPS_20805,0.9359501600265503
DBAASPS_20806,0.26354971528053284
DBAASPS_20807,0.8941398859024048
DBAASPS_20808,0.9332219362258911
DBAASPS_20809,0.21399791538715363
DBAASPR_20811,0.9943643808364868
DBAASPS_20813,0.15790681540966034
DBAASPS_20814,0.2342279851436615
DBAASPS_20815,0.9992793202400208
DBAASPN_20817,
DBAASPS_20818,0.9850001335144043
DBAASPS_20819,0.9970124363899231
DBAASPS_20820,0.9801558256149292
DBAASPS_20824,0.7123097777366638
DBAASPS_20826,0.9996110796928406
DBAASPS_20827,0.9967797994613647
DBAASPN_20828,0.3304634690284729
DBAASPN_20829,0.5256678462028503
DBAASPN_20832,
DBAASPN_20833,
DBAASPS_20834,0.9969459772109985
DBAASPS_20836,0.368232786655426
DBAASPS_20837,0.9953005909919739
DBAASPS_20838,0.9810768365859985
DBAASPS_20839,0.9958842396736145
DBAASPS_20840,0.9964632987976074
DBAASPS_20841,0.9988963007926941
DBAASPS_20842,0.9987424612045288
DBAASPS_20843,0.8920772671699524
DBAASPS_20844,0.99998539686203
DBAASPS_20853,0.9963349103927612
DBAASPS_20854,0.9987087249755859
DBAASPS_20855,0.9994176626205444
DBAASPS_20856,0.999183177947998
DBAASPN_20857,
DBAASPN_20858,
DBAASPN_20859,
DBAASPN_20860,
DBAASPN_20861,
DBAASPN_20862,
DBAASPN_20863,
DBAASPS_20870,0.36096787452697754
DBAASPS_20884,0.9999858140945435
DBAASPS_20885,0.9999918937683105
DBAASPS_20889,0.9992448091506958
DBAASPS_20890,0.9997118711471558
DBAASPN_20891,
DBAASPN_20896,
DBAASPS_20897,
DBAASPS_20900,0.8103799819946289
DBAASPS_20901,0.9521259069442749
DBAASPS_20902,0.7159560918807983
DBAASPS_20903,0.7925861477851868
DBAASPN_20908,
DBAASPN_20909,
DBAASPN_20911,
DBAASPN_20919,
DBAASPN_20921,
DBAASPN_20922,
DBAASPN_20923,
DBAASPN_20924,
DBAASPS_20929,0.9995713233947754
DBAASPS_20930,0.9997748136520386
DBAASPS_20931,0.9984318614006042
DBAASPS_20932,0.9826868176460266
DBAASPS_20933,0.9999988675117493
DBAASPS_20934,0.9999555349349976
DBAASPS_20938,0.9999992251396179
DBAASPS_20941,0.004123229067772627
DBAASPS_20942,0.9709566235542297
DBAASPS_20943,0.11385303735733032
DBAASPS_20944,0.7979676723480225
DBAASPS_20945,0.500102698802948
DBAASPS_20946,0.999591052532196
DBAASPS_20947,0.9013530015945435
DBAASPS_20948,0.9944455027580261
DBAASPS_20949,0.999739944934845
DBAASPS_20950,0.9252575039863586
DBAASPS_20952,0.9997607469558716
DBAASPS_20953,0.9988447427749634
DBAASPS_20958,0.9999297857284546
DBAASPS_20959,0.9999435544013977
DBAASPS_20960,0.9999005198478699
DBAASPS_20961,0.9996541738510132
DBAASPS_20962,0.9995991587638855
DBAASPS_20963,0.9998334646224976
DBAASPS_20964,0.9998563528060913
DBAASPS_20965,0.9999459981918335
DBAASPS_20966,0.9999772906303406
DBAASPS_20967,0.9990078210830688
DBAASPN_20968,
DBAASPN_20969,
DBAASPN_20971,
DBAASPN_20972,0.9501280784606934
DBAASPS_20973,
DBAASPN_20974,
DBAASPS_20979,0.9094563722610474
DBAASPS_20980,
DBAASPS_20982,
DBAASPS_20983,0.9999710321426392
DBAASPS_20984,
DBAASPS_20985,
DBAASPS_20986,
DBAASPN_20988,
DBAASPN_20996,
DBAASPS_21003,0.9993945956230164
DBAASPS_21004,0.9978309869766235
DBAASPS_21005,0.9996918439865112
DBAASPS_21006,0.980588436126709
DBAASPS_21007,0.9874727129936218
DBAASPS_21008,0.9857166409492493
DBAASPS_21009,0.9887229204177856
DBAASPS_21010,0.9960491061210632
DBAASPS_21011,0.999163031578064
DBAASPS_21012,0.9833983182907104
DBAASPN_21013,
DBAASPN_21016,0.00037679163506254554
DBAASPN_21017,
DBAASPS_21018,
DBAASPS_21019,
DBAASPS_21020,
DBAASPS_21021,
DBAASPS_21022,
DBAASPS_21024,
DBAASPS_21026,
DBAASPS_21028,
DBAASPS_21029,0.9343999028205872
DBAASPS_21030,0.0008797281188890338
DBAASPS_21031,0.9954675436019897
DBAASPS_21032,0.996377170085907
DBAASPS_21033,0.9955108761787415
DBAASPR_21035,0.4856218695640564
DBAASPS_21036,0.9948090314865112
DBAASPS_21037,
DBAASPS_21038,
DBAASPS_21039,
DBAASPS_21040,0.6669207215309143
DBAASPS_21041,0.5572524666786194
DBAASPS_21042,0.7928968667984009
DBAASPS_21043,0.4210301339626312
DBAASPS_21044,0.4476912021636963
DBAASPS_21045,0.40938615798950195
DBAASPS_21046,0.71599280834198
DBAASPS_21049,0.9991846084594727
DBAASPS_21050,0.7690746188163757
DBAASPS_21051,0.6666692495346069
DBAASPS_21052,0.7707090377807617
DBAASPS_21053,0.9928842782974243
DBAASPS_21055,0.998235821723938
DBAASPS_21056,0.9972489476203918
DBAASPS_21057,0.9962176084518433
DBAASPS_21058,0.9983830451965332
DBAASPS_21059,0.9972699880599976
DBAASPS_21061,
DBAASPS_21062,
DBAASPS_21063,
DBAASPS_21064,
DBAASPS_21065,
DBAASPS_21068,0.9984167218208313
DBAASPS_21073,0.9909038543701172
DBAASPS_21074,0.7235640287399292
DBAASPS_21076,0.9977625012397766
DBAASPS_21077,0.9992003440856934
DBAASPS_21078,0.9981256723403931
DBAASPS_21079,0.9999620318412781
DBAASPS_21080,0.9999599456787109
DBAASPS_21081,0.9977916479110718
DBAASPS_21112,0.9155181646347046
DBAASPS_21114,0.9924534559249878
DBAASPS_21116,0.9945337176322937
DBAASPS_21118,0.9999526739120483
DBAASPR_21120,
DBAASPN_21125,
DBAASPN_21126,
DBAASPN_21128,
DBAASPR_21129,
DBAASPR_21130,
DBAASPR_21131,
DBAASPN_21132,
DBAASPS_21133,0.9998485445976257
DBAASPN_21134,0.517943263053894
DBAASPN_21135,0.31594181060791016
DBAASPN_21136,0.4750179350376129
DBAASPR_21138,0.000622736057266593
DBAASPR_21139,
DBAASPN_21143,
DBAASPN_21150,0.4541143476963043
DBAASPN_21151,0.4580623209476471
DBAASPN_21153,
DBAASPN_21154,0.4461298882961273
DBAASPN_21155,
DBAASPN_21158,0.7543615102767944
DBAASPN_21159,
DBAASPN_21160,
DBAASPS_21161,0.2638082504272461
DBAASPS_21162,0.4731181263923645
DBAASPS_21163,0.48284775018692017
DBAASPS_21164,0.9993081092834473
DBAASPS_21165,0.9944123029708862
DBAASPS_21166,0.9975419044494629
DBAASPS_21172,0.9941961169242859
DBAASPS_21173,0.9989100694656372
DBAASPS_21174,0.9935909509658813
DBAASPS_21175,0.9953562021255493
DBAASPS_21176,0.9923642873764038
DBAASPS_21177,0.9969984292984009
DBAASPS_21179,0.8157442808151245
DBAASPS_21181,0.9228895902633667
DBAASPS_21182,0.9934388399124146
DBAASPR_21185,0.083138108253479
DBAASPR_21188,0.1473565697669983
DBAASPS_21190,0.8915109634399414
DBAASPS_21191,0.9807406663894653
DBAASPS_21192,0.9928175210952759
DBAASPS_21193,0.8281661868095398
DBAASPS_21194,0.5214259624481201
DBAASPS_21195,0.9407018423080444
DBAASPS_21196,0.951184093952179
DBAASPS_21197,0.9845428466796875
DBAASPS_21198,0.9966678619384766
DBAASPS_21199,0.8876279592514038
DBAASPS_21200,0.8145846128463745
DBAASPS_21201,0.4128878712654114
DBAASPS_21202,0.4236809313297272
DBAASPS_21203,0.47307395935058594
DBAASPS_21204,0.0900116115808487
DBAASPR_21205,
DBAASPR_21206,
DBAASPR_21208,
DBAASPR_21209,
DBAASPR_21210,
DBAASPS_21216,0.9983871579170227
DBAASPS_21217,0.9977836608886719
DBAASPS_21230,0.9999430775642395
DBAASPS_21232,0.4853532910346985
DBAASPS_21233,0.9997079968452454
DBAASPS_21234,0.8190056085586548
DBAASPS_21237,0.9992913007736206
DBAASPS_21238,0.9996508359909058
DBAASPS_21240,0.9986352920532227
DBAASPS_21241,0.6333250999450684
DBAASPS_21243,0.9999882578849792
DBAASPR_21248,0.99933260679245
DBAASPR_21249,0.00030219840118661523
DBAASPR_21251,0.8600417971611023
DBAASPR_21253,0.9996600151062012
DBAASPR_21254,0.9999620318412781
DBAASPR_21255,0.9935938715934753
DBAASPR_21256,0.9166868329048157
DBAASPR_21257,
DBAASPN_21258,
DBAASPN_21260,
DBAASPN_21262,
DBAASPN_21263,
DBAASPN_21264,
DBAASPN_21265,
DBAASPR_21266,0.9787492752075195
DBAASPR_21267,0.9728711843490601
DBAASPS_21268,0.9826162457466125
DBAASPS_21270,0.9582173228263855
DBAASPS_21272,0.2367514669895172
DBAASPS_21277,0.9891296625137329
DBAASPS_21278,0.3154871463775635
DBAASPS_21279,0.4640871584415436
DBAASPS_21280,0.17123857140541077
DBAASPS_21281,0.5809084177017212
DBAASPS_21282,0.049179475754499435
DBAASPS_21283,0.5179715156555176
DBAASPS_21284,0.5820877552032471
DBAASPS_21285,0.5031191110610962
DBAASPN_21288,
DBAASPS_21289,0.837043285369873
DBAASPS_21290,0.4759538769721985
DBAASPS_21301,0.9998380541801453
DBAASPS_21302,0.9999852180480957
DBAASPS_21303,0.9999464154243469
DBAASPS_21304,0.997331976890564
DBAASPS_21305,0.4526446759700775
DBAASPS_21306,0.99774569272995
DBAASPS_21307,0.6571821570396423
DBAASPS_21309,0.9971216320991516
DBAASPS_21310,0.9984371066093445
DBAASPS_21311,0.9994124174118042
DBAASPS_21312,0.9861025810241699
DBAASPS_21313,0.9785745739936829
DBAASPS_21314,0.999004065990448
DBAASPS_21320,0.508551299571991
DBAASPS_21321,0.15616121888160706
DBAASPS_21322,0.3338293433189392
DBAASPS_21323,0.35308876633644104
DBAASPR_21324,0.15756307542324066
DBAASPS_21325,0.13213948905467987
DBAASPN_21326,
DBAASPS_21330,0.6716746687889099
DBAASPS_21331,0.9999125599861145
DBAASPS_21332,0.20595471560955048
DBAASPS_21333,0.35298842191696167
DBAASPS_21334,0.5959839820861816
DBAASPS_21335,0.999459445476532
DBAASPS_21336,0.9979956746101379
DBAASPR_21337,0.9934687614440918
DBAASPS_21338,0.9996401071548462
DBAASPS_21339,0.9959020614624023
DBAASPN_21360,
DBAASPN_21361,
DBAASPN_21362,
DBAASPN_21363,
DBAASPN_21365,
DBAASPN_21366,
DBAASPN_21393,
DBAASPS_21401,
DBAASPN_21405,
DBAASPN_21406,
DBAASPN_21407,
DBAASPN_21408,
DBAASPS_21409,0.9998037219047546
DBAASPR_21410,0.9999209642410278
DBAASPS_21413,0.9995203018188477
DBAASPN_21417,
DBAASPN_21419,
DBAASPS_21445,0.0004593670309986919
DBAASPS_21446,0.006046091206371784
DBAASPS_21447,0.9792126417160034
DBAASPS_21448,0.16479012370109558
DBAASPS_21449,0.9586238861083984
DBAASPS_21452,0.21413275599479675
DBAASPS_21453,0.36430761218070984
DBAASPS_21454,0.9993095397949219
DBAASPS_21455,0.9998706579208374
DBAASPS_21456,0.9997954368591309
DBAASPS_21457,0.9999109506607056
DBAASPS_21458,0.9991809129714966
DBAASPS_21459,0.9999023675918579
DBAASPS_21460,0.9992859959602356
DBAASPS_21461,0.9988350868225098
DBAASPS_21462,0.9999368786811829
DBAASPS_21463,0.9992801547050476
DBAASPS_21464,0.9992267489433289
DBAASPS_21465,0.8823848962783813
DBAASPS_21466,0.9538375735282898
DBAASPS_21467,0.7891057729721069
DBAASPS_21468,0.870051383972168
DBAASPR_21469,0.3120619058609009
DBAASPS_21472,0.9958842992782593
DBAASPS_21473,0.9999995231628418
DBAASPS_21474,0.9999024271965027
DBAASPR_21475,0.0010386852081865072
DBAASPR_21476,0.42673563957214355
DBAASPR_21477,0.731421709060669
DBAASPR_21478,0.5807832479476929
DBAASPR_21479,0.8318090438842773
DBAASPR_21480,0.3394400477409363
DBAASPR_21481,0.3745516538619995
DBAASPR_21482,0.09969455003738403
DBAASPS_21483,0.9999225735664368
DBAASPS_21484,0.9999879598617554
DBAASPS_21485,0.9999979734420776
DBAASPS_21486,0.9999859929084778
DBAASPS_21487,0.999763011932373
DBAASPR_21488,0.08523427695035934
DBAASPR_21489,0.009663316421210766
DBAASPR_21490,0.381913959980011
DBAASPR_21491,0.04105064645409584
DBAASPR_21492,0.21954071521759033
DBAASPR_21493,0.13990816473960876
DBAASPR_21494,0.5540764331817627
DBAASPR_21497,0.3987901210784912
DBAASPR_21498,7.747022027615458e-05
DBAASPR_21499,0.7762399911880493
DBAASPR_21500,0.999679446220398
DBAASPR_21501,0.9944952726364136
DBAASPS_21504,0.9986668825149536
DBAASPS_21505,0.9862653613090515
DBAASPN_21506,0.2564661204814911
DBAASPN_21507,
DBAASPN_21508,
DBAASPS_21516,
DBAASPR_21517,0.42853251099586487
DBAASPR_21518,0.9866342544555664
DBAASPR_21522,0.027210840955376625
DBAASPR_21523,0.9950582385063171
DBAASPS_21526,0.031081538647413254
DBAASPS_21527,0.006251931190490723
DBAASPS_21528,0.14123591780662537
DBAASPS_21529,0.0352608785033226
DBAASPS_21530,0.00029528047889471054
DBAASPS_21531,0.04501524940133095
DBAASPS_21532,0.020940622314810753
DBAASPS_21533,0.3011639714241028
DBAASPS_21534,0.008173400536179543
DBAASPS_21535,0.000418609386542812
DBAASPS_21536,0.0942666083574295
DBAASPS_21537,0.0033525191247463226
DBAASPS_21538,0.0003506231587380171
DBAASPS_21539,
DBAASPS_21540,
DBAASPS_21541,
DBAASPS_21542,
DBAASPS_21543,
DBAASPS_21544,
DBAASPS_21545,
DBAASPS_21548,
DBAASPS_21549,
DBAASPS_21550,
DBAASPS_21551,0.9935705065727234
DBAASPS_21552,0.9933344125747681
DBAASPS_21553,0.995640754699707
DBAASPS_21554,0.9886101484298706
DBAASPS_21555,
DBAASPS_21556,
DBAASPS_21557,
DBAASPS_21558,
DBAASPN_21559,
DBAASPS_21560,
DBAASPS_21561,
DBAASPS_21562,
DBAASPS_21563,
DBAASPS_21564,
DBAASPS_21565,
DBAASPS_21566,
DBAASPS_21567,
DBAASPS_21568,
DBAASPS_21569,
DBAASPS_21570,
DBAASPS_21571,
DBAASPS_21572,
DBAASPS_21573,
DBAASPS_21574,
DBAASPS_21575,
DBAASPS_21576,
DBAASPS_21577,
DBAASPS_21578,0.9984407424926758
DBAASPS_21579,0.9984037280082703
DBAASPS_21580,0.9969674348831177
DBAASPS_21581,0.9991596341133118
DBAASPS_21585,0.9944780468940735
DBAASPS_21586,0.9987128973007202
DBAASPS_21587,0.9993250966072083
DBAASPN_21588,0.7719433307647705
DBAASPN_21590,
DBAASPN_21591,
DBAASPN_21592,
DBAASPN_21593,
DBAASPN_21601,
DBAASPN_21602,
DBAASPN_21603,
DBAASPN_21604,
DBAASPN_21607,
DBAASPN_21610,
DBAASPS_21611,
DBAASPS_21613,0.1551245152950287
DBAASPS_21614,
DBAASPS_21615,0.9999972581863403
DBAASPS_21616,0.9997827410697937
DBAASPS_21617,0.9996061325073242
DBAASPS_21618,0.9924939870834351
DBAASPS_21619,0.9976717233657837
DBAASPS_21620,0.9997931718826294
DBAASPS_21621,0.9999669194221497
DBAASPS_21622,0.9985333681106567
DBAASPS_21623,0.9982379674911499
DBAASPS_21624,0.1664985716342926
DBAASPN_21625,0.009469175711274147
DBAASPN_21626,
DBAASPS_21628,0.9998952746391296
DBAASPS_21629,0.9962220191955566
DBAASPN_21630,
DBAASPN_21634,
DBAASPS_21639,
DBAASPS_21640,0.8522188067436218
DBAASPS_21641,0.8146766424179077
DBAASPS_21643,0.5777068734169006
DBAASPS_21644,0.7550846338272095
DBAASPS_21645,0.7470539212226868
DBAASPS_21646,0.3876905143260956
DBAASPS_21647,0.3990887999534607
DBAASPS_21648,0.9567481875419617
DBAASPS_21649,0.09299636632204056
DBAASPS_21650,0.11650587618350983
DBAASPS_21651,0.5664550065994263
DBAASPS_21652,0.9385724067687988
DBAASPS_21653,0.8428266644477844
DBAASPS_21656,0.9956952929496765
DBAASPS_21657,0.9987417459487915
DBAASPS_21658,0.9991304278373718
DBAASPS_21659,0.9999645352363586
DBAASPS_21660,0.38356512784957886
DBAASPS_21661,0.9856532216072083
DBAASPS_21662,0.8368446230888367
DBAASPS_21663,0.6260064244270325
DBAASPS_21671,0.9899699091911316
DBAASPS_21672,0.9754503965377808
DBAASPS_21673,0.9941831827163696
DBAASPS_21674,0.9977750778198242
DBAASPN_21685,
DBAASPN_21686,
DBAASPN_21687,
DBAASPN_21692,
DBAASPN_21693,
DBAASPN_21694,
DBAASPN_21696,
DBAASPS_21697,0.9885154962539673
DBAASPS_21698,0.9695618748664856
DBAASPS_21699,0.9662151336669922
DBAASPS_21700,0.9864780306816101
DBAASPS_21701,0.9970654249191284
DBAASPS_21703,0.9892171621322632
DBAASPS_21704,0.9800022840499878
DBAASPS_21705,0.9995401501655579
DBAASPN_21709,
DBAASPS_21734,0.9995182156562805
DBAASPS_21735,0.9997026324272156
DBAASPS_21736,0.9998890161514282
DBAASPS_21737,0.9999240040779114
DBAASPN_21740,
DBAASPN_21741,
DBAASPN_21746,
DBAASPS_21747,0.9999693036079407
DBAASPS_21752,
DBAASPS_21754,
DBAASPS_21755,
DBAASPS_21759,0.017789507284760475
DBAASPS_21760,0.9976703524589539
DBAASPN_21765,
DBAASPN_21766,
DBAASPN_21771,
DBAASPN_21772,
DBAASPR_21777,
DBAASPS_21778,
DBAASPN_21780,
DBAASPR_21787,
DBAASPS_21788,0.9973856210708618
DBAASPS_21789,0.46196097135543823
DBAASPS_21791,0.380234956741333
DBAASPS_21792,0.2819005846977234
DBAASPS_21794,0.14290586113929749
DBAASPS_21795,0.40821462869644165
DBAASPS_21797,0.043378617614507675
DBAASPS_21798,0.07641878724098206
DBAASPS_21800,0.06342649459838867
DBAASPS_21801,0.25503450632095337
DBAASPS_21803,0.2930523157119751
DBAASPS_21804,0.5850003361701965
DBAASPS_21806,0.11960218101739883
DBAASPS_21807,0.3291628658771515
DBAASPS_21809,0.33401909470558167
DBAASPS_21810,0.5440760850906372
DBAASPS_21812,0.07834947109222412
DBAASPS_21813,0.3003957271575928
DBAASPS_21815,0.09194614738225937
DBAASPS_21816,0.2997031509876251
DBAASPS_21818,0.2147561013698578
DBAASPS_21819,0.29082638025283813
DBAASPS_21821,0.9246706962585449
DBAASPS_21822,0.34489506483078003
DBAASPS_21823,0.9049820899963379
DBAASPS_21824,0.6668844819068909
DBAASPS_21827,0.28437837958335876
DBAASPS_21828,0.9208446741104126
DBAASPS_21829,0.9986006021499634
DBAASPS_21830,0.9989385604858398
DBAASPS_21831,0.999625563621521
DBAASPS_21832,0.4261714518070221
DBAASPS_21833,0.6657630205154419
DBAASPS_21834,0.9653869867324829
DBAASPS_21835,0.9109574556350708
DBAASPS_21836,0.5783151388168335
DBAASPS_21837,0.9800193905830383
DBAASPS_21838,0.7715188264846802
DBAASPS_21839,0.77519690990448
DBAASPS_21840,0.8435695767402649
DBAASPS_21841,0.8196940422058105
DBAASPS_21842,0.9485289454460144
DBAASPS_21843,0.9952293634414673
DBAASPS_21844,0.9797261357307434
DBAASPS_21845,0.9128724336624146
DBAASPS_21846,0.9580632448196411
DBAASPS_21847,0.7315329313278198
DBAASPS_21848,0.880519688129425
DBAASPS_21849,0.9286147952079773
DBAASPS_21850,0.9883936047554016
DBAASPS_21851,0.9805191159248352
DBAASPS_21852,0.9429585337638855
DBAASPS_21853,0.9713774919509888
DBAASPS_21854,0.7089577317237854
DBAASPS_21855,0.8327577710151672
DBAASPS_21856,0.5981894135475159
DBAASPS_21857,0.7978653311729431
DBAASPS_21858,0.9470723271369934
DBAASPS_21859,0.9356122016906738
DBAASPS_21860,0.9720417261123657
DBAASPS_21861,0.8121694326400757
DBAASPS_21862,0.8593138456344604
DBAASPS_21863,0.9630755186080933
DBAASPS_21864,0.7536741495132446
DBAASPS_21865,0.943871796131134
DBAASPS_21866,0.8868683576583862
DBAASPS_21867,0.9919878244400024
DBAASPS_21868,0.9957407712936401
DBAASPS_21869,0.9857719540596008
DBAASPS_21870,0.9999569058418274
DBAASPS_21871,0.9999793767929077
DBAASPS_21872,0.8267817497253418
DBAASPS_21873,0.9038470983505249
DBAASPS_21874,0.8572552800178528
DBAASPS_21875,0.9998140335083008
DBAASPS_21876,0.9999769926071167
DBAASPS_21877,0.9423478841781616
DBAASPS_21878,0.9668574333190918
DBAASPS_21879,0.9596675634384155
DBAASPS_21880,0.9999767541885376
DBAASPS_21881,0.9999904632568359
DBAASPS_21882,0.9969852566719055
DBAASPS_21883,0.9999162554740906
DBAASPS_21884,0.9999408721923828
DBAASPS_21885,0.9472977519035339
DBAASPS_21886,0.8995639085769653
DBAASPS_21887,0.9802154302597046
DBAASPS_21888,0.9999817609786987
DBAASPS_21889,0.9999911189079285
DBAASPS_21890,0.8348636627197266
DBAASPS_21891,0.9151203036308289
DBAASPS_21892,0.8433290719985962
DBAASPS_21893,0.9999831914901733
DBAASPS_21894,0.9999169111251831
DBAASPR_21895,
DBAASPR_21907,
DBAASPR_21908,
DBAASPS_21911,
DBAASPS_21913,0.5002169013023376
DBAASPS_21914,0.5964740514755249
DBAASPS_21915,0.4899689257144928
DBAASPS_21916,0.6140252947807312
DBAASPS_21917,0.9746611714363098
DBAASPS_21918,0.6286061406135559
DBAASPS_21919,0.9924736022949219
DBAASPS_21920,0.9967108964920044
DBAASPS_21921,0.8814811706542969
DBAASPS_21924,0.9992972612380981
DBAASPS_21925,0.926588237285614
DBAASPS_21926,0.9992674589157104
DBAASPS_21927,0.9932724237442017
DBAASPS_21928,0.9168327450752258
DBAASPS_21929,0.8256038427352905
DBAASPS_21930,
DBAASPS_21931,
DBAASPS_21934,0.6300002932548523
DBAASPS_21939,
DBAASPS_21942,0.9664766192436218
DBAASPR_21943,0.9988231658935547
DBAASPS_21944,0.9981441497802734
DBAASPS_21945,0.9988807439804077
DBAASPS_21946,0.9978764653205872
DBAASPS_21947,0.9996968507766724
DBAASPS_21948,0.9897023439407349
DBAASPS_21949,0.9986761808395386
DBAASPS_21950,0.6162279844284058
DBAASPS_21951,0.2809451222419739
DBAASPS_21952,0.8520361185073853
DBAASPS_21953,0.8900994062423706
DBAASPS_21954,0.9938410520553589
DBAASPS_21955,0.8951505422592163
DBAASPS_21956,0.9653270840644836
DBAASPS_21957,0.9997717142105103
DBAASPS_21958,0.9978935122489929
DBAASPS_21959,0.9999664425849915
DBAASPS_21960,0.9999889135360718
DBAASPS_21961,0.9996544122695923
DBAASPS_21962,0.9955323934555054
DBAASPS_21963,0.9964761734008789
DBAASPS_21964,0.9924055337905884
DBAASPS_21965,0.9970104098320007
DBAASPS_21966,0.9990713000297546
DBAASPS_21967,0.9946550130844116
DBAASPS_21968,0.8718229532241821
DBAASPS_21969,0.9885982275009155
DBAASPS_21970,0.9961886405944824
DBAASPS_21971,0.9271009564399719
DBAASPS_21972,0.9863415956497192
DBAASPR_21973,
DBAASPR_21974,
DBAASPR_21975,
DBAASPR_21977,
DBAASPR_21978,
DBAASPS_21980,0.999987781047821
DBAASPS_21981,0.9995056986808777
DBAASPS_21982,0.999975860118866
DBAASPS_21983,0.9993154406547546
DBAASPS_21984,0.9920145273208618
DBAASPS_21985,0.6620856523513794
DBAASPS_21986,0.5932337641716003
DBAASPS_21987,
DBAASPS_21991,0.8023759126663208
DBAASPS_21992,
DBAASPR_21995,0.8006132245063782
DBAASPS_21996,0.003680369583889842
DBAASPS_21997,0.0020624720491468906
DBAASPS_21998,0.00038634208613075316
DBAASPS_21999,0.0010939334752038121
DBAASPR_22000,
DBAASPR_22001,
DBAASPS_22002,
DBAASPS_22003,0.9942396879196167
DBAASPN_22016,0.01072973944246769
DBAASPN_22017,
DBAASPS_22018,0.9936267733573914
DBAASPS_22019,0.9995325207710266
DBAASPS_22020,0.9897387623786926
DBAASPS_22021,0.6567642092704773
DBAASPS_22022,0.7673357725143433
DBAASPS_22023,0.9920620918273926
DBAASPS_22024,0.9783085584640503
DBAASPS_22025,0.9677770733833313
DBAASPS_22026,0.9957823753356934
DBAASPS_22027,0.9998167157173157
DBAASPN_22028,
DBAASPS_22030,0.999228835105896
DBAASPS_22031,0.9998730421066284
DBAASPS_22032,0.9970234632492065
DBAASPS_22034,0.9832342267036438
DBAASPS_22036,0.9225287437438965
DBAASPS_22038,
DBAASPN_22040,
DBAASPN_22045,
DBAASPS_22049,0.999812126159668
DBAASPS_22050,0.9997953176498413
DBAASPS_22051,0.9999383687973022
DBAASPS_22052,0.9999294281005859
DBAASPS_22053,0.9997836947441101
DBAASPS_22054,0.7362563014030457
DBAASPR_22055,
DBAASPR_22056,
DBAASPR_22057,
DBAASPR_22058,
DBAASPR_22059,
DBAASPS_22060,0.9977954626083374
DBAASPS_22061,0.9926801919937134
DBAASPS_22062,0.9328641891479492
DBAASPS_22064,0.08702041953802109
DBAASPS_22065,0.0004330705269239843
DBAASPS_22066,0.05163111537694931
DBAASPR_22068,0.020277351140975952
DBAASPR_22069,
DBAASPS_22072,0.922319233417511
DBAASPS_22073,0.9962536096572876
DBAASPS_22075,0.9872525930404663
DBAASPS_22076,0.9985358119010925
DBAASPR_22078,
DBAASPS_22079,0.03240709751844406
DBAASPN_22085,
DBAASPR_22086,0.6482961773872375
DBAASPR_22087,0.9981932640075684
DBAASPN_22088,
DBAASPN_22089,
DBAASPN_22090,
DBAASPN_22092,
DBAASPS_22093,0.9984485507011414
DBAASPS_22094,0.9998950958251953
DBAASPS_22095,0.9973528981208801
DBAASPS_22096,0.9971675872802734
DBAASPS_22097,0.9998716115951538
DBAASPS_22098,0.9997207522392273
DBAASPS_22099,0.9993988871574402
DBAASPS_22100,0.9998197555541992
DBAASPS_22101,0.9995530843734741
DBAASPS_22102,0.9909838438034058
DBAASPS_22103,0.9917615652084351
DBAASPS_22104,0.9956925511360168
DBAASPS_22105,0.9995326995849609
DBAASPS_22106,0.9989482760429382
DBAASPS_22107,0.997331976890564
DBAASPS_22108,0.9970586895942688
DBAASPS_22109,0.9895612597465515
DBAASPS_22110,0.9995511770248413
DBAASPS_22111,0.9312105178833008
DBAASPS_22112,0.9805728793144226
DBAASPS_22113,0.9715436100959778
DBAASPS_22114,0.10846785455942154
DBAASPS_22115,0.6938834190368652
DBAASPS_22116,0.2818702757358551
DBAASPS_22117,0.996173083782196
DBAASPS_22118,0.9734705686569214
DBAASPS_22120,0.0010043191723525524
DBAASPS_22121,0.04270421713590622
DBAASPS_22122,0.9999990463256836
DBAASPS_22123,0.13070473074913025
DBAASPS_22124,0.0947578176856041
DBAASPS_22125,0.2592295706272125
DBAASPS_22126,0.7713348269462585
DBAASPS_22127,0.997283935546875
DBAASPS_22129,0.25067684054374695
DBAASPS_22131,0.9996744990348816
DBAASPN_22132,
DBAASPN_22133,
DBAASPN_22134,
DBAASPN_22136,
DBAASPN_22137,0.44429320096969604
DBAASPN_22138,0.5805853009223938
DBAASPN_22139,0.24245159327983856
DBAASPS_22140,
DBAASPS_22141,
DBAASPN_22142,0.40379056334495544
DBAASPN_22143,0.6076976656913757
DBAASPN_22144,
DBAASPN_22145,
DBAASPN_22146,
DBAASPN_22147,
DBAASPR_22148,0.3785056471824646
DBAASPN_22152,
DBAASPN_22155,
DBAASPS_22156,0.9964818954467773
DBAASPR_22159,0.9958189129829407
DBAASPR_22162,0.7022790312767029
DBAASPR_22163,0.999243438243866
DBAASPN_22164,
DBAASPN_22167,
DBAASPN_22168,0.4557310938835144
DBAASPN_22169,
DBAASPN_22171,
DBAASPN_22172,
DBAASPN_22173,
DBAASPN_22174,
DBAASPN_22175,
DBAASPN_22176,
DBAASPN_22193,
DBAASPN_22195,
DBAASPS_22197,
DBAASPS_22207,0.6005586981773376
DBAASPS_22208,0.0033223044592887163
DBAASPS_22215,0.9999822378158569
DBAASPS_22216,0.9999973177909851
DBAASPS_22217,0.9996851086616516
DBAASPS_22218,0.9999796152114868
DBAASPS_22219,0.8462409973144531
DBAASPS_22220,0.9920591115951538
DBAASPR_22221,
DBAASPR_22222,
DBAASPS_22224,0.9360763430595398
DBAASPS_22225,0.9421610832214355
DBAASPS_22226,0.9005821347236633
DBAASPS_22227,0.9852534532546997
DBAASPS_22228,0.8895101547241211
DBAASPS_22229,0.7712854146957397
DBAASPS_22230,0.6882546544075012
DBAASPS_22231,0.7423847317695618
DBAASPS_22232,0.9050639867782593
DBAASPS_22233,0.9414971470832825
DBAASPS_22234,0.8549209833145142
DBAASPS_22235,0.9324690699577332
DBAASPS_22236,0.8131267428398132
DBAASPS_22237,0.9804606437683105
DBAASPS_22238,0.994909942150116
DBAASPS_22239,0.9955551028251648
DBAASPS_22240,0.8688101768493652
DBAASPS_22241,0.9775886535644531
DBAASPS_22244,0.34555453062057495
DBAASPS_22245,0.8083705902099609
DBAASPS_22246,0.9902885556221008
DBAASPS_22247,0.9981693029403687
DBAASPS_22249,0.9396877288818359
DBAASPN_22254,0.7132888436317444
DBAASPN_22255,0.6947834491729736
DBAASPN_22256,0.5208643674850464
DBAASPN_22257,0.539199948310852
DBAASPN_22258,
DBAASPN_22259,
DBAASPN_22260,
DBAASPN_22261,
DBAASPS_22263,0.021136557683348656
DBAASPS_22264,0.636699914932251
DBAASPS_22265,0.4401826858520508
DBAASPS_22266,0.15321142971515656
DBAASPS_22267,0.6516786813735962
DBAASPS_22268,0.891585648059845
DBAASPS_22269,0.9049829244613647
DBAASPS_22270,0.2575461268424988
DBAASPS_22271,0.9757888913154602
DBAASPS_22272,0.11260871589183807
DBAASPS_22273,0.8816509246826172
DBAASPS_22274,0.9297764897346497
DBAASPS_22275,0.7413025498390198
DBAASPS_22276,0.3188338577747345
DBAASPS_22277,0.27433153986930847
DBAASPS_22278,0.989357590675354
DBAASPS_22279,0.9670389294624329
DBAASPS_22280,0.999961256980896
DBAASPS_22281,0.7015517950057983
DBAASPS_22283,0.9996323585510254
DBAASPS_22284,0.9995568990707397
DBAASPS_22285,0.999566376209259
DBAASPS_22286,0.9996490478515625
DBAASPS_22287,0.9975376129150391
DBAASPS_22288,0.9989768862724304
DBAASPS_22289,0.997927188873291
DBAASPS_22290,0.9996210932731628
DBAASPS_22291,0.9991263151168823
DBAASPS_22292,0.9988849759101868
DBAASPS_22293,0.9993802905082703
DBAASPS_22294,0.9892927408218384
DBAASPS_22295,0.9953143000602722
DBAASPS_22296,0.9952129125595093
DBAASPS_22297,
DBAASPS_22298,
DBAASPS_22299,
DBAASPS_22300,
DBAASPS_22301,
DBAASPS_22302,
DBAASPS_22303,
DBAASPS_22305,0.9997112154960632
DBAASPS_22306,0.9993909597396851
DBAASPS_22307,0.9922389984130859
DBAASPS_22308,0.9985450506210327
DBAASPS_22309,0.9917765855789185
DBAASPS_22310,0.9986710548400879
DBAASPS_22311,0.9999144673347473
DBAASPS_22312,0.9999316930770874
DBAASPS_22313,0.9999408721923828
DBAASPS_22314,0.9999677538871765
DBAASPS_22315,0.999988853931427
DBAASPS_22316,0.9999953508377075
DBAASPS_22317,0.9999980926513672
DBAASPS_22318,0.9999992251396179
DBAASPS_22319,0.9999991655349731
DBAASPS_22320,0.9999958276748657
DBAASPS_22321,0.9999979138374329
DBAASPS_22322,0.9999994039535522
DBAASPS_22323,0.9999889135360718
DBAASPS_22324,0.9829463958740234
DBAASPS_22325,0.9990682601928711
DBAASPS_22326,0.8382948637008667
DBAASPS_22327,0.9872196912765503
DBAASPS_22328,0.999984860420227
DBAASPS_22329,
DBAASPS_22330,
DBAASPS_22331,
DBAASPS_22332,
DBAASPS_22335,
DBAASPS_22338,0.9999980926513672
DBAASPS_22339,0.9999979138374329
DBAASPR_22347,0.8591941595077515
DBAASPS_22348,0.9999407529830933
DBAASPS_22349,0.9993786811828613
DBAASPS_22350,0.009295513853430748
DBAASPS_22356,
DBAASPS_22357,
DBAASPS_22359,
DBAASPS_22360,
DBAASPS_22362,0.9999464154243469
DBAASPS_22364,0.9687703847885132
DBAASPS_22372,0.9377449750900269
DBAASPS_22373,0.8323433995246887
DBAASPS_22374,0.629848301410675
DBAASPS_22375,0.8915216326713562
DBAASPS_22376,0.25436097383499146
DBAASPR_22385,0.9936318397521973
DBAASPS_22386,0.07550559192895889
DBAASPS_22387,0.07498063892126083
DBAASPS_22388,0.4574580192565918
DBAASPS_22389,0.980023980140686
DBAASPS_22390,0.011864984408020973
DBAASPS_22391,0.6896559596061707
DBAASPS_22392,0.79399174451828
DBAASPS_22396,0.12798988819122314
DBAASPS_22397,0.26359131932258606
DBAASPS_22398,0.6787004470825195
DBAASPS_22399,0.34167608618736267
DBAASPS_22400,0.10593509674072266
DBAASPS_22401,0.4268719255924225
DBAASPN_22402,
DBAASPS_22432,0.27917131781578064
DBAASPS_22433,0.27309757471084595
DBAASPS_22434,0.47190386056900024
DBAASPS_22435,0.47245651483535767
DBAASPS_22436,0.6525399684906006
DBAASPR_22437,0.5107726454734802
DBAASPS_22438,0.9130195379257202
DBAASPS_22443,0.9984375238418579
DBAASPS_22448,0.45027270913124084
DBAASPS_22449,0.9928569793701172
DBAASPS_22451,0.998374342918396
DBAASPS_22452,0.9914637804031372
DBAASPS_22453,0.8841099739074707
DBAASPS_22454,0.9824939966201782
DBAASPS_22455,0.8889731168746948
DBAASPS_22456,0.982325553894043
DBAASPS_22457,0.7803863286972046
DBAASPS_22458,0.9999719858169556
DBAASPS_22459,0.9999868273735046
DBAASPS_22460,0.9997612237930298
DBAASPS_22461,0.8437841534614563
DBAASPS_22462,0.9999113082885742
DBAASPS_22463,0.5308202505111694
DBAASPS_22468,0.998736560344696
DBAASPS_22473,0.9997841715812683
DBAASPS_22474,0.9437190294265747
DBAASPS_22480,0.9993483424186707
DBAASPS_22481,0.999451756477356
DBAASPS_22482,0.9999573826789856
DBAASPS_22484,0.9999922513961792
DBAASPR_22486,
DBAASPS_22488,0.0060536740347743034
DBAASPS_22495,0.9986756443977356
DBAASPS_22497,0.9989196062088013
DBAASPS_22498,0.9990761876106262
DBAASPS_22499,0.9981193542480469
DBAASPS_22500,0.9930956959724426
DBAASPS_22501,0.9988811612129211
DBAASPS_22502,0.9997345209121704
DBAASPS_22504,0.5163830518722534
DBAASPS_22505,0.525468111038208
DBAASPS_22506,0.9998161196708679
DBAASPS_22507,0.9998661279678345
DBAASPS_22508,0.9998639822006226
DBAASPS_22509,0.999995231628418
DBAASPS_22510,0.9999793767929077
DBAASPS_22511,0.9999725222587585
DBAASPS_22512,0.9999930262565613
DBAASPS_22515,0.9999097585678101
DBAASPS_22517,0.9998165369033813
DBAASPS_22519,0.9996472597122192
DBAASPS_22526,0.049101389944553375
DBAASPS_22535,0.6553584933280945
DBAASPS_22539,0.7491080164909363
DBAASPS_22542,0.9789613485336304
DBAASPS_22543,0.9886445999145508
DBAASPS_22544,0.9845970273017883
DBAASPS_22545,0.9936545491218567
DBAASPS_22546,0.9525521397590637
DBAASPS_22547,0.9991920590400696
DBAASPS_22548,0.0005704647628590465
DBAASPS_22549,0.12330184131860733
DBAASPS_22550,0.9993381500244141
DBAASPS_22552,0.7309282422065735
DBAASPS_22553,0.9676716923713684
DBAASPS_22554,0.9178037643432617
DBAASPS_22555,0.9978736639022827
DBAASPS_22556,0.7145021557807922
DBAASPS_22557,0.9708083271980286
DBAASPS_22558,0.9752975702285767
DBAASPS_22559,0.9889006614685059
DBAASPS_22560,0.9992260932922363
DBAASPS_22561,0.9974505305290222
DBAASPS_22562,0.9979860186576843
DBAASPS_22563,0.9999436140060425
DBAASPS_22564,0.9897398948669434
DBAASPS_22565,0.9984825253486633
DBAASPS_22566,0.9998971819877625
DBAASPS_22572,0.9987317323684692
DBAASPS_22574,
DBAASPS_22577,0.7340450286865234
DBAASPS_22578,0.9660709500312805
DBAASPS_22579,0.9136595726013184
DBAASPS_22580,
DBAASPS_22582,
DBAASPS_22585,0.9995386004447937
DBAASPS_22586,0.3710991442203522
DBAASPS_22587,0.7483352422714233
DBAASPS_22588,0.9677844047546387
DBAASPS_22589,0.999690055847168
DBAASPS_22591,0.9662603139877319
DBAASPS_22592,
DBAASPS_22593,
DBAASPS_22594,
DBAASPS_22595,
DBAASPS_22596,
DBAASPS_22597,
DBAASPS_22598,
DBAASPS_22599,
DBAASPS_22600,
DBAASPS_22601,
DBAASPS_22612,
DBAASPS_22631,0.9999985694885254
DBAASPS_22632,0.9999998807907104
DBAASPS_22633,1.0
DBAASPS_22634,0.9992316961288452
DBAASPS_22635,0.999962329864502
DBAASPS_22636,0.9999998211860657
DBAASPS_22637,0.9999993443489075
DBAASPS_22638,0.9999998211860657
DBAASPS_22639,0.9999942779541016
DBAASPR_22641,
DBAASPS_22643,
DBAASPS_22644,
DBAASPS_22645,
DBAASPS_22646,
DBAASPS_22647,
DBAASPS_22648,
DBAASPS_22659,0.9999483823776245
DBAASPS_22660,0.9999510049819946
DBAASPS_22661,0.9999731183052063
DBAASPS_22667,0.9999998211860657
DBAASPS_22668,0.9999998807907104
DBAASPS_22669,0.9999998807907104
DBAASPS_22670,0.9999998807907104
DBAASPS_22671,1.0
DBAASPS_22672,1.0
DBAASPS_22674,1.0
DBAASPS_22675,0.9999979138374329
DBAASPS_22676,0.9999997019767761
DBAASPS_22677,0.9999998211860657
DBAASPS_22679,0.9999993443489075
DBAASPS_22680,0.9999992251396179
DBAASPS_22684,0.9999979138374329
DBAASPS_22687,0.9999977350234985
DBAASPS_22688,0.9999882578849792
DBAASPS_22689,0.9999902844429016
DBAASPS_22690,0.9999852180480957
DBAASPS_22691,0.9999300241470337
DBAASPS_22692,0.9999803304672241
DBAASPS_22693,0.9998798370361328
DBAASPS_22694,0.9985939264297485
DBAASPS_22695,0.9992311596870422
DBAASPS_22696,0.9976640939712524
DBAASPS_22697,0.9991207122802734
DBAASPS_22698,0.9967443346977234
DBAASPS_22699,0.9966036081314087
DBAASPS_22700,0.9846739768981934
DBAASPS_22701,0.9831023216247559
DBAASPS_22702,0.8071298599243164
DBAASPS_22703,0.7882198095321655
DBAASPS_22705,0.2989894151687622
DBAASPS_22706,0.05602067708969116
DBAASPS_22707,0.11924692243337631
DBAASPS_22708,0.10033206641674042
DBAASPS_22709,0.9994624257087708
DBAASPR_22710,0.9899011850357056
DBAASPS_22711,0.9988320469856262
DBAASPS_22712,0.9999996423721313
DBAASPS_22713,0.9999801516532898
DBAASPS_22714,0.9999943971633911
DBAASPS_22715,0.9999996423721313
DBAASPS_22716,0.9684406518936157
DBAASPS_22717,0.9999912977218628
DBAASPS_22718,0.9999359250068665
DBAASPS_22719,0.9999862909317017
DBAASPS_22720,0.9728189706802368
DBAASPS_22721,0.9998970031738281
DBAASPS_22722,0.9999998807907104
DBAASPS_22723,0.9999586939811707
DBAASPS_22724,0.9952491521835327
DBAASPS_22727,
DBAASPR_22729,0.9993383288383484
DBAASPS_22730,0.9998199343681335
DBAASPS_22731,0.997580885887146
DBAASPS_22732,0.9993771314620972
DBAASPS_22733,
DBAASPS_22736,
DBAASPS_22738,
DBAASPS_22742,
DBAASPS_22744,
DBAASPN_22745,
DBAASPN_22746,
DBAASPS_22748,0.9996870160102844
DBAASPS_22749,0.981304943561554
DBAASPS_22750,0.9998078346252441
DBAASPS_22755,0.9669671058654785
DBAASPS_22758,0.9998389482498169
DBAASPS_22762,0.9846248626708984
DBAASPS_22763,0.9714587330818176
DBAASPS_22768,0.99961918592453
DBAASPS_22769,0.9990681409835815
DBAASPS_22770,0.9997699856758118
DBAASPS_22771,0.9997051358222961
DBAASPS_22772,0.9998675584793091
DBAASPS_22773,0.9999518394470215
DBAASPS_22774,0.9999723434448242
DBAASPS_22775,0.9998555183410645
DBAASPS_22776,0.9990434646606445
DBAASPS_22777,0.9994185566902161
DBAASPS_22778,0.9999221563339233
DBAASPS_22780,0.9995020627975464
DBAASPS_22782,0.9841763377189636
DBAASPS_22785,0.9992913007736206
DBAASPS_22786,0.9993904829025269
DBAASPS_22787,0.9991610646247864
DBAASPR_22788,0.007907992228865623
DBAASPS_22789,0.7671752572059631
DBAASPS_22790,0.9895079731941223
DBAASPS_22791,0.3278839588165283
DBAASPS_22792,0.6673408150672913
DBAASPS_22794,
DBAASPS_22795,
DBAASPS_22796,
DBAASPS_22797,
DBAASPS_22798,
DBAASPR_22799,
DBAASPS_22800,
DBAASPS_22801,
DBAASPS_22802,
DBAASPS_22803,
DBAASPS_22804,0.006745439954102039
DBAASPN_22805,
DBAASPN_22806,
DBAASPS_22807,
DBAASPS_22808,
DBAASPR_22810,0.998299777507782
DBAASPS_22811,0.992978572845459
DBAASPS_22812,0.958393394947052
DBAASPR_22813,0.7280597686767578
DBAASPS_22815,0.9999896287918091
DBAASPS_22820,0.9999640583992004
DBAASPS_22821,0.9992551803588867
DBAASPS_22822,0.9957616925239563
DBAASPS_22823,0.8454330563545227
DBAASPS_22824,0.8166061639785767
DBAASPN_22825,0.0013266389723867178
DBAASPN_22826,
DBAASPN_22831,0.1871488392353058
DBAASPS_22834,0.5440584421157837
DBAASPS_22836,0.010023290291428566
DBAASPN_22838,0.42427483201026917
DBAASPN_22839,
DBAASPN_22840,
DBAASPS_22844,0.3995608985424042
DBAASPS_22845,0.01288381963968277
DBAASPS_22846,0.16509957611560822
DBAASPS_22847,0.2696910500526428
DBAASPS_22849,
DBAASPS_22850,
DBAASPS_22856,
DBAASPS_22857,
DBAASPS_22858,
DBAASPS_22859,
DBAASPS_22861,
DBAASPS_22862,
DBAASPS_22863,
DBAASPS_22867,
DBAASPS_22869,
DBAASPS_22877,0.9176183938980103
DBAASPS_22878,0.9691371917724609
DBAASPS_22879,
DBAASPS_22880,0.7306364178657532
DBAASPS_22881,0.9975622296333313
DBAASPS_22882,0.9961742162704468
DBAASPS_22883,0.9972233772277832
DBAASPS_22884,0.9997614026069641
DBAASPS_22885,0.9997339248657227
DBAASPR_22886,0.9960331916809082
DBAASPR_22887,0.9872503280639648
DBAASPR_22891,0.9593757390975952
DBAASPR_22893,0.9996423721313477
DBAASPR_22894,0.9844391942024231
DBAASPR_22895,0.9441969990730286
DBAASPR_22896,0.21272380650043488
DBAASPR_22897,0.9838067889213562
DBAASPR_22902,0.710921585559845
DBAASPR_22904,0.4738563895225525
DBAASPR_22905,0.9995952844619751
DBAASPS_22908,0.9488695859909058
DBAASPS_22909,0.9972683191299438
DBAASPS_22910,0.9994975328445435
DBAASPS_22911,0.9989337921142578
DBAASPS_22916,0.9686130285263062
DBAASPS_22917,0.9996393322944641
DBAASPS_22918,0.9898985624313354
DBAASPS_22920,0.9779461622238159
DBAASPS_22921,0.8762689828872681
DBAASPS_22922,
DBAASPS_22923,
DBAASPS_22924,
DBAASPS_22927,
DBAASPS_22945,
DBAASPS_22946,
DBAASPS_22947,
DBAASPS_22948,
DBAASPS_22949,
DBAASPS_22950,
DBAASPS_22951,
DBAASPS_22952,
DBAASPS_22953,
DBAASPS_22960,
DBAASPS_22984,4.297613486414775e-05
DBAASPS_22985,0.0019279767293483019
DBAASPS_22986,0.9528743624687195
DBAASPS_22987,0.09443218261003494
DBAASPS_22988,0.09738021343946457
DBAASPS_22989,0.09813827276229858
DBAASPS_22990,0.7097292542457581
DBAASPS_22991,0.13859844207763672
DBAASPS_22992,0.013868573121726513
DBAASPS_22993,0.14682742953300476
DBAASPS_22994,0.3880329728126526
DBAASPS_22995,0.18341609835624695
DBAASPS_22999,0.9976853132247925
DBAASPR_23000,0.9999850392341614
DBAASPS_23001,0.9999700784683228
DBAASPS_23002,0.01867806538939476
DBAASPS_23003,0.9998660087585449
DBAASPS_23004,0.999932587146759
DBAASPS_23005,0.999978244304657
DBAASPS_23006,0.9981824159622192
DBAASPS_23007,0.9996441006660461
DBAASPS_23008,0.9983879923820496
DBAASPS_23009,0.998254120349884
DBAASPS_23010,0.9793726205825806
DBAASPS_23011,0.99848473072052
DBAASPS_23012,0.997870922088623
DBAASPS_23013,0.9970866441726685
DBAASPS_23014,0.9998719096183777
DBAASPS_23015,0.9998534917831421
DBAASPS_23016,0.9998584985733032
DBAASPS_23017,0.9995401501655579
DBAASPS_23018,0.8839003443717957
DBAASPS_23020,0.9996573328971863
DBAASPS_23021,0.09221155196428299
DBAASPS_23022,0.9995678663253784
DBAASPS_23023,0.8062546849250793
DBAASPR_23024,0.9771817922592163
DBAASPS_23025,0.2169368714094162
DBAASPS_23026,0.9878586530685425
DBAASPS_23028,0.3170322775840759
DBAASPS_23029,0.14604827761650085
DBAASPS_23030,0.6709801554679871
DBAASPS_23032,0.9966199994087219
DBAASPS_23033,0.9701968431472778
DBAASPS_23035,0.9999289512634277
DBAASPS_23036,0.9998188018798828
DBAASPS_23037,0.7964164018630981
DBAASPS_23038,0.6478866338729858
DBAASPS_23039,0.9810104370117188
DBAASPS_23040,0.9954926371574402
DBAASPS_23041,0.9996021389961243
DBAASPS_23042,0.8285526037216187
DBAASPS_23043,0.999407947063446
DBAASPS_23044,0.9028862714767456
DBAASPS_23045,0.9997774958610535
DBAASPS_23046,0.9967211484909058
DBAASPS_23047,0.7226163744926453
DBAASPS_23048,0.9941661953926086
DBAASPS_23049,0.9996441006660461
DBAASPS_23050,0.9561783075332642
DBAASPS_23051,0.9619008898735046
DBAASPS_23052,0.9745694398880005
DBAASPS_23053,0.9849392771720886
DBAASPS_23054,0.8984675407409668
DBAASPS_23055,0.9995067715644836
DBAASPS_23056,0.998998761177063
DBAASPS_23057,0.8496490716934204
DBAASPS_23058,0.9817635416984558
DBAASPS_23059,0.9866062998771667
DBAASPS_23060,0.9614623188972473
DBAASPS_23061,0.9923751950263977
DBAASPS_23062,0.9888235330581665
DBAASPS_23063,0.9804924726486206
DBAASPS_23064,0.7536245584487915
DBAASPS_23065,0.7463842630386353
DBAASPS_23066,0.6519542932510376
DBAASPS_23067,0.9905457496643066
DBAASPS_23071,0.11461720615625381
DBAASPS_23077,0.0035615824162960052
DBAASPS_23078,0.5951883792877197
DBAASPS_23079,0.9923057556152344
DBAASPS_23080,0.9991531372070312
DBAASPS_23082,0.9056049585342407
DBAASPS_23083,0.8462974429130554
DBAASPS_23084,0.9576366543769836
DBAASPS_23085,0.9128724932670593
DBAASPS_23086,0.6517741680145264
DBAASPS_23087,0.9802770614624023
DBAASPS_23088,0.9478298425674438
DBAASPS_23089,0.9613984823226929
DBAASPS_23090,0.9679427146911621
DBAASPS_23091,0.9662467837333679
DBAASPS_23092,0.7410178184509277
DBAASPS_23093,0.9081441760063171
DBAASPS_23094,0.977645218372345
DBAASPS_23095,0.9874581098556519
DBAASPS_23096,0.9503580927848816
DBAASPS_23097,0.9181082844734192
DBAASPS_23098,0.6974742412567139
DBAASPS_23099,0.9723891019821167
DBAASPS_23100,0.9635955691337585
DBAASPS_23101,0.9282233119010925
DBAASPS_23102,0.98578280210495
DBAASPS_23103,
DBAASPS_23104,0.7871361970901489
DBAASPS_23105,0.9656063318252563
DBAASPS_23106,0.989555835723877
DBAASPS_23107,0.9569915533065796
DBAASPS_23116,0.949687659740448
DBAASPS_23117,0.9446654319763184
DBAASPS_23118,0.9468185305595398
DBAASPS_23119,0.9683399200439453
DBAASPS_23120,0.6402649879455566
DBAASPS_23121,0.8892817497253418
DBAASPS_23122,0.8256304860115051
DBAASPS_23123,0.9464395642280579
DBAASPS_23124,0.9076849222183228
DBAASPS_23125,0.9604593515396118
DBAASPS_23126,0.9350733757019043
DBAASPS_23127,0.7880471348762512
DBAASPS_23128,0.7220566868782043
DBAASPS_23129,0.68108069896698
DBAASPS_23130,0.8070975542068481
DBAASPS_23131,0.9974206686019897
DBAASPS_23132,0.9977713823318481
DBAASPS_23133,0.41014933586120605
DBAASPR_23134,0.8168970346450806
DBAASPS_23135,0.5575259327888489
DBAASPS_23136,0.11878235638141632
DBAASPS_23137,0.825090765953064
DBAASPR_23138,0.003747497918084264
DBAASPS_23139,0.009450594894587994
DBAASPS_23140,0.32625722885131836
DBAASPS_23141,0.0020153301302343607
DBAASPR_23142,
DBAASPR_23144,
DBAASPR_23145,
DBAASPR_23146,
DBAASPS_23148,0.9871705770492554
DBAASPS_23149,0.9993416666984558
DBAASPR_23156,0.9993178248405457
DBAASPS_23157,0.9986922144889832
DBAASPS_23158,0.99995356798172
DBAASPS_23159,0.9991013407707214
DBAASPS_23160,0.8648090362548828
DBAASPS_23163,
DBAASPS_23164,
DBAASPS_23165,
DBAASPS_23166,
DBAASPS_23168,
DBAASPS_23174,0.9895564317703247
DBAASPS_23178,
DBAASPS_23205,0.9999154806137085
DBAASPS_23206,0.9998406171798706
DBAASPS_23207,0.8499900698661804
DBAASPS_23208,0.9995366334915161
DBAASPS_23209,0.6144866943359375
DBAASPS_23210,0.9752915501594543
DBAASPS_23211,0.4946357309818268
DBAASPS_23212,0.9957045316696167
DBAASPS_23213,0.7274773120880127
DBAASPS_23214,0.8418609499931335
DBAASPS_23215,0.7965232729911804
DBAASPS_23216,0.9996652603149414
DBAASPS_23217,0.9998905062675476
DBAASPS_23218,0.7706657648086548
DBAASPS_23219,0.9454905390739441
DBAASPS_23220,0.8667906522750854
DBAASPS_23221,0.8287799954414368
DBAASPS_23222,0.999980628490448
DBAASPS_23223,0.9999796152114868
DBAASPS_23224,0.9853798151016235
DBAASPS_23225,0.9999563097953796
DBAASPS_23226,0.9999321699142456
DBAASPS_23227,0.9999489784240723
DBAASPR_23238,0.7370518445968628
DBAASPS_23239,0.2587428092956543
DBAASPS_23242,0.9340294003486633
DBAASPS_23243,0.9998968243598938
DBAASPS_23244,0.9996374249458313
DBAASPS_23245,0.9999935030937195
DBAASPS_23246,0.9999295473098755
DBAASPS_23247,0.9999577403068542
DBAASPS_23248,0.999902606010437
DBAASPS_23249,0.9999741315841675
DBAASPS_23250,0.999932587146759
DBAASPS_23251,0.9870265126228333
DBAASPS_23252,0.9999812841415405
DBAASPS_23253,0.9999834299087524
DBAASPS_23254,0.9998782277107239
DBAASPS_23255,0.9990893602371216
DBAASPS_23256,0.999304473400116
DBAASPS_23257,0.9989702105522156
DBAASPS_23260,0.9120067358016968
DBAASPS_23261,0.9814310073852539
DBAASPS_23266,0.998425304889679
DBAASPS_23268,0.9953783750534058
DBAASPS_23269,0.878757655620575
DBAASPS_23270,
DBAASPS_23271,
DBAASPN_23278,
DBAASPS_23287,0.9950302243232727
DBAASPS_23288,0.9960927963256836
DBAASPS_23289,0.9839561581611633
DBAASPS_23290,0.9970003962516785
DBAASPS_23291,0.9913989901542664
DBAASPS_23292,0.9976775050163269
DBAASPS_23293,0.9965189099311829
DBAASPS_23294,0.9996560215950012
DBAASPS_23295,0.9999729990959167
DBAASPS_23296,0.9996938705444336
DBAASPS_23297,0.9996669888496399
DBAASPS_23298,0.9999706149101257
DBAASPS_23308,
DBAASPN_23311,
DBAASPN_23315,
DBAASPN_23317,0.9645534753799438
DBAASPN_23318,0.8768471479415894
DBAASPN_23319,
DBAASPN_23320,
DBAASPN_23321,
DBAASPN_23322,
DBAASPN_23323,
DBAASPN_23324,
DBAASPN_23325,
DBAASPN_23326,
DBAASPN_23327,
DBAASPN_23328,
DBAASPN_23329,
DBAASPS_23330,0.9731200933456421
DBAASPS_23331,0.9736729860305786
DBAASPS_23332,0.9637789726257324
DBAASPS_23333,0.9898912310600281
DBAASPS_23334,0.9818140268325806
DBAASPS_23335,0.9928985834121704
DBAASPS_23338,0.9752809405326843
DBAASPS_23339,0.9755570292472839
DBAASPS_23340,0.7464241981506348
DBAASPS_23341,0.7615275979042053
DBAASPS_23342,0.9235313534736633
DBAASPS_23343,0.9669786691665649
DBAASPS_23344,0.9443960189819336
DBAASPS_23345,0.9925459623336792
DBAASPS_23346,0.9439921379089355
DBAASPS_23347,0.9863021969795227
DBAASPS_23348,0.9855246543884277
DBAASPS_23349,0.5302606225013733
DBAASPS_23350,0.9964520335197449
DBAASPS_23351,0.7676366567611694
DBAASPS_23352,0.9970930814743042
DBAASPS_23353,0.00029997408273629844
DBAASPS_23354,0.0014056132640689611
DBAASPS_23355,0.1882948875427246
DBAASPS_23356,0.0030167580116540194
DBAASPS_23357,0.0021683380473405123
DBAASPR_23358,0.00010001676855608821
DBAASPR_23359,0.000244824739638716
DBAASPS_23360,0.6591414213180542
DBAASPS_23362,0.0008035086211748421
DBAASPS_23363,6.015245890012011e-05
DBAASPS_23364,4.272686055628583e-05
DBAASPS_23370,0.7098833322525024
DBAASPS_23372,0.8403633832931519
DBAASPS_23373,0.5616458654403687
DBAASPS_23374,0.9118355512619019
DBAASPS_23375,0.9603935480117798
DBAASPS_23376,0.946140468120575
DBAASPS_23377,0.7338155508041382
DBAASPS_23378,0.27371567487716675
DBAASPS_23379,0.9963553547859192
DBAASPS_23380,0.9993208050727844
DBAASPS_23381,0.9998108744621277
DBAASPS_23385,0.9987201690673828
DBAASPS_23386,0.9998184442520142
DBAASPS_23387,0.9998672604560852
DBAASPS_23388,0.9995430707931519
DBAASPS_23389,0.9998928904533386
DBAASPS_23390,0.9994986653327942
DBAASPS_23391,0.9954966306686401
DBAASPS_23395,0.999917209148407
DBAASPS_23396,0.999903678894043
DBAASPS_23397,0.9999106526374817
DBAASPS_23398,0.9039786458015442
DBAASPS_23399,0.9218522906303406
DBAASPS_23401,0.9496439695358276
DBAASPS_23402,0.906048595905304
DBAASPS_23403,0.956878662109375
DBAASPS_23404,0.9257518649101257
DBAASPS_23405,0.9915946125984192
DBAASPS_23406,0.9999567270278931
DBAASPS_23407,0.999773383140564
DBAASPS_23408,0.9993945956230164
DBAASPS_23409,0.9990183711051941
DBAASPS_23410,0.9988685846328735
DBAASPS_23411,0.9984666705131531
DBAASPS_23412,0.9877738952636719
DBAASPS_23413,0.9983054995536804
DBAASPS_23414,0.9918462634086609
DBAASPS_23419,0.994040846824646
DBAASPS_23420,0.985855221748352
DBAASPS_23421,0.9992341995239258
DBAASPS_23422,0.9995895624160767
DBAASPS_23423,0.9998964071273804
DBAASPS_23424,0.9996889233589172
DBAASPS_23425,0.9997715950012207
DBAASPS_23426,0.9998086094856262
DBAASPS_23427,0.9999707937240601
DBAASPS_23428,0.6696608066558838
DBAASPS_23429,0.984736442565918
DBAASPS_23430,0.9818528890609741
DBAASPS_23431,0.9971588850021362
DBAASPS_23432,0.4412744641304016
DBAASPS_23433,0.7963007688522339
DBAASPS_23434,0.9182025790214539
DBAASPS_23436,0.6802498698234558
DBAASPS_23453,
DBAASPS_23459,0.998561680316925
DBAASPS_23460,0.9987006187438965
DBAASPS_23461,0.9958359599113464
DBAASPS_23462,
DBAASPS_23463,
DBAASPS_23473,
DBAASPS_23474,
DBAASPS_23475,
DBAASPS_23477,0.9972292184829712
DBAASPS_23482,0.9467918276786804
DBAASPS_23483,0.9989919662475586
DBAASPS_23484,0.7363877296447754
DBAASPS_23485,0.9848067164421082
DBAASPS_23486,0.9335052371025085
DBAASPS_23487,0.9731212854385376
DBAASPS_23488,0.8573601841926575
DBAASPS_23489,0.5517699718475342
DBAASPS_23490,0.3042583763599396
DBAASPS_23491,0.25307053327560425
DBAASPS_23492,0.2523900866508484
DBAASPS_23493,0.8028746843338013
DBAASPS_23494,0.9660356640815735
DBAASPS_23495,0.6319677829742432
DBAASPS_23496,0.8424164056777954
DBAASPS_23563,0.8492230176925659
DBAASPS_23564,0.9783717393875122
DBAASPS_23565,0.9992925524711609
DBAASPS_23566,0.9984542727470398
DBAASPS_23567,0.9998796582221985
DBAASPS_23568,0.9999765157699585
DBAASPS_23569,0.9998197555541992
DBAASPS_23570,0.9971680641174316
DBAASPS_23571,0.9999863505363464
DBAASPS_23572,0.9994302988052368
DBAASPS_23573,0.9892555475234985
DBAASPS_23574,0.99713534116745
DBAASPS_23575,0.998771071434021
DBAASPS_23576,0.9507449865341187
DBAASPS_23577,0.9976451992988586
DBAASPS_23578,0.9997134208679199
DBAASPS_23579,0.9999715685844421
DBAASPS_23580,0.9999935030937195
DBAASPS_23581,0.9998165965080261
DBAASPS_23582,0.9999639391899109
DBAASPS_23583,0.9999154806137085
DBAASPS_23584,0.9861313104629517
DBAASPS_23585,0.9999968409538269
DBAASPS_23586,0.991066575050354
DBAASPS_23587,0.9847599267959595
DBAASPS_23588,0.9996858835220337
DBAASPS_23589,0.9997864961624146
DBAASPS_23590,0.8392256498336792
DBAASPS_23591,0.9988632202148438
DBAASPS_23592,0.9817684292793274
DBAASPS_23627,0.981399655342102
DBAASPS_23628,0.9983083009719849
DBAASPS_23629,0.9982658624649048
DBAASPS_23630,0.9991439580917358
DBAASPS_23631,0.9886687994003296
DBAASPS_23632,0.9984127879142761
DBAASPS_23633,0.9991742968559265
DBAASPS_23634,0.9989668130874634
DBAASPS_23635,0.874677836894989
DBAASPS_23636,0.993672251701355
DBAASPS_23637,0.9996115565299988
DBAASPS_23643,
DBAASPS_23644,
DBAASPS_23645,
DBAASPS_23646,
DBAASPS_23647,
DBAASPS_23648,
DBAASPS_23649,
DBAASPS_23650,
DBAASPS_23651,
DBAASPS_23652,
DBAASPS_23653,
DBAASPS_23654,
DBAASPS_23670,0.9953519105911255
DBAASPS_23671,
DBAASPS_23672,
DBAASPS_23688,0.7652930021286011
DBAASPS_23690,0.9449555277824402
DBAASPS_23692,0.9998455047607422
DBAASPS_23693,
DBAASPS_23694,
DBAASPS_23695,0.9999040365219116
DBAASPS_23696,
DBAASPS_23697,
DBAASPS_23698,
DBAASPS_23699,0.9998989105224609
DBAASPS_23700,
DBAASPS_23701,
DBAASPS_23702,
DBAASPR_23704,0.06297106295824051
DBAASPS_23705,0.9924383163452148
DBAASPS_23706,0.8470426797866821
DBAASPS_23707,0.9392045736312866
DBAASPS_23708,0.954598069190979
DBAASPS_23709,0.7102181315422058
DBAASPS_23711,0.8207351565361023
DBAASPS_23712,0.9962078332901001
DBAASPS_23713,0.8321530222892761
DBAASPS_23714,7.051586726447567e-05
DBAASPS_23715,0.9702178835868835
DBAASPS_23716,0.7060404419898987
DBAASPS_23717,0.6774634122848511
DBAASPS_23718,0.46429505944252014
DBAASPS_23719,0.12680426239967346
DBAASPS_23720,0.18144039809703827
DBAASPS_23721,0.6958871483802795
DBAASPS_23722,0.29037371277809143
DBAASPS_23726,0.9534190893173218
DBAASPS_23727,0.4521086812019348
DBAASPS_23729,0.9975560903549194
DBAASPS_23730,0.9980243444442749
DBAASPS_23731,0.875405490398407
DBAASPS_23732,0.28617697954177856
DBAASPS_23733,0.976291835308075
DBAASPS_23735,0.9996660947799683
DBAASPS_23736,0.9841876029968262
DBAASPN_23744,0.7757290601730347
DBAASPN_23745,0.24679365754127502
DBAASPN_23746,
DBAASPS_23748,
DBAASPS_23749,
DBAASPS_23755,
DBAASPS_23769,0.47899705171585083
DBAASPS_23770,
DBAASPS_23771,
DBAASPS_23772,
DBAASPS_23773,
DBAASPR_23782,
DBAASPR_23783,
DBAASPR_23784,
DBAASPR_23787,0.5671319961547852
DBAASPS_23799,
DBAASPS_23800,
DBAASPS_23801,
DBAASPS_23813,
DBAASPS_23814,
DBAASPS_23815,
DBAASPS_23816,
DBAASPS_23817,
DBAASPS_23818,
DBAASPS_23821,0.9772855043411255
DBAASPS_23822,0.9392153024673462
DBAASPS_23823,0.9508672952651978
DBAASPS_23824,0.9664881825447083
DBAASPS_23825,0.9544240832328796
DBAASPS_23826,0.9626337885856628
DBAASPS_23827,0.9653325080871582
DBAASPS_23828,0.9681695103645325
DBAASPS_23829,0.995008647441864
DBAASPS_23830,0.9258198738098145
DBAASPS_23831,0.8872232437133789
DBAASPS_23832,0.9679848551750183
DBAASPS_23833,0.9555498957633972
DBAASPS_23834,0.930079460144043
DBAASPS_23835,0.9779366254806519
DBAASPS_23842,0.9900611639022827
DBAASPS_23843,0.987829864025116
DBAASPS_23846,
DBAASPS_23847,
DBAASPS_23853,
DBAASPS_23855,
DBAASPS_23857,
DBAASPS_23859,0.9943687319755554
DBAASPS_23860,0.9996789693832397
DBAASPS_23861,0.9999197125434875
DBAASPS_23862,0.9995248913764954
DBAASPR_23863,0.9999755620956421
DBAASPS_23877,0.9999831318855286
DBAASPS_23878,0.999987781047821
DBAASPS_23879,0.9999939799308777
DBAASPS_23880,0.9999984502792358
DBAASPS_23881,0.9999958872795105
DBAASPS_23882,
DBAASPS_23883,
DBAASPS_23884,
DBAASPS_23885,
DBAASPS_23886,
DBAASPS_23887,
DBAASPS_23888,
DBAASPS_23889,
DBAASPS_23891,0.9889972805976868
DBAASPS_23893,0.999862790107727
DBAASPS_23894,0.9640538096427917
DBAASPS_23896,0.9999741315841675
DBAASPS_23899,0.9999822378158569
DBAASPS_23908,
DBAASPS_23933,0.9903024435043335
DBAASPS_23952,
DBAASPS_23976,0.9881075620651245
DBAASPS_23977,0.2544702887535095
DBAASPS_23978,0.7651041746139526
DBAASPS_23979,0.6132465600967407
DBAASPS_23980,0.9762568473815918
DBAASPS_23981,0.9527212977409363
DBAASPS_23982,0.9892274141311646
DBAASPS_23983,0.986545741558075
DBAASPS_23984,0.9953449368476868
DBAASPS_23985,0.9828907251358032
DBAASPS_23986,0.9843128323554993
DBAASPS_23987,0.9948062896728516
DBAASPS_23988,0.9825915098190308
DBAASPS_23989,0.9796549081802368
DBAASPS_23990,
DBAASPS_23991,
DBAASPS_23992,
DBAASPS_23993,
DBAASPS_23994,
DBAASPS_23995,
DBAASPS_23996,
DBAASPS_23997,
DBAASPS_23998,
DBAASPS_24000,
DBAASPS_24001,
DBAASPS_24002,
DBAASPS_24010,0.06740371882915497
DBAASPS_24011,0.9507600665092468
DBAASPS_24012,0.8745586276054382
DBAASPS_24013,0.005479786545038223
DBAASPS_24014,0.9205182790756226
DBAASPS_24015,0.821908175945282
DBAASPS_24016,0.26718267798423767
DBAASPS_24017,0.9809139370918274
DBAASPS_24018,0.9677385091781616
DBAASPS_24019,0.9610375165939331
DBAASPS_24020,0.9622598886489868
DBAASPS_24021,0.9103919863700867
DBAASPS_24022,0.9911924600601196
DBAASPS_24023,0.9732730984687805
DBAASPS_24024,0.9860758781433105
DBAASPS_24025,0.9741153717041016
DBAASPS_24026,0.7395883798599243
DBAASPS_24027,0.9806257486343384
DBAASPS_24028,0.9511960744857788
DBAASPS_24029,0.09380491077899933
DBAASPS_24030,0.8729618191719055
DBAASPS_24031,0.9942160844802856
DBAASPS_24032,0.8287717700004578
DBAASPS_24033,0.8175256848335266
DBAASPS_24034,0.9989997744560242
DBAASPS_24035,0.9608699679374695
DBAASPS_24036,0.6781600713729858
DBAASPS_24037,0.9975833892822266
DBAASPS_24038,0.9901914596557617
DBAASPS_24039,0.9929797053337097
DBAASPS_24040,0.9843290448188782
DBAASPS_24041,0.897856593132019
DBAASPS_24042,0.8025854825973511
DBAASPS_24043,0.5505069494247437
DBAASPS_24044,0.7749857902526855
DBAASPS_24045,0.865867018699646
DBAASPS_24046,0.9014344215393066
DBAASPS_24047,0.9953855276107788
DBAASPS_24048,0.975506603717804
DBAASPS_24049,0.9963628649711609
DBAASPS_24050,0.9759886860847473
DBAASPS_24051,0.4232989251613617
DBAASPS_24052,0.3181690573692322
DBAASPS_24054,0.9843636751174927
DBAASPS_24055,0.7972975969314575
DBAASPS_24056,0.538494884967804
DBAASPS_24057,0.3594639003276825
DBAASPS_24058,0.4997941553592682
DBAASPS_24059,0.22702351212501526
DBAASPS_24061,0.9995123147964478
DBAASPS_24062,0.9988399744033813
DBAASPS_24064,0.24862734973430634
DBAASPS_24065,0.10040469467639923
DBAASPS_24067,0.9910137057304382
DBAASPS_24068,0.8768057823181152
DBAASPS_24069,0.9786288142204285
DBAASPS_24070,0.838647186756134
DBAASPS_24071,0.9792854189872742
DBAASPS_24072,0.9803255796432495
DBAASPS_24073,0.965539813041687
DBAASPS_24074,0.9387563467025757
DBAASPS_24075,0.9706060290336609
DBAASPS_24078,0.9999681711196899
DBAASPS_24111,
DBAASPS_24115,
DBAASPS_24116,
DBAASPS_24117,
DBAASPS_24149,0.785384476184845
DBAASPS_24150,0.8223946690559387
DBAASPS_24151,0.9997929334640503
DBAASPS_24152,0.9996391534805298
DBAASPS_24153,0.9996918439865112
DBAASPS_24154,0.9953867197036743
DBAASPS_24155,0.9901422262191772
DBAASPS_24156,0.9995335340499878
DBAASPS_24157,0.9995335340499878
DBAASPS_24158,0.9998639822006226
DBAASPS_24159,0.999912440776825
DBAASPS_24160,
DBAASPS_24161,
DBAASPN_24162,
DBAASPS_24166,0.9996964335441589
DBAASPS_24167,0.9994118809700012
DBAASPS_24169,0.9999915957450867
DBAASPS_24170,0.830292820930481
DBAASPS_24171,
DBAASPS_24172,
DBAASPS_24173,
DBAASPS_24174,
DBAASPS_24175,
DBAASPS_24176,
DBAASPS_24177,
DBAASPS_24178,
DBAASPS_24179,
DBAASPS_24180,
DBAASPS_24184,
DBAASPS_24187,
DBAASPS_24188,
DBAASPS_24189,
DBAASPS_24192,
DBAASPS_24194,
DBAASPS_24195,
DBAASPS_24196,
DBAASPS_24197,
DBAASPS_24198,
DBAASPS_24200,0.9997811317443848
DBAASPS_24206,0.9980984926223755
DBAASPS_24207,0.9999697804450989
DBAASPS_24209,0.9984536170959473
DBAASPS_24210,0.9990628361701965
DBAASPS_24211,0.9994662404060364
DBAASPS_24233,0.9906455874443054
DBAASPS_24234,0.8524823188781738
DBAASPS_24235,0.6814870238304138
DBAASPS_24236,0.7156241536140442
DBAASPS_24238,0.9999954104423523
DBAASPN_24244,
DBAASPN_24245,
DBAASPS_24248,
DBAASPS_24250,
DBAASPS_24255,
DBAASPS_24261,0.9998084902763367
DBAASPS_24267,0.9997712969779968
DBAASPS_24268,0.9893938302993774
DBAASPS_24269,0.9998540878295898
DBAASPS_24270,0.9991170167922974
DBAASPS_24271,0.9948886632919312
DBAASPS_24272,0.996612548828125
DBAASPS_24273,0.999851405620575
DBAASPS_24274,0.9964927434921265
DBAASPS_24275,0.9701105356216431
DBAASPS_24276,0.8953539133071899
DBAASPS_24277,0.994851291179657
DBAASPS_24278,0.9981711506843567
DBAASPS_24279,0.7766814827919006
DBAASPS_24280,0.9994884729385376
DBAASPS_24281,0.9998198747634888
DBAASPS_24282,0.9995149374008179
DBAASPS_24283,0.9816803932189941
DBAASPS_24285,0.99998539686203
DBAASPS_24286,0.9930429458618164
DBAASPS_24287,0.9638314247131348
DBAASPS_24288,0.45313435792922974
DBAASPS_24289,0.9282758831977844
DBAASPS_24290,0.9322671890258789
DBAASPS_24291,0.9965308308601379
DBAASPS_24292,0.9999232292175293
DBAASPS_24293,0.9991673231124878
DBAASPS_24294,0.9835344552993774
DBAASPS_24295,0.8434373736381531
DBAASPS_24296,0.957546055316925
DBAASPS_24297,0.96656334400177
DBAASPS_24298,0.9597092866897583
DBAASPS_24299,0.9467062950134277
DBAASPS_24300,0.8212491869926453
DBAASPS_24301,0.8767844438552856
DBAASPS_24302,0.9835904836654663
DBAASPS_24303,0.7115235328674316
DBAASPS_24304,0.9997538328170776
DBAASPS_24305,0.9999217987060547
DBAASPS_24307,0.9987157583236694
DBAASPS_24308,0.9986315965652466
DBAASPS_24309,0.9985845685005188
DBAASPS_24310,0.9996759295463562
DBAASPS_24311,0.6587643027305603
DBAASPS_24312,0.9994503855705261
DBAASPS_24313,0.8951529264450073
DBAASPS_24314,0.9807709455490112
DBAASPS_24315,0.9996957778930664
DBAASPS_24316,0.9967111349105835
DBAASPS_24317,0.9991207122802734
DBAASPS_24318,0.732027530670166
DBAASPS_24321,
DBAASPS_24322,
DBAASPS_24323,
DBAASPS_24324,
DBAASPS_24325,
DBAASPS_24326,0.9998778104782104
DBAASPS_24327,0.6922112703323364
DBAASPS_24328,0.6201447248458862
DBAASPS_24329,0.7700737714767456
DBAASPS_24330,0.6345210671424866
DBAASPS_24331,0.8680263757705688
DBAASPS_24332,0.5908367037773132
DBAASPS_24333,0.9754623174667358
DBAASPS_24334,0.9843616485595703
DBAASPS_24335,0.9827433824539185
DBAASPS_24336,0.9599775075912476
DBAASPS_24338,0.00022750775679014623
DBAASPS_24348,0.9901014566421509
DBAASPS_24349,0.7943354845046997
DBAASPS_24350,0.9987715482711792
DBAASPS_24352,0.8155816793441772
DBAASPS_24353,0.9954342842102051
DBAASPS_24354,0.2585826814174652
DBAASPR_24355,0.3106176257133484
DBAASPS_24356,0.45689377188682556
DBAASPS_24357,0.8975518941879272
DBAASPS_24358,0.9837096333503723
DBAASPS_24359,0.9973909258842468
DBAASPS_24360,0.9941086769104004
DBAASPS_24361,0.996900737285614
DBAASPS_24362,0.9932087063789368
DBAASPS_24363,0.999677300453186
DBAASPS_24364,0.9956474304199219
DBAASPS_24365,0.9630001187324524
DBAASPS_24366,0.9268129467964172
DBAASPS_24367,0.9970130920410156
DBAASPS_24368,0.8297961950302124
DBAASPS_24369,0.7497504949569702
DBAASPS_24370,0.6344982981681824
DBAASPS_24371,0.9825708270072937
DBAASPS_24379,0.07141102850437164
DBAASPS_24381,0.9954624176025391
DBAASPS_24387,
DBAASPS_24388,
DBAASPS_24389,
DBAASPS_24390,
DBAASPS_24391,
DBAASPS_24392,
DBAASPS_24395,
DBAASPS_24398,
DBAASPS_24399,
DBAASPS_24400,0.7810490131378174
DBAASPS_24401,0.989770770072937
DBAASPS_24402,0.9858167767524719
DBAASPS_24403,0.997425377368927
DBAASPR_24405,0.9958969354629517
DBAASPR_24406,0.9989069104194641
DBAASPS_24420,0.6018093228340149
DBAASPS_24422,0.4642118513584137
DBAASPR_24423,0.9890331029891968
DBAASPS_24424,0.9927371740341187
DBAASPS_24425,0.9853407144546509
DBAASPS_24426,0.9866628646850586
DBAASPS_24427,0.9775276184082031
DBAASPS_24428,0.9724904298782349
DBAASPS_24429,0.9883848428726196
DBAASPS_24430,0.9978309869766235
DBAASPS_24431,0.9844413995742798
DBAASPS_24432,0.992580771446228
DBAASPS_24433,0.9975534677505493
DBAASPS_24434,0.9899526834487915
DBAASPS_24435,0.9984534382820129
DBAASPS_24436,0.6536245346069336
DBAASPS_24437,0.9924288988113403
DBAASPR_24438,0.9205695986747742
DBAASPR_24439,0.9919220805168152
DBAASPR_24440,0.8639653325080872
DBAASPS_24441,0.8483812212944031
DBAASPS_24442,
DBAASPS_24443,0.2983739376068115
DBAASPS_24444,0.31500378251075745
DBAASPS_24445,0.35341963171958923
DBAASPS_24446,0.5343037843704224
DBAASPS_24447,0.34802132844924927
DBAASPS_24448,0.8483176231384277
DBAASPS_24449,0.8823710680007935
DBAASPS_24450,0.8176532983779907
DBAASPS_24452,0.9999362826347351
DBAASPS_24453,0.9412037134170532
DBAASPS_24454,0.0013755811378359795
DBAASPS_24455,0.9861012697219849
DBAASPS_24456,0.9821918606758118
DBAASPS_24457,0.3934478163719177
DBAASPS_24458,0.914354681968689
DBAASPS_24459,0.9247369766235352
DBAASPS_24460,0.5230363607406616
DBAASPS_24469,0.6102479696273804
DBAASPS_24470,
DBAASPS_24471,0.5765177607536316
DBAASPS_24472,0.3181396424770355
DBAASPS_24473,0.15734907984733582
DBAASPS_24476,
DBAASPS_24477,
DBAASPS_24478,
DBAASPS_24479,
DBAASPS_24480,
DBAASPS_24481,
DBAASPS_24482,
DBAASPS_24489,
DBAASPS_24490,
DBAASPS_24491,
DBAASPS_24492,
DBAASPS_24493,
DBAASPS_24497,
DBAASPS_24498,
DBAASPS_24499,
DBAASPS_24500,
DBAASPS_24501,
DBAASPS_24502,
DBAASPS_24503,
DBAASPS_24504,
DBAASPS_24505,
DBAASPS_24506,
DBAASPS_24507,
DBAASPS_24508,
DBAASPS_24509,0.998953640460968
DBAASPS_24510,0.9994773864746094
DBAASPS_24511,0.9976316690444946
DBAASPS_24512,0.9518024325370789
DBAASPS_24513,0.9985281229019165
DBAASPS_24514,0.9980565905570984
DBAASPS_24515,0.9990839958190918
DBAASPS_24516,0.998670756816864
DBAASPS_24517,0.9995157122612
DBAASPS_24518,0.9987722635269165
DBAASPS_24519,
DBAASPS_24522,
DBAASPS_24523,
DBAASPS_24525,
DBAASPS_24527,
DBAASPS_24528,
DBAASPS_24529,
DBAASPS_24530,
DBAASPS_24535,0.9999602437019348
DBAASPS_24537,0.6469802260398865
DBAASPS_24568,0.9981330037117004
DBAASPS_24591,
DBAASPS_24592,
DBAASPS_24593,
DBAASPS_24594,
DBAASPS_24595,
DBAASPS_24596,
DBAASPS_24597,
DBAASPS_24598,
DBAASPS_24599,
DBAASPS_24600,
DBAASPS_24601,
DBAASPS_24602,
DBAASPS_24603,
DBAASPS_24604,
DBAASPS_24605,
DBAASPS_24606,
DBAASPS_24607,
DBAASPS_24608,
DBAASPS_24609,
DBAASPS_24610,
DBAASPS_24611,0.9753482937812805
DBAASPS_24612,0.9971259236335754
DBAASPS_24613,
DBAASPS_24614,0.9860331416130066
DBAASPS_24615,0.9824015498161316
DBAASPS_24616,0.9980881810188293
DBAASPS_24617,0.9919155836105347
DBAASPS_24618,0.9999863505363464
DBAASPS_24619,0.6198468208312988
DBAASPS_24620,0.991256594657898
DBAASPS_24621,0.9959526062011719
DBAASPS_24622,0.9971981048583984
DBAASPS_24623,0.9998647570610046
DBAASPS_24624,0.9817253351211548
DBAASPS_24625,0.9994935989379883
DBAASPS_24626,0.360201358795166
DBAASPS_24627,0.4594785273075104
DBAASPS_24628,0.9988824129104614
DBAASPS_24629,0.9472709894180298
DBAASPS_24630,0.7737530469894409
DBAASPS_24631,0.6300579309463501
DBAASPS_24632,0.5542789697647095
DBAASPS_24633,0.9973882436752319
DBAASPS_24634,0.7028781175613403
DBAASPS_24635,0.6045882701873779
DBAASPS_24636,0.672993004322052
DBAASPS_24637,0.9520024061203003
DBAASPS_24638,0.9796794056892395
DBAASPS_24639,0.8271781802177429
DBAASPS_24640,0.9299033880233765
DBAASPS_24641,0.8875747919082642
DBAASPS_24643,0.9999747276306152
DBAASPS_24644,0.9999403953552246
DBAASPS_24645,0.9997860789299011
DBAASPR_24646,0.999963104724884
DBAASPS_24647,0.9996110796928406
DBAASPS_24648,0.9996069073677063
DBAASPS_24649,0.9999057650566101
DBAASPS_24650,0.9984968900680542
DBAASPS_24651,0.9968887567520142
DBAASPS_24652,0.9514141082763672
DBAASPS_24653,0.9978737831115723
DBAASPS_24654,0.9997132420539856
DBAASPS_24655,0.9985853433609009
DBAASPS_24657,0.9990140199661255
DBAASPS_24658,0.9710696339607239
DBAASPS_24659,0.7574748396873474
DBAASPS_24660,0.8071986436843872
DBAASPS_24661,0.9152694940567017
DBAASPS_24662,0.207676962018013
DBAASPS_24663,0.26860907673835754
DBAASPR_24674,0.9987519383430481
DBAASPR_24677,0.9995517730712891
DBAASPR_24678,0.9988719820976257
DBAASPS_24679,0.4056331515312195
DBAASPS_24687,0.9962627291679382
DBAASPS_24688,0.9996128082275391
DBAASPS_24689,0.7160127758979797
DBAASPS_24702,
DBAASPS_24704,
DBAASPS_24706,
DBAASPS_24716,
DBAASPS_24718,
DBAASPS_24726,
DBAASPS_24730,
DBAASPS_24734,
DBAASPS_24738,
DBAASPS_24806,0.9995937347412109
DBAASPS_24807,0.999502956867218
DBAASPS_24808,0.9992843866348267
DBAASPS_24809,0.9995099902153015
DBAASPS_24810,0.9994145631790161
DBAASPS_24811,0.9998430013656616
DBAASPS_24812,0.9999344944953918
DBAASPS_24813,0.9995936155319214
DBAASPS_24814,0.9790565371513367
DBAASPS_24815,
DBAASPS_24816,
DBAASPS_24817,
DBAASPS_24818,
DBAASPS_24819,
DBAASPS_24820,
DBAASPS_24825,
DBAASPS_24826,
DBAASPS_24827,
DBAASPS_24828,
DBAASPS_24829,
DBAASPS_24830,
DBAASPS_24831,
DBAASPS_24832,
DBAASPS_24836,
DBAASPS_24837,
DBAASPS_24839,
DBAASPS_24840,
DBAASPS_24841,
DBAASPS_24842,
DBAASPS_24843,
DBAASPS_24849,
DBAASPR_24856,0.19687405228614807
DBAASPS_24857,0.20150835812091827
DBAASPS_24859,0.034913383424282074
DBAASPS_24868,0.9978313446044922
DBAASPS_24869,0.8740086555480957
DBAASPS_24870,0.9933875799179077
DBAASPS_24871,0.6478760242462158
DBAASPS_24872,0.8417669534683228
DBAASPS_24873,0.8669312596321106
DBAASPS_24874,0.9999009370803833
DBAASPS_24875,0.9993277788162231
DBAASPS_24876,0.9977989196777344
DBAASPS_24877,0.9999974966049194
DBAASPS_24878,0.7705516815185547
DBAASPS_24879,0.720238447189331
DBAASPS_24880,0.572353184223175
DBAASPS_24889,0.7441833019256592
DBAASPS_24890,0.985638439655304
DBAASPS_24891,0.8027183413505554
DBAASPS_24892,0.17118991911411285
DBAASPS_24893,0.2652001678943634
DBAASPS_24894,0.40705594420433044
DBAASPS_24895,0.00013173915795050561
DBAASPS_24896,0.913824737071991
DBAASPS_24897,0.9642030000686646
DBAASPS_24898,0.8601721525192261
DBAASPS_24910,0.83534175157547
DBAASPS_24912,0.5035151243209839
DBAASPS_24923,0.9999887347221375
DBAASPS_24924,0.9999836683273315
DBAASPS_24925,0.9998903274536133
DBAASPS_24926,0.9999681711196899
DBAASPS_24927,0.9999953508377075
DBAASPS_24928,0.9999793767929077
DBAASPS_24929,0.9999872446060181
DBAASPS_24930,0.9999669790267944
DBAASPS_24931,0.9979737997055054
DBAASPS_24932,0.9999896287918091
DBAASPS_24933,
DBAASPS_24934,
DBAASPS_24935,
DBAASPS_24937,
DBAASPS_24938,
DBAASPS_24939,
DBAASPS_24940,
DBAASPS_24942,0.9988482594490051
DBAASPS_24943,0.996524453163147
DBAASPS_24944,0.9955829381942749
DBAASPS_24945,0.9989362955093384
DBAASPS_24946,0.9912208318710327
DBAASPS_24947,0.9900546073913574
DBAASPS_24948,0.9861301183700562
DBAASPS_24949,0.9984501004219055
DBAASPS_24950,0.9999434351921082
DBAASPS_24951,0.9998842477798462
DBAASPS_24952,0.9997721910476685
DBAASPS_24953,0.9999753832817078
DBAASPS_24954,0.9892603754997253
DBAASPS_24955,0.9891715049743652
DBAASPS_24956,0.9745967984199524
DBAASPS_24957,0.9990001916885376
DBAASPS_24958,0.9999970197677612
DBAASPS_24959,0.999995231628418
DBAASPS_24960,0.9999992251396179
DBAASPS_24961,0.9999988675117493
DBAASPS_24962,0.9990517497062683
DBAASPS_24963,0.9987615346908569
DBAASPS_24964,0.9992012977600098
DBAASPS_24965,0.9997143745422363
DBAASPS_24966,0.9999972581863403
DBAASPS_24967,
DBAASPS_24968,0.9972549676895142
DBAASPS_24970,0.9999640583992004
DBAASPS_24971,0.99994295835495
DBAASPS_24972,0.9999755620956421
DBAASPS_24973,0.9999643564224243
DBAASPS_24974,0.9999731779098511
DBAASPS_24975,0.9999739527702332
DBAASPS_24976,
DBAASPS_24977,
DBAASPS_24978,
DBAASPS_24979,
DBAASPS_24980,
DBAASPS_24981,
DBAASPS_24982,
DBAASPS_24983,0.9863759279251099
DBAASPS_24984,0.9863895177841187
DBAASPS_24985,0.9391735792160034
DBAASPS_24986,0.9783535003662109
DBAASPS_24987,0.3554728627204895
DBAASPS_24988,0.8597497940063477
DBAASPS_24989,0.07040804624557495
DBAASPS_24990,0.4592197835445404
DBAASPS_24991,
DBAASPS_24992,
DBAASPS_24994,
DBAASPS_24995,
DBAASPS_24996,
DBAASPS_24997,
DBAASPS_24999,
DBAASPS_25000,
DBAASPS_25001,
DBAASPS_25002,
DBAASPS_25003,
DBAASPS_25006,
DBAASPS_25007,
DBAASPS_25008,
DBAASPS_25010,
DBAASPS_25012,0.987074077129364
DBAASPS_25013,0.8080908060073853
DBAASPS_25014,0.9569997787475586
DBAASPS_25015,0.996136486530304
DBAASPS_25016,0.9912122488021851
DBAASPS_25017,0.9961658716201782
DBAASPS_25018,0.997467041015625
DBAASPS_25019,0.9925359487533569
DBAASPS_25020,0.9949840307235718
DBAASPS_25021,0.9868472814559937
DBAASPS_25022,0.9766765832901001
DBAASPS_25023,0.970414936542511
DBAASPS_25024,0.9926316142082214
DBAASPS_25025,0.9607421159744263
DBAASPS_25026,0.9949315786361694
DBAASPS_25027,0.9928838610649109
DBAASPS_25028,0.9954814910888672
DBAASPS_25029,0.9868340492248535
DBAASPS_25030,0.9983347058296204
DBAASPS_25031,0.9941415786743164
DBAASPS_25032,0.6438344120979309
DBAASPS_25033,0.9917980432510376
DBAASPS_25034,0.9591681361198425
DBAASPS_25035,0.9874561429023743
DBAASPS_25036,0.9971767663955688
DBAASPS_25037,0.9952418208122253
DBAASPS_25038,0.9963693618774414
DBAASPS_25039,0.9975530505180359
DBAASPS_25040,0.9965122938156128
DBAASPS_25041,0.9944332242012024
DBAASPS_25042,0.9831361770629883
DBAASPS_25043,0.9900385141372681
DBAASPS_25044,0.9946249723434448
DBAASPS_25045,0.9883359670639038
DBAASPS_25046,0.998243510723114
DBAASPS_25047,0.995578408241272
DBAASPS_25048,0.9972461462020874
DBAASPS_25049,0.9956952929496765
DBAASPS_25050,0.9972957372665405
DBAASPS_25051,0.9964044690132141
DBAASPS_25057,0.9456076622009277
DBAASPS_25058,0.4332738518714905
DBAASPN_25059,
DBAASPS_25060,0.9997248649597168
DBAASPS_25061,0.9367035627365112
DBAASPS_25062,0.9698992967605591
DBAASPS_25063,0.6319394707679749
DBAASPS_25064,0.45545706152915955
DBAASPS_25065,0.77601158618927
DBAASPS_25066,0.9998453259468079
DBAASPS_25068,0.9998573064804077
DBAASPS_25069,
DBAASPS_25070,
DBAASPS_25071,
DBAASPS_25072,
DBAASPS_25074,
DBAASPS_25075,
DBAASPS_25077,
DBAASPS_25078,
DBAASPS_25080,
DBAASPS_25082,0.9997750520706177
DBAASPS_25083,0.9795829057693481
DBAASPS_25084,0.2722172439098358
DBAASPS_25085,0.8467550277709961
DBAASPS_25086,0.9962433576583862
DBAASPS_25087,0.9953286051750183
DBAASPS_25088,0.9993796348571777
DBAASPS_25089,0.995850682258606
DBAASPS_25090,0.9616519212722778
DBAASPS_25091,0.9964486956596375
DBAASPS_25092,0.952996551990509
DBAASPS_25093,0.9829607009887695
DBAASPS_25094,0.9875990748405457
DBAASPS_25095,0.9919602274894714
DBAASPS_25096,0.994438648223877
DBAASPS_25097,0.9935509562492371
DBAASPS_25098,0.9973362684249878
DBAASPS_25099,0.9419422149658203
DBAASPS_25100,0.8900104761123657
DBAASPS_25101,0.999836266040802
DBAASPS_25102,0.9991002082824707
DBAASPS_25103,0.9970598220825195
DBAASPS_25104,0.999443531036377
DBAASPS_25105,0.9975050091743469
DBAASPS_25106,0.9983712434768677
DBAASPS_25107,0.9945497512817383
DBAASPS_25108,0.9971481561660767
DBAASPS_25109,0.9973462820053101
DBAASPS_25110,0.9992085695266724
DBAASPS_25111,0.9975287318229675
DBAASPS_25112,0.999957263469696
DBAASPS_25113,0.999947190284729
DBAASPS_25114,0.9998611211776733
DBAASPS_25115,0.9999574422836304
DBAASPS_25116,0.9999893307685852
DBAASPS_25117,0.999947190284729
DBAASPS_25118,0.9996528625488281
DBAASPS_25119,0.9999859929084778
DBAASPS_25120,0.8904606103897095
DBAASPS_25121,
DBAASPS_25122,
DBAASPS_25123,
DBAASPS_25126,0.9994905591011047
DBAASPS_25128,0.9985419511795044
DBAASPS_25129,0.9610635638237
DBAASPS_25130,0.989916980266571
DBAASPS_25131,0.9996736645698547
DBAASPS_25132,0.9993177652359009
DBAASPS_25133,0.9997318983078003
DBAASPS_25134,0.999151885509491
DBAASPS_25135,0.99949711561203
DBAASPS_25136,0.9994381070137024
DBAASPS_25137,0.9990955591201782
DBAASPS_25138,0.9996212124824524
DBAASPS_25139,0.9873932003974915
DBAASPS_25141,0.2179335653781891
DBAASPS_25142,0.4517078995704651
DBAASPS_25143,0.5475507974624634
DBAASPS_25144,0.018064213916659355
DBAASPS_25145,0.2431115359067917
DBAASPS_25146,0.0012123382184654474
DBAASPS_25147,0.4162115454673767
DBAASPS_25148,
DBAASPS_25154,0.9295063018798828
DBAASPS_25155,0.8868300318717957
DBAASPS_25156,0.3758201599121094
DBAASPS_25157,0.2852898836135864
DBAASPS_25158,0.8996597528457642
DBAASPS_25159,0.9988381266593933
DBAASPS_25160,0.21732941269874573
DBAASPS_25161,0.987254798412323
DBAASPS_25162,0.8453067541122437
DBAASPS_25163,0.29250234365463257
DBAASPS_25164,0.0038124453276395798
DBAASPS_25165,0.9999862909317017
DBAASPS_25166,0.9999454617500305
DBAASPS_25167,0.9999822378158569
DBAASPS_25168,0.9999896287918091
DBAASPS_25169,0.9999964833259583
DBAASPS_25170,0.9997556805610657
DBAASPS_25171,0.9999977350234985
DBAASPS_25172,0.9997348785400391
DBAASPS_25173,0.9999963641166687
DBAASPS_25174,0.9999014139175415
DBAASPS_25175,0.9998989105224609
DBAASPS_25176,0.9995214343070984
DBAASPS_25177,0.9989597201347351
DBAASPS_25178,0.9904550313949585
DBAASPS_25179,0.9998647570610046
DBAASPS_25180,0.7930929064750671
DBAASPS_25181,0.9878842234611511
DBAASPS_25182,0.998182475566864
DBAASPS_25183,0.9973372220993042
DBAASPS_25184,0.9958852529525757
DBAASPS_25185,0.9994732737541199
DBAASPS_25186,0.998526394367218
DBAASPS_25187,0.9982274174690247
DBAASPS_25188,0.9989625811576843
DBAASPS_25189,0.9987589120864868
DBAASPS_25190,0.9998985528945923
DBAASPS_25191,0.9910393953323364
DBAASPS_25192,0.8420559763908386
DBAASPS_25193,0.9435785412788391
DBAASPS_25194,0.8522309064865112
DBAASPS_25195,0.5725229382514954
DBAASPS_25196,0.5868871212005615
DBAASPS_25197,0.4223029613494873
DBAASPS_25198,0.2912870943546295
DBAASPS_25199,0.15983685851097107
DBAASPS_25200,0.304290235042572
DBAASPS_25201,0.999770998954773
DBAASPS_25202,0.9993380308151245
DBAASPS_25203,0.9969928860664368
DBAASPS_25204,0.9989374279975891
DBAASPS_25206,0.9996179342269897
DBAASPS_25207,0.9913066029548645
DBAASPS_25208,0.9996578097343445
DBAASPS_25209,0.9750306010246277
DBAASPS_25210,0.9234591722488403
DBAASPS_25211,0.9911667108535767
DBAASPS_25212,0.9818005561828613
DBAASPS_25213,0.9978450536727905
DBAASPS_25214,0.9966439008712769
DBAASPS_25215,0.9993135333061218
DBAASPS_25216,0.9977850914001465
DBAASPS_25217,0.9953123331069946
DBAASPS_25218,0.9837058782577515
DBAASPS_25219,0.9898422956466675
DBAASPS_25220,0.9996469616889954
DBAASPN_25221,
DBAASPN_25222,
DBAASPS_25228,
DBAASPS_25234,0.21941129863262177
DBAASPS_25235,0.44257673621177673
DBAASPS_25236,0.39070314168930054
DBAASPS_25237,0.21116332709789276
DBAASPS_25238,0.1897520124912262
DBAASPS_25239,0.18006901443004608
DBAASPS_25240,0.41523027420043945
DBAASPS_25244,0.4648818075656891
DBAASPS_25245,0.5113295912742615
DBAASPS_25246,0.46575218439102173
DBAASPS_25247,0.2955072224140167
DBAASPS_25248,0.3191106617450714
DBAASPS_25249,0.4338551461696625
DBAASPS_25250,0.4131198823451996
DBAASPS_25251,0.28079599142074585
DBAASPS_25252,0.3645859658718109
DBAASPS_25253,0.20562298595905304
DBAASPN_25254,
DBAASPS_25256,
DBAASPS_25258,
DBAASPS_25260,
DBAASPS_25262,
DBAASPS_25264,
DBAASPS_25266,0.9833875894546509
DBAASPN_25285,
DBAASPS_25293,0.9996339678764343
DBAASPS_25294,0.5281293988227844
DBAASPS_25295,0.49273681640625
DBAASPS_25296,0.6151072382926941
DBAASPS_25297,0.7120376825332642
DBAASPS_25299,0.6718754768371582
DBAASPS_25300,0.48202601075172424
DBAASPS_25301,0.5097075700759888
DBAASPS_25302,0.9455657005310059
DBAASPS_25303,0.3827436566352844
DBAASPS_25304,0.9866324663162231
DBAASPS_25306,0.9811224937438965
DBAASPS_25307,0.9981721043586731
DBAASPS_25308,0.9864897727966309
DBAASPS_25309,0.9036787748336792
DBAASPS_25310,0.8803307414054871
DBAASPS_25311,0.9888326525688171
DBAASPS_25312,0.8738799095153809
DBAASPS_25313,0.8318513631820679
DBAASPS_25314,0.9517437219619751
DBAASPS_25315,0.9331775903701782
DBAASPS_25316,0.9881418347358704
DBAASPS_25317,0.9978936910629272
DBAASPS_25318,0.9919275045394897
DBAASPS_25319,0.9775193929672241
DBAASPS_25320,0.9579584002494812
DBAASPS_25322,0.999980628490448
DBAASPS_25325,0.9810556173324585
DBAASPS_25326,
DBAASPS_25328,
FRAG_NEG_trNEGATIVE54877_7_5,0.04098350554704666
FRAG_NEG_trNEGATIVE66214_39_5,0.16855360567569733
FRAG_NEG_trNEGATIVE73562_71_5,0.6216369271278381
FRAG_NEG_trNEGATIVE46818_17_5,0.31010156869888306
FRAG_NEG_trNEGATIVE75343_12_5,0.22299858927726746
FRAG_NEG_trNEGATIVE89716_0_5,3.530980848154286e-06
FRAG_NEG_trNEGATIVE93592_60_5,0.005849678069353104
FRAG_NEG_trNEGATIVE54224_43_5,0.16253569722175598
FRAG_NEG_trNEGATIVE46247_10_5,0.3898024559020996
FRAG_NEG_trNEGATIVE97386_40_5,0.03719736263155937
FRAG_NEG_trNEGATIVE29046_4_5,0.2392263114452362
FRAG_NEG_trNEGATIVE85952_24_5,0.1858818680047989
FRAG_NEG_trNEGATIVE93242_84_5,0.13756465911865234
FRAG_NEG_trNEGATIVE64383_21_5,0.003975675906985998
FRAG_NEG_trNEGATIVE36143_71_5,0.08995881676673889
FRAG_NEG_trNEGATIVE67399_0_5,0.3058308959007263
FRAG_NEG_trNEGATIVE40726_39_5,0.17855724692344666
FRAG_NEG_trNEGATIVE73295_53_5,0.017979871481657028
FRAG_NEG_trNEGATIVE74554_81_5,0.1857374608516693
FRAG_NEG_trNEGATIVE56299_68_5,0.0028633589390665293
FRAG_NEG_trNEGATIVE29825_31_5,0.07942099869251251
FRAG_NEG_trNEGATIVE84413_3_5,0.009066917933523655
FRAG_NEG_trNEGATIVE67515_2_5,0.01868617907166481
FRAG_NEG_trNEGATIVE35680_12_5,0.15098698437213898
FRAG_NEG_trNEGATIVE44110_84_5,0.0754782110452652
FRAG_NEG_trNEGATIVE63462_70_5,0.06838062405586243
FRAG_NEG_trNEGATIVE42096_16_5,0.4057502746582031
FRAG_NEG_trNEGATIVE45476_2_5,0.13997715711593628
FRAG_NEG_trNEGATIVE92740_66_5,0.0046509867534041405
FRAG_NEG_trNEGATIVE79762_5_5,0.7498095631599426
FRAG_NEG_trNEGATIVE52280_20_5,0.0037631546147167683
FRAG_NEG_trNEGATIVE41232_40_5,0.41537684202194214
FRAG_NEG_trNEGATIVE72133_43_5,0.05066060274839401
FRAG_NEG_trNEGATIVE68863_19_5,0.21372656524181366
FRAG_NEG_trNEGATIVE40811_65_5,0.1300603449344635
FRAG_NEG_trNEGATIVE58329_61_5,0.05219761282205582
FRAG_NEG_trNEGATIVE41866_52_5,0.3171346187591553
FRAG_NEG_trNEGATIVE54210_33_5,0.013763561844825745
FRAG_NEG_trNEGATIVE49322_43_5,0.312497615814209
FRAG_NEG_trNEGATIVE73751_17_5,0.4670722484588623
FRAG_NEG_trNEGATIVE54980_32_5,0.1559636890888214
FRAG_NEG_trNEGATIVE39947_20_5,4.703608283307403e-05
FRAG_NEG_trNEGATIVE45129_20_5,0.023194555193185806
FRAG_NEG_trNEGATIVE71826_23_5,0.2007245570421219
FRAG_NEG_trNEGATIVE46050_41_5,0.5821304321289062
FRAG_NEG_trNEGATIVE37883_31_5,0.19606435298919678
FRAG_NEG_trNEGATIVE81455_13_5,0.002189712133258581
FRAG_NEG_trNEGATIVE71075_61_5,0.31120648980140686
FRAG_NEG_trNEGATIVE40773_33_5,0.39023303985595703
FRAG_NEG_trNEGATIVE49035_20_5,0.6240100860595703
FRAG_NEG_trNEGATIVE33198_73_5,0.08420698344707489
FRAG_NEG_trNEGATIVE87619_35_5,0.46381908655166626
FRAG_NEG_trNEGATIVE46566_5_5,0.033564455807209015
FRAG_NEG_trNEGATIVE44703_17_5,0.25357741117477417
FRAG_NEG_trNEGATIVE74586_69_5,0.0020575891248881817
FRAG_NEG_trNEGATIVE41171_7_5,0.8084897994995117
FRAG_NEG_trNEGATIVE97179_52_5,0.6546019315719604
FRAG_NEG_trNEGATIVE86565_46_5,0.14170853793621063
FRAG_NEG_trNEGATIVE35273_36_5,0.11668416112661362
FRAG_NEG_trNEGATIVE61195_2_5,0.3618902564048767
FRAG_NEG_trNEGATIVE54002_41_5,0.4228280186653137
FRAG_NEG_trNEGATIVE48056_65_5,0.46684694290161133
FRAG_NEG_trNEGATIVE95219_59_5,0.0054285419173538685
FRAG_NEG_trNEGATIVE37537_36_5,0.10956690460443497
FRAG_NEG_trNEGATIVE82411_24_5,0.010756542906165123
FRAG_NEG_trNEGATIVE73308_64_5,0.22101831436157227
FRAG_NEG_trNEGATIVE28977_65_5,0.4653569757938385
FRAG_NEG_trNEGATIVE44095_57_5,0.024817217141389847
FRAG_NEG_trNEGATIVE40706_34_5,0.005103267729282379
FRAG_NEG_trNEGATIVE32302_70_5,0.23139505088329315
FRAG_NEG_trNEGATIVE63274_37_5,0.00020410853903740644
FRAG_NEG_trNEGATIVE72209_2_5,0.5804398059844971
FRAG_NEG_trNEGATIVE44857_34_5,0.045411061495542526
FRAG_NEG_trNEGATIVE76571_58_5,0.5420657396316528
FRAG_NEG_trNEGATIVE49883_68_5,0.11798670142889023
FRAG_NEG_trNEGATIVE38647_7_5,0.25060924887657166
FRAG_NEG_trNEGATIVE83484_94_5,0.38496845960617065
FRAG_NEG_trNEGATIVE50749_2_5,0.6232115030288696
FRAG_NEG_trNEGATIVE35325_76_5,0.3790719509124756
FRAG_NEG_trNEGATIVE32612_48_5,0.005730458535254002
FRAG_NEG_trNEGATIVE34637_17_5,0.2604188919067383
FRAG_NEG_trNEGATIVE46186_67_5,0.7897473573684692
FRAG_NEG_trNEGATIVE57924_61_5,0.19352880120277405
FRAG_NEG_trNEGATIVE57112_26_5,0.1719372570514679
FRAG_NEG_trNEGATIVE35886_63_5,0.1815539449453354
FRAG_NEG_trNEGATIVE74579_54_5,0.006158481817692518
FRAG_NEG_trNEGATIVE49831_17_5,0.12214960902929306
FRAG_NEG_trNEGATIVE96178_18_5,0.690375804901123
FRAG_NEG_trNEGATIVE64510_6_5,0.009690402075648308
FRAG_NEG_trNEGATIVE53289_16_5,0.03198791295289993
FRAG_NEG_trNEGATIVE28817_11_5,0.7296347618103027
FRAG_NEG_trNEGATIVE43334_48_5,0.06402283161878586
FRAG_NEG_trNEGATIVE31537_41_5,0.011647111736238003
FRAG_NEG_trNEGATIVE53963_16_5,0.13892807066440582
FRAG_NEG_trNEGATIVE61063_51_5,0.368415892124176
FRAG_NEG_trNEGATIVE63035_1_5,0.012524832971394062
FRAG_NEG_trNEGATIVE94732_34_5,0.0638975128531456
FRAG_NEG_trNEGATIVE97010_36_5,0.01746809110045433
FRAG_NEG_trNEGATIVE86304_10_5,0.17600184679031372
FRAG_NEG_trNEGATIVE27946_72_5,0.047849830240011215
FRAG_NEG_trNEGATIVE50744_28_5,0.05877767130732536
FRAG_NEG_trNEGATIVE60656_77_5,0.11157785356044769
FRAG_NEG_trNEGATIVE52476_42_5,0.5460058450698853
FRAG_NEG_trNEGATIVE47300_43_5,0.02288259007036686
FRAG_NEG_trNEGATIVE80620_15_5,0.21288451552391052
FRAG_NEG_trNEGATIVE53486_31_5,1.321866079706524e-06
FRAG_NEG_trNEGATIVE92477_63_5,0.15118563175201416
FRAG_NEG_trNEGATIVE28140_85_5,0.7063595652580261
FRAG_NEG_trNEGATIVE36288_19_5,0.2683168947696686
FRAG_NEG_trNEGATIVE52443_62_5,0.11219744384288788
FRAG_NEG_trNEGATIVE69999_62_5,0.2160838544368744
FRAG_NEG_trNEGATIVE58656_24_5,0.21988411247730255
FRAG_NEG_trNEGATIVE93394_17_5,1.996818127736333e-06
FRAG_NEG_trNEGATIVE91986_23_5,0.1180834025144577
FRAG_NEG_trNEGATIVE43893_49_5,0.03357439115643501
FRAG_NEG_trNEGATIVE38183_17_5,0.03633847460150719
FRAG_NEG_trNEGATIVE76901_38_5,0.06823445856571198
FRAG_NEG_trNEGATIVE51382_53_5,0.0025936008896678686
FRAG_NEG_trNEGATIVE38879_31_5,0.027354717254638672
FRAG_NEG_trNEGATIVE85783_95_5,0.04926549643278122
FRAG_NEG_trNEGATIVE43403_19_5,0.6171084642410278
FRAG_NEG_trNEGATIVE62668_34_5,0.0001497281191404909
FRAG_NEG_trNEGATIVE95863_25_5,0.007157719228416681
FRAG_NEG_trNEGATIVE95453_7_5,0.501430332660675
FRAG_NEG_trNEGATIVE62491_45_5,0.0027797077782452106
FRAG_NEG_trNEGATIVE66921_63_5,0.07588161528110504
FRAG_NEG_trNEGATIVE71371_15_5,0.4443308711051941
FRAG_NEG_trNEGATIVE56902_59_5,0.416937917470932
FRAG_NEG_trNEGATIVE87037_27_5,0.09567619860172272
FRAG_NEG_trNEGATIVE41436_46_5,0.2441089153289795
FRAG_NEG_trNEGATIVE89118_26_5,0.7744320034980774
FRAG_NEG_trNEGATIVE75977_29_5,0.07493649423122406
FRAG_NEG_trNEGATIVE94294_15_5,0.00029469921719282866
FRAG_NEG_trNEGATIVE90804_57_5,0.03805238753557205
FRAG_NEG_trNEGATIVE70917_4_5,0.42383164167404175
FRAG_NEG_trNEGATIVE41051_13_5,0.012486014515161514
FRAG_NEG_trNEGATIVE46198_27_5,0.18882037699222565
FRAG_NEG_trNEGATIVE54604_67_5,0.10391686111688614
FRAG_NEG_trNEGATIVE94294_17_5,0.2835023105144501
FRAG_NEG_trNEGATIVE78726_31_5,0.3418041169643402
FRAG_NEG_trNEGATIVE70777_55_5,0.01317112147808075
FRAG_NEG_trNEGATIVE39818_15_5,0.12867556512355804
FRAG_NEG_trNEGATIVE53064_16_5,0.00613838667050004
FRAG_NEG_trNEGATIVE81382_38_5,0.003922394942492247
FRAG_NEG_trNEGATIVE83908_48_5,0.3416496217250824
FRAG_NEG_trNEGATIVE42081_66_5,0.047214657068252563
FRAG_NEG_trNEGATIVE95911_64_5,0.07361657917499542
FRAG_NEG_trNEGATIVE95174_30_5,0.5267853736877441
FRAG_NEG_trNEGATIVE28820_65_5,0.0189364030957222
FRAG_NEG_trNEGATIVE56452_59_5,0.10222506523132324
FRAG_NEG_trNEGATIVE35934_15_5,0.11748907715082169
FRAG_NEG_trNEGATIVE95389_16_5,0.1230664998292923
FRAG_NEG_trNEGATIVE73274_82_5,0.3072724938392639
FRAG_NEG_trNEGATIVE75112_48_5,0.0015379346441477537
FRAG_NEG_trNEGATIVE80900_42_5,0.004010614939033985
FRAG_NEG_trNEGATIVE49019_44_5,0.008858938701450825
FRAG_NEG_trNEGATIVE68320_90_5,0.008672021329402924
FRAG_NEG_trNEGATIVE51523_42_5,0.054326701909303665
FRAG_NEG_trNEGATIVE50107_36_5,0.09334594011306763
FRAG_NEG_trNEGATIVE48979_24_6,0.06693663448095322
FRAG_NEG_trNEGATIVE77745_30_6,0.6150432825088501
FRAG_NEG_trNEGATIVE38711_43_6,0.5681189298629761
FRAG_NEG_trNEGATIVE43208_14_6,0.15843625366687775
FRAG_NEG_trNEGATIVE81157_32_6,0.39368075132369995
FRAG_NEG_trNEGATIVE85642_29_6,0.5922445058822632
FRAG_NEG_trNEGATIVE62769_77_6,0.17234480381011963
FRAG_NEG_trNEGATIVE36014_19_6,0.17746436595916748
FRAG_NEG_trNEGATIVE63846_58_6,0.224699929356575
FRAG_NEG_trNEGATIVE54166_81_6,0.0020735538564622402
FRAG_NEG_trNEGATIVE30479_5_6,0.3124532103538513
FRAG_NEG_trNEGATIVE35222_26_6,0.2364923655986786
FRAG_NEG_trNEGATIVE45990_57_6,0.018626704812049866
FRAG_NEG_trNEGATIVE38900_74_6,0.3846507668495178
FRAG_NEG_trNEGATIVE76068_12_6,0.00309760426171124
FRAG_NEG_trNEGATIVE38419_41_6,0.7090694904327393
FRAG_NEG_trNEGATIVE69422_68_6,0.031424857676029205
FRAG_NEG_trNEGATIVE85642_1_6,0.1984950304031372
FRAG_NEG_trNEGATIVE81308_27_6,1.8349295714870095e-05
FRAG_NEG_trNEGATIVE68397_25_6,0.949673056602478
FRAG_NEG_trNEGATIVE52994_23_6,0.31691819429397583
FRAG_NEG_trNEGATIVE49537_27_6,0.003073412226513028
FRAG_NEG_trNEGATIVE87653_58_6,0.0033920705318450928
FRAG_NEG_trNEGATIVE34429_31_6,0.7291755676269531
FRAG_NEG_trNEGATIVE72430_13_6,0.5156053304672241
FRAG_NEG_trNEGATIVE54369_35_6,0.005182686727494001
FRAG_NEG_trNEGATIVE93056_31_6,0.09963949024677277
FRAG_NEG_trNEGATIVE31628_57_6,0.017320115119218826
FRAG_NEG_trNEGATIVE85455_7_6,0.06791312247514725
FRAG_NEG_trNEGATIVE52653_63_6,0.018030555918812752
FRAG_NEG_trNEGATIVE37292_69_6,0.13266509771347046
FRAG_NEG_trNEGATIVE92477_37_6,0.49753889441490173
FRAG_NEG_trNEGATIVE92667_31_6,0.0032786920201033354
FRAG_NEG_trNEGATIVE62037_36_6,0.26364660263061523
FRAG_NEG_trNEGATIVE35355_38_6,0.02044028416275978
FRAG_NEG_trNEGATIVE76642_6_6,0.6426134705543518
FRAG_NEG_trNEGATIVE70245_56_6,0.25098270177841187
FRAG_NEG_trNEGATIVE31836_20_6,0.7390481233596802
FRAG_NEG_trNEGATIVE40492_11_6,0.48565587401390076
FRAG_NEG_trNEGATIVE91923_93_6,0.5072512626647949
FRAG_NEG_trNEGATIVE62602_12_6,0.862907886505127
FRAG_NEG_trNEGATIVE55133_9_6,0.031911976635456085
FRAG_NEG_trNEGATIVE58963_45_6,0.0006814290536567569
FRAG_NEG_trNEGATIVE65434_43_6,0.39546576142311096
FRAG_NEG_trNEGATIVE69105_1_6,0.35669130086898804
FRAG_NEG_trNEGATIVE72031_26_6,0.9279291033744812
FRAG_NEG_trNEGATIVE49502_14_6,0.37046873569488525
FRAG_NEG_trNEGATIVE70892_57_6,0.012062673456966877
FRAG_NEG_trNEGATIVE85500_41_6,0.08137017488479614
FRAG_NEG_trNEGATIVE95155_60_6,0.13629835844039917
FRAG_NEG_trNEGATIVE29896_55_6,0.6918783783912659
FRAG_NEG_trNEGATIVE78999_48_6,0.0713881328701973
FRAG_NEG_trNEGATIVE88967_17_6,0.7253734469413757
FRAG_NEG_trNEGATIVE86192_3_6,0.5541666746139526
FRAG_NEG_trNEGATIVE68314_24_6,0.07176893949508667
FRAG_NEG_trNEGATIVE70709_17_6,0.10673358291387558
FRAG_NEG_trNEGATIVE46529_13_6,0.001963768620043993
FRAG_NEG_trNEGATIVE40586_18_6,0.017964649945497513
FRAG_NEG_trNEGATIVE86340_14_6,0.00033656464074738324
FRAG_NEG_trNEGATIVE86307_25_6,0.637163519859314
FRAG_NEG_trNEGATIVE54669_36_6,0.7176139950752258
FRAG_NEG_trNEGATIVE34808_13_6,0.28024202585220337
FRAG_NEG_trNEGATIVE94727_54_6,0.562515139579773
FRAG_NEG_trNEGATIVE81833_2_6,0.39239874482154846
FRAG_NEG_trNEGATIVE88015_7_6,0.4148835241794586
FRAG_NEG_trNEGATIVE66906_4_6,0.6253044009208679
FRAG_NEG_trNEGATIVE59246_36_6,0.5962758660316467
FRAG_NEG_trNEGATIVE73770_14_6,0.035767875611782074
FRAG_NEG_trNEGATIVE53275_50_6,0.008616922423243523
FRAG_NEG_trNEGATIVE64579_66_6,0.18629290163516998
FRAG_NEG_trNEGATIVE81470_11_6,0.05290243774652481
FRAG_NEG_trNEGATIVE61294_47_6,0.0002916017547249794
FRAG_NEG_trNEGATIVE68052_20_6,0.09596618264913559
FRAG_NEG_trNEGATIVE57284_32_6,0.46658024191856384
FRAG_NEG_trNEGATIVE71893_9_6,0.40351420640945435
FRAG_NEG_trNEGATIVE80746_70_6,0.18534636497497559
FRAG_NEG_trNEGATIVE87934_73_6,0.08818911015987396
FRAG_NEG_trNEGATIVE46621_32_6,0.181020587682724
FRAG_NEG_trNEGATIVE66036_49_6,0.0002833453181665391
FRAG_NEG_trNEGATIVE89538_4_6,0.3891237676143646
FRAG_NEG_trNEGATIVE65918_29_6,0.762992262840271
FRAG_NEG_trNEGATIVE72250_20_6,5.931274426984601e-05
FRAG_NEG_trNEGATIVE65850_17_6,0.08462237566709518
FRAG_NEG_trNEGATIVE29042_24_6,0.4201730787754059
FRAG_NEG_trNEGATIVE92043_1_6,0.24335071444511414
FRAG_NEG_trNEGATIVE47625_53_6,0.8956316709518433
FRAG_NEG_trNEGATIVE96554_8_6,0.05545348674058914
FRAG_NEG_trNEGATIVE72748_35_6,0.09811224788427353
FRAG_NEG_trNEGATIVE96170_64_6,0.6553117036819458
FRAG_NEG_trNEGATIVE81427_4_6,0.22690121829509735
FRAG_NEG_trNEGATIVE93313_1_6,0.9047611355781555
FRAG_NEG_trNEGATIVE40564_47_6,0.23045572638511658
FRAG_NEG_trNEGATIVE96047_47_6,0.3962087035179138
FRAG_NEG_trNEGATIVE36281_0_6,0.000324908149195835
FRAG_NEG_trNEGATIVE90894_8_6,0.0017804851522669196
FRAG_NEG_trNEGATIVE88698_0_6,8.363770029973239e-05
FRAG_NEG_trNEGATIVE33669_13_6,0.29032987356185913
FRAG_NEG_trNEGATIVE87521_49_6,0.2252093255519867
FRAG_NEG_trNEGATIVE44461_86_6,0.37127685546875
FRAG_NEG_trNEGATIVE85548_0_6,6.028262578183785e-05
FRAG_NEG_trNEGATIVE43631_0_6,0.0238005593419075
FRAG_NEG_trNEGATIVE95899_18_6,0.42804479598999023
FRAG_NEG_trNEGATIVE78653_1_6,0.11230091005563736
FRAG_NEG_trNEGATIVE78535_4_6,0.002134363166987896
FRAG_NEG_trNEGATIVE96908_54_6,0.40122538805007935
FRAG_NEG_trNEGATIVE81777_28_6,0.22587880492210388
FRAG_NEG_trNEGATIVE96612_41_6,0.5132878422737122
FRAG_NEG_trNEGATIVE86785_63_6,0.5189816355705261
FRAG_NEG_trNEGATIVE47846_46_6,0.001903408206999302
FRAG_NEG_trNEGATIVE79864_57_6,0.16018125414848328
FRAG_NEG_trNEGATIVE70019_27_6,0.27233120799064636
FRAG_NEG_trNEGATIVE91991_26_6,0.47884050011634827
FRAG_NEG_trNEGATIVE40770_54_6,0.9225941896438599
FRAG_NEG_trNEGATIVE31776_17_6,0.13351604342460632
FRAG_NEG_trNEGATIVE93923_59_6,0.3105754256248474
FRAG_NEG_trNEGATIVE56579_9_6,0.0035311125684529543
FRAG_NEG_trNEGATIVE66583_77_6,8.213323599193245e-05
FRAG_NEG_trNEGATIVE85924_38_6,0.0001823937491280958
FRAG_NEG_trNEGATIVE27638_62_6,0.28103408217430115
FRAG_NEG_trNEGATIVE55853_17_6,0.04354548081755638
FRAG_NEG_trNEGATIVE78954_34_6,0.014183794148266315
FRAG_NEG_trNEGATIVE56019_11_6,0.04336874186992645
FRAG_NEG_trNEGATIVE28072_5_6,0.3731761574745178
FRAG_NEG_trNEGATIVE75621_1_6,0.4042929708957672
FRAG_NEG_trNEGATIVE32244_21_6,0.0003288370498921722
FRAG_NEG_trNEGATIVE66557_1_6,0.015768732875585556
FRAG_NEG_trNEGATIVE78345_22_6,0.3112929165363312
FRAG_NEG_trNEGATIVE34739_37_6,0.20438584685325623
FRAG_NEG_trNEGATIVE85620_2_6,0.7468423843383789
FRAG_NEG_trNEGATIVE81668_87_6,0.3969400227069855
FRAG_NEG_trNEGATIVE73636_62_6,0.46483635902404785
FRAG_NEG_trNEGATIVE68483_54_6,0.006596357561647892
FRAG_NEG_trNEGATIVE68175_36_6,0.009222134947776794
FRAG_NEG_trNEGATIVE75014_50_6,0.03472227603197098
FRAG_NEG_trNEGATIVE84969_15_6,0.20976722240447998
FRAG_NEG_trNEGATIVE66782_21_6,0.04110249876976013
FRAG_NEG_trNEGATIVE57284_36_6,0.02625504694879055
FRAG_NEG_trNEGATIVE55038_10_6,0.3520638048648834
FRAG_NEG_trNEGATIVE60969_36_6,0.237614244222641
FRAG_NEG_trNEGATIVE32047_32_6,0.35726067423820496
FRAG_NEG_trNEGATIVE90011_67_6,0.7199805974960327
FRAG_NEG_trNEGATIVE32110_57_6,0.6658284068107605
FRAG_NEG_trNEGATIVE83217_33_6,0.39847978949546814
FRAG_NEG_trNEGATIVE83659_3_6,0.36151832342147827
FRAG_NEG_trNEGATIVE31776_48_6,0.0020479983650147915
FRAG_NEG_trNEGATIVE42197_12_6,0.26820164918899536
FRAG_NEG_trNEGATIVE73295_12_6,0.47516345977783203
FRAG_NEG_trNEGATIVE94727_66_6,0.09830036759376526
FRAG_NEG_trNEGATIVE87370_20_6,0.22146615386009216
FRAG_NEG_trNEGATIVE59072_7_6,0.11072418838739395
FRAG_NEG_trNEGATIVE46932_25_6,0.2665674686431885
FRAG_NEG_trNEGATIVE63500_39_6,0.2794901728630066
FRAG_NEG_trNEGATIVE29734_36_6,0.001538705313578248
FRAG_NEG_trNEGATIVE50631_19_6,0.15063191950321198
FRAG_NEG_trNEGATIVE64627_6_6,0.01504112221300602
FRAG_NEG_trNEGATIVE94232_67_6,0.07618968188762665
FRAG_NEG_trNEGATIVE38333_40_6,0.2751306891441345
FRAG_NEG_trNEGATIVE86979_17_6,0.7287967801094055
FRAG_NEG_trNEGATIVE29979_32_6,0.9180644750595093
FRAG_NEG_trNEGATIVE71806_22_6,0.035250209271907806
FRAG_NEG_trNEGATIVE56067_9_6,0.9289683103561401
FRAG_NEG_trNEGATIVE35732_43_6,0.5846524238586426
FRAG_NEG_trNEGATIVE44859_47_6,0.2757350504398346
FRAG_NEG_trNEGATIVE33797_52_6,0.2571949064731598
FRAG_NEG_trNEGATIVE60962_85_6,0.07778432220220566
FRAG_NEG_trNEGATIVE54996_7_6,0.4291943609714508
FRAG_NEG_trNEGATIVE97420_60_6,0.027908608317375183
FRAG_NEG_trNEGATIVE91196_53_6,0.019061733037233353
FRAG_NEG_trNEGATIVE45398_87_6,0.21793922781944275
FRAG_NEG_trNEGATIVE66967_0_6,0.001005965401418507
FRAG_NEG_trNEGATIVE64007_4_6,0.4605827331542969
FRAG_NEG_trNEGATIVE48979_48_6,0.37325942516326904
FRAG_NEG_trNEGATIVE52906_81_6,0.057214975357055664
FRAG_NEG_trNEGATIVE94649_11_6,0.681841254234314
FRAG_NEG_trNEGATIVE70698_23_6,0.6130732297897339
FRAG_NEG_trNEGATIVE91577_3_6,0.02819778583943844
FRAG_NEG_trNEGATIVE95962_8_6,0.3838859796524048
FRAG_NEG_trNEGATIVE55166_60_6,0.42557859420776367
FRAG_NEG_trNEGATIVE27906_20_6,0.011296085081994534
FRAG_NEG_trNEGATIVE68920_32_6,0.010172798298299313
FRAG_NEG_trNEGATIVE43396_48_6,0.46996721625328064
FRAG_NEG_trNEGATIVE77118_23_6,0.023463187739253044
FRAG_NEG_trNEGATIVE90114_79_6,0.0043822298757731915
FRAG_NEG_trNEGATIVE60862_38_6,0.030311385169625282
FRAG_NEG_trNEGATIVE45453_13_6,3.5754660530074034e-06
FRAG_NEG_trNEGATIVE43416_23_6,0.334717333316803
FRAG_NEG_trNEGATIVE88238_19_6,0.005669707898050547
FRAG_NEG_trNEGATIVE28324_69_6,0.5467737913131714
FRAG_NEG_trNEGATIVE93128_5_6,0.6240947842597961
FRAG_NEG_trNEGATIVE96622_15_6,0.3708949685096741
FRAG_NEG_trNEGATIVE54041_56_6,0.6566306948661804
FRAG_NEG_trNEGATIVE34862_0_6,0.0001209514812217094
FRAG_NEG_trNEGATIVE40152_12_6,0.45057421922683716
FRAG_NEG_trNEGATIVE45079_46_6,0.6130172610282898
FRAG_NEG_trNEGATIVE54479_74_6,0.27034375071525574
FRAG_NEG_trNEGATIVE69614_1_6,0.9897281527519226
FRAG_NEG_trNEGATIVE54818_15_6,0.012881872244179249
FRAG_NEG_trNEGATIVE34565_23_6,0.5363966226577759
FRAG_NEG_trNEGATIVE31301_19_6,0.6846703290939331
FRAG_NEG_trNEGATIVE77548_10_6,0.6028744578361511
FRAG_NEG_trNEGATIVE88233_14_6,0.37897396087646484
FRAG_NEG_trNEGATIVE70917_20_6,0.011022956110537052
FRAG_NEG_trNEGATIVE36276_27_6,0.8222473859786987
FRAG_NEG_trNEGATIVE50516_50_6,0.006480834446847439
FRAG_NEG_trNEGATIVE36091_17_6,0.3897685408592224
FRAG_NEG_trNEGATIVE49402_41_6,0.43133312463760376
FRAG_NEG_trNEGATIVE91923_58_6,0.2305893898010254
FRAG_NEG_trNEGATIVE59152_31_6,0.1350294053554535
FRAG_NEG_trNEGATIVE77802_71_6,0.2602495551109314
FRAG_NEG_trNEGATIVE67071_18_6,0.626230001449585
FRAG_NEG_trNEGATIVE28162_24_6,0.10072393715381622
FRAG_NEG_trNEGATIVE62117_46_6,0.6207517385482788
FRAG_NEG_trNEGATIVE64769_0_6,0.0005819025682285428
FRAG_NEG_trNEGATIVE62801_68_6,0.015200194902718067
FRAG_NEG_trNEGATIVE41646_37_6,0.2885975241661072
FRAG_NEG_trNEGATIVE44110_31_6,0.7358003258705139
FRAG_NEG_trNEGATIVE85418_34_6,0.35849514603614807
FRAG_NEG_trNEGATIVE28417_89_6,0.20742693543434143
FRAG_NEG_trNEGATIVE28072_16_6,0.018974263221025467
FRAG_NEG_trNEGATIVE96787_74_6,0.7501915693283081
FRAG_NEG_trNEGATIVE45659_19_6,0.014222221449017525
FRAG_NEG_trNEGATIVE46276_57_6,0.005532173905521631
FRAG_NEG_trNEGATIVE30835_38_6,0.0021022376604378223
FRAG_NEG_trNEGATIVE41073_31_6,0.0013624528655782342
FRAG_NEG_trNEGATIVE41004_20_6,0.7392433881759644
FRAG_NEG_trNEGATIVE39155_58_6,0.795013427734375
FRAG_NEG_trNEGATIVE65520_41_6,0.393363893032074
FRAG_NEG_trNEGATIVE43655_60_6,0.07569699734449387
FRAG_NEG_trNEGATIVE29278_18_6,0.484694242477417
FRAG_NEG_trNEGATIVE39650_0_6,0.00029530766187235713
FRAG_NEG_trNEGATIVE71610_50_6,0.5350503921508789
FRAG_NEG_trNEGATIVE88830_11_6,0.36731046438217163
FRAG_NEG_trNEGATIVE50132_23_6,0.08882957696914673
FRAG_NEG_trNEGATIVE50874_26_6,0.4673343598842621
FRAG_NEG_trNEGATIVE66120_60_6,0.30672043561935425
FRAG_NEG_trNEGATIVE61136_32_6,0.014725017361342907
FRAG_NEG_trNEGATIVE76013_10_6,0.5760094523429871
FRAG_NEG_trNEGATIVE90769_8_6,0.5028106570243835
FRAG_NEG_trNEGATIVE96798_18_6,0.01230592280626297
FRAG_NEG_trNEGATIVE71242_44_6,0.7072192430496216
FRAG_NEG_trNEGATIVE86357_42_6,0.004149974323809147
FRAG_NEG_trNEGATIVE56415_67_6,0.13509051501750946
FRAG_NEG_trNEGATIVE40134_12_6,0.23021300137043
FRAG_NEG_trNEGATIVE73786_23_6,0.1528005450963974
FRAG_NEG_trNEGATIVE83721_27_6,0.00211847061291337
FRAG_NEG_trNEGATIVE94821_3_6,0.35204291343688965
FRAG_NEG_trNEGATIVE31425_38_6,0.7249560356140137
FRAG_NEG_trNEGATIVE42620_50_6,0.27038443088531494
FRAG_NEG_trNEGATIVE86750_18_6,0.410768985748291
FRAG_NEG_trNEGATIVE97173_66_6,0.0006714506889693439
FRAG_NEG_trNEGATIVE60025_52_6,0.7852627038955688
FRAG_NEG_trNEGATIVE70858_23_6,0.33494606614112854
FRAG_NEG_trNEGATIVE37860_39_6,0.10721240192651749
FRAG_NEG_trNEGATIVE55060_27_6,0.25772660970687866
FRAG_NEG_trNEGATIVE57400_84_6,0.937488853931427
FRAG_NEG_trNEGATIVE48733_40_6,0.3107251524925232
FRAG_NEG_trNEGATIVE39283_67_6,0.0007999304798431695
FRAG_NEG_trNEGATIVE90141_65_6,0.3732028603553772
FRAG_NEG_trNEGATIVE74725_20_6,0.5072420835494995
FRAG_NEG_trNEGATIVE42430_66_6,0.22260889410972595
FRAG_NEG_trNEGATIVE56358_27_6,0.7781467437744141
FRAG_NEG_trNEGATIVE65513_46_6,0.0014489148743450642
FRAG_NEG_trNEGATIVE75635_2_6,0.5512212514877319
FRAG_NEG_trNEGATIVE90916_42_6,0.8106580972671509
FRAG_NEG_trNEGATIVE80760_74_6,0.9799298048019409
FRAG_NEG_trNEGATIVE30330_57_6,0.06759872287511826
FRAG_NEG_trNEGATIVE91970_3_6,0.009892335161566734
FRAG_NEG_trNEGATIVE41866_41_6,0.6494913697242737
FRAG_NEG_trNEGATIVE63422_54_6,0.9625398516654968
FRAG_NEG_trNEGATIVE65465_1_6,0.023510510101914406
FRAG_NEG_trNEGATIVE83752_53_6,0.6683720350265503
FRAG_NEG_trNEGATIVE63175_42_6,0.3216528296470642
FRAG_NEG_trNEGATIVE72346_11_6,0.2427947223186493
FRAG_NEG_trNEGATIVE90936_73_6,0.19341757893562317
FRAG_NEG_trNEGATIVE94760_60_6,0.8778719902038574
FRAG_NEG_trNEGATIVE84118_31_6,0.2924567759037018
FRAG_NEG_trNEGATIVE57359_28_6,0.07103215903043747
FRAG_NEG_trNEGATIVE86785_18_6,0.685041069984436
FRAG_NEG_trNEGATIVE51523_37_6,0.8814347386360168
FRAG_NEG_trNEGATIVE87845_38_6,0.9819467663764954
FRAG_NEG_trNEGATIVE47972_5_6,0.0016204556450247765
FRAG_NEG_trNEGATIVE46570_31_6,4.873655780102126e-05
FRAG_NEG_trNEGATIVE40116_44_6,0.23187728226184845
FRAG_NEG_trNEGATIVE49297_0_6,0.02216648869216442
FRAG_NEG_trNEGATIVE47034_33_6,0.2617495656013489
FRAG_NEG_trNEGATIVE90771_34_6,0.27512291073799133
FRAG_NEG_trNEGATIVE46443_12_6,0.0012889399658888578
FRAG_NEG_trNEGATIVE64236_71_6,0.0008321536588482559
FRAG_NEG_trNEGATIVE83227_62_6,0.005675983615219593
FRAG_NEG_trNEGATIVE96100_63_6,0.19654372334480286
FRAG_NEG_trNEGATIVE29661_51_6,0.07484901696443558
FRAG_NEG_trNEGATIVE83031_24_6,0.01330201793462038
FRAG_NEG_trNEGATIVE87450_28_6,0.07094790041446686
FRAG_NEG_trNEGATIVE71653_13_6,0.46829742193222046
FRAG_NEG_trNEGATIVE79387_32_6,0.29816514253616333
FRAG_NEG_trNEGATIVE55864_35_6,0.004070046357810497
FRAG_NEG_trNEGATIVE37877_10_6,0.2676111161708832
FRAG_NEG_trNEGATIVE54448_28_6,0.27554887533187866
FRAG_NEG_trNEGATIVE45091_23_6,0.0759432315826416
FRAG_NEG_trNEGATIVE29717_18_6,0.09724283218383789
FRAG_NEG_trNEGATIVE61066_35_6,0.06540139019489288
FRAG_NEG_trNEGATIVE73619_12_6,0.017891177907586098
FRAG_NEG_trNEGATIVE41004_61_6,0.4184747636318207
FRAG_NEG_trNEGATIVE77111_17_6,0.5592485666275024
FRAG_NEG_trNEGATIVE85795_85_6,0.44638174772262573
FRAG_NEG_trNEGATIVE69377_26_6,0.843166172504425
FRAG_NEG_trNEGATIVE53400_3_6,0.34362930059432983
FRAG_NEG_trNEGATIVE54737_43_6,0.7877081632614136
FRAG_NEG_trNEGATIVE42243_28_6,0.5524713397026062
FRAG_NEG_trNEGATIVE48957_17_6,0.22998622059822083
FRAG_NEG_trNEGATIVE66922_2_6,0.3942393660545349
FRAG_NEG_trNEGATIVE88238_16_6,0.3630276322364807
FRAG_NEG_trNEGATIVE35008_40_6,0.007056540343910456
FRAG_NEG_trNEGATIVE82180_15_6,0.26616814732551575
FRAG_NEG_trNEGATIVE50399_71_6,0.07216200232505798
FRAG_NEG_trNEGATIVE81189_2_6,0.16685986518859863
FRAG_NEG_trNEGATIVE82469_43_6,0.6196969747543335
FRAG_NEG_trNEGATIVE94469_20_6,0.018421607092022896
FRAG_NEG_trNEGATIVE93817_23_6,0.19181087613105774
FRAG_NEG_trNEGATIVE54615_37_6,0.8905609250068665
FRAG_NEG_trNEGATIVE64980_18_6,0.24500110745429993
FRAG_NEG_trNEGATIVE51856_22_6,0.0034053742419928312
FRAG_NEG_trNEGATIVE91703_7_6,0.014669669792056084
FRAG_NEG_trNEGATIVE44996_38_6,0.1901504546403885
FRAG_NEG_trNEGATIVE37142_24_6,0.9037824869155884
FRAG_NEG_trNEGATIVE28766_34_6,0.026242339983582497
FRAG_NEG_trNEGATIVE87117_54_6,0.046701595187187195
FRAG_NEG_trNEGATIVE40853_2_6,0.04226931929588318
FRAG_NEG_trNEGATIVE57285_76_6,0.03879447281360626
FRAG_NEG_trNEGATIVE87549_30_6,0.7447356581687927
FRAG_NEG_trNEGATIVE31462_34_6,0.27966180443763733
FRAG_NEG_trNEGATIVE31332_33_6,0.00014263353659771383
FRAG_NEG_trNEGATIVE65755_1_6,0.06159243732690811
FRAG_NEG_trNEGATIVE70581_54_6,0.0005188101204112172
FRAG_NEG_trNEGATIVE95879_12_6,0.07846812158823013
FRAG_NEG_trNEGATIVE51325_18_6,0.7658056020736694
FRAG_NEG_trNEGATIVE31694_48_6,0.8548808097839355
FRAG_NEG_trNEGATIVE34646_91_6,0.0009037725394591689
FRAG_NEG_trNEGATIVE29455_78_6,0.684167206287384
FRAG_NEG_trNEGATIVE70403_75_6,0.2003922462463379
FRAG_NEG_trNEGATIVE61477_23_6,0.16538569331169128
FRAG_NEG_trNEGATIVE67604_2_6,0.00782988965511322
FRAG_NEG_trNEGATIVE38089_48_6,0.11413177102804184
FRAG_NEG_trNEGATIVE58956_43_6,0.27622556686401367
FRAG_NEG_trNEGATIVE48477_19_6,0.019442778080701828
FRAG_NEG_trNEGATIVE35193_19_6,0.3819838762283325
FRAG_NEG_trNEGATIVE48085_12_6,0.12022850662469864
FRAG_NEG_trNEGATIVE49305_18_6,5.199525548960082e-05
FRAG_NEG_trNEGATIVE89874_82_6,0.04498574510216713
FRAG_NEG_trNEGATIVE44167_44_6,0.5582476258277893
FRAG_NEG_trNEGATIVE32997_81_6,0.8401957750320435
FRAG_NEG_trNEGATIVE38518_0_6,0.008818547241389751
FRAG_NEG_trNEGATIVE60580_34_6,0.21524909138679504
FRAG_NEG_trNEGATIVE68157_91_6,0.01346645038574934
FRAG_NEG_trNEGATIVE56053_2_6,0.8067228198051453
FRAG_NEG_trNEGATIVE86731_18_6,0.8725746870040894
FRAG_NEG_trNEGATIVE54828_9_6,0.02740255370736122
FRAG_NEG_trNEGATIVE85722_60_6,0.26282092928886414
FRAG_NEG_trNEGATIVE41832_29_6,0.13602012395858765
FRAG_NEG_trNEGATIVE76230_32_6,0.3823447823524475
FRAG_NEG_trNEGATIVE94368_35_6,0.016359049826860428
FRAG_NEG_trNEGATIVE93704_31_6,0.7786920070648193
FRAG_NEG_trNEGATIVE62945_9_7,0.2945479154586792
FRAG_NEG_trNEGATIVE46005_52_7,0.1817401796579361
FRAG_NEG_trNEGATIVE89307_53_7,0.055691611021757126
FRAG_NEG_trNEGATIVE65566_31_7,0.27838820219039917
FRAG_NEG_trNEGATIVE49477_35_7,0.12464996427297592
FRAG_NEG_trNEGATIVE28299_10_7,0.7331137657165527
FRAG_NEG_trNEGATIVE63475_37_7,0.11120055615901947
FRAG_NEG_trNEGATIVE45177_34_7,0.3321805000305176
FRAG_NEG_trNEGATIVE60936_26_7,0.5284838080406189
FRAG_NEG_trNEGATIVE97143_76_7,0.19048382341861725
FRAG_NEG_trNEGATIVE97497_51_7,0.005693406797945499
FRAG_NEG_trNEGATIVE30217_48_7,0.1096746176481247
FRAG_NEG_trNEGATIVE73100_62_7,0.9958412051200867
NEG_trNEGATIVE50367,0.07736261188983917
FRAG_NEG_trNEGATIVE28397_2_7,0.3603135645389557
FRAG_NEG_trNEGATIVE41854_0_7,5.26387375430204e-05
NEG_trNEGATIVE102727,0.005044188816100359
FRAG_NEG_trNEGATIVE33051_39_7,0.023768050596117973
FRAG_NEG_trNEGATIVE94119_32_7,0.3147023916244507
FRAG_NEG_trNEGATIVE73407_28_7,0.3277624547481537
FRAG_NEG_trNEGATIVE53242_36_7,0.0211869478225708
FRAG_NEG_trNEGATIVE37162_43_7,0.21961168944835663
FRAG_NEG_trNEGATIVE96572_40_7,0.127065509557724
FRAG_NEG_trNEGATIVE79590_31_7,0.04028758034110069
FRAG_NEG_trNEGATIVE70576_53_7,0.4278147220611572
FRAG_NEG_trNEGATIVE92737_37_7,0.5675532221794128
FRAG_NEG_trNEGATIVE55180_57_7,0.2842136323451996
FRAG_NEG_trNEGATIVE69593_28_7,0.9676071405410767
FRAG_NEG_trNEGATIVE28215_85_7,0.18015477061271667
FRAG_NEG_trNEGATIVE53608_2_7,0.9375457763671875
FRAG_NEG_trNEGATIVE92486_60_7,0.11961011588573456
FRAG_NEG_trNEGATIVE86142_7_7,0.46895432472229004
FRAG_NEG_trNEGATIVE46224_19_7,0.21987144649028778
FRAG_NEG_trNEGATIVE30755_40_7,0.6562013030052185
FRAG_NEG_trNEGATIVE74779_27_7,0.007247905246913433
FRAG_NEG_trNEGATIVE55418_22_7,0.01161198504269123
FRAG_NEG_trNEGATIVE69830_18_7,0.0543304979801178
FRAG_NEG_trNEGATIVE73694_48_7,0.7481497526168823
FRAG_NEG_trNEGATIVE31117_38_7,0.2871730327606201
FRAG_NEG_trNEGATIVE89727_9_7,0.11283840984106064
FRAG_NEG_trNEGATIVE54604_66_7,0.0035969712771475315
FRAG_NEG_trNEGATIVE65500_15_7,0.6708124279975891
FRAG_NEG_trNEGATIVE95502_43_7,0.0038462597876787186
FRAG_NEG_trNEGATIVE61287_7_7,0.9359768033027649
FRAG_NEG_trNEGATIVE44670_24_7,0.17510269582271576
FRAG_NEG_trNEGATIVE84467_64_7,0.4211675524711609
FRAG_NEG_trNEGATIVE78365_6_7,0.2571648061275482
FRAG_NEG_trNEGATIVE64901_16_7,0.5018165707588196
FRAG_NEG_trNEGATIVE74514_56_7,0.5962353348731995
FRAG_NEG_trNEGATIVE71921_36_7,0.07507238537073135
FRAG_NEG_trNEGATIVE87789_28_7,0.1396307647228241
FRAG_NEG_trNEGATIVE66389_33_7,0.26653292775154114
FRAG_NEG_trNEGATIVE48116_13_7,0.25437474250793457
FRAG_NEG_trNEGATIVE75864_36_7,0.4712390899658203
FRAG_NEG_trNEGATIVE38254_45_7,0.14728932082653046
FRAG_NEG_trNEGATIVE76115_25_7,0.6554703712463379
FRAG_NEG_trNEGATIVE44980_19_7,0.35026484727859497
FRAG_NEG_trNEGATIVE90062_8_7,0.45773109793663025
FRAG_NEG_trNEGATIVE48937_33_7,0.5656207799911499
NEG_trNEGATIVE95141,0.010834908112883568
FRAG_NEG_trNEGATIVE62744_66_7,0.26236072182655334
FRAG_NEG_trNEGATIVE30341_36_7,0.1579514443874359
FRAG_NEG_trNEGATIVE85974_31_7,0.5104383826255798
FRAG_NEG_trNEGATIVE80654_2_7,0.16736730933189392
FRAG_NEG_trNEGATIVE93174_15_7,0.37575769424438477
FRAG_NEG_trNEGATIVE39535_67_7,0.62872713804245
FRAG_NEG_trNEGATIVE88024_8_7,0.13142365217208862
FRAG_NEG_trNEGATIVE31502_25_7,0.5010839104652405
FRAG_NEG_trNEGATIVE45182_24_7,0.15629763901233673
FRAG_NEG_trNEGATIVE96505_71_7,0.9637791514396667
FRAG_NEG_trNEGATIVE52240_34_7,0.17979353666305542
FRAG_NEG_trNEGATIVE49141_11_7,0.5820711255073547
FRAG_NEG_trNEGATIVE47118_25_7,0.13958758115768433
FRAG_NEG_trNEGATIVE52335_11_7,0.10303942114114761
FRAG_NEG_trNEGATIVE70799_82_7,0.15569442510604858
FRAG_NEG_trNEGATIVE92287_17_7,0.4927078187465668
FRAG_NEG_trNEGATIVE95145_83_7,0.42881956696510315
FRAG_NEG_trNEGATIVE66231_18_7,0.0023727586958557367
FRAG_NEG_trNEGATIVE67849_54_7,0.024109622463583946
FRAG_NEG_trNEGATIVE44859_50_7,0.09891875088214874
FRAG_NEG_trNEGATIVE61810_24_7,0.08443249762058258
FRAG_NEG_trNEGATIVE93986_28_7,0.23756805062294006
FRAG_NEG_trNEGATIVE80147_16_7,0.17127126455307007
FRAG_NEG_trNEGATIVE45233_19_7,0.6655905246734619
FRAG_NEG_trNEGATIVE33993_9_7,0.16773197054862976
FRAG_NEG_trNEGATIVE79963_43_7,0.6322003602981567
FRAG_NEG_trNEGATIVE69126_63_7,0.6288834810256958
FRAG_NEG_trNEGATIVE90851_37_7,0.0663926973938942
FRAG_NEG_trNEGATIVE54933_42_7,0.21972158551216125
FRAG_NEG_trNEGATIVE49274_10_7,0.9862152338027954
FRAG_NEG_trNEGATIVE29883_73_7,0.4997989535331726
FRAG_NEG_trNEGATIVE88487_4_7,0.99260014295578
FRAG_NEG_trNEGATIVE59367_59_7,0.02602691948413849
FRAG_NEG_trNEGATIVE82168_0_7,3.2794353046483593e-06
FRAG_NEG_trNEGATIVE41912_54_7,0.005687614902853966
FRAG_NEG_trNEGATIVE63123_25_7,0.41719889640808105
FRAG_NEG_trNEGATIVE91063_7_7,0.26370909810066223
FRAG_NEG_trNEGATIVE92854_22_7,0.014212677255272865
FRAG_NEG_trNEGATIVE86565_25_7,0.08536909520626068
FRAG_NEG_trNEGATIVE46990_4_7,0.02691526710987091
FRAG_NEG_trNEGATIVE81833_12_7,0.04293154925107956
FRAG_NEG_trNEGATIVE41420_39_7,0.3761926591396332
FRAG_NEG_trNEGATIVE84570_27_7,0.5653656125068665
FRAG_NEG_trNEGATIVE48209_6_7,0.21645426750183105
FRAG_NEG_trNEGATIVE39843_65_7,0.04065678268671036
FRAG_NEG_trNEGATIVE83237_27_7,0.850915253162384
NEG_trNEGATIVE35087,0.0006892356323078275
FRAG_NEG_trNEGATIVE82153_57_7,0.00013475259765982628
FRAG_NEG_trNEGATIVE56828_27_7,0.0016668494790792465
FRAG_NEG_trNEGATIVE54857_12_7,0.6890262961387634
FRAG_NEG_trNEGATIVE50504_83_7,0.42542514204978943
FRAG_NEG_trNEGATIVE75528_10_7,0.825422465801239
FRAG_NEG_trNEGATIVE36338_1_7,0.021850313991308212
FRAG_NEG_trNEGATIVE33183_60_7,0.01622985303401947
FRAG_NEG_trNEGATIVE37172_54_7,0.4200843274593353
FRAG_NEG_trNEGATIVE83523_29_7,0.004422779195010662
FRAG_NEG_trNEGATIVE70990_9_7,0.3366238474845886
FRAG_NEG_trNEGATIVE58907_14_7,0.0019377995049580932
FRAG_NEG_trNEGATIVE40060_63_7,0.24096305668354034
FRAG_NEG_trNEGATIVE83601_6_7,0.6472062468528748
FRAG_NEG_trNEGATIVE64605_14_7,0.0013622724218294024
FRAG_NEG_trNEGATIVE67065_1_7,0.05948275327682495
FRAG_NEG_trNEGATIVE88066_37_7,0.44750529527664185
FRAG_NEG_trNEGATIVE53868_76_7,0.6828762888908386
FRAG_NEG_trNEGATIVE42895_23_7,0.17789848148822784
FRAG_NEG_trNEGATIVE56379_79_7,0.05378276854753494
FRAG_NEG_trNEGATIVE42733_21_7,0.583864152431488
FRAG_NEG_trNEGATIVE59021_26_7,0.9480460286140442
FRAG_NEG_trNEGATIVE31903_54_7,0.3555593490600586
FRAG_NEG_trNEGATIVE39874_32_7,0.19916687905788422
FRAG_NEG_trNEGATIVE95793_74_7,0.762009859085083
FRAG_NEG_trNEGATIVE31023_26_7,0.05575835704803467
FRAG_NEG_trNEGATIVE48317_51_7,0.4411207139492035
FRAG_NEG_trNEGATIVE50634_37_7,0.39698904752731323
FRAG_NEG_trNEGATIVE75853_2_7,0.5420134663581848
FRAG_NEG_trNEGATIVE79490_16_7,0.002884159330278635
FRAG_NEG_trNEGATIVE42319_50_7,0.0044983746483922005
NEG_teNEGATIVE06561,0.28377383947372437
FRAG_NEG_trNEGATIVE65057_20_7,0.22363820672035217
FRAG_NEG_trNEGATIVE84205_37_7,0.23904672265052795
FRAG_NEG_trNEGATIVE67572_57_7,0.004193185828626156
FRAG_NEG_trNEGATIVE74378_26_7,0.019678279757499695
FRAG_NEG_trNEGATIVE90468_1_7,0.29532137513160706
FRAG_NEG_trNEGATIVE67517_2_7,0.6953234672546387
FRAG_NEG_trNEGATIVE87505_17_7,0.00721772899851203
FRAG_NEG_trNEGATIVE82165_67_7,0.0657237246632576
FRAG_NEG_trNEGATIVE55888_13_7,0.007159464992582798
FRAG_NEG_trNEGATIVE86452_22_7,0.8535392880439758
FRAG_NEG_trNEGATIVE67822_60_7,0.4195689260959625
NEG_trNEGATIVE88431,0.005320848897099495
FRAG_NEG_trNEGATIVE64314_14_7,0.3313996195793152
NEG_teNEGATIVE01716,0.00023071460600476712
FRAG_NEG_trNEGATIVE79768_19_7,0.16682414710521698
NEG_trNEGATIVE42582,0.0014589928323403
FRAG_NEG_trNEGATIVE28057_10_7,0.3617497384548187
FRAG_NEG_trNEGATIVE32565_11_7,0.4716009199619293
FRAG_NEG_trNEGATIVE28970_26_7,0.004338153172284365
FRAG_NEG_trNEGATIVE56964_23_7,0.2310963124036789
FRAG_NEG_trNEGATIVE37877_7_7,0.007078905589878559
FRAG_NEG_trNEGATIVE44775_5_7,0.019847970455884933
FRAG_NEG_trNEGATIVE76458_20_7,0.6057714223861694
FRAG_NEG_trNEGATIVE96629_21_7,0.6491302251815796
FRAG_NEG_trNEGATIVE95098_63_7,0.07940119504928589
FRAG_NEG_trNEGATIVE97032_31_7,0.8965474367141724
FRAG_NEG_trNEGATIVE53120_42_7,0.0523422434926033
FRAG_NEG_trNEGATIVE48879_22_7,0.27331262826919556
FRAG_NEG_trNEGATIVE63131_62_7,0.33752816915512085
FRAG_NEG_trNEGATIVE82744_30_7,0.9652177095413208
FRAG_NEG_trNEGATIVE28970_32_7,0.6755947470664978
FRAG_NEG_trNEGATIVE60816_21_7,0.20055516064167023
FRAG_NEG_trNEGATIVE77715_4_7,0.12365064769983292
FRAG_NEG_trNEGATIVE43896_10_7,0.6920068860054016
FRAG_NEG_trNEGATIVE60072_52_7,0.0021152484696358442
FRAG_NEG_trNEGATIVE87845_29_7,0.87501460313797
FRAG_NEG_trNEGATIVE82744_12_7,0.31416016817092896
FRAG_NEG_trNEGATIVE65951_4_7,0.009082039818167686
FRAG_NEG_trNEGATIVE64974_14_7,0.6856279969215393
FRAG_NEG_trNEGATIVE38294_57_7,0.4104709029197693
FRAG_NEG_trNEGATIVE89608_70_7,0.812186598777771
FRAG_NEG_trNEGATIVE40100_51_7,0.5820221304893494
FRAG_NEG_trNEGATIVE57314_39_7,0.6064095497131348
FRAG_NEG_trNEGATIVE37914_68_7,0.9862912893295288
FRAG_NEG_trNEGATIVE47062_3_7,0.5896682739257812
FRAG_NEG_trNEGATIVE52836_49_7,0.36341431736946106
FRAG_NEG_trNEGATIVE29991_9_7,0.09022624790668488
FRAG_NEG_trNEGATIVE67852_24_7,0.025302093476057053
FRAG_NEG_trNEGATIVE54793_29_7,0.00020588918414432555
FRAG_NEG_trNEGATIVE52292_36_7,0.007534495089203119
FRAG_NEG_trNEGATIVE33994_15_7,0.5304733514785767
FRAG_NEG_trNEGATIVE49141_18_7,0.31881803274154663
FRAG_NEG_trNEGATIVE51461_81_7,0.7356342077255249
FRAG_NEG_trNEGATIVE75605_44_7,0.12350381910800934
FRAG_NEG_trNEGATIVE50740_59_7,0.5745537877082825
FRAG_NEG_trNEGATIVE67399_43_7,0.3714722990989685
FRAG_NEG_trNEGATIVE53204_58_7,0.9427286982536316
FRAG_NEG_trNEGATIVE43631_51_7,0.1269802749156952
FRAG_NEG_trNEGATIVE62766_87_7,0.25430092215538025
FRAG_NEG_trNEGATIVE71697_3_7,0.21482408046722412
FRAG_NEG_trNEGATIVE67839_9_7,0.0013673919020220637
NEG_teNEGATIVE13728,0.048513591289520264
FRAG_NEG_trNEGATIVE91227_20_7,0.0750686451792717
FRAG_NEG_trNEGATIVE33472_21_7,0.06048023700714111
FRAG_NEG_trNEGATIVE43416_10_7,0.35733580589294434
FRAG_NEG_trNEGATIVE93768_33_7,0.1599137932062149
FRAG_NEG_trNEGATIVE92478_10_7,0.3780180811882019
FRAG_NEG_trNEGATIVE51003_39_7,0.07546138018369675
FRAG_NEG_trNEGATIVE66322_14_7,0.605502724647522
FRAG_NEG_trNEGATIVE91703_78_7,0.0395512692630291
FRAG_NEG_trNEGATIVE92426_45_7,0.826714038848877
FRAG_NEG_trNEGATIVE33993_24_7,0.0865800529718399
FRAG_NEG_trNEGATIVE59129_6_7,0.6150287389755249
FRAG_NEG_trNEGATIVE36834_0_7,0.08049650490283966
FRAG_NEG_trNEGATIVE47499_32_7,0.5391921997070312
FRAG_NEG_trNEGATIVE51253_13_7,0.03638170287013054
NEG_trNEGATIVE74130,0.9272232055664062
FRAG_NEG_trNEGATIVE97179_31_7,0.13822999596595764
FRAG_NEG_trNEGATIVE54726_50_7,0.1342676281929016
FRAG_NEG_trNEGATIVE33701_62_7,0.3298167288303375
FRAG_NEG_trNEGATIVE95270_55_7,0.14712783694267273
FRAG_NEG_trNEGATIVE35127_18_7,0.2752915322780609
FRAG_NEG_trNEGATIVE38253_60_7,0.22030214965343475
FRAG_NEG_trNEGATIVE81501_36_7,0.5478058457374573
FRAG_NEG_trNEGATIVE55352_53_7,0.21283312141895294
FRAG_NEG_trNEGATIVE66639_20_7,0.2953716814517975
FRAG_NEG_trNEGATIVE73464_14_7,0.48605814576148987
FRAG_NEG_trNEGATIVE28162_58_7,0.13392885029315948
FRAG_NEG_trNEGATIVE87589_16_7,2.0776200472027995e-05
FRAG_NEG_trNEGATIVE43654_39_7,0.11957814544439316
FRAG_NEG_trNEGATIVE85417_13_7,0.45493969321250916
FRAG_NEG_trNEGATIVE35612_25_7,0.1396670639514923
FRAG_NEG_trNEGATIVE45217_24_7,0.005661164876073599
FRAG_NEG_trNEGATIVE63573_3_7,0.6125991940498352
FRAG_NEG_trNEGATIVE37162_44_7,0.9212983846664429
FRAG_NEG_trNEGATIVE76091_27_7,0.44381898641586304
FRAG_NEG_trNEGATIVE94732_41_7,0.00511957099661231
FRAG_NEG_trNEGATIVE38371_1_7,0.6261144876480103
FRAG_NEG_trNEGATIVE95503_9_7,0.03601682558655739
FRAG_NEG_trNEGATIVE54301_29_7,0.15229558944702148
FRAG_NEG_trNEGATIVE96554_43_7,0.05618605017662048
FRAG_NEG_trNEGATIVE86959_4_7,0.6025599837303162
FRAG_NEG_trNEGATIVE81097_13_7,0.5672377347946167
FRAG_NEG_trNEGATIVE37909_11_7,0.40476393699645996
FRAG_NEG_trNEGATIVE77035_37_7,0.36822062730789185
FRAG_NEG_trNEGATIVE90289_63_7,0.07345251739025116
FRAG_NEG_trNEGATIVE38378_5_7,0.46222442388534546
FRAG_NEG_trNEGATIVE30369_2_7,0.2196442186832428
FRAG_NEG_trNEGATIVE54615_67_7,0.012948336079716682
FRAG_NEG_trNEGATIVE35669_0_7,1.9947310647694394e-06
FRAG_NEG_trNEGATIVE53064_15_7,0.4322592318058014
FRAG_NEG_trNEGATIVE94451_41_7,0.2630329728126526
FRAG_NEG_trNEGATIVE60767_71_7,0.6550056338310242
FRAG_NEG_trNEGATIVE81255_23_7,0.1276506930589676
FRAG_NEG_trNEGATIVE36801_34_7,0.12008358538150787
FRAG_NEG_trNEGATIVE80784_52_7,0.12160313129425049
FRAG_NEG_trNEGATIVE54542_15_7,0.28705599904060364
FRAG_NEG_trNEGATIVE58710_45_7,0.5314521789550781
FRAG_NEG_trNEGATIVE29760_43_7,0.030725177377462387
FRAG_NEG_trNEGATIVE86238_20_7,0.3559931516647339
FRAG_NEG_trNEGATIVE92087_37_7,0.26831310987472534
FRAG_NEG_trNEGATIVE84260_10_7,0.7087208032608032
FRAG_NEG_trNEGATIVE95917_9_7,0.6180186867713928
FRAG_NEG_trNEGATIVE96370_22_7,0.12703976035118103
FRAG_NEG_trNEGATIVE62765_62_7,0.010898305103182793
FRAG_NEG_trNEGATIVE86402_70_7,0.06572934240102768
FRAG_NEG_trNEGATIVE75261_42_7,2.7758971555158496e-05
FRAG_NEG_trNEGATIVE47068_29_7,0.2110041081905365
FRAG_NEG_trNEGATIVE69214_3_7,0.9159060716629028
FRAG_NEG_trNEGATIVE66231_38_7,0.41102099418640137
FRAG_NEG_trNEGATIVE45995_12_7,0.5798828601837158
FRAG_NEG_trNEGATIVE36857_29_7,0.003647774923592806
FRAG_NEG_trNEGATIVE78345_33_7,0.011303243227303028
FRAG_NEG_trNEGATIVE40505_48_7,0.6641148924827576
FRAG_NEG_trNEGATIVE30776_44_7,0.09792313724756241
FRAG_NEG_trNEGATIVE88773_41_7,0.5149033665657043
FRAG_NEG_trNEGATIVE28222_20_7,0.8842567205429077
FRAG_NEG_trNEGATIVE73239_8_7,0.2452002316713333
FRAG_NEG_trNEGATIVE56576_18_7,0.5386426448822021
FRAG_NEG_trNEGATIVE44480_39_7,0.5687804222106934
FRAG_NEG_trNEGATIVE64188_34_7,0.5208285450935364
FRAG_NEG_trNEGATIVE56456_14_7,0.46230658888816833
FRAG_NEG_trNEGATIVE94228_29_7,0.049662601202726364
FRAG_NEG_trNEGATIVE29659_70_7,0.3449161648750305
FRAG_NEG_trNEGATIVE42110_30_7,0.8538433313369751
FRAG_NEG_trNEGATIVE80544_28_7,0.01947741024196148
FRAG_NEG_trNEGATIVE46050_42_7,0.5430015325546265
FRAG_NEG_trNEGATIVE78787_9_7,0.5529652237892151
FRAG_NEG_trNEGATIVE43208_13_7,0.6081410050392151
FRAG_NEG_trNEGATIVE80251_20_7,0.029482737183570862
FRAG_NEG_trNEGATIVE48830_25_7,0.01619725301861763
FRAG_NEG_trNEGATIVE58174_1_7,0.5893034934997559
FRAG_NEG_trNEGATIVE32251_6_7,0.5274802446365356
FRAG_NEG_trNEGATIVE46989_64_7,0.7107868194580078
FRAG_NEG_trNEGATIVE41832_46_7,0.4668571352958679
FRAG_NEG_trNEGATIVE94323_53_7,0.10888560116291046
FRAG_NEG_trNEGATIVE35098_84_7,0.35553503036499023
FRAG_NEG_trNEGATIVE71402_70_7,0.3256375789642334
FRAG_NEG_trNEGATIVE93250_53_7,0.1892402470111847
FRAG_NEG_trNEGATIVE83637_48_7,0.7050222158432007
FRAG_NEG_trNEGATIVE35239_37_7,0.0015467542689293623
FRAG_NEG_trNEGATIVE55418_68_7,0.22017493844032288
FRAG_NEG_trNEGATIVE89542_23_7,0.2994077801704407
FRAG_NEG_trNEGATIVE89878_87_7,0.2507447302341461
FRAG_NEG_trNEGATIVE74524_2_7,0.62562096118927
FRAG_NEG_trNEGATIVE58863_23_7,0.07248564064502716
FRAG_NEG_trNEGATIVE69358_19_7,0.20990188419818878
FRAG_NEG_trNEGATIVE71402_3_7,0.4714423716068268
NEG_trNEGATIVE90418,0.2575709819793701
FRAG_NEG_trNEGATIVE46140_17_7,0.866949200630188
FRAG_NEG_trNEGATIVE52667_46_7,0.4939540922641754
FRAG_NEG_trNEGATIVE84542_38_7,0.609594464302063
FRAG_NEG_trNEGATIVE30198_23_7,0.9992095828056335
FRAG_NEG_trNEGATIVE77263_26_7,0.9896076321601868
FRAG_NEG_trNEGATIVE71295_61_7,0.04715920612215996
FRAG_NEG_trNEGATIVE59937_35_7,0.26116490364074707
FRAG_NEG_trNEGATIVE33484_12_7,0.184642031788826
FRAG_NEG_trNEGATIVE75479_51_7,0.64789217710495
FRAG_NEG_trNEGATIVE60036_14_7,0.008906260132789612
FRAG_NEG_trNEGATIVE62497_46_7,0.022072898223996162
FRAG_NEG_trNEGATIVE35454_12_7,0.06179753690958023
FRAG_NEG_trNEGATIVE92625_68_7,0.03935711830854416
FRAG_NEG_trNEGATIVE80668_17_7,0.8093492388725281
FRAG_NEG_trNEGATIVE76826_18_7,0.07108373939990997
FRAG_NEG_trNEGATIVE68402_53_7,0.4040270447731018
FRAG_NEG_trNEGATIVE61136_18_7,0.4793597161769867
FRAG_NEG_trNEGATIVE82630_22_7,0.1971113383769989
FRAG_NEG_trNEGATIVE59224_29_7,0.2553265690803528
FRAG_NEG_trNEGATIVE67754_37_7,0.4392217993736267
FRAG_NEG_trNEGATIVE29291_29_7,0.016567159444093704
FRAG_NEG_trNEGATIVE71826_48_7,0.3133857846260071
FRAG_NEG_trNEGATIVE53186_49_7,0.9388816952705383
FRAG_NEG_trNEGATIVE95711_29_7,0.6917427182197571
FRAG_NEG_trNEGATIVE69507_34_7,0.0036564269103109837
FRAG_NEG_trNEGATIVE62885_71_7,0.246311753988266
FRAG_NEG_trNEGATIVE58128_68_7,0.7365700602531433
FRAG_NEG_trNEGATIVE69116_66_7,0.018354814499616623
FRAG_NEG_trNEGATIVE87684_80_7,0.14019420742988586
FRAG_NEG_trNEGATIVE68937_48_7,0.36186322569847107
FRAG_NEG_trNEGATIVE48592_0_7,0.0083997193723917
FRAG_NEG_trNEGATIVE45970_30_7,0.1133829802274704
FRAG_NEG_trNEGATIVE73825_50_7,0.27855440974235535
FRAG_NEG_trNEGATIVE42620_1_7,0.03035113774240017
FRAG_NEG_trNEGATIVE44184_19_7,0.013724192976951599
FRAG_NEG_trNEGATIVE32828_22_7,0.23233628273010254
FRAG_NEG_trNEGATIVE34527_4_7,0.008025572635233402
FRAG_NEG_trNEGATIVE74867_33_7,0.5677991509437561
FRAG_NEG_trNEGATIVE62607_27_7,0.9019875526428223
FRAG_NEG_trNEGATIVE45535_11_7,0.806200385093689
FRAG_NEG_trNEGATIVE74632_23_7,0.021536031737923622
FRAG_NEG_trNEGATIVE89767_32_7,0.02694728597998619
FRAG_NEG_trNEGATIVE61306_5_7,0.2896013557910919
FRAG_NEG_trNEGATIVE63428_59_7,0.09366116672754288
FRAG_NEG_trNEGATIVE61764_31_7,0.0678393766283989
FRAG_NEG_trNEGATIVE44113_56_7,0.18320906162261963
FRAG_NEG_trNEGATIVE77701_10_7,0.6749829053878784
FRAG_NEG_trNEGATIVE32110_19_7,0.22683493793010712
FRAG_NEG_trNEGATIVE68906_1_7,0.43330302834510803
NEG_teNEGATIVE07492,0.02416621521115303
FRAG_NEG_trNEGATIVE77980_28_7,0.03189375624060631
FRAG_NEG_trNEGATIVE75594_30_7,0.013072649948298931
FRAG_NEG_trNEGATIVE38368_74_7,0.20283477008342743
FRAG_NEG_trNEGATIVE39346_4_7,0.6254006028175354
FRAG_NEG_trNEGATIVE54144_20_7,0.42029938101768494
FRAG_NEG_trNEGATIVE55593_44_7,0.09523901343345642
FRAG_NEG_trNEGATIVE63164_12_7,0.20087523758411407
FRAG_NEG_trNEGATIVE85788_10_7,0.024985630065202713
FRAG_NEG_trNEGATIVE41656_80_7,0.9173847436904907
FRAG_NEG_trNEGATIVE70479_12_7,0.2620421051979065
FRAG_NEG_trNEGATIVE61755_36_7,0.1982899159193039
FRAG_NEG_trNEGATIVE88698_36_7,0.15594039857387543
FRAG_NEG_trNEGATIVE94663_18_7,0.19209100306034088
FRAG_NEG_trNEGATIVE69390_30_7,0.3916960656642914
FRAG_NEG_trNEGATIVE88762_65_7,0.06757520139217377
FRAG_NEG_trNEGATIVE50788_41_7,0.10642269998788834
NEG_trNEGATIVE74692,0.07319767773151398
FRAG_NEG_trNEGATIVE44293_27_7,0.28047284483909607
FRAG_NEG_trNEGATIVE43717_42_7,0.6199555397033691
FRAG_NEG_trNEGATIVE75818_78_7,0.11548326909542084
FRAG_NEG_trNEGATIVE67480_35_7,0.23113170266151428
FRAG_NEG_trNEGATIVE57924_51_7,0.08515483140945435
FRAG_NEG_trNEGATIVE48369_58_7,0.28972628712654114
FRAG_NEG_trNEGATIVE82509_31_7,0.49915242195129395
FRAG_NEG_trNEGATIVE92980_55_7,0.6699930429458618
FRAG_NEG_trNEGATIVE36014_29_7,0.21338355541229248
FRAG_NEG_trNEGATIVE46070_82_7,0.016517944633960724
FRAG_NEG_trNEGATIVE78102_3_7,0.4590395987033844
FRAG_NEG_trNEGATIVE95644_6_7,0.7786116600036621
NEG_teNEGATIVE10824,0.06465847790241241
FRAG_NEG_trNEGATIVE73750_56_7,0.2769675552845001
FRAG_NEG_trNEGATIVE79002_12_7,0.2828388512134552
FRAG_NEG_trNEGATIVE46347_56_7,0.15706631541252136
FRAG_NEG_trNEGATIVE34681_9_7,0.04100986570119858
FRAG_NEG_trNEGATIVE76556_43_8,0.23361949622631073
FRAG_NEG_trNEGATIVE81808_38_8,0.146324023604393
FRAG_NEG_trNEGATIVE74785_34_8,0.0005882258410565555
FRAG_NEG_trNEGATIVE44861_29_8,0.03234203904867172
FRAG_NEG_trNEGATIVE88124_13_8,0.014854351989924908
NEG_trNEGATIVE87945,0.13104934990406036
FRAG_NEG_trNEGATIVE95615_52_8,0.8997876048088074
FRAG_NEG_trNEGATIVE71374_31_8,0.6686329245567322
FRAG_NEG_trNEGATIVE48428_45_8,0.19804175198078156
FRAG_NEG_trNEGATIVE93408_11_8,0.48641782999038696
FRAG_NEG_trNEGATIVE46005_32_8,0.6076012253761292
FRAG_NEG_trNEGATIVE55408_70_8,0.6787344813346863
NEG_teNEGATIVE02500,0.6400672793388367
NEG_teNEGATIVE11556,0.4293508529663086
FRAG_NEG_trNEGATIVE53165_15_8,0.7497998476028442
FRAG_NEG_trNEGATIVE60820_14_8,0.07840214669704437
FRAG_NEG_trNEGATIVE68025_46_8,0.056534308940172195
FRAG_NEG_trNEGATIVE84995_64_8,0.9154375195503235
FRAG_NEG_trNEGATIVE41236_68_8,0.0007872534915804863
FRAG_NEG_trNEGATIVE81415_4_8,0.0004121543897781521
FRAG_NEG_trNEGATIVE38069_49_8,0.6829408407211304
FRAG_NEG_trNEGATIVE49285_1_8,0.00030011561466380954
NEG_trNEGATIVE96243,0.005062644369900227
FRAG_NEG_trNEGATIVE84418_64_8,0.006987059023231268
FRAG_NEG_trNEGATIVE66179_69_8,0.5017750859260559
FRAG_NEG_trNEGATIVE42430_22_8,0.37626558542251587
FRAG_NEG_trNEGATIVE88946_8_8,0.6885089874267578
FRAG_NEG_trNEGATIVE41493_9_8,0.13168880343437195
FRAG_NEG_trNEGATIVE69738_63_8,0.02092468924820423
FRAG_NEG_trNEGATIVE92779_32_8,0.5093333125114441
FRAG_NEG_trNEGATIVE78009_7_8,0.28443172574043274
FRAG_NEG_trNEGATIVE37826_12_8,0.5934759378433228
FRAG_NEG_trNEGATIVE81515_40_8,0.2728734612464905
NEG_trNEGATIVE70692,0.04200143367052078
FRAG_NEG_trNEGATIVE59725_65_8,0.5116771459579468
FRAG_NEG_trNEGATIVE39346_19_8,0.004319398198276758
FRAG_NEG_trNEGATIVE44914_39_8,0.1418628990650177
FRAG_NEG_trNEGATIVE89125_40_8,0.17565608024597168
FRAG_NEG_trNEGATIVE84712_10_8,0.10028436034917831
NEG_teNEGATIVE12720,1.570397216710262e-07
FRAG_NEG_trNEGATIVE39877_24_8,0.4427386224269867
NEG_trNEGATIVE81474,0.019582057371735573
FRAG_NEG_trNEGATIVE29127_4_8,0.9932160377502441
NEG_trNEGATIVE91863,0.2130586802959442
FRAG_NEG_trNEGATIVE91027_31_8,0.5931820273399353
NEG_teNEGATIVE20270,0.3222977817058563
NEG_trNEGATIVE88593,9.907654020935297e-05
FRAG_NEG_trNEGATIVE93102_6_8,0.36763057112693787
NEG_teNEGATIVE18425,0.05305599421262741
FRAG_NEG_trNEGATIVE60312_56_8,0.003134611528366804
FRAG_NEG_trNEGATIVE83887_21_8,0.5216085314750671
FRAG_NEG_trNEGATIVE92304_22_8,0.7013345956802368
FRAG_NEG_trNEGATIVE54602_28_8,0.07453234493732452
FRAG_NEG_trNEGATIVE41515_19_8,0.01853175461292267
FRAG_NEG_trNEGATIVE92335_18_8,0.0038387738168239594
FRAG_NEG_trNEGATIVE78327_18_8,0.28651365637779236
NEG_trNEGATIVE93266,0.04326554387807846
FRAG_NEG_trNEGATIVE85088_22_8,0.022188451141119003
FRAG_NEG_trNEGATIVE74300_45_8,0.3388172686100006
FRAG_NEG_trNEGATIVE56009_37_8,0.18297643959522247
FRAG_NEG_trNEGATIVE32555_41_8,0.46338653564453125
FRAG_NEG_trNEGATIVE30708_73_8,0.016553718596696854
NEG_trNEGATIVE86980,0.017361924052238464
FRAG_NEG_trNEGATIVE69136_17_8,0.46266603469848633
FRAG_NEG_trNEGATIVE30330_3_8,0.013227464631199837
FRAG_NEG_trNEGATIVE39489_20_8,0.8645358085632324
FRAG_NEG_trNEGATIVE46025_23_8,0.04586857929825783
NEG_trNEGATIVE59968,0.508653461933136
FRAG_NEG_trNEGATIVE75839_87_8,0.005004949402064085
FRAG_NEG_trNEGATIVE40682_5_8,0.12668326497077942
FRAG_NEG_trNEGATIVE34252_5_8,0.3496018946170807
FRAG_NEG_trNEGATIVE33817_44_8,0.4702518880367279
FRAG_NEG_trNEGATIVE97530_59_8,0.0069554513320326805
FRAG_NEG_trNEGATIVE48830_22_8,0.03591946139931679
FRAG_NEG_trNEGATIVE49572_53_8,0.1259906142950058
FRAG_NEG_trNEGATIVE29383_1_8,0.8288196325302124
FRAG_NEG_trNEGATIVE40889_1_8,0.44843268394470215
NEG_trNEGATIVE77931,0.007193312980234623
FRAG_NEG_trNEGATIVE60097_63_8,0.017599206417798996
FRAG_NEG_trNEGATIVE75792_83_8,0.05583783984184265
FRAG_NEG_trNEGATIVE58726_20_8,0.20678584277629852
FRAG_NEG_trNEGATIVE53375_25_8,0.3629477918148041
FRAG_NEG_trNEGATIVE39288_43_8,0.8565040826797485
FRAG_NEG_trNEGATIVE82442_26_8,0.46486249566078186
FRAG_NEG_trNEGATIVE89818_33_8,0.1536782681941986
FRAG_NEG_trNEGATIVE82632_21_8,0.09152553975582123
FRAG_NEG_trNEGATIVE82367_34_8,0.16033807396888733
FRAG_NEG_trNEGATIVE43992_12_8,0.0048327138647437096
FRAG_NEG_trNEGATIVE80787_24_8,0.06584536284208298
FRAG_NEG_trNEGATIVE61405_39_8,0.8557538986206055
FRAG_NEG_trNEGATIVE47349_31_8,0.03413492813706398
FRAG_NEG_trNEGATIVE42506_14_8,0.5949149131774902
FRAG_NEG_trNEGATIVE78658_55_8,0.021876107901334763
FRAG_NEG_trNEGATIVE44857_26_8,0.14793100953102112
NEG_trNEGATIVE47865,0.0027709747664630413
FRAG_NEG_trNEGATIVE85381_18_8,0.04562658444046974
FRAG_NEG_trNEGATIVE51362_35_8,0.710620105266571
FRAG_NEG_trNEGATIVE39632_14_8,0.006378152407705784
FRAG_NEG_trNEGATIVE53926_31_8,0.04675678163766861
FRAG_NEG_trNEGATIVE86962_36_8,0.06163100525736809
FRAG_NEG_trNEGATIVE55956_13_8,0.08458809554576874
FRAG_NEG_trNEGATIVE48777_11_8,0.4543217122554779
FRAG_NEG_trNEGATIVE82075_19_8,0.08946317434310913
FRAG_NEG_trNEGATIVE92955_17_8,0.6617426872253418
FRAG_NEG_trNEGATIVE55038_18_8,0.10504518449306488
FRAG_NEG_trNEGATIVE57471_0_8,0.015155198983848095
FRAG_NEG_trNEGATIVE83608_58_8,0.19320785999298096
FRAG_NEG_trNEGATIVE45658_33_8,0.895428478717804
FRAG_NEG_trNEGATIVE55617_5_8,0.006644848734140396
FRAG_NEG_trNEGATIVE66355_54_8,0.1324276626110077
FRAG_NEG_trNEGATIVE32194_22_8,0.02686139941215515
FRAG_NEG_trNEGATIVE85395_20_8,0.15890851616859436
FRAG_NEG_trNEGATIVE27820_17_8,0.19909615814685822
FRAG_NEG_trNEGATIVE87812_3_8,0.06214795261621475
FRAG_NEG_trNEGATIVE35680_25_8,0.005126343108713627
FRAG_NEG_trNEGATIVE73663_8_8,0.003342697862535715
FRAG_NEG_trNEGATIVE65645_31_8,0.0008928473107516766
FRAG_NEG_trNEGATIVE80640_58_8,0.0002901105908676982
NEG_teNEGATIVE23883,0.41955336928367615
FRAG_NEG_trNEGATIVE63556_48_8,0.008290236815810204
FRAG_NEG_trNEGATIVE51892_40_8,0.7236414551734924
NEG_teNEGATIVE22521,0.05406247824430466
FRAG_NEG_trNEGATIVE81501_42_8,0.8079227209091187
FRAG_NEG_trNEGATIVE97143_62_8,0.0005170146469026804
FRAG_NEG_trNEGATIVE42872_62_8,0.05940737575292587
FRAG_NEG_trNEGATIVE47649_47_8,0.2739349901676178
FRAG_NEG_trNEGATIVE95322_69_8,0.24880430102348328
FRAG_NEG_trNEGATIVE39801_4_8,0.19060805439949036
FRAG_NEG_trNEGATIVE65942_16_8,0.8635106086730957
FRAG_NEG_trNEGATIVE85381_3_8,0.5438908338546753
FRAG_NEG_trNEGATIVE66876_7_8,0.4880217909812927
FRAG_NEG_trNEGATIVE68337_11_8,0.676521360874176
FRAG_NEG_trNEGATIVE89832_17_8,0.6894131898880005
NEG_trNEGATIVE44854,0.15904220938682556
FRAG_NEG_trNEGATIVE35400_5_8,0.6792771220207214
FRAG_NEG_trNEGATIVE38842_17_8,0.02990996278822422
FRAG_NEG_trNEGATIVE54224_41_8,0.992408275604248
FRAG_NEG_trNEGATIVE97386_50_8,0.08813010156154633
FRAG_NEG_trNEGATIVE57629_13_8,0.6253241896629333
FRAG_NEG_trNEGATIVE68028_44_8,0.012984022498130798
FRAG_NEG_trNEGATIVE41723_45_8,0.7944259643554688
NEG_trNEGATIVE56371,0.07266253232955933
FRAG_NEG_trNEGATIVE43149_76_8,0.1019664779305458
FRAG_NEG_trNEGATIVE41707_35_8,0.07951755821704865
FRAG_NEG_trNEGATIVE54011_30_8,0.018864938989281654
NEG_trNEGATIVE72481,0.053060393780469894
FRAG_NEG_trNEGATIVE67402_25_8,0.32276949286460876
FRAG_NEG_trNEGATIVE77271_62_8,0.8626976013183594
FRAG_NEG_trNEGATIVE63078_27_8,0.18726694583892822
FRAG_NEG_trNEGATIVE37824_22_8,0.5563222169876099
FRAG_NEG_trNEGATIVE67587_52_8,0.7481998205184937
FRAG_NEG_trNEGATIVE71329_30_8,0.6466907262802124
FRAG_NEG_trNEGATIVE44480_12_8,0.7550674676895142
FRAG_NEG_trNEGATIVE28350_41_8,0.35191380977630615
FRAG_NEG_trNEGATIVE90804_8_8,0.07173006236553192
FRAG_NEG_trNEGATIVE82944_55_8,0.014741177670657635
NEG_trNEGATIVE34956,0.00036968503263778985
FRAG_NEG_trNEGATIVE42257_25_8,8.670126590004656e-06
FRAG_NEG_trNEGATIVE73006_28_8,0.9939015507698059
FRAG_NEG_trNEGATIVE30454_21_8,0.06107486039400101
FRAG_NEG_trNEGATIVE38692_33_8,0.13270290195941925
FRAG_NEG_trNEGATIVE36239_24_8,0.1596398651599884
FRAG_NEG_trNEGATIVE91471_32_8,0.6246130466461182
FRAG_NEG_trNEGATIVE84087_36_8,0.19814345240592957
FRAG_NEG_trNEGATIVE96554_48_8,0.03324563056230545
FRAG_NEG_trNEGATIVE54945_42_8,0.5725771188735962
FRAG_NEG_trNEGATIVE46929_12_8,0.7186038494110107
FRAG_NEG_trNEGATIVE85004_52_8,0.07703574001789093
FRAG_NEG_trNEGATIVE31266_58_8,0.001717327511869371
FRAG_NEG_trNEGATIVE81281_8_8,0.011720534414052963
FRAG_NEG_trNEGATIVE68276_28_8,0.7656952142715454
FRAG_NEG_trNEGATIVE31438_42_8,0.07517945766448975
FRAG_NEG_trNEGATIVE37175_52_8,0.387003093957901
FRAG_NEG_trNEGATIVE70799_35_8,0.00528328213840723
FRAG_NEG_trNEGATIVE63823_18_8,0.32878953218460083
NEG_teNEGATIVE15840,0.2307957112789154
FRAG_NEG_trNEGATIVE32156_35_8,0.06269750744104385
FRAG_NEG_trNEGATIVE51984_32_8,0.13245728611946106
FRAG_NEG_trNEGATIVE40700_31_8,0.2258085012435913
FRAG_NEG_trNEGATIVE47972_3_8,0.0028812293894588947
FRAG_NEG_trNEGATIVE39678_22_8,0.023270603269338608
FRAG_NEG_trNEGATIVE45838_31_8,0.10212568938732147
FRAG_NEG_trNEGATIVE66666_16_8,0.0019466523081064224
FRAG_NEG_trNEGATIVE40716_20_8,0.03338208422064781
FRAG_NEG_trNEGATIVE61277_47_8,2.025942740147002e-05
FRAG_NEG_trNEGATIVE56379_26_8,0.24053101241588593
FRAG_NEG_trNEGATIVE55812_23_8,0.1079145297408104
FRAG_NEG_trNEGATIVE92782_45_8,0.0024716889020055532
NEG_teNEGATIVE08403,0.02606339193880558
FRAG_NEG_trNEGATIVE94606_39_8,0.23562566936016083
FRAG_NEG_trNEGATIVE32302_69_8,0.7310082912445068
FRAG_NEG_trNEGATIVE79002_18_8,0.18001790344715118
FRAG_NEG_trNEGATIVE77826_0_8,3.839266810246045e-06
FRAG_NEG_trNEGATIVE80523_63_8,0.5173735618591309
FRAG_NEG_trNEGATIVE53868_54_8,0.011116120032966137
FRAG_NEG_trNEGATIVE92875_66_8,4.3678337533492595e-06
FRAG_NEG_trNEGATIVE50959_19_8,0.38495540618896484
FRAG_NEG_trNEGATIVE63175_4_8,0.20594510436058044
FRAG_NEG_trNEGATIVE96062_72_8,0.012653599493205547
FRAG_NEG_trNEGATIVE75990_82_8,0.46531763672828674
NEG_trNEGATIVE87307,0.255780965089798
FRAG_NEG_trNEGATIVE59955_50_8,0.06171592324972153
FRAG_NEG_trNEGATIVE86962_10_8,0.4206622242927551
FRAG_NEG_trNEGATIVE58405_25_8,0.14357693493366241
FRAG_NEG_trNEGATIVE94063_4_8,0.31723862886428833
FRAG_NEG_trNEGATIVE75528_74_8,0.17846281826496124
FRAG_NEG_trNEGATIVE48949_85_8,0.8667445182800293
FRAG_NEG_trNEGATIVE56621_42_8,0.16135913133621216
FRAG_NEG_trNEGATIVE63556_40_8,0.5682990550994873
FRAG_NEG_trNEGATIVE43406_62_8,0.9943923950195312
FRAG_NEG_trNEGATIVE81117_14_8,0.44124698638916016
NEG_trNEGATIVE44866,0.015228110365569592
FRAG_NEG_trNEGATIVE67331_11_8,0.00603574700653553
FRAG_NEG_trNEGATIVE85680_27_8,0.527624785900116
FRAG_NEG_trNEGATIVE38183_49_8,0.12995097041130066
FRAG_NEG_trNEGATIVE74570_27_8,0.20687368512153625
FRAG_NEG_trNEGATIVE33801_72_8,0.005436229519546032
NEG_trNEGATIVE28115,0.079471156001091
FRAG_NEG_trNEGATIVE53259_5_8,0.10478756576776505
FRAG_NEG_trNEGATIVE75359_11_8,0.3920138478279114
NEG_trNEGATIVE101675,0.08977876603603363
FRAG_NEG_trNEGATIVE44035_1_8,0.4001670777797699
FRAG_NEG_trNEGATIVE51647_6_8,0.7779079675674438
FRAG_NEG_trNEGATIVE37733_3_8,0.0022553056478500366
FRAG_NEG_trNEGATIVE82520_13_8,0.2642158567905426
FRAG_NEG_trNEGATIVE57102_37_8,0.3545028865337372
FRAG_NEG_trNEGATIVE96940_42_8,0.9238549470901489
FRAG_NEG_trNEGATIVE77461_76_8,0.7866023778915405
NEG_trNEGATIVE43884,0.8626960515975952
FRAG_NEG_trNEGATIVE72621_76_8,0.7257252335548401
FRAG_NEG_trNEGATIVE44715_72_8,0.12589308619499207
FRAG_NEG_trNEGATIVE92972_80_8,0.47470468282699585
FRAG_NEG_trNEGATIVE61913_31_8,0.006014693062752485
FRAG_NEG_trNEGATIVE95540_26_8,0.30997195839881897
FRAG_NEG_trNEGATIVE83517_64_8,0.002482085023075342
FRAG_NEG_trNEGATIVE54686_22_8,0.45672282576560974
FRAG_NEG_trNEGATIVE96823_29_8,0.9989139437675476
FRAG_NEG_trNEGATIVE39513_3_8,0.4320697784423828
FRAG_NEG_trNEGATIVE60622_27_8,0.311253160238266
NEG_trNEGATIVE46795,8.374816388823092e-05
NEG_trNEGATIVE34442,0.030390029773116112
FRAG_NEG_trNEGATIVE96171_44_8,0.026830613613128662
FRAG_NEG_trNEGATIVE54097_69_8,0.6089485883712769
FRAG_NEG_trNEGATIVE95757_56_8,0.28742092847824097
FRAG_NEG_trNEGATIVE27554_83_8,0.0004498976340983063
NEG_trNEGATIVE82972,0.4668499529361725
FRAG_NEG_trNEGATIVE66559_20_8,0.2072368860244751
FRAG_NEG_trNEGATIVE45398_64_8,0.004765205085277557
FRAG_NEG_trNEGATIVE38660_12_8,0.329753041267395
FRAG_NEG_trNEGATIVE76068_80_8,0.5605270266532898
FRAG_NEG_trNEGATIVE93241_42_8,0.000998586299829185
FRAG_NEG_trNEGATIVE97129_20_8,0.007381032221019268
FRAG_NEG_trNEGATIVE69548_23_8,0.8031060099601746
FRAG_NEG_trNEGATIVE51362_54_8,0.5053384304046631
FRAG_NEG_trNEGATIVE94275_44_8,0.5225709676742554
FRAG_NEG_trNEGATIVE29042_9_8,0.7937706112861633
FRAG_NEG_trNEGATIVE40882_54_8,0.015592828392982483
FRAG_NEG_trNEGATIVE39276_45_8,0.6566064357757568
FRAG_NEG_trNEGATIVE65903_37_8,0.2648930549621582
FRAG_NEG_trNEGATIVE64007_39_8,0.8191641569137573
FRAG_NEG_trNEGATIVE73022_11_8,0.010309430770576
FRAG_NEG_trNEGATIVE29498_7_8,0.9958850741386414
FRAG_NEG_trNEGATIVE91441_34_8,0.06306192278862
FRAG_NEG_trNEGATIVE64796_44_8,0.3992161750793457
FRAG_NEG_trNEGATIVE81261_6_8,0.26988670229911804
FRAG_NEG_trNEGATIVE42080_54_8,0.4811178147792816
FRAG_NEG_trNEGATIVE90895_8_8,0.792441189289093
FRAG_NEG_trNEGATIVE69167_28_8,0.18991850316524506
NEG_trNEGATIVE78250,0.021327758207917213
FRAG_NEG_trNEGATIVE81470_13_8,0.09408199042081833
FRAG_NEG_trNEGATIVE82899_9_8,0.35763752460479736
FRAG_NEG_trNEGATIVE59493_8_8,0.20252954959869385
FRAG_NEG_trNEGATIVE82075_0_8,0.04504445567727089
FRAG_NEG_trNEGATIVE70042_20_8,0.6600584983825684
FRAG_NEG_trNEGATIVE63605_57_8,0.0008081441628746688
NEG_trNEGATIVE45434,0.003286694409325719
FRAG_NEG_trNEGATIVE65942_4_8,0.09065266698598862
FRAG_NEG_trNEGATIVE44291_5_8,0.014583615586161613
FRAG_NEG_trNEGATIVE82520_33_8,0.002591419732198119
FRAG_NEG_trNEGATIVE59359_43_8,0.5136510133743286
FRAG_NEG_trNEGATIVE94399_34_8,0.23275971412658691
FRAG_NEG_trNEGATIVE87512_9_8,0.006527561694383621
FRAG_NEG_trNEGATIVE90106_32_8,0.42638587951660156
FRAG_NEG_trNEGATIVE90317_10_8,0.023231850937008858
FRAG_NEG_trNEGATIVE65441_1_8,0.30284127593040466
FRAG_NEG_trNEGATIVE92637_46_8,0.0016458379104733467
FRAG_NEG_trNEGATIVE97493_23_8,0.8582428097724915
NEG_trNEGATIVE72941,0.04675755277276039
FRAG_NEG_trNEGATIVE54295_24_8,0.0003100699104834348
FRAG_NEG_trNEGATIVE30957_8_8,0.005885522346943617
FRAG_NEG_trNEGATIVE63373_20_8,0.04165119677782059
FRAG_NEG_trNEGATIVE34514_5_8,0.3669598400592804
FRAG_NEG_trNEGATIVE95163_31_8,0.017243506386876106
FRAG_NEG_trNEGATIVE51908_30_8,0.004419065546244383
FRAG_NEG_trNEGATIVE52026_21_8,0.0822991207242012
FRAG_NEG_trNEGATIVE63997_56_8,0.00021759879018645734
FRAG_NEG_trNEGATIVE41051_57_8,0.4076444208621979
FRAG_NEG_trNEGATIVE76530_55_8,0.11292172968387604
FRAG_NEG_trNEGATIVE59377_68_8,0.2574893832206726
FRAG_NEG_trNEGATIVE31011_80_8,0.025118965655565262
FRAG_NEG_trNEGATIVE28791_86_8,0.02188042365014553
FRAG_NEG_trNEGATIVE41659_20_8,0.3614915907382965
FRAG_NEG_trNEGATIVE74370_22_8,0.8980749845504761
FRAG_NEG_trNEGATIVE76510_41_8,0.006301975343376398
FRAG_NEG_trNEGATIVE94613_4_8,0.1188858151435852
FRAG_NEG_trNEGATIVE63176_2_8,0.6781576871871948
FRAG_NEG_trNEGATIVE30870_34_8,0.03600594028830528
FRAG_NEG_trNEGATIVE68890_37_8,0.00045115561806596816
FRAG_NEG_trNEGATIVE41584_37_8,0.2091129720211029
FRAG_NEG_trNEGATIVE29433_58_8,0.932449221611023
FRAG_NEG_trNEGATIVE28195_33_8,0.20622999966144562
FRAG_NEG_trNEGATIVE94658_22_8,0.4899745583534241
FRAG_NEG_trNEGATIVE31373_7_8,0.14044897258281708
FRAG_NEG_trNEGATIVE50542_17_8,0.7104058265686035
FRAG_NEG_trNEGATIVE88024_60_8,0.9340022206306458
FRAG_NEG_trNEGATIVE85675_27_8,0.06552080810070038
FRAG_NEG_trNEGATIVE38212_54_8,0.06886285543441772
FRAG_NEG_trNEGATIVE86831_48_8,0.4237244129180908
FRAG_NEG_trNEGATIVE55956_26_8,0.8969553709030151
FRAG_NEG_trNEGATIVE43677_86_8,0.9211027026176453
FRAG_NEG_trNEGATIVE93586_38_8,0.8022805452346802
FRAG_NEG_trNEGATIVE37987_68_8,0.1983930915594101
FRAG_NEG_trNEGATIVE68157_55_8,0.06021121144294739
FRAG_NEG_trNEGATIVE67587_27_8,0.02481716498732567
NEG_trNEGATIVE61863,0.12970039248466492
FRAG_NEG_trNEGATIVE81119_37_8,0.74996417760849
FRAG_NEG_trNEGATIVE30284_67_8,0.385519802570343
FRAG_NEG_trNEGATIVE34230_61_8,0.1465667337179184
FRAG_NEG_trNEGATIVE61201_20_8,0.2762853801250458
FRAG_NEG_trNEGATIVE27986_8_8,0.524025559425354
FRAG_NEG_trNEGATIVE74791_81_8,1.128031999542145e-05
FRAG_NEG_trNEGATIVE82842_9_8,0.3399408161640167
FRAG_NEG_trNEGATIVE56020_19_8,0.10105152428150177
FRAG_NEG_trNEGATIVE29352_8_8,0.05978766828775406
FRAG_NEG_trNEGATIVE76896_15_8,0.061864204704761505
FRAG_NEG_trNEGATIVE34839_33_8,0.9767588376998901
FRAG_NEG_trNEGATIVE68260_36_8,0.0033434159122407436
FRAG_NEG_trNEGATIVE85162_32_8,0.20706501603126526
FRAG_NEG_trNEGATIVE79164_10_8,0.008072560653090477
FRAG_NEG_trNEGATIVE77582_16_8,0.38170385360717773
FRAG_NEG_trNEGATIVE28742_12_8,0.6635811924934387
FRAG_NEG_trNEGATIVE43021_21_8,0.7842159271240234
NEG_trNEGATIVE59238,0.0060220700688660145
FRAG_NEG_trNEGATIVE66536_47_8,0.14651264250278473
FRAG_NEG_trNEGATIVE86093_64_8,0.4324423372745514
FRAG_NEG_trNEGATIVE75889_13_8,0.6499786972999573
FRAG_NEG_trNEGATIVE66428_8_8,0.5821678042411804
FRAG_NEG_trNEGATIVE60492_44_8,0.5669384002685547
FRAG_NEG_trNEGATIVE29433_60_8,0.0028963969089090824
FRAG_NEG_trNEGATIVE34066_45_8,0.04776327684521675
FRAG_NEG_trNEGATIVE52034_49_8,0.00648835301399231
FRAG_NEG_trNEGATIVE66008_61_8,0.48199790716171265
FRAG_NEG_trNEGATIVE66906_6_8,0.9895530939102173
FRAG_NEG_trNEGATIVE95251_20_8,0.03889768198132515
FRAG_NEG_trNEGATIVE50749_88_8,0.08701466023921967
FRAG_NEG_trNEGATIVE34845_30_8,0.0017229387303814292
FRAG_NEG_trNEGATIVE78051_3_8,0.00437679048627615
FRAG_NEG_trNEGATIVE61194_40_8,0.5237573385238647
FRAG_NEG_trNEGATIVE72708_30_8,0.021415915340185165
FRAG_NEG_trNEGATIVE62766_45_8,1.224353063378203e-08
FRAG_NEG_trNEGATIVE63475_24_8,0.5597186088562012
FRAG_NEG_trNEGATIVE44810_47_8,0.4942479133605957
FRAG_NEG_trNEGATIVE61801_73_8,0.9308686256408691
FRAG_NEG_trNEGATIVE52307_11_8,0.6592227220535278
FRAG_NEG_trNEGATIVE67353_57_8,0.010992195457220078
FRAG_NEG_trNEGATIVE71991_30_8,0.550493061542511
FRAG_NEG_trNEGATIVE86436_81_8,0.005860181525349617
FRAG_NEG_trNEGATIVE91108_46_8,0.39844563603401184
FRAG_NEG_trNEGATIVE62419_30_8,0.014744873158633709
FRAG_NEG_trNEGATIVE86408_72_8,0.045867446810007095
FRAG_NEG_trNEGATIVE95142_64_8,0.3488108217716217
FRAG_NEG_trNEGATIVE59139_42_8,0.14006242156028748
FRAG_NEG_trNEGATIVE40120_85_8,0.3413458466529846
FRAG_NEG_trNEGATIVE87744_26_8,0.010963931679725647
FRAG_NEG_trNEGATIVE86021_10_8,0.014285147190093994
FRAG_NEG_trNEGATIVE28428_76_8,0.0057501099072396755
FRAG_NEG_trNEGATIVE81708_55_8,0.4643348753452301
FRAG_NEG_trNEGATIVE94275_15_8,0.7180713415145874
FRAG_NEG_trNEGATIVE90256_68_8,0.05205143243074417
FRAG_NEG_trNEGATIVE72963_63_8,0.06251262128353119
FRAG_NEG_trNEGATIVE83963_50_8,0.10294946283102036
FRAG_NEG_trNEGATIVE41590_12_8,0.10009054094552994
FRAG_NEG_trNEGATIVE97242_16_8,0.42956972122192383
FRAG_NEG_trNEGATIVE97487_41_8,0.03572628274559975
FRAG_NEG_trNEGATIVE46101_5_8,0.000373253773432225
FRAG_NEG_trNEGATIVE27714_29_8,0.7879008650779724
FRAG_NEG_trNEGATIVE38660_31_8,0.5162138342857361
FRAG_NEG_trNEGATIVE80037_55_8,0.6441836953163147
FRAG_NEG_trNEGATIVE88717_51_8,0.3330480456352234
FRAG_NEG_trNEGATIVE89913_0_8,0.2437654435634613
FRAG_NEG_trNEGATIVE83702_3_8,0.007919957861304283
FRAG_NEG_trNEGATIVE45625_83_8,0.6969703435897827
FRAG_NEG_trNEGATIVE69135_41_8,0.9174806475639343
FRAG_NEG_trNEGATIVE61615_59_8,0.2196820229291916
FRAG_NEG_trNEGATIVE71401_24_8,0.012139354832470417
NEG_teNEGATIVE21489,0.00895681045949459
FRAG_NEG_trNEGATIVE59374_14_8,0.9819964170455933
FRAG_NEG_trNEGATIVE76944_39_8,0.6292753219604492
NEG_trNEGATIVE38847,0.00015929146320559084
FRAG_NEG_trNEGATIVE71033_38_8,0.41945162415504456
NEG_trNEGATIVE68469,0.4865972101688385
FRAG_NEG_trNEGATIVE82781_42_8,0.011507083661854267
FRAG_NEG_trNEGATIVE52191_11_8,1.1041745892725885e-05
NEG_trNEGATIVE70188,0.6196185350418091
FRAG_NEG_trNEGATIVE42015_55_8,0.714259147644043
FRAG_NEG_trNEGATIVE51955_17_8,0.6857870221138
NEG_trNEGATIVE30487,0.37087878584861755
FRAG_NEG_trNEGATIVE28742_27_8,0.12727972865104675
FRAG_NEG_trNEGATIVE53400_77_8,0.04107961803674698
FRAG_NEG_trNEGATIVE62349_50_8,0.21800918877124786
FRAG_NEG_trNEGATIVE48303_50_8,0.4452482759952545
FRAG_NEG_trNEGATIVE36538_0_8,5.1897619414376095e-05
FRAG_NEG_trNEGATIVE89029_0_8,0.001452065771445632
FRAG_NEG_trNEGATIVE38776_56_8,0.5526107549667358
NEG_trNEGATIVE51710,0.23627038300037384
FRAG_NEG_trNEGATIVE66239_11_8,0.5489518046379089
FRAG_NEG_trNEGATIVE50330_12_8,0.0752258151769638
FRAG_NEG_trNEGATIVE71369_57_8,0.0428108386695385
FRAG_NEG_trNEGATIVE30871_53_8,0.4075945317745209
FRAG_NEG_trNEGATIVE40586_67_8,0.5386263728141785
FRAG_NEG_trNEGATIVE76556_71_8,0.02287217602133751
FRAG_NEG_trNEGATIVE33846_73_8,0.004223302472382784
FRAG_NEG_trNEGATIVE67566_6_8,0.15064512193202972
NEG_trNEGATIVE28112,0.019711637869477272
FRAG_NEG_trNEGATIVE89623_60_8,0.26143285632133484
FRAG_NEG_trNEGATIVE50208_67_8,0.15725430846214294
FRAG_NEG_trNEGATIVE29006_74_8,0.1293155550956726
FRAG_NEG_trNEGATIVE51253_39_8,0.09895063191652298
FRAG_NEG_trNEGATIVE65566_65_8,0.19214455783367157
FRAG_NEG_trNEGATIVE93640_51_8,0.07266900688409805
FRAG_NEG_trNEGATIVE48652_32_8,0.8560653924942017
FRAG_NEG_trNEGATIVE77575_34_8,0.2957053780555725
FRAG_NEG_trNEGATIVE78668_43_8,0.13168253004550934
FRAG_NEG_trNEGATIVE88628_41_8,0.00888548232614994
FRAG_NEG_trNEGATIVE67798_11_8,2.899271223100186e-08
FRAG_NEG_trNEGATIVE97040_44_8,0.17387524247169495
FRAG_NEG_trNEGATIVE34911_38_8,0.2872135043144226
FRAG_NEG_trNEGATIVE62907_31_8,0.5566108226776123
FRAG_NEG_trNEGATIVE66485_19_8,0.3595619797706604
FRAG_NEG_trNEGATIVE96827_13_8,0.6717380285263062
FRAG_NEG_trNEGATIVE69210_51_8,0.004510574042797089
FRAG_NEG_trNEGATIVE57990_49_8,0.36892277002334595
FRAG_NEG_trNEGATIVE78093_6_8,0.5675451159477234
FRAG_NEG_trNEGATIVE43763_29_8,0.4267210066318512
FRAG_NEG_trNEGATIVE73260_9_8,0.018541891127824783
NEG_trNEGATIVE100546,0.37052977085113525
FRAG_NEG_trNEGATIVE51468_90_8,0.031653858721256256
FRAG_NEG_trNEGATIVE92356_2_8,0.5895522236824036
FRAG_NEG_trNEGATIVE63753_10_8,0.6639020442962646
FRAG_NEG_trNEGATIVE91956_48_8,0.0042489138431847095
FRAG_NEG_trNEGATIVE28814_52_8,0.18502311408519745
NEG_trNEGATIVE58731,0.0024765327107161283
FRAG_NEG_trNEGATIVE63204_44_8,0.4102182984352112
FRAG_NEG_trNEGATIVE70917_31_8,0.0817481130361557
FRAG_NEG_trNEGATIVE49185_39_8,0.36552563309669495
FRAG_NEG_trNEGATIVE85841_19_8,0.06126958131790161
NEG_trNEGATIVE76318,0.4159349501132965
FRAG_NEG_trNEGATIVE86287_26_8,0.5177250504493713
FRAG_NEG_trNEGATIVE70176_7_8,0.1168314591050148
FRAG_NEG_trNEGATIVE28574_88_8,0.013410734944045544
FRAG_NEG_trNEGATIVE48957_46_8,0.13659515976905823
FRAG_NEG_trNEGATIVE39352_26_8,0.06791724264621735
FRAG_NEG_trNEGATIVE77537_32_8,0.163309246301651
FRAG_NEG_trNEGATIVE47149_10_8,0.8152620196342468
FRAG_NEG_trNEGATIVE33805_32_8,0.825804591178894
FRAG_NEG_trNEGATIVE84285_33_8,0.08812190592288971
FRAG_NEG_trNEGATIVE76071_29_8,0.002667434746399522
FRAG_NEG_trNEGATIVE46606_19_9,6.95291455485858e-05
FRAG_NEG_trNEGATIVE88661_57_9,0.0003252691531088203
FRAG_NEG_trNEGATIVE67337_36_9,0.26539063453674316
FRAG_NEG_trNEGATIVE87777_23_9,0.35105252265930176
FRAG_NEG_trNEGATIVE79605_54_9,0.038653500378131866
FRAG_NEG_trNEGATIVE58051_8_9,0.00301230326294899
FRAG_NEG_trNEGATIVE94625_56_9,0.21473105251789093
FRAG_NEG_trNEGATIVE88539_14_9,0.22568437457084656
NEG_trNEGATIVE63884,0.006227778270840645
FRAG_NEG_trNEGATIVE78432_37_9,0.11589193344116211
FRAG_NEG_trNEGATIVE40482_10_9,0.17292644083499908
FRAG_NEG_trNEGATIVE90980_75_9,0.20076744258403778
FRAG_NEG_trNEGATIVE92602_19_9,0.004188502207398415
NEG_teNEGATIVE22425,0.05296819284558296
FRAG_NEG_trNEGATIVE66234_21_9,0.7797964811325073
FRAG_NEG_trNEGATIVE94996_56_9,0.5723996758460999
FRAG_NEG_trNEGATIVE33275_67_9,0.4327121376991272
FRAG_NEG_trNEGATIVE66768_45_9,0.0003740534302778542
FRAG_NEG_trNEGATIVE35918_6_9,0.83062744140625
FRAG_NEG_trNEGATIVE77603_71_9,0.0015162446070462465
FRAG_NEG_trNEGATIVE35499_35_9,0.01393197476863861
FRAG_NEG_trNEGATIVE46370_6_9,0.00534549355506897
FRAG_NEG_trNEGATIVE43206_36_9,0.28794488310813904
FRAG_NEG_trNEGATIVE83372_21_9,0.1561417281627655
FRAG_NEG_trNEGATIVE44218_39_9,0.3176840841770172
FRAG_NEG_trNEGATIVE69394_62_9,0.1307951807975769
FRAG_NEG_trNEGATIVE67998_67_9,0.01239899080246687
FRAG_NEG_trNEGATIVE48152_52_9,0.023604515939950943
FRAG_NEG_trNEGATIVE34646_80_9,0.28019267320632935
FRAG_NEG_trNEGATIVE52961_59_9,0.03312920033931732
FRAG_NEG_trNEGATIVE64122_4_9,0.03602778911590576
FRAG_NEG_trNEGATIVE96180_50_9,0.2921864092350006
FRAG_NEG_trNEGATIVE76846_29_9,0.8685371279716492
FRAG_NEG_trNEGATIVE38708_29_9,0.004871531389653683
NEG_trNEGATIVE32860,0.2864319682121277
NEG_trNEGATIVE97857,0.0019581473898142576
FRAG_NEG_trNEGATIVE54710_7_9,0.013083415105938911
FRAG_NEG_trNEGATIVE75698_12_9,0.001630445709452033
FRAG_NEG_trNEGATIVE37880_39_9,0.10401208698749542
FRAG_NEG_trNEGATIVE40158_27_9,0.0030311723239719868
FRAG_NEG_trNEGATIVE53963_5_9,0.9555602073669434
FRAG_NEG_trNEGATIVE81147_38_9,0.8125831484794617
FRAG_NEG_trNEGATIVE88491_19_9,0.007880939170718193
FRAG_NEG_trNEGATIVE28814_13_9,0.11701550334692001
FRAG_NEG_trNEGATIVE68895_41_9,0.7756218910217285
FRAG_NEG_trNEGATIVE46296_46_9,0.4488133490085602
FRAG_NEG_trNEGATIVE37599_42_9,0.1316235363483429
FRAG_NEG_trNEGATIVE30912_51_9,0.014294801279902458
FRAG_NEG_trNEGATIVE83093_56_9,0.06068903207778931
FRAG_NEG_trNEGATIVE94813_27_9,0.6624190211296082
FRAG_NEG_trNEGATIVE94304_71_9,0.05560389906167984
FRAG_NEG_trNEGATIVE54909_53_9,0.07770504057407379
FRAG_NEG_trNEGATIVE77520_82_9,0.025050833821296692
FRAG_NEG_trNEGATIVE61267_57_9,0.6629983186721802
FRAG_NEG_trNEGATIVE70793_66_9,0.6165508031845093
FRAG_NEG_trNEGATIVE73217_11_9,0.9944324493408203
FRAG_NEG_trNEGATIVE94174_36_9,0.05586709454655647
FRAG_NEG_trNEGATIVE58580_9_9,0.6380726099014282
FRAG_NEG_trNEGATIVE83875_14_9,0.5702501535415649
FRAG_NEG_trNEGATIVE80956_10_9,0.25333985686302185
FRAG_NEG_trNEGATIVE80620_34_9,0.39098960161209106
FRAG_NEG_trNEGATIVE60097_33_9,0.21880801022052765
FRAG_NEG_trNEGATIVE93604_38_9,0.056895606219768524
FRAG_NEG_trNEGATIVE49049_12_9,0.045331038534641266
NEG_trNEGATIVE99994,0.37978771328926086
FRAG_NEG_trNEGATIVE93132_53_9,0.12790720164775848
NEG_trNEGATIVE46159,0.6244701147079468
NEG_teNEGATIVE13285,0.0112348273396492
FRAG_NEG_trNEGATIVE66120_3_9,0.195884570479393
FRAG_NEG_trNEGATIVE32565_0_9,0.0018187332898378372
FRAG_NEG_trNEGATIVE69389_25_9,0.11495421081781387
NEG_trNEGATIVE89709,0.00012029398931190372
FRAG_NEG_trNEGATIVE56621_56_9,0.008527187630534172
FRAG_NEG_trNEGATIVE28181_16_9,0.3637068271636963
FRAG_NEG_trNEGATIVE55137_52_9,0.11026124656200409
FRAG_NEG_trNEGATIVE70446_66_9,0.6310895681381226
FRAG_NEG_trNEGATIVE90222_20_9,0.029497209936380386
FRAG_NEG_trNEGATIVE35188_8_9,0.11947272717952728
FRAG_NEG_trNEGATIVE77582_72_9,0.015108346939086914
FRAG_NEG_trNEGATIVE45623_48_9,0.5955830216407776
FRAG_NEG_trNEGATIVE66593_28_9,0.011219389736652374
FRAG_NEG_trNEGATIVE32258_62_9,0.16475701332092285
FRAG_NEG_trNEGATIVE55604_61_9,0.3988712728023529
FRAG_NEG_trNEGATIVE43358_12_9,0.25653448700904846
FRAG_NEG_trNEGATIVE47409_49_9,0.14301243424415588
FRAG_NEG_trNEGATIVE93505_0_9,0.00289117731153965
FRAG_NEG_trNEGATIVE80517_8_9,0.9985505938529968
FRAG_NEG_trNEGATIVE38493_49_9,0.1586340218782425
FRAG_NEG_trNEGATIVE37528_6_9,0.0002965384046547115
FRAG_NEG_trNEGATIVE78235_47_9,0.03849748149514198
FRAG_NEG_trNEGATIVE72705_85_9,0.030827295035123825
FRAG_NEG_trNEGATIVE38038_36_9,0.6060549020767212
FRAG_NEG_trNEGATIVE40451_80_9,0.03642655536532402
FRAG_NEG_trNEGATIVE66876_25_9,0.18304798007011414
NEG_trNEGATIVE39421,0.061846621334552765
FRAG_NEG_trNEGATIVE67839_40_9,0.9510612487792969
FRAG_NEG_trNEGATIVE71425_68_9,0.13990147411823273
FRAG_NEG_trNEGATIVE28561_24_9,0.9268671274185181
FRAG_NEG_trNEGATIVE74080_54_9,0.17437097430229187
FRAG_NEG_trNEGATIVE92633_62_9,0.0019677490927278996
FRAG_NEG_trNEGATIVE47137_12_9,0.011593390256166458
FRAG_NEG_trNEGATIVE68744_45_9,0.0001935676409630105
FRAG_NEG_trNEGATIVE64901_41_9,0.0035384949296712875
NEG_trNEGATIVE51541,1.7581154679646716e-05
NEG_teNEGATIVE22906,0.886822521686554
FRAG_NEG_trNEGATIVE60716_32_9,0.03692794591188431
FRAG_NEG_trNEGATIVE84102_2_9,0.02486756071448326
FRAG_NEG_trNEGATIVE48575_77_9,0.4040936529636383
FRAG_NEG_trNEGATIVE30674_33_9,0.00012776153744198382
FRAG_NEG_trNEGATIVE68016_25_9,0.01257953979074955
FRAG_NEG_trNEGATIVE32537_88_9,0.026555869728326797
FRAG_NEG_trNEGATIVE31363_59_9,0.03384039178490639
FRAG_NEG_trNEGATIVE60757_17_9,0.4087117612361908
FRAG_NEG_trNEGATIVE49538_36_9,0.542504608631134
FRAG_NEG_trNEGATIVE80746_37_9,0.13925409317016602
FRAG_NEG_trNEGATIVE79273_1_9,0.0020279192831367254
FRAG_NEG_trNEGATIVE66944_18_9,0.35771435499191284
FRAG_NEG_trNEGATIVE38934_39_9,0.11953997611999512
FRAG_NEG_trNEGATIVE35076_69_9,0.010260604321956635
FRAG_NEG_trNEGATIVE70777_84_9,7.294104580068961e-05
FRAG_NEG_trNEGATIVE60950_24_9,0.627530574798584
FRAG_NEG_trNEGATIVE62346_19_9,0.2590785622596741
FRAG_NEG_trNEGATIVE53667_11_9,0.08599990606307983
FRAG_NEG_trNEGATIVE76759_33_9,0.0006148054962977767
FRAG_NEG_trNEGATIVE88199_44_9,0.0868760421872139
FRAG_NEG_trNEGATIVE47140_26_9,0.08892909437417984
FRAG_NEG_trNEGATIVE91471_23_9,0.016389740630984306
FRAG_NEG_trNEGATIVE73886_40_9,0.31175875663757324
FRAG_NEG_trNEGATIVE94232_82_9,0.499408096075058
FRAG_NEG_trNEGATIVE31221_3_9,0.5405348539352417
FRAG_NEG_trNEGATIVE94364_17_9,0.0041583990678191185
FRAG_NEG_trNEGATIVE85108_17_9,0.07284771651029587
FRAG_NEG_trNEGATIVE29991_63_9,0.17187155783176422
FRAG_NEG_trNEGATIVE79714_22_9,0.25688982009887695
FRAG_NEG_trNEGATIVE97540_49_9,0.9991241693496704
FRAG_NEG_trNEGATIVE54772_49_9,0.017234038561582565
FRAG_NEG_trNEGATIVE63500_33_9,0.6874330043792725
FRAG_NEG_trNEGATIVE68134_18_9,0.6272884607315063
FRAG_NEG_trNEGATIVE88995_90_9,0.023049693554639816
FRAG_NEG_trNEGATIVE65798_84_9,0.6385027170181274
FRAG_NEG_trNEGATIVE84587_60_9,0.30846738815307617
FRAG_NEG_trNEGATIVE39186_2_9,0.5099731683731079
FRAG_NEG_trNEGATIVE47292_30_9,0.023040710017085075
FRAG_NEG_trNEGATIVE37156_78_9,0.34282955527305603
NEG_trNEGATIVE88410,0.0015616035088896751
FRAG_NEG_trNEGATIVE52230_48_9,0.18403096497058868
FRAG_NEG_trNEGATIVE62029_21_9,0.08393925428390503
FRAG_NEG_trNEGATIVE30948_58_9,0.05377517268061638
FRAG_NEG_trNEGATIVE44542_54_9,0.027912002056837082
FRAG_NEG_trNEGATIVE91963_71_9,0.09183230996131897
FRAG_NEG_trNEGATIVE47131_3_9,0.13660398125648499
FRAG_NEG_trNEGATIVE47402_6_9,0.030515234917402267
FRAG_NEG_trNEGATIVE39971_19_9,0.0008769941632635891
NEG_trNEGATIVE94291,0.005189184099435806
FRAG_NEG_trNEGATIVE60220_5_9,0.09419858455657959
FRAG_NEG_trNEGATIVE90229_6_9,0.025689175352454185
FRAG_NEG_trNEGATIVE33579_53_9,0.3188108801841736
FRAG_NEG_trNEGATIVE71093_9_9,0.8521581888198853
FRAG_NEG_trNEGATIVE57719_37_9,0.4165821075439453
FRAG_NEG_trNEGATIVE88083_43_9,0.22396525740623474
FRAG_NEG_trNEGATIVE89538_72_9,0.011240467429161072
FRAG_NEG_trNEGATIVE62349_38_9,0.9864528775215149
FRAG_NEG_trNEGATIVE64861_57_9,3.306499638711102e-05
FRAG_NEG_trNEGATIVE86565_0_9,0.0013925319071859121
FRAG_NEG_trNEGATIVE34913_84_9,0.06236135959625244
FRAG_NEG_trNEGATIVE49206_48_9,0.9620004892349243
FRAG_NEG_trNEGATIVE35952_73_9,0.19742420315742493
FRAG_NEG_trNEGATIVE51652_70_9,0.05552694946527481
NEG_trNEGATIVE83599,0.19388285279273987
FRAG_NEG_trNEGATIVE83649_26_9,0.07710080593824387
FRAG_NEG_trNEGATIVE61009_20_9,0.4948808550834656
FRAG_NEG_trNEGATIVE79461_10_9,0.8781775236129761
FRAG_NEG_trNEGATIVE36698_55_9,0.3952149748802185
FRAG_NEG_trNEGATIVE77972_31_9,0.5760946869850159
FRAG_NEG_trNEGATIVE47980_73_9,0.003386137308552861
NEG_trNEGATIVE37596,0.24872024357318878
FRAG_NEG_trNEGATIVE35927_46_9,0.45720142126083374
FRAG_NEG_trNEGATIVE96043_43_9,0.024917537346482277
NEG_trNEGATIVE59019,0.00011836106568807736
FRAG_NEG_trNEGATIVE87853_55_9,0.022567780688405037
FRAG_NEG_trNEGATIVE57719_46_9,0.16754628717899323
FRAG_NEG_trNEGATIVE92041_77_9,0.2773588001728058
FRAG_NEG_trNEGATIVE46923_28_9,0.6771546602249146
FRAG_NEG_trNEGATIVE81605_7_9,0.842462420463562
FRAG_NEG_trNEGATIVE93456_51_9,0.5708112120628357
FRAG_NEG_trNEGATIVE47027_38_9,0.013097649440169334
FRAG_NEG_trNEGATIVE40237_22_9,0.3140147626399994
FRAG_NEG_trNEGATIVE85417_20_9,0.00593623286113143
FRAG_NEG_trNEGATIVE72233_9_9,0.010387270711362362
FRAG_NEG_trNEGATIVE93394_13_9,0.22379596531391144
FRAG_NEG_trNEGATIVE72649_12_9,0.12133365869522095
FRAG_NEG_trNEGATIVE89245_18_9,0.6394115686416626
FRAG_NEG_trNEGATIVE58437_54_9,0.12328406423330307
FRAG_NEG_trNEGATIVE69116_38_9,0.04603422433137894
FRAG_NEG_trNEGATIVE68933_57_9,0.05208705738186836
FRAG_NEG_trNEGATIVE55003_19_9,0.0032911128364503384
FRAG_NEG_trNEGATIVE86238_46_9,0.1405206024646759
FRAG_NEG_trNEGATIVE68740_45_9,0.09585575014352798
FRAG_NEG_trNEGATIVE94658_50_9,0.17166776955127716
FRAG_NEG_trNEGATIVE38910_61_9,0.9828656315803528
FRAG_NEG_trNEGATIVE94710_57_9,0.09415218979120255
FRAG_NEG_trNEGATIVE28315_24_9,0.05302678421139717
FRAG_NEG_trNEGATIVE61557_70_9,0.20348449051380157
FRAG_NEG_trNEGATIVE74497_13_9,0.04776131361722946
FRAG_NEG_trNEGATIVE83535_9_9,0.0008554809028282762
FRAG_NEG_trNEGATIVE41051_59_9,0.35958734154701233
FRAG_NEG_trNEGATIVE43396_32_9,0.11919870227575302
FRAG_NEG_trNEGATIVE66656_59_9,0.4533706307411194
FRAG_NEG_trNEGATIVE85253_2_9,0.08632630109786987
FRAG_NEG_trNEGATIVE87037_77_9,0.0051077608950436115
FRAG_NEG_trNEGATIVE75635_19_9,0.0031342445872724056
FRAG_NEG_trNEGATIVE71331_14_9,0.4203372597694397
FRAG_NEG_trNEGATIVE56555_61_9,0.17429037392139435
FRAG_NEG_trNEGATIVE50090_9_9,0.36845260858535767
FRAG_NEG_trNEGATIVE94845_25_9,0.3695673942565918
FRAG_NEG_trNEGATIVE70894_21_9,0.09282515943050385
NEG_teNEGATIVE13307,0.00535648362711072
FRAG_NEG_trNEGATIVE41201_51_9,0.21862177550792694
FRAG_NEG_trNEGATIVE31811_56_9,0.0626845434308052
FRAG_NEG_trNEGATIVE40564_39_9,0.7719904780387878
FRAG_NEG_trNEGATIVE28314_26_9,0.013696881011128426
FRAG_NEG_trNEGATIVE27518_10_9,0.011525413021445274
FRAG_NEG_trNEGATIVE29466_38_9,0.7654293775558472
FRAG_NEG_trNEGATIVE50308_26_9,0.004141264595091343
FRAG_NEG_trNEGATIVE65500_8_9,0.9011794924736023
FRAG_NEG_trNEGATIVE31786_46_9,0.012639395892620087
FRAG_NEG_trNEGATIVE28576_37_9,0.7477320432662964
FRAG_NEG_trNEGATIVE57833_66_9,0.9947250485420227
FRAG_NEG_trNEGATIVE53496_0_9,6.234278316696873e-06
FRAG_NEG_trNEGATIVE42430_61_9,0.629362940788269
FRAG_NEG_trNEGATIVE63997_65_9,0.4272077679634094
FRAG_NEG_trNEGATIVE63406_0_9,2.283388312207535e-06
FRAG_NEG_trNEGATIVE61721_33_9,0.047125089913606644
FRAG_NEG_trNEGATIVE78999_6_9,0.9695373773574829
FRAG_NEG_trNEGATIVE75843_28_9,0.0005223313346505165
NEG_trNEGATIVE30080,0.00041522481478750706
FRAG_NEG_trNEGATIVE45235_61_9,0.3015623390674591
FRAG_NEG_trNEGATIVE92955_17_9,0.7744728326797485
FRAG_NEG_trNEGATIVE97325_50_9,0.10563236474990845
FRAG_NEG_trNEGATIVE54890_18_9,0.0021235430613160133
FRAG_NEG_trNEGATIVE58301_33_9,0.26121726632118225
FRAG_NEG_trNEGATIVE33995_18_9,0.1870906502008438
FRAG_NEG_trNEGATIVE45878_24_9,0.052541978657245636
FRAG_NEG_trNEGATIVE64293_51_9,0.04818471148610115
FRAG_NEG_trNEGATIVE43350_47_9,0.5794122815132141
NEG_trNEGATIVE65485,1.3991730156703852e-05
FRAG_NEG_trNEGATIVE89126_62_9,0.7739334106445312
FRAG_NEG_trNEGATIVE93394_27_9,0.28236299753189087
FRAG_NEG_trNEGATIVE33995_17_9,0.07167340070009232
NEG_teNEGATIVE21820,0.00023442201199941337
FRAG_NEG_trNEGATIVE55872_10_9,0.6311441659927368
FRAG_NEG_trNEGATIVE96080_14_9,0.38288602232933044
FRAG_NEG_trNEGATIVE82169_49_9,0.22210410237312317
FRAG_NEG_trNEGATIVE46582_85_9,0.21718554198741913
FRAG_NEG_trNEGATIVE69993_0_9,0.00011351559078320861
FRAG_NEG_trNEGATIVE40437_25_9,0.4224579930305481
NEG_trNEGATIVE46703,0.09015001356601715
FRAG_NEG_trNEGATIVE84696_25_9,0.7426754236221313
FRAG_NEG_trNEGATIVE84794_22_9,0.022455178201198578
FRAG_NEG_trNEGATIVE84303_18_9,0.008513687178492546
FRAG_NEG_trNEGATIVE53896_47_9,0.6800455451011658
FRAG_NEG_trNEGATIVE96100_4_9,0.005651211366057396
FRAG_NEG_trNEGATIVE89433_23_9,0.04342672973871231
FRAG_NEG_trNEGATIVE69993_11_9,0.5485101342201233
FRAG_NEG_trNEGATIVE37545_6_9,0.5991376638412476
FRAG_NEG_trNEGATIVE78140_47_9,0.16849271953105927
FRAG_NEG_trNEGATIVE59000_61_9,0.2751023471355438
FRAG_NEG_trNEGATIVE66718_26_9,0.0032760687172412872
FRAG_NEG_trNEGATIVE30131_49_9,0.8911717534065247
FRAG_NEG_trNEGATIVE76037_42_9,0.337462455034256
FRAG_NEG_trNEGATIVE76469_48_9,0.39757901430130005
FRAG_NEG_trNEGATIVE91583_49_9,0.004085563123226166
FRAG_NEG_trNEGATIVE89608_27_9,0.07132861763238907
FRAG_NEG_trNEGATIVE94228_20_9,0.054588787257671356
FRAG_NEG_trNEGATIVE50255_29_9,0.31268784403800964
FRAG_NEG_trNEGATIVE66032_59_9,0.20554549992084503
FRAG_NEG_trNEGATIVE62442_4_9,0.004299398977309465
FRAG_NEG_trNEGATIVE94243_22_9,0.2149977684020996
FRAG_NEG_trNEGATIVE90224_71_9,0.252843976020813
FRAG_NEG_trNEGATIVE66428_23_9,0.42541080713272095
FRAG_NEG_trNEGATIVE68117_0_9,2.3851247533457354e-05
FRAG_NEG_trNEGATIVE29896_13_9,0.33145731687545776
FRAG_NEG_trNEGATIVE87088_39_9,0.8815944790840149
FRAG_NEG_trNEGATIVE81039_49_9,0.685904324054718
FRAG_NEG_trNEGATIVE39256_20_9,0.037334803491830826
FRAG_NEG_trNEGATIVE73886_65_9,0.0015587948728352785
FRAG_NEG_trNEGATIVE66768_6_9,0.5101373195648193
FRAG_NEG_trNEGATIVE77840_30_9,0.025966251268982887
FRAG_NEG_trNEGATIVE39066_13_9,0.7731016874313354
FRAG_NEG_trNEGATIVE45892_0_9,7.288412598427385e-05
FRAG_NEG_trNEGATIVE44841_41_9,0.17681632936000824
FRAG_NEG_trNEGATIVE70177_72_9,0.09849385917186737
FRAG_NEG_trNEGATIVE38220_48_9,0.0005713355494663119
FRAG_NEG_trNEGATIVE30732_36_9,0.2861657738685608
FRAG_NEG_trNEGATIVE40068_25_9,0.2728686034679413
FRAG_NEG_trNEGATIVE42608_17_9,9.514069824945182e-05
FRAG_NEG_trNEGATIVE67653_11_9,0.9378180503845215
FRAG_NEG_trNEGATIVE42963_47_9,0.09405718743801117
FRAG_NEG_trNEGATIVE64372_1_9,0.0017647433560341597
FRAG_NEG_trNEGATIVE58185_17_9,0.6944822072982788
FRAG_NEG_trNEGATIVE73416_67_9,0.910700798034668
FRAG_NEG_trNEGATIVE81209_72_9,0.361799418926239
FRAG_NEG_trNEGATIVE66419_27_9,0.238870307803154
FRAG_NEG_trNEGATIVE77097_62_9,0.08745426684617996
FRAG_NEG_trNEGATIVE29811_14_9,0.00650665070861578
FRAG_NEG_trNEGATIVE70270_2_9,0.5592790842056274
FRAG_NEG_trNEGATIVE35903_31_9,0.015599770471453667
FRAG_NEG_trNEGATIVE40567_21_9,0.6878340244293213
FRAG_NEG_trNEGATIVE69507_9_9,0.49045148491859436
FRAG_NEG_trNEGATIVE30330_6_9,0.0012937018182128668
FRAG_NEG_trNEGATIVE62907_15_9,0.4844275414943695
NEG_trNEGATIVE86191,0.0035396006423979998
FRAG_NEG_trNEGATIVE30578_21_9,0.24371638894081116
NEG_trNEGATIVE51942,0.0008224697085097432
FRAG_NEG_trNEGATIVE58305_78_9,0.16448518633842468
FRAG_NEG_trNEGATIVE90902_35_9,0.9787532091140747
FRAG_NEG_trNEGATIVE70406_78_9,0.29977506399154663
FRAG_NEG_trNEGATIVE51325_23_9,0.03477919474244118
FRAG_NEG_trNEGATIVE40957_36_9,0.019584938883781433
FRAG_NEG_trNEGATIVE83671_15_9,0.0009414412779733539
FRAG_NEG_trNEGATIVE60202_40_9,0.0006189619889482856
FRAG_NEG_trNEGATIVE40761_28_9,0.35829636454582214
FRAG_NEG_trNEGATIVE83511_41_9,0.08693350851535797
FRAG_NEG_trNEGATIVE68036_23_9,0.6444958448410034
FRAG_NEG_trNEGATIVE94741_44_9,0.9141502380371094
FRAG_NEG_trNEGATIVE33162_52_9,0.0003878965217154473
FRAG_NEG_trNEGATIVE45077_2_9,0.6083278059959412
FRAG_NEG_trNEGATIVE66906_11_9,0.0952879935503006
FRAG_NEG_trNEGATIVE67437_9_9,0.026655185967683792
FRAG_NEG_trNEGATIVE85172_46_9,0.03731439262628555
FRAG_NEG_trNEGATIVE62973_4_9,0.866115927696228
FRAG_NEG_trNEGATIVE82312_25_9,0.04837643355131149
FRAG_NEG_trNEGATIVE79412_37_9,0.9418712854385376
FRAG_NEG_trNEGATIVE75001_32_9,0.06141769886016846
FRAG_NEG_trNEGATIVE75864_48_9,0.14993035793304443
FRAG_NEG_trNEGATIVE86304_8_9,0.013505982235074043
FRAG_NEG_trNEGATIVE34566_6_9,0.79828941822052
FRAG_NEG_trNEGATIVE72290_17_9,0.0030357115902006626
FRAG_NEG_trNEGATIVE55178_2_9,0.7524181604385376
FRAG_NEG_trNEGATIVE59476_15_9,0.7085921764373779
FRAG_NEG_trNEGATIVE83469_39_9,0.011953571811318398
FRAG_NEG_trNEGATIVE54369_53_9,0.15977664291858673
FRAG_NEG_trNEGATIVE34235_31_9,0.02295001968741417
FRAG_NEG_trNEGATIVE51952_3_9,0.04241142049431801
FRAG_NEG_trNEGATIVE78918_48_9,0.3196713328361511
FRAG_NEG_trNEGATIVE97041_55_9,0.07583307474851608
FRAG_NEG_trNEGATIVE84775_51_9,0.3568493723869324
FRAG_NEG_trNEGATIVE59789_42_9,0.8013132810592651
FRAG_NEG_trNEGATIVE67695_43_9,0.8060188293457031
FRAG_NEG_trNEGATIVE48777_43_9,0.19752094149589539
FRAG_NEG_trNEGATIVE59717_19_9,0.3131834864616394
FRAG_NEG_trNEGATIVE93957_73_9,0.883527398109436
FRAG_NEG_trNEGATIVE41920_3_9,0.0425340011715889
FRAG_NEG_trNEGATIVE90961_35_9,0.0003622224903665483
FRAG_NEG_trNEGATIVE64300_8_9,0.9946758151054382
FRAG_NEG_trNEGATIVE30945_25_9,0.042418576776981354
FRAG_NEG_trNEGATIVE50973_82_9,0.28563711047172546
FRAG_NEG_trNEGATIVE71467_31_9,0.043410204350948334
FRAG_NEG_trNEGATIVE44301_0_9,6.922480679349974e-05
FRAG_NEG_trNEGATIVE48551_37_9,0.7095440030097961
FRAG_NEG_trNEGATIVE35478_68_9,0.02038448676466942
FRAG_NEG_trNEGATIVE29672_12_9,0.019356727600097656
FRAG_NEG_trNEGATIVE52934_55_9,0.27207595109939575
FRAG_NEG_trNEGATIVE74050_10_9,0.08188676834106445
FRAG_NEG_trNEGATIVE77017_7_9,0.0008071426418609917
FRAG_NEG_trNEGATIVE66055_43_9,0.0062995729967951775
FRAG_NEG_trNEGATIVE76523_24_9,0.0034468062222003937
FRAG_NEG_trNEGATIVE93134_53_9,0.9215410947799683
FRAG_NEG_trNEGATIVE74541_28_9,0.4821639060974121
FRAG_NEG_trNEGATIVE53628_62_9,0.415440171957016
FRAG_NEG_trNEGATIVE58274_22_9,0.48580560088157654
FRAG_NEG_trNEGATIVE69812_53_9,0.702173113822937
NEG_teNEGATIVE22154,0.016499493271112442
FRAG_NEG_trNEGATIVE61673_21_9,0.00035096684587188065
FRAG_NEG_trNEGATIVE34405_83_9,0.09893985837697983
FRAG_NEG_trNEGATIVE67373_43_9,0.10749483108520508
NEG_teNEGATIVE08835,0.04177955165505409
FRAG_NEG_trNEGATIVE40334_70_9,0.06884147226810455
FRAG_NEG_trNEGATIVE74572_12_9,0.4122781753540039
FRAG_NEG_trNEGATIVE85034_71_9,0.00429135886952281
FRAG_NEG_trNEGATIVE43465_28_9,0.04342716559767723
FRAG_NEG_trNEGATIVE71139_23_9,0.6881945729255676
FRAG_NEG_trNEGATIVE46069_13_9,0.2142730951309204
FRAG_NEG_trNEGATIVE61727_45_9,0.2083221673965454
FRAG_NEG_trNEGATIVE52317_39_9,0.93639075756073
FRAG_NEG_trNEGATIVE78873_41_9,0.3933871388435364
FRAG_NEG_trNEGATIVE46541_5_9,0.24728691577911377
FRAG_NEG_trNEGATIVE92426_55_9,0.061492543667554855
FRAG_NEG_trNEGATIVE69028_17_9,0.20799347758293152
FRAG_NEG_trNEGATIVE56869_16_9,0.1372118890285492
FRAG_NEG_trNEGATIVE59549_23_9,0.03897468000650406
FRAG_NEG_trNEGATIVE42656_70_9,0.14747215807437897
FRAG_NEG_trNEGATIVE92955_5_9,0.9752572774887085
FRAG_NEG_trNEGATIVE71481_6_9,0.42619118094444275
FRAG_NEG_trNEGATIVE89408_82_9,0.01439683698117733
FRAG_NEG_trNEGATIVE31177_12_9,0.33357128500938416
FRAG_NEG_trNEGATIVE89192_52_9,0.9437743425369263
FRAG_NEG_trNEGATIVE89695_55_9,0.014943321235477924
FRAG_NEG_trNEGATIVE29756_1_9,0.8876864314079285
FRAG_NEG_trNEGATIVE87503_70_9,0.6293860673904419
FRAG_NEG_trNEGATIVE60803_14_9,0.2127639502286911
NEG_trNEGATIVE90475,0.059596575796604156
FRAG_NEG_trNEGATIVE94557_41_9,1.3077782341497368e-06
FRAG_NEG_trNEGATIVE53375_49_9,0.6355926394462585
FRAG_NEG_trNEGATIVE31754_52_9,0.17582176625728607
FRAG_NEG_trNEGATIVE70629_11_9,0.06667114794254303
FRAG_NEG_trNEGATIVE43306_60_9,0.9996738433837891
FRAG_NEG_trNEGATIVE63514_38_9,0.018107715994119644
FRAG_NEG_trNEGATIVE56555_47_9,0.4731351435184479
FRAG_NEG_trNEGATIVE94857_44_9,0.5956569910049438
FRAG_NEG_trNEGATIVE67547_3_9,0.5535964369773865
FRAG_NEG_trNEGATIVE84614_7_9,0.052334755659103394
FRAG_NEG_trNEGATIVE39471_16_9,0.5589743256568909
FRAG_NEG_trNEGATIVE62973_5_9,0.9632538557052612
FRAG_NEG_trNEGATIVE31375_2_9,0.12541192770004272
FRAG_NEG_trNEGATIVE66347_77_9,0.01635151356458664
NEG_trNEGATIVE53708,0.057358723133802414
NEG_trNEGATIVE36287,0.13402093946933746
FRAG_NEG_trNEGATIVE31028_48_9,0.04843068867921829
FRAG_NEG_trNEGATIVE62769_81_9,0.007364656776189804
FRAG_NEG_trNEGATIVE67653_15_9,0.30494099855422974
NEG_trNEGATIVE38567,6.262941951717949e-07
FRAG_NEG_trNEGATIVE84102_20_9,0.005911088548600674
FRAG_NEG_trNEGATIVE28576_76_9,0.03317365422844887
FRAG_NEG_trNEGATIVE49197_5_9,0.04801946505904198
FRAG_NEG_trNEGATIVE40237_52_9,0.9492443799972534
FRAG_NEG_trNEGATIVE31421_35_9,0.0042047579772770405
NEG_trNEGATIVE66235,0.0008523944998160005
NEG_teNEGATIVE14273,0.10050676763057709
FRAG_NEG_trNEGATIVE95879_43_9,0.2466612309217453
FRAG_NEG_trNEGATIVE95603_26_9,0.8421009182929993
FRAG_NEG_trNEGATIVE77606_78_9,0.34273862838745117
FRAG_NEG_trNEGATIVE67937_63_9,0.26222050189971924
FRAG_NEG_trNEGATIVE97530_12_9,0.7976821660995483
FRAG_NEG_trNEGATIVE54523_9_9,0.0005676565342582762
FRAG_NEG_trNEGATIVE30193_5_9,0.019825635477900505
FRAG_NEG_trNEGATIVE72588_41_9,0.03347712382674217
FRAG_NEG_trNEGATIVE40334_64_9,0.12339682877063751
FRAG_NEG_trNEGATIVE77734_51_9,0.21833407878875732
FRAG_NEG_trNEGATIVE91477_42_9,0.35384541749954224
FRAG_NEG_trNEGATIVE34714_6_9,0.005662682466208935
FRAG_NEG_trNEGATIVE48369_12_9,0.07763729989528656
FRAG_NEG_trNEGATIVE36679_55_9,0.00016144601977430284
FRAG_NEG_trNEGATIVE50596_9_9,0.2303626835346222
FRAG_NEG_trNEGATIVE51173_47_9,0.6705297231674194
FRAG_NEG_trNEGATIVE34066_28_9,0.9701444506645203
FRAG_NEG_trNEGATIVE54101_52_9,0.015360591001808643
FRAG_NEG_trNEGATIVE89433_25_9,0.11791950464248657
FRAG_NEG_trNEGATIVE70876_52_9,0.4630695879459381
FRAG_NEG_trNEGATIVE27492_35_9,0.008011849597096443
FRAG_NEG_trNEGATIVE82713_20_9,0.18990838527679443
FRAG_NEG_trNEGATIVE33165_49_9,0.24011793732643127
FRAG_NEG_trNEGATIVE31015_56_9,0.0016940279165282845
FRAG_NEG_trNEGATIVE96486_31_9,0.9159189462661743
FRAG_NEG_trNEGATIVE77972_40_9,0.31625303626060486
FRAG_NEG_trNEGATIVE36310_44_9,0.9427093267440796
FRAG_NEG_trNEGATIVE59659_34_9,0.6258814930915833
FRAG_NEG_trNEGATIVE69390_26_9,0.16779489815235138
FRAG_NEG_trNEGATIVE87789_26_9,0.14912733435630798
FRAG_NEG_trNEGATIVE82446_0_9,0.5579495429992676
FRAG_NEG_trNEGATIVE48094_63_9,0.021473480388522148
FRAG_NEG_trNEGATIVE71123_37_9,0.7021226286888123
NEG_trNEGATIVE30215,0.0002581921871751547
FRAG_NEG_trNEGATIVE57293_73_9,0.25476616621017456
FRAG_NEG_trNEGATIVE54965_46_9,0.0009720261441543698
FRAG_NEG_trNEGATIVE88737_8_9,0.002444495912641287
FRAG_NEG_trNEGATIVE76135_37_9,0.3338976502418518
FRAG_NEG_trNEGATIVE86831_43_9,0.14601416885852814
FRAG_NEG_trNEGATIVE64135_59_9,0.0023137179668992758
FRAG_NEG_trNEGATIVE83073_53_9,0.00552294310182333
FRAG_NEG_trNEGATIVE96676_48_9,0.004252755083143711
FRAG_NEG_trNEGATIVE81335_27_9,0.08089445531368256
NEG_trNEGATIVE50086,0.39797869324684143
NEG_teNEGATIVE18462,0.22898562252521515
FRAG_NEG_trNEGATIVE88202_8_9,0.001649174140766263
FRAG_NEG_trNEGATIVE28179_77_9,0.44596949219703674
FRAG_NEG_trNEGATIVE47940_35_9,0.3154119849205017
FRAG_NEG_trNEGATIVE80263_7_9,0.6395607590675354
FRAG_NEG_trNEGATIVE75662_17_9,0.19358566403388977
FRAG_NEG_trNEGATIVE42608_24_9,0.7707682847976685
NEG_teNEGATIVE16166,0.10599453747272491
FRAG_NEG_trNEGATIVE32775_50_9,0.014200517907738686
FRAG_NEG_trNEGATIVE30728_11_9,0.3375593423843384
NEG_trNEGATIVE90300,4.253464283010544e-07
FRAG_NEG_trNEGATIVE89426_73_9,0.40519875288009644
FRAG_NEG_trNEGATIVE59833_19_9,0.3844342827796936
FRAG_NEG_trNEGATIVE60492_59_9,0.6831432580947876
FRAG_NEG_trNEGATIVE36367_41_9,0.27628836035728455
FRAG_NEG_trNEGATIVE47794_3_9,0.5081067681312561
FRAG_NEG_trNEGATIVE50019_21_9,0.00018496830307412893
FRAG_NEG_trNEGATIVE85333_17_9,0.05178406834602356
FRAG_NEG_trNEGATIVE53046_27_9,0.6062096357345581
FRAG_NEG_trNEGATIVE65709_41_9,0.2782062292098999
FRAG_NEG_trNEGATIVE88413_43_9,0.027219105511903763
FRAG_NEG_trNEGATIVE28742_10_9,0.004585209768265486
FRAG_NEG_trNEGATIVE97032_59_9,0.9803077578544617
FRAG_NEG_trNEGATIVE66672_8_9,0.4047773778438568
FRAG_NEG_trNEGATIVE80544_2_9,0.15638098120689392
FRAG_NEG_trNEGATIVE71150_9_9,0.43856772780418396
FRAG_NEG_trNEGATIVE47424_24_9,0.36631345748901367
FRAG_NEG_trNEGATIVE66666_47_9,0.29896581172943115
FRAG_NEG_trNEGATIVE80623_9_9,0.02440750226378441
FRAG_NEG_trNEGATIVE33158_35_9,0.8835679888725281
FRAG_NEG_trNEGATIVE59109_51_9,0.7238442897796631
FRAG_NEG_trNEGATIVE35751_11_9,0.08431025594472885
FRAG_NEG_trNEGATIVE57354_9_9,0.25296953320503235
FRAG_NEG_trNEGATIVE93594_48_9,0.004263374954462051
FRAG_NEG_trNEGATIVE78668_65_9,0.00021033296070527285
FRAG_NEG_trNEGATIVE39186_23_9,0.03138817101716995
NEG_trNEGATIVE73795,0.030072923749685287
FRAG_NEG_trNEGATIVE55859_61_9,0.1084967628121376
FRAG_NEG_trNEGATIVE92449_51_9,0.07251433283090591
FRAG_NEG_trNEGATIVE27696_67_9,0.01618955470621586
FRAG_NEG_trNEGATIVE73858_21_9,0.48815983533859253
FRAG_NEG_trNEGATIVE92304_53_9,0.913674533367157
FRAG_NEG_trNEGATIVE94857_64_9,0.004037083126604557
FRAG_NEG_trNEGATIVE63153_71_9,0.5026987791061401
FRAG_NEG_trNEGATIVE82168_34_9,0.0011146180331707
FRAG_NEG_trNEGATIVE33023_40_9,0.31814268231391907
FRAG_NEG_trNEGATIVE63354_16_9,0.09579342603683472
FRAG_NEG_trNEGATIVE36193_16_9,0.9289364814758301
FRAG_NEG_trNEGATIVE55371_14_9,0.01624397560954094
FRAG_NEG_trNEGATIVE47104_25_9,0.5363966226577759
FRAG_NEG_trNEGATIVE40505_36_9,0.041735950857400894
FRAG_NEG_trNEGATIVE29069_58_9,0.04418325051665306
NEG_trNEGATIVE54176,0.09801258891820908
FRAG_NEG_trNEGATIVE89249_12_9,0.9155105352401733
FRAG_NEG_trNEGATIVE85633_69_9,0.6234047412872314
FRAG_NEG_trNEGATIVE36430_31_9,0.013712311163544655
FRAG_NEG_trNEGATIVE51781_51_9,0.5906690359115601
NEG_trNEGATIVE78749,0.002273716265335679
FRAG_NEG_trNEGATIVE90289_36_9,0.18758974969387054
FRAG_NEG_trNEGATIVE39006_64_9,0.47139033675193787
FRAG_NEG_trNEGATIVE88124_70_9,0.8621021509170532
FRAG_NEG_trNEGATIVE39877_34_9,0.22821466624736786
FRAG_NEG_trNEGATIVE83802_42_9,0.055806733667850494
FRAG_NEG_trNEGATIVE59972_33_9,0.7474379539489746
FRAG_NEG_trNEGATIVE78093_80_9,0.00011791808356065303
NEG_teNEGATIVE01303,0.0018538478761911392
FRAG_NEG_trNEGATIVE92346_14_9,0.3142686188220978
FRAG_NEG_trNEGATIVE96551_48_9,0.10367510467767715
FRAG_NEG_trNEGATIVE50424_38_9,0.1087360754609108
FRAG_NEG_trNEGATIVE46361_10_9,0.23305299878120422
FRAG_NEG_trNEGATIVE67079_48_9,0.01858258992433548
FRAG_NEG_trNEGATIVE86159_64_9,0.009386643767356873
FRAG_NEG_trNEGATIVE36706_41_9,0.08320564031600952
FRAG_NEG_trNEGATIVE45132_39_9,0.0007794279954396188
NEG_teNEGATIVE01542,2.9714442462136503e-06
FRAG_NEG_trNEGATIVE96352_13_9,0.2922890782356262
FRAG_NEG_trNEGATIVE60036_14_9,0.03867238014936447
FRAG_NEG_trNEGATIVE72346_0_9,0.00020088543533347547
FRAG_NEG_trNEGATIVE40094_33_9,0.047562375664711
FRAG_NEG_trNEGATIVE52530_49_9,0.19435441493988037
FRAG_NEG_trNEGATIVE50386_65_9,0.06355985999107361
FRAG_NEG_trNEGATIVE90242_25_9,0.08343126624822617
FRAG_NEG_trNEGATIVE35447_26_9,0.4678853154182434
FRAG_NEG_trNEGATIVE58968_5_9,0.0315716378390789
FRAG_NEG_trNEGATIVE84350_29_9,0.1566009819507599
FRAG_NEG_trNEGATIVE91770_72_9,0.022277463227510452
FRAG_NEG_trNEGATIVE70278_0_9,0.0005057413945905864
FRAG_NEG_trNEGATIVE37877_17_9,0.010170340538024902
FRAG_NEG_trNEGATIVE44273_6_9,0.5726927518844604
FRAG_NEG_trNEGATIVE55065_19_9,0.1486659198999405
FRAG_NEG_trNEGATIVE28269_54_9,0.932756245136261
FRAG_NEG_trNEGATIVE39270_39_9,0.10355152934789658
FRAG_NEG_trNEGATIVE36562_27_9,0.10454975068569183
FRAG_NEG_trNEGATIVE77167_11_9,0.013735583052039146
FRAG_NEG_trNEGATIVE67162_41_9,0.0016946550458669662
FRAG_NEG_trNEGATIVE48303_13_9,0.015403740108013153
NEG_trNEGATIVE59895,0.18121644854545593
FRAG_NEG_trNEGATIVE93454_1_9,0.00034939104807563126
FRAG_NEG_trNEGATIVE42561_23_9,0.49485403299331665
FRAG_NEG_trNEGATIVE44715_88_9,0.040612585842609406
FRAG_NEG_trNEGATIVE89435_20_9,0.4166550636291504
FRAG_NEG_trNEGATIVE88017_41_9,0.38247787952423096
FRAG_NEG_trNEGATIVE52041_4_9,0.00021295269834809005
FRAG_NEG_trNEGATIVE40586_14_9,0.05469781160354614
FRAG_NEG_trNEGATIVE60306_33_9,0.42332643270492554
FRAG_NEG_trNEGATIVE28294_56_9,0.1723933219909668
NEG_trNEGATIVE65146,0.29638057947158813
FRAG_NEG_trNEGATIVE40633_2_9,0.1709124594926834
FRAG_NEG_trNEGATIVE73433_52_9,0.4160138964653015
NEG_teNEGATIVE02418,0.00015330831229221076
NEG_trNEGATIVE72658,0.04194299876689911
FRAG_NEG_trNEGATIVE68783_34_9,0.31265491247177124
FRAG_NEG_trNEGATIVE35778_63_9,0.2572585940361023
FRAG_NEG_trNEGATIVE61856_7_9,0.949496865272522
FRAG_NEG_trNEGATIVE71694_18_9,0.539196789264679
FRAG_NEG_trNEGATIVE95213_46_9,0.006044832989573479
FRAG_NEG_trNEGATIVE35042_55_9,0.18491652607917786
FRAG_NEG_trNEGATIVE90276_58_9,0.12443679571151733
FRAG_NEG_trNEGATIVE92602_56_9,0.24565696716308594
FRAG_NEG_trNEGATIVE47846_18_9,0.0031324480660259724
NEG_trNEGATIVE68378,0.21470758318901062
FRAG_NEG_trNEGATIVE51001_11_9,0.959230899810791
FRAG_NEG_trNEGATIVE66557_9_9,0.09277252852916718
FRAG_NEG_trNEGATIVE33584_12_9,0.002886998001486063
NEG_trNEGATIVE54022,0.0051470790058374405
FRAG_NEG_trNEGATIVE62564_23_9,0.31508928537368774
FRAG_NEG_trNEGATIVE79926_8_9,0.5127512216567993
FRAG_NEG_trNEGATIVE75383_56_9,0.00010369268420618027
FRAG_NEG_trNEGATIVE33202_5_9,0.924073338508606
NEG_trNEGATIVE87852,0.3271087110042572
FRAG_NEG_trNEGATIVE78376_50_9,0.15402443706989288
FRAG_NEG_trNEGATIVE90839_0_9,0.002726584440097213
FRAG_NEG_trNEGATIVE59138_43_9,0.2976948618888855
FRAG_NEG_trNEGATIVE75528_47_9,0.8362045288085938
FRAG_NEG_trNEGATIVE69160_71_9,0.10170374065637589
FRAG_NEG_trNEGATIVE49543_26_9,0.05009093135595322
FRAG_NEG_trNEGATIVE96555_36_9,0.9724832773208618
FRAG_NEG_trNEGATIVE36657_9_9,0.9721652269363403
FRAG_NEG_trNEGATIVE55193_84_9,0.03400546684861183
FRAG_NEG_trNEGATIVE90060_50_9,0.019795997068285942
FRAG_NEG_trNEGATIVE79273_55_9,0.029317667707800865
FRAG_NEG_trNEGATIVE80751_26_9,0.2800258696079254
FRAG_NEG_trNEGATIVE40991_26_9,0.013877670280635357
NEG_trNEGATIVE28613,0.15777046978473663
NEG_trNEGATIVE39338,7.991674647200853e-05
FRAG_NEG_trNEGATIVE95587_19_9,0.29025596380233765
FRAG_NEG_trNEGATIVE28558_67_9,0.31109315156936646
FRAG_NEG_trNEGATIVE58301_23_9,0.2377818375825882
FRAG_NEG_trNEGATIVE47499_72_9,0.19975003600120544
NEG_trNEGATIVE79098,9.603720627637813e-07
FRAG_NEG_trNEGATIVE83262_3_9,0.01854879967868328
FRAG_NEG_trNEGATIVE40980_1_9,0.9275296926498413
FRAG_NEG_trNEGATIVE77987_42_9,0.06827890872955322
FRAG_NEG_trNEGATIVE80763_16_9,0.446511834859848
FRAG_NEG_trNEGATIVE34067_21_9,0.002620651386678219
FRAG_NEG_trNEGATIVE89562_46_9,0.00564341526478529
NEG_trNEGATIVE33572,0.019265079870820045
FRAG_NEG_trNEGATIVE55818_27_9,0.6033992171287537
NEG_trNEGATIVE56802,0.0929526537656784
FRAG_NEG_trNEGATIVE79327_38_9,0.10795235633850098
FRAG_NEG_trNEGATIVE54354_8_9,0.027763376012444496
FRAG_NEG_trNEGATIVE31694_23_9,0.5648426413536072
FRAG_NEG_trNEGATIVE51362_51_9,0.05548720806837082
FRAG_NEG_trNEGATIVE58718_23_9,0.25016409158706665
FRAG_NEG_trNEGATIVE86666_13_9,0.6933653950691223
FRAG_NEG_trNEGATIVE42856_64_9,0.0499752052128315
FRAG_NEG_trNEGATIVE82819_2_9,0.05883460491895676
FRAG_NEG_trNEGATIVE76478_72_9,0.017445996403694153
FRAG_NEG_trNEGATIVE70378_33_9,0.006979893893003464
FRAG_NEG_trNEGATIVE31541_3_9,0.0005457635852508247
FRAG_NEG_trNEGATIVE45583_7_9,0.004254132509231567
FRAG_NEG_trNEGATIVE61773_9_9,0.10674101114273071
FRAG_NEG_trNEGATIVE95879_53_9,0.01594981923699379
FRAG_NEG_trNEGATIVE77187_21_9,0.0064990282990038395
FRAG_NEG_trNEGATIVE95106_44_9,0.005682033486664295
NEG_trNEGATIVE92685,0.22354550659656525
FRAG_NEG_trNEGATIVE30044_56_9,0.24136075377464294
FRAG_NEG_trNEGATIVE69170_55_9,0.8646553158760071
FRAG_NEG_trNEGATIVE33548_5_9,0.006854980252683163
FRAG_NEG_trNEGATIVE79245_0_9,0.000116609429824166
NEG_trNEGATIVE69235,0.4010952115058899
FRAG_NEG_trNEGATIVE77586_25_9,0.04866098240017891
NEG_trNEGATIVE65138,0.276332825422287
FRAG_NEG_trNEGATIVE44384_61_9,0.81902676820755
FRAG_NEG_trNEGATIVE31181_42_9,0.08881446719169617
NEG_trNEGATIVE92217,0.06610040366649628
FRAG_NEG_trNEGATIVE31300_83_9,0.04640689119696617
FRAG_NEG_trNEGATIVE59119_24_9,0.046979665756225586
FRAG_NEG_trNEGATIVE53727_2_9,0.30425724387168884
FRAG_NEG_trNEGATIVE53259_6_9,0.1977430284023285
FRAG_NEG_trNEGATIVE34943_71_9,0.8293734788894653
FRAG_NEG_trNEGATIVE57619_29_9,0.22166399657726288
FRAG_NEG_trNEGATIVE36091_9_9,0.00526209082454443
FRAG_NEG_trNEGATIVE88809_40_9,0.08049846440553665
FRAG_NEG_trNEGATIVE89249_44_9,0.1810932457447052
FRAG_NEG_trNEGATIVE56510_41_9,0.032467298209667206
FRAG_NEG_trNEGATIVE65012_31_9,0.06606954336166382
FRAG_NEG_trNEGATIVE86988_5_9,0.041495732963085175
FRAG_NEG_trNEGATIVE39048_28_9,0.16567088663578033
FRAG_NEG_trNEGATIVE95674_49_9,0.03001856803894043
FRAG_NEG_trNEGATIVE49119_17_9,0.40114742517471313
FRAG_NEG_trNEGATIVE80313_47_9,0.008224276825785637
NEG_trNEGATIVE49354,0.1212633028626442
FRAG_NEG_trNEGATIVE85788_42_9,0.005432745907455683
FRAG_NEG_trNEGATIVE58350_6_9,0.23645000159740448
FRAG_NEG_trNEGATIVE71828_79_9,0.14745904505252838
FRAG_NEG_trNEGATIVE40371_25_9,0.006869443692266941
FRAG_NEG_trNEGATIVE92309_20_9,0.07581649720668793
FRAG_NEG_trNEGATIVE34205_37_9,0.24080736935138702
FRAG_NEG_trNEGATIVE63500_37_9,0.32403260469436646
FRAG_NEG_trNEGATIVE46665_12_9,0.7322834134101868
FRAG_NEG_trNEGATIVE86557_40_9,0.3956262767314911
FRAG_NEG_trNEGATIVE87504_48_9,0.7326129674911499
FRAG_NEG_trNEGATIVE81212_49_9,0.2561018168926239
FRAG_NEG_trNEGATIVE29559_14_9,0.7058538198471069
FRAG_NEG_trNEGATIVE67719_17_9,0.112836554646492
FRAG_NEG_trNEGATIVE96622_44_9,0.19040444493293762
FRAG_NEG_trNEGATIVE92112_69_9,0.27775534987449646
FRAG_NEG_trNEGATIVE32518_63_9,0.12861362099647522
FRAG_NEG_trNEGATIVE33750_34_9,0.8476484417915344
FRAG_NEG_trNEGATIVE49831_26_9,0.056886784732341766
FRAG_NEG_trNEGATIVE86836_21_9,0.756070613861084
FRAG_NEG_trNEGATIVE85783_44_9,0.41381964087486267
FRAG_NEG_trNEGATIVE48206_46_9,0.05722003057599068
FRAG_NEG_trNEGATIVE87987_0_9,3.1493324058828875e-05
FRAG_NEG_trNEGATIVE88738_24_9,0.986952006816864
NEG_trNEGATIVE36811,0.14813490211963654
NEG_trNEGATIVE79106,0.10651080310344696
FRAG_NEG_trNEGATIVE80439_12_9,0.015674475580453873
FRAG_NEG_trNEGATIVE70250_46_9,0.9843685030937195
FRAG_NEG_trNEGATIVE95615_11_9,0.7698044180870056
FRAG_NEG_trNEGATIVE91199_72_9,0.2966133654117584
FRAG_NEG_trNEGATIVE92794_12_9,0.04006553441286087
NEG_trNEGATIVE60618,0.007074428256601095
FRAG_NEG_trNEGATIVE46247_49_9,0.02822987176477909
FRAG_NEG_trNEGATIVE71456_58_9,0.00492490641772747
FRAG_NEG_trNEGATIVE58430_35_9,0.17981016635894775
FRAG_NEG_trNEGATIVE31183_20_9,0.007726737763732672
FRAG_NEG_trNEGATIVE83584_63_9,0.005676712840795517
FRAG_NEG_trNEGATIVE35870_15_9,0.028530556708574295
NEG_trNEGATIVE97838,0.1509561538696289
FRAG_NEG_trNEGATIVE87471_24_9,0.7972739934921265
FRAG_NEG_trNEGATIVE70191_36_10,0.07031986117362976
FRAG_NEG_trNEGATIVE61563_48_10,0.02524549327790737
FRAG_NEG_trNEGATIVE84432_18_10,0.13841953873634338
FRAG_NEG_trNEGATIVE60389_0_10,0.0009941954631358385
FRAG_NEG_trNEGATIVE73100_41_10,0.9021803140640259
FRAG_NEG_trNEGATIVE84819_14_10,0.5856307744979858
FRAG_NEG_trNEGATIVE53467_21_10,0.022763768211007118
NEG_teNEGATIVE18334,0.0210929773747921
FRAG_NEG_trNEGATIVE28397_8_10,0.0023776390589773655
FRAG_NEG_trNEGATIVE68177_29_10,0.08812789618968964
FRAG_NEG_trNEGATIVE74610_14_10,0.04019945487380028
FRAG_NEG_trNEGATIVE33646_9_10,0.34501758217811584
FRAG_NEG_trNEGATIVE69844_25_10,0.9334781765937805
FRAG_NEG_trNEGATIVE48716_8_10,0.46687740087509155
FRAG_NEG_trNEGATIVE35629_66_10,0.3283189833164215
FRAG_NEG_trNEGATIVE47482_17_10,0.002033280674368143
FRAG_NEG_trNEGATIVE71898_63_10,0.00038592034252360463
FRAG_NEG_trNEGATIVE78337_15_10,0.11589473485946655
FRAG_NEG_trNEGATIVE90772_70_10,0.5507734417915344
FRAG_NEG_trNEGATIVE82506_56_10,0.2149430811405182
FRAG_NEG_trNEGATIVE66509_35_10,0.18107236921787262
FRAG_NEG_trNEGATIVE38748_32_10,0.36709946393966675
FRAG_NEG_trNEGATIVE70267_60_10,0.21649856865406036
FRAG_NEG_trNEGATIVE47718_56_10,0.34167909622192383
FRAG_NEG_trNEGATIVE73239_14_10,0.44014301896095276
FRAG_NEG_trNEGATIVE46275_23_10,0.9968430399894714
FRAG_NEG_trNEGATIVE47947_17_10,0.6532819271087646
FRAG_NEG_trNEGATIVE87644_74_10,0.0019661127589643
FRAG_NEG_trNEGATIVE75125_23_10,0.49495649337768555
NEG_trNEGATIVE66312,0.2902918756008148
NEG_trNEGATIVE74639,0.08406104147434235
FRAG_NEG_trNEGATIVE38900_31_10,0.0021909771021455526
FRAG_NEG_trNEGATIVE54737_33_10,0.44127053022384644
FRAG_NEG_trNEGATIVE80275_82_10,0.3255159258842468
FRAG_NEG_trNEGATIVE74439_46_10,0.005773863755166531
FRAG_NEG_trNEGATIVE74328_54_10,0.9507910013198853
FRAG_NEG_trNEGATIVE69851_31_10,0.046810925006866455
FRAG_NEG_trNEGATIVE49684_26_10,0.002642167964950204
FRAG_NEG_trNEGATIVE80731_2_10,0.0014518038369715214
FRAG_NEG_trNEGATIVE87687_55_10,0.0006492463289760053
FRAG_NEG_trNEGATIVE84326_21_10,0.9572303891181946
FRAG_NEG_trNEGATIVE79461_45_10,0.13587483763694763
NEG_teNEGATIVE23344,0.003114284947514534
FRAG_NEG_trNEGATIVE82367_45_10,0.0037144203670322895
FRAG_NEG_trNEGATIVE80792_12_10,0.2568100094795227
FRAG_NEG_trNEGATIVE27918_25_10,0.5589118599891663
FRAG_NEG_trNEGATIVE92258_27_10,0.06251399219036102
FRAG_NEG_trNEGATIVE44181_24_10,0.31745871901512146
NEG_trNEGATIVE73873,0.018612781539559364
FRAG_NEG_trNEGATIVE80280_53_10,0.6300629377365112
FRAG_NEG_trNEGATIVE45057_63_10,0.9661263227462769
NEG_trNEGATIVE41563,0.011478209868073463
FRAG_NEG_trNEGATIVE58096_12_10,0.01299375481903553
FRAG_NEG_trNEGATIVE47663_37_10,0.0442870631814003
FRAG_NEG_trNEGATIVE81390_1_10,0.03228645771741867
FRAG_NEG_trNEGATIVE31776_66_10,0.009447792544960976
FRAG_NEG_trNEGATIVE47268_28_10,0.2637254595756531
FRAG_NEG_trNEGATIVE52234_18_10,0.3760116398334503
FRAG_NEG_trNEGATIVE88199_29_10,0.01783664897084236
FRAG_NEG_trNEGATIVE77511_7_10,0.16559603810310364
FRAG_NEG_trNEGATIVE85529_27_10,0.13768872618675232
FRAG_NEG_trNEGATIVE73055_32_10,0.07040751725435257
FRAG_NEG_trNEGATIVE92667_11_10,2.0122210116824135e-05
FRAG_NEG_trNEGATIVE38801_49_10,0.6836615800857544
FRAG_NEG_trNEGATIVE28837_63_10,0.32705122232437134
FRAG_NEG_trNEGATIVE33314_55_10,0.14200767874717712
FRAG_NEG_trNEGATIVE37726_87_10,0.12596775591373444
FRAG_NEG_trNEGATIVE90255_54_10,0.04797089472413063
FRAG_NEG_trNEGATIVE59281_44_10,0.06976543366909027
FRAG_NEG_trNEGATIVE33598_7_10,0.6975678205490112
FRAG_NEG_trNEGATIVE48791_27_10,0.0006844155723229051
FRAG_NEG_trNEGATIVE36370_2_10,0.9739643931388855
NEG_teNEGATIVE22305,0.001147118047811091
FRAG_NEG_trNEGATIVE72674_17_10,0.07067472487688065
FRAG_NEG_trNEGATIVE36783_19_10,0.03804715722799301
FRAG_NEG_trNEGATIVE64007_43_10,0.0004193677450530231
NEG_trNEGATIVE100161,0.20152290165424347
FRAG_NEG_trNEGATIVE80564_55_10,0.26997989416122437
FRAG_NEG_trNEGATIVE57619_12_10,0.702277660369873
FRAG_NEG_trNEGATIVE70479_36_10,0.17717769742012024
FRAG_NEG_trNEGATIVE68110_9_10,0.07928694039583206
FRAG_NEG_trNEGATIVE90289_17_10,0.08903300762176514
FRAG_NEG_trNEGATIVE61675_44_10,0.0003866257902700454
FRAG_NEG_trNEGATIVE44841_42_10,0.0008614500984549522
FRAG_NEG_trNEGATIVE30453_46_10,0.001022478798404336
FRAG_NEG_trNEGATIVE83944_28_10,0.14021727442741394
FRAG_NEG_trNEGATIVE36870_20_10,0.0694604441523552
FRAG_NEG_trNEGATIVE30200_8_10,0.0018783642444759607
FRAG_NEG_trNEGATIVE82829_53_10,0.006994151975959539
FRAG_NEG_trNEGATIVE37122_34_10,0.11967289447784424
FRAG_NEG_trNEGATIVE70835_35_10,0.42715176939964294
FRAG_NEG_trNEGATIVE40968_26_10,0.012849288061261177
FRAG_NEG_trNEGATIVE94727_45_10,0.005666148848831654
FRAG_NEG_trNEGATIVE51856_44_10,0.002663681283593178
FRAG_NEG_trNEGATIVE42521_55_10,0.010111398063600063
FRAG_NEG_trNEGATIVE62630_35_10,0.9269604682922363
FRAG_NEG_trNEGATIVE71152_50_10,0.0008809632854536176
FRAG_NEG_trNEGATIVE64864_30_10,0.5514165163040161
FRAG_NEG_trNEGATIVE62799_14_10,0.8064252138137817
FRAG_NEG_trNEGATIVE45252_38_10,0.6540416479110718
FRAG_NEG_trNEGATIVE82605_51_10,0.27055126428604126
FRAG_NEG_trNEGATIVE56201_21_10,0.2748025357723236
FRAG_NEG_trNEGATIVE59360_2_10,0.10459436476230621
NEG_teNEGATIVE13734,0.04966094717383385
FRAG_NEG_trNEGATIVE45177_21_10,0.16369184851646423
NEG_trNEGATIVE48314,0.0030614971183240414
FRAG_NEG_trNEGATIVE91732_7_10,0.17572583258152008
FRAG_NEG_trNEGATIVE45365_33_10,0.17050638794898987
FRAG_NEG_trNEGATIVE36602_59_10,0.4383731484413147
FRAG_NEG_trNEGATIVE75185_62_10,0.0014267305377870798
FRAG_NEG_trNEGATIVE32500_58_10,0.04753991216421127
FRAG_NEG_trNEGATIVE49987_47_10,0.20182016491889954
FRAG_NEG_trNEGATIVE86643_6_10,0.990838348865509
FRAG_NEG_trNEGATIVE34588_27_10,0.18823908269405365
FRAG_NEG_trNEGATIVE71388_45_10,0.6679428219795227
FRAG_NEG_trNEGATIVE46113_35_10,0.009555749595165253
FRAG_NEG_trNEGATIVE58951_62_10,3.982348425779492e-05
FRAG_NEG_trNEGATIVE61300_11_10,0.2611532211303711
FRAG_NEG_trNEGATIVE35193_9_10,0.8792422413825989
FRAG_NEG_trNEGATIVE34539_26_10,0.41584134101867676
FRAG_NEG_trNEGATIVE92782_19_10,0.0014024126576259732
FRAG_NEG_trNEGATIVE41845_66_10,0.056314416229724884
FRAG_NEG_trNEGATIVE74862_1_10,0.0403837189078331
FRAG_NEG_trNEGATIVE74603_27_10,0.16695205867290497
FRAG_NEG_trNEGATIVE88830_37_10,0.001129169249907136
FRAG_NEG_trNEGATIVE65579_37_10,0.05510006472468376
FRAG_NEG_trNEGATIVE63055_39_10,0.028924698010087013
FRAG_NEG_trNEGATIVE63153_6_10,0.012067299336194992
NEG_trNEGATIVE89133,0.28195834159851074
NEG_trNEGATIVE41704,0.00027619762113317847
FRAG_NEG_trNEGATIVE69844_9_10,0.012667198665440083
FRAG_NEG_trNEGATIVE36525_35_10,0.06265002489089966
FRAG_NEG_trNEGATIVE79299_28_10,0.7065838575363159
FRAG_NEG_trNEGATIVE66720_53_10,0.34544405341148376
FRAG_NEG_trNEGATIVE37726_68_10,0.00348851690068841
FRAG_NEG_trNEGATIVE28817_16_10,0.0024797196965664625
FRAG_NEG_trNEGATIVE29795_20_10,0.00712845753878355
FRAG_NEG_trNEGATIVE51461_66_10,0.030225927010178566
FRAG_NEG_trNEGATIVE83986_21_10,0.4683470129966736
FRAG_NEG_trNEGATIVE30091_43_10,0.3497857451438904
FRAG_NEG_trNEGATIVE28558_60_10,0.007713343016803265
FRAG_NEG_trNEGATIVE93313_19_10,0.07242491096258163
FRAG_NEG_trNEGATIVE58375_6_10,0.9590379595756531
FRAG_NEG_trNEGATIVE62084_74_10,0.13606956601142883
NEG_trNEGATIVE50873,0.05845947191119194
FRAG_NEG_trNEGATIVE63376_22_10,0.06621378660202026
FRAG_NEG_trNEGATIVE81986_83_10,0.0266878604888916
FRAG_NEG_trNEGATIVE56523_49_10,0.00034728326136246324
FRAG_NEG_trNEGATIVE91970_8_10,0.1329004466533661
FRAG_NEG_trNEGATIVE35180_44_10,0.47900065779685974
FRAG_NEG_trNEGATIVE75185_34_10,0.2897639870643616
FRAG_NEG_trNEGATIVE58419_17_10,0.005398628767579794
FRAG_NEG_trNEGATIVE37469_38_10,0.08302142471075058
FRAG_NEG_trNEGATIVE34860_28_10,0.04514341801404953
FRAG_NEG_trNEGATIVE71788_16_10,0.0019729589112102985
FRAG_NEG_trNEGATIVE39961_3_10,0.014534877613186836
FRAG_NEG_trNEGATIVE54945_42_10,0.050423137843608856
FRAG_NEG_trNEGATIVE66718_31_10,0.03438713401556015
NEG_trNEGATIVE80488,0.004091368522495031
FRAG_NEG_trNEGATIVE73433_0_10,9.08490110305138e-05
FRAG_NEG_trNEGATIVE86746_30_10,0.0289115309715271
FRAG_NEG_trNEGATIVE27950_33_10,0.012649471871554852
FRAG_NEG_trNEGATIVE76826_2_10,0.4743448793888092
FRAG_NEG_trNEGATIVE90895_48_10,0.9551116824150085
FRAG_NEG_trNEGATIVE32176_11_10,0.15215086936950684
FRAG_NEG_trNEGATIVE42400_61_10,0.006582637783139944
FRAG_NEG_trNEGATIVE62795_48_10,0.17282909154891968
FRAG_NEG_trNEGATIVE32820_7_10,6.286004645517096e-05
FRAG_NEG_trNEGATIVE30544_69_10,0.18472279608249664
FRAG_NEG_trNEGATIVE64185_13_10,0.059622623026371
FRAG_NEG_trNEGATIVE35864_22_10,0.8096558451652527
NEG_trNEGATIVE53510,0.002182615688070655
FRAG_NEG_trNEGATIVE61999_0_10,0.00019121805962640792
FRAG_NEG_trNEGATIVE69105_15_10,0.004349560476839542
FRAG_NEG_trNEGATIVE83705_57_10,0.005920839495956898
FRAG_NEG_trNEGATIVE44002_6_10,0.024177975952625275
FRAG_NEG_trNEGATIVE87512_51_10,0.012886608950793743
FRAG_NEG_trNEGATIVE84888_3_10,0.217925027012825
FRAG_NEG_trNEGATIVE47173_6_10,0.14630095660686493
FRAG_NEG_trNEGATIVE79245_32_10,0.08128134161233902
FRAG_NEG_trNEGATIVE61713_1_10,0.10283254086971283
FRAG_NEG_trNEGATIVE71200_29_10,0.007242133375257254
FRAG_NEG_trNEGATIVE94364_14_10,0.04151184856891632
FRAG_NEG_trNEGATIVE30948_60_10,0.07587920874357224
FRAG_NEG_trNEGATIVE60820_22_10,0.2850179672241211
FRAG_NEG_trNEGATIVE47408_56_10,0.10847504436969757
FRAG_NEG_trNEGATIVE81517_25_10,0.00598781555891037
FRAG_NEG_trNEGATIVE78139_57_10,0.7373965382575989
FRAG_NEG_trNEGATIVE46780_42_10,0.012311724945902824
FRAG_NEG_trNEGATIVE68641_40_10,0.3888484537601471
FRAG_NEG_trNEGATIVE29192_16_10,0.0026809179689735174
FRAG_NEG_trNEGATIVE52734_4_10,0.07869964092969894
FRAG_NEG_trNEGATIVE88167_65_10,0.0075405738316476345
FRAG_NEG_trNEGATIVE47243_17_10,0.40236330032348633
FRAG_NEG_trNEGATIVE66432_0_10,0.00014607133925892413
FRAG_NEG_trNEGATIVE82830_11_10,0.43567395210266113
FRAG_NEG_trNEGATIVE66233_1_10,0.036623742431402206
FRAG_NEG_trNEGATIVE95555_53_10,0.007165354676544666
FRAG_NEG_trNEGATIVE40834_53_10,0.018552141264081
FRAG_NEG_trNEGATIVE32913_58_10,0.29446014761924744
NEG_trNEGATIVE34295,0.16938230395317078
FRAG_NEG_trNEGATIVE77310_22_10,0.00019936103490181267
NEG_trNEGATIVE70319,0.005056301597505808
FRAG_NEG_trNEGATIVE79605_57_10,0.011666344478726387
FRAG_NEG_trNEGATIVE62973_17_10,0.005511872470378876
FRAG_NEG_trNEGATIVE66234_13_10,0.7091432809829712
FRAG_NEG_trNEGATIVE63133_58_10,0.08936963975429535
FRAG_NEG_trNEGATIVE57538_45_10,0.010007265955209732
FRAG_NEG_trNEGATIVE68527_25_10,0.3259288966655731
FRAG_NEG_trNEGATIVE49297_34_10,7.564202678622678e-05
FRAG_NEG_trNEGATIVE87505_26_10,0.03432280570268631
FRAG_NEG_trNEGATIVE72067_21_10,0.00021621448104269803
FRAG_NEG_trNEGATIVE61730_8_10,0.01328952331095934
FRAG_NEG_trNEGATIVE65294_73_10,0.03800532966852188
FRAG_NEG_trNEGATIVE96532_7_10,0.0067273578606545925
FRAG_NEG_trNEGATIVE85743_32_10,0.016256913542747498
FRAG_NEG_trNEGATIVE53623_5_10,0.15632306039333344
FRAG_NEG_trNEGATIVE93132_4_10,0.90846186876297
FRAG_NEG_trNEGATIVE30957_39_10,0.004186642821878195
FRAG_NEG_trNEGATIVE51669_22_10,0.5300623178482056
FRAG_NEG_trNEGATIVE53744_41_10,0.2967522144317627
FRAG_NEG_trNEGATIVE85729_6_10,0.6862541437149048
FRAG_NEG_trNEGATIVE64023_54_10,0.12102655321359634
FRAG_NEG_trNEGATIVE42521_43_10,0.017306771129369736
FRAG_NEG_trNEGATIVE84651_3_10,0.4519982933998108
NEG_trNEGATIVE56930,0.009854549542069435
FRAG_NEG_trNEGATIVE75833_23_10,0.023330561816692352
FRAG_NEG_trNEGATIVE86744_9_10,0.23270609974861145
FRAG_NEG_trNEGATIVE58940_12_10,0.09447471797466278
FRAG_NEG_trNEGATIVE67647_44_10,0.0008297809399664402
NEG_trNEGATIVE44084,0.36281484365463257
FRAG_NEG_trNEGATIVE37240_49_10,0.10373207181692123
FRAG_NEG_trNEGATIVE64293_51_10,0.08273790776729584
FRAG_NEG_trNEGATIVE53070_46_10,0.33979910612106323
FRAG_NEG_trNEGATIVE47404_39_10,0.27634555101394653
FRAG_NEG_trNEGATIVE32676_38_10,0.7288613319396973
FRAG_NEG_trNEGATIVE37791_45_10,0.07617248594760895
FRAG_NEG_trNEGATIVE87419_25_10,0.4076162278652191
FRAG_NEG_trNEGATIVE91985_8_10,0.2592170238494873
FRAG_NEG_trNEGATIVE43269_10_10,0.46165531873703003
FRAG_NEG_trNEGATIVE33800_7_10,0.1826460212469101
FRAG_NEG_trNEGATIVE39004_69_10,0.5639151334762573
FRAG_NEG_trNEGATIVE39692_45_10,0.029096951708197594
FRAG_NEG_trNEGATIVE54009_5_10,0.0012103456538170576
FRAG_NEG_trNEGATIVE34514_28_10,0.006650129798799753
FRAG_NEG_trNEGATIVE30057_28_10,0.03559546917676926
FRAG_NEG_trNEGATIVE67819_50_10,0.053718797862529755
FRAG_NEG_trNEGATIVE36422_7_10,0.9316191673278809
FRAG_NEG_trNEGATIVE42422_48_10,0.25138527154922485
FRAG_NEG_trNEGATIVE31110_19_10,0.04248793423175812
FRAG_NEG_trNEGATIVE81209_33_10,0.0005381186492741108
FRAG_NEG_trNEGATIVE78727_9_10,0.2906098961830139
FRAG_NEG_trNEGATIVE42096_37_10,0.10826965421438217
FRAG_NEG_trNEGATIVE52230_1_10,0.21747927367687225
FRAG_NEG_trNEGATIVE68769_24_10,9.187464229398756e-07
FRAG_NEG_trNEGATIVE36290_87_10,0.16460317373275757
FRAG_NEG_trNEGATIVE89605_47_10,0.029766079038381577
FRAG_NEG_trNEGATIVE43013_2_10,0.008842375129461288
FRAG_NEG_trNEGATIVE40980_30_10,0.000810153956990689
FRAG_NEG_trNEGATIVE84468_6_10,0.03534088283777237
FRAG_NEG_trNEGATIVE71374_21_10,6.550431862706318e-05
FRAG_NEG_trNEGATIVE51921_17_10,0.10405151546001434
FRAG_NEG_trNEGATIVE29851_64_10,0.29241055250167847
NEG_trNEGATIVE35463,0.23777909576892853
NEG_trNEGATIVE28862,0.2394128292798996
FRAG_NEG_trNEGATIVE63846_11_10,0.2654950022697449
FRAG_NEG_trNEGATIVE35529_61_10,0.29455265402793884
FRAG_NEG_trNEGATIVE50868_15_10,0.09962660074234009
FRAG_NEG_trNEGATIVE84790_6_10,0.2731393277645111
FRAG_NEG_trNEGATIVE52961_41_10,0.0788969174027443
FRAG_NEG_trNEGATIVE63018_36_10,0.13475459814071655
FRAG_NEG_trNEGATIVE39448_19_10,0.0035926965065300465
FRAG_NEG_trNEGATIVE33192_34_10,0.5939679145812988
FRAG_NEG_trNEGATIVE53014_2_10,0.06967273354530334
FRAG_NEG_trNEGATIVE29951_44_10,0.033566705882549286
FRAG_NEG_trNEGATIVE86732_72_10,0.0034658382646739483
FRAG_NEG_trNEGATIVE84154_70_10,0.4145714342594147
FRAG_NEG_trNEGATIVE88847_27_10,0.4806584417819977
FRAG_NEG_trNEGATIVE81159_30_10,0.34446981549263
FRAG_NEG_trNEGATIVE54015_23_10,0.5460489988327026
FRAG_NEG_trNEGATIVE61126_35_10,0.8372562527656555
FRAG_NEG_trNEGATIVE48026_32_10,0.14715807139873505
FRAG_NEG_trNEGATIVE31708_48_10,0.060040343552827835
FRAG_NEG_trNEGATIVE34743_2_10,0.68775475025177
FRAG_NEG_trNEGATIVE94208_18_10,0.921047031879425
FRAG_NEG_trNEGATIVE93893_44_10,0.11913859844207764
NEG_trNEGATIVE60758,0.0067349993623793125
NEG_trNEGATIVE47592,0.0001511509472038597
NEG_trNEGATIVE31841,0.5492995977401733
FRAG_NEG_trNEGATIVE47794_53_10,0.5644291043281555
FRAG_NEG_trNEGATIVE90338_29_10,0.9823981523513794
FRAG_NEG_trNEGATIVE31266_59_10,0.08760438114404678
FRAG_NEG_trNEGATIVE40834_5_10,0.9648755788803101
FRAG_NEG_trNEGATIVE70219_59_10,0.9643270373344421
NEG_trNEGATIVE89641,2.4680844944668934e-05
FRAG_NEG_trNEGATIVE90408_60_10,0.4125863015651703
FRAG_NEG_trNEGATIVE40761_30_10,0.0030025129672139883
FRAG_NEG_trNEGATIVE49229_28_10,0.011199383065104485
FRAG_NEG_trNEGATIVE51325_65_10,0.004448411986231804
FRAG_NEG_trNEGATIVE75165_28_10,0.004169435240328312
FRAG_NEG_trNEGATIVE37994_51_10,0.04170364513993263
FRAG_NEG_trNEGATIVE96823_13_10,0.08673012256622314
FRAG_NEG_trNEGATIVE51982_22_10,0.137409970164299
FRAG_NEG_trNEGATIVE56643_19_10,0.6449426412582397
FRAG_NEG_trNEGATIVE91239_61_10,0.8358639478683472
FRAG_NEG_trNEGATIVE77089_13_10,0.12504489719867706
FRAG_NEG_trNEGATIVE32176_6_10,0.014973282814025879
FRAG_NEG_trNEGATIVE94073_17_10,3.1808402127353474e-05
FRAG_NEG_trNEGATIVE92379_47_10,0.015162060968577862
FRAG_NEG_trNEGATIVE39300_18_10,0.0026773647405207157
FRAG_NEG_trNEGATIVE31413_17_10,0.326752245426178
FRAG_NEG_trNEGATIVE43727_34_10,0.9198856353759766
FRAG_NEG_trNEGATIVE31759_11_10,9.146149750449695e-06
FRAG_NEG_trNEGATIVE77715_33_10,0.026286572217941284
FRAG_NEG_trNEGATIVE39865_86_10,0.00504313176497817
FRAG_NEG_trNEGATIVE96794_37_10,0.07688967883586884
FRAG_NEG_trNEGATIVE91442_26_10,0.18070170283317566
FRAG_NEG_trNEGATIVE46695_38_10,0.8642451167106628
FRAG_NEG_trNEGATIVE70447_39_10,0.08560942113399506
FRAG_NEG_trNEGATIVE42620_29_10,0.16636867821216583
FRAG_NEG_trNEGATIVE78365_34_10,0.1937236785888672
FRAG_NEG_trNEGATIVE30544_77_10,0.9230402708053589
FRAG_NEG_trNEGATIVE54316_43_10,0.0627947747707367
FRAG_NEG_trNEGATIVE50734_40_10,0.9805815815925598
FRAG_NEG_trNEGATIVE56964_64_10,0.0004177028895355761
FRAG_NEG_trNEGATIVE32322_72_10,0.2765008211135864
FRAG_NEG_trNEGATIVE74442_34_10,0.5581817030906677
FRAG_NEG_trNEGATIVE28970_31_10,0.9774662852287292
FRAG_NEG_trNEGATIVE67028_35_10,0.05903409793972969
FRAG_NEG_trNEGATIVE46184_18_10,0.9810253381729126
FRAG_NEG_trNEGATIVE71492_5_10,0.05760151147842407
FRAG_NEG_trNEGATIVE68320_22_10,0.6688922047615051
NEG_trNEGATIVE41261,5.4793003073427826e-05
FRAG_NEG_trNEGATIVE89818_1_10,0.03338915854692459
FRAG_NEG_trNEGATIVE66485_8_10,0.7739695310592651
FRAG_NEG_trNEGATIVE47740_72_10,0.22374017536640167
FRAG_NEG_trNEGATIVE28222_50_10,0.7693138122558594
FRAG_NEG_trNEGATIVE31373_34_10,0.6436418294906616
FRAG_NEG_trNEGATIVE61615_49_10,0.002075233031064272
FRAG_NEG_trNEGATIVE55240_53_10,0.33704113960266113
FRAG_NEG_trNEGATIVE69892_16_10,0.06793208420276642
FRAG_NEG_trNEGATIVE55297_37_10,0.05411602929234505
FRAG_NEG_trNEGATIVE84728_70_10,0.26418280601501465
FRAG_NEG_trNEGATIVE32682_38_10,0.8321892619132996
FRAG_NEG_trNEGATIVE42951_9_10,0.04694700241088867
FRAG_NEG_trNEGATIVE71421_23_10,0.15185289084911346
FRAG_NEG_trNEGATIVE50338_60_10,0.33211907744407654
FRAG_NEG_trNEGATIVE76022_35_10,0.039262592792510986
FRAG_NEG_trNEGATIVE29760_18_10,0.3896802067756653
FRAG_NEG_trNEGATIVE46482_46_10,0.006518771406263113
FRAG_NEG_trNEGATIVE34647_11_10,0.8569146394729614
FRAG_NEG_trNEGATIVE43155_42_10,0.07071751356124878
FRAG_NEG_trNEGATIVE30090_61_10,0.957325279712677
FRAG_NEG_trNEGATIVE85011_10_10,0.011753775179386139
FRAG_NEG_trNEGATIVE37845_46_10,0.889912486076355
FRAG_NEG_trNEGATIVE45880_4_10,0.021821023896336555
FRAG_NEG_trNEGATIVE40371_40_10,0.006531722843647003
FRAG_NEG_trNEGATIVE89426_2_10,0.030588313937187195
FRAG_NEG_trNEGATIVE62442_9_10,0.1393672227859497
FRAG_NEG_trNEGATIVE46352_6_10,0.9056317210197449
FRAG_NEG_trNEGATIVE38983_7_10,0.6377618312835693
NEG_trNEGATIVE90320,0.19916436076164246
FRAG_NEG_trNEGATIVE56625_19_10,0.02499297447502613
FRAG_NEG_trNEGATIVE36438_70_10,0.0028522186912596226
FRAG_NEG_trNEGATIVE85418_22_10,0.0005918847164139152
FRAG_NEG_trNEGATIVE88433_25_10,0.23810867965221405
FRAG_NEG_trNEGATIVE53270_34_10,0.23840300738811493
FRAG_NEG_trNEGATIVE47299_16_10,0.0960799902677536
FRAG_NEG_trNEGATIVE32160_29_10,0.08845596015453339
FRAG_NEG_trNEGATIVE44745_67_10,0.0483086034655571
FRAG_NEG_trNEGATIVE51349_67_10,0.6815553307533264
FRAG_NEG_trNEGATIVE32789_17_10,0.009329250082373619
FRAG_NEG_trNEGATIVE83947_22_10,0.19759222865104675
FRAG_NEG_trNEGATIVE71549_12_10,0.5976759195327759
FRAG_NEG_trNEGATIVE33023_41_10,0.09516723453998566
NEG_trNEGATIVE30383,0.010845933109521866
FRAG_NEG_trNEGATIVE65012_8_10,0.03445103019475937
FRAG_NEG_trNEGATIVE67455_11_10,0.3100789189338684
NEG_teNEGATIVE14590,0.3592301309108734
NEG_trNEGATIVE93717,0.03497205302119255
FRAG_NEG_trNEGATIVE92356_69_10,0.14795784652233124
FRAG_NEG_trNEGATIVE30425_58_10,0.01713496819138527
FRAG_NEG_trNEGATIVE50330_31_10,0.005382106639444828
FRAG_NEG_trNEGATIVE33934_38_10,0.7048746943473816
FRAG_NEG_trNEGATIVE40567_63_10,0.12786570191383362
FRAG_NEG_trNEGATIVE55949_5_10,0.832867443561554
NEG_trNEGATIVE69983,5.4654074119753204e-06
FRAG_NEG_trNEGATIVE75796_29_10,0.0453629270195961
FRAG_NEG_trNEGATIVE36412_41_10,0.2799174189567566
FRAG_NEG_trNEGATIVE50502_25_10,0.11443282663822174
FRAG_NEG_trNEGATIVE28600_46_10,0.0034266088623553514
FRAG_NEG_trNEGATIVE55812_20_10,0.07672331482172012
FRAG_NEG_trNEGATIVE50509_46_10,0.6194602251052856
FRAG_NEG_trNEGATIVE84608_46_10,0.14207732677459717
FRAG_NEG_trNEGATIVE29979_19_10,0.20418615639209747
FRAG_NEG_trNEGATIVE43609_51_10,0.02930283546447754
FRAG_NEG_trNEGATIVE29498_17_10,0.009797312319278717
FRAG_NEG_trNEGATIVE84429_59_10,0.21987652778625488
FRAG_NEG_trNEGATIVE50823_34_10,0.0027034846134483814
FRAG_NEG_trNEGATIVE85851_61_10,0.002291013253852725
FRAG_NEG_trNEGATIVE64185_41_10,0.1638460010290146
FRAG_NEG_trNEGATIVE76557_47_10,0.3407494127750397
FRAG_NEG_trNEGATIVE76509_50_10,0.23284617066383362
NEG_trNEGATIVE63054,0.0016813228139653802
FRAG_NEG_trNEGATIVE75841_6_10,0.6965365409851074
FRAG_NEG_trNEGATIVE38813_80_10,0.0006954153650440276
FRAG_NEG_trNEGATIVE50819_12_10,0.2969414293766022
FRAG_NEG_trNEGATIVE28219_38_10,0.00340653071179986
FRAG_NEG_trNEGATIVE61675_43_10,0.01196159515529871
FRAG_NEG_trNEGATIVE79961_30_10,0.29557421803474426
FRAG_NEG_trNEGATIVE53300_61_10,0.08654020726680756
FRAG_NEG_trNEGATIVE72261_5_10,0.19242867827415466
FRAG_NEG_trNEGATIVE54736_77_10,0.020494302734732628
FRAG_NEG_trNEGATIVE86601_18_10,0.35557934641838074
FRAG_NEG_trNEGATIVE30217_88_10,0.40014123916625977
FRAG_NEG_trNEGATIVE54521_49_10,0.627242922782898
FRAG_NEG_trNEGATIVE85276_8_10,0.812796413898468
FRAG_NEG_trNEGATIVE53150_60_10,0.31646254658699036
FRAG_NEG_trNEGATIVE72375_47_10,0.009791219606995583
FRAG_NEG_trNEGATIVE93944_12_10,0.3208237588405609
FRAG_NEG_trNEGATIVE53731_42_10,0.17038494348526
FRAG_NEG_trNEGATIVE31373_33_10,0.13246983289718628
FRAG_NEG_trNEGATIVE93455_27_10,0.18214614689350128
FRAG_NEG_trNEGATIVE93188_32_10,0.3142358660697937
FRAG_NEG_trNEGATIVE48929_83_10,0.0883934423327446
FRAG_NEG_trNEGATIVE34681_17_10,0.13716505467891693
FRAG_NEG_trNEGATIVE44208_11_10,0.003174046752974391
FRAG_NEG_trNEGATIVE33791_8_10,0.2024937868118286
FRAG_NEG_trNEGATIVE83464_38_10,0.35344022512435913
FRAG_NEG_trNEGATIVE32307_6_10,0.09906548261642456
FRAG_NEG_trNEGATIVE38368_30_10,0.2644118666648865
FRAG_NEG_trNEGATIVE75662_22_10,0.09262962639331818
FRAG_NEG_trNEGATIVE96926_45_10,0.1664559543132782
FRAG_NEG_trNEGATIVE52454_32_10,0.09377507865428925
FRAG_NEG_trNEGATIVE31541_33_10,0.18586091697216034
FRAG_NEG_trNEGATIVE47422_3_10,0.6359442472457886
FRAG_NEG_trNEGATIVE75383_20_10,0.5291411280632019
FRAG_NEG_trNEGATIVE70999_58_10,0.0014644514303654432
FRAG_NEG_trNEGATIVE81349_68_10,0.1941724717617035
FRAG_NEG_trNEGATIVE78171_52_10,0.093027263879776
FRAG_NEG_trNEGATIVE56826_35_10,0.31231242418289185
FRAG_NEG_trNEGATIVE85508_12_10,0.3335449695587158
FRAG_NEG_trNEGATIVE65647_24_10,0.23125764727592468
FRAG_NEG_trNEGATIVE73006_68_10,0.0027862894348800182
FRAG_NEG_trNEGATIVE67438_3_10,0.26644033193588257
FRAG_NEG_trNEGATIVE40682_10_10,0.6910089254379272
NEG_trNEGATIVE87415,0.027357149869203568
FRAG_NEG_trNEGATIVE97414_26_10,0.37783879041671753
FRAG_NEG_trNEGATIVE73415_20_10,0.05776059627532959
FRAG_NEG_trNEGATIVE56125_53_10,0.2819986939430237
FRAG_NEG_trNEGATIVE60486_27_10,0.0034865657798945904
FRAG_NEG_trNEGATIVE58939_9_10,0.6709975004196167
NEG_trNEGATIVE55708,0.11333026736974716
FRAG_NEG_trNEGATIVE30297_51_10,0.4405556619167328
NEG_teNEGATIVE08052,0.12766961753368378
FRAG_NEG_trNEGATIVE46094_82_10,0.06232328340411186
FRAG_NEG_trNEGATIVE87744_1_10,0.5235532522201538
FRAG_NEG_trNEGATIVE80526_50_10,0.5722366571426392
FRAG_NEG_trNEGATIVE83216_25_10,0.2494480311870575
FRAG_NEG_trNEGATIVE62001_88_10,0.007024126593023539
FRAG_NEG_trNEGATIVE42231_13_10,0.20296251773834229
FRAG_NEG_trNEGATIVE28456_57_10,0.35240334272384644
FRAG_NEG_trNEGATIVE60096_42_10,0.06995294988155365
FRAG_NEG_trNEGATIVE75457_19_10,0.50406414270401
FRAG_NEG_trNEGATIVE35958_21_10,0.5039626359939575
FRAG_NEG_trNEGATIVE86620_4_10,0.6478055119514465
FRAG_NEG_trNEGATIVE70706_81_10,0.08631043881177902
FRAG_NEG_trNEGATIVE84891_26_10,0.8157275319099426
FRAG_NEG_trNEGATIVE59725_47_10,0.016367943957448006
FRAG_NEG_trNEGATIVE62781_11_10,6.51766822556965e-05
FRAG_NEG_trNEGATIVE80481_9_10,0.5731687545776367
FRAG_NEG_trNEGATIVE87474_72_10,0.3404216468334198
FRAG_NEG_trNEGATIVE95086_65_10,0.013764563016593456
NEG_trNEGATIVE90788,0.01964491419494152
FRAG_NEG_trNEGATIVE65137_48_10,0.009435389190912247
FRAG_NEG_trNEGATIVE56456_37_10,0.05791471526026726
FRAG_NEG_trNEGATIVE81039_63_10,0.041346605867147446
FRAG_NEG_trNEGATIVE45874_9_10,0.02270221710205078
FRAG_NEG_trNEGATIVE76759_9_10,0.17477497458457947
FRAG_NEG_trNEGATIVE62630_5_10,0.9827972650527954
FRAG_NEG_trNEGATIVE79675_61_10,0.11463028192520142
FRAG_NEG_trNEGATIVE31639_1_10,0.03690267354249954
FRAG_NEG_trNEGATIVE85084_13_10,0.04166506975889206
FRAG_NEG_trNEGATIVE64453_32_10,0.03436944633722305
FRAG_NEG_trNEGATIVE45865_11_10,0.003888473380357027
FRAG_NEG_trNEGATIVE66720_57_10,0.389257550239563
FRAG_NEG_trNEGATIVE84159_41_10,0.15710042417049408
FRAG_NEG_trNEGATIVE58419_41_10,0.5501422882080078
FRAG_NEG_trNEGATIVE81605_41_10,0.440237820148468
FRAG_NEG_trNEGATIVE30425_15_10,0.04075511544942856
FRAG_NEG_trNEGATIVE97487_2_10,0.47358036041259766
FRAG_NEG_trNEGATIVE72756_51_10,0.002905425149947405
FRAG_NEG_trNEGATIVE66754_43_10,0.09620922803878784
FRAG_NEG_trNEGATIVE61324_36_10,0.01928786374628544
FRAG_NEG_trNEGATIVE85851_7_10,0.4358278810977936
FRAG_NEG_trNEGATIVE69971_24_10,0.0014510094188153744
FRAG_NEG_trNEGATIVE63823_56_10,0.17185625433921814
FRAG_NEG_trNEGATIVE92269_40_10,0.31009218096733093
FRAG_NEG_trNEGATIVE45995_40_10,0.7639604210853577
FRAG_NEG_trNEGATIVE73348_26_10,0.9867661595344543
FRAG_NEG_trNEGATIVE29760_34_10,0.023872829973697662
FRAG_NEG_trNEGATIVE62593_23_10,0.0011227611685171723
FRAG_NEG_trNEGATIVE97366_35_10,0.963952898979187
FRAG_NEG_trNEGATIVE69593_33_10,0.4195917546749115
FRAG_NEG_trNEGATIVE44002_43_10,0.20024290680885315
FRAG_NEG_trNEGATIVE37156_16_10,0.20552870631217957
FRAG_NEG_trNEGATIVE70464_41_10,0.09628334641456604
FRAG_NEG_trNEGATIVE66699_3_10,0.675250232219696
FRAG_NEG_trNEGATIVE81386_32_10,0.7216299176216125
FRAG_NEG_trNEGATIVE68701_39_10,0.17421701550483704
FRAG_NEG_trNEGATIVE28218_53_10,0.18270748853683472
FRAG_NEG_trNEGATIVE95673_15_10,0.30248144268989563
FRAG_NEG_trNEGATIVE34370_30_10,0.7023152709007263
FRAG_NEG_trNEGATIVE29366_46_10,2.860316635633353e-05
FRAG_NEG_trNEGATIVE36602_47_10,0.0043810829520225525
FRAG_NEG_trNEGATIVE54392_26_10,0.2502010762691498
FRAG_NEG_trNEGATIVE74182_37_10,0.22162838280200958
FRAG_NEG_trNEGATIVE71491_64_10,0.18373213708400726
FRAG_NEG_trNEGATIVE97040_59_10,0.019271045923233032
FRAG_NEG_trNEGATIVE65065_33_10,0.26029855012893677
FRAG_NEG_trNEGATIVE53160_82_10,0.09119658172130585
FRAG_NEG_trNEGATIVE70991_14_10,0.5672982931137085
FRAG_NEG_trNEGATIVE55853_17_10,0.000975191593170166
FRAG_NEG_trNEGATIVE58449_7_10,0.06945556402206421
FRAG_NEG_trNEGATIVE80763_6_10,0.005051678512245417
FRAG_NEG_trNEGATIVE53317_14_10,0.0033791393507272005
NEG_teNEGATIVE14917,0.0007702598813921213
NEG_teNEGATIVE09951,0.25473156571388245
FRAG_NEG_trNEGATIVE38748_58_10,0.00527042243629694
FRAG_NEG_trNEGATIVE68025_40_10,0.5495296716690063
FRAG_NEG_trNEGATIVE95360_42_10,0.16709068417549133
FRAG_NEG_trNEGATIVE90916_38_10,0.6232749223709106
FRAG_NEG_trNEGATIVE47034_49_10,0.8094831705093384
FRAG_NEG_trNEGATIVE79031_32_10,0.26059117913246155
FRAG_NEG_trNEGATIVE55604_63_10,0.6126810312271118
FRAG_NEG_trNEGATIVE90691_74_10,0.01892958953976631
FRAG_NEG_trNEGATIVE69943_46_10,0.15966428816318512
FRAG_NEG_trNEGATIVE74088_13_10,0.014340023510158062
FRAG_NEG_trNEGATIVE43934_43_10,0.5155998468399048
FRAG_NEG_trNEGATIVE89652_43_10,0.22511644661426544
FRAG_NEG_trNEGATIVE77302_79_10,0.027461808174848557
FRAG_NEG_trNEGATIVE72691_24_10,0.9331659078598022
FRAG_NEG_trNEGATIVE85055_16_10,0.014410833828151226
FRAG_NEG_trNEGATIVE81808_24_10,0.041641607880592346
NEG_teNEGATIVE09355,0.008526230230927467
FRAG_NEG_trNEGATIVE85253_52_10,0.05374981090426445
FRAG_NEG_trNEGATIVE95195_14_10,0.5638383030891418
FRAG_NEG_trNEGATIVE33198_45_10,0.03769082948565483
FRAG_NEG_trNEGATIVE46140_79_10,0.7848647832870483
FRAG_NEG_trNEGATIVE75386_59_10,0.06396069377660751
FRAG_NEG_trNEGATIVE36180_41_10,0.019911419600248337
FRAG_NEG_trNEGATIVE95145_6_10,0.1504850685596466
FRAG_NEG_trNEGATIVE93381_31_10,0.00023088723537512124
NEG_trNEGATIVE79185,6.041499545972329e-06
FRAG_NEG_trNEGATIVE70478_28_10,0.014258014969527721
FRAG_NEG_trNEGATIVE34465_28_10,0.7278774976730347
FRAG_NEG_trNEGATIVE94821_52_10,0.3428274691104889
FRAG_NEG_trNEGATIVE71525_42_10,0.3760792016983032
FRAG_NEG_trNEGATIVE79784_10_10,0.00020103009592276067
FRAG_NEG_trNEGATIVE62031_22_10,0.3577468991279602
FRAG_NEG_trNEGATIVE96418_18_10,0.0010339797008782625
FRAG_NEG_trNEGATIVE96694_36_10,0.0004904974484816194
FRAG_NEG_trNEGATIVE59268_15_10,0.002747438382357359
FRAG_NEG_trNEGATIVE52630_62_10,0.12117896229028702
FRAG_NEG_trNEGATIVE76952_18_10,0.011912318877875805
FRAG_NEG_trNEGATIVE94577_43_10,0.6872503757476807
FRAG_NEG_trNEGATIVE57420_12_10,0.00017147869220934808
FRAG_NEG_trNEGATIVE68080_21_10,0.14371931552886963
FRAG_NEG_trNEGATIVE46472_57_10,0.5228639841079712
FRAG_NEG_trNEGATIVE68320_66_10,0.012615837156772614
FRAG_NEG_trNEGATIVE82509_3_10,0.5682531595230103
FRAG_NEG_trNEGATIVE90076_42_10,0.36620140075683594
FRAG_NEG_trNEGATIVE31575_67_10,0.009799227118492126
FRAG_NEG_trNEGATIVE94760_3_10,0.6812787055969238
FRAG_NEG_trNEGATIVE59291_15_10,0.030476564541459084
FRAG_NEG_trNEGATIVE81941_77_10,0.07815959304571152
FRAG_NEG_trNEGATIVE75588_20_10,0.2755923271179199
FRAG_NEG_trNEGATIVE69489_25_10,0.0882408618927002
FRAG_NEG_trNEGATIVE55791_19_10,0.08676666766405106
NEG_teNEGATIVE17393,0.15118256211280823
FRAG_NEG_trNEGATIVE97497_31_10,0.1651163101196289
FRAG_NEG_trNEGATIVE60803_30_10,0.0008509127655997872
FRAG_NEG_trNEGATIVE34363_20_10,0.051743097603321075
FRAG_NEG_trNEGATIVE76907_52_10,0.008478907868266106
FRAG_NEG_trNEGATIVE51628_5_10,0.12608131766319275
FRAG_NEG_trNEGATIVE62419_52_10,0.6208396553993225
FRAG_NEG_trNEGATIVE69028_32_10,0.09986332058906555
NEG_trNEGATIVE96691,0.0017556112725287676
FRAG_NEG_trNEGATIVE41359_44_10,0.4841221272945404
FRAG_NEG_trNEGATIVE32494_4_10,0.8753425478935242
FRAG_NEG_trNEGATIVE62780_27_10,0.7713560461997986
FRAG_NEG_trNEGATIVE62894_46_10,0.4228169322013855
FRAG_NEG_trNEGATIVE80422_28_10,0.0733577087521553
FRAG_NEG_trNEGATIVE65844_54_10,0.0017655541887506843
FRAG_NEG_trNEGATIVE30339_30_10,0.0005924712750129402
FRAG_NEG_trNEGATIVE45297_13_10,0.19608564674854279
FRAG_NEG_trNEGATIVE29661_43_10,0.04905843734741211
FRAG_NEG_trNEGATIVE95174_43_10,0.6006709933280945
FRAG_NEG_trNEGATIVE49461_68_10,0.00014782593643758446
FRAG_NEG_trNEGATIVE92558_12_10,0.006193095352500677
FRAG_NEG_trNEGATIVE71259_27_10,3.340608145663282e-06
FRAG_NEG_trNEGATIVE84767_52_10,0.8434823751449585
FRAG_NEG_trNEGATIVE85276_46_10,0.10262111574411392
FRAG_NEG_trNEGATIVE38441_62_10,0.024709023535251617
FRAG_NEG_trNEGATIVE81477_13_10,0.1685759574174881
NEG_trNEGATIVE86052,0.021362824365496635
FRAG_NEG_trNEGATIVE81238_44_10,0.9067595601081848
FRAG_NEG_trNEGATIVE78653_2_10,0.0014864045660942793
FRAG_NEG_trNEGATIVE65552_26_10,0.0008833465981297195
FRAG_NEG_trNEGATIVE60368_57_10,0.01996038854122162
FRAG_NEG_trNEGATIVE79248_30_10,0.021707210689783096
FRAG_NEG_trNEGATIVE85809_25_10,0.10001031309366226
FRAG_NEG_trNEGATIVE93966_54_10,0.339600145816803
FRAG_NEG_trNEGATIVE97079_0_10,0.0007577332435175776
FRAG_NEG_trNEGATIVE59299_29_10,0.4596025347709656
FRAG_NEG_trNEGATIVE96518_28_10,0.6705842018127441
FRAG_NEG_trNEGATIVE87547_35_10,0.0012271045707166195
FRAG_NEG_trNEGATIVE43162_29_10,0.011444523930549622
FRAG_NEG_trNEGATIVE97173_2_10,0.673408031463623
FRAG_NEG_trNEGATIVE53133_24_10,0.02855444885790348
NEG_trNEGATIVE84920,0.38095149397850037
FRAG_NEG_trNEGATIVE40889_47_10,0.5434011220932007
FRAG_NEG_trNEGATIVE78105_35_10,0.6562663316726685
FRAG_NEG_trNEGATIVE71363_14_10,0.15451334416866302
FRAG_NEG_trNEGATIVE52317_15_10,0.4050542414188385
FRAG_NEG_trNEGATIVE95899_18_10,0.04212356358766556
FRAG_NEG_trNEGATIVE62163_12_10,0.7306643724441528
FRAG_NEG_trNEGATIVE44002_65_10,0.8855989575386047
FRAG_NEG_trNEGATIVE70446_25_10,0.26202696561813354
FRAG_NEG_trNEGATIVE60820_15_10,0.04024985432624817
FRAG_NEG_trNEGATIVE77897_33_10,0.6942582726478577
FRAG_NEG_trNEGATIVE50591_35_10,0.3506085276603699
FRAG_NEG_trNEGATIVE76936_38_10,0.05284443497657776
FRAG_NEG_trNEGATIVE54710_17_10,0.14117977023124695
FRAG_NEG_trNEGATIVE69414_11_10,0.015317430719733238
FRAG_NEG_trNEGATIVE55414_49_10,0.0010337561834603548
FRAG_NEG_trNEGATIVE58195_58_10,0.2609787881374359
FRAG_NEG_trNEGATIVE89542_51_10,0.08744213730096817
FRAG_NEG_trNEGATIVE65010_44_10,0.11771251261234283
FRAG_NEG_trNEGATIVE31426_18_10,0.6592695713043213
FRAG_NEG_trNEGATIVE33286_43_10,0.000820022716652602
FRAG_NEG_trNEGATIVE29363_37_10,0.6876638531684875
FRAG_NEG_trNEGATIVE84293_37_10,0.0038015865720808506
FRAG_NEG_trNEGATIVE44181_72_10,0.02213757112622261
FRAG_NEG_trNEGATIVE75372_40_10,0.46167516708374023
FRAG_NEG_trNEGATIVE62804_16_10,0.0008370148716494441
FRAG_NEG_trNEGATIVE78614_29_10,0.6513014435768127
FRAG_NEG_trNEGATIVE94323_9_10,0.11993680894374847
FRAG_NEG_trNEGATIVE86307_23_10,0.7490483522415161
FRAG_NEG_trNEGATIVE88682_11_10,0.8955222368240356
FRAG_NEG_trNEGATIVE56608_29_10,0.22431716322898865
FRAG_NEG_trNEGATIVE43289_22_10,0.563954770565033
FRAG_NEG_trNEGATIVE69854_6_10,0.30736619234085083
NEG_trNEGATIVE39548,0.39549416303634644
FRAG_NEG_trNEGATIVE31525_24_10,0.02378363348543644
FRAG_NEG_trNEGATIVE44227_44_10,0.10572358220815659
FRAG_NEG_trNEGATIVE47943_54_10,0.000556104292627424
FRAG_NEG_trNEGATIVE89835_33_10,0.07722553610801697
FRAG_NEG_trNEGATIVE51925_3_10,0.3381768763065338
NEG_trNEGATIVE88145,0.41426539421081543
FRAG_NEG_trNEGATIVE96853_16_10,0.13863013684749603
FRAG_NEG_trNEGATIVE48209_26_10,0.004254160914570093
FRAG_NEG_trNEGATIVE81380_36_10,0.7747868299484253
FRAG_NEG_trNEGATIVE91387_19_10,0.3761824369430542
FRAG_NEG_trNEGATIVE45974_5_10,0.43047580122947693
FRAG_NEG_trNEGATIVE86142_11_10,0.06006639078259468
FRAG_NEG_trNEGATIVE93997_71_10,0.01517273485660553
FRAG_NEG_trNEGATIVE77271_46_10,0.005000016186386347
FRAG_NEG_trNEGATIVE96920_13_10,0.07238876819610596
FRAG_NEG_trNEGATIVE95835_49_10,0.08735855668783188
FRAG_NEG_trNEGATIVE50638_57_10,0.00023690804664511234
FRAG_NEG_trNEGATIVE39694_52_10,0.02755642868578434
FRAG_NEG_trNEGATIVE34539_46_10,0.35608965158462524
FRAG_NEG_trNEGATIVE51840_74_10,0.11258231103420258
FRAG_NEG_trNEGATIVE47557_3_10,0.4570907652378082
FRAG_NEG_trNEGATIVE67856_22_10,0.8053414225578308
FRAG_NEG_trNEGATIVE70489_53_10,0.0793139785528183
FRAG_NEG_trNEGATIVE40682_17_10,0.04247404634952545
FRAG_NEG_trNEGATIVE92413_64_10,0.05618998408317566
FRAG_NEG_trNEGATIVE41033_7_10,0.004915631376206875
FRAG_NEG_trNEGATIVE42245_59_10,0.15603932738304138
FRAG_NEG_trNEGATIVE74526_39_10,0.11245352029800415
FRAG_NEG_trNEGATIVE73260_22_10,0.0396137535572052
FRAG_NEG_trNEGATIVE69273_34_10,0.11395200341939926
FRAG_NEG_trNEGATIVE41854_17_10,0.37602418661117554
FRAG_NEG_trNEGATIVE87514_16_10,0.19287678599357605
FRAG_NEG_trNEGATIVE56510_21_10,0.2200917750597
FRAG_NEG_trNEGATIVE33867_0_10,2.065306580334436e-05
FRAG_NEG_trNEGATIVE67719_15_10,0.038694221526384354
FRAG_NEG_trNEGATIVE47034_36_10,0.23491649329662323
FRAG_NEG_trNEGATIVE57038_4_10,0.1907406747341156
FRAG_NEG_trNEGATIVE94215_42_10,9.979742026189342e-05
FRAG_NEG_trNEGATIVE55352_25_10,0.07743296772241592
FRAG_NEG_trNEGATIVE53156_0_10,8.713330316822976e-05
FRAG_NEG_trNEGATIVE52319_21_10,0.36845558881759644
FRAG_NEG_trNEGATIVE78238_43_10,0.013895103707909584
FRAG_NEG_trNEGATIVE47940_3_10,0.0007603784906677902
FRAG_NEG_trNEGATIVE76071_12_10,0.026540404185652733
FRAG_NEG_trNEGATIVE74541_29_10,0.4856768250465393
FRAG_NEG_trNEGATIVE38929_35_10,0.27976566553115845
FRAG_NEG_trNEGATIVE40701_47_10,0.0005213682889007032
FRAG_NEG_trNEGATIVE63843_24_10,0.09309250116348267
FRAG_NEG_trNEGATIVE71931_15_10,0.004211154766380787
FRAG_NEG_trNEGATIVE93944_11_10,0.0664532333612442
FRAG_NEG_trNEGATIVE76968_61_10,0.012475268915295601
FRAG_NEG_trNEGATIVE75370_54_10,0.0005368837155401707
FRAG_NEG_trNEGATIVE70937_37_10,0.2632598578929901
FRAG_NEG_trNEGATIVE38215_0_10,0.0004862885980401188
FRAG_NEG_trNEGATIVE96298_3_10,0.003937860950827599
FRAG_NEG_trNEGATIVE67856_55_10,0.1624988466501236
NEG_trNEGATIVE81301,0.0007108597783371806
FRAG_NEG_trNEGATIVE94366_51_10,0.031140971928834915
FRAG_NEG_trNEGATIVE92572_32_10,0.28613969683647156
FRAG_NEG_trNEGATIVE71111_41_10,0.22161808609962463
FRAG_NEG_trNEGATIVE39967_22_10,0.018923645839095116
FRAG_NEG_trNEGATIVE49248_17_10,0.2099531590938568
NEG_trNEGATIVE88322,0.02774699591100216
FRAG_NEG_trNEGATIVE57134_24_10,0.48718270659446716
FRAG_NEG_trNEGATIVE75099_76_10,0.13165579736232758
NEG_trNEGATIVE27652,0.1491617113351822
FRAG_NEG_trNEGATIVE79133_40_10,0.04449353739619255
FRAG_NEG_trNEGATIVE88170_28_10,0.08167880773544312
FRAG_NEG_trNEGATIVE29795_76_10,0.002018862636759877
FRAG_NEG_trNEGATIVE35005_31_10,0.3209179937839508
FRAG_NEG_trNEGATIVE31256_13_10,0.0005878337542526424
FRAG_NEG_trNEGATIVE79069_18_10,0.0062933736480772495
NEG_trNEGATIVE33483,0.06033720821142197
FRAG_NEG_trNEGATIVE74582_63_10,0.0016134943580254912
FRAG_NEG_trNEGATIVE72654_46_10,0.10351654142141342
FRAG_NEG_trNEGATIVE31533_21_10,0.501250684261322
FRAG_NEG_trNEGATIVE84614_51_10,0.004478846210986376
FRAG_NEG_trNEGATIVE58419_53_10,2.9960570827824995e-05
NEG_teNEGATIVE12000,0.0849510207772255
FRAG_NEG_trNEGATIVE73683_6_10,0.913957417011261
FRAG_NEG_trNEGATIVE91438_71_10,0.12481345236301422
FRAG_NEG_trNEGATIVE79033_38_10,5.1007966249017045e-05
FRAG_NEG_trNEGATIVE43013_25_10,0.0003128197859041393
FRAG_NEG_trNEGATIVE70629_13_10,0.4376377463340759
FRAG_NEG_trNEGATIVE96940_65_10,0.291137158870697
FRAG_NEG_trNEGATIVE27515_24_10,0.24094244837760925
FRAG_NEG_trNEGATIVE75568_20_10,0.5145459771156311
FRAG_NEG_trNEGATIVE52066_11_10,0.004147553350776434
FRAG_NEG_trNEGATIVE40444_48_10,0.02079075202345848
FRAG_NEG_trNEGATIVE78368_13_10,0.024450672790408134
FRAG_NEG_trNEGATIVE48109_54_10,0.004189927596598864
FRAG_NEG_trNEGATIVE96450_25_10,0.02180474065244198
FRAG_NEG_trNEGATIVE32544_19_10,0.5885418057441711
FRAG_NEG_trNEGATIVE32509_54_10,0.3351125121116638
FRAG_NEG_trNEGATIVE29309_12_10,0.6966726183891296
FRAG_NEG_trNEGATIVE52906_20_10,0.15673235058784485
NEG_trNEGATIVE40649,0.37570303678512573
FRAG_NEG_trNEGATIVE48206_22_10,0.007149192504584789
FRAG_NEG_trNEGATIVE59192_16_10,0.057238806039094925
FRAG_NEG_trNEGATIVE81095_5_10,0.2654772698879242
FRAG_NEG_trNEGATIVE86053_21_10,0.20596595108509064
FRAG_NEG_trNEGATIVE61810_4_10,0.9670479893684387
FRAG_NEG_trNEGATIVE36412_53_10,0.45547032356262207
FRAG_NEG_trNEGATIVE82038_32_10,0.016112811863422394
NEG_trNEGATIVE99043,0.025362562388181686
FRAG_NEG_trNEGATIVE35140_49_10,0.7756186127662659
FRAG_NEG_trNEGATIVE97242_3_10,0.0015821761917322874
FRAG_NEG_trNEGATIVE56009_36_10,0.00045182983740232885
FRAG_NEG_trNEGATIVE49614_47_10,0.4537806510925293
FRAG_NEG_trNEGATIVE86093_8_10,0.6895310282707214
FRAG_NEG_trNEGATIVE93480_56_10,0.41417354345321655
FRAG_NEG_trNEGATIVE66389_0_10,0.0007831325056031346
FRAG_NEG_trNEGATIVE62721_38_10,0.8287546038627625
FRAG_NEG_trNEGATIVE69720_5_10,0.09868722409009933
FRAG_NEG_trNEGATIVE79514_39_10,0.005173065699636936
FRAG_NEG_trNEGATIVE37447_7_10,0.7762674689292908
FRAG_NEG_trNEGATIVE60160_23_10,0.3545700013637543
FRAG_NEG_trNEGATIVE49532_23_10,0.01281606126576662
FRAG_NEG_trNEGATIVE40060_13_10,0.14036571979522705
FRAG_NEG_trNEGATIVE75676_69_10,0.008064079098403454
FRAG_NEG_trNEGATIVE41920_12_10,0.056342028081417084
FRAG_NEG_trNEGATIVE90279_37_10,0.26507630944252014
FRAG_NEG_trNEGATIVE51892_60_10,0.0077453479170799255
FRAG_NEG_trNEGATIVE38259_40_10,0.03142298012971878
FRAG_NEG_trNEGATIVE79610_2_10,0.8429012298583984
FRAG_NEG_trNEGATIVE36525_20_10,0.00273972749710083
FRAG_NEG_trNEGATIVE37858_59_10,0.00012062450696248561
FRAG_NEG_trNEGATIVE58940_6_10,0.03683251142501831
FRAG_NEG_trNEGATIVE38801_6_10,0.025392839685082436
FRAG_NEG_trNEGATIVE30431_14_10,0.08280359208583832
FRAG_NEG_trNEGATIVE62617_1_10,0.6231665015220642
NEG_trNEGATIVE98045,0.004671256523579359
FRAG_NEG_trNEGATIVE75418_37_10,0.30755582451820374
FRAG_NEG_trNEGATIVE33929_4_10,0.09706680476665497
FRAG_NEG_trNEGATIVE32227_39_10,0.5295213460922241
FRAG_NEG_trNEGATIVE58405_54_10,0.06695975363254547
FRAG_NEG_trNEGATIVE88011_22_10,0.05697734281420708
FRAG_NEG_trNEGATIVE96278_20_10,0.2760826051235199
FRAG_NEG_trNEGATIVE36288_15_10,0.18245451152324677
FRAG_NEG_trNEGATIVE52747_52_10,0.003717847168445587
FRAG_NEG_trNEGATIVE97151_71_10,0.30227237939834595
NEG_trNEGATIVE31506,0.01195670198649168
FRAG_NEG_trNEGATIVE92307_37_10,0.147035613656044
FRAG_NEG_trNEGATIVE82139_26_10,0.05152934789657593
FRAG_NEG_trNEGATIVE41853_16_10,0.1407676786184311
FRAG_NEG_trNEGATIVE52945_37_10,0.39934685826301575
FRAG_NEG_trNEGATIVE93768_16_10,0.5971899628639221
FRAG_NEG_trNEGATIVE39453_60_10,0.07674811780452728
FRAG_NEG_trNEGATIVE48592_9_10,0.6153163313865662
FRAG_NEG_trNEGATIVE92336_35_10,0.4956142008304596
FRAG_NEG_trNEGATIVE40588_36_10,0.013442076742649078
FRAG_NEG_trNEGATIVE39843_18_10,0.07243724912405014
FRAG_NEG_trNEGATIVE93045_59_10,0.5674033164978027
FRAG_NEG_trNEGATIVE67664_7_10,0.7387108206748962
FRAG_NEG_trNEGATIVE30341_40_11,0.6233051419258118
FRAG_NEG_trNEGATIVE62574_68_11,0.02937966026365757
FRAG_NEG_trNEGATIVE71633_40_11,5.795167089672759e-05
FRAG_NEG_trNEGATIVE57114_33_11,0.07446322590112686
FRAG_NEG_trNEGATIVE41706_22_11,0.009904674254357815
FRAG_NEG_trNEGATIVE64234_6_11,0.22858552634716034
FRAG_NEG_trNEGATIVE95947_44_11,0.17593753337860107
FRAG_NEG_trNEGATIVE70698_7_11,0.00694810738787055
FRAG_NEG_trNEGATIVE44368_6_11,0.9718910455703735
FRAG_NEG_trNEGATIVE90070_78_11,0.274777352809906
FRAG_NEG_trNEGATIVE49328_34_11,0.06092135235667229
FRAG_NEG_trNEGATIVE33584_29_11,0.010611986741423607
FRAG_NEG_trNEGATIVE58835_50_11,0.02760421670973301
FRAG_NEG_trNEGATIVE77200_21_11,0.02623351849615574
FRAG_NEG_trNEGATIVE88781_47_11,0.045943405479192734
FRAG_NEG_trNEGATIVE83031_20_11,0.006873630918562412
FRAG_NEG_trNEGATIVE60539_25_11,0.0035112928599119186
FRAG_NEG_trNEGATIVE84651_59_11,0.23936405777931213
FRAG_NEG_trNEGATIVE53310_26_11,0.19308830797672272
FRAG_NEG_trNEGATIVE40371_20_11,0.7782532572746277
FRAG_NEG_trNEGATIVE87237_67_11,0.23444464802742004
FRAG_NEG_trNEGATIVE66206_21_11,0.2719171941280365
FRAG_NEG_trNEGATIVE67718_40_11,0.002056663855910301
FRAG_NEG_trNEGATIVE67953_71_11,0.19167189300060272
FRAG_NEG_trNEGATIVE88319_39_11,0.8800989985466003
FRAG_NEG_trNEGATIVE74800_29_11,0.04744767025113106
FRAG_NEG_trNEGATIVE62574_11_11,0.2159457504749298
FRAG_NEG_trNEGATIVE63614_17_11,0.23893730342388153
FRAG_NEG_trNEGATIVE60039_79_11,0.16462492942810059
FRAG_NEG_trNEGATIVE81255_0_11,0.009524677880108356
FRAG_NEG_trNEGATIVE33442_21_11,0.035830046981573105
FRAG_NEG_trNEGATIVE79590_42_11,0.03761295601725578
FRAG_NEG_trNEGATIVE68918_41_11,0.0031779545824974775
FRAG_NEG_trNEGATIVE39916_10_11,0.006434599868953228
FRAG_NEG_trNEGATIVE46086_15_11,0.3313300609588623
FRAG_NEG_trNEGATIVE81737_59_11,0.08092253655195236
FRAG_NEG_trNEGATIVE76311_16_11,0.21569176018238068
FRAG_NEG_trNEGATIVE47431_33_11,0.05916336923837662
FRAG_NEG_trNEGATIVE68695_86_11,0.23052427172660828
FRAG_NEG_trNEGATIVE29811_34_11,0.0534399040043354
FRAG_NEG_trNEGATIVE73723_42_11,0.29241111874580383
FRAG_NEG_trNEGATIVE78302_46_11,0.13380536437034607
FRAG_NEG_trNEGATIVE83403_50_11,0.04771753400564194
FRAG_NEG_trNEGATIVE71425_38_11,0.0063546448945999146
FRAG_NEG_trNEGATIVE66557_16_11,0.016634291037917137
FRAG_NEG_trNEGATIVE43893_9_11,0.28817519545555115
FRAG_NEG_trNEGATIVE46482_11_11,0.7090983986854553
FRAG_NEG_trNEGATIVE49902_20_11,0.9855154156684875
FRAG_NEG_trNEGATIVE66032_75_11,0.014348074793815613
FRAG_NEG_trNEGATIVE69080_31_11,0.06067348271608353
FRAG_NEG_trNEGATIVE67065_36_11,0.9351487159729004
FRAG_NEG_trNEGATIVE64751_35_11,0.8860155940055847
FRAG_NEG_trNEGATIVE45583_13_11,0.5600070953369141
FRAG_NEG_trNEGATIVE30183_39_11,0.5960528254508972
FRAG_NEG_trNEGATIVE44745_38_11,0.03204017132520676
FRAG_NEG_trNEGATIVE68694_22_11,0.03458569198846817
FRAG_NEG_trNEGATIVE96995_62_11,0.002833158243447542
FRAG_NEG_trNEGATIVE85512_36_11,0.0011158169945701957
FRAG_NEG_trNEGATIVE28063_7_11,0.26203349232673645
FRAG_NEG_trNEGATIVE92043_7_11,0.7823672294616699
FRAG_NEG_trNEGATIVE65647_49_11,0.008928503841161728
FRAG_NEG_trNEGATIVE88098_67_11,0.9067021608352661
FRAG_NEG_trNEGATIVE90009_3_11,0.06594476103782654
FRAG_NEG_trNEGATIVE70086_9_11,0.23209770023822784
FRAG_NEG_trNEGATIVE87907_7_11,0.05097021907567978
FRAG_NEG_trNEGATIVE34637_37_11,0.03467815741896629
FRAG_NEG_trNEGATIVE41707_5_11,0.0032943510450422764
FRAG_NEG_trNEGATIVE42731_29_11,0.23573851585388184
FRAG_NEG_trNEGATIVE66800_12_11,0.07320256531238556
FRAG_NEG_trNEGATIVE43694_69_11,0.272674024105072
FRAG_NEG_trNEGATIVE36114_27_11,0.003021892858669162
FRAG_NEG_trNEGATIVE59833_71_11,0.27126365900039673
FRAG_NEG_trNEGATIVE46069_35_11,0.5176775455474854
FRAG_NEG_trNEGATIVE74360_6_11,0.12879644334316254
FRAG_NEG_trNEGATIVE53400_65_11,0.1911279708147049
FRAG_NEG_trNEGATIVE37957_60_11,0.06879033148288727
FRAG_NEG_trNEGATIVE70176_43_11,0.02421744540333748
FRAG_NEG_trNEGATIVE71995_35_11,0.006283636204898357
FRAG_NEG_trNEGATIVE68913_12_11,0.052918512374162674
FRAG_NEG_trNEGATIVE55060_9_11,0.5242173075675964
FRAG_NEG_trNEGATIVE35478_46_11,0.017302103340625763
FRAG_NEG_trNEGATIVE74378_62_11,0.013422978110611439
FRAG_NEG_trNEGATIVE89663_22_11,0.03140130266547203
FRAG_NEG_trNEGATIVE31738_16_11,0.006358794867992401
FRAG_NEG_trNEGATIVE31855_62_11,0.04780767112970352
FRAG_NEG_trNEGATIVE37753_68_11,0.03424679487943649
FRAG_NEG_trNEGATIVE82995_29_11,0.2550916075706482
FRAG_NEG_trNEGATIVE90029_12_11,0.4971497654914856
FRAG_NEG_trNEGATIVE92966_11_11,0.18686625361442566
FRAG_NEG_trNEGATIVE95781_41_11,0.031830497086048126
FRAG_NEG_trNEGATIVE37723_53_11,0.15404152870178223
FRAG_NEG_trNEGATIVE30204_69_11,0.1525789201259613
FRAG_NEG_trNEGATIVE40873_50_11,0.004322430584579706
FRAG_NEG_trNEGATIVE70042_2_11,0.005612783599644899
FRAG_NEG_trNEGATIVE73100_38_11,0.20008429884910583
FRAG_NEG_trNEGATIVE84831_13_11,0.0023566593881696463
FRAG_NEG_trNEGATIVE51628_56_11,0.6655892133712769
FRAG_NEG_trNEGATIVE45252_33_11,0.9227895736694336
FRAG_NEG_trNEGATIVE32800_41_11,0.10131306946277618
FRAG_NEG_trNEGATIVE72698_56_11,0.10257615894079208
FRAG_NEG_trNEGATIVE92258_18_11,0.07745854556560516
FRAG_NEG_trNEGATIVE52502_28_11,0.04081825911998749
FRAG_NEG_trNEGATIVE69971_70_11,0.0354800671339035
FRAG_NEG_trNEGATIVE73840_33_11,0.22984358668327332
FRAG_NEG_trNEGATIVE78874_35_11,0.013508224859833717
FRAG_NEG_trNEGATIVE38708_13_11,0.06890802830457687
FRAG_NEG_trNEGATIVE87491_42_11,0.009326359257102013
FRAG_NEG_trNEGATIVE40162_16_11,0.12561097741127014
FRAG_NEG_trNEGATIVE77208_13_11,0.42819076776504517
FRAG_NEG_trNEGATIVE78727_39_11,0.11340451240539551
FRAG_NEG_trNEGATIVE54584_55_11,0.09512646496295929
FRAG_NEG_trNEGATIVE35222_52_11,0.2338644564151764
FRAG_NEG_trNEGATIVE91063_45_11,0.24675659835338593
FRAG_NEG_trNEGATIVE66877_28_11,0.49184244871139526
FRAG_NEG_trNEGATIVE28561_29_11,0.08703462779521942
FRAG_NEG_trNEGATIVE57924_30_11,0.03057410940527916
FRAG_NEG_trNEGATIVE76907_68_11,0.05727439001202583
FRAG_NEG_trNEGATIVE41806_51_11,0.18680669367313385
FRAG_NEG_trNEGATIVE85572_25_11,0.8912019729614258
FRAG_NEG_trNEGATIVE28456_41_11,0.6382220387458801
FRAG_NEG_trNEGATIVE73251_70_11,0.4500192701816559
FRAG_NEG_trNEGATIVE89761_4_11,0.9754630923271179
FRAG_NEG_trNEGATIVE29825_21_11,0.5708671808242798
FRAG_NEG_trNEGATIVE38934_61_11,0.23967473208904266
FRAG_NEG_trNEGATIVE35239_15_11,0.6510087251663208
FRAG_NEG_trNEGATIVE39616_33_11,0.013115676119923592
FRAG_NEG_trNEGATIVE57538_10_11,0.4062325358390808
FRAG_NEG_trNEGATIVE34862_8_11,0.6737054586410522
FRAG_NEG_trNEGATIVE57465_5_11,0.5572718381881714
FRAG_NEG_trNEGATIVE33531_61_11,0.0013142306124791503
FRAG_NEG_trNEGATIVE70382_64_11,0.7637171745300293
FRAG_NEG_trNEGATIVE93128_9_11,0.10578852891921997
FRAG_NEG_trNEGATIVE58145_1_11,0.044734176248311996
FRAG_NEG_trNEGATIVE72346_16_11,0.000702072458807379
FRAG_NEG_trNEGATIVE35069_4_11,0.1871652752161026
FRAG_NEG_trNEGATIVE77586_58_11,0.26011985540390015
FRAG_NEG_trNEGATIVE30558_45_11,0.07576359808444977
FRAG_NEG_trNEGATIVE82036_44_11,0.08242177963256836
FRAG_NEG_trNEGATIVE87289_36_11,0.09425888955593109
FRAG_NEG_trNEGATIVE51987_10_11,0.7676786184310913
FRAG_NEG_trNEGATIVE73562_17_11,0.1945963352918625
FRAG_NEG_trNEGATIVE47514_56_11,0.016729464754462242
FRAG_NEG_trNEGATIVE44273_77_11,0.18486236035823822
FRAG_NEG_trNEGATIVE62349_46_11,0.03657544404268265
FRAG_NEG_trNEGATIVE84418_29_11,0.015528661198914051
FRAG_NEG_trNEGATIVE30776_36_11,0.42450207471847534
FRAG_NEG_trNEGATIVE90060_15_11,0.9946969747543335
FRAG_NEG_trNEGATIVE31426_28_11,0.17984288930892944
FRAG_NEG_trNEGATIVE83659_48_11,0.621566891670227
FRAG_NEG_trNEGATIVE90508_44_11,0.5077428221702576
FRAG_NEG_trNEGATIVE44822_22_11,0.36600425839424133
FRAG_NEG_trNEGATIVE82891_73_11,0.04189133644104004
FRAG_NEG_trNEGATIVE60757_43_11,0.6264448165893555
FRAG_NEG_trNEGATIVE65197_5_11,0.48697176575660706
FRAG_NEG_trNEGATIVE91771_33_11,0.3115289509296417
FRAG_NEG_trNEGATIVE62725_25_11,0.4654032588005066
FRAG_NEG_trNEGATIVE71322_1_11,0.9457090497016907
FRAG_NEG_trNEGATIVE88472_23_11,0.33002346754074097
FRAG_NEG_trNEGATIVE84774_35_11,0.3543296456336975
FRAG_NEG_trNEGATIVE76212_50_11,0.0053918929770588875
FRAG_NEG_trNEGATIVE49614_21_11,0.36351582407951355
FRAG_NEG_trNEGATIVE62799_43_11,0.19800899922847748
FRAG_NEG_trNEGATIVE71653_6_11,0.8096870183944702
FRAG_NEG_trNEGATIVE67852_40_11,0.12059111893177032
FRAG_NEG_trNEGATIVE91477_26_11,0.3036726117134094
FRAG_NEG_trNEGATIVE70594_40_11,0.34078478813171387
FRAG_NEG_trNEGATIVE85381_21_11,0.24858665466308594
FRAG_NEG_trNEGATIVE70382_32_11,0.11562523990869522
FRAG_NEG_trNEGATIVE79590_16_11,0.002211789134889841
FRAG_NEG_trNEGATIVE60038_50_11,0.004565210547298193
FRAG_NEG_trNEGATIVE63103_29_11,0.026888906955718994
FRAG_NEG_trNEGATIVE44861_31_11,0.3963645398616791
FRAG_NEG_trNEGATIVE30077_49_11,0.17057767510414124
FRAG_NEG_trNEGATIVE96331_40_11,0.2750869393348694
FRAG_NEG_trNEGATIVE33003_4_11,0.023186534643173218
FRAG_NEG_trNEGATIVE93454_36_11,0.31174036860466003
FRAG_NEG_trNEGATIVE62365_77_11,0.005118193104863167
FRAG_NEG_trNEGATIVE91401_11_11,0.07839111983776093
FRAG_NEG_trNEGATIVE64855_71_11,0.09136040508747101
FRAG_NEG_trNEGATIVE62303_16_11,0.8192779421806335
FRAG_NEG_trNEGATIVE76453_32_11,0.0101736169308424
FRAG_NEG_trNEGATIVE86021_20_11,0.23050808906555176
FRAG_NEG_trNEGATIVE81420_54_11,0.9039515256881714
FRAG_NEG_trNEGATIVE27728_14_11,0.0019252719357609749
FRAG_NEG_trNEGATIVE76240_57_11,0.015207876451313496
FRAG_NEG_trNEGATIVE66607_28_11,0.19098259508609772
FRAG_NEG_trNEGATIVE94440_26_11,0.020152706652879715
FRAG_NEG_trNEGATIVE63442_43_11,0.0018911734223365784
FRAG_NEG_trNEGATIVE39672_26_11,0.06020021438598633
FRAG_NEG_trNEGATIVE52118_75_11,0.3705158829689026
FRAG_NEG_trNEGATIVE51982_40_11,0.23069658875465393
FRAG_NEG_trNEGATIVE41542_3_11,0.4511012136936188
FRAG_NEG_trNEGATIVE34287_54_11,0.005701801273971796
FRAG_NEG_trNEGATIVE43660_38_11,0.38036999106407166
FRAG_NEG_trNEGATIVE59152_6_11,0.974770188331604
FRAG_NEG_trNEGATIVE56929_8_11,0.26367107033729553
FRAG_NEG_trNEGATIVE87662_13_11,0.5928670763969421
FRAG_NEG_trNEGATIVE69427_7_11,0.0018330111633986235
FRAG_NEG_trNEGATIVE67373_48_11,0.0074509745463728905
FRAG_NEG_trNEGATIVE52240_54_11,0.009515931829810143
FRAG_NEG_trNEGATIVE36696_41_11,0.00034981101634912193
FRAG_NEG_trNEGATIVE69790_28_11,0.0012623642105609179
FRAG_NEG_trNEGATIVE47088_48_11,6.86352577758953e-05
FRAG_NEG_trNEGATIVE89226_4_11,0.0004929028218612075
FRAG_NEG_trNEGATIVE33656_25_11,0.26986193656921387
FRAG_NEG_trNEGATIVE44933_34_11,0.21694588661193848
FRAG_NEG_trNEGATIVE42891_36_11,0.001813393086194992
FRAG_NEG_trNEGATIVE93689_19_11,8.446994797850493e-06
FRAG_NEG_trNEGATIVE39646_65_11,0.020835943520069122
FRAG_NEG_trNEGATIVE30918_79_11,0.1904917061328888
FRAG_NEG_trNEGATIVE80668_6_11,0.0134486835449934
FRAG_NEG_trNEGATIVE63443_27_11,0.027243703603744507
FRAG_NEG_trNEGATIVE44072_74_11,0.24530239403247833
FRAG_NEG_trNEGATIVE94845_31_11,0.9328950643539429
FRAG_NEG_trNEGATIVE92377_41_11,0.0410318449139595
FRAG_NEG_trNEGATIVE74779_23_11,0.058717839419841766
FRAG_NEG_trNEGATIVE72742_16_11,0.005298414267599583
FRAG_NEG_trNEGATIVE71111_25_11,0.48672428727149963
FRAG_NEG_trNEGATIVE47705_44_11,0.032551027834415436
FRAG_NEG_trNEGATIVE43162_2_11,0.30630484223365784
FRAG_NEG_trNEGATIVE61847_23_11,0.07213489711284637
FRAG_NEG_trNEGATIVE88139_17_11,0.003954858519136906
FRAG_NEG_trNEGATIVE31955_53_11,0.8387073278427124
FRAG_NEG_trNEGATIVE68699_59_11,0.20147237181663513
FRAG_NEG_trNEGATIVE33817_20_11,0.6529241800308228
FRAG_NEG_trNEGATIVE60131_49_11,0.10642775148153305
FRAG_NEG_trNEGATIVE34252_12_11,0.38135647773742676
FRAG_NEG_trNEGATIVE57570_8_11,0.013653191737830639
FRAG_NEG_trNEGATIVE96224_76_11,0.001339174690656364
FRAG_NEG_trNEGATIVE68930_46_11,0.00048220419557765126
FRAG_NEG_trNEGATIVE35886_51_11,0.03693415969610214
FRAG_NEG_trNEGATIVE69310_34_11,0.9675803184509277
FRAG_NEG_trNEGATIVE68036_13_11,0.34014642238616943
FRAG_NEG_trNEGATIVE88082_8_11,0.4138610363006592
FRAG_NEG_trNEGATIVE44235_0_11,5.984163726679981e-05
FRAG_NEG_trNEGATIVE75372_17_11,0.14963190257549286
FRAG_NEG_trNEGATIVE95551_38_11,0.9275288581848145
FRAG_NEG_trNEGATIVE90237_22_11,0.43913769721984863
FRAG_NEG_trNEGATIVE46544_36_11,0.43705910444259644
FRAG_NEG_trNEGATIVE53736_28_11,0.5733824372291565
FRAG_NEG_trNEGATIVE31346_29_11,0.17332276701927185
FRAG_NEG_trNEGATIVE48410_31_11,0.11858830600976944
FRAG_NEG_trNEGATIVE87072_41_11,0.0007263788720592856
FRAG_NEG_trNEGATIVE61130_47_11,0.07981885969638824
FRAG_NEG_trNEGATIVE90440_38_11,0.016703922301530838
FRAG_NEG_trNEGATIVE45865_63_11,0.03917544707655907
FRAG_NEG_trNEGATIVE54169_65_11,0.6279272437095642
FRAG_NEG_trNEGATIVE92362_42_11,0.2744207978248596
FRAG_NEG_trNEGATIVE32833_63_11,0.17208853363990784
FRAG_NEG_trNEGATIVE42687_18_11,0.9766019582748413
FRAG_NEG_trNEGATIVE76509_8_11,0.8404262661933899
FRAG_NEG_trNEGATIVE42436_74_11,0.5025235414505005
FRAG_NEG_trNEGATIVE81964_5_11,0.1643623560667038
FRAG_NEG_trNEGATIVE43609_30_11,0.009391394443809986
FRAG_NEG_trNEGATIVE42080_1_11,0.10044914484024048
FRAG_NEG_trNEGATIVE83705_48_11,0.6922739744186401
FRAG_NEG_trNEGATIVE78145_21_11,0.20929881930351257
FRAG_NEG_trNEGATIVE76739_82_11,0.0003177663602400571
FRAG_NEG_trNEGATIVE53289_35_11,0.1675463169813156
FRAG_NEG_trNEGATIVE44316_13_11,0.006177556235343218
FRAG_NEG_trNEGATIVE33929_24_11,0.06582663953304291
FRAG_NEG_trNEGATIVE72209_17_11,0.25024646520614624
FRAG_NEG_trNEGATIVE75741_30_11,0.0007123223622329533
FRAG_NEG_trNEGATIVE32494_25_11,0.003505828557536006
FRAG_NEG_trNEGATIVE36193_23_11,0.5662127733230591
FRAG_NEG_trNEGATIVE54316_15_11,0.005702014081180096
FRAG_NEG_trNEGATIVE70523_26_11,0.07276444137096405
FRAG_NEG_trNEGATIVE38987_24_11,0.8174854516983032
FRAG_NEG_trNEGATIVE38368_59_11,0.49706369638442993
FRAG_NEG_trNEGATIVE41118_26_11,0.7158597707748413
FRAG_NEG_trNEGATIVE55910_31_11,0.04043539613485336
FRAG_NEG_trNEGATIVE82995_17_11,0.6397498846054077
FRAG_NEG_trNEGATIVE88809_27_11,0.0016059170011430979
FRAG_NEG_trNEGATIVE73825_30_11,0.9542044401168823
FRAG_NEG_trNEGATIVE75146_3_11,0.9564622044563293
FRAG_NEG_trNEGATIVE81073_0_11,9.252262680092826e-05
FRAG_NEG_trNEGATIVE72287_25_11,0.30202245712280273
FRAG_NEG_trNEGATIVE84728_40_11,0.7355416417121887
FRAG_NEG_trNEGATIVE95564_42_11,0.23106297850608826
FRAG_NEG_trNEGATIVE81335_14_11,0.005794803611934185
FRAG_NEG_trNEGATIVE43309_48_11,0.0007229045731946826
FRAG_NEG_trNEGATIVE56681_49_11,0.30456072092056274
FRAG_NEG_trNEGATIVE59357_13_11,0.012153945863246918
FRAG_NEG_trNEGATIVE87476_62_11,0.11860153824090958
FRAG_NEG_trNEGATIVE59857_42_11,0.00017486803699284792
FRAG_NEG_trNEGATIVE77342_13_11,0.016944825649261475
FRAG_NEG_trNEGATIVE28742_7_11,0.5481430292129517
FRAG_NEG_trNEGATIVE80976_34_11,0.10503288358449936
FRAG_NEG_trNEGATIVE63424_6_11,0.5710009932518005
FRAG_NEG_trNEGATIVE59367_46_11,0.28899601101875305
FRAG_NEG_trNEGATIVE40981_37_11,0.34276866912841797
FRAG_NEG_trNEGATIVE44822_1_11,0.061664652079343796
FRAG_NEG_trNEGATIVE92755_44_11,0.008970105089247227
FRAG_NEG_trNEGATIVE57043_1_11,0.3950500786304474
FRAG_NEG_trNEGATIVE31893_7_11,0.4405962824821472
FRAG_NEG_trNEGATIVE85034_5_11,0.30326610803604126
FRAG_NEG_trNEGATIVE86175_15_11,0.332709401845932
FRAG_NEG_trNEGATIVE28050_6_11,0.2807793617248535
FRAG_NEG_trNEGATIVE65951_45_11,0.08142822235822678
FRAG_NEG_trNEGATIVE35273_1_11,0.013563288375735283
FRAG_NEG_trNEGATIVE52262_50_11,0.12560932338237762
FRAG_NEG_trNEGATIVE34067_46_11,0.826197624206543
FRAG_NEG_trNEGATIVE70991_3_11,0.37418946623802185
FRAG_NEG_trNEGATIVE82143_39_11,0.34719318151474
FRAG_NEG_trNEGATIVE31492_0_11,0.0006079274462535977
FRAG_NEG_trNEGATIVE77537_7_11,0.36568158864974976
FRAG_NEG_trNEGATIVE32643_37_11,0.43056830763816833
FRAG_NEG_trNEGATIVE54179_52_11,0.3384239077568054
FRAG_NEG_trNEGATIVE45625_78_11,0.959934413433075
FRAG_NEG_trNEGATIVE45236_18_11,0.0016730327624827623
FRAG_NEG_trNEGATIVE89307_28_11,0.09275107085704803
FRAG_NEG_trNEGATIVE68296_22_11,0.25877028703689575
FRAG_NEG_trNEGATIVE42081_75_11,0.2251778393983841
FRAG_NEG_trNEGATIVE58096_24_11,0.015544524416327477
FRAG_NEG_trNEGATIVE73636_40_11,0.3845246434211731
FRAG_NEG_trNEGATIVE28729_19_11,0.08490901440382004
FRAG_NEG_trNEGATIVE78954_24_11,0.00045647373190149665
FRAG_NEG_trNEGATIVE82940_26_11,0.040777694433927536
FRAG_NEG_trNEGATIVE74050_9_11,0.2655192017555237
FRAG_NEG_trNEGATIVE68025_27_11,0.001630746410228312
FRAG_NEG_trNEGATIVE53683_17_11,0.208586648106575
FRAG_NEG_trNEGATIVE69851_20_11,0.001397988642565906
FRAG_NEG_trNEGATIVE67582_57_11,0.005511417984962463
FRAG_NEG_trNEGATIVE76417_39_11,0.0011123009026050568
FRAG_NEG_trNEGATIVE50059_7_11,0.05040193349123001
FRAG_NEG_trNEGATIVE95856_1_11,0.02074822224676609
FRAG_NEG_trNEGATIVE38107_5_11,0.03825674578547478
FRAG_NEG_trNEGATIVE71697_5_11,8.874932245817035e-05
FRAG_NEG_trNEGATIVE34855_32_11,0.054475925862789154
FRAG_NEG_trNEGATIVE65012_16_11,0.25615963339805603
FRAG_NEG_trNEGATIVE77913_42_11,0.00030758202774450183
FRAG_NEG_trNEGATIVE88380_74_11,0.22907209396362305
FRAG_NEG_trNEGATIVE44161_8_11,0.09302456676959991
FRAG_NEG_trNEGATIVE43083_27_11,0.06178070232272148
FRAG_NEG_trNEGATIVE56790_2_11,0.5503204464912415
FRAG_NEG_trNEGATIVE93974_20_11,0.15536263585090637
FRAG_NEG_trNEGATIVE34370_7_11,0.3199710249900818
FRAG_NEG_trNEGATIVE28177_16_11,0.0018205761443823576
FRAG_NEG_trNEGATIVE44278_52_11,0.1906648725271225
FRAG_NEG_trNEGATIVE39870_39_11,0.006412746850401163
FRAG_NEG_trNEGATIVE71204_32_11,0.5302830338478088
FRAG_NEG_trNEGATIVE76530_48_11,0.08143867552280426
FRAG_NEG_trNEGATIVE39818_54_11,3.625964018283412e-05
FRAG_NEG_trNEGATIVE78027_52_11,0.28499141335487366
FRAG_NEG_trNEGATIVE75246_52_11,0.02022298239171505
FRAG_NEG_trNEGATIVE73036_22_11,0.5161845088005066
FRAG_NEG_trNEGATIVE91477_66_11,0.38255786895751953
FRAG_NEG_trNEGATIVE62960_4_11,0.3501165509223938
FRAG_NEG_trNEGATIVE93258_27_11,0.16341905295848846
FRAG_NEG_trNEGATIVE66636_11_11,0.3712151050567627
FRAG_NEG_trNEGATIVE60131_57_11,0.019708238542079926
FRAG_NEG_trNEGATIVE79045_7_11,0.36895307898521423
FRAG_NEG_trNEGATIVE73185_37_11,0.07323618233203888
FRAG_NEG_trNEGATIVE42689_4_11,0.004809435922652483
FRAG_NEG_trNEGATIVE53682_43_11,0.02604326233267784
FRAG_NEG_trNEGATIVE80677_14_11,0.9502879977226257
FRAG_NEG_trNEGATIVE89663_21_11,0.4607040286064148
FRAG_NEG_trNEGATIVE66656_22_11,0.5540851354598999
FRAG_NEG_trNEGATIVE84555_55_11,0.002739652991294861
FRAG_NEG_trNEGATIVE56456_8_11,0.35548511147499084
FRAG_NEG_trNEGATIVE45852_58_11,0.022054653614759445
FRAG_NEG_trNEGATIVE55353_74_11,0.09587015956640244
FRAG_NEG_trNEGATIVE94613_58_11,0.18826521933078766
FRAG_NEG_trNEGATIVE33913_35_11,0.2913751006126404
FRAG_NEG_trNEGATIVE80205_36_11,0.14805975556373596
FRAG_NEG_trNEGATIVE50823_27_11,0.3274208903312683
FRAG_NEG_trNEGATIVE53186_10_11,0.0022369136568158865
FRAG_NEG_trNEGATIVE27634_0_11,0.0006554092396982014
FRAG_NEG_trNEGATIVE75001_50_11,0.00036797893699258566
FRAG_NEG_trNEGATIVE64048_29_11,0.009962269105017185
FRAG_NEG_trNEGATIVE36193_36_11,0.04283427447080612
FRAG_NEG_trNEGATIVE69410_32_11,2.1287098206812516e-05
FRAG_NEG_trNEGATIVE65299_26_11,0.006561695598065853
FRAG_NEG_trNEGATIVE95515_22_11,0.061082106083631516
FRAG_NEG_trNEGATIVE38259_19_11,0.02004804089665413
FRAG_NEG_trNEGATIVE62212_31_11,0.007005684077739716
FRAG_NEG_trNEGATIVE69649_39_11,0.0006231797742657363
FRAG_NEG_trNEGATIVE70393_40_11,0.4494989812374115
FRAG_NEG_trNEGATIVE32960_42_11,0.6813522577285767
FRAG_NEG_trNEGATIVE32641_43_11,0.8888787031173706
FRAG_NEG_trNEGATIVE45688_12_11,0.7261468768119812
FRAG_NEG_trNEGATIVE65294_68_11,0.4613376557826996
FRAG_NEG_trNEGATIVE77146_40_11,0.015003611333668232
FRAG_NEG_trNEGATIVE51907_35_11,0.00011750935664167628
FRAG_NEG_trNEGATIVE41767_14_11,0.6315097808837891
FRAG_NEG_trNEGATIVE84715_53_11,0.177072674036026
FRAG_NEG_trNEGATIVE38667_37_11,0.00021914714307058603
FRAG_NEG_trNEGATIVE58935_31_11,0.007251064293086529
FRAG_NEG_trNEGATIVE50991_16_11,0.6629077792167664
FRAG_NEG_trNEGATIVE48598_34_11,0.6018949151039124
FRAG_NEG_trNEGATIVE82830_14_11,0.2702755331993103
FRAG_NEG_trNEGATIVE34592_57_11,0.18248315155506134
FRAG_NEG_trNEGATIVE34619_22_11,0.05606953427195549
FRAG_NEG_trNEGATIVE83320_14_11,0.008802204392850399
FRAG_NEG_trNEGATIVE44020_48_11,0.007713594473898411
FRAG_NEG_trNEGATIVE68092_5_11,0.4256731867790222
FRAG_NEG_trNEGATIVE80113_3_11,0.0034092385321855545
FRAG_NEG_trNEGATIVE64850_45_11,0.09354835748672485
FRAG_NEG_trNEGATIVE38094_19_11,0.017400633543729782
FRAG_NEG_trNEGATIVE87306_26_11,0.02453300543129444
FRAG_NEG_trNEGATIVE94649_39_11,0.001132147735916078
FRAG_NEG_trNEGATIVE35778_34_11,0.1427660882472992
FRAG_NEG_trNEGATIVE84609_85_11,0.04668479785323143
FRAG_NEG_trNEGATIVE63278_42_11,0.0006311047472991049
FRAG_NEG_trNEGATIVE43712_11_11,0.013164350762963295
FRAG_NEG_trNEGATIVE73276_14_11,0.08972509205341339
FRAG_NEG_trNEGATIVE67438_33_11,0.25540977716445923
FRAG_NEG_trNEGATIVE53070_18_11,0.0005265648942440748
FRAG_NEG_trNEGATIVE95342_8_11,0.8076031804084778
FRAG_NEG_trNEGATIVE50009_73_11,0.941448986530304
FRAG_NEG_trNEGATIVE63991_37_11,3.1710394523543073e-06
FRAG_NEG_trNEGATIVE58430_43_11,0.3293938636779785
FRAG_NEG_trNEGATIVE69114_84_11,0.4373014569282532
FRAG_NEG_trNEGATIVE79253_71_11,0.06865130364894867
FRAG_NEG_trNEGATIVE85512_13_11,0.0002721904602367431
FRAG_NEG_trNEGATIVE83654_8_11,0.8002554774284363
FRAG_NEG_trNEGATIVE60264_43_11,0.34467142820358276
FRAG_NEG_trNEGATIVE34287_10_11,0.010673480108380318
FRAG_NEG_trNEGATIVE82185_15_11,0.2916336953639984
FRAG_NEG_trNEGATIVE89520_49_11,0.007933092303574085
FRAG_NEG_trNEGATIVE44350_33_11,0.74299156665802
FRAG_NEG_trNEGATIVE39940_33_11,0.09740719944238663
FRAG_NEG_trNEGATIVE60805_70_11,0.04878482222557068
FRAG_NEG_trNEGATIVE77963_27_11,0.002770360792055726
FRAG_NEG_trNEGATIVE75644_40_11,0.8716438412666321
FRAG_NEG_trNEGATIVE35478_32_11,0.0344841293990612
FRAG_NEG_trNEGATIVE58289_47_11,0.013178405351936817
FRAG_NEG_trNEGATIVE36596_42_11,0.07607980072498322
FRAG_NEG_trNEGATIVE73619_36_11,0.1278737634420395
FRAG_NEG_trNEGATIVE86575_34_11,0.028328845277428627
FRAG_NEG_trNEGATIVE50422_28_11,0.010607477277517319
FRAG_NEG_trNEGATIVE97497_29_11,0.003408759832382202
FRAG_NEG_trNEGATIVE93907_63_11,0.004081433173269033
FRAG_NEG_trNEGATIVE75873_0_11,4.1552020491053554e-08
FRAG_NEG_trNEGATIVE50269_57_11,0.08767567574977875
FRAG_NEG_trNEGATIVE43654_23_11,0.07873886078596115
FRAG_NEG_trNEGATIVE53896_61_11,0.8542484045028687
FRAG_NEG_trNEGATIVE27517_14_11,0.1534716635942459
FRAG_NEG_trNEGATIVE89245_23_11,0.011019023135304451
FRAG_NEG_trNEGATIVE96934_4_11,0.044142063707113266
FRAG_NEG_trNEGATIVE80644_39_11,0.6619682312011719
FRAG_NEG_trNEGATIVE95518_45_11,0.0069082947447896
FRAG_NEG_trNEGATIVE78344_39_11,0.32619860768318176
FRAG_NEG_trNEGATIVE36313_46_11,0.0009480280568823218
FRAG_NEG_trNEGATIVE39940_7_11,0.4789765775203705
FRAG_NEG_trNEGATIVE57649_15_11,0.004379482939839363
FRAG_NEG_trNEGATIVE72576_48_11,0.0008678892627358437
FRAG_NEG_trNEGATIVE50849_3_11,0.5142867565155029
FRAG_NEG_trNEGATIVE80543_16_11,0.3562045693397522
FRAG_NEG_trNEGATIVE52720_24_11,0.13138535618782043
FRAG_NEG_trNEGATIVE87736_60_11,0.030584514141082764
FRAG_NEG_trNEGATIVE82185_54_11,0.018404794856905937
FRAG_NEG_trNEGATIVE57114_27_11,0.0045311967842280865
FRAG_NEG_trNEGATIVE28977_58_11,0.11085804551839828
FRAG_NEG_trNEGATIVE75698_48_11,0.0032579228281974792
FRAG_NEG_trNEGATIVE36143_49_11,0.18701043725013733
FRAG_NEG_trNEGATIVE31778_31_11,0.553249180316925
FRAG_NEG_trNEGATIVE34539_38_11,0.35809868574142456
FRAG_NEG_trNEGATIVE94584_53_11,0.5851612687110901
FRAG_NEG_trNEGATIVE36239_34_11,0.2983309328556061
FRAG_NEG_trNEGATIVE74115_29_11,0.004451603628695011
FRAG_NEG_trNEGATIVE86402_32_11,0.038445062935352325
FRAG_NEG_trNEGATIVE84870_32_11,0.4640182852745056
FRAG_NEG_trNEGATIVE31543_27_11,0.0021481518633663654
FRAG_NEG_trNEGATIVE79435_66_11,0.007013077847659588
FRAG_NEG_trNEGATIVE65951_10_11,0.3200687766075134
FRAG_NEG_trNEGATIVE84856_2_11,0.8998466730117798
FRAG_NEG_trNEGATIVE77017_52_11,0.015843946486711502
FRAG_NEG_trNEGATIVE88698_24_11,0.6919500231742859
FRAG_NEG_trNEGATIVE29484_42_11,0.0020012552849948406
FRAG_NEG_trNEGATIVE93710_21_11,0.014801974408328533
FRAG_NEG_trNEGATIVE49826_27_11,0.012017624452710152
FRAG_NEG_trNEGATIVE46309_63_11,0.0035453804302960634
FRAG_NEG_trNEGATIVE64718_66_11,0.3474500775337219
FRAG_NEG_trNEGATIVE84856_43_11,0.0007894559530541301
FRAG_NEG_trNEGATIVE60384_34_11,0.002284016227349639
FRAG_NEG_trNEGATIVE83114_6_11,0.4758829176425934
FRAG_NEG_trNEGATIVE44666_15_11,0.04434018209576607
FRAG_NEG_trNEGATIVE47752_64_11,0.014603585004806519
FRAG_NEG_trNEGATIVE39276_24_11,0.0003739666717592627
FRAG_NEG_trNEGATIVE68117_11_11,0.16259893774986267
FRAG_NEG_trNEGATIVE27495_64_11,0.0040663862600922585
FRAG_NEG_trNEGATIVE49532_44_11,0.0017714723944664001
FRAG_NEG_trNEGATIVE86493_60_11,0.7708314657211304
FRAG_NEG_trNEGATIVE41767_48_11,0.003715215250849724
FRAG_NEG_trNEGATIVE95781_48_11,0.4894891381263733
FRAG_NEG_trNEGATIVE56723_17_11,0.6458224654197693
FRAG_NEG_trNEGATIVE67122_1_11,0.000258068524999544
FRAG_NEG_trNEGATIVE55211_5_11,0.004851835779845715
FRAG_NEG_trNEGATIVE45921_14_11,0.0011273801792412996
FRAG_NEG_trNEGATIVE88327_61_11,0.12878689169883728
FRAG_NEG_trNEGATIVE66389_19_11,0.0006177045870572329
FRAG_NEG_trNEGATIVE69430_29_11,0.2350405752658844
FRAG_NEG_trNEGATIVE85841_36_11,0.5381742715835571
FRAG_NEG_trNEGATIVE48299_52_11,0.13675107061862946
FRAG_NEG_trNEGATIVE50861_57_11,0.012778137810528278
FRAG_NEG_trNEGATIVE58637_22_11,0.01929745264351368
FRAG_NEG_trNEGATIVE55750_54_11,0.11896196752786636
FRAG_NEG_trNEGATIVE84864_11_11,0.11237188428640366
FRAG_NEG_trNEGATIVE39793_18_11,0.13833151757717133
FRAG_NEG_trNEGATIVE85788_13_11,0.04892648011445999
FRAG_NEG_trNEGATIVE50348_27_11,0.124775730073452
FRAG_NEG_trNEGATIVE40855_46_11,0.02184748463332653
FRAG_NEG_trNEGATIVE76485_32_11,0.13485917448997498
FRAG_NEG_trNEGATIVE48986_28_11,0.4003225266933441
FRAG_NEG_trNEGATIVE65645_8_11,0.11799445003271103
FRAG_NEG_trNEGATIVE71862_34_11,0.026354238390922546
FRAG_NEG_trNEGATIVE66436_48_11,0.032819755375385284
FRAG_NEG_trNEGATIVE95089_50_11,0.00426289951428771
FRAG_NEG_trNEGATIVE68784_9_11,0.302761971950531
FRAG_NEG_trNEGATIVE33667_0_11,9.195390475724707e-07
FRAG_NEG_trNEGATIVE51468_59_11,0.05707734823226929
FRAG_NEG_trNEGATIVE56407_13_11,0.0137259466573596
FRAG_NEG_trNEGATIVE42182_66_11,0.12483911216259003
FRAG_NEG_trNEGATIVE87650_67_11,0.034338269382715225
FRAG_NEG_trNEGATIVE60364_14_11,0.2018653154373169
FRAG_NEG_trNEGATIVE27495_3_11,0.22596757113933563
FRAG_NEG_trNEGATIVE53238_35_11,0.5072969794273376
FRAG_NEG_trNEGATIVE63980_48_11,0.6366563439369202
FRAG_NEG_trNEGATIVE37384_5_11,0.07009649276733398
FRAG_NEG_trNEGATIVE78194_21_11,0.055012185126543045
FRAG_NEG_trNEGATIVE76557_15_11,0.0018627068493515253
FRAG_NEG_trNEGATIVE53300_60_11,0.007900345139205456
FRAG_NEG_trNEGATIVE79164_31_11,0.10047324746847153
FRAG_NEG_trNEGATIVE70997_49_11,0.0010532094165682793
FRAG_NEG_trNEGATIVE62960_16_11,0.005266846157610416
FRAG_NEG_trNEGATIVE93592_21_11,0.001940507092513144
FRAG_NEG_trNEGATIVE43654_7_11,0.005534551106393337
FRAG_NEG_trNEGATIVE85742_36_11,0.8310325741767883
FRAG_NEG_trNEGATIVE50638_17_11,0.021747734397649765
FRAG_NEG_trNEGATIVE70089_88_11,0.00014703618944622576
FRAG_NEG_trNEGATIVE80087_63_11,0.07913203537464142
FRAG_NEG_trNEGATIVE30792_39_11,0.0036698419135063887
FRAG_NEG_trNEGATIVE51853_80_11,0.7247283458709717
FRAG_NEG_trNEGATIVE96486_11_11,0.19207236170768738
FRAG_NEG_trNEGATIVE44108_20_11,0.4256177842617035
FRAG_NEG_trNEGATIVE95820_5_11,0.06708885729312897
FRAG_NEG_trNEGATIVE88203_19_11,0.7996519207954407
FRAG_NEG_trNEGATIVE43289_36_11,4.781962343258783e-05
FRAG_NEG_trNEGATIVE40163_55_11,0.4822785258293152
FRAG_NEG_trNEGATIVE40284_30_11,0.1040848046541214
FRAG_NEG_trNEGATIVE95174_48_11,0.015465925447642803
FRAG_NEG_trNEGATIVE67302_61_11,0.1609753668308258
FRAG_NEG_trNEGATIVE57285_53_11,0.001109028817154467
FRAG_NEG_trNEGATIVE93950_25_11,0.08421696722507477
FRAG_NEG_trNEGATIVE66060_48_11,0.3145301043987274
FRAG_NEG_trNEGATIVE35447_5_11,0.8936784863471985
FRAG_NEG_trNEGATIVE83335_58_11,0.052232254296541214
FRAG_NEG_trNEGATIVE91490_37_11,0.25674134492874146
FRAG_NEG_trNEGATIVE48587_60_11,0.4617350697517395
FRAG_NEG_trNEGATIVE36432_49_11,0.8771833181381226
FRAG_NEG_trNEGATIVE52457_22_11,0.5387876033782959
FRAG_NEG_trNEGATIVE89408_75_11,0.7173733115196228
FRAG_NEG_trNEGATIVE31314_39_11,0.017743589356541634
FRAG_NEG_trNEGATIVE65234_36_11,0.0002659678866621107
FRAG_NEG_trNEGATIVE64236_17_11,0.014358495362102985
FRAG_NEG_trNEGATIVE85557_4_11,0.4907965660095215
FRAG_NEG_trNEGATIVE81697_61_11,0.24320192635059357
FRAG_NEG_trNEGATIVE57991_5_11,0.00014804297825321555
FRAG_NEG_trNEGATIVE93408_34_11,0.3433719277381897
FRAG_NEG_trNEGATIVE96848_18_11,0.6777186393737793
FRAG_NEG_trNEGATIVE65258_47_11,0.018031541258096695
FRAG_NEG_trNEGATIVE79954_19_11,0.25432032346725464
FRAG_NEG_trNEGATIVE58289_28_11,0.7409369945526123
FRAG_NEG_trNEGATIVE49274_12_11,0.5763131380081177
FRAG_NEG_trNEGATIVE81364_14_11,0.005345401354134083
FRAG_NEG_trNEGATIVE43815_68_11,0.00011496717343106866
FRAG_NEG_trNEGATIVE56019_4_11,0.26423996686935425
FRAG_NEG_trNEGATIVE73185_31_11,0.02117181196808815
FRAG_NEG_trNEGATIVE40626_3_11,0.2674863040447235
FRAG_NEG_trNEGATIVE68382_37_11,0.02380972169339657
FRAG_NEG_trNEGATIVE75610_32_11,0.0027313469909131527
FRAG_NEG_trNEGATIVE47369_34_11,0.017145579680800438
FRAG_NEG_trNEGATIVE78280_56_11,0.1119747906923294
FRAG_NEG_trNEGATIVE50596_35_11,0.47558802366256714
FRAG_NEG_trNEGATIVE39254_1_11,0.011417349800467491
FRAG_NEG_trNEGATIVE91358_10_11,0.06469899415969849
FRAG_NEG_trNEGATIVE68194_30_11,0.9000636339187622
FRAG_NEG_trNEGATIVE85542_29_11,0.08049581199884415
FRAG_NEG_trNEGATIVE38038_4_11,0.9814671277999878
FRAG_NEG_trNEGATIVE92531_44_11,0.13856051862239838
FRAG_NEG_trNEGATIVE60542_41_11,0.8734819293022156
FRAG_NEG_trNEGATIVE64771_42_11,0.010151546448469162
FRAG_NEG_trNEGATIVE61117_76_11,0.1292082667350769
FRAG_NEG_trNEGATIVE41609_0_11,0.16754311323165894
FRAG_NEG_trNEGATIVE68425_7_11,0.6350362300872803
FRAG_NEG_trNEGATIVE76230_40_11,0.13213743269443512
FRAG_NEG_trNEGATIVE47863_65_11,0.08495877683162689
FRAG_NEG_trNEGATIVE77036_54_11,0.18247206509113312
FRAG_NEG_trNEGATIVE85672_67_11,0.4296489655971527
FRAG_NEG_trNEGATIVE54128_38_11,0.47258225083351135
FRAG_NEG_trNEGATIVE55879_16_11,0.0017346888780593872
FRAG_NEG_trNEGATIVE79455_23_11,0.012516801245510578
FRAG_NEG_trNEGATIVE66922_35_11,0.001008794060908258
FRAG_NEG_trNEGATIVE43631_42_11,0.11383768171072006
FRAG_NEG_trNEGATIVE71548_0_11,3.667809141916223e-05
FRAG_NEG_trNEGATIVE47364_46_11,0.2107469141483307
FRAG_NEG_trNEGATIVE70875_5_11,0.7523791790008545
FRAG_NEG_trNEGATIVE62607_57_11,0.6201655864715576
FRAG_NEG_trNEGATIVE49584_0_11,1.3323980283530545e-06
FRAG_NEG_trNEGATIVE66032_60_11,0.2744792103767395
FRAG_NEG_trNEGATIVE77611_21_11,0.9801866412162781
FRAG_NEG_trNEGATIVE67373_18_11,0.10401684045791626
FRAG_NEG_trNEGATIVE50656_41_11,0.0001652622304391116
FRAG_NEG_trNEGATIVE77271_21_11,0.008153515867888927
FRAG_NEG_trNEGATIVE75112_20_11,0.01861162856221199
FRAG_NEG_trNEGATIVE60202_6_11,0.6816456317901611
FRAG_NEG_trNEGATIVE93313_29_11,0.4432615339756012
FRAG_NEG_trNEGATIVE74928_69_11,0.8745937347412109
FRAG_NEG_trNEGATIVE79048_35_11,0.09153115004301071
FRAG_NEG_trNEGATIVE90440_0_11,0.0005291266716085374
FRAG_NEG_trNEGATIVE77840_22_11,0.33363693952560425
FRAG_NEG_trNEGATIVE81439_38_11,0.19680698215961456
FRAG_NEG_trNEGATIVE85954_57_11,0.019505951553583145
FRAG_NEG_trNEGATIVE42319_21_11,0.024704378098249435
FRAG_NEG_trNEGATIVE49019_36_11,0.024176079779863358
FRAG_NEG_trNEGATIVE76437_19_11,0.026936054229736328
FRAG_NEG_trNEGATIVE78591_45_11,0.041658949106931686
FRAG_NEG_trNEGATIVE84946_32_11,0.012047960422933102
FRAG_NEG_trNEGATIVE47472_33_11,0.8000267148017883
FRAG_NEG_trNEGATIVE81238_21_11,0.0005718210013583302
FRAG_NEG_trNEGATIVE71121_40_11,0.0015299022197723389
FRAG_NEG_trNEGATIVE57999_87_11,0.12245927006006241
FRAG_NEG_trNEGATIVE35140_5_11,0.00013504487287718803
FRAG_NEG_trNEGATIVE32583_0_11,0.0022630009334534407
FRAG_NEG_trNEGATIVE48435_71_11,0.012916061095893383
FRAG_NEG_trNEGATIVE41723_15_11,0.0599529854953289
FRAG_NEG_trNEGATIVE64760_3_11,0.2846764028072357
FRAG_NEG_trNEGATIVE91975_59_11,0.3938068747520447
FRAG_NEG_trNEGATIVE85620_49_11,0.19857986271381378
FRAG_NEG_trNEGATIVE34723_12_11,0.014234960079193115
FRAG_NEG_trNEGATIVE31363_22_11,0.0007000368786975741
FRAG_NEG_trNEGATIVE91027_32_11,0.9441763758659363
FRAG_NEG_trNEGATIVE31556_0_11,2.7520867661223747e-05
FRAG_NEG_trNEGATIVE67480_2_11,0.022484757006168365
FRAG_NEG_trNEGATIVE89016_14_11,0.23620589077472687
FRAG_NEG_trNEGATIVE45811_28_11,0.14965170621871948
FRAG_NEG_trNEGATIVE40988_54_11,0.091291144490242
FRAG_NEG_trNEGATIVE55290_8_11,0.0032812966965138912
FRAG_NEG_trNEGATIVE71024_71_11,0.2843439280986786
FRAG_NEG_trNEGATIVE78212_11_11,0.7002078294754028
FRAG_NEG_trNEGATIVE53797_11_11,0.00652603292837739
FRAG_NEG_trNEGATIVE51934_52_11,0.31618639826774597
FRAG_NEG_trNEGATIVE78134_25_11,0.22331643104553223
FRAG_NEG_trNEGATIVE81205_15_11,0.006498976610600948
FRAG_NEG_trNEGATIVE84159_26_11,0.21511921286582947
FRAG_NEG_trNEGATIVE90881_23_11,0.1893095076084137
FRAG_NEG_trNEGATIVE73169_24_11,1.0889701115956996e-05
FRAG_NEG_trNEGATIVE43782_40_11,0.0025901624467223883
FRAG_NEG_trNEGATIVE66071_21_11,0.28308001160621643
FRAG_NEG_trNEGATIVE84819_32_11,0.001568996929563582
FRAG_NEG_trNEGATIVE76571_5_11,0.07181554287672043
FRAG_NEG_trNEGATIVE62283_20_11,9.145880176220089e-05
FRAG_NEG_trNEGATIVE41845_16_11,0.009689806960523129
FRAG_NEG_trNEGATIVE58675_39_11,0.33524590730667114
FRAG_NEG_trNEGATIVE35456_26_11,0.30805593729019165
FRAG_NEG_trNEGATIVE78027_55_11,0.002368614310398698
FRAG_NEG_trNEGATIVE88327_27_11,0.0013577252393588424
FRAG_NEG_trNEGATIVE35903_11_11,0.20013049244880676
FRAG_NEG_trNEGATIVE96167_28_11,0.06722419708967209
FRAG_NEG_trNEGATIVE92875_27_11,0.1681494265794754
FRAG_NEG_trNEGATIVE66099_19_11,0.3297552168369293
FRAG_NEG_trNEGATIVE85598_59_11,0.05805044621229172
FRAG_NEG_trNEGATIVE47515_29_11,0.19851234555244446
FRAG_NEG_trNEGATIVE79888_13_11,0.056530870497226715
FRAG_NEG_trNEGATIVE42891_5_11,0.008704295381903648
FRAG_NEG_trNEGATIVE84888_29_11,0.6561177968978882
FRAG_NEG_trNEGATIVE90824_16_11,0.0005142688751220703
FRAG_NEG_trNEGATIVE44072_67_11,0.019086312502622604
FRAG_NEG_trNEGATIVE54956_66_11,0.0023964291904121637
FRAG_NEG_trNEGATIVE47801_51_11,0.04784512147307396
FRAG_NEG_trNEGATIVE40761_36_11,0.001846043742261827
FRAG_NEG_trNEGATIVE76772_21_11,0.01033661887049675
FRAG_NEG_trNEGATIVE52563_8_11,0.993862509727478
FRAG_NEG_trNEGATIVE82632_32_11,0.46465015411376953
FRAG_NEG_trNEGATIVE49023_59_11,0.329951673746109
FRAG_NEG_trNEGATIVE36239_60_11,0.251625120639801
FRAG_NEG_trNEGATIVE62285_7_11,0.13886454701423645
FRAG_NEG_trNEGATIVE67073_50_11,0.32725340127944946
FRAG_NEG_trNEGATIVE30707_22_11,0.06681547313928604
FRAG_NEG_trNEGATIVE86415_8_11,0.03302942216396332
FRAG_NEG_trNEGATIVE54614_32_11,0.5995247960090637
FRAG_NEG_trNEGATIVE58718_11_11,0.4449945390224457
FRAG_NEG_trNEGATIVE90141_39_11,8.198420982807875e-05
FRAG_NEG_trNEGATIVE53275_26_11,0.00012134246208006516
FRAG_NEG_trNEGATIVE96832_1_11,0.044368501752614975
FRAG_NEG_trNEGATIVE56893_11_11,0.17926612496376038
FRAG_NEG_trNEGATIVE38107_58_11,0.0903681069612503
FRAG_NEG_trNEGATIVE73412_40_11,0.012404795736074448
FRAG_NEG_trNEGATIVE84608_1_11,0.6540026068687439
FRAG_NEG_trNEGATIVE73683_16_11,0.05870281532406807
FRAG_NEG_trNEGATIVE39101_66_11,0.8448823690414429
FRAG_NEG_trNEGATIVE79101_25_11,0.7150033712387085
FRAG_NEG_trNEGATIVE52313_7_11,0.005774811375886202
FRAG_NEG_trNEGATIVE86416_28_11,0.046516209840774536
FRAG_NEG_trNEGATIVE35895_28_11,0.8115779757499695
FRAG_NEG_trNEGATIVE63626_14_11,0.27609267830848694
FRAG_NEG_trNEGATIVE81467_39_11,0.31627488136291504
FRAG_NEG_trNEGATIVE50788_28_11,0.9059276580810547
FRAG_NEG_trNEGATIVE69794_63_11,0.3398369550704956
FRAG_NEG_trNEGATIVE28177_34_12,0.002510940423235297
FRAG_NEG_trNEGATIVE67399_50_12,0.03977510705590248
FRAG_NEG_trNEGATIVE44113_36_12,0.3519264757633209
FRAG_NEG_trNEGATIVE76571_12_12,0.1307070404291153
FRAG_NEG_trNEGATIVE75479_9_12,0.19404983520507812
FRAG_NEG_trNEGATIVE40127_7_12,0.12561607360839844
FRAG_NEG_trNEGATIVE44042_61_12,0.0022166636772453785
FRAG_NEG_trNEGATIVE53608_27_12,0.0063929930329322815
FRAG_NEG_trNEGATIVE53375_36_12,0.06449858844280243
FRAG_NEG_trNEGATIVE38736_2_12,0.016831036657094955
FRAG_NEG_trNEGATIVE41067_6_12,0.3390434682369232
FRAG_NEG_trNEGATIVE55393_26_12,0.02329677902162075
FRAG_NEG_trNEGATIVE52176_43_12,0.035270899534225464
FRAG_NEG_trNEGATIVE94230_8_12,0.0027703368104994297
FRAG_NEG_trNEGATIVE57420_6_12,0.0011554344091564417
FRAG_NEG_trNEGATIVE40563_5_12,0.07706306874752045
FRAG_NEG_trNEGATIVE64441_29_12,0.004973053466528654
FRAG_NEG_trNEGATIVE32110_75_12,0.006753906607627869
FRAG_NEG_trNEGATIVE80119_30_12,0.45512789487838745
FRAG_NEG_trNEGATIVE61815_36_12,0.15281382203102112
FRAG_NEG_trNEGATIVE54249_40_12,0.08505029231309891
FRAG_NEG_trNEGATIVE85930_56_12,0.6926087737083435
FRAG_NEG_trNEGATIVE75423_14_12,0.26570695638656616
FRAG_NEG_trNEGATIVE90229_3_12,3.649889549706131e-05
FRAG_NEG_trNEGATIVE92004_33_12,0.41618236899375916
FRAG_NEG_trNEGATIVE48694_60_12,0.8840723037719727
FRAG_NEG_trNEGATIVE36945_17_12,0.0021122312173247337
FRAG_NEG_trNEGATIVE63110_44_12,0.8154559135437012
FRAG_NEG_trNEGATIVE69854_67_12,0.3442310690879822
FRAG_NEG_trNEGATIVE46248_29_12,0.020291075110435486
FRAG_NEG_trNEGATIVE56452_12_12,0.305250883102417
FRAG_NEG_trNEGATIVE90189_23_12,0.0005909140454605222
FRAG_NEG_trNEGATIVE96926_42_12,0.07778306305408478
FRAG_NEG_trNEGATIVE94016_12_12,0.7882214784622192
FRAG_NEG_trNEGATIVE36525_23_12,0.10307753086090088
FRAG_NEG_trNEGATIVE84888_52_12,0.764803409576416
FRAG_NEG_trNEGATIVE96278_66_12,0.0016758490819483995
FRAG_NEG_trNEGATIVE52366_20_12,0.04796143248677254
FRAG_NEG_trNEGATIVE32519_54_12,0.059712786227464676
FRAG_NEG_trNEGATIVE92449_16_12,0.14393027126789093
FRAG_NEG_trNEGATIVE93828_66_12,0.00016739850980229676
FRAG_NEG_trNEGATIVE34565_51_12,0.37673789262771606
FRAG_NEG_trNEGATIVE70464_54_12,0.005428966600447893
FRAG_NEG_trNEGATIVE83485_3_12,0.7142370939254761
FRAG_NEG_trNEGATIVE87650_48_12,0.031132960692048073
FRAG_NEG_trNEGATIVE68028_22_12,0.02044183574616909
FRAG_NEG_trNEGATIVE91438_54_12,0.41022902727127075
FRAG_NEG_trNEGATIVE54602_33_12,0.0018417404498904943
FRAG_NEG_trNEGATIVE56576_10_12,0.09825964272022247
FRAG_NEG_trNEGATIVE34916_68_12,0.5744523406028748
FRAG_NEG_trNEGATIVE85841_44_12,0.7228955030441284
FRAG_NEG_trNEGATIVE39691_75_12,0.0007124552503228188
FRAG_NEG_trNEGATIVE27683_21_12,0.015051623806357384
FRAG_NEG_trNEGATIVE32518_41_12,0.0030059018172323704
FRAG_NEG_trNEGATIVE86305_42_12,0.37400126457214355
FRAG_NEG_trNEGATIVE41420_61_12,0.04264172166585922
FRAG_NEG_trNEGATIVE44734_27_12,0.02772202156484127
FRAG_NEG_trNEGATIVE70956_65_12,0.026659604161977768
FRAG_NEG_trNEGATIVE92555_53_12,0.09075992554426193
FRAG_NEG_trNEGATIVE47781_26_12,0.004147798754274845
FRAG_NEG_trNEGATIVE83994_13_12,0.001004182267934084
FRAG_NEG_trNEGATIVE50559_42_12,0.7896575331687927
FRAG_NEG_trNEGATIVE41171_19_12,0.019710896536707878
FRAG_NEG_trNEGATIVE60765_24_12,0.18461264669895172
FRAG_NEG_trNEGATIVE88196_36_12,0.00493167107924819
FRAG_NEG_trNEGATIVE75864_38_12,0.11747068166732788
FRAG_NEG_trNEGATIVE31371_36_12,0.020138684660196304
FRAG_NEG_trNEGATIVE43021_8_12,0.5537516474723816
FRAG_NEG_trNEGATIVE82781_9_12,0.3205862045288086
FRAG_NEG_trNEGATIVE30133_19_12,5.147051069798181e-07
FRAG_NEG_trNEGATIVE90914_13_12,0.03902550786733627
FRAG_NEG_trNEGATIVE84467_28_12,0.1826818585395813
FRAG_NEG_trNEGATIVE30647_23_12,0.024486446753144264
FRAG_NEG_trNEGATIVE40170_7_12,0.9844280481338501
FRAG_NEG_trNEGATIVE95781_43_12,6.20843784417957e-05
FRAG_NEG_trNEGATIVE44316_41_12,0.0049932291731238365
FRAG_NEG_trNEGATIVE61202_31_12,1.4328051292977761e-05
FRAG_NEG_trNEGATIVE31525_41_12,0.0017579192062839866
FRAG_NEG_trNEGATIVE70446_49_12,0.0022639466915279627
FRAG_NEG_trNEGATIVE39219_18_12,0.0938173308968544
FRAG_NEG_trNEGATIVE36815_7_12,0.00040918285958468914
FRAG_NEG_trNEGATIVE79514_41_12,0.07503093779087067
FRAG_NEG_trNEGATIVE96443_1_12,0.6698620915412903
FRAG_NEG_trNEGATIVE86750_8_12,0.23329810798168182
FRAG_NEG_trNEGATIVE63306_25_12,0.28369519114494324
FRAG_NEG_trNEGATIVE97027_58_12,0.0025375192053616047
FRAG_NEG_trNEGATIVE81516_24_12,0.11466041952371597
FRAG_NEG_trNEGATIVE55178_12_12,0.3137355446815491
FRAG_NEG_trNEGATIVE28801_5_12,6.727223808411509e-05
FRAG_NEG_trNEGATIVE41308_31_12,0.001805927837267518
FRAG_NEG_trNEGATIVE70576_21_12,0.4019277095794678
FRAG_NEG_trNEGATIVE73932_33_12,0.028666073456406593
FRAG_NEG_trNEGATIVE30895_34_12,0.24732133746147156
FRAG_NEG_trNEGATIVE82837_1_12,0.0006837279652245343
FRAG_NEG_trNEGATIVE37954_58_12,0.20257849991321564
FRAG_NEG_trNEGATIVE63561_56_12,0.0006555767031386495
FRAG_NEG_trNEGATIVE95146_11_12,0.015464665368199348
FRAG_NEG_trNEGATIVE68879_3_12,0.8246852159500122
FRAG_NEG_trNEGATIVE63605_20_12,0.002506974386051297
FRAG_NEG_trNEGATIVE82899_36_12,0.3477180600166321
FRAG_NEG_trNEGATIVE76453_39_12,0.1377965807914734
FRAG_NEG_trNEGATIVE40957_35_12,0.13883879780769348
FRAG_NEG_trNEGATIVE35045_46_12,0.06224951893091202
FRAG_NEG_trNEGATIVE31684_17_12,0.005575687624514103
FRAG_NEG_trNEGATIVE45179_0_12,1.6685416994732805e-05
FRAG_NEG_trNEGATIVE55956_1_12,0.04483257606625557
FRAG_NEG_trNEGATIVE45552_59_12,0.000425461505074054
FRAG_NEG_trNEGATIVE62029_0_12,3.080534952459857e-06
FRAG_NEG_trNEGATIVE74499_3_12,0.631718635559082
FRAG_NEG_trNEGATIVE48130_62_12,0.050010424107313156
FRAG_NEG_trNEGATIVE35901_51_12,0.23133203387260437
FRAG_NEG_trNEGATIVE74610_26_12,0.014635501429438591
FRAG_NEG_trNEGATIVE61294_13_12,0.02808193862438202
FRAG_NEG_trNEGATIVE65552_26_12,0.000984458951279521
FRAG_NEG_trNEGATIVE27634_2_12,0.5749037265777588
FRAG_NEG_trNEGATIVE76437_5_12,0.8246362805366516
FRAG_NEG_trNEGATIVE30481_39_12,0.2250949889421463
FRAG_NEG_trNEGATIVE90224_19_12,0.013205720111727715
FRAG_NEG_trNEGATIVE60255_38_12,0.06174091249704361
FRAG_NEG_trNEGATIVE60580_0_12,1.4915232895873487e-05
FRAG_NEG_trNEGATIVE81986_55_12,0.017384212464094162
FRAG_NEG_trNEGATIVE33313_25_12,0.3677855134010315
FRAG_NEG_trNEGATIVE33192_12_12,0.24349749088287354
FRAG_NEG_trNEGATIVE52961_59_12,0.028980731964111328
FRAG_NEG_trNEGATIVE89322_36_12,0.622039794921875
FRAG_NEG_trNEGATIVE62352_27_12,0.25985923409461975
FRAG_NEG_trNEGATIVE83802_44_12,0.040496665984392166
FRAG_NEG_trNEGATIVE90331_2_12,0.046806495636701584
FRAG_NEG_trNEGATIVE54980_6_12,0.02593635395169258
FRAG_NEG_trNEGATIVE28254_41_12,0.027785252779722214
FRAG_NEG_trNEGATIVE31256_1_12,0.015674352645874023
FRAG_NEG_trNEGATIVE94732_47_12,0.6084645390510559
FRAG_NEG_trNEGATIVE67486_0_12,1.1258116217049974e-07
FRAG_NEG_trNEGATIVE37677_41_12,0.1729131042957306
FRAG_NEG_trNEGATIVE93625_25_12,0.7628363966941833
FRAG_NEG_trNEGATIVE70892_32_12,0.7315619587898254
FRAG_NEG_trNEGATIVE68134_25_12,0.035307515412569046
FRAG_NEG_trNEGATIVE29766_41_12,0.0013978725764900446
FRAG_NEG_trNEGATIVE66626_14_12,0.5276615023612976
FRAG_NEG_trNEGATIVE39865_3_12,0.9940047264099121
FRAG_NEG_trNEGATIVE83403_78_12,0.175786092877388
FRAG_NEG_trNEGATIVE38111_14_12,0.0019243501592427492
FRAG_NEG_trNEGATIVE67263_4_12,0.06952857226133347
FRAG_NEG_trNEGATIVE79021_50_12,0.08010000735521317
FRAG_NEG_trNEGATIVE47409_35_12,0.5780789852142334
FRAG_NEG_trNEGATIVE38968_0_12,0.0031453713309019804
FRAG_NEG_trNEGATIVE38265_6_12,0.04051973670721054
FRAG_NEG_trNEGATIVE66632_79_12,0.11523383855819702
FRAG_NEG_trNEGATIVE72933_35_12,0.0016942208167165518
FRAG_NEG_trNEGATIVE94421_72_12,0.4119134545326233
FRAG_NEG_trNEGATIVE50601_31_12,0.0019938775803893805
FRAG_NEG_trNEGATIVE49120_44_12,0.00647200271487236
FRAG_NEG_trNEGATIVE46370_30_12,0.049137528985738754
FRAG_NEG_trNEGATIVE34016_3_12,0.10370846092700958
FRAG_NEG_trNEGATIVE70270_82_12,0.4301830232143402
FRAG_NEG_trNEGATIVE47404_58_12,0.028796514496207237
FRAG_NEG_trNEGATIVE96663_29_12,0.0012027522316202521
FRAG_NEG_trNEGATIVE58881_26_12,0.2961373031139374
FRAG_NEG_trNEGATIVE80483_72_12,0.5199415683746338
FRAG_NEG_trNEGATIVE66429_0_12,0.00012037309352308512
FRAG_NEG_trNEGATIVE87619_56_12,0.03708667308092117
FRAG_NEG_trNEGATIVE43717_24_12,0.18468204140663147
FRAG_NEG_trNEGATIVE34235_0_12,0.0042913006618618965
FRAG_NEG_trNEGATIVE60716_36_12,0.31738486886024475
FRAG_NEG_trNEGATIVE44373_22_12,0.18733300268650055
FRAG_NEG_trNEGATIVE82631_6_12,0.19006970524787903
FRAG_NEG_trNEGATIVE92820_58_12,0.00024279668286908418
FRAG_NEG_trNEGATIVE39074_69_12,0.14919503033161163
FRAG_NEG_trNEGATIVE37267_12_12,2.389521432633046e-05
FRAG_NEG_trNEGATIVE87777_41_12,0.2257372885942459
FRAG_NEG_trNEGATIVE30479_37_12,0.28351545333862305
FRAG_NEG_trNEGATIVE48545_25_12,0.4629502296447754
FRAG_NEG_trNEGATIVE89249_30_12,0.32318177819252014
FRAG_NEG_trNEGATIVE83853_57_12,0.0007195159560069442
FRAG_NEG_trNEGATIVE62045_10_12,0.03090859390795231
FRAG_NEG_trNEGATIVE67046_43_12,0.20428165793418884
FRAG_NEG_trNEGATIVE35578_30_12,0.002018387895077467
FRAG_NEG_trNEGATIVE34625_31_12,0.9688574075698853
FRAG_NEG_trNEGATIVE39614_2_12,0.0679016262292862
FRAG_NEG_trNEGATIVE46189_20_12,0.803248405456543
FRAG_NEG_trNEGATIVE58881_18_12,0.121077761054039
FRAG_NEG_trNEGATIVE43403_5_12,0.7641299366950989
FRAG_NEG_trNEGATIVE30284_59_12,0.9751550555229187
FRAG_NEG_trNEGATIVE80455_21_12,0.9130483865737915
FRAG_NEG_trNEGATIVE79195_11_12,0.7831045389175415
FRAG_NEG_trNEGATIVE40163_57_12,0.11313465982675552
FRAG_NEG_trNEGATIVE96555_25_12,0.06316262483596802
FRAG_NEG_trNEGATIVE92966_30_12,0.056862663477659225
FRAG_NEG_trNEGATIVE97487_8_12,0.24965128302574158
FRAG_NEG_trNEGATIVE54744_59_12,0.011656644754111767
FRAG_NEG_trNEGATIVE69410_10_12,0.7687281966209412
FRAG_NEG_trNEGATIVE62371_21_12,0.006139098666608334
FRAG_NEG_trNEGATIVE86575_66_12,0.50775146484375
FRAG_NEG_trNEGATIVE63918_19_12,0.08111904561519623
FRAG_NEG_trNEGATIVE73494_23_12,0.00458728289231658
FRAG_NEG_trNEGATIVE42856_60_12,0.009177147410809994
FRAG_NEG_trNEGATIVE56510_35_12,0.004068342037498951
FRAG_NEG_trNEGATIVE63583_21_12,0.07096661627292633
FRAG_NEG_trNEGATIVE62719_11_12,0.21851806342601776
FRAG_NEG_trNEGATIVE84581_2_12,0.9480263590812683
FRAG_NEG_trNEGATIVE81661_71_12,0.7709609270095825
FRAG_NEG_trNEGATIVE33522_62_12,0.001741723157465458
FRAG_NEG_trNEGATIVE91058_25_12,0.04957826808094978
FRAG_NEG_trNEGATIVE84549_41_12,0.37442806363105774
FRAG_NEG_trNEGATIVE87777_29_12,0.0028107636608183384
FRAG_NEG_trNEGATIVE81380_7_12,0.7802581787109375
FRAG_NEG_trNEGATIVE49226_62_12,0.5607283711433411
FRAG_NEG_trNEGATIVE74447_5_12,0.40125370025634766
FRAG_NEG_trNEGATIVE41442_42_12,0.8214255571365356
FRAG_NEG_trNEGATIVE70706_74_12,0.23729674518108368
FRAG_NEG_trNEGATIVE32518_16_12,0.17071780562400818
FRAG_NEG_trNEGATIVE70709_70_12,9.268097346648574e-05
FRAG_NEG_trNEGATIVE32828_7_12,0.019666237756609917
FRAG_NEG_trNEGATIVE96597_47_12,0.005107509903609753
FRAG_NEG_trNEGATIVE67582_33_12,0.005434711929410696
FRAG_NEG_trNEGATIVE53093_43_12,0.07587584108114243
FRAG_NEG_trNEGATIVE82150_39_12,0.020929928869009018
FRAG_NEG_trNEGATIVE75676_68_12,0.01083152461796999
FRAG_NEG_trNEGATIVE35110_57_12,0.0010944621171802282
FRAG_NEG_trNEGATIVE42312_1_12,0.5577208995819092
FRAG_NEG_trNEGATIVE87243_16_12,0.002637420315295458
FRAG_NEG_trNEGATIVE91030_30_12,0.0004248395562171936
FRAG_NEG_trNEGATIVE65317_41_12,0.6139599084854126
FRAG_NEG_trNEGATIVE43968_25_12,0.14798526465892792
FRAG_NEG_trNEGATIVE69854_47_12,0.11086000502109528
FRAG_NEG_trNEGATIVE71052_43_12,0.013623416423797607
FRAG_NEG_trNEGATIVE70594_57_12,0.006861864123493433
FRAG_NEG_trNEGATIVE41646_10_12,0.2845592796802521
FRAG_NEG_trNEGATIVE81349_10_12,0.008920993655920029
FRAG_NEG_trNEGATIVE35958_40_12,0.6149240732192993
FRAG_NEG_trNEGATIVE79435_8_12,3.9993832615436986e-05
FRAG_NEG_trNEGATIVE97099_9_12,0.00901188887655735
FRAG_NEG_trNEGATIVE90517_52_12,0.31639596819877625
FRAG_NEG_trNEGATIVE70937_3_12,0.15858331322669983
FRAG_NEG_trNEGATIVE51996_36_12,0.0007621764088980854
FRAG_NEG_trNEGATIVE60962_54_12,0.0024682513903826475
FRAG_NEG_trNEGATIVE59745_3_12,0.1130087599158287
FRAG_NEG_trNEGATIVE37877_42_12,0.039701901376247406
FRAG_NEG_trNEGATIVE91046_3_12,0.1432161033153534
FRAG_NEG_trNEGATIVE70735_39_12,0.10192000865936279
FRAG_NEG_trNEGATIVE75878_12_12,0.14295490086078644
FRAG_NEG_trNEGATIVE59543_30_12,4.9953745474340394e-05
FRAG_NEG_trNEGATIVE45985_10_12,0.01267270464450121
FRAG_NEG_trNEGATIVE52473_51_12,0.02488107606768608
FRAG_NEG_trNEGATIVE56280_17_12,0.02191479131579399
FRAG_NEG_trNEGATIVE45542_44_12,0.00011448706209193915
FRAG_NEG_trNEGATIVE28142_13_12,0.0921814888715744
FRAG_NEG_trNEGATIVE28324_53_12,0.0003440962464082986
FRAG_NEG_trNEGATIVE43660_28_12,0.002801604103296995
FRAG_NEG_trNEGATIVE32302_14_12,0.19325079023838043
FRAG_NEG_trNEGATIVE75165_36_12,0.32263970375061035
FRAG_NEG_trNEGATIVE67393_21_12,0.03737688809633255
FRAG_NEG_trNEGATIVE35741_52_12,0.9001442193984985
FRAG_NEG_trNEGATIVE95580_62_12,0.5010506510734558
FRAG_NEG_trNEGATIVE41329_52_12,0.2417118102312088
FRAG_NEG_trNEGATIVE48130_50_12,5.28686105099041e-05
FRAG_NEG_trNEGATIVE35456_52_12,0.0028930758126080036
FRAG_NEG_trNEGATIVE93258_52_12,0.011998070403933525
FRAG_NEG_trNEGATIVE54843_65_12,0.0032455348409712315
FRAG_NEG_trNEGATIVE79299_60_12,0.42529016733169556
FRAG_NEG_trNEGATIVE36843_1_12,0.09876688569784164
FRAG_NEG_trNEGATIVE74541_59_12,0.004019736312329769
FRAG_NEG_trNEGATIVE51263_58_12,0.03175263851881027
FRAG_NEG_trNEGATIVE70258_36_12,0.1594933569431305
FRAG_NEG_trNEGATIVE34592_75_12,0.03745764493942261
FRAG_NEG_trNEGATIVE55883_12_12,0.7749822735786438
FRAG_NEG_trNEGATIVE55240_30_12,0.304948627948761
FRAG_NEG_trNEGATIVE85376_52_12,0.00020005639817100018
FRAG_NEG_trNEGATIVE39002_8_12,0.29609251022338867
FRAG_NEG_trNEGATIVE89986_48_12,0.8308480978012085
FRAG_NEG_trNEGATIVE84600_58_12,0.008853393606841564
FRAG_NEG_trNEGATIVE71259_28_12,2.9706741770496592e-05
FRAG_NEG_trNEGATIVE35567_19_12,0.578586757183075
FRAG_NEG_trNEGATIVE83091_29_12,0.5664706230163574
FRAG_NEG_trNEGATIVE84614_73_12,0.01238374225795269
FRAG_NEG_trNEGATIVE59142_48_12,0.002162767108529806
FRAG_NEG_trNEGATIVE46856_19_12,0.20587825775146484
FRAG_NEG_trNEGATIVE82879_68_12,0.16939108073711395
FRAG_NEG_trNEGATIVE63680_8_12,0.2124878615140915
FRAG_NEG_trNEGATIVE33201_40_12,0.024333517998456955
FRAG_NEG_trNEGATIVE61190_37_12,0.05738746374845505
FRAG_NEG_trNEGATIVE31056_43_12,0.0038708914071321487
FRAG_NEG_trNEGATIVE39078_13_12,0.11941462755203247
FRAG_NEG_trNEGATIVE37865_17_12,0.15996013581752777
FRAG_NEG_trNEGATIVE47137_0_12,5.182547101867385e-05
FRAG_NEG_trNEGATIVE52704_1_12,0.417733758687973
FRAG_NEG_trNEGATIVE31363_34_12,0.0579385869204998
FRAG_NEG_trNEGATIVE51423_53_12,0.0025185109116137028
FRAG_NEG_trNEGATIVE33079_1_12,0.14353564381599426
FRAG_NEG_trNEGATIVE44373_56_12,0.9959095120429993
FRAG_NEG_trNEGATIVE31708_34_12,0.18099641799926758
FRAG_NEG_trNEGATIVE69522_26_12,0.026724427938461304
FRAG_NEG_trNEGATIVE96599_47_12,0.09392856061458588
FRAG_NEG_trNEGATIVE92908_18_12,0.00901731289923191
FRAG_NEG_trNEGATIVE41688_34_12,0.24646258354187012
FRAG_NEG_trNEGATIVE74403_49_12,0.05598203092813492
FRAG_NEG_trNEGATIVE40770_23_12,0.2304844856262207
FRAG_NEG_trNEGATIVE49010_74_12,0.0005528448382392526
FRAG_NEG_trNEGATIVE84260_24_12,0.010301612317562103
FRAG_NEG_trNEGATIVE35069_34_12,0.0004534785693977028
FRAG_NEG_trNEGATIVE67937_48_12,0.12396734952926636
FRAG_NEG_trNEGATIVE36275_66_12,0.3177153468132019
FRAG_NEG_trNEGATIVE56313_32_12,0.6536217927932739
FRAG_NEG_trNEGATIVE28299_40_12,0.1935412436723709
FRAG_NEG_trNEGATIVE31578_34_12,0.023811612278223038
FRAG_NEG_trNEGATIVE39535_45_12,0.02233496494591236
FRAG_NEG_trNEGATIVE93974_1_12,0.24916109442710876
FRAG_NEG_trNEGATIVE81431_37_12,0.0371679961681366
FRAG_NEG_trNEGATIVE30906_46_12,0.000702758552506566
FRAG_NEG_trNEGATIVE91199_53_12,0.529492199420929
FRAG_NEG_trNEGATIVE37240_80_12,0.9789026975631714
FRAG_NEG_trNEGATIVE45874_12_12,0.0026989614125341177
FRAG_NEG_trNEGATIVE58127_36_12,0.06664270162582397
FRAG_NEG_trNEGATIVE90165_46_12,0.12797999382019043
FRAG_NEG_trNEGATIVE53226_70_12,0.7912865877151489
FRAG_NEG_trNEGATIVE41033_21_12,0.5601528286933899
FRAG_NEG_trNEGATIVE84969_23_12,0.005268496926873922
FRAG_NEG_trNEGATIVE49134_48_12,0.0002972820366267115
FRAG_NEG_trNEGATIVE86993_23_12,0.22377915680408478
FRAG_NEG_trNEGATIVE68825_56_12,0.16680048406124115
FRAG_NEG_trNEGATIVE97196_40_12,0.47533169388771057
FRAG_NEG_trNEGATIVE38333_27_12,0.00666439812630415
FRAG_NEG_trNEGATIVE30453_40_12,0.12472523748874664
FRAG_NEG_trNEGATIVE28784_5_12,0.006408477667719126
FRAG_NEG_trNEGATIVE71204_44_12,0.015540046617388725
FRAG_NEG_trNEGATIVE89028_30_12,0.007317820098251104
FRAG_NEG_trNEGATIVE68695_62_12,0.20611920952796936
FRAG_NEG_trNEGATIVE67353_38_12,0.4186778962612152
FRAG_NEG_trNEGATIVE55344_2_12,0.08529184758663177
FRAG_NEG_trNEGATIVE76022_11_12,0.04691743105649948
FRAG_NEG_trNEGATIVE30297_10_12,0.4655209481716156
FRAG_NEG_trNEGATIVE48964_26_12,0.4940820634365082
FRAG_NEG_trNEGATIVE86194_6_12,0.03527636080980301
FRAG_NEG_trNEGATIVE95262_32_12,0.0030356752686202526
FRAG_NEG_trNEGATIVE48733_39_12,0.03294100612401962
FRAG_NEG_trNEGATIVE96551_30_12,0.3532150387763977
FRAG_NEG_trNEGATIVE77802_75_12,0.0003832339134532958
FRAG_NEG_trNEGATIVE58788_18_12,0.02426234818994999
FRAG_NEG_trNEGATIVE35001_59_12,0.006816194858402014
FRAG_NEG_trNEGATIVE88184_57_12,0.2748766541481018
FRAG_NEG_trNEGATIVE92379_52_12,0.00020029039296787232
FRAG_NEG_trNEGATIVE93021_18_12,0.010320735163986683
FRAG_NEG_trNEGATIVE78105_64_12,0.0911174789071083
FRAG_NEG_trNEGATIVE49883_36_12,0.06103444844484329
FRAG_NEG_trNEGATIVE70991_85_12,0.8662757873535156
FRAG_NEG_trNEGATIVE39622_39_12,0.0031150069553405046
FRAG_NEG_trNEGATIVE86053_17_12,0.1980932652950287
FRAG_NEG_trNEGATIVE91895_67_12,0.14464299380779266
FRAG_NEG_trNEGATIVE74391_36_12,0.06954877078533173
FRAG_NEG_trNEGATIVE94613_38_12,0.9608063697814941
FRAG_NEG_trNEGATIVE51468_37_12,0.0003633873420767486
FRAG_NEG_trNEGATIVE82036_47_12,0.18230274319648743
FRAG_NEG_trNEGATIVE72240_83_12,0.054482270032167435
FRAG_NEG_trNEGATIVE74328_24_12,0.0004485181416384876
FRAG_NEG_trNEGATIVE68123_43_12,0.07461565732955933
FRAG_NEG_trNEGATIVE77005_11_12,0.5907527208328247
FRAG_NEG_trNEGATIVE69042_24_12,0.031822629272937775
FRAG_NEG_trNEGATIVE41457_36_12,0.06820353865623474
FRAG_NEG_trNEGATIVE90002_79_12,0.40552765130996704
FRAG_NEG_trNEGATIVE75785_2_12,0.6562781929969788
FRAG_NEG_trNEGATIVE76602_65_12,0.11975250393152237
FRAG_NEG_trNEGATIVE53410_47_12,0.023736827075481415
FRAG_NEG_trNEGATIVE34154_26_12,0.012229643762111664
FRAG_NEG_trNEGATIVE41209_16_12,0.7784690856933594
FRAG_NEG_trNEGATIVE64367_1_12,0.0034283145796507597
FRAG_NEG_trNEGATIVE88628_60_12,0.005212373565882444
FRAG_NEG_trNEGATIVE43266_18_12,0.29375705122947693
FRAG_NEG_trNEGATIVE37469_17_12,0.003755632322281599
FRAG_NEG_trNEGATIVE42231_42_12,0.02367636002600193
FRAG_NEG_trNEGATIVE64959_23_12,0.0016119753709062934
FRAG_NEG_trNEGATIVE77606_15_12,0.04483242332935333
FRAG_NEG_trNEGATIVE46134_48_12,0.0006789673352614045
FRAG_NEG_trNEGATIVE85245_10_12,0.049025993794202805
FRAG_NEG_trNEGATIVE78677_64_12,0.991740882396698
FRAG_NEG_trNEGATIVE71121_40_12,0.008598612621426582
FRAG_NEG_trNEGATIVE61477_29_12,0.3973569869995117
FRAG_NEG_trNEGATIVE40710_7_12,0.23971232771873474
FRAG_NEG_trNEGATIVE54268_44_12,0.7138475179672241
FRAG_NEG_trNEGATIVE60566_24_12,0.4197370409965515
FRAG_NEG_trNEGATIVE47402_52_12,0.3532608449459076
FRAG_NEG_trNEGATIVE62701_41_12,0.1774090826511383
FRAG_NEG_trNEGATIVE51502_26_12,0.04867071658372879
FRAG_NEG_trNEGATIVE39127_41_12,0.027794871479272842
FRAG_NEG_trNEGATIVE44570_15_12,0.0010978041682392359
FRAG_NEG_trNEGATIVE69941_16_12,0.0016593497712165117
FRAG_NEG_trNEGATIVE74180_45_12,0.06798617541790009
FRAG_NEG_trNEGATIVE34943_82_12,0.20866933465003967
FRAG_NEG_trNEGATIVE30764_19_12,0.33231881260871887
FRAG_NEG_trNEGATIVE69489_37_12,0.8239504098892212
FRAG_NEG_trNEGATIVE79605_67_12,0.005437529645860195
FRAG_NEG_trNEGATIVE53751_31_12,0.19256213307380676
FRAG_NEG_trNEGATIVE77471_52_12,0.31499066948890686
FRAG_NEG_trNEGATIVE47677_21_12,0.5332452058792114
FRAG_NEG_trNEGATIVE38332_27_12,0.15423479676246643
FRAG_NEG_trNEGATIVE56625_46_12,0.03595521301031113
FRAG_NEG_trNEGATIVE58145_15_12,0.49314603209495544
FRAG_NEG_trNEGATIVE44810_34_12,0.014275355264544487
FRAG_NEG_trNEGATIVE74080_77_12,7.622467092005536e-05
FRAG_NEG_trNEGATIVE69702_29_12,0.031091636046767235
FRAG_NEG_trNEGATIVE51954_12_12,0.001778043806552887
FRAG_NEG_trNEGATIVE83944_61_12,0.013557645492255688
FRAG_NEG_trNEGATIVE92854_17_12,0.00423571327701211
FRAG_NEG_trNEGATIVE52449_29_12,0.21446068584918976
FRAG_NEG_trNEGATIVE83287_22_12,0.008443349972367287
FRAG_NEG_trNEGATIVE62200_13_12,0.3424607515335083
FRAG_NEG_trNEGATIVE45571_48_12,0.0969858393073082
FRAG_NEG_trNEGATIVE75954_18_12,0.0024046609178185463
FRAG_NEG_trNEGATIVE56970_42_12,0.05184087157249451
FRAG_NEG_trNEGATIVE96583_17_12,0.00724837789312005
FRAG_NEG_trNEGATIVE36310_48_12,0.3601839244365692
FRAG_NEG_trNEGATIVE29309_4_12,0.1932992786169052
FRAG_NEG_trNEGATIVE56717_15_12,0.007313472684472799
FRAG_NEG_trNEGATIVE67547_56_12,0.010983400046825409
FRAG_NEG_trNEGATIVE96622_24_12,0.14363320171833038
FRAG_NEG_trNEGATIVE61350_14_12,6.747435691067949e-06
FRAG_NEG_trNEGATIVE49543_8_12,0.017545748502016068
FRAG_NEG_trNEGATIVE59112_57_12,0.36282968521118164
FRAG_NEG_trNEGATIVE67374_8_12,0.8091332316398621
FRAG_NEG_trNEGATIVE29263_29_12,0.0001735341502353549
FRAG_NEG_trNEGATIVE74813_82_12,0.6052266359329224
FRAG_NEG_trNEGATIVE77612_25_12,0.03254089131951332
FRAG_NEG_trNEGATIVE42479_10_12,0.7050526738166809
FRAG_NEG_trNEGATIVE69167_26_12,0.07071138918399811
FRAG_NEG_trNEGATIVE94953_41_12,0.27379220724105835
FRAG_NEG_trNEGATIVE53623_0_12,0.003439859254285693
FRAG_NEG_trNEGATIVE62769_24_12,0.0004691045614890754
FRAG_NEG_trNEGATIVE69216_16_12,0.17879799008369446
FRAG_NEG_trNEGATIVE47034_42_12,0.001460739178583026
FRAG_NEG_trNEGATIVE31028_61_12,0.0028099461924284697
FRAG_NEG_trNEGATIVE51984_7_12,0.2064509391784668
FRAG_NEG_trNEGATIVE32519_57_12,0.2088356763124466
FRAG_NEG_trNEGATIVE59109_39_12,0.7521312832832336
FRAG_NEG_trNEGATIVE33070_31_12,0.041271600872278214
FRAG_NEG_trNEGATIVE70588_32_12,0.09422909468412399
FRAG_NEG_trNEGATIVE88897_20_12,0.0037777735851705074
FRAG_NEG_trNEGATIVE75696_22_12,0.0700482577085495
FRAG_NEG_trNEGATIVE33598_30_12,0.020908961072564125
FRAG_NEG_trNEGATIVE34943_15_12,0.0028719198890030384
FRAG_NEG_trNEGATIVE38619_31_12,0.00020353173022158444
FRAG_NEG_trNEGATIVE93569_6_12,0.03661275655031204
FRAG_NEG_trNEGATIVE70954_13_12,0.5849047899246216
FRAG_NEG_trNEGATIVE69195_2_12,0.5965707898139954
FRAG_NEG_trNEGATIVE60596_9_12,0.0003640390350483358
FRAG_NEG_trNEGATIVE78004_54_12,0.0034906889777630568
FRAG_NEG_trNEGATIVE91387_48_12,0.05629904195666313
FRAG_NEG_trNEGATIVE73951_6_12,0.7818275690078735
FRAG_NEG_trNEGATIVE88170_8_12,0.06123968958854675
FRAG_NEG_trNEGATIVE57999_30_12,0.003402172354981303
FRAG_NEG_trNEGATIVE81519_75_12,0.00428122328594327
FRAG_NEG_trNEGATIVE60084_43_12,0.005625516176223755
FRAG_NEG_trNEGATIVE74547_28_12,0.1392822414636612
FRAG_NEG_trNEGATIVE53434_25_12,0.0952458456158638
FRAG_NEG_trNEGATIVE90317_24_12,0.0003244878025725484
FRAG_NEG_trNEGATIVE34749_19_12,8.00037832959788e-06
FRAG_NEG_trNEGATIVE28408_27_12,0.014153905212879181
FRAG_NEG_trNEGATIVE35790_25_12,0.027004649862647057
FRAG_NEG_trNEGATIVE31337_34_12,0.08020030707120895
FRAG_NEG_trNEGATIVE40773_14_12,0.17574439942836761
FRAG_NEG_trNEGATIVE72638_29_12,0.000621478189714253
FRAG_NEG_trNEGATIVE77302_77_12,0.00048143096501007676
FRAG_NEG_trNEGATIVE87018_73_12,0.545305609703064
FRAG_NEG_trNEGATIVE47812_60_12,1.9306746253278106e-05
FRAG_NEG_trNEGATIVE33079_28_12,0.5287348628044128
FRAG_NEG_trNEGATIVE51480_63_12,0.03487136587500572
FRAG_NEG_trNEGATIVE96531_35_12,0.00523280818015337
FRAG_NEG_trNEGATIVE89660_42_12,0.9500414133071899
FRAG_NEG_trNEGATIVE96486_45_12,0.001363048912025988
FRAG_NEG_trNEGATIVE90255_5_12,0.18515509366989136
FRAG_NEG_trNEGATIVE54615_55_12,0.012596492655575275
FRAG_NEG_trNEGATIVE54081_22_12,0.833964467048645
FRAG_NEG_trNEGATIVE76115_10_12,0.10476913303136826
FRAG_NEG_trNEGATIVE27549_20_12,3.90915920434054e-05
FRAG_NEG_trNEGATIVE35110_22_12,0.4240735173225403
FRAG_NEG_trNEGATIVE64439_20_12,0.04827816039323807
FRAG_NEG_trNEGATIVE76710_37_12,0.03073417767882347
FRAG_NEG_trNEGATIVE80829_32_12,1.4221385526980157e-06
FRAG_NEG_trNEGATIVE60316_61_12,0.4682634472846985
FRAG_NEG_trNEGATIVE86836_21_12,0.5246235132217407
FRAG_NEG_trNEGATIVE58127_20_12,0.010714279487729073
FRAG_NEG_trNEGATIVE61194_18_12,0.009455470368266106
FRAG_NEG_trNEGATIVE54754_26_12,0.7193016409873962
FRAG_NEG_trNEGATIVE49206_50_12,0.4544896185398102
FRAG_NEG_trNEGATIVE36139_38_12,0.0250693466514349
FRAG_NEG_trNEGATIVE61722_56_12,0.596441388130188
FRAG_NEG_trNEGATIVE66779_54_12,0.0018633415456861258
FRAG_NEG_trNEGATIVE85683_3_12,0.013563175685703754
FRAG_NEG_trNEGATIVE87432_30_12,0.9952805638313293
FRAG_NEG_trNEGATIVE31998_21_12,0.0015682525699958205
FRAG_NEG_trNEGATIVE86408_33_12,0.002051984192803502
FRAG_NEG_trNEGATIVE86199_25_12,0.008851246908307076
FRAG_NEG_trNEGATIVE63556_72_12,0.1639481633901596
FRAG_NEG_trNEGATIVE65019_29_12,0.20659980177879333
FRAG_NEG_trNEGATIVE80751_2_12,0.6727014780044556
FRAG_NEG_trNEGATIVE94625_21_12,0.12918338179588318
FRAG_NEG_trNEGATIVE62885_23_12,0.07470941543579102
FRAG_NEG_trNEGATIVE33183_45_12,0.037055082619190216
FRAG_NEG_trNEGATIVE63744_62_12,0.03597183898091316
FRAG_NEG_trNEGATIVE87442_3_12,0.005504506640136242
FRAG_NEG_trNEGATIVE56523_44_12,0.06222496181726456
FRAG_NEG_trNEGATIVE48701_29_12,0.25279906392097473
FRAG_NEG_trNEGATIVE31537_46_12,0.7739627361297607
FRAG_NEG_trNEGATIVE80668_32_12,0.0010551516897976398
FRAG_NEG_trNEGATIVE35680_5_12,0.007352524437010288
FRAG_NEG_trNEGATIVE88082_12_12,0.004297234117984772
FRAG_NEG_trNEGATIVE61999_29_12,0.006322409026324749
FRAG_NEG_trNEGATIVE88812_12_12,0.995956540107727
FRAG_NEG_trNEGATIVE93768_13_12,0.13886046409606934
FRAG_NEG_trNEGATIVE65270_7_12,0.00045134249376133084
FRAG_NEG_trNEGATIVE50509_19_12,0.2766529321670532
FRAG_NEG_trNEGATIVE30883_58_12,0.3507590889930725
FRAG_NEG_trNEGATIVE52244_48_12,0.003301429096609354
FRAG_NEG_trNEGATIVE55923_16_12,0.018834050744771957
FRAG_NEG_trNEGATIVE53616_8_12,0.185194730758667
FRAG_NEG_trNEGATIVE96663_17_12,0.2334841936826706
FRAG_NEG_trNEGATIVE41843_24_12,0.010022489354014397
FRAG_NEG_trNEGATIVE77511_79_12,0.13071930408477783
FRAG_NEG_trNEGATIVE65487_15_12,0.3523319661617279
FRAG_NEG_trNEGATIVE40873_41_12,0.1731564849615097
FRAG_NEG_trNEGATIVE52893_24_12,0.01806238293647766
FRAG_NEG_trNEGATIVE56730_44_12,0.0032240054570138454
FRAG_NEG_trNEGATIVE38866_36_12,0.024641623720526695
FRAG_NEG_trNEGATIVE47246_15_12,0.04494330659508705
FRAG_NEG_trNEGATIVE92780_14_12,0.06441912800073624
FRAG_NEG_trNEGATIVE78195_86_12,0.00018052852828986943
FRAG_NEG_trNEGATIVE51362_69_12,0.5347363352775574
FRAG_NEG_trNEGATIVE91439_36_12,0.11370104551315308
FRAG_NEG_trNEGATIVE65056_44_12,0.05524827167391777
FRAG_NEG_trNEGATIVE62989_43_12,0.011521833948791027
FRAG_NEG_trNEGATIVE96940_13_12,0.02249806560575962
FRAG_NEG_trNEGATIVE59396_54_12,0.5405166745185852
FRAG_NEG_trNEGATIVE54744_45_12,0.4484490752220154
FRAG_NEG_trNEGATIVE42617_60_12,0.598756730556488
FRAG_NEG_trNEGATIVE95863_25_12,0.2140570431947708
FRAG_NEG_trNEGATIVE89847_31_12,0.0008297208696603775
FRAG_NEG_trNEGATIVE76281_58_12,0.14627452194690704
FRAG_NEG_trNEGATIVE48124_23_12,0.4834164083003998
FRAG_NEG_trNEGATIVE88693_35_12,0.023465432226657867
FRAG_NEG_trNEGATIVE38389_28_12,0.23982207477092743
FRAG_NEG_trNEGATIVE87400_46_12,0.00015767881995998323
FRAG_NEG_trNEGATIVE75271_3_12,0.0008024150738492608
FRAG_NEG_trNEGATIVE50991_60_12,0.2610531449317932
FRAG_NEG_trNEGATIVE56019_0_12,0.07892713695764542
FRAG_NEG_trNEGATIVE29468_6_12,0.19614598155021667
FRAG_NEG_trNEGATIVE53986_28_12,0.20850615203380585
FRAG_NEG_trNEGATIVE85222_61_12,0.0033356596250087023
FRAG_NEG_trNEGATIVE57181_26_12,0.08044374734163284
FRAG_NEG_trNEGATIVE79697_58_12,0.9842673540115356
FRAG_NEG_trNEGATIVE48575_37_12,0.04919913411140442
FRAG_NEG_trNEGATIVE38220_9_12,0.23360732197761536
FRAG_NEG_trNEGATIVE78083_17_12,0.13657507300376892
FRAG_NEG_trNEGATIVE71513_11_12,0.6048206090927124
FRAG_NEG_trNEGATIVE63443_16_12,0.1742987334728241
FRAG_NEG_trNEGATIVE41515_6_12,0.7164032459259033
FRAG_NEG_trNEGATIVE95884_29_12,0.00632466608658433
FRAG_NEG_trNEGATIVE51339_67_12,0.11511924117803574
FRAG_NEG_trNEGATIVE82139_50_12,0.9234929084777832
FRAG_NEG_trNEGATIVE84954_73_12,0.013126632198691368
FRAG_NEG_trNEGATIVE69592_1_12,0.3016800284385681
FRAG_NEG_trNEGATIVE79378_43_12,0.16878454387187958
FRAG_NEG_trNEGATIVE79248_41_12,0.8016408085823059
FRAG_NEG_trNEGATIVE38910_33_12,0.1696726381778717
FRAG_NEG_trNEGATIVE78551_49_12,0.034780655056238174
FRAG_NEG_trNEGATIVE87107_54_12,0.5538944602012634
FRAG_NEG_trNEGATIVE93712_27_12,0.00027753529138863087
FRAG_NEG_trNEGATIVE35870_1_12,0.3279687762260437
FRAG_NEG_trNEGATIVE84432_5_12,0.24314503371715546
FRAG_NEG_trNEGATIVE59833_50_12,0.025522077456116676
FRAG_NEG_trNEGATIVE66779_10_12,0.02481335587799549
FRAG_NEG_trNEGATIVE71139_37_12,0.0029489609878510237
FRAG_NEG_trNEGATIVE70858_12_12,0.06171075254678726
FRAG_NEG_trNEGATIVE46247_17_12,0.10747680813074112
FRAG_NEG_trNEGATIVE67992_27_12,0.031624287366867065
FRAG_NEG_trNEGATIVE58502_20_12,0.003097549546509981
FRAG_NEG_trNEGATIVE84608_41_12,0.5091770887374878
FRAG_NEG_trNEGATIVE82066_54_12,0.004227069206535816
FRAG_NEG_trNEGATIVE69170_42_12,0.16291525959968567
FRAG_NEG_trNEGATIVE78711_10_12,0.33729463815689087
FRAG_NEG_trNEGATIVE41832_35_12,0.5980187654495239
FRAG_NEG_trNEGATIVE52933_4_12,0.5963021516799927
FRAG_NEG_trNEGATIVE55110_10_12,0.14536316692829132
FRAG_NEG_trNEGATIVE77987_73_12,0.10946843773126602
FRAG_NEG_trNEGATIVE79481_21_12,0.02266833744943142
FRAG_NEG_trNEGATIVE41012_31_12,0.0007323261816054583
FRAG_NEG_trNEGATIVE95644_45_12,0.35830575227737427
FRAG_NEG_trNEGATIVE67554_15_12,0.0569588728249073
FRAG_NEG_trNEGATIVE69996_17_12,0.309251606464386
FRAG_NEG_trNEGATIVE96445_37_12,0.35346561670303345
FRAG_NEG_trNEGATIVE59149_44_12,0.9769571423530579
FRAG_NEG_trNEGATIVE29177_22_12,0.0025517051108181477
FRAG_NEG_trNEGATIVE97196_42_12,0.6043961644172668
FRAG_NEG_trNEGATIVE58242_17_12,0.0963159129023552
FRAG_NEG_trNEGATIVE37553_4_12,0.029611939564347267
FRAG_NEG_trNEGATIVE79514_43_12,0.005209835711866617
FRAG_NEG_trNEGATIVE36803_30_12,0.4762633442878723
FRAG_NEG_trNEGATIVE32910_2_12,0.38868358731269836
FRAG_NEG_trNEGATIVE81483_55_12,0.004221620969474316
FRAG_NEG_trNEGATIVE81431_75_12,0.001373326638713479
FRAG_NEG_trNEGATIVE68929_2_12,0.0017835901817306876
FRAG_NEG_trNEGATIVE31533_62_12,0.0014272283297032118
FRAG_NEG_trNEGATIVE50208_82_12,0.3386947512626648
FRAG_NEG_trNEGATIVE39074_53_12,0.0685180127620697
FRAG_NEG_trNEGATIVE90060_27_12,0.45942091941833496
FRAG_NEG_trNEGATIVE71329_44_12,0.04175933077931404
FRAG_NEG_trNEGATIVE74603_11_12,0.03685454651713371
FRAG_NEG_trNEGATIVE91108_43_12,0.25424474477767944
FRAG_NEG_trNEGATIVE36596_48_12,0.6212326884269714
FRAG_NEG_trNEGATIVE46585_31_12,0.016547076404094696
FRAG_NEG_trNEGATIVE70884_1_12,0.9866213798522949
FRAG_NEG_trNEGATIVE96331_14_12,0.705564022064209
FRAG_NEG_trNEGATIVE88812_23_12,0.7793746590614319
FRAG_NEG_trNEGATIVE94228_58_12,0.39523690938949585
FRAG_NEG_trNEGATIVE72487_24_12,0.044708412140607834
FRAG_NEG_trNEGATIVE38860_53_12,0.0012164381332695484
FRAG_NEG_trNEGATIVE32228_49_12,0.22089548408985138
FRAG_NEG_trNEGATIVE32820_8_12,0.002089566085487604
FRAG_NEG_trNEGATIVE66559_0_12,0.0011426436249166727
FRAG_NEG_trNEGATIVE67287_7_12,0.7383302450180054
FRAG_NEG_trNEGATIVE86305_39_12,0.721164345741272
FRAG_NEG_trNEGATIVE34681_44_12,0.7064617276191711
FRAG_NEG_trNEGATIVE37292_50_12,0.0016783059109002352
FRAG_NEG_trNEGATIVE67115_49_12,0.0030961758457124233
FRAG_NEG_trNEGATIVE58989_20_12,0.0002625997585710138
FRAG_NEG_trNEGATIVE50338_9_12,0.0570523627102375
FRAG_NEG_trNEGATIVE96047_46_12,0.7789427638053894
FRAG_NEG_trNEGATIVE56081_2_12,0.0029466436244547367
FRAG_NEG_trNEGATIVE64718_43_12,0.11524324119091034
FRAG_NEG_trNEGATIVE78416_51_12,4.2908934119623154e-05
FRAG_NEG_trNEGATIVE47020_17_12,0.12924709916114807
FRAG_NEG_trNEGATIVE29825_9_12,0.6921704411506653
FRAG_NEG_trNEGATIVE28429_36_12,0.8807905912399292
FRAG_NEG_trNEGATIVE92531_37_12,0.011704477481544018
FRAG_NEG_trNEGATIVE44821_5_12,0.8930124044418335
FRAG_NEG_trNEGATIVE28441_55_12,0.3461896777153015
FRAG_NEG_trNEGATIVE53093_60_12,0.14400778710842133
FRAG_NEG_trNEGATIVE92499_40_12,0.7061913013458252
FRAG_NEG_trNEGATIVE41118_25_12,0.5291702151298523
FRAG_NEG_trNEGATIVE45811_30_12,0.40443459153175354
FRAG_NEG_trNEGATIVE46856_25_12,2.435152964608278e-05
FRAG_NEG_trNEGATIVE33719_18_12,0.00015705908299423754
FRAG_NEG_trNEGATIVE70730_38_12,0.4607568681240082
FRAG_NEG_trNEGATIVE67953_75_12,0.00014774988812860101
FRAG_NEG_trNEGATIVE82585_35_12,0.6031167507171631
FRAG_NEG_trNEGATIVE75699_19_12,0.43881386518478394
FRAG_NEG_trNEGATIVE58904_42_12,0.001967733260244131
FRAG_NEG_trNEGATIVE71119_37_12,0.2645856738090515
FRAG_NEG_trNEGATIVE47673_68_12,0.035910122096538544
FRAG_NEG_trNEGATIVE79000_61_12,0.00048117287224158645
FRAG_NEG_trNEGATIVE44454_2_12,0.013950377702713013
FRAG_NEG_trNEGATIVE63055_19_12,5.377167326514609e-06
FRAG_NEG_trNEGATIVE37930_72_12,0.003953783307224512
FRAG_NEG_trNEGATIVE52018_2_12,0.82147216796875
FRAG_NEG_trNEGATIVE66105_4_12,0.5924747586250305
FRAG_NEG_trNEGATIVE84969_73_12,0.3511456549167633
FRAG_NEG_trNEGATIVE95531_65_12,0.220356747508049
FRAG_NEG_trNEGATIVE96810_56_12,0.037313736975193024
FRAG_NEG_trNEGATIVE96820_21_12,0.03147439658641815
FRAG_NEG_trNEGATIVE44277_59_12,0.19104614853858948
FRAG_NEG_trNEGATIVE71425_73_12,0.24119743704795837
FRAG_NEG_trNEGATIVE52933_18_12,0.11058183759450912
FRAG_NEG_trNEGATIVE77063_16_12,0.0011491207405924797
FRAG_NEG_trNEGATIVE72814_54_12,0.012581117451190948
FRAG_NEG_trNEGATIVE92296_2_12,2.436839622532716e-06
FRAG_NEG_trNEGATIVE62529_27_12,0.2486797273159027
FRAG_NEG_trNEGATIVE36342_42_12,0.042740970849990845
FRAG_NEG_trNEGATIVE87987_45_12,0.5115091800689697
FRAG_NEG_trNEGATIVE36843_54_12,0.03084820881485939
FRAG_NEG_trNEGATIVE62105_19_12,0.006524710450321436
FRAG_NEG_trNEGATIVE70722_18_12,0.2964248061180115
FRAG_NEG_trNEGATIVE87934_71_12,0.7771845459938049
FRAG_NEG_trNEGATIVE80620_23_12,0.01486075110733509
FRAG_NEG_trNEGATIVE63614_29_12,0.06021459028124809
FRAG_NEG_trNEGATIVE95587_38_12,0.11003316938877106
FRAG_NEG_trNEGATIVE83505_56_12,0.04580456763505936
FRAG_NEG_trNEGATIVE60570_47_12,0.25906902551651
FRAG_NEG_trNEGATIVE33003_27_12,0.07699890434741974
FRAG_NEG_trNEGATIVE50874_13_12,0.025814613327383995
FRAG_NEG_trNEGATIVE55569_10_12,0.0006873297388665378
FRAG_NEG_trNEGATIVE94953_20_12,0.013457825407385826
FRAG_NEG_trNEGATIVE72375_48_12,0.00046934792771935463
FRAG_NEG_trNEGATIVE44110_38_12,0.4208039343357086
FRAG_NEG_trNEGATIVE74362_12_12,0.1400069296360016
FRAG_NEG_trNEGATIVE73904_57_12,0.004497218877077103
FRAG_NEG_trNEGATIVE37824_25_12,0.14073041081428528
FRAG_NEG_trNEGATIVE87691_15_12,0.39017924666404724
FRAG_NEG_trNEGATIVE29886_21_12,0.04354415833950043
FRAG_NEG_trNEGATIVE77190_24_12,0.013515432365238667
FRAG_NEG_trNEGATIVE47671_19_12,0.07429436594247818
FRAG_NEG_trNEGATIVE36724_21_12,0.006553126033395529
FRAG_NEG_trNEGATIVE75990_49_12,0.002654183190315962
FRAG_NEG_trNEGATIVE67393_15_12,0.00018489427748136222
FRAG_NEG_trNEGATIVE47673_67_12,0.06674011796712875
FRAG_NEG_trNEGATIVE32847_34_12,0.010056547820568085
FRAG_NEG_trNEGATIVE49686_57_12,0.10426323115825653
FRAG_NEG_trNEGATIVE28318_48_12,0.002615549135953188
FRAG_NEG_trNEGATIVE34637_52_12,0.4845771789550781
FRAG_NEG_trNEGATIVE79113_65_12,0.009777032770216465
FRAG_NEG_trNEGATIVE53056_15_12,0.8761565089225769
FRAG_NEG_trNEGATIVE79490_0_12,0.01449144072830677
FRAG_NEG_trNEGATIVE38547_54_12,0.11333229392766953
FRAG_NEG_trNEGATIVE62928_35_12,0.542457103729248
FRAG_NEG_trNEGATIVE28558_42_12,8.315986633533612e-05
FRAG_NEG_trNEGATIVE96418_11_12,0.01006379909813404
FRAG_NEG_trNEGATIVE55909_18_12,0.01494500320404768
FRAG_NEG_trNEGATIVE30878_31_12,0.3071536421775818
FRAG_NEG_trNEGATIVE74744_8_12,0.3634718954563141
FRAG_NEG_trNEGATIVE58246_17_12,0.15389864146709442
FRAG_NEG_trNEGATIVE52734_42_12,0.6404207944869995
FRAG_NEG_trNEGATIVE72638_64_12,0.8902143239974976
FRAG_NEG_trNEGATIVE54909_32_12,0.3622216582298279
FRAG_NEG_trNEGATIVE87701_1_12,0.05761159211397171
FRAG_NEG_trNEGATIVE52961_45_12,0.6637839078903198
FRAG_NEG_trNEGATIVE77461_38_12,0.0038038459606468678
FRAG_NEG_trNEGATIVE61567_6_12,0.9686226844787598
FRAG_NEG_trNEGATIVE34947_38_12,0.3817497491836548
FRAG_NEG_trNEGATIVE50509_20_12,0.1828533262014389
FRAG_NEG_trNEGATIVE45785_1_12,0.0016013768035918474
FRAG_NEG_trNEGATIVE32833_66_12,0.0627526044845581
FRAG_NEG_trNEGATIVE88196_4_12,0.04400978237390518
FRAG_NEG_trNEGATIVE55414_55_12,0.019100366160273552
FRAG_NEG_trNEGATIVE65056_40_12,0.08764070272445679
FRAG_NEG_trNEGATIVE58350_20_12,0.010219919495284557
FRAG_NEG_trNEGATIVE62716_5_12,0.14526322484016418
FRAG_NEG_trNEGATIVE80205_4_12,0.13314440846443176
FRAG_NEG_trNEGATIVE35777_13_12,0.025763949379324913
FRAG_NEG_trNEGATIVE64760_34_12,0.030973583459854126
FRAG_NEG_trNEGATIVE32537_58_12,0.005379159469157457
FRAG_NEG_trNEGATIVE48652_39_12,0.5135790705680847
FRAG_NEG_trNEGATIVE87644_23_12,0.00014652703248430043
FRAG_NEG_trNEGATIVE31023_8_12,0.011220881715416908
FRAG_NEG_trNEGATIVE71950_38_12,0.9545416831970215
FRAG_NEG_trNEGATIVE39513_22_12,0.08356697112321854
FRAG_NEG_trNEGATIVE38646_25_12,0.22451230883598328
FRAG_NEG_trNEGATIVE48949_53_12,0.6271783709526062
FRAG_NEG_trNEGATIVE66389_24_12,0.012348368763923645
FRAG_NEG_trNEGATIVE50615_52_12,0.6742724180221558
FRAG_NEG_trNEGATIVE61405_60_12,0.0345228873193264
FRAG_NEG_trNEGATIVE59029_19_12,0.08745897561311722
FRAG_NEG_trNEGATIVE62894_25_12,0.1850467026233673
FRAG_NEG_trNEGATIVE62843_13_12,0.5051013827323914
FRAG_NEG_trNEGATIVE68298_0_12,1.583981793373823e-05
FRAG_NEG_trNEGATIVE71121_34_12,0.051570188254117966
FRAG_NEG_trNEGATIVE34521_1_12,0.023881424218416214
FRAG_NEG_trNEGATIVE40981_28_12,0.2241813838481903
FRAG_NEG_trNEGATIVE52466_29_12,0.06643828749656677
FRAG_NEG_trNEGATIVE69068_19_12,0.7710915803909302
FRAG_NEG_trNEGATIVE70219_4_12,0.0004083967360202223
FRAG_NEG_trNEGATIVE38111_55_12,0.1292588859796524
FRAG_NEG_trNEGATIVE96694_9_12,0.5446032285690308
FRAG_NEG_trNEGATIVE67822_51_12,0.160573810338974
FRAG_NEG_trNEGATIVE56125_43_12,0.26168328523635864
FRAG_NEG_trNEGATIVE34897_43_12,0.08040069788694382
FRAG_NEG_trNEGATIVE41355_50_12,0.5124759674072266
FRAG_NEG_trNEGATIVE75146_10_12,0.3366209864616394
FRAG_NEG_trNEGATIVE64796_30_12,0.3715810179710388
FRAG_NEG_trNEGATIVE55569_5_12,0.1430976688861847
FRAG_NEG_trNEGATIVE73858_22_12,0.058341722935438156
FRAG_NEG_trNEGATIVE85325_4_12,0.002624506363645196
FRAG_NEG_trNEGATIVE57902_57_12,0.4681480824947357
FRAG_NEG_trNEGATIVE61576_26_12,0.010423019528388977
FRAG_NEG_trNEGATIVE62241_22_12,0.00016530044376850128
FRAG_NEG_trNEGATIVE49008_74_12,0.043486323207616806
FRAG_NEG_trNEGATIVE83853_68_12,0.38622212409973145
FRAG_NEG_trNEGATIVE89256_6_12,0.7823709845542908
FRAG_NEG_trNEGATIVE55297_14_12,0.597863495349884
FRAG_NEG_trNEGATIVE89774_12_12,0.05170891433954239
FRAG_NEG_trNEGATIVE91919_52_12,0.497610479593277
FRAG_NEG_trNEGATIVE89322_43_12,0.12245942652225494
FRAG_NEG_trNEGATIVE74053_42_12,0.015695374459028244
FRAG_NEG_trNEGATIVE85541_22_12,0.2368285357952118
FRAG_NEG_trNEGATIVE92908_3_12,0.6611984968185425
FRAG_NEG_trNEGATIVE61306_3_12,0.00985712930560112
FRAG_NEG_trNEGATIVE86620_66_12,0.526520848274231
FRAG_NEG_trNEGATIVE65987_34_12,0.02697121538221836
FRAG_NEG_trNEGATIVE80010_37_12,0.013159306719899178
FRAG_NEG_trNEGATIVE82509_21_12,0.1733272522687912
FRAG_NEG_trNEGATIVE36637_2_12,0.09804411977529526
FRAG_NEG_trNEGATIVE40124_73_12,0.0005823036772198975
FRAG_NEG_trNEGATIVE31569_2_12,0.2302868366241455
FRAG_NEG_trNEGATIVE67531_20_12,0.0925457552075386
FRAG_NEG_trNEGATIVE40981_32_12,0.34201017022132874
FRAG_NEG_trNEGATIVE50502_33_12,0.3632100224494934
FRAG_NEG_trNEGATIVE40710_72_12,0.2958793342113495
FRAG_NEG_trNEGATIVE44108_15_12,0.05431266874074936
FRAG_NEG_trNEGATIVE59139_0_12,5.187524948269129e-05
FRAG_NEG_trNEGATIVE52502_30_12,0.12084022909402847
FRAG_NEG_trNEGATIVE65576_37_12,0.24295973777770996
FRAG_NEG_trNEGATIVE76879_65_12,0.026891062036156654
FRAG_NEG_trNEGATIVE71066_40_12,0.37131017446517944
FRAG_NEG_trNEGATIVE53727_0_12,0.006041110958904028
FRAG_NEG_trNEGATIVE47360_9_12,0.20587849617004395
FRAG_NEG_trNEGATIVE61980_26_12,0.025818103924393654
FRAG_NEG_trNEGATIVE54914_33_12,0.003765047760680318
FRAG_NEG_trNEGATIVE30173_22_12,0.23865406215190887
FRAG_NEG_trNEGATIVE92752_25_12,0.00029262580210343003
FRAG_NEG_trNEGATIVE30091_57_12,0.026189785450696945
FRAG_NEG_trNEGATIVE30479_58_12,0.711465060710907
FRAG_NEG_trNEGATIVE43670_64_12,0.5340234637260437
FRAG_NEG_trNEGATIVE78365_23_12,0.36193880438804626
FRAG_NEG_trNEGATIVE33875_17_12,0.727507472038269
FRAG_NEG_trNEGATIVE65749_33_12,0.08222552388906479
FRAG_NEG_trNEGATIVE76196_24_12,0.000734347035177052
FRAG_NEG_trNEGATIVE57924_15_12,0.006431465037167072
FRAG_NEG_trNEGATIVE49226_50_12,0.35258200764656067
FRAG_NEG_trNEGATIVE73723_51_12,0.3809433877468109
FRAG_NEG_trNEGATIVE93269_40_12,0.3349599838256836
FRAG_NEG_trNEGATIVE73786_2_12,0.32806605100631714
FRAG_NEG_trNEGATIVE33049_34_12,0.07540188729763031
FRAG_NEG_trNEGATIVE67071_32_12,0.03791088983416557
FRAG_NEG_trNEGATIVE44328_13_12,0.52646404504776
FRAG_NEG_trNEGATIVE86563_77_12,0.029143288731575012
FRAG_NEG_trNEGATIVE76739_66_12,0.004977888893336058
FRAG_NEG_trNEGATIVE84575_50_12,0.0020945239812135696
FRAG_NEG_trNEGATIVE90462_58_12,0.001253146561793983
FRAG_NEG_trNEGATIVE69115_29_12,0.3689424991607666
FRAG_NEG_trNEGATIVE58835_82_12,0.0030901706777513027
FRAG_NEG_trNEGATIVE63309_57_12,0.19208528101444244
FRAG_NEG_trNEGATIVE91157_21_12,0.2880886197090149
FRAG_NEG_trNEGATIVE72133_14_12,0.3696216940879822
FRAG_NEG_trNEGATIVE90011_36_12,0.03401371091604233
FRAG_NEG_trNEGATIVE80494_58_12,0.07021112740039825
FRAG_NEG_trNEGATIVE35980_37_12,0.12187220901250839
FRAG_NEG_trNEGATIVE89256_36_12,0.12811079621315002
FRAG_NEG_trNEGATIVE83181_0_12,0.00017244786431547254
FRAG_NEG_trNEGATIVE84429_25_12,0.294764906167984
FRAG_NEG_trNEGATIVE76478_29_12,0.24714112281799316
FRAG_NEG_trNEGATIVE46813_65_12,0.0050052134320139885
FRAG_NEG_trNEGATIVE55094_25_12,0.00018603821808937937
FRAG_NEG_trNEGATIVE92779_41_12,0.0007601863471791148
FRAG_NEG_trNEGATIVE71893_4_12,0.09003521502017975
FRAG_NEG_trNEGATIVE51339_19_12,4.34214343840722e-05
FRAG_NEG_trNEGATIVE72494_7_12,0.10863864421844482
FRAG_NEG_trNEGATIVE87158_43_12,0.0013219319516792893
FRAG_NEG_trNEGATIVE47481_35_12,0.00017387984553351998
FRAG_NEG_trNEGATIVE62105_37_12,0.9768058061599731
FRAG_NEG_trNEGATIVE60072_29_12,0.32414931058883667
FRAG_NEG_trNEGATIVE46860_33_12,0.01880035735666752
FRAG_NEG_trNEGATIVE75099_32_12,0.06033063679933548
FRAG_NEG_trNEGATIVE29442_19_12,0.20476952195167542
FRAG_NEG_trNEGATIVE41442_5_12,0.991443932056427
FRAG_NEG_trNEGATIVE33339_8_12,0.4419529438018799
FRAG_NEG_trNEGATIVE41533_75_12,5.688874011866574e-07
FRAG_NEG_trNEGATIVE38493_0_12,0.00013897931785322726
FRAG_NEG_trNEGATIVE84597_22_12,0.009814017452299595
FRAG_NEG_trNEGATIVE46665_67_12,0.0021921091247349977
FRAG_NEG_trNEGATIVE90771_19_12,0.0001980191736947745
FRAG_NEG_trNEGATIVE33165_61_12,0.001958091277629137
FRAG_NEG_trNEGATIVE62338_64_12,0.003064175136387348
FRAG_NEG_trNEGATIVE46101_51_12,0.0011985856108367443
FRAG_NEG_trNEGATIVE32244_23_12,0.20834410190582275
FRAG_NEG_trNEGATIVE96134_6_12,0.02134869433939457
FRAG_NEG_trNEGATIVE46947_1_12,0.13173124194145203
FRAG_NEG_trNEGATIVE38424_8_12,0.02534240111708641
FRAG_NEG_trNEGATIVE75234_8_12,0.016497403383255005
FRAG_NEG_trNEGATIVE85704_60_12,0.014845570549368858
FRAG_NEG_trNEGATIVE56869_6_12,0.9884629249572754
FRAG_NEG_trNEGATIVE92954_65_12,0.05655302479863167
FRAG_NEG_trNEGATIVE59476_1_12,0.09799987822771072
FRAG_NEG_trNEGATIVE68128_0_12,7.280383579200134e-05
FRAG_NEG_trNEGATIVE92296_0_12,0.1242140531539917
FRAG_NEG_trNEGATIVE88599_20_12,0.049965400248765945
FRAG_NEG_trNEGATIVE76453_24_12,0.05004366487264633
FRAG_NEG_trNEGATIVE74642_41_12,0.012266425415873528
FRAG_NEG_trNEGATIVE73542_54_12,0.020646076649427414
FRAG_NEG_trNEGATIVE32983_26_12,0.0065277619287371635
FRAG_NEG_trNEGATIVE65056_39_12,0.17790409922599792
FRAG_NEG_trNEGATIVE86357_37_12,0.0029134859796613455
FRAG_NEG_trNEGATIVE90242_25_12,0.5129222869873047
FRAG_NEG_trNEGATIVE46978_17_12,0.0039436109364032745
FRAG_NEG_trNEGATIVE38661_49_12,0.43768173456192017
FRAG_NEG_trNEGATIVE40957_17_12,0.6253902316093445
FRAG_NEG_trNEGATIVE77167_4_12,0.43969297409057617
FRAG_NEG_trNEGATIVE48972_59_12,0.9795428514480591
FRAG_NEG_trNEGATIVE71977_28_12,0.002496499801054597
FRAG_NEG_trNEGATIVE31337_12_12,0.06800655275583267
FRAG_NEG_trNEGATIVE59656_3_12,0.891289234161377
FRAG_NEG_trNEGATIVE78223_57_12,0.05328834801912308
FRAG_NEG_trNEGATIVE41236_0_12,7.023599755484611e-05
FRAG_NEG_trNEGATIVE29454_26_12,0.05169277265667915
FRAG_NEG_trNEGATIVE69943_47_12,0.09034107625484467
FRAG_NEG_trNEGATIVE47149_9_12,0.04676702618598938
FRAG_NEG_trNEGATIVE77350_32_12,0.016366535797715187
FRAG_NEG_trNEGATIVE78328_74_12,0.2314739227294922
FRAG_NEG_trNEGATIVE53671_32_12,0.1113339513540268
FRAG_NEG_trNEGATIVE48085_40_12,0.012958375737071037
FRAG_NEG_trNEGATIVE81211_48_12,0.032461266964673996
FRAG_NEG_trNEGATIVE95251_71_12,0.12560924887657166
FRAG_NEG_trNEGATIVE74791_6_12,0.0558035671710968
FRAG_NEG_trNEGATIVE55961_52_12,0.6487010717391968
FRAG_NEG_trNEGATIVE97131_37_12,0.140292689204216
FRAG_NEG_trNEGATIVE65387_27_12,0.323176771402359
FRAG_NEG_trNEGATIVE90625_10_12,0.1534075140953064
FRAG_NEG_trNEGATIVE88606_24_12,0.0011701832991093397
FRAG_NEG_trNEGATIVE67461_77_12,0.4261086881160736
FRAG_NEG_trNEGATIVE64018_32_12,0.026339512318372726
FRAG_NEG_trNEGATIVE36040_60_12,0.6564890146255493
FRAG_NEG_trNEGATIVE47306_14_12,0.004057585261762142
FRAG_NEG_trNEGATIVE44570_22_12,0.006131893023848534
FRAG_NEG_trNEGATIVE36724_76_12,0.47429218888282776
FRAG_NEG_trNEGATIVE75199_13_12,0.017039945349097252
FRAG_NEG_trNEGATIVE79697_51_12,0.37643295526504517
FRAG_NEG_trNEGATIVE51730_25_12,0.03002564050257206
FRAG_NEG_trNEGATIVE91157_0_12,0.0003300070820841938
FRAG_NEG_trNEGATIVE78004_87_12,0.00209311512298882
FRAG_NEG_trNEGATIVE86130_19_12,0.5727041959762573
FRAG_NEG_trNEGATIVE73877_6_12,0.025114700198173523
FRAG_NEG_trNEGATIVE48430_28_12,0.3561965525150299
FRAG_NEG_trNEGATIVE57538_28_12,0.5419731140136719
FRAG_NEG_trNEGATIVE57284_45_12,0.04473016411066055
FRAG_NEG_trNEGATIVE69082_29_12,0.011465420946478844
FRAG_NEG_trNEGATIVE97549_12_12,0.005714640486985445
FRAG_NEG_trNEGATIVE45127_14_12,0.03620694577693939
FRAG_NEG_trNEGATIVE50441_15_12,0.09866390377283096
FRAG_NEG_trNEGATIVE87158_33_12,0.649641752243042
FRAG_NEG_trNEGATIVE88167_42_12,0.0001826224906835705
FRAG_NEG_trNEGATIVE78235_35_12,0.6930381059646606
FRAG_NEG_trNEGATIVE73014_8_12,0.2822839915752411
FRAG_NEG_trNEGATIVE90663_40_12,0.07840277254581451
FRAG_NEG_trNEGATIVE89666_31_12,0.04698282852768898
FRAG_NEG_trNEGATIVE67131_24_12,0.4067997932434082
FRAG_NEG_trNEGATIVE90625_29_12,0.7388308048248291
FRAG_NEG_trNEGATIVE30540_44_12,0.17210547626018524
FRAG_NEG_trNEGATIVE44293_32_12,0.36051368713378906
FRAG_NEG_trNEGATIVE85867_21_12,0.0006472314125858247
FRAG_NEG_trNEGATIVE32494_50_12,0.003469238057732582
FRAG_NEG_trNEGATIVE94258_21_12,0.36642351746559143
FRAG_NEG_trNEGATIVE51461_76_12,0.2128717005252838
FRAG_NEG_trNEGATIVE27820_27_12,0.03578893095254898
FRAG_NEG_trNEGATIVE52672_57_12,0.08671998977661133
FRAG_NEG_trNEGATIVE83022_7_12,0.42983847856521606
FRAG_NEG_trNEGATIVE47086_78_12,0.49779409170150757
FRAG_NEG_trNEGATIVE94962_17_12,0.38038915395736694
FRAG_NEG_trNEGATIVE79675_42_12,0.0003350073238834739
FRAG_NEG_trNEGATIVE87004_67_12,0.279643714427948
FRAG_NEG_trNEGATIVE83074_22_12,0.007918675430119038
FRAG_NEG_trNEGATIVE65200_22_12,0.4016379415988922
FRAG_NEG_trNEGATIVE62952_46_12,0.5039770603179932
FRAG_NEG_trNEGATIVE50596_61_12,0.7342493534088135
FRAG_NEG_trNEGATIVE56730_39_12,0.2949940264225006
FRAG_NEG_trNEGATIVE45379_46_12,0.27496057748794556
FRAG_NEG_trNEGATIVE47439_7_12,0.038227587938308716
FRAG_NEG_trNEGATIVE94714_8_12,6.183892401168123e-05
FRAG_NEG_trNEGATIVE91130_45_12,0.39166250824928284
FRAG_NEG_trNEGATIVE74572_0_12,0.04049669951200485
FRAG_NEG_trNEGATIVE87165_33_13,0.014493903145194054
FRAG_NEG_trNEGATIVE81720_78_13,0.25628623366355896
FRAG_NEG_trNEGATIVE91766_32_13,0.4489594101905823
FRAG_NEG_trNEGATIVE90902_35_13,0.9963801503181458
FRAG_NEG_trNEGATIVE69297_32_13,0.045134883373975754
FRAG_NEG_trNEGATIVE41358_20_13,0.05328599363565445
FRAG_NEG_trNEGATIVE62607_52_13,0.02734403870999813
FRAG_NEG_trNEGATIVE94275_1_13,4.24657337134704e-05
FRAG_NEG_trNEGATIVE44166_33_13,0.18789586424827576
FRAG_NEG_trNEGATIVE41366_7_13,0.058653660118579865
FRAG_NEG_trNEGATIVE93981_70_13,0.3248443007469177
FRAG_NEG_trNEGATIVE92161_57_13,7.638205715920776e-05
FRAG_NEG_trNEGATIVE70420_35_13,0.0026200886350125074
FRAG_NEG_trNEGATIVE38051_20_13,0.15721061825752258
FRAG_NEG_trNEGATIVE82288_25_13,0.0023372313007712364
FRAG_NEG_trNEGATIVE31533_32_13,0.0012300035450607538
FRAG_NEG_trNEGATIVE74817_2_13,0.06522362679243088
FRAG_NEG_trNEGATIVE38107_0_13,0.018507249653339386
FRAG_NEG_trNEGATIVE72460_59_13,0.030773159116506577
FRAG_NEG_trNEGATIVE31266_21_13,6.570153345819563e-05
FRAG_NEG_trNEGATIVE76393_44_13,0.12916934490203857
FRAG_NEG_trNEGATIVE37469_35_13,0.0018995493883267045
FRAG_NEG_trNEGATIVE65197_15_13,0.11507181078195572
FRAG_NEG_trNEGATIVE45649_59_13,0.0035979761742055416
FRAG_NEG_trNEGATIVE61137_42_13,0.1057642325758934
FRAG_NEG_trNEGATIVE54793_23_13,1.8476876562090183e-07
FRAG_NEG_trNEGATIVE47907_41_13,0.26952284574508667
FRAG_NEG_trNEGATIVE44132_15_13,0.9680352210998535
FRAG_NEG_trNEGATIVE48971_15_13,0.002526594325900078
FRAG_NEG_trNEGATIVE81483_13_13,0.13569536805152893
FRAG_NEG_trNEGATIVE51538_53_13,8.118719051708467e-06
FRAG_NEG_trNEGATIVE36784_14_13,0.012892017140984535
FRAG_NEG_trNEGATIVE92647_61_13,0.00018214117153547704
FRAG_NEG_trNEGATIVE92875_45_13,0.15985441207885742
FRAG_NEG_trNEGATIVE77511_39_13,0.6133877635002136
FRAG_NEG_trNEGATIVE30647_23_13,0.20108631253242493
FRAG_NEG_trNEGATIVE67647_31_13,0.3971008062362671
FRAG_NEG_trNEGATIVE39550_12_13,0.0012993661221116781
FRAG_NEG_trNEGATIVE57053_38_13,0.6220577955245972
FRAG_NEG_trNEGATIVE68573_65_13,0.011319717392325401
FRAG_NEG_trNEGATIVE66559_23_13,0.0013393836561590433
FRAG_NEG_trNEGATIVE63234_13_13,0.6536557674407959
FRAG_NEG_trNEGATIVE75964_29_13,0.029699450358748436
FRAG_NEG_trNEGATIVE65712_47_13,2.4375414795940742e-05
FRAG_NEG_trNEGATIVE69963_49_13,0.5012391805648804
FRAG_NEG_trNEGATIVE59520_40_13,0.004123533144593239
FRAG_NEG_trNEGATIVE72272_26_13,0.17612650990486145
FRAG_NEG_trNEGATIVE68901_14_13,0.0002727374085225165
FRAG_NEG_trNEGATIVE84696_27_13,0.011717798188328743
FRAG_NEG_trNEGATIVE37707_42_13,0.8041122555732727
FRAG_NEG_trNEGATIVE47142_17_13,0.48440638184547424
FRAG_NEG_trNEGATIVE78377_26_13,0.2472429722547531
FRAG_NEG_trNEGATIVE93188_10_13,0.004302071873098612
FRAG_NEG_trNEGATIVE89118_8_13,0.9663254022598267
FRAG_NEG_trNEGATIVE54977_71_13,0.1582212895154953
FRAG_NEG_trNEGATIVE74725_18_13,0.06672580540180206
FRAG_NEG_trNEGATIVE64548_29_13,0.023832494392991066
FRAG_NEG_trNEGATIVE29951_14_13,0.0007649150211364031
FRAG_NEG_trNEGATIVE63840_64_13,0.00909519661217928
FRAG_NEG_trNEGATIVE28837_56_13,0.14812032878398895
FRAG_NEG_trNEGATIVE49625_21_13,0.00043709989404305816
FRAG_NEG_trNEGATIVE49826_37_13,0.22271116077899933
FRAG_NEG_trNEGATIVE34742_11_13,0.0005687653901986778
FRAG_NEG_trNEGATIVE83267_52_13,0.008172835223376751
FRAG_NEG_trNEGATIVE44809_59_13,0.006294172257184982
FRAG_NEG_trNEGATIVE91986_20_13,0.6978924870491028
FRAG_NEG_trNEGATIVE89507_54_13,0.0044656484387815
FRAG_NEG_trNEGATIVE27992_39_13,0.018284594640135765
FRAG_NEG_trNEGATIVE81753_29_13,0.0357397124171257
FRAG_NEG_trNEGATIVE54614_20_13,0.001503366744145751
FRAG_NEG_trNEGATIVE40811_9_13,0.002008055802434683
FRAG_NEG_trNEGATIVE51955_23_13,0.3549673557281494
FRAG_NEG_trNEGATIVE29873_55_13,0.4718514382839203
FRAG_NEG_trNEGATIVE53611_50_13,0.005927428603172302
FRAG_NEG_trNEGATIVE90029_48_13,0.1381385326385498
FRAG_NEG_trNEGATIVE55653_0_13,0.00020622453303076327
FRAG_NEG_trNEGATIVE61111_23_13,0.6727043986320496
FRAG_NEG_trNEGATIVE83022_70_13,0.05821382254362106
FRAG_NEG_trNEGATIVE38748_13_13,0.15084506571292877
FRAG_NEG_trNEGATIVE43086_52_13,0.06549343466758728
FRAG_NEG_trNEGATIVE64314_27_13,0.9312661290168762
FRAG_NEG_trNEGATIVE66611_18_13,0.00014177239791024476
FRAG_NEG_trNEGATIVE86656_23_13,0.0038325763307511806
FRAG_NEG_trNEGATIVE41201_26_13,0.04030947387218475
FRAG_NEG_trNEGATIVE44586_13_13,0.17318272590637207
FRAG_NEG_trNEGATIVE72290_11_13,0.14269539713859558
FRAG_NEG_trNEGATIVE91963_23_13,0.04224151372909546
FRAG_NEG_trNEGATIVE52953_57_13,0.3799976706504822
FRAG_NEG_trNEGATIVE54887_42_13,0.5762479901313782
FRAG_NEG_trNEGATIVE68699_26_13,0.018225235864520073
FRAG_NEG_trNEGATIVE64192_14_13,0.0006263611721806228
FRAG_NEG_trNEGATIVE41723_22_13,0.0006383514264598489
FRAG_NEG_trNEGATIVE60832_1_13,0.0646793320775032
FRAG_NEG_trNEGATIVE59281_56_13,0.06539952009916306
FRAG_NEG_trNEGATIVE36382_62_13,2.349639999010833e-06
FRAG_NEG_trNEGATIVE51673_51_13,0.004895925521850586
FRAG_NEG_trNEGATIVE37701_12_13,0.02459748648107052
FRAG_NEG_trNEGATIVE93569_16_13,0.42455655336380005
FRAG_NEG_trNEGATIVE65344_38_13,0.489000141620636
FRAG_NEG_trNEGATIVE58571_45_13,0.045383818447589874
FRAG_NEG_trNEGATIVE81420_13_13,0.4139544367790222
FRAG_NEG_trNEGATIVE50516_0_13,1.9477458408800885e-05
FRAG_NEG_trNEGATIVE37607_73_13,0.0006579997716471553
FRAG_NEG_trNEGATIVE69996_7_13,0.0020635039545595646
FRAG_NEG_trNEGATIVE91154_13_13,0.21835210919380188
FRAG_NEG_trNEGATIVE84087_77_13,0.6671971082687378
FRAG_NEG_trNEGATIVE91046_57_13,0.450021356344223
FRAG_NEG_trNEGATIVE85572_80_13,0.0028208827134221792
FRAG_NEG_trNEGATIVE31011_48_13,0.0534779354929924
FRAG_NEG_trNEGATIVE49979_60_13,0.13189487159252167
FRAG_NEG_trNEGATIVE59442_74_13,0.13767509162425995
FRAG_NEG_trNEGATIVE35008_8_13,0.03104720078408718
FRAG_NEG_trNEGATIVE76030_51_13,0.43831634521484375
FRAG_NEG_trNEGATIVE81261_24_13,0.008250937797129154
FRAG_NEG_trNEGATIVE65903_32_13,0.0019285778980702162
FRAG_NEG_trNEGATIVE48759_45_13,0.005510805174708366
FRAG_NEG_trNEGATIVE95839_11_13,0.4741305410861969
FRAG_NEG_trNEGATIVE62088_12_13,0.0021828492172062397
FRAG_NEG_trNEGATIVE53628_36_13,0.3835403621196747
FRAG_NEG_trNEGATIVE56366_11_13,0.13223572075366974
FRAG_NEG_trNEGATIVE33442_39_13,0.07054383307695389
FRAG_NEG_trNEGATIVE95448_1_13,0.39801454544067383
FRAG_NEG_trNEGATIVE40823_47_13,0.0020878291688859463
FRAG_NEG_trNEGATIVE50018_14_13,0.6217925548553467
FRAG_NEG_trNEGATIVE93950_27_13,0.0015685074031352997
FRAG_NEG_trNEGATIVE53778_3_13,0.413975328207016
FRAG_NEG_trNEGATIVE33667_37_13,0.006587999872863293
FRAG_NEG_trNEGATIVE91641_16_13,0.507551908493042
FRAG_NEG_trNEGATIVE64007_49_13,0.3794027864933014
FRAG_NEG_trNEGATIVE71406_4_13,0.7037689089775085
FRAG_NEG_trNEGATIVE95861_6_13,0.20997384190559387
FRAG_NEG_trNEGATIVE74391_23_13,0.011789912357926369
FRAG_NEG_trNEGATIVE65566_51_13,0.05551430583000183
FRAG_NEG_trNEGATIVE93456_37_13,0.6308601498603821
FRAG_NEG_trNEGATIVE27554_40_13,0.008015106432139874
FRAG_NEG_trNEGATIVE79967_51_13,0.001530289649963379
FRAG_NEG_trNEGATIVE48977_1_13,0.08404766023159027
FRAG_NEG_trNEGATIVE66408_72_13,0.002979809418320656
FRAG_NEG_trNEGATIVE89874_50_13,0.20756229758262634
FRAG_NEG_trNEGATIVE91852_5_13,0.037887223064899445
FRAG_NEG_trNEGATIVE38480_32_13,0.0029910344164818525
FRAG_NEG_trNEGATIVE68784_14_13,0.8842871785163879
FRAG_NEG_trNEGATIVE60942_35_13,0.016271311789751053
FRAG_NEG_trNEGATIVE94628_22_13,0.01227476168423891
FRAG_NEG_trNEGATIVE72754_39_13,0.03291107341647148
FRAG_NEG_trNEGATIVE32240_22_13,0.01135338842868805
FRAG_NEG_trNEGATIVE30491_83_13,0.029194990172982216
FRAG_NEG_trNEGATIVE35165_41_13,0.0008068716269917786
FRAG_NEG_trNEGATIVE38389_3_13,0.17260786890983582
FRAG_NEG_trNEGATIVE97283_45_13,0.005438497755676508
FRAG_NEG_trNEGATIVE94572_64_13,0.02813919261097908
FRAG_NEG_trNEGATIVE93586_49_13,0.021935520693659782
FRAG_NEG_trNEGATIVE42861_0_13,0.00436777900904417
FRAG_NEG_trNEGATIVE72916_2_13,0.6595039367675781
FRAG_NEG_trNEGATIVE59574_78_13,0.0015966843347996473
FRAG_NEG_trNEGATIVE59975_28_13,0.01454400084912777
FRAG_NEG_trNEGATIVE42686_27_13,5.623097968054935e-05
FRAG_NEG_trNEGATIVE93269_15_13,0.0032584690488874912
FRAG_NEG_trNEGATIVE47482_36_13,0.05124008655548096
FRAG_NEG_trNEGATIVE97129_30_13,0.038281798362731934
FRAG_NEG_trNEGATIVE31804_58_13,0.28807416558265686
FRAG_NEG_trNEGATIVE29760_0_13,3.9442435081582516e-05
FRAG_NEG_trNEGATIVE64959_24_13,0.009281417354941368
FRAG_NEG_trNEGATIVE32500_0_13,2.1567917428910732e-05
FRAG_NEG_trNEGATIVE74785_11_13,0.1131816953420639
FRAG_NEG_trNEGATIVE29795_6_13,0.008886159397661686
FRAG_NEG_trNEGATIVE47369_31_13,0.0001368708472000435
FRAG_NEG_trNEGATIVE54523_10_13,0.0007715732790529728
FRAG_NEG_trNEGATIVE81287_50_13,0.003934380132704973
FRAG_NEG_trNEGATIVE74365_19_13,0.23417964577674866
FRAG_NEG_trNEGATIVE48937_20_13,0.005859426222741604
FRAG_NEG_trNEGATIVE75989_18_13,0.015168359503149986
FRAG_NEG_trNEGATIVE64433_72_13,0.0888669341802597
FRAG_NEG_trNEGATIVE42739_10_13,0.5975069999694824
FRAG_NEG_trNEGATIVE78243_48_13,0.20451602339744568
FRAG_NEG_trNEGATIVE86979_26_13,0.19805291295051575
FRAG_NEG_trNEGATIVE34521_31_13,0.03132659196853638
FRAG_NEG_trNEGATIVE35067_10_13,0.2077776938676834
FRAG_NEG_trNEGATIVE81616_71_13,0.035510532557964325
FRAG_NEG_trNEGATIVE46297_35_13,0.0042021009139716625
FRAG_NEG_trNEGATIVE32997_74_13,0.12393685430288315
FRAG_NEG_trNEGATIVE63808_33_13,0.23617057502269745
FRAG_NEG_trNEGATIVE45049_4_13,0.450767457485199
FRAG_NEG_trNEGATIVE33162_18_13,0.002274643164128065
FRAG_NEG_trNEGATIVE51856_23_13,0.0031326506286859512
FRAG_NEG_trNEGATIVE85498_21_13,0.020281655713915825
FRAG_NEG_trNEGATIVE77520_13_13,0.0015119576128199697
FRAG_NEG_trNEGATIVE27764_36_13,0.002717913594096899
FRAG_NEG_trNEGATIVE65850_3_13,0.9248482584953308
FRAG_NEG_trNEGATIVE64605_52_13,0.11939311027526855
FRAG_NEG_trNEGATIVE31261_41_13,0.9184178113937378
FRAG_NEG_trNEGATIVE78735_23_13,0.05661637708544731
FRAG_NEG_trNEGATIVE35042_0_13,0.00030379631789401174
FRAG_NEG_trNEGATIVE80909_72_13,0.23502829670906067
FRAG_NEG_trNEGATIVE61955_49_13,0.9906367063522339
FRAG_NEG_trNEGATIVE34947_5_13,0.17798979580402374
FRAG_NEG_trNEGATIVE72940_21_13,0.688213050365448
FRAG_NEG_trNEGATIVE30993_10_13,0.49119067192077637
FRAG_NEG_trNEGATIVE79241_10_13,0.026987824589014053
FRAG_NEG_trNEGATIVE89412_32_13,0.7243024110794067
FRAG_NEG_trNEGATIVE39471_18_13,0.7988402843475342
FRAG_NEG_trNEGATIVE82727_2_13,0.17578575015068054
FRAG_NEG_trNEGATIVE61977_47_13,0.00691378116607666
FRAG_NEG_trNEGATIVE88380_60_13,0.3546428680419922
FRAG_NEG_trNEGATIVE61713_53_13,0.009635997004806995
FRAG_NEG_trNEGATIVE48025_33_13,0.6210235953330994
FRAG_NEG_trNEGATIVE87644_47_13,0.004981453530490398
FRAG_NEG_trNEGATIVE34016_10_13,0.01822500489652157
FRAG_NEG_trNEGATIVE83963_2_13,0.031540486961603165
FRAG_NEG_trNEGATIVE60969_38_13,0.6690477728843689
FRAG_NEG_trNEGATIVE76022_15_13,0.14824488759040833
FRAG_NEG_trNEGATIVE66428_1_13,0.25672435760498047
FRAG_NEG_trNEGATIVE87512_42_13,0.014851817861199379
FRAG_NEG_trNEGATIVE40193_15_13,0.1638219654560089
FRAG_NEG_trNEGATIVE39981_27_13,0.0003761281550396234
FRAG_NEG_trNEGATIVE78641_40_13,0.03562469035387039
FRAG_NEG_trNEGATIVE70937_23_13,0.0036342863459140062
FRAG_NEG_trNEGATIVE70406_13_13,0.0004538716748356819
FRAG_NEG_trNEGATIVE83074_57_13,0.27696242928504944
FRAG_NEG_trNEGATIVE88810_77_13,8.75762361829402e-06
FRAG_NEG_trNEGATIVE61727_59_13,0.3111453950405121
FRAG_NEG_trNEGATIVE66120_40_13,0.5327368974685669
FRAG_NEG_trNEGATIVE35741_66_13,0.025873836129903793
FRAG_NEG_trNEGATIVE85417_76_13,0.5363556146621704
FRAG_NEG_trNEGATIVE61846_20_13,0.00905411783605814
FRAG_NEG_trNEGATIVE30440_22_13,0.011309771798551083
FRAG_NEG_trNEGATIVE90062_43_13,0.004677416756749153
FRAG_NEG_trNEGATIVE72258_7_13,0.4290834963321686
FRAG_NEG_trNEGATIVE59359_37_13,0.007675578352063894
FRAG_NEG_trNEGATIVE52018_1_13,0.5485705137252808
FRAG_NEG_trNEGATIVE47298_2_13,0.015747815370559692
FRAG_NEG_trNEGATIVE77913_19_13,0.6399632692337036
FRAG_NEG_trNEGATIVE91918_34_13,0.2085617482662201
FRAG_NEG_trNEGATIVE34588_15_13,0.9992619752883911
FRAG_NEG_trNEGATIVE42219_44_13,0.0009573615971021354
FRAG_NEG_trNEGATIVE63953_15_13,0.06315824389457703
FRAG_NEG_trNEGATIVE85783_85_13,0.06737259030342102
FRAG_NEG_trNEGATIVE61730_3_13,0.330070823431015
FRAG_NEG_trNEGATIVE61847_23_13,0.4133111536502838
FRAG_NEG_trNEGATIVE39632_55_13,0.010865272954106331
FRAG_NEG_trNEGATIVE87224_2_13,0.31734487414360046
FRAG_NEG_trNEGATIVE41132_23_13,0.08906768262386322
FRAG_NEG_trNEGATIVE34300_43_13,0.00013627229782287031
FRAG_NEG_trNEGATIVE86267_9_13,0.0008343379013240337
FRAG_NEG_trNEGATIVE54119_7_13,0.012354319915175438
FRAG_NEG_trNEGATIVE38207_27_13,0.3594675064086914
FRAG_NEG_trNEGATIVE65140_67_13,7.498652848880738e-05
FRAG_NEG_trNEGATIVE96440_49_13,0.009329698048532009
FRAG_NEG_trNEGATIVE82399_28_13,0.03170314431190491
FRAG_NEG_trNEGATIVE89716_36_13,0.03492679074406624
FRAG_NEG_trNEGATIVE90804_50_13,0.002448764629662037
FRAG_NEG_trNEGATIVE74123_10_13,0.005030123051255941
FRAG_NEG_trNEGATIVE63916_6_13,0.013519363477826118
FRAG_NEG_trNEGATIVE69228_61_13,0.007136090658605099
FRAG_NEG_trNEGATIVE81211_18_13,0.7282671332359314
FRAG_NEG_trNEGATIVE32262_5_13,0.00812055729329586
FRAG_NEG_trNEGATIVE28657_4_13,0.1826830953359604
FRAG_NEG_trNEGATIVE36382_49_13,0.35888877511024475
FRAG_NEG_trNEGATIVE70999_2_13,0.07579648494720459
FRAG_NEG_trNEGATIVE44184_3_13,0.250827431678772
FRAG_NEG_trNEGATIVE63055_15_13,0.003445880953222513
FRAG_NEG_trNEGATIVE71093_39_13,0.004315117374062538
FRAG_NEG_trNEGATIVE48090_28_13,0.09817612171173096
FRAG_NEG_trNEGATIVE84728_27_13,0.1342528760433197
FRAG_NEG_trNEGATIVE68741_38_13,0.04314367473125458
FRAG_NEG_trNEGATIVE74779_3_13,0.0011541050625965
FRAG_NEG_trNEGATIVE63614_17_13,0.28095272183418274
FRAG_NEG_trNEGATIVE84103_13_13,0.05386718362569809
FRAG_NEG_trNEGATIVE31371_53_13,0.342181921005249
FRAG_NEG_trNEGATIVE81209_11_13,0.001237349002622068
FRAG_NEG_trNEGATIVE67521_17_13,0.0010234795045107603
FRAG_NEG_trNEGATIVE52353_43_13,0.14416812360286713
FRAG_NEG_trNEGATIVE64666_34_13,0.0032180577982217073
FRAG_NEG_trNEGATIVE79162_27_13,0.0018940574955195189
FRAG_NEG_trNEGATIVE65378_12_13,0.1416490525007248
FRAG_NEG_trNEGATIVE67819_16_13,0.09679196774959564
FRAG_NEG_trNEGATIVE41718_48_13,0.6365852355957031
FRAG_NEG_trNEGATIVE81892_75_13,0.06863172352313995
FRAG_NEG_trNEGATIVE41493_49_13,0.0003618969931267202
FRAG_NEG_trNEGATIVE87650_35_13,0.1540265530347824
FRAG_NEG_trNEGATIVE39646_7_13,0.019866498187184334
FRAG_NEG_trNEGATIVE50059_16_13,0.3950803875923157
FRAG_NEG_trNEGATIVE66699_30_13,0.03481125086545944
FRAG_NEG_trNEGATIVE65444_40_13,0.2980857789516449
FRAG_NEG_trNEGATIVE70793_40_13,8.490303116559517e-06
FRAG_NEG_trNEGATIVE84700_37_13,0.004321846179664135
FRAG_NEG_trNEGATIVE60820_23_13,0.09444563835859299
FRAG_NEG_trNEGATIVE38608_4_13,0.006169082131236792
FRAG_NEG_trNEGATIVE38657_21_13,0.3165636956691742
FRAG_NEG_trNEGATIVE55812_49_13,0.0022509864065796137
FRAG_NEG_trNEGATIVE54781_56_13,0.01225663349032402
FRAG_NEG_trNEGATIVE73084_15_13,0.00012002113362541422
FRAG_NEG_trNEGATIVE73371_10_13,0.4096364974975586
FRAG_NEG_trNEGATIVE83940_0_13,5.846517160534859e-05
FRAG_NEG_trNEGATIVE55371_70_13,5.102355771668954e-06
FRAG_NEG_trNEGATIVE89192_3_13,0.06154554337263107
FRAG_NEG_trNEGATIVE81427_34_13,0.10154975950717926
FRAG_NEG_trNEGATIVE60145_9_13,0.1539917290210724
FRAG_NEG_trNEGATIVE70406_9_13,0.25382789969444275
FRAG_NEG_trNEGATIVE27794_20_13,0.4507733881473541
FRAG_NEG_trNEGATIVE89226_19_13,0.31926843523979187
FRAG_NEG_trNEGATIVE82980_0_13,1.1787820994868525e-06
FRAG_NEG_trNEGATIVE58102_23_13,0.999775767326355
FRAG_NEG_trNEGATIVE86655_24_13,0.005005975719541311
FRAG_NEG_trNEGATIVE68425_66_13,0.008200466632843018
FRAG_NEG_trNEGATIVE72031_35_13,0.7379671335220337
FRAG_NEG_trNEGATIVE59428_55_13,0.007767886854708195
FRAG_NEG_trNEGATIVE90076_47_13,0.23269855976104736
FRAG_NEG_trNEGATIVE66754_48_13,0.2948240637779236
FRAG_NEG_trNEGATIVE80787_2_13,0.020213201642036438
FRAG_NEG_trNEGATIVE90189_15_13,0.045850373804569244
FRAG_NEG_trNEGATIVE45064_68_13,0.48072975873947144
FRAG_NEG_trNEGATIVE45995_22_13,0.5046060681343079
FRAG_NEG_trNEGATIVE32881_15_13,0.9617218971252441
FRAG_NEG_trNEGATIVE88798_35_13,0.2289746254682541
FRAG_NEG_trNEGATIVE83535_0_13,0.0003527016087900847
FRAG_NEG_trNEGATIVE44968_18_13,0.43488749861717224
FRAG_NEG_trNEGATIVE93551_49_13,0.09397480636835098
FRAG_NEG_trNEGATIVE60942_0_13,1.5119403542485088e-05
FRAG_NEG_trNEGATIVE40813_36_13,0.006064909510314465
FRAG_NEG_trNEGATIVE90312_28_13,0.0018069697543978691
FRAG_NEG_trNEGATIVE72420_48_13,0.04701826721429825
FRAG_NEG_trNEGATIVE45079_53_13,0.5593879222869873
FRAG_NEG_trNEGATIVE79195_42_13,0.3589307367801666
FRAG_NEG_trNEGATIVE70267_4_13,0.2945483326911926
FRAG_NEG_trNEGATIVE29521_3_13,0.016457149758934975
FRAG_NEG_trNEGATIVE38318_28_13,0.5349814891815186
FRAG_NEG_trNEGATIVE61126_24_13,0.9455581903457642
FRAG_NEG_trNEGATIVE49099_48_13,0.0030030179768800735
FRAG_NEG_trNEGATIVE66944_37_13,0.8318548202514648
FRAG_NEG_trNEGATIVE93970_25_13,0.09582742303609848
FRAG_NEG_trNEGATIVE74946_42_13,0.011573969386518002
FRAG_NEG_trNEGATIVE79164_9_13,0.25583142042160034
FRAG_NEG_trNEGATIVE42243_56_13,0.03496433049440384
FRAG_NEG_trNEGATIVE95879_31_13,0.3543894588947296
FRAG_NEG_trNEGATIVE74761_68_13,0.11034004390239716
FRAG_NEG_trNEGATIVE93923_52_13,0.0823584645986557
FRAG_NEG_trNEGATIVE68701_58_13,0.08863755315542221
FRAG_NEG_trNEGATIVE91732_3_13,0.0011975939851254225
FRAG_NEG_trNEGATIVE76681_53_13,0.7220978140830994
FRAG_NEG_trNEGATIVE42197_21_13,0.005154086276888847
FRAG_NEG_trNEGATIVE62082_27_13,0.18764007091522217
FRAG_NEG_trNEGATIVE60969_50_13,0.04479023441672325
FRAG_NEG_trNEGATIVE85226_9_13,0.28528693318367004
FRAG_NEG_trNEGATIVE92055_41_13,0.24033936858177185
FRAG_NEG_trNEGATIVE86380_54_13,0.002377753611654043
FRAG_NEG_trNEGATIVE50739_20_13,0.018568340688943863
FRAG_NEG_trNEGATIVE71421_70_13,0.0010645058937370777
FRAG_NEG_trNEGATIVE97555_32_13,0.002528948476538062
FRAG_NEG_trNEGATIVE80659_19_13,0.3348737359046936
FRAG_NEG_trNEGATIVE93774_4_13,0.0720755010843277
FRAG_NEG_trNEGATIVE56020_29_13,0.06914851814508438
FRAG_NEG_trNEGATIVE86601_18_13,0.2818051874637604
FRAG_NEG_trNEGATIVE69971_63_13,0.000999309355393052
FRAG_NEG_trNEGATIVE71549_16_13,0.6700425148010254
FRAG_NEG_trNEGATIVE83418_58_13,0.010308416560292244
FRAG_NEG_trNEGATIVE61405_9_13,0.004676794167608023
FRAG_NEG_trNEGATIVE73751_53_13,0.18374189734458923
FRAG_NEG_trNEGATIVE83608_64_13,0.01919606700539589
FRAG_NEG_trNEGATIVE66036_26_13,0.004914663266390562
FRAG_NEG_trNEGATIVE68177_29_13,0.03688138350844383
FRAG_NEG_trNEGATIVE91297_1_13,0.01338573731482029
FRAG_NEG_trNEGATIVE87665_66_13,0.07659900188446045
FRAG_NEG_trNEGATIVE78693_51_13,0.9951263666152954
FRAG_NEG_trNEGATIVE50516_3_13,0.42426198720932007
FRAG_NEG_trNEGATIVE66415_50_13,0.009793848730623722
FRAG_NEG_trNEGATIVE81756_19_13,0.023382842540740967
FRAG_NEG_trNEGATIVE38069_3_13,0.07789831608533859
FRAG_NEG_trNEGATIVE89460_15_13,0.028432007879018784
FRAG_NEG_trNEGATIVE84401_2_13,0.251289963722229
FRAG_NEG_trNEGATIVE35165_23_13,0.041427258402109146
FRAG_NEG_trNEGATIVE69058_50_13,0.1858016848564148
FRAG_NEG_trNEGATIVE61831_20_13,0.013040234334766865
FRAG_NEG_trNEGATIVE53317_31_13,0.021511809900403023
FRAG_NEG_trNEGATIVE65552_67_13,0.48436665534973145
FRAG_NEG_trNEGATIVE48090_75_13,0.008718124590814114
FRAG_NEG_trNEGATIVE67008_2_13,0.024245116859674454
FRAG_NEG_trNEGATIVE69184_25_13,0.44273456931114197
FRAG_NEG_trNEGATIVE73854_40_13,0.4835141599178314
FRAG_NEG_trNEGATIVE71002_18_13,0.6546346545219421
FRAG_NEG_trNEGATIVE87754_15_13,0.00274086045101285
FRAG_NEG_trNEGATIVE50338_61_13,0.0008916677907109261
FRAG_NEG_trNEGATIVE80623_29_13,0.32256564497947693
FRAG_NEG_trNEGATIVE38372_13_13,9.206763706970378e-07
FRAG_NEG_trNEGATIVE77548_25_13,0.10367946326732635
FRAG_NEG_trNEGATIVE36679_71_13,0.00042378096259199083
FRAG_NEG_trNEGATIVE42327_21_13,0.7022591233253479
FRAG_NEG_trNEGATIVE46361_18_13,0.822958767414093
FRAG_NEG_trNEGATIVE56823_47_13,0.2998611032962799
FRAG_NEG_trNEGATIVE61762_38_13,0.09239271283149719
FRAG_NEG_trNEGATIVE49035_42_13,0.8006752133369446
FRAG_NEG_trNEGATIVE47481_37_13,0.20503874123096466
FRAG_NEG_trNEGATIVE64579_21_13,0.04924833029508591
FRAG_NEG_trNEGATIVE45649_48_13,0.0791717916727066
FRAG_NEG_trNEGATIVE68465_83_13,0.00787968747317791
FRAG_NEG_trNEGATIVE60384_32_13,0.00015882001025602221
FRAG_NEG_trNEGATIVE30259_78_13,0.2564322054386139
FRAG_NEG_trNEGATIVE87619_3_13,0.14014311134815216
FRAG_NEG_trNEGATIVE61324_5_13,0.06677014380693436
FRAG_NEG_trNEGATIVE52653_79_13,0.10600850731134415
FRAG_NEG_trNEGATIVE40855_62_13,0.13356977701187134
FRAG_NEG_trNEGATIVE95856_25_13,0.06842895597219467
FRAG_NEG_trNEGATIVE38308_9_13,0.013170940801501274
FRAG_NEG_trNEGATIVE56951_41_13,0.7330817580223083
FRAG_NEG_trNEGATIVE47246_4_13,0.15392327308654785
FRAG_NEG_trNEGATIVE52747_33_13,0.00024650251725688577
FRAG_NEG_trNEGATIVE59274_81_13,0.18974772095680237
FRAG_NEG_trNEGATIVE72430_4_13,0.22950389981269836
FRAG_NEG_trNEGATIVE82152_16_13,0.717284083366394
FRAG_NEG_trNEGATIVE53643_34_13,0.32983121275901794
FRAG_NEG_trNEGATIVE62952_60_13,0.9134003520011902
FRAG_NEG_trNEGATIVE33972_42_13,0.002687387401238084
FRAG_NEG_trNEGATIVE95551_71_13,0.31731075048446655
FRAG_NEG_trNEGATIVE69451_0_13,0.0006921542226336896
FRAG_NEG_trNEGATIVE73254_54_13,0.7167967557907104
FRAG_NEG_trNEGATIVE59694_28_13,0.1996910125017166
FRAG_NEG_trNEGATIVE31404_2_13,0.010953376069664955
FRAG_NEG_trNEGATIVE52597_20_13,0.0781896561384201
FRAG_NEG_trNEGATIVE48317_55_13,0.008210698142647743
FRAG_NEG_trNEGATIVE44868_39_13,0.00011681491741910577
FRAG_NEG_trNEGATIVE61586_23_13,0.0003525992506183684
FRAG_NEG_trNEGATIVE87171_19_13,0.4374294877052307
FRAG_NEG_trNEGATIVE89760_31_13,0.6842463612556458
FRAG_NEG_trNEGATIVE72149_3_13,0.02779470942914486
FRAG_NEG_trNEGATIVE69105_22_13,0.012370556592941284
FRAG_NEG_trNEGATIVE70709_55_13,0.9909490346908569
FRAG_NEG_trNEGATIVE63462_6_13,0.9026516079902649
FRAG_NEG_trNEGATIVE78337_6_13,0.24211879074573517
FRAG_NEG_trNEGATIVE65844_7_13,0.18430514633655548
FRAG_NEG_trNEGATIVE52994_50_13,0.8287132382392883
FRAG_NEG_trNEGATIVE79461_8_13,0.7431690692901611
FRAG_NEG_trNEGATIVE46927_30_13,0.05618784949183464
FRAG_NEG_trNEGATIVE32567_28_13,0.48666590452194214
FRAG_NEG_trNEGATIVE75112_34_13,0.12756207585334778
FRAG_NEG_trNEGATIVE75934_53_13,0.7812250852584839
FRAG_NEG_trNEGATIVE69794_19_13,0.6076394319534302
FRAG_NEG_trNEGATIVE42327_47_13,0.7396868467330933
FRAG_NEG_trNEGATIVE47753_10_13,0.013816428370773792
FRAG_NEG_trNEGATIVE27798_31_13,0.0007276483811438084
FRAG_NEG_trNEGATIVE67999_44_13,0.8247120976448059
FRAG_NEG_trNEGATIVE84745_49_13,0.5446010828018188
FRAG_NEG_trNEGATIVE86746_43_13,0.18614916503429413
FRAG_NEG_trNEGATIVE44328_38_13,0.6080636978149414
FRAG_NEG_trNEGATIVE66427_26_13,0.04589804261922836
FRAG_NEG_trNEGATIVE74579_3_13,9.543214400764555e-05
FRAG_NEG_trNEGATIVE43129_41_13,0.007179153151810169
FRAG_NEG_trNEGATIVE88682_72_13,0.1358371078968048
FRAG_NEG_trNEGATIVE48466_32_13,0.41604533791542053
FRAG_NEG_trNEGATIVE47345_1_13,0.0019514622399583459
FRAG_NEG_trNEGATIVE41209_4_13,0.027730301022529602
FRAG_NEG_trNEGATIVE55026_15_13,0.012013399973511696
FRAG_NEG_trNEGATIVE34862_68_13,7.934549648780376e-05
FRAG_NEG_trNEGATIVE94649_10_13,0.05505142733454704
FRAG_NEG_trNEGATIVE27986_47_13,0.12206530570983887
FRAG_NEG_trNEGATIVE82321_45_13,0.7441197037696838
FRAG_NEG_trNEGATIVE54090_25_13,0.28364360332489014
FRAG_NEG_trNEGATIVE82897_18_13,0.0023320061154663563
FRAG_NEG_trNEGATIVE38329_14_13,0.9684618711471558
FRAG_NEG_trNEGATIVE60622_42_13,0.0006221511284820735
FRAG_NEG_trNEGATIVE70730_22_13,0.2011706382036209
FRAG_NEG_trNEGATIVE52112_30_13,0.003916474990546703
FRAG_NEG_trNEGATIVE75814_19_13,0.46882113814353943
FRAG_NEG_trNEGATIVE65600_18_13,0.219353586435318
FRAG_NEG_trNEGATIVE57538_18_13,0.37880122661590576
FRAG_NEG_trNEGATIVE88812_27_13,0.43280237913131714
FRAG_NEG_trNEGATIVE84762_2_13,0.1565808355808258
FRAG_NEG_trNEGATIVE86198_14_13,3.7088142562424764e-05
FRAG_NEG_trNEGATIVE50110_72_13,0.3227396607398987
FRAG_NEG_trNEGATIVE35293_30_13,0.0001013647997751832
FRAG_NEG_trNEGATIVE82980_83_13,0.002928786678239703
FRAG_NEG_trNEGATIVE87146_56_13,0.7098444700241089
FRAG_NEG_trNEGATIVE55353_64_13,0.04713055118918419
FRAG_NEG_trNEGATIVE44511_24_13,0.0014984274748712778
FRAG_NEG_trNEGATIVE40237_7_13,0.248880073428154
FRAG_NEG_trNEGATIVE83834_22_13,0.6991856694221497
FRAG_NEG_trNEGATIVE95757_16_13,0.5731467008590698
FRAG_NEG_trNEGATIVE60862_7_13,0.7693701982498169
FRAG_NEG_trNEGATIVE36040_3_13,3.979913890361786e-05
FRAG_NEG_trNEGATIVE90239_69_13,0.9914182424545288
FRAG_NEG_trNEGATIVE88458_73_13,0.0006280610105022788
FRAG_NEG_trNEGATIVE95531_45_13,0.7835257649421692
FRAG_NEG_trNEGATIVE47481_31_13,0.46700161695480347
FRAG_NEG_trNEGATIVE65434_10_13,0.043126124888658524
FRAG_NEG_trNEGATIVE77081_64_13,0.6811504364013672
FRAG_NEG_trNEGATIVE41975_7_13,0.2789866328239441
FRAG_NEG_trNEGATIVE50917_53_13,0.7973238229751587
FRAG_NEG_trNEGATIVE94487_72_13,0.0026358203031122684
FRAG_NEG_trNEGATIVE33180_49_13,0.010956896468997002
FRAG_NEG_trNEGATIVE53217_16_13,0.0047093541361391544
FRAG_NEG_trNEGATIVE61196_51_13,0.00952201895415783
FRAG_NEG_trNEGATIVE44181_65_13,0.06328876316547394
FRAG_NEG_trNEGATIVE51423_24_13,0.3787844181060791
FRAG_NEG_trNEGATIVE77017_35_13,0.007153700105845928
FRAG_NEG_trNEGATIVE83842_67_13,0.0016661292174831033
FRAG_NEG_trNEGATIVE54050_47_13,3.62543469236698e-05
FRAG_NEG_trNEGATIVE80014_38_13,0.0025045403745025396
FRAG_NEG_trNEGATIVE88847_16_13,0.00013677300012204796
FRAG_NEG_trNEGATIVE31329_35_13,0.00418962724506855
FRAG_NEG_trNEGATIVE95574_16_13,0.1442163586616516
FRAG_NEG_trNEGATIVE34341_21_13,0.6839860677719116
FRAG_NEG_trNEGATIVE90101_64_13,0.09962808340787888
FRAG_NEG_trNEGATIVE40770_54_13,0.9144002795219421
FRAG_NEG_trNEGATIVE64940_81_13,0.08819953352212906
FRAG_NEG_trNEGATIVE84928_33_13,3.114172795903869e-05
FRAG_NEG_trNEGATIVE35193_20_13,0.5164085626602173
FRAG_NEG_trNEGATIVE56280_9_13,0.0025797265116125345
FRAG_NEG_trNEGATIVE67576_41_13,0.03330407291650772
FRAG_NEG_trNEGATIVE52366_26_13,0.9973578453063965
FRAG_NEG_trNEGATIVE75344_44_13,2.3803390831744764e-06
FRAG_NEG_trNEGATIVE97040_42_13,0.0030703020747750998
FRAG_NEG_trNEGATIVE86988_28_13,0.33882904052734375
FRAG_NEG_trNEGATIVE68057_1_13,0.41925495862960815
FRAG_NEG_trNEGATIVE56575_14_13,0.014820617623627186
FRAG_NEG_trNEGATIVE55418_15_13,0.03843733295798302
FRAG_NEG_trNEGATIVE54445_34_13,0.19371351599693298
FRAG_NEG_trNEGATIVE53896_38_13,0.46929627656936646
FRAG_NEG_trNEGATIVE47752_15_13,0.8409703969955444
FRAG_NEG_trNEGATIVE78961_49_13,0.006482373923063278
FRAG_NEG_trNEGATIVE56575_19_13,0.031993914395570755
FRAG_NEG_trNEGATIVE53087_31_13,0.006480726413428783
FRAG_NEG_trNEGATIVE81125_78_13,0.0015821743290871382
FRAG_NEG_trNEGATIVE77181_34_13,0.054689567536115646
FRAG_NEG_trNEGATIVE87736_57_13,0.041667502373456955
FRAG_NEG_trNEGATIVE33573_24_13,0.003131471574306488
FRAG_NEG_trNEGATIVE31350_0_13,2.67136529146228e-05
FRAG_NEG_trNEGATIVE89076_44_13,0.0011717715533450246
FRAG_NEG_trNEGATIVE64485_80_13,0.013731683604419231
FRAG_NEG_trNEGATIVE74053_42_13,0.013815579004585743
FRAG_NEG_trNEGATIVE87107_45_13,0.01334796566516161
FRAG_NEG_trNEGATIVE80836_4_13,0.13023807108402252
FRAG_NEG_trNEGATIVE54392_43_13,0.0023644601460546255
FRAG_NEG_trNEGATIVE84954_53_13,0.0010388668160885572
FRAG_NEG_trNEGATIVE27744_4_13,0.003391991602256894
FRAG_NEG_trNEGATIVE39550_40_13,0.13508650660514832
FRAG_NEG_trNEGATIVE40424_43_13,0.01995125040411949
FRAG_NEG_trNEGATIVE57371_28_13,0.14627256989479065
FRAG_NEG_trNEGATIVE77840_47_13,0.0536692813038826
FRAG_NEG_trNEGATIVE79590_26_13,0.0005141561268828809
FRAG_NEG_trNEGATIVE69489_17_13,0.7018405795097351
FRAG_NEG_trNEGATIVE90991_34_13,0.283447802066803
FRAG_NEG_trNEGATIVE36281_17_13,0.8283470273017883
FRAG_NEG_trNEGATIVE93132_83_13,0.1522561013698578
FRAG_NEG_trNEGATIVE57949_42_13,0.9075967669487
FRAG_NEG_trNEGATIVE74148_60_13,0.0745638832449913
FRAG_NEG_trNEGATIVE83469_17_13,0.0011358174961060286
FRAG_NEG_trNEGATIVE69738_16_13,0.052244119346141815
FRAG_NEG_trNEGATIVE31754_35_13,0.37069374322891235
FRAG_NEG_trNEGATIVE55910_63_13,0.6266759037971497
FRAG_NEG_trNEGATIVE43004_25_13,0.06902714818716049
FRAG_NEG_trNEGATIVE58933_36_13,0.6366063356399536
FRAG_NEG_trNEGATIVE71610_47_13,0.11577466875314713
FRAG_NEG_trNEGATIVE43304_46_13,0.9913312196731567
FRAG_NEG_trNEGATIVE89161_25_13,6.046307316864841e-05
FRAG_NEG_trNEGATIVE91490_74_13,0.7034574151039124
FRAG_NEG_trNEGATIVE89242_3_13,0.005981177091598511
FRAG_NEG_trNEGATIVE48370_28_13,0.5103146433830261
FRAG_NEG_trNEGATIVE43574_38_13,0.5643653869628906
FRAG_NEG_trNEGATIVE80194_21_13,0.0186254121363163
FRAG_NEG_trNEGATIVE48200_26_13,0.12170454114675522
FRAG_NEG_trNEGATIVE82740_44_13,0.05420002341270447
FRAG_NEG_trNEGATIVE47430_39_13,0.07004968822002411
FRAG_NEG_trNEGATIVE83181_19_13,0.23503649234771729
FRAG_NEG_trNEGATIVE34405_67_13,0.11462434381246567
FRAG_NEG_trNEGATIVE59542_24_13,0.4490548074245453
FRAG_NEG_trNEGATIVE39185_22_13,0.02704375609755516
FRAG_NEG_trNEGATIVE82954_10_13,0.030199309810996056
FRAG_NEG_trNEGATIVE30256_46_13,0.050433091819286346
FRAG_NEG_trNEGATIVE95503_53_13,0.002770884893834591
FRAG_NEG_trNEGATIVE60235_3_13,0.48179054260253906
FRAG_NEG_trNEGATIVE87969_55_13,0.00013638511882163584
FRAG_NEG_trNEGATIVE32188_33_13,0.2483631819486618
FRAG_NEG_trNEGATIVE81737_31_13,0.46430152654647827
FRAG_NEG_trNEGATIVE50744_2_13,0.22753557562828064
FRAG_NEG_trNEGATIVE54689_46_13,3.185486275469884e-05
FRAG_NEG_trNEGATIVE61977_49_13,0.0006945672794245183
FRAG_NEG_trNEGATIVE43411_41_13,0.0031375098042190075
FRAG_NEG_trNEGATIVE54843_61_13,0.007175363600254059
FRAG_NEG_trNEGATIVE30395_13_13,0.0033605522476136684
FRAG_NEG_trNEGATIVE38372_12_13,0.0994657427072525
FRAG_NEG_trNEGATIVE34549_21_13,0.11932539939880371
FRAG_NEG_trNEGATIVE56717_45_13,0.4589635729789734
FRAG_NEG_trNEGATIVE60221_76_13,0.00037360232090577483
FRAG_NEG_trNEGATIVE49268_43_13,0.00807441771030426
FRAG_NEG_trNEGATIVE33158_4_13,0.0004667096654884517
FRAG_NEG_trNEGATIVE76478_68_13,0.0014128836337476969
FRAG_NEG_trNEGATIVE34592_5_13,0.23635239899158478
FRAG_NEG_trNEGATIVE87853_33_13,0.006109417416155338
FRAG_NEG_trNEGATIVE95574_8_13,0.2507343888282776
FRAG_NEG_trNEGATIVE84864_22_13,0.312299519777298
FRAG_NEG_trNEGATIVE69791_80_13,0.06836018711328506
FRAG_NEG_trNEGATIVE39968_31_13,3.83267251891084e-05
FRAG_NEG_trNEGATIVE32775_2_13,0.3386206328868866
FRAG_NEG_trNEGATIVE78595_8_13,0.7520692944526672
FRAG_NEG_trNEGATIVE62365_44_13,0.2537596821784973
FRAG_NEG_trNEGATIVE65299_34_13,0.9462562799453735
FRAG_NEG_trNEGATIVE52994_12_13,0.17379018664360046
FRAG_NEG_trNEGATIVE77897_25_13,0.005271051079034805
FRAG_NEG_trNEGATIVE31154_25_13,0.027757087722420692
FRAG_NEG_trNEGATIVE60202_15_13,0.001254051341675222
FRAG_NEG_trNEGATIVE59274_8_13,0.01545675564557314
FRAG_NEG_trNEGATIVE31372_24_13,0.32327646017074585
FRAG_NEG_trNEGATIVE81510_49_13,0.01000701729208231
FRAG_NEG_trNEGATIVE81455_49_13,0.002479190705344081
FRAG_NEG_trNEGATIVE43378_31_13,4.861761044594459e-05
FRAG_NEG_trNEGATIVE42932_9_13,0.3158286511898041
FRAG_NEG_trNEGATIVE47430_6_13,0.32185235619544983
FRAG_NEG_trNEGATIVE42081_13_13,0.0015742207178846002
FRAG_NEG_trNEGATIVE45129_4_13,0.9503013491630554
FRAG_NEG_trNEGATIVE82153_1_13,0.04845647141337395
FRAG_NEG_trNEGATIVE76435_59_13,0.012368740513920784
FRAG_NEG_trNEGATIVE54212_3_13,0.00024677978944964707
FRAG_NEG_trNEGATIVE74570_4_13,0.8343908190727234
FRAG_NEG_trNEGATIVE44235_25_13,0.47574901580810547
FRAG_NEG_trNEGATIVE81205_16_13,0.022228186950087547
FRAG_NEG_trNEGATIVE34205_22_13,0.173059344291687
FRAG_NEG_trNEGATIVE95587_32_13,0.3737918734550476
FRAG_NEG_trNEGATIVE75457_37_13,0.23989613354206085
FRAG_NEG_trNEGATIVE54392_1_13,0.23665647208690643
FRAG_NEG_trNEGATIVE34004_80_13,0.027353757992386818
FRAG_NEG_trNEGATIVE97128_53_13,0.010831218212842941
FRAG_NEG_trNEGATIVE79202_72_13,0.012909437529742718
FRAG_NEG_trNEGATIVE82308_20_13,0.09285792708396912
FRAG_NEG_trNEGATIVE67582_64_13,0.2626728415489197
FRAG_NEG_trNEGATIVE80784_33_13,3.20784529321827e-05
FRAG_NEG_trNEGATIVE73415_39_13,0.9132402539253235
FRAG_NEG_trNEGATIVE65678_16_13,0.007128216326236725
FRAG_NEG_trNEGATIVE91471_7_13,0.2758428454399109
FRAG_NEG_trNEGATIVE88906_49_13,0.6916255950927734
FRAG_NEG_trNEGATIVE56902_38_13,0.026951989158988
FRAG_NEG_trNEGATIVE31811_48_13,0.5316049456596375
FRAG_NEG_trNEGATIVE58242_78_13,0.6004688143730164
FRAG_NEG_trNEGATIVE79610_25_13,0.046986211091279984
FRAG_NEG_trNEGATIVE60486_44_13,0.2698424756526947
FRAG_NEG_trNEGATIVE69392_59_13,0.3332715630531311
FRAG_NEG_trNEGATIVE68997_17_13,0.009465307928621769
FRAG_NEG_trNEGATIVE62371_17_13,0.008048497140407562
FRAG_NEG_trNEGATIVE96305_37_13,0.0007778721628710628
FRAG_NEG_trNEGATIVE28417_47_13,1.0417616067570634e-05
FRAG_NEG_trNEGATIVE79482_29_13,0.19574476778507233
FRAG_NEG_trNEGATIVE53731_21_13,0.17697061598300934
FRAG_NEG_trNEGATIVE34791_38_13,0.00018853493384085596
FRAG_NEG_trNEGATIVE91861_29_13,0.6061672568321228
FRAG_NEG_trNEGATIVE78195_58_13,0.27165478467941284
FRAG_NEG_trNEGATIVE95098_63_13,0.003480409039184451
FRAG_NEG_trNEGATIVE86962_0_13,7.509846909670159e-06
FRAG_NEG_trNEGATIVE97179_32_13,0.7816041111946106
FRAG_NEG_trNEGATIVE93508_45_13,0.03318774327635765
FRAG_NEG_trNEGATIVE35130_85_13,0.1746722012758255
FRAG_NEG_trNEGATIVE45060_63_13,0.01921384036540985
FRAG_NEG_trNEGATIVE91682_1_13,0.032193757593631744
FRAG_NEG_trNEGATIVE67125_10_13,0.988761305809021
FRAG_NEG_trNEGATIVE68972_15_13,0.11214973777532578
FRAG_NEG_trNEGATIVE31855_37_13,0.2175334393978119
FRAG_NEG_trNEGATIVE95155_20_13,0.22236418724060059
FRAG_NEG_trNEGATIVE54679_70_13,0.04250610992312431
FRAG_NEG_trNEGATIVE66415_67_13,0.2888140082359314
FRAG_NEG_trNEGATIVE46897_38_13,0.05839560180902481
FRAG_NEG_trNEGATIVE44859_46_13,0.023607980459928513
FRAG_NEG_trNEGATIVE68242_78_13,0.2432771623134613
FRAG_NEG_trNEGATIVE44054_8_13,0.0013116418849676847
FRAG_NEG_trNEGATIVE47424_2_13,0.864899754524231
FRAG_NEG_trNEGATIVE91415_1_13,0.5092419385910034
FRAG_NEG_trNEGATIVE40533_36_13,0.04875638335943222
FRAG_NEG_trNEGATIVE94442_49_13,0.2000313550233841
FRAG_NEG_trNEGATIVE31391_52_13,0.10282112658023834
FRAG_NEG_trNEGATIVE88906_31_13,0.0008039913373067975
FRAG_NEG_trNEGATIVE43378_33_13,0.0759507417678833
FRAG_NEG_trNEGATIVE91947_0_13,4.477245965972543e-05
FRAG_NEG_trNEGATIVE33805_40_13,0.02440015599131584
FRAG_NEG_trNEGATIVE95861_35_13,0.007628966122865677
FRAG_NEG_trNEGATIVE34022_25_13,0.060704559087753296
FRAG_NEG_trNEGATIVE72233_27_13,0.12328343093395233
FRAG_NEG_trNEGATIVE60600_42_13,0.1870207041501999
FRAG_NEG_trNEGATIVE87243_23_13,0.0060296193696558475
FRAG_NEG_trNEGATIVE55271_29_13,0.10591115802526474
FRAG_NEG_trNEGATIVE46929_32_13,0.8180235624313354
FRAG_NEG_trNEGATIVE70218_28_13,0.02615002915263176
FRAG_NEG_trNEGATIVE50330_6_13,0.0004389401583466679
FRAG_NEG_trNEGATIVE50700_36_13,0.16659358143806458
FRAG_NEG_trNEGATIVE70177_70_13,0.1956356316804886
FRAG_NEG_trNEGATIVE95321_13_13,0.0006417258991859853
FRAG_NEG_trNEGATIVE50422_48_13,0.003969945479184389
FRAG_NEG_trNEGATIVE53259_22_13,0.0003367358585819602
FRAG_NEG_trNEGATIVE46423_9_13,0.6866785883903503
FRAG_NEG_trNEGATIVE94119_3_13,0.003174431622028351
FRAG_NEG_trNEGATIVE42955_59_13,0.016258280724287033
FRAG_NEG_trNEGATIVE78873_13_13,0.00043250987073406577
FRAG_NEG_trNEGATIVE27714_75_13,1.3826249414705671e-05
FRAG_NEG_trNEGATIVE91481_65_13,0.9612207412719727
FRAG_NEG_trNEGATIVE64287_31_13,0.20859985053539276
FRAG_NEG_trNEGATIVE58387_1_13,1.2096854788978817e-06
FRAG_NEG_trNEGATIVE71752_14_13,0.5665964484214783
FRAG_NEG_trNEGATIVE73152_19_13,0.005176900420337915
FRAG_NEG_trNEGATIVE58904_28_13,0.0005729513941332698
FRAG_NEG_trNEGATIVE82168_35_13,0.004000323824584484
FRAG_NEG_trNEGATIVE86436_83_13,0.0037588137201964855
FRAG_NEG_trNEGATIVE38842_59_13,0.002198483096435666
FRAG_NEG_trNEGATIVE39316_56_13,0.1020720824599266
FRAG_NEG_trNEGATIVE73951_41_13,0.12176426500082016
FRAG_NEG_trNEGATIVE79579_10_13,0.9993127584457397
FRAG_NEG_trNEGATIVE66390_71_13,0.07929988205432892
FRAG_NEG_trNEGATIVE66754_19_13,0.009679476730525494
FRAG_NEG_trNEGATIVE50224_21_13,4.581091343425214e-05
FRAG_NEG_trNEGATIVE62716_61_13,0.02321363054215908
FRAG_NEG_trNEGATIVE91520_30_13,0.9602638483047485
FRAG_NEG_trNEGATIVE28791_11_13,0.6111467480659485
FRAG_NEG_trNEGATIVE83785_25_13,0.10634966939687729
FRAG_NEG_trNEGATIVE37545_11_13,0.01048283651471138
FRAG_NEG_trNEGATIVE51108_12_13,0.38130149245262146
FRAG_NEG_trNEGATIVE59284_32_13,0.05870544910430908
FRAG_NEG_trNEGATIVE76289_79_13,0.414376825094223
FRAG_NEG_trNEGATIVE35918_32_13,0.008852490223944187
FRAG_NEG_trNEGATIVE97534_29_13,0.2568228542804718
FRAG_NEG_trNEGATIVE52621_61_13,0.026208776980638504
FRAG_NEG_trNEGATIVE40567_22_13,0.7525113224983215
FRAG_NEG_trNEGATIVE30173_5_13,0.6186907887458801
FRAG_NEG_trNEGATIVE86183_16_13,0.42124947905540466
FRAG_NEG_trNEGATIVE46180_44_13,0.3920818567276001
FRAG_NEG_trNEGATIVE82585_38_13,0.6366838216781616
FRAG_NEG_trNEGATIVE85520_55_13,0.0020553714130073786
FRAG_NEG_trNEGATIVE46941_54_13,0.3249916136264801
FRAG_NEG_trNEGATIVE56407_48_13,0.06948826462030411
FRAG_NEG_trNEGATIVE63375_14_13,0.27989766001701355
FRAG_NEG_trNEGATIVE80302_31_13,0.09679664671421051
FRAG_NEG_trNEGATIVE62352_19_13,0.14250296354293823
FRAG_NEG_trNEGATIVE56067_6_13,0.8411232233047485
FRAG_NEG_trNEGATIVE85152_43_13,0.23029784858226776
FRAG_NEG_trNEGATIVE90045_47_13,0.00026536345831118524
FRAG_NEG_trNEGATIVE57852_69_13,0.002352242823690176
FRAG_NEG_trNEGATIVE80548_8_13,0.005071209743618965
FRAG_NEG_trNEGATIVE92362_68_13,0.2954283356666565
FRAG_NEG_trNEGATIVE56227_14_13,0.06184016540646553
FRAG_NEG_trNEGATIVE47562_34_13,0.00026399194030091166
FRAG_NEG_trNEGATIVE57053_52_13,0.0016760037979111075
FRAG_NEG_trNEGATIVE87117_71_13,0.5239344835281372
FRAG_NEG_trNEGATIVE67992_3_13,0.09767689555883408
FRAG_NEG_trNEGATIVE86955_13_13,0.18258219957351685
FRAG_NEG_trNEGATIVE49625_51_13,0.0074113765731453896
FRAG_NEG_trNEGATIVE34855_16_13,0.002447450067847967
FRAG_NEG_trNEGATIVE52953_63_13,0.00959033239632845
FRAG_NEG_trNEGATIVE90663_63_13,0.006071235053241253
FRAG_NEG_trNEGATIVE45635_32_13,0.09948527067899704
FRAG_NEG_trNEGATIVE93762_24_13,0.6925627589225769
FRAG_NEG_trNEGATIVE69971_71_13,0.11142417043447495
FRAG_NEG_trNEGATIVE85704_28_13,0.04365615174174309
FRAG_NEG_trNEGATIVE63744_30_13,0.44577497243881226
FRAG_NEG_trNEGATIVE83814_29_13,0.2302132546901703
FRAG_NEG_trNEGATIVE65258_10_13,0.8866230249404907
FRAG_NEG_trNEGATIVE62791_20_13,0.00020556501112878323
FRAG_NEG_trNEGATIVE74943_14_13,0.03847882151603699
FRAG_NEG_trNEGATIVE37284_64_13,0.00018175033619627357
FRAG_NEG_trNEGATIVE82781_74_13,0.43791133165359497
FRAG_NEG_trNEGATIVE69430_41_13,0.0005998398410156369
FRAG_NEG_trNEGATIVE52522_43_13,0.49799805879592896
FRAG_NEG_trNEGATIVE82387_37_13,0.47533169388771057
FRAG_NEG_trNEGATIVE94232_68_13,0.20937319099903107
FRAG_NEG_trNEGATIVE50481_19_13,2.181207310059108e-05
FRAG_NEG_trNEGATIVE86220_28_13,0.0823296383023262
FRAG_NEG_trNEGATIVE51403_61_13,0.2292695790529251
FRAG_NEG_trNEGATIVE41853_0_13,0.07680869847536087
FRAG_NEG_trNEGATIVE36087_34_13,0.04182557016611099
FRAG_NEG_trNEGATIVE56300_0_13,7.019881650194293e-06
FRAG_NEG_trNEGATIVE40665_15_13,0.6037875413894653
FRAG_NEG_trNEGATIVE68016_8_13,0.2931893467903137
FRAG_NEG_trNEGATIVE73432_36_13,0.1359253227710724
FRAG_NEG_trNEGATIVE66036_55_13,0.27422505617141724
FRAG_NEG_trNEGATIVE74148_58_13,0.0103174252435565
FRAG_NEG_trNEGATIVE36338_27_13,0.45149117708206177
FRAG_NEG_trNEGATIVE48025_14_13,0.01787443831562996
FRAG_NEG_trNEGATIVE65364_77_13,0.19641990959644318
FRAG_NEG_trNEGATIVE64361_39_13,0.46948519349098206
FRAG_NEG_trNEGATIVE48453_13_13,0.5629457235336304
FRAG_NEG_trNEGATIVE38660_39_13,0.5343270897865295
FRAG_NEG_trNEGATIVE74351_46_13,0.06056653708219528
FRAG_NEG_trNEGATIVE96978_17_13,6.172955909278244e-05
FRAG_NEG_trNEGATIVE91130_43_13,0.21717405319213867
FRAG_NEG_trNEGATIVE52066_50_13,0.11261115223169327
FRAG_NEG_trNEGATIVE68829_32_13,0.0589541420340538
FRAG_NEG_trNEGATIVE88393_35_13,0.11508269608020782
FRAG_NEG_trNEGATIVE89774_58_13,0.30984097719192505
FRAG_NEG_trNEGATIVE77575_11_13,0.07212255150079727
FRAG_NEG_trNEGATIVE44002_27_13,0.0002931987983174622
FRAG_NEG_trNEGATIVE85755_23_13,0.04291797801852226
FRAG_NEG_trNEGATIVE41469_13_13,0.02722274325788021
FRAG_NEG_trNEGATIVE57277_51_13,0.9087201356887817
FRAG_NEG_trNEGATIVE64620_63_13,0.26547157764434814
FRAG_NEG_trNEGATIVE80564_45_13,0.7071692943572998
FRAG_NEG_trNEGATIVE51856_20_13,0.007891597226262093
FRAG_NEG_trNEGATIVE65400_68_13,0.044405438005924225
FRAG_NEG_trNEGATIVE90312_40_13,0.0883830338716507
FRAG_NEG_trNEGATIVE59021_31_13,0.004867974668741226
FRAG_NEG_trNEGATIVE57482_8_13,0.8292638659477234
FRAG_NEG_trNEGATIVE86415_0_13,3.368101943124202e-06
FRAG_NEG_trNEGATIVE54877_48_13,0.04060407727956772
FRAG_NEG_trNEGATIVE50997_37_13,0.5669558048248291
FRAG_NEG_trNEGATIVE69210_28_13,0.6718640327453613
FRAG_NEG_trNEGATIVE42731_36_13,0.9152682423591614
FRAG_NEG_trNEGATIVE33791_49_13,0.0035667940974235535
FRAG_NEG_trNEGATIVE51108_47_13,0.007908586412668228
FRAG_NEG_trNEGATIVE67754_25_13,0.7444573640823364
FRAG_NEG_trNEGATIVE32165_55_13,0.03468317538499832
FRAG_NEG_trNEGATIVE79963_13_13,0.6112719774246216
FRAG_NEG_trNEGATIVE68483_43_13,0.05376618355512619
FRAG_NEG_trNEGATIVE65678_51_13,0.0758686289191246
FRAG_NEG_trNEGATIVE61615_29_13,0.18285778164863586
FRAG_NEG_trNEGATIVE43893_3_13,0.11426708847284317
FRAG_NEG_trNEGATIVE80677_31_13,0.0025935438461601734
FRAG_NEG_trNEGATIVE31674_6_13,0.04572904855012894
FRAG_NEG_trNEGATIVE40259_18_13,0.0045125712640583515
FRAG_NEG_trNEGATIVE91401_17_13,0.006410813424736261
FRAG_NEG_trNEGATIVE31836_12_13,0.033700209110975266
FRAG_NEG_trNEGATIVE87853_42_13,0.01924605667591095
FRAG_NEG_trNEGATIVE44337_25_13,0.13664212822914124
FRAG_NEG_trNEGATIVE77005_56_13,0.0015814469661563635
FRAG_NEG_trNEGATIVE70378_47_13,0.00025781645672395825
FRAG_NEG_trNEGATIVE86732_66_13,0.19532480835914612
FRAG_NEG_trNEGATIVE68783_31_13,0.22179262340068817
FRAG_NEG_trNEGATIVE57038_8_13,0.9366722106933594
FRAG_NEG_trNEGATIVE39714_14_13,0.24688076972961426
FRAG_NEG_trNEGATIVE93021_20_13,0.0421808585524559
FRAG_NEG_trNEGATIVE68298_28_13,0.001356676104478538
FRAG_NEG_trNEGATIVE44821_16_13,0.5090032815933228
FRAG_NEG_trNEGATIVE60805_26_13,0.11830844730138779
FRAG_NEG_trNEGATIVE76469_22_13,0.0032771534752100706
FRAG_NEG_trNEGATIVE50386_64_13,0.013945166952908039
FRAG_NEG_trNEGATIVE36412_29_13,0.2901942729949951
FRAG_NEG_trNEGATIVE46190_71_13,0.09909284114837646
FRAG_NEG_trNEGATIVE70934_32_13,0.00028955345624126494
FRAG_NEG_trNEGATIVE92572_50_13,0.28529295325279236
FRAG_NEG_trNEGATIVE69389_10_13,0.007671758532524109
FRAG_NEG_trNEGATIVE51356_6_13,0.07588795572519302
FRAG_NEG_trNEGATIVE49102_36_13,0.005221617873758078
FRAG_NEG_trNEGATIVE77913_67_13,0.12023241817951202
FRAG_NEG_trNEGATIVE94016_6_13,0.7095282673835754
FRAG_NEG_trNEGATIVE64122_55_13,0.21234290301799774
FRAG_NEG_trNEGATIVE55385_11_13,0.730533242225647
FRAG_NEG_trNEGATIVE45899_3_13,0.0006783417193219066
FRAG_NEG_trNEGATIVE52139_22_13,0.07316674292087555
FRAG_NEG_trNEGATIVE42392_54_13,0.08804810047149658
FRAG_NEG_trNEGATIVE74463_18_13,0.33449095487594604
FRAG_NEG_trNEGATIVE33198_7_13,0.38049429655075073
FRAG_NEG_trNEGATIVE91297_36_13,0.06775542348623276
FRAG_NEG_trNEGATIVE54015_22_13,0.5676490664482117
FRAG_NEG_trNEGATIVE30057_53_13,0.15699557960033417
FRAG_NEG_trNEGATIVE90804_12_13,0.7210463285446167
FRAG_NEG_trNEGATIVE96352_35_13,0.36931872367858887
FRAG_NEG_trNEGATIVE65342_3_13,0.2238890677690506
FRAG_NEG_trNEGATIVE38687_11_13,0.015155160799622536
FRAG_NEG_trNEGATIVE41232_23_13,0.07718871533870697
FRAG_NEG_trNEGATIVE84633_35_13,0.0015093383844941854
FRAG_NEG_trNEGATIVE84830_8_13,0.0009815439116209745
FRAG_NEG_trNEGATIVE66626_29_13,0.8835669755935669
FRAG_NEG_trNEGATIVE36834_14_13,0.00858994759619236
FRAG_NEG_trNEGATIVE80890_30_13,0.00107562483754009
FRAG_NEG_trNEGATIVE45105_10_13,0.0010861221235245466
FRAG_NEG_trNEGATIVE84350_12_13,0.18897494673728943
FRAG_NEG_trNEGATIVE78359_6_13,5.455538121168502e-05
FRAG_NEG_trNEGATIVE41646_17_13,0.07565039396286011
FRAG_NEG_trNEGATIVE90468_8_13,0.0012599334586411715
FRAG_NEG_trNEGATIVE70642_3_13,0.013885830529034138
FRAG_NEG_trNEGATIVE63742_26_13,0.6889395713806152
FRAG_NEG_trNEGATIVE84767_28_13,0.08319704234600067
FRAG_NEG_trNEGATIVE66497_43_13,0.0011997866677120328
FRAG_NEG_trNEGATIVE34916_69_13,0.10955850034952164
FRAG_NEG_trNEGATIVE74726_47_13,0.00021931769151706249
FRAG_NEG_trNEGATIVE72212_34_13,0.9562039375305176
FRAG_NEG_trNEGATIVE94855_9_13,6.558663881151006e-05
FRAG_NEG_trNEGATIVE40716_2_13,0.5820624232292175
FRAG_NEG_trNEGATIVE67079_22_13,0.17382794618606567
FRAG_NEG_trNEGATIVE86750_13_13,0.003603146644309163
FRAG_NEG_trNEGATIVE62646_35_13,0.2700212895870209
FRAG_NEG_trNEGATIVE33573_11_13,0.0020058085210621357
FRAG_NEG_trNEGATIVE61846_13_13,0.0581965446472168
FRAG_NEG_trNEGATIVE43465_48_13,0.010966149158775806
FRAG_NEG_trNEGATIVE76435_69_13,0.22748851776123047
FRAG_NEG_trNEGATIVE92517_13_13,0.0005567891057580709
FRAG_NEG_trNEGATIVE47256_9_13,0.14499494433403015
FRAG_NEG_trNEGATIVE38628_6_13,0.0396740660071373
FRAG_NEG_trNEGATIVE42479_10_13,0.755622386932373
FRAG_NEG_trNEGATIVE36269_39_13,0.003907864447683096
FRAG_NEG_trNEGATIVE51257_43_13,0.03444172814488411
FRAG_NEG_trNEGATIVE73433_8_13,0.005061720963567495
FRAG_NEG_trNEGATIVE90222_6_13,0.13026610016822815
FRAG_NEG_trNEGATIVE90812_36_13,0.021538211032748222
FRAG_NEG_trNEGATIVE81491_6_13,0.00392068549990654
FRAG_NEG_trNEGATIVE74817_17_13,0.014384135603904724
FRAG_NEG_trNEGATIVE55526_11_13,0.004173033405095339
FRAG_NEG_trNEGATIVE54828_29_13,0.38806647062301636
FRAG_NEG_trNEGATIVE60182_20_13,0.0013361988821998239
FRAG_NEG_trNEGATIVE90687_39_13,0.08061744272708893
FRAG_NEG_trNEGATIVE50917_65_13,0.4719060957431793
FRAG_NEG_trNEGATIVE79327_53_13,0.550075888633728
FRAG_NEG_trNEGATIVE96265_68_13,0.1980227530002594
FRAG_NEG_trNEGATIVE80654_2_13,0.027029678225517273
FRAG_NEG_trNEGATIVE96062_18_13,0.7560457587242126
FRAG_NEG_trNEGATIVE39254_19_13,0.0342058427631855
FRAG_NEG_trNEGATIVE50009_3_13,0.8867895007133484
FRAG_NEG_trNEGATIVE89623_9_13,0.048697564750909805
FRAG_NEG_trNEGATIVE80455_14_13,0.026870176196098328
FRAG_NEG_trNEGATIVE69162_60_13,0.0070259831845760345
FRAG_NEG_trNEGATIVE92408_31_13,0.00986802764236927
FRAG_NEG_trNEGATIVE81756_13_13,0.15766961872577667
FRAG_NEG_trNEGATIVE31256_37_13,0.19409556686878204
FRAG_NEG_trNEGATIVE96694_12_13,0.06591897457838058
FRAG_NEG_trNEGATIVE54736_36_13,0.4420487880706787
FRAG_NEG_trNEGATIVE62766_30_13,0.0007175786304287612
FRAG_NEG_trNEGATIVE62725_79_13,0.00015028525376692414
FRAG_NEG_trNEGATIVE74350_37_13,0.24249713122844696
FRAG_NEG_trNEGATIVE44503_15_13,0.22822943329811096
FRAG_NEG_trNEGATIVE71446_14_13,1.6192845578189008e-05
FRAG_NEG_trNEGATIVE34235_36_13,0.0013036328600719571
FRAG_NEG_trNEGATIVE75479_54_13,0.3925028145313263
FRAG_NEG_trNEGATIVE30265_57_13,0.038515686988830566
FRAG_NEG_trNEGATIVE41486_20_13,0.046257369220256805
FRAG_NEG_trNEGATIVE35293_10_13,0.6855145692825317
FRAG_NEG_trNEGATIVE61999_22_13,0.268850713968277
FRAG_NEG_trNEGATIVE43934_9_13,0.23483335971832275
FRAG_NEG_trNEGATIVE69222_9_13,0.20601019263267517
FRAG_NEG_trNEGATIVE41659_18_13,0.37493041157722473
FRAG_NEG_trNEGATIVE35400_52_13,0.043172720819711685
FRAG_NEG_trNEGATIVE51236_30_13,0.3661547303199768
FRAG_NEG_trNEGATIVE84557_10_13,0.2025262415409088
FRAG_NEG_trNEGATIVE53308_65_13,0.20820634067058563
FRAG_NEG_trNEGATIVE77036_67_13,0.0027319868095219135
FRAG_NEG_trNEGATIVE56432_72_13,0.04248181730508804
FRAG_NEG_trNEGATIVE59217_23_13,0.1950044333934784
FRAG_NEG_trNEGATIVE50559_18_13,0.8104766011238098
FRAG_NEG_trNEGATIVE92373_44_13,0.6787720918655396
FRAG_NEG_trNEGATIVE57371_39_13,0.13884763419628143
FRAG_NEG_trNEGATIVE59543_31_13,0.28510409593582153
FRAG_NEG_trNEGATIVE55633_45_13,0.9115537405014038
FRAG_NEG_trNEGATIVE44974_5_13,0.0004527758283074945
FRAG_NEG_trNEGATIVE61923_32_13,0.6237112879753113
FRAG_NEG_trNEGATIVE54488_28_13,0.03918427973985672
FRAG_NEG_trNEGATIVE34588_25_13,0.052229009568691254
FRAG_NEG_trNEGATIVE94008_41_13,0.04544966295361519
FRAG_NEG_trNEGATIVE80927_6_13,0.14967691898345947
FRAG_NEG_trNEGATIVE29363_9_13,0.009341719560325146
FRAG_NEG_trNEGATIVE27502_6_13,0.6430097818374634
FRAG_NEG_trNEGATIVE39971_5_13,0.19426605105400085
FRAG_NEG_trNEGATIVE39947_39_13,0.2514038681983948
FRAG_NEG_trNEGATIVE76552_8_13,0.10446648299694061
FRAG_NEG_trNEGATIVE97053_8_13,0.008985190652310848
FRAG_NEG_trNEGATIVE67623_2_13,0.013738453388214111
FRAG_NEG_trNEGATIVE43048_24_13,0.061701398342847824
FRAG_NEG_trNEGATIVE61576_42_13,0.0013193163322284818
FRAG_NEG_trNEGATIVE43416_8_13,0.43575721979141235
FRAG_NEG_trNEGATIVE29851_45_13,0.0035817152820527554
FRAG_NEG_trNEGATIVE74177_7_13,0.020933445543050766
FRAG_NEG_trNEGATIVE91453_6_13,0.01636326313018799
FRAG_NEG_trNEGATIVE82897_51_13,0.011689531616866589
FRAG_NEG_trNEGATIVE30011_41_13,0.04953818395733833
FRAG_NEG_trNEGATIVE63840_36_13,0.012443212792277336
FRAG_NEG_trNEGATIVE70705_63_13,0.489879310131073
FRAG_NEG_trNEGATIVE88124_37_13,0.0605325773358345
FRAG_NEG_trNEGATIVE49023_33_13,0.06391443312168121
FRAG_NEG_trNEGATIVE61502_33_13,0.00197347579523921
FRAG_NEG_trNEGATIVE84945_4_13,0.011033149436116219
FRAG_NEG_trNEGATIVE63424_3_13,0.038266636431217194
FRAG_NEG_trNEGATIVE91266_16_13,0.1039436012506485
FRAG_NEG_trNEGATIVE57134_52_13,0.9040800333023071
FRAG_NEG_trNEGATIVE46423_1_13,0.4501519799232483
FRAG_NEG_trNEGATIVE35447_30_13,0.21156509220600128
FRAG_NEG_trNEGATIVE38711_7_13,0.009454632177948952
FRAG_NEG_trNEGATIVE59820_21_13,0.05609935522079468
FRAG_NEG_trNEGATIVE90484_12_14,0.4138949513435364
FRAG_NEG_trNEGATIVE66410_55_14,0.02961241640150547
FRAG_NEG_trNEGATIVE97267_1_14,0.5484651327133179
FRAG_NEG_trNEGATIVE67719_31_14,0.0163484625518322
FRAG_NEG_trNEGATIVE81410_0_14,9.694216714706272e-05
FRAG_NEG_trNEGATIVE60410_71_14,0.2618408501148224
FRAG_NEG_trNEGATIVE54689_9_14,0.6891786456108093
FRAG_NEG_trNEGATIVE76091_82_14,0.410783052444458
FRAG_NEG_trNEGATIVE59957_26_14,0.08558034151792526
FRAG_NEG_trNEGATIVE60363_6_14,0.05523816868662834
FRAG_NEG_trNEGATIVE68549_60_14,0.26983004808425903
FRAG_NEG_trNEGATIVE84856_34_14,0.007752853445708752
FRAG_NEG_trNEGATIVE89096_5_14,0.01798195019364357
FRAG_NEG_trNEGATIVE79162_32_14,2.0939176465617493e-05
FRAG_NEG_trNEGATIVE87547_32_14,0.015319271013140678
FRAG_NEG_trNEGATIVE80746_19_14,0.1806289702653885
FRAG_NEG_trNEGATIVE81670_4_14,0.0007376110297627747
FRAG_NEG_trNEGATIVE27986_64_14,0.003324650228023529
FRAG_NEG_trNEGATIVE50779_73_14,0.1197858601808548
FRAG_NEG_trNEGATIVE30011_57_14,0.0007970631122589111
FRAG_NEG_trNEGATIVE74365_8_14,0.001518282457254827
FRAG_NEG_trNEGATIVE92377_24_14,0.030887102708220482
FRAG_NEG_trNEGATIVE75344_43_14,0.19339287281036377
FRAG_NEG_trNEGATIVE72289_13_14,0.005056323483586311
FRAG_NEG_trNEGATIVE59493_32_14,0.012683751061558723
FRAG_NEG_trNEGATIVE40742_25_14,0.027679437771439552
FRAG_NEG_trNEGATIVE73890_32_14,1.96630662685493e-05
FRAG_NEG_trNEGATIVE31948_37_14,0.6409347653388977
FRAG_NEG_trNEGATIVE28617_44_14,0.6398512721061707
FRAG_NEG_trNEGATIVE45643_29_14,0.08724707365036011
FRAG_NEG_trNEGATIVE27835_10_14,0.33978739380836487
FRAG_NEG_trNEGATIVE79021_64_14,0.01708361878991127
FRAG_NEG_trNEGATIVE53618_25_14,0.20624366402626038
FRAG_NEG_trNEGATIVE40837_23_14,0.3891996443271637
FRAG_NEG_trNEGATIVE52041_7_14,0.015714900568127632
FRAG_NEG_trNEGATIVE61615_10_14,0.0032003670930862427
FRAG_NEG_trNEGATIVE40451_11_14,6.4277928686351515e-06
FRAG_NEG_trNEGATIVE41012_35_14,0.01569529063999653
FRAG_NEG_trNEGATIVE63907_6_14,0.005149719305336475
FRAG_NEG_trNEGATIVE71991_24_14,0.01091246958822012
FRAG_NEG_trNEGATIVE96319_42_14,0.01822574995458126
FRAG_NEG_trNEGATIVE84888_72_14,0.0014965746086090803
FRAG_NEG_trNEGATIVE29147_3_14,0.18299312889575958
FRAG_NEG_trNEGATIVE87083_37_14,0.11418397724628448
FRAG_NEG_trNEGATIVE68829_18_14,0.20774300396442413
FRAG_NEG_trNEGATIVE28334_3_14,0.048948146402835846
FRAG_NEG_trNEGATIVE68825_55_14,0.001444831257686019
FRAG_NEG_trNEGATIVE96145_73_14,0.0019192907493561506
FRAG_NEG_trNEGATIVE28508_46_14,0.02969990111887455
FRAG_NEG_trNEGATIVE42965_35_14,0.06518534570932388
FRAG_NEG_trNEGATIVE89785_82_14,0.0009122026967816055
FRAG_NEG_trNEGATIVE85841_28_14,0.00344969448633492
FRAG_NEG_trNEGATIVE56490_17_14,0.5183444023132324
FRAG_NEG_trNEGATIVE68369_33_14,0.3392777740955353
FRAG_NEG_trNEGATIVE40331_52_14,0.007253576070070267
FRAG_NEG_trNEGATIVE59177_27_14,0.059561170637607574
FRAG_NEG_trNEGATIVE74436_17_14,0.10662700980901718
FRAG_NEG_trNEGATIVE38038_34_14,0.5876015424728394
FRAG_NEG_trNEGATIVE67903_16_14,0.6734007000923157
FRAG_NEG_trNEGATIVE79317_14_14,0.00011153684317832813
FRAG_NEG_trNEGATIVE36696_31_14,0.6687875986099243
FRAG_NEG_trNEGATIVE44210_12_14,0.20327702164649963
FRAG_NEG_trNEGATIVE31683_38_14,0.012798281386494637
FRAG_NEG_trNEGATIVE97325_51_14,0.011364918202161789
FRAG_NEG_trNEGATIVE86955_16_14,0.06439457833766937
FRAG_NEG_trNEGATIVE53486_50_14,0.1007428914308548
FRAG_NEG_trNEGATIVE36180_19_14,0.45407360792160034
FRAG_NEG_trNEGATIVE86282_25_14,0.1754228174686432
FRAG_NEG_trNEGATIVE42246_0_14,0.01859162747859955
FRAG_NEG_trNEGATIVE27794_1_14,0.11603017896413803
FRAG_NEG_trNEGATIVE69028_62_14,0.00011016436474164948
FRAG_NEG_trNEGATIVE37553_27_14,0.8186489939689636
FRAG_NEG_trNEGATIVE70706_73_14,0.11107480525970459
FRAG_NEG_trNEGATIVE40715_51_14,0.1428191363811493
FRAG_NEG_trNEGATIVE87887_23_14,0.0005003931000828743
FRAG_NEG_trNEGATIVE52522_25_14,0.041299235075712204
FRAG_NEG_trNEGATIVE94818_21_14,0.6813941597938538
FRAG_NEG_trNEGATIVE58867_39_14,0.39743489027023315
FRAG_NEG_trNEGATIVE97300_49_14,0.04314250126481056
FRAG_NEG_trNEGATIVE35611_56_14,0.058949798345565796
FRAG_NEG_trNEGATIVE49755_24_14,0.0027928208000957966
FRAG_NEG_trNEGATIVE96717_58_14,0.6565896272659302
FRAG_NEG_trNEGATIVE74447_18_14,0.24774718284606934
FRAG_NEG_trNEGATIVE65196_15_14,0.07702140510082245
FRAG_NEG_trNEGATIVE30923_17_14,0.00822500791400671
FRAG_NEG_trNEGATIVE84293_40_14,0.0039268252439796925
FRAG_NEG_trNEGATIVE90980_64_14,0.009247735142707825
FRAG_NEG_trNEGATIVE69210_19_14,0.5713321566581726
FRAG_NEG_trNEGATIVE95235_45_14,0.05824560672044754
FRAG_NEG_trNEGATIVE39632_2_14,0.9577606320381165
FRAG_NEG_trNEGATIVE65942_8_14,0.06343049556016922
FRAG_NEG_trNEGATIVE30703_54_14,0.43966245651245117
FRAG_NEG_trNEGATIVE35346_2_14,0.1542852818965912
FRAG_NEG_trNEGATIVE74362_42_14,0.475834459066391
FRAG_NEG_trNEGATIVE45049_23_14,0.9806990623474121
FRAG_NEG_trNEGATIVE55118_28_14,0.0020842966623604298
FRAG_NEG_trNEGATIVE56201_24_14,0.7143307328224182
FRAG_NEG_trNEGATIVE84942_10_14,0.2950175404548645
FRAG_NEG_trNEGATIVE50740_39_14,0.7892362475395203
FRAG_NEG_trNEGATIVE28350_48_14,0.0051743751391768456
FRAG_NEG_trNEGATIVE74918_31_14,0.09612128883600235
FRAG_NEG_trNEGATIVE61181_9_14,0.3291541337966919
FRAG_NEG_trNEGATIVE41475_75_14,0.009942297823727131
FRAG_NEG_trNEGATIVE57412_4_14,0.013223610818386078
FRAG_NEG_trNEGATIVE68895_21_14,0.06962995231151581
FRAG_NEG_trNEGATIVE45983_25_14,0.2972409129142761
FRAG_NEG_trNEGATIVE66632_71_14,0.7874855995178223
FRAG_NEG_trNEGATIVE40567_59_14,0.6883618235588074
FRAG_NEG_trNEGATIVE91227_29_14,0.9350525140762329
FRAG_NEG_trNEGATIVE59479_34_14,0.27647456526756287
FRAG_NEG_trNEGATIVE78280_4_14,0.682122528553009
FRAG_NEG_trNEGATIVE61755_64_14,0.021538522094488144
FRAG_NEG_trNEGATIVE36370_8_14,0.2646092176437378
FRAG_NEG_trNEGATIVE90639_20_14,0.29820531606674194
FRAG_NEG_trNEGATIVE46203_13_14,0.01637311838567257
FRAG_NEG_trNEGATIVE44734_58_14,0.09454621374607086
FRAG_NEG_trNEGATIVE88112_54_14,0.17622148990631104
FRAG_NEG_trNEGATIVE57399_3_14,0.5062723159790039
FRAG_NEG_trNEGATIVE64234_19_14,0.00022349596838466823
FRAG_NEG_trNEGATIVE71491_46_14,0.35254907608032227
FRAG_NEG_trNEGATIVE57900_29_14,0.022547835484147072
FRAG_NEG_trNEGATIVE69390_48_14,0.20493240654468536
FRAG_NEG_trNEGATIVE89334_38_14,0.4726533889770508
FRAG_NEG_trNEGATIVE43347_9_14,0.9433971643447876
FRAG_NEG_trNEGATIVE66730_44_14,0.00028767139883711934
FRAG_NEG_trNEGATIVE52118_5_14,0.44083839654922485
FRAG_NEG_trNEGATIVE84715_31_14,0.34880393743515015
FRAG_NEG_trNEGATIVE95312_14_14,0.5413375496864319
FRAG_NEG_trNEGATIVE39947_37_14,0.019903289154171944
FRAG_NEG_trNEGATIVE60231_16_14,0.004947350360453129
FRAG_NEG_trNEGATIVE58984_14_14,0.018391462042927742
FRAG_NEG_trNEGATIVE87090_32_14,0.8454456329345703
FRAG_NEG_trNEGATIVE46248_6_14,0.02233494445681572
FRAG_NEG_trNEGATIVE56929_43_14,0.23652997612953186
FRAG_NEG_trNEGATIVE66120_43_14,0.5187840461730957
FRAG_NEG_trNEGATIVE48124_85_14,0.27578192949295044
FRAG_NEG_trNEGATIVE56576_33_14,0.8128386735916138
FRAG_NEG_trNEGATIVE75339_10_14,0.0380026176571846
FRAG_NEG_trNEGATIVE88310_36_14,0.0008380581857636571
FRAG_NEG_trNEGATIVE75792_34_14,0.0013809539377689362
FRAG_NEG_trNEGATIVE67063_53_14,0.2844265103340149
FRAG_NEG_trNEGATIVE48545_20_14,0.028196388855576515
FRAG_NEG_trNEGATIVE60264_3_14,0.1791258007287979
FRAG_NEG_trNEGATIVE37632_45_14,0.8507760167121887
FRAG_NEG_trNEGATIVE46297_24_14,0.05829815939068794
FRAG_NEG_trNEGATIVE81119_16_14,0.0001942852104548365
FRAG_NEG_trNEGATIVE48904_82_14,0.11098261922597885
FRAG_NEG_trNEGATIVE67478_3_14,0.003870716318488121
FRAG_NEG_trNEGATIVE96717_16_14,0.13396938145160675
FRAG_NEG_trNEGATIVE32775_16_14,0.6961422562599182
FRAG_NEG_trNEGATIVE67613_23_14,0.49867695569992065
FRAG_NEG_trNEGATIVE43153_19_14,0.011684020049870014
FRAG_NEG_trNEGATIVE79113_65_14,0.07615581899881363
FRAG_NEG_trNEGATIVE67550_7_14,0.08836284279823303
FRAG_NEG_trNEGATIVE41179_43_14,0.7275856137275696
FRAG_NEG_trNEGATIVE46541_55_14,0.06414467841386795
FRAG_NEG_trNEGATIVE41975_15_14,0.0003213654854334891
FRAG_NEG_trNEGATIVE93526_11_14,0.8113691210746765
FRAG_NEG_trNEGATIVE82174_14_14,0.001256909454241395
FRAG_NEG_trNEGATIVE71545_6_14,0.4116346836090088
FRAG_NEG_trNEGATIVE68080_5_14,0.018360193818807602
FRAG_NEG_trNEGATIVE84468_20_14,0.008962681517004967
FRAG_NEG_trNEGATIVE73549_3_14,0.10211323201656342
FRAG_NEG_trNEGATIVE85227_31_14,0.26943767070770264
FRAG_NEG_trNEGATIVE51173_41_14,0.17283748090267181
FRAG_NEG_trNEGATIVE53121_20_14,0.0002605868794489652
FRAG_NEG_trNEGATIVE59000_38_14,0.05628172308206558
FRAG_NEG_trNEGATIVE70420_14_14,0.1895912140607834
FRAG_NEG_trNEGATIVE45410_5_14,0.4784124791622162
FRAG_NEG_trNEGATIVE72127_37_14,0.06527359038591385
FRAG_NEG_trNEGATIVE81950_40_14,0.06872634589672089
FRAG_NEG_trNEGATIVE74123_7_14,0.0002132997615262866
FRAG_NEG_trNEGATIVE74813_1_14,0.16201145946979523
FRAG_NEG_trNEGATIVE95270_22_14,0.28782349824905396
FRAG_NEG_trNEGATIVE65267_3_14,0.036498039960861206
FRAG_NEG_trNEGATIVE90528_48_14,0.9953552484512329
FRAG_NEG_trNEGATIVE67258_18_14,0.7761682271957397
FRAG_NEG_trNEGATIVE97554_2_14,0.022541949525475502
FRAG_NEG_trNEGATIVE84600_15_14,0.00031587699777446687
FRAG_NEG_trNEGATIVE32308_4_14,0.031327199190855026
FRAG_NEG_trNEGATIVE43753_49_14,0.9400192499160767
FRAG_NEG_trNEGATIVE38121_25_14,0.08762861043214798
FRAG_NEG_trNEGATIVE89035_31_14,0.8260661363601685
FRAG_NEG_trNEGATIVE87228_16_14,0.4173491895198822
FRAG_NEG_trNEGATIVE42861_57_14,0.0005778950289823115
FRAG_NEG_trNEGATIVE87419_24_14,0.7182156443595886
FRAG_NEG_trNEGATIVE57146_62_14,0.00019950326532125473
FRAG_NEG_trNEGATIVE50386_38_14,0.09384311735630035
FRAG_NEG_trNEGATIVE76374_19_14,0.017870794981718063
FRAG_NEG_trNEGATIVE28784_31_14,2.59428343269974e-05
FRAG_NEG_trNEGATIVE27683_60_14,0.04867693409323692
FRAG_NEG_trNEGATIVE49686_37_14,0.08074833452701569
FRAG_NEG_trNEGATIVE34962_57_14,0.542765200138092
FRAG_NEG_trNEGATIVE57041_18_14,0.34247273206710815
FRAG_NEG_trNEGATIVE60173_25_14,0.00010440669575473294
FRAG_NEG_trNEGATIVE47104_32_14,0.02126886136829853
FRAG_NEG_trNEGATIVE62722_7_14,0.027760619297623634
FRAG_NEG_trNEGATIVE70166_42_14,0.6913571357727051
FRAG_NEG_trNEGATIVE93923_7_14,0.011961969546973705
FRAG_NEG_trNEGATIVE89605_63_14,0.05297882482409477
FRAG_NEG_trNEGATIVE39052_32_14,0.6226697564125061
FRAG_NEG_trNEGATIVE81668_79_14,0.004377554636448622
FRAG_NEG_trNEGATIVE41666_17_14,0.020458543673157692
FRAG_NEG_trNEGATIVE80219_27_14,0.08212997019290924
FRAG_NEG_trNEGATIVE77203_44_14,0.026574265211820602
FRAG_NEG_trNEGATIVE43562_66_14,0.15448708832263947
FRAG_NEG_trNEGATIVE48190_34_14,0.6504741311073303
FRAG_NEG_trNEGATIVE49461_4_14,0.6075618863105774
FRAG_NEG_trNEGATIVE36332_52_14,0.0017466755816712976
FRAG_NEG_trNEGATIVE64185_6_14,0.6861075162887573
FRAG_NEG_trNEGATIVE87097_1_14,0.0010628685122355819
FRAG_NEG_trNEGATIVE78381_15_14,0.22103600203990936
FRAG_NEG_trNEGATIVE89035_36_14,0.8327347040176392
FRAG_NEG_trNEGATIVE33867_11_14,0.8928402066230774
FRAG_NEG_trNEGATIVE89651_12_14,0.015832701697945595
FRAG_NEG_trNEGATIVE60068_31_14,0.0034250523895025253
FRAG_NEG_trNEGATIVE31409_56_14,0.030350327491760254
FRAG_NEG_trNEGATIVE59177_46_14,0.1247597485780716
FRAG_NEG_trNEGATIVE67582_47_14,0.008098450489342213
FRAG_NEG_trNEGATIVE92309_63_14,0.052200548350811005
FRAG_NEG_trNEGATIVE43350_26_14,0.012051021680235863
FRAG_NEG_trNEGATIVE33853_14_14,0.3828943371772766
FRAG_NEG_trNEGATIVE57664_69_14,0.017146669328212738
FRAG_NEG_trNEGATIVE67531_28_14,0.11489896476268768
FRAG_NEG_trNEGATIVE46582_25_14,0.021014835685491562
FRAG_NEG_trNEGATIVE90109_41_14,0.6954401135444641
FRAG_NEG_trNEGATIVE66240_2_14,0.525748610496521
FRAG_NEG_trNEGATIVE33087_41_14,0.44724583625793457
FRAG_NEG_trNEGATIVE63422_24_14,3.9258229662664235e-05
FRAG_NEG_trNEGATIVE71369_9_14,0.002764675300568342
FRAG_NEG_trNEGATIVE27564_58_14,0.027734313160181046
FRAG_NEG_trNEGATIVE41041_22_14,0.09365434944629669
FRAG_NEG_trNEGATIVE57313_18_14,0.0011878289515152574
FRAG_NEG_trNEGATIVE60312_68_14,0.3642328381538391
FRAG_NEG_trNEGATIVE94208_14_14,0.5606075525283813
FRAG_NEG_trNEGATIVE38548_19_14,0.996655285358429
FRAG_NEG_trNEGATIVE73049_50_14,0.11094295978546143
FRAG_NEG_trNEGATIVE38243_39_14,0.0036813330370932817
FRAG_NEG_trNEGATIVE82223_1_14,0.0054984791204333305
FRAG_NEG_trNEGATIVE52108_27_14,0.007143856026232243
FRAG_NEG_trNEGATIVE54736_8_14,0.48643389344215393
FRAG_NEG_trNEGATIVE83963_45_14,0.000975145201664418
FRAG_NEG_trNEGATIVE67856_20_14,0.5272153615951538
FRAG_NEG_trNEGATIVE63390_52_14,0.2294129878282547
FRAG_NEG_trNEGATIVE68331_14_14,0.39924389123916626
FRAG_NEG_trNEGATIVE97116_45_14,0.0004491466679610312
FRAG_NEG_trNEGATIVE51121_51_14,0.19177666306495667
FRAG_NEG_trNEGATIVE69963_74_14,7.712512888247147e-05
FRAG_NEG_trNEGATIVE67653_4_14,0.07641637325286865
FRAG_NEG_trNEGATIVE70173_41_14,0.00041576879448257387
FRAG_NEG_trNEGATIVE86670_9_14,0.5515846014022827
FRAG_NEG_trNEGATIVE75499_78_14,0.0005212447722442448
FRAG_NEG_trNEGATIVE31172_30_14,0.01583411730825901
FRAG_NEG_trNEGATIVE57492_28_14,0.0032888378482311964
FRAG_NEG_trNEGATIVE67073_50_14,0.005484904628247023
FRAG_NEG_trNEGATIVE82564_31_14,0.4652591347694397
FRAG_NEG_trNEGATIVE89847_19_14,0.010219775140285492
FRAG_NEG_trNEGATIVE48139_6_14,0.008620785549283028
FRAG_NEG_trNEGATIVE37858_11_14,0.13525691628456116
FRAG_NEG_trNEGATIVE73562_18_14,0.40838146209716797
FRAG_NEG_trNEGATIVE69162_0_14,0.00018546868523117155
FRAG_NEG_trNEGATIVE70436_13_14,0.013994025997817516
FRAG_NEG_trNEGATIVE88134_45_14,0.0010037391912192106
FRAG_NEG_trNEGATIVE54440_26_14,0.04299109801650047
FRAG_NEG_trNEGATIVE67664_22_14,0.499347448348999
FRAG_NEG_trNEGATIVE69193_22_14,0.16410145163536072
FRAG_NEG_trNEGATIVE61619_2_14,0.11021444946527481
FRAG_NEG_trNEGATIVE82411_28_14,0.4680038094520569
FRAG_NEG_trNEGATIVE56869_24_14,0.37715786695480347
FRAG_NEG_trNEGATIVE42999_43_14,0.060543108731508255
FRAG_NEG_trNEGATIVE48267_47_14,0.03935081884264946
FRAG_NEG_trNEGATIVE29454_29_14,0.0008127980981953442
FRAG_NEG_trNEGATIVE71049_5_14,0.2277604043483734
FRAG_NEG_trNEGATIVE90331_49_14,0.02765468880534172
FRAG_NEG_trNEGATIVE54980_29_14,0.000969386484939605
FRAG_NEG_trNEGATIVE89032_70_14,0.00026090690516866744
FRAG_NEG_trNEGATIVE86806_23_14,0.4443020820617676
FRAG_NEG_trNEGATIVE90383_15_14,0.00676222238689661
FRAG_NEG_trNEGATIVE71696_22_14,0.11050943285226822
FRAG_NEG_trNEGATIVE80110_37_14,0.19838747382164001
FRAG_NEG_trNEGATIVE62597_15_14,0.4519067704677582
FRAG_NEG_trNEGATIVE33325_19_14,0.03466462343931198
FRAG_NEG_trNEGATIVE50424_20_14,0.09568391740322113
FRAG_NEG_trNEGATIVE97048_16_14,0.04703133553266525
FRAG_NEG_trNEGATIVE59029_9_14,0.18144658207893372
FRAG_NEG_trNEGATIVE73274_66_14,0.07906871289014816
FRAG_NEG_trNEGATIVE36533_18_14,0.23909008502960205
FRAG_NEG_trNEGATIVE43835_38_14,0.012274766340851784
FRAG_NEG_trNEGATIVE82321_68_14,0.001760405721142888
FRAG_NEG_trNEGATIVE44358_47_14,0.521723747253418
FRAG_NEG_trNEGATIVE46694_3_14,0.0956147089600563
FRAG_NEG_trNEGATIVE80623_2_14,3.782389831030741e-05
FRAG_NEG_trNEGATIVE67438_53_14,0.5980847477912903
FRAG_NEG_trNEGATIVE79373_19_14,0.000645706313662231
FRAG_NEG_trNEGATIVE44086_0_14,0.0011395070469006896
FRAG_NEG_trNEGATIVE62117_47_14,0.7285841107368469
FRAG_NEG_trNEGATIVE41912_21_14,0.1343887746334076
FRAG_NEG_trNEGATIVE67337_3_14,0.8435779809951782
FRAG_NEG_trNEGATIVE72940_15_14,0.06574355065822601
FRAG_NEG_trNEGATIVE79402_34_14,0.5666247010231018
FRAG_NEG_trNEGATIVE57313_49_14,0.6271241903305054
FRAG_NEG_trNEGATIVE96358_48_14,0.0028277835808694363
FRAG_NEG_trNEGATIVE39612_29_14,0.20966143906116486
FRAG_NEG_trNEGATIVE53667_69_14,0.09186731278896332
FRAG_NEG_trNEGATIVE82214_55_14,0.05557287856936455
FRAG_NEG_trNEGATIVE46990_24_14,0.10610979795455933
FRAG_NEG_trNEGATIVE61813_30_14,0.11240649223327637
FRAG_NEG_trNEGATIVE84830_22_14,0.8180738687515259
FRAG_NEG_trNEGATIVE90237_34_14,0.09681729227304459
FRAG_NEG_trNEGATIVE53580_44_14,0.05695644021034241
FRAG_NEG_trNEGATIVE62042_55_14,0.02205578237771988
FRAG_NEG_trNEGATIVE70429_63_14,0.0007885796949267387
FRAG_NEG_trNEGATIVE88055_31_14,0.08519791066646576
FRAG_NEG_trNEGATIVE77208_19_14,0.08369038999080658
FRAG_NEG_trNEGATIVE64314_65_14,0.01956614851951599
FRAG_NEG_trNEGATIVE93293_13_14,0.003815743373706937
FRAG_NEG_trNEGATIVE69184_12_14,0.12590031325817108
FRAG_NEG_trNEGATIVE49141_21_14,0.0012442268198356032
FRAG_NEG_trNEGATIVE62082_61_14,0.026962507516145706
FRAG_NEG_trNEGATIVE49248_27_14,0.7304585576057434
FRAG_NEG_trNEGATIVE41384_6_14,0.00041630808846093714
FRAG_NEG_trNEGATIVE76813_15_14,0.2742939293384552
FRAG_NEG_trNEGATIVE40162_11_14,0.0004797267320100218
FRAG_NEG_trNEGATIVE76036_20_14,0.013554531149566174
FRAG_NEG_trNEGATIVE47531_57_14,0.44387587904930115
FRAG_NEG_trNEGATIVE45177_47_14,0.20342496037483215
FRAG_NEG_trNEGATIVE77648_36_14,0.0038214244414120913
FRAG_NEG_trNEGATIVE45635_40_14,0.5446357131004333
FRAG_NEG_trNEGATIVE43562_0_14,0.0001178431703010574
FRAG_NEG_trNEGATIVE54558_8_14,0.00014782656216993928
FRAG_NEG_trNEGATIVE80421_40_14,0.42674940824508667
FRAG_NEG_trNEGATIVE90579_64_14,0.1091400757431984
FRAG_NEG_trNEGATIVE53064_39_14,0.7881357669830322
FRAG_NEG_trNEGATIVE54945_45_14,0.17518533766269684
FRAG_NEG_trNEGATIVE53238_11_14,0.7512900233268738
FRAG_NEG_trNEGATIVE43439_28_14,0.0017498467350378633
FRAG_NEG_trNEGATIVE86731_54_14,0.0037419931031763554
FRAG_NEG_trNEGATIVE89141_59_14,0.06061841920018196
FRAG_NEG_trNEGATIVE93804_7_14,0.5183175206184387
FRAG_NEG_trNEGATIVE48694_73_14,0.002678671618923545
FRAG_NEG_trNEGATIVE34429_12_14,0.017572155222296715
FRAG_NEG_trNEGATIVE50308_38_14,0.3581041693687439
FRAG_NEG_trNEGATIVE97456_6_14,0.3994160294532776
FRAG_NEG_trNEGATIVE43562_27_14,0.2345355749130249
FRAG_NEG_trNEGATIVE80759_16_14,0.7263942956924438
FRAG_NEG_trNEGATIVE29363_14_14,0.007668028585612774
FRAG_NEG_trNEGATIVE85498_27_14,5.4832333262311295e-05
FRAG_NEG_trNEGATIVE65938_53_14,0.12055408954620361
FRAG_NEG_trNEGATIVE60316_12_14,0.0030230453703552485
FRAG_NEG_trNEGATIVE55617_23_14,0.6535239219665527
FRAG_NEG_trNEGATIVE63626_14_14,0.42639416456222534
FRAG_NEG_trNEGATIVE95524_35_14,0.561030924320221
FRAG_NEG_trNEGATIVE86452_51_14,0.13340672850608826
FRAG_NEG_trNEGATIVE63359_46_14,0.10685309022665024
FRAG_NEG_trNEGATIVE95342_49_14,1.1748189535865095e-05
FRAG_NEG_trNEGATIVE57649_24_14,0.0008909439784474671
FRAG_NEG_trNEGATIVE52524_56_14,0.0005081732524558902
FRAG_NEG_trNEGATIVE74573_15_14,0.00040478160372003913
FRAG_NEG_trNEGATIVE70382_76_14,0.02508881688117981
FRAG_NEG_trNEGATIVE36394_19_14,0.5254148244857788
FRAG_NEG_trNEGATIVE53486_39_14,0.01788056269288063
FRAG_NEG_trNEGATIVE28057_40_14,0.02488432452082634
FRAG_NEG_trNEGATIVE59922_35_14,3.992021083831787e-05
FRAG_NEG_trNEGATIVE39801_12_14,0.11997342109680176
FRAG_NEG_trNEGATIVE32522_40_14,0.1328200101852417
FRAG_NEG_trNEGATIVE80087_59_14,0.8253612518310547
FRAG_NEG_trNEGATIVE74862_50_14,0.0001390724937664345
FRAG_NEG_trNEGATIVE54373_31_14,0.10300485789775848
FRAG_NEG_trNEGATIVE78051_25_14,0.008271204307675362
FRAG_NEG_trNEGATIVE77342_39_14,0.01568002440035343
FRAG_NEG_trNEGATIVE41837_26_14,0.023334229364991188
FRAG_NEG_trNEGATIVE34625_41_14,0.9297086596488953
FRAG_NEG_trNEGATIVE81496_42_14,0.004686505068093538
FRAG_NEG_trNEGATIVE37614_50_14,0.5863834619522095
FRAG_NEG_trNEGATIVE47298_61_14,0.1804056167602539
FRAG_NEG_trNEGATIVE32744_9_14,0.13787256181240082
FRAG_NEG_trNEGATIVE62037_43_14,0.003251361194998026
FRAG_NEG_trNEGATIVE59017_83_14,0.23130209743976593
FRAG_NEG_trNEGATIVE54521_41_14,0.26486149430274963
FRAG_NEG_trNEGATIVE36783_14_14,0.000405346043407917
FRAG_NEG_trNEGATIVE52934_57_14,0.012921378016471863
FRAG_NEG_trNEGATIVE68769_52_14,0.007340734358876944
FRAG_NEG_trNEGATIVE54781_31_14,0.008218644186854362
FRAG_NEG_trNEGATIVE82900_13_14,0.5525997877120972
FRAG_NEG_trNEGATIVE35180_51_14,0.04343778267502785
FRAG_NEG_trNEGATIVE34592_13_14,0.44718092679977417
FRAG_NEG_trNEGATIVE96654_24_14,0.009598972275853157
FRAG_NEG_trNEGATIVE57964_42_14,0.8030229806900024
FRAG_NEG_trNEGATIVE87776_27_14,0.29712793231010437
FRAG_NEG_trNEGATIVE81685_15_14,0.009323720820248127
FRAG_NEG_trNEGATIVE94727_47_14,0.0989464819431305
FRAG_NEG_trNEGATIVE88995_44_14,0.005996862426400185
FRAG_NEG_trNEGATIVE81604_49_14,0.14240600168704987
FRAG_NEG_trNEGATIVE55026_75_14,0.0003074101987294853
FRAG_NEG_trNEGATIVE39874_12_14,0.8525639772415161
FRAG_NEG_trNEGATIVE42620_65_14,0.023353053256869316
FRAG_NEG_trNEGATIVE96080_36_14,0.3523304760456085
FRAG_NEG_trNEGATIVE30440_15_14,0.1511293351650238
FRAG_NEG_trNEGATIVE43838_18_14,0.002705239923670888
FRAG_NEG_trNEGATIVE53270_21_14,0.18803301453590393
FRAG_NEG_trNEGATIVE70042_18_14,0.0012740830425173044
FRAG_NEG_trNEGATIVE60182_37_14,0.18725132942199707
FRAG_NEG_trNEGATIVE60969_11_14,0.004227724391967058
FRAG_NEG_trNEGATIVE59291_71_14,0.2751980423927307
FRAG_NEG_trNEGATIVE67437_44_14,0.007096017245203257
FRAG_NEG_trNEGATIVE32778_10_14,0.26514190435409546
FRAG_NEG_trNEGATIVE31811_42_14,0.13367284834384918
FRAG_NEG_trNEGATIVE70996_42_14,0.11138381063938141
FRAG_NEG_trNEGATIVE88698_4_14,0.5835884213447571
FRAG_NEG_trNEGATIVE55106_65_14,0.09920885413885117
FRAG_NEG_trNEGATIVE60145_17_14,0.03776323050260544
FRAG_NEG_trNEGATIVE86228_39_14,0.07358221709728241
FRAG_NEG_trNEGATIVE72353_38_14,0.3301719129085541
FRAG_NEG_trNEGATIVE40545_8_14,0.03467525169253349
FRAG_NEG_trNEGATIVE80519_6_14,0.4775919020175934
FRAG_NEG_trNEGATIVE74849_26_14,0.053019654005765915
FRAG_NEG_trNEGATIVE38842_16_14,0.005774413235485554
FRAG_NEG_trNEGATIVE50082_14_14,0.01812572404742241
FRAG_NEG_trNEGATIVE81858_24_14,0.6120268702507019
FRAG_NEG_trNEGATIVE86735_41_14,0.11308129131793976
FRAG_NEG_trNEGATIVE43129_4_14,0.004225462209433317
FRAG_NEG_trNEGATIVE78433_73_14,0.0011765656527131796
FRAG_NEG_trNEGATIVE61773_46_14,0.021562974900007248
FRAG_NEG_trNEGATIVE59922_15_14,0.7418431043624878
FRAG_NEG_trNEGATIVE77081_53_14,0.042616624385118484
FRAG_NEG_trNEGATIVE83216_38_14,0.009916534647345543
FRAG_NEG_trNEGATIVE54977_6_14,0.001381398062221706
FRAG_NEG_trNEGATIVE71388_24_14,0.14527253806591034
FRAG_NEG_trNEGATIVE27596_24_14,2.232317092420999e-05
FRAG_NEG_trNEGATIVE44461_30_14,0.061273686587810516
FRAG_NEG_trNEGATIVE53976_30_14,0.20061008632183075
FRAG_NEG_trNEGATIVE70403_20_14,0.13823534548282623
FRAG_NEG_trNEGATIVE35915_40_14,0.42509642243385315
FRAG_NEG_trNEGATIVE89141_11_14,0.02764355018734932
FRAG_NEG_trNEGATIVE88499_57_14,0.1786516308784485
FRAG_NEG_trNEGATIVE93589_21_14,0.057543300092220306
FRAG_NEG_trNEGATIVE79069_25_14,0.27195388078689575
FRAG_NEG_trNEGATIVE60123_54_14,1.1875356904056389e-05
FRAG_NEG_trNEGATIVE94760_40_14,0.0014268484665080905
FRAG_NEG_trNEGATIVE70990_25_14,0.009946038946509361
FRAG_NEG_trNEGATIVE60084_32_14,3.057145704588038e-06
FRAG_NEG_trNEGATIVE42081_3_14,0.9650281667709351
FRAG_NEG_trNEGATIVE36290_63_14,0.09233777225017548
FRAG_NEG_trNEGATIVE96532_38_14,0.3628282845020294
FRAG_NEG_trNEGATIVE51155_66_14,0.008107286877930164
FRAG_NEG_trNEGATIVE33313_6_14,6.587684765690938e-06
FRAG_NEG_trNEGATIVE94910_46_14,0.22163692116737366
FRAG_NEG_trNEGATIVE32993_14_14,0.0006303339614532888
FRAG_NEG_trNEGATIVE46198_7_14,0.8318106532096863
FRAG_NEG_trNEGATIVE82858_20_14,0.04529539495706558
FRAG_NEG_trNEGATIVE38480_4_14,1.439949983250699e-06
FRAG_NEG_trNEGATIVE39256_15_14,0.03431966155767441
FRAG_NEG_trNEGATIVE42436_60_14,0.00021949363872408867
FRAG_NEG_trNEGATIVE70307_5_14,0.2687891721725464
FRAG_NEG_trNEGATIVE84051_53_14,0.6859915852546692
FRAG_NEG_trNEGATIVE87318_16_14,0.31539058685302734
FRAG_NEG_trNEGATIVE42861_35_14,0.16936755180358887
FRAG_NEG_trNEGATIVE29314_23_14,0.4428938925266266
FRAG_NEG_trNEGATIVE74632_82_14,0.9604772329330444
FRAG_NEG_trNEGATIVE73158_18_14,0.027096185833215714
FRAG_NEG_trNEGATIVE90902_35_14,0.9942556619644165
FRAG_NEG_trNEGATIVE93264_12_14,0.03383203595876694
FRAG_NEG_trNEGATIVE83217_56_14,0.005942155607044697
FRAG_NEG_trNEGATIVE63614_51_14,0.004824924282729626
FRAG_NEG_trNEGATIVE91583_65_14,6.528566154884174e-05
FRAG_NEG_trNEGATIVE67122_64_14,0.000665652216412127
FRAG_NEG_trNEGATIVE69773_40_14,0.9458634257316589
FRAG_NEG_trNEGATIVE88773_64_14,0.4205855429172516
FRAG_NEG_trNEGATIVE93598_27_14,0.3707466125488281
FRAG_NEG_trNEGATIVE81670_8_14,0.051387738436460495
FRAG_NEG_trNEGATIVE85676_66_14,0.03435404971241951
FRAG_NEG_trNEGATIVE37824_56_14,0.01165702473372221
FRAG_NEG_trNEGATIVE64723_21_14,9.118650632444769e-05
FRAG_NEG_trNEGATIVE55790_48_14,0.0001269432541448623
FRAG_NEG_trNEGATIVE67554_34_14,7.162873771449085e-06
FRAG_NEG_trNEGATIVE74526_17_14,0.025426169857382774
FRAG_NEG_trNEGATIVE94813_17_14,0.9705952405929565
FRAG_NEG_trNEGATIVE49200_61_14,0.3080599904060364
FRAG_NEG_trNEGATIVE71200_10_14,0.5633351802825928
FRAG_NEG_trNEGATIVE63531_32_14,0.6678426265716553
FRAG_NEG_trNEGATIVE42257_1_14,0.0005849956069141626
FRAG_NEG_trNEGATIVE58051_65_14,0.11918048560619354
FRAG_NEG_trNEGATIVE33924_8_14,0.3342874050140381
FRAG_NEG_trNEGATIVE51730_39_14,4.899130362900905e-05
FRAG_NEG_trNEGATIVE77057_23_14,0.11693290621042252
FRAG_NEG_trNEGATIVE47349_40_14,0.28683900833129883
FRAG_NEG_trNEGATIVE74800_2_14,0.20779240131378174
FRAG_NEG_trNEGATIVE72588_16_14,0.00015311827883124352
FRAG_NEG_trNEGATIVE60231_33_14,0.9697479009628296
FRAG_NEG_trNEGATIVE89605_79_14,0.0010315822437405586
FRAG_NEG_trNEGATIVE69793_25_14,0.5260735750198364
FRAG_NEG_trNEGATIVE94663_33_14,0.3095397353172302
FRAG_NEG_trNEGATIVE83538_59_14,0.0009175940649583936
FRAG_NEG_trNEGATIVE55569_10_14,0.06675601750612259
FRAG_NEG_trNEGATIVE29717_22_14,0.12185820192098618
FRAG_NEG_trNEGATIVE45456_42_14,0.21014387905597687
FRAG_NEG_trNEGATIVE62725_21_14,0.5737498998641968
FRAG_NEG_trNEGATIVE78869_52_14,0.16378864645957947
FRAG_NEG_trNEGATIVE69451_2_14,0.1515759378671646
FRAG_NEG_trNEGATIVE46113_2_14,0.1570175141096115
FRAG_NEG_trNEGATIVE54305_23_14,0.667446494102478
FRAG_NEG_trNEGATIVE63103_23_14,7.246305904118344e-05
FRAG_NEG_trNEGATIVE39466_63_14,0.20397408306598663
FRAG_NEG_trNEGATIVE83834_17_14,0.2878182530403137
FRAG_NEG_trNEGATIVE55322_57_14,0.49800005555152893
FRAG_NEG_trNEGATIVE77009_49_14,0.006337418220937252
FRAG_NEG_trNEGATIVE50432_28_14,0.4684019088745117
FRAG_NEG_trNEGATIVE50802_3_14,0.0007799005834385753
FRAG_NEG_trNEGATIVE60471_47_14,0.7185773849487305
FRAG_NEG_trNEGATIVE29659_55_14,0.02492295205593109
FRAG_NEG_trNEGATIVE85227_20_14,8.273067214759067e-05
FRAG_NEG_trNEGATIVE33057_51_14,0.0034173273015767336
FRAG_NEG_trNEGATIVE92336_29_14,0.1364385485649109
FRAG_NEG_trNEGATIVE52307_4_14,0.0027233692817389965
FRAG_NEG_trNEGATIVE96265_30_14,0.12489469349384308
FRAG_NEG_trNEGATIVE83584_10_14,0.048138223588466644
FRAG_NEG_trNEGATIVE84891_5_14,0.33981823921203613
FRAG_NEG_trNEGATIVE67361_28_14,0.748229444026947
FRAG_NEG_trNEGATIVE77612_32_14,0.7870698571205139
FRAG_NEG_trNEGATIVE86735_36_14,0.17767076194286346
FRAG_NEG_trNEGATIVE44725_68_14,0.5427953600883484
FRAG_NEG_trNEGATIVE54015_5_14,0.000351196329575032
FRAG_NEG_trNEGATIVE49112_25_14,0.2254549264907837
FRAG_NEG_trNEGATIVE49112_30_14,0.1285921186208725
FRAG_NEG_trNEGATIVE38389_19_14,0.3677771985530853
FRAG_NEG_trNEGATIVE39276_20_14,0.002605471294373274
FRAG_NEG_trNEGATIVE89874_52_14,0.9703900218009949
FRAG_NEG_trNEGATIVE68229_12_14,0.0013370204251259565
FRAG_NEG_trNEGATIVE42658_10_14,0.7768814563751221
FRAG_NEG_trNEGATIVE37068_69_14,0.01972375437617302
FRAG_NEG_trNEGATIVE68881_19_14,0.24902942776679993
FRAG_NEG_trNEGATIVE27728_3_14,0.5892931222915649
FRAG_NEG_trNEGATIVE76248_49_14,0.24629393219947815
FRAG_NEG_trNEGATIVE31586_4_14,0.32603830099105835
FRAG_NEG_trNEGATIVE44652_1_14,0.9719235301017761
FRAG_NEG_trNEGATIVE60950_1_14,0.24130499362945557
FRAG_NEG_trNEGATIVE56579_61_14,0.33759358525276184
FRAG_NEG_trNEGATIVE54445_15_14,0.8052479028701782
FRAG_NEG_trNEGATIVE45657_0_14,7.701065624132752e-05
FRAG_NEG_trNEGATIVE71305_57_14,0.12508448958396912
FRAG_NEG_trNEGATIVE70089_12_14,0.5518049001693726
FRAG_NEG_trNEGATIVE55240_63_14,0.9981171488761902
FRAG_NEG_trNEGATIVE37733_48_14,0.5868183970451355
FRAG_NEG_trNEGATIVE80900_37_14,0.08229852467775345
FRAG_NEG_trNEGATIVE73717_44_14,0.00012869869533460587
FRAG_NEG_trNEGATIVE67429_20_14,0.06310120970010757
FRAG_NEG_trNEGATIVE64633_47_14,0.00874838512390852
FRAG_NEG_trNEGATIVE73407_5_14,0.9771091341972351
FRAG_NEG_trNEGATIVE78452_4_14,0.36481648683547974
FRAG_NEG_trNEGATIVE83834_3_14,0.1228567361831665
FRAG_NEG_trNEGATIVE73274_47_14,0.007884620688855648
FRAG_NEG_trNEGATIVE33532_39_14,0.0025671632029116154
FRAG_NEG_trNEGATIVE69793_18_14,0.41301411390304565
FRAG_NEG_trNEGATIVE37632_66_14,0.6399914026260376
FRAG_NEG_trNEGATIVE85227_3_14,0.08907070010900497
FRAG_NEG_trNEGATIVE88544_23_14,0.15967532992362976
FRAG_NEG_trNEGATIVE35400_38_14,0.005053664557635784
FRAG_NEG_trNEGATIVE39691_12_14,0.0001094000181183219
FRAG_NEG_trNEGATIVE92077_37_14,0.0243412833660841
FRAG_NEG_trNEGATIVE79002_33_14,0.5680408477783203
FRAG_NEG_trNEGATIVE85542_26_14,0.20693130791187286
FRAG_NEG_trNEGATIVE40981_58_14,0.028008708730340004
FRAG_NEG_trNEGATIVE45643_2_14,0.04044321924448013
FRAG_NEG_trNEGATIVE52537_25_14,0.356205016374588
FRAG_NEG_trNEGATIVE71828_31_14,0.08435194194316864
FRAG_NEG_trNEGATIVE89161_30_14,0.8793259859085083
FRAG_NEG_trNEGATIVE44278_19_14,0.31474316120147705
FRAG_NEG_trNEGATIVE93420_75_14,0.012115332297980785
FRAG_NEG_trNEGATIVE41228_37_14,0.2085597962141037
FRAG_NEG_trNEGATIVE35994_6_14,0.36419475078582764
FRAG_NEG_trNEGATIVE49489_46_14,0.01443118043243885
FRAG_NEG_trNEGATIVE37274_44_14,0.0007126579293981194
FRAG_NEG_trNEGATIVE85055_57_14,0.2981354892253876
FRAG_NEG_trNEGATIVE91162_4_14,0.9003971219062805
FRAG_NEG_trNEGATIVE70019_17_14,0.22181293368339539
FRAG_NEG_trNEGATIVE28508_33_14,0.006051096599549055
FRAG_NEG_trNEGATIVE67115_25_14,0.0004145569109823555
FRAG_NEG_trNEGATIVE30870_29_14,0.15587830543518066
FRAG_NEG_trNEGATIVE81605_9_14,0.7033814191818237
FRAG_NEG_trNEGATIVE54604_4_14,0.020042767748236656
FRAG_NEG_trNEGATIVE89126_0_14,3.31544765685976e-06
FRAG_NEG_trNEGATIVE80226_41_14,0.01647331379354
FRAG_NEG_trNEGATIVE28766_69_14,0.004101141355931759
FRAG_NEG_trNEGATIVE53317_37_14,6.698831566609442e-05
FRAG_NEG_trNEGATIVE32040_72_14,6.467638013418764e-05
FRAG_NEG_trNEGATIVE57112_15_14,0.3205982446670532
FRAG_NEG_trNEGATIVE68443_19_14,0.04287213832139969
FRAG_NEG_trNEGATIVE78677_75_14,0.5302892923355103
FRAG_NEG_trNEGATIVE44974_9_14,0.00637212535366416
FRAG_NEG_trNEGATIVE64850_37_14,0.01664085127413273
FRAG_NEG_trNEGATIVE53980_1_14,0.08661157637834549
FRAG_NEG_trNEGATIVE37172_30_14,0.11265654861927032
FRAG_NEG_trNEGATIVE70700_29_14,6.996629963396117e-05
FRAG_NEG_trNEGATIVE95603_73_14,0.852763831615448
FRAG_NEG_trNEGATIVE78344_49_14,0.9018497467041016
FRAG_NEG_trNEGATIVE35777_4_14,0.3962281048297882
FRAG_NEG_trNEGATIVE38806_37_14,0.12619684636592865
FRAG_NEG_trNEGATIVE60384_5_14,0.0034286424051970243
FRAG_NEG_trNEGATIVE95559_72_14,0.002332675736397505
FRAG_NEG_trNEGATIVE47846_28_14,0.1283479630947113
FRAG_NEG_trNEGATIVE79133_19_14,0.8766547441482544
FRAG_NEG_trNEGATIVE62283_9_14,0.09115619212388992
FRAG_NEG_trNEGATIVE35081_50_14,0.008414942771196365
FRAG_NEG_trNEGATIVE48743_26_14,0.6864446997642517
FRAG_NEG_trNEGATIVE63442_21_14,0.22390106320381165
FRAG_NEG_trNEGATIVE36482_64_14,0.082932248711586
FRAG_NEG_trNEGATIVE84633_44_14,0.1798708140850067
FRAG_NEG_trNEGATIVE44126_68_14,0.02699354849755764
FRAG_NEG_trNEGATIVE69422_6_14,0.1086527481675148
FRAG_NEG_trNEGATIVE68670_56_14,0.27716749906539917
FRAG_NEG_trNEGATIVE53461_32_14,0.014605584554374218
FRAG_NEG_trNEGATIVE77307_19_14,0.12110282480716705
FRAG_NEG_trNEGATIVE79387_29_14,0.005025600548833609
FRAG_NEG_trNEGATIVE37218_5_14,0.08835124969482422
FRAG_NEG_trNEGATIVE56708_33_14,0.3468402624130249
FRAG_NEG_trNEGATIVE39543_38_14,0.030241671949625015
FRAG_NEG_trNEGATIVE56297_4_14,0.9591509103775024
FRAG_NEG_trNEGATIVE53242_2_14,0.1081666350364685
FRAG_NEG_trNEGATIVE64403_12_14,0.016912201419472694
FRAG_NEG_trNEGATIVE50656_27_14,0.002668531844392419
FRAG_NEG_trNEGATIVE42246_51_14,0.008485788479447365
FRAG_NEG_trNEGATIVE60410_61_14,0.00019172838074155152
FRAG_NEG_trNEGATIVE60832_44_14,0.004552305676043034
FRAG_NEG_trNEGATIVE97129_17_14,0.0015888817142695189
FRAG_NEG_trNEGATIVE62578_23_14,0.5260213613510132
FRAG_NEG_trNEGATIVE89028_23_14,0.0004942851373925805
FRAG_NEG_trNEGATIVE32688_24_14,0.005446369294077158
FRAG_NEG_trNEGATIVE50749_58_14,0.0035394798032939434
FRAG_NEG_trNEGATIVE69957_48_14,0.9539774656295776
FRAG_NEG_trNEGATIVE96224_34_14,0.00020401398069225252
FRAG_NEG_trNEGATIVE29147_12_14,0.4163391590118408
FRAG_NEG_trNEGATIVE60898_12_14,0.1468898355960846
FRAG_NEG_trNEGATIVE89226_2_14,0.000510437588673085
FRAG_NEG_trNEGATIVE27764_15_14,0.32734382152557373
FRAG_NEG_trNEGATIVE81329_49_14,0.0004497127083595842
FRAG_NEG_trNEGATIVE94421_33_14,0.038526441901922226
FRAG_NEG_trNEGATIVE92408_46_14,9.207453331327997e-06
FRAG_NEG_trNEGATIVE48370_48_14,0.21473455429077148
FRAG_NEG_trNEGATIVE38411_27_14,0.051228590309619904
FRAG_NEG_trNEGATIVE83654_58_14,0.04183552414178848
FRAG_NEG_trNEGATIVE28072_9_14,0.011598053388297558
FRAG_NEG_trNEGATIVE45921_1_14,0.5532606840133667
FRAG_NEG_trNEGATIVE84415_52_14,0.4011150002479553
FRAG_NEG_trNEGATIVE83994_74_14,0.524869441986084
FRAG_NEG_trNEGATIVE92161_25_14,0.41967281699180603
FRAG_NEG_trNEGATIVE30131_43_14,0.4624270498752594
FRAG_NEG_trNEGATIVE28729_24_14,0.6859818696975708
FRAG_NEG_trNEGATIVE84118_6_14,0.0031523057259619236
FRAG_NEG_trNEGATIVE82273_7_14,0.23282010853290558
FRAG_NEG_trNEGATIVE69614_15_14,0.00010075152385979891
FRAG_NEG_trNEGATIVE48791_44_14,0.6108851432800293
FRAG_NEG_trNEGATIVE86198_11_14,0.0007452753488905728
FRAG_NEG_trNEGATIVE72240_84_14,0.004141650162637234
FRAG_NEG_trNEGATIVE52457_8_14,0.03713367134332657
FRAG_NEG_trNEGATIVE28617_35_14,0.456007182598114
FRAG_NEG_trNEGATIVE54956_35_14,0.12136375904083252
FRAG_NEG_trNEGATIVE28727_38_14,0.004483102820813656
FRAG_NEG_trNEGATIVE54011_15_14,0.0005309792468324304
FRAG_NEG_trNEGATIVE46947_58_14,0.010745665058493614
FRAG_NEG_trNEGATIVE62843_45_14,0.002763180760666728
FRAG_NEG_trNEGATIVE54212_8_14,0.0884476825594902
FRAG_NEG_trNEGATIVE77603_63_14,0.0048388587310910225
FRAG_NEG_trNEGATIVE47441_70_14,0.27310943603515625
FRAG_NEG_trNEGATIVE94877_82_14,0.03455834835767746
FRAG_NEG_trNEGATIVE85142_43_14,0.08470036834478378
FRAG_NEG_trNEGATIVE59542_9_14,0.5094667673110962
FRAG_NEG_trNEGATIVE45334_63_14,0.005651343613862991
FRAG_NEG_trNEGATIVE34154_1_14,0.03660808131098747
FRAG_NEG_trNEGATIVE81073_25_14,0.9734225273132324
FRAG_NEG_trNEGATIVE70735_59_14,0.5675597190856934
FRAG_NEG_trNEGATIVE39002_82_14,0.01162191666662693
FRAG_NEG_trNEGATIVE83073_54_14,0.003622685791924596
FRAG_NEG_trNEGATIVE52026_31_14,0.762981116771698
FRAG_NEG_trNEGATIVE38089_13_14,0.08712281286716461
FRAG_NEG_trNEGATIVE38406_16_14,0.048102643340826035
FRAG_NEG_trNEGATIVE53976_41_14,0.03748229146003723
FRAG_NEG_trNEGATIVE78222_77_14,0.003498600795865059
FRAG_NEG_trNEGATIVE93966_13_14,0.5528035163879395
FRAG_NEG_trNEGATIVE64549_41_14,0.009235483594238758
FRAG_NEG_trNEGATIVE38934_30_14,0.28646746277809143
FRAG_NEG_trNEGATIVE55790_52_14,0.0008934787474572659
FRAG_NEG_trNEGATIVE64817_27_14,0.9136236310005188
FRAG_NEG_trNEGATIVE53270_5_14,0.01090465672314167
FRAG_NEG_trNEGATIVE28212_40_14,0.2088712751865387
FRAG_NEG_trNEGATIVE49328_18_14,0.029636377468705177
FRAG_NEG_trNEGATIVE49465_10_14,0.005159251391887665
FRAG_NEG_trNEGATIVE85488_39_14,0.8256614804267883
FRAG_NEG_trNEGATIVE75785_5_14,0.7228813171386719
FRAG_NEG_trNEGATIVE83115_3_14,0.07058116793632507
FRAG_NEG_trNEGATIVE69836_46_14,0.9667860865592957
FRAG_NEG_trNEGATIVE40968_39_14,0.4158625602722168
FRAG_NEG_trNEGATIVE67443_47_14,2.9309618184925057e-05
FRAG_NEG_trNEGATIVE36533_25_14,0.665397047996521
FRAG_NEG_trNEGATIVE36637_40_14,0.42512765526771545
FRAG_NEG_trNEGATIVE64192_22_14,0.26354092359542847
FRAG_NEG_trNEGATIVE80590_26_14,0.22464120388031006
FRAG_NEG_trNEGATIVE83505_14_14,0.1059952974319458
FRAG_NEG_trNEGATIVE92064_69_14,0.10194823890924454
FRAG_NEG_trNEGATIVE67227_46_14,0.06065841391682625
FRAG_NEG_trNEGATIVE61357_52_15,0.0039907763712108135
FRAG_NEG_trNEGATIVE73016_56_15,0.039191972464323044
FRAG_NEG_trNEGATIVE86357_6_15,0.07305478304624557
FRAG_NEG_trNEGATIVE82228_1_15,0.4666341245174408
FRAG_NEG_trNEGATIVE58145_23_15,0.006538178771734238
FRAG_NEG_trNEGATIVE85376_56_15,0.0006134611903689802
FRAG_NEG_trNEGATIVE58835_56_15,0.3886231482028961
FRAG_NEG_trNEGATIVE59192_1_15,0.3043886721134186
FRAG_NEG_trNEGATIVE74458_50_15,0.21542811393737793
FRAG_NEG_trNEGATIVE29951_18_15,0.0023947590962052345
FRAG_NEG_trNEGATIVE52972_55_15,0.14448921382427216
FRAG_NEG_trNEGATIVE51911_22_15,0.4188838601112366
FRAG_NEG_trNEGATIVE82223_29_15,0.14585000276565552
FRAG_NEG_trNEGATIVE66816_5_15,0.06778167188167572
FRAG_NEG_trNEGATIVE69210_19_15,0.8115677833557129
FRAG_NEG_trNEGATIVE86087_52_15,0.28368136286735535
FRAG_NEG_trNEGATIVE74347_46_15,0.17798347771167755
FRAG_NEG_trNEGATIVE82740_16_15,0.017235122621059418
FRAG_NEG_trNEGATIVE54050_69_15,0.0014170983340591192
FRAG_NEG_trNEGATIVE77802_11_15,0.0028216703794896603
FRAG_NEG_trNEGATIVE45865_18_15,0.14236339926719666
FRAG_NEG_trNEGATIVE74461_40_15,0.0016737906262278557
FRAG_NEG_trNEGATIVE33176_50_15,0.08667401224374771
FRAG_NEG_trNEGATIVE92796_0_15,0.01456323079764843
FRAG_NEG_trNEGATIVE76726_78_15,0.05109114572405815
FRAG_NEG_trNEGATIVE39678_47_15,0.030094807967543602
FRAG_NEG_trNEGATIVE40637_31_15,0.1611885130405426
FRAG_NEG_trNEGATIVE81211_16_15,0.35394346714019775
FRAG_NEG_trNEGATIVE58691_15_15,0.26688939332962036
FRAG_NEG_trNEGATIVE79947_79_15,0.0012350324541330338
FRAG_NEG_trNEGATIVE40424_20_15,0.0037864521145820618
FRAG_NEG_trNEGATIVE96309_9_15,0.00041409238474443555
FRAG_NEG_trNEGATIVE31413_37_15,0.001819606521166861
FRAG_NEG_trNEGATIVE58276_25_15,0.20554062724113464
FRAG_NEG_trNEGATIVE85063_72_15,0.134539395570755
FRAG_NEG_trNEGATIVE60220_14_15,0.9548521041870117
FRAG_NEG_trNEGATIVE40564_19_15,0.01309366337954998
FRAG_NEG_trNEGATIVE53156_45_15,0.00567194540053606
FRAG_NEG_trNEGATIVE61357_16_15,0.0017256448045372963
FRAG_NEG_trNEGATIVE52013_47_15,0.023155556991696358
FRAG_NEG_trNEGATIVE39002_46_15,0.01093970611691475
FRAG_NEG_trNEGATIVE90772_17_15,0.23433992266654968
FRAG_NEG_trNEGATIVE33909_13_15,0.017154574394226074
FRAG_NEG_trNEGATIVE82564_59_15,0.0020711978431791067
FRAG_NEG_trNEGATIVE41646_3_15,0.22614280879497528
FRAG_NEG_trNEGATIVE28212_54_15,0.0035728756338357925
FRAG_NEG_trNEGATIVE57354_35_15,2.0093944840482436e-05
FRAG_NEG_trNEGATIVE71331_49_15,0.688920259475708
FRAG_NEG_trNEGATIVE40334_45_15,0.26706662774086
FRAG_NEG_trNEGATIVE78551_27_15,0.04690646380186081
FRAG_NEG_trNEGATIVE55096_8_15,0.34267139434814453
FRAG_NEG_trNEGATIVE65571_41_15,0.06123189255595207
FRAG_NEG_trNEGATIVE44170_34_15,0.9019034504890442
FRAG_NEG_trNEGATIVE91058_9_15,0.18042095005512238
FRAG_NEG_trNEGATIVE81840_27_15,0.00529947504401207
FRAG_NEG_trNEGATIVE83115_25_15,0.25532546639442444
FRAG_NEG_trNEGATIVE60542_43_15,0.14043335616588593
FRAG_NEG_trNEGATIVE73456_56_15,0.4598703384399414
FRAG_NEG_trNEGATIVE72494_23_15,0.051054246723651886
FRAG_NEG_trNEGATIVE48109_0_15,3.173089226038428e-06
FRAG_NEG_trNEGATIVE68779_0_15,3.817320612142794e-05
FRAG_NEG_trNEGATIVE83181_25_15,0.5770800709724426
FRAG_NEG_trNEGATIVE68587_43_15,0.00014263474440667778
FRAG_NEG_trNEGATIVE30881_2_15,0.14668375253677368
FRAG_NEG_trNEGATIVE75185_44_15,0.0022624388802796602
FRAG_NEG_trNEGATIVE36087_26_15,0.00922047346830368
FRAG_NEG_trNEGATIVE79387_26_15,0.07850271463394165
FRAG_NEG_trNEGATIVE30878_36_15,0.8186103701591492
FRAG_NEG_trNEGATIVE34800_33_15,0.012202237732708454
FRAG_NEG_trNEGATIVE72580_16_15,2.823821341735311e-05
FRAG_NEG_trNEGATIVE72807_47_15,0.6191346049308777
FRAG_NEG_trNEGATIVE60601_18_15,0.05777350813150406
FRAG_NEG_trNEGATIVE93456_68_15,0.17380391061306
FRAG_NEG_trNEGATIVE55371_49_15,0.00021421066776383668
FRAG_NEG_trNEGATIVE49213_8_15,0.1901092827320099
FRAG_NEG_trNEGATIVE40543_23_15,0.03597377613186836
FRAG_NEG_trNEGATIVE38957_51_15,0.034493230283260345
FRAG_NEG_trNEGATIVE68879_66_15,0.0014206343330442905
FRAG_NEG_trNEGATIVE41475_41_15,0.11716379225254059
FRAG_NEG_trNEGATIVE81690_52_15,0.00017693222616799176
FRAG_NEG_trNEGATIVE84463_10_15,0.3288700580596924
FRAG_NEG_trNEGATIVE71518_62_15,0.0047202324494719505
FRAG_NEG_trNEGATIVE96531_31_15,0.27687233686447144
FRAG_NEG_trNEGATIVE28234_81_15,0.029150262475013733
FRAG_NEG_trNEGATIVE31738_56_15,0.00026821676874533296
FRAG_NEG_trNEGATIVE73619_44_15,0.05991201475262642
FRAG_NEG_trNEGATIVE85672_57_15,0.3888882100582123
FRAG_NEG_trNEGATIVE48879_55_15,0.043429188430309296
FRAG_NEG_trNEGATIVE92398_3_15,0.0006835926324129105
FRAG_NEG_trNEGATIVE40564_35_15,0.8927292823791504
FRAG_NEG_trNEGATIVE52034_39_15,0.10000529140233994
FRAG_NEG_trNEGATIVE28436_32_15,0.14565648138523102
FRAG_NEG_trNEGATIVE39346_4_15,0.45344582200050354
FRAG_NEG_trNEGATIVE77734_35_15,0.13989855349063873
FRAG_NEG_trNEGATIVE76082_13_15,0.0032132293563336134
FRAG_NEG_trNEGATIVE82685_26_15,0.18535439670085907
FRAG_NEG_trNEGATIVE74044_75_15,0.021645057946443558
FRAG_NEG_trNEGATIVE72674_38_15,0.7702479362487793
FRAG_NEG_trNEGATIVE83523_13_15,0.8583084344863892
FRAG_NEG_trNEGATIVE27744_55_15,0.669743537902832
FRAG_NEG_trNEGATIVE31470_71_15,0.22602789103984833
FRAG_NEG_trNEGATIVE64522_42_15,0.0064755333587527275
FRAG_NEG_trNEGATIVE76030_7_15,0.87451171875
FRAG_NEG_trNEGATIVE38983_36_15,0.00018055173859465867
FRAG_NEG_trNEGATIVE54571_1_15,0.0004366767534520477
FRAG_NEG_trNEGATIVE39870_6_15,0.07599473744630814
FRAG_NEG_trNEGATIVE65712_4_15,0.5649274587631226
FRAG_NEG_trNEGATIVE39916_19_15,0.05877508968114853
FRAG_NEG_trNEGATIVE91481_43_15,0.25636759400367737
FRAG_NEG_trNEGATIVE76997_61_15,0.2399320900440216
FRAG_NEG_trNEGATIVE87450_14_15,0.006468293722718954
FRAG_NEG_trNEGATIVE58242_23_15,0.3880617618560791
FRAG_NEG_trNEGATIVE85944_42_15,0.1850779950618744
FRAG_NEG_trNEGATIVE43712_20_15,0.0059016006998717785
FRAG_NEG_trNEGATIVE33532_60_15,0.0012025621253997087
FRAG_NEG_trNEGATIVE68123_25_15,0.0003817934193648398
FRAG_NEG_trNEGATIVE29811_27_15,0.00283444463275373
FRAG_NEG_trNEGATIVE36554_17_15,0.004219378344714642
FRAG_NEG_trNEGATIVE52754_16_15,0.05458064004778862
FRAG_NEG_trNEGATIVE49953_41_15,0.32284483313560486
FRAG_NEG_trNEGATIVE57032_39_15,0.02448624186217785
FRAG_NEG_trNEGATIVE54818_40_15,0.009479842148721218
FRAG_NEG_trNEGATIVE56358_35_15,0.16852107644081116
FRAG_NEG_trNEGATIVE82819_26_15,0.25126785039901733
FRAG_NEG_trNEGATIVE67486_43_15,0.6182047724723816
FRAG_NEG_trNEGATIVE79573_14_15,0.0406033881008625
FRAG_NEG_trNEGATIVE87107_7_15,0.9507622718811035
FRAG_NEG_trNEGATIVE80900_32_15,0.8798123598098755
FRAG_NEG_trNEGATIVE88170_9_15,0.046750158071517944
FRAG_NEG_trNEGATIVE70905_35_15,0.033957354724407196
FRAG_NEG_trNEGATIVE71805_39_15,0.4170774519443512
FRAG_NEG_trNEGATIVE73101_18_15,0.005275239236652851
FRAG_NEG_trNEGATIVE94456_47_15,0.7179868817329407
FRAG_NEG_trNEGATIVE51223_20_15,0.03462812304496765
FRAG_NEG_trNEGATIVE70705_32_15,0.6108298301696777
FRAG_NEG_trNEGATIVE82312_34_15,0.22208233177661896
FRAG_NEG_trNEGATIVE73101_23_15,0.01726694218814373
FRAG_NEG_trNEGATIVE47781_47_15,0.0012414875673130155
FRAG_NEG_trNEGATIVE43364_22_15,0.005014777183532715
FRAG_NEG_trNEGATIVE81083_28_15,0.00031712051713839173
FRAG_NEG_trNEGATIVE43795_38_15,0.001172364572994411
FRAG_NEG_trNEGATIVE35075_37_15,0.17942917346954346
FRAG_NEG_trNEGATIVE38561_6_15,0.09353180229663849
FRAG_NEG_trNEGATIVE35499_50_15,0.07188231498003006
FRAG_NEG_trNEGATIVE89439_7_15,0.011905012652277946
FRAG_NEG_trNEGATIVE28348_6_15,0.0014664180343970656
FRAG_NEG_trNEGATIVE48477_20_15,0.20074951648712158
FRAG_NEG_trNEGATIVE61824_48_15,0.031869251281023026
FRAG_NEG_trNEGATIVE31256_72_15,0.07938002794981003
FRAG_NEG_trNEGATIVE55831_38_15,0.165358766913414
FRAG_NEG_trNEGATIVE70245_61_15,0.005153018049895763
FRAG_NEG_trNEGATIVE37880_22_15,0.011840363964438438
FRAG_NEG_trNEGATIVE51728_25_15,0.7787827253341675
FRAG_NEG_trNEGATIVE33701_35_15,0.009296583943068981
FRAG_NEG_trNEGATIVE72212_53_15,0.008835959248244762
FRAG_NEG_trNEGATIVE45411_6_15,0.0013666515005752444
FRAG_NEG_trNEGATIVE73022_3_15,0.17505526542663574
FRAG_NEG_trNEGATIVE70931_26_15,0.22538740932941437
FRAG_NEG_trNEGATIVE42727_21_15,0.759344220161438
FRAG_NEG_trNEGATIVE76944_49_15,0.987420380115509
FRAG_NEG_trNEGATIVE45643_13_15,0.008876683190464973
FRAG_NEG_trNEGATIVE82630_21_15,0.09401686489582062
FRAG_NEG_trNEGATIVE95745_0_15,0.0016153141623362899
FRAG_NEG_trNEGATIVE63158_55_15,0.5531836748123169
FRAG_NEG_trNEGATIVE53755_30_15,0.055538274347782135
FRAG_NEG_trNEGATIVE29650_38_15,0.3630329966545105
FRAG_NEG_trNEGATIVE55003_42_15,0.07880870997905731
FRAG_NEG_trNEGATIVE53275_35_15,0.8249451518058777
FRAG_NEG_trNEGATIVE91266_40_15,2.6908232030109502e-05
FRAG_NEG_trNEGATIVE93966_18_15,0.029720276594161987
FRAG_NEG_trNEGATIVE57465_21_15,0.4518800675868988
FRAG_NEG_trNEGATIVE52537_51_15,5.0750706577673554e-05
FRAG_NEG_trNEGATIVE37753_49_15,0.4025239944458008
FRAG_NEG_trNEGATIVE73308_33_15,0.11477787792682648
FRAG_NEG_trNEGATIVE44586_3_15,0.0007995414780452847
FRAG_NEG_trNEGATIVE93817_30_15,0.0010340053122490644
FRAG_NEG_trNEGATIVE66150_1_15,0.058267515152692795
FRAG_NEG_trNEGATIVE90567_32_15,0.10763604938983917
FRAG_NEG_trNEGATIVE70996_72_15,0.9603995084762573
FRAG_NEG_trNEGATIVE68970_49_15,0.708419680595398
FRAG_NEG_trNEGATIVE68890_67_15,1.2687431990343612e-05
FRAG_NEG_trNEGATIVE75850_54_15,0.0011756254825741053
FRAG_NEG_trNEGATIVE47360_50_15,0.2343984842300415
FRAG_NEG_trNEGATIVE65196_28_15,0.006941241677850485
FRAG_NEG_trNEGATIVE60725_3_15,0.9761590957641602
FRAG_NEG_trNEGATIVE44385_16_15,0.09789241850376129
FRAG_NEG_trNEGATIVE59000_3_15,0.4237596094608307
FRAG_NEG_trNEGATIVE91415_13_15,0.554220974445343
FRAG_NEG_trNEGATIVE82267_15_15,0.8547744750976562
FRAG_NEG_trNEGATIVE51263_12_15,0.4462609887123108
FRAG_NEG_trNEGATIVE77603_59_15,0.006709287874400616
FRAG_NEG_trNEGATIVE89460_2_15,0.11800743639469147
FRAG_NEG_trNEGATIVE95074_24_15,0.0038962922990322113
FRAG_NEG_trNEGATIVE29521_1_15,0.001099209999665618
FRAG_NEG_trNEGATIVE34266_14_15,0.0034229152370244265
FRAG_NEG_trNEGATIVE94008_20_15,0.0008866284042596817
FRAG_NEG_trNEGATIVE93241_60_15,0.10288260877132416
FRAG_NEG_trNEGATIVE69998_3_15,0.4432956576347351
FRAG_NEG_trNEGATIVE51574_43_15,0.002177376067265868
FRAG_NEG_trNEGATIVE31350_50_15,0.0010649170726537704
FRAG_NEG_trNEGATIVE50749_73_15,0.12722881138324738
FRAG_NEG_trNEGATIVE81769_51_15,0.002781947609037161
FRAG_NEG_trNEGATIVE93625_1_15,0.5910667181015015
FRAG_NEG_trNEGATIVE49328_16_15,0.021114269271492958
FRAG_NEG_trNEGATIVE88327_13_15,0.020595787093043327
FRAG_NEG_trNEGATIVE68941_2_15,0.17147701978683472
FRAG_NEG_trNEGATIVE40882_14_15,0.00930534303188324
FRAG_NEG_trNEGATIVE30494_47_15,0.0014836849877610803
FRAG_NEG_trNEGATIVE87289_25_15,0.18369418382644653
FRAG_NEG_trNEGATIVE44266_42_15,0.3812469244003296
FRAG_NEG_trNEGATIVE39453_36_15,0.02183348312973976
FRAG_NEG_trNEGATIVE39129_10_15,0.4425637125968933
FRAG_NEG_trNEGATIVE61324_57_15,0.13166609406471252
FRAG_NEG_trNEGATIVE65249_12_15,0.004331930540502071
FRAG_NEG_trNEGATIVE66739_42_15,0.32631978392601013
FRAG_NEG_trNEGATIVE46978_58_15,0.33425265550613403
FRAG_NEG_trNEGATIVE49023_65_15,0.007276332937180996
FRAG_NEG_trNEGATIVE29601_66_15,0.04565102979540825
FRAG_NEG_trNEGATIVE86070_49_15,0.0004709470085799694
FRAG_NEG_trNEGATIVE79893_3_15,0.005753713194280863
FRAG_NEG_trNEGATIVE93756_58_15,0.0945453941822052
FRAG_NEG_trNEGATIVE29186_63_15,0.013454636558890343
FRAG_NEG_trNEGATIVE92287_7_15,0.43440908193588257
FRAG_NEG_trNEGATIVE59138_50_15,0.09261198341846466
FRAG_NEG_trNEGATIVE41329_11_15,9.300698002334684e-05
FRAG_NEG_trNEGATIVE83774_23_15,0.003932884428650141
FRAG_NEG_trNEGATIVE77919_23_15,0.464559406042099
FRAG_NEG_trNEGATIVE90851_30_15,0.006601342465728521
FRAG_NEG_trNEGATIVE44350_3_15,0.9987785220146179
FRAG_NEG_trNEGATIVE90189_18_15,0.09360948950052261
FRAG_NEG_trNEGATIVE48299_2_15,0.39884600043296814
FRAG_NEG_trNEGATIVE97116_14_15,0.016216875985264778
FRAG_NEG_trNEGATIVE82272_26_15,0.00363849475979805
FRAG_NEG_trNEGATIVE95786_0_15,5.966780008748174e-05
FRAG_NEG_trNEGATIVE30945_32_15,0.09475419670343399
FRAG_NEG_trNEGATIVE79903_34_15,0.12847217917442322
FRAG_NEG_trNEGATIVE84597_22_15,0.0043155658058822155
FRAG_NEG_trNEGATIVE43505_30_15,0.6619604825973511
FRAG_NEG_trNEGATIVE37122_20_15,0.003018102375790477
FRAG_NEG_trNEGATIVE76230_29_15,0.24216806888580322
FRAG_NEG_trNEGATIVE33909_8_15,0.040221042931079865
FRAG_NEG_trNEGATIVE39256_0_15,1.9980383513029665e-05
FRAG_NEG_trNEGATIVE52832_12_15,0.0016465777298435569
FRAG_NEG_trNEGATIVE97493_11_15,0.1796078383922577
FRAG_NEG_trNEGATIVE54987_10_15,0.0002528403711039573
FRAG_NEG_trNEGATIVE95861_28_15,0.051055729389190674
FRAG_NEG_trNEGATIVE30835_37_15,0.04836157709360123
FRAG_NEG_trNEGATIVE67071_0_15,0.004839775618165731
FRAG_NEG_trNEGATIVE29613_3_15,0.9367903470993042
FRAG_NEG_trNEGATIVE78827_43_15,0.23435764014720917
FRAG_NEG_trNEGATIVE77564_53_15,0.0977168008685112
FRAG_NEG_trNEGATIVE41132_0_15,0.00866078119724989
FRAG_NEG_trNEGATIVE73723_48_15,0.47061339020729065
FRAG_NEG_trNEGATIVE60304_26_15,0.022646483033895493
FRAG_NEG_trNEGATIVE53496_1_15,0.26477524638175964
FRAG_NEG_trNEGATIVE34646_70_15,0.0038303262554109097
FRAG_NEG_trNEGATIVE78345_61_15,0.6753724217414856
FRAG_NEG_trNEGATIVE73036_75_15,0.01163618266582489
FRAG_NEG_trNEGATIVE81690_17_15,0.0240708589553833
FRAG_NEG_trNEGATIVE52616_60_15,0.06424082070589066
FRAG_NEG_trNEGATIVE80255_36_15,0.028820520266890526
FRAG_NEG_trNEGATIVE39127_56_15,0.13380666077136993
FRAG_NEG_trNEGATIVE36668_10_15,0.10461638867855072
FRAG_NEG_trNEGATIVE96719_17_15,0.26201745867729187
FRAG_NEG_trNEGATIVE54041_72_15,0.002571533899754286
FRAG_NEG_trNEGATIVE52457_14_15,0.19704802334308624
FRAG_NEG_trNEGATIVE92779_59_15,0.18806545436382294
FRAG_NEG_trNEGATIVE45785_5_15,0.6502959132194519
FRAG_NEG_trNEGATIVE66601_4_15,0.22731979191303253
FRAG_NEG_trNEGATIVE76559_54_15,0.005166848190128803
FRAG_NEG_trNEGATIVE36482_45_15,0.0002814942563418299
FRAG_NEG_trNEGATIVE88299_14_15,0.7689167261123657
FRAG_NEG_trNEGATIVE43084_51_15,0.0007516489131376147
FRAG_NEG_trNEGATIVE37331_20_15,0.010082187131047249
FRAG_NEG_trNEGATIVE90011_3_15,0.00846879743039608
FRAG_NEG_trNEGATIVE81056_48_15,0.006280533038079739
FRAG_NEG_trNEGATIVE40151_76_15,0.03378356993198395
FRAG_NEG_trNEGATIVE80731_45_15,0.35783958435058594
FRAG_NEG_trNEGATIVE67162_5_15,8.020341192604974e-05
FRAG_NEG_trNEGATIVE87907_3_15,0.0021251279395073652
FRAG_NEG_trNEGATIVE47740_33_15,0.012289703823626041
FRAG_NEG_trNEGATIVE65647_38_15,0.001173704513348639
FRAG_NEG_trNEGATIVE64441_64_15,0.00012914618127979338
FRAG_NEG_trNEGATIVE39155_79_15,0.8191996812820435
FRAG_NEG_trNEGATIVE60600_49_15,0.015574571676552296
FRAG_NEG_trNEGATIVE71741_12_15,0.00031633771141059697
FRAG_NEG_trNEGATIVE53501_27_15,0.9350160360336304
FRAG_NEG_trNEGATIVE34443_60_15,0.7386184334754944
FRAG_NEG_trNEGATIVE58989_19_15,0.7095311880111694
FRAG_NEG_trNEGATIVE77603_5_15,0.002422567456960678
FRAG_NEG_trNEGATIVE71119_39_15,0.020538900047540665
FRAG_NEG_trNEGATIVE65798_0_15,1.2519265624177933e-07
FRAG_NEG_trNEGATIVE93456_84_15,0.2301623821258545
FRAG_NEG_trNEGATIVE54128_34_15,0.13159483671188354
FRAG_NEG_trNEGATIVE95991_32_15,0.7675750851631165
FRAG_NEG_trNEGATIVE93625_15_15,0.2734021544456482
FRAG_NEG_trNEGATIVE53727_6_15,0.0001725683396216482
FRAG_NEG_trNEGATIVE65299_33_15,0.47387972474098206
FRAG_NEG_trNEGATIVE31394_17_15,0.12412570416927338
FRAG_NEG_trNEGATIVE68899_35_15,0.0018143771449103951
FRAG_NEG_trNEGATIVE52450_11_15,0.804775059223175
FRAG_NEG_trNEGATIVE53242_2_15,0.203996941447258
FRAG_NEG_trNEGATIVE52681_16_15,0.01306472159922123
FRAG_NEG_trNEGATIVE40588_46_15,0.1069849282503128
FRAG_NEG_trNEGATIVE77648_3_15,0.28067952394485474
FRAG_NEG_trNEGATIVE89076_11_15,0.18879550695419312
FRAG_NEG_trNEGATIVE44901_5_15,0.7722464799880981
FRAG_NEG_trNEGATIVE94831_1_15,0.05977761745452881
FRAG_NEG_trNEGATIVE60097_12_15,0.5665925741195679
FRAG_NEG_trNEGATIVE53226_6_15,0.0650845542550087
FRAG_NEG_trNEGATIVE45182_34_15,0.42906808853149414
FRAG_NEG_trNEGATIVE76037_14_15,0.0022310749627649784
FRAG_NEG_trNEGATIVE42982_7_15,0.0240621455013752
FRAG_NEG_trNEGATIVE67566_72_15,0.26443910598754883
FRAG_NEG_trNEGATIVE78238_6_15,0.020092759281396866
FRAG_NEG_trNEGATIVE29719_4_15,0.011526455171406269
FRAG_NEG_trNEGATIVE65675_15_15,0.003019514260813594
FRAG_NEG_trNEGATIVE85974_51_15,0.12317414581775665
FRAG_NEG_trNEGATIVE81239_0_15,0.0009870580397546291
FRAG_NEG_trNEGATIVE28289_16_15,0.019248047843575478
FRAG_NEG_trNEGATIVE37930_11_15,0.9150649905204773
FRAG_NEG_trNEGATIVE44670_45_15,0.11111342906951904
FRAG_NEG_trNEGATIVE96629_23_15,0.469127357006073
FRAG_NEG_trNEGATIVE84700_51_15,0.12533451616764069
FRAG_NEG_trNEGATIVE79333_22_15,0.032724034041166306
FRAG_NEG_trNEGATIVE51325_28_15,0.02789922058582306
FRAG_NEG_trNEGATIVE35915_57_15,0.2901701331138611
FRAG_NEG_trNEGATIVE52747_24_15,0.000791519065387547
FRAG_NEG_trNEGATIVE74817_25_15,0.0011212441604584455
FRAG_NEG_trNEGATIVE30369_60_15,0.011701861396431923
FRAG_NEG_trNEGATIVE78377_16_15,0.07391820847988129
FRAG_NEG_trNEGATIVE58863_11_15,0.021001534536480904
FRAG_NEG_trNEGATIVE50779_49_15,0.028944576159119606
FRAG_NEG_trNEGATIVE70535_16_15,0.0029799905605614185
FRAG_NEG_trNEGATIVE30764_33_15,0.024102499708533287
FRAG_NEG_trNEGATIVE78334_15_15,0.6590694785118103
FRAG_NEG_trNEGATIVE81117_45_15,0.0009457228006795049
FRAG_NEG_trNEGATIVE75964_13_15,8.51542608870659e-06
FRAG_NEG_trNEGATIVE58867_36_15,0.03257770091295242
FRAG_NEG_trNEGATIVE33900_19_15,0.031122833490371704
FRAG_NEG_trNEGATIVE64614_44_15,0.18259212374687195
FRAG_NEG_trNEGATIVE80644_43_15,0.7523057460784912
FRAG_NEG_trNEGATIVE46069_18_15,0.0013136521447449923
FRAG_NEG_trNEGATIVE76556_44_15,0.0033026556484401226
FRAG_NEG_trNEGATIVE40563_60_15,0.29480084776878357
FRAG_NEG_trNEGATIVE84285_24_15,0.0017570985946804285
FRAG_NEG_trNEGATIVE63180_29_15,0.103610098361969
FRAG_NEG_trNEGATIVE40925_7_15,0.28017309308052063
FRAG_NEG_trNEGATIVE74034_25_15,0.0035409226547926664
FRAG_NEG_trNEGATIVE70603_34_15,0.5108102560043335
FRAG_NEG_trNEGATIVE94208_15_15,0.9762861132621765
FRAG_NEG_trNEGATIVE30558_28_15,0.01024407334625721
FRAG_NEG_trNEGATIVE31183_41_15,0.03205457702279091
FRAG_NEG_trNEGATIVE62438_46_15,0.8344025611877441
FRAG_NEG_trNEGATIVE52066_41_15,0.02608674205839634
FRAG_NEG_trNEGATIVE81281_12_15,0.011915715411305428
FRAG_NEG_trNEGATIVE87969_54_15,0.001342872972600162
FRAG_NEG_trNEGATIVE54144_12_15,0.01520577073097229
FRAG_NEG_trNEGATIVE46050_59_15,0.07024531066417694
FRAG_NEG_trNEGATIVE92477_67_15,0.21796917915344238
FRAG_NEG_trNEGATIVE40866_24_15,0.014421412721276283
FRAG_NEG_trNEGATIVE39219_26_15,0.17226573824882507
FRAG_NEG_trNEGATIVE91154_4_15,0.935749351978302
FRAG_NEG_trNEGATIVE54415_70_15,0.02206258848309517
FRAG_NEG_trNEGATIVE57991_72_15,0.04235294088721275
FRAG_NEG_trNEGATIVE72553_11_15,0.07805221527814865
FRAG_NEG_trNEGATIVE36345_67_15,0.017889536917209625
FRAG_NEG_trNEGATIVE71135_54_15,0.709191083908081
FRAG_NEG_trNEGATIVE87491_12_15,0.7473524808883667
FRAG_NEG_trNEGATIVE66099_25_15,0.10746735334396362
FRAG_NEG_trNEGATIVE55118_18_15,0.0005228222580626607
FRAG_NEG_trNEGATIVE93021_6_15,0.16132308542728424
FRAG_NEG_trNEGATIVE83539_73_15,0.11580636352300644
FRAG_NEG_trNEGATIVE95820_31_15,0.5517882108688354
FRAG_NEG_trNEGATIVE31462_5_15,0.2563432455062866
FRAG_NEG_trNEGATIVE38220_30_15,0.1544775366783142
FRAG_NEG_trNEGATIVE88238_9_15,0.05368790030479431
FRAG_NEG_trNEGATIVE29659_54_15,0.013007298111915588
FRAG_NEG_trNEGATIVE28813_55_15,0.347816526889801
FRAG_NEG_trNEGATIVE72290_14_15,0.037303343415260315
FRAG_NEG_trNEGATIVE57023_33_15,0.00010645909060258418
FRAG_NEG_trNEGATIVE42406_8_15,0.004847823176532984
FRAG_NEG_trNEGATIVE58710_1_15,0.0238279290497303
FRAG_NEG_trNEGATIVE34443_21_15,0.007692182902246714
FRAG_NEG_trNEGATIVE95931_59_15,0.8486055135726929
FRAG_NEG_trNEGATIVE43162_1_15,0.001953432336449623
FRAG_NEG_trNEGATIVE38318_26_15,0.3849495053291321
FRAG_NEG_trNEGATIVE77745_22_15,0.996609091758728
FRAG_NEG_trNEGATIVE50376_16_15,0.13559363782405853
FRAG_NEG_trNEGATIVE92192_1_15,0.3557535707950592
FRAG_NEG_trNEGATIVE42249_35_15,0.00011756880121538416
FRAG_NEG_trNEGATIVE30091_60_15,0.0008929244359023869
FRAG_NEG_trNEGATIVE46094_0_15,0.0007506140973418951
FRAG_NEG_trNEGATIVE59475_16_15,0.11561150848865509
FRAG_NEG_trNEGATIVE81056_41_15,0.6744076013565063
FRAG_NEG_trNEGATIVE87853_29_15,0.5714431405067444
FRAG_NEG_trNEGATIVE95673_1_15,0.08062264323234558
FRAG_NEG_trNEGATIVE96090_53_15,0.03064626455307007
FRAG_NEG_trNEGATIVE47431_34_15,0.09942375123500824
FRAG_NEG_trNEGATIVE62485_49_15,0.704135000705719
FRAG_NEG_trNEGATIVE80275_57_15,0.3718656301498413
FRAG_NEG_trNEGATIVE62037_46_15,0.001745010493323207
FRAG_NEG_trNEGATIVE51868_41_15,0.0007738767308183014
FRAG_NEG_trNEGATIVE72648_18_15,0.44913309812545776
FRAG_NEG_trNEGATIVE95098_67_15,0.06206216290593147
FRAG_NEG_trNEGATIVE84749_35_15,0.002251704689115286
FRAG_NEG_trNEGATIVE35988_26_15,0.0014961408451199532
FRAG_NEG_trNEGATIVE47980_56_15,0.011543162167072296
FRAG_NEG_trNEGATIVE41886_28_15,0.0021263244561851025
FRAG_NEG_trNEGATIVE42151_9_15,0.061571259051561356
FRAG_NEG_trNEGATIVE82143_22_15,0.009117498062551022
FRAG_NEG_trNEGATIVE88539_32_15,0.4156276285648346
FRAG_NEG_trNEGATIVE51253_7_15,0.29799187183380127
FRAG_NEG_trNEGATIVE67125_3_15,0.09765055775642395
FRAG_NEG_trNEGATIVE34044_37_15,0.811444878578186
FRAG_NEG_trNEGATIVE81756_51_15,0.2157856523990631
FRAG_NEG_trNEGATIVE72582_2_15,0.9934903979301453
FRAG_NEG_trNEGATIVE92922_47_15,0.09499863535165787
FRAG_NEG_trNEGATIVE43763_48_15,0.8513829112052917
FRAG_NEG_trNEGATIVE65970_29_15,0.02463524043560028
FRAG_NEG_trNEGATIVE94292_49_15,0.12637631595134735
FRAG_NEG_trNEGATIVE28657_3_15,0.023868009448051453
FRAG_NEG_trNEGATIVE66699_11_15,0.09661757946014404
FRAG_NEG_trNEGATIVE89346_8_15,0.07205228507518768
FRAG_NEG_trNEGATIVE70700_20_15,0.023556116968393326
FRAG_NEG_trNEGATIVE65938_23_15,0.38108545541763306
FRAG_NEG_trNEGATIVE68554_30_15,0.5215951800346375
FRAG_NEG_trNEGATIVE92232_39_15,0.006839307956397533
FRAG_NEG_trNEGATIVE62584_14_15,0.5290257334709167
FRAG_NEG_trNEGATIVE87472_23_15,0.16615937650203705
FRAG_NEG_trNEGATIVE33095_25_15,0.3288913667201996
FRAG_NEG_trNEGATIVE46018_7_15,0.00490445364266634
FRAG_NEG_trNEGATIVE93632_50_15,0.13945338129997253
FRAG_NEG_trNEGATIVE48904_13_15,0.06361834704875946
FRAG_NEG_trNEGATIVE67131_30_15,0.3189634680747986
FRAG_NEG_trNEGATIVE84942_77_15,0.2634558081626892
FRAG_NEG_trNEGATIVE93682_13_15,0.8781861066818237
FRAG_NEG_trNEGATIVE63130_29_15,0.12269236892461777
FRAG_NEG_trNEGATIVE85222_29_15,0.00030213332502171397
FRAG_NEG_trNEGATIVE77539_8_15,0.8070231676101685
FRAG_NEG_trNEGATIVE69851_5_15,0.10526212304830551
FRAG_NEG_trNEGATIVE36345_70_15,0.0013220239197835326
FRAG_NEG_trNEGATIVE51652_33_15,0.003654706524685025
FRAG_NEG_trNEGATIVE85486_16_15,0.026723796501755714
FRAG_NEG_trNEGATIVE94052_20_15,0.9817621111869812
FRAG_NEG_trNEGATIVE74182_27_15,0.06750179082155228
FRAG_NEG_trNEGATIVE88066_40_15,0.9945109486579895
FRAG_NEG_trNEGATIVE91919_44_15,0.14047172665596008
FRAG_NEG_trNEGATIVE87521_33_15,0.02738955244421959
FRAG_NEG_trNEGATIVE68813_14_15,0.018460514023900032
FRAG_NEG_trNEGATIVE89117_32_15,0.36510735750198364
FRAG_NEG_trNEGATIVE54144_30_15,0.30427393317222595
FRAG_NEG_trNEGATIVE64952_16_15,0.18984973430633545
FRAG_NEG_trNEGATIVE81364_26_15,0.4259893000125885
FRAG_NEG_trNEGATIVE89623_11_15,0.05658143758773804
FRAG_NEG_trNEGATIVE81382_59_15,4.648546382668428e-05
FRAG_NEG_trNEGATIVE52893_44_15,0.030172741040587425
FRAG_NEG_trNEGATIVE60384_45_15,0.028161168098449707
FRAG_NEG_trNEGATIVE43083_50_15,0.17836439609527588
FRAG_NEG_trNEGATIVE41767_43_15,0.009445907548069954
FRAG_NEG_trNEGATIVE66743_26_15,0.5030412077903748
FRAG_NEG_trNEGATIVE90474_35_15,0.002354638883844018
FRAG_NEG_trNEGATIVE82229_26_15,0.1752447783946991
FRAG_NEG_trNEGATIVE81668_48_15,0.9861586689949036
FRAG_NEG_trNEGATIVE75457_9_15,0.6043472290039062
FRAG_NEG_trNEGATIVE74526_21_15,0.026712307706475258
FRAG_NEG_trNEGATIVE89433_31_15,0.044192928820848465
FRAG_NEG_trNEGATIVE90688_51_15,0.14726318418979645
FRAG_NEG_trNEGATIVE85680_30_15,0.09749330580234528
FRAG_NEG_trNEGATIVE89242_14_15,0.40084409713745117
FRAG_NEG_trNEGATIVE87976_10_15,0.5945216417312622
FRAG_NEG_trNEGATIVE37175_59_15,0.00013461129856295884
FRAG_NEG_trNEGATIVE79195_74_15,0.001630651531741023
FRAG_NEG_trNEGATIVE86869_20_15,0.05456485226750374
FRAG_NEG_trNEGATIVE32843_42_15,0.014713910408318043
FRAG_NEG_trNEGATIVE31278_41_15,0.018524054437875748
FRAG_NEG_trNEGATIVE95220_28_15,0.013034066185355186
FRAG_NEG_trNEGATIVE81211_13_15,6.001339716021903e-05
FRAG_NEG_trNEGATIVE28813_62_15,0.5893858671188354
FRAG_NEG_trNEGATIVE86670_3_15,0.8892005681991577
FRAG_NEG_trNEGATIVE54480_6_15,0.0021372693590819836
FRAG_NEG_trNEGATIVE32228_36_15,0.00013194920029491186
FRAG_NEG_trNEGATIVE74436_2_15,0.13334736227989197
FRAG_NEG_trNEGATIVE65903_33_15,0.05467509478330612
FRAG_NEG_trNEGATIVE68693_52_15,0.7053717970848083
FRAG_NEG_trNEGATIVE49294_32_15,0.2643212080001831
FRAG_NEG_trNEGATIVE43004_56_15,0.06684306263923645
FRAG_NEG_trNEGATIVE52466_28_15,0.08159534633159637
FRAG_NEG_trNEGATIVE88599_8_15,0.017412353307008743
FRAG_NEG_trNEGATIVE46226_65_15,0.4911533296108246
FRAG_NEG_trNEGATIVE90222_29_15,0.018809780478477478
FRAG_NEG_trNEGATIVE94209_48_15,0.00012829844490624964
FRAG_NEG_trNEGATIVE56379_4_15,0.22717741131782532
FRAG_NEG_trNEGATIVE55987_9_15,0.00036348216235637665
FRAG_NEG_trNEGATIVE42994_56_15,0.24413630366325378
FRAG_NEG_trNEGATIVE49987_65_15,0.0008459434029646218
FRAG_NEG_trNEGATIVE85867_20_15,0.0010057083563879132
FRAG_NEG_trNEGATIVE65576_31_15,0.06696522235870361
FRAG_NEG_trNEGATIVE76013_34_15,0.8728157877922058
FRAG_NEG_trNEGATIVE45456_40_15,0.008269846439361572
FRAG_NEG_trNEGATIVE50819_20_15,0.004042705055326223
FRAG_NEG_trNEGATIVE58398_75_15,0.41022664308547974
FRAG_NEG_trNEGATIVE60373_6_15,0.00755135715007782
FRAG_NEG_trNEGATIVE41767_28_15,0.019879112020134926
FRAG_NEG_trNEGATIVE31375_59_15,0.0040844501927495
FRAG_NEG_trNEGATIVE87110_53_15,0.18774183094501495
FRAG_NEG_trNEGATIVE50376_31_15,0.006271573714911938
FRAG_NEG_trNEGATIVE60898_18_15,0.003957708366215229
FRAG_NEG_trNEGATIVE79435_52_15,0.08093495666980743
FRAG_NEG_trNEGATIVE41132_4_15,0.001429758733138442
FRAG_NEG_trNEGATIVE59029_38_15,0.007042075507342815
FRAG_NEG_trNEGATIVE71033_57_15,0.5456217527389526
FRAG_NEG_trNEGATIVE53014_50_15,0.10992489010095596
FRAG_NEG_trNEGATIVE31855_31_15,0.27113983035087585
FRAG_NEG_trNEGATIVE61735_56_15,0.014908325858414173
FRAG_NEG_trNEGATIVE38214_24_15,0.1340828686952591
FRAG_NEG_trNEGATIVE92517_21_15,0.08648799359798431
FRAG_NEG_trNEGATIVE43505_43_15,0.5458661913871765
FRAG_NEG_trNEGATIVE33124_48_15,0.0002506255405023694
FRAG_NEG_trNEGATIVE39678_5_15,0.44476795196533203
FRAG_NEG_trNEGATIVE77190_33_15,0.5743777751922607
FRAG_NEG_trNEGATIVE60659_70_15,0.03572128340601921
FRAG_NEG_trNEGATIVE78168_38_15,0.27531251311302185
FRAG_NEG_trNEGATIVE58312_40_15,0.4586026072502136
FRAG_NEG_trNEGATIVE41234_3_15,0.040076106786727905
FRAG_NEG_trNEGATIVE41132_28_15,0.003852404188364744
FRAG_NEG_trNEGATIVE89035_5_15,0.12275423109531403
FRAG_NEG_trNEGATIVE32365_68_15,0.23093220591545105
FRAG_NEG_trNEGATIVE87704_66_15,0.002588375937193632
FRAG_NEG_trNEGATIVE58035_14_15,0.05180520564317703
FRAG_NEG_trNEGATIVE95814_8_15,0.8333724141120911
FRAG_NEG_trNEGATIVE68337_23_15,0.3983120322227478
FRAG_NEG_trNEGATIVE60072_60_15,0.13891687989234924
FRAG_NEG_trNEGATIVE67478_12_15,0.0008613766985945404
FRAG_NEG_trNEGATIVE41656_74_15,0.9899998903274536
FRAG_NEG_trNEGATIVE32132_40_15,0.0015712123131379485
FRAG_NEG_trNEGATIVE93804_57_15,0.009196211583912373
FRAG_NEG_trNEGATIVE57636_10_15,0.06983314454555511
FRAG_NEG_trNEGATIVE95401_16_15,0.5463147759437561
FRAG_NEG_trNEGATIVE55066_11_15,0.0214837696403265
FRAG_NEG_trNEGATIVE62627_31_15,0.10386516153812408
FRAG_NEG_trNEGATIVE39672_15_15,0.2847934365272522
FRAG_NEG_trNEGATIVE75577_31_15,0.265852153301239
FRAG_NEG_trNEGATIVE48495_63_15,0.005433433689177036
FRAG_NEG_trNEGATIVE39300_65_15,0.0010414102580398321
FRAG_NEG_trNEGATIVE58984_10_15,0.6972418427467346
FRAG_NEG_trNEGATIVE43166_54_15,0.02746323123574257
FRAG_NEG_trNEGATIVE96518_25_15,0.3043277859687805
FRAG_NEG_trNEGATIVE54440_2_15,0.00846037082374096
FRAG_NEG_trNEGATIVE74603_18_15,0.14466364681720734
FRAG_NEG_trNEGATIVE71135_8_15,0.06849954277276993
FRAG_NEG_trNEGATIVE50744_20_15,0.0025247856974601746
FRAG_NEG_trNEGATIVE81777_66_15,0.004626625217497349
FRAG_NEG_trNEGATIVE43086_29_15,0.1598372906446457
FRAG_NEG_trNEGATIVE28959_26_15,0.6357604265213013
FRAG_NEG_trNEGATIVE73932_11_15,0.31334367394447327
FRAG_NEG_trNEGATIVE31423_24_15,0.9342547655105591
FRAG_NEG_trNEGATIVE76009_5_15,0.14651158452033997
FRAG_NEG_trNEGATIVE40853_0_15,0.03565995767712593
FRAG_NEG_trNEGATIVE90302_17_15,0.011175533756613731
FRAG_NEG_trNEGATIVE28246_3_15,0.11335290968418121
FRAG_NEG_trNEGATIVE28484_62_15,0.47144514322280884
FRAG_NEG_trNEGATIVE34839_21_15,0.003167166607454419
FRAG_NEG_trNEGATIVE73239_16_15,0.00010738978016888723
FRAG_NEG_trNEGATIVE75843_25_15,0.002935398370027542
FRAG_NEG_trNEGATIVE92791_50_15,0.22452203929424286
FRAG_NEG_trNEGATIVE58430_17_15,5.90808704146184e-05
FRAG_NEG_trNEGATIVE28576_75_15,0.0018572413828223944
FRAG_NEG_trNEGATIVE52832_3_15,0.03681633248925209
FRAG_NEG_trNEGATIVE29015_48_15,0.513015866279602
FRAG_NEG_trNEGATIVE84587_55_15,0.0023045442067086697
FRAG_NEG_trNEGATIVE50874_32_15,0.0020471171010285616
FRAG_NEG_trNEGATIVE74184_54_15,0.0001951590384123847
FRAG_NEG_trNEGATIVE33921_3_15,0.0013844529166817665
FRAG_NEG_trNEGATIVE52319_2_15,0.8874098658561707
FRAG_NEG_trNEGATIVE35952_77_15,0.015071764588356018
FRAG_NEG_trNEGATIVE92004_17_16,0.02864442765712738
FRAG_NEG_trNEGATIVE85075_44_16,0.30840328335762024
FRAG_NEG_trNEGATIVE40533_23_16,0.20649206638336182
FRAG_NEG_trNEGATIVE31778_4_16,0.33954963088035583
FRAG_NEG_trNEGATIVE79147_15_16,0.000925975211430341
FRAG_NEG_trNEGATIVE50790_12_16,0.011065362952649593
FRAG_NEG_trNEGATIVE38219_30_16,0.26054847240448
FRAG_NEG_trNEGATIVE35222_10_16,0.017640572041273117
FRAG_NEG_trNEGATIVE76068_52_16,0.6916342973709106
FRAG_NEG_trNEGATIVE30948_17_16,0.15474340319633484
FRAG_NEG_trNEGATIVE62217_42_16,0.08778610080480576
FRAG_NEG_trNEGATIVE74946_35_16,0.07015051692724228
FRAG_NEG_trNEGATIVE28729_28_16,0.589532732963562
FRAG_NEG_trNEGATIVE44503_51_16,0.04304840788245201
FRAG_NEG_trNEGATIVE48971_11_16,0.0005717654712498188
FRAG_NEG_trNEGATIVE78988_2_16,0.10561342537403107
FRAG_NEG_trNEGATIVE81769_27_16,1.328443340753438e-05
FRAG_NEG_trNEGATIVE28755_18_16,0.043829742819070816
FRAG_NEG_trNEGATIVE36538_2_16,0.0069109671749174595
FRAG_NEG_trNEGATIVE42561_24_16,0.33737170696258545
FRAG_NEG_trNEGATIVE40988_18_16,0.2384556084871292
FRAG_NEG_trNEGATIVE40244_69_16,0.012066270224750042
FRAG_NEG_trNEGATIVE57376_8_16,0.10067468881607056
FRAG_NEG_trNEGATIVE66783_35_16,0.025745779275894165
FRAG_NEG_trNEGATIVE68980_7_16,0.000712177308741957
FRAG_NEG_trNEGATIVE55392_4_16,0.3403848111629486
FRAG_NEG_trNEGATIVE54857_71_16,0.015517485328018665
FRAG_NEG_trNEGATIVE41920_61_16,0.004367438144981861
FRAG_NEG_trNEGATIVE65576_42_16,0.14872685074806213
FRAG_NEG_trNEGATIVE36653_36_16,0.17432503402233124
FRAG_NEG_trNEGATIVE38671_8_16,0.788935661315918
FRAG_NEG_trNEGATIVE33314_20_16,0.00011518036626512185
FRAG_NEG_trNEGATIVE37447_12_16,0.07021370530128479
FRAG_NEG_trNEGATIVE43835_19_16,0.34076932072639465
FRAG_NEG_trNEGATIVE77681_45_16,0.061962198466062546
FRAG_NEG_trNEGATIVE92335_23_16,0.3788551986217499
FRAG_NEG_trNEGATIVE96167_10_16,0.24037086963653564
FRAG_NEG_trNEGATIVE44949_18_16,0.9886468052864075
FRAG_NEG_trNEGATIVE83511_28_16,0.08038754761219025
FRAG_NEG_trNEGATIVE91162_11_16,0.06656844913959503
FRAG_NEG_trNEGATIVE65267_37_16,0.25135740637779236
FRAG_NEG_trNEGATIVE95793_52_16,0.003812936367467046
FRAG_NEG_trNEGATIVE38608_57_16,0.04371234029531479
FRAG_NEG_trNEGATIVE74360_61_16,0.9296294450759888
FRAG_NEG_trNEGATIVE40204_47_16,0.0005289892433211207
FRAG_NEG_trNEGATIVE84942_69_16,0.7943880558013916
FRAG_NEG_trNEGATIVE44703_26_16,0.6099509000778198
FRAG_NEG_trNEGATIVE37549_11_16,0.33132481575012207
FRAG_NEG_trNEGATIVE41886_63_16,0.2748561501502991
FRAG_NEG_trNEGATIVE68527_41_16,0.8553775548934937
FRAG_NEG_trNEGATIVE40259_39_16,0.0609552264213562
FRAG_NEG_trNEGATIVE85084_10_16,0.3783734142780304
FRAG_NEG_trNEGATIVE36370_12_16,0.058058857917785645
FRAG_NEG_trNEGATIVE35154_20_16,0.0001104033290175721
FRAG_NEG_trNEGATIVE62769_29_16,0.3726455569267273
FRAG_NEG_trNEGATIVE88682_42_16,0.24141021072864532
FRAG_NEG_trNEGATIVE77185_5_16,0.015854662284255028
FRAG_NEG_trNEGATIVE56804_24_16,0.8751697540283203
FRAG_NEG_trNEGATIVE46561_37_16,0.20779824256896973
FRAG_NEG_trNEGATIVE33335_44_16,0.08685781061649323
FRAG_NEG_trNEGATIVE87083_26_16,0.0003731973120011389
FRAG_NEG_trNEGATIVE88233_27_16,0.007715503219515085
FRAG_NEG_trNEGATIVE40424_30_16,0.0036090188659727573
FRAG_NEG_trNEGATIVE74736_56_16,0.2538258731365204
FRAG_NEG_trNEGATIVE31517_2_16,0.137580007314682
FRAG_NEG_trNEGATIVE74791_57_16,0.26654019951820374
FRAG_NEG_trNEGATIVE32910_14_16,0.013578340411186218
FRAG_NEG_trNEGATIVE64633_42_16,0.0022343583405017853
FRAG_NEG_trNEGATIVE82568_78_16,0.007614533416926861
FRAG_NEG_trNEGATIVE60312_39_16,1.561545650474727e-05
FRAG_NEG_trNEGATIVE53980_70_16,0.02111736312508583
FRAG_NEG_trNEGATIVE94714_34_16,0.4994235932826996
FRAG_NEG_trNEGATIVE48559_47_16,0.1546844094991684
FRAG_NEG_trNEGATIVE40968_7_16,0.0821666270494461
FRAG_NEG_trNEGATIVE31684_31_16,0.0015647778054699302
FRAG_NEG_trNEGATIVE30449_64_16,0.13068602979183197
FRAG_NEG_trNEGATIVE65861_2_16,0.9146272540092468
FRAG_NEG_trNEGATIVE94292_51_16,0.5685694217681885
FRAG_NEG_trNEGATIVE92641_29_16,0.008709227666258812
FRAG_NEG_trNEGATIVE92127_18_16,0.003992011304944754
FRAG_NEG_trNEGATIVE44384_17_16,0.2268047034740448
FRAG_NEG_trNEGATIVE78954_28_16,0.11199389398097992
FRAG_NEG_trNEGATIVE94017_12_16,6.698797369608656e-05
FRAG_NEG_trNEGATIVE83228_2_16,0.019430775195360184
FRAG_NEG_trNEGATIVE67613_2_16,0.7367240190505981
FRAG_NEG_trNEGATIVE54914_8_16,0.862139880657196
FRAG_NEG_trNEGATIVE68972_43_16,0.018868686631321907
FRAG_NEG_trNEGATIVE67888_6_16,0.03161628171801567
FRAG_NEG_trNEGATIVE58718_58_16,0.40129104256629944
FRAG_NEG_trNEGATIVE86831_7_16,0.0025332896038889885
FRAG_NEG_trNEGATIVE65249_65_16,0.01866568811237812
FRAG_NEG_trNEGATIVE94818_14_16,0.5624127984046936
FRAG_NEG_trNEGATIVE48986_17_16,0.3681902289390564
FRAG_NEG_trNEGATIVE60767_28_16,0.35659974813461304
FRAG_NEG_trNEGATIVE59357_12_16,0.23383483290672302
FRAG_NEG_trNEGATIVE84260_15_16,0.048210509121418
FRAG_NEG_trNEGATIVE53736_84_16,0.1648494452238083
FRAG_NEG_trNEGATIVE45035_31_16,0.03783395513892174
FRAG_NEG_trNEGATIVE92537_9_16,0.7561691999435425
FRAG_NEG_trNEGATIVE59717_22_16,0.07927477359771729
FRAG_NEG_trNEGATIVE37883_9_16,0.22217974066734314
FRAG_NEG_trNEGATIVE34363_61_16,0.006730827037245035
FRAG_NEG_trNEGATIVE60930_8_16,0.9938445091247559
FRAG_NEG_trNEGATIVE43609_43_16,0.8097240328788757
FRAG_NEG_trNEGATIVE70393_4_16,0.02371157892048359
FRAG_NEG_trNEGATIVE28224_10_16,0.08320523798465729
FRAG_NEG_trNEGATIVE91130_28_16,0.47309643030166626
FRAG_NEG_trNEGATIVE93817_32_16,0.018048789352178574
FRAG_NEG_trNEGATIVE50867_46_16,0.002284889342263341
FRAG_NEG_trNEGATIVE76283_24_16,0.33090367913246155
FRAG_NEG_trNEGATIVE67566_7_16,0.473442941904068
FRAG_NEG_trNEGATIVE62365_21_16,0.0024039458949118853
FRAG_NEG_trNEGATIVE45208_50_16,0.0738697499036789
FRAG_NEG_trNEGATIVE76879_33_16,0.00413218978792429
FRAG_NEG_trNEGATIVE30369_0_16,0.00022609494044445455
FRAG_NEG_trNEGATIVE84326_46_16,0.039603520184755325
FRAG_NEG_trNEGATIVE78677_30_16,0.09889467060565948
FRAG_NEG_trNEGATIVE86220_32_16,0.5566911697387695
FRAG_NEG_trNEGATIVE87476_25_16,0.0064661577343940735
FRAG_NEG_trNEGATIVE90579_53_16,0.003227680455893278
FRAG_NEG_trNEGATIVE47954_44_16,0.1726183295249939
FRAG_NEG_trNEGATIVE28195_12_16,0.8064748048782349
FRAG_NEG_trNEGATIVE86666_33_16,0.02560504712164402
FRAG_NEG_trNEGATIVE33180_64_16,0.0005154352984391153
FRAG_NEG_trNEGATIVE45235_20_16,0.1586199551820755
FRAG_NEG_trNEGATIVE48495_62_16,0.004822977818548679
FRAG_NEG_trNEGATIVE79038_32_16,0.007417070213705301
FRAG_NEG_trNEGATIVE44293_32_16,0.3153875470161438
FRAG_NEG_trNEGATIVE35903_51_16,0.012704183347523212
FRAG_NEG_trNEGATIVE64723_33_16,0.06966012716293335
FRAG_NEG_trNEGATIVE63531_37_16,0.06079084426164627
FRAG_NEG_trNEGATIVE31139_73_16,0.03670696169137955
FRAG_NEG_trNEGATIVE60601_49_16,0.04588766768574715
FRAG_NEG_trNEGATIVE68397_41_16,0.0023160616401582956
FRAG_NEG_trNEGATIVE42096_45_16,0.0006132585695013404
FRAG_NEG_trNEGATIVE94831_49_16,0.24430735409259796
FRAG_NEG_trNEGATIVE77263_10_16,0.023132797330617905
FRAG_NEG_trNEGATIVE48720_38_16,0.000965045765042305
FRAG_NEG_trNEGATIVE91353_21_16,0.4534895420074463
FRAG_NEG_trNEGATIVE93505_39_16,0.6861530542373657
FRAG_NEG_trNEGATIVE70934_31_16,0.0014741289196535945
FRAG_NEG_trNEGATIVE61977_11_16,0.10873430967330933
FRAG_NEG_trNEGATIVE86087_2_16,0.5554203987121582
FRAG_NEG_trNEGATIVE80088_46_16,0.003210102440789342
FRAG_NEG_trNEGATIVE89587_57_16,0.22886812686920166
FRAG_NEG_trNEGATIVE70956_67_16,0.007147137075662613
FRAG_NEG_trNEGATIVE80119_30_16,0.6013455986976624
FRAG_NEG_trNEGATIVE52530_72_16,0.6902247667312622
FRAG_NEG_trNEGATIVE76267_58_16,0.256095826625824
FRAG_NEG_trNEGATIVE39300_77_16,0.03005288541316986
FRAG_NEG_trNEGATIVE70875_5_16,0.7305155992507935
FRAG_NEG_trNEGATIVE61300_5_16,0.05593864992260933
FRAG_NEG_trNEGATIVE79768_43_16,0.02295624651014805
FRAG_NEG_trNEGATIVE31684_1_16,0.0030993407126516104
FRAG_NEG_trNEGATIVE80883_20_16,0.00460009416565299
FRAG_NEG_trNEGATIVE80956_19_16,0.11990432441234589
FRAG_NEG_trNEGATIVE95503_3_16,0.00022855163842905313
FRAG_NEG_trNEGATIVE81621_40_16,0.2847149074077606
FRAG_NEG_trNEGATIVE92161_54_16,1.5676263501518406e-05
FRAG_NEG_trNEGATIVE44054_20_16,0.3983359634876251
FRAG_NEG_trNEGATIVE40116_8_16,0.0057951766066253185
FRAG_NEG_trNEGATIVE85924_55_16,0.03960777074098587
FRAG_NEG_trNEGATIVE54373_6_16,0.0015745643759146333
FRAG_NEG_trNEGATIVE85002_13_16,0.4277050495147705
FRAG_NEG_trNEGATIVE50739_11_16,0.02024897001683712
FRAG_NEG_trNEGATIVE57136_27_16,0.0074484096840023994
FRAG_NEG_trNEGATIVE35895_36_16,0.024078112095594406
FRAG_NEG_trNEGATIVE64605_53_16,0.002076910575851798
FRAG_NEG_trNEGATIVE73663_54_16,0.5923177003860474
FRAG_NEG_trNEGATIVE91991_45_16,0.0007673818618059158
FRAG_NEG_trNEGATIVE71305_13_16,0.007656437810510397
FRAG_NEG_trNEGATIVE35927_12_16,0.06693098694086075
FRAG_NEG_trNEGATIVE80302_51_16,0.0003326759615447372
FRAG_NEG_trNEGATIVE55270_25_16,0.028383582830429077
FRAG_NEG_trNEGATIVE46189_14_16,0.9864209890365601
FRAG_NEG_trNEGATIVE58934_29_16,0.2124640941619873
FRAG_NEG_trNEGATIVE81346_50_16,0.018900049850344658
FRAG_NEG_trNEGATIVE28014_18_16,0.040482424199581146
FRAG_NEG_trNEGATIVE68402_49_16,0.06394033879041672
FRAG_NEG_trNEGATIVE53567_2_16,0.003079712390899658
FRAG_NEG_trNEGATIVE36275_32_16,0.011059115640819073
FRAG_NEG_trNEGATIVE37957_44_16,0.5160226821899414
FRAG_NEG_trNEGATIVE52191_4_16,0.014304873533546925
FRAG_NEG_trNEGATIVE71193_53_16,0.1369636356830597
FRAG_NEG_trNEGATIVE64700_0_16,8.334126323461533e-05
FRAG_NEG_trNEGATIVE43505_35_16,0.2332696169614792
FRAG_NEG_trNEGATIVE73022_37_16,0.13457521796226501
FRAG_NEG_trNEGATIVE45190_2_16,0.05905047804117203
FRAG_NEG_trNEGATIVE79961_28_16,0.30099213123321533
FRAG_NEG_trNEGATIVE82308_46_16,0.9213991165161133
FRAG_NEG_trNEGATIVE33929_25_16,0.43198370933532715
FRAG_NEG_trNEGATIVE28453_59_16,0.024606408551335335
FRAG_NEG_trNEGATIVE54440_21_16,0.006723546423017979
FRAG_NEG_trNEGATIVE29717_27_16,0.6468149423599243
FRAG_NEG_trNEGATIVE34860_32_16,0.23170693218708038
FRAG_NEG_trNEGATIVE47943_66_16,0.07412610948085785
FRAG_NEG_trNEGATIVE80659_65_16,0.9047964811325073
FRAG_NEG_trNEGATIVE49538_0_16,2.8214353733346798e-05
FRAG_NEG_trNEGATIVE83182_67_16,0.2690584659576416
FRAG_NEG_trNEGATIVE55992_17_16,0.0010559747461229563
FRAG_NEG_trNEGATIVE88017_45_16,0.07431458681821823
FRAG_NEG_trNEGATIVE63742_35_16,0.45157772302627563
FRAG_NEG_trNEGATIVE28970_30_16,0.5964789986610413
FRAG_NEG_trNEGATIVE52672_3_16,0.02916884794831276
FRAG_NEG_trNEGATIVE45852_15_16,0.0012255628826096654
FRAG_NEG_trNEGATIVE87120_1_16,0.0002719632175285369
FRAG_NEG_trNEGATIVE64540_21_16,0.02925121784210205
FRAG_NEG_trNEGATIVE48120_33_16,1.4191027730703354e-05
FRAG_NEG_trNEGATIVE86973_50_16,1.309028721152572e-05
FRAG_NEG_trNEGATIVE39940_60_16,0.525665283203125
FRAG_NEG_trNEGATIVE44225_44_16,0.041079081594944
FRAG_NEG_trNEGATIVE96434_2_16,0.5284746885299683
FRAG_NEG_trNEGATIVE45060_53_16,0.003748661605641246
FRAG_NEG_trNEGATIVE41718_3_16,0.6613302826881409
FRAG_NEG_trNEGATIVE59574_37_16,0.005937100388109684
FRAG_NEG_trNEGATIVE50788_19_16,0.02595135197043419
FRAG_NEG_trNEGATIVE93420_2_16,0.030664976686239243
FRAG_NEG_trNEGATIVE45571_44_16,0.3647112250328064
FRAG_NEG_trNEGATIVE43944_24_16,0.7895485758781433
FRAG_NEG_trNEGATIVE50700_50_16,0.0012567092198878527
FRAG_NEG_trNEGATIVE96930_54_16,0.2190990447998047
FRAG_NEG_trNEGATIVE87653_7_16,6.459128053393215e-05
FRAG_NEG_trNEGATIVE69895_19_16,0.2151188850402832
FRAG_NEG_trNEGATIVE27515_48_16,0.0008364376844838262
FRAG_NEG_trNEGATIVE46224_67_16,0.006727728061378002
FRAG_NEG_trNEGATIVE59129_19_16,0.006041361950337887
FRAG_NEG_trNEGATIVE40152_35_16,0.2461978644132614
FRAG_NEG_trNEGATIVE43001_41_16,0.017766598612070084
FRAG_NEG_trNEGATIVE48986_40_16,0.8171743154525757
FRAG_NEG_trNEGATIVE41659_36_16,0.8877954483032227
FRAG_NEG_trNEGATIVE72967_10_16,0.008021509274840355
FRAG_NEG_trNEGATIVE89767_23_16,0.0007067405967973173
FRAG_NEG_trNEGATIVE29659_50_16,0.0008001449750736356
FRAG_NEG_trNEGATIVE81209_10_16,0.00042789540020748973
FRAG_NEG_trNEGATIVE48993_17_16,0.03448008745908737
FRAG_NEG_trNEGATIVE60235_23_16,0.7884929180145264
FRAG_NEG_trNEGATIVE62338_50_16,0.06928025186061859
FRAG_NEG_trNEGATIVE82469_29_16,0.05463375896215439
FRAG_NEG_trNEGATIVE78001_58_16,0.01731698028743267
FRAG_NEG_trNEGATIVE36562_51_16,0.3938099145889282
FRAG_NEG_trNEGATIVE96783_12_16,0.3162505030632019
FRAG_NEG_trNEGATIVE90101_37_16,0.11269982159137726
FRAG_NEG_trNEGATIVE59274_47_16,0.11304394155740738
FRAG_NEG_trNEGATIVE82897_48_16,0.006336882710456848
FRAG_NEG_trNEGATIVE64220_55_16,0.023076875135302544
FRAG_NEG_trNEGATIVE82169_29_16,0.2904323935508728
FRAG_NEG_trNEGATIVE70788_20_16,0.00017542934801895171
FRAG_NEG_trNEGATIVE75577_9_16,0.05600535869598389
FRAG_NEG_trNEGATIVE70441_42_16,0.0003740027896128595
FRAG_NEG_trNEGATIVE89542_15_16,0.14786219596862793
FRAG_NEG_trNEGATIVE76739_2_16,0.006286083720624447
FRAG_NEG_trNEGATIVE62949_21_16,0.3866273760795593
FRAG_NEG_trNEGATIVE42249_40_16,0.0014670132659375668
FRAG_NEG_trNEGATIVE64850_45_16,0.0032635279931128025
FRAG_NEG_trNEGATIVE35196_61_16,0.031324345618486404
FRAG_NEG_trNEGATIVE92796_41_16,0.14949464797973633
FRAG_NEG_trNEGATIVE90508_13_16,0.3608078360557556
FRAG_NEG_trNEGATIVE94939_53_16,0.8373700976371765
FRAG_NEG_trNEGATIVE78224_6_16,0.05976057052612305
FRAG_NEG_trNEGATIVE86415_21_16,0.8376650810241699
FRAG_NEG_trNEGATIVE46475_30_16,0.27336516976356506
FRAG_NEG_trNEGATIVE36752_28_16,0.9718378782272339
FRAG_NEG_trNEGATIVE91157_0_16,5.7072960771620274e-05
FRAG_NEG_trNEGATIVE52449_40_16,0.036591820418834686
FRAG_NEG_trNEGATIVE48152_62_16,0.2652093172073364
FRAG_NEG_trNEGATIVE69773_17_16,0.03142634406685829
FRAG_NEG_trNEGATIVE40259_31_16,0.02909877337515354
FRAG_NEG_trNEGATIVE56951_12_16,0.01433931477367878
FRAG_NEG_trNEGATIVE50059_1_16,0.12856702506542206
FRAG_NEG_trNEGATIVE50146_25_16,0.0016534309834241867
FRAG_NEG_trNEGATIVE93102_79_16,0.006009349599480629
FRAG_NEG_trNEGATIVE65731_32_16,0.01844591647386551
FRAG_NEG_trNEGATIVE67604_6_16,0.3968419134616852
FRAG_NEG_trNEGATIVE31154_49_16,0.05418075993657112
FRAG_NEG_trNEGATIVE85002_19_16,0.34515687823295593
FRAG_NEG_trNEGATIVE71115_7_16,0.015400046482682228
FRAG_NEG_trNEGATIVE28334_43_16,0.7372636198997498
FRAG_NEG_trNEGATIVE80858_25_16,0.0010218104580417275
FRAG_NEG_trNEGATIVE29015_42_16,0.1421179622411728
FRAG_NEG_trNEGATIVE96786_42_16,0.6444641351699829
FRAG_NEG_trNEGATIVE74726_1_16,0.00011902009282493964
FRAG_NEG_trNEGATIVE86666_74_16,0.009040086530148983
FRAG_NEG_trNEGATIVE43356_15_16,0.08526171743869781
FRAG_NEG_trNEGATIVE47649_3_16,0.6710004210472107
FRAG_NEG_trNEGATIVE95856_74_16,0.12336897850036621
FRAG_NEG_trNEGATIVE90331_40_16,0.003951539751142263
FRAG_NEG_trNEGATIVE31628_2_16,0.08993523567914963
FRAG_NEG_trNEGATIVE38596_62_16,0.6573848128318787
FRAG_NEG_trNEGATIVE45601_22_16,0.051919884979724884
FRAG_NEG_trNEGATIVE49910_26_16,0.012516987510025501
FRAG_NEG_trNEGATIVE72261_18_16,0.22358766198158264
FRAG_NEG_trNEGATIVE78223_50_16,0.006566339638084173
FRAG_NEG_trNEGATIVE51538_24_16,0.023687023669481277
FRAG_NEG_trNEGATIVE52587_45_16,0.28984302282333374
FRAG_NEG_trNEGATIVE93923_51_16,0.0013977548805996776
FRAG_NEG_trNEGATIVE61021_39_16,0.38442930579185486
FRAG_NEG_trNEGATIVE56232_8_16,0.0003275922208558768
FRAG_NEG_trNEGATIVE71096_6_16,0.5510432124137878
FRAG_NEG_trNEGATIVE79033_4_16,0.9630916714668274
FRAG_NEG_trNEGATIVE51908_35_16,0.06872691959142685
FRAG_NEG_trNEGATIVE69126_8_16,0.020843762904405594
FRAG_NEG_trNEGATIVE96180_25_16,0.736719012260437
FRAG_NEG_trNEGATIVE49831_23_16,0.9788228273391724
FRAG_NEG_trNEGATIVE67998_47_16,0.00040506833465769887
FRAG_NEG_trNEGATIVE86577_25_16,0.15740391612052917
FRAG_NEG_trNEGATIVE37267_28_16,0.13031654059886932
FRAG_NEG_trNEGATIVE35026_23_16,0.000184518750756979
FRAG_NEG_trNEGATIVE76788_55_16,0.027922555804252625
FRAG_NEG_trNEGATIVE63373_54_16,0.0005096880486235023
FRAG_NEG_trNEGATIVE53980_27_16,0.25671592354774475
FRAG_NEG_trNEGATIVE89176_23_16,0.9690588116645813
FRAG_NEG_trNEGATIVE97540_8_16,0.997266948223114
FRAG_NEG_trNEGATIVE85930_44_16,0.0021315652411431074
FRAG_NEG_trNEGATIVE69195_12_16,0.5425044894218445
FRAG_NEG_trNEGATIVE57256_2_16,0.20627868175506592
FRAG_NEG_trNEGATIVE73214_42_16,0.27242711186408997
FRAG_NEG_trNEGATIVE39185_19_16,0.005946103483438492
FRAG_NEG_trNEGATIVE86108_37_16,0.3857428729534149
FRAG_NEG_trNEGATIVE56467_8_16,0.3074508309364319
FRAG_NEG_trNEGATIVE74184_57_16,0.14905229210853577
FRAG_NEG_trNEGATIVE50504_53_16,0.14082367718219757
FRAG_NEG_trNEGATIVE86785_60_16,0.00668106134980917
FRAG_NEG_trNEGATIVE59745_53_16,0.6765483021736145
FRAG_NEG_trNEGATIVE38671_14_16,0.7546086311340332
FRAG_NEG_trNEGATIVE77263_40_16,0.1985626369714737
FRAG_NEG_trNEGATIVE79202_58_16,0.0946393832564354
FRAG_NEG_trNEGATIVE44699_15_16,0.31661874055862427
FRAG_NEG_trNEGATIVE79202_1_16,0.06599386781454086
FRAG_NEG_trNEGATIVE66206_35_16,0.003160069929435849
FRAG_NEG_trNEGATIVE54686_15_16,0.06571251899003983
FRAG_NEG_trNEGATIVE29460_45_16,0.018277354538440704
FRAG_NEG_trNEGATIVE48972_7_16,0.0002826140262186527
FRAG_NEG_trNEGATIVE49285_6_16,0.6029728651046753
FRAG_NEG_trNEGATIVE39288_31_16,0.36338382959365845
FRAG_NEG_trNEGATIVE76230_27_16,0.03485303372144699
FRAG_NEG_trNEGATIVE43372_41_16,0.0001553402398712933
FRAG_NEG_trNEGATIVE86892_26_16,0.1879405677318573
FRAG_NEG_trNEGATIVE75977_34_16,0.7327257394790649
FRAG_NEG_trNEGATIVE63916_28_16,0.20446710288524628
FRAG_NEG_trNEGATIVE52522_26_16,0.00676064332947135
FRAG_NEG_trNEGATIVE86577_2_16,0.5694262385368347
FRAG_NEG_trNEGATIVE73084_14_16,0.18389025330543518
FRAG_NEG_trNEGATIVE33900_33_16,0.15593507885932922
FRAG_NEG_trNEGATIVE64168_32_16,0.05821468308568001
FRAG_NEG_trNEGATIVE80087_43_16,0.08564386516809464
FRAG_NEG_trNEGATIVE41609_54_16,0.0047788796946406364
FRAG_NEG_trNEGATIVE42819_55_16,0.0020864089019596577
FRAG_NEG_trNEGATIVE85245_36_16,0.09321700036525726
FRAG_NEG_trNEGATIVE48410_18_16,0.09911905229091644
FRAG_NEG_trNEGATIVE76074_52_16,0.2718554437160492
FRAG_NEG_trNEGATIVE62646_46_16,0.9354952573776245
FRAG_NEG_trNEGATIVE69382_47_16,0.016712209209799767
FRAG_NEG_trNEGATIVE49305_29_16,0.03343193605542183
FRAG_NEG_trNEGATIVE67464_13_16,0.07793306559324265
FRAG_NEG_trNEGATIVE28600_8_16,0.023967646062374115
FRAG_NEG_trNEGATIVE29106_62_16,0.012652136385440826
FRAG_NEG_trNEGATIVE90625_52_16,0.003566202474758029
FRAG_NEG_trNEGATIVE66454_11_16,9.59721437538974e-05
FRAG_NEG_trNEGATIVE44730_49_16,0.534023642539978
FRAG_NEG_trNEGATIVE76074_38_16,0.00011778686894103885
FRAG_NEG_trNEGATIVE46582_34_16,0.02532532438635826
FRAG_NEG_trNEGATIVE44694_5_16,0.0011343713849782944
FRAG_NEG_trNEGATIVE77659_22_16,0.00640993844717741
FRAG_NEG_trNEGATIVE74572_27_16,0.3310398757457733
FRAG_NEG_trNEGATIVE84790_28_16,0.45636695623397827
FRAG_NEG_trNEGATIVE97568_64_16,0.08253200352191925
FRAG_NEG_trNEGATIVE78551_51_16,0.009336276911199093
FRAG_NEG_trNEGATIVE80483_47_16,0.43383270502090454
FRAG_NEG_trNEGATIVE44058_5_16,0.1862073838710785
FRAG_NEG_trNEGATIVE62668_63_16,0.17691929638385773
FRAG_NEG_trNEGATIVE89184_67_16,0.09581170976161957
FRAG_NEG_trNEGATIVE42689_24_16,0.0006547743687406182
FRAG_NEG_trNEGATIVE96298_17_16,0.008650070056319237
FRAG_NEG_trNEGATIVE88247_25_16,0.03212684020400047
FRAG_NEG_trNEGATIVE36290_7_16,0.3428174555301666
FRAG_NEG_trNEGATIVE27956_59_16,0.013637864962220192
FRAG_NEG_trNEGATIVE72553_5_16,0.009457787498831749
FRAG_NEG_trNEGATIVE65270_35_16,0.02354680560529232
FRAG_NEG_trNEGATIVE73694_27_16,0.025479819625616074
FRAG_NEG_trNEGATIVE35188_10_16,0.001849238178692758
FRAG_NEG_trNEGATIVE68813_17_16,0.0016948559787124395
FRAG_NEG_trNEGATIVE30647_48_16,0.0015108103398233652
FRAG_NEG_trNEGATIVE42010_8_16,0.020952120423316956
FRAG_NEG_trNEGATIVE80221_20_16,0.06574475020170212
FRAG_NEG_trNEGATIVE97544_29_16,0.011274703778326511
FRAG_NEG_trNEGATIVE57102_4_16,0.17060574889183044
FRAG_NEG_trNEGATIVE65010_7_16,0.0015767847653478384
FRAG_NEG_trNEGATIVE96937_9_16,0.47627535462379456
FRAG_NEG_trNEGATIVE83228_23_16,0.00871337205171585
FRAG_NEG_trNEGATIVE66279_22_16,0.04082704335451126
FRAG_NEG_trNEGATIVE70325_31_16,0.021392595022916794
FRAG_NEG_trNEGATIVE82808_2_16,0.7962190508842468
FRAG_NEG_trNEGATIVE44996_54_16,0.02673063613474369
FRAG_NEG_trNEGATIVE38371_70_16,0.4926129877567291
FRAG_NEG_trNEGATIVE39688_27_16,0.0050186533480882645
FRAG_NEG_trNEGATIVE50090_13_16,0.004400358069688082
FRAG_NEG_trNEGATIVE64190_19_16,0.007493611425161362
FRAG_NEG_trNEGATIVE51070_54_16,0.19807787239551544
FRAG_NEG_trNEGATIVE78381_38_16,0.0025448808446526527
FRAG_NEG_trNEGATIVE36084_68_16,7.204302528407425e-05
FRAG_NEG_trNEGATIVE69216_68_16,0.0017488915473222733
FRAG_NEG_trNEGATIVE40980_44_16,0.7576496005058289
FRAG_NEG_trNEGATIVE83485_55_16,0.1355523020029068
FRAG_NEG_trNEGATIVE92127_14_16,0.0004993937909603119
FRAG_NEG_trNEGATIVE42893_7_16,0.02632264420390129
FRAG_NEG_trNEGATIVE87165_56_16,0.0006194307352416217
FRAG_NEG_trNEGATIVE91196_5_16,0.48140859603881836
FRAG_NEG_trNEGATIVE89832_0_16,6.214995664777234e-05
FRAG_NEG_trNEGATIVE95448_48_16,0.00453839311376214
FRAG_NEG_trNEGATIVE80787_28_16,0.12792453169822693
FRAG_NEG_trNEGATIVE83875_21_16,0.08907974511384964
FRAG_NEG_trNEGATIVE33646_16_16,0.6137043237686157
FRAG_NEG_trNEGATIVE96170_0_16,7.490695679734927e-06
FRAG_NEG_trNEGATIVE74351_79_16,0.09363322705030441
FRAG_NEG_trNEGATIVE80716_2_16,0.005306881852447987
FRAG_NEG_trNEGATIVE40100_12_16,0.026380449533462524
FRAG_NEG_trNEGATIVE76485_69_16,0.010379131883382797
FRAG_NEG_trNEGATIVE83357_47_16,0.7497349977493286
FRAG_NEG_trNEGATIVE39838_51_16,0.04025166854262352
FRAG_NEG_trNEGATIVE91442_34_16,0.9596554040908813
FRAG_NEG_trNEGATIVE45481_6_16,0.4982646405696869
FRAG_NEG_trNEGATIVE84700_49_16,0.39117175340652466
FRAG_NEG_trNEGATIVE37677_14_16,0.16503968834877014
FRAG_NEG_trNEGATIVE68121_51_16,0.09123877435922623
FRAG_NEG_trNEGATIVE39771_14_16,0.0007523471722379327
FRAG_NEG_trNEGATIVE70698_17_16,0.9366186261177063
FRAG_NEG_trNEGATIVE62896_31_16,0.21299979090690613
FRAG_NEG_trNEGATIVE51467_9_16,0.05162236839532852
FRAG_NEG_trNEGATIVE70267_63_16,0.33445143699645996
FRAG_NEG_trNEGATIVE65364_69_16,0.13826340436935425
FRAG_NEG_trNEGATIVE53671_57_16,0.1895643174648285
FRAG_NEG_trNEGATIVE59493_22_16,0.009491212666034698
FRAG_NEG_trNEGATIVE80221_14_16,3.4418742870911956e-05
FRAG_NEG_trNEGATIVE37994_26_16,0.15723517537117004
FRAG_NEG_trNEGATIVE53259_10_16,0.11033500730991364
FRAG_NEG_trNEGATIVE32567_30_16,0.23588493466377258
FRAG_NEG_trNEGATIVE28456_59_16,0.3095327317714691
FRAG_NEG_trNEGATIVE60368_37_16,0.810520350933075
FRAG_NEG_trNEGATIVE71780_27_16,0.4625709652900696
FRAG_NEG_trNEGATIVE41457_19_16,0.23765984177589417
FRAG_NEG_trNEGATIVE88900_64_16,0.0780429095029831
FRAG_NEG_trNEGATIVE72133_1_16,0.00022261127014644444
FRAG_NEG_trNEGATIVE89718_10_16,0.8574216961860657
FRAG_NEG_trNEGATIVE38860_37_16,0.19489805400371552
FRAG_NEG_trNEGATIVE86732_11_16,0.004554376006126404
FRAG_NEG_trNEGATIVE97267_31_16,0.0020997095853090286
FRAG_NEG_trNEGATIVE39793_10_16,0.05080572888255119
FRAG_NEG_trNEGATIVE92907_33_16,0.49110889434814453
FRAG_NEG_trNEGATIVE70441_8_16,0.14341063797473907
FRAG_NEG_trNEGATIVE34365_43_17,0.125228151679039
FRAG_NEG_trNEGATIVE71562_24_17,0.6148974895477295
FRAG_NEG_trNEGATIVE95054_55_17,0.02724263072013855
FRAG_NEG_trNEGATIVE68112_29_17,0.0033592688851058483
FRAG_NEG_trNEGATIVE70594_5_17,0.07833786308765411
FRAG_NEG_trNEGATIVE62084_19_17,0.07828958332538605
FRAG_NEG_trNEGATIVE32585_20_17,0.043077252805233
FRAG_NEG_trNEGATIVE69351_3_17,0.00039001688128337264
FRAG_NEG_trNEGATIVE63567_4_17,0.28725528717041016
FRAG_NEG_trNEGATIVE29366_50_17,0.00405137101188302
FRAG_NEG_trNEGATIVE34370_28_17,0.45053935050964355
FRAG_NEG_trNEGATIVE97332_16_17,0.12304339557886124
FRAG_NEG_trNEGATIVE42400_54_17,2.432664405205287e-05
FRAG_NEG_trNEGATIVE72919_78_17,0.010037531144917011
FRAG_NEG_trNEGATIVE48964_12_17,0.19306132197380066
FRAG_NEG_trNEGATIVE95219_47_17,0.3994925022125244
FRAG_NEG_trNEGATIVE67287_59_17,0.07684050500392914
FRAG_NEG_trNEGATIVE91415_74_17,0.4159291386604309
FRAG_NEG_trNEGATIVE81708_15_17,0.004812856204807758
FRAG_NEG_trNEGATIVE92954_59_17,0.5313998460769653
FRAG_NEG_trNEGATIVE70668_60_17,0.0013508921256288886
FRAG_NEG_trNEGATIVE84292_4_17,0.2072853147983551
FRAG_NEG_trNEGATIVE67117_33_17,0.32255205512046814
FRAG_NEG_trNEGATIVE58935_15_17,0.005525803193449974
FRAG_NEG_trNEGATIVE58334_34_17,0.007450492586940527
FRAG_NEG_trNEGATIVE47369_18_17,0.033674456179142
FRAG_NEG_trNEGATIVE81661_17_17,0.017116088420152664
FRAG_NEG_trNEGATIVE74182_6_17,0.18638379871845245
FRAG_NEG_trNEGATIVE53380_32_17,0.0021037831902503967
FRAG_NEG_trNEGATIVE68465_49_17,0.011378818191587925
FRAG_NEG_trNEGATIVE70084_39_17,0.0017519185785204172
FRAG_NEG_trNEGATIVE32633_21_17,0.24213752150535583
FRAG_NEG_trNEGATIVE76485_8_17,0.045131850987672806
FRAG_NEG_trNEGATIVE27564_50_17,0.6787537336349487
FRAG_NEG_trNEGATIVE88445_6_17,0.062168993055820465
FRAG_NEG_trNEGATIVE27881_37_17,0.004105067811906338
FRAG_NEG_trNEGATIVE81335_22_17,0.011204157955944538
FRAG_NEG_trNEGATIVE76814_22_17,0.4935527741909027
FRAG_NEG_trNEGATIVE56358_17_17,0.004186565987765789
FRAG_NEG_trNEGATIVE96587_40_17,0.07512781769037247
FRAG_NEG_trNEGATIVE74374_26_17,0.3967277407646179
FRAG_NEG_trNEGATIVE46479_42_17,0.0511944517493248
FRAG_NEG_trNEGATIVE62212_16_17,0.02942831814289093
FRAG_NEG_trNEGATIVE89408_3_17,0.5682591795921326
FRAG_NEG_trNEGATIVE96505_21_17,0.11212871968746185
FRAG_NEG_trNEGATIVE78543_20_17,0.00010535326873650774
FRAG_NEG_trNEGATIVE39971_21_17,0.01250101625919342
FRAG_NEG_trNEGATIVE51963_11_17,0.9164226651191711
FRAG_NEG_trNEGATIVE31778_26_17,0.07959006726741791
FRAG_NEG_trNEGATIVE45411_36_17,0.03262834995985031
FRAG_NEG_trNEGATIVE44904_1_17,0.15966227650642395
FRAG_NEG_trNEGATIVE77990_61_17,0.022864297032356262
FRAG_NEG_trNEGATIVE27872_58_17,0.032196659594774246
FRAG_NEG_trNEGATIVE50130_18_17,0.013813318684697151
FRAG_NEG_trNEGATIVE46331_3_17,0.19636157155036926
FRAG_NEG_trNEGATIVE38089_37_17,0.4318775236606598
FRAG_NEG_trNEGATIVE90276_19_17,0.002964590210467577
FRAG_NEG_trNEGATIVE78223_34_17,0.9477865099906921
FRAG_NEG_trNEGATIVE68229_70_17,3.580163365768385e-06
FRAG_NEG_trNEGATIVE64188_36_17,1.6725622344893054e-06
FRAG_NEG_trNEGATIVE40897_36_17,0.01773783005774021
FRAG_NEG_trNEGATIVE89076_54_17,0.7659406661987305
FRAG_NEG_trNEGATIVE34430_20_17,0.006572400219738483
FRAG_NEG_trNEGATIVE93501_13_17,0.001800122088752687
FRAG_NEG_trNEGATIVE78139_26_17,0.09609660506248474
FRAG_NEG_trNEGATIVE66761_35_17,4.223756491228414e-07
FRAG_NEG_trNEGATIVE69114_6_17,0.9834194183349609
FRAG_NEG_trNEGATIVE62627_9_17,0.03582244738936424
FRAG_NEG_trNEGATIVE51070_26_17,0.41973406076431274
FRAG_NEG_trNEGATIVE38271_8_17,0.08877313137054443
FRAG_NEG_trNEGATIVE80494_3_17,0.562637209892273
FRAG_NEG_trNEGATIVE69136_1_17,0.7119544744491577
FRAG_NEG_trNEGATIVE40482_16_17,0.00041782105108723044
FRAG_NEG_trNEGATIVE27573_23_17,0.00011755232844734564
FRAG_NEG_trNEGATIVE57444_19_17,0.1457037478685379
FRAG_NEG_trNEGATIVE94584_54_17,0.511705756187439
FRAG_NEG_trNEGATIVE60601_29_17,0.03553887829184532
FRAG_NEG_trNEGATIVE54902_50_17,0.03363979980349541
FRAG_NEG_trNEGATIVE48177_20_17,0.0003049924271181226
FRAG_NEG_trNEGATIVE79569_43_17,0.0020740856416523457
FRAG_NEG_trNEGATIVE67382_27_17,0.0800204947590828
FRAG_NEG_trNEGATIVE51840_70_17,0.015528647229075432
FRAG_NEG_trNEGATIVE46371_23_17,0.0008648810908198357
FRAG_NEG_trNEGATIVE89180_18_17,0.05749010294675827
FRAG_NEG_trNEGATIVE29979_13_17,0.015082535333931446
FRAG_NEG_trNEGATIVE31404_1_17,0.008675984106957912
FRAG_NEG_trNEGATIVE63107_34_17,4.405348590807989e-05
FRAG_NEG_trNEGATIVE34067_27_17,0.05135972425341606
FRAG_NEG_trNEGATIVE34696_26_17,0.3824292719364166
FRAG_NEG_trNEGATIVE92531_65_17,0.0005331529537215829
FRAG_NEG_trNEGATIVE83702_21_17,0.0004583410918712616
FRAG_NEG_trNEGATIVE35595_4_17,0.28168460726737976
FRAG_NEG_trNEGATIVE41920_39_17,0.0076017179526388645
FRAG_NEG_trNEGATIVE37328_46_17,0.00034893600968644023
FRAG_NEG_trNEGATIVE72375_27_17,0.021033039316534996
FRAG_NEG_trNEGATIVE85761_7_17,0.001256326911970973
FRAG_NEG_trNEGATIVE37637_29_17,0.29766207933425903
FRAG_NEG_trNEGATIVE35918_6_17,0.2982149124145508
FRAG_NEG_trNEGATIVE54987_53_17,0.13560011982917786
FRAG_NEG_trNEGATIVE83372_44_17,0.0006801437120884657
FRAG_NEG_trNEGATIVE79038_2_17,0.06026102229952812
FRAG_NEG_trNEGATIVE49538_5_17,0.02227052114903927
FRAG_NEG_trNEGATIVE53160_40_17,0.009963330812752247
FRAG_NEG_trNEGATIVE38687_19_17,0.06620156764984131
FRAG_NEG_trNEGATIVE75833_56_17,0.1454632729291916
FRAG_NEG_trNEGATIVE75662_20_17,0.5046198964118958
FRAG_NEG_trNEGATIVE69222_9_17,0.0011855440679937601
FRAG_NEG_trNEGATIVE54448_21_17,0.026179101318120956
FRAG_NEG_trNEGATIVE30609_56_17,0.5700926780700684
FRAG_NEG_trNEGATIVE90508_37_17,0.006194941233843565
FRAG_NEG_trNEGATIVE78345_46_17,0.07880468666553497
FRAG_NEG_trNEGATIVE75796_34_17,0.9799379110336304
FRAG_NEG_trNEGATIVE61974_42_17,0.03967394307255745
FRAG_NEG_trNEGATIVE95312_10_17,0.8669300079345703
FRAG_NEG_trNEGATIVE92723_25_17,0.0005135521059855819
FRAG_NEG_trNEGATIVE86307_59_17,0.7780223488807678
FRAG_NEG_trNEGATIVE52626_36_17,0.032002732157707214
FRAG_NEG_trNEGATIVE47431_48_17,0.19120754301548004
FRAG_NEG_trNEGATIVE89412_44_17,0.005372827872633934
FRAG_NEG_trNEGATIVE59955_49_17,0.046975027769804
FRAG_NEG_trNEGATIVE45625_13_17,0.1034688949584961
FRAG_NEG_trNEGATIVE77835_4_17,0.06994293630123138
FRAG_NEG_trNEGATIVE66179_65_17,0.007022482808679342
FRAG_NEG_trNEGATIVE27833_11_17,0.054040491580963135
FRAG_NEG_trNEGATIVE31512_26_17,0.042002979665994644
FRAG_NEG_trNEGATIVE78032_36_17,0.01152203232049942
FRAG_NEG_trNEGATIVE66060_6_17,0.5045706629753113
FRAG_NEG_trNEGATIVE43981_6_17,0.25908932089805603
FRAG_NEG_trNEGATIVE44475_5_17,0.7526863813400269
FRAG_NEG_trNEGATIVE66415_16_17,0.6945353150367737
FRAG_NEG_trNEGATIVE44266_45_17,0.05334658548235893
FRAG_NEG_trNEGATIVE76997_19_17,0.002279353328049183
FRAG_NEG_trNEGATIVE47062_59_17,0.013114707544445992
FRAG_NEG_trNEGATIVE69111_15_17,0.0011354691814631224
FRAG_NEG_trNEGATIVE60873_71_17,0.008611197583377361
FRAG_NEG_trNEGATIVE74918_17_17,0.5951896905899048
FRAG_NEG_trNEGATIVE72438_55_17,0.3568442463874817
FRAG_NEG_trNEGATIVE82852_7_17,0.9625788927078247
FRAG_NEG_trNEGATIVE82808_44_17,0.014036668464541435
FRAG_NEG_trNEGATIVE76196_13_17,0.04449028894305229
FRAG_NEG_trNEGATIVE64716_29_17,0.0009611260029487312
FRAG_NEG_trNEGATIVE76813_48_17,0.6621657609939575
FRAG_NEG_trNEGATIVE45442_2_17,0.6557444334030151
FRAG_NEG_trNEGATIVE57569_47_17,4.186405931250192e-06
FRAG_NEG_trNEGATIVE96848_3_17,0.5878210663795471
FRAG_NEG_trNEGATIVE74328_46_17,0.9902635812759399
FRAG_NEG_trNEGATIVE97332_46_17,0.009924938902258873
FRAG_NEG_trNEGATIVE32040_51_17,0.0236617811024189
FRAG_NEG_trNEGATIVE86305_14_17,0.0829802006483078
FRAG_NEG_trNEGATIVE79241_3_17,5.831634553032927e-05
FRAG_NEG_trNEGATIVE76944_43_17,0.7915338277816772
FRAG_NEG_trNEGATIVE37175_26_17,0.13356806337833405
FRAG_NEG_trNEGATIVE38053_51_17,0.0002053227071883157
FRAG_NEG_trNEGATIVE84205_74_17,0.15825910866260529
FRAG_NEG_trNEGATIVE30978_41_17,0.08107343316078186
FRAG_NEG_trNEGATIVE50300_17_17,0.012140044011175632
FRAG_NEG_trNEGATIVE61098_31_17,0.14123401045799255
FRAG_NEG_trNEGATIVE44745_37_17,0.0014648345531895757
FRAG_NEG_trNEGATIVE33023_37_17,0.8160065412521362
FRAG_NEG_trNEGATIVE30297_3_17,0.10928134620189667
FRAG_NEG_trNEGATIVE34654_61_17,0.6584370136260986
FRAG_NEG_trNEGATIVE63406_1_17,0.2005433291196823
FRAG_NEG_trNEGATIVE43334_61_17,0.03122960403561592
FRAG_NEG_trNEGATIVE28179_4_17,0.012440163642168045
FRAG_NEG_trNEGATIVE56388_55_17,8.811191946733743e-05
FRAG_NEG_trNEGATIVE73348_12_17,0.000622960040345788
FRAG_NEG_trNEGATIVE90057_43_17,4.3444855691632256e-05
FRAG_NEG_trNEGATIVE50631_25_17,0.23557868599891663
FRAG_NEG_trNEGATIVE73079_74_17,0.004033504519611597
FRAG_NEG_trNEGATIVE71862_47_17,0.31927207112312317
FRAG_NEG_trNEGATIVE72353_17_17,0.02899043634533882
FRAG_NEG_trNEGATIVE79490_44_17,0.24689412117004395
FRAG_NEG_trNEGATIVE97413_49_17,0.5097302198410034
FRAG_NEG_trNEGATIVE89874_58_17,0.7764806747436523
FRAG_NEG_trNEGATIVE71361_17_17,0.44864028692245483
FRAG_NEG_trNEGATIVE43395_41_17,0.3187280595302582
FRAG_NEG_trNEGATIVE40124_27_17,0.005894993897527456
FRAG_NEG_trNEGATIVE50227_49_17,0.027462974190711975
FRAG_NEG_trNEGATIVE39694_65_17,0.7635211944580078
FRAG_NEG_trNEGATIVE36530_30_17,0.0019486466189846396
FRAG_NEG_trNEGATIVE49874_81_17,0.1824990212917328
FRAG_NEG_trNEGATIVE39622_54_17,0.9980270266532898
FRAG_NEG_trNEGATIVE52053_51_17,0.002145807957276702
FRAG_NEG_trNEGATIVE67237_76_17,0.04679971933364868
FRAG_NEG_trNEGATIVE30297_8_17,0.5555222034454346
FRAG_NEG_trNEGATIVE71818_42_17,0.8208138346672058
FRAG_NEG_trNEGATIVE82043_56_17,5.751201115344884e-06
FRAG_NEG_trNEGATIVE60570_41_17,0.44408005475997925
FRAG_NEG_trNEGATIVE40068_46_17,0.04851064831018448
FRAG_NEG_trNEGATIVE86228_60_17,0.0002468489983584732
FRAG_NEG_trNEGATIVE82713_45_17,0.002984255086630583
FRAG_NEG_trNEGATIVE60805_3_17,0.00874329637736082
FRAG_NEG_trNEGATIVE41201_56_17,0.1259232610464096
FRAG_NEG_trNEGATIVE82411_11_17,0.9418347477912903
FRAG_NEG_trNEGATIVE88780_50_17,0.23884303867816925
FRAG_NEG_trNEGATIVE78874_12_17,0.018153054639697075
FRAG_NEG_trNEGATIVE77954_5_17,0.2443600594997406
FRAG_NEG_trNEGATIVE44227_68_17,0.019077526405453682
FRAG_NEG_trNEGATIVE97128_55_17,0.001141969347372651
FRAG_NEG_trNEGATIVE66408_62_17,0.14556410908699036
FRAG_NEG_trNEGATIVE82858_26_17,0.032870806753635406
FRAG_NEG_trNEGATIVE70534_51_17,0.9673227071762085
FRAG_NEG_trNEGATIVE57999_69_17,0.1074662059545517
FRAG_NEG_trNEGATIVE53046_22_17,0.04337527975440025
FRAG_NEG_trNEGATIVE58888_71_17,0.00018558675947133452
FRAG_NEG_trNEGATIVE34341_61_17,0.6583132147789001
FRAG_NEG_trNEGATIVE95623_25_17,0.00014790442946832627
FRAG_NEG_trNEGATIVE38265_37_17,0.20556263625621796
FRAG_NEG_trNEGATIVE28868_30_17,0.5978974103927612
FRAG_NEG_trNEGATIVE42422_48_17,0.004223669413477182
FRAG_NEG_trNEGATIVE34162_53_17,0.14574764668941498
FRAG_NEG_trNEGATIVE92287_18_17,0.026040062308311462
FRAG_NEG_trNEGATIVE54276_49_17,0.01086765993386507
FRAG_NEG_trNEGATIVE56020_12_17,0.025725841522216797
FRAG_NEG_trNEGATIVE68779_33_17,0.0002500334521755576
FRAG_NEG_trNEGATIVE56020_14_17,0.1475776880979538
FRAG_NEG_trNEGATIVE54767_47_17,0.9803496599197388
FRAG_NEG_trNEGATIVE82980_18_17,0.03306637704372406
FRAG_NEG_trNEGATIVE80883_36_17,0.0030262169893831015
FRAG_NEG_trNEGATIVE58868_70_17,0.042888857424259186
FRAG_NEG_trNEGATIVE51555_6_17,0.6870602369308472
FRAG_NEG_trNEGATIVE95202_13_17,0.0044942330569028854
FRAG_NEG_trNEGATIVE93756_1_17,0.5946852564811707
FRAG_NEG_trNEGATIVE42932_15_17,0.2877126634120941
FRAG_NEG_trNEGATIVE94390_17_17,0.7539905309677124
FRAG_NEG_trNEGATIVE68036_81_17,0.21826939284801483
FRAG_NEG_trNEGATIVE85755_22_17,0.0014461457030847669
FRAG_NEG_trNEGATIVE34365_11_17,0.18385770916938782
FRAG_NEG_trNEGATIVE53131_67_17,0.006393211428076029
FRAG_NEG_trNEGATIVE51669_2_17,0.0016689456533640623
FRAG_NEG_trNEGATIVE55026_30_17,0.2720356583595276
FRAG_NEG_trNEGATIVE53751_45_17,0.9236193895339966
FRAG_NEG_trNEGATIVE53121_15_17,0.0014785566600039601
FRAG_NEG_trNEGATIVE83887_20_17,0.21788211166858673
FRAG_NEG_trNEGATIVE48317_52_17,0.4158627390861511
FRAG_NEG_trNEGATIVE44277_54_17,0.2208729088306427
FRAG_NEG_trNEGATIVE56008_3_17,0.0035396218299865723
FRAG_NEG_trNEGATIVE49102_30_17,0.15054842829704285
FRAG_NEG_trNEGATIVE45921_48_17,0.0022582593373954296
FRAG_NEG_trNEGATIVE39489_3_17,0.06531389057636261
FRAG_NEG_trNEGATIVE38441_50_17,0.012782973237335682
FRAG_NEG_trNEGATIVE84856_21_17,0.016339821740984917
FRAG_NEG_trNEGATIVE72212_14_17,0.012440970167517662
FRAG_NEG_trNEGATIVE88083_46_17,0.13779689371585846
FRAG_NEG_trNEGATIVE62945_42_17,0.0005637863650918007
FRAG_NEG_trNEGATIVE54210_7_17,0.0025860590394586325
FRAG_NEG_trNEGATIVE29314_10_17,0.008863722905516624
FRAG_NEG_trNEGATIVE35870_26_17,0.0008201535674743354
FRAG_NEG_trNEGATIVE59428_25_17,0.7920024394989014
FRAG_NEG_trNEGATIVE50064_37_17,0.30708473920822144
FRAG_NEG_trNEGATIVE48190_33_17,0.10907193273305893
FRAG_NEG_trNEGATIVE61599_1_17,0.9902887344360352
FRAG_NEG_trNEGATIVE50018_64_17,0.8534919619560242
FRAG_NEG_trNEGATIVE90639_7_17,0.9183155298233032
FRAG_NEG_trNEGATIVE51781_9_17,0.5790935754776001
FRAG_NEG_trNEGATIVE75283_58_17,0.012799954041838646
FRAG_NEG_trNEGATIVE94741_32_17,0.5884534120559692
FRAG_NEG_trNEGATIVE73683_66_17,0.0028451853431761265
FRAG_NEG_trNEGATIVE91942_53_17,0.06002047657966614
FRAG_NEG_trNEGATIVE93869_24_17,0.015448448248207569
FRAG_NEG_trNEGATIVE84864_32_17,0.5257571935653687
FRAG_NEG_trNEGATIVE79316_57_17,0.049638088792562485
FRAG_NEG_trNEGATIVE94487_35_17,0.006333380937576294
FRAG_NEG_trNEGATIVE49274_43_17,0.9745454788208008
FRAG_NEG_trNEGATIVE68920_62_17,0.1768089234828949
FRAG_NEG_trNEGATIVE93501_9_17,0.021360071375966072
FRAG_NEG_trNEGATIVE43670_24_17,0.02321571484208107
FRAG_NEG_trNEGATIVE68520_32_17,0.44033557176589966
FRAG_NEG_trNEGATIVE28417_14_17,0.058596573770046234
FRAG_NEG_trNEGATIVE89761_34_17,0.0012538915034383535
FRAG_NEG_trNEGATIVE59307_17_17,0.014567066915333271
FRAG_NEG_trNEGATIVE71921_27_17,0.03866109997034073
FRAG_NEG_trNEGATIVE29638_18_17,0.843152642250061
FRAG_NEG_trNEGATIVE82852_0_17,1.0786562597786542e-05
FRAG_NEG_trNEGATIVE71439_24_17,0.005259120371192694
FRAG_NEG_trNEGATIVE78280_22_17,0.005910397507250309
FRAG_NEG_trNEGATIVE64102_22_17,0.0019354211399331689
FRAG_NEG_trNEGATIVE65267_37_17,0.3051500618457794
FRAG_NEG_trNEGATIVE88472_75_17,0.001510821864940226
FRAG_NEG_trNEGATIVE70393_26_17,0.13053753972053528
FRAG_NEG_trNEGATIVE28289_17_17,0.01700008660554886
FRAG_NEG_trNEGATIVE64940_1_17,0.42007485032081604
FRAG_NEG_trNEGATIVE83601_22_17,0.0023733777925372124
FRAG_NEG_trNEGATIVE80113_6_17,0.006057557184249163
FRAG_NEG_trNEGATIVE48327_19_17,0.012333104386925697
FRAG_NEG_trNEGATIVE69214_0_17,0.028176963329315186
FRAG_NEG_trNEGATIVE94174_1_17,0.07826113700866699
FRAG_NEG_trNEGATIVE44880_38_17,0.041982538998126984
FRAG_NEG_trNEGATIVE92641_21_17,0.0646945908665657
FRAG_NEG_trNEGATIVE78452_49_17,0.3893626630306244
FRAG_NEG_trNEGATIVE38366_21_17,0.0004355633573140949
FRAG_NEG_trNEGATIVE29352_26_17,0.05015954375267029
FRAG_NEG_trNEGATIVE83814_51_17,0.7269070744514465
FRAG_NEG_trNEGATIVE81771_4_17,0.9956440925598145
FRAG_NEG_trNEGATIVE28847_22_17,0.773000955581665
FRAG_NEG_trNEGATIVE82384_23_17,0.16743668913841248
FRAG_NEG_trNEGATIVE81321_36_17,0.0009290430461987853
FRAG_NEG_trNEGATIVE97223_32_17,0.9545143246650696
FRAG_NEG_trNEGATIVE45138_66_17,0.16692416369915009
FRAG_NEG_trNEGATIVE74744_24_17,0.010676709935069084
FRAG_NEG_trNEGATIVE62485_42_17,0.006908548064529896
FRAG_NEG_trNEGATIVE33493_15_17,0.8401120901107788
FRAG_NEG_trNEGATIVE48551_1_17,0.0007260586135089397
FRAG_NEG_trNEGATIVE44730_17_17,0.39399129152297974
FRAG_NEG_trNEGATIVE66233_41_17,0.13948982954025269
FRAG_NEG_trNEGATIVE28054_40_17,0.007918834686279297
FRAG_NEG_trNEGATIVE56579_73_17,0.003905313555151224
FRAG_NEG_trNEGATIVE39940_20_17,0.00028408956131897867
FRAG_NEG_trNEGATIVE89542_42_17,0.9912470579147339
FRAG_NEG_trNEGATIVE66632_11_17,0.4746699333190918
FRAG_NEG_trNEGATIVE79289_40_17,0.0068733543157577515
FRAG_NEG_trNEGATIVE83774_69_17,0.4889422357082367
FRAG_NEG_trNEGATIVE89470_44_17,0.48991337418556213
FRAG_NEG_trNEGATIVE70278_27_17,0.3972381055355072
FRAG_NEG_trNEGATIVE89466_4_17,0.02425861731171608
FRAG_NEG_trNEGATIVE38254_18_17,0.6701540350914001
FRAG_NEG_trNEGATIVE79147_19_17,0.0029103546403348446
FRAG_NEG_trNEGATIVE86626_49_17,0.6009708046913147
FRAG_NEG_trNEGATIVE49285_51_17,0.021758023649454117
FRAG_NEG_trNEGATIVE42249_9_17,0.012376826256513596
FRAG_NEG_trNEGATIVE40068_78_17,0.0865245908498764
FRAG_NEG_trNEGATIVE69427_15_17,0.25521019101142883
FRAG_NEG_trNEGATIVE77548_22_17,0.17419272661209106
FRAG_NEG_trNEGATIVE37914_57_17,0.3150056004524231
FRAG_NEG_trNEGATIVE95814_42_17,0.0012566482182592154
FRAG_NEG_trNEGATIVE53618_34_17,0.2715013325214386
FRAG_NEG_trNEGATIVE56788_23_17,0.10670453310012817
FRAG_NEG_trNEGATIVE85580_40_17,0.10761868953704834
FRAG_NEG_trNEGATIVE43149_13_17,0.027580585330724716
FRAG_NEG_trNEGATIVE62775_11_17,0.22234399616718292
FRAG_NEG_trNEGATIVE52972_46_17,0.272858202457428
FRAG_NEG_trNEGATIVE29460_24_17,0.36024966835975647
FRAG_NEG_trNEGATIVE96331_25_17,7.995394116733223e-05
FRAG_NEG_trNEGATIVE45125_23_17,0.5098543763160706
FRAG_NEG_trNEGATIVE42733_66_17,0.984300971031189
FRAG_NEG_trNEGATIVE87004_60_17,0.23607602715492249
FRAG_NEG_trNEGATIVE88319_15_17,0.958593487739563
FRAG_NEG_trNEGATIVE86900_45_17,0.3152751326560974
FRAG_NEG_trNEGATIVE30265_51_17,0.05685114115476608
FRAG_NEG_trNEGATIVE91438_17_17,0.043087899684906006
FRAG_NEG_trNEGATIVE85162_10_17,0.0927530974149704
FRAG_NEG_trNEGATIVE93258_23_17,0.7370392084121704
FRAG_NEG_trNEGATIVE28749_37_17,0.012050177901983261
FRAG_NEG_trNEGATIVE41022_11_17,0.1979900598526001
FRAG_NEG_trNEGATIVE49229_22_17,0.15910924971103668
FRAG_NEG_trNEGATIVE61194_0_17,0.23607280850410461
FRAG_NEG_trNEGATIVE76393_44_17,0.06578079611063004
FRAG_NEG_trNEGATIVE69680_46_17,0.4804254174232483
FRAG_NEG_trNEGATIVE62578_76_17,0.2970307469367981
FRAG_NEG_trNEGATIVE67517_21_17,0.09687842428684235
FRAG_NEG_trNEGATIVE77111_49_17,0.005043819546699524
FRAG_NEG_trNEGATIVE69522_51_17,0.0345589816570282
FRAG_NEG_trNEGATIVE35741_29_17,0.019969094544649124
FRAG_NEG_trNEGATIVE67086_60_17,0.010364478453993797
FRAG_NEG_trNEGATIVE90769_2_17,0.3973233997821808
FRAG_NEG_trNEGATIVE68899_69_17,0.4911893904209137
FRAG_NEG_trNEGATIVE37824_47_17,0.00018662746879272163
FRAG_NEG_trNEGATIVE88642_78_17,0.020819533616304398
FRAG_NEG_trNEGATIVE51006_39_17,0.3519146144390106
FRAG_NEG_trNEGATIVE32398_43_17,0.02520049177110195
FRAG_NEG_trNEGATIVE34028_44_17,0.0007953850436024368
FRAG_NEG_trNEGATIVE52284_18_17,0.5257050395011902
FRAG_NEG_trNEGATIVE39417_59_17,0.5865346193313599
FRAG_NEG_trNEGATIVE87260_73_17,0.20037691295146942
FRAG_NEG_trNEGATIVE42608_38_17,0.19428569078445435
FRAG_NEG_trNEGATIVE95722_33_17,0.008400767110288143
FRAG_NEG_trNEGATIVE90812_42_17,0.04399282485246658
FRAG_NEG_trNEGATIVE47306_0_17,0.521892249584198
FRAG_NEG_trNEGATIVE83402_50_17,0.01887717843055725
FRAG_NEG_trNEGATIVE58110_63_17,0.5511537790298462
FRAG_NEG_trNEGATIVE42569_29_17,0.04122728481888771
FRAG_NEG_trNEGATIVE47794_4_17,0.006051748525351286
FRAG_NEG_trNEGATIVE68369_28_17,0.7894035577774048
FRAG_NEG_trNEGATIVE71066_11_18,0.0021900516003370285
FRAG_NEG_trNEGATIVE77398_12_18,0.4570488929748535
FRAG_NEG_trNEGATIVE40991_46_18,0.01666138879954815
FRAG_NEG_trNEGATIVE58185_7_18,0.699936032295227
FRAG_NEG_trNEGATIVE82139_44_18,0.05582909658551216
FRAG_NEG_trNEGATIVE45178_13_18,0.11655931174755096
FRAG_NEG_trNEGATIVE95991_33_18,0.6389440298080444
FRAG_NEG_trNEGATIVE36276_0_18,1.0430430847918615e-05
FRAG_NEG_trNEGATIVE48592_26_18,0.00020507707085926086
FRAG_NEG_trNEGATIVE95505_15_18,0.15942467749118805
FRAG_NEG_trNEGATIVE37837_66_18,0.3606926202774048
FRAG_NEG_trNEGATIVE41718_15_18,0.5360188484191895
FRAG_NEG_trNEGATIVE50734_4_18,0.7586933374404907
FRAG_NEG_trNEGATIVE41358_64_18,0.43843990564346313
FRAG_NEG_trNEGATIVE61277_11_18,0.0036596576683223248
FRAG_NEG_trNEGATIVE27573_34_18,0.6474125385284424
FRAG_NEG_trNEGATIVE38308_31_18,0.002178088529035449
FRAG_NEG_trNEGATIVE71741_28_18,0.2641400098800659
FRAG_NEG_trNEGATIVE29847_55_18,0.0004574377089738846
FRAG_NEG_trNEGATIVE29383_14_18,0.0002715352165978402
FRAG_NEG_trNEGATIVE55732_35_18,0.8072601556777954
FRAG_NEG_trNEGATIVE67623_15_18,0.0012959846062585711
FRAG_NEG_trNEGATIVE37545_18_18,0.983307957649231
FRAG_NEG_trNEGATIVE31525_31_18,0.9119566082954407
FRAG_NEG_trNEGATIVE67407_24_18,0.5112894773483276
FRAG_NEG_trNEGATIVE37880_13_18,0.019226262345910072
FRAG_NEG_trNEGATIVE48979_39_18,1.1180198953297804e-06
FRAG_NEG_trNEGATIVE68918_33_18,0.018283748999238014
FRAG_NEG_trNEGATIVE73276_5_18,0.009638302028179169
FRAG_NEG_trNEGATIVE70131_29_18,0.03776830434799194
FRAG_NEG_trNEGATIVE97425_15_18,0.00695949699729681
FRAG_NEG_trNEGATIVE83637_4_18,0.31828606128692627
FRAG_NEG_trNEGATIVE59820_20_18,0.0034470956306904554
FRAG_NEG_trNEGATIVE52072_12_18,0.35348790884017944
FRAG_NEG_trNEGATIVE31578_51_18,0.017316021025180817
FRAG_NEG_trNEGATIVE96676_30_18,0.9528141021728516
FRAG_NEG_trNEGATIVE84896_43_18,0.20447692275047302
FRAG_NEG_trNEGATIVE81522_62_18,0.012570418417453766
FRAG_NEG_trNEGATIVE91162_28_18,0.004206365905702114
FRAG_NEG_trNEGATIVE33201_18_18,0.635994553565979
FRAG_NEG_trNEGATIVE45538_21_18,0.17065587639808655
FRAG_NEG_trNEGATIVE32682_66_18,0.03149643912911415
FRAG_NEG_trNEGATIVE77919_67_18,0.11945269256830215
FRAG_NEG_trNEGATIVE49028_80_18,0.0418914332985878
FRAG_NEG_trNEGATIVE38253_3_18,0.1255415380001068
FRAG_NEG_trNEGATIVE93828_14_18,0.28227001428604126
FRAG_NEG_trNEGATIVE88862_42_18,0.009458144195377827
FRAG_NEG_trNEGATIVE45453_50_18,0.0005813574534840882
FRAG_NEG_trNEGATIVE72223_26_18,0.7829656600952148
FRAG_NEG_trNEGATIVE82153_26_18,0.000606435991358012
FRAG_NEG_trNEGATIVE85930_49_18,0.08524537831544876
FRAG_NEG_trNEGATIVE59549_29_18,0.00253202673047781
FRAG_NEG_trNEGATIVE36752_29_18,0.9548624753952026
FRAG_NEG_trNEGATIVE69310_22_18,0.0445716418325901
FRAG_NEG_trNEGATIVE77612_40_18,0.11542332172393799
FRAG_NEG_trNEGATIVE50631_11_18,0.07249414175748825
FRAG_NEG_trNEGATIVE53797_16_18,0.006594656966626644
FRAG_NEG_trNEGATIVE61824_29_18,0.11134419590234756
FRAG_NEG_trNEGATIVE33314_31_18,0.9948770403862
FRAG_NEG_trNEGATIVE39311_47_18,0.0005689671379514039
FRAG_NEG_trNEGATIVE80422_60_18,0.12755398452281952
FRAG_NEG_trNEGATIVE52820_42_18,0.0317029133439064
FRAG_NEG_trNEGATIVE53963_15_18,0.10778152942657471
FRAG_NEG_trNEGATIVE52018_18_18,0.001422480447217822
FRAG_NEG_trNEGATIVE31434_49_18,0.1736413538455963
FRAG_NEG_trNEGATIVE78921_66_18,0.032080117613077164
FRAG_NEG_trNEGATIVE34363_53_18,0.0025686617009341717
FRAG_NEG_trNEGATIVE31297_21_18,0.1700686514377594
FRAG_NEG_trNEGATIVE71111_19_18,0.9318809509277344
FRAG_NEG_trNEGATIVE67550_7_18,0.023857252672314644
FRAG_NEG_trNEGATIVE66739_13_18,0.00236841244623065
FRAG_NEG_trNEGATIVE96700_50_18,0.19522258639335632
FRAG_NEG_trNEGATIVE93453_42_18,0.0036214846186339855
FRAG_NEG_trNEGATIVE84912_23_18,0.17594876885414124
FRAG_NEG_trNEGATIVE70709_21_18,0.0017621306469663978
FRAG_NEG_trNEGATIVE84293_47_18,0.042387183755636215
FRAG_NEG_trNEGATIVE69999_46_18,0.1786898970603943
FRAG_NEG_trNEGATIVE43968_13_18,0.8887097239494324
FRAG_NEG_trNEGATIVE28324_28_18,0.023053433746099472
FRAG_NEG_trNEGATIVE79120_29_18,0.007751752622425556
FRAG_NEG_trNEGATIVE90279_9_18,0.5289419293403625
FRAG_NEG_trNEGATIVE33057_2_18,0.9025654792785645
FRAG_NEG_trNEGATIVE88887_15_18,0.14848555624485016
FRAG_NEG_trNEGATIVE79974_41_18,0.00010602498514344916
FRAG_NEG_trNEGATIVE32960_44_18,0.817184567451477
FRAG_NEG_trNEGATIVE81185_58_18,0.016957169398665428
FRAG_NEG_trNEGATIVE57964_20_18,0.7084894180297852
FRAG_NEG_trNEGATIVE36423_14_18,0.002321598120033741
FRAG_NEG_trNEGATIVE76165_40_18,0.05175082013010979
FRAG_NEG_trNEGATIVE32983_6_18,0.2513601779937744
FRAG_NEG_trNEGATIVE81455_46_18,0.1609082669019699
FRAG_NEG_trNEGATIVE42856_73_18,0.008293134160339832
FRAG_NEG_trNEGATIVE94590_24_18,0.4264923632144928
FRAG_NEG_trNEGATIVE27906_76_18,0.17146724462509155
FRAG_NEG_trNEGATIVE91052_40_18,0.38804811239242554
FRAG_NEG_trNEGATIVE66921_60_18,0.10094761848449707
FRAG_NEG_trNEGATIVE39692_6_18,0.18333221971988678
FRAG_NEG_trNEGATIVE82180_49_18,0.23519644141197205
FRAG_NEG_trNEGATIVE56467_3_18,0.43546468019485474
FRAG_NEG_trNEGATIVE42727_42_18,0.0013588030124083161
FRAG_NEG_trNEGATIVE67402_26_18,0.11350096762180328
FRAG_NEG_trNEGATIVE40163_20_18,0.03554484620690346
FRAG_NEG_trNEGATIVE92625_17_18,0.01918722316622734
FRAG_NEG_trNEGATIVE83396_36_18,0.941501259803772
FRAG_NEG_trNEGATIVE55178_10_18,0.7988191246986389
FRAG_NEG_trNEGATIVE52775_4_18,0.025124525651335716
FRAG_NEG_trNEGATIVE52563_43_18,0.8134034276008606
FRAG_NEG_trNEGATIVE92907_31_18,0.9869979619979858
FRAG_NEG_trNEGATIVE78629_29_18,0.0014672004617750645
FRAG_NEG_trNEGATIVE50849_56_18,0.9967921376228333
FRAG_NEG_trNEGATIVE70131_17_18,0.19758707284927368
FRAG_NEG_trNEGATIVE75621_31_18,0.03096560575067997
FRAG_NEG_trNEGATIVE75246_43_18,0.05148957297205925
FRAG_NEG_trNEGATIVE51006_53_18,0.14255493879318237
FRAG_NEG_trNEGATIVE70876_9_18,0.006821261253207922
FRAG_NEG_trNEGATIVE78614_13_18,0.03800951689481735
FRAG_NEG_trNEGATIVE55056_20_18,0.0014187096385285258
FRAG_NEG_trNEGATIVE46801_10_18,0.7415250539779663
FRAG_NEG_trNEGATIVE91836_29_18,0.6487051844596863
FRAG_NEG_trNEGATIVE95251_53_18,5.5388722103089094e-05
FRAG_NEG_trNEGATIVE35003_2_18,0.0012915116967633367
FRAG_NEG_trNEGATIVE48328_26_18,0.0033627785742282867
FRAG_NEG_trNEGATIVE81807_63_18,0.003320705611258745
FRAG_NEG_trNEGATIVE47659_18_18,0.6207090616226196
FRAG_NEG_trNEGATIVE48495_17_18,0.04496198892593384
FRAG_NEG_trNEGATIVE61306_29_18,0.8873453140258789
FRAG_NEG_trNEGATIVE91641_46_18,0.15114691853523254
FRAG_NEG_trNEGATIVE78918_8_18,0.07530369609594345
FRAG_NEG_trNEGATIVE43266_35_18,0.2337232083082199
FRAG_NEG_trNEGATIVE73163_49_18,0.13970309495925903
FRAG_NEG_trNEGATIVE91724_1_18,0.09581999480724335
FRAG_NEG_trNEGATIVE28816_51_18,0.13171955943107605
FRAG_NEG_trNEGATIVE39074_2_18,0.5792606472969055
FRAG_NEG_trNEGATIVE82986_61_18,0.41090458631515503
FRAG_NEG_trNEGATIVE58989_11_18,0.11679787933826447
FRAG_NEG_trNEGATIVE53070_44_18,0.4402948021888733
FRAG_NEG_trNEGATIVE84794_19_18,0.000788095232564956
FRAG_NEG_trNEGATIVE53461_29_18,0.006180833093822002
FRAG_NEG_trNEGATIVE46179_7_18,0.033980753272771835
FRAG_NEG_trNEGATIVE41483_31_18,0.09481626749038696
FRAG_NEG_trNEGATIVE47180_0_18,0.0016092077130451798
FRAG_NEG_trNEGATIVE32132_38_18,0.002280755899846554
FRAG_NEG_trNEGATIVE63459_35_18,0.4156295657157898
FRAG_NEG_trNEGATIVE75588_37_18,0.20055492222309113
FRAG_NEG_trNEGATIVE45899_19_18,0.05478929728269577
FRAG_NEG_trNEGATIVE71401_48_18,0.4238929748535156
FRAG_NEG_trNEGATIVE68906_33_18,0.3034272789955139
FRAG_NEG_trNEGATIVE83013_20_18,0.5890553593635559
FRAG_NEG_trNEGATIVE94243_64_18,0.4692508578300476
FRAG_NEG_trNEGATIVE56415_14_18,0.1856372207403183
FRAG_NEG_trNEGATIVE35958_10_18,0.6552255749702454
FRAG_NEG_trNEGATIVE75034_46_18,0.4318481981754303
FRAG_NEG_trNEGATIVE56170_75_18,0.1555769145488739
FRAG_NEG_trNEGATIVE63991_69_18,0.004797658417373896
FRAG_NEG_trNEGATIVE82664_63_18,0.08133083581924438
FRAG_NEG_trNEGATIVE38866_39_18,0.14259012043476105
FRAG_NEG_trNEGATIVE64439_68_18,0.002980296965688467
FRAG_NEG_trNEGATIVE78735_43_18,0.006156891584396362
FRAG_NEG_trNEGATIVE57134_38_18,0.009227720089256763
FRAG_NEG_trNEGATIVE33754_55_18,0.1361880749464035
FRAG_NEG_trNEGATIVE78580_25_18,0.004658189602196217
FRAG_NEG_trNEGATIVE56509_56_18,0.10467217862606049
FRAG_NEG_trNEGATIVE34647_8_18,0.17951253056526184
FRAG_NEG_trNEGATIVE56524_48_18,0.024357397109270096
FRAG_NEG_trNEGATIVE40151_51_18,0.14458853006362915
FRAG_NEG_trNEGATIVE58398_60_18,0.11485230922698975
FRAG_NEG_trNEGATIVE68839_6_18,0.4704686105251312
FRAG_NEG_trNEGATIVE86134_29_18,0.7834177613258362
FRAG_NEG_trNEGATIVE44311_14_18,0.0032381960190832615
FRAG_NEG_trNEGATIVE40334_58_18,0.037549249827861786
FRAG_NEG_trNEGATIVE40889_31_18,0.9333821535110474
FRAG_NEG_trNEGATIVE67086_33_18,0.001639807247556746
FRAG_NEG_trNEGATIVE97374_38_18,0.6537520289421082
FRAG_NEG_trNEGATIVE64522_14_18,0.5916198492050171
FRAG_NEG_trNEGATIVE34749_42_18,0.3434658646583557
FRAG_NEG_trNEGATIVE96145_54_18,0.13928835093975067
FRAG_NEG_trNEGATIVE74350_39_18,0.22887687385082245
FRAG_NEG_trNEGATIVE31671_5_18,0.24484574794769287
FRAG_NEG_trNEGATIVE37267_19_18,0.014201144687831402
FRAG_NEG_trNEGATIVE53643_23_18,0.012277069501578808
FRAG_NEG_trNEGATIVE28779_44_18,0.5268486142158508
FRAG_NEG_trNEGATIVE87931_33_18,0.02396877110004425
FRAG_NEG_trNEGATIVE37632_72_18,0.021285278722643852
FRAG_NEG_trNEGATIVE60373_11_18,0.10981925576925278
FRAG_NEG_trNEGATIVE97540_39_18,0.9925856590270996
FRAG_NEG_trNEGATIVE44278_45_18,0.0024758304934948683
FRAG_NEG_trNEGATIVE94421_59_18,0.8602764010429382
FRAG_NEG_trNEGATIVE76240_42_18,0.600259006023407
FRAG_NEG_trNEGATIVE35076_27_18,0.0115336449816823
FRAG_NEG_trNEGATIVE72233_25_18,0.012475283816456795
FRAG_NEG_trNEGATIVE87566_0_18,1.3419847164186649e-05
FRAG_NEG_trNEGATIVE87926_50_18,0.005472599063068628
FRAG_NEG_trNEGATIVE35860_33_18,0.8217851519584656
FRAG_NEG_trNEGATIVE85488_29_18,0.003312923014163971
FRAG_NEG_trNEGATIVE74610_0_18,6.734141788911074e-05
FRAG_NEG_trNEGATIVE91199_7_18,0.003948062192648649
FRAG_NEG_trNEGATIVE71991_1_18,0.013626953586935997
FRAG_NEG_trNEGATIVE60173_35_18,4.0079434256767854e-05
FRAG_NEG_trNEGATIVE67304_52_18,0.514126181602478
FRAG_NEG_trNEGATIVE34739_34_18,0.14180193841457367
FRAG_NEG_trNEGATIVE69680_3_18,0.6679898500442505
FRAG_NEG_trNEGATIVE89652_4_18,0.45876702666282654
FRAG_NEG_trNEGATIVE95861_46_18,0.5214341878890991
FRAG_NEG_trNEGATIVE85226_35_18,0.015667084604501724
FRAG_NEG_trNEGATIVE46189_36_18,0.05618809908628464
FRAG_NEG_trNEGATIVE29795_6_18,0.0004488635458983481
FRAG_NEG_trNEGATIVE56826_43_18,0.888887882232666
FRAG_NEG_trNEGATIVE78591_50_18,0.0032913032919168472
FRAG_NEG_trNEGATIVE63406_9_18,0.012345629744231701
FRAG_NEG_trNEGATIVE42963_45_18,0.35784417390823364
FRAG_NEG_trNEGATIVE78649_8_18,0.00013430231774691492
FRAG_NEG_trNEGATIVE61810_35_18,0.18211770057678223
FRAG_NEG_trNEGATIVE44996_36_18,0.000982210272923112
FRAG_NEG_trNEGATIVE74314_77_18,0.0008312195423059165
FRAG_NEG_trNEGATIVE61009_25_18,0.28365108370780945
FRAG_NEG_trNEGATIVE61810_36_18,0.153093621134758
FRAG_NEG_trNEGATIVE89587_62_18,0.08135806769132614
FRAG_NEG_trNEGATIVE34559_21_18,0.05687041953206062
FRAG_NEG_trNEGATIVE31512_60_18,0.011934724636375904
FRAG_NEG_trNEGATIVE53317_22_18,0.005026777274906635
FRAG_NEG_trNEGATIVE68361_1_18,0.0728086605668068
FRAG_NEG_trNEGATIVE42727_38_18,0.0003463650937192142
FRAG_NEG_trNEGATIVE54516_31_18,0.01777336373925209
FRAG_NEG_trNEGATIVE57371_29_18,0.1712610274553299
FRAG_NEG_trNEGATIVE92288_69_18,0.030765051022171974
FRAG_NEG_trNEGATIVE92264_41_18,0.6894717216491699
FRAG_NEG_trNEGATIVE72582_18_18,0.017817843705415726
FRAG_NEG_trNEGATIVE93756_12_18,0.020526405423879623
FRAG_NEG_trNEGATIVE32398_41_18,0.05426960438489914
FRAG_NEG_trNEGATIVE61680_45_18,0.7481615543365479
FRAG_NEG_trNEGATIVE37860_49_18,0.9052103161811829
FRAG_NEG_trNEGATIVE28246_39_18,0.013447192497551441
FRAG_NEG_trNEGATIVE83917_29_18,0.7062520980834961
FRAG_NEG_trNEGATIVE84946_34_18,0.0002123408776242286
FRAG_NEG_trNEGATIVE56723_4_18,0.7695677280426025
FRAG_NEG_trNEGATIVE86287_14_18,0.8586243391036987
FRAG_NEG_trNEGATIVE90391_24_18,0.002080583479255438
FRAG_NEG_trNEGATIVE28314_34_18,0.0008060800028033555
FRAG_NEG_trNEGATIVE52381_13_18,0.2086557149887085
FRAG_NEG_trNEGATIVE81587_41_18,0.39658457040786743
FRAG_NEG_trNEGATIVE56579_62_18,0.06146698072552681
FRAG_NEG_trNEGATIVE67880_17_18,0.030297379940748215
FRAG_NEG_trNEGATIVE57787_12_18,0.005887552164494991
FRAG_NEG_trNEGATIVE89767_57_18,0.07767165452241898
FRAG_NEG_trNEGATIVE49119_32_18,0.40700846910476685
FRAG_NEG_trNEGATIVE67303_19_18,0.3149677813053131
FRAG_NEG_trNEGATIVE87662_0_18,4.9695681809680536e-05
FRAG_NEG_trNEGATIVE38254_2_18,0.9580192565917969
FRAG_NEG_trNEGATIVE59613_33_18,0.04460857808589935
FRAG_NEG_trNEGATIVE33400_1_18,0.7779229879379272
FRAG_NEG_trNEGATIVE48428_28_18,0.9316301345825195
FRAG_NEG_trNEGATIVE35003_3_18,4.1642633732408285e-06
FRAG_NEG_trNEGATIVE68175_8_18,0.7336429953575134
FRAG_NEG_trNEGATIVE62082_48_18,0.49736976623535156
FRAG_NEG_trNEGATIVE93970_1_18,0.9999296069145203
FRAG_NEG_trNEGATIVE78873_6_18,0.2802128493785858
FRAG_NEG_trNEGATIVE37173_14_18,0.30476194620132446
FRAG_NEG_trNEGATIVE62255_74_18,0.0010643143905326724
FRAG_NEG_trNEGATIVE44657_47_18,0.0005729364929720759
FRAG_NEG_trNEGATIVE70888_7_18,0.03346267715096474
FRAG_NEG_trNEGATIVE57354_40_18,0.012580787762999535
FRAG_NEG_trNEGATIVE56128_61_18,0.029175251722335815
FRAG_NEG_trNEGATIVE35404_55_18,0.0010461003985255957
FRAG_NEG_trNEGATIVE43350_24_18,0.0008585128234699368
FRAG_NEG_trNEGATIVE62905_14_18,0.021813565865159035
FRAG_NEG_trNEGATIVE33029_29_18,0.0822431817650795
FRAG_NEG_trNEGATIVE62349_73_18,0.18804831802845
FRAG_NEG_trNEGATIVE44368_42_18,0.06618320196866989
FRAG_NEG_trNEGATIVE92382_63_18,0.2049209326505661
FRAG_NEG_trNEGATIVE84945_26_18,0.22262494266033173
FRAG_NEG_trNEGATIVE31394_51_18,0.023504994809627533
FRAG_NEG_trNEGATIVE46813_71_18,0.019246703013777733
FRAG_NEG_trNEGATIVE35844_0_18,6.45300542601035e-06
FRAG_NEG_trNEGATIVE34363_16_18,0.005654956214129925
FRAG_NEG_trNEGATIVE52449_16_18,0.08488711714744568
FRAG_NEG_trNEGATIVE95899_8_18,0.1650971621274948
FRAG_NEG_trNEGATIVE96978_17_18,0.00012049385259160772
FRAG_NEG_trNEGATIVE67028_13_18,0.19271059334278107
FRAG_NEG_trNEGATIVE73443_18_18,0.008179815486073494
FRAG_NEG_trNEGATIVE73786_10_18,0.051652658730745316
FRAG_NEG_trNEGATIVE44184_31_18,0.435443639755249
FRAG_NEG_trNEGATIVE52820_39_18,0.2140229195356369
FRAG_NEG_trNEGATIVE93264_23_18,0.6142261624336243
FRAG_NEG_trNEGATIVE39688_68_18,0.01918019726872444
FRAG_NEG_trNEGATIVE52734_34_18,0.7084819078445435
FRAG_NEG_trNEGATIVE90239_1_18,0.6103092432022095
FRAG_NEG_trNEGATIVE89760_2_18,0.9308513402938843
FRAG_NEG_trNEGATIVE62721_12_18,0.6310840845108032
FRAG_NEG_trNEGATIVE66743_32_18,0.7573922276496887
FRAG_NEG_trNEGATIVE72928_18_18,0.0021164517384022474
FRAG_NEG_trNEGATIVE73114_45_18,0.00035849702544510365
FRAG_NEG_trNEGATIVE55617_20_18,0.03145899251103401
FRAG_NEG_trNEGATIVE70433_49_18,0.02096434310078621
FRAG_NEG_trNEGATIVE92055_27_18,7.763375469949096e-05
FRAG_NEG_trNEGATIVE90306_13_18,0.017205245792865753
FRAG_NEG_trNEGATIVE40244_14_18,0.308019757270813
FRAG_NEG_trNEGATIVE88073_33_18,0.006144687533378601
FRAG_NEG_trNEGATIVE91442_48_18,0.0005785639514215291
FRAG_NEG_trNEGATIVE27492_28_18,0.07705684006214142
FRAG_NEG_trNEGATIVE28222_38_18,0.7370778918266296
FRAG_NEG_trNEGATIVE92637_0_18,3.559522951945837e-07
FRAG_NEG_trNEGATIVE47027_30_18,0.013739721849560738
FRAG_NEG_trNEGATIVE77996_76_18,0.018201779574155807
FRAG_NEG_trNEGATIVE34943_1_18,0.019140886142849922
FRAG_NEG_trNEGATIVE37865_20_18,0.16713517904281616
FRAG_NEG_trNEGATIVE45601_45_18,0.5019358396530151
FRAG_NEG_trNEGATIVE45604_22_18,0.0030310063157230616
FRAG_NEG_trNEGATIVE68641_1_18,0.08489620685577393
FRAG_NEG_trNEGATIVE75397_38_18,0.05964050441980362
FRAG_NEG_trNEGATIVE40742_16_18,0.05970292165875435
FRAG_NEG_trNEGATIVE47995_7_18,0.0369422622025013
FRAG_NEG_trNEGATIVE74524_14_18,0.6540189981460571
FRAG_NEG_trNEGATIVE70898_20_18,0.19450882077217102
FRAG_NEG_trNEGATIVE38053_22_18,0.002199204172939062
FRAG_NEG_trNEGATIVE82169_13_18,0.09662888944149017
FRAG_NEG_trNEGATIVE43304_61_18,0.00096045684767887
FRAG_NEG_trNEGATIVE79888_34_18,0.21351416409015656
FRAG_NEG_trNEGATIVE70997_32_18,0.9051121473312378
FRAG_NEG_trNEGATIVE67179_31_18,0.000563748471904546
FRAG_NEG_trNEGATIVE81097_80_18,0.944616436958313
FRAG_NEG_trNEGATIVE35790_26_18,0.032818324863910675
FRAG_NEG_trNEGATIVE72580_1_18,0.32185015082359314
FRAG_NEG_trNEGATIVE84283_7_18,0.010936515405774117
FRAG_NEG_trNEGATIVE88380_11_18,0.02325967326760292
FRAG_NEG_trNEGATIVE48964_40_18,0.04735003039240837
FRAG_NEG_trNEGATIVE76437_40_18,5.637754293275066e-05
FRAG_NEG_trNEGATIVE82066_67_18,0.023913120850920677
FRAG_NEG_trNEGATIVE43954_38_18,0.3500080406665802
FRAG_NEG_trNEGATIVE92036_25_18,0.08359891176223755
FRAG_NEG_trNEGATIVE97549_1_18,0.2731064260005951
FRAG_NEG_trNEGATIVE85055_36_18,0.002709721215069294
FRAG_NEG_trNEGATIVE64306_22_18,0.01563252881169319
FRAG_NEG_trNEGATIVE85722_29_18,0.2688430845737457
FRAG_NEG_trNEGATIVE92820_6_18,0.00025741365971043706
FRAG_NEG_trNEGATIVE30341_42_18,0.03215774521231651
FRAG_NEG_trNEGATIVE73858_15_18,0.9488008618354797
FRAG_NEG_trNEGATIVE86183_12_18,0.21866877377033234
FRAG_NEG_trNEGATIVE90812_36_18,0.14971640706062317
FRAG_NEG_trNEGATIVE37607_7_18,0.15688927471637726
FRAG_NEG_trNEGATIVE31028_22_18,0.004814212676137686
FRAG_NEG_trNEGATIVE87120_46_18,0.7468447089195251
FRAG_NEG_trNEGATIVE89520_13_18,0.0005933811189606786
FRAG_NEG_trNEGATIVE94628_6_18,0.1616273820400238
FRAG_NEG_trNEGATIVE48120_48_18,0.0664132833480835
FRAG_NEG_trNEGATIVE81519_76_18,0.01837235316634178
FRAG_NEG_trNEGATIVE44273_47_18,3.80503252017661e-06
FRAG_NEG_trNEGATIVE92954_72_18,0.0018397429957985878
FRAG_NEG_trNEGATIVE79244_52_18,0.1428155153989792
FRAG_NEG_trNEGATIVE72821_46_18,0.06594822555780411
FRAG_NEG_trNEGATIVE28254_6_18,0.005706715397536755
FRAG_NEG_trNEGATIVE44227_49_18,0.011567795649170876
FRAG_NEG_trNEGATIVE37701_30_18,0.04885493591427803
FRAG_NEG_trNEGATIVE48201_78_18,0.0031580603681504726
FRAG_NEG_trNEGATIVE28195_13_18,0.6778200268745422
FRAG_NEG_trNEGATIVE43677_11_18,0.05010414123535156
FRAG_NEG_trNEGATIVE40170_21_18,0.5834842324256897
FRAG_NEG_trNEGATIVE82927_43_18,0.10351628065109253
FRAG_NEG_trNEGATIVE51634_42_18,0.0036185290664434433
FRAG_NEG_trNEGATIVE91013_2_18,0.20979854464530945
FRAG_NEG_trNEGATIVE37274_39_18,0.000848539057187736
FRAG_NEG_trNEGATIVE54051_4_18,0.1977490335702896
FRAG_NEG_trNEGATIVE75610_10_18,0.9986431002616882
FRAG_NEG_trNEGATIVE95540_20_18,0.8250457644462585
FRAG_NEG_trNEGATIVE83168_34_18,0.10891182720661163
FRAG_NEG_trNEGATIVE95502_47_18,0.10947201400995255
FRAG_NEG_trNEGATIVE40980_18_18,0.017763283103704453
FRAG_NEG_trNEGATIVE43206_5_18,0.22123363614082336
FRAG_NEG_trNEGATIVE32960_48_18,0.8622896075248718
FRAG_NEG_trNEGATIVE33275_29_18,0.9808672070503235
FRAG_NEG_trNEGATIVE96370_32_18,4.1737665014807135e-05
FRAG_NEG_trNEGATIVE96583_46_18,0.2583702802658081
FRAG_NEG_trNEGATIVE93505_28_18,0.01785704866051674
FRAG_NEG_trNEGATIVE33669_48_18,0.09341870248317719
FRAG_NEG_trNEGATIVE58449_27_18,0.01707235723733902
FRAG_NEG_trNEGATIVE85681_46_18,0.9114221334457397
FRAG_NEG_trNEGATIVE87504_27_18,0.0007781624444760382
FRAG_NEG_trNEGATIVE83216_5_18,0.10945113748311996
FRAG_NEG_trNEGATIVE76071_10_18,0.14644119143486023
FRAG_NEG_trNEGATIVE81685_7_18,0.016908856108784676
FRAG_NEG_trNEGATIVE96352_36_18,0.21522769331932068
FRAG_NEG_trNEGATIVE93455_34_18,0.5422204732894897
FRAG_NEG_trNEGATIVE34739_12_18,0.013524366542696953
FRAG_NEG_trNEGATIVE55290_52_18,0.5888280272483826
FRAG_NEG_trNEGATIVE86453_25_18,0.9207686185836792
FRAG_NEG_trNEGATIVE27532_44_18,0.027509158477187157
FRAG_NEG_trNEGATIVE95086_16_18,0.0003782347193919122
FRAG_NEG_trNEGATIVE34049_66_18,0.039566777646541595
FRAG_NEG_trNEGATIVE58339_13_18,0.0003092109109275043
FRAG_NEG_trNEGATIVE85287_60_18,0.26966509222984314
FRAG_NEG_trNEGATIVE52353_3_18,0.000597491511143744
FRAG_NEG_trNEGATIVE81233_7_18,0.7588539719581604
FRAG_NEG_trNEGATIVE77370_21_18,0.010684063658118248
FRAG_NEG_trNEGATIVE55392_8_18,0.4502178132534027
FRAG_NEG_trNEGATIVE78134_22_18,0.0011688232189044356
FRAG_NEG_trNEGATIVE31409_6_18,0.0104562658816576
FRAG_NEG_trNEGATIVE63278_15_18,0.005580101162195206
FRAG_NEG_trNEGATIVE71752_11_18,0.37449902296066284
FRAG_NEG_trNEGATIVE88773_45_18,0.13677087426185608
FRAG_NEG_trNEGATIVE70875_13_18,0.010264989919960499
FRAG_NEG_trNEGATIVE40837_13_18,0.43564730882644653
FRAG_NEG_trNEGATIVE63916_37_18,0.005570983048528433
FRAG_NEG_trNEGATIVE62896_47_18,0.0009469187934882939
FRAG_NEG_trNEGATIVE91343_16_18,0.6747743487358093
FRAG_NEG_trNEGATIVE95899_21_18,0.003635209519416094
FRAG_NEG_trNEGATIVE68209_39_18,0.2799106240272522
FRAG_NEG_trNEGATIVE30453_49_18,0.9544703364372253
FRAG_NEG_trNEGATIVE29456_30_18,0.1150212436914444
FRAG_NEG_trNEGATIVE70876_34_18,0.3667224943637848
FRAG_NEG_trNEGATIVE83539_69_18,0.19774411618709564
FRAG_NEG_trNEGATIVE62722_25_18,0.11444498598575592
FRAG_NEG_trNEGATIVE48616_44_18,0.045143965631723404
FRAG_NEG_trNEGATIVE34800_4_18,0.0004178607778158039
FRAG_NEG_trNEGATIVE33049_10_18,0.03098617121577263
FRAG_NEG_trNEGATIVE95197_21_18,0.001500347745604813
FRAG_NEG_trNEGATIVE51823_30_18,0.030762067064642906
FRAG_NEG_trNEGATIVE51728_29_18,0.0029941366519778967
FRAG_NEG_trNEGATIVE92883_43_18,0.36543288826942444
FRAG_NEG_trNEGATIVE42728_43_18,0.6610859632492065
FRAG_NEG_trNEGATIVE77317_6_18,0.9315134286880493
FRAG_NEG_trNEGATIVE52318_13_18,0.18846631050109863
FRAG_NEG_trNEGATIVE76056_12_18,0.5545217990875244
FRAG_NEG_trNEGATIVE87065_13_18,0.004227349068969488
FRAG_NEG_trNEGATIVE57991_58_18,0.6296661496162415
FRAG_NEG_trNEGATIVE81753_22_18,0.0012228621635586023
FRAG_NEG_trNEGATIVE31221_23_18,0.0062327575869858265
FRAG_NEG_trNEGATIVE63753_8_18,0.8673332929611206
FRAG_NEG_trNEGATIVE27728_4_18,0.006778337061405182
FRAG_NEG_trNEGATIVE81515_30_18,0.02044856920838356
FRAG_NEG_trNEGATIVE39260_32_18,0.015040787868201733
FRAG_NEG_trNEGATIVE71138_63_18,0.0011021809186786413
FRAG_NEG_trNEGATIVE54090_20_18,0.23410458862781525
FRAG_NEG_trNEGATIVE90440_36_18,0.1773427128791809
FRAG_NEG_trNEGATIVE61460_16_18,0.004865347873419523
FRAG_NEG_trNEGATIVE82150_1_18,0.0022261296398937702
FRAG_NEG_trNEGATIVE49294_51_18,0.9341031312942505
FRAG_NEG_trNEGATIVE92908_17_18,0.05561777949333191
FRAG_NEG_trNEGATIVE31556_39_18,0.023500099778175354
FRAG_NEG_trNEGATIVE37549_41_18,0.0026640761643648148
FRAG_NEG_trNEGATIVE33087_37_18,0.6671106219291687
FRAG_NEG_trNEGATIVE49712_15_18,0.029591748490929604
FRAG_NEG_trNEGATIVE92288_18_18,0.0018466658657416701
FRAG_NEG_trNEGATIVE45564_74_18,0.06433745473623276
FRAG_NEG_trNEGATIVE60539_8_18,0.3545512557029724
FRAG_NEG_trNEGATIVE44358_46_18,0.34310656785964966
FRAG_NEG_trNEGATIVE84864_24_18,0.1343914270401001
FRAG_NEG_trNEGATIVE41442_26_18,0.7545892000198364
FRAG_NEG_trNEGATIVE71193_19_18,0.27278953790664673
FRAG_NEG_trNEGATIVE91725_12_18,0.9499596357345581
FRAG_NEG_trNEGATIVE69310_6_18,0.8679757118225098
FRAG_NEG_trNEGATIVE82036_15_18,0.003139753360301256
FRAG_NEG_trNEGATIVE75785_61_18,0.004143700934946537
FRAG_NEG_trNEGATIVE84102_17_18,0.00048279095790348947
FRAG_NEG_trNEGATIVE79974_38_18,0.2683621644973755
FRAG_NEG_trNEGATIVE34791_45_18,0.0004501046205405146
FRAG_NEG_trNEGATIVE77094_35_18,0.014154183678328991
FRAG_NEG_trNEGATIVE75261_7_18,0.06255145370960236
FRAG_NEG_trNEGATIVE75635_11_18,0.000486983684822917
FRAG_NEG_trNEGATIVE76523_11_18,0.30074748396873474
FRAG_NEG_trNEGATIVE53150_45_18,0.0025049338582903147
FRAG_NEG_trNEGATIVE33909_76_18,0.008627772331237793
FRAG_NEG_trNEGATIVE44889_1_18,0.003355126129463315
FRAG_NEG_trNEGATIVE87090_28_18,0.9998229146003723
FRAG_NEG_trNEGATIVE43831_38_18,0.4902145266532898
FRAG_NEG_trNEGATIVE42656_59_18,0.370893269777298
FRAG_NEG_trNEGATIVE37614_27_18,0.0004393685085233301
FRAG_NEG_trNEGATIVE40761_27_18,0.13340789079666138
FRAG_NEG_trNEGATIVE62775_18_18,0.0003374969237484038
FRAG_NEG_trNEGATIVE67550_22_18,0.0014812634326517582
FRAG_NEG_trNEGATIVE38518_25_18,0.7941531538963318
FRAG_NEG_trNEGATIVE74360_15_18,0.3987402021884918
FRAG_NEG_trNEGATIVE72261_7_18,0.3244978189468384
FRAG_NEG_trNEGATIVE53896_39_18,0.04140465706586838
FRAG_NEG_trNEGATIVE83182_59_18,0.0036154226399958134
FRAG_NEG_trNEGATIVE53475_20_18,0.09536544978618622
FRAG_NEG_trNEGATIVE68520_27_18,0.6482917666435242
FRAG_NEG_trNEGATIVE59717_8_18,0.5338751673698425
FRAG_NEG_trNEGATIVE38215_32_18,0.041884541511535645
FRAG_NEG_trNEGATIVE28086_55_18,0.7699798941612244
FRAG_NEG_trNEGATIVE58312_7_18,0.7306861877441406
FRAG_NEG_trNEGATIVE53160_40_18,0.03327850252389908
FRAG_NEG_trNEGATIVE53643_22_18,0.0003692937025334686
FRAG_NEG_trNEGATIVE58933_37_18,0.06234705448150635
FRAG_NEG_trNEGATIVE53475_30_18,0.43501001596450806
FRAG_NEG_trNEGATIVE40835_33_18,0.4663165509700775
FRAG_NEG_trNEGATIVE77146_68_18,0.028203735128045082
FRAG_NEG_trNEGATIVE79827_55_18,0.9413104057312012
FRAG_NEG_trNEGATIVE62094_11_18,0.22934980690479279
FRAG_NEG_trNEGATIVE69351_0_18,0.006889841519296169
FRAG_NEG_trNEGATIVE39543_4_18,0.22447514533996582
FRAG_NEG_trNEGATIVE64510_0_18,0.01356953103095293
FRAG_NEG_trNEGATIVE28408_19_18,0.006268045399338007
FRAG_NEG_trNEGATIVE37707_17_18,0.3950722813606262
FRAG_NEG_trNEGATIVE55987_24_18,0.5327416658401489
FRAG_NEG_trNEGATIVE97553_63_18,0.0033459551632404327
FRAG_NEG_trNEGATIVE50269_34_18,4.242556315148249e-05
FRAG_NEG_trNEGATIVE97553_54_18,0.0745253935456276
FRAG_NEG_trNEGATIVE59029_3_18,0.15920308232307434
FRAG_NEG_trNEGATIVE96224_75_18,0.0015198553446680307
FRAG_NEG_trNEGATIVE66179_9_18,0.3142162263393402
FRAG_NEG_trNEGATIVE86292_5_18,0.00989514496177435
FRAG_NEG_trNEGATIVE53611_55_18,0.0006733344634994864
FRAG_NEG_trNEGATIVE80849_21_18,0.0025801444426178932
FRAG_NEG_trNEGATIVE30440_9_18,0.0034503042697906494
FRAG_NEG_trNEGATIVE73312_13_18,0.9387103319168091
FRAG_NEG_trNEGATIVE27573_37_18,0.5947765111923218
FRAG_NEG_trNEGATIVE85333_27_18,0.14887313544750214
FRAG_NEG_trNEGATIVE68016_32_18,0.09947888553142548
FRAG_NEG_trNEGATIVE67065_70_18,0.06459665298461914
FRAG_NEG_trNEGATIVE87133_37_18,0.011056842282414436
FRAG_NEG_trNEGATIVE97223_21_18,0.5612226724624634
FRAG_NEG_trNEGATIVE70191_19_18,0.009901365265250206
FRAG_NEG_trNEGATIVE84681_20_18,0.21610577404499054
FRAG_NEG_trNEGATIVE68025_10_18,0.006601652596145868
FRAG_NEG_trNEGATIVE71439_23_18,0.008875072933733463
FRAG_NEG_trNEGATIVE51029_52_18,0.12391688674688339
FRAG_NEG_trNEGATIVE61576_50_18,0.01998124271631241
FRAG_NEG_trNEGATIVE28561_58_18,0.3165624439716339
FRAG_NEG_trNEGATIVE41225_43_18,0.07181323319673538
FRAG_NEG_trNEGATIVE36886_22_18,9.630532440496609e-05
FRAG_NEG_trNEGATIVE51636_9_18,0.0010156533680856228
FRAG_NEG_trNEGATIVE86292_31_18,0.5729971528053284
FRAG_NEG_trNEGATIVE48598_19_18,0.5343716144561768
FRAG_NEG_trNEGATIVE28994_0_18,1.2117927326471545e-05
FRAG_NEG_trNEGATIVE75610_25_18,0.2296309918165207
FRAG_NEG_trNEGATIVE46275_2_18,0.0024425846058875322
FRAG_NEG_trNEGATIVE55923_7_18,0.1308470070362091
FRAG_NEG_trNEGATIVE59224_67_18,0.003941861446946859
FRAG_NEG_trNEGATIVE42973_38_18,0.18429522216320038
FRAG_NEG_trNEGATIVE51075_0_18,0.04676521569490433
FRAG_NEG_trNEGATIVE93594_41_18,0.002070274669677019
FRAG_NEG_trNEGATIVE71344_17_18,0.026683960109949112
FRAG_NEG_trNEGATIVE74561_22_18,0.5228537321090698
FRAG_NEG_trNEGATIVE90165_50_18,0.03715596720576286
FRAG_NEG_trNEGATIVE89032_58_18,0.0005602102028205991
FRAG_NEG_trNEGATIVE46561_20_18,0.0009667204576544464
FRAG_NEG_trNEGATIVE49910_24_18,0.008669978007674217
FRAG_NEG_trNEGATIVE89323_58_18,0.001162088243290782
FRAG_NEG_trNEGATIVE94855_16_18,0.17459459602832794
FRAG_NEG_trNEGATIVE93885_27_18,0.5889801383018494
FRAG_NEG_trNEGATIVE80751_53_18,0.25114792585372925
FRAG_NEG_trNEGATIVE44020_11_18,0.12046965211629868
FRAG_NEG_trNEGATIVE80523_51_18,0.9087026715278625
FRAG_NEG_trNEGATIVE43406_50_18,0.3519095778465271
FRAG_NEG_trNEGATIVE96853_36_18,0.012062018737196922
FRAG_NEG_trNEGATIVE53638_69_18,0.6943762898445129
FRAG_NEG_trNEGATIVE76997_3_18,0.11063368618488312
FRAG_NEG_trNEGATIVE49979_47_18,0.12674325704574585
FRAG_NEG_trNEGATIVE43364_7_18,0.8945478200912476
FRAG_NEG_trNEGATIVE63753_3_19,0.6008683443069458
FRAG_NEG_trNEGATIVE54081_16_19,0.47293615341186523
FRAG_NEG_trNEGATIVE43021_21_19,0.12708286941051483
FRAG_NEG_trNEGATIVE65044_39_19,0.1295153796672821
FRAG_NEG_trNEGATIVE36288_49_19,0.31741994619369507
FRAG_NEG_trNEGATIVE45688_27_19,0.6812747716903687
FRAG_NEG_trNEGATIVE72209_36_19,0.00701921945437789
FRAG_NEG_trNEGATIVE52553_33_19,0.003942299634218216
FRAG_NEG_trNEGATIVE70582_9_19,0.9663782119750977
FRAG_NEG_trNEGATIVE96724_1_19,0.04254180192947388
FRAG_NEG_trNEGATIVE28729_37_19,0.0007983221439644694
FRAG_NEG_trNEGATIVE37733_45_19,0.17953452467918396
FRAG_NEG_trNEGATIVE29367_7_19,0.17133742570877075
FRAG_NEG_trNEGATIVE75482_16_19,0.0002711814013309777
FRAG_NEG_trNEGATIVE76267_40_19,0.050178658217191696
FRAG_NEG_trNEGATIVE55831_58_19,0.48689502477645874
FRAG_NEG_trNEGATIVE86864_25_19,0.0005310398410074413
FRAG_NEG_trNEGATIVE30650_35_19,0.26143160462379456
FRAG_NEG_trNEGATIVE79357_20_19,0.2821118235588074
FRAG_NEG_trNEGATIVE37753_14_19,0.36215323209762573
FRAG_NEG_trNEGATIVE89859_56_19,0.5392576456069946
FRAG_NEG_trNEGATIVE72833_56_19,0.048989344388246536
FRAG_NEG_trNEGATIVE95202_20_19,0.15008166432380676
FRAG_NEG_trNEGATIVE34527_51_19,0.007893145084381104
FRAG_NEG_trNEGATIVE84995_0_19,0.0007857315358705819
FRAG_NEG_trNEGATIVE65200_30_19,0.050342999398708344
FRAG_NEG_trNEGATIVE44734_20_19,0.008849195204675198
FRAG_NEG_trNEGATIVE35045_30_19,6.120537818787852e-06
FRAG_NEG_trNEGATIVE91781_33_19,0.179565891623497
FRAG_NEG_trNEGATIVE56804_32_19,0.33798959851264954
FRAG_NEG_trNEGATIVE42955_4_19,0.08013210445642471
FRAG_NEG_trNEGATIVE72460_69_19,0.0032227064948529005
FRAG_NEG_trNEGATIVE58405_33_19,0.9977443814277649
FRAG_NEG_trNEGATIVE35127_28_19,0.0006114414427429438
FRAG_NEG_trNEGATIVE52553_8_19,0.22121241688728333
FRAG_NEG_trNEGATIVE53744_14_19,0.14180883765220642
FRAG_NEG_trNEGATIVE27518_24_19,0.26553648710250854
FRAG_NEG_trNEGATIVE36843_41_19,0.003094553481787443
FRAG_NEG_trNEGATIVE60123_50_19,0.11914128065109253
FRAG_NEG_trNEGATIVE77350_23_19,0.0025987988337874413
FRAG_NEG_trNEGATIVE57629_69_19,0.49191612005233765
FRAG_NEG_trNEGATIVE53295_3_19,0.6947351694107056
FRAG_NEG_trNEGATIVE71382_15_19,0.7594186663627625
FRAG_NEG_trNEGATIVE93508_52_19,0.0009548080270178616
FRAG_NEG_trNEGATIVE97414_44_19,0.3204796314239502
FRAG_NEG_trNEGATIVE77996_79_19,0.04462899640202522
FRAG_NEG_trNEGATIVE62497_72_19,0.006015787832438946
FRAG_NEG_trNEGATIVE29650_32_19,0.06365518271923065
FRAG_NEG_trNEGATIVE44880_25_19,0.06367312371730804
FRAG_NEG_trNEGATIVE36047_34_19,0.7011033296585083
FRAG_NEG_trNEGATIVE28170_22_19,0.014047476463019848
FRAG_NEG_trNEGATIVE53131_41_19,7.830686081433669e-05
FRAG_NEG_trNEGATIVE84597_11_19,0.0027975451666861773
FRAG_NEG_trNEGATIVE43004_6_19,0.0006813170621171594
FRAG_NEG_trNEGATIVE88977_53_19,0.0070527782663702965
FRAG_NEG_trNEGATIVE65819_48_19,0.0013736130204051733
FRAG_NEG_trNEGATIVE31683_49_19,0.016848383471369743
FRAG_NEG_trNEGATIVE79753_24_19,0.0022169542498886585
FRAG_NEG_trNEGATIVE75343_10_19,0.14386014640331268
FRAG_NEG_trNEGATIVE28516_57_19,0.17880511283874512
FRAG_NEG_trNEGATIVE32285_21_19,0.40001124143600464
FRAG_NEG_trNEGATIVE50224_42_19,0.0033817526418715715
FRAG_NEG_trNEGATIVE53868_43_19,0.022783685475587845
FRAG_NEG_trNEGATIVE61009_37_19,0.008841274306178093
FRAG_NEG_trNEGATIVE36087_19_19,0.3253057599067688
FRAG_NEG_trNEGATIVE70642_68_19,0.041724611073732376
FRAG_NEG_trNEGATIVE44035_80_19,6.868515629321337e-05
FRAG_NEG_trNEGATIVE32833_1_19,0.8863065838813782
FRAG_NEG_trNEGATIVE95163_15_19,0.12970885634422302
FRAG_NEG_trNEGATIVE61323_61_19,0.0005694985156878829
FRAG_NEG_trNEGATIVE52530_22_19,0.0010116680059581995
FRAG_NEG_trNEGATIVE40060_51_19,0.5033729672431946
FRAG_NEG_trNEGATIVE81993_69_19,0.01959340088069439
FRAG_NEG_trNEGATIVE86986_57_19,0.017077602446079254
FRAG_NEG_trNEGATIVE85683_25_19,0.4450444281101227
FRAG_NEG_trNEGATIVE34028_49_19,0.16269399225711823
FRAG_NEG_trNEGATIVE78243_39_19,0.8949241638183594
FRAG_NEG_trNEGATIVE32910_4_19,0.7318137884140015
FRAG_NEG_trNEGATIVE67849_6_19,0.8364093899726868
FRAG_NEG_trNEGATIVE76154_15_19,0.00734475115314126
FRAG_NEG_trNEGATIVE62346_44_19,0.000942754268180579
FRAG_NEG_trNEGATIVE72942_21_19,0.025077858939766884
FRAG_NEG_trNEGATIVE51987_24_19,0.6242192983627319
FRAG_NEG_trNEGATIVE83093_34_19,0.008803265169262886
FRAG_NEG_trNEGATIVE38759_7_19,0.004097363445907831
FRAG_NEG_trNEGATIVE30808_19_19,0.2971733808517456
FRAG_NEG_trNEGATIVE63907_2_19,0.012949125841259956
FRAG_NEG_trNEGATIVE73505_63_19,0.03785178065299988
FRAG_NEG_trNEGATIVE63923_18_19,0.20879054069519043
FRAG_NEG_trNEGATIVE38419_10_19,0.0651438906788826
FRAG_NEG_trNEGATIVE78344_15_19,0.0017997568938881159
FRAG_NEG_trNEGATIVE77980_17_19,0.008205866441130638
FRAG_NEG_trNEGATIVE63180_5_19,0.08313991129398346
FRAG_NEG_trNEGATIVE56621_24_19,0.6730207800865173
FRAG_NEG_trNEGATIVE93762_0_19,0.0006868453347124159
FRAG_NEG_trNEGATIVE43954_74_19,0.021736398339271545
FRAG_NEG_trNEGATIVE70019_36_19,0.16992728412151337
FRAG_NEG_trNEGATIVE96926_39_19,0.11390207707881927
FRAG_NEG_trNEGATIVE71049_41_19,0.0008716512238606811
FRAG_NEG_trNEGATIVE84878_18_19,0.06048053503036499
FRAG_NEG_trNEGATIVE90881_3_19,0.011744282208383083
FRAG_NEG_trNEGATIVE28499_45_19,0.004172207787632942
FRAG_NEG_trNEGATIVE85222_35_19,0.003566301893442869
FRAG_NEG_trNEGATIVE50504_60_19,0.003852382767945528
FRAG_NEG_trNEGATIVE31738_23_19,0.45885294675827026
FRAG_NEG_trNEGATIVE77111_2_19,0.10897387564182281
FRAG_NEG_trNEGATIVE73996_27_19,0.00010821694741025567
FRAG_NEG_trNEGATIVE62795_62_19,0.0512235164642334
FRAG_NEG_trNEGATIVE58114_27_19,0.0026525845751166344
FRAG_NEG_trNEGATIVE56826_17_19,0.002328614704310894
FRAG_NEG_trNEGATIVE71907_10_19,0.29256942868232727
FRAG_NEG_trNEGATIVE85598_37_19,0.0009081506868824363
FRAG_NEG_trNEGATIVE52892_69_19,0.0011696427827700973
FRAG_NEG_trNEGATIVE44167_5_19,0.4690403938293457
FRAG_NEG_trNEGATIVE69595_50_19,0.0016871585976332426
FRAG_NEG_trNEGATIVE75864_50_19,0.009448835626244545
FRAG_NEG_trNEGATIVE67705_12_19,0.0027387170121073723
FRAG_NEG_trNEGATIVE81858_4_19,0.12168045341968536
FRAG_NEG_trNEGATIVE82267_37_19,0.09089214354753494
FRAG_NEG_trNEGATIVE86257_28_19,0.11728028208017349
FRAG_NEG_trNEGATIVE63235_44_19,0.4396311342716217
FRAG_NEG_trNEGATIVE60235_3_19,0.3970462679862976
FRAG_NEG_trNEGATIVE28054_21_19,0.7040764093399048
FRAG_NEG_trNEGATIVE85743_12_19,0.0072298855520784855
FRAG_NEG_trNEGATIVE41384_9_19,0.0008037901716306806
FRAG_NEG_trNEGATIVE50739_11_19,0.004533425904810429
FRAG_NEG_trNEGATIVE54002_16_19,0.425251305103302
FRAG_NEG_trNEGATIVE65251_17_19,0.8851218223571777
FRAG_NEG_trNEGATIVE74887_28_19,0.00023656613484490663
FRAG_NEG_trNEGATIVE56484_69_19,0.534713625907898
FRAG_NEG_trNEGATIVE42096_0_19,0.0002433628833387047
FRAG_NEG_trNEGATIVE94625_49_19,0.132625013589859
FRAG_NEG_trNEGATIVE39672_25_19,0.12625591456890106
FRAG_NEG_trNEGATIVE44210_13_19,0.5734218955039978
FRAG_NEG_trNEGATIVE65344_4_19,0.0008552380022592843
FRAG_NEG_trNEGATIVE47940_31_19,0.9811674356460571
FRAG_NEG_trNEGATIVE30883_6_19,0.024845624342560768
FRAG_NEG_trNEGATIVE88351_38_19,0.027036871761083603
FRAG_NEG_trNEGATIVE38619_9_19,0.29397839307785034
FRAG_NEG_trNEGATIVE65942_2_19,0.2524328827857971
FRAG_NEG_trNEGATIVE45785_37_19,0.7338355183601379
FRAG_NEG_trNEGATIVE74524_19_19,0.005774938501417637
FRAG_NEG_trNEGATIVE28350_53_19,0.12289029359817505
FRAG_NEG_trNEGATIVE96820_22_19,0.0025122452061623335
FRAG_NEG_trNEGATIVE64751_25_19,0.5949786901473999
FRAG_NEG_trNEGATIVE93710_22_19,0.010898245498538017
FRAG_NEG_trNEGATIVE88042_30_19,0.22740384936332703
FRAG_NEG_trNEGATIVE94010_10_19,0.738452136516571
FRAG_NEG_trNEGATIVE76374_6_19,0.6215469241142273
FRAG_NEG_trNEGATIVE72067_22_19,0.143128901720047
FRAG_NEG_trNEGATIVE42340_50_19,0.38564857840538025
FRAG_NEG_trNEGATIVE48551_15_19,1.2674788649746915e-06
FRAG_NEG_trNEGATIVE89667_25_19,0.006479161325842142
FRAG_NEG_trNEGATIVE96289_13_19,0.5903838276863098
FRAG_NEG_trNEGATIVE60025_16_19,0.22488375008106232
FRAG_NEG_trNEGATIVE47794_8_19,0.005549512337893248
FRAG_NEG_trNEGATIVE30855_47_19,0.8106927871704102
FRAG_NEG_trNEGATIVE63424_14_19,0.00027103672618977726
FRAG_NEG_trNEGATIVE71467_1_19,0.0008131790091283619
FRAG_NEG_trNEGATIVE55926_16_19,0.4535951614379883
FRAG_NEG_trNEGATIVE56445_56_19,0.22267301380634308
FRAG_NEG_trNEGATIVE68242_2_19,0.07093067467212677
FRAG_NEG_trNEGATIVE77128_23_19,0.010143755003809929
FRAG_NEG_trNEGATIVE85761_62_19,0.5375770330429077
FRAG_NEG_trNEGATIVE66500_34_19,0.009356456808745861
FRAG_NEG_trNEGATIVE43506_42_19,0.01507224328815937
FRAG_NEG_trNEGATIVE52643_45_19,0.9253844022750854
FRAG_NEG_trNEGATIVE86305_42_19,0.4928949475288391
FRAG_NEG_trNEGATIVE43084_22_19,0.004474087152630091
FRAG_NEG_trNEGATIVE54101_18_19,0.016000812873244286
FRAG_NEG_trNEGATIVE38801_26_19,0.038670457899570465
FRAG_NEG_trNEGATIVE91758_31_19,0.20750877261161804
FRAG_NEG_trNEGATIVE84079_22_19,0.01708807796239853
FRAG_NEG_trNEGATIVE59291_15_19,0.008242188952863216
FRAG_NEG_trNEGATIVE85455_48_19,0.026182467117905617
FRAG_NEG_trNEGATIVE70403_48_19,0.031177932396531105
FRAG_NEG_trNEGATIVE74088_0_19,0.0047853565774858
FRAG_NEG_trNEGATIVE46617_17_19,0.7172825932502747
FRAG_NEG_trNEGATIVE56723_4_19,0.47532138228416443
FRAG_NEG_trNEGATIVE47027_30_19,0.0043543679639697075
FRAG_NEG_trNEGATIVE97568_54_19,0.6996887922286987
FRAG_NEG_trNEGATIVE34666_1_19,0.9796342849731445
FRAG_NEG_trNEGATIVE93189_7_19,0.9969286918640137
FRAG_NEG_trNEGATIVE60038_5_19,0.001251384150236845
FRAG_NEG_trNEGATIVE87687_54_19,0.048349447548389435
FRAG_NEG_trNEGATIVE36698_11_19,0.012374146841466427
FRAG_NEG_trNEGATIVE89716_23_19,0.09454345703125
FRAG_NEG_trNEGATIVE66233_11_19,0.11559627205133438
FRAG_NEG_trNEGATIVE34022_2_19,0.22062981128692627
FRAG_NEG_trNEGATIVE90625_4_19,0.26990506052970886
FRAG_NEG_trNEGATIVE75199_7_19,0.2658565640449524
FRAG_NEG_trNEGATIVE76642_29_19,0.2957687973976135
FRAG_NEG_trNEGATIVE77317_14_19,0.05101954936981201
FRAG_NEG_trNEGATIVE75359_44_19,0.6797733902931213
FRAG_NEG_trNEGATIVE60450_38_19,0.07273942232131958
FRAG_NEG_trNEGATIVE40920_55_19,0.8901758193969727
FRAG_NEG_trNEGATIVE42982_47_19,0.04226358234882355
FRAG_NEG_trNEGATIVE64890_5_19,0.0005501541891135275
FRAG_NEG_trNEGATIVE44933_34_19,0.16902890801429749
FRAG_NEG_trNEGATIVE81527_54_19,0.7826759815216064
FRAG_NEG_trNEGATIVE85924_34_19,0.015385936014354229
FRAG_NEG_trNEGATIVE77575_0_19,9.55654172685172e-07
FRAG_NEG_trNEGATIVE68091_46_19,0.5565451383590698
FRAG_NEG_trNEGATIVE37172_23_19,0.23239067196846008
FRAG_NEG_trNEGATIVE57136_9_19,0.22993183135986328
FRAG_NEG_trNEGATIVE79195_65_19,0.005651210434734821
FRAG_NEG_trNEGATIVE44857_55_19,0.09285470098257065
FRAG_NEG_trNEGATIVE76037_69_19,0.012528049759566784
FRAG_NEG_trNEGATIVE33286_25_19,0.008169954642653465
FRAG_NEG_trNEGATIVE58579_40_19,0.5471920967102051
FRAG_NEG_trNEGATIVE64620_47_19,0.025672519579529762
FRAG_NEG_trNEGATIVE42319_24_19,0.11341855674982071
FRAG_NEG_trNEGATIVE45066_15_19,0.7579680681228638
FRAG_NEG_trNEGATIVE84693_17_19,0.2994057238101959
FRAG_NEG_trNEGATIVE41590_48_19,0.5261354446411133
FRAG_NEG_trNEGATIVE38194_16_19,0.06281818449497223
FRAG_NEG_trNEGATIVE66322_5_19,3.765061410376802e-05
FRAG_NEG_trNEGATIVE97413_25_19,0.13511532545089722
FRAG_NEG_trNEGATIVE57313_46_19,0.05475364997982979
FRAG_NEG_trNEGATIVE57664_59_19,0.001731018885038793
FRAG_NEG_trNEGATIVE91836_17_19,0.9141203165054321
FRAG_NEG_trNEGATIVE81157_34_19,0.1732482761144638
FRAG_NEG_trNEGATIVE96576_66_19,0.0002871452015824616
FRAG_NEG_trNEGATIVE39448_29_19,0.000759701244533062
FRAG_NEG_trNEGATIVE67455_30_19,0.013393333181738853
FRAG_NEG_trNEGATIVE64760_16_19,0.045665718615055084
FRAG_NEG_trNEGATIVE79528_4_19,0.18477794528007507
FRAG_NEG_trNEGATIVE65369_33_19,0.3392521142959595
FRAG_NEG_trNEGATIVE69720_59_19,0.001846680068410933
FRAG_NEG_trNEGATIVE46347_17_19,0.15031564235687256
FRAG_NEG_trNEGATIVE40184_67_19,0.31517428159713745
FRAG_NEG_trNEGATIVE83678_21_19,0.00016148938448168337
FRAG_NEG_trNEGATIVE77471_12_19,0.0038790996186435223
FRAG_NEG_trNEGATIVE76037_62_19,0.0005123760201968253
FRAG_NEG_trNEGATIVE38069_41_19,0.39882734417915344
FRAG_NEG_trNEGATIVE96583_14_19,0.09712518751621246
FRAG_NEG_trNEGATIVE68418_51_19,0.2555336654186249
FRAG_NEG_trNEGATIVE49695_39_19,0.7000351548194885
FRAG_NEG_trNEGATIVE96374_37_19,0.07690006494522095
FRAG_NEG_trNEGATIVE32913_23_19,0.7437606453895569
FRAG_NEG_trNEGATIVE89775_51_19,0.06272284686565399
FRAG_NEG_trNEGATIVE63573_23_19,0.003299758303910494
FRAG_NEG_trNEGATIVE33162_39_19,0.39949434995651245
FRAG_NEG_trNEGATIVE37447_39_19,0.023386985063552856
FRAG_NEG_trNEGATIVE44478_30_19,0.37698832154273987
FRAG_NEG_trNEGATIVE40492_67_19,0.01906718872487545
FRAG_NEG_trNEGATIVE85761_9_19,0.020485894754529
FRAG_NEG_trNEGATIVE66429_45_19,0.0006958864396438003
FRAG_NEG_trNEGATIVE85418_2_19,0.017583223059773445
FRAG_NEG_trNEGATIVE46179_44_19,0.0021142903715372086
FRAG_NEG_trNEGATIVE89463_8_19,0.9925400614738464
FRAG_NEG_trNEGATIVE78735_11_19,0.9138973951339722
FRAG_NEG_trNEGATIVE62346_24_19,0.015049380250275135
FRAG_NEG_trNEGATIVE95235_19_19,0.009256798774003983
FRAG_NEG_trNEGATIVE64940_30_19,0.1824638396501541
FRAG_NEG_trNEGATIVE75014_40_19,0.1977527141571045
FRAG_NEG_trNEGATIVE29466_20_19,0.42563724517822266
FRAG_NEG_trNEGATIVE53177_50_20,0.07319922000169754
FRAG_NEG_trNEGATIVE60221_7_20,0.270979642868042
FRAG_NEG_trNEGATIVE72223_36_20,0.01688157208263874
FRAG_NEG_trNEGATIVE59072_10_20,7.418351742671803e-06
FRAG_NEG_trNEGATIVE27820_28_20,0.02691708877682686
FRAG_NEG_trNEGATIVE38929_22_20,0.001165366847999394
FRAG_NEG_trNEGATIVE75403_55_20,0.040928907692432404
FRAG_NEG_trNEGATIVE42506_1_20,0.3282018303871155
FRAG_NEG_trNEGATIVE69058_58_20,0.003967552911490202
FRAG_NEG_trNEGATIVE94996_66_20,0.0029189777560532093
FRAG_NEG_trNEGATIVE94996_7_20,0.39774876832962036
FRAG_NEG_trNEGATIVE39967_1_20,0.5268465280532837
FRAG_NEG_trNEGATIVE77801_13_20,0.02631221152842045
FRAG_NEG_trNEGATIVE67713_41_20,0.003037666901946068
FRAG_NEG_trNEGATIVE43334_42_20,0.0015374430222436786
FRAG_NEG_trNEGATIVE83396_14_20,0.9629441499710083
FRAG_NEG_trNEGATIVE66206_31_20,0.07715686410665512
FRAG_NEG_trNEGATIVE72713_1_20,0.19295330345630646
FRAG_NEG_trNEGATIVE59717_7_20,0.35394397377967834
FRAG_NEG_trNEGATIVE36154_5_20,0.5797613859176636
FRAG_NEG_trNEGATIVE49557_38_20,0.000924346037209034
FRAG_NEG_trNEGATIVE62765_22_20,0.14239871501922607
FRAG_NEG_trNEGATIVE57038_7_20,0.9965023994445801
FRAG_NEG_trNEGATIVE94635_16_20,0.1935209333896637
FRAG_NEG_trNEGATIVE52454_18_20,0.47527408599853516
FRAG_NEG_trNEGATIVE75878_58_20,0.643722653388977
FRAG_NEG_trNEGATIVE57420_10_20,0.0015432346845045686
FRAG_NEG_trNEGATIVE43372_2_20,0.5947593450546265
FRAG_NEG_trNEGATIVE32688_25_20,0.001055627828463912
FRAG_NEG_trNEGATIVE57384_72_20,6.92427420290187e-05
FRAG_NEG_trNEGATIVE28142_34_20,0.11713165044784546
FRAG_NEG_trNEGATIVE75513_40_20,0.002971904817968607
FRAG_NEG_trNEGATIVE64018_23_20,0.0026373728178441525
FRAG_NEG_trNEGATIVE77094_19_20,0.020179811865091324
FRAG_NEG_trNEGATIVE51900_59_20,0.0009666150435805321
FRAG_NEG_trNEGATIVE85904_6_20,0.0030569727532565594
FRAG_NEG_trNEGATIVE33907_23_20,0.0014974377118051052
FRAG_NEG_trNEGATIVE85633_39_20,0.6131265163421631
FRAG_NEG_trNEGATIVE30077_11_20,0.02430790849030018
FRAG_NEG_trNEGATIVE75814_26_20,0.5335215330123901
FRAG_NEG_trNEGATIVE69297_71_20,0.013935448601841927
FRAG_NEG_trNEGATIVE77111_18_20,0.04173940047621727
FRAG_NEG_trNEGATIVE51954_49_20,0.0084078973159194
FRAG_NEG_trNEGATIVE78106_21_20,0.0025678626261651516
FRAG_NEG_trNEGATIVE37395_80_20,0.9445303678512573
FRAG_NEG_trNEGATIVE85582_41_20,0.08242887258529663
FRAG_NEG_trNEGATIVE48428_36_20,0.5812712907791138
FRAG_NEG_trNEGATIVE60221_50_20,0.005769531708210707
FRAG_NEG_trNEGATIVE60373_24_20,0.0010433567222207785
FRAG_NEG_trNEGATIVE77586_35_20,0.005261288024485111
FRAG_NEG_trNEGATIVE57334_7_20,0.01730925217270851
FRAG_NEG_trNEGATIVE78954_7_20,0.6089688539505005
FRAG_NEG_trNEGATIVE92499_20_20,0.2506469190120697
FRAG_NEG_trNEGATIVE31470_24_20,0.025062929838895798
FRAG_NEG_trNEGATIVE83836_21_20,0.029871027916669846
FRAG_NEG_trNEGATIVE43129_23_20,0.0018397668609395623
FRAG_NEG_trNEGATIVE57902_34_20,0.6730290055274963
FRAG_NEG_trNEGATIVE43562_5_20,0.08139979839324951
FRAG_NEG_trNEGATIVE59519_53_20,0.14858072996139526
FRAG_NEG_trNEGATIVE86159_40_20,0.00021695447503589094
FRAG_NEG_trNEGATIVE56752_55_20,0.2626824378967285
FRAG_NEG_trNEGATIVE41962_6_20,0.0002716141170822084
FRAG_NEG_trNEGATIVE94399_9_20,0.5571852326393127
FRAG_NEG_trNEGATIVE97593_15_20,0.40618982911109924
FRAG_NEG_trNEGATIVE40119_27_20,0.026280000805854797
FRAG_NEG_trNEGATIVE79735_60_20,0.2501245141029358
FRAG_NEG_trNEGATIVE82949_48_20,0.0008824532851576805
FRAG_NEG_trNEGATIVE92426_45_20,0.20871272683143616
FRAG_NEG_trNEGATIVE63376_19_20,0.008444666862487793
FRAG_NEG_trNEGATIVE32160_54_20,0.0016808572690933943
FRAG_NEG_trNEGATIVE81491_11_20,0.0008178827119991183
FRAG_NEG_trNEGATIVE42922_18_20,0.2642531991004944
FRAG_NEG_trNEGATIVE52450_4_20,0.4216037690639496
FRAG_NEG_trNEGATIVE64548_4_20,0.005116682965308428
FRAG_NEG_trNEGATIVE73158_14_20,0.007157822139561176
FRAG_NEG_trNEGATIVE47140_21_20,0.5018736720085144
FRAG_NEG_trNEGATIVE49185_22_20,0.04110177606344223
FRAG_NEG_trNEGATIVE79619_30_20,0.37934064865112305
FRAG_NEG_trNEGATIVE88934_51_20,0.932176411151886
FRAG_NEG_trNEGATIVE59542_6_20,0.16542315483093262
FRAG_NEG_trNEGATIVE55271_34_20,0.29130277037620544
FRAG_NEG_trNEGATIVE41460_5_20,0.9810053110122681
FRAG_NEG_trNEGATIVE31632_43_20,0.1449793428182602
FRAG_NEG_trNEGATIVE81527_16_20,0.10735465586185455
FRAG_NEG_trNEGATIVE51922_68_20,0.00023490973399020731
FRAG_NEG_trNEGATIVE28428_25_20,0.012591895647346973
FRAG_NEG_trNEGATIVE67695_21_20,0.4741004407405853
FRAG_NEG_trNEGATIVE57314_9_20,0.23735244572162628
FRAG_NEG_trNEGATIVE58637_67_20,0.006631636060774326
FRAG_NEG_trNEGATIVE29521_41_20,0.049240998923778534
FRAG_NEG_trNEGATIVE91895_43_20,0.6901690363883972
FRAG_NEG_trNEGATIVE81510_2_20,0.44765394926071167
FRAG_NEG_trNEGATIVE83507_23_20,0.08412142097949982
FRAG_NEG_trNEGATIVE38759_57_20,0.03991403058171272
FRAG_NEG_trNEGATIVE66970_10_20,0.023018991574645042
FRAG_NEG_trNEGATIVE45105_30_20,0.3788219094276428
FRAG_NEG_trNEGATIVE73786_20_20,0.7403643131256104
FRAG_NEG_trNEGATIVE39622_44_20,0.6736772656440735
FRAG_NEG_trNEGATIVE59520_41_20,0.07381390035152435
FRAG_NEG_trNEGATIVE47131_51_20,0.928127646446228
FRAG_NEG_trNEGATIVE81287_38_20,0.6064212322235107
FRAG_NEG_trNEGATIVE64980_14_20,0.3911963105201721
FRAG_NEG_trNEGATIVE66835_3_20,0.001751341507770121
FRAG_NEG_trNEGATIVE88934_26_20,0.0018946692580357194
FRAG_NEG_trNEGATIVE29734_24_20,0.439938485622406
FRAG_NEG_trNEGATIVE33087_12_20,0.03697137534618378
FRAG_NEG_trNEGATIVE57524_20_20,0.9151819944381714
FRAG_NEG_trNEGATIVE38271_39_20,0.16434907913208008
FRAG_NEG_trNEGATIVE88499_25_20,0.12901505827903748
FRAG_NEG_trNEGATIVE63462_14_20,0.6596314907073975
FRAG_NEG_trNEGATIVE34705_24_20,0.22147218883037567
FRAG_NEG_trNEGATIVE34911_22_20,0.07778681069612503
FRAG_NEG_trNEGATIVE35578_14_20,0.010686044581234455
FRAG_NEG_trNEGATIVE80829_40_20,0.006894690450280905
FRAG_NEG_trNEGATIVE71241_55_20,0.263069212436676
FRAG_NEG_trNEGATIVE57285_21_20,0.5839868187904358
FRAG_NEG_trNEGATIVE82152_49_20,0.5446022748947144
FRAG_NEG_trNEGATIVE37821_23_20,0.12378803640604019
FRAG_NEG_trNEGATIVE55800_5_20,0.3935393989086151
FRAG_NEG_trNEGATIVE75792_46_20,0.0034888782538473606
FRAG_NEG_trNEGATIVE96554_59_20,0.005531898699700832
FRAG_NEG_trNEGATIVE46180_16_20,0.6653766632080078
FRAG_NEG_trNEGATIVE39078_0_20,0.00022958687623031437
FRAG_NEG_trNEGATIVE46140_6_20,0.8069620132446289
FRAG_NEG_trNEGATIVE76311_21_20,0.6103928685188293
FRAG_NEG_trNEGATIVE65571_42_20,0.013280409388244152
FRAG_NEG_trNEGATIVE44871_9_20,0.0049366941675543785
FRAG_NEG_trNEGATIVE82680_48_20,0.03587891906499863
FRAG_NEG_trNEGATIVE57796_28_20,0.24622316658496857
FRAG_NEG_trNEGATIVE77365_5_20,4.5393085201794747e-07
FRAG_NEG_trNEGATIVE61277_49_20,0.24364955723285675
FRAG_NEG_trNEGATIVE75696_6_20,0.27187424898147583
FRAG_NEG_trNEGATIVE95018_33_20,0.017599469050765038
FRAG_NEG_trNEGATIVE81410_28_20,0.0004415575822349638
FRAG_NEG_trNEGATIVE88184_56_20,0.24734020233154297
FRAG_NEG_trNEGATIVE40715_70_20,0.028913885354995728
FRAG_NEG_trNEGATIVE40184_73_20,0.04272108152508736
FRAG_NEG_trNEGATIVE63583_39_20,0.04770975187420845
FRAG_NEG_trNEGATIVE46582_19_20,0.006739995442330837
FRAG_NEG_trNEGATIVE93381_26_20,0.06351560354232788
FRAG_NEG_trNEGATIVE96930_40_20,0.07202493399381638
FRAG_NEG_trNEGATIVE64192_47_20,0.02394019439816475
FRAG_NEG_trNEGATIVE73308_13_20,0.32956987619400024
FRAG_NEG_trNEGATIVE27978_68_20,0.06699471920728683
FRAG_NEG_trNEGATIVE88887_20_20,0.0012632888974621892
FRAG_NEG_trNEGATIVE72396_15_20,0.953794002532959
FRAG_NEG_trNEGATIVE63843_23_20,0.36829864978790283
FRAG_NEG_trNEGATIVE57023_76_20,0.29352617263793945
FRAG_NEG_trNEGATIVE82995_4_20,0.29374298453330994
FRAG_NEG_trNEGATIVE84600_48_20,0.16925832629203796
FRAG_NEG_trNEGATIVE97414_18_20,0.1328144371509552
FRAG_NEG_trNEGATIVE50269_10_20,0.32552579045295715
FRAG_NEG_trNEGATIVE58289_50_20,0.07474417239427567
FRAG_NEG_trNEGATIVE90349_5_20,0.201337531208992
FRAG_NEG_trNEGATIVE45765_25_20,0.009126115590333939
FRAG_NEG_trNEGATIVE70591_27_20,0.5989179015159607
FRAG_NEG_trNEGATIVE45657_32_20,0.3184945583343506
FRAG_NEG_trNEGATIVE39893_22_20,0.6833182573318481
FRAG_NEG_trNEGATIVE84831_26_20,0.10363060235977173
FRAG_NEG_trNEGATIVE34205_33_20,0.32189807295799255
FRAG_NEG_trNEGATIVE75482_6_20,0.012130768969655037
FRAG_NEG_trNEGATIVE54238_43_20,0.4045100212097168
FRAG_NEG_trNEGATIVE63057_29_20,0.0716099888086319
FRAG_NEG_trNEGATIVE66167_78_20,0.005695750005543232
FRAG_NEG_trNEGATIVE92537_53_20,0.026506030932068825
FRAG_NEG_trNEGATIVE58868_38_20,0.041381727904081345
FRAG_NEG_trNEGATIVE93241_51_20,0.023831821978092194
FRAG_NEG_trNEGATIVE88380_41_20,0.0026138650719076395
FRAG_NEG_trNEGATIVE70735_5_20,0.005930264480412006
FRAG_NEG_trNEGATIVE76710_62_20,0.008699783124029636
FRAG_NEG_trNEGATIVE81231_33_20,0.21924933791160583
FRAG_NEG_trNEGATIVE92269_10_20,0.21390268206596375
FRAG_NEG_trNEGATIVE52476_6_20,0.9549139142036438
FRAG_NEG_trNEGATIVE81386_66_20,0.004914840683341026
FRAG_NEG_trNEGATIVE91724_36_20,0.01115463301539421
FRAG_NEG_trNEGATIVE76759_71_20,0.012525265105068684
FRAG_NEG_trNEGATIVE31346_31_20,0.00038399259210564196
FRAG_NEG_trNEGATIVE95360_17_20,0.7342045903205872
FRAG_NEG_trNEGATIVE74351_33_20,0.6890726089477539
FRAG_NEG_trNEGATIVE90839_5_20,0.18807783722877502
FRAG_NEG_trNEGATIVE61196_58_20,0.3339906632900238
FRAG_NEG_trNEGATIVE76527_29_20,0.0450785756111145
FRAG_NEG_trNEGATIVE74436_30_20,0.06006792187690735
FRAG_NEG_trNEGATIVE29765_1_20,0.2588590681552887
FRAG_NEG_trNEGATIVE40545_29_20,0.006786924786865711
FRAG_NEG_trNEGATIVE83114_65_20,0.7034509778022766
FRAG_NEG_trNEGATIVE74573_17_20,0.07521335780620575
FRAG_NEG_trNEGATIVE36438_21_20,0.0007481187931261957
FRAG_NEG_trNEGATIVE67999_8_20,0.652052104473114
FRAG_NEG_trNEGATIVE88238_1_20,0.939374566078186
FRAG_NEG_trNEGATIVE93394_18_20,0.7684953808784485
FRAG_NEG_trNEGATIVE43334_60_20,0.024714453145861626
FRAG_NEG_trNEGATIVE53410_7_20,0.012495851144194603
FRAG_NEG_trNEGATIVE79045_21_20,0.30973151326179504
FRAG_NEG_trNEGATIVE71697_14_20,0.0050417585298419
FRAG_NEG_trNEGATIVE85179_66_20,0.043631646782159805
FRAG_NEG_trNEGATIVE28269_52_20,0.9887890815734863
FRAG_NEG_trNEGATIVE59662_57_20,0.05989636108279228
FRAG_NEG_trNEGATIVE64855_37_20,0.002924277912825346
FRAG_NEG_trNEGATIVE57949_40_20,0.8780534863471985
FRAG_NEG_trNEGATIVE89377_10_20,0.0004975757328793406
FRAG_NEG_trNEGATIVE80014_11_20,0.10622896254062653
FRAG_NEG_trNEGATIVE29046_54_20,0.00028116689645685256
FRAG_NEG_trNEGATIVE47345_7_20,0.09032782167196274
FRAG_NEG_trNEGATIVE55408_62_20,0.7942808866500854
FRAG_NEG_trNEGATIVE72261_16_20,0.02503747120499611
FRAG_NEG_trNEGATIVE59996_10_20,0.00955443736165762
FRAG_NEG_trNEGATIVE60566_14_20,0.011888631619513035
FRAG_NEG_trNEGATIVE63078_21_20,0.028269192203879356
FRAG_NEG_trNEGATIVE92346_45_20,3.077090150327422e-05
FRAG_NEG_trNEGATIVE72967_14_20,0.24066293239593506
FRAG_NEG_trNEGATIVE37880_32_20,0.0011231403332203627
FRAG_NEG_trNEGATIVE39870_21_20,0.0010163842234760523
FRAG_NEG_trNEGATIVE49712_35_20,0.30114471912384033
FRAG_NEG_trNEGATIVE50740_43_20,0.9861838221549988
FRAG_NEG_trNEGATIVE92878_23_20,0.13237349689006805
FRAG_NEG_trNEGATIVE39004_26_20,0.06147368624806404
FRAG_NEG_trNEGATIVE55110_2_20,0.13300088047981262
FRAG_NEG_trNEGATIVE79202_43_20,0.09648316353559494
FRAG_NEG_trNEGATIVE45365_22_20,0.13080552220344543
FRAG_NEG_trNEGATIVE65678_2_20,0.40934237837791443
FRAG_NEG_trNEGATIVE70934_22_20,0.003076868364587426
FRAG_NEG_trNEGATIVE52240_39_20,0.21695370972156525
FRAG_NEG_trNEGATIVE63176_30_20,0.07340662181377411
FRAG_NEG_trNEGATIVE30600_51_20,0.01693674921989441
FRAG_NEG_trNEGATIVE63514_42_20,0.1371302306652069
FRAG_NEG_trNEGATIVE67531_55_20,0.9575858116149902
FRAG_NEG_trNEGATIVE54212_55_20,0.008499961346387863
FRAG_NEG_trNEGATIVE92489_33_20,0.010251873172819614
FRAG_NEG_trNEGATIVE70320_36_20,0.02028079517185688
FRAG_NEG_trNEGATIVE88156_10_20,0.5014979243278503
FRAG_NEG_trNEGATIVE34973_23_20,0.0011104980949312449
FRAG_NEG_trNEGATIVE82520_32_20,0.057120464742183685
FRAG_NEG_trNEGATIVE68670_54_20,0.6995855569839478
FRAG_NEG_trNEGATIVE80602_1_20,0.004874605685472488
FRAG_NEG_trNEGATIVE47422_27_20,0.0016652956837788224
FRAG_NEG_trNEGATIVE86864_16_20,0.0018948260694742203
FRAG_NEG_trNEGATIVE58401_0_20,0.00021170111722312868
FRAG_NEG_trNEGATIVE69895_37_20,0.19550856947898865
FRAG_NEG_trNEGATIVE97283_50_20,0.006207181140780449
FRAG_NEG_trNEGATIVE31404_6_20,0.7731000185012817
FRAG_NEG_trNEGATIVE29831_50_20,0.03179264813661575
FRAG_NEG_trNEGATIVE47812_26_20,0.0028622630052268505
FRAG_NEG_trNEGATIVE76009_17_20,0.07553324848413467
FRAG_NEG_trNEGATIVE95131_25_20,0.030910935252904892
FRAG_NEG_trNEGATIVE96673_49_20,0.0007331348024308681
FRAG_NEG_trNEGATIVE36643_32_20,0.15244142711162567
FRAG_NEG_trNEGATIVE78614_27_20,0.03522425889968872
FRAG_NEG_trNEGATIVE36281_3_20,0.983432948589325
FRAG_NEG_trNEGATIVE96597_20_20,0.21352848410606384
FRAG_NEG_trNEGATIVE81517_25_20,0.43272072076797485
FRAG_NEG_trNEGATIVE64300_19_20,0.5674029588699341
FRAG_NEG_trNEGATIVE96170_48_20,0.9068217277526855
FRAG_NEG_trNEGATIVE92362_52_20,0.535585880279541
FRAG_NEG_trNEGATIVE97027_51_20,0.00012066947238054127
FRAG_NEG_trNEGATIVE74053_5_20,0.009570769965648651
FRAG_NEG_trNEGATIVE64306_24_20,0.09944797307252884
FRAG_NEG_trNEGATIVE93420_18_20,0.0017032641917467117
FRAG_NEG_trNEGATIVE48759_27_20,0.0003301528631709516
FRAG_NEG_trNEGATIVE68039_28_20,0.6001702547073364
FRAG_NEG_trNEGATIVE95540_22_20,0.6442722678184509
FRAG_NEG_trNEGATIVE63751_2_20,0.6058233976364136
FRAG_NEG_trNEGATIVE58637_47_20,0.8299044370651245
FRAG_NEG_trNEGATIVE78359_21_20,0.18559858202934265
FRAG_NEG_trNEGATIVE62801_23_20,0.04167655482888222
FRAG_NEG_trNEGATIVE78223_2_20,0.00023941272229421884
FRAG_NEG_trNEGATIVE40806_38_20,0.026445787400007248
FRAG_NEG_trNEGATIVE27517_2_20,0.002661390695720911
FRAG_NEG_trNEGATIVE62973_2_20,0.780498743057251
FRAG_NEG_trNEGATIVE84587_32_20,0.01158824097365141
FRAG_NEG_trNEGATIVE45545_74_20,0.05572715401649475
FRAG_NEG_trNEGATIVE63176_24_20,0.04716074466705322
FRAG_NEG_trNEGATIVE82273_10_20,0.003562159137800336
FRAG_NEG_trNEGATIVE28212_42_20,0.04087695851922035
FRAG_NEG_trNEGATIVE61571_57_20,0.0021177141461521387
FRAG_NEG_trNEGATIVE28453_34_20,0.27779221534729004
FRAG_NEG_trNEGATIVE50638_40_20,0.0706482082605362
FRAG_NEG_trNEGATIVE71152_26_20,0.01626456528902054
FRAG_NEG_trNEGATIVE81212_35_20,0.884147047996521
FRAG_NEG_trNEGATIVE97267_22_20,0.1524316966533661
FRAG_NEG_trNEGATIVE59996_21_20,0.0035696413833647966
FRAG_NEG_trNEGATIVE36394_0_20,6.904121164552635e-06
FRAG_NEG_trNEGATIVE29484_27_20,0.5991318821907043
FRAG_NEG_trNEGATIVE27634_23_20,0.03153909370303154
FRAG_NEG_trNEGATIVE58329_61_20,0.0016222348203882575
FRAG_NEG_trNEGATIVE90287_1_20,0.048122428357601166
FRAG_NEG_trNEGATIVE64720_34_20,0.010325373150408268
FRAG_NEG_trNEGATIVE35075_1_20,0.7505475282669067
FRAG_NEG_trNEGATIVE91297_33_20,0.26331740617752075
FRAG_NEG_trNEGATIVE41912_31_20,0.712287425994873
FRAG_NEG_trNEGATIVE92008_41_20,0.15167450904846191
FRAG_NEG_trNEGATIVE68937_0_20,2.0360550479381345e-05
FRAG_NEG_trNEGATIVE84549_27_20,0.06524251401424408
FRAG_NEG_trNEGATIVE90579_33_20,0.0013717708643525839
FRAG_NEG_trNEGATIVE83168_33_20,0.4974946975708008
FRAG_NEG_trNEGATIVE35003_17_20,0.0005425155395641923
FRAG_NEG_trNEGATIVE75934_53_20,0.10735180228948593
FRAG_NEG_trNEGATIVE46923_19_20,0.01604902558028698
FRAG_NEG_trNEGATIVE89141_9_20,0.0004925403045490384
FRAG_NEG_trNEGATIVE77840_15_20,0.15691079199314117
FRAG_NEG_trNEGATIVE47625_54_20,0.8532902002334595
FRAG_NEG_trNEGATIVE88167_7_20,0.013047739863395691
FRAG_NEG_trNEGATIVE51469_5_20,0.026416242122650146
FRAG_NEG_trNEGATIVE46932_31_20,0.6762406229972839
FRAG_NEG_trNEGATIVE96134_40_20,0.3399609923362732
FRAG_NEG_trNEGATIVE75676_30_20,0.6324435472488403
FRAG_NEG_trNEGATIVE37987_50_20,0.5045188665390015
FRAG_NEG_trNEGATIVE64540_11_20,0.03866207227110863
FRAG_NEG_trNEGATIVE76891_19_20,0.3245701193809509
FRAG_NEG_trNEGATIVE49461_46_20,0.009036567993462086
FRAG_NEG_trNEGATIVE38207_1_20,0.0051501416601240635
FRAG_NEG_trNEGATIVE71246_34_20,0.00969894789159298
FRAG_NEG_trNEGATIVE81159_15_20,0.2317616492509842
FRAG_NEG_trNEGATIVE61733_38_20,0.0009018575656227767
FRAG_NEG_trNEGATIVE61009_28_20,0.6911283135414124
FRAG_NEG_trNEGATIVE38022_24_20,0.00012348868767730892
FRAG_NEG_trNEGATIVE94572_4_20,0.18823787569999695
FRAG_NEG_trNEGATIVE52775_11_20,0.312263548374176
FRAG_NEG_trNEGATIVE34893_36_20,0.2512971758842468
FRAG_NEG_trNEGATIVE51934_9_20,0.7974135875701904
FRAG_NEG_trNEGATIVE33275_0_20,0.0004539267683867365
FRAG_NEG_trNEGATIVE57477_3_20,0.14691221714019775
FRAG_NEG_trNEGATIVE33907_6_20,0.009660394862294197
FRAG_NEG_trNEGATIVE78629_17_20,0.011908932588994503
FRAG_NEG_trNEGATIVE51356_5_20,0.06497135013341904
FRAG_NEG_trNEGATIVE48652_52_20,0.27135175466537476
FRAG_NEG_trNEGATIVE81621_0_20,3.293934787507169e-05
FRAG_NEG_trNEGATIVE76861_24_20,0.0017756859306246042
FRAG_NEG_trNEGATIVE43771_0_20,0.0010619525564834476
FRAG_NEG_trNEGATIVE36243_49_20,0.061347801238298416
FRAG_NEG_trNEGATIVE64715_32_20,0.45850032567977905
FRAG_NEG_trNEGATIVE71193_23_20,0.004408768843859434
FRAG_NEG_trNEGATIVE39793_56_20,0.0007888951222412288
FRAG_NEG_trNEGATIVE65259_8_20,0.8004840612411499
FRAG_NEG_trNEGATIVE68314_18_20,0.16319651901721954
FRAG_NEG_trNEGATIVE63274_36_20,0.05401952192187309
FRAG_NEG_trNEGATIVE97259_30_20,0.7273784875869751
FRAG_NEG_trNEGATIVE97493_59_20,0.0019416364375501871
FRAG_NEG_trNEGATIVE45562_33_20,0.5734111070632935
FRAG_NEG_trNEGATIVE34443_48_20,0.007580648176372051
FRAG_NEG_trNEGATIVE74378_64_20,0.08320169150829315
FRAG_NEG_trNEGATIVE65600_25_20,4.485499084694311e-05
FRAG_NEG_trNEGATIVE46113_60_20,0.25302714109420776
FRAG_NEG_trNEGATIVE30703_28_20,0.34235870838165283
FRAG_NEG_trNEGATIVE89835_32_20,0.592004656791687
FRAG_NEG_trNEGATIVE45066_0_20,0.0005672926781699061
FRAG_NEG_trNEGATIVE70166_38_20,0.9684418439865112
FRAG_NEG_trNEGATIVE56509_54_20,0.004925812594592571
FRAG_NEG_trNEGATIVE92373_15_20,0.28353098034858704
FRAG_NEG_trNEGATIVE46573_16_20,0.19775238633155823
FRAG_NEG_trNEGATIVE54166_61_20,0.16028574109077454
FRAG_NEG_trNEGATIVE62255_2_20,0.7765716314315796
FRAG_NEG_trNEGATIVE43395_25_20,0.004462071694433689
FRAG_NEG_trNEGATIVE33812_47_20,0.2585461735725403
FRAG_NEG_trNEGATIVE47217_3_20,0.48419976234436035
FRAG_NEG_trNEGATIVE80829_48_20,0.958236813545227
FRAG_NEG_trNEGATIVE53727_32_20,0.10068787634372711
FRAG_NEG_trNEGATIVE92738_35_20,0.9067800641059875
FRAG_NEG_trNEGATIVE43153_20_20,0.22996684908866882
FRAG_NEG_trNEGATIVE86259_24_20,0.021883348003029823
FRAG_NEG_trNEGATIVE70258_64_20,0.018552761524915695
FRAG_NEG_trNEGATIVE76417_19_20,0.0013908344553783536
FRAG_NEG_trNEGATIVE70934_4_20,0.9612840414047241
FRAG_NEG_trNEGATIVE44809_17_20,0.04060206934809685
FRAG_NEG_trNEGATIVE89575_3_20,0.4513212740421295
FRAG_NEG_trNEGATIVE61202_19_20,0.0631142407655716
FRAG_NEG_trNEGATIVE35081_37_20,0.0015716090565547347
FRAG_NEG_trNEGATIVE60220_60_20,0.09819525480270386
FRAG_NEG_trNEGATIVE65844_29_20,0.14238110184669495
FRAG_NEG_trNEGATIVE67258_29_20,0.0843513086438179
FRAG_NEG_trNEGATIVE78961_32_20,0.8976457715034485
FRAG_NEG_trNEGATIVE71826_17_20,0.002659181598573923
FRAG_NEG_trNEGATIVE60458_9_20,0.023969201371073723
FRAG_NEG_trNEGATIVE79903_17_20,0.04746318235993385
FRAG_NEG_trNEGATIVE65342_28_20,0.02763230726122856
FRAG_NEG_trNEGATIVE75635_15_20,0.00037508606328628957
FRAG_NEG_trNEGATIVE30918_15_20,0.042954470962285995
FRAG_NEG_trNEGATIVE90468_15_20,0.00034851167583838105
FRAG_NEG_trNEGATIVE54097_61_20,0.005463412497192621
FRAG_NEG_trNEGATIVE66008_7_20,0.0036513737868517637
FRAG_NEG_trNEGATIVE33095_2_20,0.0057780565693974495
FRAG_NEG_trNEGATIVE45049_18_20,0.7028614282608032
FRAG_NEG_trNEGATIVE90894_9_20,0.3617590069770813
FRAG_NEG_trNEGATIVE81668_51_20,0.44898277521133423
FRAG_NEG_trNEGATIVE48759_28_20,0.001736123813316226
FRAG_NEG_trNEGATIVE84403_42_20,0.5630106329917908
FRAG_NEG_trNEGATIVE36022_56_20,0.025514885783195496
FRAG_NEG_trNEGATIVE40284_15_20,0.01430376898497343
FRAG_NEG_trNEGATIVE53575_16_20,0.11071648448705673
FRAG_NEG_trNEGATIVE87442_67_20,0.1582411229610443
FRAG_NEG_trNEGATIVE60173_19_20,0.08121670037508011
FRAG_NEG_trNEGATIVE82469_8_20,0.8718941807746887
FRAG_NEG_trNEGATIVE40701_15_20,0.9152179956436157
FRAG_NEG_trNEGATIVE37637_15_20,0.0700061023235321
FRAG_NEG_trNEGATIVE30739_57_20,0.0030955648981034756
FRAG_NEG_trNEGATIVE29028_30_20,0.0031908731907606125
FRAG_NEG_trNEGATIVE55133_49_20,0.2178141176700592
FRAG_NEG_trNEGATIVE81185_53_20,0.0006707654101774096
FRAG_NEG_trNEGATIVE63459_24_20,0.4109044075012207
FRAG_NEG_trNEGATIVE86265_9_20,0.019608596339821815
FRAG_NEG_trNEGATIVE46387_0_20,9.907806816045195e-05
FRAG_NEG_trNEGATIVE70581_26_20,0.00633713323622942
FRAG_NEG_trNEGATIVE31543_19_20,0.48464494943618774
FRAG_NEG_trNEGATIVE61813_2_20,0.00013537211634684354
FRAG_NEG_trNEGATIVE65850_0_20,0.06927752494812012
FRAG_NEG_trNEGATIVE91758_74_20,0.04084838181734085
FRAG_NEG_trNEGATIVE76453_4_20,0.5648918151855469
FRAG_NEG_trNEGATIVE61117_58_20,0.1477045714855194
FRAG_NEG_trNEGATIVE71633_16_20,0.0075111896730959415
FRAG_NEG_trNEGATIVE96531_37_20,0.003376393811777234
FRAG_NEG_trNEGATIVE83956_45_20,0.025444824248552322
FRAG_NEG_trNEGATIVE87228_14_20,0.1496533900499344
FRAG_NEG_trNEGATIVE61502_10_20,0.056287843734025955
FRAG_NEG_trNEGATIVE66279_12_20,0.08699575811624527
FRAG_NEG_trNEGATIVE71119_47_20,0.026612529531121254
FRAG_NEG_trNEGATIVE94916_62_20,0.35320350527763367
FRAG_NEG_trNEGATIVE55353_6_20,0.4306045472621918
FRAG_NEG_trNEGATIVE96167_18_20,0.00044349493691697717
FRAG_NEG_trNEGATIVE48327_32_20,0.02630980685353279
FRAG_NEG_trNEGATIVE61502_14_20,0.09841084480285645
FRAG_NEG_trNEGATIVE33327_46_20,0.006045789923518896
FRAG_NEG_trNEGATIVE34154_6_20,0.051461853086948395
FRAG_NEG_trNEGATIVE73415_31_20,0.6856142282485962
FRAG_NEG_trNEGATIVE63036_39_20,0.16058845818042755
FRAG_NEG_trNEGATIVE96443_12_20,0.1384684145450592
FRAG_NEG_trNEGATIVE83237_3_20,0.07916450500488281
FRAG_NEG_trNEGATIVE70523_20_20,0.002148050582036376
FRAG_NEG_trNEGATIVE44880_29_20,0.0028579826466739178
FRAG_NEG_trNEGATIVE56407_9_20,0.4731683135032654
FRAG_NEG_trNEGATIVE71361_13_20,0.666241466999054
FRAG_NEG_trNEGATIVE42400_3_20,0.2764425277709961
FRAG_NEG_trNEGATIVE88491_34_20,0.7398379445075989
FRAG_NEG_trNEGATIVE81690_40_20,0.03717242181301117
FRAG_NEG_trNEGATIVE54856_22_20,0.14858022332191467
FRAG_NEG_trNEGATIVE55193_41_20,0.44404739141464233
FRAG_NEG_trNEGATIVE68117_53_20,0.0032412209548056126
FRAG_NEG_trNEGATIVE59192_28_20,0.01110969576984644
FRAG_NEG_trNEGATIVE31518_9_20,0.009145348332822323
FRAG_NEG_trNEGATIVE80523_20_20,0.0024794007185846567
FRAG_NEG_trNEGATIVE30046_9_20,0.002258793218061328
FRAG_NEG_trNEGATIVE45174_77_20,0.006908923387527466
FRAG_NEG_trNEGATIVE85742_18_20,0.9867570996284485
FRAG_NEG_trNEGATIVE67208_57_20,0.18627235293388367
FRAG_NEG_trNEGATIVE91421_39_20,0.00045166685595177114
FRAG_NEG_trNEGATIVE42246_22_20,0.0016461133491247892
FRAG_NEG_trNEGATIVE93981_52_20,0.005620016250759363
FRAG_NEG_trNEGATIVE92153_6_20,0.36850422620773315
FRAG_NEG_trNEGATIVE39853_40_20,0.21026384830474854
FRAG_NEG_trNEGATIVE75261_48_20,0.003184335771948099
FRAG_NEG_trNEGATIVE34866_26_20,0.10896892845630646
FRAG_NEG_trNEGATIVE45564_4_20,0.6507436037063599
FRAG_NEG_trNEGATIVE73464_8_20,0.11990384012460709
FRAG_NEG_trNEGATIVE67331_26_20,0.0005228394875302911
FRAG_NEG_trNEGATIVE90663_20_20,0.006619257386773825
FRAG_NEG_trNEGATIVE31683_38_20,0.004823848605155945
FRAG_NEG_trNEGATIVE39004_42_20,0.8371901512145996
FRAG_NEG_trNEGATIVE68110_10_20,0.008021851070225239
FRAG_NEG_trNEGATIVE31558_0_20,0.023575635626912117
FRAG_NEG_trNEGATIVE36696_39_20,0.5209642648696899
FRAG_NEG_trNEGATIVE47705_29_20,0.36550506949424744
FRAG_NEG_trNEGATIVE78105_38_20,0.7451232075691223
FRAG_NEG_trNEGATIVE52791_19_20,0.0041267722845077515
FRAG_NEG_trNEGATIVE57334_37_20,0.4528091847896576
FRAG_NEG_trNEGATIVE85142_12_20,0.016568750143051147
FRAG_NEG_trNEGATIVE33442_35_20,0.0008199545554816723
FRAG_NEG_trNEGATIVE94577_15_20,0.14515843987464905
FRAG_NEG_trNEGATIVE41707_24_20,0.23637017607688904
FRAG_NEG_trNEGATIVE63980_41_20,0.25721365213394165
FRAG_NEG_trNEGATIVE35729_16_20,0.033775534480810165
FRAG_NEG_trNEGATIVE28299_19_20,0.3117700219154358
FRAG_NEG_trNEGATIVE95931_63_20,0.8250791430473328
FRAG_NEG_trNEGATIVE69167_40_20,0.4844591021537781
FRAG_NEG_trNEGATIVE50673_1_20,0.22171001136302948
FRAG_NEG_trNEGATIVE85683_21_20,0.4758217930793762
FRAG_NEG_trNEGATIVE44308_46_20,0.017168371006846428
FRAG_NEG_trNEGATIVE94857_18_20,0.133538156747818
FRAG_NEG_trNEGATIVE87308_54_20,0.4218199849128723
FRAG_NEG_trNEGATIVE58675_11_20,0.021280894055962563
FRAG_NEG_trNEGATIVE66730_56_20,0.4349604547023773
FRAG_NEG_trNEGATIVE44699_62_20,0.3930339813232422
FRAG_NEG_trNEGATIVE34429_42_20,0.04930226877331734
FRAG_NEG_trNEGATIVE96654_52_20,1.1793359817602322e-06
FRAG_NEG_trNEGATIVE96921_37_20,0.018251053988933563
FRAG_NEG_trNEGATIVE75234_71_20,0.05222108215093613
FRAG_NEG_trNEGATIVE31769_15_20,0.46221694350242615
FRAG_NEG_trNEGATIVE35529_61_20,0.06476245075464249
FRAG_NEG_trNEGATIVE42246_0_20,0.007820859551429749
FRAG_NEG_trNEGATIVE50051_25_20,0.0006095163989812136
FRAG_NEG_trNEGATIVE50082_31_20,0.34890609979629517
FRAG_NEG_trNEGATIVE58502_13_20,0.005220240447670221
FRAG_NEG_trNEGATIVE60068_9_20,0.03386088088154793
FRAG_NEG_trNEGATIVE31419_19_20,0.0074100187048316
FRAG_NEG_trNEGATIVE85162_74_20,0.0014369501732289791
FRAG_NEG_trNEGATIVE39101_42_20,0.05600233003497124
FRAG_NEG_trNEGATIVE66427_36_20,0.4716152250766754
FRAG_NEG_trNEGATIVE45411_0_20,9.156572559732012e-06
FRAG_NEG_trNEGATIVE53486_38_20,0.31057208776474
FRAG_NEG_trNEGATIVE65918_60_20,0.008855296298861504
FRAG_NEG_trNEGATIVE73416_27_20,0.3525148034095764
FRAG_NEG_trNEGATIVE74148_71_20,0.0010571267921477556
FRAG_NEG_trNEGATIVE36815_25_20,0.3188832998275757
FRAG_NEG_trNEGATIVE76082_5_20,0.009358384646475315
FRAG_NEG_trNEGATIVE56047_28_20,0.7115389704704285
FRAG_NEG_trNEGATIVE71295_36_20,8.504979632562026e-06
FRAG_NEG_trNEGATIVE77009_20_20,3.554107024683617e-05
FRAG_NEG_trNEGATIVE85557_26_20,0.1787538081407547
FRAG_NEG_trNEGATIVE61201_22_20,0.08614493906497955
FRAG_NEG_trNEGATIVE80544_75_20,0.08031900227069855
FRAG_NEG_trNEGATIVE46309_31_21,0.0010140507947653532
FRAG_NEG_trNEGATIVE52751_42_21,0.12779298424720764
FRAG_NEG_trNEGATIVE68394_33_21,0.011243020184338093
FRAG_NEG_trNEGATIVE59937_15_21,7.86524178693071e-05
FRAG_NEG_trNEGATIVE66660_3_21,0.03471461683511734
FRAG_NEG_trNEGATIVE38406_23_21,0.7133086919784546
FRAG_NEG_trNEGATIVE83539_61_21,0.6344201564788818
FRAG_NEG_trNEGATIVE76289_24_21,0.005738143343478441
FRAG_NEG_trNEGATIVE38121_25_21,0.05103784054517746
FRAG_NEG_trNEGATIVE54166_49_21,1.8652421204023995e-05
FRAG_NEG_trNEGATIVE54256_19_21,0.9135172963142395
FRAG_NEG_trNEGATIVE34019_27_21,0.01823550835251808
FRAG_NEG_trNEGATIVE57900_1_21,0.0912303626537323
FRAG_NEG_trNEGATIVE52493_47_21,0.050685517489910126
FRAG_NEG_trNEGATIVE52681_13_21,0.011768813244998455
FRAG_NEG_trNEGATIVE66611_67_21,0.10444159805774689
FRAG_NEG_trNEGATIVE43244_4_21,0.12086236476898193
FRAG_NEG_trNEGATIVE63846_15_21,0.1054832935333252
FRAG_NEG_trNEGATIVE90255_1_21,0.813937783241272
FRAG_NEG_trNEGATIVE78479_29_21,0.0014015851775184274
FRAG_NEG_trNEGATIVE97079_32_21,0.9543436765670776
FRAG_NEG_trNEGATIVE58933_0_21,0.010753743350505829
FRAG_NEG_trNEGATIVE69593_13_21,0.6869651675224304
FRAG_NEG_trNEGATIVE46224_40_21,0.007956317625939846
FRAG_NEG_trNEGATIVE32555_23_21,0.002367474604398012
FRAG_NEG_trNEGATIVE58691_16_21,0.006574125029146671
FRAG_NEG_trNEGATIVE82312_28_21,0.26077109575271606
FRAG_NEG_trNEGATIVE89913_15_21,0.3096984326839447
FRAG_NEG_trNEGATIVE90279_43_21,0.0017097375821322203
FRAG_NEG_trNEGATIVE49295_22_21,0.010875923559069633
FRAG_NEG_trNEGATIVE48327_1_21,0.37815290689468384
FRAG_NEG_trNEGATIVE91725_23_21,0.0571170449256897
FRAG_NEG_trNEGATIVE50348_1_21,0.002690722234547138
FRAG_NEG_trNEGATIVE71818_24_21,0.14919912815093994
FRAG_NEG_trNEGATIVE68701_68_21,0.10491013526916504
FRAG_NEG_trNEGATIVE45174_51_21,0.009707042947411537
FRAG_NEG_trNEGATIVE59021_43_21,0.603538990020752
FRAG_NEG_trNEGATIVE46694_52_21,0.607062816619873
FRAG_NEG_trNEGATIVE45179_10_21,0.6943067908287048
FRAG_NEG_trNEGATIVE71978_59_21,0.00033316994085907936
FRAG_NEG_trNEGATIVE60832_27_21,0.005915886722505093
FRAG_NEG_trNEGATIVE86626_39_21,0.02338286116719246
FRAG_NEG_trNEGATIVE63110_22_21,0.7351993322372437
FRAG_NEG_trNEGATIVE42689_13_21,0.14929699897766113
FRAG_NEG_trNEGATIVE63923_63_21,0.13454614579677582
FRAG_NEG_trNEGATIVE40533_18_21,0.2857053875923157
FRAG_NEG_trNEGATIVE51263_49_21,0.037899065762758255
FRAG_NEG_trNEGATIVE69068_22_21,0.8411179780960083
FRAG_NEG_trNEGATIVE38111_3_21,0.01235197577625513
FRAG_NEG_trNEGATIVE64241_72_21,0.5088075399398804
FRAG_NEG_trNEGATIVE91052_58_21,0.4117561876773834
FRAG_NEG_trNEGATIVE76082_32_21,0.06901023536920547
FRAG_NEG_trNEGATIVE80731_30_21,0.3093251585960388
FRAG_NEG_trNEGATIVE46025_41_21,0.03273249417543411
FRAG_NEG_trNEGATIVE88900_23_21,0.4851973056793213
FRAG_NEG_trNEGATIVE75621_0_21,3.550669305241172e-07
FRAG_NEG_trNEGATIVE94323_29_21,0.015457774512469769
FRAG_NEG_trNEGATIVE79961_17_21,0.5512474775314331
FRAG_NEG_trNEGATIVE68893_24_21,0.02208026684820652
FRAG_NEG_trNEGATIVE93217_69_21,0.0006608203984797001
FRAG_NEG_trNEGATIVE69394_33_21,0.10754875093698502
FRAG_NEG_trNEGATIVE36328_34_21,0.23498117923736572
FRAG_NEG_trNEGATIVE30090_28_21,0.9157115817070007
FRAG_NEG_trNEGATIVE53156_61_21,0.3626476526260376
FRAG_NEG_trNEGATIVE90070_70_21,0.1989041268825531
FRAG_NEG_trNEGATIVE78327_43_21,0.013762524351477623
FRAG_NEG_trNEGATIVE91942_11_21,0.002633375348523259
FRAG_NEG_trNEGATIVE82664_57_21,0.3825790286064148
FRAG_NEG_trNEGATIVE35956_57_21,0.010037400759756565
FRAG_NEG_trNEGATIVE51996_12_21,0.029396111145615578
FRAG_NEG_trNEGATIVE83752_8_21,0.01041646208614111
FRAG_NEG_trNEGATIVE86969_9_21,0.692806601524353
FRAG_NEG_trNEGATIVE62285_10_21,0.7541117072105408
FRAG_NEG_trNEGATIVE55106_63_21,0.05872358754277229
FRAG_NEG_trNEGATIVE89412_5_21,0.003674682229757309
FRAG_NEG_trNEGATIVE63997_39_21,0.012072792276740074
FRAG_NEG_trNEGATIVE56490_62_21,0.013322058133780956
FRAG_NEG_trNEGATIVE71696_14_21,0.10732559114694595
FRAG_NEG_trNEGATIVE31261_8_21,0.0770394429564476
FRAG_NEG_trNEGATIVE62346_48_21,0.018110433593392372
FRAG_NEG_trNEGATIVE41469_7_21,0.1502397060394287
FRAG_NEG_trNEGATIVE70888_4_21,0.049563780426979065
FRAG_NEG_trNEGATIVE88897_34_21,0.007907306775450706
FRAG_NEG_trNEGATIVE82038_21_21,0.009138472378253937
FRAG_NEG_trNEGATIVE34405_1_21,0.2168896496295929
FRAG_NEG_trNEGATIVE64974_10_21,0.7855236530303955
FRAG_NEG_trNEGATIVE75099_27_21,0.44193965196609497
FRAG_NEG_trNEGATIVE88184_23_21,0.0035190903581678867
FRAG_NEG_trNEGATIVE52232_24_21,0.6785216927528381
FRAG_NEG_trNEGATIVE56183_24_21,0.3656911253929138
FRAG_NEG_trNEGATIVE62419_52_21,0.9356310963630676
FRAG_NEG_trNEGATIVE93105_12_21,0.1739705353975296
FRAG_NEG_trNEGATIVE51908_3_21,0.18707840144634247
FRAG_NEG_trNEGATIVE47402_62_21,0.7883209586143494
FRAG_NEG_trNEGATIVE71123_36_21,0.3331466615200043
FRAG_NEG_trNEGATIVE28294_36_21,0.009293420240283012
FRAG_NEG_trNEGATIVE61713_14_21,0.8159275054931641
FRAG_NEG_trNEGATIVE56403_6_21,0.7016559839248657
FRAG_NEG_trNEGATIVE50255_47_21,0.2384592592716217
FRAG_NEG_trNEGATIVE71696_23_21,0.8768858909606934
FRAG_NEG_trNEGATIVE28429_23_21,0.04556576535105705
FRAG_NEG_trNEGATIVE29314_2_21,0.003293661866337061
FRAG_NEG_trNEGATIVE96920_12_21,0.0048867580480873585
FRAG_NEG_trNEGATIVE85642_42_21,0.3762438893318176
FRAG_NEG_trNEGATIVE40151_20_21,0.04984929412603378
FRAG_NEG_trNEGATIVE92043_28_21,0.02501046657562256
FRAG_NEG_trNEGATIVE48534_48_21,0.6750243306159973
FRAG_NEG_trNEGATIVE81121_37_21,0.0017906026914715767
FRAG_NEG_trNEGATIVE27585_7_21,0.19452400505542755
FRAG_NEG_trNEGATIVE95947_51_21,0.00628270860761404
FRAG_NEG_trNEGATIVE30993_36_21,0.6497176289558411
FRAG_NEG_trNEGATIVE35346_16_21,0.0011994113447144628
FRAG_NEG_trNEGATIVE33531_52_21,0.003708474338054657
FRAG_NEG_trNEGATIVE66194_15_21,0.521022379398346
FRAG_NEG_trNEGATIVE32240_62_21,0.36360079050064087
FRAG_NEG_trNEGATIVE91975_6_21,0.21397817134857178
FRAG_NEG_trNEGATIVE96599_63_21,0.03885843604803085
FRAG_NEG_trNEGATIVE34549_23_21,0.5133754014968872
FRAG_NEG_trNEGATIVE35845_20_21,0.0001468213158659637
FRAG_NEG_trNEGATIVE34866_0_21,0.0007733317324891686
FRAG_NEG_trNEGATIVE61201_35_21,0.10083504766225815
FRAG_NEG_trNEGATIVE66744_17_21,0.2530308663845062
FRAG_NEG_trNEGATIVE56707_15_21,0.20679017901420593
FRAG_NEG_trNEGATIVE52240_42_21,0.0761813372373581
FRAG_NEG_trNEGATIVE83944_44_21,0.6791051030158997
FRAG_NEG_trNEGATIVE48575_47_21,0.004171774256974459
FRAG_NEG_trNEGATIVE60036_17_21,0.16358420252799988
FRAG_NEG_trNEGATIVE93453_5_21,0.007108254823833704
FRAG_NEG_trNEGATIVE44328_58_21,0.9958020448684692
FRAG_NEG_trNEGATIVE64704_63_21,0.0015581382904201746
FRAG_NEG_trNEGATIVE66718_11_21,0.0006780641851946712
FRAG_NEG_trNEGATIVE79147_5_21,0.004754805006086826
FRAG_NEG_trNEGATIVE77734_14_21,0.8170940279960632
FRAG_NEG_trNEGATIVE67521_13_21,0.024351973086595535
FRAG_NEG_trNEGATIVE74561_11_21,0.0002917436067946255
FRAG_NEG_trNEGATIVE89435_0_21,2.0093466446269304e-07
FRAG_NEG_trNEGATIVE76936_31_21,0.7580887079238892
FRAG_NEG_trNEGATIVE32319_54_21,0.005680941976606846
FRAG_NEG_trNEGATIVE67337_21_21,0.006115810014307499
FRAG_NEG_trNEGATIVE37957_3_21,0.0009861707221716642
FRAG_NEG_trNEGATIVE45892_76_21,0.8237581253051758
FRAG_NEG_trNEGATIVE77398_70_21,0.000835305720102042
FRAG_NEG_trNEGATIVE41533_14_21,0.0015647085383534431
FRAG_NEG_trNEGATIVE58387_17_21,0.08345097303390503
FRAG_NEG_trNEGATIVE68229_8_21,0.0005631580133922398
FRAG_NEG_trNEGATIVE52553_20_21,0.0010351224336773157
FRAG_NEG_trNEGATIVE87969_79_21,0.5617008209228516
FRAG_NEG_trNEGATIVE28057_35_21,4.336348865763284e-06
FRAG_NEG_trNEGATIVE42932_28_21,0.2036333978176117
FRAG_NEG_trNEGATIVE30341_17_21,0.3714790642261505
FRAG_NEG_trNEGATIVE73302_36_21,0.006499003618955612
FRAG_NEG_trNEGATIVE95089_26_21,0.0002791716833598912
FRAG_NEG_trNEGATIVE40837_33_21,0.014629317447543144
FRAG_NEG_trNEGATIVE34898_41_21,0.0026953225024044514
FRAG_NEG_trNEGATIVE30558_5_21,0.09543883055448532
FRAG_NEG_trNEGATIVE70307_45_21,0.5813561677932739
FRAG_NEG_trNEGATIVE40742_47_21,0.8068922162055969
FRAG_NEG_trNEGATIVE43083_7_21,0.2602037489414215
FRAG_NEG_trNEGATIVE66906_26_21,0.8363056182861328
FRAG_NEG_trNEGATIVE50849_7_21,0.09291711449623108
FRAG_NEG_trNEGATIVE96486_48_21,0.0029299911111593246
FRAG_NEG_trNEGATIVE86620_43_21,0.02225435897707939
FRAG_NEG_trNEGATIVE86156_22_21,0.012755575589835644
FRAG_NEG_trNEGATIVE42982_11_21,0.021543113514780998
FRAG_NEG_trNEGATIVE46134_31_21,0.040648721158504486
FRAG_NEG_trNEGATIVE79316_47_21,0.002139763906598091
FRAG_NEG_trNEGATIVE81501_15_21,0.2622734606266022
FRAG_NEG_trNEGATIVE52072_18_21,0.6474008560180664
FRAG_NEG_trNEGATIVE47753_29_21,0.009000801481306553
FRAG_NEG_trNEGATIVE80010_8_21,0.19760148227214813
FRAG_NEG_trNEGATIVE74497_19_21,0.6167571544647217
FRAG_NEG_trNEGATIVE29383_23_21,0.0016929988050833344
FRAG_NEG_trNEGATIVE31438_5_21,0.17108801007270813
FRAG_NEG_trNEGATIVE78787_33_21,0.2613268494606018
FRAG_NEG_trNEGATIVE64485_50_21,0.6072962880134583
FRAG_NEG_trNEGATIVE38215_27_21,0.011534641496837139
FRAG_NEG_trNEGATIVE74867_49_21,0.01636992208659649
FRAG_NEG_trNEGATIVE37156_3_21,0.5054828524589539
FRAG_NEG_trNEGATIVE59528_7_21,0.10166200250387192
FRAG_NEG_trNEGATIVE76751_29_21,0.0028545225504785776
FRAG_NEG_trNEGATIVE30259_29_21,0.0023268763907253742
FRAG_NEG_trNEGATIVE69998_51_21,0.09778263419866562
FRAG_NEG_trNEGATIVE77307_4_21,0.00013759399007540196
FRAG_NEG_trNEGATIVE35130_29_21,0.6235803365707397
FRAG_NEG_trNEGATIVE33974_50_21,0.0759429857134819
FRAG_NEG_trNEGATIVE97250_10_21,0.01854516752064228
FRAG_NEG_trNEGATIVE53238_20_21,0.7343547940254211
FRAG_NEG_trNEGATIVE93974_0_21,3.3196927233802853e-06
FRAG_NEG_trNEGATIVE52859_60_21,0.07156745344400406
FRAG_NEG_trNEGATIVE91947_17_21,0.008950323797762394
FRAG_NEG_trNEGATIVE36047_58_21,0.032578639686107635
FRAG_NEG_trNEGATIVE43574_31_21,0.04433634504675865
FRAG_NEG_trNEGATIVE41886_35_21,0.005895752925425768
FRAG_NEG_trNEGATIVE93408_14_21,0.00435261707752943
FRAG_NEG_trNEGATIVE91561_15_21,0.019115014001727104
FRAG_NEG_trNEGATIVE28318_44_21,0.01578213833272457
FRAG_NEG_trNEGATIVE87474_20_21,0.03553667664527893
FRAG_NEG_trNEGATIVE78580_15_21,0.03006989136338234
FRAG_NEG_trNEGATIVE37599_15_21,0.01283561997115612
FRAG_NEG_trNEGATIVE67142_29_21,0.14022493362426758
FRAG_NEG_trNEGATIVE78145_3_21,0.36460837721824646
FRAG_NEG_trNEGATIVE48929_2_21,0.3434836268424988
FRAG_NEG_trNEGATIVE78479_1_21,0.8999509811401367
FRAG_NEG_trNEGATIVE67478_8_21,0.0026564321015030146
FRAG_NEG_trNEGATIVE48592_4_21,0.20187902450561523
FRAG_NEG_trNEGATIVE52284_43_21,0.06814811378717422
FRAG_NEG_trNEGATIVE62084_65_21,0.11138105392456055
FRAG_NEG_trNEGATIVE39311_36_21,0.2285972386598587
FRAG_NEG_trNEGATIVE47531_3_21,0.0013104521203786135
FRAG_NEG_trNEGATIVE43416_15_21,5.120368587085977e-05
FRAG_NEG_trNEGATIVE75397_39_21,0.10091754049062729
FRAG_NEG_trNEGATIVE42994_34_21,0.007999913766980171
FRAG_NEG_trNEGATIVE81119_33_21,0.266314834356308
FRAG_NEG_trNEGATIVE54867_21_21,0.05434945225715637
FRAG_NEG_trNEGATIVE54384_48_21,0.11905338615179062
FRAG_NEG_trNEGATIVE97447_49_21,0.1304008811712265
FRAG_NEG_trNEGATIVE40595_27_21,0.4814382493495941
FRAG_NEG_trNEGATIVE82076_17_21,0.08240983635187149
FRAG_NEG_trNEGATIVE79327_46_21,0.07378728687763214
FRAG_NEG_trNEGATIVE81969_13_21,0.004442108329385519
FRAG_NEG_trNEGATIVE33192_14_21,0.007167315576225519
FRAG_NEG_trNEGATIVE84292_40_21,0.010224390774965286
FRAG_NEG_trNEGATIVE79478_5_21,0.022490818053483963
FRAG_NEG_trNEGATIVE93455_21_21,0.0038489121943712234
FRAG_NEG_trNEGATIVE54604_46_21,0.13496264815330505
FRAG_NEG_trNEGATIVE43574_48_21,0.6882671117782593
FRAG_NEG_trNEGATIVE43439_13_21,0.07489832490682602
FRAG_NEG_trNEGATIVE55831_57_21,0.40212196111679077
FRAG_NEG_trNEGATIVE33646_4_21,0.2116585522890091
FRAG_NEG_trNEGATIVE28215_41_21,0.0007175415521487594
FRAG_NEG_trNEGATIVE29734_19_21,0.1738983690738678
FRAG_NEG_trNEGATIVE96642_16_21,0.44478195905685425
FRAG_NEG_trNEGATIVE47268_44_21,0.2869272828102112
FRAG_NEG_trNEGATIVE41073_26_21,0.007838835939764977
FRAG_NEG_trNEGATIVE86962_40_21,0.0072720469906926155
FRAG_NEG_trNEGATIVE33701_4_21,0.0025346246547997
FRAG_NEG_trNEGATIVE93420_19_21,0.0018708661664277315
FRAG_NEG_trNEGATIVE74867_33_21,0.22032582759857178
FRAG_NEG_trNEGATIVE41022_1_21,0.4643276631832123
FRAG_NEG_trNEGATIVE36180_68_21,0.0019497930770739913
FRAG_NEG_trNEGATIVE40853_25_21,0.008637904189527035
FRAG_NEG_trNEGATIVE42687_10_21,0.9902623891830444
FRAG_NEG_trNEGATIVE47422_12_21,0.0005790668074041605
FRAG_NEG_trNEGATIVE42406_62_21,0.09776721894741058
FRAG_NEG_trNEGATIVE69414_15_21,0.0068409196101129055
FRAG_NEG_trNEGATIVE44657_47_21,0.0030844411812722683
FRAG_NEG_trNEGATIVE66677_26_21,0.06172388792037964
FRAG_NEG_trNEGATIVE87351_3_21,0.004126651678234339
FRAG_NEG_trNEGATIVE73904_18_21,0.8492776155471802
FRAG_NEG_trNEGATIVE46203_6_21,0.075037881731987
FRAG_NEG_trNEGATIVE35042_31_21,0.1855030506849289
FRAG_NEG_trNEGATIVE34849_7_21,0.16260111331939697
FRAG_NEG_trNEGATIVE87471_50_21,0.05364616960287094
FRAG_NEG_trNEGATIVE73412_23_21,0.002843573922291398
FRAG_NEG_trNEGATIVE60389_24_21,0.0798349604010582
FRAG_NEG_trNEGATIVE54516_48_21,0.8829706907272339
FRAG_NEG_trNEGATIVE88798_0_21,6.137929631222505e-06
FRAG_NEG_trNEGATIVE34066_2_21,0.25124964118003845
FRAG_NEG_trNEGATIVE94332_0_21,0.12840686738491058
FRAG_NEG_trNEGATIVE40545_25_21,0.11081645637750626
FRAG_NEG_trNEGATIVE66057_6_21,0.007102967705577612
FRAG_NEG_trNEGATIVE38446_13_21,0.004055184777826071
FRAG_NEG_trNEGATIVE78595_3_22,0.7809782028198242
FRAG_NEG_trNEGATIVE72340_37_22,0.697563886642456
FRAG_NEG_trNEGATIVE65196_27_22,0.004003639332950115
FRAG_NEG_trNEGATIVE40059_31_22,0.5915044546127319
FRAG_NEG_trNEGATIVE28263_29_22,0.004107573069632053
FRAG_NEG_trNEGATIVE42922_4_22,0.04554905369877815
FRAG_NEG_trNEGATIVE37239_4_22,0.01982000097632408
FRAG_NEG_trNEGATIVE56445_57_22,0.2791440486907959
FRAG_NEG_trNEGATIVE49322_7_22,0.014218011870980263
FRAG_NEG_trNEGATIVE89608_42_22,0.8534590005874634
FRAG_NEG_trNEGATIVE66257_41_22,0.6243017315864563
FRAG_NEG_trNEGATIVE57400_11_22,0.8878110647201538
FRAG_NEG_trNEGATIVE28813_11_22,0.6422752141952515
FRAG_NEG_trNEGATIVE94801_11_22,0.29034513235092163
FRAG_NEG_trNEGATIVE94017_38_22,0.004697983153164387
FRAG_NEG_trNEGATIVE77370_22_22,0.0013967572012916207
FRAG_NEG_trNEGATIVE31159_22_22,0.48043376207351685
FRAG_NEG_trNEGATIVE96434_13_22,0.7646597623825073
FRAG_NEG_trNEGATIVE87224_17_22,0.9090561866760254
FRAG_NEG_trNEGATIVE92077_42_22,0.27596399188041687
FRAG_NEG_trNEGATIVE52594_6_22,0.006379358470439911
FRAG_NEG_trNEGATIVE80849_15_22,0.22817084193229675
FRAG_NEG_trNEGATIVE50509_23_22,0.024329926818609238
FRAG_NEG_trNEGATIVE57575_68_22,0.14208903908729553
FRAG_NEG_trNEGATIVE51922_38_22,0.0582352876663208
FRAG_NEG_trNEGATIVE90338_17_22,0.024192167446017265
FRAG_NEG_trNEGATIVE38110_32_22,0.001649581827223301
FRAG_NEG_trNEGATIVE38957_3_22,0.511849582195282
FRAG_NEG_trNEGATIVE78658_46_22,0.0010493735317140818
FRAG_NEG_trNEGATIVE92738_50_22,0.6508355140686035
FRAG_NEG_trNEGATIVE50516_19_22,0.5889110565185547
FRAG_NEG_trNEGATIVE63272_6_22,0.03293044492602348
FRAG_NEG_trNEGATIVE61111_3_22,0.0007251092465594411
FRAG_NEG_trNEGATIVE44385_35_22,0.03892815485596657
FRAG_NEG_trNEGATIVE74570_49_22,0.006308459676802158
FRAG_NEG_trNEGATIVE67142_29_22,0.07365667074918747
FRAG_NEG_trNEGATIVE77659_30_22,0.269186407327652
FRAG_NEG_trNEGATIVE77125_44_22,6.514069536933675e-05
FRAG_NEG_trNEGATIVE86452_36_22,0.022828558459877968
FRAG_NEG_trNEGATIVE77057_16_22,0.0018954752013087273
FRAG_NEG_trNEGATIVE52960_62_22,0.016187291592359543
FRAG_NEG_trNEGATIVE68092_4_22,0.020442824810743332
FRAG_NEG_trNEGATIVE35738_43_22,0.9079512357711792
FRAG_NEG_trNEGATIVE54224_53_22,0.6505535244941711
FRAG_NEG_trNEGATIVE90237_28_22,0.4426082670688629
FRAG_NEG_trNEGATIVE41093_23_22,0.7827884554862976
FRAG_NEG_trNEGATIVE79162_56_22,2.3052425603964366e-06
FRAG_NEG_trNEGATIVE50638_23_22,0.6891849040985107
FRAG_NEG_trNEGATIVE79864_52_22,0.10741253942251205
FRAG_NEG_trNEGATIVE77826_36_22,0.00038022574153728783
FRAG_NEG_trNEGATIVE30728_39_22,0.016449932008981705
FRAG_NEG_trNEGATIVE55082_0_22,8.062293636612594e-05
FRAG_NEG_trNEGATIVE62398_34_22,0.0008254211279563606
FRAG_NEG_trNEGATIVE74347_48_22,0.3565165400505066
FRAG_NEG_trNEGATIVE61460_2_22,0.22161106765270233
FRAG_NEG_trNEGATIVE34714_40_22,0.0008178339339792728
FRAG_NEG_trNEGATIVE52945_44_22,0.06635858118534088
FRAG_NEG_trNEGATIVE66601_0_22,6.347199087031186e-05
FRAG_NEG_trNEGATIVE86402_63_22,0.47071829438209534
FRAG_NEG_trNEGATIVE41232_7_22,0.3607434332370758
FRAG_NEG_trNEGATIVE83584_29_22,0.1262618452310562
FRAG_NEG_trNEGATIVE94063_15_22,0.02950957790017128
FRAG_NEG_trNEGATIVE80455_13_22,0.35929450392723083
FRAG_NEG_trNEGATIVE36014_33_22,0.18259687721729279
FRAG_NEG_trNEGATIVE32170_13_22,0.31985968351364136
FRAG_NEG_trNEGATIVE35456_13_22,0.011467913165688515
FRAG_NEG_trNEGATIVE30974_18_22,0.060041867196559906
FRAG_NEG_trNEGATIVE92041_8_22,0.018508782610297203
FRAG_NEG_trNEGATIVE57946_48_22,0.4108903408050537
FRAG_NEG_trNEGATIVE87589_16_22,5.978750414215028e-05
FRAG_NEG_trNEGATIVE71788_36_22,0.5611778497695923
FRAG_NEG_trNEGATIVE58102_39_22,0.2725147604942322
FRAG_NEG_trNEGATIVE60450_11_22,0.22486381232738495
FRAG_NEG_trNEGATIVE70894_52_22,0.055937983095645905
FRAG_NEG_trNEGATIVE43266_11_22,0.14693209528923035
FRAG_NEG_trNEGATIVE90056_32_22,1.6938083717832342e-06
FRAG_NEG_trNEGATIVE36342_39_22,0.01167023554444313
FRAG_NEG_trNEGATIVE72340_29_22,0.13708414137363434
FRAG_NEG_trNEGATIVE40991_51_22,0.06633219867944717
FRAG_NEG_trNEGATIVE62721_27_22,0.4965011477470398
FRAG_NEG_trNEGATIVE62896_43_22,0.0023903981782495975
FRAG_NEG_trNEGATIVE93869_23_22,0.06951044499874115
FRAG_NEG_trNEGATIVE51397_0_22,0.009221642278134823
FRAG_NEG_trNEGATIVE47118_18_22,0.00042895140359178185
FRAG_NEG_trNEGATIVE65600_39_22,0.0002768870326690376
FRAG_NEG_trNEGATIVE84557_6_22,0.058092307299375534
FRAG_NEG_trNEGATIVE81329_4_22,0.000509758829139173
FRAG_NEG_trNEGATIVE34839_23_22,0.04580695182085037
FRAG_NEG_trNEGATIVE58066_22_22,0.5491329431533813
FRAG_NEG_trNEGATIVE56608_32_22,0.24221444129943848
FRAG_NEG_trNEGATIVE32800_65_22,0.5381361246109009
FRAG_NEG_trNEGATIVE90391_10_22,5.021810466132592e-06
FRAG_NEG_trNEGATIVE79244_4_22,0.01240630354732275
FRAG_NEG_trNEGATIVE86750_32_22,0.02460296079516411
FRAG_NEG_trNEGATIVE67385_25_22,0.607157826423645
FRAG_NEG_trNEGATIVE37545_35_22,0.703656017780304
FRAG_NEG_trNEGATIVE64433_7_22,0.06088398024439812
FRAG_NEG_trNEGATIVE90056_57_22,0.17829866707324982
FRAG_NEG_trNEGATIVE47677_18_22,0.6216918230056763
FRAG_NEG_trNEGATIVE71200_19_22,0.00848261546343565
FRAG_NEG_trNEGATIVE47142_60_22,0.8311575055122375
FRAG_NEG_trNEGATIVE45122_31_22,0.5572472810745239
FRAG_NEG_trNEGATIVE78370_47_22,0.7802553176879883
FRAG_NEG_trNEGATIVE41337_28_22,0.4681684970855713
FRAG_NEG_trNEGATIVE93710_8_22,0.00781436450779438
FRAG_NEG_trNEGATIVE71565_1_22,0.15317285060882568
FRAG_NEG_trNEGATIVE74554_44_22,0.24000823497772217
FRAG_NEG_trNEGATIVE72396_27_22,0.1104629635810852
FRAG_NEG_trNEGATIVE75479_23_22,0.2569597363471985
FRAG_NEG_trNEGATIVE91266_3_22,0.07809912413358688
FRAG_NEG_trNEGATIVE63422_36_22,0.30666905641555786
FRAG_NEG_trNEGATIVE65731_26_22,0.14415884017944336
FRAG_NEG_trNEGATIVE46370_32_22,0.0249355286359787
FRAG_NEG_trNEGATIVE54669_7_22,0.16382113099098206
FRAG_NEG_trNEGATIVE33484_13_22,4.248514869686915e-06
FRAG_NEG_trNEGATIVE63918_32_22,0.005869374144822359
FRAG_NEG_trNEGATIVE44266_36_22,0.015066194348037243
FRAG_NEG_trNEGATIVE81308_16_22,0.6775310039520264
FRAG_NEG_trNEGATIVE57331_39_22,0.020432155579328537
FRAG_NEG_trNEGATIVE72833_11_22,0.03635045140981674
FRAG_NEG_trNEGATIVE56432_42_22,0.005880379118025303
FRAG_NEG_trNEGATIVE68080_26_22,5.877296644030139e-05
FRAG_NEG_trNEGATIVE63531_25_22,0.49533501267433167
FRAG_NEG_trNEGATIVE57636_59_22,0.04867778345942497
FRAG_NEG_trNEGATIVE27956_29_22,0.0008118784753605723
FRAG_NEG_trNEGATIVE34849_20_22,0.002572633558884263
FRAG_NEG_trNEGATIVE29886_58_22,0.008543135598301888
FRAG_NEG_trNEGATIVE69335_38_22,0.007608945015817881
FRAG_NEG_trNEGATIVE91438_7_22,0.14141297340393066
FRAG_NEG_trNEGATIVE52832_45_22,0.3841606676578522
FRAG_NEG_trNEGATIVE29106_54_22,0.09504295885562897
FRAG_NEG_trNEGATIVE69382_15_22,0.044271111488342285
FRAG_NEG_trNEGATIVE71150_38_22,0.22790929675102234
FRAG_NEG_trNEGATIVE93056_44_22,0.8888246417045593
FRAG_NEG_trNEGATIVE46443_21_22,0.003742896020412445
FRAG_NEG_trNEGATIVE83093_40_22,0.058896470814943314
FRAG_NEG_trNEGATIVE58484_3_22,0.16125531494617462
FRAG_NEG_trNEGATIVE54101_29_22,0.020651211962103844
FRAG_NEG_trNEGATIVE85222_53_22,4.825755240744911e-05
FRAG_NEG_trNEGATIVE72456_15_22,0.2269023358821869
FRAG_NEG_trNEGATIVE78416_2_22,0.1787268966436386
FRAG_NEG_trNEGATIVE54749_52_22,0.27300333976745605
FRAG_NEG_trNEGATIVE92269_29_22,0.2153824120759964
FRAG_NEG_trNEGATIVE82830_6_22,0.648422122001648
FRAG_NEG_trNEGATIVE96940_28_22,0.7078288793563843
FRAG_NEG_trNEGATIVE31139_69_22,0.04940217733383179
FRAG_NEG_trNEGATIVE82515_22_22,0.3067706227302551
FRAG_NEG_trNEGATIVE86892_16_22,0.1465703248977661
FRAG_NEG_trNEGATIVE44821_9_22,0.9920651316642761
FRAG_NEG_trNEGATIVE36542_20_22,0.028865590691566467
FRAG_NEG_trNEGATIVE33791_17_22,0.03619517758488655
FRAG_NEG_trNEGATIVE57412_0_22,0.23939740657806396
FRAG_NEG_trNEGATIVE76074_6_22,0.014767667278647423
FRAG_NEG_trNEGATIVE93278_49_22,0.4563630223274231
FRAG_NEG_trNEGATIVE87072_21_22,0.007767839822918177
FRAG_NEG_trNEGATIVE28181_7_22,0.5313376188278198
FRAG_NEG_trNEGATIVE72754_7_22,0.0018063740571960807
FRAG_NEG_trNEGATIVE43306_55_22,0.9975479245185852
FRAG_NEG_trNEGATIVE55352_27_22,0.15542300045490265
FRAG_NEG_trNEGATIVE52072_20_22,0.015184612944722176
FRAG_NEG_trNEGATIVE42608_33_22,0.43372517824172974
FRAG_NEG_trNEGATIVE37173_24_22,0.38194218277931213
FRAG_NEG_trNEGATIVE95018_10_22,0.9870233535766602
FRAG_NEG_trNEGATIVE52034_38_22,0.0446610152721405
FRAG_NEG_trNEGATIVE82139_31_22,0.000699307769536972
FRAG_NEG_trNEGATIVE47292_14_22,0.6998914480209351
FRAG_NEG_trNEGATIVE29638_16_22,0.30268922448158264
FRAG_NEG_trNEGATIVE68839_24_22,0.15607067942619324
FRAG_NEG_trNEGATIVE84767_33_22,0.025929931551218033
FRAG_NEG_trNEGATIVE49238_21_22,0.12525011599063873
FRAG_NEG_trNEGATIVE95711_22_22,0.28184086084365845
FRAG_NEG_trNEGATIVE49483_36_22,0.13472892343997955
FRAG_NEG_trNEGATIVE79412_1_22,0.7216929793357849
FRAG_NEG_trNEGATIVE54305_26_22,0.4504185616970062
FRAG_NEG_trNEGATIVE96820_34_22,0.027580145746469498
FRAG_NEG_trNEGATIVE32156_21_22,0.06921546161174774
FRAG_NEG_trNEGATIVE89652_23_22,0.000848892261274159
FRAG_NEG_trNEGATIVE40059_24_22,0.4359588623046875
FRAG_NEG_trNEGATIVE29766_47_22,0.005848738364875317
FRAG_NEG_trNEGATIVE31618_36_22,0.03339134529232979
FRAG_NEG_trNEGATIVE33791_47_22,0.0002099672274198383
FRAG_NEG_trNEGATIVE73694_13_22,0.5688818693161011
FRAG_NEG_trNEGATIVE97534_36_22,0.017038697376847267
FRAG_NEG_trNEGATIVE62574_39_22,0.064403235912323
FRAG_NEG_trNEGATIVE64959_34_22,0.3440943658351898
FRAG_NEG_trNEGATIVE29559_53_22,0.6683588624000549
FRAG_NEG_trNEGATIVE74725_17_22,0.03821459412574768
FRAG_NEG_trNEGATIVE66194_32_22,0.06804055720567703
FRAG_NEG_trNEGATIVE82312_14_22,0.352889746427536
FRAG_NEG_trNEGATIVE46561_31_22,0.039216168224811554
FRAG_NEG_trNEGATIVE31425_52_22,3.958051820518449e-06
FRAG_NEG_trNEGATIVE93111_44_22,0.06723244488239288
FRAG_NEG_trNEGATIVE30674_35_22,0.09048094600439072
FRAG_NEG_trNEGATIVE85681_53_22,0.629056990146637
FRAG_NEG_trNEGATIVE81483_27_22,0.018009798601269722
FRAG_NEG_trNEGATIVE38320_36_22,0.08347229659557343
FRAG_NEG_trNEGATIVE86577_26_22,0.20591194927692413
FRAG_NEG_trNEGATIVE33995_21_22,0.1478196531534195
FRAG_NEG_trNEGATIVE91852_24_22,0.12000975757837296
FRAG_NEG_trNEGATIVE78083_38_22,0.002715843031182885
FRAG_NEG_trNEGATIVE94710_16_22,0.04407229274511337
FRAG_NEG_trNEGATIVE77582_45_22,0.04189708083868027
FRAG_NEG_trNEGATIVE95155_4_22,0.0007500716601498425
FRAG_NEG_trNEGATIVE82416_52_22,0.045029543340206146
FRAG_NEG_trNEGATIVE66234_17_22,0.4851635992527008
FRAG_NEG_trNEGATIVE94572_8_22,0.021354036405682564
FRAG_NEG_trNEGATIVE36559_11_22,0.006633979734033346
FRAG_NEG_trNEGATIVE59456_8_22,0.011120670475065708
FRAG_NEG_trNEGATIVE90222_19_22,0.008519383147358894
FRAG_NEG_trNEGATIVE41234_19_22,0.3066539466381073
FRAG_NEG_trNEGATIVE58523_18_22,0.03000243566930294
FRAG_NEG_trNEGATIVE48299_35_22,0.00028848418151028454
FRAG_NEG_trNEGATIVE80219_67_22,0.0015051709488034248
FRAG_NEG_trNEGATIVE51403_7_22,0.6213575601577759
FRAG_NEG_trNEGATIVE79784_46_23,0.2545909285545349
FRAG_NEG_trNEGATIVE46472_0_23,6.54476389172487e-06
FRAG_NEG_trNEGATIVE95503_30_23,0.3026306629180908
FRAG_NEG_trNEGATIVE35404_54_23,0.008442198857665062
FRAG_NEG_trNEGATIVE33994_19_23,0.15410828590393066
FRAG_NEG_trNEGATIVE31332_4_23,0.23194348812103271
FRAG_NEG_trNEGATIVE88073_23_23,0.0718587189912796
FRAG_NEG_trNEGATIVE75499_47_23,3.196936177118914e-06
FRAG_NEG_trNEGATIVE44942_1_23,0.04886418953537941
FRAG_NEG_trNEGATIVE48124_29_23,0.14233258366584778
FRAG_NEG_trNEGATIVE72648_35_23,0.7044325470924377
FRAG_NEG_trNEGATIVE39129_8_23,0.49513691663742065
FRAG_NEG_trNEGATIVE73295_2_23,0.0024204286746680737
FRAG_NEG_trNEGATIVE72619_0_23,6.45611944491975e-05
FRAG_NEG_trNEGATIVE84283_44_23,0.9759880304336548
FRAG_NEG_trNEGATIVE65500_8_23,0.9757856130599976
FRAG_NEG_trNEGATIVE84272_32_23,0.0193451140075922
FRAG_NEG_trNEGATIVE54920_31_23,0.0017464233096688986
FRAG_NEG_trNEGATIVE74037_19_23,0.036950260400772095
FRAG_NEG_trNEGATIVE91358_15_23,0.012725664302706718
FRAG_NEG_trNEGATIVE38371_23_23,0.1519441157579422
FRAG_NEG_trNEGATIVE92258_12_23,0.010249369777739048
FRAG_NEG_trNEGATIVE43403_8_23,0.003199738683179021
FRAG_NEG_trNEGATIVE96934_46_23,0.03791630640625954
FRAG_NEG_trNEGATIVE45878_28_23,0.6598376035690308
FRAG_NEG_trNEGATIVE53121_30_23,0.11340953409671783
FRAG_NEG_trNEGATIVE63918_13_23,0.11023373901844025
FRAG_NEG_trNEGATIVE43896_17_23,0.034056879580020905
FRAG_NEG_trNEGATIVE95551_53_23,0.001241249730810523
FRAG_NEG_trNEGATIVE41899_25_23,0.18785685300827026
FRAG_NEG_trNEGATIVE65709_34_23,0.00013747302000410855
FRAG_NEG_trNEGATIVE33913_33_23,0.5988066792488098
FRAG_NEG_trNEGATIVE75403_43_23,0.0010011044796556234
FRAG_NEG_trNEGATIVE80784_10_23,0.001466116402298212
FRAG_NEG_trNEGATIVE71805_19_23,0.6126097440719604
FRAG_NEG_trNEGATIVE45182_4_23,0.02103172056376934
FRAG_NEG_trNEGATIVE68549_23_23,0.3673841953277588
FRAG_NEG_trNEGATIVE58502_7_23,0.09572537243366241
FRAG_NEG_trNEGATIVE86436_62_23,0.6535796523094177
FRAG_NEG_trNEGATIVE91270_33_23,0.01259632222354412
FRAG_NEG_trNEGATIVE35872_41_23,0.010351748205721378
FRAG_NEG_trNEGATIVE78224_21_23,0.8756905794143677
FRAG_NEG_trNEGATIVE71907_26_23,0.0003009185893461108
FRAG_NEG_trNEGATIVE30620_4_23,0.028361927717924118
FRAG_NEG_trNEGATIVE27564_33_23,0.8937384486198425
FRAG_NEG_trNEGATIVE35165_11_23,9.980687173083425e-05
FRAG_NEG_trNEGATIVE34705_41_23,0.03744678944349289
FRAG_NEG_trNEGATIVE64587_4_23,0.07277074456214905
FRAG_NEG_trNEGATIVE92537_17_23,0.03369592875242233
FRAG_NEG_trNEGATIVE38548_17_23,0.23494374752044678
FRAG_NEG_trNEGATIVE73505_0_23,7.030133701846353e-07
FRAG_NEG_trNEGATIVE44311_63_23,0.38979488611221313
FRAG_NEG_trNEGATIVE74514_4_23,0.582236111164093
FRAG_NEG_trNEGATIVE39466_37_23,0.30938440561294556
FRAG_NEG_trNEGATIVE89775_36_23,0.7602636814117432
FRAG_NEG_trNEGATIVE88761_5_23,0.6533012390136719
FRAG_NEG_trNEGATIVE45765_10_23,0.006174595095217228
FRAG_NEG_trNEGATIVE30476_40_23,0.6139273643493652
FRAG_NEG_trNEGATIVE46585_30_23,0.11410216242074966
FRAG_NEG_trNEGATIVE39326_8_23,2.793547764667892e-06
FRAG_NEG_trNEGATIVE88810_59_23,0.03193400055170059
FRAG_NEG_trNEGATIVE41384_4_23,0.000124065947602503
FRAG_NEG_trNEGATIVE38649_20_23,0.2627279758453369
FRAG_NEG_trNEGATIVE27881_3_23,0.011292196810245514
FRAG_NEG_trNEGATIVE93269_8_23,0.0033155851997435093
FRAG_NEG_trNEGATIVE77461_39_23,0.370307058095932
FRAG_NEG_trNEGATIVE49008_44_23,0.0019052891293540597
FRAG_NEG_trNEGATIVE66922_24_23,0.5876526832580566
FRAG_NEG_trNEGATIVE66816_2_23,0.002226870274171233
FRAG_NEG_trNEGATIVE51925_21_23,0.5956252813339233
FRAG_NEG_trNEGATIVE44384_2_23,0.576618492603302
FRAG_NEG_trNEGATIVE64522_10_23,0.1061120480298996
FRAG_NEG_trNEGATIVE87969_43_23,0.02183060348033905
FRAG_NEG_trNEGATIVE86192_24_23,0.00030011925264261663
FRAG_NEG_trNEGATIVE40444_23_23,0.37699395418167114
FRAG_NEG_trNEGATIVE35741_40_23,0.02739585004746914
FRAG_NEG_trNEGATIVE81083_14_23,0.42264312505722046
FRAG_NEG_trNEGATIVE53034_38_23,0.942848801612854
FRAG_NEG_trNEGATIVE89872_5_23,0.005096043460071087
FRAG_NEG_trNEGATIVE64190_28_23,0.037793468683958054
FRAG_NEG_trNEGATIVE92755_27_23,0.14464011788368225
FRAG_NEG_trNEGATIVE78334_46_23,0.1360129415988922
FRAG_NEG_trNEGATIVE51464_58_23,0.025442710146307945
FRAG_NEG_trNEGATIVE83037_47_23,0.024703431874513626
FRAG_NEG_trNEGATIVE69451_28_23,0.05454857274889946
FRAG_NEG_trNEGATIVE65541_9_23,0.8063510656356812
FRAG_NEG_trNEGATIVE67089_15_23,0.06222372502088547
FRAG_NEG_trNEGATIVE76056_13_23,0.8228738903999329
FRAG_NEG_trNEGATIVE57085_9_23,0.4531671106815338
FRAG_NEG_trNEGATIVE29728_7_23,0.009437547996640205
FRAG_NEG_trNEGATIVE45564_57_23,0.2746364176273346
FRAG_NEG_trNEGATIVE72430_5_23,0.008609117940068245
FRAG_NEG_trNEGATIVE55987_6_23,0.003989233635365963
FRAG_NEG_trNEGATIVE62905_31_23,0.014669759199023247
FRAG_NEG_trNEGATIVE69482_61_23,0.0072843050584197044
FRAG_NEG_trNEGATIVE45398_47_23,0.2295166701078415
FRAG_NEG_trNEGATIVE38657_21_23,0.42597565054893494
FRAG_NEG_trNEGATIVE29728_6_23,0.010094949044287205
FRAG_NEG_trNEGATIVE86959_16_23,0.0012304572155699134
FRAG_NEG_trNEGATIVE55180_49_23,0.08345170319080353
FRAG_NEG_trNEGATIVE52318_14_23,0.006104892119765282
FRAG_NEG_trNEGATIVE31181_20_23,0.003910902421921492
FRAG_NEG_trNEGATIVE55441_61_23,0.30179280042648315
FRAG_NEG_trNEGATIVE53937_75_23,0.14721080660820007
FRAG_NEG_trNEGATIVE71752_11_23,0.18382959067821503
FRAG_NEG_trNEGATIVE69377_3_23,0.4541141986846924
FRAG_NEG_trNEGATIVE54238_48_23,0.3871771991252899
FRAG_NEG_trNEGATIVE66167_11_23,0.493000328540802
FRAG_NEG_trNEGATIVE40806_19_23,0.04718300700187683
FRAG_NEG_trNEGATIVE28299_49_23,0.08119575679302216
FRAG_NEG_trNEGATIVE35008_28_23,0.0019143354147672653
FRAG_NEG_trNEGATIVE32852_20_23,0.004845412448048592
FRAG_NEG_trNEGATIVE47532_49_23,0.14011813700199127
FRAG_NEG_trNEGATIVE90098_13_23,0.4500436782836914
FRAG_NEG_trNEGATIVE53434_13_23,0.3197595477104187
FRAG_NEG_trNEGATIVE56643_14_23,0.3205448091030121
FRAG_NEG_trNEGATIVE92954_31_23,0.047691501677036285
FRAG_NEG_trNEGATIVE93632_31_23,0.0017393622547388077
FRAG_NEG_trNEGATIVE81083_2_23,0.6717053651809692
FRAG_NEG_trNEGATIVE70884_10_23,0.4455854892730713
FRAG_NEG_trNEGATIVE71075_28_23,0.006067195441573858
FRAG_NEG_trNEGATIVE84912_3_23,0.26909339427948
FRAG_NEG_trNEGATIVE92562_28_23,0.011770174838602543
FRAG_NEG_trNEGATIVE77089_5_23,0.006229696329683065
FRAG_NEG_trNEGATIVE62255_16_23,0.8574156761169434
FRAG_NEG_trNEGATIVE77539_7_23,0.5823713541030884
FRAG_NEG_trNEGATIVE92637_26_23,0.0025109730195254087
FRAG_NEG_trNEGATIVE72624_4_23,0.19646427035331726
FRAG_NEG_trNEGATIVE72422_36_23,0.0009667758131399751
FRAG_NEG_trNEGATIVE88011_18_23,0.05067398026585579
FRAG_NEG_trNEGATIVE40492_15_23,0.005527767352759838
FRAG_NEG_trNEGATIVE70393_0_23,0.00039716032915748656
FRAG_NEG_trNEGATIVE75372_23_23,0.004344801418483257
FRAG_NEG_trNEGATIVE29127_40_23,0.036659739911556244
FRAG_NEG_trNEGATIVE66276_35_23,0.003421828616410494
FRAG_NEG_trNEGATIVE43992_30_23,0.5388952493667603
FRAG_NEG_trNEGATIVE97151_19_23,0.007270225323736668
FRAG_NEG_trNEGATIVE40692_74_23,8.776918548392132e-05
FRAG_NEG_trNEGATIVE93540_41_23,0.18810585141181946
FRAG_NEG_trNEGATIVE94390_18_23,0.3072548508644104
FRAG_NEG_trNEGATIVE84260_36_23,0.37841370701789856
FRAG_NEG_trNEGATIVE30494_49_23,0.021639179438352585
FRAG_NEG_trNEGATIVE92346_14_23,0.35193103551864624
FRAG_NEG_trNEGATIVE45852_13_23,0.17356915771961212
FRAG_NEG_trNEGATIVE83093_59_23,0.15444409847259521
FRAG_NEG_trNEGATIVE73432_53_23,0.9297651052474976
FRAG_NEG_trNEGATIVE30256_46_23,0.237334206700325
FRAG_NEG_trNEGATIVE40633_14_23,0.04628268629312515
FRAG_NEG_trNEGATIVE55595_10_23,0.16291889548301697
FRAG_NEG_trNEGATIVE45752_40_23,0.0013737083645537496
FRAG_NEG_trNEGATIVE62419_6_24,0.10544680058956146
FRAG_NEG_trNEGATIVE74115_17_24,0.00222949730232358
FRAG_NEG_trNEGATIVE39573_43_24,0.4516642987728119
FRAG_NEG_trNEGATIVE79579_0_24,8.761567733017728e-05
FRAG_NEG_trNEGATIVE64830_51_24,0.002049396513029933
FRAG_NEG_trNEGATIVE88499_6_24,0.24277551472187042
FRAG_NEG_trNEGATIVE93589_66_24,0.021847013384103775
FRAG_NEG_trNEGATIVE40281_49_24,0.16565120220184326
FRAG_NEG_trNEGATIVE82152_27_24,0.12975242733955383
FRAG_NEG_trNEGATIVE36332_29_24,0.3172833323478699
FRAG_NEG_trNEGATIVE52667_24_24,0.626461386680603
FRAG_NEG_trNEGATIVE72718_15_24,0.14115595817565918
FRAG_NEG_trNEGATIVE97128_42_24,0.013145849108695984
FRAG_NEG_trNEGATIVE63023_51_24,0.09643888473510742
FRAG_NEG_trNEGATIVE35732_30_24,0.7010350227355957
FRAG_NEG_trNEGATIVE91561_18_24,0.03462078794836998
FRAG_NEG_trNEGATIVE60767_22_24,0.2582060396671295
FRAG_NEG_trNEGATIVE81693_1_24,0.19639892876148224
FRAG_NEG_trNEGATIVE75605_47_24,0.3236981928348541
FRAG_NEG_trNEGATIVE79974_5_24,0.01175900362432003
FRAG_NEG_trNEGATIVE31903_40_24,0.0010251665953546762
FRAG_NEG_trNEGATIVE84413_2_24,0.095169797539711
FRAG_NEG_trNEGATIVE64159_37_24,0.16883641481399536
FRAG_NEG_trNEGATIVE47020_21_24,0.24694915115833282
FRAG_NEG_trNEGATIVE61856_50_24,0.0011049086460843682
FRAG_NEG_trNEGATIVE79784_23_24,0.11275632679462433
FRAG_NEG_trNEGATIVE65109_39_24,0.008174089714884758
FRAG_NEG_trNEGATIVE29991_48_24,0.024566438049077988
FRAG_NEG_trNEGATIVE97041_34_24,0.0007610564935021102
FRAG_NEG_trNEGATIVE54867_40_24,0.05655059963464737
FRAG_NEG_trNEGATIVE82446_25_24,0.020249415189027786
FRAG_NEG_trNEGATIVE83335_42_24,0.24925534427165985
FRAG_NEG_trNEGATIVE61130_9_24,0.009742091409862041
FRAG_NEG_trNEGATIVE80759_17_24,0.2120240479707718
FRAG_NEG_trNEGATIVE55096_18_24,0.0013894543517380953
FRAG_NEG_trNEGATIVE50793_26_24,0.03721097856760025
FRAG_NEG_trNEGATIVE28374_10_24,0.5372296571731567
FRAG_NEG_trNEGATIVE72916_35_24,0.021785784512758255
FRAG_NEG_trNEGATIVE89538_21_24,0.2478625774383545
FRAG_NEG_trNEGATIVE68901_10_24,0.15872405469417572
FRAG_NEG_trNEGATIVE46472_23_24,0.7023072838783264
FRAG_NEG_trNEGATIVE82114_8_24,0.2907065749168396
FRAG_NEG_trNEGATIVE85227_21_24,0.0032514617778360844
FRAG_NEG_trNEGATIVE82214_8_24,0.02820592187345028
FRAG_NEG_trNEGATIVE87985_1_24,0.349468857049942
FRAG_NEG_trNEGATIVE91196_35_24,0.454803466796875
FRAG_NEG_trNEGATIVE96654_12_24,0.09496594965457916
FRAG_NEG_trNEGATIVE75765_5_24,0.031548481434583664
FRAG_NEG_trNEGATIVE68879_69_24,0.30594903230667114
FRAG_NEG_trNEGATIVE56642_15_24,0.012104261666536331
FRAG_NEG_trNEGATIVE32676_15_24,0.1477491557598114
FRAG_NEG_trNEGATIVE90895_24_24,0.6611828804016113
FRAG_NEG_trNEGATIVE40543_18_24,0.11147824674844742
FRAG_NEG_trNEGATIVE54328_15_24,0.028621692210435867
FRAG_NEG_trNEGATIVE53608_61_24,0.025150448083877563
FRAG_NEG_trNEGATIVE91154_45_24,0.7597604393959045
FRAG_NEG_trNEGATIVE92582_4_24,0.039278965443372726
FRAG_NEG_trNEGATIVE45151_25_24,0.7323071956634521
FRAG_NEG_trNEGATIVE45498_40_24,0.21061143279075623
FRAG_NEG_trNEGATIVE50009_43_24,0.00042522503645159304
FRAG_NEG_trNEGATIVE72963_49_24,0.3485817015171051
FRAG_NEG_trNEGATIVE75246_29_24,0.4333175718784332
FRAG_NEG_trNEGATIVE89524_21_24,5.717828753404319e-05
FRAG_NEG_trNEGATIVE49028_59_24,0.10923884809017181
FRAG_NEG_trNEGATIVE89727_38_24,0.005922119133174419
FRAG_NEG_trNEGATIVE31903_42_24,0.2658475935459137
FRAG_NEG_trNEGATIVE51737_5_24,0.0010985222179442644
FRAG_NEG_trNEGATIVE96178_15_24,0.5094845294952393
FRAG_NEG_trNEGATIVE69181_40_24,0.17394979298114777
FRAG_NEG_trNEGATIVE88642_38_24,0.2163201868534088
FRAG_NEG_trNEGATIVE77417_29_24,0.5551309585571289
FRAG_NEG_trNEGATIVE37890_6_24,0.11019505560398102
FRAG_NEG_trNEGATIVE28314_4_24,0.0018095762934535742
FRAG_NEG_trNEGATIVE57126_54_24,0.0037726908922195435
FRAG_NEG_trNEGATIVE66234_9_24,0.4854257106781006
FRAG_NEG_trNEGATIVE62719_29_24,0.509597897529602
FRAG_NEG_trNEGATIVE87474_46_24,0.6195778846740723
FRAG_NEG_trNEGATIVE38411_9_24,0.06596042215824127
FRAG_NEG_trNEGATIVE27573_37_24,0.7742724418640137
FRAG_NEG_trNEGATIVE94577_10_24,0.45714235305786133
FRAG_NEG_trNEGATIVE56298_37_24,8.712556154932827e-05
FRAG_NEG_trNEGATIVE78071_17_24,0.9566038846969604
FRAG_NEG_trNEGATIVE40543_28_24,0.002601059852167964
FRAG_NEG_trNEGATIVE38493_19_24,0.01906956546008587
FRAG_NEG_trNEGATIVE52751_5_24,0.00024804071290418506
FRAG_NEG_trNEGATIVE49322_3_24,0.012059981003403664
FRAG_NEG_trNEGATIVE38265_1_24,0.546744167804718
FRAG_NEG_trNEGATIVE65197_33_24,0.4863552153110504
FRAG_NEG_trNEGATIVE88034_48_24,0.042243871837854385
FRAG_NEG_trNEGATIVE89408_48_24,0.006273917853832245
FRAG_NEG_trNEGATIVE33611_12_24,0.33508771657943726
FRAG_NEG_trNEGATIVE33107_11_24,0.8836372494697571
FRAG_NEG_trNEGATIVE64627_13_24,0.009014509618282318
FRAG_NEG_trNEGATIVE77167_3_24,0.033897869288921356
FRAG_NEG_trNEGATIVE60526_19_24,0.8046196699142456
FRAG_NEG_trNEGATIVE28484_48_24,0.906119704246521
FRAG_NEG_trNEGATIVE54876_29_24,0.0471552275121212
FRAG_NEG_trNEGATIVE70084_30_24,0.41802161931991577
FRAG_NEG_trNEGATIVE60607_29_24,0.28689369559288025
FRAG_NEG_trNEGATIVE36538_17_24,0.0002314049779670313
FRAG_NEG_trNEGATIVE39968_26_24,0.0012722448445856571
FRAG_NEG_trNEGATIVE42143_19_24,0.020004775375127792
FRAG_NEG_trNEGATIVE58907_63_24,0.1205848827958107
FRAG_NEG_trNEGATIVE34973_24_24,0.009930391795933247
FRAG_NEG_trNEGATIVE49134_8_24,0.01941436156630516
FRAG_NEG_trNEGATIVE35456_0_24,0.00031150103313848376
FRAG_NEG_trNEGATIVE96009_14_24,0.5287140607833862
FRAG_NEG_trNEGATIVE45079_18_24,0.38774892687797546
FRAG_NEG_trNEGATIVE51461_13_24,0.01918960176408291
FRAG_NEG_trNEGATIVE77606_32_24,0.7202616930007935
FRAG_NEG_trNEGATIVE50082_43_24,0.10353900492191315
FRAG_NEG_trNEGATIVE32204_43_24,0.6141403913497925
FRAG_NEG_trNEGATIVE86449_28_24,0.124911829829216
FRAG_NEG_trNEGATIVE31778_27_24,0.07683520019054413
FRAG_NEG_trNEGATIVE70884_9_24,0.4754037857055664
FRAG_NEG_trNEGATIVE95615_5_24,0.07303233444690704
FRAG_NEG_trNEGATIVE90391_59_24,0.20289865136146545
FRAG_NEG_trNEGATIVE38320_16_24,0.002718742471188307
FRAG_NEG_trNEGATIVE87549_3_24,0.0814385712146759
FRAG_NEG_trNEGATIVE27492_47_24,0.024928182363510132
FRAG_NEG_trNEGATIVE53323_19_24,0.25079092383384705
FRAG_NEG_trNEGATIVE65400_33_24,0.02021498791873455
FRAG_NEG_trNEGATIVE69351_15_24,0.0005986859323456883
FRAG_NEG_trNEGATIVE48957_28_24,0.34085482358932495
FRAG_NEG_trNEGATIVE93549_17_24,0.4244362711906433
FRAG_NEG_trNEGATIVE51781_15_24,0.7064289450645447
FRAG_NEG_trNEGATIVE90980_40_24,0.0042391992174088955
FRAG_NEG_trNEGATIVE96798_34_24,0.5335880517959595
FRAG_NEG_trNEGATIVE94850_5_24,0.023815613240003586
FRAG_NEG_trNEGATIVE55166_4_24,0.002312620636075735
FRAG_NEG_trNEGATIVE65798_64_24,0.8011848330497742
FRAG_NEG_trNEGATIVE90517_1_24,0.0076502286829054356
FRAG_NEG_trNEGATIVE27612_49_24,0.9442176818847656
FRAG_NEG_trNEGATIVE63442_25_24,0.004831997212022543
FRAG_NEG_trNEGATIVE42951_32_24,8.194798283511773e-05
FRAG_NEG_trNEGATIVE64980_5_24,0.22685901820659637
FRAG_NEG_trNEGATIVE39048_27_24,0.4057132601737976
FRAG_NEG_trNEGATIVE63561_42_24,0.015283480286598206
FRAG_NEG_trNEGATIVE96090_19_24,0.2509270906448364
FRAG_NEG_trNEGATIVE36438_54_24,0.018404260277748108
FRAG_NEG_trNEGATIVE34647_22_24,0.9838258028030396
FRAG_NEG_trNEGATIVE80010_10_24,0.391612708568573
FRAG_NEG_trNEGATIVE34266_46_24,0.03606355935335159
FRAG_NEG_trNEGATIVE27992_10_24,0.005500657018274069
FRAG_NEG_trNEGATIVE34247_29_24,0.08417265117168427
FRAG_NEG_trNEGATIVE71439_23_24,0.3523993194103241
FRAG_NEG_trNEGATIVE44478_27_24,0.1469036340713501
FRAG_NEG_trNEGATIVE82442_13_24,0.24982671439647675
FRAG_NEG_trNEGATIVE81756_48_24,5.019926902605221e-05
FRAG_NEG_trNEGATIVE38801_20_24,0.25476446747779846
FRAG_NEG_trNEGATIVE69812_19_24,0.21901921927928925
FRAG_NEG_trNEGATIVE75853_6_24,0.0032492864411324263
FRAG_NEG_trNEGATIVE78921_7_24,0.020800527185201645
FRAG_NEG_trNEGATIVE69389_0_24,5.224019332672469e-07
FRAG_NEG_trNEGATIVE40134_15_24,0.021572977304458618
FRAG_NEG_trNEGATIVE34800_10_24,0.07294486463069916
FRAG_NEG_trNEGATIVE88393_1_24,0.7854986190795898
FRAG_NEG_trNEGATIVE34074_2_24,0.1362113207578659
FRAG_NEG_trNEGATIVE81840_50_24,0.7611273527145386
FRAG_NEG_trNEGATIVE39650_2_24,0.0003663673414848745
FRAG_NEG_trNEGATIVE38671_7_24,0.9884563684463501
FRAG_NEG_trNEGATIVE40560_12_24,0.49961280822753906
FRAG_NEG_trNEGATIVE40152_29_24,0.15807507932186127
FRAG_NEG_trNEGATIVE44007_4_24,0.004899224732071161
FRAG_NEG_trNEGATIVE38279_58_24,0.2631593644618988
FRAG_NEG_trNEGATIVE97425_35_24,0.6268912553787231
FRAG_NEG_trNEGATIVE75807_56_24,0.13903158903121948
FRAG_NEG_trNEGATIVE46275_1_24,0.03397900238633156
FRAG_NEG_trNEGATIVE82038_32_24,0.024909548461437225
FRAG_NEG_trNEGATIVE38628_3_24,0.02309292182326317
FRAG_NEG_trNEGATIVE92499_36_24,0.858484148979187
FRAG_NEG_trNEGATIVE62241_14_24,0.011599988676607609
FRAG_NEG_trNEGATIVE30578_55_24,0.03823111951351166
FRAG_NEG_trNEGATIVE85847_46_24,0.3095415234565735
FRAG_NEG_trNEGATIVE31316_9_24,0.7942113876342773
FRAG_NEG_trNEGATIVE84549_19_24,0.034393422305583954
FRAG_NEG_trNEGATIVE80400_12_24,0.9402337074279785
FRAG_NEG_trNEGATIVE34198_3_24,0.8599055409431458
FRAG_NEG_trNEGATIVE59142_2_24,0.964418888092041
FRAG_NEG_trNEGATIVE77388_6_24,0.002739070449024439
FRAG_NEG_trNEGATIVE96700_65_24,0.15029111504554749
FRAG_NEG_trNEGATIVE65541_22_24,0.5607290267944336
FRAG_NEG_trNEGATIVE54793_31_24,0.11409036070108414
FRAG_NEG_trNEGATIVE96794_5_24,0.021426934748888016
FRAG_NEG_trNEGATIVE87072_15_24,0.005709209479391575
FRAG_NEG_trNEGATIVE74602_20_24,0.3620127737522125
FRAG_NEG_trNEGATIVE94435_23_24,0.897250771522522
FRAG_NEG_trNEGATIVE62233_25_24,0.7986613512039185
FRAG_NEG_trNEGATIVE33797_38_24,0.006672517396509647
FRAG_NEG_trNEGATIVE32993_26_24,0.0321178212761879
FRAG_NEG_trNEGATIVE75873_31_24,0.27149802446365356
FRAG_NEG_trNEGATIVE56008_0_24,0.008419170044362545
FRAG_NEG_trNEGATIVE50399_43_24,0.020430047065019608
FRAG_NEG_trNEGATIVE87107_10_24,0.1580776870250702
FRAG_NEG_trNEGATIVE48430_3_24,0.02243187464773655
FRAG_NEG_trNEGATIVE86159_40_24,0.00042977146222256124
FRAG_NEG_trNEGATIVE46180_24_24,0.456632524728775
FRAG_NEG_trNEGATIVE28436_21_24,0.5676504373550415
FRAG_NEG_trNEGATIVE73348_9_24,0.04763144627213478
FRAG_NEG_trNEGATIVE76694_27_24,0.19761160016059875
FRAG_NEG_trNEGATIVE52672_15_24,0.04765820503234863
FRAG_NEG_trNEGATIVE73542_18_24,0.018355894833803177
FRAG_NEG_trNEGATIVE74887_15_24,0.18608233332633972
FRAG_NEG_trNEGATIVE60072_20_24,0.0710063949227333
FRAG_NEG_trNEGATIVE88599_9_24,0.13109466433525085
FRAG_NEG_trNEGATIVE62952_4_24,0.18372373282909393
FRAG_NEG_trNEGATIVE88299_13_24,0.16455446183681488
FRAG_NEG_trNEGATIVE73750_38_24,0.0042060185223817825
FRAG_NEG_trNEGATIVE76907_50_24,0.0018024472519755363
FRAG_NEG_trNEGATIVE45623_55_24,0.5300740599632263
FRAG_NEG_trNEGATIVE31899_34_24,0.003065091324970126
FRAG_NEG_trNEGATIVE45657_41_24,0.9542123675346375
FRAG_NEG_trNEGATIVE48139_7_24,0.11984361708164215
FRAG_NEG_trNEGATIVE30173_41_24,0.13130684196949005
FRAG_NEG_trNEGATIVE93586_6_24,0.003942406736314297
FRAG_NEG_trNEGATIVE56232_26_24,0.5446403622627258
FRAG_NEG_trNEGATIVE76281_44_24,0.0320059135556221
FRAG_NEG_trNEGATIVE28994_53_24,0.5663202404975891
FRAG_NEG_trNEGATIVE83721_45_24,0.007813723757863045
FRAG_NEG_trNEGATIVE44904_61_24,0.04017314687371254
FRAG_NEG_trNEGATIVE42281_56_24,0.014936046674847603
FRAG_NEG_trNEGATIVE84148_22_25,0.2119690626859665
FRAG_NEG_trNEGATIVE72624_5_25,0.08646293729543686
FRAG_NEG_trNEGATIVE36290_43_25,0.004917454440146685
FRAG_NEG_trNEGATIVE70888_23_25,0.31178221106529236
FRAG_NEG_trNEGATIVE58862_12_25,0.04655444249510765
FRAG_NEG_trNEGATIVE58989_36_25,0.015330737456679344
FRAG_NEG_trNEGATIVE71696_8_25,0.07025376707315445
FRAG_NEG_trNEGATIVE76594_43_25,0.2976329028606415
FRAG_NEG_trNEGATIVE85580_34_25,0.0007069763960316777
FRAG_NEG_trNEGATIVE28516_41_25,0.37475138902664185
FRAG_NEG_trNEGATIVE30454_22_25,0.058705687522888184
FRAG_NEG_trNEGATIVE51925_4_25,0.31043440103530884
FRAG_NEG_trNEGATIVE29650_20_25,0.01602020487189293
FRAG_NEG_trNEGATIVE45456_38_25,0.2954087257385254
FRAG_NEG_trNEGATIVE93408_30_25,0.16894212365150452
FRAG_NEG_trNEGATIVE38879_29_25,0.5565789937973022
FRAG_NEG_trNEGATIVE38900_41_25,0.37903696298599243
FRAG_NEG_trNEGATIVE42872_29_25,0.004507469944655895
FRAG_NEG_trNEGATIVE51823_18_25,0.37305328249931335
FRAG_NEG_trNEGATIVE59476_35_25,0.5131699442863464
FRAG_NEG_trNEGATIVE78521_36_25,0.5707930326461792
FRAG_NEG_trNEGATIVE90062_17_25,0.3771378695964813
FRAG_NEG_trNEGATIVE68933_45_25,0.034283436834812164
FRAG_NEG_trNEGATIVE31177_6_25,0.0008521807612851262
FRAG_NEG_trNEGATIVE51900_39_25,0.42643246054649353
FRAG_NEG_trNEGATIVE31421_5_25,0.056498996913433075
FRAG_NEG_trNEGATIVE77681_21_25,0.03388701751828194
FRAG_NEG_trNEGATIVE35832_22_25,0.008187923580408096
FRAG_NEG_trNEGATIVE69352_39_25,0.0003234194591641426
FRAG_NEG_trNEGATIVE74314_37_25,0.7753294110298157
FRAG_NEG_trNEGATIVE43347_16_25,0.05872004106640816
FRAG_NEG_trNEGATIVE58984_8_25,0.19340719282627106
FRAG_NEG_trNEGATIVE87351_7_25,0.002970183501020074
FRAG_NEG_trNEGATIVE95074_21_25,0.013068161904811859
FRAG_NEG_trNEGATIVE96368_37_25,0.03774579241871834
FRAG_NEG_trNEGATIVE90812_0_25,1.2012910133307741e-07
FRAG_NEG_trNEGATIVE69028_57_25,0.15072140097618103
FRAG_NEG_trNEGATIVE63304_9_25,0.002510032383725047
FRAG_NEG_trNEGATIVE83517_45_25,0.00045680845505557954
FRAG_NEG_trNEGATIVE91027_6_25,0.3769683837890625
FRAG_NEG_trNEGATIVE90697_60_25,0.009338085539638996
FRAG_NEG_trNEGATIVE71809_27_25,0.004849662072956562
FRAG_NEG_trNEGATIVE91176_42_25,0.5133547782897949
FRAG_NEG_trNEGATIVE73858_24_25,0.15440410375595093
FRAG_NEG_trNEGATIVE62088_8_25,0.009713461622595787
FRAG_NEG_trNEGATIVE96171_40_25,0.18417713046073914
FRAG_NEG_trNEGATIVE92777_42_25,0.5848185420036316
FRAG_NEG_trNEGATIVE30835_19_25,0.022567160427570343
FRAG_NEG_trNEGATIVE46537_26_25,0.01247335970401764
FRAG_NEG_trNEGATIVE55653_19_25,0.19687718152999878
FRAG_NEG_trNEGATIVE91413_1_25,0.9438284635543823
FRAG_NEG_trNEGATIVE71921_41_25,0.12232524156570435
FRAG_NEG_trNEGATIVE51987_0_25,0.00017550401389598846
FRAG_NEG_trNEGATIVE71525_40_25,0.45955777168273926
FRAG_NEG_trNEGATIVE64549_30_25,0.010464259423315525
FRAG_NEG_trNEGATIVE61477_25_25,0.28424471616744995
FRAG_NEG_trNEGATIVE53410_13_25,0.04611564427614212
FRAG_NEG_trNEGATIVE42861_52_25,0.0024254878517240286
FRAG_NEG_trNEGATIVE93241_54_25,0.009628905914723873
FRAG_NEG_trNEGATIVE64309_2_25,0.00781405158340931
FRAG_NEG_trNEGATIVE56452_18_25,0.04478302597999573
FRAG_NEG_trNEGATIVE77824_17_25,0.7812355756759644
FRAG_NEG_trNEGATIVE92019_46_25,0.11315026134252548
FRAG_NEG_trNEGATIVE27835_1_25,0.014733646996319294
FRAG_NEG_trNEGATIVE76957_50_25,0.15826515853405
FRAG_NEG_trNEGATIVE42406_10_25,0.006812218576669693
FRAG_NEG_trNEGATIVE32483_25_25,0.704589307308197
FRAG_NEG_trNEGATIVE28344_29_25,0.06919688731431961
FRAG_NEG_trNEGATIVE55211_2_25,0.1561611294746399
FRAG_NEG_trNEGATIVE71292_10_25,0.00278470222838223
FRAG_NEG_trNEGATIVE75370_28_25,0.6615468859672546
FRAG_NEG_trNEGATIVE30217_16_25,0.45979171991348267
FRAG_NEG_trNEGATIVE73464_43_25,0.007338354829698801
FRAG_NEG_trNEGATIVE55923_18_25,0.02116263471543789
FRAG_NEG_trNEGATIVE85904_48_25,0.06012885645031929
FRAG_NEG_trNEGATIVE78649_28_25,0.15269900858402252
FRAG_NEG_trNEGATIVE95567_47_25,0.4025384783744812
FRAG_NEG_trNEGATIVE69180_50_25,0.09843283891677856
FRAG_NEG_trNEGATIVE45334_11_25,0.0003632549778558314
FRAG_NEG_trNEGATIVE79528_61_25,0.45359086990356445
FRAG_NEG_trNEGATIVE72649_34_25,0.9759500622749329
FRAG_NEG_trNEGATIVE73049_51_25,0.01125679723918438
FRAG_NEG_trNEGATIVE55121_15_25,4.542215901892632e-05
FRAG_NEG_trNEGATIVE73036_59_25,0.004021069500595331
FRAG_NEG_trNEGATIVE57946_18_25,0.0005073144566267729
FRAG_NEG_trNEGATIVE91970_58_25,0.005391373299062252
FRAG_NEG_trNEGATIVE43662_12_25,0.0012019883142784238
FRAG_NEG_trNEGATIVE69993_12_25,0.006784873548895121
FRAG_NEG_trNEGATIVE46086_24_25,0.005377772729843855
FRAG_NEG_trNEGATIVE39792_43_25,0.04584471136331558
FRAG_NEG_trNEGATIVE78337_58_25,0.15197604894638062
FRAG_NEG_trNEGATIVE29127_4_25,0.7889800667762756
FRAG_NEG_trNEGATIVE45498_5_25,0.014832302927970886
FRAG_NEG_trNEGATIVE71548_70_25,0.006969132926315069
FRAG_NEG_trNEGATIVE65057_7_25,0.2663959860801697
FRAG_NEG_trNEGATIVE40867_30_25,0.9812111854553223
FRAG_NEG_trNEGATIVE39893_4_25,0.11402104049921036
FRAG_NEG_trNEGATIVE62303_17_25,0.001804832019843161
FRAG_NEG_trNEGATIVE41033_14_25,0.1445637345314026
FRAG_NEG_trNEGATIVE29006_57_25,0.00033519609132781625
FRAG_NEG_trNEGATIVE70421_12_25,0.024727540090680122
FRAG_NEG_trNEGATIVE31329_21_25,0.3282362222671509
FRAG_NEG_trNEGATIVE91162_25_25,0.025003042072057724
FRAG_NEG_trNEGATIVE88194_18_25,0.04930805414915085
FRAG_NEG_trNEGATIVE53755_38_25,0.003341332543641329
FRAG_NEG_trNEGATIVE61567_17_25,0.0007015086011961102
FRAG_NEG_trNEGATIVE35720_64_25,0.0005769554991275072
FRAG_NEG_trNEGATIVE31277_27_25,0.35369545221328735
FRAG_NEG_trNEGATIVE28086_39_25,0.48267585039138794
FRAG_NEG_trNEGATIVE86731_12_25,0.14488449692726135
FRAG_NEG_trNEGATIVE68036_21_25,0.740138828754425
FRAG_NEG_trNEGATIVE45542_34_25,0.006343909539282322
FRAG_NEG_trNEGATIVE36554_45_25,0.07342487573623657
FRAG_NEG_trNEGATIVE66800_51_25,0.3677501380443573
FRAG_NEG_trNEGATIVE85804_15_25,0.34875231981277466
FRAG_NEG_trNEGATIVE68520_28_25,0.9918313026428223
FRAG_NEG_trNEGATIVE87650_52_25,0.01805299147963524
FRAG_NEG_trNEGATIVE47424_13_25,0.3591776490211487
FRAG_NEG_trNEGATIVE57471_27_25,0.056754011660814285
FRAG_NEG_trNEGATIVE51257_43_25,0.10821317136287689
FRAG_NEG_trNEGATIVE37937_9_25,0.02254261076450348
FRAG_NEG_trNEGATIVE48495_55_25,0.2026081532239914
FRAG_NEG_trNEGATIVE39968_15_25,0.0002649189264047891
FRAG_NEG_trNEGATIVE39448_0_25,0.006946051958948374
FRAG_NEG_trNEGATIVE39276_14_25,0.14165426790714264
FRAG_NEG_trNEGATIVE51754_53_25,0.14144055545330048
FRAG_NEG_trNEGATIVE56751_26_25,0.06667031347751617
FRAG_NEG_trNEGATIVE87547_44_25,0.01671559177339077
FRAG_NEG_trNEGATIVE42617_37_25,0.038848258554935455
FRAG_NEG_trNEGATIVE44058_0_25,3.072615072596818e-06
FRAG_NEG_trNEGATIVE31610_30_25,0.1064789667725563
FRAG_NEG_trNEGATIVE34666_33_25,0.4805424213409424
FRAG_NEG_trNEGATIVE29756_1_25,0.24029740691184998
FRAG_NEG_trNEGATIVE79753_64_25,0.27314093708992004
FRAG_NEG_trNEGATIVE80226_53_25,0.007215313613414764
FRAG_NEG_trNEGATIVE80890_6_25,0.36420080065727234
FRAG_NEG_trNEGATIVE56869_10_25,0.7815024256706238
FRAG_NEG_trNEGATIVE33003_36_25,0.43940335512161255
FRAG_NEG_trNEGATIVE41970_30_25,0.0001199075486510992
FRAG_NEG_trNEGATIVE65233_8_25,0.5234493613243103
FRAG_NEG_trNEGATIVE79273_19_25,0.05017038434743881
FRAG_NEG_trNEGATIVE57978_36_25,0.872749924659729
FRAG_NEG_trNEGATIVE50823_3_25,0.0024056765250861645
FRAG_NEG_trNEGATIVE39543_12_25,0.030358735471963882
FRAG_NEG_trNEGATIVE32160_23_25,0.008279041387140751
FRAG_NEG_trNEGATIVE79489_26_25,0.15415841341018677
FRAG_NEG_trNEGATIVE50009_29_25,0.00010132636089110747
FRAG_NEG_trNEGATIVE42436_4_25,0.008420424535870552
FRAG_NEG_trNEGATIVE93632_40_25,0.017719212919473648
FRAG_NEG_trNEGATIVE58276_14_25,0.02900126576423645
FRAG_NEG_trNEGATIVE31056_34_25,0.0022301955614238977
FRAG_NEG_trNEGATIVE57114_3_25,0.08844132721424103
FRAG_NEG_trNEGATIVE30968_31_25,0.08361909538507462
FRAG_NEG_trNEGATIVE86400_0_25,0.0006565446965396404
FRAG_NEG_trNEGATIVE46941_1_25,0.024977654218673706
FRAG_NEG_trNEGATIVE53177_27_25,0.0058172899298369884
FRAG_NEG_trNEGATIVE55992_31_25,0.15947826206684113
FRAG_NEG_trNEGATIVE91387_34_25,0.25967323780059814
FRAG_NEG_trNEGATIVE61801_2_25,0.24268320202827454
FRAG_NEG_trNEGATIVE46438_60_25,0.006562686525285244
FRAG_NEG_trNEGATIVE94243_35_25,0.029876643791794777
FRAG_NEG_trNEGATIVE50132_0_25,7.415115396725014e-05
FRAG_NEG_trNEGATIVE57359_23_25,0.6145216226577759
FRAG_NEG_trNEGATIVE96629_28_25,0.5667861104011536
FRAG_NEG_trNEGATIVE53467_13_25,0.07964746654033661
FRAG_NEG_trNEGATIVE93480_9_25,0.008687925525009632
FRAG_NEG_trNEGATIVE64510_27_25,0.0014200946316123009
FRAG_NEG_trNEGATIVE28219_35_25,0.006456069648265839
FRAG_NEG_trNEGATIVE45085_6_25,0.46450167894363403
FRAG_NEG_trNEGATIVE57293_58_25,0.004088922403752804
FRAG_NEG_trNEGATIVE83505_13_25,0.06171807646751404
FRAG_NEG_trNEGATIVE38615_7_25,0.6242795586585999
FRAG_NEG_trNEGATIVE53656_22_25,0.22744350135326385
FRAG_NEG_trNEGATIVE51892_14_25,0.010787957347929478
FRAG_NEG_trNEGATIVE89245_7_25,0.13621045649051666
FRAG_NEG_trNEGATIVE66257_8_25,0.006358635611832142
FRAG_NEG_trNEGATIVE48716_0_25,1.7141926946351305e-05
FRAG_NEG_trNEGATIVE61117_48_25,0.47836917638778687
FRAG_NEG_trNEGATIVE96080_48_25,0.0006128492532297969
FRAG_NEG_trNEGATIVE84749_15_25,0.08301573991775513
FRAG_NEG_trNEGATIVE71049_40_25,0.003563605947420001
FRAG_NEG_trNEGATIVE41690_38_25,0.27524489164352417
FRAG_NEG_trNEGATIVE63057_2_25,0.39481043815612793
FRAG_NEG_trNEGATIVE62684_12_25,0.152482807636261
FRAG_NEG_trNEGATIVE84942_46_25,0.21546697616577148
FRAG_NEG_trNEGATIVE96597_27_25,0.1467786580324173
FRAG_NEG_trNEGATIVE87090_60_25,0.10277954488992691
FRAG_NEG_trNEGATIVE56751_19_25,0.013876576907932758
FRAG_NEG_trNEGATIVE53755_69_25,0.006474108435213566
FRAG_NEG_trNEGATIVE76036_4_25,0.5258015990257263
FRAG_NEG_trNEGATIVE92398_28_25,0.05224323272705078
FRAG_NEG_trNEGATIVE29886_2_25,0.15315356850624084
FRAG_NEG_trNEGATIVE40100_43_25,0.002431787084788084
FRAG_NEG_trNEGATIVE89859_19_25,0.02423853799700737
FRAG_NEG_trNEGATIVE63475_20_25,0.1481085568666458
FRAG_NEG_trNEGATIVE56995_15_25,0.05935047194361687
FRAG_NEG_trNEGATIVE77203_26_25,0.45541495084762573
FRAG_NEG_trNEGATIVE60084_57_25,0.29617515206336975
FRAG_NEG_trNEGATIVE66497_2_25,0.04557756334543228
FRAG_NEG_trNEGATIVE57053_12_25,0.5448490977287292
FRAG_NEG_trNEGATIVE57718_15_25,0.0003246378037147224
FRAG_NEG_trNEGATIVE93682_11_25,0.007770317140966654
FRAG_NEG_trNEGATIVE82399_14_25,0.053850628435611725
FRAG_NEG_trNEGATIVE88717_24_25,0.9935939908027649
FRAG_NEG_trNEGATIVE36243_15_25,0.07969759404659271
FRAG_NEG_trNEGATIVE29728_35_25,0.004649708978831768
FRAG_NEG_trNEGATIVE64817_3_25,0.9795082807540894
FRAG_NEG_trNEGATIVE47499_15_25,0.3427882194519043
FRAG_NEG_trNEGATIVE64715_17_25,1.901015275507234e-05
FRAG_NEG_trNEGATIVE53937_49_25,0.27883943915367126
FRAG_NEG_trNEGATIVE63836_11_25,0.607376217842102
FRAG_NEG_trNEGATIVE69507_36_25,3.946662036469206e-05
FRAG_NEG_trNEGATIVE34893_24_25,0.3128584027290344
FRAG_NEG_trNEGATIVE31769_18_25,0.18409931659698486
FRAG_NEG_trNEGATIVE56939_41_25,0.03226020559668541
FRAG_NEG_trNEGATIVE79289_29_25,0.0004509862628765404
FRAG_NEG_trNEGATIVE51469_33_25,0.0003892530221492052
FRAG_NEG_trNEGATIVE57399_45_25,0.1542358547449112
FRAG_NEG_trNEGATIVE89747_32_25,0.9046918153762817
FRAG_NEG_trNEGATIVE52734_65_25,0.033834584057331085
FRAG_NEG_trNEGATIVE69185_26_26,0.2359112948179245
FRAG_NEG_trNEGATIVE70176_41_26,0.3250308632850647
FRAG_NEG_trNEGATIVE65980_6_26,0.0024368660524487495
FRAG_NEG_trNEGATIVE83565_16_26,0.7295123338699341
FRAG_NEG_trNEGATIVE85704_55_26,0.19619324803352356
FRAG_NEG_trNEGATIVE68670_41_26,0.004554755985736847
FRAG_NEG_trNEGATIVE67086_45_26,0.0006860487046651542
FRAG_NEG_trNEGATIVE28801_34_26,0.36086612939834595
FRAG_NEG_trNEGATIVE48830_23_26,0.00041149751632474363
FRAG_NEG_trNEGATIVE87985_12_26,0.0008800795185379684
FRAG_NEG_trNEGATIVE40100_11_26,0.027967840433120728
FRAG_NEG_trNEGATIVE56298_21_26,0.1814984530210495
FRAG_NEG_trNEGATIVE34198_19_26,0.1402151882648468
FRAG_NEG_trNEGATIVE36657_13_26,0.4035320281982422
FRAG_NEG_trNEGATIVE72619_52_26,0.005979838781058788
FRAG_NEG_trNEGATIVE78029_25_26,0.4090985655784607
FRAG_NEG_trNEGATIVE34839_6_26,0.001887038117274642
FRAG_NEG_trNEGATIVE69160_4_26,0.1513526737689972
FRAG_NEG_trNEGATIVE87717_33_26,0.12101288139820099
FRAG_NEG_trNEGATIVE79735_36_26,0.09659009426832199
FRAG_NEG_trNEGATIVE95531_3_26,0.1109088882803917
FRAG_NEG_trNEGATIVE87987_58_26,0.9942587614059448
FRAG_NEG_trNEGATIVE48177_13_26,0.005872282665222883
FRAG_NEG_trNEGATIVE71135_3_26,0.14131397008895874
FRAG_NEG_trNEGATIVE62617_29_26,0.5371240377426147
FRAG_NEG_trNEGATIVE37858_19_26,0.05165815353393555
FRAG_NEG_trNEGATIVE54305_63_26,0.0036827786825597286
FRAG_NEG_trNEGATIVE92377_37_26,0.0017618552083149552
FRAG_NEG_trNEGATIVE89785_7_26,0.36609768867492676
FRAG_NEG_trNEGATIVE67099_14_26,0.18087391555309296
FRAG_NEG_trNEGATIVE44210_17_26,0.12273764610290527
FRAG_NEG_trNEGATIVE66636_43_26,3.256580021115951e-05
FRAG_NEG_trNEGATIVE34566_31_26,0.1637551337480545
FRAG_NEG_trNEGATIVE40424_27_26,0.009351622313261032
FRAG_NEG_trNEGATIVE88363_25_26,0.5163918137550354
FRAG_NEG_trNEGATIVE81587_21_26,0.21948373317718506
FRAG_NEG_trNEGATIVE68394_29_26,0.1478126496076584
FRAG_NEG_trNEGATIVE58579_27_26,0.29669442772865295
FRAG_NEG_trNEGATIVE36159_13_26,0.36010807752609253
FRAG_NEG_trNEGATIVE30945_2_26,0.06443633884191513
FRAG_NEG_trNEGATIVE40321_58_26,0.0008186274208128452
FRAG_NEG_trNEGATIVE50300_29_26,0.04510729759931564
FRAG_NEG_trNEGATIVE62676_3_26,0.008890058845281601
FRAG_NEG_trNEGATIVE45465_14_26,0.0014913480263203382
FRAG_NEG_trNEGATIVE69998_6_26,0.4244963526725769
FRAG_NEG_trNEGATIVE92398_15_26,0.002858565654605627
FRAG_NEG_trNEGATIVE92192_8_26,0.37287893891334534
FRAG_NEG_trNEGATIVE39316_51_26,0.5544072985649109
FRAG_NEG_trNEGATIVE40835_58_26,0.3378674387931824
FRAG_NEG_trNEGATIVE91724_25_26,0.0005930683691985905
FRAG_NEG_trNEGATIVE89653_25_26,0.3195140063762665
FRAG_NEG_trNEGATIVE34845_1_26,0.10501985251903534
FRAG_NEG_trNEGATIVE52353_35_26,0.4424329698085785
FRAG_NEG_trNEGATIVE97154_25_26,0.22030651569366455
FRAG_NEG_trNEGATIVE94215_16_26,0.39194971323013306
FRAG_NEG_trNEGATIVE44315_16_26,0.0003204787790309638
FRAG_NEG_trNEGATIVE94332_30_26,0.05087395757436752
FRAG_NEG_trNEGATIVE72064_25_26,0.0049490793608129025
FRAG_NEG_trNEGATIVE85486_24_26,0.01884780265390873
FRAG_NEG_trNEGATIVE52381_0_26,0.00015347462613135576
FRAG_NEG_trNEGATIVE44949_43_26,0.015574641525745392
FRAG_NEG_trNEGATIVE58390_2_26,0.002213343745097518
FRAG_NEG_trNEGATIVE37954_25_26,0.9011467099189758
FRAG_NEG_trNEGATIVE33611_10_26,0.18290449678897858
FRAG_NEG_trNEGATIVE62725_25_26,0.10889749228954315
FRAG_NEG_trNEGATIVE39326_38_26,0.3914877772331238
FRAG_NEG_trNEGATIVE67852_34_26,0.08017868548631668
FRAG_NEG_trNEGATIVE84283_40_26,0.2853403091430664
FRAG_NEG_trNEGATIVE60873_61_26,0.33590149879455566
FRAG_NEG_trNEGATIVE32133_1_26,0.042833052575588226
FRAG_NEG_trNEGATIVE53300_32_26,0.1075994148850441
FRAG_NEG_trNEGATIVE42955_43_26,0.004304606467485428
FRAG_NEG_trNEGATIVE94855_4_26,0.006706634070724249
FRAG_NEG_trNEGATIVE54521_31_26,0.994677722454071
FRAG_NEG_trNEGATIVE74458_47_26,0.09338601678609848
FRAG_NEG_trNEGATIVE68527_1_26,0.9944241642951965
FRAG_NEG_trNEGATIVE80976_6_26,0.5092989206314087
FRAG_NEG_trNEGATIVE68418_66_26,0.26016414165496826
FRAG_NEG_trNEGATIVE83517_9_26,0.09212363511323929
FRAG_NEG_trNEGATIVE61599_1_26,0.9984734654426575
FRAG_NEG_trNEGATIVE40281_6_26,0.717922568321228
FRAG_NEG_trNEGATIVE95163_15_26,0.0032889782451093197
FRAG_NEG_trNEGATIVE96827_49_26,0.12442956119775772
FRAG_NEG_trNEGATIVE52859_23_26,0.029070526361465454
FRAG_NEG_trNEGATIVE55800_33_26,0.7078768014907837
FRAG_NEG_trNEGATIVE82480_14_26,0.025467151775956154
FRAG_NEG_trNEGATIVE53671_42_26,0.0058874525129795074
FRAG_NEG_trNEGATIVE44810_0_26,1.5166114053499768e-06
FRAG_NEG_trNEGATIVE78368_9_26,0.003343363758176565
FRAG_NEG_trNEGATIVE40284_49_26,0.3691342771053314
FRAG_NEG_trNEGATIVE64287_67_26,0.4025800824165344
FRAG_NEG_trNEGATIVE86156_46_26,0.0003451363299973309
FRAG_NEG_trNEGATIVE78433_31_26,0.0014230564702302217
FRAG_NEG_trNEGATIVE77972_32_26,0.16424773633480072
FRAG_NEG_trNEGATIVE72807_34_26,0.04420717433094978
FRAG_NEG_trNEGATIVE40637_28_26,0.8072502017021179
FRAG_NEG_trNEGATIVE70420_4_26,0.008006157353520393
FRAG_NEG_trNEGATIVE90237_6_26,0.5335131287574768
FRAG_NEG_trNEGATIVE73562_37_26,0.002836518455296755
FRAG_NEG_trNEGATIVE65716_1_26,0.22817452251911163
FRAG_NEG_trNEGATIVE68296_21_26,0.47831106185913086
FRAG_NEG_trNEGATIVE61912_6_26,0.00012873642845079303
FRAG_NEG_trNEGATIVE34743_10_26,0.3239460587501526
FRAG_NEG_trNEGATIVE41515_9_26,0.47733813524246216
FRAG_NEG_trNEGATIVE58305_36_26,0.48017334938049316
FRAG_NEG_trNEGATIVE32258_45_26,0.8394878506660461
FRAG_NEG_trNEGATIVE51223_10_26,0.00878906063735485
FRAG_NEG_trNEGATIVE67438_11_26,0.7098662257194519
FRAG_NEG_trNEGATIVE69416_2_26,0.08364053070545197
FRAG_NEG_trNEGATIVE54521_38_26,0.9822497367858887
FRAG_NEG_trNEGATIVE51737_15_26,0.0023581297136843204
FRAG_NEG_trNEGATIVE36752_19_26,0.17984476685523987
FRAG_NEG_trNEGATIVE37837_16_26,0.4702982008457184
FRAG_NEG_trNEGATIVE38646_14_26,0.05868806689977646
FRAG_NEG_trNEGATIVE29468_26_26,0.0007815344142727554
FRAG_NEG_trNEGATIVE55750_2_26,0.010188838467001915
FRAG_NEG_trNEGATIVE65938_16_26,0.0828176885843277
FRAG_NEG_trNEGATIVE68242_24_26,7.942295633256435e-05
FRAG_NEG_trNEGATIVE56299_32_26,0.09145383536815643
FRAG_NEG_trNEGATIVE40444_2_26,0.8415812253952026
FRAG_NEG_trNEGATIVE44904_43_26,0.33451351523399353
FRAG_NEG_trNEGATIVE69895_36_26,0.06748723238706589
FRAG_NEG_trNEGATIVE44358_30_26,0.8414323925971985
FRAG_NEG_trNEGATIVE45057_11_26,0.01539677195250988
FRAG_NEG_trNEGATIVE97053_18_26,0.14127197861671448
FRAG_NEG_trNEGATIVE77200_22_26,0.002819058718159795
FRAG_NEG_trNEGATIVE85610_7_26,0.9958716630935669
FRAG_NEG_trNEGATIVE48170_3_26,0.1699548214673996
FRAG_NEG_trNEGATIVE64877_1_26,0.9546462893486023
FRAG_NEG_trNEGATIVE55038_6_26,0.0014854792971163988
FRAG_NEG_trNEGATIVE60702_34_26,0.012337125837802887
FRAG_NEG_trNEGATIVE33907_32_26,0.00015719652583356947
FRAG_NEG_trNEGATIVE68941_22_26,0.006005865056067705
FRAG_NEG_trNEGATIVE44378_17_26,0.0011943234130740166
FRAG_NEG_trNEGATIVE70582_16_26,0.9979303479194641
FRAG_NEG_trNEGATIVE68057_18_26,0.0001509835128672421
FRAG_NEG_trNEGATIVE58339_14_26,0.0014430347364395857
FRAG_NEG_trNEGATIVE56403_34_26,0.4041096568107605
FRAG_NEG_trNEGATIVE54710_64_26,0.1328922063112259
FRAG_NEG_trNEGATIVE92624_4_26,0.7734280824661255
FRAG_NEG_trNEGATIVE66099_2_26,0.484860897064209
FRAG_NEG_trNEGATIVE59613_56_26,0.663716197013855
FRAG_NEG_trNEGATIVE58276_21_26,0.25878721475601196
FRAG_NEG_trNEGATIVE89685_8_26,0.4967578947544098
FRAG_NEG_trNEGATIVE88082_4_26,0.032895028591156006
FRAG_NEG_trNEGATIVE95195_7_26,0.2602521777153015
FRAG_NEG_trNEGATIVE31586_38_26,0.9188116788864136
FRAG_NEG_trNEGATIVE71055_15_26,0.19926206767559052
FRAG_NEG_trNEGATIVE32641_13_26,0.8869911432266235
FRAG_NEG_trNEGATIVE44110_21_26,0.3904581367969513
FRAG_NEG_trNEGATIVE86259_5_26,0.0022154480684548616
FRAG_NEG_trNEGATIVE70478_34_26,0.6067003011703491
FRAG_NEG_trNEGATIVE40803_15_26,0.0011724187061190605
FRAG_NEG_trNEGATIVE67704_51_26,0.01660378836095333
FRAG_NEG_trNEGATIVE43244_40_26,0.014373431913554668
FRAG_NEG_trNEGATIVE40692_67_26,9.746969226398505e-06
FRAG_NEG_trNEGATIVE56764_12_26,0.5694833993911743
FRAG_NEG_trNEGATIVE79244_36_26,0.5615134835243225
FRAG_NEG_trNEGATIVE81766_53_26,0.07113020122051239
FRAG_NEG_trNEGATIVE84177_29_26,0.5994447469711304
FRAG_NEG_trNEGATIVE50861_26_26,0.08196117728948593
FRAG_NEG_trNEGATIVE41337_23_26,0.014495606534183025
FRAG_NEG_trNEGATIVE85695_67_26,0.003928943071514368
FRAG_NEG_trNEGATIVE46665_40_26,0.018337374553084373
FRAG_NEG_trNEGATIVE55137_37_26,0.10705766826868057
FRAG_NEG_trNEGATIVE42999_44_26,0.19437344372272491
FRAG_NEG_trNEGATIVE83705_16_26,0.08466894924640656
FRAG_NEG_trNEGATIVE88628_38_26,0.004075565375387669
FRAG_NEG_trNEGATIVE91238_14_26,0.006096891593188047
FRAG_NEG_trNEGATIVE29278_12_26,0.06044578552246094
FRAG_NEG_trNEGATIVE94818_24_26,0.39868754148483276
FRAG_NEG_trNEGATIVE96505_60_26,0.01535044051706791
FRAG_NEG_trNEGATIVE44857_14_26,0.0027931341901421547
FRAG_NEG_trNEGATIVE39691_58_26,0.34802502393722534
FRAG_NEG_trNEGATIVE96816_33_26,0.12222572416067123
FRAG_NEG_trNEGATIVE40866_17_26,0.0005568122724071145
FRAG_NEG_trNEGATIVE39874_31_26,0.0077829910442233086
FRAG_NEG_trNEGATIVE50940_27_26,0.7659600377082825
FRAG_NEG_trNEGATIVE47671_10_26,0.37935870885849
FRAG_NEG_trNEGATIVE29806_28_26,0.03833947330713272
FRAG_NEG_trNEGATIVE68929_26_26,0.2333996593952179
FRAG_NEG_trNEGATIVE89859_13_26,0.3130441904067993
FRAG_NEG_trNEGATIVE92087_25_26,0.00011794549936894327
FRAG_NEG_trNEGATIVE84555_19_26,0.00257021258585155
FRAG_NEG_trNEGATIVE45659_26_26,0.001243610749952495
FRAG_NEG_trNEGATIVE65364_38_26,0.006466432008892298
FRAG_NEG_trNEGATIVE46387_11_26,0.0006849265773780644
FRAG_NEG_trNEGATIVE35110_65_26,0.0015430166386067867
FRAG_NEG_trNEGATIVE73494_5_26,0.0014065498253330588
FRAG_NEG_trNEGATIVE73996_3_26,0.00025234214263036847
FRAG_NEG_trNEGATIVE31674_32_27,0.019177526235580444
FRAG_NEG_trNEGATIVE38259_8_27,0.0039622364565730095
FRAG_NEG_trNEGATIVE55106_38_27,0.007582644931972027
FRAG_NEG_trNEGATIVE96823_12_27,0.3839590549468994
FRAG_NEG_trNEGATIVE93242_21_27,0.0709824413061142
FRAG_NEG_trNEGATIVE87090_58_27,0.03489486128091812
FRAG_NEG_trNEGATIVE48694_38_27,0.015151205472648144
FRAG_NEG_trNEGATIVE47408_29_27,0.9230823516845703
FRAG_NEG_trNEGATIVE71002_6_27,0.9914796948432922
FRAG_NEG_trNEGATIVE69812_27_27,0.009757825173437595
FRAG_NEG_trNEGATIVE74034_30_27,0.44733548164367676
FRAG_NEG_trNEGATIVE87491_7_27,0.2641969323158264
FRAG_NEG_trNEGATIVE35985_47_27,0.8198695182800293
FRAG_NEG_trNEGATIVE30311_17_27,0.0006360510014928877
FRAG_NEG_trNEGATIVE82043_43_27,0.11232714354991913
FRAG_NEG_trNEGATIVE76614_12_27,0.019206669181585312
FRAG_NEG_trNEGATIVE41337_30_27,0.1294986754655838
FRAG_NEG_trNEGATIVE40803_16_27,0.02879805862903595
FRAG_NEG_trNEGATIVE93505_61_27,0.507059633731842
FRAG_NEG_trNEGATIVE44384_42_27,0.06529702246189117
FRAG_NEG_trNEGATIVE45365_46_27,0.023585770279169083
FRAG_NEG_trNEGATIVE47954_18_27,0.23270435631275177
FRAG_NEG_trNEGATIVE67258_13_27,0.6637004017829895
FRAG_NEG_trNEGATIVE72456_2_27,0.4524880349636078
FRAG_NEG_trNEGATIVE80717_12_27,0.24863596260547638
FRAG_NEG_trNEGATIVE39059_12_27,0.42384061217308044
FRAG_NEG_trNEGATIVE68941_11_27,0.010143554769456387
FRAG_NEG_trNEGATIVE38253_34_27,0.009686147794127464
FRAG_NEG_trNEGATIVE76869_36_27,0.00641911756247282
FRAG_NEG_trNEGATIVE46198_9_27,0.47865691781044006
FRAG_NEG_trNEGATIVE85675_39_27,0.15419617295265198
FRAG_NEG_trNEGATIVE63309_28_27,0.10854782164096832
FRAG_NEG_trNEGATIVE57038_19_27,0.5227335095405579
FRAG_NEG_trNEGATIVE62485_34_27,0.3271642327308655
FRAG_NEG_trNEGATIVE80421_2_27,0.1447795182466507
FRAG_NEG_trNEGATIVE58329_9_27,0.0036013745702803135
FRAG_NEG_trNEGATIVE52118_11_27,0.03973378986120224
FRAG_NEG_trNEGATIVE46371_58_27,0.002435096772387624
FRAG_NEG_trNEGATIVE57102_33_27,0.019463714212179184
FRAG_NEG_trNEGATIVE71358_50_27,5.825666903547244e-06
FRAG_NEG_trNEGATIVE51480_46_27,0.17770197987556458
FRAG_NEG_trNEGATIVE90851_1_27,0.14542734622955322
FRAG_NEG_trNEGATIVE45465_27_27,0.012947766110301018
FRAG_NEG_trNEGATIVE78194_23_27,0.0003394894883967936
FRAG_NEG_trNEGATIVE71358_44_27,0.03354674205183983
FRAG_NEG_trNEGATIVE41466_36_27,0.35147079825401306
FRAG_NEG_trNEGATIVE86267_33_27,0.002296704100444913
FRAG_NEG_trNEGATIVE89245_6_27,0.22743229568004608
FRAG_NEG_trNEGATIVE66500_21_27,0.013765973038971424
FRAG_NEG_trNEGATIVE89761_48_27,0.00015924603212624788
FRAG_NEG_trNEGATIVE46472_19_27,0.5476098656654358
FRAG_NEG_trNEGATIVE76034_14_27,0.007225249893963337
FRAG_NEG_trNEGATIVE70250_39_27,0.06430961936712265
FRAG_NEG_trNEGATIVE50255_40_27,0.18740275502204895
FRAG_NEG_trNEGATIVE28727_26_27,0.5730200409889221
FRAG_NEG_trNEGATIVE29291_55_27,0.026430094614624977
FRAG_NEG_trNEGATIVE61146_43_27,0.006676395423710346
FRAG_NEG_trNEGATIVE42400_17_27,0.06767775118350983
FRAG_NEG_trNEGATIVE60368_22_27,0.5036037564277649
FRAG_NEG_trNEGATIVE46443_18_27,0.07185289263725281
FRAG_NEG_trNEGATIVE60757_18_27,0.0029942996334284544
FRAG_NEG_trNEGATIVE44170_17_27,0.0010565912816673517
FRAG_NEG_trNEGATIVE64293_38_27,0.6631342768669128
FRAG_NEG_trNEGATIVE55864_6_27,0.009857555851340294
FRAG_NEG_trNEGATIVE31893_12_27,0.9998218417167664
FRAG_NEG_trNEGATIVE85084_12_27,0.01694435440003872
FRAG_NEG_trNEGATIVE56364_1_27,0.27370908856391907
FRAG_NEG_trNEGATIVE36596_49_27,0.37183529138565063
FRAG_NEG_trNEGATIVE42340_9_27,0.035282202064991
FRAG_NEG_trNEGATIVE88458_6_27,0.002826068317517638
FRAG_NEG_trNEGATIVE82308_13_27,0.008393030613660812
FRAG_NEG_trNEGATIVE30200_6_27,0.000652640825137496
FRAG_NEG_trNEGATIVE58726_35_27,0.006955212913453579
FRAG_NEG_trNEGATIVE28675_3_27,0.8661019206047058
FRAG_NEG_trNEGATIVE61098_15_27,0.00035560771357268095
FRAG_NEG_trNEGATIVE49295_54_27,0.016149943694472313
FRAG_NEG_trNEGATIVE33363_22_27,0.4464724659919739
FRAG_NEG_trNEGATIVE38736_6_27,0.028372284024953842
FRAG_NEG_trNEGATIVE52150_43_27,0.0028784237802028656
FRAG_NEG_trNEGATIVE94916_19_27,0.039916057139635086
FRAG_NEG_trNEGATIVE30311_5_27,0.01617307774722576
FRAG_NEG_trNEGATIVE33800_39_27,0.00392680149525404
FRAG_NEG_trNEGATIVE93128_5_27,0.3356604278087616
FRAG_NEG_trNEGATIVE83917_1_27,0.020837534219026566
FRAG_NEG_trNEGATIVE77801_26_27,0.00011692921543726698
FRAG_NEG_trNEGATIVE59493_38_27,0.008146928623318672
FRAG_NEG_trNEGATIVE48587_33_27,0.45739269256591797
FRAG_NEG_trNEGATIVE31261_18_27,0.00559381116181612
FRAG_NEG_trNEGATIVE75343_61_27,0.0005447269068099558
FRAG_NEG_trNEGATIVE71075_33_27,0.0029553454369306564
FRAG_NEG_trNEGATIVE79619_10_27,0.6808944940567017
FRAG_NEG_trNEGATIVE50601_48_27,0.5608243346214294
FRAG_NEG_trNEGATIVE90816_12_27,0.20107705891132355
FRAG_NEG_trNEGATIVE88761_7_27,0.5089693069458008
FRAG_NEG_trNEGATIVE96673_45_27,0.28705236315727234
FRAG_NEG_trNEGATIVE76751_5_28,0.004414891358464956
FRAG_NEG_trNEGATIVE60765_8_28,0.02887893095612526
FRAG_NEG_trNEGATIVE92688_15_28,0.01641662046313286
FRAG_NEG_trNEGATIVE81415_25_28,0.3615933060646057
FRAG_NEG_trNEGATIVE50591_32_28,0.004416263196617365
FRAG_NEG_trNEGATIVE85557_17_28,0.06044710427522659
FRAG_NEG_trNEGATIVE60619_11_28,0.08259962499141693
FRAG_NEG_trNEGATIVE32322_17_28,0.018575958907604218
FRAG_NEG_trNEGATIVE36328_11_28,0.46176156401634216
FRAG_NEG_trNEGATIVE55526_2_28,0.00046568605466745794
FRAG_NEG_trNEGATIVE29661_27_28,0.020146887749433517
FRAG_NEG_trNEGATIVE93021_35_28,0.3396560549736023
FRAG_NEG_trNEGATIVE31632_42_28,0.2983439564704895
FRAG_NEG_trNEGATIVE61755_27_28,0.0006484650657512248
FRAG_NEG_trNEGATIVE67929_15_28,0.18908949196338654
FRAG_NEG_trNEGATIVE90106_12_28,0.0011331384303048253
FRAG_NEG_trNEGATIVE84570_54_28,0.004891777411103249
FRAG_NEG_trNEGATIVE53628_5_28,0.06639543920755386
FRAG_NEG_trNEGATIVE79784_0_28,0.001700354041531682
FRAG_NEG_trNEGATIVE29268_54_28,0.052822548896074295
FRAG_NEG_trNEGATIVE80933_7_28,0.25443270802497864
FRAG_NEG_trNEGATIVE92794_7_28,0.09439681470394135
FRAG_NEG_trNEGATIVE59284_6_28,0.7761749029159546
FRAG_NEG_trNEGATIVE40889_28_28,0.3356074094772339
FRAG_NEG_trNEGATIVE69335_25_28,0.002889550756663084
FRAG_NEG_trNEGATIVE29916_21_28,0.13975462317466736
FRAG_NEG_trNEGATIVE78029_7_28,0.5208998918533325
FRAG_NEG_trNEGATIVE34162_32_28,0.2308017760515213
FRAG_NEG_trNEGATIVE74548_50_28,0.060404956340789795
FRAG_NEG_trNEGATIVE64293_49_28,0.4801790714263916
FRAG_NEG_trNEGATIVE37173_10_28,0.4385295510292053
FRAG_NEG_trNEGATIVE29886_11_28,0.2312488555908203
FRAG_NEG_trNEGATIVE71818_25_28,0.003416570369154215
FRAG_NEG_trNEGATIVE66816_12_28,0.032251738011837006
FRAG_NEG_trNEGATIVE34681_18_28,0.3780703842639923
FRAG_NEG_trNEGATIVE84745_33_28,0.008412300609052181
FRAG_NEG_trNEGATIVE62084_57_28,0.008039334788918495
FRAG_NEG_trNEGATIVE65195_31_28,0.8158000111579895
FRAG_NEG_trNEGATIVE85245_12_28,0.030200565233826637
FRAG_NEG_trNEGATIVE76311_23_28,0.330130010843277
FRAG_NEG_trNEGATIVE76614_12_28,0.05149290710687637
FRAG_NEG_trNEGATIVE60873_70_28,0.019510243088006973
FRAG_NEG_trNEGATIVE69352_31_28,0.0050413035787642
FRAG_NEG_trNEGATIVE46631_40_28,0.11839737743139267
FRAG_NEG_trNEGATIVE54090_15_28,0.045220546424388885
FRAG_NEG_trNEGATIVE75204_42_28,0.12214835733175278
FRAG_NEG_trNEGATIVE28081_6_28,0.07328923791646957
FRAG_NEG_trNEGATIVE81097_64_28,0.419834703207016
FRAG_NEG_trNEGATIVE55800_20_28,0.08511989563703537
FRAG_NEG_trNEGATIVE46585_14_28,0.73682701587677
FRAG_NEG_trNEGATIVE89473_29_28,0.004523520357906818
FRAG_NEG_trNEGATIVE29456_47_28,0.13349488377571106
FRAG_NEG_trNEGATIVE32833_33_28,0.17679333686828613
FRAG_NEG_trNEGATIVE86453_6_28,0.5469066500663757
FRAG_NEG_trNEGATIVE84681_18_28,0.022354453802108765
FRAG_NEG_trNEGATIVE66504_0_28,0.005632394924759865
FRAG_NEG_trNEGATIVE63428_33_28,0.004472830332815647
FRAG_NEG_trNEGATIVE75199_10_28,0.2003786861896515
FRAG_NEG_trNEGATIVE56625_43_28,0.0018531221430748701
FRAG_NEG_trNEGATIVE52150_12_28,0.034577906131744385
FRAG_NEG_trNEGATIVE27992_34_28,0.006656332407146692
FRAG_NEG_trNEGATIVE52191_6_28,0.027135023847222328
FRAG_NEG_trNEGATIVE68112_5_28,0.16361242532730103
FRAG_NEG_trNEGATIVE62088_3_28,0.07563252002000809
FRAG_NEG_trNEGATIVE37753_36_28,0.01188218779861927
FRAG_NEG_trNEGATIVE65249_13_28,0.0018896686378866434
FRAG_NEG_trNEGATIVE72144_24_28,0.3373052477836609
FRAG_NEG_trNEGATIVE89126_43_28,0.5581302046775818
FRAG_NEG_trNEGATIVE48466_48_28,0.03537660092115402
FRAG_NEG_trNEGATIVE85486_10_28,0.07040172815322876
FRAG_NEG_trNEGATIVE84467_11_28,0.5674094557762146
FRAG_NEG_trNEGATIVE87476_43_28,0.00018471544899512082
FRAG_NEG_trNEGATIVE39078_3_28,0.024276962503790855
FRAG_NEG_trNEGATIVE68695_68_28,0.023040231317281723
FRAG_NEG_trNEGATIVE32913_20_28,0.3421715795993805
FRAG_NEG_trNEGATIVE76557_40_28,0.05681728199124336
FRAG_NEG_trNEGATIVE64135_20_29,0.5584474802017212
FRAG_NEG_trNEGATIVE46929_30_29,0.002761354437097907
FRAG_NEG_trNEGATIVE92087_11_29,0.001575256115756929
FRAG_NEG_trNEGATIVE54890_5_29,0.3094704747200012
FRAG_NEG_trNEGATIVE52439_30_29,0.21752424538135529
FRAG_NEG_trNEGATIVE59021_5_29,0.3776156008243561
FRAG_NEG_trNEGATIVE92870_54_29,0.5738410353660583
FRAG_NEG_trNEGATIVE80194_8_29,0.030465122312307358
FRAG_NEG_trNEGATIVE38987_3_29,0.009276085533201694
FRAG_NEG_trNEGATIVE83228_6_29,0.003293783636763692
FRAG_NEG_trNEGATIVE82185_19_29,0.004456751514226198
FRAG_NEG_trNEGATIVE96305_41_29,0.03395413979887962
FRAG_NEG_trNEGATIVE30451_16_29,0.21442680060863495
FRAG_NEG_trNEGATIVE96374_48_29,0.000714577385224402
FRAG_NEG_trNEGATIVE97143_5_29,0.1346888542175293
FRAG_NEG_trNEGATIVE59112_15_29,0.00126118422485888
FRAG_NEG_trNEGATIVE57570_36_29,0.3963509202003479
FRAG_NEG_trNEGATIVE67929_9_29,0.7830883860588074
FRAG_NEG_trNEGATIVE69351_3_29,0.0009057155111804605
FRAG_NEG_trNEGATIVE73549_39_29,0.02231268770992756
FRAG_NEG_trNEGATIVE50130_9_29,0.03347774222493172
FRAG_NEG_trNEGATIVE68741_15_29,0.027140136808156967
FRAG_NEG_trNEGATIVE45659_0_29,7.068696868373081e-05
FRAG_NEG_trNEGATIVE80976_36_29,0.0010113860480487347
FRAG_NEG_trNEGATIVE74328_12_29,0.0012875476386398077
FRAG_NEG_trNEGATIVE34913_48_29,0.1981576532125473
FRAG_NEG_trNEGATIVE81578_25_29,0.0020997370593249798
FRAG_NEG_trNEGATIVE90914_23_29,0.19327566027641296
FRAG_NEG_trNEGATIVE73415_21_29,0.6580594182014465
FRAG_NEG_trNEGATIVE83523_17_29,0.13546617329120636
FRAG_NEG_trNEGATIVE97593_26_29,0.43731141090393066
FRAG_NEG_trNEGATIVE90002_37_29,0.36302104592323303
FRAG_NEG_trNEGATIVE90306_17_29,0.0004744885955005884
FRAG_NEG_trNEGATIVE65262_40_29,0.04323188588023186
FRAG_NEG_trNEGATIVE29638_9_29,0.23306527733802795
FRAG_NEG_trNEGATIVE64424_0_29,6.972917617531493e-06
FRAG_NEG_trNEGATIVE96062_32_29,0.07954756915569305
FRAG_NEG_trNEGATIVE82842_25_29,0.02045285329222679
FRAG_NEG_trNEGATIVE79045_0_29,1.4073086731514195e-06
FRAG_NEG_trNEGATIVE94557_3_29,0.004193529486656189
FRAG_NEG_trNEGATIVE72212_30_29,0.04034817963838577
FRAG_NEG_trNEGATIVE65709_39_29,0.10664186626672745
FRAG_NEG_trNEGATIVE78787_34_29,0.1665903925895691
FRAG_NEG_trNEGATIVE27835_6_29,0.06220482662320137
FRAG_NEG_trNEGATIVE55818_3_29,8.618457650300115e-05
FRAG_NEG_trNEGATIVE32866_24_29,0.07034794986248016
FRAG_NEG_trNEGATIVE45970_4_29,0.005700778216123581
FRAG_NEG_trNEGATIVE85783_28_29,0.05861816555261612
FRAG_NEG_trNEGATIVE41853_8_29,0.3154965043067932
FRAG_NEG_trNEGATIVE36313_35_29,0.0029283594340085983
FRAG_NEG_trNEGATIVE48109_40_29,0.3719862997531891
FRAG_NEG_trNEGATIVE29294_17_29,0.022278765216469765
FRAG_NEG_trNEGATIVE35988_42_29,0.14314885437488556
FRAG_NEG_trNEGATIVE85930_34_29,4.563959373626858e-05
FRAG_NEG_trNEGATIVE82949_12_29,0.056672047823667526
FRAG_NEG_trNEGATIVE76393_26_29,0.2595755457878113
FRAG_NEG_trNEGATIVE86287_23_29,0.8298404812812805
FRAG_NEG_trNEGATIVE60950_4_29,0.17319709062576294
FRAG_NEG_trNEGATIVE94801_13_29,0.03456738591194153
FRAG_NEG_trNEGATIVE55065_8_29,0.4248438775539398
FRAG_NEG_trNEGATIVE30871_18_29,0.20733360946178436
FRAG_NEG_trNEGATIVE51907_15_29,0.4500351846218109
FRAG_NEG_trNEGATIVE32285_35_29,0.26848411560058594
FRAG_NEG_trNEGATIVE73951_22_29,0.2530936300754547
FRAG_NEG_trNEGATIVE43166_39_29,0.4118627607822418
FRAG_NEG_trNEGATIVE68937_48_29,0.016131263226270676
FRAG_NEG_trNEGATIVE32228_44_29,0.1549975574016571
FRAG_NEG_trNEGATIVE76376_39_29,0.4346030354499817
FRAG_NEG_trNEGATIVE97196_5_29,0.005762237589806318
FRAG_NEG_trNEGATIVE42973_8_29,0.6980339288711548
FRAG_NEG_trNEGATIVE91108_24_29,0.08934997022151947
FRAG_NEG_trNEGATIVE34973_23_29,0.00036752846790477633
FRAG_NEG_trNEGATIVE30776_40_29,0.3299029767513275
FRAG_NEG_trNEGATIVE80821_51_29,0.3093470633029938
FRAG_NEG_trNEGATIVE76846_24_29,0.17436626553535461
FRAG_NEG_trNEGATIVE87976_1_29,0.5486732721328735
FRAG_NEG_trNEGATIVE69614_46_29,0.010747866705060005
FRAG_NEG_trNEGATIVE43815_40_29,0.07345353811979294
FRAG_NEG_trNEGATIVE68825_33_29,0.03285188227891922
FRAG_NEG_trNEGATIVE45046_18_29,0.4513455033302307
FRAG_NEG_trNEGATIVE33802_58_29,0.0027129133231937885
FRAG_NEG_trNEGATIVE65318_21_29,0.26135921478271484
FRAG_NEG_trNEGATIVE55864_25_29,0.0752720758318901
FRAG_NEG_trNEGATIVE64700_18_29,0.2789440453052521
FRAG_NEG_trNEGATIVE91758_29_29,0.35925227403640747
FRAG_NEG_trNEGATIVE35416_6_29,0.11149318516254425
FRAG_NEG_trNEGATIVE76861_26_29,0.0030469601042568684
FRAG_NEG_trNEGATIVE50364_58_29,0.18625867366790771
FRAG_NEG_trNEGATIVE59725_0_29,1.8624596123117954e-05
FRAG_NEG_trNEGATIVE80147_14_29,0.008524736389517784
FRAG_NEG_trNEGATIVE82228_3_29,0.38829198479652405
FRAG_NEG_trNEGATIVE86282_0_29,0.00025801913579925895
FRAG_NEG_trNEGATIVE28784_5_29,0.0015430296771228313
FRAG_NEG_trNEGATIVE68784_30_29,0.7317177653312683
FRAG_NEG_trNEGATIVE30330_11_29,0.006432858295738697
FRAG_NEG_trNEGATIVE72698_8_30,2.8587872293428518e-05
FRAG_NEG_trNEGATIVE48791_35_30,0.3314484655857086
FRAG_NEG_trNEGATIVE28234_42_30,0.07533342391252518
FRAG_NEG_trNEGATIVE33162_15_30,0.14660708606243134
FRAG_NEG_trNEGATIVE74115_13_30,0.036011502146720886
FRAG_NEG_trNEGATIVE52960_10_30,0.034573301672935486
FRAG_NEG_trNEGATIVE95580_35_30,0.1710040122270584
FRAG_NEG_trNEGATIVE37954_16_30,0.19728997349739075
FRAG_NEG_trNEGATIVE43004_38_30,0.008102234452962875
FRAG_NEG_trNEGATIVE44942_26_30,0.08819977194070816
FRAG_NEG_trNEGATIVE43166_48_30,0.3268347382545471
FRAG_NEG_trNEGATIVE87776_12_30,0.34046295285224915
FRAG_NEG_trNEGATIVE45545_18_30,0.39268484711647034
FRAG_NEG_trNEGATIVE54890_24_30,0.08215273916721344
FRAG_NEG_trNEGATIVE34860_1_30,0.9459646344184875
FRAG_NEG_trNEGATIVE75791_16_30,0.025928491726517677
FRAG_NEG_trNEGATIVE67572_55_30,0.35006171464920044
FRAG_NEG_trNEGATIVE57859_55_30,0.38187021017074585
FRAG_NEG_trNEGATIVE39288_25_30,0.2924354374408722
FRAG_NEG_trNEGATIVE39687_32_30,0.15382936596870422
FRAG_NEG_trNEGATIVE55853_26_30,0.5545421242713928
FRAG_NEG_trNEGATIVE35845_15_30,0.008629672229290009
FRAG_NEG_trNEGATIVE95213_41_30,0.021625220775604248
FRAG_NEG_trNEGATIVE37858_6_30,0.17582334578037262
FRAG_NEG_trNEGATIVE94663_35_30,0.00936452392488718
FRAG_NEG_trNEGATIVE84205_63_30,0.6504156589508057
FRAG_NEG_trNEGATIVE83034_37_30,0.3445797562599182
FRAG_NEG_trNEGATIVE38106_25_30,0.031943295150995255
FRAG_NEG_trNEGATIVE35045_26_30,0.0003553832066245377
FRAG_NEG_trNEGATIVE47812_6_30,0.007425650954246521
FRAG_NEG_trNEGATIVE32156_29_30,0.20105215907096863
FRAG_NEG_trNEGATIVE50130_16_30,0.007786551024764776
FRAG_NEG_trNEGATIVE35790_55_30,0.0368976928293705
FRAG_NEG_trNEGATIVE71861_6_30,0.6982706189155579
FRAG_NEG_trNEGATIVE91641_31_30,1.6471321941935457e-05
FRAG_NEG_trNEGATIVE78106_23_30,3.0182904993125703e-06
FRAG_NEG_trNEGATIVE48267_20_30,0.02077971026301384
FRAG_NEG_trNEGATIVE67478_8_30,0.004487619269639254
FRAG_NEG_trNEGATIVE88425_64_30,0.011773384176194668
FRAG_NEG_trNEGATIVE45664_17_30,0.4434494972229004
FRAG_NEG_trNEGATIVE85610_13_30,0.445068359375
FRAG_NEG_trNEGATIVE88073_20_30,0.03507000207901001
FRAG_NEG_trNEGATIVE66008_19_30,0.5858150720596313
FRAG_NEG_trNEGATIVE54029_8_30,0.005407591350376606
FRAG_NEG_trNEGATIVE88661_39_30,0.008269326761364937
FRAG_NEG_trNEGATIVE67287_51_30,0.002616675104945898
FRAG_NEG_trNEGATIVE76602_18_30,0.5411661863327026
FRAG_NEG_trNEGATIVE29638_41_30,0.04576699063181877
FRAG_NEG_trNEGATIVE36706_54_30,0.0020218242425471544
FRAG_NEG_trNEGATIVE87088_13_30,5.818657200507005e-07
FRAG_NEG_trNEGATIVE55389_21_30,0.02077733539044857
FRAG_NEG_trNEGATIVE41157_27_30,0.011141417548060417
FRAG_NEG_trNEGATIVE80548_45_30,0.8556190729141235
FRAG_NEG_trNEGATIVE56654_15_30,0.007319426629692316
FRAG_NEG_trNEGATIVE85742_21_30,0.9659274816513062
FRAG_NEG_trNEGATIVE47740_31_30,0.04076993837952614
FRAG_NEG_trNEGATIVE80746_43_30,0.0016392407706007361
FRAG_NEG_trNEGATIVE82585_40_30,0.5342586040496826
FRAG_NEG_trNEGATIVE45688_20_30,0.37122756242752075
FRAG_NEG_trNEGATIVE71322_34_30,0.0063078394159674644
FRAG_NEG_trNEGATIVE35239_4_30,0.7386515140533447
FRAG_NEG_trNEGATIVE81516_3_30,0.0901821106672287
FRAG_NEG_trNEGATIVE51673_34_30,0.018344014883041382
FRAG_NEG_trNEGATIVE76461_61_30,0.6300933957099915
FRAG_NEG_trNEGATIVE55825_51_30,0.006092957220971584
FRAG_NEG_trNEGATIVE83887_58_30,0.00017421875963918865
FRAG_NEG_trNEGATIVE44889_2_30,0.0011705576907843351
FRAG_NEG_trNEGATIVE74586_27_30,0.5706931352615356
FRAG_NEG_trNEGATIVE44368_11_30,0.004073461052030325
FRAG_NEG_trNEGATIVE54448_58_30,0.023694369941949844
FRAG_NEG_trNEGATIVE49543_8_30,0.046346861869096756
FRAG_NEG_trNEGATIVE84463_5_30,0.6501275300979614
FRAG_NEG_trNEGATIVE36422_17_30,0.013353226706385612
FRAG_NEG_trNEGATIVE61955_0_30,4.416900083015207e-06
FRAG_NEG_trNEGATIVE46134_35_30,0.5968009233474731
FRAG_NEG_trNEGATIVE90580_22_30,0.6730934977531433
FRAG_NEG_trNEGATIVE58405_15_30,0.012764249928295612
FRAG_NEG_trNEGATIVE35273_26_31,0.036957837641239166
FRAG_NEG_trNEGATIVE83917_4_31,0.011000735685229301
FRAG_NEG_trNEGATIVE83228_29_31,0.3625319004058838
FRAG_NEG_trNEGATIVE32778_54_31,0.14286425709724426
FRAG_NEG_trNEGATIVE70131_35_31,0.7681236863136292
FRAG_NEG_trNEGATIVE86969_2_31,0.023014988750219345
FRAG_NEG_trNEGATIVE58110_68_31,2.383226956226281e-06
FRAG_NEG_trNEGATIVE78071_9_31,0.40098243951797485
FRAG_NEG_trNEGATIVE42219_29_31,0.05595714971423149
FRAG_NEG_trNEGATIVE38626_2_31,0.9939572215080261
FRAG_NEG_trNEGATIVE30105_15_31,0.19601812958717346
FRAG_NEG_trNEGATIVE54445_5_31,0.5999919176101685
FRAG_NEG_trNEGATIVE47649_37_31,0.10452552139759064
FRAG_NEG_trNEGATIVE39927_36_31,0.5633108019828796
FRAG_NEG_trNEGATIVE37909_6_31,0.05607900023460388
FRAG_NEG_trNEGATIVE94390_23_31,0.395668089389801
FRAG_NEG_trNEGATIVE46780_29_31,0.004398939665406942
FRAG_NEG_trNEGATIVE62706_24_31,0.23436769843101501
FRAG_NEG_trNEGATIVE68091_58_31,0.0927770808339119
FRAG_NEG_trNEGATIVE60471_3_31,0.3274349570274353
FRAG_NEG_trNEGATIVE85498_24_31,0.002231195569038391
FRAG_NEG_trNEGATIVE27872_24_31,0.004380636848509312
FRAG_NEG_trNEGATIVE58437_40_31,0.1088414192199707
FRAG_NEG_trNEGATIVE50959_0_31,0.186191126704216
FRAG_NEG_trNEGATIVE69222_40_31,0.0027843883726745844
FRAG_NEG_trNEGATIVE74080_52_31,0.03592643886804581
FRAG_NEG_trNEGATIVE90691_3_31,0.06551174819469452
FRAG_NEG_trNEGATIVE60038_19_31,0.007354239467531443
FRAG_NEG_trNEGATIVE72674_14_31,0.12331070750951767
FRAG_NEG_trNEGATIVE69996_11_31,0.6793749928474426
FRAG_NEG_trNEGATIVE47292_12_31,0.27398115396499634
FRAG_NEG_trNEGATIVE56939_26_31,0.003442883025854826
FRAG_NEG_trNEGATIVE63443_0_31,0.00013678889081347734
FRAG_NEG_trNEGATIVE55791_1_31,0.5446135401725769
FRAG_NEG_trNEGATIVE41688_32_31,0.9220861196517944
FRAG_NEG_trNEGATIVE81993_26_31,2.368802142882487e-06
FRAG_NEG_trNEGATIVE86130_25_31,0.108675017952919
FRAG_NEG_trNEGATIVE83484_56_31,0.45086637139320374
FRAG_NEG_trNEGATIVE88900_27_31,0.2626930773258209
FRAG_NEG_trNEGATIVE29046_32_31,0.0255560465157032
FRAG_NEG_trNEGATIVE39801_12_31,0.05546891689300537
FRAG_NEG_trNEGATIVE42973_17_31,0.29622358083724976
FRAG_NEG_trNEGATIVE84896_41_31,0.3089563250541687
FRAG_NEG_trNEGATIVE89053_56_31,0.40206217765808105
FRAG_NEG_trNEGATIVE71995_0_31,5.037134906160645e-05
FRAG_NEG_trNEGATIVE87704_60_31,0.009177393279969692
FRAG_NEG_trNEGATIVE92999_28_31,0.008724551647901535
FRAG_NEG_trNEGATIVE46818_51_31,0.013333648443222046
FRAG_NEG_trNEGATIVE34230_2_31,0.0356312170624733
FRAG_NEG_trNEGATIVE52594_9_31,0.13242873549461365
FRAG_NEG_trNEGATIVE35378_28_31,0.2262248694896698
FRAG_NEG_trNEGATIVE41051_35_31,0.29739806056022644
FRAG_NEG_trNEGATIVE63751_8_31,0.6444433927536011
FRAG_NEG_trNEGATIVE30578_2_32,0.16748754680156708
FRAG_NEG_trNEGATIVE53308_31_32,0.00402756268158555
FRAG_NEG_trNEGATIVE29015_30_32,0.03771739825606346
FRAG_NEG_trNEGATIVE30451_24_32,0.3312055766582489
FRAG_NEG_trNEGATIVE49250_19_32,0.11378218978643417
FRAG_NEG_trNEGATIVE82506_6_32,0.3602595031261444
FRAG_NEG_trNEGATIVE45582_36_32,0.06577875465154648
FRAG_NEG_trNEGATIVE74586_25_32,0.2000139206647873
FRAG_NEG_trNEGATIVE92723_16_32,0.012051001191139221
FRAG_NEG_trNEGATIVE46801_6_32,0.6674158573150635
FRAG_NEG_trNEGATIVE60486_21_32,0.015952199697494507
FRAG_NEG_trNEGATIVE40873_6_32,0.3265852630138397
FRAG_NEG_trNEGATIVE64540_8_32,0.2162477672100067
FRAG_NEG_trNEGATIVE41179_22_32,0.30077844858169556
FRAG_NEG_trNEGATIVE91895_37_32,0.15987113118171692
FRAG_NEG_trNEGATIVE45411_12_32,0.03404196724295616
FRAG_NEG_trNEGATIVE28081_49_32,0.03814031183719635
FRAG_NEG_trNEGATIVE76036_14_32,0.7173554301261902
FRAG_NEG_trNEGATIVE50432_5_32,0.8213361501693726
FRAG_NEG_trNEGATIVE30704_21_32,0.8714411854743958
FRAG_NEG_trNEGATIVE60306_20_32,0.19700296223163605
FRAG_NEG_trNEGATIVE58174_24_32,0.6361382603645325
FRAG_NEG_trNEGATIVE44516_28_32,0.19951027631759644
FRAG_NEG_trNEGATIVE64622_5_32,0.08103428035974503
FRAG_NEG_trNEGATIVE91108_8_32,0.7275857329368591
FRAG_NEG_trNEGATIVE75403_21_32,0.00232279347255826
FRAG_NEG_trNEGATIVE59638_21_32,0.04524840787053108
FRAG_NEG_trNEGATIVE43205_13_32,0.5401884913444519
FRAG_NEG_trNEGATIVE83814_27_32,0.41693878173828125
FRAG_NEG_trNEGATIVE39352_1_32,0.003549909684807062
FRAG_NEG_trNEGATIVE73185_28_32,0.0061296578496694565
FRAG_NEG_trNEGATIVE30109_24_32,0.09211497753858566
FRAG_NEG_trNEGATIVE96995_36_32,0.10373181104660034
FRAG_NEG_trNEGATIVE30109_23_32,0.0015388269675895572
FRAG_NEG_trNEGATIVE46454_32_32,0.013461107388138771
FRAG_NEG_trNEGATIVE92883_5_32,0.041061270982027054
FRAG_NEG_trNEGATIVE27711_23_32,0.6866269111633301
FRAG_NEG_trNEGATIVE64287_66_32,0.7174317240715027
FRAG_NEG_trNEGATIVE30259_48_32,0.16402749717235565
FRAG_NEG_trNEGATIVE69352_36_32,0.013504470698535442
FRAG_NEG_trNEGATIVE44278_5_32,0.4966823160648346
FRAG_NEG_trNEGATIVE93710_49_32,0.012764304876327515
FRAG_NEG_trNEGATIVE72970_22_32,0.3997945189476013
FRAG_NEG_trNEGATIVE67125_0_32,0.0008211474632844329
FRAG_NEG_trNEGATIVE38597_41_32,0.060237545520067215
FRAG_NEG_trNEGATIVE54856_29_32,0.01623297855257988
FRAG_NEG_trNEGATIVE93189_61_32,0.0148336011916399
FRAG_NEG_trNEGATIVE91781_8_32,0.005536549724638462
FRAG_NEG_trNEGATIVE88034_33_32,0.46937981247901917
FRAG_NEG_trNEGATIVE72748_1_32,0.15137434005737305
FRAG_NEG_trNEGATIVE75211_0_32,2.265353714392404e-06
FRAG_NEG_trNEGATIVE92379_28_32,0.02063537947833538
FRAG_NEG_trNEGATIVE76896_26_32,0.10132940858602524
FRAG_NEG_trNEGATIVE56128_46_32,0.0036922029685229063
FRAG_NEG_trNEGATIVE50647_21_32,0.0074030631221830845
FRAG_NEG_trNEGATIVE29006_38_32,0.5999990105628967
FRAG_NEG_trNEGATIVE33802_46_32,0.01565040461719036
FRAG_NEG_trNEGATIVE48868_25_32,0.0018248377600684762
FRAG_NEG_trNEGATIVE82692_24_32,0.615619957447052
FRAG_NEG_trNEGATIVE93907_1_32,0.0010775852715596557
FRAG_NEG_trNEGATIVE44480_4_33,0.9791392087936401
FRAG_NEG_trNEGATIVE61201_13_33,0.014996920712292194
FRAG_NEG_trNEGATIVE61136_31_33,0.037501417100429535
FRAG_NEG_trNEGATIVE84218_23_33,0.021588783711194992
FRAG_NEG_trNEGATIVE77919_0_33,9.99231451714877e-06
FRAG_NEG_trNEGATIVE87308_11_33,0.7699483036994934
FRAG_NEG_trNEGATIVE27498_21_33,0.08964450657367706
FRAG_NEG_trNEGATIVE91027_19_33,0.09192011505365372
FRAG_NEG_trNEGATIVE70176_57_33,0.053166549652814865
FRAG_NEG_trNEGATIVE36430_40_33,0.06622382253408432
FRAG_NEG_trNEGATIVE66240_41_33,0.06136495620012283
FRAG_NEG_trNEGATIVE63306_7_33,0.10841741412878036
FRAG_NEG_trNEGATIVE51121_11_33,0.2793923020362854
FRAG_NEG_trNEGATIVE48094_30_33,0.05637551471590996
FRAG_NEG_trNEGATIVE48435_19_33,0.0009685715776868165
FRAG_NEG_trNEGATIVE35076_60_33,0.04883000627160072
FRAG_NEG_trNEGATIVE58022_2_33,0.021335681900382042
FRAG_NEG_trNEGATIVE83073_28_33,0.06273950636386871
FRAG_NEG_trNEGATIVE94910_53_33,0.017033319920301437
FRAG_NEG_trNEGATIVE69080_20_33,0.000297574297292158
FRAG_NEG_trNEGATIVE29177_23_33,0.017936578020453453
FRAG_NEG_trNEGATIVE95220_0_33,0.48993077874183655
FRAG_NEG_trNEGATIVE86979_3_33,0.19876134395599365
FRAG_NEG_trNEGATIVE89924_6_33,0.07749493420124054
FRAG_NEG_trNEGATIVE46529_33_33,0.3504502773284912
FRAG_NEG_trNEGATIVE88110_2_33,0.002790533471852541
FRAG_NEG_trNEGATIVE95322_38_33,0.2830103039741516
FRAG_NEG_trNEGATIVE93851_44_33,0.000649500114377588
FRAG_NEG_trNEGATIVE92408_5_33,1.3839881773947127e-07
FRAG_NEG_trNEGATIVE52626_28_33,0.749718189239502
FRAG_NEG_trNEGATIVE80087_38_33,0.4081503748893738
FRAG_NEG_trNEGATIVE86688_19_33,0.33796408772468567
FRAG_NEG_trNEGATIVE39006_37_33,0.013483239337801933
FRAG_NEG_trNEGATIVE85011_8_33,0.6361030340194702
FRAG_NEG_trNEGATIVE39066_4_33,0.038097381591796875
FRAG_NEG_trNEGATIVE83584_27_33,9.718519868329167e-05
FRAG_NEG_trNEGATIVE77328_45_33,0.2779475748538971
FRAG_NEG_trNEGATIVE89761_44_33,0.00023789811530150473
FRAG_NEG_trNEGATIVE72230_2_33,0.013563426211476326
FRAG_NEG_trNEGATIVE84403_11_33,0.002396124880760908
FRAG_NEG_trNEGATIVE66173_5_33,0.0006482492317445576
FRAG_NEG_trNEGATIVE65461_23_33,0.004000872373580933
FRAG_NEG_trNEGATIVE62804_12_33,0.09543207287788391
FRAG_NEG_trNEGATIVE86660_46_33,0.02250651828944683
FRAG_NEG_trNEGATIVE92112_57_34,0.5344846844673157
FRAG_NEG_trNEGATIVE96551_10_34,0.43766704201698303
FRAG_NEG_trNEGATIVE27515_35_34,0.0018728848081082106
FRAG_NEG_trNEGATIVE74582_12_34,0.35151195526123047
FRAG_NEG_trNEGATIVE39818_54_34,0.0018349327147006989
FRAG_NEG_trNEGATIVE32585_4_34,0.2560475766658783
FRAG_NEG_trNEGATIVE62719_4_34,0.032941415905952454
FRAG_NEG_trNEGATIVE94456_15_34,0.005508689675480127
FRAG_NEG_trNEGATIVE34521_5_34,0.7136719226837158
FRAG_NEG_trNEGATIVE71344_0_34,0.00040041032480075955
FRAG_NEG_trNEGATIVE53087_23_34,3.31738920067437e-06
FRAG_NEG_trNEGATIVE64924_8_34,2.3154207156039774e-05
FRAG_NEG_trNEGATIVE80219_58_34,0.11383505910634995
FRAG_NEG_trNEGATIVE40588_31_34,0.0023781205527484417
FRAG_NEG_trNEGATIVE64817_23_34,0.6787629127502441
FRAG_NEG_trNEGATIVE95322_10_34,0.019524766132235527
FRAG_NEG_trNEGATIVE61021_11_34,0.007946474477648735
FRAG_NEG_trNEGATIVE64620_1_34,0.1102200374007225
FRAG_NEG_trNEGATIVE96678_13_34,0.027151715010404587
FRAG_NEG_trNEGATIVE46189_31_34,0.38269829750061035
FRAG_NEG_trNEGATIVE34049_33_34,0.9545151591300964
FRAG_NEG_trNEGATIVE78222_41_34,0.003679409623146057
FRAG_NEG_trNEGATIVE38194_53_34,0.07273898273706436
FRAG_NEG_trNEGATIVE69222_26_34,0.26317378878593445
FRAG_NEG_trNEGATIVE73312_30_34,0.18719299137592316
FRAG_NEG_trNEGATIVE80543_29_34,0.05575349181890488
FRAG_NEG_trNEGATIVE28441_58_34,0.02245299518108368
FRAG_NEG_trNEGATIVE62765_23_34,0.14553728699684143
FRAG_NEG_trNEGATIVE81807_5_34,0.01632072776556015
FRAG_NEG_trNEGATIVE96787_28_34,0.040176063776016235
FRAG_NEG_trNEGATIVE44968_7_34,0.7623315453529358
FRAG_NEG_trNEGATIVE88599_6_34,0.01373339630663395
FRAG_NEG_trNEGATIVE83649_8_34,0.293379545211792
FRAG_NEG_trNEGATIVE81470_25_34,0.19796469807624817
FRAG_NEG_trNEGATIVE57824_34_34,0.002308903494849801
FRAG_NEG_trNEGATIVE50090_6_34,0.05813078209757805
FRAG_NEG_trNEGATIVE84074_10_34,0.06244984269142151
FRAG_NEG_trNEGATIVE82630_10_35,0.009460704401135445
FRAG_NEG_trNEGATIVE53217_10_35,0.2975603938102722
FRAG_NEG_trNEGATIVE54242_21_35,0.22963368892669678
FRAG_NEG_trNEGATIVE34019_39_35,0.0015371243935078382
FRAG_NEG_trNEGATIVE92304_12_35,0.8629711866378784
FRAG_NEG_trNEGATIVE32583_3_35,0.8052115440368652
FRAG_NEG_trNEGATIVE76034_16_35,0.011839925311505795
FRAG_NEG_trNEGATIVE74887_40_35,0.036600109189748764
FRAG_NEG_trNEGATIVE35165_20_35,0.045745477080345154
FRAG_NEG_trNEGATIVE69804_10_35,0.02784629724919796
FRAG_NEG_trNEGATIVE84350_1_35,0.23899373412132263
FRAG_NEG_trNEGATIVE87887_0_35,5.532417617359897e-06
FRAG_NEG_trNEGATIVE53070_11_35,0.20357592403888702
FRAG_NEG_trNEGATIVE28374_2_35,0.016497496515512466
FRAG_NEG_trNEGATIVE96418_18_35,0.005267143715173006
FRAG_NEG_trNEGATIVE76571_25_35,0.000413010420743376
FRAG_NEG_trNEGATIVE45649_7_35,0.3725223243236542
FRAG_NEG_trNEGATIVE53308_40_35,0.2930986285209656
FRAG_NEG_trNEGATIVE82168_9_35,0.10289255529642105
FRAG_NEG_trNEGATIVE35980_29_35,0.5500271916389465
FRAG_NEG_trNEGATIVE88762_4_35,0.11054176092147827
FRAG_NEG_trNEGATIVE53667_43_35,0.00148410489782691
FRAG_NEG_trNEGATIVE65262_38_35,0.3584892153739929
FRAG_NEG_trNEGATIVE61287_30_35,0.8952258825302124
FRAG_NEG_trNEGATIVE36423_6_35,0.2922336161136627
FRAG_NEG_trNEGATIVE47954_10_35,0.4010770916938782
FRAG_NEG_trNEGATIVE63375_0_35,2.381581361987628e-05
FRAG_NEG_trNEGATIVE57384_27_35,0.9569087028503418
FRAG_NEG_trNEGATIVE72230_12_35,0.022754374891519547
FRAG_NEG_trNEGATIVE42872_21_35,0.01703968271613121
FRAG_NEG_trNEGATIVE33176_22_35,0.660783052444458
FRAG_NEG_trNEGATIVE52399_36_35,0.21838125586509705
FRAG_NEG_trNEGATIVE92064_43_35,2.5330916741950205e-06
FRAG_NEG_trNEGATIVE97447_32_35,0.26295560598373413
FRAG_NEG_trNEGATIVE46617_36_35,0.13058146834373474
FRAG_NEG_trNEGATIVE30131_21_35,0.5933220982551575
FRAG_NEG_trNEGATIVE63808_40_35,0.2296791970729828
FRAG_NEG_trNEGATIVE43992_24_35,0.1752864122390747
FRAG_NEG_trNEGATIVE90062_46_35,0.40766605734825134
FRAG_NEG_trNEGATIVE70535_6_35,0.7305669784545898
FRAG_NEG_trNEGATIVE37599_26_35,0.01582077145576477
FRAG_NEG_trNEGATIVE56524_37_35,0.31684252619743347
FRAG_NEG_trNEGATIVE49019_21_35,0.0019329588394612074
FRAG_NEG_trNEGATIVE46186_28_35,0.0522068627178669
FRAG_NEG_trNEGATIVE66276_8_35,0.17569218575954437
FRAG_NEG_trNEGATIVE31011_31_36,0.309154212474823
FRAG_NEG_trNEGATIVE71096_8_36,1.92050174518954e-05
FRAG_NEG_trNEGATIVE74184_6_36,0.004476985428482294
FRAG_NEG_trNEGATIVE57227_3_36,1.264419097424252e-06
FRAG_NEG_trNEGATIVE28868_40_36,0.9734096527099609
FRAG_NEG_trNEGATIVE63695_39_36,0.298941045999527
FRAG_NEG_trNEGATIVE35729_5_36,0.536596953868866
FRAG_NEG_trNEGATIVE95559_44_36,0.009147758595645428
FRAG_NEG_trNEGATIVE42569_41_36,0.4295673370361328
FRAG_NEG_trNEGATIVE59475_1_36,0.9028475880622864
FRAG_NEG_trNEGATIVE95947_28_36,0.004935533739626408
FRAG_NEG_trNEGATIVE38557_34_36,0.006908697076141834
FRAG_NEG_trNEGATIVE29734_6_36,0.36345595121383667
FRAG_NEG_trNEGATIVE41073_8_36,0.21793396770954132
FRAG_NEG_trNEGATIVE87817_61_36,0.2865312695503235
FRAG_NEG_trNEGATIVE58066_22_36,0.6960773468017578
FRAG_NEG_trNEGATIVE39961_53_36,0.36860305070877075
FRAG_NEG_trNEGATIVE36554_4_36,0.06784634292125702
FRAG_NEG_trNEGATIVE63744_13_36,0.4371837079524994
FRAG_NEG_trNEGATIVE59108_7_36,0.31885963678359985
FRAG_NEG_trNEGATIVE59152_22_36,0.427793025970459
FRAG_NEG_trNEGATIVE86806_40_36,0.37173426151275635
FRAG_NEG_trNEGATIVE64980_0_36,0.0005693300627171993
FRAG_NEG_trNEGATIVE55267_21_36,0.026603903621435165
FRAG_NEG_trNEGATIVE48904_19_36,0.000674448674544692
FRAG_NEG_trNEGATIVE38596_12_36,0.9957283139228821
FRAG_NEG_trNEGATIVE47268_31_36,0.7097803354263306
FRAG_NEG_trNEGATIVE80172_10_36,0.4961414337158203
FRAG_NEG_trNEGATIVE53179_11_36,0.029152672737836838
FRAG_NEG_trNEGATIVE85500_11_36,0.6203230023384094
FRAG_NEG_trNEGATIVE90287_23_36,0.4884411692619324
FRAG_NEG_trNEGATIVE65267_22_36,0.013120030984282494
FRAG_NEG_trNEGATIVE36302_9_36,0.159941628575325
FRAG_NEG_trNEGATIVE62459_23_36,0.5657795667648315
FRAG_NEG_trNEGATIVE74053_29_36,0.24498915672302246
FRAG_NEG_trNEGATIVE45125_3_36,0.3924177289009094
FRAG_NEG_trNEGATIVE66173_1_36,0.00042196508729830384
FRAG_NEG_trNEGATIVE84051_35_36,0.41019192337989807
FRAG_NEG_trNEGATIVE36114_17_36,0.23545274138450623
FRAG_NEG_trNEGATIVE80530_2_36,0.23922093212604523
FRAG_NEG_trNEGATIVE69422_6_36,0.2824898362159729
FRAG_NEG_trNEGATIVE92309_26_36,0.7477681040763855
FRAG_NEG_trNEGATIVE32828_0_36,3.757010517801973e-06
FRAG_NEG_trNEGATIVE74761_39_36,0.01179572381079197
FRAG_NEG_trNEGATIVE75234_19_36,0.46049317717552185
FRAG_NEG_trNEGATIVE89334_6_36,0.41968679428100586
FRAG_NEG_trNEGATIVE74172_22_36,0.9305776357650757
FRAG_NEG_trNEGATIVE48917_3_36,0.15955576300621033
FRAG_NEG_trNEGATIVE52292_25_36,0.020325271412730217
FRAG_NEG_trNEGATIVE54384_8_36,0.16765521466732025
FRAG_NEG_trNEGATIVE93447_42_36,0.19136548042297363
FRAG_NEG_trNEGATIVE78009_3_36,0.9798862338066101
FRAG_NEG_trNEGATIVE63158_19_37,0.8831987380981445
FRAG_NEG_trNEGATIVE57575_1_37,0.004983431659638882
FRAG_NEG_trNEGATIVE38813_62_37,0.36080285906791687
FRAG_NEG_trNEGATIVE87789_7_37,0.044378671795129776
FRAG_NEG_trNEGATIVE35067_19_37,0.26831772923469543
FRAG_NEG_trNEGATIVE80400_14_37,0.4643123745918274
FRAG_NEG_trNEGATIVE36332_34_37,0.9840599894523621
FRAG_NEG_trNEGATIVE88810_13_37,0.0399320088326931
FRAG_NEG_trNEGATIVE90239_18_37,0.5068740248680115
FRAG_NEG_trNEGATIVE74314_51_37,0.06070380657911301
FRAG_NEG_trNEGATIVE41355_37_37,0.17445209622383118
FRAG_NEG_trNEGATIVE67302_48_37,0.551742672920227
FRAG_NEG_trNEGATIVE87504_37_37,0.5183466076850891
FRAG_NEG_trNEGATIVE64769_13_37,0.0218111090362072
FRAG_NEG_trNEGATIVE32251_0_37,0.0005063499556854367
FRAG_NEG_trNEGATIVE39632_5_37,0.5982213616371155
FRAG_NEG_trNEGATIVE69115_25_37,0.07802024483680725
FRAG_NEG_trNEGATIVE35901_27_37,0.5942746996879578
FRAG_NEG_trNEGATIVE65908_32_37,0.018941648304462433
FRAG_NEG_trNEGATIVE83944_45_37,0.12921270728111267
FRAG_NEG_trNEGATIVE49497_19_37,2.8782808385585668e-06
FRAG_NEG_trNEGATIVE30620_49_37,0.8393076062202454
FRAG_NEG_trNEGATIVE89774_12_37,0.027061447501182556
FRAG_NEG_trNEGATIVE86416_16_37,0.6888218522071838
FRAG_NEG_trNEGATIVE51673_6_37,0.03879836946725845
FRAG_NEG_trNEGATIVE34696_52_37,0.810907244682312
FRAG_NEG_trNEGATIVE93293_5_37,0.03351881727576256
FRAG_NEG_trNEGATIVE90474_4_37,0.3319873809814453
FRAG_NEG_trNEGATIVE55118_16_37,0.30281561613082886
FRAG_NEG_trNEGATIVE63680_16_37,0.08911947160959244
FRAG_NEG_trNEGATIVE54996_4_37,0.008001649752259254
FRAG_NEG_trNEGATIVE34044_5_37,0.5055981874465942
FRAG_NEG_trNEGATIVE90484_17_37,0.7177178263664246
FRAG_NEG_trNEGATIVE33176_30_37,0.4954708218574524
FRAG_NEG_trNEGATIVE61121_29_37,0.21079829335212708
FRAG_NEG_trNEGATIVE62361_19_37,0.4172721803188324
FRAG_NEG_trNEGATIVE79827_20_37,0.7134484052658081
FRAG_NEG_trNEGATIVE96370_40_37,0.005340492818504572
FRAG_NEG_trNEGATIVE60725_5_37,0.8398160934448242
FRAG_NEG_trNEGATIVE63110_20_37,0.578606128692627
FRAG_NEG_trNEGATIVE28374_14_37,0.5196786522865295
FRAG_NEG_trNEGATIVE75069_10_37,0.5656594038009644
FRAG_NEG_trNEGATIVE71123_26_37,0.9989289045333862
FRAG_NEG_trNEGATIVE67443_14_37,0.09060324728488922
FRAG_NEG_trNEGATIVE87083_35_37,0.4018433690071106
FRAG_NEG_trNEGATIVE77063_1_37,0.015482744202017784
FRAG_NEG_trNEGATIVE27505_54_37,0.07269652932882309
FRAG_NEG_trNEGATIVE63907_22_37,0.32320696115493774
FRAG_NEG_trNEGATIVE60221_26_37,0.5236088633537292
FRAG_NEG_trNEGATIVE78322_7_37,0.5468851327896118
FRAG_NEG_trNEGATIVE56642_26_37,0.44346189498901367
FRAG_NEG_trNEGATIVE27624_2_37,5.161594526725821e-05
FRAG_NEG_trNEGATIVE75698_15_37,0.397857129573822
FRAG_NEG_trNEGATIVE95540_14_37,0.8870095014572144
FRAG_NEG_trNEGATIVE97409_6_37,0.35688337683677673
FRAG_NEG_trNEGATIVE92413_49_37,0.5641978979110718
FRAG_NEG_trNEGATIVE79317_55_37,0.9274513125419617
FRAG_NEG_trNEGATIVE41201_19_37,0.12309277057647705
FRAG_NEG_trNEGATIVE62233_0_37,0.00017062762344721705
FRAG_NEG_trNEGATIVE29979_11_37,0.03052247129380703
FRAG_NEG_trNEGATIVE88110_3_37,0.03377425670623779
FRAG_NEG_trNEGATIVE76310_42_37,0.03407042846083641
FRAG_NEG_trNEGATIVE45564_47_37,0.0683710128068924
FRAG_NEG_trNEGATIVE74347_49_37,0.43754512071609497
FRAG_NEG_trNEGATIVE51996_0_37,1.2420778148225509e-05
FRAG_NEG_trNEGATIVE44478_7_37,0.7738812565803528
FRAG_NEG_trNEGATIVE52667_57_37,8.625750342616811e-05
FRAG_NEG_trNEGATIVE33693_24_37,0.07167012989521027
FRAG_NEG_trNEGATIVE81993_1_37,0.10599672794342041
FRAG_NEG_trNEGATIVE57142_8_37,0.32524168491363525
FRAG_NEG_trNEGATIVE53671_41_37,0.2858162522315979
FRAG_NEG_trNEGATIVE71806_37_37,0.5847576856613159
FRAG_NEG_trNEGATIVE86969_2_37,0.029867980629205704
FRAG_NEG_trNEGATIVE75594_2_37,0.05392150953412056
FRAG_NEG_trNEGATIVE58956_11_37,2.716251401579939e-07
FRAG_NEG_trNEGATIVE51728_2_37,0.3992086350917816
FRAG_NEG_trNEGATIVE32165_28_37,0.02808106318116188
FRAG_NEG_trNEGATIVE57444_16_38,0.8821184039115906
FRAG_NEG_trNEGATIVE88247_6_38,0.4813600182533264
FRAG_NEG_trNEGATIVE47186_9_38,0.18786147236824036
FRAG_NEG_trNEGATIVE67849_28_38,0.5455490350723267
FRAG_NEG_trNEGATIVE30453_23_38,0.018417518585920334
FRAG_NEG_trNEGATIVE93536_25_38,0.05718240141868591
FRAG_NEG_trNEGATIVE56298_17_38,0.18008612096309662
FRAG_NEG_trNEGATIVE95674_23_38,0.0036979138385504484
FRAG_NEG_trNEGATIVE89256_25_38,0.40058454871177673
FRAG_NEG_trNEGATIVE62630_2_38,0.9158329963684082
FRAG_NEG_trNEGATIVE48777_17_38,0.06807729601860046
FRAG_NEG_trNEGATIVE82659_32_38,0.5497912168502808
FRAG_NEG_trNEGATIVE68699_35_38,0.1538245975971222
FRAG_NEG_trNEGATIVE47246_2_38,0.19728811085224152
FRAG_NEG_trNEGATIVE33599_28_38,0.21380837261676788
FRAG_NEG_trNEGATIVE96047_19_38,0.06647562235593796
FRAG_NEG_trNEGATIVE40726_19_38,0.038732629269361496
FRAG_NEG_trNEGATIVE67226_31_38,0.4807353615760803
FRAG_NEG_trNEGATIVE91690_16_38,0.06807943433523178
FRAG_NEG_trNEGATIVE55926_42_38,0.7049967050552368
FRAG_NEG_trNEGATIVE35098_32_38,0.504142701625824
FRAG_NEG_trNEGATIVE74300_30_38,0.489088237285614
FRAG_NEG_trNEGATIVE73619_20_38,0.12827669084072113
FRAG_NEG_trNEGATIVE29847_0_38,2.225023990831687e-06
FRAG_NEG_trNEGATIVE37172_4_38,0.899002730846405
FRAG_NEG_trNEGATIVE40633_8_38,0.008314351551234722
FRAG_NEG_trNEGATIVE31671_3_38,0.5331391096115112
FRAG_NEG_trNEGATIVE31348_3_38,0.010348775424063206
FRAG_NEG_trNEGATIVE54679_27_38,0.10590897500514984
FRAG_NEG_trNEGATIVE43205_38_38,0.4133109450340271
FRAG_NEG_trNEGATIVE73432_1_38,0.5736504197120667
FRAG_NEG_trNEGATIVE50868_31_38,0.04929845780134201
FRAG_NEG_trNEGATIVE53575_9_38,0.11603079736232758
FRAG_NEG_trNEGATIVE38406_5_38,0.4245062470436096
FRAG_NEG_trNEGATIVE31893_1_38,0.7164632678031921
FRAG_NEG_trNEGATIVE67880_6_38,0.20373451709747314
FRAG_NEG_trNEGATIVE27791_27_38,3.8748378727859745e-08
FRAG_NEG_trNEGATIVE52626_24_39,0.9886770248413086
FRAG_NEG_trNEGATIVE57023_40_39,0.39807066321372986
FRAG_NEG_trNEGATIVE94741_18_39,0.7189357280731201
FRAG_NEG_trNEGATIVE57946_9_39,0.001757721183821559
FRAG_NEG_trNEGATIVE58398_24_39,0.28522300720214844
FRAG_NEG_trNEGATIVE68901_25_39,0.002642574952915311
FRAG_NEG_trNEGATIVE57859_15_39,0.6030707955360413
FRAG_NEG_trNEGATIVE82680_33_39,0.017546039074659348
FRAG_NEG_trNEGATIVE27518_26_39,0.15107038617134094
FRAG_NEG_trNEGATIVE91030_40_39,0.23044952750205994
FRAG_NEG_trNEGATIVE60255_19_39,0.09263123571872711
FRAG_NEG_trNEGATIVE59764_42_39,0.629117488861084
FRAG_NEG_trNEGATIVE63514_6_39,0.21487386524677277
FRAG_NEG_trNEGATIVE69957_18_39,0.9740128517150879
FRAG_NEG_trNEGATIVE63695_23_39,0.3954688310623169
FRAG_NEG_trNEGATIVE45334_0_39,7.572072036055033e-07
FRAG_NEG_trNEGATIVE90009_0_39,0.0003291604807600379
FRAG_NEG_trNEGATIVE48506_10_39,0.5246429443359375
FRAG_NEG_trNEGATIVE92972_43_39,0.1670854389667511
FRAG_NEG_trNEGATIVE92755_5_39,0.510877251625061
FRAG_NEG_trNEGATIVE68611_43_39,0.37637123465538025
FRAG_NEG_trNEGATIVE83637_8_39,0.9284756779670715
FRAG_NEG_trNEGATIVE94939_10_39,0.647607684135437
FRAG_NEG_trNEGATIVE58867_3_39,0.14391322433948517
FRAG_NEG_trNEGATIVE51636_4_39,0.3950669467449188
FRAG_NEG_trNEGATIVE36047_28_40,0.20510825514793396
FRAG_NEG_trNEGATIVE65320_11_40,0.5112841725349426
FRAG_NEG_trNEGATIVE43944_8_40,2.7845913791679777e-05
FRAG_NEG_trNEGATIVE40140_5_40,0.17149963974952698
FRAG_NEG_trNEGATIVE72732_14_40,0.48660746216773987
FRAG_NEG_trNEGATIVE50146_11_40,0.3075507879257202
FRAG_NEG_trNEGATIVE36114_4_40,0.0729498341679573
FRAG_NEG_trNEGATIVE34654_20_40,0.678093433380127
FRAG_NEG_trNEGATIVE72754_7_40,0.012192239984869957
FRAG_NEG_trNEGATIVE28749_14_40,0.011504276655614376
FRAG_NEG_trNEGATIVE30945_32_40,0.38594144582748413
FRAG_NEG_trNEGATIVE74582_27_40,0.4272156357765198
FRAG_NEG_trNEGATIVE29069_41_40,0.11091852188110352
FRAG_NEG_trNEGATIVE95235_10_40,0.004946825094521046
FRAG_NEG_trNEGATIVE89035_15_40,0.008918097242712975
FRAG_NEG_trNEGATIVE83287_31_40,0.08313129842281342
FRAG_NEG_trNEGATIVE68382_26_40,2.2598776467930293e-06
FRAG_NEG_trNEGATIVE96090_29_40,0.019476259127259254
FRAG_NEG_trNEGATIVE28264_8_41,0.02958163246512413
FRAG_NEG_trNEGATIVE74461_35_41,0.18858903646469116
FRAG_NEG_trNEGATIVE45740_12_41,0.046391140669584274
FRAG_NEG_trNEGATIVE87662_8_41,0.8196771740913391
FRAG_NEG_trNEGATIVE40853_20_41,0.22314289212226868
FRAG_NEG_trNEGATIVE72638_7_41,0.06603706628084183
FRAG_NEG_trNEGATIVE73251_24_41,0.07417257130146027
FRAG_NEG_trNEGATIVE41436_7_41,0.012442202307283878
FRAG_NEG_trNEGATIVE93540_47_41,0.32187139987945557
FRAG_NEG_trNEGATIVE81816_22_41,0.543890118598938
FRAG_NEG_trNEGATIVE73751_35_41,0.3316168785095215
FRAG_NEG_trNEGATIVE42327_15_41,0.7622259259223938
FRAG_NEG_trNEGATIVE61181_23_41,0.8167904615402222
FRAG_NEG_trNEGATIVE92966_0_41,0.00020344411313999444
FRAG_NEG_trNEGATIVE66390_16_41,0.08113129436969757
FRAG_NEG_trNEGATIVE60702_16_41,0.14662478864192963
FRAG_NEG_trNEGATIVE28428_44_41,0.06478845328092575
FRAG_NEG_trNEGATIVE91030_49_41,0.31628450751304626
FRAG_NEG_trNEGATIVE89184_25_41,0.30261823534965515
FRAG_NEG_trNEGATIVE42951_16_41,0.0023666024208068848
FRAG_NEG_trNEGATIVE33611_2_41,0.13339164853096008
FRAG_NEG_trNEGATIVE70799_36_41,0.06037181615829468
FRAG_NEG_trNEGATIVE55290_2_41,0.02170391008257866
FRAG_NEG_trNEGATIVE67374_2_42,0.12654122710227966
FRAG_NEG_trNEGATIVE68465_2_42,0.2664066255092621
FRAG_NEG_trNEGATIVE48140_29_42,0.67446368932724
FRAG_NEG_trNEGATIVE35777_20_42,0.005667532794177532
FRAG_NEG_trNEGATIVE67303_15_42,0.18115904927253723
FRAG_NEG_trNEGATIVE51382_14_42,0.19847993552684784
FRAG_NEG_trNEGATIVE72654_9_42,0.23017561435699463
FRAG_NEG_trNEGATIVE79827_22_42,0.6280804872512817
FRAG_NEG_trNEGATIVE67263_4_42,0.43658941984176636
FRAG_NEG_trNEGATIVE58128_11_42,0.4458330273628235
FRAG_NEG_trNEGATIVE77802_51_42,0.06304767727851868
FRAG_NEG_trNEGATIVE35927_53_42,0.245012566447258
FRAG_NEG_trNEGATIVE57629_22_42,0.43349331617355347
FRAG_NEG_trNEGATIVE31674_27_42,0.009937752969563007
FRAG_NEG_trNEGATIVE37883_4_42,0.86944580078125
FRAG_NEG_trNEGATIVE82043_7_42,0.01260155439376831
FRAG_NEG_trNEGATIVE88393_4_42,0.9457302093505859
FRAG_NEG_trNEGATIVE41528_7_42,0.03445588797330856
FRAG_NEG_trNEGATIVE37652_19_43,0.25062528252601624
FRAG_NEG_trNEGATIVE76009_9_43,0.3352142572402954
FRAG_NEG_trNEGATIVE40855_29_43,0.9034730792045593
FRAG_NEG_trNEGATIVE31117_31_43,0.010962897911667824
FRAG_NEG_trNEGATIVE63023_0_43,5.195835001359228e-06
FRAG_NEG_trNEGATIVE41093_2_43,0.965135395526886
FRAG_NEG_trNEGATIVE77990_12_43,0.44921889901161194
FRAG_NEG_trNEGATIVE31300_44_43,0.00022403286129701883
FRAG_NEG_trNEGATIVE67481_37_43,0.12455956637859344
FRAG_NEG_trNEGATIVE31955_34_43,0.751430869102478
FRAG_NEG_trNEGATIVE79443_19_44,0.5603418946266174
FRAG_NEG_trNEGATIVE58520_16_44,0.23346774280071259
FRAG_NEG_trNEGATIVE48313_17_44,0.6317399740219116
FRAG_NEG_trNEGATIVE58387_13_44,0.5344449877738953
FRAG_NEG_trNEGATIVE76527_16_44,0.4429043233394623
FRAG_NEG_trNEGATIVE71817_11_44,0.31655818223953247
FRAG_NEG_trNEGATIVE34659_9_44,0.7665713429450989
FRAG_NEG_trNEGATIVE47217_30_44,0.06721688061952591
FRAG_NEG_trNEGATIVE33522_5_44,0.002919191727414727
FRAG_NEG_trNEGATIVE83963_0_44,0.004027209710329771
FRAG_NEG_trNEGATIVE97032_33_44,0.8662506341934204
FRAG_NEG_trNEGATIVE89249_0_44,0.0009932364337146282
FRAG_NEG_trNEGATIVE69115_18_44,0.44903039932250977
FRAG_NEG_trNEGATIVE52399_3_45,0.9465097188949585
FRAG_NEG_trNEGATIVE61586_34_45,0.2857135236263275
FRAG_NEG_trNEGATIVE89053_15_45,0.0026434692554175854
FRAG_NEG_trNEGATIVE29074_8_45,0.026896661147475243
FRAG_NEG_trNEGATIVE77190_6_45,0.9085786938667297
FRAG_NEG_trNEGATIVE56654_38_45,0.7785369157791138
FRAG_NEG_trNEGATIVE63350_16_45,0.7954121232032776
FRAG_NEG_trNEGATIVE47718_23_45,0.35197919607162476
FRAG_NEG_trNEGATIVE33693_6_45,0.01838618516921997
FRAG_NEG_trNEGATIVE38183_13_45,0.03952167183160782
FRAG_NEG_trNEGATIVE95991_19_45,0.26162800192832947
FRAG_NEG_trNEGATIVE89177_46_45,0.4968576431274414
FRAG_NEG_trNEGATIVE83910_24_45,0.9799535870552063
FRAG_NEG_trNEGATIVE79974_0_45,3.40141195920296e-05
FRAG_NEG_trNEGATIVE96180_20_45,0.634238600730896
FRAG_NEG_trNEGATIVE31684_11_45,0.5580435991287231
FRAG_NEG_trNEGATIVE51117_7_45,0.2441709339618683
FRAG_NEG_trNEGATIVE81073_0_45,0.0002693324349820614
FRAG_NEG_trNEGATIVE97386_0_45,7.87670214776881e-05
FRAG_NEG_trNEGATIVE91577_9_46,0.22368621826171875
FRAG_NEG_trNEGATIVE80072_4_46,0.6952552795410156
FRAG_NEG_trNEGATIVE73751_36_46,0.8570356369018555
FRAG_NEG_trNEGATIVE67443_6_46,0.9270204305648804
FRAG_NEG_trNEGATIVE62373_13_46,0.21506354212760925
FRAG_NEG_trNEGATIVE40321_17_46,0.07082678377628326
FRAG_NEG_trNEGATIVE80858_30_46,0.4744226336479187
FRAG_NEG_trNEGATIVE60492_10_46,0.5262036919593811
FRAG_NEG_trNEGATIVE44235_2_46,0.27798473834991455
FRAG_NEG_trNEGATIVE32322_13_46,0.10511913150548935
FRAG_NEG_trNEGATIVE76901_22_46,0.10394780337810516
FRAG_NEG_trNEGATIVE90580_40_46,0.07680244743824005
FRAG_NEG_trNEGATIVE69009_14_46,0.18856441974639893
FRAG_NEG_trNEGATIVE92558_37_47,0.50958251953125
FRAG_NEG_trNEGATIVE59475_4_47,0.54756098985672
FRAG_NEG_trNEGATIVE70406_37_47,0.8744006156921387
FRAG_NEG_trNEGATIVE67998_16_47,0.07445138692855835
FRAG_NEG_trNEGATIVE65054_5_47,0.5147101879119873
FRAG_NEG_trNEGATIVE47256_5_47,0.159366175532341
FRAG_NEG_trNEGATIVE83539_6_47,0.6170393824577332
FRAG_NEG_trNEGATIVE43795_8_48,0.6864315867424011
FRAG_NEG_trNEGATIVE67713_8_48,0.31867727637290955
FRAG_NEG_trNEGATIVE40706_2_48,0.33888694643974304
FRAG_NEG_trNEGATIVE30849_13_48,0.2683646082878113
FRAG_NEG_trNEGATIVE45752_32_48,0.45410966873168945
FRAG_NEG_trNEGATIVE61195_23_48,0.42000818252563477
FRAG_NEG_trNEGATIVE80548_19_48,0.0002743200457189232
FRAG_NEG_trNEGATIVE81699_9_48,0.3236966133117676
FRAG_NEG_trNEGATIVE79954_15_48,0.8484756350517273
FRAG_NEG_trNEGATIVE54890_17_48,0.6768554449081421
FRAG_NEG_trNEGATIVE51075_30_48,0.45763030648231506
FRAG_NEG_trNEGATIVE28269_14_49,0.19757002592086792
FRAG_NEG_trNEGATIVE51754_9_49,0.3872598707675934
FRAG_NEG_trNEGATIVE55595_6_49,0.375963032245636
FRAG_NEG_trNEGATIVE79443_15_49,0.7297966480255127
FRAG_NEG_trNEGATIVE67505_17_49,0.44899463653564453
FRAG_NEG_trNEGATIVE87065_7_49,0.3342404365539551
FRAG_NEG_trNEGATIVE43944_25_49,0.4336837828159332
FRAG_NEG_trNEGATIVE67480_13_49,0.44837456941604614
FRAG_NEG_trNEGATIVE29074_10_49,0.2352861613035202
FRAG_NEG_trNEGATIVE88934_6_49,0.6815068125724792
FRAG_NEG_trNEGATIVE87476_23_49,0.022692518308758736
FRAG_NEG_trNEGATIVE53683_26_50,0.5996360778808594
FRAG_NEG_trNEGATIVE81335_0_50,0.0026418250054121017
FRAG_NEG_trNEGATIVE38518_6_50,0.7572083473205566
FRAG_NEG_trNEGATIVE35045_2_50,0.09464909136295319
FRAG_NEG_trNEGATIVE40823_24_50,0.07555755227804184
FRAG_NEG_trNEGATIVE36706_42_50,0.2967609763145447
FRAG_NEG_trNEGATIVE67118_9_50,0.5511044263839722
FRAG_NEG_trNEGATIVE42656_33_50,0.25010764598846436
FRAG_NEG_trNEGATIVE71363_19_50,0.8221575021743774
FRAG_NEG_trNEGATIVE54101_35_51,0.13527914881706238
FRAG_NEG_trNEGATIVE76968_15_51,0.5890453457832336
FRAG_NEG_trNEGATIVE28419_36_51,0.28987765312194824
FRAG_NEG_trNEGATIVE44279_2_51,0.4290038049221039
FRAG_NEG_trNEGATIVE45571_26_51,8.584128408983815e-06
FRAG_NEG_trNEGATIVE48598_6_51,0.6372650265693665
FRAG_NEG_trNEGATIVE93632_6_52,0.3316647410392761
FRAG_NEG_trNEGATIVE94628_10_52,0.998283863067627
FRAG_NEG_trNEGATIVE37087_27_52,0.7381201982498169
FRAG_NEG_trNEGATIVE54179_15_52,0.0005016099312342703
FRAG_NEG_trNEGATIVE43149_16_52,0.5447739362716675
FRAG_NEG_trNEGATIVE92013_19_53,0.08408422023057938
FRAG_NEG_trNEGATIVE58375_7_53,0.22698159515857697
FRAG_NEG_trNEGATIVE50634_18_53,0.3895581066608429
FRAG_NEG_trNEGATIVE95197_1_53,0.8912539482116699
FRAG_NEG_trNEGATIVE50615_30_53,0.73874431848526
FRAG_NEG_trNEGATIVE46331_0_53,0.003493488533422351
FRAG_NEG_trNEGATIVE71788_19_54,0.6135726571083069
FRAG_NEG_trNEGATIVE81095_2_55,0.20649893581867218
FRAG_NEG_trNEGATIVE71374_9_55,0.4373207986354828
FRAG_NEG_trNEGATIVE93480_21_55,0.6793616414070129
FRAG_NEG_trNEGATIVE72705_31_55,0.30610665678977966
FRAG_NEG_trNEGATIVE66454_0_55,0.03954063728451729
FRAG_NEG_trNEGATIVE57629_10_56,0.691950261592865
FRAG_NEG_trNEGATIVE47184_1_56,0.7400122880935669
FRAG_NEG_trNEGATIVE86304_3_57,0.06764363497495651
FRAG_NEG_trNEGATIVE58449_1_57,0.6372258067131042
FRAG_NEG_trNEGATIVE52280_14_57,0.8383280038833618
FRAG_NEG_trNEGATIVE56730_9_57,0.9989797472953796
FRAG_NEG_trNEGATIVE71545_21_57,0.0005401130765676498
FRAG_NEG_trNEGATIVE95023_18_57,0.46664363145828247
FRAG_NEG_trNEGATIVE53461_14_59,0.8920509219169617
FRAG_NEG_trNEGATIVE44715_18_59,0.2648298740386963
FRAG_NEG_trNEGATIVE57225_27_59,0.8331995010375977
FRAG_NEG_trNEGATIVE86836_3_60,0.9187741279602051
FRAG_NEG_trNEGATIVE40372_4_60,0.8429258465766907
FRAG_NEG_trNEGATIVE60950_1_60,0.6468523740768433
FRAG_NEG_trNEGATIVE88319_1_60,0.3448236584663391
FRAG_NEG_trNEGATIVE30650_7_60,0.09281830489635468
FRAG_NEG_trNEGATIVE47409_0_61,0.011831818148493767
FRAG_NEG_trNEGATIVE29176_10_61,0.5981141924858093
FRAG_NEG_trNEGATIVE45174_30_61,0.8124696612358093
FRAG_NEG_trNEGATIVE93586_11_61,0.476130872964859
FRAG_NEG_trNEGATIVE44266_2_62,0.3892408311367035
FRAG_NEG_trNEGATIVE32319_6_62,0.4069482386112213
FRAG_NEG_trNEGATIVE79864_12_63,0.8141145706176758
FRAG_NEG_trNEGATIVE43269_5_63,0.2985761761665344
FRAG_NEG_trNEGATIVE71492_1_63,0.8719406127929688
FRAG_NEG_trNEGATIVE43166_9_64,0.6172323226928711
FRAG_NEG_trNEGATIVE80677_13_65,0.8400222063064575
FRAG_NEG_trNEGATIVE39127_4_65,0.712949275970459
FRAG_NEG_trNEGATIVE44454_4_66,0.6373957991600037
FRAG_NEG_trNEGATIVE35629_7_66,0.3675360679626465
FRAG_NEG_trNEGATIVE84051_13_66,0.9880510568618774
FRAG_NEG_trNEGATIVE83114_19_67,0.5778566002845764
FRAG_NEG_trNEGATIVE32820_13_68,0.6802043914794922
FRAG_NEG_trNEGATIVE83853_5_68,0.7499083280563354
FRAG_NEG_trNEGATIVE69392_3_70,0.005766180343925953
FRAG_NEG_trNEGATIVE40586_2_70,0.9135991334915161
FRAG_NEG_trNEGATIVE47481_0_70,4.2472256609471515e-05
FRAG_NEG_trNEGATIVE32537_28_70,0.5434495210647583
FRAG_NEG_trNEGATIVE71002_7_70,0.7824515104293823
FRAG_NEG_trNEGATIVE54041_23_70,0.9824298620223999
FRAG_NEG_trNEGATIVE39074_15_70,0.839826226234436
FRAG_NEG_trNEGATIVE53638_11_70,0.6481367349624634
FRAG_NEG_trNEGATIVE31348_16_70,0.21233971416950226
FRAG_NEG_trNEGATIVE68784_5_73,0.8603059649467468
FRAG_NEG_trNEGATIVE64830_21_74,0.19668512046337128
FRAG_NEG_trNEGATIVE92780_2_74,0.9418333172798157
FRAG_NEG_trNEGATIVE62646_6_75,0.9364531636238098
FRAG_NEG_trNEGATIVE56403_2_77,0.8925568461418152
FRAG_NEG_trNEGATIVE48130_5_79,0.7828183770179749
FRAG_NEG_trNEGATIVE96587_0_80,0.0009410612401552498
FRAG_NEG_trNEGATIVE52637_4_83,0.9657204747200012
FRAG_NEG_trNEGATIVE37328_5_85,0.9408610463142395
FRAG_NEG_trNEGATIVE59299_1_93,0.7377915382385254
FRAG_NEG_trNEGATIVE43013_2_95,0.3915160000324249
FRAG_NEG_trNEGATIVE87704_1_98,0.9234141111373901
FRAG_NEG_trNEGATIVE94368_12_13,0.07854654639959335
FRAG_NEG_trNEGATIVE56686_51_6,0.7929711937904358
FRAG_NEG_trNEGATIVE93293_23_9,0.13892033696174622
FRAG_NEG_trNEGATIVE74115_30_10,0.008312045596539974
FRAG_NEG_trNEGATIVE64236_39_12,0.02127177268266678
FRAG_NEG_trNEGATIVE45796_69_6,0.6377029418945312
FRAG_NEG_trNEGATIVE40545_0_14,2.6044261858260143e-08
FRAG_NEG_trNEGATIVE62076_5_18,0.0022413195110857487
FRAG_NEG_trNEGATIVE34897_27_14,0.9360492825508118
FRAG_NEG_trNEGATIVE32047_16_18,0.006175646558403969
