id,p_macrel
DBAASPS_8,0.8613861203193665
DBAASPS_10,0.43564361333847046
DBAASPS_12,0.7161716222763062
DBAASPS_38,0.693069338798523
DBAASPS_72,0.5247524976730347
DBAASPS_77,0.881188154220581
DBAASPS_80,0.8910890817642212
DBAASPS_85,0.9009901285171509
DBAASPS_90,0.8712871074676514
DBAASPS_95,0.8613861203193665
DBAASPS_103,0.8514851331710815
DBAASPS_105,0.2871288061141968
DBAASPS_109,0.7326732873916626
DBAASPS_110,0.6633663177490234
DBAASPS_111,0.6633663177490234
DBAASPS_112,0.8613861799240112
DBAASPS_113,0.8316831588745117
DBAASPS_115,0.7227723002433777
DBAASPS_116,0.8217822313308716
DBAASPS_117,0.6534653902053833
DBAASPS_127,0.5247524976730347
DBAASPS_128,0.5049505233764648
DBAASPS_132,0.44554460048675537
DBAASPS_135,0.5247524976730347
DBAASPS_136,0.6633663773536682
DBAASPS_137,0.8712871074676514
DBAASPS_139,0.6996699571609497
DBAASPS_145,0.6534653902053833
DBAASPS_182,0.3861386775970459
DBAASPS_183,0.5148515105247498
DBAASPS_188,0.31683170795440674
DBAASPS_189,0.5148515105247498
DBAASPS_190,0.49504953622817993
DBAASPS_191,0.5247524976730347
DBAASPS_192,0.49504953622817993
DBAASPS_193,0.6237623691558838
DBAASPS_194,0.5445544719696045
DBAASPS_195,0.5247524976730347
DBAASPS_255,0.5544555187225342
DBAASPS_263,0.4150165915489197
DBAASPS_271,0.5643564462661743
DBAASPS_276,0.148514986038208
DBAASPS_277,0.13861405849456787
DBAASPS_278,0.25742578506469727
DBAASPS_279,0.12871301174163818
DBAASPS_280,0.18811893463134766
DBAASPS_281,0.5841584205627441
DBAASPS_282,0.7326732873916626
DBAASPS_283,0.376237690448761
DBAASPS_284,0.801980197429657
DBAASPS_285,0.693069338798523
DBAASPS_286,0.7821782231330872
DBAASPS_287,0.7326732873916626
DBAASPS_288,0.683168351650238
DBAASPS_289,0.6831682920455933
DBAASPS_290,0.7524752616882324
DBAASPS_291,0.6237623691558838
DBAASPS_292,0.7029702663421631
DBAASPS_293,0.7227722406387329
DBAASPS_294,0.7524752616882324
DBAASPS_295,0.7128713130950928
DBAASPS_296,0.8217821717262268
DBAASPS_297,0.7425742745399475
DBAASPS_298,0.7326732873916626
DBAASPS_299,0.7128713130950928
DBAASPS_300,0.7425742149353027
DBAASPS_301,0.7623762488365173
DBAASPS_302,0.8613861799240112
DBAASPS_303,0.8514851331710815
DBAASPS_305,0.7425742149353027
DBAASPS_306,0.8217821717262268
DBAASPS_307,0.801980197429657
DBAASPS_308,0.7920792102813721
DBAASPS_309,0.693069338798523
DBAASPS_310,0.5940594673156738
DBAASPS_311,0.7326732873916626
DBAASPS_312,0.8613861799240112
DBAASPS_313,0.7524752616882324
DBAASPS_314,0.8712871074676514
DBAASPS_315,0.8613861799240112
DBAASPS_316,0.8217821717262268
DBAASPS_317,0.8217821717262268
DBAASPS_318,0.910891056060791
DBAASPS_319,0.8613861203193665
DBAASPS_320,0.8217821717262268
DBAASPS_321,0.7227723002433777
DBAASPS_322,0.6435643434524536
DBAASPS_323,0.7821782231330872
DBAASPS_324,0.7821782231330872
DBAASPS_325,0.6534653902053833
DBAASPS_326,0.7128713130950928
DBAASPS_327,0.4752475619316101
DBAASPS_328,0.5247524976730347
DBAASPS_329,0.7722772359848022
DBAASPS_330,0.6435643434524536
DBAASPS_331,0.1980198621749878
DBAASPS_332,0.7227722406387329
DBAASPS_334,0.485148549079895
DBAASPS_335,0.6435643434524536
DBAASPS_338,0.43564361333847046
DBAASPS_339,0.4554455876350403
DBAASPS_340,0.44554460048675537
DBAASPS_341,0.5346534848213196
DBAASPS_342,0.485148549079895
DBAASPS_343,0.43564361333847046
DBAASPS_344,0.42574262619018555
DBAASPS_345,0.49504953622817993
DBAASPS_346,0.4752475619316101
DBAASPS_354,0.7128713130950928
DBAASPS_356,0.6732673645019531
DBAASPS_357,0.7425742745399475
DBAASPS_358,0.6707921028137207
DBAASPS_359,0.33663374185562134
DBAASPS_361,0.7722772359848022
DBAASPS_362,0.7821782231330872
DBAASPS_364,0.7821782231330872
DBAASPS_365,0.7128713130950928
DBAASPS_366,0.7524752616882324
DBAASPS_367,0.7029702663421631
DBAASPS_368,0.7821782231330872
DBAASPS_369,0.7326732873916626
DBAASPS_370,0.7425742745399475
DBAASPS_371,0.7821782231330872
DBAASPS_372,0.7227722406387329
DBAASPS_373,0.6237623691558838
DBAASPS_374,0.6831682920455933
DBAASPS_375,0.6534653902053833
DBAASPS_376,0.4554455876350403
DBAASPS_377,0.574257493019104
DBAASPS_378,0.6633663177490234
DBAASPS_379,0.6732673645019531
DBAASPS_380,0.44554460048675537
DBAASPS_381,0.4752475619316101
DBAASPS_382,0.49504953622817993
DBAASPS_383,0.3663367033004761
DBAASPS_384,0.3168318271636963
DBAASPS_385,0.24752485752105713
DBAASPS_386,0.3960396647453308
DBAASPS_387,0.4554455876350403
DBAASPS_388,0.21782195568084717
DBAASPS_389,0.3861386775970459
DBAASPS_390,0.5247524976730347
DBAASPS_391,0.7128713130950928
DBAASPS_392,0.3663367033004761
DBAASPS_393,0.31683170795440674
DBAASPS_394,0.7128713130950928
DBAASPS_395,0.7524752616882324
DBAASPS_396,0.5148515105247498
DBAASPS_397,0.485148549079895
DBAASPS_398,0.6831682920455933
DBAASPS_399,0.7425742149353027
DBAASPS_400,0.5643564462661743
DBAASPS_402,0.7029702663421631
DBAASPS_403,0.49504953622817993
DBAASPS_404,0.8778877854347229
DBAASPS_405,0.9405940771102905
DBAASPS_406,0.603960394859314
DBAASPS_407,0.6732673645019531
DBAASPS_408,0.7920792102813721
DBAASPS_409,0.7029703259468079
DBAASPS_410,0.6633663177490234
DBAASPS_412,0.7227722406387329
DBAASPS_413,0.6534653902053833
DBAASPS_414,0.6534653902053833
DBAASPS_415,0.5544554591178894
DBAASPS_416,0.6435643434524536
DBAASPS_417,0.6435643434524536
DBAASPS_418,0.5841584205627441
DBAASPS_419,0.5841584205627441
DBAASPS_420,0.6237623691558838
DBAASPS_421,0.6534653902053833
DBAASPS_422,0.5643564462661743
DBAASPS_423,0.5940594673156738
DBAASPS_424,0.603960394859314
DBAASPS_425,0.7722772359848022
DBAASPS_426,0.8217821717262268
DBAASPS_427,0.7722772359848022
DBAASPS_428,0.8217821717262268
DBAASPS_433,0.693069338798523
DBAASPS_434,0.7029702663421631
DBAASPS_435,0.7722772359848022
DBAASPS_436,0.6633663177490234
DBAASPS_437,0.7029702663421631
DBAASPS_438,0.8217821717262268
DBAASPS_439,0.7920792102813721
DBAASPS_440,0.7524752616882324
DBAASPS_441,0.7326732873916626
DBAASPS_442,0.8217821717262268
DBAASPS_443,0.7029703259468079
DBAASPS_444,0.7029702663421631
DBAASPS_445,0.801980197429657
DBAASPS_446,0.6831682920455933
DBAASPR_462,0.6831682920455933
DBAASPS_463,0.5544554591178894
DBAASPS_464,0.5247524976730347
DBAASPS_465,0.5247524976730347
DBAASPS_466,0.44554460048675537
DBAASPS_467,0.574257493019104
DBAASPS_468,0.6138614416122437
DBAASPS_469,0.49504953622817993
DBAASPS_470,0.5445544719696045
DBAASPS_471,0.5643564462661743
DBAASPS_473,0.603960394859314
DBAASPS_474,0.5247524976730347
DBAASPS_475,0.6633663177490234
DBAASPS_476,0.4653465747833252
DBAASPS_477,0.5841584205627441
DBAASPS_478,0.6831682920455933
DBAASPS_479,0.7128713130950928
DBAASPS_480,0.6534653902053833
DBAASPS_481,0.5841584205627441
DBAASPS_484,0.5346535444259644
DBAASPS_485,0.5940594673156738
DBAASPS_486,0.5148515105247498
DBAASPS_487,0.6237623691558838
DBAASPS_489,0.12871301174163818
DBAASPS_496,0.5643564462661743
DBAASPS_497,0.693069338798523
DBAASPS_520,0.7854785323143005
DBAASPS_522,0.7920792102813721
DBAASPS_524,0.3663367033004761
DBAASPS_526,0.3069307804107666
DBAASPS_560,0.7524752616882324
DBAASPR_568,0.16831696033477783
DBAASPS_599,0.44554460048675537
DBAASPS_600,0.6633663177490234
DBAASPS_602,0.11881208419799805
DBAASPS_603,0.29042911529541016
DBAASPS_604,0.33663374185562134
DBAASPS_605,0.18811893463134766
DBAASPS_622,0.8118811845779419
DBAASPS_623,0.801980197429657
DBAASPS_624,0.6633663177490234
DBAASPS_627,0.5247524976730347
DBAASPS_632,0.6336634159088135
DBAASPS_633,0.7722772359848022
DBAASPS_634,0.881188154220581
DBAASPS_635,0.6237623691558838
DBAASPS_636,0.8118811845779419
DBAASPS_637,0.693069338798523
DBAASPS_638,0.7722772359848022
DBAASPS_639,0.7227722406387329
DBAASPS_640,0.801980197429657
DBAASPS_641,0.7524752616882324
DBAASPS_642,0.7920792102813721
DBAASPS_643,0.9207921028137207
DBAASPS_644,0.5841584205627441
DBAASPS_645,0.4554455876350403
DBAASPS_646,0.603960394859314
DBAASPS_651,0.4653465747833252
DBAASPS_653,0.6138614416122437
DBAASPS_654,0.5247524976730347
DBAASPS_656,0.6237623691558838
DBAASPS_663,0.6237623691558838
DBAASPS_664,0.5940594673156738
DBAASPS_665,0.6435643434524536
DBAASPS_666,0.7722772359848022
DBAASPS_667,0.5841584205627441
DBAASPS_668,0.6534653902053833
DBAASPS_669,0.5544554591178894
DBAASPS_670,0.5346534848213196
DBAASPS_671,0.5643564462661743
DBAASPS_673,0.9009901285171509
DBAASPS_674,0.801980197429657
DBAASPS_675,0.5742574334144592
DBAASPS_676,0.4554455876350403
DBAASPS_677,0.5940594673156738
DBAASPS_678,0.376237690448761
DBAASPS_679,0.42574262619018555
DBAASPS_680,0.4752475619316101
DBAASPS_682,0.7920792102813721
DBAASPS_683,0.7722772359848022
DBAASPS_684,0.7821782231330872
DBAASPS_685,0.42574262619018555
DBAASPS_686,0.42574262619018555
DBAASPS_687,0.44554460048675537
DBAASPS_688,0.44554460048675537
DBAASPS_700,0.5544554591178894
DBAASPS_701,0.5841584205627441
DBAASPS_702,0.881188154220581
DBAASPS_703,0.8613861799240112
DBAASPS_704,0.8514851331710815
DBAASPS_705,0.8217821717262268
DBAASPS_710,0.7128713130950928
DBAASPS_711,0.7128713130950928
DBAASPS_712,0.7326732873916626
DBAASPS_713,0.594059407711029
DBAASPS_714,0.6336634159088135
DBAASPS_715,0.3861386775970459
DBAASPS_717,0.4752475619316101
DBAASPS_721,0.5346534848213196
DBAASPS_724,0.8415841460227966
DBAASPS_725,1.0
DBAASPS_726,0.594059407711029
DBAASPS_727,0.06930708885192871
DBAASPS_728,0.6237623691558838
DBAASPS_729,0.6732673645019531
DBAASPS_731,0.4059406518936157
DBAASPS_735,0.5940594673156738
DBAASPS_736,0.3663367033004761
DBAASPS_738,0.5544555187225342
DBAASPS_739,0.5
DBAASPS_740,0.4009901285171509
DBAASPS_741,0.376237690448761
DBAASPS_742,0.6237623691558838
DBAASPS_746,0.594059407711029
DBAASPS_747,0.603960394859314
DBAASPS_748,0.5148515105247498
DBAASPS_749,0.5841584205627441
DBAASPS_750,0.3069307804107666
DBAASPS_752,0.5247524976730347
DBAASPS_753,0.574257493019104
DBAASPS_754,0.5445544719696045
DBAASPS_761,0.44554460048675537
DBAASPS_762,0.4653465747833252
DBAASPS_773,0.6435643434524536
DBAASPS_807,0.5841584205627441
DBAASPS_809,0.5544554591178894
DBAASPS_810,0.5643564462661743
DBAASPS_811,0.6633663177490234
DBAASPS_812,0.693069338798523
DBAASPS_819,0.49504953622817993
DBAASPS_820,0.26732683181762695
DBAASPS_821,0.6336634159088135
DBAASPS_831,0.08910906314849854
DBAASPS_877,0.603960394859314
DBAASPS_878,0.5544555187225342
DBAASPS_879,0.5346535444259644
DBAASPS_885,0.7326732873916626
DBAASPS_886,0.7326732873916626
DBAASPS_888,0.6831682920455933
DBAASPS_899,0.8910890817642212
DBAASPS_901,0.910891056060791
DBAASPS_902,0.8415841460227966
DBAASPS_903,0.7821782231330872
DBAASPS_904,0.9504950642585754
DBAASPS_910,0.9603960514068604
DBAASPS_911,0.8811880946159363
DBAASPS_912,0.9108911156654358
DBAASPS_913,0.8910890817642212
DBAASPS_914,0.9504950642585754
DBAASPS_915,0.9603960514068604
DBAASPS_921,0.594059407711029
DBAASPS_922,0.693069338798523
DBAASPS_928,0.5544555187225342
DBAASPS_929,0.5643564462661743
DBAASPS_930,0.603960394859314
DBAASPS_931,0.29702985286712646
DBAASPS_932,0.5049505233764648
DBAASPS_933,0.4554455876350403
DBAASPS_934,0.5544554591178894
DBAASPS_935,0.34653472900390625
DBAASPS_936,0.3960396647453308
DBAASPS_937,0.5841584205627441
DBAASPS_938,0.5940594673156738
DBAASPS_939,0.4059406518936157
DBAASPS_940,0.3366338014602661
DBAASPS_941,0.5841584205627441
DBAASPS_942,0.6732673645019531
DBAASPS_943,0.7722772359848022
DBAASPS_944,0.8118811845779419
DBAASPS_945,0.7425742149353027
DBAASPS_946,0.7722772359848022
DBAASPS_952,0.5346534848213196
DBAASPS_954,0.34653472900390625
DBAASPS_955,0.3663367033004761
DBAASPS_960,0.42574262619018555
DBAASPS_961,0.42574262619018555
DBAASPS_962,0.42574262619018555
DBAASPS_963,0.43564361333847046
DBAASPS_1030,0.8712871074676514
DBAASPS_1042,0.485148549079895
DBAASPS_1043,0.6237623691558838
DBAASPS_1045,0.6732673645019531
DBAASPS_1046,0.5643564462661743
DBAASPS_1047,0.5544554591178894
DBAASPS_1055,0.5544554591178894
DBAASPS_1057,0.4059406518936157
DBAASPS_1065,0.4653465747833252
DBAASPS_1067,0.5049505233764648
DBAASPS_1068,0.34653472900390625
DBAASPS_1070,0.35643571615219116
DBAASPS_1110,0.12871301174163818
DBAASPS_1111,0.2871288061141968
DBAASPS_1112,0.009901165962219238
DBAASPS_1114,0.0396040678024292
DBAASPS_1115,0.029703140258789062
DBAASPS_1116,0.21782183647155762
DBAASPS_1117,0.20792090892791748
DBAASPS_1118,0.25742578506469727
DBAASPS_1119,0.18811893463134766
DBAASPS_1120,0.16831696033477783
DBAASPS_1122,0.485148549079895
DBAASPS_1123,0.2970297336578369
DBAASPS_1130,0.9207921028137207
DBAASPS_1131,0.801980197429657
DBAASPS_1132,0.8910890817642212
DBAASPS_1133,0.8415841460227966
DBAASPS_1144,0.4389439821243286
DBAASPS_1145,0.603960394859314
DBAASPS_1146,0.6336634159088135
DBAASPS_1147,0.3168318271636963
DBAASPS_1148,0.44554460048675537
DBAASPS_1149,0.41584163904190063
DBAASPS_1157,0.7312588691711426
DBAASPS_1158,0.5643564462661743
DBAASPS_1164,0.574257493019104
DBAASPS_1165,0.6336634159088135
DBAASPS_1166,0.5940594673156738
DBAASPS_1167,0.6831682920455933
DBAASPS_1168,0.6633663177490234
DBAASPS_1169,0.4752475619316101
DBAASPS_1170,0.2970297336578369
DBAASPS_1171,0.376237690448761
DBAASPS_1172,0.33663374185562134
DBAASPS_1173,0.21782195568084717
DBAASPS_1174,0.3267327547073364
DBAASPS_1175,0.3069307804107666
DBAASPS_1176,0.3267327547073364
DBAASPS_1177,0.21782183647155762
DBAASPS_1178,0.42574262619018555
DBAASPS_1179,0.376237690448761
DBAASPS_1180,0.34653472900390625
DBAASPS_1181,0.3267327547073364
DBAASPS_1182,0.2970297336578369
DBAASPS_1183,0.35643571615219116
DBAASPS_1191,0.9405940771102905
DBAASPS_1192,0.910891056060791
DBAASPS_1193,0.9405940771102905
DBAASPS_1194,0.7161716222763062
DBAASPS_1196,0.6963696479797363
DBAASPS_1197,0.6237623691558838
DBAASPS_1199,0.03960418701171875
DBAASPS_1202,0.5247524976730347
DBAASPS_1208,0.2277228832244873
DBAASPS_1210,0.3168318271636963
DBAASPS_1218,0.2277228832244873
DBAASPS_1220,0.15841591358184814
DBAASPS_1221,0.34653472900390625
DBAASPS_1222,0.18811893463134766
DBAASPS_1223,0.2970297336578369
DBAASPS_1225,0.21782183647155762
DBAASPS_1235,0.7227723002433777
DBAASPS_1264,0.6831682920455933
DBAASPS_1265,0.7425742149353027
DBAASPS_1266,0.4762376546859741
DBAASPS_1267,0.5346534848213196
DBAASPS_1268,0.7326732873916626
DBAASPS_1270,0.4910891652107239
DBAASPS_1271,0.5148515105247498
DBAASPS_1274,0.5544554591178894
DBAASPS_1277,0.3267327547073364
DBAASPS_1278,0.5148515105247498
DBAASPS_1279,0.5049505233764648
DBAASPS_1280,0.5148515701293945
DBAASPS_1281,0.44554460048675537
DBAASPS_1282,0.3663367033004761
DBAASPS_1283,0.148514986038208
DBAASPS_1284,0.23762381076812744
DBAASPS_1285,0.3069307804107666
DBAASPS_1286,0.12871301174163818
DBAASPS_1287,0.42574262619018555
DBAASPS_1288,0.06930708885192871
DBAASPS_1289,0.5148515105247498
DBAASPS_1290,0.7227722406387329
DBAASPS_1291,0.11881208419799805
DBAASPS_1292,0.2772277593612671
DBAASPS_1293,0.4059406518936157
DBAASPS_1294,0.2574259042739868
DBAASPS_1295,0.18811893463134766
DBAASPS_1296,0.15841591358184814
DBAASPS_1297,0.04950511455535889
DBAASPS_1298,0.3960396647453308
DBAASPS_1299,0.2871288061141968
DBAASPS_1300,0.3168318271636963
DBAASPS_1301,0.08910906314849854
DBAASPS_1302,0.10891103744506836
DBAASPS_1303,0.04950511455535889
DBAASPS_1304,0.09901010990142822
DBAASPS_1305,0.05940604209899902
DBAASPS_1306,0.13861405849456787
DBAASPS_1307,0.1584160327911377
DBAASPS_1308,0.18811893463134766
DBAASPS_1309,0.09900999069213867
DBAASPS_1310,0.12871301174163818
DBAASPS_1311,0.19801998138427734
DBAASPS_1312,0.09900999069213867
DBAASPS_1313,0.376237690448761
DBAASPS_1314,0.1980198621749878
DBAASPR_1343,0.27722787857055664
DBAASPS_1363,0.5346534848213196
DBAASPS_1372,0.6831682920455933
DBAASPS_1381,0.5544554591178894
DBAASPS_1382,0.3861386775970459
DBAASPS_1385,0.3861386775970459
DBAASPS_1389,0.5148515105247498
DBAASPS_1401,0.5049505233764648
DBAASPS_1402,0.4752475619316101
DBAASPS_1403,0.5346534848213196
DBAASPS_1416,0.9405940771102905
DBAASPS_1417,0.8613861799240112
DBAASPS_1419,0.9207921028137207
DBAASPS_1421,0.910891056060791
DBAASPS_1422,0.910891056060791
DBAASPS_1423,0.8514851331710815
DBAASPS_1424,0.9405940771102905
DBAASPS_1426,0.910891056060791
DBAASPS_1433,0.485148549079895
DBAASPR_1485,0.9306930899620056
DBAASPS_1486,0.8217821717262268
DBAASPS_1487,0.9207921028137207
DBAASPS_1488,0.7623762488365173
DBAASPS_1489,0.8316831588745117
DBAASPS_1490,0.7425742745399475
DBAASPS_1496,0.8118811845779419
DBAASPS_1500,0.7029702663421631
DBAASPS_1508,0.693069338798523
DBAASPS_1511,0.801980197429657
DBAASPS_1512,0.6732673645019531
DBAASPS_1513,0.7029702663421631
DBAASPS_1514,0.6633663177490234
DBAASPS_1515,0.7128713130950928
DBAASPS_1516,0.5742574334144592
DBAASPR_1517,0.31683170795440674
DBAASPS_1529,0.3861386775970459
DBAASPS_1530,0.2574259042739868
DBAASPS_1531,0.34653472900390625
DBAASPS_1532,0.3663367033004761
DBAASPS_1533,0.3861386775970459
DBAASPS_1534,0.7425742745399475
DBAASPS_1538,0.16831696033477783
DBAASPS_1539,0.5049505233764648
DBAASPS_1541,0.7128713130950928
DBAASPR_1548,0.594059407711029
DBAASPR_1571,0.237623929977417
DBAASPS_1572,0.25742578506469727
DBAASPS_1573,0.3267327547073364
DBAASPS_1574,0.3069307804107666
DBAASPS_1575,0.3168317675590515
DBAASPS_1576,0.20792090892791748
DBAASPS_1577,0.2277228832244873
DBAASPS_1579,0.8613861799240112
DBAASPS_1580,0.8316831588745117
DBAASPS_1581,0.8316831588745117
DBAASPS_1582,0.7920792102813721
DBAASPS_1583,0.7128713130950928
DBAASPS_1600,0.5990098714828491
DBAASPS_1606,0.7425742149353027
DBAASPS_1607,0.7524752616882324
DBAASPS_1608,0.7128713130950928
DBAASPS_1609,0.06930708885192871
DBAASPR_1610,0.07920801639556885
DBAASPS_1611,0.03960418701171875
DBAASPS_1612,0.09900999069213867
DBAASPS_1613,0.07920801639556885
DBAASPR_1620,0.41584163904190063
DBAASPS_1622,0.44554460048675537
DBAASPS_1623,0.4554455876350403
DBAASPS_1624,0.4752475619316101
DBAASPS_1627,0.7128713130950928
DBAASPS_1628,0.7029702663421631
DBAASPS_1629,0.7029702663421631
DBAASPS_1630,0.6732673645019531
DBAASPS_1634,0.42574262619018555
DBAASPS_1636,0.05940604209899902
DBAASPS_1656,0.4554455876350403
DBAASPS_1657,0.5148515105247498
DBAASPS_1689,0.42574262619018555
DBAASPS_1708,0.16831696033477783
DBAASPS_1712,0.43564361333847046
DBAASPS_1713,0.6138614416122437
DBAASPS_1717,0.5544555187225342
DBAASPS_1724,0.7227722406387329
DBAASPS_1725,0.7227722406387329
DBAASPS_1741,0.7227722406387329
DBAASPS_1742,0.6732673645019531
DBAASPS_1743,0.6732673645019531
DBAASPS_1744,0.6732673645019531
DBAASPS_1745,0.6435643434524536
DBAASPS_1746,0.5940594673156738
DBAASPS_1747,0.6831682920455933
DBAASPS_1749,0.7029702663421631
DBAASPS_1750,0.7425742745399475
DBAASPS_1751,0.6831682920455933
DBAASPS_1752,0.6831682920455933
DBAASPS_1753,0.6237623691558838
DBAASPS_1754,0.5346534848213196
DBAASPS_1755,0.693069338798523
DBAASPS_1756,0.5148515105247498
DBAASPS_1757,0.6237623691558838
DBAASPS_1758,0.5940594673156738
DBAASPS_1760,0.20792090892791748
DBAASPS_1761,0.6732673645019531
DBAASPS_1762,0.6534653902053833
DBAASPS_1763,0.6732673645019531
DBAASPS_1764,0.3960396647453308
DBAASPS_1765,0.5841584205627441
DBAASPS_1766,0.6534653902053833
DBAASPS_1767,0.7920792102813721
DBAASPS_1768,0.6831682920455933
DBAASPS_1769,0.6237623691558838
DBAASPS_1827,0.693069338798523
DBAASPS_1841,0.5148515105247498
DBAASPS_1842,0.6534653902053833
DBAASPR_1898,0.9603960514068604
DBAASPR_1900,0.2277228832244873
DBAASPR_1901,0.603960394859314
DBAASPR_1902,0.09901010990142822
DBAASPR_1903,0.3069307804107666
DBAASPR_1904,0.4653465747833252
DBAASPR_1905,0.35643571615219116
DBAASPR_1906,0.485148549079895
DBAASPR_1907,0.2574259042739868
DBAASPS_1912,0.7722772359848022
DBAASPS_1913,0.7227722406387329
DBAASPS_1914,0.7722772359848022
DBAASPS_1915,0.7722772359848022
DBAASPS_1916,0.6732673645019531
DBAASPS_1917,0.7128713130950928
DBAASPS_1918,0.801980197429657
DBAASPS_1923,0.7227722406387329
DBAASPR_1997,0.09901010990142822
DBAASPS_1998,0.17821788787841797
DBAASPS_1999,0.8217821717262268
DBAASPS_2000,0.8118811845779419
DBAASPS_2004,0.8712871074676514
DBAASPS_2011,0.6138613820075989
DBAASPS_2013,0.41584163904190063
DBAASPS_2014,0.35643571615219116
DBAASPS_2035,0.7326732873916626
DBAASPS_2036,0.42574262619018555
DBAASPS_2037,0.5742574334144592
DBAASPS_2038,0.3960396647453308
DBAASPS_2039,0.6204620599746704
DBAASPS_2040,0.6204620599746704
DBAASPS_2041,0.7194719314575195
DBAASPS_2050,0.8514851331710815
DBAASPS_2051,0.8415841460227966
DBAASPS_2055,0.9108911156654358
DBAASPS_2056,0.9207921028137207
DBAASPS_2058,0.8514851331710815
DBAASPS_2059,0.8415841460227966
DBAASPS_2060,0.9504950642585754
DBAASPS_2061,0.693069338798523
DBAASPS_2062,0.7590758800506592
DBAASPS_2095,0.2277228832244873
DBAASPS_2096,0.148514986038208
DBAASPS_2124,0.7623762488365173
DBAASPR_2129,0.3960396647453308
DBAASPS_2155,0.7524752616882324
DBAASPR_2188,0.1188119649887085
DBAASPR_2205,0.9306930899620056
DBAASPR_2206,0.8217821717262268
DBAASPR_2212,0.5643564462661743
DBAASPS_2240,0.6237623691558838
DBAASPS_2241,0.5841584205627441
DBAASPS_2243,0.5247524976730347
DBAASPS_2245,0.5049505233764648
DBAASPS_2246,0.5247524976730347
DBAASPS_2247,0.43564361333847046
DBAASPS_2250,0.5841584205627441
DBAASPS_2266,0.5643564462661743
DBAASPS_2267,0.6732673645019531
DBAASPS_2268,0.7029702663421631
DBAASPR_2294,0.6831682920455933
DBAASPS_2306,0.6831682920455933
DBAASPR_2308,0.594059407711029
DBAASPS_2322,0.9207921028137207
DBAASPS_2325,0.9405940771102905
DBAASPS_2327,0.9009901285171509
DBAASPS_2328,0.9009901285171509
DBAASPS_2331,0.7128713130950928
DBAASPS_2349,0.9306930899620056
DBAASPS_2375,0.6237623691558838
DBAASPS_2376,0.24752485752105713
DBAASPS_2377,0.41584163904190063
DBAASPS_2378,0.5643564462661743
DBAASPS_2379,0.3168317675590515
DBAASPS_2380,0.4752475619316101
DBAASPS_2381,0.3069307804107666
DBAASPS_2382,0.2871288061141968
DBAASPS_2384,0.7128713130950928
DBAASPS_2387,0.237623929977417
DBAASPS_2397,0.5445544719696045
DBAASPS_2409,0.34653472900390625
DBAASPS_2410,0.35643571615219116
DBAASPS_2411,0.49504953622817993
DBAASPS_2412,0.6435643434524536
DBAASPS_2420,0.5346534848213196
DBAASPS_2421,0.4059406518936157
DBAASPS_2422,0.7128713130950928
DBAASPS_2423,0.3168317675590515
DBAASPS_2425,0.6435643434524536
DBAASPS_2426,0.6336634159088135
DBAASPS_2427,0.7821782231330872
DBAASPS_2428,0.7128713130950928
DBAASPR_2429,0.9702970385551453
DBAASPS_2433,0.33663374185562134
DBAASPR_2439,0.04950511455535889
DBAASPR_2440,0.10891103744506836
DBAASPR_2441,0.10891103744506836
DBAASPS_2442,0.24752485752105713
DBAASPS_2443,0.5049505233764648
DBAASPS_2446,0.24752485752105713
DBAASPS_2447,0.2722773551940918
DBAASPS_2448,0.41584163904190063
DBAASPS_2449,0.5544554591178894
DBAASPS_2498,0.4554455876350403
DBAASPS_2499,0.42574262619018555
DBAASPS_2500,0.3960396647453308
DBAASPS_2501,0.44554460048675537
DBAASPS_2505,0.693069338798523
DBAASPS_2506,0.7326732873916626
DBAASPS_2507,0.9405940771102905
DBAASPS_2508,0.9207921028137207
DBAASPS_2509,0.910891056060791
DBAASPS_2510,0.8415842056274414
DBAASPS_2521,0.9405940771102905
DBAASPS_2522,0.9405940771102905
DBAASPS_2523,0.9405940771102905
DBAASPS_2525,0.9405940771102905
DBAASPS_2526,0.9405940771102905
DBAASPS_2527,0.881188154220581
DBAASPS_2529,0.8712871074676514
DBAASPS_2530,0.9306930899620056
DBAASPS_2531,0.9108911156654358
DBAASPS_2532,0.8811880946159363
DBAASPS_2533,0.801980197429657
DBAASPS_2534,0.7623761892318726
DBAASPS_2535,0.9306930899620056
DBAASPS_2539,0.41584163904190063
DBAASPS_2540,0.3168317675590515
DBAASPS_2541,0.574257493019104
DBAASPS_2542,0.44554460048675537
DBAASPS_2543,0.42574262619018555
DBAASPS_2544,0.49504953622817993
DBAASPS_2545,0.5643564462661743
DBAASPS_2546,0.5247524976730347
DBAASPS_2547,0.5940594673156738
DBAASPS_2548,0.5643564462661743
DBAASPS_2549,0.6633663177490234
DBAASPS_2550,0.5643564462661743
DBAASPS_2551,0.43564361333847046
DBAASPS_2552,0.26732683181762695
DBAASPS_2553,0.148514986038208
DBAASPS_2554,0.5247524976730347
DBAASPS_2555,0.24752485752105713
DBAASPS_2557,0.5148515701293945
DBAASPS_2570,0.7920792102813721
DBAASPS_2579,0.9405940771102905
DBAASPS_2580,0.9504950642585754
DBAASPS_2581,0.9009901285171509
DBAASPS_2582,0.8118811845779419
DBAASPS_2592,0.34653472900390625
DBAASPS_2600,0.7623762488365173
DBAASPS_2601,0.6633663177490234
DBAASPS_2602,0.7524752616882324
DBAASPS_2603,0.5643564462661743
DBAASPS_2610,0.6732673645019531
DBAASPS_2611,0.7227723002433777
DBAASPS_2612,0.41584163904190063
DBAASPS_2633,0.148514986038208
DBAASPS_2634,0.23762381076812744
DBAASPS_2635,0.3663367033004761
DBAASPS_2636,0.693069338798523
DBAASPS_2638,0.34653472900390625
DBAASPS_2639,0.49504953622817993
DBAASPS_2640,0.4554455876350403
DBAASPS_2641,0.4653465747833252
DBAASPS_2642,0.2277228832244873
DBAASPS_2644,0.21782195568084717
DBAASPS_2645,0.31683170795440674
DBAASPS_2647,0.3168318271636963
DBAASPS_2648,0.2574259042739868
DBAASPS_2649,0.5148515105247498
DBAASPS_2659,0.3069307804107666
DBAASPS_2660,0.35643571615219116
DBAASPS_2661,0.2871288061141968
DBAASPS_2662,0.42574262619018555
DBAASPS_2663,0.4752476215362549
DBAASPS_2664,0.3267327547073364
DBAASPS_2665,0.4059406518936157
DBAASPS_2666,0.5346535444259644
DBAASPS_2667,0.485148549079895
DBAASPS_2668,0.594059407711029
DBAASPS_2669,0.44554460048675537
DBAASPS_2670,0.7227722406387329
DBAASPS_2671,0.43564361333847046
DBAASPS_2672,0.33663374185562134
DBAASPS_2673,0.44554460048675537
DBAASPS_2674,0.33663374185562134
DBAASPS_2675,0.5049505233764648
DBAASPS_2677,0.3861386775970459
DBAASPS_2678,0.376237690448761
DBAASPS_2679,0.376237690448761
DBAASPS_2681,0.5346535444259644
DBAASPS_2682,0.35643571615219116
DBAASPS_2683,0.1980198621749878
DBAASPS_2684,0.17821800708770752
DBAASPS_2685,0.27722787857055664
DBAASPS_2686,0.15841591358184814
DBAASPS_2687,0.12871301174163818
DBAASPS_2688,0.12871301174163818
DBAASPS_2689,0.35643571615219116
DBAASPS_2690,0.43564361333847046
DBAASPS_2691,0.4653465747833252
DBAASPS_2692,0.3960396647453308
DBAASPS_2693,0.34653472900390625
DBAASPS_2694,0.45544564723968506
DBAASPS_2695,0.3168317675590515
DBAASPS_2696,0.07920801639556885
DBAASPS_2697,0.10891103744506836
DBAASPS_2698,0.43564361333847046
DBAASPS_2699,0.574257493019104
DBAASPS_2700,0.43564361333847046
DBAASPS_2701,0.574257493019104
DBAASPS_2702,0.5346534848213196
DBAASPS_2703,0.5742574334144592
DBAASPS_2704,0.44554460048675537
DBAASPS_2705,0.5841584205627441
DBAASPS_2706,0.6138614416122437
DBAASPS_2707,0.43564361333847046
DBAASPS_2708,0.603960394859314
DBAASPS_2709,0.3960396647453308
DBAASPS_2710,0.5940594673156738
DBAASPS_2711,0.5742574334144592
DBAASPS_2712,0.7623762488365173
DBAASPS_2713,0.7821782231330872
DBAASPS_2714,0.7128713130950928
DBAASPS_2715,0.7425742149353027
DBAASPS_2716,0.7326732873916626
DBAASPS_2717,0.7227722406387329
DBAASPS_2718,0.8217821717262268
DBAASPS_2719,0.6336634159088135
DBAASPS_2721,0.4521452784538269
DBAASPS_2722,0.5082508325576782
DBAASPS_2739,0.11881208419799805
DBAASPS_2813,0.4653465747833252
DBAASPS_2814,0.41584163904190063
DBAASPS_2815,0.5445544719696045
DBAASPS_2817,0.7128713130950928
DBAASPS_2818,0.6336634159088135
DBAASPS_2822,0.7920792102813721
DBAASPS_2826,0.5247524976730347
DBAASPS_2827,0.3861386775970459
DBAASPS_2828,0.29702985286712646
DBAASPS_2835,0.12871301174163818
DBAASPS_2836,0.13861393928527832
DBAASPS_2837,0.1980198621749878
DBAASPS_2854,0.7722772359848022
DBAASPS_2869,0.5247524976730347
DBAASPS_2870,0.5544554591178894
DBAASPS_2872,0.801980197429657
DBAASPS_2873,0.7623762488365173
DBAASPS_2874,0.5742574334144592
DBAASPS_2875,0.485148549079895
DBAASPS_2876,0.5148515105247498
DBAASPS_2877,0.6237623691558838
DBAASPS_2955,0.8118811845779419
DBAASPS_2995,0.2574259042739868
DBAASPS_2996,0.35643571615219116
DBAASPS_2997,0.574257493019104
DBAASPS_2998,0.5940594673156738
DBAASPS_2999,0.7128713130950928
DBAASPS_3000,0.7524752616882324
DBAASPS_3013,0.2970297932624817
DBAASPS_3014,0.2277228832244873
DBAASPS_3015,0.21782195568084717
DBAASPS_3025,0.26732683181762695
DBAASPS_3027,0.4653465747833252
DBAASPS_3028,0.5544555187225342
DBAASPS_3029,0.5346535444259644
DBAASPS_3065,0.7722772359848022
DBAASPS_3089,0.4059406518936157
DBAASPS_3091,0.1584160327911377
DBAASPS_3092,0.33663374185562134
DBAASPS_3093,0.5742574334144592
DBAASPS_3094,0.7623762488365173
DBAASPS_3095,0.910891056060791
DBAASPS_3096,0.485148549079895
DBAASPS_3097,0.5445544719696045
DBAASPS_3098,0.7425742745399475
DBAASPS_3099,0.9801980257034302
DBAASPS_3100,0.4653465747833252
DBAASPS_3101,0.6237623691558838
DBAASPS_3102,0.9702970385551453
DBAASPR_3106,0.8217821717262268
DBAASPS_3118,0.7920792102813721
DBAASPS_3119,0.801980197429657
DBAASPS_3120,0.6435643434524536
DBAASPS_3121,0.7524752616882324
DBAASPS_3122,0.7524752616882324
DBAASPS_3123,0.7029702663421631
DBAASPS_3125,0.8316831588745117
DBAASPS_3126,0.8118811845779419
DBAASPS_3132,0.801980197429657
DBAASPS_3133,0.6237623691558838
DBAASPS_3134,0.41584163904190063
DBAASPS_3135,0.7227722406387329
DBAASPS_3136,0.7029702663421631
DBAASPS_3137,0.7029702663421631
DBAASPS_3138,0.7524752616882324
DBAASPS_3139,0.6336634159088135
DBAASPS_3140,0.7821782231330872
DBAASPS_3141,0.8415841460227966
DBAASPS_3142,0.8118811845779419
DBAASPS_3143,0.7722772359848022
DBAASPS_3144,0.7623762488365173
DBAASPS_3145,0.7128713130950928
DBAASPS_3146,0.7722772359848022
DBAASPS_3147,0.7524752616882324
DBAASPS_3148,0.8415841460227966
DBAASPS_3149,0.6435643434524536
DBAASPS_3150,0.6534653902053833
DBAASPS_3151,0.8118811845779419
DBAASPS_3152,0.7920792102813721
DBAASPS_3153,0.9207921028137207
DBAASPS_3158,0.6336634159088135
DBAASPS_3180,0.7920792102813721
DBAASPS_3182,0.7722772359848022
DBAASPS_3184,0.7920792102813721
DBAASPR_3199,0.10891103744506836
DBAASPS_3205,0.6732673645019531
DBAASPS_3206,0.7425742745399475
DBAASPS_3207,0.7722772359848022
DBAASPS_3209,0.6831682920455933
DBAASPS_3210,0.3861386775970459
DBAASPS_3211,0.33663368225097656
DBAASPS_3212,0.7029702663421631
DBAASPS_3213,0.5742574334144592
DBAASPS_3214,0.693069338798523
DBAASPS_3215,0.6237623691558838
DBAASPS_3216,0.5841584205627441
DBAASPS_3217,0.4653465747833252
DBAASPS_3218,0.4059406518936157
DBAASPS_3219,0.6534653902053833
DBAASPS_3220,0.7029702663421631
DBAASPR_3224,0.3267327547073364
DBAASPR_3227,0.6435643434524536
DBAASPS_3249,0.7821782231330872
DBAASPS_3250,0.7425742149353027
DBAASPS_3263,0.7821782231330872
DBAASPS_3264,0.7821782231330872
DBAASPS_3265,0.693069338798523
DBAASPS_3266,0.376237690448761
DBAASPS_3279,0.881188154220581
DBAASPS_3280,0.7524752616882324
DBAASPS_3281,0.8613861203193665
DBAASPS_3290,0.6534653902053833
DBAASPS_3293,0.6831682920455933
DBAASPS_3302,0.7623762488365173
DBAASPS_3305,0.7524752616882324
DBAASPS_3312,0.6138614416122437
DBAASPS_3313,0.6064356565475464
DBAASPS_3338,0.5445544719696045
DBAASPS_3339,0.6138614416122437
DBAASPS_3344,0.6831682920455933
DBAASPS_3356,0.8316831588745117
DBAASPS_3361,0.594059407711029
DBAASPS_3364,0.6237623691558838
DBAASPS_3365,0.7623761892318726
DBAASPS_3369,0.8613861203193665
DBAASPS_3372,0.7227722406387329
DBAASPS_3373,0.6633663177490234
DBAASPS_3376,0.5247524976730347
DBAASPS_3377,0.6138614416122437
DBAASPS_3378,0.4059406518936157
DBAASPS_3379,0.7128713130950928
DBAASPS_3382,0.5445544719696045
DBAASPR_3383,0.9504950642585754
DBAASPR_3385,0.9603960514068604
DBAASPS_3390,0.2772277593612671
DBAASPS_3394,0.5148515105247498
DBAASPS_3424,0.49504953622817993
DBAASPS_3425,0.9504950642585754
DBAASPR_3473,0.18811893463134766
DBAASPR_3487,0.04950511455535889
DBAASPR_3617,0.24752485752105713
DBAASPR_3618,0.1584160327911377
DBAASPR_3649,0.059406161308288574
DBAASPS_3661,0.8415841460227966
DBAASPS_3662,0.8712871074676514
DBAASPS_3663,0.7524752616882324
DBAASPS_3664,0.8316831588745117
DBAASPR_3736,0.5643564462661743
DBAASPR_3737,0.08910906314849854
DBAASPR_3738,0.16831696033477783
DBAASPR_3740,0.20792090892791748
DBAASPR_3742,0.148514986038208
DBAASPR_3743,0.06930708885192871
DBAASPR_3744,0.6237623691558838
DBAASPR_3745,0.24752485752105713
DBAASPR_3747,0.11881208419799805
DBAASPR_3748,0.41584163904190063
DBAASPR_3749,0.8514851331710815
DBAASPR_3750,0.04950511455535889
DBAASPR_3751,0.3861386775970459
DBAASPS_3756,0.4059406518936157
DBAASPS_3757,0.17821788787841797
DBAASPS_3758,0.21782195568084717
DBAASPR_3781,0.3069307804107666
DBAASPR_3790,0.9405940771102905
DBAASPS_3807,0.9405940771102905
DBAASPS_3809,0.9504950642585754
DBAASPR_3820,0.6435643434524536
DBAASPR_3841,0.8712871074676514
DBAASPS_3860,0.2871288061141968
DBAASPS_3862,0.3861386775970459
DBAASPS_3863,0.2871288061141968
DBAASPS_3868,0.2277228832244873
DBAASPS_3869,0.21782183647155762
DBAASPS_3870,0.3861386775970459
DBAASPS_3871,0.33663374185562134
DBAASPS_3872,0.41584163904190063
DBAASPS_3875,0.49009907245635986
DBAASPS_3876,0.3267327547073364
DBAASPS_3877,0.4554455876350403
DBAASPS_3878,0.3861386775970459
DBAASPS_3880,0.05940604209899902
DBAASPS_3881,0.08910906314849854
DBAASPS_3883,0.5049505233764648
DBAASPR_3898,0.8712871074676514
DBAASPS_3902,0.8613861203193665
DBAASPS_3903,0.5099010467529297
DBAASPS_3904,0.6534653902053833
DBAASPS_3905,0.8217821717262268
DBAASPS_3907,0.5346534848213196
DBAASPS_3908,0.7128713130950928
DBAASPS_3909,0.5841584205627441
DBAASPS_3910,0.3960396647453308
DBAASPR_3922,0.12871301174163818
DBAASPR_3924,0.059406161308288574
DBAASPR_3926,0.029703140258789062
DBAASPS_3932,0.7326732873916626
DBAASPS_3933,0.3267327547073364
DBAASPR_3937,0.8712871074676514
DBAASPR_3941,0.11881208419799805
DBAASPS_3950,0.881188154220581
DBAASPS_3951,0.9405940771102905
DBAASPS_3952,0.8910890817642212
DBAASPS_3953,0.8811880946159363
DBAASPS_3954,0.8910890817642212
DBAASPS_3955,0.8316831588745117
DBAASPS_3956,0.8316831588745117
DBAASPS_3957,0.8316831588745117
DBAASPS_3958,0.8316831588745117
DBAASPS_3959,0.8712871074676514
DBAASPS_3960,0.8514851331710815
DBAASPS_3961,0.8514851331710815
DBAASPS_3962,0.801980197429657
DBAASPS_3963,0.8811880946159363
DBAASPS_3964,0.9405940771102905
DBAASPS_3965,0.9405940771102905
DBAASPS_3966,0.8910890817642212
DBAASPS_3967,0.9306930899620056
DBAASPS_3968,0.8712871074676514
DBAASPS_3969,0.8514851331710815
DBAASPS_3970,0.9405940771102905
DBAASPS_3971,0.9405940771102905
DBAASPS_3972,0.8217821717262268
DBAASPS_3973,0.9009901285171509
DBAASPS_3974,0.9207921028137207
DBAASPS_3975,0.8514851331710815
DBAASPS_3976,0.8415841460227966
DBAASPS_3977,0.801980197429657
DBAASPS_3978,0.8415841460227966
DBAASPS_3979,0.9207921028137207
DBAASPS_3980,0.8613861203193665
DBAASPS_3981,0.8415841460227966
DBAASPS_3982,0.8415841460227966
DBAASPS_3983,0.8613861203193665
DBAASPS_3984,0.8415841460227966
DBAASPS_3986,0.9306930899620056
DBAASPS_3987,0.8712871074676514
DBAASPS_3988,0.8910890817642212
DBAASPS_3989,0.8514851331710815
DBAASPS_3990,0.9306930899620056
DBAASPS_3991,0.910891056060791
DBAASPS_3992,0.8217821717262268
DBAASPS_3993,0.8118811845779419
DBAASPS_3994,0.6435643434524536
DBAASPS_3996,0.7623762488365173
DBAASPS_3998,0.5346535444259644
DBAASPS_3999,0.6237623691558838
DBAASPS_4000,0.574257493019104
DBAASPS_4002,0.8910890817642212
DBAASPS_4003,0.5841584205627441
DBAASPS_4004,0.4554455876350403
DBAASPS_4005,0.5643564462661743
DBAASPS_4006,0.3267327547073364
DBAASPS_4007,0.148514986038208
DBAASPS_4008,0.06930708885192871
DBAASPS_4009,0.6336634159088135
DBAASPS_4010,0.04950511455535889
DBAASPS_4011,0.029703140258789062
DBAASPS_4012,0.4059406518936157
DBAASPS_4013,0.7227722406387329
DBAASPS_4014,0.693069338798523
DBAASPS_4015,0.7623762488365173
DBAASPS_4016,0.3861386775970459
DBAASPS_4017,0.8514851331710815
DBAASPS_4018,0.8613861203193665
DBAASPS_4019,0.5049505233764648
DBAASPS_4020,0.34653472900390625
DBAASPS_4021,0.5346535444259644
DBAASPS_4022,0.7029703259468079
DBAASPS_4023,0.7326732873916626
DBAASPS_4024,0.8613861203193665
DBAASPS_4025,0.8811880946159363
DBAASPS_4026,0.7227722406387329
DBAASPS_4027,0.49504953622817993
DBAASPS_4028,0.485148549079895
DBAASPS_4029,0.2871288061141968
DBAASPS_4030,0.5544554591178894
DBAASPS_4031,0.5742574334144592
DBAASPS_4032,0.8712871074676514
DBAASPS_4033,0.7227723002433777
DBAASPS_4034,0.6633663177490234
DBAASPS_4035,0.7425742745399475
DBAASPS_4036,0.5643564462661743
DBAASPS_4037,0.8415841460227966
DBAASPS_4038,0.603960394859314
DBAASPS_4039,0.6633663177490234
DBAASPS_4040,0.5049505233764648
DBAASPS_4041,0.6105610728263855
DBAASPS_4042,0.7920792102813721
DBAASPS_4043,0.6237623691558838
DBAASPS_4044,0.7722772359848022
DBAASPS_4045,0.7821782231330872
DBAASPS_4046,0.7227722406387329
DBAASPS_4047,0.5445544719696045
DBAASPS_4048,0.5049505233764648
DBAASPS_4049,0.8217821717262268
DBAASPS_4050,0.42574262619018555
DBAASPS_4051,0.6336634159088135
DBAASPS_4052,0.49504953622817993
DBAASPS_4053,0.8415841460227966
DBAASPS_4054,0.34653472900390625
DBAASPS_4055,0.6732673645019531
DBAASPS_4056,0.485148549079895
DBAASPS_4057,0.8415841460227966
DBAASPS_4058,0.44554460048675537
DBAASPS_4059,0.7029702663421631
DBAASPS_4060,0.5049505233764648
DBAASPS_4061,0.9207921028137207
DBAASPS_4062,0.6237623691558838
DBAASPS_4063,0.3069307804107666
DBAASPS_4064,0.41584163904190063
DBAASPS_4065,0.8712871074676514
DBAASPS_4066,0.29702985286712646
DBAASPS_4067,0.574257493019104
DBAASPS_4068,0.3267327547073364
DBAASPS_4069,0.8613861203193665
DBAASPS_4070,0.5742574334144592
DBAASPS_4071,0.7722772359848022
DBAASPS_4072,0.7029703259468079
DBAASPS_4073,0.7623762488365173
DBAASPS_4074,0.4554455876350403
DBAASPS_4075,0.9702970385551453
DBAASPS_4076,0.6732673645019531
DBAASPR_4079,0.019802093505859375
DBAASPR_4080,0.03960418701171875
DBAASPR_4084,0.10891103744506836
DBAASPR_4086,0.029703140258789062
DBAASPR_4095,0.10891103744506836
DBAASPS_4106,0.8910890817642212
DBAASPR_4109,0.594059407711029
DBAASPR_4111,0.8712871074676514
DBAASPR_4112,0.9009901285171509
DBAASPS_4114,0.6732673645019531
DBAASPR_4121,0.7623762488365173
DBAASPS_4129,0.41584163904190063
DBAASPS_4130,0.44554460048675537
DBAASPS_4131,0.08910906314849854
DBAASPS_4132,0.07920801639556885
DBAASPR_4134,0.9702970385551453
DBAASPR_4135,0.3663367033004761
DBAASPR_4150,1.0
DBAASPR_4153,1.0
DBAASPR_4155,0.9801980257034302
DBAASPR_4156,0.9603960514068604
DBAASPR_4157,0.9702970385551453
DBAASPR_4159,1.0
DBAASPR_4160,0.9009901285171509
DBAASPR_4172,0.8316831588745117
DBAASPR_4173,0.6336634159088135
DBAASPR_4174,0.6534653902053833
DBAASPR_4175,0.8514851331710815
DBAASPS_4176,0.3069307804107666
DBAASPR_4196,0.148514986038208
DBAASPR_4197,0.3069307804107666
DBAASPR_4200,0.07920801639556885
DBAASPR_4244,0.009901165962219238
DBAASPR_4245,0.07920801639556885
DBAASPR_4246,0.029703140258789062
DBAASPR_4247,0.03960418701171875
DBAASPS_4249,0.6732673645019531
DBAASPS_4250,0.3267327547073364
DBAASPS_4252,0.7623762488365173
DBAASPS_4253,0.8613861203193665
DBAASPS_4254,0.7425742149353027
DBAASPS_4255,0.7029702663421631
DBAASPS_4256,0.5346535444259644
DBAASPS_4257,0.4752475619316101
DBAASPS_4258,0.3267327547073364
DBAASPS_4259,0.5247524976730347
DBAASPS_4260,0.21782195568084717
DBAASPS_4261,0.13861405849456787
DBAASPS_4262,0.8415841460227966
DBAASPS_4263,0.801980197429657
DBAASPS_4264,0.801980197429657
DBAASPS_4265,0.7524752616882324
DBAASPR_4266,0.009901165962219238
DBAASPR_4267,0.029703140258789062
DBAASPS_4307,0.8316831588745117
DBAASPS_4308,0.8613861203193665
DBAASPS_4311,0.09901010990142822
DBAASPS_4312,0.11881208419799805
DBAASPS_4325,0.32343244552612305
DBAASPS_4326,0.15346544981002808
DBAASPS_4329,0.7920792102813721
DBAASPS_4332,0.7227722406387329
DBAASPS_4333,0.7821782231330872
DBAASPS_4334,0.2277228832244873
DBAASPS_4335,0.8316831588745117
DBAASPS_4336,0.8118811845779419
DBAASPS_4337,0.7920792102813721
DBAASPS_4339,0.6534653902053833
DBAASPS_4341,0.09900999069213867
DBAASPS_4342,0.3861386775970459
DBAASPR_4359,0.881188154220581
DBAASPS_4379,0.801980197429657
DBAASPS_4380,0.7128713130950928
DBAASPR_4385,0.6237623691558838
DBAASPR_4397,0.8514851331710815
DBAASPR_4402,0.9900990128517151
DBAASPR_4403,0.9801980257034302
DBAASPR_4404,0.9504950642585754
DBAASPR_4439,0.7029702663421631
DBAASPS_4448,0.7128713130950928
DBAASPS_4449,0.6633663177490234
DBAASPS_4450,0.7029702663421631
DBAASPS_4470,0.7128713130950928
DBAASPS_4471,0.09900999069213867
DBAASPS_4546,0.1980198621749878
DBAASPS_4547,0.6435643434524536
DBAASPS_4552,0.24752485752105713
DBAASPS_4557,0.06930708885192871
DBAASPS_4558,0.04950511455535889
DBAASPS_4559,0.1584160327911377
DBAASPS_4560,0.08910906314849854
DBAASPS_4561,0.3267327547073364
DBAASPS_4567,0.4653465747833252
DBAASPS_4573,0.44554460048675537
DBAASPS_4579,0.06930708885192871
DBAASPS_4580,0.24009907245635986
DBAASPS_4581,0.26732683181762695
DBAASPS_4587,0.6633663177490234
DBAASPS_4588,0.6435643434524536
DBAASPS_4589,0.574257493019104
DBAASPS_4590,0.6534653902053833
DBAASPS_4591,0.574257493019104
DBAASPS_4613,0.7425742745399475
DBAASPS_4614,0.7623762488365173
DBAASPS_4615,0.485148549079895
DBAASPS_4616,0.8316831588745117
DBAASPS_4617,0.7029702663421631
DBAASPS_4618,0.8613861799240112
DBAASPS_4630,0.7722772359848022
DBAASPS_4645,0.5643564462661743
DBAASPS_4646,0.7425742149353027
DBAASPS_4647,0.4059406518936157
DBAASPS_4653,0.34900999069213867
DBAASPS_4654,0.8217821717262268
DBAASPS_4655,0.27722787857055664
DBAASPS_4656,0.9801980257034302
DBAASPS_4657,0.3267327547073364
DBAASPS_4658,0.7722772359848022
DBAASPS_4659,0.9504950642585754
DBAASPS_4660,0.9702970385551453
DBAASPS_4661,0.8316831588745117
DBAASPS_4662,0.693069338798523
DBAASPS_4664,0.9900990128517151
DBAASPS_4665,0.24752485752105713
DBAASPS_4666,0.9801980257034302
DBAASPS_4667,0.4554455876350403
DBAASPS_4668,0.8217821717262268
DBAASPS_4669,0.9504950642585754
DBAASPS_4670,0.9504950642585754
DBAASPS_4671,0.7128713130950928
DBAASPS_4676,0.5643564462661743
DBAASPS_4677,0.5841584205627441
DBAASPS_4678,0.8217821717262268
DBAASPR_4679,0.2277228832244873
DBAASPS_4680,0.891089141368866
DBAASPS_4681,0.5742574334144592
DBAASPR_4684,0.23762381076812744
DBAASPR_4685,0.44554460048675537
DBAASPR_4686,0.26732683181762695
DBAASPR_4687,0.1188119649887085
DBAASPR_4688,0.21782183647155762
DBAASPR_4689,0.25742578506469727
DBAASPR_4690,0.3168318271636963
DBAASPR_4691,0.2871288061141968
DBAASPR_4692,0.9900990128517151
DBAASPS_4693,0.26732683181762695
DBAASPS_4694,0.148514986038208
DBAASPS_4695,0.009901165962219238
DBAASPR_4726,0.04950511455535889
DBAASPR_4727,0.2277228832244873
DBAASPS_4728,0.9504950642585754
DBAASPS_4729,0.8415841460227966
DBAASPS_4730,0.9009901285171509
DBAASPS_4731,0.9405940771102905
DBAASPS_4735,0.5940594673156738
DBAASPS_4740,0.6732673645019531
DBAASPS_4742,0.8118811845779419
DBAASPS_4760,0.8217821717262268
DBAASPS_4762,0.7326732873916626
DBAASPS_4763,0.6633663773536682
DBAASPS_4764,0.8613861203193665
DBAASPS_4765,0.7326732873916626
DBAASPS_4766,0.8514851331710815
DBAASPS_4768,0.801980197429657
DBAASPS_4769,0.8415841460227966
DBAASPS_4770,0.8118811845779419
DBAASPS_4772,0.7227722406387329
DBAASPS_4773,0.7524752616882324
DBAASPS_4774,0.7326732873916626
DBAASPS_4775,0.7524752616882324
DBAASPS_4776,0.5247524976730347
DBAASPS_4777,0.5049505233764648
DBAASPS_4778,0.7425742745399475
DBAASPS_4779,0.6732673645019531
DBAASPS_4780,0.5247524976730347
DBAASPS_4781,0.9207921028137207
DBAASPS_4782,0.3663367033004761
DBAASPS_4785,0.4554455876350403
DBAASPS_4786,0.8184818625450134
DBAASPS_4787,0.23762381076812744
DBAASPS_4790,0.5016502141952515
DBAASPS_4794,0.7524752616882324
DBAASPS_4795,0.7227723002433777
DBAASPS_4796,0.6831682920455933
DBAASPS_4797,0.6237623691558838
DBAASPS_4807,0.4752475619316101
DBAASPS_4808,0.34653472900390625
DBAASPS_4809,0.3168318271636963
DBAASPS_4810,0.2871288061141968
DBAASPS_4811,0.2871288061141968
DBAASPS_4814,0.5148515105247498
DBAASPS_4815,0.26732683181762695
DBAASPS_4818,0.8217821717262268
DBAASPS_4828,0.7524752616882324
DBAASPS_4829,0.8811880946159363
DBAASPS_4830,0.44554460048675537
DBAASPS_4831,0.7326732873916626
DBAASPS_4832,0.5247524976730347
DBAASPS_4833,0.1980198621749878
DBAASPS_4838,0.6633663177490234
DBAASPS_4843,0.49504953622817993
DBAASPS_4847,0.7227722406387329
DBAASPS_4850,0.23762381076812744
DBAASPS_4851,0.5049505233764648
DBAASPS_4852,0.4554455876350403
DBAASPS_4853,0.2772277593612671
DBAASPS_4854,0.3267327547073364
DBAASPS_4870,0.0792081356048584
DBAASPS_4872,0.8712871074676514
DBAASPR_4888,0.8118811845779419
DBAASPS_4894,0.7326732873916626
DBAASPS_4896,0.9009901285171509
DBAASPS_4897,0.8910890817642212
DBAASPS_4909,0.485148549079895
DBAASPS_4914,0.603960394859314
DBAASPS_4916,0.5841584205627441
DBAASPS_4917,0.6237623691558838
DBAASPS_4919,0.6237623691558838
DBAASPS_4920,0.6237623691558838
DBAASPS_4929,0.6831682920455933
DBAASPS_4930,0.5841584205627441
DBAASPS_4931,0.5841584205627441
DBAASPS_4949,0.44554460048675537
DBAASPS_4951,0.8316831588745117
DBAASPS_4952,0.4554455876350403
DBAASPS_4953,0.8217821717262268
DBAASPS_4954,0.5841584205627441
DBAASPS_4956,0.4653465747833252
DBAASPS_4957,0.34653472900390625
DBAASPS_4958,0.2574259042739868
DBAASPS_4959,0.7425742745399475
DBAASPS_4960,0.7029703259468079
DBAASPS_4961,0.6138614416122437
DBAASPS_4962,0.693069338798523
DBAASPS_4963,0.6138614416122437
DBAASPS_4964,0.35643571615219116
DBAASPS_4970,0.7029702663421631
DBAASPS_4971,0.019802093505859375
DBAASPS_4972,0.4653465747833252
DBAASPS_4973,0.4059406518936157
DBAASPS_4974,0.2772277593612671
DBAASPS_4976,0.3861386775970459
DBAASPS_4977,0.43564361333847046
DBAASPS_4980,0.8514851331710815
DBAASPS_4981,0.8712871074676514
DBAASPS_4984,0.9405940771102905
DBAASPS_4987,0.801980197429657
DBAASPS_4988,0.7524752616882324
DBAASPS_4989,0.8316831588745117
DBAASPS_5001,0.7326732873916626
DBAASPS_5004,0.801980197429657
DBAASPS_5014,0.5247524976730347
DBAASPS_5015,0.594059407711029
DBAASPS_5016,0.6237623691558838
DBAASPS_5017,0.7524752616882324
DBAASPS_5019,0.7128713130950928
DBAASPS_5020,0.6237623691558838
DBAASPS_5021,0.7722772359848022
DBAASPS_5023,0.594059407711029
DBAASPS_5024,0.6732673645019531
DBAASPS_5025,0.6336633563041687
DBAASPS_5026,0.6435643434524536
DBAASPS_5035,0.6732673645019531
DBAASPS_5036,0.7029703259468079
DBAASPS_5037,0.693069338798523
DBAASPS_5039,0.6732673645019531
DBAASPS_5040,0.7227722406387329
DBAASPS_5042,0.7425742745399475
DBAASPS_5043,0.9306930899620056
DBAASPS_5044,0.9207921028137207
DBAASPS_5045,0.9405940771102905
DBAASPS_5046,0.9405940771102905
DBAASPS_5047,0.8613861203193665
DBAASPS_5064,0.801980197429657
DBAASPS_5065,0.7128713130950928
DBAASPS_5066,0.8712871074676514
DBAASPS_5067,0.7425742745399475
DBAASPS_5068,0.9306930899620056
DBAASPS_5069,0.7722772359848022
DBAASPR_5082,0.8514851331710815
DBAASPS_5097,0.5049505233764648
DBAASPS_5099,0.49504953622817993
DBAASPS_5103,0.4653465747833252
DBAASPS_5108,0.9207921028137207
DBAASPS_5110,0.4059406518936157
DBAASPS_5112,0.4059406518936157
DBAASPS_5113,0.029703140258789062
DBAASPS_5120,0.376237690448761
DBAASPS_5122,0.49504953622817993
DBAASPR_5123,0.8415841460227966
DBAASPR_5125,0.7029702663421631
DBAASPS_5128,0.5940594673156738
DBAASPR_5131,0.16831696033477783
DBAASPR_5132,0.24752485752105713
DBAASPR_5133,0.24752485752105713
DBAASPS_5149,0.16831696033477783
DBAASPS_5169,0.6435643434524536
DBAASPS_5170,0.6732673645019531
DBAASPS_5179,0.603960394859314
DBAASPS_5182,0.8613861203193665
DBAASPS_5183,0.574257493019104
DBAASPS_5189,0.5445544719696045
DBAASPS_5190,0.3168318271636963
DBAASPS_5191,0.7425742745399475
DBAASPS_5192,0.6138614416122437
DBAASPS_5193,0.7524752616882324
DBAASPS_5201,0.6336634159088135
DBAASPS_5202,0.8316831588745117
DBAASPS_5203,0.6336634159088135
DBAASPS_5224,0.7425742745399475
DBAASPS_5244,0.693069338798523
DBAASPS_5246,0.6386138796806335
DBAASPS_5247,0.6435643434524536
DBAASPS_5248,0.5445544719696045
DBAASPS_5249,0.6138614416122437
DBAASPS_5250,0.693069338798523
DBAASPS_5251,0.5544554591178894
DBAASPS_5252,0.693069338798523
DBAASPS_5254,0.5445544719696045
DBAASPS_5255,0.6336634159088135
DBAASPS_5288,0.42574262619018555
DBAASPS_5289,0.594059407711029
DBAASPS_5290,0.4554455876350403
DBAASPS_5291,0.5346534848213196
DBAASPS_5292,0.35643571615219116
DBAASPS_5293,0.34653472900390625
DBAASPS_5294,0.4059406518936157
DBAASPS_5295,0.44554460048675537
DBAASPS_5296,0.5247524976730347
DBAASPS_5297,0.1980198621749878
DBAASPS_5298,0.34653472900390625
DBAASPR_5299,0.8316831588745117
DBAASPS_5302,0.7524752616882324
DBAASPS_5303,0.3069307804107666
DBAASPS_5305,0.574257493019104
DBAASPS_5307,0.8910890817642212
DBAASPS_5308,0.7326732873916626
DBAASPS_5309,0.485148549079895
DBAASPS_5310,0.6633663177490234
DBAASPS_5311,0.7920792102813721
DBAASPS_5312,0.801980197429657
DBAASPS_5314,0.8712871074676514
DBAASPS_5321,0.7821782231330872
DBAASPS_5322,0.8118811845779419
DBAASPS_5325,0.3663367033004761
DBAASPS_5327,0.3663367033004761
DBAASPR_5337,0.04950511455535889
DBAASPS_5345,0.9306930899620056
DBAASPS_5346,0.8316831588745117
DBAASPR_5352,0.2970297336578369
DBAASPR_5356,0.23762381076812744
DBAASPR_5372,0.3861386775970459
DBAASPR_5373,0.13861405849456787
DBAASPS_5397,0.5148515105247498
DBAASPS_5398,0.485148549079895
DBAASPS_5399,0.4554455876350403
DBAASPS_5400,0.5148515105247498
DBAASPR_5402,0.8514851331710815
DBAASPR_5404,0.7722772359848022
DBAASPR_5408,0.8712871074676514
DBAASPR_5409,0.41584163904190063
DBAASPR_5410,0.25742578506469727
DBAASPR_5411,0.34653472900390625
DBAASPS_5412,0.3366338014602661
DBAASPS_5413,0.594059407711029
DBAASPS_5414,0.3069307804107666
DBAASPS_5415,0.18811893463134766
DBAASPS_5416,0.49504953622817993
DBAASPR_5418,0.8514851331710815
DBAASPS_5420,0.6237623691558838
DBAASPS_5421,0.8712871074676514
DBAASPS_5422,0.6336634159088135
DBAASPS_5423,0.6831682920455933
DBAASPS_5424,0.2871288061141968
DBAASPR_5425,0.693069338798523
DBAASPR_5426,0.42574262619018555
DBAASPR_5427,0.08910906314849854
DBAASPR_5440,0.20792090892791748
DBAASPR_5441,0.10891103744506836
DBAASPR_5442,0.148514986038208
DBAASPS_5452,0.7128713130950928
DBAASPS_5453,0.8217821717262268
DBAASPS_5454,0.6732673645019531
DBAASPS_5456,0.42574262619018555
DBAASPS_5457,0.19801998138427734
DBAASPS_5458,0.1980198621749878
DBAASPS_5459,0.17821800708770752
DBAASPS_5461,0.12871301174163818
DBAASPS_5462,0.12871301174163818
DBAASPS_5463,0.1584160327911377
DBAASPS_5464,0.13861405849456787
DBAASPS_5465,0.06930708885192871
DBAASPS_5468,0.6237623691558838
DBAASPS_5469,0.5247524976730347
DBAASPS_5470,0.44554460048675537
DBAASPS_5471,0.4653465747833252
DBAASPS_5472,0.43564361333847046
DBAASPS_5473,0.574257493019104
DBAASPS_5474,0.3663367033004761
DBAASPS_5475,0.44554460048675537
DBAASPS_5476,0.6336634159088135
DBAASPS_5477,0.5940594673156738
DBAASPS_5478,0.3366338014602661
DBAASPS_5479,0.35643571615219116
DBAASPS_5480,0.4653465747833252
DBAASPS_5491,0.5049505233764648
DBAASPS_5492,0.7425742745399475
DBAASPS_5493,0.8910890817642212
DBAASPS_5495,0.9801980257034302
DBAASPS_5496,0.7821782231330872
DBAASPR_5500,0.3168317675590515
DBAASPS_5510,0.8910890817642212
DBAASPS_5521,0.4554455876350403
DBAASPS_5522,0.5346534848213196
DBAASPS_5523,0.5643564462661743
DBAASPS_5524,0.3960396647453308
DBAASPR_5525,0.881188154220581
DBAASPR_5526,0.9009901285171509
DBAASPR_5527,0.8415841460227966
DBAASPS_5535,0.8514851331710815
DBAASPS_5536,0.7425742745399475
DBAASPS_5537,0.8613861799240112
DBAASPS_5538,0.5445544719696045
DBAASPS_5541,0.485148549079895
DBAASPS_5543,0.3069307804107666
DBAASPS_5544,0.2277228832244873
DBAASPR_5545,0.46287137269973755
DBAASPS_5548,0.5049505233764648
DBAASPS_5549,0.5643564462661743
DBAASPS_5560,0.8217821717262268
DBAASPS_5561,0.9801980257034302
DBAASPS_5562,0.9207921028137207
DBAASPS_5570,0.6336634159088135
DBAASPS_5571,0.6138614416122437
DBAASPS_5572,0.6237623691558838
DBAASPS_5573,0.8613861203193665
DBAASPS_5574,0.8613861203193665
DBAASPS_5575,0.8613861203193665
DBAASPS_5576,0.6633663177490234
DBAASPS_5577,0.6732673645019531
DBAASPS_5578,0.6732673645019531
DBAASPR_5579,0.24752485752105713
DBAASPR_5580,0.25742578506469727
DBAASPS_5585,0.5148515105247498
DBAASPS_5586,0.7920792102813721
DBAASPS_5593,0.376237690448761
DBAASPR_5603,0.8514851331710815
DBAASPR_5604,0.574257493019104
DBAASPR_5605,0.5544555187225342
DBAASPR_5606,0.7524752616882324
DBAASPR_5607,0.35643571615219116
DBAASPR_5608,0.5544554591178894
DBAASPR_5610,0.8514851331710815
DBAASPS_5617,0.881188154220581
DBAASPR_5624,0.7524752616882324
DBAASPS_5628,0.148514986038208
DBAASPS_5630,0.2772277593612671
DBAASPS_5631,0.24752485752105713
DBAASPS_5632,0.7524752616882324
DBAASPS_5635,0.4554455876350403
DBAASPS_5636,0.4653465747833252
DBAASPS_5637,0.5049505233764648
DBAASPS_5638,0.8613861799240112
DBAASPS_5640,0.801980197429657
DBAASPS_5645,1.0
DBAASPR_5647,0.05940604209899902
DBAASPR_5649,0.2970297336578369
DBAASPS_5653,0.7722772359848022
DBAASPS_5654,0.801980197429657
DBAASPS_5655,0.7920792102813721
DBAASPS_5657,0.7326732873916626
DBAASPS_5661,0.7920792102813721
DBAASPS_5663,0.7326732873916626
DBAASPS_5664,0.7227722406387329
DBAASPS_5665,0.4059406518936157
DBAASPS_5666,0.7524752616882324
DBAASPS_5667,0.5247524976730347
DBAASPR_5668,0.8316831588745117
DBAASPR_5681,1.0
DBAASPR_5682,0.8712871074676514
DBAASPR_5685,0.7673267126083374
DBAASPR_5686,0.8316831588745117
DBAASPR_5688,0.9900990128517151
DBAASPR_5689,1.0
DBAASPR_5690,1.0
DBAASPR_5691,0.18811893463134766
DBAASPS_5700,0.9009901285171509
DBAASPS_5701,0.9009901285171509
DBAASPS_5702,0.881188154220581
DBAASPS_5703,0.8910890817642212
DBAASPS_5704,0.9207921028137207
DBAASPS_5705,0.9108911156654358
DBAASPS_5706,0.8811880946159363
DBAASPS_5707,0.594059407711029
DBAASPS_5711,0.7821782231330872
DBAASPS_5724,0.3069307804107666
DBAASPS_5725,0.13861405849456787
DBAASPR_5729,0.801980197429657
DBAASPS_5733,0.7128713130950928
DBAASPS_5734,0.8613861799240112
DBAASPS_5735,0.7029702663421631
DBAASPR_5736,0.9009901285171509
DBAASPS_5737,0.7821782231330872
DBAASPS_5738,0.7623762488365173
DBAASPS_5739,0.7722772359848022
DBAASPS_5740,0.7227722406387329
DBAASPS_5745,0.6336634159088135
DBAASPS_5746,0.5181518793106079
DBAASPS_5747,0.8415841460227966
DBAASPS_5748,0.8217821717262268
DBAASPS_5749,0.6138614416122437
DBAASPS_5750,0.6237623691558838
DBAASPS_5767,0.3861386775970459
DBAASPS_5768,0.693069338798523
DBAASPS_5769,0.7920792102813721
DBAASPS_5770,0.8118811845779419
DBAASPR_5771,0.8415842056274414
DBAASPR_5783,0.7029702663421631
DBAASPS_5784,0.7623761892318726
DBAASPS_5785,0.33663374185562134
DBAASPS_5797,0.7029702663421631
DBAASPS_5798,0.6831682920455933
DBAASPS_5801,0.9702970385551453
DBAASPS_5802,0.8118811845779419
DBAASPR_5803,0.9207921028137207
DBAASPR_5810,0.4653465747833252
DBAASPS_5819,0.7227722406387329
DBAASPS_5820,0.7425742745399475
DBAASPS_5821,0.5148515105247498
DBAASPS_5823,0.5544554591178894
DBAASPS_5824,0.3861386775970459
DBAASPS_5825,0.6089109182357788
DBAASPS_5826,0.5742574334144592
DBAASPS_5827,0.7326732873916626
DBAASPS_5829,0.3267327547073364
DBAASPS_5830,0.3069307804107666
DBAASPS_5831,0.148514986038208
DBAASPR_5836,0.029703140258789062
DBAASPS_5842,0.9702970385551453
DBAASPS_5843,0.9504950642585754
DBAASPS_5844,0.7821782231330872
DBAASPS_5845,0.8118811845779419
DBAASPS_5846,0.10891103744506836
DBAASPS_5847,0.29702985286712646
DBAASPS_5848,0.3069307804107666
DBAASPS_5852,0.4653465747833252
DBAASPS_5860,0.8118811845779419
DBAASPS_5861,0.7722772359848022
DBAASPS_5862,0.7524752616882324
DBAASPS_5863,0.41584163904190063
DBAASPS_5864,0.3069307804107666
DBAASPS_5866,0.4554455876350403
DBAASPS_5875,0.5841584205627441
DBAASPR_5882,0.6336633563041687
DBAASPR_5885,0.9801980257034302
DBAASPS_5890,0.6732673645019531
DBAASPS_5892,0.7425742149353027
DBAASPS_5895,0.21782195568084717
DBAASPS_5920,0.21782183647155762
DBAASPS_5921,0.1584160327911377
DBAASPS_5922,0.5445544719696045
DBAASPS_5923,0.35643571615219116
DBAASPS_5924,0.5049505233764648
DBAASPS_5925,0.19801998138427734
DBAASPS_5927,0.03960418701171875
DBAASPS_5928,0.21782183647155762
DBAASPS_5929,0.07920801639556885
DBAASPS_5937,0.6633663177490234
DBAASPS_5938,0.6534653902053833
DBAASPS_5939,0.43564361333847046
DBAASPS_5940,0.6336634159088135
DBAASPS_5941,0.6435644030570984
DBAASPS_5952,0.25742578506469727
DBAASPS_5953,0.19801998138427734
DBAASPS_5954,0.237623929977417
DBAASPS_5955,0.43564361333847046
DBAASPS_5956,0.20792090892791748
DBAASPS_5957,0.1188119649887085
DBAASPS_5958,0.10891103744506836
DBAASPS_5959,0.029703140258789062
DBAASPS_5960,0.08910906314849854
DBAASPS_5961,0.21782183647155762
DBAASPS_5962,0.3267327547073364
DBAASPS_5972,0.8316831588745117
DBAASPS_5984,0.3069307804107666
DBAASPS_5986,0.07920801639556885
DBAASPS_5987,0.24752485752105713
DBAASPS_5988,0.21782183647155762
DBAASPS_5998,0.881188154220581
DBAASPS_6001,0.881188154220581
DBAASPS_6002,0.8712871074676514
DBAASPS_6003,0.8514851331710815
DBAASPS_6004,0.8415841460227966
DBAASPS_6012,0.12871301174163818
DBAASPS_6014,0.059406161308288574
DBAASPS_6015,0.04950511455535889
DBAASPS_6016,0.06930708885192871
DBAASPS_6017,0.05940604209899902
DBAASPS_6020,0.4653465747833252
DBAASPS_6044,0.9009901285171509
DBAASPS_6045,0.7425742745399475
DBAASPS_6047,0.9207921028137207
DBAASPS_6055,0.8712871074676514
DBAASPS_6056,0.0792081356048584
DBAASPS_6058,0.12871301174163818
DBAASPS_6066,0.059406161308288574
DBAASPS_6067,0.059406161308288574
DBAASPR_6075,0.15841591358184814
DBAASPS_6078,0.8118811845779419
DBAASPS_6079,0.17821788787841797
DBAASPS_6086,0.8712871074676514
DBAASPS_6087,0.5082508325576782
DBAASPS_6097,0.06930708885192871
DBAASPS_6098,0.06930708885192871
DBAASPS_6099,0.08910906314849854
DBAASPS_6100,0.10891103744506836
DBAASPS_6101,0.07920801639556885
DBAASPS_6102,0.07920801639556885
DBAASPS_6103,0.08910906314849854
DBAASPS_6104,0.5445544719696045
DBAASPS_6105,0.1188119649887085
DBAASPS_6106,0.09901010990142822
DBAASPS_6107,0.12871301174163818
DBAASPS_6111,0.603960394859314
DBAASPS_6135,0.4752475619316101
DBAASPS_6187,0.4653465747833252
DBAASPS_6188,0.4653465747833252
DBAASPS_6189,0.33663374185562134
DBAASPS_6190,0.5148515105247498
DBAASPS_6191,0.5148515105247498
DBAASPS_6192,0.485148549079895
DBAASPS_6193,0.5049505233764648
DBAASPS_6194,0.5049505233764648
DBAASPS_6195,0.5841584205627441
DBAASPS_6196,0.5841584205627441
DBAASPS_6201,0.7920792102813721
DBAASPS_6202,0.7029703259468079
DBAASPS_6208,0.5049505233764648
DBAASPS_6234,0.7326732873916626
DBAASPS_6235,0.5643564462661743
DBAASPS_6236,0.693069338798523
DBAASPS_6243,0.5643564462661743
DBAASPS_6246,0.6237623691558838
DBAASPS_6247,0.7623761892318726
DBAASPS_6249,0.7425742149353027
DBAASPS_6251,0.8613861203193665
DBAASPS_6307,0.29702985286712646
DBAASPS_6310,0.3960397243499756
DBAASPS_6311,0.49504953622817993
DBAASPS_6312,0.5643564462661743
DBAASPR_6320,0.1584160327911377
DBAASPS_6322,0.2871288061141968
DBAASPS_6323,0.18811893463134766
DBAASPS_6326,0.41584163904190063
DBAASPS_6327,0.2277228832244873
DBAASPS_6328,0.5346534848213196
DBAASPS_6329,0.5049505233764648
DBAASPS_6330,0.3861386775970459
DBAASPS_6331,0.29702985286712646
DBAASPS_6336,0.6336634159088135
DBAASPS_6342,0.6534653902053833
DBAASPS_6343,0.6831682920455933
DBAASPS_6345,0.6237623691558838
DBAASPS_6349,0.693069338798523
DBAASPS_6353,0.6633663177490234
DBAASPS_6356,0.6633663177490234
DBAASPS_6370,0.20792090892791748
DBAASPS_6372,0.4059406518936157
DBAASPS_6375,0.1188119649887085
DBAASPS_6376,0.3267327547073364
DBAASPS_6377,0.2277228832244873
DBAASPS_6378,0.3267327547073364
DBAASPS_6379,0.05940604209899902
DBAASPS_6380,0.24752485752105713
DBAASPR_6384,0.9306930899620056
DBAASPR_6385,0.8910890817642212
DBAASPS_6386,0.49504953622817993
DBAASPS_6387,0.12871301174163818
DBAASPS_6388,0.21782195568084717
DBAASPS_6389,0.09901010990142822
DBAASPS_6390,0.1188119649887085
DBAASPS_6392,0.03960418701171875
DBAASPS_6394,0.08910906314849854
DBAASPS_6395,0.8613861799240112
DBAASPS_6396,0.009901165962219238
DBAASPS_6398,0.485148549079895
DBAASPS_6399,0.35643571615219116
DBAASPS_6401,0.376237690448761
DBAASPS_6402,0.06930708885192871
DBAASPS_6403,0.8118811845779419
DBAASPS_6410,0.4653465747833252
DBAASPS_6411,0.33663374185562134
DBAASPS_6412,0.603960394859314
DBAASPS_6414,0.6633663177490234
DBAASPS_6417,0.05940604209899902
DBAASPS_6418,0.21782195568084717
DBAASPS_6419,0.26732683181762695
DBAASPS_6420,1.1920928955078125e-07
DBAASPS_6421,0.49504953622817993
DBAASPS_6422,0.0396040678024292
DBAASPS_6423,0.42574262619018555
DBAASPS_6428,0.5148515105247498
DBAASPS_6430,0.11881208419799805
DBAASPS_6435,0.3168318271636963
DBAASPS_6436,0.1584160327911377
DBAASPS_6437,0.20792090892791748
DBAASPS_6438,0.21782183647155762
DBAASPS_6439,1.1920928955078125e-07
DBAASPS_6440,0.009901165962219238
DBAASPS_6441,0.3069307804107666
DBAASPS_6443,0.148514986038208
DBAASPS_6444,0.12871301174163818
DBAASPS_6446,0.18811893463134766
DBAASPS_6448,0.18811893463134766
DBAASPS_6449,0.237623929977417
DBAASPS_6456,0.24752485752105713
DBAASPS_6457,0.237623929977417
DBAASPS_6458,0.23762381076812744
DBAASPS_6459,0.24752485752105713
DBAASPR_6462,0.33663374185562134
DBAASPR_6463,0.6336634159088135
DBAASPR_6464,0.029703140258789062
DBAASPS_6475,0.21782195568084717
DBAASPS_6491,0.6336634159088135
DBAASPS_6498,0.485148549079895
DBAASPS_6499,0.6435643434524536
DBAASPS_6501,0.8118811845779419
DBAASPS_6503,0.1188119649887085
DBAASPS_6505,0.11881208419799805
DBAASPS_6521,0.5742574334144592
DBAASPS_6525,0.8613861799240112
DBAASPS_6526,0.9306930899620056
DBAASPS_6527,0.8910890817642212
DBAASPS_6528,0.8217821717262268
DBAASPS_6529,0.7920792102813721
DBAASPS_6542,0.376237690448761
DBAASPS_6544,0.35643571615219116
DBAASPS_6545,0.24752485752105713
DBAASPS_6551,0.3861386775970459
DBAASPS_6559,0.10891103744506836
DBAASPS_6561,0.08910906314849854
DBAASPS_6563,0.0792081356048584
DBAASPS_6565,0.08910906314849854
DBAASPS_6567,0.42574262619018555
DBAASPS_6574,0.1584160327911377
DBAASPS_6576,0.06930708885192871
DBAASPS_6581,0.5396040081977844
DBAASPS_6586,0.5049505233764648
DBAASPS_6588,0.5247524976730347
DBAASPS_6589,0.5247524976730347
DBAASPS_6625,0.09900999069213867
DBAASPS_6649,0.7128713130950928
DBAASPS_6650,0.8316831588745117
DBAASPS_6651,0.8514851331710815
DBAASPS_6657,0.3663367033004761
DBAASPS_6662,0.26732683181762695
DBAASPS_6669,0.6336634159088135
DBAASPS_6670,0.04950511455535889
DBAASPS_6695,0.3069307804107666
DBAASPS_6696,0.5940594673156738
DBAASPS_6697,0.603960394859314
DBAASPS_6698,0.693069338798523
DBAASPS_6699,0.42574262619018555
DBAASPS_6700,0.6138614416122437
DBAASPS_6718,0.09901010990142822
DBAASPS_6720,0.0792081356048584
DBAASPS_6722,0.08910906314849854
DBAASPS_6723,0.21782195568084717
DBAASPS_6724,0.04950511455535889
DBAASPS_6748,0.801980197429657
DBAASPS_6750,0.603960394859314
DBAASPS_6752,0.7227722406387329
DBAASPS_6753,0.5841584205627441
DBAASPS_6754,0.6138614416122437
DBAASPS_6756,0.2970297336578369
DBAASPS_6757,0.6138614416122437
DBAASPS_6759,0.693069338798523
DBAASPS_6762,0.3663367033004761
DBAASPS_6763,0.603960394859314
DBAASPS_6765,0.7524752616882324
DBAASPR_6766,0.35643571615219116
DBAASPS_6768,0.6237623691558838
DBAASPS_6769,0.6633663177490234
DBAASPS_6770,0.594059407711029
DBAASPS_6771,0.5445544719696045
DBAASPS_6772,0.5445544719696045
DBAASPS_6773,0.20792090892791748
DBAASPS_6775,0.8415841460227966
DBAASPS_6776,0.376237690448761
DBAASPS_6778,0.8910890817642212
DBAASPS_6779,0.13861405849456787
DBAASPS_6787,1.1920928955078125e-07
DBAASPS_6788,0.009901165962219238
DBAASPS_6789,0.029703140258789062
DBAASPS_6790,0.15841591358184814
DBAASPS_6791,0.09901010990142822
DBAASPS_6802,0.09900999069213867
DBAASPS_6803,0.3069307804107666
DBAASPS_6818,0.7029702663421631
DBAASPS_6819,0.6435643434524536
DBAASPS_6820,0.9207921028137207
DBAASPS_6823,0.6138613820075989
DBAASPS_6824,0.574257493019104
DBAASPR_6836,0.9504950642585754
DBAASPS_6846,0.8118811845779419
DBAASPS_6847,0.8118811845779419
DBAASPS_6848,0.7227722406387329
DBAASPS_6849,0.7623761892318726
DBAASPS_6850,0.6237623691558838
DBAASPS_6857,0.6435643434524536
DBAASPS_6858,0.6831682920455933
DBAASPS_6859,0.5148515701293945
DBAASPS_6860,0.5841584205627441
DBAASPS_6861,0.8217821717262268
DBAASPS_6862,0.7821782231330872
DBAASPS_6863,0.8613861203193665
DBAASPS_6864,0.910891056060791
DBAASPS_6872,0.6633663177490234
DBAASPS_6874,0.7128713130950928
DBAASPS_6875,0.6237623691558838
DBAASPS_6876,0.5445544719696045
DBAASPS_6877,0.42574262619018555
DBAASPS_6878,0.35643571615219116
DBAASPS_6879,0.2970297336578369
DBAASPS_6895,0.5016502141952515
DBAASPS_6896,0.3960396647453308
DBAASPS_6897,0.9009901285171509
DBAASPS_6898,0.8118811845779419
DBAASPS_6899,0.6138614416122437
DBAASPS_6900,0.7326732873916626
DBAASPS_6901,0.6831682920455933
DBAASPS_6902,0.4554455876350403
DBAASPS_6903,0.6435643434524536
DBAASPS_6904,0.7524752616882324
DBAASPS_6905,0.6534653902053833
DBAASPS_6906,0.6237623691558838
DBAASPS_6907,0.6798679828643799
DBAASPS_6908,0.485148549079895
DBAASPS_6909,0.3861386775970459
DBAASPS_6910,0.4653465747833252
DBAASPS_6913,0.6633663177490234
DBAASPS_6919,0.5643564462661743
DBAASPS_6920,0.5643564462661743
DBAASPS_6923,0.801980197429657
DBAASPS_6924,0.8514851331710815
DBAASPS_6925,0.8118811845779419
DBAASPS_6926,0.7326732873916626
DBAASPS_6927,0.8415841460227966
DBAASPS_6929,0.881188154220581
DBAASPS_6931,0.8514851331710815
DBAASPS_6932,0.8217821717262268
DBAASPS_6933,0.8712871074676514
DBAASPS_6934,0.8217821717262268
DBAASPS_6935,0.8613861203193665
DBAASPS_6936,0.8613861203193665
DBAASPS_6937,0.8613861203193665
DBAASPS_6938,1.0
DBAASPS_6942,0.6138614416122437
DBAASPS_6943,0.6138614416122437
DBAASPS_6944,0.6699670553207397
DBAASPS_6945,0.7194719314575195
DBAASPS_6947,0.7194719314575195
DBAASPS_6948,0.7194719314575195
DBAASPS_6949,0.6600660085678101
DBAASPS_6950,0.4653465747833252
DBAASPS_6951,0.5445544719696045
DBAASPS_6952,0.5544554591178894
DBAASPS_6953,0.4653465747833252
DBAASPS_6954,0.5643564462661743
DBAASPS_6955,0.5544554591178894
DBAASPS_6956,0.6138614416122437
DBAASPS_6957,0.5742574334144592
DBAASPS_6958,0.5742574334144592
DBAASPS_6959,0.5742574334144592
DBAASPS_6960,0.5808581113815308
DBAASPS_6961,0.6204620599746704
DBAASPS_6962,0.8910890817642212
DBAASPS_6963,0.9009901285171509
DBAASPS_6964,0.8316831588745117
DBAASPS_6965,0.8910890817642212
DBAASPS_6966,0.8910890817642212
DBAASPS_6967,0.7227723002433777
DBAASPS_6968,0.6732673645019531
DBAASPS_6969,0.6831682920455933
DBAASPS_6970,0.6435643434524536
DBAASPS_6971,0.881188154220581
DBAASPS_6972,0.7920792102813721
DBAASPS_6973,0.3267327547073364
DBAASPS_6974,0.7029702663421631
DBAASPS_6975,0.7029702663421631
DBAASPS_6976,0.7128713130950928
DBAASPS_6977,0.7920792102813721
DBAASPS_6978,0.7524752616882324
DBAASPS_6979,0.7425742149353027
DBAASPS_6980,0.7029702663421631
DBAASPS_6981,0.6831682920455933
DBAASPS_6982,0.6336634159088135
DBAASPS_6983,0.7722772359848022
DBAASPS_6984,0.7920792102813721
DBAASPS_6991,0.7425742745399475
DBAASPS_6992,0.7326732873916626
DBAASPS_6993,0.7920792102813721
DBAASPS_7001,0.8712871074676514
DBAASPR_7005,0.09900999069213867
DBAASPS_7015,0.04950511455535889
DBAASPS_7019,0.6534653902053833
DBAASPS_7020,0.6138613820075989
DBAASPS_7021,0.376237690448761
DBAASPS_7022,0.7227722406387329
DBAASPS_7024,0.5643564462661743
DBAASPS_7025,0.7227722406387329
DBAASPS_7026,0.6188119053840637
DBAASPS_7028,0.7227722406387329
DBAASPS_7037,0.5940594673156738
DBAASPS_7042,0.6930692791938782
DBAASPS_7043,0.7326732873916626
DBAASPS_7044,0.7821782231330872
DBAASPS_7045,0.7227722406387329
DBAASPS_7048,0.7623762488365173
DBAASPS_7053,0.7326732873916626
DBAASPS_7054,0.8415842056274414
DBAASPS_7055,0.6831682920455933
DBAASPS_7057,0.7029702663421631
DBAASPS_7059,0.7326732873916626
DBAASPS_7060,0.3861386775970459
DBAASPS_7062,0.42574262619018555
DBAASPS_7065,0.6732673645019531
DBAASPS_7067,0.5841584205627441
DBAASPS_7075,0.7326732873916626
DBAASPS_7087,0.41584163904190063
DBAASPS_7092,0.44554460048675537
DBAASPS_7093,0.5148515105247498
DBAASPS_7094,0.4653465747833252
DBAASPS_7095,0.35643571615219116
DBAASPS_7102,0.8514851331710815
DBAASPS_7103,0.801980197429657
DBAASPS_7104,0.7524752616882324
DBAASPS_7105,0.7326732873916626
DBAASPS_7109,0.6237623691558838
DBAASPS_7110,0.5346535444259644
DBAASPS_7111,0.6534653902053833
DBAASPS_7113,0.7029703259468079
DBAASPS_7121,0.35643571615219116
DBAASPS_7122,0.44554460048675537
DBAASPS_7123,0.6831682920455933
DBAASPS_7124,0.5049505233764648
DBAASPS_7141,0.10891103744506836
DBAASPS_7142,0.2772277593612671
DBAASPS_7144,0.5346534848213196
DBAASPS_7146,0.5346535444259644
DBAASPS_7147,0.5346534848213196
DBAASPS_7148,0.7425742149353027
DBAASPS_7149,0.7524752616882324
DBAASPS_7150,0.693069338798523
DBAASPS_7153,0.7524752616882324
DBAASPS_7155,0.8514851331710815
DBAASPS_7156,0.8415841460227966
DBAASPS_7163,0.7326732873916626
DBAASPS_7164,0.801980197429657
DBAASPS_7166,0.485148549079895
DBAASPS_7173,0.693069338798523
DBAASPS_7180,0.3960396647453308
DBAASPS_7182,0.16831696033477783
DBAASPS_7208,0.5742574334144592
DBAASPS_7209,0.4554455876350403
DBAASPS_7210,0.5445544719696045
DBAASPS_7218,0.8910890817642212
DBAASPS_7219,0.8910890817642212
DBAASPS_7227,0.9009901285171509
DBAASPS_7234,0.2871288061141968
DBAASPS_7235,0.27722787857055664
DBAASPS_7236,0.6633663177490234
DBAASPS_7239,0.20792090892791748
DBAASPS_7242,0.7425742149353027
DBAASPS_7244,0.801980197429657
DBAASPS_7245,0.7722772359848022
DBAASPS_7246,0.7425742149353027
DBAASPS_7250,0.9603960514068604
DBAASPS_7259,0.9009901285171509
DBAASPS_7263,0.8118811845779419
DBAASPS_7266,0.801980197429657
DBAASPS_7268,0.801980197429657
DBAASPS_7271,0.8415841460227966
DBAASPS_7272,0.8316831588745117
DBAASPS_7276,0.7326732873916626
DBAASPS_7279,0.7821782231330872
DBAASPS_7285,0.8415841460227966
DBAASPS_7288,0.801980197429657
DBAASPS_7289,0.6336634159088135
DBAASPS_7290,0.7920792102813721
DBAASPS_7291,0.8118811845779419
DBAASPS_7309,0.3960396647453308
DBAASPS_7311,0.4752475619316101
DBAASPS_7312,0.6138614416122437
DBAASPS_7313,0.5643564462661743
DBAASPS_7314,0.5643564462661743
DBAASPS_7315,0.376237690448761
DBAASPS_7316,0.6138614416122437
DBAASPS_7317,0.4554455876350403
DBAASPS_7318,0.3267327547073364
DBAASPS_7321,0.43564361333847046
DBAASPS_7323,0.2772277593612671
DBAASPS_7327,0.8217821717262268
DBAASPS_7328,0.9405940771102905
DBAASPS_7330,0.3267327547073364
DBAASPS_7331,0.42574262619018555
DBAASPS_7332,0.42574262619018555
DBAASPS_7333,0.34653472900390625
DBAASPS_7334,0.4554455876350403
DBAASPS_7335,0.4554455876350403
DBAASPS_7336,0.4752475619316101
DBAASPS_7337,0.5148515105247498
DBAASPS_7338,0.4653465747833252
DBAASPS_7339,0.4059406518936157
DBAASPS_7357,0.9504950642585754
DBAASPS_7359,0.9405940771102905
DBAASPS_7361,0.7227722406387329
DBAASPS_7363,0.6633663177490234
DBAASPS_7367,0.7029702663421631
DBAASPS_7368,0.5346534848213196
DBAASPS_7369,0.5841584205627441
DBAASPS_7370,0.3267327547073364
DBAASPS_7371,0.26732683181762695
DBAASPS_7372,0.7326732873916626
DBAASPS_7373,0.6732673645019531
DBAASPS_7374,0.376237690448761
DBAASPS_7375,0.5841584205627441
DBAASPS_7378,0.25742578506469727
DBAASPS_7379,0.20792090892791748
DBAASPS_7380,0.15841591358184814
DBAASPS_7393,0.7227723002433777
DBAASPS_7394,0.8613861799240112
DBAASPS_7395,0.35643571615219116
DBAASPS_7396,0.33663374185562134
DBAASPS_7398,0.485148549079895
DBAASPS_7399,0.15841591358184814
DBAASPS_7400,0.16831696033477783
DBAASPS_7401,0.485148549079895
DBAASPS_7402,0.148514986038208
DBAASPS_7403,0.148514986038208
DBAASPS_7404,0.6633663177490234
DBAASPS_7405,0.3663367033004761
DBAASPS_7406,0.5940594673156738
DBAASPS_7407,0.7326732873916626
DBAASPS_7408,0.49504953622817993
DBAASPS_7429,0.9306930899620056
DBAASPS_7430,0.7920792102813721
DBAASPS_7431,0.8613861799240112
DBAASPS_7433,0.7821782231330872
DBAASPS_7452,0.07920801639556885
DBAASPS_7462,0.881188154220581
DBAASPS_7463,0.8712871074676514
DBAASPS_7464,0.7722772359848022
DBAASPS_7469,0.6633663177490234
DBAASPS_7470,0.574257493019104
DBAASPS_7471,0.485148549079895
DBAASPS_7472,0.6336634159088135
DBAASPS_7473,0.6633663177490234
DBAASPS_7474,0.5445544719696045
DBAASPS_7485,0.7227723002433777
DBAASPR_7486,0.7029702663421631
DBAASPS_7495,0.693069338798523
DBAASPS_7496,0.7524752616882324
DBAASPS_7497,0.7128713130950928
DBAASPS_7498,0.6831682920455933
DBAASPS_7499,0.6435643434524536
DBAASPS_7500,0.6435643434524536
DBAASPS_7501,0.6435643434524536
DBAASPS_7503,0.7029703259468079
DBAASPS_7504,0.6237623691558838
DBAASPS_7505,0.5346534848213196
DBAASPS_7506,0.43564361333847046
DBAASPS_7507,0.5742574334144592
DBAASPS_7510,0.43564361333847046
DBAASPS_7511,0.6435643434524536
DBAASPS_7512,0.49504953622817993
DBAASPS_7513,0.5346534848213196
DBAASPS_7514,0.5643564462661743
DBAASPS_7515,0.41584163904190063
DBAASPS_7516,0.5148515105247498
DBAASPS_7517,0.5049505233764648
DBAASPS_7518,0.5643564462661743
DBAASPS_7519,0.5346534848213196
DBAASPS_7520,0.5247524976730347
DBAASPS_7521,0.3960396647453308
DBAASPS_7522,0.5346534848213196
DBAASPS_7523,0.5148515105247498
DBAASPS_7524,0.485148549079895
DBAASPS_7526,0.148514986038208
DBAASPS_7527,0.35643571615219116
DBAASPS_7530,0.49504953622817993
DBAASPS_7532,0.5940594673156738
DBAASPS_7534,0.44554460048675537
DBAASPS_7535,0.34653472900390625
DBAASPS_7537,0.5346534848213196
DBAASPS_7538,0.3267327547073364
DBAASPS_7539,0.4059406518936157
DBAASPS_7540,0.35643571615219116
DBAASPS_7541,0.4554455876350403
DBAASPS_7560,0.7194719314575195
DBAASPS_7561,0.8382838368415833
DBAASPS_7562,0.9372937083244324
DBAASPS_7563,0.9405940771102905
DBAASPS_7564,0.8316831588745117
DBAASPS_7565,0.44554460048675537
DBAASPS_7566,0.6237623691558838
DBAASPS_7567,0.6336634159088135
DBAASPS_7568,0.574257493019104
DBAASPS_7569,0.4653465747833252
DBAASPS_7570,0.485148549079895
DBAASPS_7571,0.6435643434524536
DBAASPS_7572,0.5247524976730347
DBAASPS_7573,0.5445544719696045
DBAASPS_7574,0.3168318271636963
DBAASPS_7575,0.3168318271636963
DBAASPS_7576,0.3168318271636963
DBAASPS_7577,0.5148515701293945
DBAASPS_7578,0.6138614416122437
DBAASPS_7579,0.3960396647453308
DBAASPS_7588,0.693069338798523
DBAASPS_7589,0.693069338798523
DBAASPS_7598,0.6237623691558838
DBAASPS_7604,0.603960394859314
DBAASPS_7610,0.6732673645019531
DBAASPS_7613,0.6435643434524536
DBAASPS_7628,0.376237690448761
DBAASPS_7629,0.8415841460227966
DBAASPS_7630,0.9108911156654358
DBAASPS_7632,0.5940594673156738
DBAASPS_7633,0.7227723002433777
DBAASPS_7634,0.7722772359848022
DBAASPS_7635,0.12871301174163818
DBAASPS_7636,0.3069307804107666
DBAASPS_7637,0.10891103744506836
DBAASPS_7638,0.5148515105247498
DBAASPS_7649,0.45544564723968506
DBAASPS_7650,0.5940594673156738
DBAASPS_7657,0.7524752616882324
DBAASPR_7658,0.7920792102813721
DBAASPS_7661,0.7227723002433777
DBAASPS_7662,0.5247524976730347
DBAASPS_7666,0.41584163904190063
DBAASPS_7667,0.5445544719696045
DBAASPS_7668,0.26732683181762695
DBAASPS_7669,0.34653472900390625
DBAASPS_7672,0.7376238107681274
DBAASPS_7675,0.574257493019104
DBAASPS_7676,0.693069338798523
DBAASPS_7677,0.6534653902053833
DBAASPS_7678,0.5247524976730347
DBAASPS_7679,0.5643564462661743
DBAASPS_7680,0.5049505233764648
DBAASPS_7681,0.5247524976730347
DBAASPS_7682,0.5544555187225342
DBAASPS_7683,0.44554460048675537
DBAASPS_7684,0.603960394859314
DBAASPS_7703,0.6336634159088135
DBAASPS_7715,0.44554460048675537
DBAASPS_7716,0.8613861203193665
DBAASPS_7717,0.5742574334144592
DBAASPS_7718,0.5148515701293945
DBAASPS_7719,0.7128713130950928
DBAASPS_7720,0.25742578506469727
DBAASPS_7721,0.33663374185562134
DBAASPS_7722,0.376237690448761
DBAASPS_7724,0.2772277593612671
DBAASPS_7725,0.5841584205627441
DBAASPS_7726,0.16831696033477783
DBAASPS_7727,0.3564356565475464
DBAASPS_7728,0.5247524976730347
DBAASPS_7729,0.3960396647453308
DBAASPR_7730,0.4752475619316101
DBAASPS_7732,0.237623929977417
DBAASPR_7734,0.8118811845779419
DBAASPR_7735,0.9207921028137207
DBAASPR_7736,0.5841584205627441
DBAASPR_7737,0.6237623691558838
DBAASPS_7762,0.5247524976730347
DBAASPS_7769,0.6138614416122437
DBAASPS_7771,0.18811893463134766
DBAASPS_7772,0.04950511455535889
DBAASPS_7773,0.1980198621749878
DBAASPS_7774,0.2277228832244873
DBAASPS_7780,0.148514986038208
DBAASPS_7782,0.1188119649887085
DBAASPS_7784,0.13861405849456787
DBAASPS_7786,0.18811893463134766
DBAASPS_7788,0.17821800708770752
DBAASPS_7789,0.148514986038208
DBAASPS_7792,0.08910906314849854
DBAASPS_7793,0.12871301174163818
DBAASPS_7795,0.03960418701171875
DBAASPS_7798,0.12871301174163818
DBAASPS_7801,0.15841591358184814
DBAASPS_7802,0.12871301174163818
DBAASPS_7803,0.2871288061141968
DBAASPS_7804,0.3069307804107666
DBAASPS_7805,0.27722787857055664
DBAASPS_7806,0.26732683181762695
DBAASPS_7807,0.19801998138427734
DBAASPS_7808,0.21782183647155762
DBAASPS_7809,0.24752485752105713
DBAASPS_7810,0.24752485752105713
DBAASPS_7812,0.4554455876350403
DBAASPS_7813,0.16831696033477783
DBAASPS_7833,0.23762381076812744
DBAASPS_7854,0.7326732873916626
DBAASPS_7863,0.24752485752105713
DBAASPS_7918,0.8415841460227966
DBAASPS_7919,0.4752475619316101
DBAASPS_7920,0.9009901285171509
DBAASPS_7921,0.8613861203193665
DBAASPS_7922,0.8712871074676514
DBAASPS_7923,0.7128713130950928
DBAASPS_7924,0.7326732873916626
DBAASPS_7926,0.6633663177490234
DBAASPS_7928,0.5643564462661743
DBAASPS_7929,0.5247524976730347
DBAASPS_7930,0.6534653902053833
DBAASPS_7931,0.6237623691558838
DBAASPS_7932,0.23762381076812744
DBAASPS_7933,0.8613861799240112
DBAASPS_7934,0.693069338798523
DBAASPS_7935,0.35643571615219116
DBAASPS_7936,0.21782183647155762
DBAASPS_7937,0.20792090892791748
DBAASPS_7939,0.6534653902053833
DBAASPS_7940,0.6237623691558838
DBAASPS_7941,0.5346534848213196
DBAASPS_7942,0.33663374185562134
DBAASPS_7943,0.23762381076812744
DBAASPS_7945,0.1980198621749878
DBAASPS_7947,0.910891056060791
DBAASPS_7949,0.8316831588745117
DBAASPS_7950,0.801980197429657
DBAASPS_7951,0.7029702663421631
DBAASPS_7952,0.6138613820075989
DBAASPS_7955,0.09900999069213867
DBAASPS_7958,0.7227722406387329
DBAASPS_7959,0.8613861203193665
DBAASPS_7960,0.7623762488365173
DBAASPS_7963,0.5643564462661743
DBAASPS_7964,0.34653472900390625
DBAASPS_7965,0.7524752616882324
DBAASPR_7995,0.44554460048675537
DBAASPS_7996,0.10891103744506836
DBAASPR_7999,0.33663374185562134
DBAASPS_8016,0.5445544719696045
DBAASPR_8029,0.693069338798523
DBAASPR_8030,0.9702970385551453
DBAASPR_8031,0.9405940771102905
DBAASPR_8032,0.17821800708770752
DBAASPR_8033,0.9405940771102905
DBAASPR_8034,0.9801980257034302
DBAASPR_8038,1.0
DBAASPR_8042,0.18811893463134766
DBAASPR_8046,0.3663367033004761
DBAASPS_8056,0.34653472900390625
DBAASPR_8062,0.6237623691558838
DBAASPR_8063,0.24752485752105713
DBAASPS_8067,0.4653465747833252
DBAASPS_8068,0.5544554591178894
DBAASPS_8069,0.5445544719696045
DBAASPS_8071,0.5841584205627441
DBAASPR_8072,0.04950511455535889
DBAASPS_8082,0.20792090892791748
DBAASPS_8084,0.34653472900390625
DBAASPS_8089,0.5148515105247498
DBAASPS_8090,0.43564361333847046
DBAASPS_8091,0.5049505233764648
DBAASPS_8096,0.5049505233764648
DBAASPS_8097,0.5049505233764648
DBAASPS_8098,0.3267327547073364
DBAASPS_8099,0.5841584205627441
DBAASPS_8100,0.35643571615219116
DBAASPS_8101,0.49504953622817993
DBAASPS_8102,0.5148515105247498
DBAASPS_8103,0.5049505233764648
DBAASPS_8112,0.3267327547073364
DBAASPS_8113,0.3267327547073364
DBAASPS_8114,0.44554460048675537
DBAASPS_8118,0.42574262619018555
DBAASPS_8120,0.5544554591178894
DBAASPS_8121,0.5148515105247498
DBAASPS_8122,0.6633663177490234
DBAASPS_8126,0.7128713130950928
DBAASPS_8127,0.5742574334144592
DBAASPS_8131,0.5346534848213196
DBAASPS_8132,0.6237623691558838
DBAASPS_8133,0.4752475619316101
DBAASPS_8134,0.43564361333847046
DBAASPS_8139,0.8514851331710815
DBAASPS_8140,0.8712871074676514
DBAASPS_8141,0.7722772359848022
DBAASPS_8142,0.6534653902053833
DBAASPS_8143,0.7722772359848022
DBAASPS_8144,0.8613861203193665
DBAASPS_8145,0.6336634159088135
DBAASPS_8146,0.8415841460227966
DBAASPS_8147,0.8910890817642212
DBAASPS_8148,0.7821782231330872
DBAASPS_8149,0.7722772359848022
DBAASPR_8155,0.26732683181762695
DBAASPR_8156,0.3861386775970459
DBAASPS_8160,0.7128713130950928
DBAASPS_8164,0.4059406518936157
DBAASPS_8165,0.35643571615219116
DBAASPS_8167,0.42574262619018555
DBAASPS_8168,0.3589109778404236
DBAASPS_8169,0.27722787857055664
DBAASPS_8172,0.41254132986068726
DBAASPR_8183,0.693069338798523
DBAASPR_8184,0.20792090892791748
DBAASPR_8185,0.237623929977417
DBAASPR_8186,0.12871301174163818
DBAASPR_8187,0.2277228832244873
DBAASPR_8188,0.5544554591178894
DBAASPR_8189,0.42574262619018555
DBAASPR_8190,0.2277228832244873
DBAASPR_8194,0.3663367033004761
DBAASPR_8196,0.10891103744506836
DBAASPR_8198,0.148514986038208
DBAASPR_8201,0.5049505233764648
DBAASPS_8202,0.6237623691558838
DBAASPR_8205,0.5544554591178894
DBAASPS_8214,0.6262376308441162
DBAASPS_8215,0.7524752616882324
DBAASPS_8216,0.801980197429657
DBAASPS_8217,0.7326732873916626
DBAASPS_8218,0.9504950642585754
DBAASPS_8219,0.8613861203193665
DBAASPS_8220,0.5544555187225342
DBAASPS_8225,0.2277228832244873
DBAASPS_8226,0.07920801639556885
DBAASPS_8242,0.910891056060791
DBAASPS_8248,0.8712871074676514
DBAASPS_8252,0.9009901285171509
DBAASPS_8253,0.8910890817642212
DBAASPS_8259,0.8613861203193665
DBAASPS_8267,0.10891103744506836
DBAASPS_8269,0.7623762488365173
DBAASPS_8273,0.6534653902053833
DBAASPR_8275,0.35643571615219116
DBAASPS_8279,0.3861386775970459
DBAASPS_8280,0.19801998138427734
DBAASPS_8281,0.20792090892791748
DBAASPS_8283,0.8514851331710815
DBAASPR_8289,0.7128713130950928
DBAASPR_8296,0.3861386775970459
DBAASPR_8297,0.5544554591178894
DBAASPS_8299,0.5148515105247498
DBAASPS_8303,0.594059407711029
DBAASPS_8305,0.10891103744506836
DBAASPS_8331,0.35643571615219116
DBAASPS_8343,0.34653472900390625
DBAASPS_8344,0.5247524976730347
DBAASPS_8350,0.2970297932624817
DBAASPR_8351,0.21782195568084717
DBAASPS_8352,0.801980197429657
DBAASPS_8357,0.27722787857055664
DBAASPS_8358,0.148514986038208
DBAASPS_8359,0.24752485752105713
DBAASPS_8360,0.35643571615219116
DBAASPS_8361,0.24752485752105713
DBAASPS_8362,0.33663374185562134
DBAASPS_8363,0.42574262619018555
DBAASPS_8364,0.3267327547073364
DBAASPS_8365,0.2574259042739868
DBAASPS_8366,0.2871288061141968
DBAASPS_8367,0.24752485752105713
DBAASPS_8368,0.20792090892791748
DBAASPS_8369,0.26732683181762695
DBAASPR_8373,0.9405940771102905
DBAASPR_8374,0.9405940771102905
DBAASPS_8377,0.10891103744506836
DBAASPS_8378,0.08910906314849854
DBAASPS_8379,0.237623929977417
DBAASPS_8380,0.5841584205627441
DBAASPS_8381,0.2277228832244873
DBAASPS_8382,0.0792081356048584
DBAASPS_8387,0.8217821717262268
DBAASPR_8416,0.2871288061141968
DBAASPS_8418,0.6336634159088135
DBAASPS_8419,0.43564367294311523
DBAASPS_8420,0.594059407711029
DBAASPS_8422,0.8316831588745117
DBAASPS_8423,0.8118811845779419
DBAASPS_8424,0.8316831588745117
DBAASPR_8427,0.9801980257034302
DBAASPR_8428,0.2871288061141968
DBAASPR_8432,0.4653465747833252
DBAASPS_8437,0.5643564462661743
DBAASPS_8438,0.801980197429657
DBAASPS_8439,0.8217821717262268
DBAASPR_8441,0.12871301174163818
DBAASPS_8442,0.29702985286712646
DBAASPS_8443,0.23762381076812744
DBAASPS_8444,0.26732683181762695
DBAASPS_8450,0.7425742745399475
DBAASPS_8502,0.43564361333847046
DBAASPS_8503,0.18811893463134766
DBAASPS_8504,0.1980198621749878
DBAASPS_8507,0.6138614416122437
DBAASPS_8508,0.6435643434524536
DBAASPS_8510,0.6534653902053833
DBAASPS_8512,0.33663374185562134
DBAASPS_8513,0.3069307804107666
DBAASPS_8515,0.7821782231330872
DBAASPS_8585,0.8118811845779419
DBAASPS_8586,0.8316831588745117
DBAASPS_8587,0.8415841460227966
DBAASPS_8588,0.43564361333847046
DBAASPS_8592,0.7821782231330872
DBAASPS_8593,0.7821782231330872
DBAASPS_8594,0.8514851331710815
DBAASPS_8595,0.9108911156654358
DBAASPS_8596,0.6732673645019531
DBAASPS_8598,0.5346534848213196
DBAASPS_8600,0.7821782231330872
DBAASPR_8608,0.7326732873916626
DBAASPR_8612,0.43564361333847046
DBAASPR_8613,0.4059406518936157
DBAASPR_8614,0.8217821717262268
DBAASPR_8615,0.7128713130950928
DBAASPR_8616,0.6237623691558838
DBAASPR_8617,0.6336634159088135
DBAASPR_8618,0.8316831588745117
DBAASPR_8619,0.6732673645019531
DBAASPS_8620,0.7029702663421631
DBAASPS_8621,0.5841584205627441
DBAASPS_8624,0.7821782231330872
DBAASPS_8625,0.7128713130950928
DBAASPS_8626,0.7029702663421631
DBAASPS_8628,0.8415841460227966
DBAASPS_8635,0.5841584205627441
DBAASPS_8641,0.801980197429657
DBAASPS_8642,0.3861386775970459
DBAASPS_8643,0.09901010990142822
DBAASPS_8644,0.21782195568084717
DBAASPS_8646,0.8118811845779419
DBAASPS_8647,0.4059406518936157
DBAASPS_8656,0.44554460048675537
DBAASPS_8674,0.3861386775970459
DBAASPS_8683,0.42574262619018555
DBAASPS_8719,0.7326732873916626
DBAASPS_8720,0.574257493019104
DBAASPS_8721,0.3267327547073364
DBAASPS_8722,0.6633663177490234
DBAASPS_8723,0.7128713130950928
DBAASPS_8731,0.5049505233764648
DBAASPS_8746,0.35643571615219116
DBAASPS_8747,0.42574262619018555
DBAASPR_8764,0.603960394859314
DBAASPR_8765,0.009901165962219238
DBAASPS_8768,0.5346534848213196
DBAASPS_8769,0.7722772359848022
DBAASPS_8770,0.8415841460227966
DBAASPS_8771,0.8118811845779419
DBAASPS_8772,0.7524752616882324
DBAASPS_8773,0.6732673645019531
DBAASPS_8774,0.6732673645019531
DBAASPS_8775,0.6534653902053833
DBAASPS_8776,0.7128713130950928
DBAASPS_8777,0.7425742149353027
DBAASPS_8779,0.3960396647453308
DBAASPS_8780,0.18811893463134766
DBAASPS_8781,0.12871301174163818
DBAASPS_8782,0.148514986038208
DBAASPS_8783,0.2574259042739868
DBAASPS_8784,0.06930708885192871
DBAASPS_8785,0.21782195568084717
DBAASPS_8786,0.0792081356048584
DBAASPS_8788,0.24752485752105713
DBAASPS_8793,0.42574262619018555
DBAASPS_8794,0.4059406518936157
DBAASPS_8813,0.44554460048675537
DBAASPS_8814,0.6732673645019531
DBAASPS_8818,0.7029702663421631
DBAASPS_8819,0.6732673645019531
DBAASPS_8820,0.5544554591178894
DBAASPS_8821,0.5247524976730347
DBAASPS_8822,0.7029702663421631
DBAASPS_8823,0.6336634159088135
DBAASPS_8824,0.6732673645019531
DBAASPS_8825,0.7128713130950928
DBAASPS_8826,0.5643564462661743
DBAASPS_8827,0.6435643434524536
DBAASPS_8828,0.5346534848213196
DBAASPS_8829,0.8217821717262268
DBAASPS_8830,0.8217821717262268
DBAASPS_8831,0.8118811845779419
DBAASPS_8832,0.801980197429657
DBAASPS_8833,0.7821782231330872
DBAASPS_8834,0.43564361333847046
DBAASPS_8835,0.4554455876350403
DBAASPS_8837,0.33663374185562134
DBAASPS_8838,0.574257493019104
DBAASPS_8839,0.6336634159088135
DBAASPS_8840,0.8415841460227966
DBAASPS_8841,0.8415841460227966
DBAASPS_8842,0.8415841460227966
DBAASPS_8843,0.7920792102813721
DBAASPS_8847,0.603960394859314
DBAASPS_8854,0.693069338798523
DBAASPS_8855,0.6732673645019531
DBAASPS_8861,0.7029702663421631
DBAASPR_8876,0.12871301174163818
DBAASPS_8878,0.693069338798523
DBAASPS_8884,0.6633663177490234
DBAASPS_8885,0.6534653306007385
DBAASPS_8886,0.7425742745399475
DBAASPS_8887,0.5544554591178894
DBAASPS_8888,0.5643564462661743
DBAASPS_8890,0.4752475619316101
DBAASPS_8891,0.5643564462661743
DBAASPR_8892,0.059406161308288574
DBAASPS_8923,0.5445544719696045
DBAASPS_8925,0.6435643434524536
DBAASPS_8937,0.20792090892791748
DBAASPS_8938,0.2574259042739868
DBAASPS_8939,0.43564361333847046
DBAASPS_8940,0.43564361333847046
DBAASPS_8941,0.5247524976730347
DBAASPS_8942,0.6534653902053833
DBAASPR_8943,0.7128713130950928
DBAASPS_8944,0.8217821717262268
DBAASPS_8945,0.8118811845779419
DBAASPS_8946,0.7326732873916626
DBAASPS_8947,0.7722772359848022
DBAASPS_8949,0.6336633563041687
DBAASPS_8950,0.8910890817642212
DBAASPS_8951,0.43564361333847046
DBAASPS_8952,0.27722787857055664
DBAASPS_8954,0.9306930899620056
DBAASPS_8975,0.7623762488365173
DBAASPS_8992,0.6237623691558838
DBAASPS_8993,0.693069338798523
DBAASPS_8994,0.6435643434524536
DBAASPS_8995,0.7128713130950928
DBAASPS_8996,0.7029702663421631
DBAASPS_8997,0.7227722406387329
DBAASPS_8998,0.6138614416122437
DBAASPR_9002,0.6435643434524536
DBAASPS_9012,0.5445544719696045
DBAASPS_9013,0.6534653902053833
DBAASPS_9014,0.6732673645019531
DBAASPS_9017,0.7920792102813721
DBAASPS_9024,0.376237690448761
DBAASPS_9025,0.2871288061141968
DBAASPS_9026,0.6435643434524536
DBAASPS_9027,0.4554455876350403
DBAASPS_9029,0.3267327547073364
DBAASPS_9030,0.34653472900390625
DBAASPS_9031,0.3267327547073364
DBAASPS_9032,0.3267327547073364
DBAASPS_9033,0.3663367033004761
DBAASPS_9034,0.42574262619018555
DBAASPS_9035,0.3168318271636963
DBAASPS_9036,0.35643571615219116
DBAASPS_9037,0.4653465747833252
DBAASPS_9040,0.41584163904190063
DBAASPS_9041,0.4752475619316101
DBAASPS_9045,0.06930708885192871
DBAASPS_9048,0.20792090892791748
DBAASPS_9049,0.17821800708770752
DBAASPS_9109,0.8217821717262268
DBAASPS_9110,0.7623762488365173
DBAASPS_9111,0.7326732873916626
DBAASPS_9112,0.7623762488365173
DBAASPS_9113,0.8415842056274414
DBAASPS_9124,0.4059406518936157
DBAASPR_9125,0.5544555187225342
DBAASPS_9126,0.44554460048675537
DBAASPS_9127,0.7722772359848022
DBAASPS_9128,0.2277228832244873
DBAASPS_9129,0.5940594673156738
DBAASPR_9130,0.4059406518936157
DBAASPS_9131,0.603960394859314
DBAASPS_9132,0.683168351650238
DBAASPS_9133,0.4752475619316101
DBAASPS_9134,0.18811893463134766
DBAASPS_9147,0.5445544719696045
DBAASPS_9148,0.5346534848213196
DBAASPS_9149,0.3366338014602661
DBAASPS_9150,0.6336634159088135
DBAASPS_9151,0.4059406518936157
DBAASPS_9152,0.3069307804107666
DBAASPS_9175,0.376237690448761
DBAASPS_9176,0.5742574334144592
DBAASPS_9185,0.8514851331710815
DBAASPS_9191,0.3069307804107666
DBAASPS_9203,0.7227722406387329
DBAASPS_9204,0.7227722406387329
DBAASPS_9205,0.8118811845779419
DBAASPS_9211,0.42574262619018555
DBAASPS_9215,0.4752475619316101
DBAASPS_9216,0.6633663177490234
DBAASPS_9217,0.24752485752105713
DBAASPS_9218,0.5148515105247498
DBAASPS_9219,0.2277228832244873
DBAASPS_9220,0.5445544719696045
DBAASPS_9221,0.3267327547073364
DBAASPS_9222,0.31683170795440674
DBAASPS_9223,0.4950495958328247
DBAASPS_9224,0.4752475619316101
DBAASPS_9227,0.13861405849456787
DBAASPS_9228,0.801980197429657
DBAASPS_9245,0.44554460048675537
DBAASPS_9247,0.42574262619018555
DBAASPS_9249,0.43564361333847046
DBAASPS_9251,0.7623762488365173
DBAASPS_9252,0.8415841460227966
DBAASPS_9289,0.42574262619018555
DBAASPS_9319,0.6831682920455933
DBAASPS_9325,0.7425742745399475
DBAASPS_9326,0.5742574334144592
DBAASPS_9327,0.6831682920455933
DBAASPS_9328,0.683168351650238
DBAASPS_9329,0.7425742745399475
DBAASPS_9333,0.7128713130950928
DBAASPS_9334,0.7029702663421631
DBAASPS_9335,0.7128713130950928
DBAASPS_9339,0.7128713130950928
DBAASPS_9340,0.6237623691558838
DBAASPS_9341,0.6237623691558838
DBAASPS_9342,0.603960394859314
DBAASPS_9344,0.5049505233764648
DBAASPS_9345,0.3663367033004761
DBAASPS_9346,0.8415841460227966
DBAASPS_9347,0.6237623691558838
DBAASPS_9348,0.8910890817642212
DBAASPS_9349,0.7722772359848022
DBAASPS_9350,0.485148549079895
DBAASPS_9351,0.8415841460227966
DBAASPS_9352,0.910891056060791
DBAASPS_9353,0.8217821717262268
DBAASPS_9354,0.485148549079895
DBAASPS_9361,0.7029703259468079
DBAASPS_9366,0.6435643434524536
DBAASPS_9369,0.41584163904190063
DBAASPS_9379,0.881188154220581
DBAASPS_9380,0.8712871074676514
DBAASPS_9381,0.9603960514068604
DBAASPS_9398,0.4653465747833252
DBAASPS_9399,0.35643571615219116
DBAASPS_9400,0.4059406518936157
DBAASPS_9401,0.3861386775970459
DBAASPS_9402,0.23102319240570068
DBAASPS_9404,0.3267327547073364
DBAASPS_9405,0.8415841460227966
DBAASPS_9407,0.18811893463134766
DBAASPR_9419,0.801980197429657
DBAASPR_9423,0.49504953622817993
DBAASPR_9424,0.4752475619316101
DBAASPR_9428,0.5049505233764648
DBAASPR_9429,0.693069338798523
DBAASPS_9436,0.3168317675590515
DBAASPS_9437,0.3267327547073364
DBAASPS_9438,0.4752476215362549
DBAASPS_9439,0.237623929977417
DBAASPS_9440,0.44554460048675537
DBAASPS_9441,0.41584163904190063
DBAASPS_9446,0.5841584205627441
DBAASPS_9452,0.6732673645019531
DBAASPS_9455,0.009901165962219238
DBAASPS_9456,0.0792081356048584
DBAASPS_9477,0.5247524976730347
DBAASPS_9478,0.5346534848213196
DBAASPS_9479,0.8118811845779419
DBAASPS_9480,0.5544554591178894
DBAASPS_9481,0.43564361333847046
DBAASPS_9484,0.3267327547073364
DBAASPS_9531,0.7128713130950928
DBAASPS_9532,0.8514851331710815
DBAASPS_9533,0.6435643434524536
DBAASPS_9538,0.7326732873916626
DBAASPS_9542,0.7326732873916626
DBAASPS_9543,0.8712871074676514
DBAASPS_9550,0.7524752616882324
DBAASPS_9551,0.8217821717262268
DBAASPS_9552,0.7623761892318726
DBAASPS_9553,0.7722772359848022
DBAASPS_9554,0.7425742149353027
DBAASPS_9555,0.8118811845779419
DBAASPS_9556,0.801980197429657
DBAASPS_9557,0.801980197429657
DBAASPS_9566,0.7920792102813721
DBAASPS_9567,0.7425742149353027
DBAASPS_9568,0.7425742745399475
DBAASPS_9569,0.693069338798523
DBAASPS_9582,0.3267327547073364
DBAASPS_9583,0.6336634159088135
DBAASPS_9584,0.8316831588745117
DBAASPS_9585,0.6831682920455933
DBAASPS_9586,0.18811893463134766
DBAASPS_9587,0.4554455876350403
DBAASPR_9591,0.3168317675590515
DBAASPS_9594,0.7029702663421631
DBAASPS_9604,0.059406161308288574
DBAASPS_9605,0.10891103744506836
DBAASPS_9617,0.5346534848213196
DBAASPS_9618,0.44554460048675537
DBAASPS_9623,0.5643564462661743
DBAASPS_9624,0.6633663177490234
DBAASPS_9625,0.4752475619316101
DBAASPS_9626,0.7623762488365173
DBAASPS_9627,0.6336634159088135
DBAASPS_9630,0.4752475619316101
DBAASPS_9634,0.6732673645019531
DBAASPS_9635,0.603960394859314
DBAASPS_9662,0.7920792102813721
DBAASPS_9663,0.7623762488365173
DBAASPS_9664,0.7821782231330872
DBAASPS_9665,0.8217821717262268
DBAASPS_9666,0.6732673645019531
DBAASPS_9667,0.7821782231330872
DBAASPS_9668,0.7425742745399475
DBAASPS_9669,0.7524752616882324
DBAASPS_9670,0.6633663177490234
DBAASPS_9671,0.693069338798523
DBAASPS_9672,0.7128713130950928
DBAASPS_9681,0.5940594673156738
DBAASPS_9682,0.5940594673156738
DBAASPS_9683,0.5841584205627441
DBAASPS_9684,0.5346535444259644
DBAASPS_9707,0.9405940771102905
DBAASPR_9708,0.3267327547073364
DBAASPS_9709,0.6732673645019531
DBAASPS_9738,0.7326732873916626
DBAASPS_9740,0.7128713130950928
DBAASPS_9741,0.7227723002433777
DBAASPR_9743,0.18811893463134766
DBAASPS_9753,0.9504950642585754
DBAASPS_9754,0.9603960514068604
DBAASPS_9756,0.0396040678024292
DBAASPS_9757,0.23762381076812744
DBAASPR_9759,0.376237690448761
DBAASPS_9784,0.6831682920455933
DBAASPS_9786,0.6287128925323486
DBAASPS_9787,0.6336634159088135
DBAASPS_9790,0.3960396647453308
DBAASPS_9793,0.6633663177490234
DBAASPS_9795,0.6237623691558838
DBAASPS_9817,0.3861386775970459
DBAASPS_9818,0.5148515701293945
DBAASPS_9819,0.49504953622817993
DBAASPS_9820,0.5445544719696045
DBAASPS_9821,0.3960396647453308
DBAASPS_9879,0.693069338798523
DBAASPS_9880,0.6336634159088135
DBAASPS_9881,0.6237623691558838
DBAASPS_9882,0.6633663177490234
DBAASPS_9883,0.6534653902053833
DBAASPS_9884,0.49504953622817993
DBAASPS_9885,0.3069307804107666
DBAASPS_9886,0.41584163904190063
DBAASPS_9887,0.5643564462661743
DBAASPS_9888,0.6633663177490234
DBAASPS_9889,0.603960394859314
DBAASPS_9890,0.6138614416122437
DBAASPS_9891,0.6732673645019531
DBAASPS_9892,0.376237690448761
DBAASPS_9893,0.5940594673156738
DBAASPS_9894,0.7524752616882324
DBAASPS_9895,0.7128713130950928
DBAASPS_9902,0.5544555187225342
DBAASPS_9903,0.6831682920455933
DBAASPS_9904,0.1584160327911377
DBAASPS_9905,0.4554455876350403
DBAASPS_9906,0.5049505233764648
DBAASPS_9907,0.7722772359848022
DBAASPS_9908,0.41584163904190063
DBAASPS_9909,0.594059407711029
DBAASPS_9910,0.5445544719696045
DBAASPS_9911,0.5049505233764648
DBAASPR_9920,0.5049505233764648
DBAASPS_9922,0.5643564462661743
DBAASPS_9924,0.594059407711029
DBAASPS_9958,0.693069338798523
DBAASPS_9967,0.376237690448761
DBAASPS_9968,0.44554460048675537
DBAASPS_9969,0.4653465747833252
DBAASPS_9989,0.7252475023269653
DBAASPS_9990,0.7128713130950928
DBAASPR_9991,0.3069307804107666
DBAASPS_9993,0.5148515105247498
DBAASPS_9994,0.41584163904190063
DBAASPS_9995,0.18811893463134766
DBAASPS_9996,0.34653472900390625
DBAASPS_9997,0.4554455876350403
DBAASPS_9998,0.4752475619316101
DBAASPS_9999,0.41584163904190063
DBAASPS_10000,0.7524752616882324
DBAASPR_10011,0.8514851331710815
DBAASPS_10018,0.5742574334144592
DBAASPS_10021,0.4009901285171509
DBAASPS_10022,0.41584163904190063
DBAASPS_10023,0.21782195568084717
DBAASPS_10041,0.6831682920455933
DBAASPS_10042,0.693069338798523
DBAASPS_10043,0.29702985286712646
DBAASPS_10044,0.25742578506469727
DBAASPS_10045,0.4752475619316101
DBAASPS_10046,0.49504953622817993
DBAASPS_10047,0.7722772359848022
DBAASPS_10048,0.49504953622817993
DBAASPS_10063,0.35643571615219116
DBAASPR_10066,0.603960394859314
DBAASPS_10074,0.3960396647453308
DBAASPS_10076,0.41584163904190063
DBAASPS_10077,0.5643564462661743
DBAASPS_10079,0.8514851331710815
DBAASPS_10080,0.7920792102813721
DBAASPS_10081,0.7425742149353027
DBAASPS_10082,0.9306930899620056
DBAASPS_10083,0.9009901285171509
DBAASPS_10104,0.7623762488365173
DBAASPS_10113,0.43564361333847046
DBAASPS_10115,0.801980197429657
DBAASPS_10116,0.9174917340278625
DBAASPS_10117,0.9207921028137207
DBAASPS_10118,0.7326732873916626
DBAASPS_10119,0.7128713130950928
DBAASPS_10120,0.6732673645019531
DBAASPS_10121,0.6138614416122437
DBAASPS_10122,0.9801980257034302
DBAASPS_10123,0.9471946954727173
DBAASPS_10124,0.9504950642585754
DBAASPS_10125,0.7524752616882324
DBAASPS_10126,0.6732673645019531
DBAASPS_10127,0.5841584205627441
DBAASPS_10128,0.603960394859314
DBAASPS_10129,0.7821782231330872
DBAASPS_10130,0.9405940771102905
DBAASPS_10131,0.9009901285171509
DBAASPS_10132,0.8613861203193665
DBAASPS_10133,0.8811880946159363
DBAASPS_10134,0.8217821717262268
DBAASPS_10135,0.8316831588745117
DBAASPS_10136,0.7425742149353027
DBAASPS_10154,0.7821782231330872
DBAASPS_10155,0.5346534848213196
DBAASPS_10157,0.5049505233764648
DBAASPR_10201,0.376237690448761
DBAASPR_10202,0.5049505233764648
DBAASPR_10204,0.4059406518936157
DBAASPR_10207,0.3960396647453308
DBAASPR_10208,0.5841584205627441
DBAASPR_10209,0.6336634159088135
DBAASPR_10210,0.5643564462661743
DBAASPR_10211,0.693069338798523
DBAASPR_10216,0.9306930899620056
DBAASPR_10218,0.148514986038208
DBAASPR_10220,0.13861393928527832
DBAASPR_10221,0.18811893463134766
DBAASPR_10225,0.24752485752105713
DBAASPR_10226,0.8118811845779419
DBAASPR_10227,0.6435643434524536
DBAASPR_10228,0.7425742149353027
DBAASPS_10230,0.42574262619018555
DBAASPS_10231,0.42574262619018555
DBAASPR_10232,0.3168318271636963
DBAASPS_10233,0.9603960514068604
DBAASPR_10236,0.2871288061141968
DBAASPS_10237,0.8514851331710815
DBAASPS_10239,0.44554460048675537
DBAASPS_10240,0.44554460048675537
DBAASPS_10241,0.4554455876350403
DBAASPS_10242,0.3960396647453308
DBAASPS_10243,0.3861386775970459
DBAASPR_10244,0.7623762488365173
DBAASPR_10245,0.7227723002433777
DBAASPR_10246,0.5940594673156738
DBAASPR_10247,0.693069338798523
DBAASPS_10254,0.06930708885192871
DBAASPS_10260,0.6435643434524536
DBAASPS_10264,0.5148515701293945
DBAASPS_10265,0.4950495958328247
DBAASPS_10266,0.43564361333847046
DBAASPS_10267,0.3861386775970459
DBAASPS_10268,0.4752475619316101
DBAASPS_10269,0.485148549079895
DBAASPS_10270,0.485148549079895
DBAASPS_10271,0.4752475619316101
DBAASPS_10272,0.43564361333847046
DBAASPS_10273,0.42574262619018555
DBAASPS_10274,0.43564361333847046
DBAASPS_10275,0.42574262619018555
DBAASPS_10276,0.6732673645019531
DBAASPS_10277,0.5445544719696045
DBAASPS_10278,0.485148549079895
DBAASPS_10279,0.5841584205627441
DBAASPS_10280,0.4059406518936157
DBAASPS_10281,0.43564361333847046
DBAASPS_10282,0.4059406518936157
DBAASPS_10283,0.35643571615219116
DBAASPR_10290,0.6534653902053833
DBAASPS_10294,0.8316831588745117
DBAASPS_10295,0.7227723002433777
DBAASPS_10296,0.7920792102813721
DBAASPS_10297,0.8118811845779419
DBAASPS_10298,0.6138613820075989
DBAASPS_10299,0.7920792102813721
DBAASPS_10300,0.603960394859314
DBAASPS_10302,0.5247524976730347
DBAASPS_10316,0.7128713130950928
DBAASPS_10317,0.6435643434524536
DBAASPS_10325,0.5940594673156738
DBAASPS_10328,0.7128713130950928
DBAASPS_10331,0.3069307804107666
DBAASPS_10337,0.7227723002433777
DBAASPS_10340,0.5247524976730347
DBAASPS_10342,0.5742574334144592
DBAASPS_10343,0.7821782231330872
DBAASPS_10347,0.5247524976730347
DBAASPS_10348,0.485148549079895
DBAASPS_10352,0.603960394859314
DBAASPS_10353,0.603960394859314
DBAASPS_10355,0.5643564462661743
DBAASPR_10357,0.8118811845779419
DBAASPS_10359,0.5148515105247498
DBAASPS_10385,0.6237623691558838
DBAASPS_10387,0.7524752616882324
DBAASPS_10388,0.7920792102813721
DBAASPS_10389,0.7920792102813721
DBAASPS_10390,0.5643564462661743
DBAASPS_10391,0.5049505233764648
DBAASPS_10392,0.7722772359848022
DBAASPS_10393,0.4059406518936157
DBAASPS_10394,0.33663368225097656
DBAASPS_10395,0.43564361333847046
DBAASPS_10397,0.5643564462661743
DBAASPN_10400,0.29702985286712646
DBAASPN_10401,0.148514986038208
DBAASPS_10402,0.6138614416122437
DBAASPS_10417,0.44554460048675537
DBAASPS_10425,0.44554460048675537
DBAASPS_10426,0.4546205401420593
DBAASPS_10427,0.37541264295578003
DBAASPS_10428,0.27722787857055664
DBAASPS_10429,0.4150165915489197
DBAASPS_10430,0.3960396647453308
DBAASPS_10438,0.6633663177490234
DBAASPS_10456,0.009901165962219238
DBAASPS_10457,0.6732673645019531
DBAASPS_10458,0.6435643434524536
DBAASPS_10459,0.6534653902053833
DBAASPS_10460,0.6633663177490234
DBAASPS_10461,0.6138614416122437
DBAASPS_10462,0.7524752616882324
DBAASPS_10466,0.42574262619018555
DBAASPS_10468,0.7029703259468079
DBAASPS_10469,0.6831682920455933
DBAASPS_10470,0.7128713130950928
DBAASPS_10471,0.6831682920455933
DBAASPS_10472,0.6831682920455933
DBAASPS_10473,0.6831682920455933
DBAASPS_10474,0.6237623691558838
DBAASPS_10475,0.6831682920455933
DBAASPS_10476,0.603960394859314
DBAASPS_10477,0.6831682920455933
DBAASPS_10478,0.6831682920455933
DBAASPS_10479,0.6732673645019531
DBAASPS_10480,0.6435643434524536
DBAASPS_10481,0.9405940771102905
DBAASPS_10482,0.9504950642585754
DBAASPS_10483,0.8316831588745117
DBAASPS_10485,0.9306930899620056
DBAASPS_10486,0.9504950642585754
DBAASPS_10487,0.9801980257034302
DBAASPS_10488,0.9603960514068604
DBAASPS_10490,0.7722772359848022
DBAASPS_10491,0.8712871074676514
DBAASPS_10511,0.7821782231330872
DBAASPS_10512,0.6831682920455933
DBAASPS_10513,0.6534653902053833
DBAASPS_10514,0.7524752616882324
DBAASPS_10515,0.7920792102813721
DBAASPS_10516,0.7425742745399475
DBAASPS_10517,0.7920792102813721
DBAASPS_10518,0.8217821717262268
DBAASPR_10520,0.910891056060791
DBAASPS_10524,0.6336633563041687
DBAASPR_10525,0.06930708885192871
DBAASPS_10526,0.237623929977417
DBAASPS_10527,0.5346535444259644
DBAASPS_10550,0.5940594673156738
DBAASPS_10552,0.3663367033004761
DBAASPS_10553,0.44554460048675537
DBAASPS_10570,0.49009907245635986
DBAASPS_10571,0.4801980257034302
DBAASPS_10572,0.5495049953460693
DBAASPS_10573,0.589108943939209
DBAASPS_10574,0.5
DBAASPS_10575,0.5297030210494995
DBAASPS_10576,0.41089117527008057
DBAASPS_10577,0.6188119053840637
DBAASPS_10578,0.6485148668289185
DBAASPS_10579,0.5495049953460693
DBAASPS_10580,0.5
DBAASPS_10581,0.5544555187225342
DBAASPS_10582,0.5247524976730347
DBAASPS_10583,0.485148549079895
DBAASPS_10584,0.5693069696426392
DBAASPR_10586,0.6534653902053833
DBAASPR_10587,0.2277228832244873
DBAASPR_10588,0.3069307804107666
DBAASPS_10589,0.7623762488365173
DBAASPR_10591,0.42574262619018555
DBAASPR_10592,0.4653465747833252
DBAASPS_10597,0.43564361333847046
DBAASPS_10598,0.3960396647453308
DBAASPR_10613,0.5841584205627441
DBAASPS_10625,0.6633663177490234
DBAASPS_10626,0.7425742149353027
DBAASPS_10627,0.6831682920455933
DBAASPS_10630,0.5742574334144592
DBAASPS_10631,0.6336634159088135
DBAASPS_10632,0.6534653902053833
DBAASPS_10633,0.6336634159088135
DBAASPS_10634,0.6138613820075989
DBAASPS_10635,0.603960394859314
DBAASPS_10642,0.44554460048675537
DBAASPS_10643,0.148514986038208
DBAASPS_10645,0.8415841460227966
DBAASPS_10649,0.5841584205627441
DBAASPS_10650,0.9306930899620056
DBAASPS_10651,0.7425742149353027
DBAASPS_10653,0.9108911156654358
DBAASPS_10654,0.603960394859314
DBAASPS_10655,0.7623762488365173
DBAASPS_10656,0.4653465747833252
DBAASPS_10657,0.376237690448761
DBAASPS_10658,0.41584163904190063
DBAASPS_10659,0.485148549079895
DBAASPS_10660,0.3069307804107666
DBAASPS_10661,0.3960396647453308
DBAASPS_10662,0.3069307804107666
DBAASPS_10663,0.5643564462661743
DBAASPS_10664,0.5148515701293945
DBAASPS_10665,0.35643571615219116
DBAASPS_10666,0.3168317675590515
DBAASPS_10667,0.3267327547073364
DBAASPS_10668,0.3069307804107666
DBAASPS_10669,0.31683170795440674
DBAASPS_10670,0.5049505233764648
DBAASPS_10683,0.8514851331710815
DBAASPS_10697,0.9702970385551453
DBAASPS_10698,0.9702970385551453
DBAASPS_10702,0.9603960514068604
DBAASPS_10704,0.9405940771102905
DBAASPS_10705,0.9405940771102905
DBAASPS_10712,0.6138614416122437
DBAASPS_10713,0.603960394859314
DBAASPS_10714,0.376237690448761
DBAASPS_10715,0.4752475619316101
DBAASPS_10716,0.3960396647453308
DBAASPS_10717,0.6732673645019531
DBAASPS_10718,0.5346534848213196
DBAASPS_10725,0.6732673645019531
DBAASPS_10726,0.20792090892791748
DBAASPS_10727,0.5148515105247498
DBAASPS_10731,0.9009901285171509
DBAASPS_10732,0.7970297336578369
DBAASPS_10733,0.3861386775970459
DBAASPS_10735,0.6138614416122437
DBAASPS_10736,0.4554455876350403
DBAASPS_10741,0.6534653902053833
DBAASPS_10745,0.8118811845779419
DBAASPS_10747,0.7722772359848022
DBAASPS_10756,0.6336634159088135
DBAASPR_10757,0.44554460048675537
DBAASPS_10788,0.12871301174163818
DBAASPR_10791,0.4554455876350403
DBAASPR_10792,0.16831696033477783
DBAASPS_10813,0.20792090892791748
DBAASPS_10814,0.10891103744506836
DBAASPS_10815,0.16831696033477783
DBAASPS_10816,0.10891103744506836
DBAASPS_10817,0.12871301174163818
DBAASPS_10818,0.3960396647453308
DBAASPR_10827,0.9207921028137207
DBAASPS_10828,0.44554460048675537
DBAASPR_10829,0.5841584205627441
DBAASPS_10830,0.05940604209899902
DBAASPS_10832,0.059406161308288574
DBAASPS_10840,0.9405940771102905
DBAASPS_10841,0.9603960514068604
DBAASPS_10843,0.9405940771102905
DBAASPS_10844,0.9603960514068604
DBAASPS_10845,1.0
DBAASPS_10846,0.7623762488365173
DBAASPS_10847,0.8217821717262268
DBAASPS_10848,0.801980197429657
DBAASPS_10860,0.4653465747833252
DBAASPS_10862,0.18811893463134766
DBAASPS_10863,0.16831696033477783
DBAASPS_10865,0.6138614416122437
DBAASPS_10866,0.2277228832244873
DBAASPS_10869,0.693069338798523
DBAASPS_10870,0.7722772359848022
DBAASPS_10871,0.7326732873916626
DBAASPS_10872,0.8217821717262268
DBAASPS_10873,0.7326732873916626
DBAASPS_10874,0.7326732873916626
DBAASPS_10876,0.603960394859314
DBAASPS_10877,0.4554455876350403
DBAASPS_10881,0.8217822313308716
DBAASPS_10882,0.5643564462661743
DBAASPS_10883,0.6831682920455933
DBAASPS_10884,0.574257493019104
DBAASPS_10885,0.5544554591178894
DBAASPS_10886,0.7128713130950928
DBAASPS_10887,0.485148549079895
DBAASPS_10888,0.6633663177490234
DBAASPS_10892,1.1920928955078125e-07
DBAASPR_10894,0.10891103744506836
DBAASPR_10895,0.0792081356048584
DBAASPS_10896,0.6237623691558838
DBAASPS_10897,0.8811880946159363
DBAASPS_10900,0.8712871074676514
DBAASPS_10901,0.8415841460227966
DBAASPS_10904,0.6237623691558838
DBAASPR_10911,0.4059406518936157
DBAASPS_10912,0.6105610728263855
DBAASPS_10913,0.148514986038208
DBAASPS_10914,0.3663367033004761
DBAASPS_10915,0.485148549079895
DBAASPS_10916,0.3960396647453308
DBAASPS_10917,0.23762381076812744
DBAASPS_10920,0.801980197429657
DBAASPS_10921,0.7722772359848022
DBAASPS_10932,0.3960397243499756
DBAASPS_10933,0.2772277593612671
DBAASPS_10965,0.7920792102813721
DBAASPR_11022,0.7326732873916626
DBAASPR_11023,0.5544554591178894
DBAASPR_11024,0.5148515701293945
DBAASPS_11025,0.26732683181762695
DBAASPS_11026,0.35643571615219116
DBAASPS_11037,0.7524752616882324
DBAASPS_11038,0.7524752616882324
DBAASPS_11039,0.7326732873916626
DBAASPS_11040,0.485148549079895
DBAASPS_11048,0.27722787857055664
DBAASPS_11049,0.27722787857055664
DBAASPS_11050,0.34653472900390625
DBAASPS_11051,0.26732683181762695
DBAASPS_11052,0.148514986038208
DBAASPS_11053,0.5148515105247498
DBAASPS_11054,0.5841584205627441
DBAASPS_11055,0.683168351650238
DBAASPS_11056,0.5544554591178894
DBAASPS_11057,0.6138614416122437
DBAASPS_11058,0.6435644030570984
DBAASPS_11059,0.6336634159088135
DBAASPS_11060,0.6732673645019531
DBAASPS_11061,0.7029702663421631
DBAASPS_11062,0.693069338798523
DBAASPS_11063,0.7524752616882324
DBAASPS_11064,0.7029702663421631
DBAASPS_11065,0.693069338798523
DBAASPS_11066,0.7128713130950928
DBAASPS_11067,0.7722772359848022
DBAASPS_11068,0.24752485752105713
DBAASPS_11071,0.37623775005340576
DBAASPS_11072,0.25742578506469727
DBAASPS_11073,0.16831696033477783
DBAASPS_11100,0.3168318271636963
DBAASPS_11104,0.2277228832244873
DBAASPS_11108,0.27722787857055664
DBAASPS_11112,0.2574259042739868
DBAASPS_11117,0.7524752616882324
DBAASPS_11118,0.7821782231330872
DBAASPS_11119,0.7227723002433777
DBAASPS_11120,0.7227723002433777
DBAASPS_11121,0.7623762488365173
DBAASPS_11122,0.8118811845779419
DBAASPS_11123,0.693069338798523
DBAASPS_11124,0.6831682920455933
DBAASPS_11125,0.6336633563041687
DBAASPS_11126,0.3861386775970459
DBAASPS_11134,0.3366338014602661
DBAASPR_11167,0.5643564462661743
DBAASPR_11168,0.6584158539772034
DBAASPR_11169,0.059406161308288574
DBAASPR_11170,0.08910906314849854
DBAASPS_11185,0.7425742745399475
DBAASPS_11186,0.6138614416122437
DBAASPS_11187,0.693069338798523
DBAASPS_11197,0.42574262619018555
DBAASPN_11206,0.06930708885192871
DBAASPN_11207,0.08910906314849854
DBAASPS_11213,0.35643571615219116
DBAASPS_11214,0.23762381076812744
DBAASPS_11215,0.34653472900390625
DBAASPR_11221,0.9603960514068604
DBAASPS_11222,0.7227723002433777
DBAASPS_11224,0.8712871074676514
DBAASPS_11228,0.9603960514068604
DBAASPS_11229,0.9108911156654358
DBAASPS_11230,0.7821782231330872
DBAASPS_11231,0.7425742745399475
DBAASPS_11232,0.9603960514068604
DBAASPS_11233,0.7722772359848022
DBAASPS_11234,0.7722772359848022
DBAASPS_11235,0.8118811845779419
DBAASPS_11236,0.8217821717262268
DBAASPS_11237,0.7425742149353027
DBAASPS_11238,0.6732673645019531
DBAASPS_11239,0.0792081356048584
DBAASPS_11245,0.08910906314849854
DBAASPS_11249,0.6732673645019531
DBAASPS_11250,0.5049505233764648
DBAASPS_11251,0.7029702663421631
DBAASPS_11252,0.5940594673156738
DBAASPS_11253,0.6732673645019531
DBAASPS_11254,0.6831682920455933
DBAASPS_11255,0.6138613820075989
DBAASPS_11256,0.7029702663421631
DBAASPS_11257,0.8415841460227966
DBAASPS_11258,0.7920792102813721
DBAASPS_11259,0.7227723002433777
DBAASPS_11260,0.7524752616882324
DBAASPS_11261,0.603960394859314
DBAASPS_11262,0.7128713130950928
DBAASPS_11263,0.8910890817642212
DBAASPS_11264,0.5940594673156738
DBAASPS_11265,0.6435643434524536
DBAASPS_11266,0.10891103744506836
DBAASPS_11267,0.6138614416122437
DBAASPS_11268,0.5841584205627441
DBAASPS_11269,0.5643564462661743
DBAASPS_11272,0.34653472900390625
DBAASPS_11273,0.376237690448761
DBAASPS_11274,0.5544555187225342
DBAASPS_11275,0.6831682920455933
DBAASPS_11276,0.6435643434524536
DBAASPS_11277,0.6138614416122437
DBAASPS_11278,0.6435643434524536
DBAASPS_11279,0.5940594673156738
DBAASPS_11280,0.6435643434524536
DBAASPS_11281,0.6336634159088135
DBAASPS_11282,0.7326732873916626
DBAASPS_11283,0.7425742745399475
DBAASPS_11284,0.7524752616882324
DBAASPS_11288,0.5148515105247498
DBAASPS_11289,0.5445544719696045
DBAASPS_11290,0.574257493019104
DBAASPS_11291,0.4554455876350403
DBAASPS_11295,0.33663374185562134
DBAASPS_11308,0.31683170795440674
DBAASPS_11309,0.1980198621749878
DBAASPS_11310,0.1584160327911377
DBAASPS_11311,0.3069307804107666
DBAASPS_11312,0.43564361333847046
DBAASPS_11313,0.7425742745399475
DBAASPS_11314,0.6435643434524536
DBAASPS_11315,0.574257493019104
DBAASPS_11316,0.5940594673156738
DBAASPS_11317,0.603960394859314
DBAASPR_11318,0.3366338014602661
DBAASPS_11328,0.603960394859314
DBAASPS_11329,0.6831682920455933
DBAASPS_11330,0.42574262619018555
DBAASPS_11331,0.5000000596046448
DBAASPS_11335,0.6138614416122437
DBAASPS_11336,0.4653465747833252
DBAASPS_11338,0.5148515105247498
DBAASPS_11339,0.029703140258789062
DBAASPS_11340,1.1920928955078125e-07
DBAASPS_11341,0.04950511455535889
DBAASPS_11342,0.06930708885192871
DBAASPS_11345,0.3960396647453308
DBAASPS_11346,0.5643564462661743
DBAASPS_11347,0.5544554591178894
DBAASPS_11349,0.603960394859314
DBAASPS_11351,0.24752485752105713
DBAASPS_11352,0.33663374185562134
DBAASPS_11361,0.029703140258789062
DBAASPS_11364,0.11881208419799805
DBAASPS_11375,0.6633663177490234
DBAASPS_11376,0.5148515105247498
DBAASPS_11377,0.8217821717262268
DBAASPS_11378,0.6732673645019531
DBAASPR_11384,0.7722772359848022
DBAASPS_11386,0.9702970385551453
DBAASPS_11393,0.603960394859314
DBAASPS_11394,0.6237623691558838
DBAASPS_11395,0.5643564462661743
DBAASPS_11396,0.4752475619316101
DBAASPS_11398,0.4752475619316101
DBAASPS_11399,0.5247524976730347
DBAASPS_11400,0.574257493019104
DBAASPR_11401,0.3960396647453308
DBAASPR_11403,0.8118811845779419
DBAASPS_11407,0.7326732873916626
DBAASPS_11408,0.7029702663421631
DBAASPS_11409,0.7326732873916626
DBAASPS_11410,0.7722772359848022
DBAASPS_11411,0.6534653902053833
DBAASPS_11412,0.7722772359848022
DBAASPS_11413,0.8217821717262268
DBAASPS_11414,0.7524752616882324
DBAASPS_11415,0.8217821717262268
DBAASPS_11416,0.693069338798523
DBAASPS_11417,0.8712871074676514
DBAASPS_11418,0.9009901285171509
DBAASPS_11419,0.693069338798523
DBAASPS_11420,0.8217821717262268
DBAASPS_11421,0.7920792102813721
DBAASPS_11422,0.6732673645019531
DBAASPS_11423,0.8217821717262268
DBAASPS_11424,0.7326732873916626
DBAASPS_11425,0.7029702663421631
DBAASPS_11426,0.7623762488365173
DBAASPS_11427,0.8217821717262268
DBAASPS_11428,0.8316831588745117
DBAASPS_11429,0.6287128925323486
DBAASPS_11430,0.7524752616882324
DBAASPS_11431,0.7920792102813721
DBAASPS_11432,0.7722772359848022
DBAASPS_11433,0.8712871074676514
DBAASPS_11434,0.8514851331710815
DBAASPS_11435,0.6732673645019531
DBAASPS_11436,0.7524752616882324
DBAASPS_11437,0.8118811845779419
DBAASPS_11438,0.8415842056274414
DBAASPS_11439,0.7920792102813721
DBAASPS_11443,0.9702970385551453
DBAASPS_11444,0.910891056060791
DBAASPS_11445,0.801980197429657
DBAASPS_11446,0.8613861799240112
DBAASPS_11447,0.9405940771102905
DBAASPS_11448,0.9603960514068604
DBAASPS_11449,0.9405940771102905
DBAASPS_11450,0.8910890817642212
DBAASPS_11451,0.9603960514068604
DBAASPS_11452,0.8712871074676514
DBAASPS_11453,0.9306930899620056
DBAASPS_11454,0.8910890817642212
DBAASPS_11455,0.9306930899620056
DBAASPS_11456,0.9504950642585754
DBAASPS_11457,0.9504950642585754
DBAASPS_11458,0.9405940771102905
DBAASPS_11459,0.9504950642585754
DBAASPS_11460,0.8217821717262268
DBAASPS_11461,0.9306930899620056
DBAASPS_11462,0.8811880946159363
DBAASPS_11463,0.8415842056274414
DBAASPS_11464,0.8316831588745117
DBAASPS_11465,0.9603960514068604
DBAASPS_11466,0.9306930899620056
DBAASPS_11473,0.9504950642585754
DBAASPS_11474,0.9504950642585754
DBAASPS_11475,0.9108911156654358
DBAASPS_11476,0.9504950642585754
DBAASPS_11477,0.9603960514068604
DBAASPS_11478,0.9405940771102905
DBAASPS_11479,0.9207921028137207
DBAASPS_11480,0.8217821717262268
DBAASPS_11481,0.9207921028137207
DBAASPS_11482,0.9603960514068604
DBAASPS_11483,0.9405940771102905
DBAASPS_11484,0.9207921028137207
DBAASPS_11485,0.9405940771102905
DBAASPS_11486,0.9405940771102905
DBAASPS_11487,0.9405940771102905
DBAASPS_11488,0.9207921028137207
DBAASPS_11489,0.9009901285171509
DBAASPS_11490,0.9207921028137207
DBAASPS_11491,0.9207921028137207
DBAASPS_11492,0.8217821717262268
DBAASPR_11493,0.3960396647453308
DBAASPR_11494,0.5346534848213196
DBAASPS_11497,0.2772277593612671
DBAASPS_11498,0.35643571615219116
DBAASPS_11499,0.21782183647155762
DBAASPS_11500,0.3267327547073364
DBAASPS_11519,0.485148549079895
DBAASPS_11526,0.324257493019104
DBAASPS_11528,0.6732673645019531
DBAASPS_11529,0.6237623691558838
DBAASPS_11534,0.4554455876350403
DBAASPS_11536,0.4653465747833252
DBAASPS_11537,0.485148549079895
DBAASPS_11542,0.7920792102813721
DBAASPR_11543,0.5049505233764648
DBAASPS_11545,0.7722772359848022
DBAASPS_11546,0.5940594673156738
DBAASPS_11547,0.6138614416122437
DBAASPS_11548,0.9405940771102905
DBAASPS_11549,0.7425742745399475
DBAASPR_11558,0.4059406518936157
DBAASPS_11559,0.5544555187225342
DBAASPS_11560,0.6435643434524536
DBAASPS_11561,0.6534653902053833
DBAASPS_11562,0.148514986038208
DBAASPS_11563,0.29702985286712646
DBAASPS_11564,0.376237690448761
DBAASPS_11565,0.22029709815979004
DBAASPS_11566,0.13861393928527832
DBAASPR_11571,0.376237690448761
DBAASPS_11577,0.29702985286712646
DBAASPS_11578,0.26732683181762695
DBAASPS_11579,0.43564361333847046
DBAASPS_11612,0.6336634159088135
DBAASPS_11613,0.5544554591178894
DBAASPS_11614,0.42574262619018555
DBAASPS_11615,0.3861386775970459
DBAASPS_11616,0.693069338798523
DBAASPS_11617,0.6435643434524536
DBAASPS_11618,0.6336634159088135
DBAASPS_11619,0.693069338798523
DBAASPS_11620,0.4554455876350403
DBAASPS_11621,0.4653465747833252
DBAASPS_11634,0.7029702663421631
DBAASPS_11635,0.7227723002433777
DBAASPS_11636,0.6138613820075989
DBAASPS_11637,0.6138613820075989
DBAASPS_11638,0.7227723002433777
DBAASPS_11639,0.693069338798523
DBAASPS_11640,0.594059407711029
DBAASPS_11641,0.7227723002433777
DBAASPS_11642,0.693069338798523
DBAASPS_11643,0.7128713130950928
DBAASPS_11644,0.7029702663421631
DBAASPS_11645,0.6138613820075989
DBAASPS_11646,0.603960394859314
DBAASPS_11647,0.693069338798523
DBAASPS_11648,0.7227723002433777
DBAASPS_11649,0.594059407711029
DBAASPS_11650,0.693069338798523
DBAASPS_11651,0.43564361333847046
DBAASPS_11652,0.42574262619018555
DBAASPS_11653,0.376237690448761
DBAASPS_11654,0.603960394859314
DBAASPS_11655,0.5445544719696045
DBAASPS_11656,0.33663374185562134
DBAASPS_11657,0.42574262619018555
DBAASPS_11658,0.3267327547073364
DBAASPS_11659,0.4554455876350403
DBAASPS_11660,0.42574262619018555
DBAASPS_11661,0.3168317675590515
DBAASPS_11662,0.42574262619018555
DBAASPS_11663,0.31683170795440674
DBAASPS_11664,0.42574262619018555
DBAASPS_11665,0.4752475619316101
DBAASPS_11666,0.34653472900390625
DBAASPS_11667,0.3960396647453308
DBAASPS_11672,0.4554455876350403
DBAASPS_11674,0.574257493019104
DBAASPS_11675,0.1188119649887085
DBAASPS_11676,0.376237690448761
DBAASPS_11677,0.35643571615219116
DBAASPS_11721,0.04950511455535889
DBAASPS_11731,0.5049505233764648
DBAASPS_11770,0.10891103744506836
DBAASPS_11771,0.05940604209899902
DBAASPS_11772,0.2277228832244873
DBAASPS_11773,0.16831696033477783
DBAASPS_11774,0.1188119649887085
DBAASPS_11775,0.20792090892791748
DBAASPS_11777,0.17821800708770752
DBAASPS_11778,0.6435643434524536
DBAASPS_11779,0.4653465747833252
DBAASPS_11780,0.7029702663421631
DBAASPS_11782,0.41584163904190063
DBAASPS_11787,0.693069338798523
DBAASPS_11790,0.6237623691558838
DBAASPS_11791,0.7029702663421631
DBAASPS_11793,0.7821782231330872
DBAASPS_11794,0.43564361333847046
DBAASPS_11798,0.6237623691558838
DBAASPS_11799,0.7920792102813721
DBAASPS_11800,0.7128713130950928
DBAASPS_11802,0.7821782231330872
DBAASPS_11806,0.8613861799240112
DBAASPS_11809,0.0396040678024292
DBAASPR_11812,0.44554460048675537
DBAASPS_11814,0.5445544719696045
DBAASPS_11816,0.5346534848213196
DBAASPS_11819,0.7623762488365173
DBAASPS_11820,0.7128713130950928
DBAASPS_11822,0.8613861203193665
DBAASPS_11823,0.9504950642585754
DBAASPS_11824,0.6534653306007385
DBAASPS_11825,0.9603960514068604
DBAASPS_11826,0.9603960514068604
DBAASPS_11827,0.7029702663421631
DBAASPS_11828,0.7029702663421631
DBAASPS_11829,0.9603960514068604
DBAASPS_11830,0.9603960514068604
DBAASPS_11838,0.7920792102813721
DBAASPS_11840,0.8712871074676514
DBAASPS_11841,0.2277228832244873
DBAASPS_11842,0.5445544719696045
DBAASPS_11851,0.9306930899620056
DBAASPS_11859,0.6336634159088135
DBAASPS_11860,0.7227722406387329
DBAASPS_11861,0.7524752616882324
DBAASPS_11862,0.7128713130950928
DBAASPS_11863,0.7128713130950928
DBAASPS_11864,0.683168351650238
DBAASPS_11865,0.7128713130950928
DBAASPS_11866,0.7326732873916626
DBAASPS_11880,0.6336634159088135
DBAASPS_11881,0.910891056060791
DBAASPS_11882,0.7227723002433777
DBAASPS_11883,0.7326732873916626
DBAASPS_11884,0.7524752616882324
DBAASPS_11885,0.7128713130950928
DBAASPS_11886,0.801980197429657
DBAASPS_11887,0.8316831588745117
DBAASPS_11888,0.49504953622817993
DBAASPS_11889,0.43564361333847046
DBAASPS_11890,0.7227722406387329
DBAASPS_11891,0.7326732873916626
DBAASPS_11892,0.6732673645019531
DBAASPS_11893,0.6831682920455933
DBAASPS_11894,0.6831682920455933
DBAASPS_11911,0.49504953622817993
DBAASPS_11912,0.376237690448761
DBAASPS_11913,0.5049505233764648
DBAASPS_11914,0.5841584205627441
DBAASPS_11915,0.5643564462661743
DBAASPS_11916,0.594059407711029
DBAASPS_11917,0.6138614416122437
DBAASPS_11918,0.603960394859314
DBAASPS_11919,0.6336634159088135
DBAASPS_11921,0.41584163904190063
DBAASPS_11922,0.6732673645019531
DBAASPS_11923,0.6435643434524536
DBAASPS_11924,0.6435643434524536
DBAASPS_11926,0.6138614416122437
DBAASPS_11927,0.5742574334144592
DBAASPS_11929,0.5247524976730347
DBAASPS_11930,0.6336634159088135
DBAASPS_11931,0.6732673645019531
DBAASPS_11934,0.04950511455535889
DBAASPR_11935,0.6633663177490234
DBAASPS_11939,0.8613861799240112
DBAASPS_11940,0.5445544719696045
DBAASPS_11941,0.7623762488365173
DBAASPS_11946,0.7029702663421631
DBAASPS_11947,0.6336634159088135
DBAASPS_11951,0.44554460048675537
DBAASPS_11952,0.693069338798523
DBAASPS_11953,0.6534653902053833
DBAASPS_11954,0.7524752616882324
DBAASPS_11955,0.7524752616882324
DBAASPS_11956,0.693069338798523
DBAASPS_11957,0.7029702663421631
DBAASPS_11975,0.6138614416122437
DBAASPS_11977,0.594059407711029
DBAASPS_11978,0.6237623691558838
DBAASPS_11985,0.4554455876350403
DBAASPS_11986,0.7425742745399475
DBAASPS_11987,0.7425742745399475
DBAASPS_11988,0.7128713130950928
DBAASPS_11990,0.6336634159088135
DBAASPS_11991,0.7293729782104492
DBAASPS_11992,0.8382838368415833
DBAASPS_11993,0.683168351650238
DBAASPS_11994,0.801980197429657
DBAASPS_11995,0.8184818625450134
DBAASPS_11996,0.6831682920455933
DBAASPS_11997,0.6435643434524536
DBAASPS_11998,0.8613861203193665
DBAASPS_11999,0.867986798286438
DBAASPS_12000,0.7128713130950928
DBAASPS_12001,0.9207921028137207
DBAASPS_12007,0.5445544719696045
DBAASPS_12008,0.7821782231330872
DBAASPS_12009,0.7029703259468079
DBAASPS_12010,0.7227723002433777
DBAASPS_12011,0.693069338798523
DBAASPS_12012,0.881188154220581
DBAASPS_12013,0.9405940771102905
DBAASPS_12014,0.7623762488365173
DBAASPS_12015,0.6237623691558838
DBAASPS_12020,0.8283828496932983
DBAASPS_12022,0.8184818625450134
DBAASPS_12023,0.9075907468795776
DBAASPS_12025,0.8514851331710815
DBAASPS_12026,0.7623762488365173
DBAASPS_12027,0.7524752616882324
DBAASPS_12028,0.7029702663421631
DBAASPS_12029,0.8382838368415833
DBAASPS_12030,0.7623762488365173
DBAASPS_12033,0.09901010990142822
DBAASPS_12034,0.21782195568084717
DBAASPS_12036,0.867986798286438
DBAASPS_12037,0.7524752616882324
DBAASPS_12038,0.7029703259468079
DBAASPS_12039,0.778877854347229
DBAASPS_12040,0.7623762488365173
DBAASPS_12041,0.8877887725830078
DBAASPS_12044,0.7392739057540894
DBAASPS_12045,0.8085808753967285
DBAASPS_12046,0.7887789011001587
DBAASPS_12047,0.8217822313308716
DBAASPS_12048,0.9207921028137207
DBAASPS_12049,0.9009901285171509
DBAASPS_12050,0.6732673645019531
DBAASPS_12051,0.693069338798523
DBAASPS_12052,0.7128713130950928
DBAASPS_12053,0.8811880946159363
DBAASPS_12054,0.6732673645019531
DBAASPS_12055,0.8118811845779419
DBAASPS_12056,0.801980197429657
DBAASPS_12083,0.801980197429657
DBAASPS_12087,0.8217821717262268
DBAASPS_12088,0.801980197429657
DBAASPS_12089,0.8316831588745117
DBAASPS_12090,0.8118811845779419
DBAASPS_12101,0.6633663177490234
DBAASPS_12102,0.1188119649887085
DBAASPS_12107,0.21782195568084717
DBAASPS_12127,0.9009901285171509
DBAASPR_12131,0.9900990128517151
DBAASPS_12135,0.5346534848213196
DBAASPS_12145,0.16831696033477783
DBAASPS_12149,0.04950511455535889
DBAASPS_12156,0.376237690448761
DBAASPS_12157,0.49504953622817993
DBAASPS_12158,0.6831682920455933
DBAASPS_12159,0.7128713130950928
DBAASPS_12160,0.6435643434524536
DBAASPS_12175,0.43564361333847046
DBAASPS_12176,0.4752475619316101
DBAASPS_12177,0.5049505233764648
DBAASPS_12178,0.44554460048675537
DBAASPS_12179,0.376237690448761
DBAASPS_12180,0.7029703259468079
DBAASPS_12183,0.6534653902053833
DBAASPS_12188,0.3069307804107666
DBAASPS_12189,0.2871288061141968
DBAASPS_12190,0.42574262619018555
DBAASPS_12191,0.2821783423423767
DBAASPS_12192,0.15841591358184814
DBAASPS_12193,0.26732683181762695
DBAASPS_12194,0.5346534848213196
DBAASPS_12195,0.5445544719696045
DBAASPS_12202,0.6138614416122437
DBAASPS_12203,0.655940592288971
DBAASPS_12204,0.47772282361984253
DBAASPS_12206,0.41831690073013306
DBAASPS_12207,0.5148515105247498
DBAASPS_12209,0.376237690448761
DBAASPS_12212,0.29702985286712646
DBAASPS_12213,0.11881208419799805
DBAASPS_12214,0.33663368225097656
DBAASPR_12216,0.1188119649887085
DBAASPS_12217,0.3267327547073364
DBAASPS_12218,0.2574259042739868
DBAASPS_12220,0.49504953622817993
DBAASPS_12221,0.9108911156654358
DBAASPS_12222,0.9306930899620056
DBAASPS_12223,0.7821782231330872
DBAASPS_12225,0.42574262619018555
DBAASPS_12226,0.15841591358184814
DBAASPS_12227,0.42574262619018555
DBAASPR_12229,0.8514851331710815
DBAASPS_12239,0.148514986038208
DBAASPS_12240,0.5148515701293945
DBAASPS_12241,0.35643571615219116
DBAASPS_12242,0.2772277593612671
DBAASPR_12243,0.7326732873916626
DBAASPR_12244,0.6633663177490234
DBAASPS_12249,0.26732683181762695
DBAASPS_12251,0.21782183647155762
DBAASPS_12257,0.6237623691558838
DBAASPS_12258,0.376237690448761
DBAASPS_12308,0.4554455876350403
DBAASPS_12311,0.148514986038208
DBAASPS_12312,0.6435643434524536
DBAASPS_12313,0.801980197429657
DBAASPS_12314,0.7623762488365173
DBAASPS_12329,0.148514986038208
DBAASPS_12330,0.44554460048675537
DBAASPS_12331,0.20792090892791748
DBAASPR_12332,0.910891056060791
DBAASPS_12333,0.8613861799240112
DBAASPS_12334,0.8217821717262268
DBAASPS_12335,0.8910890817642212
DBAASPS_12336,0.7326732873916626
DBAASPS_12337,0.8118811845779419
DBAASPS_12356,0.1584160327911377
DBAASPS_12357,0.18811893463134766
DBAASPS_12358,0.44554460048675537
DBAASPS_12359,0.16831696033477783
DBAASPS_12360,0.5049505233764648
DBAASPS_12368,0.29702985286712646
DBAASPS_12369,0.4950495958328247
DBAASPS_12370,0.6435643434524536
DBAASPS_12371,0.5049505233764648
DBAASPS_12372,0.5445544719696045
DBAASPS_12373,0.485148549079895
DBAASPS_12377,0.8910890817642212
DBAASPS_12378,0.7128713130950928
DBAASPS_12379,0.7029703259468079
DBAASPS_12380,0.4653465747833252
DBAASPS_12383,0.693069338798523
DBAASPS_12384,0.2871288061141968
DBAASPS_12386,0.3366338014602661
DBAASPS_12387,0.25742578506469727
DBAASPS_12388,0.148514986038208
DBAASPS_12389,0.46039605140686035
DBAASPR_12393,0.801980197429657
DBAASPR_12394,0.7425742149353027
DBAASPR_12395,0.8316831588745117
DBAASPS_12397,0.8514851331710815
DBAASPS_12406,0.8118811845779419
DBAASPS_12439,0.3267327547073364
DBAASPS_12440,0.3168318271636963
DBAASPS_12441,0.603960394859314
DBAASPS_12442,0.6237623691558838
DBAASPS_12444,0.4653465747833252
DBAASPS_12446,0.4752475619316101
DBAASPR_12448,0.21782195568084717
DBAASPR_12449,0.18811893463134766
DBAASPR_12450,0.019802093505859375
DBAASPS_12451,0.3366338014602661
DBAASPS_12452,0.42574262619018555
DBAASPS_12454,0.7623762488365173
DBAASPS_12455,0.7623762488365173
DBAASPS_12456,0.26732683181762695
DBAASPS_12457,0.3069307804107666
DBAASPR_12486,0.8118811845779419
DBAASPS_12488,0.376237690448761
DBAASPS_12489,0.33663368225097656
DBAASPS_12490,0.3960396647453308
DBAASPR_12494,0.4059407114982605
DBAASPS_12505,0.8415841460227966
DBAASPS_12506,0.7524752616882324
DBAASPS_12507,0.6138614416122437
DBAASPS_12508,0.6138614416122437
DBAASPS_12509,0.5247524976730347
DBAASPS_12510,0.23762381076812744
DBAASPS_12511,0.5841584205627441
DBAASPS_12512,0.6633663177490234
DBAASPS_12513,0.3168318271636963
DBAASPS_12514,0.7029703259468079
DBAASPS_12515,0.4653465747833252
DBAASPS_12517,0.7920792102813721
DBAASPS_12518,0.11881208419799805
DBAASPS_12521,0.25742578506469727
DBAASPS_12523,0.5940594673156738
DBAASPS_12524,0.5346535444259644
DBAASPR_12525,0.7029702663421631
DBAASPR_12532,0.8514851331710815
DBAASPS_12533,0.6633663177490234
DBAASPS_12534,0.6732673645019531
DBAASPS_12535,0.8613861203193665
DBAASPS_12536,0.8712871074676514
DBAASPS_12539,0.8316831588745117
DBAASPS_12540,0.2871288061141968
DBAASPS_12541,0.29702985286712646
DBAASPS_12542,0.3069307804107666
DBAASPS_12543,0.42574262619018555
DBAASPS_12544,0.5148515105247498
DBAASPS_12545,0.4554455876350403
DBAASPS_12553,0.7920792102813721
DBAASPR_12555,0.17821788787841797
DBAASPS_12556,0.7722772359848022
DBAASPS_12557,0.3069307804107666
DBAASPS_12558,0.019802093505859375
DBAASPS_12559,0.24752485752105713
DBAASPS_12560,0.3366338014602661
DBAASPS_12561,0.20792090892791748
DBAASPS_12562,0.24752485752105713
DBAASPS_12563,0.26732683181762695
DBAASPS_12564,0.42574262619018555
DBAASPS_12565,0.2772277593612671
DBAASPS_12566,0.4653465747833252
DBAASPS_12567,0.574257493019104
DBAASPS_12568,0.603960394859314
DBAASPS_12569,0.5247524976730347
DBAASPS_12570,0.603960394859314
DBAASPS_12571,0.7227722406387329
DBAASPS_12572,0.7326732873916626
DBAASPS_12579,0.8217821717262268
DBAASPS_12580,0.603960394859314
DBAASPS_12587,0.5841584205627441
DBAASPS_12593,0.6633663177490234
DBAASPS_12594,0.7920792102813721
DBAASPS_12595,0.574257493019104
DBAASPS_12596,0.5940594673156738
DBAASPS_12597,0.6138614416122437
DBAASPS_12598,0.8118811845779419
DBAASPS_12599,0.7227723002433777
DBAASPS_12600,0.7623762488365173
DBAASPS_12601,0.683168351650238
DBAASPS_12602,0.801980197429657
DBAASPS_12603,0.5247524976730347
DBAASPS_12604,0.5841584205627441
DBAASPS_12605,0.683168351650238
DBAASPS_12606,0.7821782231330872
DBAASPS_12607,0.6633663177490234
DBAASPS_12608,0.7227723002433777
DBAASPS_12610,0.6633663177490234
DBAASPS_12611,0.7326732873916626
DBAASPS_12613,0.4504951238632202
DBAASPR_12615,0.7128713130950928
DBAASPS_12625,0.7128713130950928
DBAASPS_12633,0.7722772359848022
DBAASPS_12634,0.15841591358184814
DBAASPS_12635,0.8415841460227966
DBAASPS_12636,0.603960394859314
DBAASPS_12637,0.6831682920455933
DBAASPS_12638,0.2871288061141968
DBAASPS_12639,0.7128713130950928
DBAASPS_12640,0.5643564462661743
DBAASPS_12641,0.18811893463134766
DBAASPS_12643,0.06930708885192871
DBAASPS_12662,0.6534653306007385
DBAASPS_12663,0.6138613820075989
DBAASPS_12666,0.23267340660095215
DBAASPR_12667,0.574257493019104
DBAASPS_12668,0.3069307804107666
DBAASPS_12672,0.41584163904190063
DBAASPS_12677,0.2871288061141968
DBAASPR_12688,0.5841584205627441
DBAASPS_12689,0.42574262619018555
DBAASPR_12692,0.1980198621749878
DBAASPR_12693,0.18811893463134766
DBAASPR_12694,0.49504953622817993
DBAASPR_12695,0.16831696033477783
DBAASPS_12697,0.7425742745399475
DBAASPS_12700,0.8910890817642212
DBAASPS_12701,0.7326732873916626
DBAASPS_12702,0.7425742149353027
DBAASPS_12703,0.7029702663421631
DBAASPS_12704,0.6831682920455933
DBAASPS_12705,0.8316831588745117
DBAASPS_12706,0.7425742745399475
DBAASPS_12707,0.7722772359848022
DBAASPS_12708,0.7326732873916626
DBAASPS_12709,0.7128713130950928
DBAASPS_12710,0.6534653902053833
DBAASPS_12711,0.6138613820075989
DBAASPS_12712,0.7623762488365173
DBAASPS_12713,0.6534653902053833
DBAASPS_12714,0.6831682920455933
DBAASPS_12715,0.5742574334144592
DBAASPS_12716,0.5643564462661743
DBAASPS_12717,0.7425742745399475
DBAASPS_12718,0.693069338798523
DBAASPS_12719,0.7128713130950928
DBAASPS_12720,0.6237623691558838
DBAASPS_12721,0.6138613820075989
DBAASPS_12722,0.7227722406387329
DBAASPS_12723,0.6534653306007385
DBAASPS_12756,0.6534653902053833
DBAASPS_12757,0.5445544719696045
DBAASPS_12758,0.801980197429657
DBAASPS_12759,0.8514851331710815
DBAASPS_12760,0.8217821717262268
DBAASPS_12763,0.8514851331710815
DBAASPS_12764,0.6138613820075989
DBAASPS_12765,0.5742574334144592
DBAASPS_12766,0.8514851331710815
DBAASPS_12767,0.7623762488365173
DBAASPS_12769,0.361386239528656
DBAASPS_12770,0.43564361333847046
DBAASPS_12771,0.5049505233764648
DBAASPS_12772,0.6336634159088135
DBAASPS_12773,0.7623762488365173
DBAASPS_12774,0.6138614416122437
DBAASPS_12775,0.7524752616882324
DBAASPS_12776,0.7722772359848022
DBAASPS_12777,0.2277228832244873
DBAASPS_12778,0.19801998138427734
DBAASPS_12781,0.8118811845779419
DBAASPS_12782,0.42574262619018555
DBAASPS_12783,0.6831682920455933
DBAASPS_12787,0.5643564462661743
DBAASPS_12792,0.8910890817642212
DBAASPS_12793,0.8415841460227966
DBAASPS_12794,0.8514851331710815
DBAASPS_12802,0.33663374185562134
DBAASPS_12803,0.10891103744506836
DBAASPS_12805,0.2277228832244873
DBAASPS_12806,0.18811893463134766
DBAASPS_12811,0.6831682920455933
DBAASPS_12812,0.8514851331710815
DBAASPS_12813,0.7425742745399475
DBAASPS_12814,0.7128713130950928
DBAASPS_12815,0.693069338798523
DBAASPS_12816,0.6633663177490234
DBAASPS_12817,0.49752479791641235
DBAASPS_12818,0.7153465151786804
DBAASPS_12822,0.5544554591178894
DBAASPS_12823,0.589108943939209
DBAASPS_12826,0.594059407711029
DBAASPS_12827,0.7252475023269653
DBAASPS_12828,0.7821782231330872
DBAASPS_12829,0.5841584205627441
DBAASPS_12830,0.5841584205627441
DBAASPS_12831,0.693069338798523
DBAASPS_12832,0.5544554591178894
DBAASPS_12833,0.42574262619018555
DBAASPS_12834,0.4752475619316101
DBAASPS_12835,0.20792090892791748
DBAASPS_12836,0.7524752616882324
DBAASPS_12837,0.43564361333847046
DBAASPS_12839,0.6633663177490234
DBAASPS_12840,0.7128713130950928
DBAASPS_12842,0.6237623691558838
DBAASPS_12843,0.5742574334144592
DBAASPS_12845,0.801980197429657
DBAASPS_12846,0.6237623691558838
DBAASPS_12847,0.6237623691558838
DBAASPS_12853,0.33663368225097656
DBAASPS_12854,0.5544555187225342
DBAASPS_12855,0.6831682920455933
DBAASPS_12856,0.148514986038208
DBAASPS_12857,0.33663374185562134
DBAASPS_12858,0.5841584205627441
DBAASPS_12859,0.603960394859314
DBAASPS_12860,0.7326732873916626
DBAASPS_12861,0.6633663177490234
DBAASPS_12863,0.43564361333847046
DBAASPS_12864,0.6336633563041687
DBAASPS_12865,0.5544554591178894
DBAASPS_12866,0.34653472900390625
DBAASPS_12867,0.3168317675590515
DBAASPS_12868,0.27722787857055664
DBAASPS_12869,0.10891103744506836
DBAASPS_12870,0.5247524976730347
DBAASPS_12894,0.8415841460227966
DBAASPS_12895,0.910891056060791
DBAASPS_12896,0.8811880946159363
DBAASPS_12897,0.7326732873916626
DBAASPS_12900,0.5049505233764648
DBAASPS_12901,0.7425742149353027
DBAASPS_12903,0.594059407711029
DBAASPS_12905,0.7920792102813721
DBAASPS_12906,0.7920792102813721
DBAASPS_12907,0.7425742745399475
DBAASPS_12908,0.801980197429657
DBAASPS_12909,0.7722772359848022
DBAASPS_12910,0.7722772359848022
DBAASPS_12911,0.7722772359848022
DBAASPS_12912,0.3960396647453308
DBAASPS_12913,0.5841584205627441
DBAASPS_12914,0.7722772359848022
DBAASPS_12915,0.44554460048675537
DBAASPS_12916,0.5247524976730347
DBAASPS_12917,0.4059406518936157
DBAASPS_12918,0.5742574334144592
DBAASPS_12919,0.7623762488365173
DBAASPS_12920,0.376237690448761
DBAASPS_12921,0.5049505233764648
DBAASPS_12922,0.5643564462661743
DBAASPS_12923,0.8415841460227966
DBAASPS_12924,0.8811880946159363
DBAASPS_12929,0.29702985286712646
DBAASPS_12930,0.3663367033004761
DBAASPS_12931,0.2871288061141968
DBAASPS_12932,0.6435643434524536
DBAASPS_12933,0.4653465747833252
DBAASPS_12934,0.376237690448761
DBAASPS_12935,0.376237690448761
DBAASPS_12936,0.7227722406387329
DBAASPS_12937,0.13861405849456787
DBAASPS_12938,0.4059406518936157
DBAASPS_12939,0.4059406518936157
DBAASPS_12940,0.19801998138427734
DBAASPS_12941,0.029703140258789062
DBAASPS_12942,0.237623929977417
DBAASPS_12948,0.2871288061141968
DBAASPS_12949,0.1188119649887085
DBAASPS_12950,0.43564361333847046
DBAASPR_12951,0.41584163904190063
DBAASPS_12952,0.11881208419799805
DBAASPS_12953,0.7821782231330872
DBAASPS_12958,0.8613861203193665
DBAASPS_12959,0.8514851331710815
DBAASPS_12960,0.8910890817642212
DBAASPS_12997,0.20792090892791748
DBAASPS_12999,0.18811893463134766
DBAASPS_13006,0.7128713130950928
DBAASPS_13007,0.7326732873916626
DBAASPS_13008,0.6732673645019531
DBAASPS_13009,0.6237623691558838
DBAASPS_13010,0.801980197429657
DBAASPS_13011,0.7623762488365173
DBAASPS_13012,0.9108911156654358
DBAASPS_13013,0.9207921028137207
DBAASPS_13014,0.7623762488365173
DBAASPS_13015,0.594059407711029
DBAASPS_13016,0.4554455876350403
DBAASPS_13017,0.603960394859314
DBAASPS_13018,0.43564361333847046
DBAASPS_13019,0.7722772359848022
DBAASPS_13020,0.34653472900390625
DBAASPS_13021,0.34653472900390625
DBAASPS_13022,0.26732683181762695
DBAASPS_13023,0.2772277593612671
DBAASPS_13024,0.6336634159088135
DBAASPS_13025,0.6138614416122437
DBAASPS_13026,0.6237623691558838
DBAASPS_13028,0.594059407711029
DBAASPS_13029,0.6831682920455933
DBAASPS_13039,0.6831682920455933
DBAASPS_13040,0.5693069696426392
DBAASPS_13041,0.4752475619316101
DBAASPS_13050,0.3663367033004761
DBAASPS_13051,0.6435643434524536
DBAASPS_13052,0.7227723002433777
DBAASPS_13053,0.801980197429657
DBAASPS_13065,0.3663367033004761
DBAASPS_13066,0.6336633563041687
DBAASPS_13067,0.5445544719696045
DBAASPS_13068,0.5247524976730347
DBAASPS_13069,0.34653472900390625
DBAASPS_13070,0.42574262619018555
DBAASPS_13071,0.603960394859314
DBAASPS_13072,0.603960394859314
DBAASPS_13073,0.6435643434524536
DBAASPS_13078,0.7227722406387329
DBAASPS_13079,0.7326732873916626
DBAASPS_13088,0.6534653902053833
DBAASPS_13089,0.7029702663421631
DBAASPS_13090,0.6732673645019531
DBAASPS_13091,0.7623762488365173
DBAASPS_13092,0.8217821717262268
DBAASPS_13093,0.8217821717262268
DBAASPS_13094,0.7821782231330872
DBAASPS_13095,0.6237623691558838
DBAASPS_13096,0.7128713130950928
DBAASPS_13097,0.7029702663421631
DBAASPS_13124,0.6732673645019531
DBAASPS_13125,0.5841584205627441
DBAASPS_13126,0.49504953622817993
DBAASPS_13127,0.6336634159088135
DBAASPS_13153,0.25742578506469727
DBAASPS_13156,0.8316831588745117
DBAASPS_13172,0.35643571615219116
DBAASPS_13173,0.3267327547073364
DBAASPS_13174,0.5544554591178894
DBAASPS_13177,0.5247524976730347
DBAASPS_13178,0.18811893463134766
DBAASPS_13179,0.0396040678024292
DBAASPS_13180,0.237623929977417
DBAASPS_13193,0.6237623691558838
DBAASPS_13194,0.7821782231330872
DBAASPS_13195,0.8415841460227966
DBAASPS_13196,0.6633663177490234
DBAASPS_13205,0.5247524976730347
DBAASPS_13213,0.801980197429657
DBAASPS_13245,0.801980197429657
DBAASPS_13246,0.5247524976730347
DBAASPS_13247,0.603960394859314
DBAASPS_13248,0.2277228832244873
DBAASPS_13249,0.44554460048675537
DBAASPS_13250,0.6633663177490234
DBAASPS_13251,0.6435643434524536
DBAASPS_13252,0.8118811845779419
DBAASPS_13253,0.5643564462661743
DBAASPR_13255,0.5049505233764648
DBAASPR_13256,0.23762381076812744
DBAASPR_13273,1.1920928955078125e-07
DBAASPN_13304,0.4554455876350403
DBAASPS_13307,0.49504953622817993
DBAASPS_13308,0.44554460048675537
DBAASPS_13309,0.3663367033004761
DBAASPS_13310,0.3960396647453308
DBAASPS_13311,0.42574262619018555
DBAASPS_13312,0.42574262619018555
DBAASPS_13313,0.42574262619018555
DBAASPS_13319,0.3267327547073364
DBAASPS_13328,0.4554455876350403
DBAASPS_13330,0.7326732873916626
DBAASPS_13331,0.5841584205627441
DBAASPS_13343,0.8712871074676514
DBAASPS_13352,0.6435643434524536
DBAASPS_13353,0.6336634159088135
DBAASPS_13354,0.6633663177490234
DBAASPS_13355,0.6732673645019531
DBAASPS_13356,0.5643564462661743
DBAASPS_13357,0.5346534848213196
DBAASPS_13358,0.5148515105247498
DBAASPS_13359,0.4059406518936157
DBAASPS_13360,0.3366338014602661
DBAASPS_13361,0.5247524976730347
DBAASPS_13362,0.5247524976730347
DBAASPS_13363,0.48184823989868164
DBAASPS_13364,0.6534653902053833
DBAASPS_13365,0.5940594673156738
DBAASPS_13366,0.6237623691558838
DBAASPS_13367,0.8712871074676514
DBAASPS_13368,0.8366336822509766
DBAASPS_13369,0.7772277593612671
DBAASPS_13370,0.7673267126083374
DBAASPS_13371,0.603960394859314
DBAASPS_13372,0.4752475619316101
DBAASPS_13373,0.485148549079895
DBAASPS_13374,0.29372942447662354
DBAASPS_13375,0.35643571615219116
DBAASPS_13376,0.34653472900390625
DBAASPS_13377,0.3267327547073364
DBAASPS_13378,0.34653472900390625
DBAASPS_13379,0.35643577575683594
DBAASPS_13380,0.34653472900390625
DBAASPS_13381,0.35643571615219116
DBAASPS_13382,0.35643571615219116
DBAASPS_13383,0.4653465747833252
DBAASPS_13384,0.6138613820075989
DBAASPS_13385,0.7326732873916626
DBAASPS_13386,0.7128713130950928
DBAASPS_13387,0.693069338798523
DBAASPS_13388,0.6831682920455933
DBAASPS_13389,0.6831682920455933
DBAASPS_13390,0.4579208493232727
DBAASPS_13391,0.42574262619018555
DBAASPS_13393,0.8118811845779419
DBAASPS_13394,0.7920792102813721
DBAASPS_13395,0.7524752616882324
DBAASPS_13396,0.7326732873916626
DBAASPS_13397,0.7425742149353027
DBAASPS_13398,0.7128713130950928
DBAASPS_13399,0.7128713130950928
DBAASPS_13400,0.6534653902053833
DBAASPS_13401,0.5346534848213196
DBAASPS_13402,0.6534653902053833
DBAASPS_13403,0.6336634159088135
DBAASPS_13404,0.4752476215362549
DBAASPS_13405,0.3168318271636963
DBAASPS_13406,0.5049505233764648
DBAASPS_13407,0.4554455876350403
DBAASPS_13408,0.43564361333847046
DBAASPS_13409,0.44554460048675537
DBAASPS_13410,0.4554455876350403
DBAASPS_13411,0.5445544719696045
DBAASPS_13412,0.5544555187225342
DBAASPS_13413,0.574257493019104
DBAASPS_13414,0.574257493019104
DBAASPS_13416,0.13861393928527832
DBAASPS_13417,0.13861393928527832
DBAASPS_13423,0.08910906314849854
DBAASPS_13427,0.44554460048675537
DBAASPS_13428,0.5841584205627441
DBAASPR_13431,0.17821788787841797
DBAASPN_13432,0.4554455876350403
DBAASPN_13437,0.5346534848213196
DBAASPS_13442,0.9009901285171509
DBAASPS_13464,0.6534653902053833
DBAASPS_13485,0.6732673645019531
DBAASPS_13486,0.7425742149353027
DBAASPS_13487,0.6534653902053833
DBAASPR_13490,0.35643571615219116
DBAASPS_13491,0.376237690448761
DBAASPS_13492,0.6237623691558838
DBAASPS_13493,0.5445544719696045
DBAASPS_13494,0.7524752616882324
DBAASPS_13495,0.6534653902053833
DBAASPS_13496,0.693069338798523
DBAASPS_13497,0.7425742149353027
DBAASPS_13498,0.7128713130950928
DBAASPS_13499,0.31683170795440674
DBAASPS_13500,0.3960396647453308
DBAASPS_13502,0.6831682920455933
DBAASPS_13509,0.10891103744506836
DBAASPS_13512,0.42574262619018555
DBAASPS_13530,0.8085808753967285
DBAASPS_13531,0.7029703259468079
DBAASPS_13532,0.7722772359848022
DBAASPS_13533,0.7524752616882324
DBAASPS_13534,0.8118811845779419
DBAASPS_13535,0.7128713130950928
DBAASPS_13536,0.7623762488365173
DBAASPS_13537,0.7524752616882324
DBAASPS_13538,0.8415841460227966
DBAASPS_13540,0.6336634159088135
DBAASPS_13544,0.6534653902053833
DBAASPS_13551,0.43564361333847046
DBAASPS_13552,0.5841584205627441
DBAASPS_13553,0.42574262619018555
DBAASPS_13554,0.4554455876350403
DBAASPS_13562,0.574257493019104
DBAASPS_13563,0.5643564462661743
DBAASPS_13564,0.3663367033004761
DBAASPS_13565,0.3663367033004761
DBAASPS_13566,0.574257493019104
DBAASPS_13567,0.42574262619018555
DBAASPS_13568,0.43564361333847046
DBAASPS_13569,0.44554460048675537
DBAASPS_13570,0.574257493019104
DBAASPS_13588,0.16831696033477783
DBAASPS_13589,0.21782183647155762
DBAASPS_13590,0.24752485752105713
DBAASPR_13628,0.03960418701171875
DBAASPS_13629,0.5544554591178894
DBAASPS_13630,0.3861386775970459
DBAASPS_13631,0.7623762488365173
DBAASPS_13632,0.7821782231330872
DBAASPS_13633,0.6633663177490234
DBAASPS_13634,0.801980197429657
DBAASPS_13635,0.7821782231330872
DBAASPS_13636,0.6237623691558838
DBAASPS_13637,0.148514986038208
DBAASPS_13638,0.237623929977417
DBAASPS_13639,0.44554460048675537
DBAASPS_13640,0.5379538536071777
DBAASPS_13641,0.3861386775970459
DBAASPS_13642,0.16831696033477783
DBAASPS_13643,0.41584163904190063
DBAASPS_13644,0.20792090892791748
DBAASPS_13645,0.801980197429657
DBAASPS_13646,0.801980197429657
DBAASPS_13653,0.7920792102813721
DBAASPS_13654,0.8910890817642212
DBAASPS_13661,0.8217821717262268
DBAASPS_13664,0.5148515701293945
DBAASPS_13665,0.2574259042739868
DBAASPS_13666,0.485148549079895
DBAASPS_13668,0.7227723002433777
DBAASPS_13707,0.34488463401794434
DBAASPS_13714,0.6336634159088135
DBAASPS_13715,0.4752475619316101
DBAASPS_13716,0.693069338798523
DBAASPS_13717,0.8118811845779419
DBAASPS_13718,0.603960394859314
DBAASPS_13719,0.7821782231330872
DBAASPS_13720,0.41584163904190063
DBAASPS_13721,0.603960394859314
DBAASPS_13722,0.6336634159088135
DBAASPS_13723,0.7128713130950928
DBAASPS_13724,0.3861386775970459
DBAASPS_13725,0.485148549079895
DBAASPS_13726,0.8811880946159363
DBAASPS_13727,0.5214521884918213
DBAASPS_13729,0.6897690296173096
DBAASPS_13731,0.4554455876350403
DBAASPS_13735,0.3267327547073364
DBAASPS_13736,0.49174922704696655
DBAASPS_13739,0.5841584205627441
DBAASPS_13740,0.6435643434524536
DBAASPS_13741,0.2871288061141968
DBAASPS_13742,0.20792090892791748
DBAASPS_13743,0.3960396647453308
DBAASPS_13745,0.5247524976730347
DBAASPS_13762,0.7425742149353027
DBAASPS_13765,0.7623762488365173
DBAASPS_13772,0.5841584205627441
DBAASPS_13776,0.8217821717262268
DBAASPS_13777,0.8811880946159363
DBAASPS_13778,0.7920792102813721
DBAASPS_13786,0.16831696033477783
DBAASPR_13804,0.5544555187225342
DBAASPR_13805,0.376237690448761
DBAASPR_13806,0.35643571615219116
DBAASPR_13807,0.2574259042739868
DBAASPR_13810,0.7920792102813721
DBAASPS_13811,0.7821782231330872
DBAASPS_13812,0.8118811845779419
DBAASPS_13813,0.7821782231330872
DBAASPS_13814,0.7821782231330872
DBAASPS_13815,0.8118811845779419
DBAASPS_13816,0.7920792102813721
DBAASPS_13817,0.7821782231330872
DBAASPS_13818,0.801980197429657
DBAASPS_13819,0.881188154220581
DBAASPS_13822,0.8514851331710815
DBAASPS_13823,0.8217821717262268
DBAASPS_13824,0.8316831588745117
DBAASPS_13825,0.7920792102813721
DBAASPS_13826,0.8118811845779419
DBAASPS_13827,0.4752475619316101
DBAASPS_13828,0.3960396647453308
DBAASPS_13829,0.5742574334144592
DBAASPS_13830,0.5346534848213196
DBAASPS_13835,0.8613861799240112
DBAASPS_13837,0.6336634159088135
DBAASPS_13838,0.7623762488365173
DBAASPS_13840,0.5346535444259644
DBAASPS_13841,0.6435643434524536
DBAASPS_13842,0.5346535444259644
DBAASPS_13843,0.8514851331710815
DBAASPS_13844,0.8613861203193665
DBAASPS_13845,0.43564361333847046
DBAASPS_13846,0.7623762488365173
DBAASPS_13847,0.485148549079895
DBAASPS_13848,0.6336634159088135
DBAASPS_13850,0.693069338798523
DBAASPS_13851,0.8415841460227966
DBAASPR_13884,0.6831682920455933
DBAASPS_13896,0.43564361333847046
DBAASPS_13898,0.34653472900390625
DBAASPS_13899,0.3069307804107666
DBAASPS_13915,0.10891103744506836
DBAASPS_13916,0.09900999069213867
DBAASPS_13917,0.13861393928527832
DBAASPS_13918,0.1980198621749878
DBAASPS_13919,0.17821788787841797
DBAASPS_13920,0.13861405849456787
DBAASPS_13921,0.1584160327911377
DBAASPS_13923,0.24752485752105713
DBAASPS_13924,0.18811893463134766
DBAASPS_13925,0.31683170795440674
DBAASPS_13926,0.20792090892791748
DBAASPS_13927,0.12871301174163818
DBAASPS_13928,0.34653472900390625
DBAASPS_13930,0.7029702663421631
DBAASPS_13931,0.41584163904190063
DBAASPS_13936,0.6237623691558838
DBAASPS_13937,0.7227723002433777
DBAASPS_13938,0.6831682920455933
DBAASPS_13939,0.7821782231330872
DBAASPS_13940,0.8514851331710815
DBAASPS_13941,0.9801980257034302
DBAASPS_13942,0.8910890817642212
DBAASPS_13943,0.801980197429657
DBAASPS_13944,0.693069338798523
DBAASPS_13945,0.8712871074676514
DBAASPS_13946,0.7722772359848022
DBAASPS_13947,0.8118811845779419
DBAASPS_13948,0.7623762488365173
DBAASPS_13949,0.7029702663421631
DBAASPS_13950,0.7524752616882324
DBAASPS_13951,0.7920792102813721
DBAASPS_13952,0.7623762488365173
DBAASPS_13953,0.7524752616882324
DBAASPS_13954,0.801980197429657
DBAASPS_13955,0.7920792102813721
DBAASPS_13956,0.8118811845779419
DBAASPS_13957,0.6138614416122437
DBAASPS_13958,0.7524752616882324
DBAASPS_13959,0.7326732873916626
DBAASPS_13960,0.5544554591178894
DBAASPS_13961,0.7623762488365173
DBAASPS_13962,0.7920792102813721
DBAASPS_13963,0.8613861799240112
DBAASPS_13967,0.6732673645019531
DBAASPR_13972,0.35643571615219116
DBAASPS_13978,0.7326732873916626
DBAASPS_13979,0.7623762488365173
DBAASPS_13980,0.7326732873916626
DBAASPS_13981,0.693069338798523
DBAASPS_13982,0.8514851331710815
DBAASPS_13983,0.7623762488365173
DBAASPS_13984,0.5346535444259644
DBAASPS_13985,0.5247524976730347
DBAASPS_13986,0.6831682920455933
DBAASPS_13987,0.6534653902053833
DBAASPS_13988,0.7920792102813721
DBAASPS_13989,0.4950495958328247
DBAASPS_13990,0.7920792102813721
DBAASPR_13996,0.35643571615219116
DBAASPS_13998,0.5544554591178894
DBAASPS_13999,0.42574262619018555
DBAASPS_14000,0.5544554591178894
DBAASPS_14001,0.6138613820075989
DBAASPS_14002,0.5643564462661743
DBAASPS_14003,0.4752475619316101
DBAASPS_14004,0.5148515105247498
DBAASPS_14005,0.5544554591178894
DBAASPS_14006,0.5544554591178894
DBAASPS_14010,0.42574262619018555
DBAASPS_14011,0.34653472900390625
DBAASPS_14012,0.3960396647453308
DBAASPS_14013,0.1584160327911377
DBAASPS_14014,0.2277228832244873
DBAASPS_14015,0.21782195568084717
DBAASPS_14016,0.21782195568084717
DBAASPS_14017,0.17821788787841797
DBAASPS_14018,0.25742578506469727
DBAASPS_14020,0.5940594673156738
DBAASPS_14021,0.35643571615219116
DBAASPS_14031,0.693069338798523
DBAASPS_14032,0.693069338798523
DBAASPS_14033,0.7128713130950928
DBAASPS_14034,0.6831682920455933
DBAASPS_14035,0.7227722406387329
DBAASPS_14040,0.6732673645019531
DBAASPS_14041,0.9504950642585754
DBAASPS_14043,0.9603960514068604
DBAASPS_14045,0.9306930899620056
DBAASPS_14046,0.17821800708770752
DBAASPS_14047,0.11881208419799805
DBAASPS_14069,0.7821782231330872
DBAASPS_14074,0.5643564462661743
DBAASPS_14076,0.11881208419799805
DBAASPS_14078,0.7227723002433777
DBAASPS_14080,0.6955445408821106
DBAASPS_14081,0.6633663177490234
DBAASPS_14082,0.603960394859314
DBAASPS_14083,0.6138614416122437
DBAASPS_14101,0.8613861799240112
DBAASPS_14102,0.574257493019104
DBAASPS_14105,0.5643564462661743
DBAASPS_14107,0.7425742149353027
DBAASPS_14111,0.8514851331710815
DBAASPS_14113,0.6534653306007385
DBAASPS_14114,0.7029702663421631
DBAASPS_14115,0.6534653902053833
DBAASPS_14116,0.574257493019104
DBAASPS_14117,0.7821782231330872
DBAASPS_14118,0.7524752616882324
DBAASPS_14121,0.7128713130950928
DBAASPS_14126,0.603960394859314
DBAASPS_14134,0.04950511455535889
DBAASPS_14136,0.7524752616882324
DBAASPS_14137,0.801980197429657
DBAASPS_14138,0.801980197429657
DBAASPS_14139,0.7821782231330872
DBAASPS_14151,0.41584163904190063
DBAASPS_14159,0.35643571615219116
DBAASPS_14160,0.35643571615219116
DBAASPS_14161,0.27722787857055664
DBAASPS_14164,0.9009901285171509
DBAASPS_14165,0.3267327547073364
DBAASPS_14174,0.2970297336578369
DBAASPS_14175,0.4554455876350403
DBAASPS_14176,0.3861386775970459
DBAASPS_14178,0.574257493019104
DBAASPS_14180,0.3069307804107666
DBAASPS_14182,0.9306930899620056
DBAASPS_14183,0.9306930899620056
DBAASPS_14184,0.9405940771102905
DBAASPS_14185,0.9603960514068604
DBAASPS_14186,0.8910890817642212
DBAASPS_14190,0.5841584205627441
DBAASPS_14194,0.059406161308288574
DBAASPS_14197,0.485148549079895
DBAASPS_14198,0.6336634159088135
DBAASPS_14199,0.6138614416122437
DBAASPS_14207,0.574257493019104
DBAASPS_14208,0.5940594673156738
DBAASPS_14209,0.6237623691558838
DBAASPS_14226,0.801980197429657
DBAASPS_14227,0.7326732873916626
DBAASPS_14232,0.5544555187225342
DBAASPS_14235,0.594059407711029
DBAASPS_14236,0.5841584205627441
DBAASPS_14237,0.6237623691558838
DBAASPS_14240,0.6138614416122437
DBAASPS_14241,0.4653465747833252
DBAASPS_14242,0.5148515105247498
DBAASPS_14243,0.7029702663421631
DBAASPR_14244,0.35643571615219116
DBAASPS_14245,0.43564361333847046
DBAASPS_14246,0.7326732873916626
DBAASPS_14247,0.7821782231330872
DBAASPS_14248,0.7227722406387329
DBAASPS_14258,0.6237623691558838
DBAASPS_14274,0.5742574334144592
DBAASPS_14276,0.21782195568084717
DBAASPS_14277,0.21782195568084717
DBAASPS_14278,0.15841591358184814
DBAASPS_14279,0.1584160327911377
DBAASPS_14301,0.8910890817642212
DBAASPS_14302,0.9405940771102905
DBAASPS_14303,0.9207921028137207
DBAASPS_14304,0.8415841460227966
DBAASPR_14313,0.5148515105247498
DBAASPR_14314,0.4752475619316101
DBAASPR_14315,0.3960396647453308
DBAASPR_14316,0.49504953622817993
DBAASPS_14321,0.485148549079895
DBAASPS_14323,0.4554455876350403
DBAASPS_14325,0.574257493019104
DBAASPS_14326,0.603960394859314
DBAASPS_14327,0.6138614416122437
DBAASPS_14329,0.5247524976730347
DBAASPS_14330,0.5544555187225342
DBAASPS_14333,0.4653465747833252
DBAASPS_14392,0.8613861203193665
DBAASPS_14393,0.2871288061141968
DBAASPS_14398,0.7128713130950928
DBAASPS_14399,0.31683170795440674
DBAASPS_14400,0.485148549079895
DBAASPS_14404,0.574257493019104
DBAASPS_14405,0.4521452784538269
DBAASPS_14406,0.6534653902053833
DBAASPS_14407,0.20792090892791748
DBAASPS_14408,0.2970297336578369
DBAASPS_14409,0.49504953622817993
DBAASPS_14410,0.3861386775970459
DBAASPS_14411,0.5445544719696045
DBAASPS_14426,0.4653465747833252
DBAASPS_14432,0.43564361333847046
DBAASPS_14433,0.18481862545013428
DBAASPS_14434,0.3168318271636963
DBAASPS_14439,0.5742574334144592
DBAASPS_14440,0.6435643434524536
DBAASPS_14441,0.485148549079895
DBAASPS_14442,0.6732673645019531
DBAASPS_14444,0.6237623691558838
DBAASPS_14445,0.603960394859314
DBAASPS_14450,0.4504951238632202
DBAASPS_14497,0.8118811845779419
DBAASPS_14501,0.6534653902053833
DBAASPS_14503,0.603960394859314
DBAASPS_14507,0.5148515105247498
DBAASPS_14509,0.485148549079895
DBAASPS_14512,0.5445544719696045
DBAASPS_14513,0.5445544719696045
DBAASPS_14514,0.43564361333847046
DBAASPS_14515,0.44554460048675537
DBAASPS_14516,0.4554455876350403
DBAASPS_14523,0.5148515701293945
DBAASPS_14524,0.5841584205627441
DBAASPS_14525,0.4752475619316101
DBAASPS_14526,0.5049505233764648
DBAASPS_14534,0.6138614416122437
DBAASPS_14535,0.603960394859314
DBAASPS_14536,0.5841584205627441
DBAASPS_14537,0.5544554591178894
DBAASPS_14545,0.5940594673156738
DBAASPS_14546,0.6237623691558838
DBAASPS_14547,0.5544554591178894
DBAASPS_14548,0.5643564462661743
DBAASPS_14549,0.5445544719696045
DBAASPS_14550,0.5445544719696045
DBAASPS_14551,0.5544555187225342
DBAASPS_14552,0.6237623691558838
DBAASPS_14553,0.5643564462661743
DBAASPS_14554,0.5841584205627441
DBAASPS_14555,0.5544555187225342
DBAASPS_14556,0.5742574334144592
DBAASPS_14557,0.5049505233764648
DBAASPS_14558,0.6237623691558838
DBAASPS_14559,0.5841584205627441
DBAASPS_14560,0.574257493019104
DBAASPS_14561,0.5049505233764648
DBAASPS_14562,0.603960394859314
DBAASPS_14563,0.603960394859314
DBAASPS_14564,0.603960394859314
DBAASPS_14565,0.6138613820075989
DBAASPS_14566,0.5841584205627441
DBAASPS_14567,0.5247524976730347
DBAASPS_14568,0.603960394859314
DBAASPS_14569,0.574257493019104
DBAASPS_14570,0.6138614416122437
DBAASPS_14571,0.5742574334144592
DBAASPS_14572,0.5544555187225342
DBAASPS_14573,0.5544554591178894
DBAASPS_14574,0.5247524976730347
DBAASPS_14575,0.594059407711029
DBAASPS_14576,0.485148549079895
DBAASPS_14577,0.3663367033004761
DBAASPS_14578,0.4653465747833252
DBAASPS_14579,0.29702985286712646
DBAASPS_14580,0.485148549079895
DBAASPS_14581,0.24752485752105713
DBAASPS_14582,0.5049505233764648
DBAASPS_14585,0.6237623691558838
DBAASPS_14586,0.6435643434524536
DBAASPS_14587,0.5643564462661743
DBAASPS_14588,0.5544555187225342
DBAASPS_14589,0.603960394859314
DBAASPS_14590,0.6138614416122437
DBAASPS_14591,0.6534653902053833
DBAASPS_14592,0.6732673645019531
DBAASPS_14593,0.6138614416122437
DBAASPS_14596,0.5346535444259644
DBAASPS_14597,0.4059406518936157
DBAASPS_14598,0.574257493019104
DBAASPS_14599,0.574257493019104
DBAASPS_14600,0.5544555187225342
DBAASPS_14601,0.4752475619316101
DBAASPS_14602,0.4752475619316101
DBAASPS_14603,0.5049505233764648
DBAASPS_14604,0.4752476215362549
DBAASPR_14617,0.376237690448761
DBAASPS_14628,0.7623762488365173
DBAASPS_14629,0.6831682920455933
DBAASPS_14630,0.7128713130950928
DBAASPS_14631,0.7029702663421631
DBAASPS_14632,0.5841584205627441
DBAASPS_14633,0.5049505233764648
DBAASPS_14642,0.594059407711029
DBAASPS_14643,0.485148549079895
DBAASPS_14644,0.693069338798523
DBAASPS_14645,0.4752475619316101
DBAASPS_14650,0.8613861203193665
DBAASPS_14657,0.7920792102813721
DBAASPS_14658,0.8514851331710815
DBAASPS_14659,0.8316831588745117
DBAASPS_14670,0.2871288061141968
DBAASPS_14672,0.3861386775970459
DBAASPS_14676,0.23762381076812744
DBAASPS_14678,0.6534653902053833
DBAASPS_14679,0.31683170795440674
DBAASPS_14680,0.6633663177490234
DBAASPS_14681,0.4554455876350403
DBAASPS_14682,0.376237690448761
DBAASPS_14683,0.2277228832244873
DBAASPS_14685,0.5940594673156738
DBAASPS_14686,0.5643564462661743
DBAASPS_14687,0.6435643434524536
DBAASPS_14688,0.4554455876350403
DBAASPS_14689,0.2970297336578369
DBAASPS_14690,0.42574262619018555
DBAASPS_14691,0.29702985286712646
DBAASPS_14693,0.4752475619316101
DBAASPS_14704,0.6732673645019531
DBAASPS_14705,0.8118811845779419
DBAASPS_14707,0.5544555187225342
DBAASPS_14708,0.6732673645019531
DBAASPS_14710,0.7128713130950928
DBAASPS_14711,0.7029703259468079
DBAASPS_14712,0.7128713130950928
DBAASPS_14713,0.7128713130950928
DBAASPS_14714,0.6534653902053833
DBAASPS_14715,0.7326732873916626
DBAASPS_14721,0.5049505233764648
DBAASPS_14724,0.6237623691558838
DBAASPS_14760,0.18811893463134766
DBAASPS_14761,0.34653472900390625
DBAASPS_14763,0.0792081356048584
DBAASPS_14765,0.08910906314849854
DBAASPS_14766,0.12871301174163818
DBAASPS_14767,0.35643571615219116
DBAASPS_14771,0.34653472900390625
DBAASPS_14780,0.7326732873916626
DBAASPS_14781,0.7326732873916626
DBAASPS_14783,0.7623762488365173
DBAASPS_14784,0.7524752616882324
DBAASPS_14785,0.7425742745399475
DBAASPS_14832,0.3960396647453308
DBAASPS_14833,0.237623929977417
DBAASPR_14834,0.1980198621749878
DBAASPS_14867,0.7029703259468079
DBAASPS_14868,0.7029703259468079
DBAASPS_14869,0.6534653902053833
DBAASPS_14872,0.9108911156654358
DBAASPS_14873,0.8712871074676514
DBAASPS_14874,0.9603960514068604
DBAASPS_14875,0.8316831588745117
DBAASPS_14876,0.801980197429657
DBAASPS_14877,0.9405940771102905
DBAASPS_14878,0.7326732873916626
DBAASPS_14879,0.7821782231330872
DBAASPS_14880,0.8415841460227966
DBAASPS_14881,0.693069338798523
DBAASPS_14882,0.6633663177490234
DBAASPS_14883,0.376237690448761
DBAASPS_14884,0.3069307804107666
DBAASPS_14885,0.6633663177490234
DBAASPS_14889,0.8712871074676514
DBAASPS_14896,0.6138614416122437
DBAASPS_14897,0.7821782231330872
DBAASPS_14949,0.8415842056274414
DBAASPS_14950,0.7128713130950928
DBAASPS_14952,0.2871288061141968
DBAASPS_14953,0.7524752616882324
DBAASPS_14958,0.43564361333847046
DBAASPS_14959,0.5940594673156738
DBAASPS_14964,0.7722772359848022
DBAASPS_14965,0.7722772359848022
DBAASPS_14966,0.7425742745399475
DBAASPR_14968,0.1584160327911377
DBAASPR_14969,0.5247524976730347
DBAASPR_14970,0.31683170795440674
DBAASPS_14971,0.35643571615219116
DBAASPS_14972,0.31683170795440674
DBAASPS_14973,0.49504953622817993
DBAASPS_14991,0.7326732873916626
DBAASPS_14992,0.9009901285171509
DBAASPS_14993,0.8316831588745117
DBAASPS_14994,0.7623762488365173
DBAASPS_14995,0.8217821717262268
DBAASPS_14996,0.7326732873916626
DBAASPS_14997,0.8514851331710815
DBAASPS_14998,0.8415841460227966
DBAASPS_14999,0.8514851331710815
DBAASPR_15000,0.485148549079895
DBAASPR_15001,0.20792090892791748
DBAASPR_15002,0.5247524976730347
DBAASPR_15004,0.18811893463134766
DBAASPR_15005,0.17821788787841797
DBAASPR_15006,0.12871301174163818
DBAASPS_15007,0.5247524976730347
DBAASPS_15020,0.9108911156654358
DBAASPS_15029,0.6138614416122437
DBAASPS_15034,0.5544555187225342
DBAASPS_15035,0.6138614416122437
DBAASPS_15036,0.7227722406387329
DBAASPS_15044,0.5940594673156738
DBAASPS_15049,0.5247524976730347
DBAASPS_15051,0.5346535444259644
DBAASPS_15053,0.7326732873916626
DBAASPS_15054,0.6534653902053833
DBAASPS_15055,0.6237623691558838
DBAASPS_15057,0.6633663177490234
DBAASPS_15058,0.5445544719696045
DBAASPS_15059,0.5643564462661743
DBAASPS_15060,0.7227723002433777
DBAASPS_15061,0.7722772359848022
DBAASPS_15062,0.5148515105247498
DBAASPS_15063,0.6633663177490234
DBAASPS_15064,0.6534653902053833
DBAASPS_15065,0.5643564462661743
DBAASPS_15066,0.6732673645019531
DBAASPS_15069,0.7128713130950928
DBAASPS_15070,0.4653465747833252
DBAASPS_15071,0.6435643434524536
DBAASPS_15072,0.7029703259468079
DBAASPS_15073,0.5940594673156738
DBAASPS_15074,0.3861386775970459
DBAASPS_15075,0.4059406518936157
DBAASPS_15082,0.5148515105247498
DBAASPS_15084,0.5247524976730347
DBAASPS_15086,0.3267327547073364
DBAASPS_15087,0.44554460048675537
DBAASPS_15088,0.7920792102813721
DBAASPS_15089,0.5247524976730347
DBAASPS_15090,0.4653465747833252
DBAASPS_15091,0.33663368225097656
DBAASPS_15092,0.693069338798523
DBAASPS_15093,0.6435643434524536
DBAASPS_15102,0.7326732873916626
DBAASPS_15104,0.5346534848213196
DBAASPS_15105,0.5445544719696045
DBAASPS_15107,0.8910890817642212
DBAASPS_15114,0.5643564462661743
DBAASPS_15115,0.3267327547073364
DBAASPS_15116,0.237623929977417
DBAASPS_15117,0.3960396647453308
DBAASPS_15118,0.41584163904190063
DBAASPS_15119,0.8712871074676514
DBAASPS_15120,0.8613861799240112
DBAASPS_15121,0.4653465747833252
DBAASPS_15122,0.8514851331710815
DBAASPS_15123,0.6064356565475464
DBAASPS_15124,0.31188130378723145
DBAASPS_15125,0.44554460048675537
DBAASPS_15126,0.3861386775970459
DBAASPS_15127,0.485148549079895
DBAASPS_15128,0.3663367033004761
DBAASPS_15129,0.6336634159088135
DBAASPS_15130,0.7821782231330872
DBAASPS_15131,0.5841584205627441
DBAASPS_15132,0.49504953622817993
DBAASPS_15144,0.5643564462661743
DBAASPS_15145,0.5742574334144592
DBAASPS_15146,0.6831682920455933
DBAASPS_15147,0.5148515105247498
DBAASPS_15148,0.5049505233764648
DBAASPS_15149,0.49504953622817993
DBAASPS_15150,0.49504953622817993
DBAASPS_15151,0.49504953622817993
DBAASPS_15163,0.06930708885192871
DBAASPS_15165,0.009901165962219238
DBAASPS_15167,0.20792090892791748
DBAASPS_15169,1.1920928955078125e-07
DBAASPS_15170,0.03960418701171875
DBAASPS_15171,0.07920801639556885
DBAASPS_15176,0.3630363941192627
DBAASPS_15178,0.4323433041572571
DBAASPS_15179,0.31683170795440674
DBAASPS_15180,0.237623929977417
DBAASPS_15212,0.3069307804107666
DBAASPS_15239,0.5049505233764648
DBAASPS_15240,0.4554455876350403
DBAASPS_15258,0.009901165962219238
DBAASPS_15259,0.0396040678024292
DBAASPS_15260,0.04950511455535889
DBAASPS_15261,0.029703140258789062
DBAASPS_15264,0.16831696033477783
DBAASPS_15281,0.2772277593612671
DBAASPS_15283,0.07920801639556885
DBAASPS_15285,0.20792090892791748
DBAASPS_15287,0.44554460048675537
DBAASPS_15289,0.06930708885192871
DBAASPS_15291,0.11881208419799805
DBAASPS_15293,0.17821788787841797
DBAASPS_15352,0.2277228832244873
DBAASPS_15353,0.04950511455535889
DBAASPS_15354,0.18811893463134766
DBAASPS_15362,0.376237690448761
DBAASPS_15372,0.3366338014602661
DBAASPS_15405,0.4752475619316101
DBAASPS_15406,0.34653472900390625
DBAASPS_15407,0.2772277593612671
DBAASPS_15409,0.3663367033004761
DBAASPS_15410,0.6534653902053833
DBAASPS_15412,0.21782195568084717
DBAASPS_15457,0.13861405849456787
DBAASPS_15458,0.0396040678024292
DBAASPS_15459,0.08910906314849854
DBAASPS_15516,0.1584160327911377
DBAASPS_15519,0.20792090892791748
DBAASPS_15572,0.5148515105247498
DBAASPS_15573,0.4653465747833252
DBAASPS_15574,0.23762381076812744
DBAASPS_15575,0.05940604209899902
DBAASPS_15576,0.1584160327911377
DBAASPS_15578,0.6633663177490234
DBAASPS_15579,0.5643564462661743
DBAASPS_15595,0.20792090892791748
DBAASPS_15596,0.4653465747833252
DBAASPS_15597,0.3861386775970459
DBAASPS_15598,0.6336634159088135
DBAASPS_15599,0.27722787857055664
DBAASPR_15626,0.49504953622817993
DBAASPS_15627,0.5148515105247498
DBAASPS_15628,0.5445544719696045
DBAASPS_15629,0.44554460048675537
DBAASPS_15630,0.485148549079895
DBAASPS_15631,0.485148549079895
DBAASPS_15632,0.6534653902053833
DBAASPR_15633,0.7029702663421631
DBAASPS_15634,0.8118811845779419
DBAASPS_15635,0.7722772359848022
DBAASPS_15639,0.574257493019104
DBAASPS_15640,0.07920801639556885
DBAASPS_15641,0.5346534848213196
DBAASPS_15643,0.08910906314849854
DBAASPS_15645,0.10891103744506836
DBAASPS_15646,0.029703140258789062
DBAASPS_15647,0.18811893463134766
DBAASPS_15793,0.2277228832244873
DBAASPS_15797,0.3960396647453308
DBAASPS_15798,0.6336634159088135
DBAASPS_15799,0.5445544719696045
DBAASPS_15800,0.5940594673156738
DBAASPS_15804,0.20792090892791748
DBAASPS_15822,0.23762381076812744
DBAASPS_15823,0.4554455876350403
DBAASPS_15834,0.44554460048675537
DBAASPS_15835,0.4059406518936157
DBAASPS_15836,0.5247524976730347
DBAASPS_15837,0.693069338798523
DBAASPS_15838,0.7920792102813721
DBAASPS_15843,0.6435643434524536
DBAASPS_15844,0.5247524976730347
DBAASPS_15845,0.5742574334144592
DBAASPS_15846,0.594059407711029
DBAASPS_15847,0.603960394859314
DBAASPS_15848,0.5841584205627441
DBAASPS_15849,0.5148515105247498
DBAASPS_15850,0.2277228832244873
DBAASPS_15855,0.0396040678024292
DBAASPS_15856,0.019802093505859375
DBAASPR_15857,0.13861405849456787
DBAASPS_15867,0.5742574334144592
DBAASPS_15868,0.5049505233764648
DBAASPS_15869,0.5346534848213196
DBAASPS_15875,0.49504953622817993
DBAASPS_15876,0.49504953622817993
DBAASPS_15877,0.5346534848213196
DBAASPS_15878,0.485148549079895
DBAASPS_15879,0.42574262619018555
DBAASPS_15881,0.4059406518936157
DBAASPS_15882,0.33663374185562134
DBAASPS_15883,0.5445544719696045
DBAASPS_15884,0.3069307804107666
DBAASPS_15885,0.6633663177490234
DBAASPS_15886,0.6633663177490234
DBAASPS_15887,0.30297034978866577
DBAASPS_15888,0.7425742745399475
DBAASPS_15889,0.7029702663421631
DBAASPS_15890,0.8514851331710815
DBAASPS_15891,0.801980197429657
DBAASPS_15892,0.6336634159088135
DBAASPS_15893,0.26732683181762695
DBAASPS_15894,0.237623929977417
DBAASPS_15895,0.18811893463134766
DBAASPS_15896,0.24752485752105713
DBAASPS_15897,0.20792090892791748
DBAASPS_15898,0.2871288061141968
DBAASPS_15900,0.3960396647453308
DBAASPS_15901,0.2871288061141968
DBAASPS_15902,0.21782195568084717
DBAASPS_15903,0.5346534848213196
DBAASPS_15904,0.6138614416122437
DBAASPS_15907,0.13861393928527832
DBAASPS_15915,0.25742578506469727
DBAASPS_15917,0.9009901285171509
DBAASPS_15920,0.9108911156654358
DBAASPS_15921,0.9108911156654358
DBAASPS_15922,0.8712871074676514
DBAASPS_15924,0.9108911156654358
DBAASPS_15925,0.9108911156654358
DBAASPS_15926,0.881188154220581
DBAASPS_15927,0.9207921028137207
DBAASPS_15928,0.9207921028137207
DBAASPS_15929,0.9504950642585754
DBAASPS_15930,0.9207921028137207
DBAASPS_15931,0.8613861203193665
DBAASPS_15934,0.3168318271636963
DBAASPS_15935,0.38217830657958984
DBAASPS_15942,0.9207921028137207
DBAASPS_15943,0.9108911156654358
DBAASPS_15944,0.9405940771102905
DBAASPS_15945,0.9207921028137207
DBAASPS_15946,0.8910890817642212
DBAASPS_15947,0.7425742745399475
DBAASPS_15948,0.8613861203193665
DBAASPS_15949,0.8712871074676514
DBAASPS_15950,0.9207921028137207
DBAASPS_15952,0.9009901285171509
DBAASPS_15953,0.9306930899620056
DBAASPS_15954,0.9009901285171509
DBAASPS_15955,0.8217821717262268
DBAASPS_15957,0.7722772359848022
DBAASPS_15958,0.9504950642585754
DBAASPS_15959,0.9801980257034302
DBAASPS_15960,0.9009901285171509
DBAASPS_15961,0.8415842056274414
DBAASPS_15962,0.8217821717262268
DBAASPS_15963,0.6831682920455933
DBAASPS_15965,0.9306930899620056
DBAASPS_15974,0.9108911156654358
DBAASPS_15975,0.6435643434524536
DBAASPS_15976,0.9306930899620056
DBAASPS_15977,0.9405940771102905
DBAASPS_15978,0.8069307208061218
DBAASPS_15979,0.9306930899620056
DBAASPS_15980,0.8910890817642212
DBAASPS_15981,0.9306930899620056
DBAASPS_15982,0.9108911156654358
DBAASPS_15983,0.49504953622817993
DBAASPS_15984,0.8613861203193665
DBAASPS_15985,0.35643571615219116
DBAASPS_15986,0.9405940771102905
DBAASPS_15987,0.8910890817642212
DBAASPS_15988,0.8910890817642212
DBAASPS_15989,0.9405940771102905
DBAASPS_15995,0.9405940771102905
DBAASPS_15996,0.6534653902053833
DBAASPS_15997,0.5643564462661743
DBAASPS_15998,0.8217821717262268
DBAASPS_15999,0.44554460048675537
DBAASPS_16000,0.5643564462661743
DBAASPS_16001,0.8118811845779419
DBAASPS_16002,0.8415841460227966
DBAASPS_16003,0.7821782231330872
DBAASPS_16004,0.7524752616882324
DBAASPS_16005,0.5643564462661743
DBAASPS_16006,0.801980197429657
DBAASPS_16007,0.9207921028137207
DBAASPS_16008,0.8712871074676514
DBAASPS_16009,0.9405940771102905
DBAASPS_16010,0.9306930899620056
DBAASPS_16011,0.9306930899620056
DBAASPS_16012,0.8613861799240112
DBAASPS_16013,0.8811880946159363
DBAASPS_16014,0.8910890817642212
DBAASPS_16015,0.8910890817642212
DBAASPS_16016,0.8613861799240112
DBAASPS_16017,0.8910890817642212
DBAASPS_16018,0.9009901285171509
DBAASPS_16019,0.7722772359848022
DBAASPS_16021,0.7029702663421631
DBAASPS_16022,0.801980197429657
DBAASPS_16023,0.8316831588745117
DBAASPS_16024,0.7128713130950928
DBAASPS_16025,0.7821782231330872
DBAASPS_16026,0.801980197429657
DBAASPS_16034,0.7722772359848022
DBAASPS_16035,0.7821782231330872
DBAASPS_16036,0.8382838368415833
DBAASPS_16037,0.8283828496932983
DBAASPS_16038,0.7920792102813721
DBAASPS_16039,0.6138614416122437
DBAASPS_16040,0.6435643434524536
DBAASPS_16052,0.7821782231330872
DBAASPS_16053,0.5742574334144592
DBAASPS_16054,0.7326732873916626
DBAASPS_16058,0.49504953622817993
DBAASPS_16059,0.5346535444259644
DBAASPS_16060,0.5643564462661743
DBAASPS_16061,0.49504953622817993
DBAASPS_16082,0.5148515105247498
DBAASPS_16088,0.43564361333847046
DBAASPS_16090,0.485148549079895
DBAASPS_16094,0.5643564462661743
DBAASPS_16095,0.5445544719696045
DBAASPS_16096,0.574257493019104
DBAASPR_16099,0.019802212715148926
DBAASPR_16100,0.06930708885192871
DBAASPS_16117,0.5445544719696045
DBAASPS_16118,0.7623762488365173
DBAASPS_16119,0.2871288061141968
DBAASPS_16121,0.5841584205627441
DBAASPS_16122,0.44554460048675537
DBAASPS_16124,0.594059407711029
DBAASPS_16125,0.7524752616882324
DBAASPS_16126,0.7623762488365173
DBAASPS_16127,0.7623762488365173
DBAASPS_16128,0.7821782231330872
DBAASPS_16129,0.5346535444259644
DBAASPS_16130,0.603960394859314
DBAASPS_16131,0.594059407711029
DBAASPS_16132,0.2277228832244873
DBAASPS_16133,0.24752485752105713
DBAASPS_16134,0.12871301174163818
DBAASPS_16135,0.08910906314849854
DBAASPS_16136,0.2277228832244873
DBAASPS_16138,0.5742574334144592
DBAASPS_16139,0.27722787857055664
DBAASPS_16140,0.5544554591178894
DBAASPS_16141,0.7029703259468079
DBAASPS_16142,0.5445544719696045
DBAASPS_16144,0.2541254758834839
DBAASPS_16145,0.2343236207962036
DBAASPS_16146,0.3828383684158325
DBAASPS_16147,0.41584163904190063
DBAASPS_16148,0.43564361333847046
DBAASPS_16149,0.8316831588745117
DBAASPS_16150,0.7920792102813721
DBAASPS_16151,0.801980197429657
DBAASPS_16154,0.7326732873916626
DBAASPS_16155,0.9009901285171509
DBAASPS_16156,0.6633663177490234
DBAASPS_16157,0.693069338798523
DBAASPS_16158,0.5643564462661743
DBAASPS_16159,0.6138614416122437
DBAASPS_16160,0.6237623691558838
DBAASPS_16161,0.5940594673156738
DBAASPR_16167,0.5049505233764648
DBAASPS_16169,0.148514986038208
DBAASPS_16175,0.9306930899620056
DBAASPS_16176,0.9207921028137207
DBAASPS_16182,0.7029702663421631
DBAASPS_16183,0.7326732873916626
DBAASPS_16184,0.6732673645019531
DBAASPS_16185,0.6138613820075989
DBAASPS_16186,0.7524752616882324
DBAASPS_16187,0.6633663177490234
DBAASPS_16188,0.7920792102813721
DBAASPS_16189,0.8217821717262268
DBAASPS_16190,0.6831682920455933
DBAASPS_16191,0.603960394859314
DBAASPS_16192,0.8217821717262268
DBAASPS_16193,0.693069338798523
DBAASPR_16194,0.237623929977417
DBAASPS_16196,0.801980197429657
DBAASPS_16197,0.7029702663421631
DBAASPS_16198,0.693069338798523
DBAASPS_16199,0.801980197429657
DBAASPS_16200,0.801980197429657
DBAASPS_16201,0.801980197429657
DBAASPS_16202,0.603960394859314
DBAASPS_16203,0.7821782231330872
DBAASPS_16204,0.42574262619018555
DBAASPS_16205,0.6336634159088135
DBAASPS_16207,0.6237623691558838
DBAASPS_16209,0.6534653902053833
DBAASPS_16211,0.6237623691558838
DBAASPS_16213,0.6336634159088135
DBAASPS_16215,0.6435643434524536
DBAASPS_16217,0.6336634159088135
DBAASPS_16219,0.7029702663421631
DBAASPS_16221,0.6435643434524536
DBAASPS_16223,0.6831682920455933
DBAASPS_16224,0.8514851331710815
DBAASPS_16225,0.6237623691558838
DBAASPS_16227,0.6237623691558838
DBAASPS_16229,0.6732673645019531
DBAASPS_16231,0.7227722406387329
DBAASPS_16233,0.6237623691558838
DBAASPS_16244,0.8316831588745117
DBAASPS_16245,0.4752475619316101
DBAASPS_16246,0.6831682920455933
DBAASPS_16247,0.6732673645019531
DBAASPS_16269,0.5247524976730347
DBAASPS_16323,0.5544554591178894
DBAASPS_16324,0.6732673645019531
DBAASPS_16325,0.3861386775970459
DBAASPS_16326,0.5940594673156738
DBAASPS_16327,0.5049505233764648
DBAASPS_16328,0.5544554591178894
DBAASPS_16329,0.6336634159088135
DBAASPS_16330,0.6435643434524536
DBAASPR_16334,0.4554455876350403
DBAASPR_16335,0.49504953622817993
DBAASPS_16336,0.801980197429657
DBAASPS_16340,0.6336634159088135
DBAASPS_16350,0.7524752616882324
DBAASPS_16356,0.7920792102813721
DBAASPS_16357,0.6633663177490234
DBAASPS_16358,0.683168351650238
DBAASPS_16359,0.7326732873916626
DBAASPR_16388,0.7128713130950928
DBAASPR_16389,0.7821782231330872
DBAASPR_16390,0.6633663177490234
DBAASPS_16395,0.693069338798523
DBAASPS_16397,0.881188154220581
DBAASPS_16398,0.8217821717262268
DBAASPS_16399,0.7128713130950928
DBAASPS_16400,0.7722772359848022
DBAASPS_16401,0.7128713130950928
DBAASPS_16402,0.801980197429657
DBAASPS_16403,0.8217821717262268
DBAASPS_16404,0.7722772359848022
DBAASPS_16405,0.7623762488365173
DBAASPS_16406,0.910891056060791
DBAASPS_16407,0.8217821717262268
DBAASPS_16408,0.6435643434524536
DBAASPS_16409,0.7524752616882324
DBAASPS_16410,0.7326732873916626
DBAASPS_16411,0.18811893463134766
DBAASPS_16412,0.33663374185562134
DBAASPS_16413,0.5742574334144592
DBAASPS_16414,0.6237623691558838
DBAASPS_16415,0.6237623691558838
DBAASPS_16416,0.376237690448761
DBAASPS_16417,0.5049505233764648
DBAASPS_16418,0.594059407711029
DBAASPS_16419,0.5148515105247498
DBAASPS_16420,0.35643571615219116
DBAASPS_16421,0.5247524976730347
DBAASPS_16422,0.603960394859314
DBAASPS_16423,0.5841584205627441
DBAASPS_16424,0.485148549079895
DBAASPS_16425,0.485148549079895
DBAASPS_16426,0.5445544719696045
DBAASPS_16427,0.5445544719696045
DBAASPS_16428,0.8316831588745117
DBAASPS_16429,0.7821782231330872
DBAASPS_16430,0.7524752616882324
DBAASPS_16431,0.7623762488365173
DBAASPS_16432,0.6237623691558838
DBAASPS_16433,0.6138614416122437
DBAASPS_16439,0.8613861799240112
DBAASPS_16440,0.41584163904190063
DBAASPS_16442,0.5643564462661743
DBAASPS_16443,0.8118811845779419
DBAASPS_16446,0.6633663177490234
DBAASPS_16447,0.6435643434524536
DBAASPS_16448,0.5940594673156738
DBAASPS_16449,0.6435643434524536
DBAASPS_16450,0.31683170795440674
DBAASPS_16451,0.24752485752105713
DBAASPS_16452,0.42574262619018555
DBAASPS_16453,0.7821782231330872
DBAASPS_16454,0.8217821717262268
DBAASPS_16455,0.8514851331710815
DBAASPS_16463,0.8217821717262268
DBAASPS_16464,0.7623762488365173
DBAASPS_16465,0.7623761892318726
DBAASPS_16466,0.7425742745399475
DBAASPS_16467,0.693069338798523
DBAASPS_16468,0.6138614416122437
DBAASPS_16487,0.7722772359848022
DBAASPS_16488,0.7524752616882324
DBAASPS_16489,0.44554460048675537
DBAASPS_16499,0.9405940771102905
DBAASPS_16500,0.3366338014602661
DBAASPS_16501,0.5247524976730347
DBAASPS_16520,0.5841584205627441
DBAASPS_16521,0.35643571615219116
DBAASPS_16522,0.5495049953460693
DBAASPS_16543,0.20792090892791748
DBAASPS_16544,0.6534653306007385
DBAASPS_16546,0.6336633563041687
DBAASPS_16547,0.6237623691558838
DBAASPS_16549,0.6336633563041687
DBAASPS_16550,0.6336633563041687
DBAASPS_16555,0.4554455876350403
DBAASPS_16556,0.376237690448761
DBAASPS_16557,0.17821788787841797
DBAASPS_16558,0.07920801639556885
DBAASPS_16559,0.33663368225097656
DBAASPS_16560,0.09901010990142822
DBAASPS_16561,0.6138614416122437
DBAASPS_16562,0.18811893463134766
DBAASPS_16563,0.21782195568084717
DBAASPS_16564,0.5544554591178894
DBAASPS_16565,0.10891103744506836
DBAASPS_16570,0.6534653902053833
DBAASPS_16573,0.7524752616882324
DBAASPS_16574,0.2970297336578369
DBAASPS_16580,0.3069307804107666
DBAASPS_16581,0.3069307804107666
DBAASPS_16582,0.148514986038208
DBAASPS_16583,0.3168318271636963
DBAASPS_16584,0.3663367033004761
DBAASPS_16585,0.3663367033004761
DBAASPS_16586,0.34653472900390625
DBAASPS_16587,0.29702985286712646
DBAASPS_16588,0.41584163904190063
DBAASPS_16589,0.3168318271636963
DBAASPS_16590,0.33663374185562134
DBAASPS_16591,0.17821800708770752
DBAASPS_16592,0.4059406518936157
DBAASPS_16593,0.574257493019104
DBAASPS_16633,0.6732673645019531
DBAASPS_16636,0.5940594673156738
DBAASPS_16637,0.5445544719696045
DBAASPS_16638,0.4752475619316101
DBAASPS_16639,0.5445544719696045
DBAASPS_16640,0.17821788787841797
DBAASPS_16654,0.3861386775970459
DBAASPS_16655,0.7524752616882324
DBAASPS_16659,0.5841584205627441
DBAASPS_16660,0.5643564462661743
DBAASPS_16661,0.5841584205627441
DBAASPS_16662,0.4554455876350403
DBAASPS_16663,0.4653465747833252
DBAASPS_16664,0.4554455876350403
DBAASPS_16665,0.5544554591178894
DBAASPS_16666,0.5841584205627441
DBAASPS_16667,0.5247524976730347
DBAASPS_16668,0.5643564462661743
DBAASPS_16669,0.5742574334144592
DBAASPS_16670,0.5544554591178894
DBAASPS_16671,0.5544554591178894
DBAASPS_16672,0.6336634159088135
DBAASPS_16673,0.5742574334144592
DBAASPS_16674,0.6237623691558838
DBAASPS_16675,0.42574262619018555
DBAASPS_16676,0.4059406518936157
DBAASPS_16677,0.43564361333847046
DBAASPS_16678,0.41584163904190063
DBAASPS_16679,0.603960394859314
DBAASPS_16680,0.5346535444259644
DBAASPS_16681,0.42574262619018555
DBAASPS_16682,0.3861386775970459
DBAASPS_16683,0.44554460048675537
DBAASPS_16684,0.4752475619316101
DBAASPS_16685,0.43564361333847046
DBAASPS_16686,0.5742574334144592
DBAASPS_16687,0.5841584205627441
DBAASPS_16688,0.603960394859314
DBAASPS_16689,0.6138614416122437
DBAASPS_16690,0.485148549079895
DBAASPS_16691,0.5445544719696045
DBAASPS_16710,0.6435643434524536
DBAASPS_16711,0.6237623691558838
DBAASPS_16712,0.6435643434524536
DBAASPS_16713,0.5148515105247498
DBAASPS_16714,0.3069307804107666
DBAASPS_16715,0.43564361333847046
DBAASPS_16716,0.5148515105247498
DBAASPS_16717,0.5148515105247498
DBAASPS_16718,0.43564361333847046
DBAASPS_16719,0.5445544719696045
DBAASPS_16720,0.6138613820075989
DBAASPS_16721,0.6336633563041687
DBAASPS_16722,0.5445544719696045
DBAASPS_16723,0.44554460048675537
DBAASPS_16724,0.5643564462661743
DBAASPS_16725,0.6138614416122437
DBAASPS_16726,0.3069307804107666
DBAASPS_16727,0.2871288061141968
DBAASPS_16728,0.376237690448761
DBAASPS_16729,0.3861386775970459
DBAASPS_16730,0.5148515105247498
DBAASPS_16731,0.5148515105247498
DBAASPS_16732,0.5049505233764648
DBAASPS_16733,0.6435643434524536
DBAASPS_16734,0.6435643434524536
DBAASPS_16735,0.6633663177490234
DBAASPS_16736,0.693069338798523
DBAASPS_16737,0.693069338798523
DBAASPS_16738,0.5643564462661743
DBAASPS_16739,0.5643564462661743
DBAASPS_16740,0.5247524976730347
DBAASPS_16741,0.5346534848213196
DBAASPS_16742,0.6138613820075989
DBAASPS_16743,0.5346534848213196
DBAASPS_16744,0.41584163904190063
DBAASPS_16745,0.4306931495666504
DBAASPS_16746,0.5247524976730347
DBAASPS_16747,0.5643564462661743
DBAASPS_16748,0.6633663177490234
DBAASPS_16749,0.7920792102813721
DBAASPS_16750,0.7128713130950928
DBAASPS_16751,0.7524752616882324
DBAASPS_16752,0.693069338798523
DBAASPS_16753,0.6831682920455933
DBAASPS_16754,0.6831682920455933
DBAASPS_16755,0.6336634159088135
DBAASPS_16756,0.693069338798523
DBAASPS_16757,0.6633663177490234
DBAASPS_16758,0.5346534848213196
DBAASPS_16759,0.44554460048675537
DBAASPS_16796,0.9108911156654358
DBAASPS_16797,0.9306930899620056
DBAASPS_16798,0.881188154220581
DBAASPS_16799,0.8415841460227966
DBAASPS_16800,0.881188154220581
DBAASPS_16802,0.8613861203193665
DBAASPS_16803,0.8316831588745117
DBAASPS_16804,0.8514851331710815
DBAASPS_16806,0.5247524976730347
DBAASPS_16807,0.5940594673156738
DBAASPS_16808,0.8514851331710815
DBAASPS_16809,0.8712871074676514
DBAASPS_16810,0.9009901285171509
DBAASPS_16811,0.9009901285171509
DBAASPS_16812,0.8811880946159363
DBAASPS_16813,0.9801980257034302
DBAASPS_16814,0.9702970385551453
DBAASPS_16817,0.9009901285171509
DBAASPS_16818,0.7326732873916626
DBAASPS_16819,0.7920792102813721
DBAASPS_16820,0.8613861203193665
DBAASPS_16821,0.8514851331710815
DBAASPS_16822,0.7623762488365173
DBAASPS_16823,0.04950511455535889
DBAASPS_16824,0.05940604209899902
DBAASPS_16825,0.05940604209899902
DBAASPS_16826,0.0792081356048584
DBAASPS_16845,0.24752485752105713
DBAASPS_16846,0.5148515701293945
DBAASPS_16847,0.059406161308288574
DBAASPS_16849,0.6732673645019531
DBAASPS_16850,0.693069338798523
DBAASPS_16855,0.7425742745399475
DBAASPS_16856,0.801980197429657
DBAASPS_16857,0.9504950642585754
DBAASPS_16858,0.7227722406387329
DBAASPS_16859,0.9306930899620056
DBAASPS_16860,0.7821782231330872
DBAASPS_16861,0.8514851331710815
DBAASPS_16862,0.7689769268035889
DBAASPS_16863,0.6732673645019531
DBAASPS_16865,0.6831682920455933
DBAASPS_16866,0.7821782231330872
DBAASPS_16867,0.6138614416122437
DBAASPS_16868,0.7920792102813721
DBAASPS_16869,0.8514851331710815
DBAASPS_16870,0.8712871074676514
DBAASPS_16872,0.7623762488365173
DBAASPS_16873,0.7722772359848022
DBAASPS_16874,0.801980197429657
DBAASPS_16875,0.7920792102813721
DBAASPS_16877,0.7326732873916626
DBAASPS_16878,0.6237623691558838
DBAASPS_16879,0.8415842056274414
DBAASPS_16880,0.801980197429657
DBAASPS_16881,0.801980197429657
DBAASPS_16882,0.801980197429657
DBAASPS_16886,0.39273935556411743
DBAASPS_16887,0.7920792102813721
DBAASPS_16892,0.574257493019104
DBAASPS_16893,0.6138614416122437
DBAASPS_16894,0.603960394859314
DBAASPS_16895,0.7425742745399475
DBAASPS_16896,0.6633663177490234
DBAASPS_16897,0.7326732873916626
DBAASPS_16898,0.801980197429657
DBAASPS_16899,0.5148515105247498
DBAASPS_16900,0.35643571615219116
DBAASPS_16901,0.3267327547073364
DBAASPS_16903,0.21782195568084717
DBAASPS_16904,0.485148549079895
DBAASPS_16905,0.3267327547073364
DBAASPS_16917,0.7821782231330872
DBAASPS_16919,0.2871288061141968
DBAASPS_16922,0.603960394859314
DBAASPS_16923,0.4653465747833252
DBAASPS_16924,0.4554455876350403
DBAASPS_16925,0.693069338798523
DBAASPS_16926,0.4554455876350403
DBAASPS_16927,0.5643564462661743
DBAASPS_16941,0.7029702663421631
DBAASPS_16951,0.6732673645019531
DBAASPS_16952,0.6237623691558838
DBAASPS_16953,0.6237623691558838
DBAASPS_16954,0.6336634159088135
DBAASPS_16956,0.7326732873916626
DBAASPS_16957,0.9009901285171509
DBAASPS_16976,0.376237690448761
DBAASPS_16977,0.33663368225097656
DBAASPS_16993,0.9603960514068604
DBAASPS_16994,0.8613861203193665
DBAASPS_16995,0.8316831588745117
DBAASPS_16996,0.8316831588745117
DBAASPS_16997,0.8712871074676514
DBAASPS_16998,0.8118811845779419
DBAASPS_16999,0.9009901285171509
DBAASPS_17000,0.8613861203193665
DBAASPS_17001,0.8712871074676514
DBAASPS_17002,0.8613861203193665
DBAASPS_17004,0.8316831588745117
DBAASPS_17005,0.8712871074676514
DBAASPS_17006,0.8217821717262268
DBAASPS_17007,0.8217821717262268
DBAASPS_17008,0.8415842056274414
DBAASPS_17009,0.801980197429657
DBAASPS_17010,0.801980197429657
DBAASPS_17011,0.801980197429657
DBAASPS_17012,0.8217821717262268
DBAASPS_17013,0.801980197429657
DBAASPS_17018,0.26485157012939453
DBAASPS_17019,0.2747526168823242
DBAASPS_17020,0.3861386775970459
DBAASPS_17021,0.35643577575683594
DBAASPS_17022,0.41584163904190063
DBAASPS_17023,0.6138614416122437
DBAASPS_17025,0.801980197429657
DBAASPS_17026,0.9009901285171509
DBAASPS_17027,0.8514851331710815
DBAASPS_17028,0.6138614416122437
DBAASPS_17029,0.6138614416122437
DBAASPS_17040,0.7425742149353027
DBAASPS_17041,0.8712871074676514
DBAASPS_17043,0.7227722406387329
DBAASPS_17044,0.9009901285171509
DBAASPS_17110,0.7623762488365173
DBAASPS_17111,0.8811880946159363
DBAASPS_17112,0.8910890817642212
DBAASPS_17115,0.4554455876350403
DBAASPS_17119,0.7821782231330872
DBAASPS_17120,0.7722772359848022
DBAASPS_17121,0.7821782231330872
DBAASPS_17135,0.693069338798523
DBAASPS_17136,0.7029702663421631
DBAASPS_17137,0.7524752616882324
DBAASPS_17138,0.7326732873916626
DBAASPS_17139,0.693069338798523
DBAASPS_17140,0.7326732873916626
DBAASPS_17141,0.7425742745399475
DBAASPS_17142,0.7128713130950928
DBAASPS_17143,0.7821782231330872
DBAASPS_17144,0.7425742745399475
DBAASPS_17145,0.7623762488365173
DBAASPS_17146,0.6435643434524536
DBAASPS_17147,0.6435643434524536
DBAASPS_17148,0.6831682920455933
DBAASPS_17149,0.33663374185562134
DBAASPS_17150,0.5841584205627441
DBAASPS_17151,0.693069338798523
DBAASPS_17152,0.693069338798523
DBAASPS_17153,0.7128713130950928
DBAASPS_17154,0.6534653902053833
DBAASPS_17155,0.6633663177490234
DBAASPS_17156,0.6138614416122437
DBAASPS_17157,0.6534653902053833
DBAASPS_17158,0.6237623691558838
DBAASPS_17159,0.603960394859314
DBAASPS_17160,0.7128713130950928
DBAASPS_17161,0.6633663177490234
DBAASPS_17162,0.7623762488365173
DBAASPS_17163,0.6534653902053833
DBAASPS_17164,0.6138614416122437
DBAASPS_17165,0.5445544719696045
DBAASPS_17166,0.7722772359848022
DBAASPS_17167,0.5742574334144592
DBAASPS_17168,0.7425742745399475
DBAASPS_17169,0.7623762488365173
DBAASPS_17170,0.5049505233764648
DBAASPS_17171,0.5346534848213196
DBAASPS_17172,0.5544554591178894
DBAASPS_17173,0.6633663177490234
DBAASPS_17174,0.376237690448761
DBAASPS_17175,0.485148549079895
DBAASPS_17176,0.801980197429657
DBAASPS_17177,0.8217821717262268
DBAASPS_17178,0.8217821717262268
DBAASPS_17179,0.7623762488365173
DBAASPS_17180,0.8217821717262268
DBAASPS_17183,0.5445544719696045
DBAASPS_17184,0.7128713130950928
DBAASPS_17218,0.7920792102813721
DBAASPS_17219,0.8712871074676514
DBAASPS_17220,0.7920792102813721
DBAASPS_17221,0.7326732873916626
DBAASPS_17222,0.8217821717262268
DBAASPS_17223,0.7128713130950928
DBAASPS_17224,0.8712871074676514
DBAASPS_17225,0.881188154220581
DBAASPS_17226,0.8712871074676514
DBAASPS_17233,0.7128713130950928
DBAASPS_17236,0.9504950642585754
DBAASPS_17239,0.801980197429657
DBAASPS_17240,0.881188154220581
DBAASPS_17241,0.5445544719696045
DBAASPS_17242,0.9306930899620056
DBAASPS_17243,0.4653465747833252
DBAASPS_17245,0.8316831588745117
DBAASPS_17246,0.5841584205627441
DBAASPS_17247,0.7524752616882324
DBAASPS_17248,0.8712871074676514
DBAASPS_17249,0.7623762488365173
DBAASPS_17250,0.8811880946159363
DBAASPS_17251,0.8118811845779419
DBAASPS_17252,0.801980197429657
DBAASPS_17253,0.8118811845779419
DBAASPS_17254,0.8910890817642212
DBAASPS_17255,0.801980197429657
DBAASPS_17256,0.8910890817642212
DBAASPS_17274,0.6237623691558838
DBAASPS_17275,0.16831696033477783
DBAASPS_17276,0.7029702663421631
DBAASPS_17277,0.592079222202301
DBAASPS_17278,0.801980197429657
DBAASPS_17279,0.16831696033477783
DBAASPS_17280,0.7029702663421631
DBAASPS_17283,0.7425742149353027
DBAASPS_17285,0.693069338798523
DBAASPS_17287,0.7425742149353027
DBAASPS_17289,0.7227722406387329
DBAASPS_17290,0.7326732873916626
DBAASPS_17292,0.6765676736831665
DBAASPS_17294,0.5445544719696045
DBAASPS_17296,0.5346534848213196
DBAASPS_17298,0.5610561370849609
DBAASPS_17300,0.693069338798523
DBAASPS_17301,0.5346534848213196
DBAASPS_17303,0.6336634159088135
DBAASPS_17304,0.6435643434524536
DBAASPS_17305,0.5247524976730347
DBAASPS_17306,0.6831682920455933
DBAASPS_17307,0.6633663177490234
DBAASPS_17308,0.8217821717262268
DBAASPS_17309,0.7821782231330872
DBAASPS_17312,0.6831682920455933
DBAASPS_17313,0.6237623691558838
DBAASPS_17315,0.801980197429657
DBAASPS_17318,0.5049505233764648
DBAASPS_17319,0.5445544719696045
DBAASPS_17320,0.485148549079895
DBAASPS_17321,0.5445544719696045
DBAASPS_17322,0.2970297336578369
DBAASPS_17323,0.3168318271636963
DBAASPS_17336,0.801980197429657
DBAASPR_17337,0.4752475619316101
DBAASPS_17351,0.7821782231330872
DBAASPS_17352,0.9801980257034302
DBAASPS_17353,0.910891056060791
DBAASPS_17354,0.7821782231330872
DBAASPS_17355,0.910891056060791
DBAASPS_17356,0.910891056060791
DBAASPS_17357,0.9273927211761475
DBAASPS_17358,0.867986798286438
DBAASPS_17359,0.6501650214195251
DBAASPS_17383,0.18811893463134766
DBAASPS_17384,0.6633663177490234
DBAASPS_17385,0.7524752616882324
DBAASPS_17386,0.6732673645019531
DBAASPS_17387,0.6831682920455933
DBAASPS_17388,0.5544554591178894
DBAASPR_17389,0.09901010990142822
DBAASPS_17397,0.2871288061141968
DBAASPS_17398,0.7029702663421631
DBAASPS_17400,0.7821782231330872
DBAASPS_17401,0.42574262619018555
DBAASPS_17403,0.9603960514068604
DBAASPS_17404,0.8712871074676514
DBAASPS_17405,0.7920792102813721
DBAASPS_17408,0.7029702663421631
DBAASPS_17411,0.5247524976730347
DBAASPS_17412,0.7326732873916626
DBAASPS_17413,0.7029702663421631
DBAASPS_17414,0.7029702663421631
DBAASPS_17415,0.7821782231330872
DBAASPS_17416,0.6534653902053833
DBAASPS_17417,0.693069338798523
DBAASPS_17419,0.6237623691558838
DBAASPS_17421,0.3861386775970459
DBAASPS_17422,0.41584163904190063
DBAASPS_17423,0.5049505233764648
DBAASPS_17426,0.49504953622817993
DBAASPS_17428,0.35643571615219116
DBAASPS_17430,0.485148549079895
DBAASPS_17431,0.5445544719696045
DBAASPS_17432,0.4554455876350403
DBAASPS_17434,0.43564361333847046
DBAASPS_17436,0.4257426857948303
DBAASPS_17437,0.44554460048675537
DBAASPS_17439,0.485148549079895
DBAASPS_17448,0.4752475619316101
DBAASPS_17449,0.6138614416122437
DBAASPS_17450,0.4752476215362549
DBAASPS_17451,0.4752475619316101
DBAASPS_17453,0.41584163904190063
DBAASPS_17456,0.4059406518936157
DBAASPS_17458,0.376237690448761
DBAASPS_17461,0.5445544719696045
DBAASPS_17465,0.376237690448761
DBAASPS_17466,0.5346534848213196
DBAASPS_17467,0.41584163904190063
DBAASPS_17468,0.41584163904190063
DBAASPS_17469,0.34653472900390625
DBAASPS_17470,0.8118811845779419
DBAASPS_17471,0.8118811845779419
DBAASPS_17472,0.4752475619316101
DBAASPS_17473,0.6138614416122437
DBAASPS_17474,0.4653465747833252
DBAASPS_17475,0.5841584205627441
DBAASPS_17476,0.603960394859314
DBAASPS_17477,0.5841584205627441
DBAASPS_17478,0.33663374185562134
DBAASPS_17479,0.485148549079895
DBAASPS_17480,0.42574262619018555
DBAASPS_17481,0.44554460048675537
DBAASPS_17482,0.693069338798523
DBAASPS_17484,0.6237623691558838
DBAASPS_17486,0.6237623691558838
DBAASPS_17488,0.6435643434524536
DBAASPS_17490,0.693069338798523
DBAASPS_17492,0.6138614416122437
DBAASPS_17494,0.6435643434524536
DBAASPS_17496,0.6138614416122437
DBAASPS_17500,0.3960396647453308
DBAASPS_17501,0.8217821717262268
DBAASPS_17502,0.8613861799240112
DBAASPS_17503,0.8217821717262268
DBAASPS_17504,0.8811880946159363
DBAASPS_17505,0.801980197429657
DBAASPS_17506,0.7524752616882324
DBAASPS_17507,0.8415841460227966
DBAASPS_17508,0.8712871074676514
DBAASPS_17509,0.8118811845779419
DBAASPS_17510,0.7524752616882324
DBAASPS_17511,0.8118811845779419
DBAASPS_17512,0.7623762488365173
DBAASPS_17514,0.8316831588745117
DBAASPS_17515,0.8316831588745117
DBAASPS_17517,0.8316831588745117
DBAASPS_17520,0.8118811845779419
DBAASPS_17521,0.8217821717262268
DBAASPS_17522,0.7623762488365173
DBAASPS_17524,0.693069338798523
DBAASPS_17525,0.8217821717262268
DBAASPR_17526,0.8613861799240112
DBAASPS_17532,0.8613861799240112
DBAASPS_17544,0.6138613820075989
DBAASPS_17545,0.6831682920455933
DBAASPS_17546,0.6831682920455933
DBAASPS_17547,0.6534653902053833
DBAASPS_17548,0.603960394859314
DBAASPS_17549,0.6534653902053833
DBAASPR_17552,0.5247524976730347
DBAASPS_17553,0.34653472900390625
DBAASPS_17554,0.11881208419799805
DBAASPS_17555,0.148514986038208
DBAASPS_17556,0.237623929977417
DBAASPS_17557,0.16831696033477783
DBAASPS_17558,0.2574259042739868
DBAASPS_17559,0.3069307804107666
DBAASPS_17560,0.21782183647155762
DBAASPS_17561,0.26732683181762695
DBAASPS_17562,0.35643571615219116
DBAASPS_17563,0.1188119649887085
DBAASPR_17566,0.9504950642585754
DBAASPS_17567,0.9504950642585754
DBAASPS_17568,0.9603960514068604
DBAASPS_17569,0.9108911156654358
DBAASPS_17570,0.9405940771102905
DBAASPS_17571,0.9405940771102905
DBAASPS_17572,0.7029702663421631
DBAASPS_17573,0.6732673645019531
DBAASPS_17574,0.7425742745399475
DBAASPS_17585,0.5643564462661743
DBAASPS_17586,0.49504953622817993
DBAASPS_17587,0.5346534848213196
DBAASPS_17588,0.3960396647453308
DBAASPS_17589,0.5445544719696045
DBAASPS_17590,0.49504953622817993
DBAASPS_17591,0.4752475619316101
DBAASPS_17593,0.5544554591178894
DBAASPS_17594,0.6633663177490234
DBAASPS_17595,0.5742574334144592
DBAASPS_17596,0.594059407711029
DBAASPS_17597,0.6237623691558838
DBAASPS_17598,0.5841584205627441
DBAASPS_17599,0.4554455876350403
DBAASPS_17600,0.693069338798523
DBAASPS_17601,0.603960394859314
DBAASPS_17603,0.43564361333847046
DBAASPS_17605,0.43564361333847046
DBAASPS_17607,0.376237690448761
DBAASPS_17608,0.5148515701293945
DBAASPS_17610,0.5148515105247498
DBAASPS_17611,0.5148515701293945
DBAASPS_17612,0.3960396647453308
DBAASPS_17613,0.5049505233764648
DBAASPS_17614,0.7029702663421631
DBAASPS_17618,0.26732683181762695
DBAASPS_17619,0.41584163904190063
DBAASPS_17620,0.41584163904190063
DBAASPS_17621,0.3069307804107666
DBAASPS_17622,0.12871301174163818
DBAASPS_17624,0.2970297336578369
DBAASPS_17625,0.4059406518936157
DBAASPS_17626,0.35643577575683594
DBAASPS_17627,0.3861386775970459
DBAASPS_17629,0.43564361333847046
DBAASPS_17630,0.485148549079895
DBAASPS_17631,0.3267327547073364
DBAASPS_17632,0.3960396647453308
DBAASPS_17633,0.3069307804107666
DBAASPS_17635,0.5445544719696045
DBAASPS_17636,0.485148549079895
DBAASPS_17637,0.3366338014602661
DBAASPS_17639,0.5049505233764648
DBAASPS_17652,0.3663367033004761
DBAASPS_17653,0.44554460048675537
DBAASPS_17654,0.485148549079895
DBAASPS_17655,0.574257493019104
DBAASPS_17656,0.7821782231330872
DBAASPS_17657,0.8217821717262268
DBAASPS_17658,0.6435643434524536
DBAASPS_17659,0.6138614416122437
DBAASPS_17660,0.6831682920455933
DBAASPS_17661,0.7326732873916626
DBAASPS_17662,0.5940594673156738
DBAASPS_17663,0.6831682920455933
DBAASPS_17664,0.6633663177490234
DBAASPS_17665,0.44554460048675537
DBAASPS_17666,0.6633663177490234
DBAASPS_17667,0.574257493019104
DBAASPS_17668,0.574257493019104
DBAASPS_17673,0.7425742745399475
DBAASPS_17674,0.7425742149353027
DBAASPS_17675,0.6831682920455933
DBAASPS_17676,0.693069338798523
DBAASPS_17677,0.6435643434524536
DBAASPS_17678,0.7821782231330872
DBAASPS_17680,0.5148515701293945
DBAASPS_17681,0.7029702663421631
DBAASPS_17682,0.7227722406387329
DBAASPS_17683,0.7326732873916626
DBAASPS_17684,0.5148515701293945
DBAASPS_17685,0.693069338798523
DBAASPS_17686,0.6633663177490234
DBAASPS_17687,0.693069338798523
DBAASPS_17688,0.4653465747833252
DBAASPS_17689,0.7227722406387329
DBAASPS_17690,0.7623762488365173
DBAASPS_17691,0.7524752616882324
DBAASPS_17692,0.5445544719696045
DBAASPS_17693,0.7029702663421631
DBAASPS_17694,0.7128713130950928
DBAASPS_17695,0.7227722406387329
DBAASPS_17696,0.6732673645019531
DBAASPS_17697,0.6633663177490234
DBAASPS_17698,0.6534653902053833
DBAASPS_17699,0.5544555187225342
DBAASPS_17706,0.6534653902053833
DBAASPS_17712,0.5544554591178894
DBAASPS_17720,0.6534653902053833
DBAASPS_17721,0.5841584205627441
DBAASPS_17722,0.7128713130950928
DBAASPS_17723,0.6534653902053833
DBAASPS_17724,0.693069338798523
DBAASPS_17745,0.148514986038208
DBAASPS_17746,0.2574259042739868
DBAASPS_17747,0.09900999069213867
DBAASPS_17748,0.3861386775970459
DBAASPS_17749,0.13861405849456787
DBAASPS_17750,0.0792081356048584
DBAASPS_17751,0.2277228832244873
DBAASPS_17752,0.485148549079895
DBAASPS_17753,0.0792081356048584
DBAASPS_17754,0.3267327547073364
DBAASPS_17755,0.15841591358184814
DBAASPS_17756,0.13861393928527832
DBAASPS_17757,0.148514986038208
DBAASPS_17758,0.09900999069213867
DBAASPS_17759,0.15841591358184814
DBAASPS_17760,0.148514986038208
DBAASPS_17761,0.16831696033477783
DBAASPS_17762,0.13861405849456787
DBAASPS_17763,0.009901165962219238
DBAASPS_17764,0.16831696033477783
DBAASPS_17765,0.3960396647453308
DBAASPS_17766,0.485148549079895
DBAASPS_17767,0.04950511455535889
DBAASPS_17768,0.44554460048675537
DBAASPS_17770,0.0396040678024292
DBAASPS_17771,0.35643571615219116
DBAASPS_17772,0.1188119649887085
DBAASPS_17773,0.3168318271636963
DBAASPS_17774,0.03960418701171875
DBAASPS_17775,0.23762381076812744
DBAASPS_17776,0.0792081356048584
DBAASPS_17777,0.24752485752105713
DBAASPS_17778,0.12871301174163818
DBAASPS_17804,0.19801998138427734
DBAASPS_17805,0.12871301174163818
DBAASPS_17806,0.10891103744506836
DBAASPS_17807,0.2277228832244873
DBAASPS_17808,0.10891103744506836
DBAASPS_17814,0.4059406518936157
DBAASPS_17815,0.5841584205627441
DBAASPS_17816,0.34653472900390625
DBAASPS_17817,0.34653472900390625
DBAASPS_17818,0.5346535444259644
DBAASPS_17819,0.5346535444259644
DBAASPS_17820,0.35643571615219116
DBAASPS_17821,0.5940594673156738
DBAASPS_17822,0.44554460048675537
DBAASPS_17823,0.6138614416122437
DBAASPS_17824,0.27722787857055664
DBAASPS_17829,0.7920792102813721
DBAASPS_17832,0.9801980257034302
DBAASPS_17835,0.8118811845779419
DBAASPS_17837,0.8415841460227966
DBAASPS_17839,0.8217821717262268
DBAASPS_17847,0.6435643434524536
DBAASPS_17853,0.4059406518936157
DBAASPS_17854,0.44554460048675537
DBAASPS_17855,0.4554455876350403
DBAASPS_17856,0.4653465747833252
DBAASPS_17857,0.5148515105247498
DBAASPS_17858,0.3960396647453308
DBAASPS_17859,0.42574262619018555
DBAASPS_17860,0.42574262619018555
DBAASPS_17861,0.41584163904190063
DBAASPS_17862,0.41584163904190063
DBAASPS_17863,0.41584163904190063
DBAASPS_17864,0.4059406518936157
DBAASPS_17865,0.3960396647453308
DBAASPS_17866,0.4059406518936157
DBAASPS_17867,0.603960394859314
DBAASPS_17868,0.6435643434524536
DBAASPS_17869,0.6237623691558838
DBAASPS_17870,0.7227723002433777
DBAASPS_17871,0.6831682920455933
DBAASPS_17872,0.6336634159088135
DBAASPS_17873,0.6633663177490234
DBAASPS_17874,0.8415842056274414
DBAASPS_17883,0.019802093505859375
DBAASPS_17910,0.7227722406387329
DBAASPS_17911,0.5247524976730347
DBAASPS_17914,0.7821782231330872
DBAASPS_17916,0.801980197429657
DBAASPS_17929,0.44554460048675537
DBAASPS_17930,0.485148549079895
DBAASPS_17931,0.43564361333847046
DBAASPS_17932,0.6633663177490234
DBAASPS_17936,0.17821800708770752
DBAASPS_17937,0.4752476215362549
DBAASPS_17938,0.8514851331710815
DBAASPS_17939,0.693069338798523
DBAASPS_17940,0.7326732873916626
DBAASPS_17941,0.7821782231330872
DBAASPS_17942,0.6237623691558838
DBAASPS_17943,0.910891056060791
DBAASPS_17944,0.8316831588745117
DBAASPS_17945,0.693069338798523
DBAASPS_17946,0.7326732873916626
DBAASPS_17947,0.6831682920455933
DBAASPS_17948,0.6732673645019531
DBAASPS_17949,0.8415841460227966
DBAASPS_17950,0.5049505233764648
DBAASPS_17951,0.5544555187225342
DBAASPS_17952,0.5742574334144592
DBAASPS_17953,0.5742574334144592
DBAASPS_17954,0.6336634159088135
DBAASPS_17955,0.5247524976730347
DBAASPS_17956,0.6831682920455933
DBAASPS_17957,0.5643564462661743
DBAASPS_17958,0.5445544719696045
DBAASPS_17959,0.5643564462661743
DBAASPS_17960,0.5643564462661743
DBAASPS_17961,0.683168351650238
DBAASPS_17962,0.5148515105247498
DBAASPS_17963,0.6138614416122437
DBAASPS_17964,0.6336634159088135
DBAASPS_17965,0.5148515105247498
DBAASPS_17966,0.5742574334144592
DBAASPS_17967,0.5148515105247498
DBAASPS_17968,0.5247524976730347
DBAASPS_17969,0.5346534848213196
DBAASPS_17970,0.5346534848213196
DBAASPS_17971,0.5940594673156738
DBAASPS_17972,0.6138614416122437
DBAASPS_17973,0.6237623691558838
DBAASPS_17974,0.603960394859314
DBAASPS_17977,0.6534653902053833
DBAASPS_17978,0.6534653902053833
DBAASPS_17979,0.7029702663421631
DBAASPS_17980,0.6633663177490234
DBAASPS_17981,0.7128713130950928
DBAASPS_17982,0.7326732873916626
DBAASPS_17990,0.2772277593612671
DBAASPS_17991,0.11881208419799805
DBAASPS_18025,0.7821782231330872
DBAASPS_18026,0.13861405849456787
DBAASPS_18027,0.3663367033004761
DBAASPS_18036,0.7524752616882324
DBAASPS_18037,0.8910890817642212
DBAASPS_18038,0.8316831588745117
DBAASPS_18039,0.7029702663421631
DBAASPS_18040,0.8811880946159363
DBAASPS_18041,0.376237690448761
DBAASPS_18042,0.7722772359848022
DBAASPS_18043,0.594059407711029
DBAASPS_18044,0.7326732873916626
DBAASPS_18045,0.8514851331710815
DBAASPS_18046,0.7524752616882324
DBAASPS_18047,0.7326732873916626
DBAASPS_18048,0.7227722406387329
DBAASPS_18049,0.7029702663421631
DBAASPS_18051,0.6336634159088135
DBAASPS_18052,0.7821782231330872
DBAASPS_18053,0.8415842056274414
DBAASPS_18054,0.5445544719696045
DBAASPS_18055,0.12871301174163818
DBAASPS_18056,0.574257493019104
DBAASPS_18057,0.5940594673156738
DBAASPS_18058,0.7920792102813721
DBAASPS_18059,0.6831682920455933
DBAASPS_18060,0.801980197429657
DBAASPS_18061,0.6534653902053833
DBAASPS_18062,0.8514851331710815
DBAASPS_18063,0.4653465747833252
DBAASPS_18064,0.7227722406387329
DBAASPS_18065,0.5742574334144592
DBAASPS_18066,0.7920792102813721
DBAASPS_18067,0.6633663177490234
DBAASPS_18068,0.43564361333847046
DBAASPS_18069,0.574257493019104
DBAASPS_18073,0.8712871074676514
DBAASPS_18074,0.4653465747833252
DBAASPS_18075,0.4554455876350403
DBAASPS_18079,0.8712871074676514
DBAASPS_18080,0.8712871074676514
DBAASPS_18081,0.801980197429657
DBAASPS_18082,0.8415841460227966
DBAASPS_18083,0.8910890817642212
DBAASPS_18084,0.7326732873916626
DBAASPS_18085,0.8910890817642212
DBAASPS_18086,0.8217821717262268
DBAASPS_18087,0.9306930899620056
DBAASPS_18088,0.7722772359848022
DBAASPS_18089,0.8613861799240112
DBAASPS_18090,0.8415841460227966
DBAASPS_18092,0.8118811845779419
DBAASPS_18104,0.2970297336578369
DBAASPS_18105,0.3960396647453308
DBAASPS_18106,0.3168317675590515
DBAASPS_18108,0.148514986038208
DBAASPS_18110,0.20792090892791748
DBAASPS_18111,0.603960394859314
DBAASPS_18112,0.3960396647453308
DBAASPS_18114,0.3663367033004761
DBAASPS_18115,0.4752475619316101
DBAASPS_18121,0.34653472900390625
DBAASPS_18122,0.2772277593612671
DBAASPS_18123,0.35643571615219116
DBAASPS_18124,0.3960396647453308
DBAASPS_18125,0.42574262619018555
DBAASPS_18126,0.3960396647453308
DBAASPS_18127,0.35643571615219116
DBAASPS_18129,0.43564361333847046
DBAASPS_18130,0.43564361333847046
DBAASPS_18131,0.3960396647453308
DBAASPS_18132,0.3861386775970459
DBAASPS_18133,0.6831682920455933
DBAASPS_18134,0.5445544719696045
DBAASPS_18135,0.693069338798523
DBAASPS_18136,0.6336634159088135
DBAASPS_18137,0.6633663177490234
DBAASPS_18138,0.5940594673156738
DBAASPS_18139,0.7722772359848022
DBAASPR_18152,0.7623762488365173
DBAASPS_18153,0.5247524976730347
DBAASPS_18154,0.5643564462661743
DBAASPR_18156,0.3663367033004761
DBAASPR_18157,0.7821782231330872
DBAASPR_18158,0.6732673645019531
DBAASPR_18159,0.8118811845779419
DBAASPR_18160,0.7524752616882324
DBAASPS_18161,0.7920792102813721
DBAASPS_18162,0.801980197429657
DBAASPS_18163,0.8217821717262268
DBAASPS_18164,0.8217821717262268
DBAASPS_18165,0.42574262619018555
DBAASPS_18166,0.3267327547073364
DBAASPS_18167,0.49504953622817993
DBAASPS_18168,0.7029702663421631
DBAASPS_18171,0.881188154220581
DBAASPS_18172,0.8712871074676514
DBAASPS_18175,0.8217821717262268
DBAASPS_18176,0.7326732873916626
DBAASPS_18182,0.44554460048675537
DBAASPS_18184,0.7623762488365173
DBAASPS_18190,0.9009901285171509
DBAASPS_18191,0.5940594673156738
DBAASPR_18200,0.12871301174163818
DBAASPS_18202,0.06930708885192871
DBAASPS_18203,0.5346534848213196
DBAASPS_18204,0.2574259042739868
DBAASPS_18205,0.5247524976730347
DBAASPR_18210,0.5940594673156738
DBAASPS_18213,0.5940594673156738
DBAASPS_18214,0.6831682920455933
DBAASPS_18215,0.5049505233764648
DBAASPR_18216,0.4059406518936157
DBAASPS_18217,0.693069338798523
DBAASPS_18218,0.5841584205627441
DBAASPS_18219,0.693069338798523
DBAASPS_18220,0.3663367033004761
DBAASPS_18221,0.376237690448761
DBAASPS_18222,0.237623929977417
DBAASPS_18224,0.693069338798523
DBAASPS_18225,0.6633663177490234
DBAASPS_18226,0.5544555187225342
DBAASPS_18227,0.6534653902053833
DBAASPS_18228,0.376237690448761
DBAASPS_18229,0.35643571615219116
DBAASPS_18230,0.26732683181762695
DBAASPR_18234,0.7623762488365173
DBAASPR_18250,0.6732673645019531
DBAASPS_18261,0.6831682920455933
DBAASPS_18262,0.4092409610748291
DBAASPS_18263,0.41584163904190063
DBAASPS_18264,0.4653465747833252
DBAASPS_18288,0.6435643434524536
DBAASPS_18293,0.06930708885192871
DBAASPS_18294,0.5445544719696045
DBAASPS_18295,0.6138614416122437
DBAASPR_18296,0.49504953622817993
DBAASPS_18297,0.7227723002433777
DBAASPS_18298,0.33663374185562134
DBAASPS_18299,0.4059406518936157
DBAASPN_18305,0.34653472900390625
DBAASPS_18306,0.6336634159088135
DBAASPS_18311,0.18811893463134766
DBAASPS_18312,0.019802093505859375
DBAASPS_18313,0.3663367033004761
DBAASPS_18314,0.3960396647453308
DBAASPR_18316,0.6435643434524536
DBAASPS_18320,0.5346534848213196
DBAASPS_18323,0.6732673645019531
DBAASPS_18324,0.5841584205627441
DBAASPS_18325,0.801980197429657
DBAASPS_18326,0.7821782231330872
DBAASPS_18327,0.801980197429657
DBAASPS_18328,0.7821782231330872
DBAASPS_18329,0.7425742745399475
DBAASPS_18330,0.6633663177490234
DBAASPS_18331,0.7821782231330872
DBAASPS_18340,0.485148549079895
DBAASPS_18343,0.6534653902053833
DBAASPR_18347,0.3663367033004761
DBAASPS_18348,0.49504953622817993
DBAASPS_18349,0.6633663177490234
DBAASPS_18350,0.42574262619018555
DBAASPS_18351,0.6138614416122437
DBAASPS_18352,0.4554455876350403
DBAASPS_18353,0.237623929977417
DBAASPS_18354,0.4059406518936157
DBAASPS_18355,0.5445544719696045
DBAASPS_18356,0.23762381076812744
DBAASPS_18357,0.20792090892791748
DBAASPS_18358,0.24752485752105713
DBAASPS_18359,0.07920801639556885
DBAASPS_18360,0.5247524976730347
DBAASPS_18362,0.5841584205627441
DBAASPS_18363,0.29702985286712646
DBAASPS_18367,0.8415841460227966
DBAASPS_18373,0.693069338798523
DBAASPS_18374,0.6534653902053833
DBAASPS_18375,0.6336634159088135
DBAASPS_18376,0.6732673645019531
DBAASPS_18377,0.6237623691558838
DBAASPS_18378,0.6534653902053833
DBAASPS_18379,0.6237623691558838
DBAASPS_18380,0.7326732873916626
DBAASPS_18381,0.7029702663421631
DBAASPS_18382,0.7128713130950928
DBAASPS_18383,0.5544554591178894
DBAASPS_18385,0.693069338798523
DBAASPS_18386,0.7326732873916626
DBAASPS_18387,0.7425742149353027
DBAASPS_18388,0.6485148668289185
DBAASPS_18389,0.7425742149353027
DBAASPS_18390,0.6732673645019531
DBAASPS_18391,0.7227722406387329
DBAASPS_18392,0.6831682920455933
DBAASPS_18393,0.7227722406387329
DBAASPS_18394,0.6732673645019531
DBAASPS_18395,0.6732673645019531
DBAASPS_18396,0.6831682920455933
DBAASPS_18397,0.6831682920455933
DBAASPS_18411,0.43564361333847046
DBAASPS_18412,0.4752475619316101
DBAASPS_18413,0.4752475619316101
DBAASPS_18414,0.5544554591178894
DBAASPN_18427,0.06930708885192871
DBAASPN_18429,0.08910906314849854
DBAASPN_18430,0.0792081356048584
DBAASPN_18431,0.1188119649887085
DBAASPS_18437,0.5841584205627441
DBAASPS_18439,0.7524752616882324
DBAASPS_18441,0.574257493019104
DBAASPN_18448,0.06930708885192871
DBAASPN_18456,0.34653472900390625
DBAASPS_18462,0.24752485752105713
DBAASPS_18464,0.5049505233764648
DBAASPS_18465,0.683168351650238
DBAASPN_18471,0.3861386775970459
DBAASPN_18476,0.06930708885192871
DBAASPN_18477,0.24752485752105713
DBAASPN_18492,0.18811893463134766
DBAASPS_18493,0.7128713130950928
DBAASPS_18494,0.41584163904190063
DBAASPS_18495,0.3861386775970459
DBAASPN_18501,0.237623929977417
DBAASPS_18519,0.693069338798523
DBAASPS_18520,0.8910890817642212
DBAASPS_18521,0.8910890817642212
DBAASPS_18522,0.7227722406387329
DBAASPS_18523,0.8217821717262268
DBAASPS_18524,0.7128713130950928
DBAASPS_18525,0.7722772359848022
DBAASPN_18558,0.3861386775970459
DBAASPN_18563,0.35643571615219116
DBAASPN_18564,0.1980198621749878
DBAASPN_18565,0.20792090892791748
DBAASPN_18566,0.49504953622817993
DBAASPS_18576,0.18811893463134766
DBAASPS_18578,0.6633663177490234
DBAASPS_18579,0.4653465747833252
DBAASPS_18580,0.485148549079895
DBAASPS_18581,0.1584160327911377
DBAASPR_18582,0.4653465747833252
DBAASPS_18583,0.12871301174163818
DBAASPS_18584,0.29702985286712646
DBAASPS_18585,0.49504953622817993
DBAASPS_18586,0.6534653902053833
DBAASPS_18587,0.5445544719696045
DBAASPS_18588,0.49504953622817993
DBAASPS_18589,0.17821800708770752
DBAASPR_18597,0.2574259042739868
DBAASPR_18598,0.44554460048675537
DBAASPR_18599,0.3663367033004761
DBAASPR_18601,0.5049505233764648
DBAASPR_18602,0.5643564462661743
DBAASPR_18603,0.5148515701293945
DBAASPR_18604,0.485148549079895
DBAASPR_18605,0.4752475619316101
DBAASPR_18606,0.7623762488365173
DBAASPR_18607,0.7623762488365173
DBAASPS_18609,0.24752485752105713
DBAASPS_18610,0.5569307208061218
DBAASPS_18611,0.4059406518936157
DBAASPS_18612,0.40841591358184814
DBAASPS_18613,0.8910890817642212
DBAASPS_18622,0.2772277593612671
DBAASPS_18623,0.5247524976730347
DBAASPS_18624,0.5074257850646973
DBAASPS_18626,0.485148549079895
DBAASPS_18628,0.5940594673156738
DBAASPS_18643,0.18811893463134766
DBAASPS_18644,0.4059406518936157
DBAASPS_18645,0.6237623691558838
DBAASPS_18646,0.5544555187225342
DBAASPS_18647,0.7425742745399475
DBAASPS_18648,0.6336634159088135
DBAASPS_18649,0.5247524976730347
DBAASPS_18650,0.7425742745399475
DBAASPS_18651,0.594059407711029
DBAASPS_18652,0.43564361333847046
DBAASPS_18653,0.6534653902053833
DBAASPS_18654,0.4752475619316101
DBAASPS_18655,0.5742574334144592
DBAASPS_18656,0.881188154220581
DBAASPS_18657,0.7821782231330872
DBAASPS_18658,0.8217821717262268
DBAASPS_18659,0.6831682920455933
DBAASPS_18660,0.7623762488365173
DBAASPS_18661,0.5445544719696045
DBAASPS_18662,0.1584160327911377
DBAASPS_18663,0.17821800708770752
DBAASPS_18664,0.1584160327911377
DBAASPS_18665,0.21782183647155762
DBAASPS_18666,0.7920792102813721
DBAASPR_18682,0.4653465747833252
DBAASPS_18686,0.8811880946159363
DBAASPS_18687,0.8118811845779419
DBAASPS_18688,0.801980197429657
DBAASPS_18689,0.7920792102813721
DBAASPS_18690,0.41584163904190063
DBAASPS_18691,0.3861386775970459
DBAASPS_18692,0.3663367033004761
DBAASPS_18693,0.4059406518936157
DBAASPS_18694,0.8118811845779419
DBAASPS_18695,0.7128713130950928
DBAASPS_18696,0.6732673645019531
DBAASPS_18697,0.7029702663421631
DBAASPS_18704,0.5841584205627441
DBAASPS_18707,0.44554460048675537
DBAASPS_18709,0.5049505233764648
DBAASPS_18710,0.6534653306007385
DBAASPS_18734,0.8316831588745117
DBAASPS_18735,0.6138614416122437
DBAASPS_18736,0.6138614416122437
DBAASPS_18737,0.8910890817642212
DBAASPS_18739,0.7722772359848022
DBAASPS_18743,0.7227722406387329
DBAASPR_18781,0.6831682920455933
DBAASPR_18782,0.8910890817642212
DBAASPS_18783,0.7986798286437988
DBAASPS_18784,0.7326732873916626
DBAASPS_18785,0.6732673645019531
DBAASPS_18788,0.574257493019104
DBAASPS_18789,0.603960394859314
DBAASPS_18790,0.6435643434524536
DBAASPS_18798,0.6336634159088135
DBAASPS_18810,0.9207921028137207
DBAASPS_18811,0.6633663177490234
DBAASPS_18812,0.7029702663421631
DBAASPS_18813,0.6732673645019531
DBAASPS_18814,0.7524752616882324
DBAASPS_18815,0.6534653902053833
DBAASPS_18816,0.7029703259468079
DBAASPS_18817,0.7029703259468079
DBAASPS_18818,0.7623762488365173
DBAASPS_18819,0.5445544719696045
DBAASPS_18820,0.603960394859314
DBAASPS_18821,0.6138614416122437
DBAASPS_18822,0.6633663177490234
DBAASPS_18824,0.7326732873916626
DBAASPS_18826,0.7029702663421631
DBAASPS_18828,0.7425742745399475
DBAASPS_18830,0.693069338798523
DBAASPS_18832,0.6138613820075989
DBAASPS_18834,0.603960394859314
DBAASPS_18835,0.25742578506469727
DBAASPS_18836,0.19801998138427734
DBAASPS_18837,0.25742578506469727
DBAASPS_18838,0.18811893463134766
DBAASPS_18839,0.3069307804107666
DBAASPS_18840,0.23762381076812744
DBAASPS_18841,0.2574259042739868
DBAASPS_18842,0.2772277593612671
DBAASPS_18843,0.3168318271636963
DBAASPS_18844,0.25742578506469727
DBAASPS_18845,0.24752485752105713
DBAASPS_18846,0.2277228832244873
DBAASPS_18847,0.3861386775970459
DBAASPS_18848,0.16831696033477783
DBAASPS_18849,0.0792081356048584
DBAASPS_18850,0.12871301174163818
DBAASPS_18893,0.7029702663421631
DBAASPS_18907,0.6237623691558838
DBAASPS_18908,0.5445544719696045
DBAASPS_18909,0.3861386775970459
DBAASPS_18910,0.5049505233764648
DBAASPS_19001,0.7821782231330872
DBAASPR_19004,0.09900999069213867
DBAASPR_19008,0.8514851331710815
DBAASPS_19009,0.7623761892318726
DBAASPS_19010,0.5346534848213196
DBAASPS_19011,0.5247524976730347
DBAASPS_19012,0.5643564462661743
DBAASPS_19013,0.5247524976730347
DBAASPS_19014,0.49504953622817993
DBAASPS_19016,0.7623762488365173
DBAASPS_19017,0.8514851331710815
DBAASPR_19019,0.17821788787841797
DBAASPR_19020,0.5643564462661743
DBAASPS_19021,0.5544555187225342
DBAASPS_19022,0.5148515105247498
DBAASPS_19023,0.7326732873916626
DBAASPS_19024,0.7326732873916626
DBAASPS_19025,0.3861386775970459
DBAASPS_19026,0.7722772359848022
DBAASPS_19035,0.7425742149353027
DBAASPS_19071,0.35643571615219116
DBAASPS_19072,0.6534653902053833
DBAASPS_19073,0.8118811845779419
DBAASPS_19076,0.7821782231330872
DBAASPS_19096,0.6138614416122437
DBAASPS_19097,0.6237623691558838
DBAASPS_19103,0.7524752616882324
DBAASPS_19110,0.019802212715148926
DBAASPS_19112,0.5940594673156738
DBAASPS_19114,0.6237623691558838
DBAASPS_19119,0.5445544719696045
DBAASPS_19123,0.7920792102813721
DBAASPS_19124,0.8613861203193665
DBAASPS_19125,0.6534653902053833
DBAASPS_19126,0.7425742745399475
DBAASPS_19127,0.7326732873916626
DBAASPS_19128,0.6534653902053833
DBAASPS_19132,0.9405940771102905
DBAASPS_19133,0.9603960514068604
DBAASPS_19134,0.18811893463134766
DBAASPS_19135,0.009901165962219238
DBAASPS_19136,0.237623929977417
DBAASPS_19137,0.3267327547073364
DBAASPS_19138,0.029703140258789062
DBAASPS_19139,0.08910906314849854
DBAASPS_19141,0.009901165962219238
DBAASPS_19142,0.17821788787841797
DBAASPS_19143,0.603960394859314
DBAASPS_19144,0.5841584205627441
DBAASPR_19147,0.20792090892791748
DBAASPR_19148,0.148514986038208
DBAASPR_19150,0.13861393928527832
DBAASPR_19151,0.10891103744506836
DBAASPR_19152,0.09900999069213867
DBAASPS_19153,0.6534653902053833
DBAASPS_19154,0.3168317675590515
DBAASPS_19155,0.41584163904190063
DBAASPS_19156,0.35643571615219116
DBAASPS_19157,0.6633663177490234
DBAASPS_19158,0.04950511455535889
DBAASPR_19162,0.1188119649887085
DBAASPS_19193,0.8316831588745117
DBAASPS_19196,0.8316831588745117
DBAASPS_19197,0.7722772359848022
DBAASPS_19198,0.7425742149353027
DBAASPS_19199,0.8217821717262268
DBAASPS_19200,0.7524752616882324
DBAASPS_19201,0.8316831588745117
DBAASPS_19202,0.7722772359848022
DBAASPS_19203,0.8316831588745117
DBAASPS_19204,0.881188154220581
DBAASPS_19205,0.693069338798523
DBAASPS_19206,0.8217821717262268
DBAASPS_19207,0.8514851331710815
DBAASPR_19213,0.5544555187225342
DBAASPR_19217,0.8217821717262268
DBAASPS_19220,0.7425742745399475
DBAASPS_19243,0.9603960514068604
DBAASPS_19244,0.8514851331710815
DBAASPS_19246,0.6336634159088135
DBAASPR_19247,0.7524752616882324
DBAASPS_19248,0.485148549079895
DBAASPS_19249,0.5247524976730347
DBAASPS_19250,0.8415842056274414
DBAASPS_19251,0.44554460048675537
DBAASPS_19252,0.4554455876350403
DBAASPS_19253,0.7128713130950928
DBAASPS_19254,0.42574262619018555
DBAASPS_19256,0.693069338798523
DBAASPS_19257,0.8415841460227966
DBAASPS_19263,0.6732673645019531
DBAASPS_19264,0.6732673645019531
DBAASPS_19265,0.5742574334144592
DBAASPR_19276,0.41584163904190063
DBAASPS_19283,0.4653465747833252
DBAASPS_19286,0.7623762488365173
DBAASPR_19288,0.7425742149353027
DBAASPR_19289,0.6831682920455933
DBAASPR_19290,0.6534653902053833
DBAASPS_19301,0.25742578506469727
DBAASPS_19302,0.42574262619018555
DBAASPS_19303,0.35643577575683594
DBAASPS_19304,0.43564361333847046
DBAASPS_19308,0.7227722406387329
DBAASPS_19309,0.910891056060791
DBAASPS_19310,0.6831682920455933
DBAASPS_19311,0.8415841460227966
DBAASPS_19312,0.7623762488365173
DBAASPS_19313,0.2970297336578369
DBAASPS_19315,0.8415841460227966
DBAASPS_19316,0.4653465747833252
DBAASPS_19318,0.7227722406387329
DBAASPS_19324,0.7128713130950928
DBAASPS_19351,0.7722772359848022
DBAASPS_19352,0.5148515105247498
DBAASPS_19353,0.41584163904190063
DBAASPR_19354,0.8217821717262268
DBAASPS_19355,0.5742574334144592
DBAASPR_19356,0.8811880946159363
DBAASPR_19357,0.7227722406387329
DBAASPR_19359,0.574257493019104
DBAASPS_19362,0.5247524976730347
DBAASPS_19363,0.3267327547073364
DBAASPS_19364,0.7029702663421631
DBAASPS_19367,0.3861386775970459
DBAASPS_19368,0.16831696033477783
DBAASPS_19369,0.3960396647453308
DBAASPS_19370,0.16831696033477783
DBAASPS_19371,0.49504953622817993
DBAASPS_19373,0.25742578506469727
DBAASPS_19374,0.6831682920455933
DBAASPR_19375,0.21782183647155762
DBAASPS_19376,0.5841584205627441
DBAASPR_19377,0.43564361333847046
DBAASPR_19378,0.6831682920455933
DBAASPR_19379,0.376237690448761
DBAASPR_19380,0.4405940771102905
DBAASPR_19381,0.10891103744506836
DBAASPR_19382,0.19801998138427734
DBAASPR_19383,0.20792090892791748
DBAASPR_19384,0.2574259042739868
DBAASPR_19385,0.10891103744506836
DBAASPR_19386,0.5643564462661743
DBAASPR_19387,0.5148515105247498
DBAASPR_19388,0.21782183647155762
DBAASPS_19389,0.603960394859314
DBAASPS_19390,0.574257493019104
DBAASPS_19391,0.33663368225097656
DBAASPS_19392,0.4653465747833252
DBAASPS_19393,0.603960394859314
DBAASPS_19395,0.3069307804107666
DBAASPS_19396,0.5445544719696045
DBAASPS_19397,0.18811893463134766
DBAASPS_19398,0.2970297336578369
DBAASPS_19399,0.5148515701293945
DBAASPS_19400,0.05940604209899902
DBAASPS_19401,0.8217821717262268
DBAASPS_19402,0.6831682920455933
DBAASPS_19403,0.34653472900390625
DBAASPS_19404,0.19801998138427734
DBAASPS_19405,0.881188154220581
DBAASPS_19406,0.5148515701293945
DBAASPS_19407,0.6534653306007385
DBAASPS_19408,0.3069307804107666
DBAASPS_19409,0.44554460048675537
DBAASPS_19410,0.41584163904190063
DBAASPS_19411,0.4752475619316101
DBAASPS_19412,0.5841584205627441
DBAASPS_19413,0.8415841460227966
DBAASPS_19414,0.7178217768669128
DBAASPS_19415,0.3960396647453308
DBAASPS_19416,0.25742578506469727
DBAASPS_19417,0.2277228832244873
DBAASPS_19429,0.1980198621749878
DBAASPS_19430,0.33663374185562134
DBAASPS_19431,0.2772277593612671
DBAASPS_19432,0.33663374185562134
DBAASPS_19433,0.49504953622817993
DBAASPS_19434,0.7029702663421631
DBAASPS_19435,0.009901165962219238
DBAASPS_19442,0.5940594673156738
DBAASPS_19443,0.16831696033477783
DBAASPS_19444,0.20792090892791748
DBAASPS_19445,0.3267327547073364
DBAASPS_19446,0.13861405849456787
DBAASPS_19448,0.07920801639556885
DBAASPS_19449,0.37623775005340576
DBAASPS_19450,0.2871288061141968
DBAASPS_19451,0.3069307804107666
DBAASPR_19459,0.13861393928527832
DBAASPS_19460,0.21782183647155762
DBAASPS_19461,0.7920792102813721
DBAASPS_19462,0.8316831588745117
DBAASPS_19463,0.8316831588745117
DBAASPS_19464,0.8316831588745117
DBAASPS_19465,0.8217821717262268
DBAASPS_19466,0.801980197429657
DBAASPS_19467,0.9504950642585754
DBAASPS_19468,0.7227722406387329
DBAASPS_19469,0.8415841460227966
DBAASPS_19470,0.8217821717262268
DBAASPS_19471,0.8316831588745117
DBAASPS_19472,0.910891056060791
DBAASPS_19473,0.910891056060791
DBAASPS_19474,0.8415841460227966
DBAASPS_19475,0.7326732873916626
DBAASPS_19476,0.7326732873916626
DBAASPS_19478,0.8712871074676514
DBAASPS_19479,0.7029702663421631
DBAASPS_19480,0.8514851331710815
DBAASPS_19482,0.09901010990142822
DBAASPS_19483,0.4554455876350403
DBAASPS_19484,0.13861393928527832
DBAASPS_19485,0.910891056060791
DBAASPS_19486,0.6633663177490234
DBAASPS_19487,0.910891056060791
DBAASPS_19488,0.7425742149353027
DBAASPS_19489,0.7722772359848022
DBAASPS_19490,0.6831682920455933
DBAASPS_19491,0.5940594673156738
DBAASPS_19492,0.09900999069213867
DBAASPS_19493,0.5643564462661743
DBAASPS_19494,0.7524752616882324
DBAASPS_19495,0.41584163904190063
DBAASPS_19498,0.5346535444259644
DBAASPS_19499,0.18811893463134766
DBAASPS_19500,0.7425742745399475
DBAASPS_19501,0.8118811845779419
DBAASPS_19502,0.8217821717262268
DBAASPS_19512,0.8118811845779419
DBAASPS_19516,0.7920792102813721
DBAASPS_19517,0.7029702663421631
DBAASPS_19518,0.5841584205627441
DBAASPS_19519,0.5346534848213196
DBAASPS_19520,0.8415841460227966
DBAASPS_19521,0.8910890817642212
DBAASPS_19522,0.8118811845779419
DBAASPS_19523,0.7821782231330872
DBAASPS_19524,0.7227723002433777
DBAASPS_19525,0.6237623691558838
DBAASPS_19526,0.8712871074676514
DBAASPS_19527,0.7227722406387329
DBAASPS_19528,0.7227722406387329
DBAASPS_19551,0.881188154220581
DBAASPS_19552,0.8514851331710815
DBAASPS_19553,0.8613861799240112
DBAASPS_19554,0.5841584205627441
DBAASPS_19555,0.8514851331710815
DBAASPS_19556,0.8613861799240112
DBAASPS_19557,0.8118811845779419
DBAASPS_19560,0.7722772359848022
DBAASPS_19589,0.42574262619018555
DBAASPS_19590,0.44554460048675537
DBAASPS_19591,0.49504953622817993
DBAASPS_19592,0.5148515105247498
DBAASPS_19593,0.5346534848213196
DBAASPS_19594,0.5445544719696045
DBAASPS_19595,0.3267327547073364
DBAASPS_19598,0.574257493019104
DBAASPR_19599,0.4059406518936157
DBAASPS_19600,0.6138614416122437
DBAASPR_19601,0.603960394859314
DBAASPS_19602,0.42574262619018555
DBAASPS_19603,0.5148515701293945
DBAASPS_19604,0.4950495958328247
DBAASPS_19605,0.5841584205627441
DBAASPS_19606,0.33663374185562134
DBAASPS_19607,0.4059406518936157
DBAASPS_19608,0.603960394859314
DBAASPS_19609,0.4554455876350403
DBAASPS_19610,0.4554455876350403
DBAASPS_19611,0.4554455876350403
DBAASPS_19612,0.6534653902053833
DBAASPS_19613,0.4752475619316101
DBAASPS_19614,0.5049505233764648
DBAASPS_19615,0.42574262619018555
DBAASPS_19616,0.5049505233764648
DBAASPS_19617,0.5148515105247498
DBAASPR_19618,0.34405946731567383
DBAASPS_19628,0.29702985286712646
DBAASPS_19629,0.5841584205627441
DBAASPS_19632,0.49504953622817993
DBAASPS_19634,0.6633663177490234
DBAASPS_19635,0.6633663177490234
DBAASPS_19636,0.8514851331710815
DBAASPS_19637,0.801980197429657
DBAASPS_19638,0.8118811845779419
DBAASPS_19639,0.7029703259468079
DBAASPS_19640,0.7425742745399475
DBAASPS_19641,0.7227722406387329
DBAASPS_19642,0.7227723002433777
DBAASPS_19643,0.7920792102813721
DBAASPS_19645,0.2970297336578369
DBAASPS_19646,0.3861386775970459
DBAASPS_19647,0.34653472900390625
DBAASPS_19656,0.7821782231330872
DBAASPS_19657,0.7722772359848022
DBAASPS_19658,0.7524752616882324
DBAASPS_19660,0.8415841460227966
DBAASPS_19662,0.8415841460227966
DBAASPS_19668,0.7326732873916626
DBAASPS_19669,0.7326732873916626
DBAASPS_19670,0.7920792102813721
DBAASPS_19671,0.7524752616882324
DBAASPS_19672,0.8316831588745117
DBAASPS_19673,0.7623762488365173
DBAASPS_19674,0.7920792102813721
DBAASPS_19675,0.5148515105247498
DBAASPS_19676,0.7623762488365173
DBAASPS_19677,0.6237623691558838
DBAASPS_19678,0.5049505233764648
DBAASPS_19679,0.801980197429657
DBAASPS_19680,0.6435643434524536
DBAASPS_19681,0.6435643434524536
DBAASPS_19682,0.6237623691558838
DBAASPS_19683,0.8118811845779419
DBAASPS_19684,0.8316831588745117
DBAASPS_19685,0.7920792102813721
DBAASPS_19686,0.7029702663421631
DBAASPS_19688,0.8217821717262268
DBAASPS_19690,0.8316831588745117
DBAASPS_19691,0.8085808753967285
DBAASPS_19692,0.7986798882484436
DBAASPS_19693,0.7920792102813721
DBAASPS_19694,0.8184818625450134
DBAASPS_19695,0.7623762488365173
DBAASPS_19696,0.8184818625450134
DBAASPS_19697,0.8382838368415833
DBAASPS_19698,0.7821782231330872
DBAASPS_19699,0.7326732873916626
DBAASPS_19700,0.7227722406387329
DBAASPN_19717,0.34653472900390625
DBAASPS_19729,0.20792090892791748
DBAASPS_19730,0.5841584205627441
DBAASPS_19731,0.5445544719696045
DBAASPS_19732,0.5544554591178894
DBAASPS_19733,0.5346535444259644
DBAASPN_19772,0.5643564462661743
DBAASPS_19775,0.4554455876350403
DBAASPS_19776,0.7821782231330872
DBAASPS_19777,0.7128713130950928
DBAASPS_19782,0.42574262619018555
DBAASPS_19783,0.5643564462661743
DBAASPS_19784,0.6237623691558838
DBAASPS_19785,0.5346534848213196
DBAASPS_19786,0.603960394859314
DBAASPS_19787,0.4752475619316101
DBAASPS_19818,0.49504953622817993
DBAASPS_19819,0.5445544719696045
DBAASPS_19820,0.5445544719696045
DBAASPS_19821,0.7029702663421631
DBAASPS_19825,0.6831682920455933
DBAASPS_19826,0.7425742745399475
DBAASPS_19827,0.6831682920455933
DBAASPS_19828,0.6732673645019531
DBAASPS_19829,0.2574259042739868
DBAASPS_19831,0.3267327547073364
DBAASPS_19832,0.376237690448761
DBAASPS_19833,0.2970297336578369
DBAASPS_19834,0.20792090892791748
DBAASPS_19835,0.35643571615219116
DBAASPS_19842,0.24752485752105713
DBAASPS_19843,0.3168318271636963
DBAASPS_19844,0.5346535444259644
DBAASPS_19845,0.5544554591178894
DBAASPS_19846,0.376237690448761
DBAASPS_19847,0.6534653902053833
DBAASPS_19848,0.5049505233764648
DBAASPS_19849,0.49504953622817993
DBAASPS_19850,0.4950495958328247
DBAASPS_19851,0.6336634159088135
DBAASPS_19852,0.6336634159088135
DBAASPS_19853,0.5841584205627441
DBAASPS_19854,0.5841584205627441
DBAASPS_19855,0.7722772359848022
DBAASPS_19856,0.7029702663421631
DBAASPS_19857,0.6732673645019531
DBAASPS_19858,0.6534653902053833
DBAASPS_19859,0.6534653902053833
DBAASPS_19860,0.9009901285171509
DBAASPS_19861,0.7227722406387329
DBAASPS_19862,0.6732673645019531
DBAASPS_19863,0.6534653902053833
DBAASPS_19864,0.6831682920455933
DBAASPS_19865,0.7623762488365173
DBAASPS_19866,0.8712871074676514
DBAASPS_19867,0.6633663773536682
DBAASPS_19869,0.7722772359848022
DBAASPS_19870,0.4059406518936157
DBAASPS_19871,0.8217821717262268
DBAASPS_19872,0.6732673645019531
DBAASPS_19873,0.7623762488365173
DBAASPS_19874,0.8712871074676514
DBAASPS_19875,0.8613861799240112
DBAASPS_19876,0.8910890817642212
DBAASPS_19877,0.8415841460227966
DBAASPS_19878,0.8118811845779419
DBAASPS_19879,0.8910890817642212
DBAASPS_19880,0.9207921028137207
DBAASPS_19881,0.8811880946159363
DBAASPS_19882,0.8712871074676514
DBAASPS_19883,0.8415841460227966
DBAASPS_19884,0.8415841460227966
DBAASPS_19885,0.8118811845779419
DBAASPS_19886,0.8910890817642212
DBAASPS_19887,0.910891056060791
DBAASPS_19888,0.8712871074676514
DBAASPR_19889,0.1980198621749878
DBAASPS_19890,0.7623762488365173
DBAASPN_19893,0.42574262619018555
DBAASPS_19895,0.7821782231330872
DBAASPS_19896,0.5643564462661743
DBAASPS_19897,0.7524752616882324
DBAASPS_19898,0.8910890817642212
DBAASPS_19899,0.6435643434524536
DBAASPS_19900,0.6633663177490234
DBAASPS_19901,0.7722772359848022
DBAASPS_19902,0.7227722406387329
DBAASPS_19903,0.7029702663421631
DBAASPS_19904,0.603960394859314
DBAASPS_19905,0.6534653902053833
DBAASPS_19906,0.7623762488365173
DBAASPS_19907,0.8316831588745117
DBAASPS_19908,0.8415841460227966
DBAASPS_19909,0.8316831588745117
DBAASPS_19910,0.5940594673156738
DBAASPS_19911,0.9009901285171509
DBAASPS_19912,0.7326732873916626
DBAASPS_19913,0.7524752616882324
DBAASPS_19914,0.8712871074676514
DBAASPS_19915,0.6782178282737732
DBAASPS_19916,0.7227722406387329
DBAASPS_19917,0.5445544719696045
DBAASPS_19918,0.6831682920455933
DBAASPS_19919,0.5940594673156738
DBAASPS_19920,0.7128713130950928
DBAASPS_19921,0.41584163904190063
DBAASPS_19922,0.7128713130950928
DBAASPS_19935,0.3861386775970459
DBAASPS_19936,0.5049505233764648
DBAASPS_19937,0.5049505233764648
DBAASPS_19938,0.5445544719696045
DBAASPS_19939,0.5841584205627441
DBAASPS_19940,0.4653465747833252
DBAASPS_19941,0.4653465747833252
DBAASPS_19942,0.49504953622817993
DBAASPS_19943,0.5643564462661743
DBAASPS_19944,0.49504953622817993
DBAASPS_19945,0.5049505233764648
DBAASPS_19946,0.5346535444259644
DBAASPS_19947,0.44554460048675537
DBAASPS_19948,0.4554455876350403
DBAASPS_19949,0.7425742745399475
DBAASPS_19950,0.7128713130950928
DBAASPS_19951,0.7524752616882324
DBAASPS_19955,0.3069307804107666
DBAASPS_19957,0.36237633228302
DBAASPS_19962,0.9306930899620056
DBAASPS_19963,0.7128713130950928
DBAASPR_19989,0.39273935556411743
DBAASPS_19991,0.9702970385551453
DBAASPS_19992,0.9801980257034302
DBAASPS_19994,0.7425742745399475
DBAASPS_19995,0.3168318271636963
DBAASPS_19996,0.7128713130950928
DBAASPS_20001,0.44554460048675537
DBAASPS_20002,0.26732683181762695
DBAASPS_20003,0.3069307804107666
DBAASPS_20004,0.4752475619316101
DBAASPS_20005,0.7425742149353027
DBAASPS_20006,0.7326732873916626
DBAASPS_20007,0.8811880946159363
DBAASPS_20008,0.8118811845779419
DBAASPS_20009,0.881188154220581
DBAASPS_20010,0.8613861203193665
DBAASPS_20011,0.9009901285171509
DBAASPS_20012,0.8712871074676514
DBAASPS_20013,0.8910890817642212
DBAASPS_20014,0.8514851331710815
DBAASPS_20015,0.801980197429657
DBAASPS_20016,0.6237623691558838
DBAASPS_20017,0.6138614416122437
DBAASPS_20018,0.43564361333847046
DBAASPS_20019,0.5445544719696045
DBAASPS_20020,0.4554455876350403
DBAASPS_20035,0.1584160327911377
DBAASPS_20036,0.21782195568084717
DBAASPS_20040,0.603960394859314
DBAASPS_20041,0.6534653902053833
DBAASPS_20042,0.6336634159088135
DBAASPS_20043,0.6336634159088135
DBAASPS_20044,0.693069338798523
DBAASPS_20045,0.574257493019104
DBAASPS_20054,0.6237623691558838
DBAASPS_20055,0.6633663177490234
DBAASPS_20056,0.6534653902053833
DBAASPS_20057,0.6633663177490234
DBAASPS_20058,0.6237623691558838
DBAASPS_20059,0.6633663177490234
DBAASPS_20060,0.6633663177490234
DBAASPS_20061,0.6831682920455933
DBAASPS_20062,0.4554455876350403
DBAASPS_20065,0.26732683181762695
DBAASPS_20066,0.2871288061141968
DBAASPR_20067,0.18811893463134766
DBAASPS_20068,0.2277228832244873
DBAASPS_20069,0.3267327547073364
DBAASPS_20070,0.237623929977417
DBAASPS_20075,0.6435643434524536
DBAASPS_20076,0.6732673645019531
DBAASPS_20077,0.6732673645019531
DBAASPS_20078,0.6831682920455933
DBAASPS_20079,0.7425742745399475
DBAASPS_20080,0.6534653902053833
DBAASPS_20081,0.603960394859314
DBAASPR_20089,0.20792090892791748
DBAASPR_20090,0.04950511455535889
DBAASPR_20091,0.05940604209899902
DBAASPR_20092,0.04950511455535889
DBAASPR_20093,0.019802093505859375
DBAASPR_20099,0.5643564462661743
DBAASPS_20100,0.2970297336578369
DBAASPS_20101,0.42574262619018555
DBAASPR_20102,0.5445544719696045
DBAASPS_20103,0.6138613820075989
DBAASPR_20104,0.4554455876350403
DBAASPS_20105,0.376237690448761
DBAASPS_20106,0.5940594673156738
DBAASPR_20107,0.603960394859314
DBAASPR_20108,0.44554460048675537
DBAASPS_20115,0.5841584205627441
DBAASPS_20116,0.5445544719696045
DBAASPS_20117,0.603960394859314
DBAASPS_20118,0.485148549079895
DBAASPS_20120,0.8118811845779419
DBAASPS_20121,0.801980197429657
DBAASPS_20122,0.7821782231330872
DBAASPS_20123,0.5940594673156738
DBAASPS_20124,0.4579208493232727
DBAASPS_20130,0.34900999069213867
DBAASPS_20134,0.8316831588745117
DBAASPS_20136,0.7128713130950928
DBAASPS_20137,0.7425742745399475
DBAASPS_20141,0.693069338798523
DBAASPS_20142,0.8217821717262268
DBAASPS_20143,0.8217821717262268
DBAASPS_20144,0.7425742745399475
DBAASPS_20145,0.7722772359848022
DBAASPS_20146,0.8217821717262268
DBAASPS_20147,0.881188154220581
DBAASPS_20148,0.7425742745399475
DBAASPS_20149,0.9207921028137207
DBAASPS_20150,0.7920792102813721
DBAASPS_20151,0.6732673645019531
DBAASPS_20152,0.801980197429657
DBAASPS_20153,0.7722772359848022
DBAASPS_20154,0.7920792102813721
DBAASPS_20155,0.7920792102813721
DBAASPS_20156,0.801980197429657
DBAASPS_20157,0.7623762488365173
DBAASPS_20162,0.22277235984802246
DBAASPS_20163,0.029703140258789062
DBAASPS_20164,0.12871301174163818
DBAASPS_20165,0.4752475619316101
DBAASPR_20166,0.5544554591178894
DBAASPR_20167,0.6534653902053833
DBAASPR_20168,0.3267327547073364
DBAASPR_20169,0.3663367033004761
DBAASPS_20170,0.5445544719696045
DBAASPS_20171,0.5841584205627441
DBAASPS_20172,0.4554455876350403
DBAASPS_20173,0.8613861203193665
DBAASPS_20174,0.8910890817642212
DBAASPS_20175,0.9207921028137207
DBAASPS_20176,0.6138614416122437
DBAASPS_20177,0.376237690448761
DBAASPS_20178,0.5643564462661743
DBAASPS_20179,0.7326732873916626
DBAASPS_20180,0.5148515105247498
DBAASPS_20181,0.603960394859314
DBAASPS_20182,0.594059407711029
DBAASPS_20183,0.485148549079895
DBAASPS_20184,0.6534653902053833
DBAASPS_20185,0.6237623691558838
DBAASPS_20186,0.4554455876350403
DBAASPS_20188,0.5841584205627441
DBAASPS_20189,0.6138613820075989
DBAASPS_20190,0.693069338798523
DBAASPS_20191,0.4752475619316101
DBAASPS_20192,0.3861386775970459
DBAASPS_20193,0.693069338798523
DBAASPS_20194,0.5445544719696045
DBAASPS_20213,0.7029703259468079
DBAASPS_20214,0.7623762488365173
DBAASPS_20218,0.7029702663421631
DBAASPS_20221,0.6732673645019531
DBAASPS_20224,0.7920792102813721
DBAASPS_20225,0.7524752616882324
DBAASPS_20226,0.7524752616882324
DBAASPS_20227,0.7227722406387329
DBAASPR_20238,0.10891103744506836
DBAASPS_20239,0.5544554591178894
DBAASPS_20240,0.5940594673156738
DBAASPS_20241,0.6138614416122437
DBAASPS_20242,0.4752475619316101
DBAASPS_20243,0.43564361333847046
DBAASPS_20244,0.42574262619018555
DBAASPS_20245,0.44554460048675537
DBAASPS_20246,0.35643571615219116
DBAASPS_20247,0.34653472900390625
DBAASPS_20248,0.6732673645019531
DBAASPS_20250,0.7722772359848022
DBAASPS_20251,0.7623761892318726
DBAASPS_20252,0.8613861203193665
DBAASPS_20253,0.7590758800506592
DBAASPS_20254,0.7590758800506592
DBAASPS_20255,0.7128713130950928
DBAASPS_20256,0.4752475619316101
DBAASPS_20257,0.5247524976730347
DBAASPS_20258,0.44554460048675537
DBAASPS_20259,0.4554455876350403
DBAASPS_20260,0.3168318271636963
DBAASPS_20261,0.5643564462661743
DBAASPS_20262,0.33663374185562134
DBAASPS_20263,0.7227722406387329
DBAASPS_20264,0.3861386775970459
DBAASPS_20265,0.7821782231330872
DBAASPS_20266,0.8910890817642212
DBAASPS_20267,0.8910890817642212
DBAASPS_20268,0.9405940771102905
DBAASPS_20269,0.7920792102813721
DBAASPS_20270,0.7425742745399475
DBAASPS_20271,0.910891056060791
DBAASPS_20277,0.6336634159088135
DBAASPS_20279,0.42574262619018555
DBAASPS_20280,0.4059406518936157
DBAASPS_20281,0.574257493019104
DBAASPS_20282,0.6336634159088135
DBAASPS_20283,0.5346535444259644
DBAASPS_20284,0.5049505233764648
DBAASPS_20291,0.5841584205627441
DBAASPS_20292,0.7029702663421631
DBAASPS_20293,0.801980197429657
DBAASPS_20294,0.7425742745399475
DBAASPR_20296,0.09900999069213867
DBAASPS_20300,0.7326732873916626
DBAASPS_20301,0.5544554591178894
DBAASPS_20302,0.5346534848213196
DBAASPS_20303,0.6336634159088135
DBAASPS_20304,0.6237623691558838
DBAASPS_20305,0.5049505233764648
DBAASPS_20306,0.5049505233764648
DBAASPS_20307,0.9009901285171509
DBAASPS_20308,0.5544554591178894
DBAASPS_20309,0.8118811845779419
DBAASPS_20310,0.603960394859314
DBAASPS_20311,0.7425742149353027
DBAASPS_20312,0.7029702663421631
DBAASPR_20313,0.13861393928527832
DBAASPS_20322,0.7227722406387329
DBAASPS_20324,0.6336633563041687
DBAASPS_20326,0.7920792102813721
DBAASPS_20327,0.4059406518936157
DBAASPS_20328,0.8316831588745117
DBAASPS_20329,0.693069338798523
DBAASPS_20330,0.5841584205627441
DBAASPS_20331,0.10891103744506836
DBAASPS_20332,0.5247524976730347
DBAASPS_20333,0.24752485752105713
DBAASPS_20334,0.5049505233764648
DBAASPS_20335,0.5544555187225342
DBAASPS_20336,0.2871288061141968
DBAASPS_20338,0.6435644030570984
DBAASPS_20339,0.7227722406387329
DBAASPS_20340,0.7029702663421631
DBAASPS_20341,0.6237624287605286
DBAASPR_20342,0.4950495958328247
DBAASPR_20343,0.7326732873916626
DBAASPR_20344,0.6633663177490234
DBAASPR_20345,0.7128713130950928
DBAASPR_20346,0.6732673645019531
DBAASPS_20350,0.7722772359848022
DBAASPS_20351,0.29702985286712646
DBAASPS_20353,0.5247524976730347
DBAASPS_20354,0.33663368225097656
DBAASPS_20355,0.2871288061141968
DBAASPS_20356,0.5445544719696045
DBAASPS_20357,0.3960396647453308
DBAASPS_20358,0.27722787857055664
DBAASPS_20359,0.3861386775970459
DBAASPS_20360,0.6237623691558838
DBAASPS_20361,0.5445544719696045
DBAASPS_20362,0.5940594673156738
DBAASPS_20363,0.4059406518936157
DBAASPS_20364,0.3168318271636963
DBAASPS_20365,0.603960394859314
DBAASPS_20366,0.603960394859314
DBAASPS_20367,0.41584163904190063
DBAASPS_20368,0.6732673048973083
DBAASPS_20369,0.3960396647453308
DBAASPS_20370,0.6633663177490234
DBAASPS_20371,0.49504953622817993
DBAASPS_20372,0.7029703259468079
DBAASPS_20373,0.7227723002433777
DBAASPS_20374,0.6336634159088135
DBAASPS_20375,0.4752475619316101
DBAASPS_20376,0.7029702663421631
DBAASPS_20377,0.376237690448761
DBAASPS_20378,0.42574262619018555
DBAASPS_20379,0.6138614416122437
DBAASPS_20380,0.41584163904190063
DBAASPS_20386,0.8811880946159363
DBAASPS_20388,0.7227722406387329
DBAASPS_20389,0.9207921028137207
DBAASPS_20394,0.574257493019104
DBAASPS_20398,0.42574262619018555
DBAASPS_20399,0.5940594673156738
DBAASPS_20400,0.5396039485931396
DBAASPS_20402,0.8910890817642212
DBAASPS_20403,0.7425742745399475
DBAASPS_20410,0.7029702663421631
DBAASPS_20428,0.7227723002433777
DBAASPS_20441,0.6633663177490234
DBAASPS_20450,0.801980197429657
DBAASPS_20457,0.801980197429657
DBAASPS_20458,0.13861393928527832
DBAASPS_20460,0.237623929977417
DBAASPS_20461,0.18811893463134766
DBAASPS_20462,0.09901010990142822
DBAASPS_20481,0.7722772359848022
DBAASPS_20482,0.7326732873916626
DBAASPS_20483,0.6534653902053833
DBAASPS_20485,0.6336634159088135
DBAASPS_20486,0.801980197429657
DBAASPS_20489,0.8712871074676514
DBAASPS_20492,0.603960394859314
DBAASPS_20493,0.4752475619316101
DBAASPS_20494,0.3960396647453308
DBAASPS_20495,0.5544554591178894
DBAASPS_20496,0.41584163904190063
DBAASPS_20497,0.801980197429657
DBAASPS_20498,0.43564361333847046
DBAASPS_20499,0.3663367033004761
DBAASPS_20500,0.4554455876350403
DBAASPS_20501,0.6963696479797363
DBAASPS_20502,0.7326732873916626
DBAASPS_20503,0.8118811845779419
DBAASPS_20504,0.7029703259468079
DBAASPS_20511,0.21782195568084717
DBAASPR_20514,0.12871301174163818
DBAASPS_20515,0.7623762488365173
DBAASPR_20521,0.06930708885192871
DBAASPR_20522,0.08910906314849854
DBAASPR_20523,0.1188119649887085
DBAASPS_20524,0.148514986038208
DBAASPS_20535,0.44554460048675537
DBAASPS_20536,0.49504953622817993
DBAASPS_20537,0.3069307804107666
DBAASPS_20538,1.1920928955078125e-07
DBAASPS_20539,0.6336634159088135
DBAASPS_20540,0.49504953622817993
DBAASPS_20541,0.6336634159088135
DBAASPS_20542,0.7623762488365173
DBAASPS_20543,0.693069338798523
DBAASPS_20544,0.6336634159088135
DBAASPS_20557,0.5247524976730347
DBAASPS_20558,0.5445544719696045
DBAASPS_20559,0.6534653902053833
DBAASPS_20560,0.6237623691558838
DBAASPS_20561,0.7029702663421631
DBAASPS_20562,0.5940594673156738
DBAASPS_20565,0.6237623691558838
DBAASPS_20566,0.6138613820075989
DBAASPS_20567,0.6336633563041687
DBAASPS_20568,0.693069338798523
DBAASPS_20569,0.7128713130950928
DBAASPS_20570,0.6732673645019531
DBAASPS_20571,0.5643564462661743
DBAASPS_20572,0.7128713130950928
DBAASPS_20573,0.7128713130950928
DBAASPS_20574,0.6534653902053833
DBAASPS_20575,0.5841584205627441
DBAASPS_20576,0.574257493019104
DBAASPS_20577,0.594059407711029
DBAASPS_20578,0.7524752616882324
DBAASPS_20579,0.6633663177490234
DBAASPS_20584,0.693069338798523
DBAASPS_20585,0.7920792102813721
DBAASPS_20588,0.4653465747833252
DBAASPS_20589,0.5346534848213196
DBAASPS_20595,0.7524752616882324
DBAASPS_20596,0.7029702663421631
DBAASPS_20597,0.5544555187225342
DBAASPS_20605,0.6138614416122437
DBAASPS_20607,0.6435643434524536
DBAASPS_20608,0.4752475619316101
DBAASPS_20609,0.5643564462661743
DBAASPS_20610,0.49504953622817993
DBAASPS_20616,0.7425742745399475
DBAASPS_20628,0.8118811845779419
DBAASPS_20629,0.8217821717262268
DBAASPS_20630,0.8118811845779419
DBAASPS_20631,0.8118811845779419
DBAASPS_20632,0.8316831588745117
DBAASPR_20642,0.08910906314849854
DBAASPR_20643,0.06930708885192871
DBAASPN_20644,0.03960418701171875
DBAASPS_20645,0.44554460048675537
DBAASPS_20646,0.5247524976730347
DBAASPS_20647,0.6435643434524536
DBAASPS_20692,0.8316831588745117
DBAASPS_20693,0.7326732873916626
DBAASPS_20694,0.6633663177490234
DBAASPS_20695,0.3960396647453308
DBAASPS_20696,0.693069338798523
DBAASPS_20697,0.43564361333847046
DBAASPS_20699,0.35643571615219116
DBAASPS_20700,0.5544555187225342
DBAASPS_20703,0.04950511455535889
DBAASPS_20717,0.12871301174163818
DBAASPS_20718,0.0396040678024292
DBAASPS_20722,0.42574262619018555
DBAASPS_20723,0.11881208419799805
DBAASPS_20724,0.376237690448761
DBAASPS_20726,0.910891056060791
DBAASPS_20727,0.9009901285171509
DBAASPS_20728,0.8415841460227966
DBAASPS_20729,0.9207921028137207
DBAASPS_20730,0.603960394859314
DBAASPS_20753,0.8613861799240112
DBAASPS_20754,0.8613861799240112
DBAASPS_20755,0.8910890817642212
DBAASPS_20756,0.8910890817642212
DBAASPS_20757,0.910891056060791
DBAASPS_20758,0.8514851331710815
DBAASPS_20759,0.8514851331710815
DBAASPS_20760,0.8415841460227966
DBAASPS_20761,0.8415841460227966
DBAASPS_20762,0.8712871074676514
DBAASPS_20764,0.9108911156654358
DBAASPS_20765,0.8712871074676514
DBAASPS_20766,0.8712871074676514
DBAASPS_20767,0.8613861799240112
DBAASPS_20768,0.44554460048675537
DBAASPS_20769,0.3267327547073364
DBAASPS_20770,0.24752485752105713
DBAASPS_20771,0.7425742149353027
DBAASPS_20772,0.7920792102813721
DBAASPS_20773,0.5841584205627441
DBAASPR_20796,0.3960396647453308
DBAASPR_20798,0.059406161308288574
DBAASPS_20801,0.41584163904190063
DBAASPS_20802,0.3267327547073364
DBAASPS_20803,0.6534653306007385
DBAASPS_20804,0.4306931495666504
DBAASPS_20805,0.5049505233764648
DBAASPS_20806,0.12871301174163818
DBAASPS_20807,0.34653472900390625
DBAASPS_20808,0.3861386775970459
DBAASPS_20809,0.2986799478530884
DBAASPR_20811,0.9900990128517151
DBAASPS_20813,0.5643564462661743
DBAASPS_20814,0.7227722406387329
DBAASPS_20815,0.9075907468795776
DBAASPS_20818,0.6732673645019531
DBAASPS_20819,0.5940594673156738
DBAASPS_20820,0.6732673645019531
DBAASPS_20824,0.7029702663421631
DBAASPS_20826,0.7524752616882324
DBAASPS_20827,0.7425742745399475
DBAASPN_20828,0.5049505233764648
DBAASPN_20829,0.5544554591178894
DBAASPS_20834,0.693069338798523
DBAASPS_20836,0.41584163904190063
DBAASPS_20837,0.7227723002433777
DBAASPS_20838,0.6435643434524536
DBAASPS_20839,0.693069338798523
DBAASPS_20840,0.6831682920455933
DBAASPS_20841,0.6435643434524536
DBAASPS_20842,0.6534653902053833
DBAASPS_20843,0.7623762488365173
DBAASPS_20844,0.8712871074676514
DBAASPS_20853,0.6633663177490234
DBAASPS_20854,0.6633663177490234
DBAASPS_20855,0.6534653902053833
DBAASPS_20856,0.6534653902053833
DBAASPS_20870,0.24752485752105713
DBAASPS_20884,0.7524752616882324
DBAASPS_20885,0.6237623691558838
DBAASPS_20889,0.7326732873916626
DBAASPS_20890,0.7029703259468079
DBAASPS_20900,0.485148549079895
DBAASPS_20901,0.4653465747833252
DBAASPS_20902,0.44554460048675537
DBAASPS_20903,0.8712871074676514
DBAASPS_20929,0.6336634159088135
DBAASPS_20930,0.8118811845779419
DBAASPS_20931,0.6633663177490234
DBAASPS_20932,0.5346534848213196
DBAASPS_20933,0.7227723002433777
DBAASPS_20934,0.7524752616882324
DBAASPS_20938,0.881188154220581
DBAASPS_20941,0.4059406518936157
DBAASPS_20942,0.4504951238632202
DBAASPS_20943,0.603960394859314
DBAASPS_20944,0.3366338014602661
DBAASPS_20945,0.4554455876350403
DBAASPS_20946,0.5049505233764648
DBAASPS_20947,0.7046204805374146
DBAASPS_20948,0.20792090892791748
DBAASPS_20949,0.6831682920455933
DBAASPS_20950,0.6848185062408447
DBAASPS_20952,0.7128713130950928
DBAASPS_20953,0.7227723002433777
DBAASPS_20958,0.7128713130950928
DBAASPS_20959,0.7326732873916626
DBAASPS_20960,0.6237623691558838
DBAASPS_20961,0.6138614416122437
DBAASPS_20962,0.7029702663421631
DBAASPS_20963,0.683168351650238
DBAASPS_20964,0.7128713130950928
DBAASPS_20965,0.8514851331710815
DBAASPS_20966,0.7227722406387329
DBAASPS_20967,0.7326732873916626
DBAASPN_20972,0.2277228832244873
DBAASPS_20979,0.603960394859314
DBAASPS_20983,0.7227723002433777
DBAASPS_21003,0.5643564462661743
DBAASPS_21004,0.5445544719696045
DBAASPS_21005,0.5445544719696045
DBAASPS_21006,0.5049505233764648
DBAASPS_21007,0.5346534848213196
DBAASPS_21008,0.44554460048675537
DBAASPS_21009,0.4059406518936157
DBAASPS_21010,0.4653465747833252
DBAASPS_21011,0.4653465747833252
DBAASPS_21012,0.44554460048675537
DBAASPN_21016,0.148514986038208
DBAASPS_21029,0.6534653902053833
DBAASPS_21030,0.7128713130950928
DBAASPS_21031,0.594059407711029
DBAASPS_21032,0.5841584205627441
DBAASPS_21033,0.5643564462661743
DBAASPR_21035,0.5841584205627441
DBAASPS_21036,0.6633663177490234
DBAASPS_21040,0.44554460048675537
DBAASPS_21041,0.3960396647453308
DBAASPS_21042,0.3861386775970459
DBAASPS_21043,0.26732683181762695
DBAASPS_21044,0.4554455876350403
DBAASPS_21045,0.3960396647453308
DBAASPS_21046,0.4059406518936157
DBAASPS_21049,0.7029703259468079
DBAASPS_21050,0.7920792102813721
DBAASPS_21051,0.7821782231330872
DBAASPS_21052,0.801980197429657
DBAASPS_21053,0.6138614416122437
DBAASPS_21055,0.7425742745399475
DBAASPS_21056,0.801980197429657
DBAASPS_21057,0.8712871074676514
DBAASPS_21058,0.9306930899620056
DBAASPS_21059,0.8415841460227966
DBAASPS_21068,0.881188154220581
DBAASPS_21073,0.4752475619316101
DBAASPS_21074,0.33663368225097656
DBAASPS_21076,0.7920792102813721
DBAASPS_21077,0.6732673645019531
DBAASPS_21078,0.8217822313308716
DBAASPS_21079,0.7128713130950928
DBAASPS_21080,0.485148549079895
DBAASPS_21081,0.7920792102813721
DBAASPS_21112,0.693069338798523
DBAASPS_21114,0.8316831588745117
DBAASPS_21116,0.693069338798523
DBAASPS_21118,0.8613861203193665
DBAASPS_21133,0.7920792102813721
DBAASPN_21134,0.485148549079895
DBAASPN_21135,0.4653465747833252
DBAASPN_21136,0.4653465747833252
DBAASPR_21138,0.10891103744506836
DBAASPN_21150,0.35643571615219116
DBAASPN_21151,0.35643571615219116
DBAASPN_21154,0.376237690448761
DBAASPN_21158,0.029703140258789062
DBAASPS_21161,0.148514986038208
DBAASPS_21162,0.5049505233764648
DBAASPS_21163,0.42574262619018555
DBAASPS_21164,0.801980197429657
DBAASPS_21165,0.6633663177490234
DBAASPS_21166,0.7920792102813721
DBAASPS_21172,0.7326732873916626
DBAASPS_21173,0.7821782231330872
DBAASPS_21174,0.6534653902053833
DBAASPS_21175,0.6336634159088135
DBAASPS_21176,0.7029703259468079
DBAASPS_21177,0.7425742745399475
DBAASPS_21179,0.7722772359848022
DBAASPS_21181,0.603960394859314
DBAASPS_21182,0.6831682920455933
DBAASPR_21185,0.17821800708770752
DBAASPR_21188,0.20792090892791748
DBAASPS_21190,0.6237623691558838
DBAASPS_21191,0.5247524976730347
DBAASPS_21192,0.7227722406387329
DBAASPS_21193,0.693069338798523
DBAASPS_21194,0.7029702663421631
DBAASPS_21195,0.7524752616882324
DBAASPS_21196,0.8712871074676514
DBAASPS_21197,0.8613861799240112
DBAASPS_21198,0.7623762488365173
DBAASPS_21199,0.376237690448761
DBAASPS_21200,0.3663367033004761
DBAASPS_21201,0.2772277593612671
DBAASPS_21202,0.3267327547073364
DBAASPS_21203,0.18811893463134766
DBAASPS_21204,0.10891103744506836
DBAASPS_21216,0.693069338798523
DBAASPS_21217,0.7128713130950928
DBAASPS_21230,0.881188154220581
DBAASPS_21232,0.7227722406387329
DBAASPS_21233,0.9207921028137207
DBAASPS_21234,0.8910890817642212
DBAASPS_21237,0.9603960514068604
DBAASPS_21238,0.7029702663421631
DBAASPS_21240,0.9603960514068604
DBAASPS_21241,0.5544555187225342
DBAASPS_21243,0.9801980257034302
DBAASPR_21248,0.1584160327911377
DBAASPR_21249,0.16831696033477783
DBAASPR_21251,0.3861386775970459
DBAASPR_21253,0.7524752616882324
DBAASPR_21254,0.594059407711029
DBAASPR_21255,0.8316831588745117
DBAASPR_21256,0.5544555187225342
DBAASPR_21266,0.1584160327911377
DBAASPR_21267,0.1188119649887085
DBAASPS_21268,0.7128713130950928
DBAASPS_21270,0.6336634159088135
DBAASPS_21272,0.3861386775970459
DBAASPS_21277,0.6534653902053833
DBAASPS_21278,0.693069338798523
DBAASPS_21279,0.6831682920455933
DBAASPS_21280,0.13861393928527832
DBAASPS_21281,0.29702985286712646
DBAASPS_21282,0.485148549079895
DBAASPS_21283,0.3168317675590515
DBAASPS_21284,0.5445544719696045
DBAASPS_21285,0.485148549079895
DBAASPS_21289,0.7524752616882324
DBAASPS_21290,0.3267327547073364
DBAASPS_21301,0.7227722406387329
DBAASPS_21302,0.7722772359848022
DBAASPS_21303,0.8415841460227966
DBAASPS_21304,0.8217821717262268
DBAASPS_21305,0.5049505233764648
DBAASPS_21306,0.40099018812179565
DBAASPS_21307,0.3960396647453308
DBAASPS_21309,0.6732673645019531
DBAASPS_21310,0.6534653902053833
DBAASPS_21311,0.7425742149353027
DBAASPS_21312,0.7029702663421631
DBAASPS_21313,0.7722772359848022
DBAASPS_21314,0.693069338798523
DBAASPS_21320,0.20792090892791748
DBAASPS_21321,0.41584163904190063
DBAASPS_21322,0.3366338014602661
DBAASPS_21323,0.21782195568084717
DBAASPR_21324,0.04950511455535889
DBAASPS_21325,0.06930708885192871
DBAASPS_21330,0.3168318271636963
DBAASPS_21331,0.5544554591178894
DBAASPS_21332,0.5148515701293945
DBAASPS_21333,0.4554455876350403
DBAASPS_21334,0.34653472900390625
DBAASPS_21335,0.9207921028137207
DBAASPS_21336,0.8910890817642212
DBAASPR_21337,0.9801980257034302
DBAASPS_21338,0.9009901285171509
DBAASPS_21339,0.8514851331710815
DBAASPS_21409,0.6732673645019531
DBAASPR_21410,0.7425742745399475
DBAASPS_21413,0.9207921028137207
DBAASPS_21445,0.0396040678024292
DBAASPS_21446,0.6138613820075989
DBAASPS_21447,0.7722772359848022
DBAASPS_21448,0.16831696033477783
DBAASPS_21449,0.13861393928527832
DBAASPS_21452,0.27722787857055664
DBAASPS_21453,0.3069307804107666
DBAASPS_21454,0.6435643434524536
DBAASPS_21455,0.8217821717262268
DBAASPS_21456,0.8217821717262268
DBAASPS_21457,0.7128713130950928
DBAASPS_21458,0.6633663177490234
DBAASPS_21459,0.7128713130950928
DBAASPS_21460,0.6237623691558838
DBAASPS_21461,0.6138614416122437
DBAASPS_21462,0.6435643434524536
DBAASPS_21463,0.15841591358184814
DBAASPS_21464,0.5148515105247498
DBAASPS_21465,0.3960396647453308
DBAASPS_21466,0.2871288061141968
DBAASPS_21467,0.5643564462661743
DBAASPS_21468,0.6633663177490234
DBAASPR_21469,0.17821788787841797
DBAASPS_21472,0.6435643434524536
DBAASPS_21473,0.9405940771102905
DBAASPS_21474,0.9504950642585754
DBAASPR_21475,0.2871288061141968
DBAASPR_21476,0.10891103744506836
DBAASPR_21477,0.3267327547073364
DBAASPR_21478,0.09900999069213867
DBAASPR_21479,0.2574259042739868
DBAASPR_21480,0.4950495958328247
DBAASPR_21481,0.009901165962219238
DBAASPR_21482,0.06930708885192871
DBAASPS_21483,0.801980197429657
DBAASPS_21484,0.9504950642585754
DBAASPS_21485,0.9009901285171509
DBAASPS_21486,0.8712871074676514
DBAASPS_21487,0.7029702663421631
DBAASPR_21488,0.17821800708770752
DBAASPR_21489,0.10891103744506836
DBAASPR_21490,0.17821800708770752
DBAASPR_21491,0.2871288061141968
DBAASPR_21492,0.06930708885192871
DBAASPR_21493,0.06930708885192871
DBAASPR_21494,0.12871301174163818
DBAASPR_21497,0.44554460048675537
DBAASPR_21498,0.41584163904190063
DBAASPR_21499,0.03960418701171875
DBAASPR_21500,0.8415841460227966
DBAASPR_21501,0.41584163904190063
DBAASPS_21504,0.5841584205627441
DBAASPS_21505,0.801980197429657
DBAASPN_21506,0.44554460048675537
DBAASPR_21517,0.5940594673156738
DBAASPR_21518,0.6435643434524536
DBAASPR_21522,0.09900999069213867
DBAASPR_21523,0.485148549079895
DBAASPS_21526,0.3861386775970459
DBAASPS_21527,0.21782183647155762
DBAASPS_21528,0.15346550941467285
DBAASPS_21529,0.4752475619316101
DBAASPS_21530,0.18811893463134766
DBAASPS_21531,0.20792090892791748
DBAASPS_21532,0.06930708885192871
DBAASPS_21533,0.594059407711029
DBAASPS_21534,0.3663367033004761
DBAASPS_21535,0.485148549079895
DBAASPS_21536,0.33663374185562134
DBAASPS_21537,0.7227722406387329
DBAASPS_21538,0.05940604209899902
DBAASPS_21551,0.7524752616882324
DBAASPS_21552,0.8712871074676514
DBAASPS_21553,0.801980197429657
DBAASPS_21554,0.8613861203193665
DBAASPS_21578,0.8118811845779419
DBAASPS_21579,0.8415842056274414
DBAASPS_21580,0.5841584205627441
DBAASPS_21581,0.8316831588745117
DBAASPS_21585,0.7821782231330872
DBAASPS_21586,0.7128713130950928
DBAASPS_21587,0.7920792102813721
DBAASPN_21588,0.24752485752105713
DBAASPS_21613,0.2970297336578369
DBAASPS_21615,0.7623761892318726
DBAASPS_21616,0.7425742745399475
DBAASPS_21617,0.8514851331710815
DBAASPS_21618,0.9306930899620056
DBAASPS_21619,0.7128713130950928
DBAASPS_21620,0.8316831588745117
DBAASPS_21621,0.8910890817642212
DBAASPS_21622,0.8910890817642212
DBAASPS_21623,0.574257493019104
DBAASPS_21624,0.148514986038208
DBAASPN_21625,0.3267327547073364
DBAASPS_21628,0.7722772359848022
DBAASPS_21629,0.693069338798523
DBAASPS_21640,0.49504953622817993
DBAASPS_21641,0.42574262619018555
DBAASPS_21643,0.3267327547073364
DBAASPS_21644,0.43564361333847046
DBAASPS_21645,0.43564361333847046
DBAASPS_21646,0.29702985286712646
DBAASPS_21647,0.3960396647453308
DBAASPS_21648,0.24752485752105713
DBAASPS_21649,0.29702985286712646
DBAASPS_21650,0.16831696033477783
DBAASPS_21651,0.2574259042739868
DBAASPS_21652,0.4554455876350403
DBAASPS_21653,0.5247524976730347
DBAASPS_21656,0.41584163904190063
DBAASPS_21657,0.5742574334144592
DBAASPS_21658,0.7425742149353027
DBAASPS_21659,0.6138614416122437
DBAASPS_21660,0.3069307804107666
DBAASPS_21661,0.43564361333847046
DBAASPS_21662,0.29702985286712646
DBAASPS_21663,0.23762381076812744
DBAASPS_21671,0.4554455876350403
DBAASPS_21672,0.4752475619316101
DBAASPS_21673,0.5148515105247498
DBAASPS_21674,0.6237623691558838
DBAASPS_21697,0.4752475619316101
DBAASPS_21698,0.6336634159088135
DBAASPS_21699,0.693069338798523
DBAASPS_21700,0.7623762488365173
DBAASPS_21701,0.7524752616882324
DBAASPS_21703,0.5148515105247498
DBAASPS_21704,0.7326732873916626
DBAASPS_21705,0.8217821717262268
DBAASPS_21734,0.9306930899620056
DBAASPS_21735,0.8514851331710815
DBAASPS_21736,0.8910890817642212
DBAASPS_21737,0.9405940771102905
DBAASPS_21747,0.7425742149353027
DBAASPS_21759,0.4653465747833252
DBAASPS_21760,0.42574262619018555
DBAASPS_21788,0.693069338798523
DBAASPS_21789,0.574257493019104
DBAASPS_21791,0.3168317675590515
DBAASPS_21792,0.41584163904190063
DBAASPS_21794,0.6237623691558838
DBAASPS_21795,0.6237623691558838
DBAASPS_21797,0.3861386775970459
DBAASPS_21798,0.43564361333847046
DBAASPS_21800,0.5544555187225342
DBAASPS_21801,0.7029702663421631
DBAASPS_21803,0.5247524976730347
DBAASPS_21804,0.5445544719696045
DBAASPS_21806,0.4554455876350403
DBAASPS_21807,0.5841584205627441
DBAASPS_21809,0.5940594673156738
DBAASPS_21810,0.5643564462661743
DBAASPS_21812,0.5544554591178894
DBAASPS_21813,0.693069338798523
DBAASPS_21815,0.42574262619018555
DBAASPS_21816,0.5049505233764648
DBAASPS_21818,0.5049505233764648
DBAASPS_21819,0.5247524976730347
DBAASPS_21821,0.37623775005340576
DBAASPS_21822,0.376237690448761
DBAASPS_21823,0.6534653902053833
DBAASPS_21824,0.5940594673156738
DBAASPS_21827,0.33663368225097656
DBAASPS_21828,0.6732673645019531
DBAASPS_21829,0.7920792102813721
DBAASPS_21830,0.7722772359848022
DBAASPS_21831,0.7425742149353027
DBAASPS_21832,0.33910906314849854
DBAASPS_21833,0.25000011920928955
DBAASPS_21834,0.4554455876350403
DBAASPS_21835,0.3069307804107666
DBAASPS_21836,0.17821800708770752
DBAASPS_21837,0.5445544719696045
DBAASPS_21838,0.3663367033004761
DBAASPS_21839,0.3168318271636963
DBAASPS_21840,0.5445544719696045
DBAASPS_21841,0.5346534848213196
DBAASPS_21842,0.49504953622817993
DBAASPS_21843,0.4653465747833252
DBAASPS_21844,0.5396039485931396
DBAASPS_21845,0.5643564462661743
DBAASPS_21846,0.35643577575683594
DBAASPS_21847,0.3267327547073364
DBAASPS_21848,0.5247524976730347
DBAASPS_21849,0.5445544719696045
DBAASPS_21850,0.5445544719696045
DBAASPS_21851,0.5445544719696045
DBAASPS_21852,0.6237623691558838
DBAASPS_21853,0.5643564462661743
DBAASPS_21854,0.35643571615219116
DBAASPS_21855,0.3861386775970459
DBAASPS_21856,0.3069307804107666
DBAASPS_21857,0.5346534848213196
DBAASPS_21858,0.5346534848213196
DBAASPS_21859,0.589108943939209
DBAASPS_21860,0.5693069696426392
DBAASPS_21861,0.3267327547073364
DBAASPS_21862,0.49504953622817993
DBAASPS_21863,0.376237690448761
DBAASPS_21864,0.5643564462661743
DBAASPS_21865,0.5544554591178894
DBAASPS_21866,0.5841584205627441
DBAASPS_21867,0.5544554591178894
DBAASPS_21868,0.43564361333847046
DBAASPS_21869,0.42574262619018555
DBAASPS_21870,0.594059407711029
DBAASPS_21871,0.5742574334144592
DBAASPS_21872,0.3663367033004761
DBAASPS_21873,0.3861386775970459
DBAASPS_21874,0.41584163904190063
DBAASPS_21875,0.5643564462661743
DBAASPS_21876,0.485148549079895
DBAASPS_21877,0.5544554591178894
DBAASPS_21878,0.4653465747833252
DBAASPS_21879,0.44554460048675537
DBAASPS_21880,0.7128713130950928
DBAASPS_21881,0.5049505233764648
DBAASPS_21882,0.5049505233764648
DBAASPS_21883,0.5247524976730347
DBAASPS_21884,0.4554455876350403
DBAASPS_21885,0.3663367033004761
DBAASPS_21886,0.4653465747833252
DBAASPS_21887,0.4554455876350403
DBAASPS_21888,0.6336634159088135
DBAASPS_21889,0.5940594673156738
DBAASPS_21890,0.3960396647453308
DBAASPS_21891,0.41584163904190063
DBAASPS_21892,0.44554460048675537
DBAASPS_21893,0.5148515105247498
DBAASPS_21894,0.44554460048675537
DBAASPS_21913,0.6138614416122437
DBAASPS_21914,0.6534653902053833
DBAASPS_21915,0.6138614416122437
DBAASPS_21916,0.6534653902053833
DBAASPS_21917,0.6435643434524536
DBAASPS_21918,0.603960394859314
DBAASPS_21919,0.7227723002433777
DBAASPS_21920,0.693069338798523
DBAASPS_21921,0.5940594673156738
DBAASPS_21924,0.7128713130950928
DBAASPS_21925,0.5544555187225342
DBAASPS_21926,0.7623762488365173
DBAASPS_21927,0.7227722406387329
DBAASPS_21928,0.7821782231330872
DBAASPS_21929,0.6336633563041687
DBAASPS_21934,0.5940594673156738
DBAASPS_21942,0.7128713130950928
DBAASPR_21943,0.7425742745399475
DBAASPS_21944,0.9009901285171509
DBAASPS_21945,0.801980197429657
DBAASPS_21946,0.8910890817642212
DBAASPS_21947,0.881188154220581
DBAASPS_21948,0.7425742149353027
DBAASPS_21949,0.8712871074676514
DBAASPS_21950,0.35643571615219116
DBAASPS_21951,0.27722787857055664
DBAASPS_21952,0.3861386775970459
DBAASPS_21953,0.3960396647453308
DBAASPS_21954,0.41584163904190063
DBAASPS_21955,0.8613861799240112
DBAASPS_21956,0.8712871074676514
DBAASPS_21957,0.6336634159088135
DBAASPS_21958,0.6831682920455933
DBAASPS_21959,0.6435643434524536
DBAASPS_21960,0.693069338798523
DBAASPS_21961,0.7821782827377319
DBAASPS_21962,0.693069338798523
DBAASPS_21963,0.693069338798523
DBAASPS_21964,0.6534653902053833
DBAASPS_21965,0.7722772359848022
DBAASPS_21966,0.7128713130950928
DBAASPS_21967,0.6138614416122437
DBAASPS_21968,0.7227723002433777
DBAASPS_21969,0.7524752616882324
DBAASPS_21970,0.6138614416122437
DBAASPS_21971,0.7029702663421631
DBAASPS_21972,0.6732673645019531
DBAASPS_21980,0.5841584205627441
DBAASPS_21981,0.594059407711029
DBAASPS_21982,0.6534653902053833
DBAASPS_21983,0.6831682920455933
DBAASPS_21984,0.603960394859314
DBAASPS_21985,0.17821788787841797
DBAASPS_21986,0.25742578506469727
DBAASPS_21991,0.6534653902053833
DBAASPR_21995,0.6138614416122437
DBAASPS_21996,0.7227723002433777
DBAASPS_21997,0.09901010990142822
DBAASPS_21998,0.6336634159088135
DBAASPS_21999,0.05940604209899902
DBAASPS_22003,0.7524752616882324
DBAASPN_22016,0.09901010990142822
DBAASPS_22018,0.5148515105247498
DBAASPS_22019,0.7029702663421631
DBAASPS_22020,0.6534653902053833
DBAASPS_22021,0.7227723002433777
DBAASPS_22022,0.7821782231330872
DBAASPS_22023,0.5445544719696045
DBAASPS_22024,0.5247524976730347
DBAASPS_22025,0.7326732873916626
DBAASPS_22026,0.7623762488365173
DBAASPS_22027,0.8415841460227966
DBAASPS_22030,0.4653465747833252
DBAASPS_22031,0.5940594673156738
DBAASPS_22032,0.5841584205627441
DBAASPS_22034,0.3861386775970459
DBAASPS_22036,0.7029702663421631
DBAASPS_22049,0.8316831588745117
DBAASPS_22050,0.49504953622817993
DBAASPS_22051,0.6237623691558838
DBAASPS_22052,0.7128713130950928
DBAASPS_22053,0.7623762488365173
DBAASPS_22054,0.6237623691558838
DBAASPS_22060,0.7524752616882324
DBAASPS_22061,0.9108911156654358
DBAASPS_22062,0.8910890817642212
DBAASPS_22064,0.5247524976730347
DBAASPS_22065,0.25742578506469727
DBAASPS_22066,0.485148549079895
DBAASPR_22068,0.21782195568084717
DBAASPS_22072,0.5346534848213196
DBAASPS_22073,0.5247524976730347
DBAASPS_22075,0.7623762488365173
DBAASPS_22076,0.5148515701293945
DBAASPS_22079,0.33663374185562134
DBAASPR_22086,0.3168318271636963
DBAASPR_22087,0.8118811845779419
DBAASPS_22093,0.8712871074676514
DBAASPS_22094,0.9702970385551453
DBAASPS_22095,0.9009901285171509
DBAASPS_22096,0.8118811845779419
DBAASPS_22097,0.9603960514068604
DBAASPS_22098,1.0
DBAASPS_22099,1.0
DBAASPS_22100,0.9108911156654358
DBAASPS_22101,0.9405940771102905
DBAASPS_22102,0.34653472900390625
DBAASPS_22103,0.4752475619316101
DBAASPS_22104,0.4752475619316101
DBAASPS_22105,0.8712871074676514
DBAASPS_22106,0.8415841460227966
DBAASPS_22107,0.8712871074676514
DBAASPS_22108,0.5247524976730347
DBAASPS_22109,0.6435643434524536
DBAASPS_22110,0.801980197429657
DBAASPS_22111,0.3663367033004761
DBAASPS_22112,0.5049505233764648
DBAASPS_22113,0.6881188154220581
DBAASPS_22114,0.5346534848213196
DBAASPS_22115,0.24752485752105713
DBAASPS_22116,0.8712871074676514
DBAASPS_22117,0.6336634159088135
DBAASPS_22118,0.4554455876350403
DBAASPS_22120,0.5148515701293945
DBAASPS_22121,0.603960394859314
DBAASPS_22122,0.8415841460227966
DBAASPS_22123,0.574257493019104
DBAASPS_22124,0.6237623691558838
DBAASPS_22125,0.5643564462661743
DBAASPS_22126,0.5445544719696045
DBAASPS_22127,0.881188154220581
DBAASPS_22129,0.5544554591178894
DBAASPS_22131,0.8514851331710815
DBAASPN_22137,0.06930708885192871
DBAASPN_22138,0.10891103744506836
DBAASPN_22139,0.148514986038208
DBAASPN_22142,0.04950511455535889
DBAASPN_22143,0.3069307804107666
DBAASPR_22148,0.21782183647155762
DBAASPS_22156,0.6633663177490234
DBAASPR_22159,0.7920792102813721
DBAASPR_22162,0.148514986038208
DBAASPR_22163,0.4653465747833252
DBAASPN_22168,0.2970297336578369
DBAASPS_22207,0.41584163904190063
DBAASPS_22208,0.05940604209899902
DBAASPS_22215,0.7722772359848022
DBAASPS_22216,0.8217821717262268
DBAASPS_22217,0.6534653902053833
DBAASPS_22218,0.8217821717262268
DBAASPS_22219,0.8514851331710815
DBAASPS_22220,0.8118811845779419
DBAASPS_22224,0.801980197429657
DBAASPS_22225,0.8316831588745117
DBAASPS_22226,0.7524752616882324
DBAASPS_22227,0.8415841460227966
DBAASPS_22228,0.8118811845779419
DBAASPS_22229,0.7128713130950928
DBAASPS_22230,0.8415842056274414
DBAASPS_22231,0.693069338798523
DBAASPS_22232,0.7227723002433777
DBAASPS_22233,0.7227722406387329
DBAASPS_22234,0.6138614416122437
DBAASPS_22235,0.693069338798523
DBAASPS_22236,0.485148549079895
DBAASPS_22237,0.5742574334144592
DBAASPS_22238,0.603960394859314
DBAASPS_22239,0.6435643434524536
DBAASPS_22240,0.6732673645019531
DBAASPS_22241,0.6534653902053833
DBAASPS_22244,0.3168318271636963
DBAASPS_22245,0.29702985286712646
DBAASPS_22246,0.693069338798523
DBAASPS_22247,0.6138614416122437
DBAASPS_22249,0.7326732873916626
DBAASPN_22254,0.49504953622817993
DBAASPN_22255,0.5049505233764648
DBAASPN_22256,0.35643571615219116
DBAASPN_22257,0.485148549079895
DBAASPS_22263,0.3861386775970459
DBAASPS_22264,0.4059406518936157
DBAASPS_22265,0.5247524976730347
DBAASPS_22266,0.2871288061141968
DBAASPS_22267,0.6831682920455933
DBAASPS_22268,0.6336634159088135
DBAASPS_22269,0.4415842294692993
DBAASPS_22270,0.2871288061141968
DBAASPS_22271,0.5346534848213196
DBAASPS_22272,0.27722787857055664
DBAASPS_22273,0.3729373812675476
DBAASPS_22274,0.47772282361984253
DBAASPS_22275,0.7178217768669128
DBAASPS_22276,0.2871288061141968
DBAASPS_22277,0.42574262619018555
DBAASPS_22278,0.26732683181762695
DBAASPS_22279,0.485148549079895
DBAASPS_22280,0.7425742745399475
DBAASPS_22281,0.6237623691558838
DBAASPS_22283,0.8118811845779419
DBAASPS_22284,0.801980197429657
DBAASPS_22285,0.6831682920455933
DBAASPS_22286,0.8217821717262268
DBAASPS_22287,0.7920792102813721
DBAASPS_22288,0.7623762488365173
DBAASPS_22289,0.603960394859314
DBAASPS_22290,0.7920792102813721
DBAASPS_22291,0.801980197429657
DBAASPS_22292,0.6633663177490234
DBAASPS_22293,0.8217821717262268
DBAASPS_22294,0.801980197429657
DBAASPS_22295,0.7623762488365173
DBAASPS_22296,0.7227722406387329
DBAASPS_22305,0.801980197429657
DBAASPS_22306,0.8514851331710815
DBAASPS_22307,0.693069338798523
DBAASPS_22308,0.7722772359848022
DBAASPS_22309,0.7425742149353027
DBAASPS_22310,0.7425742745399475
DBAASPS_22311,0.8118811845779419
DBAASPS_22312,0.881188154220581
DBAASPS_22313,0.8316831588745117
DBAASPS_22314,0.8910890817642212
DBAASPS_22315,0.8613861203193665
DBAASPS_22316,0.8316831588745117
DBAASPS_22317,0.8910890817642212
DBAASPS_22318,0.7821782231330872
DBAASPS_22319,0.801980197429657
DBAASPS_22320,0.7326732873916626
DBAASPS_22321,0.7326732873916626
DBAASPS_22322,0.9405940771102905
DBAASPS_22323,0.9405940771102905
DBAASPS_22324,0.7425742149353027
DBAASPS_22325,0.7722772359848022
DBAASPS_22326,0.5841584205627441
DBAASPS_22327,0.5643564462661743
DBAASPS_22328,0.8811880946159363
DBAASPS_22338,0.7524752616882324
DBAASPS_22339,0.7425742149353027
DBAASPR_22347,0.3663367033004761
DBAASPS_22348,0.7029702663421631
DBAASPS_22349,0.49504953622817993
DBAASPS_22350,0.04950511455535889
DBAASPS_22362,0.603960394859314
DBAASPS_22364,0.881188154220581
DBAASPS_22372,0.603960394859314
DBAASPS_22373,0.594059407711029
DBAASPS_22374,0.8118811845779419
DBAASPS_22375,0.7227722406387329
DBAASPS_22376,0.5247524976730347
DBAASPR_22385,0.7029702663421631
DBAASPS_22386,0.31683170795440674
DBAASPS_22387,0.17821788787841797
DBAASPS_22388,0.376237690448761
DBAASPS_22389,0.7029702663421631
DBAASPS_22390,0.376237690448761
DBAASPS_22391,0.5544554591178894
DBAASPS_22392,0.7524752616882324
DBAASPS_22396,0.237623929977417
DBAASPS_22397,0.24752485752105713
DBAASPS_22398,0.18811893463134766
DBAASPS_22399,0.21782183647155762
DBAASPS_22400,0.33663368225097656
DBAASPS_22401,0.3168318271636963
DBAASPS_22432,0.24752485752105713
DBAASPS_22433,0.5643564462661743
DBAASPS_22434,0.603960394859314
DBAASPS_22435,0.5940594673156738
DBAASPS_22436,0.7128713130950928
DBAASPR_22437,0.7029702663421631
DBAASPS_22438,0.7722772359848022
DBAASPS_22443,0.881188154220581
DBAASPS_22448,0.9504950642585754
DBAASPS_22449,0.4480198621749878
DBAASPS_22451,0.8910890817642212
DBAASPS_22452,0.881188154220581
DBAASPS_22453,0.7524752616882324
DBAASPS_22454,0.43564361333847046
DBAASPS_22455,0.5742574334144592
DBAASPS_22456,0.7722772359848022
DBAASPS_22457,0.8415841460227966
DBAASPS_22458,0.5148515105247498
DBAASPS_22459,0.5445544719696045
DBAASPS_22460,0.5841584205627441
DBAASPS_22461,0.32838284969329834
DBAASPS_22462,0.42574262619018555
DBAASPS_22463,0.3168318271636963
DBAASPS_22468,0.4554455876350403
DBAASPS_22473,0.7920792102813721
DBAASPS_22474,0.801980197429657
DBAASPS_22480,0.43564361333847046
DBAASPS_22481,0.693069338798523
DBAASPS_22482,0.6831682920455933
DBAASPS_22484,0.6534653902053833
DBAASPS_22488,0.3663367033004761
DBAASPS_22495,0.6336633563041687
DBAASPS_22497,0.6435643434524536
DBAASPS_22498,0.5544554591178894
DBAASPS_22499,0.6831682920455933
DBAASPS_22500,0.5643564462661743
DBAASPS_22501,0.6138613820075989
DBAASPS_22502,0.6831682920455933
DBAASPS_22504,0.693069338798523
DBAASPS_22505,0.693069338798523
DBAASPS_22506,0.693069338798523
DBAASPS_22507,0.7524752616882324
DBAASPS_22508,0.7722772359848022
DBAASPS_22509,0.7326732873916626
DBAASPS_22510,0.7425742745399475
DBAASPS_22511,0.7326732873916626
DBAASPS_22512,0.5940594673156738
DBAASPS_22515,0.6534653902053833
DBAASPS_22517,0.6138614416122437
DBAASPS_22519,0.6237623691558838
DBAASPS_22526,0.6435644030570984
DBAASPS_22535,0.6732673645019531
DBAASPS_22539,0.6732673645019531
DBAASPS_22542,0.7326732873916626
DBAASPS_22543,0.7029703259468079
DBAASPS_22544,0.574257493019104
DBAASPS_22545,0.5049505233764648
DBAASPS_22546,0.3861386775970459
DBAASPS_22547,0.5247524976730347
DBAASPS_22548,0.06930708885192871
DBAASPS_22549,0.12871301174163818
DBAASPS_22550,0.8118811845779419
DBAASPS_22552,0.44554460048675537
DBAASPS_22553,0.42574262619018555
DBAASPS_22554,0.18811893463134766
DBAASPS_22555,0.5247524976730347
DBAASPS_22556,0.04950511455535889
DBAASPS_22557,0.29702985286712646
DBAASPS_22558,0.43564361333847046
DBAASPS_22559,0.6534653306007385
DBAASPS_22560,0.8415841460227966
DBAASPS_22561,0.7821782231330872
DBAASPS_22562,0.8316831588745117
DBAASPS_22563,0.8415841460227966
DBAASPS_22564,0.881188154220581
DBAASPS_22565,0.7920792102813721
DBAASPS_22566,0.7623762488365173
DBAASPS_22572,0.7227723002433777
DBAASPS_22577,0.4950495958328247
DBAASPS_22578,0.5544554591178894
DBAASPS_22579,0.5544554591178894
DBAASPS_22585,0.5247524976730347
DBAASPS_22586,0.4752475619316101
DBAASPS_22587,0.6534653902053833
DBAASPS_22588,0.35643577575683594
DBAASPS_22589,0.35643571615219116
DBAASPS_22591,0.7128713130950928
DBAASPS_22631,0.9306930899620056
DBAASPS_22632,0.9702970385551453
DBAASPS_22633,0.9207921028137207
DBAASPS_22634,0.7425742745399475
DBAASPS_22635,0.7227722406387329
DBAASPS_22636,0.7326732873916626
DBAASPS_22637,0.7722772359848022
DBAASPS_22638,0.7326732873916626
DBAASPS_22639,0.7326732873916626
DBAASPS_22659,0.7029702663421631
DBAASPS_22660,0.7821782231330872
DBAASPS_22661,0.8118811845779419
DBAASPS_22667,0.7326732873916626
DBAASPS_22668,0.693069338798523
DBAASPS_22669,0.7326732873916626
DBAASPS_22670,0.7029703259468079
DBAASPS_22671,0.7227722406387329
DBAASPS_22672,0.6732673645019531
DBAASPS_22674,0.7920792102813721
DBAASPS_22675,0.7128713130950928
DBAASPS_22676,0.881188154220581
DBAASPS_22677,0.7623762488365173
DBAASPS_22679,0.7920792102813721
DBAASPS_22680,0.6732673645019531
DBAASPS_22684,0.8316831588745117
DBAASPS_22687,0.7524752616882324
DBAASPS_22688,0.7821782231330872
DBAASPS_22689,0.6633663773536682
DBAASPS_22690,0.574257493019104
DBAASPS_22691,0.485148549079895
DBAASPS_22692,0.7326732873916626
DBAASPS_22693,0.3168317675590515
DBAASPS_22694,0.8316831588745117
DBAASPS_22695,0.33663374185562134
DBAASPS_22696,0.8316831588745117
DBAASPS_22697,0.3960396647453308
DBAASPS_22698,0.5148515105247498
DBAASPS_22699,0.20792090892791748
DBAASPS_22700,0.5643564462661743
DBAASPS_22701,0.6237623691558838
DBAASPS_22702,0.376237690448761
DBAASPS_22703,0.3861386775970459
DBAASPS_22705,0.6346535086631775
DBAASPS_22706,0.7524752616882324
DBAASPS_22707,0.8811880946159363
DBAASPS_22708,0.801980197429657
DBAASPS_22709,0.7821782231330872
DBAASPR_22710,0.8217821717262268
DBAASPS_22711,0.9108911156654358
DBAASPS_22712,0.7425742149353027
DBAASPS_22713,0.8811880946159363
DBAASPS_22714,0.7920792102813721
DBAASPS_22715,0.8118811845779419
DBAASPS_22716,0.8910890817642212
DBAASPS_22717,0.8514851331710815
DBAASPS_22718,0.6732673645019531
DBAASPS_22719,0.8514851331710815
DBAASPS_22720,0.6732673645019531
DBAASPS_22721,0.9108911156654358
DBAASPS_22722,0.801980197429657
DBAASPS_22723,0.910891056060791
DBAASPS_22724,0.9405940771102905
DBAASPR_22729,0.8118811845779419
DBAASPS_22730,0.9009901285171509
DBAASPS_22731,0.6435643434524536
DBAASPS_22732,0.6336634159088135
DBAASPS_22748,0.6633663177490234
DBAASPS_22749,0.603960394859314
DBAASPS_22750,0.6831682920455933
DBAASPS_22755,0.4752475619316101
DBAASPS_22758,0.7425742149353027
DBAASPS_22762,0.43564361333847046
DBAASPS_22763,0.4752475619316101
DBAASPS_22768,0.6534653902053833
DBAASPS_22769,0.7128713130950928
DBAASPS_22770,0.7128713130950928
DBAASPS_22771,0.7128713130950928
DBAASPS_22772,0.7326732873916626
DBAASPS_22773,0.7227722406387329
DBAASPS_22774,0.7326732873916626
DBAASPS_22775,0.693069338798523
DBAASPS_22776,0.5148515105247498
DBAASPS_22777,0.5148515105247498
DBAASPS_22778,0.7425742149353027
DBAASPS_22780,0.4059406518936157
DBAASPS_22782,0.5247524976730347
DBAASPS_22785,0.5148515105247498
DBAASPS_22786,0.4554455876350403
DBAASPS_22787,0.4554455876350403
DBAASPR_22788,0.10891103744506836
DBAASPS_22789,0.16831696033477783
DBAASPS_22790,0.6633663177490234
DBAASPS_22791,0.376237690448761
DBAASPS_22792,0.3861386775970459
DBAASPS_22804,0.059406161308288574
DBAASPR_22810,0.9900990128517151
DBAASPS_22811,0.8415842056274414
DBAASPS_22812,0.6534653902053833
DBAASPR_22813,0.891089141368866
DBAASPS_22815,0.8613861799240112
DBAASPS_22820,0.8316831588745117
DBAASPS_22821,0.0792081356048584
DBAASPS_22822,0.7623762488365173
DBAASPS_22823,0.8316831588745117
DBAASPS_22824,0.6633663177490234
DBAASPN_22825,0.1980198621749878
DBAASPN_22831,0.18811893463134766
DBAASPS_22834,0.21782183647155762
DBAASPS_22836,0.18811893463134766
DBAASPN_22838,0.21782183647155762
DBAASPS_22844,0.2277228832244873
DBAASPS_22845,0.12871301174163818
DBAASPS_22846,0.12871301174163818
DBAASPS_22847,0.1584160327911377
DBAASPS_22877,0.9306930899620056
DBAASPS_22878,0.9504950642585754
DBAASPS_22880,0.8415842056274414
DBAASPS_22881,0.8415842056274414
DBAASPS_22882,0.9207921028137207
DBAASPS_22883,0.8514851331710815
DBAASPS_22884,0.9405940771102905
DBAASPS_22885,0.7227722406387329
DBAASPR_22886,0.8217821717262268
DBAASPR_22887,0.7623762488365173
DBAASPR_22891,0.35643571615219116
DBAASPR_22893,0.7920792102813721
DBAASPR_22894,0.7227722406387329
DBAASPR_22895,0.7425742149353027
DBAASPR_22896,0.3861386775970459
DBAASPR_22897,0.8712871074676514
DBAASPR_22902,0.45544564723968506
DBAASPR_22904,0.34653472900390625
DBAASPR_22905,0.7722772359848022
DBAASPS_22908,0.7722772359848022
DBAASPS_22909,0.801980197429657
DBAASPS_22910,0.5643564462661743
DBAASPS_22911,0.6138613820075989
DBAASPS_22916,0.7326732873916626
DBAASPS_22917,0.6237623691558838
DBAASPS_22918,0.603960394859314
DBAASPS_22920,0.6435643434524536
DBAASPS_22921,0.6237623691558838
DBAASPS_22984,0.12871301174163818
DBAASPS_22985,0.20792090892791748
DBAASPS_22986,0.13861405849456787
DBAASPS_22987,0.19801998138427734
DBAASPS_22988,0.18811893463134766
DBAASPS_22989,0.5445544719696045
DBAASPS_22990,0.6138614416122437
DBAASPS_22991,0.019802093505859375
DBAASPS_22992,0.16831696033477783
DBAASPS_22993,0.26732683181762695
DBAASPS_22994,0.2277228832244873
DBAASPS_22995,0.3069307804107666
DBAASPS_22999,0.5049505233764648
DBAASPR_23000,0.5148515105247498
DBAASPS_23001,0.5445544719696045
DBAASPS_23002,0.4653465747833252
DBAASPS_23003,0.6534653902053833
DBAASPS_23004,0.683168351650238
DBAASPS_23005,0.8316831588745117
DBAASPS_23006,0.7227723002433777
DBAASPS_23007,0.6336633563041687
DBAASPS_23008,0.6633663177490234
DBAASPS_23009,0.7227723002433777
DBAASPS_23010,0.6435643434524536
DBAASPS_23011,0.6105610728263855
DBAASPS_23012,0.5808581113815308
DBAASPS_23013,0.6435643434524536
DBAASPS_23014,0.6303630471229553
DBAASPS_23015,0.7194719314575195
DBAASPS_23016,0.8118811845779419
DBAASPS_23017,0.9405940771102905
DBAASPS_23018,0.9504950642585754
DBAASPS_23020,0.5247524976730347
DBAASPS_23021,0.24752485752105713
DBAASPS_23022,0.5643564462661743
DBAASPS_23023,0.07920801639556885
DBAASPR_23024,0.3267327547073364
DBAASPS_23025,0.35643571615219116
DBAASPS_23026,0.3168317675590515
DBAASPS_23028,0.33663374185562134
DBAASPS_23029,0.13861405849456787
DBAASPS_23030,0.6633663773536682
DBAASPS_23032,0.29702985286712646
DBAASPS_23033,0.2574259042739868
DBAASPS_23035,0.7524752616882324
DBAASPS_23036,0.8316831588745117
DBAASPS_23037,0.8118811845779419
DBAASPS_23038,0.8118811845779419
DBAASPS_23039,0.8118811845779419
DBAASPS_23040,0.7227723002433777
DBAASPS_23041,0.6435643434524536
DBAASPS_23042,0.7128713130950928
DBAASPS_23043,0.6237623691558838
DBAASPS_23044,0.6831682920455933
DBAASPS_23045,0.5049505233764648
DBAASPS_23046,0.5841584205627441
DBAASPS_23047,0.7029703259468079
DBAASPS_23048,0.9801980257034302
DBAASPS_23049,0.3069307804107666
DBAASPS_23050,0.574257493019104
DBAASPS_23051,0.7029703259468079
DBAASPS_23052,0.693069338798523
DBAASPS_23053,0.910891056060791
DBAASPS_23054,0.693069338798523
DBAASPS_23055,0.8415841460227966
DBAASPS_23056,0.7227723002433777
DBAASPS_23057,0.8712871074676514
DBAASPS_23058,0.5346534848213196
DBAASPS_23059,0.5247524976730347
DBAASPS_23060,0.7524752616882324
DBAASPS_23061,0.7623762488365173
DBAASPS_23062,0.7227723002433777
DBAASPS_23063,0.8415841460227966
DBAASPS_23064,0.5049505233764648
DBAASPS_23065,0.35643571615219116
DBAASPS_23066,0.3267327547073364
DBAASPS_23067,0.4059406518936157
DBAASPS_23071,0.3861386775970459
DBAASPS_23077,0.9603960514068604
DBAASPS_23078,0.5742574334144592
DBAASPS_23079,0.42574262619018555
DBAASPS_23080,0.8118811845779419
DBAASPS_23082,0.5841584205627441
DBAASPS_23083,0.6732673645019531
DBAASPS_23084,0.7128713130950928
DBAASPS_23085,0.6435643434524536
DBAASPS_23086,0.574257493019104
DBAASPS_23087,0.574257493019104
DBAASPS_23088,0.7425742149353027
DBAASPS_23089,0.6138614416122437
DBAASPS_23090,0.5643564462661743
DBAASPS_23091,0.5148515701293945
DBAASPS_23092,0.5940594673156738
DBAASPS_23093,0.6633663177490234
DBAASPS_23094,0.7227723002433777
DBAASPS_23095,0.693069338798523
DBAASPS_23096,0.6633663177490234
DBAASPS_23097,0.7029702663421631
DBAASPS_23098,0.5544555187225342
DBAASPS_23099,0.7227722406387329
DBAASPS_23100,0.6831682920455933
DBAASPS_23101,0.5940594673156738
DBAASPS_23102,0.7029702663421631
DBAASPS_23104,0.4554455876350403
DBAASPS_23105,0.594059407711029
DBAASPS_23106,0.6732673645019531
DBAASPS_23107,0.6138614416122437
DBAASPS_23116,0.7128713130950928
DBAASPS_23117,0.6138614416122437
DBAASPS_23118,0.5841584205627441
DBAASPS_23119,0.7128713130950928
DBAASPS_23120,0.603960394859314
DBAASPS_23121,0.5940594673156738
DBAASPS_23122,0.42574262619018555
DBAASPS_23123,0.603960394859314
DBAASPS_23124,0.6831682920455933
DBAASPS_23125,0.6633663177490234
DBAASPS_23126,0.5544555187225342
DBAASPS_23127,0.5940594673156738
DBAASPS_23128,0.4554455876350403
DBAASPS_23129,0.4752475619316101
DBAASPS_23130,0.5643564462661743
DBAASPS_23131,0.7524752616882324
DBAASPS_23132,0.7524752616882324
DBAASPS_23133,0.3663367033004761
DBAASPR_23134,0.20792090892791748
DBAASPS_23135,0.4059406518936157
DBAASPS_23136,0.5049505233764648
DBAASPS_23137,0.13861405849456787
DBAASPR_23138,0.376237690448761
DBAASPS_23139,0.17821800708770752
DBAASPS_23140,0.16831696033477783
DBAASPS_23141,0.20792090892791748
DBAASPS_23148,0.7920792102813721
DBAASPS_23149,0.8712871074676514
DBAASPR_23156,0.3960396647453308
DBAASPS_23157,0.35643571615219116
DBAASPS_23158,0.7821782231330872
DBAASPS_23159,0.7326732873916626
DBAASPS_23160,0.7227722406387329
DBAASPS_23174,0.8910890817642212
DBAASPS_23205,0.7821782231330872
DBAASPS_23206,0.8811880946159363
DBAASPS_23207,0.10891103744506836
DBAASPS_23208,0.5544554591178894
DBAASPS_23209,0.2277228832244873
DBAASPS_23210,0.6633663177490234
DBAASPS_23211,0.5841584205627441
DBAASPS_23212,0.8910890817642212
DBAASPS_23213,0.18811893463134766
DBAASPS_23214,0.7425742745399475
DBAASPS_23215,0.42574262619018555
DBAASPS_23216,0.3861386775970459
DBAASPS_23217,0.6534653306007385
DBAASPS_23218,0.6237623691558838
DBAASPS_23219,0.8712871074676514
DBAASPS_23220,0.5841584205627441
DBAASPS_23221,0.6633663177490234
DBAASPS_23222,0.7524752616882324
DBAASPS_23223,0.7425742745399475
DBAASPS_23224,0.5544554591178894
DBAASPS_23225,0.801980197429657
DBAASPS_23226,0.8415842056274414
DBAASPS_23227,0.8712871074676514
DBAASPR_23238,0.2871288061141968
DBAASPS_23239,0.6237623691558838
DBAASPS_23242,0.26732683181762695
DBAASPS_23243,0.7821782231330872
DBAASPS_23244,0.8712871074676514
DBAASPS_23245,0.7227722406387329
DBAASPS_23246,0.8316831588745117
DBAASPS_23247,0.7623762488365173
DBAASPS_23248,0.8811880946159363
DBAASPS_23249,0.6633663177490234
DBAASPS_23250,0.7425742149353027
DBAASPS_23251,0.6237623691558838
DBAASPS_23252,0.7326732873916626
DBAASPS_23253,0.693069338798523
DBAASPS_23254,0.7128713130950928
DBAASPS_23255,0.8217821717262268
DBAASPS_23256,0.801980197429657
DBAASPS_23257,0.5049505233764648
DBAASPS_23260,0.574257493019104
DBAASPS_23261,0.6237623691558838
DBAASPS_23266,0.42574262619018555
DBAASPS_23268,0.3663367033004761
DBAASPS_23269,0.6237623691558838
DBAASPS_23287,0.5742574334144592
DBAASPS_23288,0.41584163904190063
DBAASPS_23289,0.485148549079895
DBAASPS_23290,0.5643564462661743
DBAASPS_23291,0.5445544719696045
DBAASPS_23292,0.49504953622817993
DBAASPS_23293,0.5742574334144592
DBAASPS_23294,0.7722772359848022
DBAASPS_23295,0.7524752616882324
DBAASPS_23296,0.8118811845779419
DBAASPS_23297,0.683168351650238
DBAASPS_23298,0.7029702663421631
DBAASPN_23317,0.3267327547073364
DBAASPN_23318,0.3168317675590515
DBAASPS_23330,0.5148515701293945
DBAASPS_23331,0.5445544719696045
DBAASPS_23332,0.4752476215362549
DBAASPS_23333,0.5049505233764648
DBAASPS_23334,0.5049505233764648
DBAASPS_23335,0.5346534848213196
DBAASPS_23338,0.5247524976730347
DBAASPS_23339,0.4752475619316101
DBAASPS_23340,0.19801998138427734
DBAASPS_23341,0.3267327547073364
DBAASPS_23342,0.3960396647453308
DBAASPS_23343,0.4950495958328247
DBAASPS_23344,0.5544555187225342
DBAASPS_23345,0.6633663177490234
DBAASPS_23346,0.4950495958328247
DBAASPS_23347,0.5841584205627441
DBAASPS_23348,0.4554455876350403
DBAASPS_23349,0.5247524976730347
DBAASPS_23350,0.49504953622817993
DBAASPS_23351,0.41584163904190063
DBAASPS_23352,0.5
DBAASPS_23353,0.5247524976730347
DBAASPS_23354,0.7128713130950928
DBAASPS_23355,0.5643564462661743
DBAASPS_23356,0.5148515105247498
DBAASPS_23357,0.7623762488365173
DBAASPR_23358,0.5049505233764648
DBAASPR_23359,0.3861386775970459
DBAASPS_23360,0.5841584205627441
DBAASPS_23362,0.41584163904190063
DBAASPS_23363,0.5148515105247498
DBAASPS_23364,0.5049505233764648
DBAASPS_23370,0.6336634159088135
DBAASPS_23372,0.7871286869049072
DBAASPS_23373,0.5247524976730347
DBAASPS_23374,0.17821800708770752
DBAASPS_23375,0.5841584205627441
DBAASPS_23376,0.6534653902053833
DBAASPS_23377,0.34653472900390625
DBAASPS_23378,0.3267327547073364
DBAASPS_23379,0.5742574334144592
DBAASPS_23380,0.8217821717262268
DBAASPS_23381,0.788118839263916
DBAASPS_23385,0.594059407711029
DBAASPS_23386,0.8316831588745117
DBAASPS_23387,0.8475247621536255
DBAASPS_23388,0.9009901285171509
DBAASPS_23389,0.7722772359848022
DBAASPS_23390,0.7722772359848022
DBAASPS_23391,0.7128713130950928
DBAASPS_23395,0.7435643672943115
DBAASPS_23396,0.7980197668075562
DBAASPS_23397,0.8316831588745117
DBAASPS_23398,0.1584160327911377
DBAASPS_23399,0.44554460048675537
DBAASPS_23401,0.33663374185562134
DBAASPS_23402,0.9108911156654358
DBAASPS_23403,0.7524752616882324
DBAASPS_23404,0.8712871074676514
DBAASPS_23405,0.6534653902053833
DBAASPS_23406,0.693069338798523
DBAASPS_23407,0.6138613820075989
DBAASPS_23408,0.6138613820075989
DBAASPS_23409,0.6138613820075989
DBAASPS_23410,0.6138613820075989
DBAASPS_23411,0.6534653902053833
DBAASPS_23412,0.6534653902053833
DBAASPS_23413,0.6534653902053833
DBAASPS_23414,0.6534653902053833
DBAASPS_23419,0.7326732873916626
DBAASPS_23420,0.693069338798523
DBAASPS_23421,0.8316831588745117
DBAASPS_23422,0.8316831588745117
DBAASPS_23423,0.7722772359848022
DBAASPS_23424,0.7722772359848022
DBAASPS_23425,0.7722772359848022
DBAASPS_23426,0.7524752616882324
DBAASPS_23427,0.7722772359848022
DBAASPS_23428,0.2871288061141968
DBAASPS_23429,0.4752475619316101
DBAASPS_23430,0.4554455876350403
DBAASPS_23431,0.7128713130950928
DBAASPS_23432,0.43564361333847046
DBAASPS_23433,0.6534653902053833
DBAASPS_23434,0.6138614416122437
DBAASPS_23436,0.5643564462661743
DBAASPS_23459,0.3960396647453308
DBAASPS_23460,0.3663367033004761
DBAASPS_23461,0.3663367033004761
DBAASPS_23477,0.9009901285171509
DBAASPS_23482,0.6435643434524536
DBAASPS_23483,0.6435643434524536
DBAASPS_23484,0.6237623691558838
DBAASPS_23485,0.43564361333847046
DBAASPS_23486,0.5841584205627441
DBAASPS_23487,0.34653472900390625
DBAASPS_23488,0.41584163904190063
DBAASPS_23489,0.5148515105247498
DBAASPS_23490,0.3960396647453308
DBAASPS_23491,0.3960396647453308
DBAASPS_23492,0.3861386775970459
DBAASPS_23493,0.23762381076812744
DBAASPS_23494,0.4752475619316101
DBAASPS_23495,0.4653465747833252
DBAASPS_23496,0.4554455876350403
DBAASPS_23563,0.6732673645019531
DBAASPS_23564,0.7920792102813721
DBAASPS_23565,0.8415841460227966
DBAASPS_23566,0.8910890817642212
DBAASPS_23567,0.8910890817642212
DBAASPS_23568,0.7623762488365173
DBAASPS_23569,0.8415841460227966
DBAASPS_23570,0.8514851331710815
DBAASPS_23571,0.8514851331710815
DBAASPS_23572,0.7029702663421631
DBAASPS_23573,0.8217821717262268
DBAASPS_23574,0.7722772359848022
DBAASPS_23575,0.8514851331710815
DBAASPS_23576,0.9405940771102905
DBAASPS_23577,0.7920792102813721
DBAASPS_23578,0.7425742745399475
DBAASPS_23579,0.8712871074676514
DBAASPS_23580,0.7920792102813721
DBAASPS_23581,0.8217821717262268
DBAASPS_23582,0.9306930899620056
DBAASPS_23583,0.7524752616882324
DBAASPS_23584,0.7821782231330872
DBAASPS_23585,0.7029702663421631
DBAASPS_23586,0.4653465747833252
DBAASPS_23587,0.574257493019104
DBAASPS_23588,0.6633663177490234
DBAASPS_23589,0.6831682920455933
DBAASPS_23590,0.6732673645019531
DBAASPS_23591,0.6534653902053833
DBAASPS_23592,0.6633663177490234
DBAASPS_23627,0.7722772359848022
DBAASPS_23628,0.7920792102813721
DBAASPS_23629,0.603960394859314
DBAASPS_23630,0.7821782231330872
DBAASPS_23631,0.7128713130950928
DBAASPS_23632,0.7524752616882324
DBAASPS_23633,0.7425742149353027
DBAASPS_23634,0.7821782231330872
DBAASPS_23635,0.693069338798523
DBAASPS_23636,0.7326732873916626
DBAASPS_23637,0.7227722406387329
DBAASPS_23670,0.7623761892318726
DBAASPS_23688,0.4059406518936157
DBAASPS_23690,0.5643564462661743
DBAASPS_23692,0.801980197429657
DBAASPS_23695,0.801980197429657
DBAASPS_23699,0.8910890817642212
DBAASPR_23704,0.376237690448761
DBAASPS_23705,0.7623762488365173
DBAASPS_23706,0.4653465747833252
DBAASPS_23707,0.3267327547073364
DBAASPS_23708,0.7029702663421631
DBAASPS_23709,0.4059406518936157
DBAASPS_23711,0.7623762488365173
DBAASPS_23712,0.7623762488365173
DBAASPS_23713,0.7722772359848022
DBAASPS_23714,0.07920801639556885
DBAASPS_23715,0.08910906314849854
DBAASPS_23716,0.1980198621749878
DBAASPS_23717,0.27722787857055664
DBAASPS_23718,0.3366338014602661
DBAASPS_23719,0.5049505233764648
DBAASPS_23720,0.3069307804107666
DBAASPS_23721,0.5544554591178894
DBAASPS_23722,0.41584163904190063
DBAASPS_23726,0.6633663773536682
DBAASPS_23727,0.5940594673156738
DBAASPS_23729,0.7623762488365173
DBAASPS_23730,0.7326732873916626
DBAASPS_23731,0.6534653902053833
DBAASPS_23732,0.5643564462661743
DBAASPS_23733,0.7524752616882324
DBAASPS_23735,0.7656765580177307
DBAASPS_23736,0.6534653306007385
DBAASPN_23744,0.4752475619316101
DBAASPN_23745,0.41584163904190063
DBAASPS_23769,0.5940594673156738
DBAASPR_23787,0.5742574334144592
DBAASPS_23821,0.7128713130950928
DBAASPS_23822,0.6732673645019531
DBAASPS_23823,0.603960394859314
DBAASPS_23824,0.7029702663421631
DBAASPS_23825,0.6138614416122437
DBAASPS_23826,0.693069338798523
DBAASPS_23827,0.7029702663421631
DBAASPS_23828,0.5841584205627441
DBAASPS_23829,0.6138614416122437
DBAASPS_23830,0.8811880946159363
DBAASPS_23831,0.485148549079895
DBAASPS_23832,0.6831682920455933
DBAASPS_23833,0.8415841460227966
DBAASPS_23834,0.4752475619316101
DBAASPS_23835,0.6732673645019531
DBAASPS_23842,0.6633663177490234
DBAASPS_23843,0.7252475023269653
DBAASPS_23859,0.6138613820075989
DBAASPS_23860,0.7524752616882324
DBAASPS_23861,0.7623762488365173
DBAASPS_23862,0.7623762488365173
DBAASPR_23863,0.8910890817642212
DBAASPS_23877,0.6732673645019531
DBAASPS_23878,0.7821782231330872
DBAASPS_23879,0.8118811845779419
DBAASPS_23880,0.8217821717262268
DBAASPS_23881,0.7920792102813721
DBAASPS_23891,0.7326732873916626
DBAASPS_23893,0.7128713130950928
DBAASPS_23894,0.485148549079895
DBAASPS_23896,0.6732673645019531
DBAASPS_23899,0.6089109182357788
DBAASPS_23933,0.3960396647453308
DBAASPS_23976,0.3861386775970459
DBAASPS_23977,0.09901010990142822
DBAASPS_23978,0.7128713130950928
DBAASPS_23979,0.6138614416122437
DBAASPS_23980,0.6831682920455933
DBAASPS_23981,0.7623762488365173
DBAASPS_23982,0.6435643434524536
DBAASPS_23983,0.7425742149353027
DBAASPS_23984,0.6435643434524536
DBAASPS_23985,0.6435643434524536
DBAASPS_23986,0.7326732873916626
DBAASPS_23987,0.7623761892318726
DBAASPS_23988,0.7425742149353027
DBAASPS_23989,0.7128713130950928
DBAASPS_24010,0.20792090892791748
DBAASPS_24011,0.693069338798523
DBAASPS_24012,0.7227723002433777
DBAASPS_24013,0.148514986038208
DBAASPS_24014,0.7029702663421631
DBAASPS_24015,0.6732673645019531
DBAASPS_24016,0.35643571615219116
DBAASPS_24017,0.5049505233764648
DBAASPS_24018,0.13861405849456787
DBAASPS_24019,0.3399341106414795
DBAASPS_24020,0.019802093505859375
DBAASPS_24021,0.6336634159088135
DBAASPS_24022,0.16831696033477783
DBAASPS_24023,0.08910906314849854
DBAASPS_24024,0.24752485752105713
DBAASPS_24025,0.7722772359848022
DBAASPS_24026,0.06930708885192871
DBAASPS_24027,0.13861393928527832
DBAASPS_24028,0.4059406518936157
DBAASPS_24029,0.26732683181762695
DBAASPS_24030,0.5247524976730347
DBAASPS_24031,0.5841584205627441
DBAASPS_24032,0.42574262619018555
DBAASPS_24033,0.49504953622817993
DBAASPS_24034,0.2871288061141968
DBAASPS_24035,0.05940604209899902
DBAASPS_24036,0.7920792102813721
DBAASPS_24037,0.603960394859314
DBAASPS_24038,0.6732673645019531
DBAASPS_24039,0.603960394859314
DBAASPS_24040,0.2871288061141968
DBAASPS_24041,0.4554455876350403
DBAASPS_24042,0.21782183647155762
DBAASPS_24043,0.12871301174163818
DBAASPS_24044,0.3514852523803711
DBAASPS_24045,0.27722787857055664
DBAASPS_24046,0.19801998138427734
DBAASPS_24047,0.26732683181762695
DBAASPS_24048,0.10891103744506836
DBAASPS_24049,0.29702985286712646
DBAASPS_24050,0.7722772359848022
DBAASPS_24051,0.18811893463134766
DBAASPS_24052,0.148514986038208
DBAASPS_24054,0.6138613820075989
DBAASPS_24055,0.09900999069213867
DBAASPS_24056,0.594059407711029
DBAASPS_24057,0.5841584205627441
DBAASPS_24058,0.5247524976730347
DBAASPS_24059,0.5643564462661743
DBAASPS_24061,0.7227723002433777
DBAASPS_24062,0.6336633563041687
DBAASPS_24064,0.6435643434524536
DBAASPS_24065,0.603960394859314
DBAASPS_24067,0.6435643434524536
DBAASPS_24068,0.5049505233764648
DBAASPS_24069,0.693069338798523
DBAASPS_24070,0.6336634159088135
DBAASPS_24071,0.33663374185562134
DBAASPS_24072,0.2970297336578369
DBAASPS_24073,0.3168318271636963
DBAASPS_24074,0.43564361333847046
DBAASPS_24075,0.5346534848213196
DBAASPS_24078,0.6831682920455933
DBAASPS_24149,0.7029702663421631
DBAASPS_24150,0.7326732873916626
DBAASPS_24151,0.9603960514068604
DBAASPS_24152,0.8613861799240112
DBAASPS_24153,0.9009901285171509
DBAASPS_24154,0.7425742149353027
DBAASPS_24155,0.6633663177490234
DBAASPS_24156,0.9207921028137207
DBAASPS_24157,0.8910890817642212
DBAASPS_24158,0.9306930899620056
DBAASPS_24159,0.9108911156654358
DBAASPS_24166,0.7524752616882324
DBAASPS_24167,0.6633663177490234
DBAASPS_24169,0.7722772359848022
DBAASPS_24170,0.7326732873916626
DBAASPS_24200,0.8217821717262268
DBAASPS_24206,0.8712871074676514
DBAASPS_24207,0.7722772359848022
DBAASPS_24209,0.8514851331710815
DBAASPS_24210,0.8910890817642212
DBAASPS_24211,0.9009901285171509
DBAASPS_24233,0.603960394859314
DBAASPS_24234,0.43564361333847046
DBAASPS_24235,0.3663367033004761
DBAASPS_24236,0.41584163904190063
DBAASPS_24238,0.8712871074676514
DBAASPS_24261,0.8613861203193665
DBAASPS_24267,0.9207921028137207
DBAASPS_24268,0.574257493019104
DBAASPS_24269,0.5742574334144592
DBAASPS_24270,0.5049505233764648
DBAASPS_24271,0.43564361333847046
DBAASPS_24272,0.574257493019104
DBAASPS_24273,0.6138614416122437
DBAASPS_24274,0.8613861799240112
DBAASPS_24275,0.43564361333847046
DBAASPS_24276,0.6633663177490234
DBAASPS_24277,0.5544554591178894
DBAASPS_24278,0.693069338798523
DBAASPS_24279,0.485148549079895
DBAASPS_24280,0.4752475619316101
DBAASPS_24281,0.6138614416122437
DBAASPS_24282,0.5544554591178894
DBAASPS_24283,0.603960394859314
DBAASPS_24285,0.8910890817642212
DBAASPS_24286,0.34653472900390625
DBAASPS_24287,0.7425742745399475
DBAASPS_24288,0.1980198621749878
DBAASPS_24289,0.485148549079895
DBAASPS_24290,0.15841591358184814
DBAASPS_24291,0.4554455876350403
DBAASPS_24292,0.29702985286712646
DBAASPS_24293,0.6534653902053833
DBAASPS_24294,0.27722787857055664
DBAASPS_24295,0.5222772359848022
DBAASPS_24296,0.4653465747833252
DBAASPS_24297,0.5049505233764648
DBAASPS_24298,0.5247524976730347
DBAASPS_24299,0.4653465747833252
DBAASPS_24300,0.33663368225097656
DBAASPS_24301,0.5445544719696045
DBAASPS_24302,0.3663367033004761
DBAASPS_24303,0.34653472900390625
DBAASPS_24304,0.7029702663421631
DBAASPS_24305,0.881188154220581
DBAASPS_24307,0.5247524976730347
DBAASPS_24308,0.5049505233764648
DBAASPS_24309,0.7623762488365173
DBAASPS_24310,0.881188154220581
DBAASPS_24311,0.4059406518936157
DBAASPS_24312,0.5247524976730347
DBAASPS_24313,0.5544554591178894
DBAASPS_24314,0.5148515105247498
DBAASPS_24315,0.693069338798523
DBAASPS_24316,0.8217821717262268
DBAASPS_24317,0.8316831588745117
DBAASPS_24318,0.18811893463134766
DBAASPS_24326,0.485148549079895
DBAASPS_24327,0.5445544719696045
DBAASPS_24328,0.49504953622817993
DBAASPS_24329,0.5247524976730347
DBAASPS_24330,0.5049505233764648
DBAASPS_24331,0.4752475619316101
DBAASPS_24332,0.49504953622817993
DBAASPS_24333,0.3168318271636963
DBAASPS_24334,0.5247524976730347
DBAASPS_24335,0.485148549079895
DBAASPS_24336,0.43564361333847046
DBAASPS_24338,0.27722787857055664
DBAASPS_24348,0.5742574334144592
DBAASPS_24349,0.6633663177490234
DBAASPS_24350,0.6633663773536682
DBAASPS_24352,0.594059407711029
DBAASPS_24353,0.5247524976730347
DBAASPS_24354,0.5841584205627441
DBAASPR_24355,0.5346534848213196
DBAASPS_24356,0.5643564462661743
DBAASPS_24357,0.6336634159088135
DBAASPS_24358,0.5346534848213196
DBAASPS_24359,0.4653465747833252
DBAASPS_24360,0.44554460048675537
DBAASPS_24361,0.603960394859314
DBAASPS_24362,0.42574262619018555
DBAASPS_24363,0.5544554591178894
DBAASPS_24364,0.4554455876350403
DBAASPS_24365,0.49504953622817993
DBAASPS_24366,0.693069338798523
DBAASPS_24367,0.7524752616882324
DBAASPS_24368,0.4653465747833252
DBAASPS_24369,0.7524752616882324
DBAASPS_24370,0.5247524976730347
DBAASPS_24371,0.6534653902053833
DBAASPS_24379,0.26732683181762695
DBAASPS_24381,0.7128713130950928
DBAASPS_24400,0.376237690448761
DBAASPS_24401,0.5742574334144592
DBAASPS_24402,0.5049505233764648
DBAASPS_24403,0.6336634159088135
DBAASPR_24405,0.20792090892791748
DBAASPR_24406,0.49504953622817993
DBAASPS_24420,0.5346534848213196
DBAASPS_24422,0.6262376308441162
DBAASPR_24423,0.6732673645019531
DBAASPS_24424,0.7227723002433777
DBAASPS_24425,0.6831682920455933
DBAASPS_24426,0.6732673645019531
DBAASPS_24427,0.6633663177490234
DBAASPS_24428,0.6831682920455933
DBAASPS_24429,0.5247524976730347
DBAASPS_24430,0.5841584205627441
DBAASPS_24431,0.6138614416122437
DBAASPS_24432,0.6336634159088135
DBAASPS_24433,0.6732673645019531
DBAASPS_24434,0.603960394859314
DBAASPS_24435,0.7029702663421631
DBAASPS_24436,0.5198020339012146
DBAASPS_24437,0.5346535444259644
DBAASPR_24438,0.574257493019104
DBAASPR_24439,0.6831682920455933
DBAASPR_24440,0.18811893463134766
DBAASPS_24441,0.4554455876350403
DBAASPS_24443,0.31683170795440674
DBAASPS_24444,0.485148549079895
DBAASPS_24445,0.4059406518936157
DBAASPS_24446,0.5049505233764648
DBAASPS_24447,0.5445544719696045
DBAASPS_24448,0.5148515105247498
DBAASPS_24449,0.6633663177490234
DBAASPS_24450,0.5346534848213196
DBAASPS_24452,0.7128713130950928
DBAASPS_24453,0.4059406518936157
DBAASPS_24454,0.5247524976730347
DBAASPS_24455,0.485148549079895
DBAASPS_24456,0.8217821717262268
DBAASPS_24457,0.5643564462661743
DBAASPS_24458,0.4752475619316101
DBAASPS_24459,0.5445544719696045
DBAASPS_24460,0.41584163904190063
DBAASPS_24469,0.44554460048675537
DBAASPS_24471,0.34653472900390625
DBAASPS_24472,0.2970297336578369
DBAASPS_24473,0.20792090892791748
DBAASPS_24509,0.6237623691558838
DBAASPS_24510,0.6336634159088135
DBAASPS_24511,0.6831682920455933
DBAASPS_24512,0.5643564462661743
DBAASPS_24513,0.7227722406387329
DBAASPS_24514,0.7425742745399475
DBAASPS_24515,0.7227722406387329
DBAASPS_24516,0.7227722406387329
DBAASPS_24517,0.7425742149353027
DBAASPS_24518,0.7920792102813721
DBAASPS_24535,0.7623762488365173
DBAASPS_24537,0.376237690448761
DBAASPS_24568,0.603960394859314
DBAASPS_24611,0.2574259042739868
DBAASPS_24612,0.3168317675590515
DBAASPS_24614,0.5841584205627441
DBAASPS_24615,0.485148549079895
DBAASPS_24616,0.3960396647453308
DBAASPS_24617,0.4653465747833252
DBAASPS_24618,0.693069338798523
DBAASPS_24619,0.6534653902053833
DBAASPS_24620,0.8316831588745117
DBAASPS_24621,0.5049505233764648
DBAASPS_24622,0.6732673645019531
DBAASPS_24623,0.5643564462661743
DBAASPS_24624,0.5643564462661743
DBAASPS_24625,0.5940594673156738
DBAASPS_24626,0.3069307804107666
DBAASPS_24627,0.5247524976730347
DBAASPS_24628,0.3267327547073364
DBAASPS_24629,0.5247524976730347
DBAASPS_24630,0.5544554591178894
DBAASPS_24631,0.485148549079895
DBAASPS_24632,0.48762381076812744
DBAASPS_24633,0.603960394859314
DBAASPS_24634,0.3960396647453308
DBAASPS_24635,0.34653472900390625
DBAASPS_24636,0.6633663177490234
DBAASPS_24637,0.485148549079895
DBAASPS_24638,0.5445544719696045
DBAASPS_24639,0.5569307208061218
DBAASPS_24640,0.5445544719696045
DBAASPS_24641,0.5445544719696045
DBAASPS_24643,0.6831682920455933
DBAASPS_24644,0.693069338798523
DBAASPS_24645,0.6237623691558838
DBAASPR_24646,0.6534653902053833
DBAASPS_24647,0.693069338798523
DBAASPS_24648,0.693069338798523
DBAASPS_24649,0.6633663177490234
DBAASPS_24650,0.7029702663421631
DBAASPS_24651,0.7029702663421631
DBAASPS_24652,0.7029702663421631
DBAASPS_24653,0.6435643434524536
DBAASPS_24654,0.6633663177490234
DBAASPS_24655,0.8118811845779419
DBAASPS_24657,0.801980197429657
DBAASPS_24658,0.5049505233764648
DBAASPS_24659,0.6336634159088135
DBAASPS_24660,0.5445544719696045
DBAASPS_24661,0.376237690448761
DBAASPS_24662,0.8514851331710815
DBAASPS_24663,0.6336634159088135
DBAASPR_24674,0.9801980257034302
DBAASPR_24677,0.9504950642585754
DBAASPR_24678,0.683168351650238
DBAASPS_24679,0.7227723002433777
DBAASPS_24687,0.5049505233764648
DBAASPS_24688,0.7920792102813721
DBAASPS_24689,0.35643571615219116
DBAASPS_24806,0.910891056060791
DBAASPS_24807,0.8514851331710815
DBAASPS_24808,0.9207921028137207
DBAASPS_24809,0.881188154220581
DBAASPS_24810,0.8910890817642212
DBAASPS_24811,0.881188154220581
DBAASPS_24812,0.9207921028137207
DBAASPS_24813,0.8316831588745117
DBAASPS_24814,0.7227722406387329
DBAASPR_24856,0.11881208419799805
DBAASPS_24857,0.1584160327911377
DBAASPS_24859,0.26732683181762695
DBAASPS_24868,0.7227722406387329
DBAASPS_24869,0.6831682920455933
DBAASPS_24870,0.43564361333847046
DBAASPS_24871,0.5445544719696045
DBAASPS_24872,0.3069307804107666
DBAASPS_24873,0.4752475619316101
DBAASPS_24874,0.7821782231330872
DBAASPS_24875,0.8415841460227966
DBAASPS_24876,0.7920792102813721
DBAASPS_24877,0.7821782231330872
DBAASPS_24878,0.5445544719696045
DBAASPS_24879,0.5445544719696045
DBAASPS_24880,0.4752475619316101
DBAASPS_24889,0.5841584205627441
DBAASPS_24890,0.43564361333847046
DBAASPS_24891,0.5544555187225342
DBAASPS_24892,0.27722787857055664
DBAASPS_24893,0.3663367033004761
DBAASPS_24894,0.5544555187225342
DBAASPS_24895,0.4752475619316101
DBAASPS_24896,0.6435643434524536
DBAASPS_24897,0.34653472900390625
DBAASPS_24898,0.3861386775970459
DBAASPS_24910,0.3267327547073364
DBAASPS_24912,0.4752475619316101
DBAASPS_24923,0.693069338798523
DBAASPS_24924,0.8118811845779419
DBAASPS_24925,0.7920792102813721
DBAASPS_24926,0.6435643434524536
DBAASPS_24927,0.693069338798523
DBAASPS_24928,0.7029702663421631
DBAASPS_24929,0.7128713130950928
DBAASPS_24930,0.594059407711029
DBAASPS_24931,0.7227723002433777
DBAASPS_24932,0.7821782231330872
DBAASPS_24942,0.5445544719696045
DBAASPS_24943,0.5643564462661743
DBAASPS_24944,0.4752475619316101
DBAASPS_24945,0.6831682920455933
DBAASPS_24946,0.5445544719696045
DBAASPS_24947,0.5742574334144592
DBAASPS_24948,0.4554455876350403
DBAASPS_24949,0.574257493019104
DBAASPS_24950,0.7722772359848022
DBAASPS_24951,0.7821782231330872
DBAASPS_24952,0.5544555187225342
DBAASPS_24953,0.7227722406387329
DBAASPS_24954,0.6732673645019531
DBAASPS_24955,0.693069338798523
DBAASPS_24956,0.5940594673156738
DBAASPS_24957,0.6336634159088135
DBAASPS_24958,0.801980197429657
DBAASPS_24959,0.8217821717262268
DBAASPS_24960,0.5346535444259644
DBAASPS_24961,0.693069338798523
DBAASPS_24962,0.7128713130950928
DBAASPS_24963,0.7425742149353027
DBAASPS_24964,0.5346535444259644
DBAASPS_24965,0.6237623691558838
DBAASPS_24966,0.7920792102813721
DBAASPS_24968,0.7326732873916626
DBAASPS_24970,0.8712871074676514
DBAASPS_24971,0.8316831588745117
DBAASPS_24972,0.8514851331710815
DBAASPS_24973,0.7524752616882324
DBAASPS_24974,0.8217821717262268
DBAASPS_24975,0.7326732873916626
DBAASPS_24983,0.6732673645019531
DBAASPS_24984,0.5544555187225342
DBAASPS_24985,0.4554455876350403
DBAASPS_24986,0.7128713130950928
DBAASPS_24987,0.7722772359848022
DBAASPS_24988,0.6633663177490234
DBAASPS_24989,0.5346534848213196
DBAASPS_24990,0.44554460048675537
DBAASPS_25012,0.5148515105247498
DBAASPS_25013,0.3960396647453308
DBAASPS_25014,0.3960396647453308
DBAASPS_25015,0.5346534848213196
DBAASPS_25016,0.5247524976730347
DBAASPS_25017,0.5148515105247498
DBAASPS_25018,0.5049505233764648
DBAASPS_25019,0.5247524976730347
DBAASPS_25020,0.485148549079895
DBAASPS_25021,0.5544554591178894
DBAASPS_25022,0.34653472900390625
DBAASPS_25023,0.49504953622817993
DBAASPS_25024,0.5247524976730347
DBAASPS_25025,0.5247524976730347
DBAASPS_25026,0.5247524976730347
DBAASPS_25027,0.4752475619316101
DBAASPS_25028,0.4752475619316101
DBAASPS_25029,0.49504953622817993
DBAASPS_25030,0.5247524976730347
DBAASPS_25031,0.49504953622817993
DBAASPS_25032,0.4752475619316101
DBAASPS_25033,0.5643564462661743
DBAASPS_25034,0.3861386775970459
DBAASPS_25035,0.3861386775970459
DBAASPS_25036,0.603960394859314
DBAASPS_25037,0.5643564462661743
DBAASPS_25038,0.5742574334144592
DBAASPS_25039,0.5148515105247498
DBAASPS_25040,0.5544555187225342
DBAASPS_25041,0.5247524976730347
DBAASPS_25042,0.5544555187225342
DBAASPS_25043,0.5445544719696045
DBAASPS_25044,0.5346534848213196
DBAASPS_25045,0.5445544719696045
DBAASPS_25046,0.5445544719696045
DBAASPS_25047,0.5445544719696045
DBAASPS_25048,0.5445544719696045
DBAASPS_25049,0.5445544719696045
DBAASPS_25050,0.5940594673156738
DBAASPS_25051,0.5544555187225342
DBAASPS_25057,0.3861386775970459
DBAASPS_25058,0.1188119649887085
DBAASPS_25060,0.881188154220581
DBAASPS_25061,0.7557755708694458
DBAASPS_25062,0.6237623691558838
DBAASPS_25063,0.5544554591178894
DBAASPS_25064,0.5643564462661743
DBAASPS_25065,0.6435643434524536
DBAASPS_25066,0.9009901285171509
DBAASPS_25068,0.9009901285171509
DBAASPS_25082,0.42574262619018555
DBAASPS_25083,0.4059406518936157
DBAASPS_25084,0.3960396647453308
DBAASPS_25085,0.6138614416122437
DBAASPS_25086,0.5148515701293945
DBAASPS_25087,0.574257493019104
DBAASPS_25088,0.6237623691558838
DBAASPS_25089,0.5363036394119263
DBAASPS_25090,0.5495049953460693
DBAASPS_25091,0.5709571242332458
DBAASPS_25092,0.5049505233764648
DBAASPS_25093,0.5610561370849609
DBAASPS_25094,0.4950495958328247
DBAASPS_25095,0.5759075880050659
DBAASPS_25096,0.546204686164856
DBAASPS_25097,0.5643564462661743
DBAASPS_25098,0.5709571242332458
DBAASPS_25099,0.5709571242332458
DBAASPS_25100,0.5709571242332458
DBAASPS_25101,0.7029702663421631
DBAASPS_25102,0.4504951238632202
DBAASPS_25103,0.5363036394119263
DBAASPS_25104,0.42574262619018555
DBAASPS_25105,0.5363036394119263
DBAASPS_25106,0.5165016651153564
DBAASPS_25107,0.5049505233764648
DBAASPS_25108,0.5049505233764648
DBAASPS_25109,0.5940594673156738
DBAASPS_25110,0.41584163904190063
DBAASPS_25111,0.5247524976730347
DBAASPS_25112,0.7227722406387329
DBAASPS_25113,0.6831682920455933
DBAASPS_25114,0.7524752616882324
DBAASPS_25115,0.603960394859314
DBAASPS_25116,0.6336634159088135
DBAASPS_25117,0.6336634159088135
DBAASPS_25118,0.4059406518936157
DBAASPS_25119,0.41584163904190063
DBAASPS_25120,0.4653465747833252
DBAASPS_25126,0.5841584205627441
DBAASPS_25128,0.44554460048675537
DBAASPS_25129,0.5445544719696045
DBAASPS_25130,0.5643564462661743
DBAASPS_25131,0.5346535444259644
DBAASPS_25132,0.4653465747833252
DBAASPS_25133,0.5841584205627441
DBAASPS_25134,0.485148549079895
DBAASPS_25135,0.6336634159088135
DBAASPS_25136,0.574257493019104
DBAASPS_25137,0.485148549079895
DBAASPS_25138,0.376237690448761
DBAASPS_25139,0.44554460048675537
DBAASPS_25141,0.34653472900390625
DBAASPS_25142,0.5049505233764648
DBAASPS_25143,0.17821788787841797
DBAASPS_25144,0.04950511455535889
DBAASPS_25145,0.2277228832244873
DBAASPS_25146,0.1188119649887085
DBAASPS_25147,0.16831696033477783
DBAASPS_25154,0.27722787857055664
DBAASPS_25155,0.5445544719696045
DBAASPS_25156,0.5049505233764648
DBAASPS_25157,0.2277228832244873
DBAASPS_25158,0.603960394859314
DBAASPS_25159,0.8316831588745117
DBAASPS_25160,0.35643571615219116
DBAASPS_25161,0.376237690448761
DBAASPS_25162,0.7821782231330872
DBAASPS_25163,0.2277228832244873
DBAASPS_25164,0.29702985286712646
DBAASPS_25165,0.4752475619316101
DBAASPS_25166,0.8217821717262268
DBAASPS_25167,0.4059406518936157
DBAASPS_25168,0.5643564462661743
DBAASPS_25169,0.8712871074676514
DBAASPS_25170,0.574257493019104
DBAASPS_25171,0.8910890817642212
DBAASPS_25172,0.574257493019104
DBAASPS_25173,0.7029702663421631
DBAASPS_25174,0.693069338798523
DBAASPS_25175,0.8118811845779419
DBAASPS_25176,0.7029702663421631
DBAASPS_25177,0.8415842056274414
DBAASPS_25178,0.603960394859314
DBAASPS_25179,0.6435643434524536
DBAASPS_25180,0.3861386775970459
DBAASPS_25181,0.801980197429657
DBAASPS_25182,0.574257493019104
DBAASPS_25183,0.8712871074676514
DBAASPS_25184,0.7425742149353027
DBAASPS_25185,0.6435643434524536
DBAASPS_25186,0.8118811845779419
DBAASPS_25187,0.646039605140686
DBAASPS_25188,0.8316831588745117
DBAASPS_25189,0.7227723002433777
DBAASPS_25190,0.6831682920455933
DBAASPS_25191,0.7227722406387329
DBAASPS_25192,0.49504953622817993
DBAASPS_25193,0.4752475619316101
DBAASPS_25194,0.6534653902053833
DBAASPS_25195,0.4554455876350403
DBAASPS_25196,0.27722787857055664
DBAASPS_25197,0.34653472900390625
DBAASPS_25198,0.3069307804107666
DBAASPS_25199,0.7227723002433777
DBAASPS_25200,0.27722787857055664
DBAASPS_25201,0.7227722406387329
DBAASPS_25202,0.7623762488365173
DBAASPS_25203,0.6534653902053833
DBAASPS_25204,0.7524752616882324
DBAASPS_25206,0.7788779139518738
DBAASPS_25207,0.6534653902053833
DBAASPS_25208,0.7887789011001587
DBAASPS_25209,0.6435643434524536
DBAASPS_25210,0.7722772359848022
DBAASPS_25211,0.7623762488365173
DBAASPS_25212,0.7623762488365173
DBAASPS_25213,0.7029702663421631
DBAASPS_25214,0.7029702663421631
DBAASPS_25215,0.6633663177490234
DBAASPS_25216,0.7029702663421631
DBAASPS_25217,0.7227722406387329
DBAASPS_25218,0.7623762488365173
DBAASPS_25219,0.7227722406387329
DBAASPS_25220,0.7986798882484436
DBAASPS_25234,0.08910906314849854
DBAASPS_25235,0.376237690448761
DBAASPS_25236,0.44554460048675537
DBAASPS_25237,0.17821788787841797
DBAASPS_25238,0.25742578506469727
DBAASPS_25239,0.26732683181762695
DBAASPS_25240,0.35643577575683594
DBAASPS_25244,0.35643571615219116
DBAASPS_25245,0.3861386775970459
DBAASPS_25246,0.3267327547073364
DBAASPS_25247,0.35643571615219116
DBAASPS_25248,0.35643577575683594
DBAASPS_25249,0.4381188750267029
DBAASPS_25250,0.4653465747833252
DBAASPS_25251,0.49504953622817993
DBAASPS_25252,0.6237623691558838
DBAASPS_25253,0.6534653902053833
DBAASPS_25266,0.8118811845779419
DBAASPS_25293,0.8217821717262268
DBAASPS_25294,0.5940594673156738
DBAASPS_25295,0.4653465747833252
DBAASPS_25296,0.5841584205627441
DBAASPS_25297,0.4554455876350403
DBAASPS_25299,0.3663367033004761
DBAASPS_25300,0.6435644030570984
DBAASPS_25301,0.4950495958328247
DBAASPS_25302,0.5148515701293945
DBAASPS_25303,0.41584163904190063
DBAASPS_25304,0.8217821717262268
DBAASPS_25306,0.7029702663421631
DBAASPS_25307,0.8118811845779419
DBAASPS_25308,0.693069338798523
DBAASPS_25309,0.6138614416122437
DBAASPS_25310,0.603960394859314
DBAASPS_25311,0.5841584205627441
DBAASPS_25312,0.7425742149353027
DBAASPS_25313,0.6534653902053833
DBAASPS_25314,0.485148549079895
DBAASPS_25315,0.7425742149353027
DBAASPS_25316,0.9504950642585754
DBAASPS_25317,0.8118811845779419
DBAASPS_25318,0.8217821717262268
DBAASPS_25319,0.6237623691558838
DBAASPS_25320,0.7722772359848022
DBAASPS_25322,0.693069338798523
DBAASPS_25325,0.35643577575683594
FRAG_NEG_trNEGATIVE54877_7_5,0.18811893463134766
FRAG_NEG_trNEGATIVE66214_39_5,0.3366338014602661
FRAG_NEG_trNEGATIVE73562_71_5,0.34653472900390625
FRAG_NEG_trNEGATIVE46818_17_5,0.21782183647155762
FRAG_NEG_trNEGATIVE75343_12_5,0.1980198621749878
FRAG_NEG_trNEGATIVE89716_0_5,0.3663367033004761
FRAG_NEG_trNEGATIVE93592_60_5,0.148514986038208
FRAG_NEG_trNEGATIVE54224_43_5,0.4653465747833252
FRAG_NEG_trNEGATIVE46247_10_5,0.24752485752105713
FRAG_NEG_trNEGATIVE97386_40_5,0.49504953622817993
FRAG_NEG_trNEGATIVE29046_4_5,0.25742578506469727
FRAG_NEG_trNEGATIVE85952_24_5,0.2277228832244873
FRAG_NEG_trNEGATIVE93242_84_5,0.34653472900390625
FRAG_NEG_trNEGATIVE64383_21_5,0.18811893463134766
FRAG_NEG_trNEGATIVE36143_71_5,0.485148549079895
FRAG_NEG_trNEGATIVE67399_0_5,0.148514986038208
FRAG_NEG_trNEGATIVE40726_39_5,0.16831696033477783
FRAG_NEG_trNEGATIVE73295_53_5,0.148514986038208
FRAG_NEG_trNEGATIVE74554_81_5,0.5544554591178894
FRAG_NEG_trNEGATIVE56299_68_5,0.3069307804107666
FRAG_NEG_trNEGATIVE29825_31_5,0.2871288061141968
FRAG_NEG_trNEGATIVE84413_3_5,0.09900999069213867
FRAG_NEG_trNEGATIVE67515_2_5,0.06930708885192871
FRAG_NEG_trNEGATIVE35680_12_5,0.3168318271636963
FRAG_NEG_trNEGATIVE44110_84_5,0.485148549079895
FRAG_NEG_trNEGATIVE63462_70_5,0.2277228832244873
FRAG_NEG_trNEGATIVE42096_16_5,0.21782195568084717
FRAG_NEG_trNEGATIVE45476_2_5,0.44554460048675537
FRAG_NEG_trNEGATIVE92740_66_5,0.3069307804107666
FRAG_NEG_trNEGATIVE79762_5_5,0.34653472900390625
FRAG_NEG_trNEGATIVE52280_20_5,0.485148549079895
FRAG_NEG_trNEGATIVE41232_40_5,0.237623929977417
FRAG_NEG_trNEGATIVE72133_43_5,0.1584160327911377
FRAG_NEG_trNEGATIVE68863_19_5,0.3960396647453308
FRAG_NEG_trNEGATIVE40811_65_5,0.0792081356048584
FRAG_NEG_trNEGATIVE58329_61_5,0.2871288061141968
FRAG_NEG_trNEGATIVE41866_52_5,0.237623929977417
FRAG_NEG_trNEGATIVE54210_33_5,0.24752485752105713
FRAG_NEG_trNEGATIVE49322_43_5,0.148514986038208
FRAG_NEG_trNEGATIVE73751_17_5,0.4059406518936157
FRAG_NEG_trNEGATIVE54980_32_5,0.1188119649887085
FRAG_NEG_trNEGATIVE39947_20_5,0.3168318271636963
FRAG_NEG_trNEGATIVE45129_20_5,0.376237690448761
FRAG_NEG_trNEGATIVE71826_23_5,0.20792090892791748
FRAG_NEG_trNEGATIVE46050_41_5,0.3960396647453308
FRAG_NEG_trNEGATIVE37883_31_5,0.2277228832244873
FRAG_NEG_trNEGATIVE81455_13_5,0.2277228832244873
FRAG_NEG_trNEGATIVE71075_61_5,0.148514986038208
FRAG_NEG_trNEGATIVE40773_33_5,0.20792090892791748
FRAG_NEG_trNEGATIVE49035_20_5,0.5940594673156738
FRAG_NEG_trNEGATIVE33198_73_5,0.18811893463134766
FRAG_NEG_trNEGATIVE87619_35_5,0.21782183647155762
FRAG_NEG_trNEGATIVE46566_5_5,0.2871288061141968
FRAG_NEG_trNEGATIVE44703_17_5,0.25742578506469727
FRAG_NEG_trNEGATIVE74586_69_5,0.3861386775970459
FRAG_NEG_trNEGATIVE41171_7_5,0.10891103744506836
FRAG_NEG_trNEGATIVE97179_52_5,0.1584160327911377
FRAG_NEG_trNEGATIVE86565_46_5,0.08910906314849854
FRAG_NEG_trNEGATIVE35273_36_5,0.2277228832244873
FRAG_NEG_trNEGATIVE61195_2_5,0.18811893463134766
FRAG_NEG_trNEGATIVE54002_41_5,0.12871301174163818
FRAG_NEG_trNEGATIVE48056_65_5,0.18811893463134766
FRAG_NEG_trNEGATIVE95219_59_5,0.25742578506469727
FRAG_NEG_trNEGATIVE37537_36_5,0.5049505233764648
FRAG_NEG_trNEGATIVE82411_24_5,0.12871301174163818
FRAG_NEG_trNEGATIVE73308_64_5,0.1188119649887085
FRAG_NEG_trNEGATIVE28977_65_5,0.3168318271636963
FRAG_NEG_trNEGATIVE44095_57_5,0.03960418701171875
FRAG_NEG_trNEGATIVE40706_34_5,0.3861386775970459
FRAG_NEG_trNEGATIVE32302_70_5,0.4059406518936157
FRAG_NEG_trNEGATIVE63274_37_5,0.20792090892791748
FRAG_NEG_trNEGATIVE72209_2_5,0.237623929977417
FRAG_NEG_trNEGATIVE44857_34_5,0.14026415348052979
FRAG_NEG_trNEGATIVE76571_58_5,0.21782183647155762
FRAG_NEG_trNEGATIVE49883_68_5,0.20792090892791748
FRAG_NEG_trNEGATIVE38647_7_5,0.4950495958328247
FRAG_NEG_trNEGATIVE83484_94_5,0.15841591358184814
FRAG_NEG_trNEGATIVE50749_2_5,0.2871288061141968
FRAG_NEG_trNEGATIVE35325_76_5,0.1188119649887085
FRAG_NEG_trNEGATIVE32612_48_5,0.2772277593612671
FRAG_NEG_trNEGATIVE34637_17_5,0.17821800708770752
FRAG_NEG_trNEGATIVE46186_67_5,0.35643571615219116
FRAG_NEG_trNEGATIVE57924_61_5,0.27722787857055664
FRAG_NEG_trNEGATIVE57112_26_5,0.2574259042739868
FRAG_NEG_trNEGATIVE35886_63_5,0.2772277593612671
FRAG_NEG_trNEGATIVE74579_54_5,0.08910906314849854
FRAG_NEG_trNEGATIVE49831_17_5,0.6435643434524536
FRAG_NEG_trNEGATIVE96178_18_5,0.18811893463134766
FRAG_NEG_trNEGATIVE64510_6_5,0.20792090892791748
FRAG_NEG_trNEGATIVE53289_16_5,0.2277228832244873
FRAG_NEG_trNEGATIVE28817_11_5,0.13861405849456787
FRAG_NEG_trNEGATIVE43334_48_5,0.21782195568084717
FRAG_NEG_trNEGATIVE31537_41_5,0.18811893463134766
FRAG_NEG_trNEGATIVE53963_16_5,0.2277228832244873
FRAG_NEG_trNEGATIVE61063_51_5,0.2277228832244873
FRAG_NEG_trNEGATIVE63035_1_5,0.12871301174163818
FRAG_NEG_trNEGATIVE94732_34_5,0.43729376792907715
FRAG_NEG_trNEGATIVE97010_36_5,0.237623929977417
FRAG_NEG_trNEGATIVE86304_10_5,0.09900999069213867
FRAG_NEG_trNEGATIVE27946_72_5,0.1188119649887085
FRAG_NEG_trNEGATIVE50744_28_5,0.06930708885192871
FRAG_NEG_trNEGATIVE60656_77_5,0.2574259042739868
FRAG_NEG_trNEGATIVE52476_42_5,0.4059406518936157
FRAG_NEG_trNEGATIVE47300_43_5,0.19801998138427734
FRAG_NEG_trNEGATIVE80620_15_5,0.43564361333847046
FRAG_NEG_trNEGATIVE53486_31_5,0.2871288061141968
FRAG_NEG_trNEGATIVE92477_63_5,0.18811893463134766
FRAG_NEG_trNEGATIVE28140_85_5,0.20792090892791748
FRAG_NEG_trNEGATIVE36288_19_5,0.43564361333847046
FRAG_NEG_trNEGATIVE52443_62_5,0.3861386775970459
FRAG_NEG_trNEGATIVE69999_62_5,0.21782183647155762
FRAG_NEG_trNEGATIVE58656_24_5,0.2871288061141968
FRAG_NEG_trNEGATIVE93394_17_5,0.24752485752105713
FRAG_NEG_trNEGATIVE91986_23_5,0.485148549079895
FRAG_NEG_trNEGATIVE43893_49_5,0.23762381076812744
FRAG_NEG_trNEGATIVE38183_17_5,0.029703140258789062
FRAG_NEG_trNEGATIVE76901_38_5,0.17821800708770752
FRAG_NEG_trNEGATIVE51382_53_5,0.2574259042739868
FRAG_NEG_trNEGATIVE38879_31_5,0.1188119649887085
FRAG_NEG_trNEGATIVE85783_95_5,0.148514986038208
FRAG_NEG_trNEGATIVE43403_19_5,0.26732683181762695
FRAG_NEG_trNEGATIVE62668_34_5,0.09900999069213867
FRAG_NEG_trNEGATIVE95863_25_5,0.5148515105247498
FRAG_NEG_trNEGATIVE95453_7_5,0.13861393928527832
FRAG_NEG_trNEGATIVE62491_45_5,0.12871301174163818
FRAG_NEG_trNEGATIVE66921_63_5,0.15841591358184814
FRAG_NEG_trNEGATIVE71371_15_5,0.34653472900390625
FRAG_NEG_trNEGATIVE56902_59_5,0.16831696033477783
FRAG_NEG_trNEGATIVE87037_27_5,0.029703140258789062
FRAG_NEG_trNEGATIVE41436_46_5,0.20792090892791748
FRAG_NEG_trNEGATIVE89118_26_5,0.3861386775970459
FRAG_NEG_trNEGATIVE75977_29_5,0.27722787857055664
FRAG_NEG_trNEGATIVE94294_15_5,0.34653472900390625
FRAG_NEG_trNEGATIVE90804_57_5,0.12871301174163818
FRAG_NEG_trNEGATIVE70917_4_5,0.3267327547073364
FRAG_NEG_trNEGATIVE41051_13_5,0.2277228832244873
FRAG_NEG_trNEGATIVE46198_27_5,0.34653472900390625
FRAG_NEG_trNEGATIVE54604_67_5,0.20792090892791748
FRAG_NEG_trNEGATIVE94294_17_5,0.20792090892791748
FRAG_NEG_trNEGATIVE78726_31_5,0.3861386775970459
FRAG_NEG_trNEGATIVE70777_55_5,0.44554460048675537
FRAG_NEG_trNEGATIVE39818_15_5,0.0792081356048584
FRAG_NEG_trNEGATIVE53064_16_5,0.6534653902053833
FRAG_NEG_trNEGATIVE81382_38_5,0.35643571615219116
FRAG_NEG_trNEGATIVE83908_48_5,0.3168317675590515
FRAG_NEG_trNEGATIVE42081_66_5,0.1980198621749878
FRAG_NEG_trNEGATIVE95911_64_5,0.09900999069213867
FRAG_NEG_trNEGATIVE95174_30_5,0.148514986038208
FRAG_NEG_trNEGATIVE28820_65_5,0.43564361333847046
FRAG_NEG_trNEGATIVE56452_59_5,0.05940604209899902
FRAG_NEG_trNEGATIVE35934_15_5,0.3069307804107666
FRAG_NEG_trNEGATIVE95389_16_5,0.21782183647155762
FRAG_NEG_trNEGATIVE73274_82_5,0.5247524976730347
FRAG_NEG_trNEGATIVE75112_48_5,0.11881208419799805
FRAG_NEG_trNEGATIVE80900_42_5,0.17821800708770752
FRAG_NEG_trNEGATIVE49019_44_5,0.148514986038208
FRAG_NEG_trNEGATIVE68320_90_5,0.13861405849456787
FRAG_NEG_trNEGATIVE51523_42_5,0.19801998138427734
FRAG_NEG_trNEGATIVE50107_36_5,0.13861405849456787
FRAG_NEG_trNEGATIVE48979_24_6,0.20792090892791748
FRAG_NEG_trNEGATIVE77745_30_6,0.3069307804107666
FRAG_NEG_trNEGATIVE38711_43_6,0.08910906314849854
FRAG_NEG_trNEGATIVE43208_14_6,0.03960418701171875
FRAG_NEG_trNEGATIVE81157_32_6,0.15841591358184814
FRAG_NEG_trNEGATIVE85642_29_6,0.20792090892791748
FRAG_NEG_trNEGATIVE62769_77_6,0.2772277593612671
FRAG_NEG_trNEGATIVE36014_19_6,0.21782195568084717
FRAG_NEG_trNEGATIVE63846_58_6,0.17821800708770752
FRAG_NEG_trNEGATIVE54166_81_6,0.26732683181762695
FRAG_NEG_trNEGATIVE30479_5_6,0.26732683181762695
FRAG_NEG_trNEGATIVE35222_26_6,0.237623929977417
FRAG_NEG_trNEGATIVE45990_57_6,0.059406161308288574
FRAG_NEG_trNEGATIVE38900_74_6,0.2871288061141968
FRAG_NEG_trNEGATIVE76068_12_6,0.26732683181762695
FRAG_NEG_trNEGATIVE38419_41_6,0.21782195568084717
FRAG_NEG_trNEGATIVE69422_68_6,0.37623775005340576
FRAG_NEG_trNEGATIVE85642_1_6,0.2277228832244873
FRAG_NEG_trNEGATIVE81308_27_6,0.1584160327911377
FRAG_NEG_trNEGATIVE68397_25_6,0.5445544719696045
FRAG_NEG_trNEGATIVE52994_23_6,0.5940594673156738
FRAG_NEG_trNEGATIVE49537_27_6,0.16831696033477783
FRAG_NEG_trNEGATIVE87653_58_6,0.10891103744506836
FRAG_NEG_trNEGATIVE34429_31_6,0.2871288061141968
FRAG_NEG_trNEGATIVE72430_13_6,0.3663367033004761
FRAG_NEG_trNEGATIVE54369_35_6,0.24752485752105713
FRAG_NEG_trNEGATIVE93056_31_6,0.10891103744506836
FRAG_NEG_trNEGATIVE31628_57_6,0.18811893463134766
FRAG_NEG_trNEGATIVE85455_7_6,0.15841591358184814
FRAG_NEG_trNEGATIVE52653_63_6,0.09900999069213867
FRAG_NEG_trNEGATIVE37292_69_6,0.12871301174163818
FRAG_NEG_trNEGATIVE92477_37_6,0.3861386775970459
FRAG_NEG_trNEGATIVE92667_31_6,0.3564356565475464
FRAG_NEG_trNEGATIVE62037_36_6,0.21782183647155762
FRAG_NEG_trNEGATIVE35355_38_6,0.2277228832244873
FRAG_NEG_trNEGATIVE76642_6_6,0.148514986038208
FRAG_NEG_trNEGATIVE70245_56_6,0.41584163904190063
FRAG_NEG_trNEGATIVE31836_20_6,0.3267327547073364
FRAG_NEG_trNEGATIVE40492_11_6,0.06930708885192871
FRAG_NEG_trNEGATIVE91923_93_6,0.26732683181762695
FRAG_NEG_trNEGATIVE62602_12_6,0.24752485752105713
FRAG_NEG_trNEGATIVE55133_9_6,0.06930708885192871
FRAG_NEG_trNEGATIVE58963_45_6,0.07920801639556885
FRAG_NEG_trNEGATIVE65434_43_6,0.16831696033477783
FRAG_NEG_trNEGATIVE69105_1_6,0.41584163904190063
FRAG_NEG_trNEGATIVE72031_26_6,0.3168318271636963
FRAG_NEG_trNEGATIVE49502_14_6,0.09901010990142822
FRAG_NEG_trNEGATIVE70892_57_6,0.04950511455535889
FRAG_NEG_trNEGATIVE85500_41_6,0.44554460048675537
FRAG_NEG_trNEGATIVE95155_60_6,0.4554455876350403
FRAG_NEG_trNEGATIVE29896_55_6,0.0396040678024292
FRAG_NEG_trNEGATIVE78999_48_6,0.27722787857055664
FRAG_NEG_trNEGATIVE88967_17_6,0.4752475619316101
FRAG_NEG_trNEGATIVE86192_3_6,0.16831696033477783
FRAG_NEG_trNEGATIVE68314_24_6,0.3168317675590515
FRAG_NEG_trNEGATIVE70709_17_6,0.41584163904190063
FRAG_NEG_trNEGATIVE46529_13_6,0.27722787857055664
FRAG_NEG_trNEGATIVE40586_18_6,0.11881208419799805
FRAG_NEG_trNEGATIVE86340_14_6,0.16831696033477783
FRAG_NEG_trNEGATIVE86307_25_6,0.1188119649887085
FRAG_NEG_trNEGATIVE54669_36_6,0.26732683181762695
FRAG_NEG_trNEGATIVE34808_13_6,0.10891103744506836
FRAG_NEG_trNEGATIVE94727_54_6,0.16831696033477783
FRAG_NEG_trNEGATIVE81833_2_6,0.4554455876350403
FRAG_NEG_trNEGATIVE88015_7_6,0.4554455876350403
FRAG_NEG_trNEGATIVE66906_4_6,0.3168318271636963
FRAG_NEG_trNEGATIVE59246_36_6,0.23762381076812744
FRAG_NEG_trNEGATIVE73770_14_6,0.12871301174163818
FRAG_NEG_trNEGATIVE53275_50_6,0.12871301174163818
FRAG_NEG_trNEGATIVE64579_66_6,0.12871301174163818
FRAG_NEG_trNEGATIVE81470_11_6,0.4752476215362549
FRAG_NEG_trNEGATIVE61294_47_6,0.148514986038208
FRAG_NEG_trNEGATIVE68052_20_6,0.16831696033477783
FRAG_NEG_trNEGATIVE57284_32_6,0.23762381076812744
FRAG_NEG_trNEGATIVE71893_9_6,0.24752485752105713
FRAG_NEG_trNEGATIVE80746_70_6,0.03960418701171875
FRAG_NEG_trNEGATIVE87934_73_6,0.3960396647453308
FRAG_NEG_trNEGATIVE46621_32_6,0.15841591358184814
FRAG_NEG_trNEGATIVE66036_49_6,0.1584160327911377
FRAG_NEG_trNEGATIVE89538_4_6,0.2871288061141968
FRAG_NEG_trNEGATIVE65918_29_6,0.08910906314849854
FRAG_NEG_trNEGATIVE72250_20_6,0.2871288061141968
FRAG_NEG_trNEGATIVE65850_17_6,0.10891103744506836
FRAG_NEG_trNEGATIVE29042_24_6,0.2871288061141968
FRAG_NEG_trNEGATIVE92043_1_6,0.42574262619018555
FRAG_NEG_trNEGATIVE47625_53_6,0.3267327547073364
FRAG_NEG_trNEGATIVE96554_8_6,0.4059406518936157
FRAG_NEG_trNEGATIVE72748_35_6,0.0396040678024292
FRAG_NEG_trNEGATIVE96170_64_6,0.20792090892791748
FRAG_NEG_trNEGATIVE81427_4_6,0.17821800708770752
FRAG_NEG_trNEGATIVE93313_1_6,0.3663367033004761
FRAG_NEG_trNEGATIVE40564_47_6,0.3960396647453308
FRAG_NEG_trNEGATIVE96047_47_6,0.31683170795440674
FRAG_NEG_trNEGATIVE36281_0_6,0.20792090892791748
FRAG_NEG_trNEGATIVE90894_8_6,0.20792090892791748
FRAG_NEG_trNEGATIVE88698_0_6,0.3069307804107666
FRAG_NEG_trNEGATIVE33669_13_6,0.2277228832244873
FRAG_NEG_trNEGATIVE87521_49_6,0.11881208419799805
FRAG_NEG_trNEGATIVE44461_86_6,0.34653472900390625
FRAG_NEG_trNEGATIVE85548_0_6,0.26732683181762695
FRAG_NEG_trNEGATIVE43631_0_6,0.5247524976730347
FRAG_NEG_trNEGATIVE95899_18_6,0.18811893463134766
FRAG_NEG_trNEGATIVE78653_1_6,0.0396040678024292
FRAG_NEG_trNEGATIVE78535_4_6,0.12871301174163818
FRAG_NEG_trNEGATIVE96908_54_6,0.1188119649887085
FRAG_NEG_trNEGATIVE81777_28_6,0.2871288061141968
FRAG_NEG_trNEGATIVE96612_41_6,0.10891103744506836
FRAG_NEG_trNEGATIVE86785_63_6,0.148514986038208
FRAG_NEG_trNEGATIVE47846_46_6,0.13861405849456787
FRAG_NEG_trNEGATIVE79864_57_6,0.3663367033004761
FRAG_NEG_trNEGATIVE70019_27_6,0.2772277593612671
FRAG_NEG_trNEGATIVE91991_26_6,0.2970297336578369
FRAG_NEG_trNEGATIVE40770_54_6,0.2772277593612671
FRAG_NEG_trNEGATIVE31776_17_6,0.17821800708770752
FRAG_NEG_trNEGATIVE93923_59_6,0.18811893463134766
FRAG_NEG_trNEGATIVE56579_9_6,0.20792090892791748
FRAG_NEG_trNEGATIVE66583_77_6,0.09900999069213867
FRAG_NEG_trNEGATIVE85924_38_6,0.16831696033477783
FRAG_NEG_trNEGATIVE27638_62_6,0.5148515105247498
FRAG_NEG_trNEGATIVE55853_17_6,0.18811893463134766
FRAG_NEG_trNEGATIVE78954_34_6,0.20792090892791748
FRAG_NEG_trNEGATIVE56019_11_6,0.12871301174163818
FRAG_NEG_trNEGATIVE28072_5_6,0.08910906314849854
FRAG_NEG_trNEGATIVE75621_1_6,0.0792081356048584
FRAG_NEG_trNEGATIVE32244_21_6,0.376237690448761
FRAG_NEG_trNEGATIVE66557_1_6,0.13861393928527832
FRAG_NEG_trNEGATIVE78345_22_6,0.15841591358184814
FRAG_NEG_trNEGATIVE34739_37_6,0.4059406518936157
FRAG_NEG_trNEGATIVE85620_2_6,0.07920801639556885
FRAG_NEG_trNEGATIVE81668_87_6,0.10891103744506836
FRAG_NEG_trNEGATIVE73636_62_6,0.11881208419799805
FRAG_NEG_trNEGATIVE68483_54_6,0.18811893463134766
FRAG_NEG_trNEGATIVE68175_36_6,0.15841591358184814
FRAG_NEG_trNEGATIVE75014_50_6,0.13861405849456787
FRAG_NEG_trNEGATIVE84969_15_6,0.26732683181762695
FRAG_NEG_trNEGATIVE66782_21_6,0.16831696033477783
FRAG_NEG_trNEGATIVE57284_36_6,0.12871301174163818
FRAG_NEG_trNEGATIVE55038_10_6,0.148514986038208
FRAG_NEG_trNEGATIVE60969_36_6,0.04950511455535889
FRAG_NEG_trNEGATIVE32047_32_6,0.148514986038208
FRAG_NEG_trNEGATIVE90011_67_6,0.24752485752105713
FRAG_NEG_trNEGATIVE32110_57_6,0.13861405849456787
FRAG_NEG_trNEGATIVE83217_33_6,0.20792090892791748
FRAG_NEG_trNEGATIVE83659_3_6,0.16831696033477783
FRAG_NEG_trNEGATIVE31776_48_6,0.18811893463134766
FRAG_NEG_trNEGATIVE42197_12_6,0.25742578506469727
FRAG_NEG_trNEGATIVE73295_12_6,0.21782183647155762
FRAG_NEG_trNEGATIVE94727_66_6,0.24752485752105713
FRAG_NEG_trNEGATIVE87370_20_6,0.3168317675590515
FRAG_NEG_trNEGATIVE59072_7_6,0.1584160327911377
FRAG_NEG_trNEGATIVE46932_25_6,0.2772277593612671
FRAG_NEG_trNEGATIVE63500_39_6,0.24752485752105713
FRAG_NEG_trNEGATIVE29734_36_6,0.20792090892791748
FRAG_NEG_trNEGATIVE50631_19_6,0.2871288061141968
FRAG_NEG_trNEGATIVE64627_6_6,0.2772277593612671
FRAG_NEG_trNEGATIVE94232_67_6,0.237623929977417
FRAG_NEG_trNEGATIVE38333_40_6,0.3267327547073364
FRAG_NEG_trNEGATIVE86979_17_6,0.4059406518936157
FRAG_NEG_trNEGATIVE29979_32_6,0.21782183647155762
FRAG_NEG_trNEGATIVE71806_22_6,0.17821788787841797
FRAG_NEG_trNEGATIVE56067_9_6,0.49504953622817993
FRAG_NEG_trNEGATIVE35732_43_6,0.5841584205627441
FRAG_NEG_trNEGATIVE44859_47_6,0.13861393928527832
FRAG_NEG_trNEGATIVE33797_52_6,0.16831696033477783
FRAG_NEG_trNEGATIVE60962_85_6,0.19801998138427734
FRAG_NEG_trNEGATIVE54996_7_6,0.16831696033477783
FRAG_NEG_trNEGATIVE97420_60_6,0.19801998138427734
FRAG_NEG_trNEGATIVE91196_53_6,0.07920801639556885
FRAG_NEG_trNEGATIVE45398_87_6,0.12871301174163818
FRAG_NEG_trNEGATIVE66967_0_6,0.08910906314849854
FRAG_NEG_trNEGATIVE64007_4_6,0.15841591358184814
FRAG_NEG_trNEGATIVE48979_48_6,0.2871288061141968
FRAG_NEG_trNEGATIVE52906_81_6,0.2277228832244873
FRAG_NEG_trNEGATIVE94649_11_6,0.4752475619316101
FRAG_NEG_trNEGATIVE70698_23_6,0.603960394859314
FRAG_NEG_trNEGATIVE91577_3_6,0.20792090892791748
FRAG_NEG_trNEGATIVE95962_8_6,0.0396040678024292
FRAG_NEG_trNEGATIVE55166_60_6,0.29702985286712646
FRAG_NEG_trNEGATIVE27906_20_6,0.5148515105247498
FRAG_NEG_trNEGATIVE68920_32_6,0.5247524976730347
FRAG_NEG_trNEGATIVE43396_48_6,0.27722787857055664
FRAG_NEG_trNEGATIVE77118_23_6,0.06930708885192871
FRAG_NEG_trNEGATIVE90114_79_6,0.2772277593612671
FRAG_NEG_trNEGATIVE60862_38_6,0.4653465747833252
FRAG_NEG_trNEGATIVE45453_13_6,0.27722787857055664
FRAG_NEG_trNEGATIVE43416_23_6,0.06930708885192871
FRAG_NEG_trNEGATIVE88238_19_6,0.20792090892791748
FRAG_NEG_trNEGATIVE28324_69_6,0.08910906314849854
FRAG_NEG_trNEGATIVE93128_5_6,0.18811893463134766
FRAG_NEG_trNEGATIVE96622_15_6,0.2970297336578369
FRAG_NEG_trNEGATIVE54041_56_6,0.35643571615219116
FRAG_NEG_trNEGATIVE34862_0_6,0.2871288061141968
FRAG_NEG_trNEGATIVE40152_12_6,0.18811893463134766
FRAG_NEG_trNEGATIVE45079_46_6,0.34653472900390625
FRAG_NEG_trNEGATIVE54479_74_6,0.12871301174163818
FRAG_NEG_trNEGATIVE69614_1_6,0.485148549079895
FRAG_NEG_trNEGATIVE54818_15_6,0.17821800708770752
FRAG_NEG_trNEGATIVE34565_23_6,0.10891103744506836
FRAG_NEG_trNEGATIVE31301_19_6,0.1584160327911377
FRAG_NEG_trNEGATIVE77548_10_6,0.5049505233764648
FRAG_NEG_trNEGATIVE88233_14_6,0.42574262619018555
FRAG_NEG_trNEGATIVE70917_20_6,0.09901010990142822
FRAG_NEG_trNEGATIVE36276_27_6,0.148514986038208
FRAG_NEG_trNEGATIVE50516_50_6,0.3960396647453308
FRAG_NEG_trNEGATIVE36091_17_6,0.06930708885192871
FRAG_NEG_trNEGATIVE49402_41_6,0.5148515105247498
FRAG_NEG_trNEGATIVE91923_58_6,0.20792090892791748
FRAG_NEG_trNEGATIVE59152_31_6,0.2574259042739868
FRAG_NEG_trNEGATIVE77802_71_6,0.16831696033477783
FRAG_NEG_trNEGATIVE67071_18_6,0.23762381076812744
FRAG_NEG_trNEGATIVE28162_24_6,0.29702985286712646
FRAG_NEG_trNEGATIVE62117_46_6,0.43564361333847046
FRAG_NEG_trNEGATIVE64769_0_6,0.29702985286712646
FRAG_NEG_trNEGATIVE62801_68_6,0.03960418701171875
FRAG_NEG_trNEGATIVE41646_37_6,0.16831696033477783
FRAG_NEG_trNEGATIVE44110_31_6,0.1584160327911377
FRAG_NEG_trNEGATIVE85418_34_6,0.05940604209899902
FRAG_NEG_trNEGATIVE28417_89_6,0.148514986038208
FRAG_NEG_trNEGATIVE28072_16_6,0.148514986038208
FRAG_NEG_trNEGATIVE96787_74_6,0.12871301174163818
FRAG_NEG_trNEGATIVE45659_19_6,0.09900999069213867
FRAG_NEG_trNEGATIVE46276_57_6,0.12871301174163818
FRAG_NEG_trNEGATIVE30835_38_6,0.13861405849456787
FRAG_NEG_trNEGATIVE41073_31_6,0.29702985286712646
FRAG_NEG_trNEGATIVE41004_20_6,0.4752475619316101
FRAG_NEG_trNEGATIVE39155_58_6,0.17821788787841797
FRAG_NEG_trNEGATIVE65520_41_6,0.24752485752105713
FRAG_NEG_trNEGATIVE43655_60_6,0.4059406518936157
FRAG_NEG_trNEGATIVE29278_18_6,0.2970297336578369
FRAG_NEG_trNEGATIVE39650_0_6,0.3168318271636963
FRAG_NEG_trNEGATIVE71610_50_6,0.07920801639556885
FRAG_NEG_trNEGATIVE88830_11_6,0.20792090892791748
FRAG_NEG_trNEGATIVE50132_23_6,0.4752476215362549
FRAG_NEG_trNEGATIVE50874_26_6,0.20792090892791748
FRAG_NEG_trNEGATIVE66120_60_6,0.2970297336578369
FRAG_NEG_trNEGATIVE61136_32_6,0.237623929977417
FRAG_NEG_trNEGATIVE76013_10_6,0.3861386775970459
FRAG_NEG_trNEGATIVE90769_8_6,0.4554455876350403
FRAG_NEG_trNEGATIVE96798_18_6,0.06930708885192871
FRAG_NEG_trNEGATIVE71242_44_6,0.2772277593612671
FRAG_NEG_trNEGATIVE86357_42_6,0.2277228832244873
FRAG_NEG_trNEGATIVE56415_67_6,0.13861393928527832
FRAG_NEG_trNEGATIVE40134_12_6,0.43564361333847046
FRAG_NEG_trNEGATIVE73786_23_6,0.18811893463134766
FRAG_NEG_trNEGATIVE83721_27_6,0.24752485752105713
FRAG_NEG_trNEGATIVE94821_3_6,0.0792081356048584
FRAG_NEG_trNEGATIVE31425_38_6,0.12871301174163818
FRAG_NEG_trNEGATIVE42620_50_6,0.237623929977417
FRAG_NEG_trNEGATIVE86750_18_6,0.10891103744506836
FRAG_NEG_trNEGATIVE97173_66_6,0.3366338014602661
FRAG_NEG_trNEGATIVE60025_52_6,0.3861386775970459
FRAG_NEG_trNEGATIVE70858_23_6,0.17821800708770752
FRAG_NEG_trNEGATIVE37860_39_6,0.2277228832244873
FRAG_NEG_trNEGATIVE55060_27_6,0.21782195568084717
FRAG_NEG_trNEGATIVE57400_84_6,0.43564361333847046
FRAG_NEG_trNEGATIVE48733_40_6,0.13861393928527832
FRAG_NEG_trNEGATIVE39283_67_6,0.09901010990142822
FRAG_NEG_trNEGATIVE90141_65_6,0.2277228832244873
FRAG_NEG_trNEGATIVE74725_20_6,0.43564361333847046
FRAG_NEG_trNEGATIVE42430_66_6,0.21782183647155762
FRAG_NEG_trNEGATIVE56358_27_6,0.05940604209899902
FRAG_NEG_trNEGATIVE65513_46_6,0.04950511455535889
FRAG_NEG_trNEGATIVE75635_2_6,0.1188119649887085
FRAG_NEG_trNEGATIVE90916_42_6,0.19801998138427734
FRAG_NEG_trNEGATIVE80760_74_6,0.4653465747833252
FRAG_NEG_trNEGATIVE30330_57_6,0.148514986038208
FRAG_NEG_trNEGATIVE91970_3_6,0.35643571615219116
FRAG_NEG_trNEGATIVE41866_41_6,0.2277228832244873
FRAG_NEG_trNEGATIVE63422_54_6,0.2871288061141968
FRAG_NEG_trNEGATIVE65465_1_6,0.2871288061141968
FRAG_NEG_trNEGATIVE83752_53_6,0.0396040678024292
FRAG_NEG_trNEGATIVE63175_42_6,0.2871288061141968
FRAG_NEG_trNEGATIVE72346_11_6,0.603960394859314
FRAG_NEG_trNEGATIVE90936_73_6,0.18811893463134766
FRAG_NEG_trNEGATIVE94760_60_6,0.08910906314849854
FRAG_NEG_trNEGATIVE84118_31_6,0.5841584205627441
FRAG_NEG_trNEGATIVE57359_28_6,0.42574262619018555
FRAG_NEG_trNEGATIVE86785_18_6,0.3960396647453308
FRAG_NEG_trNEGATIVE51523_37_6,0.26732683181762695
FRAG_NEG_trNEGATIVE87845_38_6,0.44554460048675537
FRAG_NEG_trNEGATIVE47972_5_6,0.19801998138427734
FRAG_NEG_trNEGATIVE46570_31_6,0.25742578506469727
FRAG_NEG_trNEGATIVE40116_44_6,0.44554460048675537
FRAG_NEG_trNEGATIVE49297_0_6,0.21782183647155762
FRAG_NEG_trNEGATIVE47034_33_6,0.4752475619316101
FRAG_NEG_trNEGATIVE90771_34_6,0.17821788787841797
FRAG_NEG_trNEGATIVE46443_12_6,0.24752485752105713
FRAG_NEG_trNEGATIVE64236_71_6,0.21782195568084717
FRAG_NEG_trNEGATIVE83227_62_6,0.19801998138427734
FRAG_NEG_trNEGATIVE96100_63_6,0.11881208419799805
FRAG_NEG_trNEGATIVE29661_51_6,0.24752485752105713
FRAG_NEG_trNEGATIVE83031_24_6,0.20792090892791748
FRAG_NEG_trNEGATIVE87450_28_6,0.25742578506469727
FRAG_NEG_trNEGATIVE71653_13_6,0.41584163904190063
FRAG_NEG_trNEGATIVE79387_32_6,0.376237690448761
FRAG_NEG_trNEGATIVE55864_35_6,0.12871301174163818
FRAG_NEG_trNEGATIVE37877_10_6,0.34653472900390625
FRAG_NEG_trNEGATIVE54448_28_6,0.13861405849456787
FRAG_NEG_trNEGATIVE45091_23_6,0.1188119649887085
FRAG_NEG_trNEGATIVE29717_18_6,0.4653465747833252
FRAG_NEG_trNEGATIVE61066_35_6,0.237623929977417
FRAG_NEG_trNEGATIVE73619_12_6,0.41584163904190063
FRAG_NEG_trNEGATIVE41004_61_6,0.23762381076812744
FRAG_NEG_trNEGATIVE77111_17_6,0.06930708885192871
FRAG_NEG_trNEGATIVE85795_85_6,0.148514986038208
FRAG_NEG_trNEGATIVE69377_26_6,0.43564361333847046
FRAG_NEG_trNEGATIVE53400_3_6,0.10891103744506836
FRAG_NEG_trNEGATIVE54737_43_6,0.13861405849456787
FRAG_NEG_trNEGATIVE42243_28_6,0.33663374185562134
FRAG_NEG_trNEGATIVE48957_17_6,0.2277228832244873
FRAG_NEG_trNEGATIVE66922_2_6,0.5049505233764648
FRAG_NEG_trNEGATIVE88238_16_6,0.24752485752105713
FRAG_NEG_trNEGATIVE35008_40_6,0.13861393928527832
FRAG_NEG_trNEGATIVE82180_15_6,0.44554460048675537
FRAG_NEG_trNEGATIVE50399_71_6,0.08910906314849854
FRAG_NEG_trNEGATIVE81189_2_6,0.18811893463134766
FRAG_NEG_trNEGATIVE82469_43_6,0.2277228832244873
FRAG_NEG_trNEGATIVE94469_20_6,0.3663367033004761
FRAG_NEG_trNEGATIVE93817_23_6,0.26732683181762695
FRAG_NEG_trNEGATIVE54615_37_6,0.2277228832244873
FRAG_NEG_trNEGATIVE64980_18_6,0.17821788787841797
FRAG_NEG_trNEGATIVE51856_22_6,0.20792090892791748
FRAG_NEG_trNEGATIVE91703_7_6,0.574257493019104
FRAG_NEG_trNEGATIVE44996_38_6,0.5742574334144592
FRAG_NEG_trNEGATIVE37142_24_6,0.6237623691558838
FRAG_NEG_trNEGATIVE28766_34_6,0.16831696033477783
FRAG_NEG_trNEGATIVE87117_54_6,0.10891103744506836
FRAG_NEG_trNEGATIVE40853_2_6,0.2970297336578369
FRAG_NEG_trNEGATIVE57285_76_6,0.20792090892791748
FRAG_NEG_trNEGATIVE87549_30_6,0.31683170795440674
FRAG_NEG_trNEGATIVE31462_34_6,0.26732683181762695
FRAG_NEG_trNEGATIVE31332_33_6,0.21782183647155762
FRAG_NEG_trNEGATIVE65755_1_6,0.10891103744506836
FRAG_NEG_trNEGATIVE70581_54_6,0.23762381076812744
FRAG_NEG_trNEGATIVE95879_12_6,0.376237690448761
FRAG_NEG_trNEGATIVE51325_18_6,0.07920801639556885
FRAG_NEG_trNEGATIVE31694_48_6,0.3069307804107666
FRAG_NEG_trNEGATIVE34646_91_6,0.1188119649887085
FRAG_NEG_trNEGATIVE29455_78_6,0.20792090892791748
FRAG_NEG_trNEGATIVE70403_75_6,0.12871301174163818
FRAG_NEG_trNEGATIVE61477_23_6,0.13861405849456787
FRAG_NEG_trNEGATIVE67604_2_6,0.2277228832244873
FRAG_NEG_trNEGATIVE38089_48_6,0.376237690448761
FRAG_NEG_trNEGATIVE58956_43_6,0.44554460048675537
FRAG_NEG_trNEGATIVE48477_19_6,0.08910906314849854
FRAG_NEG_trNEGATIVE35193_19_6,0.26732683181762695
FRAG_NEG_trNEGATIVE48085_12_6,0.16831696033477783
FRAG_NEG_trNEGATIVE49305_18_6,0.08910906314849854
FRAG_NEG_trNEGATIVE89874_82_6,0.35643571615219116
FRAG_NEG_trNEGATIVE44167_44_6,0.20792090892791748
FRAG_NEG_trNEGATIVE32997_81_6,0.18811893463134766
FRAG_NEG_trNEGATIVE38518_0_6,0.11881208419799805
FRAG_NEG_trNEGATIVE60580_34_6,0.1584160327911377
FRAG_NEG_trNEGATIVE68157_91_6,0.019802093505859375
FRAG_NEG_trNEGATIVE56053_2_6,0.5841584205627441
FRAG_NEG_trNEGATIVE86731_18_6,0.43564361333847046
FRAG_NEG_trNEGATIVE54828_9_6,0.04950511455535889
FRAG_NEG_trNEGATIVE85722_60_6,0.12871301174163818
FRAG_NEG_trNEGATIVE41832_29_6,0.2970297336578369
FRAG_NEG_trNEGATIVE76230_32_6,0.26732683181762695
FRAG_NEG_trNEGATIVE94368_35_6,0.3069307804107666
FRAG_NEG_trNEGATIVE93704_31_6,0.029703140258789062
FRAG_NEG_trNEGATIVE62945_9_7,0.2871288061141968
FRAG_NEG_trNEGATIVE46005_52_7,0.19801998138427734
FRAG_NEG_trNEGATIVE89307_53_7,0.2772277593612671
FRAG_NEG_trNEGATIVE65566_31_7,0.07920801639556885
FRAG_NEG_trNEGATIVE49477_35_7,0.26732683181762695
FRAG_NEG_trNEGATIVE28299_10_7,0.13861393928527832
FRAG_NEG_trNEGATIVE63475_37_7,0.1980198621749878
FRAG_NEG_trNEGATIVE45177_34_7,0.237623929977417
FRAG_NEG_trNEGATIVE60936_26_7,0.09901010990142822
FRAG_NEG_trNEGATIVE97143_76_7,0.24752485752105713
FRAG_NEG_trNEGATIVE97497_51_7,0.26732683181762695
FRAG_NEG_trNEGATIVE30217_48_7,0.06930708885192871
FRAG_NEG_trNEGATIVE73100_62_7,0.7227723002433777
NEG_trNEGATIVE50367,0.0396040678024292
FRAG_NEG_trNEGATIVE28397_2_7,0.15841591358184814
FRAG_NEG_trNEGATIVE41854_0_7,0.3861386775970459
NEG_trNEGATIVE102727,0.029703140258789062
FRAG_NEG_trNEGATIVE33051_39_7,0.20792090892791748
FRAG_NEG_trNEGATIVE94119_32_7,0.49504953622817993
FRAG_NEG_trNEGATIVE73407_28_7,0.24752485752105713
FRAG_NEG_trNEGATIVE53242_36_7,0.2574259042739868
FRAG_NEG_trNEGATIVE37162_43_7,0.21782195568084717
FRAG_NEG_trNEGATIVE96572_40_7,0.04950511455535889
FRAG_NEG_trNEGATIVE79590_31_7,0.17821800708770752
FRAG_NEG_trNEGATIVE70576_53_7,0.07920801639556885
FRAG_NEG_trNEGATIVE92737_37_7,0.03960418701171875
FRAG_NEG_trNEGATIVE55180_57_7,0.15841591358184814
FRAG_NEG_trNEGATIVE69593_28_7,0.5049505233764648
FRAG_NEG_trNEGATIVE28215_85_7,0.17821800708770752
FRAG_NEG_trNEGATIVE53608_2_7,0.18811893463134766
FRAG_NEG_trNEGATIVE92486_60_7,0.16831696033477783
FRAG_NEG_trNEGATIVE86142_7_7,0.09901010990142822
FRAG_NEG_trNEGATIVE46224_19_7,0.18811893463134766
FRAG_NEG_trNEGATIVE30755_40_7,0.18811893463134766
FRAG_NEG_trNEGATIVE74779_27_7,0.10891103744506836
FRAG_NEG_trNEGATIVE55418_22_7,0.17821800708770752
FRAG_NEG_trNEGATIVE69830_18_7,0.0792081356048584
FRAG_NEG_trNEGATIVE73694_48_7,0.26732683181762695
FRAG_NEG_trNEGATIVE31117_38_7,0.18811893463134766
FRAG_NEG_trNEGATIVE89727_9_7,0.376237690448761
FRAG_NEG_trNEGATIVE54604_66_7,0.20792090892791748
FRAG_NEG_trNEGATIVE65500_15_7,0.148514986038208
FRAG_NEG_trNEGATIVE95502_43_7,0.09900999069213867
FRAG_NEG_trNEGATIVE61287_7_7,0.4554455876350403
FRAG_NEG_trNEGATIVE44670_24_7,0.12871301174163818
FRAG_NEG_trNEGATIVE84467_64_7,0.25742578506469727
FRAG_NEG_trNEGATIVE78365_6_7,0.2277228832244873
FRAG_NEG_trNEGATIVE64901_16_7,0.43564361333847046
FRAG_NEG_trNEGATIVE74514_56_7,0.18811893463134766
FRAG_NEG_trNEGATIVE71921_36_7,0.3267327547073364
FRAG_NEG_trNEGATIVE87789_28_7,0.16831696033477783
FRAG_NEG_trNEGATIVE66389_33_7,0.148514986038208
FRAG_NEG_trNEGATIVE48116_13_7,0.08910906314849854
FRAG_NEG_trNEGATIVE75864_36_7,0.42574262619018555
FRAG_NEG_trNEGATIVE38254_45_7,0.2277228832244873
FRAG_NEG_trNEGATIVE76115_25_7,0.23762381076812744
FRAG_NEG_trNEGATIVE44980_19_7,0.15841591358184814
FRAG_NEG_trNEGATIVE90062_8_7,0.08910906314849854
FRAG_NEG_trNEGATIVE48937_33_7,0.3663367033004761
NEG_trNEGATIVE95141,0.05940604209899902
FRAG_NEG_trNEGATIVE62744_66_7,0.237623929977417
FRAG_NEG_trNEGATIVE30341_36_7,0.09900999069213867
FRAG_NEG_trNEGATIVE85974_31_7,0.17821788787841797
FRAG_NEG_trNEGATIVE80654_2_7,0.26732683181762695
FRAG_NEG_trNEGATIVE93174_15_7,0.13861393928527832
FRAG_NEG_trNEGATIVE39535_67_7,0.18811893463134766
FRAG_NEG_trNEGATIVE88024_8_7,0.3069307804107666
FRAG_NEG_trNEGATIVE31502_25_7,0.059406161308288574
FRAG_NEG_trNEGATIVE45182_24_7,0.09901010990142822
FRAG_NEG_trNEGATIVE96505_71_7,0.21782183647155762
FRAG_NEG_trNEGATIVE52240_34_7,0.2277228832244873
FRAG_NEG_trNEGATIVE49141_11_7,0.38778889179229736
FRAG_NEG_trNEGATIVE47118_25_7,0.13861393928527832
FRAG_NEG_trNEGATIVE52335_11_7,0.33663374185562134
FRAG_NEG_trNEGATIVE70799_82_7,0.059406161308288574
FRAG_NEG_trNEGATIVE92287_17_7,0.13861405849456787
FRAG_NEG_trNEGATIVE95145_83_7,0.17821788787841797
FRAG_NEG_trNEGATIVE66231_18_7,0.18811893463134766
FRAG_NEG_trNEGATIVE67849_54_7,0.09900999069213867
FRAG_NEG_trNEGATIVE44859_50_7,0.08910906314849854
FRAG_NEG_trNEGATIVE61810_24_7,0.1188119649887085
FRAG_NEG_trNEGATIVE93986_28_7,0.27722787857055664
FRAG_NEG_trNEGATIVE80147_16_7,0.20792090892791748
FRAG_NEG_trNEGATIVE45233_19_7,0.3168317675590515
FRAG_NEG_trNEGATIVE33993_9_7,0.12871301174163818
FRAG_NEG_trNEGATIVE79963_43_7,0.3267327547073364
FRAG_NEG_trNEGATIVE69126_63_7,0.18811893463134766
FRAG_NEG_trNEGATIVE90851_37_7,0.34653472900390625
FRAG_NEG_trNEGATIVE54933_42_7,0.1980198621749878
FRAG_NEG_trNEGATIVE49274_10_7,0.3861386775970459
FRAG_NEG_trNEGATIVE29883_73_7,0.3861386775970459
FRAG_NEG_trNEGATIVE88487_4_7,0.41584163904190063
FRAG_NEG_trNEGATIVE59367_59_7,0.06930708885192871
FRAG_NEG_trNEGATIVE82168_0_7,0.33663374185562134
FRAG_NEG_trNEGATIVE41912_54_7,0.09900999069213867
FRAG_NEG_trNEGATIVE63123_25_7,0.4059406518936157
FRAG_NEG_trNEGATIVE91063_7_7,0.25742578506469727
FRAG_NEG_trNEGATIVE92854_22_7,0.07920801639556885
FRAG_NEG_trNEGATIVE86565_25_7,0.08910906314849854
FRAG_NEG_trNEGATIVE46990_4_7,0.03960418701171875
FRAG_NEG_trNEGATIVE81833_12_7,0.21782195568084717
FRAG_NEG_trNEGATIVE41420_39_7,0.3168317675590515
FRAG_NEG_trNEGATIVE84570_27_7,0.1584160327911377
FRAG_NEG_trNEGATIVE48209_6_7,0.26732683181762695
FRAG_NEG_trNEGATIVE39843_65_7,0.0792081356048584
FRAG_NEG_trNEGATIVE83237_27_7,0.13861393928527832
NEG_trNEGATIVE35087,0.019802093505859375
FRAG_NEG_trNEGATIVE82153_57_7,0.24752485752105713
FRAG_NEG_trNEGATIVE56828_27_7,0.05940604209899902
FRAG_NEG_trNEGATIVE54857_12_7,0.10891103744506836
FRAG_NEG_trNEGATIVE50504_83_7,0.029703140258789062
FRAG_NEG_trNEGATIVE75528_10_7,0.3366338014602661
FRAG_NEG_trNEGATIVE36338_1_7,0.0396040678024292
FRAG_NEG_trNEGATIVE33183_60_7,0.148514986038208
FRAG_NEG_trNEGATIVE37172_54_7,0.27722787857055664
FRAG_NEG_trNEGATIVE83523_29_7,0.06930708885192871
FRAG_NEG_trNEGATIVE70990_9_7,0.05940604209899902
FRAG_NEG_trNEGATIVE58907_14_7,0.29702985286712646
FRAG_NEG_trNEGATIVE40060_63_7,0.10891103744506836
FRAG_NEG_trNEGATIVE83601_6_7,0.3267327547073364
FRAG_NEG_trNEGATIVE64605_14_7,0.26732683181762695
FRAG_NEG_trNEGATIVE67065_1_7,0.21782195568084717
FRAG_NEG_trNEGATIVE88066_37_7,0.29702985286712646
FRAG_NEG_trNEGATIVE53868_76_7,0.6336634159088135
FRAG_NEG_trNEGATIVE42895_23_7,0.029703140258789062
FRAG_NEG_trNEGATIVE56379_79_7,0.08910906314849854
FRAG_NEG_trNEGATIVE42733_21_7,0.27722787857055664
FRAG_NEG_trNEGATIVE59021_26_7,0.42574262619018555
FRAG_NEG_trNEGATIVE31903_54_7,0.2277228832244873
FRAG_NEG_trNEGATIVE39874_32_7,0.25742578506469727
FRAG_NEG_trNEGATIVE95793_74_7,0.09901010990142822
FRAG_NEG_trNEGATIVE31023_26_7,0.18811893463134766
FRAG_NEG_trNEGATIVE48317_51_7,0.25742578506469727
FRAG_NEG_trNEGATIVE50634_37_7,0.21782195568084717
FRAG_NEG_trNEGATIVE75853_2_7,0.06930708885192871
FRAG_NEG_trNEGATIVE79490_16_7,0.23762381076812744
FRAG_NEG_trNEGATIVE42319_50_7,0.04950511455535889
NEG_teNEGATIVE06561,0.0396040678024292
FRAG_NEG_trNEGATIVE65057_20_7,0.17821800708770752
FRAG_NEG_trNEGATIVE84205_37_7,0.16831696033477783
FRAG_NEG_trNEGATIVE67572_57_7,0.5841584205627441
FRAG_NEG_trNEGATIVE74378_26_7,0.23762381076812744
FRAG_NEG_trNEGATIVE90468_1_7,0.06930708885192871
FRAG_NEG_trNEGATIVE67517_2_7,0.26732683181762695
FRAG_NEG_trNEGATIVE87505_17_7,0.34653472900390625
FRAG_NEG_trNEGATIVE82165_67_7,0.08910906314849854
FRAG_NEG_trNEGATIVE55888_13_7,0.18811893463134766
FRAG_NEG_trNEGATIVE86452_22_7,0.17821800708770752
FRAG_NEG_trNEGATIVE67822_60_7,0.148514986038208
NEG_trNEGATIVE88431,0.05940604209899902
FRAG_NEG_trNEGATIVE64314_14_7,0.3168317675590515
NEG_teNEGATIVE01716,0.06930708885192871
FRAG_NEG_trNEGATIVE79768_19_7,0.12871301174163818
NEG_trNEGATIVE42582,0.04950511455535889
FRAG_NEG_trNEGATIVE28057_10_7,0.34653472900390625
FRAG_NEG_trNEGATIVE32565_11_7,0.12871301174163818
FRAG_NEG_trNEGATIVE28970_26_7,0.06930708885192871
FRAG_NEG_trNEGATIVE56964_23_7,0.1584160327911377
FRAG_NEG_trNEGATIVE37877_7_7,0.16831696033477783
FRAG_NEG_trNEGATIVE44775_5_7,0.06930708885192871
FRAG_NEG_trNEGATIVE76458_20_7,0.31683170795440674
FRAG_NEG_trNEGATIVE96629_21_7,0.237623929977417
FRAG_NEG_trNEGATIVE95098_63_7,0.2277228832244873
FRAG_NEG_trNEGATIVE97032_31_7,0.2871288061141968
FRAG_NEG_trNEGATIVE53120_42_7,0.08910906314849854
FRAG_NEG_trNEGATIVE48879_22_7,0.18811893463134766
FRAG_NEG_trNEGATIVE63131_62_7,0.08910906314849854
FRAG_NEG_trNEGATIVE82744_30_7,0.35643577575683594
FRAG_NEG_trNEGATIVE28970_32_7,0.43564361333847046
FRAG_NEG_trNEGATIVE60816_21_7,0.12871301174163818
FRAG_NEG_trNEGATIVE77715_4_7,0.3069307804107666
FRAG_NEG_trNEGATIVE43896_10_7,0.029703140258789062
FRAG_NEG_trNEGATIVE60072_52_7,0.13861393928527832
FRAG_NEG_trNEGATIVE87845_29_7,0.4059406518936157
FRAG_NEG_trNEGATIVE82744_12_7,0.0792081356048584
FRAG_NEG_trNEGATIVE65951_4_7,0.24752485752105713
FRAG_NEG_trNEGATIVE64974_14_7,0.09901010990142822
FRAG_NEG_trNEGATIVE38294_57_7,0.25742578506469727
FRAG_NEG_trNEGATIVE89608_70_7,0.12871301174163818
FRAG_NEG_trNEGATIVE40100_51_7,0.05940604209899902
FRAG_NEG_trNEGATIVE57314_39_7,0.09901010990142822
FRAG_NEG_trNEGATIVE37914_68_7,0.594059407711029
FRAG_NEG_trNEGATIVE47062_3_7,0.3267327547073364
FRAG_NEG_trNEGATIVE52836_49_7,0.05940604209899902
FRAG_NEG_trNEGATIVE29991_9_7,0.19801998138427734
FRAG_NEG_trNEGATIVE67852_24_7,0.1584160327911377
FRAG_NEG_trNEGATIVE54793_29_7,0.12871301174163818
FRAG_NEG_trNEGATIVE52292_36_7,0.0396040678024292
FRAG_NEG_trNEGATIVE33994_15_7,0.17821800708770752
FRAG_NEG_trNEGATIVE49141_18_7,0.0792081356048584
FRAG_NEG_trNEGATIVE51461_81_7,0.12871301174163818
FRAG_NEG_trNEGATIVE75605_44_7,0.12871301174163818
FRAG_NEG_trNEGATIVE50740_59_7,0.27722787857055664
FRAG_NEG_trNEGATIVE67399_43_7,0.2871288061141968
FRAG_NEG_trNEGATIVE53204_58_7,0.3069307804107666
FRAG_NEG_trNEGATIVE43631_51_7,0.2871288061141968
FRAG_NEG_trNEGATIVE62766_87_7,0.26732683181762695
FRAG_NEG_trNEGATIVE71697_3_7,0.10891103744506836
FRAG_NEG_trNEGATIVE67839_9_7,0.09901010990142822
NEG_teNEGATIVE13728,0.009901165962219238
FRAG_NEG_trNEGATIVE91227_20_7,0.12871301174163818
FRAG_NEG_trNEGATIVE33472_21_7,0.1188119649887085
FRAG_NEG_trNEGATIVE43416_10_7,0.21782195568084717
FRAG_NEG_trNEGATIVE93768_33_7,0.03960418701171875
FRAG_NEG_trNEGATIVE92478_10_7,0.17821788787841797
FRAG_NEG_trNEGATIVE51003_39_7,0.1980198621749878
FRAG_NEG_trNEGATIVE66322_14_7,0.06930708885192871
FRAG_NEG_trNEGATIVE91703_78_7,0.08910906314849854
FRAG_NEG_trNEGATIVE92426_45_7,0.7326732873916626
FRAG_NEG_trNEGATIVE33993_24_7,0.0396040678024292
FRAG_NEG_trNEGATIVE59129_6_7,0.12871301174163818
FRAG_NEG_trNEGATIVE36834_0_7,0.29702985286712646
FRAG_NEG_trNEGATIVE47499_32_7,0.07920801639556885
FRAG_NEG_trNEGATIVE51253_13_7,0.35643571615219116
NEG_trNEGATIVE74130,0.08910906314849854
FRAG_NEG_trNEGATIVE97179_31_7,0.13861405849456787
FRAG_NEG_trNEGATIVE54726_50_7,0.5049505233764648
FRAG_NEG_trNEGATIVE33701_62_7,0.19801998138427734
FRAG_NEG_trNEGATIVE95270_55_7,0.18811893463134766
FRAG_NEG_trNEGATIVE35127_18_7,0.10891103744506836
FRAG_NEG_trNEGATIVE38253_60_7,0.09900999069213867
FRAG_NEG_trNEGATIVE81501_36_7,0.0792081356048584
FRAG_NEG_trNEGATIVE55352_53_7,0.10891103744506836
FRAG_NEG_trNEGATIVE66639_20_7,0.4653465747833252
FRAG_NEG_trNEGATIVE73464_14_7,0.13861393928527832
FRAG_NEG_trNEGATIVE28162_58_7,0.11881208419799805
FRAG_NEG_trNEGATIVE87589_16_7,0.2871288061141968
FRAG_NEG_trNEGATIVE43654_39_7,0.15841591358184814
FRAG_NEG_trNEGATIVE85417_13_7,0.05940604209899902
FRAG_NEG_trNEGATIVE35612_25_7,0.24752485752105713
FRAG_NEG_trNEGATIVE45217_24_7,0.20792090892791748
FRAG_NEG_trNEGATIVE63573_3_7,0.43564361333847046
FRAG_NEG_trNEGATIVE37162_44_7,0.24752485752105713
FRAG_NEG_trNEGATIVE76091_27_7,0.20792090892791748
FRAG_NEG_trNEGATIVE94732_41_7,0.10891103744506836
FRAG_NEG_trNEGATIVE38371_1_7,0.4653465747833252
FRAG_NEG_trNEGATIVE95503_9_7,0.148514986038208
FRAG_NEG_trNEGATIVE54301_29_7,0.41584163904190063
FRAG_NEG_trNEGATIVE96554_43_7,0.2277228832244873
FRAG_NEG_trNEGATIVE86959_4_7,0.08910906314849854
FRAG_NEG_trNEGATIVE81097_13_7,0.05940604209899902
FRAG_NEG_trNEGATIVE37909_11_7,0.376237690448761
FRAG_NEG_trNEGATIVE77035_37_7,0.029703140258789062
FRAG_NEG_trNEGATIVE90289_63_7,0.2871288061141968
FRAG_NEG_trNEGATIVE38378_5_7,0.12871301174163818
FRAG_NEG_trNEGATIVE30369_2_7,0.2970297932624817
FRAG_NEG_trNEGATIVE54615_67_7,0.08910906314849854
FRAG_NEG_trNEGATIVE35669_0_7,0.10891103744506836
FRAG_NEG_trNEGATIVE53064_15_7,0.27722787857055664
FRAG_NEG_trNEGATIVE94451_41_7,0.237623929977417
FRAG_NEG_trNEGATIVE60767_71_7,0.3663367033004761
FRAG_NEG_trNEGATIVE81255_23_7,0.3267327547073364
FRAG_NEG_trNEGATIVE36801_34_7,0.25742578506469727
FRAG_NEG_trNEGATIVE80784_52_7,0.18811893463134766
FRAG_NEG_trNEGATIVE54542_15_7,0.16831696033477783
FRAG_NEG_trNEGATIVE58710_45_7,0.16831696033477783
FRAG_NEG_trNEGATIVE29760_43_7,0.3267327547073364
FRAG_NEG_trNEGATIVE86238_20_7,0.17821800708770752
FRAG_NEG_trNEGATIVE92087_37_7,0.21782195568084717
FRAG_NEG_trNEGATIVE84260_10_7,0.485148549079895
FRAG_NEG_trNEGATIVE95917_9_7,0.08910906314849854
FRAG_NEG_trNEGATIVE96370_22_7,0.2970297336578369
FRAG_NEG_trNEGATIVE62765_62_7,0.04950511455535889
FRAG_NEG_trNEGATIVE86402_70_7,0.21782195568084717
FRAG_NEG_trNEGATIVE75261_42_7,0.27722787857055664
FRAG_NEG_trNEGATIVE47068_29_7,0.06930708885192871
FRAG_NEG_trNEGATIVE69214_3_7,0.2871288061141968
FRAG_NEG_trNEGATIVE66231_38_7,0.1584160327911377
FRAG_NEG_trNEGATIVE45995_12_7,0.4554455876350403
FRAG_NEG_trNEGATIVE36857_29_7,0.33663374185562134
FRAG_NEG_trNEGATIVE78345_33_7,0.09900999069213867
FRAG_NEG_trNEGATIVE40505_48_7,0.10891103744506836
FRAG_NEG_trNEGATIVE30776_44_7,0.05940604209899902
FRAG_NEG_trNEGATIVE88773_41_7,0.08910906314849854
FRAG_NEG_trNEGATIVE28222_20_7,0.3267327547073364
FRAG_NEG_trNEGATIVE73239_8_7,0.04950511455535889
FRAG_NEG_trNEGATIVE56576_18_7,0.376237690448761
FRAG_NEG_trNEGATIVE44480_39_7,0.2772277593612671
FRAG_NEG_trNEGATIVE64188_34_7,0.11881208419799805
FRAG_NEG_trNEGATIVE56456_14_7,0.34653472900390625
FRAG_NEG_trNEGATIVE94228_29_7,0.26732683181762695
FRAG_NEG_trNEGATIVE29659_70_7,0.41584163904190063
FRAG_NEG_trNEGATIVE42110_30_7,0.3069307804107666
FRAG_NEG_trNEGATIVE80544_28_7,0.237623929977417
FRAG_NEG_trNEGATIVE46050_42_7,0.3366338014602661
FRAG_NEG_trNEGATIVE78787_9_7,0.2277228832244873
FRAG_NEG_trNEGATIVE43208_13_7,0.06930708885192871
FRAG_NEG_trNEGATIVE80251_20_7,0.04950511455535889
FRAG_NEG_trNEGATIVE48830_25_7,0.3069307804107666
FRAG_NEG_trNEGATIVE58174_1_7,0.34653472900390625
FRAG_NEG_trNEGATIVE32251_6_7,0.059406161308288574
FRAG_NEG_trNEGATIVE46989_64_7,0.18811893463134766
FRAG_NEG_trNEGATIVE41832_46_7,0.6831682920455933
FRAG_NEG_trNEGATIVE94323_53_7,0.12871301174163818
FRAG_NEG_trNEGATIVE35098_84_7,0.23762381076812744
FRAG_NEG_trNEGATIVE71402_70_7,0.12871301174163818
FRAG_NEG_trNEGATIVE93250_53_7,0.16831696033477783
FRAG_NEG_trNEGATIVE83637_48_7,0.21782195568084717
FRAG_NEG_trNEGATIVE35239_37_7,0.1188119649887085
FRAG_NEG_trNEGATIVE55418_68_7,0.33663374185562134
FRAG_NEG_trNEGATIVE89542_23_7,0.23762381076812744
FRAG_NEG_trNEGATIVE89878_87_7,0.27722787857055664
FRAG_NEG_trNEGATIVE74524_2_7,0.13861393928527832
FRAG_NEG_trNEGATIVE58863_23_7,0.17821800708770752
FRAG_NEG_trNEGATIVE69358_19_7,0.11881208419799805
FRAG_NEG_trNEGATIVE71402_3_7,0.18811893463134766
NEG_trNEGATIVE90418,0.07920801639556885
FRAG_NEG_trNEGATIVE46140_17_7,0.12871301174163818
FRAG_NEG_trNEGATIVE52667_46_7,0.4653465747833252
FRAG_NEG_trNEGATIVE84542_38_7,0.13861405849456787
FRAG_NEG_trNEGATIVE30198_23_7,0.5049505233764648
FRAG_NEG_trNEGATIVE77263_26_7,0.42574262619018555
FRAG_NEG_trNEGATIVE71295_61_7,0.17821800708770752
FRAG_NEG_trNEGATIVE59937_35_7,0.1980198621749878
FRAG_NEG_trNEGATIVE33484_12_7,0.08910906314849854
FRAG_NEG_trNEGATIVE75479_51_7,0.17821800708770752
FRAG_NEG_trNEGATIVE60036_14_7,0.019802093505859375
FRAG_NEG_trNEGATIVE62497_46_7,0.27722787857055664
FRAG_NEG_trNEGATIVE35454_12_7,0.25742578506469727
FRAG_NEG_trNEGATIVE92625_68_7,0.3069307804107666
FRAG_NEG_trNEGATIVE80668_17_7,0.33663368225097656
FRAG_NEG_trNEGATIVE76826_18_7,0.3960396647453308
FRAG_NEG_trNEGATIVE68402_53_7,0.09900999069213867
FRAG_NEG_trNEGATIVE61136_18_7,0.21782195568084717
FRAG_NEG_trNEGATIVE82630_22_7,0.41584163904190063
FRAG_NEG_trNEGATIVE59224_29_7,0.3267327547073364
FRAG_NEG_trNEGATIVE67754_37_7,0.11881208419799805
FRAG_NEG_trNEGATIVE29291_29_7,0.09901010990142822
FRAG_NEG_trNEGATIVE71826_48_7,0.18811893463134766
FRAG_NEG_trNEGATIVE53186_49_7,0.11881208419799805
FRAG_NEG_trNEGATIVE95711_29_7,0.3663367033004761
FRAG_NEG_trNEGATIVE69507_34_7,0.15841591358184814
FRAG_NEG_trNEGATIVE62885_71_7,0.08910906314849854
FRAG_NEG_trNEGATIVE58128_68_7,0.24752485752105713
FRAG_NEG_trNEGATIVE69116_66_7,0.06930708885192871
FRAG_NEG_trNEGATIVE87684_80_7,0.4653465747833252
FRAG_NEG_trNEGATIVE68937_48_7,0.04950511455535889
FRAG_NEG_trNEGATIVE48592_0_7,0.6831682920455933
FRAG_NEG_trNEGATIVE45970_30_7,0.029703140258789062
FRAG_NEG_trNEGATIVE73825_50_7,0.237623929977417
FRAG_NEG_trNEGATIVE42620_1_7,0.03960418701171875
FRAG_NEG_trNEGATIVE44184_19_7,0.13861393928527832
FRAG_NEG_trNEGATIVE32828_22_7,0.029703140258789062
FRAG_NEG_trNEGATIVE34527_4_7,0.15841591358184814
FRAG_NEG_trNEGATIVE74867_33_7,0.237623929977417
FRAG_NEG_trNEGATIVE62607_27_7,0.12871301174163818
FRAG_NEG_trNEGATIVE45535_11_7,0.34653472900390625
FRAG_NEG_trNEGATIVE74632_23_7,0.08910906314849854
FRAG_NEG_trNEGATIVE89767_32_7,0.3069307804107666
FRAG_NEG_trNEGATIVE61306_5_7,0.09900999069213867
FRAG_NEG_trNEGATIVE63428_59_7,0.44554460048675537
FRAG_NEG_trNEGATIVE61764_31_7,0.24752485752105713
FRAG_NEG_trNEGATIVE44113_56_7,0.1980198621749878
FRAG_NEG_trNEGATIVE77701_10_7,0.2277228832244873
FRAG_NEG_trNEGATIVE32110_19_7,0.12871301174163818
FRAG_NEG_trNEGATIVE68906_1_7,0.09900999069213867
NEG_teNEGATIVE07492,0.10891103744506836
FRAG_NEG_trNEGATIVE77980_28_7,0.07920801639556885
FRAG_NEG_trNEGATIVE75594_30_7,0.06930708885192871
FRAG_NEG_trNEGATIVE38368_74_7,0.26732683181762695
FRAG_NEG_trNEGATIVE39346_4_7,0.08910906314849854
FRAG_NEG_trNEGATIVE54144_20_7,0.5049505233764648
FRAG_NEG_trNEGATIVE55593_44_7,0.33663368225097656
FRAG_NEG_trNEGATIVE63164_12_7,0.2277228832244873
FRAG_NEG_trNEGATIVE85788_10_7,0.0792081356048584
FRAG_NEG_trNEGATIVE41656_80_7,0.2277228832244873
FRAG_NEG_trNEGATIVE70479_12_7,0.06930708885192871
FRAG_NEG_trNEGATIVE61755_36_7,0.0792081356048584
FRAG_NEG_trNEGATIVE88698_36_7,0.1980198621749878
FRAG_NEG_trNEGATIVE94663_18_7,0.1584160327911377
FRAG_NEG_trNEGATIVE69390_30_7,0.09901010990142822
FRAG_NEG_trNEGATIVE88762_65_7,0.34653472900390625
FRAG_NEG_trNEGATIVE50788_41_7,0.3267327547073364
NEG_trNEGATIVE74692,0.009901165962219238
FRAG_NEG_trNEGATIVE44293_27_7,0.2277228832244873
FRAG_NEG_trNEGATIVE43717_42_7,0.49504953622817993
FRAG_NEG_trNEGATIVE75818_78_7,0.08910906314849854
FRAG_NEG_trNEGATIVE67480_35_7,0.12871301174163818
FRAG_NEG_trNEGATIVE57924_51_7,0.148514986038208
FRAG_NEG_trNEGATIVE48369_58_7,0.17821788787841797
FRAG_NEG_trNEGATIVE82509_31_7,0.21782195568084717
FRAG_NEG_trNEGATIVE92980_55_7,0.148514986038208
FRAG_NEG_trNEGATIVE36014_29_7,0.05940604209899902
FRAG_NEG_trNEGATIVE46070_82_7,0.15841591358184814
FRAG_NEG_trNEGATIVE78102_3_7,0.148514986038208
FRAG_NEG_trNEGATIVE95644_6_7,0.29702985286712646
NEG_teNEGATIVE10824,0.0396040678024292
FRAG_NEG_trNEGATIVE73750_56_7,0.2772277593612671
FRAG_NEG_trNEGATIVE79002_12_7,0.08910906314849854
FRAG_NEG_trNEGATIVE46347_56_7,0.20792090892791748
FRAG_NEG_trNEGATIVE34681_9_7,0.21782195568084717
FRAG_NEG_trNEGATIVE76556_43_8,0.05940604209899902
FRAG_NEG_trNEGATIVE81808_38_8,0.16831696033477783
FRAG_NEG_trNEGATIVE74785_34_8,0.1188119649887085
FRAG_NEG_trNEGATIVE44861_29_8,0.09901010990142822
FRAG_NEG_trNEGATIVE88124_13_8,0.25742578506469727
NEG_trNEGATIVE87945,0.04950511455535889
FRAG_NEG_trNEGATIVE95615_52_8,0.5148515701293945
FRAG_NEG_trNEGATIVE71374_31_8,0.12871301174163818
FRAG_NEG_trNEGATIVE48428_45_8,0.4504951238632202
FRAG_NEG_trNEGATIVE93408_11_8,0.08910906314849854
FRAG_NEG_trNEGATIVE46005_32_8,0.23762381076812744
FRAG_NEG_trNEGATIVE55408_70_8,0.019802212715148926
NEG_teNEGATIVE02500,0.059406161308288574
NEG_teNEGATIVE11556,0.009901165962219238
FRAG_NEG_trNEGATIVE53165_15_8,0.059406161308288574
FRAG_NEG_trNEGATIVE60820_14_8,0.09900999069213867
FRAG_NEG_trNEGATIVE68025_46_8,0.21782183647155762
FRAG_NEG_trNEGATIVE84995_64_8,0.49504953622817993
FRAG_NEG_trNEGATIVE41236_68_8,0.24092423915863037
FRAG_NEG_trNEGATIVE81415_4_8,0.18811893463134766
FRAG_NEG_trNEGATIVE38069_49_8,0.18811893463134766
FRAG_NEG_trNEGATIVE49285_1_8,0.3168317675590515
NEG_trNEGATIVE96243,0.019802212715148926
FRAG_NEG_trNEGATIVE84418_64_8,0.21782195568084717
FRAG_NEG_trNEGATIVE66179_69_8,0.1584160327911377
FRAG_NEG_trNEGATIVE42430_22_8,0.26732683181762695
FRAG_NEG_trNEGATIVE88946_8_8,0.21782183647155762
FRAG_NEG_trNEGATIVE41493_9_8,0.34653472900390625
FRAG_NEG_trNEGATIVE69738_63_8,0.24752485752105713
FRAG_NEG_trNEGATIVE92779_32_8,0.17821800708770752
FRAG_NEG_trNEGATIVE78009_7_8,0.237623929977417
FRAG_NEG_trNEGATIVE37826_12_8,0.2277228832244873
FRAG_NEG_trNEGATIVE81515_40_8,0.029703140258789062
NEG_trNEGATIVE70692,0.029703140258789062
FRAG_NEG_trNEGATIVE59725_65_8,0.35643571615219116
FRAG_NEG_trNEGATIVE39346_19_8,0.12871301174163818
FRAG_NEG_trNEGATIVE44914_39_8,0.029703140258789062
FRAG_NEG_trNEGATIVE89125_40_8,0.20792090892791748
FRAG_NEG_trNEGATIVE84712_10_8,0.2277228832244873
NEG_teNEGATIVE12720,0.019802093505859375
FRAG_NEG_trNEGATIVE39877_24_8,0.1980198621749878
NEG_trNEGATIVE81474,0.019802093505859375
FRAG_NEG_trNEGATIVE29127_4_8,0.4752475619316101
NEG_trNEGATIVE91863,0.03960418701171875
FRAG_NEG_trNEGATIVE91027_31_8,0.4752475619316101
NEG_teNEGATIVE20270,0.09900999069213867
NEG_trNEGATIVE88593,0.17821800708770752
FRAG_NEG_trNEGATIVE93102_6_8,0.13861393928527832
NEG_teNEGATIVE18425,0.059406161308288574
FRAG_NEG_trNEGATIVE60312_56_8,0.12871301174163818
FRAG_NEG_trNEGATIVE83887_21_8,0.376237690448761
FRAG_NEG_trNEGATIVE92304_22_8,0.13861405849456787
FRAG_NEG_trNEGATIVE54602_28_8,0.34653472900390625
FRAG_NEG_trNEGATIVE41515_19_8,0.06930708885192871
FRAG_NEG_trNEGATIVE92335_18_8,0.019802212715148926
FRAG_NEG_trNEGATIVE78327_18_8,0.0396040678024292
NEG_trNEGATIVE93266,0.059406161308288574
FRAG_NEG_trNEGATIVE85088_22_8,0.05940604209899902
FRAG_NEG_trNEGATIVE74300_45_8,0.08910906314849854
FRAG_NEG_trNEGATIVE56009_37_8,0.1584160327911377
FRAG_NEG_trNEGATIVE32555_41_8,0.05940604209899902
FRAG_NEG_trNEGATIVE30708_73_8,0.13861405849456787
NEG_trNEGATIVE86980,0.17821788787841797
FRAG_NEG_trNEGATIVE69136_17_8,0.1584160327911377
FRAG_NEG_trNEGATIVE30330_3_8,0.05940604209899902
FRAG_NEG_trNEGATIVE39489_20_8,0.18811893463134766
FRAG_NEG_trNEGATIVE46025_23_8,0.17821800708770752
NEG_trNEGATIVE59968,0.1980198621749878
FRAG_NEG_trNEGATIVE75839_87_8,0.07920801639556885
FRAG_NEG_trNEGATIVE40682_5_8,0.13861393928527832
FRAG_NEG_trNEGATIVE34252_5_8,0.009901165962219238
FRAG_NEG_trNEGATIVE33817_44_8,0.2574259042739868
FRAG_NEG_trNEGATIVE97530_59_8,0.23762381076812744
FRAG_NEG_trNEGATIVE48830_22_8,0.21782183647155762
FRAG_NEG_trNEGATIVE49572_53_8,0.10891103744506836
FRAG_NEG_trNEGATIVE29383_1_8,0.3267327547073364
FRAG_NEG_trNEGATIVE40889_1_8,0.2970297336578369
NEG_trNEGATIVE77931,0.04950511455535889
FRAG_NEG_trNEGATIVE60097_63_8,0.029703140258789062
FRAG_NEG_trNEGATIVE75792_83_8,0.2871288061141968
FRAG_NEG_trNEGATIVE58726_20_8,0.06930708885192871
FRAG_NEG_trNEGATIVE53375_25_8,0.3267327547073364
FRAG_NEG_trNEGATIVE39288_43_8,0.21782195568084717
FRAG_NEG_trNEGATIVE82442_26_8,0.13861405849456787
FRAG_NEG_trNEGATIVE89818_33_8,0.2772277593612671
FRAG_NEG_trNEGATIVE82632_21_8,0.148514986038208
FRAG_NEG_trNEGATIVE82367_34_8,0.059406161308288574
FRAG_NEG_trNEGATIVE43992_12_8,0.0792081356048584
FRAG_NEG_trNEGATIVE80787_24_8,0.06930708885192871
FRAG_NEG_trNEGATIVE61405_39_8,0.059406161308288574
FRAG_NEG_trNEGATIVE47349_31_8,0.1188119649887085
FRAG_NEG_trNEGATIVE42506_14_8,0.12871301174163818
FRAG_NEG_trNEGATIVE78658_55_8,0.15841591358184814
FRAG_NEG_trNEGATIVE44857_26_8,0.10891103744506836
NEG_trNEGATIVE47865,1.1920928955078125e-07
FRAG_NEG_trNEGATIVE85381_18_8,0.29702985286712646
FRAG_NEG_trNEGATIVE51362_35_8,0.13861405849456787
FRAG_NEG_trNEGATIVE39632_14_8,0.17821800708770752
FRAG_NEG_trNEGATIVE53926_31_8,0.17821800708770752
FRAG_NEG_trNEGATIVE86962_36_8,0.27722787857055664
FRAG_NEG_trNEGATIVE55956_13_8,0.04950511455535889
FRAG_NEG_trNEGATIVE48777_11_8,0.35643577575683594
FRAG_NEG_trNEGATIVE82075_19_8,0.24752485752105713
FRAG_NEG_trNEGATIVE92955_17_8,0.2772277593612671
FRAG_NEG_trNEGATIVE55038_18_8,0.2772277593612671
FRAG_NEG_trNEGATIVE57471_0_8,0.0396040678024292
FRAG_NEG_trNEGATIVE83608_58_8,0.10891103744506836
FRAG_NEG_trNEGATIVE45658_33_8,0.3069307804107666
FRAG_NEG_trNEGATIVE55617_5_8,0.05940604209899902
FRAG_NEG_trNEGATIVE66355_54_8,0.34653472900390625
FRAG_NEG_trNEGATIVE32194_22_8,0.2277228832244873
FRAG_NEG_trNEGATIVE85395_20_8,0.029703140258789062
FRAG_NEG_trNEGATIVE27820_17_8,0.0792081356048584
FRAG_NEG_trNEGATIVE87812_3_8,0.12871301174163818
FRAG_NEG_trNEGATIVE35680_25_8,0.18811893463134766
FRAG_NEG_trNEGATIVE73663_8_8,0.05940604209899902
FRAG_NEG_trNEGATIVE65645_31_8,0.12871301174163818
FRAG_NEG_trNEGATIVE80640_58_8,0.42574262619018555
NEG_teNEGATIVE23883,0.0396040678024292
FRAG_NEG_trNEGATIVE63556_48_8,0.09900999069213867
FRAG_NEG_trNEGATIVE51892_40_8,0.13861393928527832
NEG_teNEGATIVE22521,0.148514986038208
FRAG_NEG_trNEGATIVE81501_42_8,0.21782195568084717
FRAG_NEG_trNEGATIVE97143_62_8,0.12871301174163818
FRAG_NEG_trNEGATIVE42872_62_8,0.10891103744506836
FRAG_NEG_trNEGATIVE47649_47_8,0.148514986038208
FRAG_NEG_trNEGATIVE95322_69_8,0.29702985286712646
FRAG_NEG_trNEGATIVE39801_4_8,0.13861405849456787
FRAG_NEG_trNEGATIVE65942_16_8,0.1584160327911377
FRAG_NEG_trNEGATIVE85381_3_8,0.34653472900390625
FRAG_NEG_trNEGATIVE66876_7_8,0.5148515105247498
FRAG_NEG_trNEGATIVE68337_11_8,0.16831696033477783
FRAG_NEG_trNEGATIVE89832_17_8,0.2277228832244873
NEG_trNEGATIVE44854,0.019802212715148926
FRAG_NEG_trNEGATIVE35400_5_8,0.0792081356048584
FRAG_NEG_trNEGATIVE38842_17_8,0.09901010990142822
FRAG_NEG_trNEGATIVE54224_41_8,0.27722787857055664
FRAG_NEG_trNEGATIVE97386_50_8,0.26732683181762695
FRAG_NEG_trNEGATIVE57629_13_8,0.2970297336578369
FRAG_NEG_trNEGATIVE68028_44_8,0.35643571615219116
FRAG_NEG_trNEGATIVE41723_45_8,0.5544555187225342
NEG_trNEGATIVE56371,1.1920928955078125e-07
FRAG_NEG_trNEGATIVE43149_76_8,0.148514986038208
FRAG_NEG_trNEGATIVE41707_35_8,0.06930708885192871
FRAG_NEG_trNEGATIVE54011_30_8,0.13861393928527832
NEG_trNEGATIVE72481,0.019802093505859375
FRAG_NEG_trNEGATIVE67402_25_8,0.3267327547073364
FRAG_NEG_trNEGATIVE77271_62_8,0.11881208419799805
FRAG_NEG_trNEGATIVE63078_27_8,0.2772277593612671
FRAG_NEG_trNEGATIVE37824_22_8,0.11881208419799805
FRAG_NEG_trNEGATIVE67587_52_8,0.2871288061141968
FRAG_NEG_trNEGATIVE71329_30_8,0.2970297336578369
FRAG_NEG_trNEGATIVE44480_12_8,0.27722787857055664
FRAG_NEG_trNEGATIVE28350_41_8,0.059406161308288574
FRAG_NEG_trNEGATIVE90804_8_8,0.0792081356048584
FRAG_NEG_trNEGATIVE82944_55_8,0.16831696033477783
NEG_trNEGATIVE34956,0.04950511455535889
FRAG_NEG_trNEGATIVE42257_25_8,0.12871301174163818
FRAG_NEG_trNEGATIVE73006_28_8,0.5544554591178894
FRAG_NEG_trNEGATIVE30454_21_8,0.059406161308288574
FRAG_NEG_trNEGATIVE38692_33_8,0.07920801639556885
FRAG_NEG_trNEGATIVE36239_24_8,0.08910906314849854
FRAG_NEG_trNEGATIVE91471_32_8,0.20792090892791748
FRAG_NEG_trNEGATIVE84087_36_8,0.13861405849456787
FRAG_NEG_trNEGATIVE96554_48_8,0.10891103744506836
FRAG_NEG_trNEGATIVE54945_42_8,0.1188119649887085
FRAG_NEG_trNEGATIVE46929_12_8,0.3861386775970459
FRAG_NEG_trNEGATIVE85004_52_8,0.19801998138427734
FRAG_NEG_trNEGATIVE31266_58_8,0.059406161308288574
FRAG_NEG_trNEGATIVE81281_8_8,0.23762381076812744
FRAG_NEG_trNEGATIVE68276_28_8,0.23762381076812744
FRAG_NEG_trNEGATIVE31438_42_8,0.10891103744506836
FRAG_NEG_trNEGATIVE37175_52_8,0.2277228832244873
FRAG_NEG_trNEGATIVE70799_35_8,1.1920928955078125e-07
FRAG_NEG_trNEGATIVE63823_18_8,0.148514986038208
NEG_teNEGATIVE15840,0.029703140258789062
FRAG_NEG_trNEGATIVE32156_35_8,0.09900999069213867
FRAG_NEG_trNEGATIVE51984_32_8,0.06930708885192871
FRAG_NEG_trNEGATIVE40700_31_8,0.04950511455535889
FRAG_NEG_trNEGATIVE47972_3_8,0.19801998138427734
FRAG_NEG_trNEGATIVE39678_22_8,0.09901010990142822
FRAG_NEG_trNEGATIVE45838_31_8,0.04950511455535889
FRAG_NEG_trNEGATIVE66666_16_8,0.1584160327911377
FRAG_NEG_trNEGATIVE40716_20_8,0.3267327547073364
FRAG_NEG_trNEGATIVE61277_47_8,0.24752485752105713
FRAG_NEG_trNEGATIVE56379_26_8,0.18811893463134766
FRAG_NEG_trNEGATIVE55812_23_8,0.12871301174163818
FRAG_NEG_trNEGATIVE92782_45_8,0.10891103744506836
NEG_teNEGATIVE08403,0.06930708885192871
FRAG_NEG_trNEGATIVE94606_39_8,0.1584160327911377
FRAG_NEG_trNEGATIVE32302_69_8,0.2871288061141968
FRAG_NEG_trNEGATIVE79002_18_8,0.06930708885192871
FRAG_NEG_trNEGATIVE77826_0_8,0.11881208419799805
FRAG_NEG_trNEGATIVE80523_63_8,0.148514986038208
FRAG_NEG_trNEGATIVE53868_54_8,0.0792081356048584
FRAG_NEG_trNEGATIVE92875_66_8,0.09900999069213867
FRAG_NEG_trNEGATIVE50959_19_8,0.3069307804107666
FRAG_NEG_trNEGATIVE63175_4_8,0.2871288061141968
FRAG_NEG_trNEGATIVE96062_72_8,0.2277228832244873
FRAG_NEG_trNEGATIVE75990_82_8,0.009901165962219238
NEG_trNEGATIVE87307,0.019802093505859375
FRAG_NEG_trNEGATIVE59955_50_8,0.04950511455535889
FRAG_NEG_trNEGATIVE86962_10_8,0.06930708885192871
FRAG_NEG_trNEGATIVE58405_25_8,0.04950511455535889
FRAG_NEG_trNEGATIVE94063_4_8,0.1699671745300293
FRAG_NEG_trNEGATIVE75528_74_8,0.2277228832244873
FRAG_NEG_trNEGATIVE48949_85_8,0.5544555187225342
FRAG_NEG_trNEGATIVE56621_42_8,0.148514986038208
FRAG_NEG_trNEGATIVE63556_40_8,0.42574262619018555
FRAG_NEG_trNEGATIVE43406_62_8,0.574257493019104
FRAG_NEG_trNEGATIVE81117_14_8,0.29702985286712646
NEG_trNEGATIVE44866,0.029703140258789062
FRAG_NEG_trNEGATIVE67331_11_8,0.237623929977417
FRAG_NEG_trNEGATIVE85680_27_8,0.21782195568084717
FRAG_NEG_trNEGATIVE38183_49_8,0.2277228832244873
FRAG_NEG_trNEGATIVE74570_27_8,0.18811893463134766
FRAG_NEG_trNEGATIVE33801_72_8,0.04950511455535889
NEG_trNEGATIVE28115,1.1920928955078125e-07
FRAG_NEG_trNEGATIVE53259_5_8,0.376237690448761
FRAG_NEG_trNEGATIVE75359_11_8,0.237623929977417
NEG_trNEGATIVE101675,1.1920928955078125e-07
FRAG_NEG_trNEGATIVE44035_1_8,0.1980198621749878
FRAG_NEG_trNEGATIVE51647_6_8,0.2871288061141968
FRAG_NEG_trNEGATIVE37733_3_8,0.21782183647155762
FRAG_NEG_trNEGATIVE82520_13_8,0.0396040678024292
FRAG_NEG_trNEGATIVE57102_37_8,0.12871301174163818
FRAG_NEG_trNEGATIVE96940_42_8,0.5049505233764648
FRAG_NEG_trNEGATIVE77461_76_8,0.20792090892791748
NEG_trNEGATIVE43884,0.029703140258789062
FRAG_NEG_trNEGATIVE72621_76_8,0.26732683181762695
FRAG_NEG_trNEGATIVE44715_72_8,0.2277228832244873
FRAG_NEG_trNEGATIVE92972_80_8,0.20792090892791748
FRAG_NEG_trNEGATIVE61913_31_8,0.148514986038208
FRAG_NEG_trNEGATIVE95540_26_8,0.376237690448761
FRAG_NEG_trNEGATIVE83517_64_8,0.04950511455535889
FRAG_NEG_trNEGATIVE54686_22_8,1.1920928955078125e-07
FRAG_NEG_trNEGATIVE96823_29_8,0.5346534848213196
FRAG_NEG_trNEGATIVE39513_3_8,0.24752485752105713
FRAG_NEG_trNEGATIVE60622_27_8,0.2970297336578369
NEG_trNEGATIVE46795,0.009901165962219238
NEG_trNEGATIVE34442,0.029703140258789062
FRAG_NEG_trNEGATIVE96171_44_8,0.34653472900390625
FRAG_NEG_trNEGATIVE54097_69_8,0.3069307804107666
FRAG_NEG_trNEGATIVE95757_56_8,0.20792090892791748
FRAG_NEG_trNEGATIVE27554_83_8,0.148514986038208
NEG_trNEGATIVE82972,0.029703140258789062
FRAG_NEG_trNEGATIVE66559_20_8,0.019802093505859375
FRAG_NEG_trNEGATIVE45398_64_8,0.09901010990142822
FRAG_NEG_trNEGATIVE38660_12_8,0.12871301174163818
FRAG_NEG_trNEGATIVE76068_80_8,0.2871288061141968
FRAG_NEG_trNEGATIVE93241_42_8,0.12871301174163818
FRAG_NEG_trNEGATIVE97129_20_8,0.1980198621749878
FRAG_NEG_trNEGATIVE69548_23_8,0.19801998138427734
FRAG_NEG_trNEGATIVE51362_54_8,0.019802093505859375
FRAG_NEG_trNEGATIVE94275_44_8,0.17821800708770752
FRAG_NEG_trNEGATIVE29042_9_8,0.13861405849456787
FRAG_NEG_trNEGATIVE40882_54_8,0.17821788787841797
FRAG_NEG_trNEGATIVE39276_45_8,0.07920801639556885
FRAG_NEG_trNEGATIVE65903_37_8,0.029703140258789062
FRAG_NEG_trNEGATIVE64007_39_8,0.16831696033477783
FRAG_NEG_trNEGATIVE73022_11_8,0.009901165962219238
FRAG_NEG_trNEGATIVE29498_7_8,0.5247524976730347
FRAG_NEG_trNEGATIVE91441_34_8,0.3663367033004761
FRAG_NEG_trNEGATIVE64796_44_8,0.0792081356048584
FRAG_NEG_trNEGATIVE81261_6_8,0.20792090892791748
FRAG_NEG_trNEGATIVE42080_54_8,0.2970297336578369
FRAG_NEG_trNEGATIVE90895_8_8,0.42574262619018555
FRAG_NEG_trNEGATIVE69167_28_8,0.23762381076812744
NEG_trNEGATIVE78250,1.1920928955078125e-07
FRAG_NEG_trNEGATIVE81470_13_8,0.2277228832244873
FRAG_NEG_trNEGATIVE82899_9_8,0.1188119649887085
FRAG_NEG_trNEGATIVE59493_8_8,0.2871288061141968
FRAG_NEG_trNEGATIVE82075_0_8,0.2772277593612671
FRAG_NEG_trNEGATIVE70042_20_8,0.1980198621749878
FRAG_NEG_trNEGATIVE63605_57_8,0.17821788787841797
NEG_trNEGATIVE45434,0.009901165962219238
FRAG_NEG_trNEGATIVE65942_4_8,0.08910906314849854
FRAG_NEG_trNEGATIVE44291_5_8,0.12871301174163818
FRAG_NEG_trNEGATIVE82520_33_8,0.2970297336578369
FRAG_NEG_trNEGATIVE59359_43_8,0.16831696033477783
FRAG_NEG_trNEGATIVE94399_34_8,0.16831696033477783
FRAG_NEG_trNEGATIVE87512_9_8,0.0396040678024292
FRAG_NEG_trNEGATIVE90106_32_8,0.20792090892791748
FRAG_NEG_trNEGATIVE90317_10_8,0.10891103744506836
FRAG_NEG_trNEGATIVE65441_1_8,0.17821788787841797
FRAG_NEG_trNEGATIVE92637_46_8,0.07920801639556885
FRAG_NEG_trNEGATIVE97493_23_8,0.3069307804107666
NEG_trNEGATIVE72941,0.0396040678024292
FRAG_NEG_trNEGATIVE54295_24_8,0.029703140258789062
FRAG_NEG_trNEGATIVE30957_8_8,0.3168317675590515
FRAG_NEG_trNEGATIVE63373_20_8,0.0792081356048584
FRAG_NEG_trNEGATIVE34514_5_8,0.1188119649887085
FRAG_NEG_trNEGATIVE95163_31_8,0.13861393928527832
FRAG_NEG_trNEGATIVE51908_30_8,0.08910906314849854
FRAG_NEG_trNEGATIVE52026_21_8,0.04950511455535889
FRAG_NEG_trNEGATIVE63997_56_8,0.08910906314849854
FRAG_NEG_trNEGATIVE41051_57_8,0.05940604209899902
FRAG_NEG_trNEGATIVE76530_55_8,0.2277228832244873
FRAG_NEG_trNEGATIVE59377_68_8,0.0396040678024292
FRAG_NEG_trNEGATIVE31011_80_8,0.15841591358184814
FRAG_NEG_trNEGATIVE28791_86_8,0.13861405849456787
FRAG_NEG_trNEGATIVE41659_20_8,0.3069307804107666
FRAG_NEG_trNEGATIVE74370_22_8,0.3069307804107666
FRAG_NEG_trNEGATIVE76510_41_8,0.148514986038208
FRAG_NEG_trNEGATIVE94613_4_8,0.05940604209899902
FRAG_NEG_trNEGATIVE63176_2_8,0.3069307804107666
FRAG_NEG_trNEGATIVE30870_34_8,0.34653472900390625
FRAG_NEG_trNEGATIVE68890_37_8,0.10891103744506836
FRAG_NEG_trNEGATIVE41584_37_8,0.09900999069213867
FRAG_NEG_trNEGATIVE29433_58_8,0.3366338014602661
FRAG_NEG_trNEGATIVE28195_33_8,0.23762381076812744
FRAG_NEG_trNEGATIVE94658_22_8,0.04950511455535889
FRAG_NEG_trNEGATIVE31373_7_8,0.237623929977417
FRAG_NEG_trNEGATIVE50542_17_8,0.2277228832244873
FRAG_NEG_trNEGATIVE88024_60_8,0.24752485752105713
FRAG_NEG_trNEGATIVE85675_27_8,0.04950511455535889
FRAG_NEG_trNEGATIVE38212_54_8,0.06930708885192871
FRAG_NEG_trNEGATIVE86831_48_8,0.1980198621749878
FRAG_NEG_trNEGATIVE55956_26_8,0.06930708885192871
FRAG_NEG_trNEGATIVE43677_86_8,0.26732683181762695
FRAG_NEG_trNEGATIVE93586_38_8,0.16831696033477783
FRAG_NEG_trNEGATIVE37987_68_8,0.27722787857055664
FRAG_NEG_trNEGATIVE68157_55_8,0.1584160327911377
FRAG_NEG_trNEGATIVE67587_27_8,0.04950511455535889
NEG_trNEGATIVE61863,0.2970297336578369
FRAG_NEG_trNEGATIVE81119_37_8,0.08910906314849854
FRAG_NEG_trNEGATIVE30284_67_8,0.10891103744506836
FRAG_NEG_trNEGATIVE34230_61_8,0.09900999069213867
FRAG_NEG_trNEGATIVE61201_20_8,0.1980198621749878
FRAG_NEG_trNEGATIVE27986_8_8,0.4653465747833252
FRAG_NEG_trNEGATIVE74791_81_8,0.26732683181762695
FRAG_NEG_trNEGATIVE82842_9_8,0.10891103744506836
FRAG_NEG_trNEGATIVE56020_19_8,0.1188119649887085
FRAG_NEG_trNEGATIVE29352_8_8,0.13861405849456787
FRAG_NEG_trNEGATIVE76896_15_8,0.20792090892791748
FRAG_NEG_trNEGATIVE34839_33_8,0.5049505233764648
FRAG_NEG_trNEGATIVE68260_36_8,0.03960418701171875
FRAG_NEG_trNEGATIVE85162_32_8,0.2772277593612671
FRAG_NEG_trNEGATIVE79164_10_8,0.25742578506469727
FRAG_NEG_trNEGATIVE77582_16_8,0.5049505233764648
FRAG_NEG_trNEGATIVE28742_12_8,0.5346535444259644
FRAG_NEG_trNEGATIVE43021_21_8,0.18811893463134766
NEG_trNEGATIVE59238,0.0396040678024292
FRAG_NEG_trNEGATIVE66536_47_8,0.21782195568084717
FRAG_NEG_trNEGATIVE86093_64_8,0.237623929977417
FRAG_NEG_trNEGATIVE75889_13_8,0.2772277593612671
FRAG_NEG_trNEGATIVE66428_8_8,0.16831696033477783
FRAG_NEG_trNEGATIVE60492_44_8,0.16831696033477783
FRAG_NEG_trNEGATIVE29433_60_8,0.5148515105247498
FRAG_NEG_trNEGATIVE34066_45_8,0.3861386775970459
FRAG_NEG_trNEGATIVE52034_49_8,0.05940604209899902
FRAG_NEG_trNEGATIVE66008_61_8,0.27722787857055664
FRAG_NEG_trNEGATIVE66906_6_8,0.35643571615219116
FRAG_NEG_trNEGATIVE95251_20_8,0.0792081356048584
FRAG_NEG_trNEGATIVE50749_88_8,0.25742578506469727
FRAG_NEG_trNEGATIVE34845_30_8,0.20792090892791748
FRAG_NEG_trNEGATIVE78051_3_8,0.029703140258789062
FRAG_NEG_trNEGATIVE61194_40_8,0.12871301174163818
FRAG_NEG_trNEGATIVE72708_30_8,0.08910906314849854
FRAG_NEG_trNEGATIVE62766_45_8,0.07920801639556885
FRAG_NEG_trNEGATIVE63475_24_8,0.26732683181762695
FRAG_NEG_trNEGATIVE44810_47_8,0.06930708885192871
FRAG_NEG_trNEGATIVE61801_73_8,0.4752475619316101
FRAG_NEG_trNEGATIVE52307_11_8,0.12871301174163818
FRAG_NEG_trNEGATIVE67353_57_8,0.2574259042739868
FRAG_NEG_trNEGATIVE71991_30_8,0.17821788787841797
FRAG_NEG_trNEGATIVE86436_81_8,0.059406161308288574
FRAG_NEG_trNEGATIVE91108_46_8,0.2574259042739868
FRAG_NEG_trNEGATIVE62419_30_8,0.17821800708770752
FRAG_NEG_trNEGATIVE86408_72_8,0.09901010990142822
FRAG_NEG_trNEGATIVE95142_64_8,0.16831696033477783
FRAG_NEG_trNEGATIVE59139_42_8,0.21782195568084717
FRAG_NEG_trNEGATIVE40120_85_8,0.3168318271636963
FRAG_NEG_trNEGATIVE87744_26_8,0.06930708885192871
FRAG_NEG_trNEGATIVE86021_10_8,0.07920801639556885
FRAG_NEG_trNEGATIVE28428_76_8,0.10891103744506836
FRAG_NEG_trNEGATIVE81708_55_8,0.26732683181762695
FRAG_NEG_trNEGATIVE94275_15_8,0.06930708885192871
FRAG_NEG_trNEGATIVE90256_68_8,0.3069307804107666
FRAG_NEG_trNEGATIVE72963_63_8,0.26732683181762695
FRAG_NEG_trNEGATIVE83963_50_8,0.20792090892791748
FRAG_NEG_trNEGATIVE41590_12_8,0.10891103744506836
FRAG_NEG_trNEGATIVE97242_16_8,0.23762381076812744
FRAG_NEG_trNEGATIVE97487_41_8,0.148514986038208
FRAG_NEG_trNEGATIVE46101_5_8,0.0792081356048584
FRAG_NEG_trNEGATIVE27714_29_8,0.3168318271636963
FRAG_NEG_trNEGATIVE38660_31_8,0.3663367033004761
FRAG_NEG_trNEGATIVE80037_55_8,0.0792081356048584
FRAG_NEG_trNEGATIVE88717_51_8,0.2277228832244873
FRAG_NEG_trNEGATIVE89913_0_8,0.2772277593612671
FRAG_NEG_trNEGATIVE83702_3_8,0.148514986038208
FRAG_NEG_trNEGATIVE45625_83_8,0.41584163904190063
FRAG_NEG_trNEGATIVE69135_41_8,0.3366338014602661
FRAG_NEG_trNEGATIVE61615_59_8,0.29702985286712646
FRAG_NEG_trNEGATIVE71401_24_8,0.12871301174163818
NEG_teNEGATIVE21489,0.019802093505859375
FRAG_NEG_trNEGATIVE59374_14_8,0.2277228832244873
FRAG_NEG_trNEGATIVE76944_39_8,0.06930708885192871
NEG_trNEGATIVE38847,0.029703140258789062
FRAG_NEG_trNEGATIVE71033_38_8,0.19801998138427734
NEG_trNEGATIVE68469,0.029703140258789062
FRAG_NEG_trNEGATIVE82781_42_8,0.148514986038208
FRAG_NEG_trNEGATIVE52191_11_8,0.10891103744506836
NEG_trNEGATIVE70188,0.009901165962219238
FRAG_NEG_trNEGATIVE42015_55_8,0.21782183647155762
FRAG_NEG_trNEGATIVE51955_17_8,0.16831696033477783
NEG_trNEGATIVE30487,0.05940604209899902
FRAG_NEG_trNEGATIVE28742_27_8,0.3267327547073364
FRAG_NEG_trNEGATIVE53400_77_8,0.12871301174163818
FRAG_NEG_trNEGATIVE62349_50_8,0.06930708885192871
FRAG_NEG_trNEGATIVE48303_50_8,0.148514986038208
FRAG_NEG_trNEGATIVE36538_0_8,0.24752485752105713
FRAG_NEG_trNEGATIVE89029_0_8,0.7326732873916626
FRAG_NEG_trNEGATIVE38776_56_8,0.3069307804107666
NEG_trNEGATIVE51710,0.05940604209899902
FRAG_NEG_trNEGATIVE66239_11_8,0.49504953622817993
FRAG_NEG_trNEGATIVE50330_12_8,0.3663367033004761
FRAG_NEG_trNEGATIVE71369_57_8,0.44554460048675537
FRAG_NEG_trNEGATIVE30871_53_8,0.17821788787841797
FRAG_NEG_trNEGATIVE40586_67_8,0.33663374185562134
FRAG_NEG_trNEGATIVE76556_71_8,0.10891103744506836
FRAG_NEG_trNEGATIVE33846_73_8,0.19801998138427734
FRAG_NEG_trNEGATIVE67566_6_8,0.18811893463134766
NEG_trNEGATIVE28112,0.019802093505859375
FRAG_NEG_trNEGATIVE89623_60_8,0.13861405849456787
FRAG_NEG_trNEGATIVE50208_67_8,0.1584160327911377
FRAG_NEG_trNEGATIVE29006_74_8,0.2970297336578369
FRAG_NEG_trNEGATIVE51253_39_8,0.3861386775970459
FRAG_NEG_trNEGATIVE65566_65_8,0.26732683181762695
FRAG_NEG_trNEGATIVE93640_51_8,0.05940604209899902
FRAG_NEG_trNEGATIVE48652_32_8,0.35643571615219116
FRAG_NEG_trNEGATIVE77575_34_8,0.19801998138427734
FRAG_NEG_trNEGATIVE78668_43_8,0.34653472900390625
FRAG_NEG_trNEGATIVE88628_41_8,0.27722787857055664
FRAG_NEG_trNEGATIVE67798_11_8,0.10891103744506836
FRAG_NEG_trNEGATIVE97040_44_8,0.21782183647155762
FRAG_NEG_trNEGATIVE34911_38_8,0.20792090892791748
FRAG_NEG_trNEGATIVE62907_31_8,0.21782183647155762
FRAG_NEG_trNEGATIVE66485_19_8,0.34653472900390625
FRAG_NEG_trNEGATIVE96827_13_8,0.5049505233764648
FRAG_NEG_trNEGATIVE69210_51_8,0.12871301174163818
FRAG_NEG_trNEGATIVE57990_49_8,0.07920801639556885
FRAG_NEG_trNEGATIVE78093_6_8,0.07920801639556885
FRAG_NEG_trNEGATIVE43763_29_8,0.3168317675590515
FRAG_NEG_trNEGATIVE73260_9_8,0.2277228832244873
NEG_trNEGATIVE100546,0.029703140258789062
FRAG_NEG_trNEGATIVE51468_90_8,0.2277228832244873
FRAG_NEG_trNEGATIVE92356_2_8,0.18811893463134766
FRAG_NEG_trNEGATIVE63753_10_8,0.24752485752105713
FRAG_NEG_trNEGATIVE91956_48_8,0.1188119649887085
FRAG_NEG_trNEGATIVE28814_52_8,0.029703140258789062
NEG_trNEGATIVE58731,0.03960418701171875
FRAG_NEG_trNEGATIVE63204_44_8,0.24752485752105713
FRAG_NEG_trNEGATIVE70917_31_8,0.06930708885192871
FRAG_NEG_trNEGATIVE49185_39_8,0.04950511455535889
FRAG_NEG_trNEGATIVE85841_19_8,0.1584160327911377
NEG_trNEGATIVE76318,0.029703140258789062
FRAG_NEG_trNEGATIVE86287_26_8,0.05940604209899902
FRAG_NEG_trNEGATIVE70176_7_8,0.29042911529541016
FRAG_NEG_trNEGATIVE28574_88_8,0.04950511455535889
FRAG_NEG_trNEGATIVE48957_46_8,0.24752485752105713
FRAG_NEG_trNEGATIVE39352_26_8,0.08910906314849854
FRAG_NEG_trNEGATIVE77537_32_8,0.03960418701171875
FRAG_NEG_trNEGATIVE47149_10_8,0.35643577575683594
FRAG_NEG_trNEGATIVE33805_32_8,0.3267327547073364
FRAG_NEG_trNEGATIVE84285_33_8,0.08910906314849854
FRAG_NEG_trNEGATIVE76071_29_8,0.19801998138427734
FRAG_NEG_trNEGATIVE46606_19_9,0.08910906314849854
FRAG_NEG_trNEGATIVE88661_57_9,0.10891103744506836
FRAG_NEG_trNEGATIVE67337_36_9,0.20792090892791748
FRAG_NEG_trNEGATIVE87777_23_9,0.21782195568084717
FRAG_NEG_trNEGATIVE79605_54_9,0.05940604209899902
FRAG_NEG_trNEGATIVE58051_8_9,0.26732683181762695
FRAG_NEG_trNEGATIVE94625_56_9,0.10891103744506836
FRAG_NEG_trNEGATIVE88539_14_9,0.3267327547073364
NEG_trNEGATIVE63884,0.019802212715148926
FRAG_NEG_trNEGATIVE78432_37_9,0.009901165962219238
FRAG_NEG_trNEGATIVE40482_10_9,0.3267327547073364
FRAG_NEG_trNEGATIVE90980_75_9,0.2871288061141968
FRAG_NEG_trNEGATIVE92602_19_9,0.3267327547073364
NEG_teNEGATIVE22425,0.16831696033477783
FRAG_NEG_trNEGATIVE66234_21_9,0.3069307804107666
FRAG_NEG_trNEGATIVE94996_56_9,0.08910906314849854
FRAG_NEG_trNEGATIVE33275_67_9,0.16831696033477783
FRAG_NEG_trNEGATIVE66768_45_9,0.09901010990142822
FRAG_NEG_trNEGATIVE35918_6_9,0.2772277593612671
FRAG_NEG_trNEGATIVE77603_71_9,0.09901010990142822
FRAG_NEG_trNEGATIVE35499_35_9,0.3069307804107666
FRAG_NEG_trNEGATIVE46370_6_9,0.009901165962219238
FRAG_NEG_trNEGATIVE43206_36_9,0.20792090892791748
FRAG_NEG_trNEGATIVE83372_21_9,0.09900999069213867
FRAG_NEG_trNEGATIVE44218_39_9,0.44554460048675537
FRAG_NEG_trNEGATIVE69394_62_9,0.06930708885192871
FRAG_NEG_trNEGATIVE67998_67_9,0.25742578506469727
FRAG_NEG_trNEGATIVE48152_52_9,0.06930708885192871
FRAG_NEG_trNEGATIVE34646_80_9,0.3069307804107666
FRAG_NEG_trNEGATIVE52961_59_9,0.059406161308288574
FRAG_NEG_trNEGATIVE64122_4_9,0.10891103744506836
FRAG_NEG_trNEGATIVE96180_50_9,0.2277228832244873
FRAG_NEG_trNEGATIVE76846_29_9,0.2970297336578369
FRAG_NEG_trNEGATIVE38708_29_9,0.0792081356048584
NEG_trNEGATIVE32860,0.0792081356048584
NEG_trNEGATIVE97857,0.08910906314849854
FRAG_NEG_trNEGATIVE54710_7_9,0.13861405849456787
FRAG_NEG_trNEGATIVE75698_12_9,0.12871301174163818
FRAG_NEG_trNEGATIVE37880_39_9,0.09900999069213867
FRAG_NEG_trNEGATIVE40158_27_9,0.23762381076812744
FRAG_NEG_trNEGATIVE53963_5_9,0.3861386775970459
FRAG_NEG_trNEGATIVE81147_38_9,0.3663367033004761
FRAG_NEG_trNEGATIVE88491_19_9,0.0396040678024292
FRAG_NEG_trNEGATIVE28814_13_9,0.1980198621749878
FRAG_NEG_trNEGATIVE68895_41_9,0.26732683181762695
FRAG_NEG_trNEGATIVE46296_46_9,0.3564356565475464
FRAG_NEG_trNEGATIVE37599_42_9,0.3663367033004761
FRAG_NEG_trNEGATIVE30912_51_9,0.06930708885192871
FRAG_NEG_trNEGATIVE83093_56_9,0.04950511455535889
FRAG_NEG_trNEGATIVE94813_27_9,0.4752475619316101
FRAG_NEG_trNEGATIVE94304_71_9,0.0396040678024292
FRAG_NEG_trNEGATIVE54909_53_9,0.08910906314849854
FRAG_NEG_trNEGATIVE77520_82_9,0.27722787857055664
FRAG_NEG_trNEGATIVE61267_57_9,0.376237690448761
FRAG_NEG_trNEGATIVE70793_66_9,0.17821800708770752
FRAG_NEG_trNEGATIVE73217_11_9,0.5346534848213196
FRAG_NEG_trNEGATIVE94174_36_9,0.3960396647453308
FRAG_NEG_trNEGATIVE58580_9_9,0.2277228832244873
FRAG_NEG_trNEGATIVE83875_14_9,0.09900999069213867
FRAG_NEG_trNEGATIVE80956_10_9,0.18811893463134766
FRAG_NEG_trNEGATIVE80620_34_9,0.09900999069213867
FRAG_NEG_trNEGATIVE60097_33_9,0.04950511455535889
FRAG_NEG_trNEGATIVE93604_38_9,0.148514986038208
FRAG_NEG_trNEGATIVE49049_12_9,0.33663374185562134
NEG_trNEGATIVE99994,0.10891103744506836
FRAG_NEG_trNEGATIVE93132_53_9,0.2871288061141968
NEG_trNEGATIVE46159,0.059406161308288574
NEG_teNEGATIVE13285,0.0396040678024292
FRAG_NEG_trNEGATIVE66120_3_9,0.08910906314849854
FRAG_NEG_trNEGATIVE32565_0_9,0.3663367033004761
FRAG_NEG_trNEGATIVE69389_25_9,0.2970297336578369
NEG_trNEGATIVE89709,0.009901165962219238
FRAG_NEG_trNEGATIVE56621_56_9,0.17821800708770752
FRAG_NEG_trNEGATIVE28181_16_9,0.17821800708770752
FRAG_NEG_trNEGATIVE55137_52_9,0.19801998138427734
FRAG_NEG_trNEGATIVE70446_66_9,0.0396040678024292
FRAG_NEG_trNEGATIVE90222_20_9,0.04950511455535889
FRAG_NEG_trNEGATIVE35188_8_9,0.10891103744506836
FRAG_NEG_trNEGATIVE77582_72_9,0.29702985286712646
FRAG_NEG_trNEGATIVE45623_48_9,0.43564361333847046
FRAG_NEG_trNEGATIVE66593_28_9,0.08910906314849854
FRAG_NEG_trNEGATIVE32258_62_9,0.29702985286712646
FRAG_NEG_trNEGATIVE55604_61_9,0.148514986038208
FRAG_NEG_trNEGATIVE43358_12_9,0.10891103744506836
FRAG_NEG_trNEGATIVE47409_49_9,0.16831696033477783
FRAG_NEG_trNEGATIVE93505_0_9,0.059406161308288574
FRAG_NEG_trNEGATIVE80517_8_9,0.44554460048675537
FRAG_NEG_trNEGATIVE38493_49_9,0.0792081356048584
FRAG_NEG_trNEGATIVE37528_6_9,0.12871301174163818
FRAG_NEG_trNEGATIVE78235_47_9,0.12871301174163818
FRAG_NEG_trNEGATIVE72705_85_9,0.2607262134552002
FRAG_NEG_trNEGATIVE38038_36_9,0.13861405849456787
FRAG_NEG_trNEGATIVE40451_80_9,0.21782183647155762
FRAG_NEG_trNEGATIVE66876_25_9,0.3069307804107666
NEG_trNEGATIVE39421,0.10891103744506836
FRAG_NEG_trNEGATIVE67839_40_9,0.43564361333847046
FRAG_NEG_trNEGATIVE71425_68_9,0.3168317675590515
FRAG_NEG_trNEGATIVE28561_24_9,0.5940594673156738
FRAG_NEG_trNEGATIVE74080_54_9,0.07920801639556885
FRAG_NEG_trNEGATIVE92633_62_9,0.2277228832244873
FRAG_NEG_trNEGATIVE47137_12_9,0.15841591358184814
FRAG_NEG_trNEGATIVE68744_45_9,0.059406161308288574
FRAG_NEG_trNEGATIVE64901_41_9,0.019802093505859375
NEG_trNEGATIVE51541,1.1920928955078125e-07
NEG_teNEGATIVE22906,0.08910906314849854
FRAG_NEG_trNEGATIVE60716_32_9,0.3366338014602661
FRAG_NEG_trNEGATIVE84102_2_9,0.16831696033477783
FRAG_NEG_trNEGATIVE48575_77_9,0.17821788787841797
FRAG_NEG_trNEGATIVE30674_33_9,0.04950511455535889
FRAG_NEG_trNEGATIVE68016_25_9,0.08910906314849854
FRAG_NEG_trNEGATIVE32537_88_9,0.10891103744506836
FRAG_NEG_trNEGATIVE31363_59_9,0.029703140258789062
FRAG_NEG_trNEGATIVE60757_17_9,0.06930708885192871
FRAG_NEG_trNEGATIVE49538_36_9,0.16831696033477783
FRAG_NEG_trNEGATIVE80746_37_9,0.237623929977417
FRAG_NEG_trNEGATIVE79273_1_9,0.2277228832244873
FRAG_NEG_trNEGATIVE66944_18_9,0.20792090892791748
FRAG_NEG_trNEGATIVE38934_39_9,0.029703140258789062
FRAG_NEG_trNEGATIVE35076_69_9,0.10891103744506836
FRAG_NEG_trNEGATIVE70777_84_9,0.05940604209899902
FRAG_NEG_trNEGATIVE60950_24_9,0.27722787857055664
FRAG_NEG_trNEGATIVE62346_19_9,0.08910906314849854
FRAG_NEG_trNEGATIVE53667_11_9,0.34653472900390625
FRAG_NEG_trNEGATIVE76759_33_9,0.2574259042739868
FRAG_NEG_trNEGATIVE88199_44_9,0.08910906314849854
FRAG_NEG_trNEGATIVE47140_26_9,0.27722787857055664
FRAG_NEG_trNEGATIVE91471_23_9,0.09900999069213867
FRAG_NEG_trNEGATIVE73886_40_9,0.19801998138427734
FRAG_NEG_trNEGATIVE94232_82_9,0.20792090892791748
FRAG_NEG_trNEGATIVE31221_3_9,0.06930708885192871
FRAG_NEG_trNEGATIVE94364_17_9,0.07920801639556885
FRAG_NEG_trNEGATIVE85108_17_9,0.26732683181762695
FRAG_NEG_trNEGATIVE29991_63_9,0.2871288061141968
FRAG_NEG_trNEGATIVE79714_22_9,0.04950511455535889
FRAG_NEG_trNEGATIVE97540_49_9,0.44554460048675537
FRAG_NEG_trNEGATIVE54772_49_9,0.3267327547073364
FRAG_NEG_trNEGATIVE63500_33_9,0.3069307804107666
FRAG_NEG_trNEGATIVE68134_18_9,0.08910906314849854
FRAG_NEG_trNEGATIVE88995_90_9,0.0792081356048584
FRAG_NEG_trNEGATIVE65798_84_9,0.237623929977417
FRAG_NEG_trNEGATIVE84587_60_9,0.0396040678024292
FRAG_NEG_trNEGATIVE39186_2_9,0.21782195568084717
FRAG_NEG_trNEGATIVE47292_30_9,0.17821800708770752
FRAG_NEG_trNEGATIVE37156_78_9,0.15841591358184814
NEG_trNEGATIVE88410,0.05940604209899902
FRAG_NEG_trNEGATIVE52230_48_9,0.06930708885192871
FRAG_NEG_trNEGATIVE62029_21_9,0.08910906314849854
FRAG_NEG_trNEGATIVE30948_58_9,0.15841591358184814
FRAG_NEG_trNEGATIVE44542_54_9,0.25742578506469727
FRAG_NEG_trNEGATIVE91963_71_9,0.08910906314849854
FRAG_NEG_trNEGATIVE47131_3_9,0.2871288061141968
FRAG_NEG_trNEGATIVE47402_6_9,0.09901010990142822
FRAG_NEG_trNEGATIVE39971_19_9,0.03960418701171875
NEG_trNEGATIVE94291,0.07920801639556885
FRAG_NEG_trNEGATIVE60220_5_9,0.10891103744506836
FRAG_NEG_trNEGATIVE90229_6_9,0.0792081356048584
FRAG_NEG_trNEGATIVE33579_53_9,0.19801998138427734
FRAG_NEG_trNEGATIVE71093_9_9,0.5247524976730347
FRAG_NEG_trNEGATIVE57719_37_9,0.029703140258789062
FRAG_NEG_trNEGATIVE88083_43_9,0.029703140258789062
FRAG_NEG_trNEGATIVE89538_72_9,0.376237690448761
FRAG_NEG_trNEGATIVE62349_38_9,0.4752476215362549
FRAG_NEG_trNEGATIVE64861_57_9,0.0792081356048584
FRAG_NEG_trNEGATIVE86565_0_9,0.34653472900390625
FRAG_NEG_trNEGATIVE34913_84_9,0.20792090892791748
FRAG_NEG_trNEGATIVE49206_48_9,0.4059406518936157
FRAG_NEG_trNEGATIVE35952_73_9,0.12871301174163818
FRAG_NEG_trNEGATIVE51652_70_9,0.12871301174163818
NEG_trNEGATIVE83599,0.009901165962219238
FRAG_NEG_trNEGATIVE83649_26_9,0.19801998138427734
FRAG_NEG_trNEGATIVE61009_20_9,0.33663368225097656
FRAG_NEG_trNEGATIVE79461_10_9,0.3069307804107666
FRAG_NEG_trNEGATIVE36698_55_9,0.3861386775970459
FRAG_NEG_trNEGATIVE77972_31_9,0.18811893463134766
FRAG_NEG_trNEGATIVE47980_73_9,0.12871301174163818
NEG_trNEGATIVE37596,0.029703140258789062
FRAG_NEG_trNEGATIVE35927_46_9,0.39934003353118896
FRAG_NEG_trNEGATIVE96043_43_9,0.1188119649887085
NEG_trNEGATIVE59019,0.029703140258789062
FRAG_NEG_trNEGATIVE87853_55_9,0.019802093505859375
FRAG_NEG_trNEGATIVE57719_46_9,0.2772277593612671
FRAG_NEG_trNEGATIVE92041_77_9,0.0396040678024292
FRAG_NEG_trNEGATIVE46923_28_9,0.059406161308288574
FRAG_NEG_trNEGATIVE81605_7_9,0.12871301174163818
FRAG_NEG_trNEGATIVE93456_51_9,0.2871288061141968
FRAG_NEG_trNEGATIVE47027_38_9,0.2970297932624817
FRAG_NEG_trNEGATIVE40237_22_9,0.10891103744506836
FRAG_NEG_trNEGATIVE85417_20_9,0.019802093505859375
FRAG_NEG_trNEGATIVE72233_9_9,0.25742578506469727
FRAG_NEG_trNEGATIVE93394_13_9,0.07920801639556885
FRAG_NEG_trNEGATIVE72649_12_9,0.11881208419799805
FRAG_NEG_trNEGATIVE89245_18_9,0.04950511455535889
FRAG_NEG_trNEGATIVE58437_54_9,0.10891103744506836
FRAG_NEG_trNEGATIVE69116_38_9,0.12871301174163818
FRAG_NEG_trNEGATIVE68933_57_9,0.019802093505859375
FRAG_NEG_trNEGATIVE55003_19_9,0.04950511455535889
FRAG_NEG_trNEGATIVE86238_46_9,0.20792090892791748
FRAG_NEG_trNEGATIVE68740_45_9,0.029703140258789062
FRAG_NEG_trNEGATIVE94658_50_9,0.19801998138427734
FRAG_NEG_trNEGATIVE38910_61_9,0.5346534848213196
FRAG_NEG_trNEGATIVE94710_57_9,0.19801998138427734
FRAG_NEG_trNEGATIVE28315_24_9,0.17821800708770752
FRAG_NEG_trNEGATIVE61557_70_9,0.12871301174163818
FRAG_NEG_trNEGATIVE74497_13_9,0.08910906314849854
FRAG_NEG_trNEGATIVE83535_9_9,0.1980198621749878
FRAG_NEG_trNEGATIVE41051_59_9,0.148514986038208
FRAG_NEG_trNEGATIVE43396_32_9,0.17821800708770752
FRAG_NEG_trNEGATIVE66656_59_9,0.34653472900390625
FRAG_NEG_trNEGATIVE85253_2_9,0.485148549079895
FRAG_NEG_trNEGATIVE87037_77_9,0.029703140258789062
FRAG_NEG_trNEGATIVE75635_19_9,0.3168317675590515
FRAG_NEG_trNEGATIVE71331_14_9,0.11881208419799805
FRAG_NEG_trNEGATIVE56555_61_9,0.09900999069213867
FRAG_NEG_trNEGATIVE50090_9_9,0.09901010990142822
FRAG_NEG_trNEGATIVE94845_25_9,0.4554455876350403
FRAG_NEG_trNEGATIVE70894_21_9,0.1584160327911377
NEG_teNEGATIVE13307,0.09901010990142822
FRAG_NEG_trNEGATIVE41201_51_9,0.06930708885192871
FRAG_NEG_trNEGATIVE31811_56_9,0.18811893463134766
FRAG_NEG_trNEGATIVE40564_39_9,0.35643577575683594
FRAG_NEG_trNEGATIVE28314_26_9,0.16831696033477783
FRAG_NEG_trNEGATIVE27518_10_9,0.06930708885192871
FRAG_NEG_trNEGATIVE29466_38_9,0.3267327547073364
FRAG_NEG_trNEGATIVE50308_26_9,0.05940604209899902
FRAG_NEG_trNEGATIVE65500_8_9,0.4554455876350403
FRAG_NEG_trNEGATIVE31786_46_9,0.20792090892791748
FRAG_NEG_trNEGATIVE28576_37_9,0.17821800708770752
FRAG_NEG_trNEGATIVE57833_66_9,0.376237690448761
FRAG_NEG_trNEGATIVE53496_0_9,0.11881208419799805
FRAG_NEG_trNEGATIVE42430_61_9,0.029703140258789062
FRAG_NEG_trNEGATIVE63997_65_9,0.1584160327911377
FRAG_NEG_trNEGATIVE63406_0_9,0.08910906314849854
FRAG_NEG_trNEGATIVE61721_33_9,0.019802093505859375
FRAG_NEG_trNEGATIVE78999_6_9,0.6138614416122437
FRAG_NEG_trNEGATIVE75843_28_9,0.12871301174163818
NEG_trNEGATIVE30080,0.029703140258789062
FRAG_NEG_trNEGATIVE45235_61_9,0.0792081356048584
FRAG_NEG_trNEGATIVE92955_17_9,0.3861386775970459
FRAG_NEG_trNEGATIVE97325_50_9,0.029703140258789062
FRAG_NEG_trNEGATIVE54890_18_9,0.16831696033477783
FRAG_NEG_trNEGATIVE58301_33_9,0.4653465747833252
FRAG_NEG_trNEGATIVE33995_18_9,0.3663367033004761
FRAG_NEG_trNEGATIVE45878_24_9,0.2871288061141968
FRAG_NEG_trNEGATIVE64293_51_9,0.2277228832244873
FRAG_NEG_trNEGATIVE43350_47_9,0.485148549079895
NEG_trNEGATIVE65485,1.1920928955078125e-07
FRAG_NEG_trNEGATIVE89126_62_9,0.25742578506469727
FRAG_NEG_trNEGATIVE93394_27_9,0.5049505233764648
FRAG_NEG_trNEGATIVE33995_17_9,0.23762381076812744
NEG_teNEGATIVE21820,0.04950511455535889
FRAG_NEG_trNEGATIVE55872_10_9,0.3168318271636963
FRAG_NEG_trNEGATIVE96080_14_9,0.30033016204833984
FRAG_NEG_trNEGATIVE82169_49_9,0.17821788787841797
FRAG_NEG_trNEGATIVE46582_85_9,0.10891103744506836
FRAG_NEG_trNEGATIVE69993_0_9,0.16831696033477783
FRAG_NEG_trNEGATIVE40437_25_9,0.10891103744506836
NEG_trNEGATIVE46703,0.03960418701171875
FRAG_NEG_trNEGATIVE84696_25_9,0.04950511455535889
FRAG_NEG_trNEGATIVE84794_22_9,0.08910906314849854
FRAG_NEG_trNEGATIVE84303_18_9,0.019802093505859375
FRAG_NEG_trNEGATIVE53896_47_9,0.376237690448761
FRAG_NEG_trNEGATIVE96100_4_9,0.05940604209899902
FRAG_NEG_trNEGATIVE89433_23_9,0.148514986038208
FRAG_NEG_trNEGATIVE69993_11_9,0.35643571615219116
FRAG_NEG_trNEGATIVE37545_6_9,0.18811893463134766
FRAG_NEG_trNEGATIVE78140_47_9,0.2772277593612671
FRAG_NEG_trNEGATIVE59000_61_9,0.3861386775970459
FRAG_NEG_trNEGATIVE66718_26_9,0.20792090892791748
FRAG_NEG_trNEGATIVE30131_49_9,0.23762381076812744
FRAG_NEG_trNEGATIVE76037_42_9,0.03960418701171875
FRAG_NEG_trNEGATIVE76469_48_9,0.24752485752105713
FRAG_NEG_trNEGATIVE91583_49_9,0.1188119649887085
FRAG_NEG_trNEGATIVE89608_27_9,1.1920928955078125e-07
FRAG_NEG_trNEGATIVE94228_20_9,0.10891103744506836
FRAG_NEG_trNEGATIVE50255_29_9,0.237623929977417
FRAG_NEG_trNEGATIVE66032_59_9,0.35643571615219116
FRAG_NEG_trNEGATIVE62442_4_9,0.3069307804107666
FRAG_NEG_trNEGATIVE94243_22_9,0.25742578506469727
FRAG_NEG_trNEGATIVE90224_71_9,0.17821788787841797
FRAG_NEG_trNEGATIVE66428_23_9,0.237623929977417
FRAG_NEG_trNEGATIVE68117_0_9,0.11881208419799805
FRAG_NEG_trNEGATIVE29896_13_9,0.4059406518936157
FRAG_NEG_trNEGATIVE87088_39_9,0.4554455876350403
FRAG_NEG_trNEGATIVE81039_49_9,0.13861393928527832
FRAG_NEG_trNEGATIVE39256_20_9,0.04950511455535889
FRAG_NEG_trNEGATIVE73886_65_9,0.029703140258789062
FRAG_NEG_trNEGATIVE66768_6_9,0.1980198621749878
FRAG_NEG_trNEGATIVE77840_30_9,0.08910906314849854
FRAG_NEG_trNEGATIVE39066_13_9,0.3267327547073364
FRAG_NEG_trNEGATIVE45892_0_9,0.24752485752105713
FRAG_NEG_trNEGATIVE44841_41_9,0.23762381076812744
FRAG_NEG_trNEGATIVE70177_72_9,0.20792090892791748
FRAG_NEG_trNEGATIVE38220_48_9,0.10891103744506836
FRAG_NEG_trNEGATIVE30732_36_9,0.3069307804107666
FRAG_NEG_trNEGATIVE40068_25_9,0.24752485752105713
FRAG_NEG_trNEGATIVE42608_17_9,0.09900999069213867
FRAG_NEG_trNEGATIVE67653_11_9,0.5445544719696045
FRAG_NEG_trNEGATIVE42963_47_9,0.16831696033477783
FRAG_NEG_trNEGATIVE64372_1_9,0.27722787857055664
FRAG_NEG_trNEGATIVE58185_17_9,0.17986810207366943
FRAG_NEG_trNEGATIVE73416_67_9,0.11881208419799805
FRAG_NEG_trNEGATIVE81209_72_9,0.15841591358184814
FRAG_NEG_trNEGATIVE66419_27_9,0.29702985286712646
FRAG_NEG_trNEGATIVE77097_62_9,0.16831696033477783
FRAG_NEG_trNEGATIVE29811_14_9,0.06930708885192871
FRAG_NEG_trNEGATIVE70270_2_9,0.1980198621749878
FRAG_NEG_trNEGATIVE35903_31_9,0.148514986038208
FRAG_NEG_trNEGATIVE40567_21_9,0.10891103744506836
FRAG_NEG_trNEGATIVE69507_9_9,0.11881208419799805
FRAG_NEG_trNEGATIVE30330_6_9,0.0396040678024292
FRAG_NEG_trNEGATIVE62907_15_9,0.35643571615219116
NEG_trNEGATIVE86191,0.019802093505859375
FRAG_NEG_trNEGATIVE30578_21_9,0.5049505233764648
NEG_trNEGATIVE51942,0.019802093505859375
FRAG_NEG_trNEGATIVE58305_78_9,0.10891103744506836
FRAG_NEG_trNEGATIVE90902_35_9,0.5346534848213196
FRAG_NEG_trNEGATIVE70406_78_9,0.237623929977417
FRAG_NEG_trNEGATIVE51325_23_9,0.2277228832244873
FRAG_NEG_trNEGATIVE40957_36_9,0.15841591358184814
FRAG_NEG_trNEGATIVE83671_15_9,0.27722787857055664
FRAG_NEG_trNEGATIVE60202_40_9,0.08910906314849854
FRAG_NEG_trNEGATIVE40761_28_9,0.06930708885192871
FRAG_NEG_trNEGATIVE83511_41_9,0.13861405849456787
FRAG_NEG_trNEGATIVE68036_23_9,0.21782183647155762
FRAG_NEG_trNEGATIVE94741_44_9,0.33663368225097656
FRAG_NEG_trNEGATIVE33162_52_9,0.16831696033477783
FRAG_NEG_trNEGATIVE45077_2_9,0.42574262619018555
FRAG_NEG_trNEGATIVE66906_11_9,0.17821800708770752
FRAG_NEG_trNEGATIVE67437_9_9,0.3861386775970459
FRAG_NEG_trNEGATIVE85172_46_9,0.17821788787841797
FRAG_NEG_trNEGATIVE62973_4_9,0.3663367033004761
FRAG_NEG_trNEGATIVE82312_25_9,0.18811893463134766
FRAG_NEG_trNEGATIVE79412_37_9,0.33663374185562134
FRAG_NEG_trNEGATIVE75001_32_9,0.17821788787841797
FRAG_NEG_trNEGATIVE75864_48_9,0.43564361333847046
FRAG_NEG_trNEGATIVE86304_8_9,0.06930708885192871
FRAG_NEG_trNEGATIVE34566_6_9,0.3960396647453308
FRAG_NEG_trNEGATIVE72290_17_9,0.0396040678024292
FRAG_NEG_trNEGATIVE55178_2_9,0.10891103744506836
FRAG_NEG_trNEGATIVE59476_15_9,0.376237690448761
FRAG_NEG_trNEGATIVE83469_39_9,0.07920801639556885
FRAG_NEG_trNEGATIVE54369_53_9,0.34653472900390625
FRAG_NEG_trNEGATIVE34235_31_9,0.13861393928527832
FRAG_NEG_trNEGATIVE51952_3_9,0.2970297336578369
FRAG_NEG_trNEGATIVE78918_48_9,0.3960396647453308
FRAG_NEG_trNEGATIVE97041_55_9,0.12871301174163818
FRAG_NEG_trNEGATIVE84775_51_9,0.4653465747833252
FRAG_NEG_trNEGATIVE59789_42_9,0.13861405849456787
FRAG_NEG_trNEGATIVE67695_43_9,0.1584160327911377
FRAG_NEG_trNEGATIVE48777_43_9,0.1188119649887085
FRAG_NEG_trNEGATIVE59717_19_9,0.20792090892791748
FRAG_NEG_trNEGATIVE93957_73_9,0.49504953622817993
FRAG_NEG_trNEGATIVE41920_3_9,0.18811893463134766
FRAG_NEG_trNEGATIVE90961_35_9,0.24752485752105713
FRAG_NEG_trNEGATIVE64300_8_9,0.20792090892791748
FRAG_NEG_trNEGATIVE30945_25_9,0.1980198621749878
FRAG_NEG_trNEGATIVE50973_82_9,0.148514986038208
FRAG_NEG_trNEGATIVE71467_31_9,0.1188119649887085
FRAG_NEG_trNEGATIVE44301_0_9,0.2574259042739868
FRAG_NEG_trNEGATIVE48551_37_9,0.20792090892791748
FRAG_NEG_trNEGATIVE35478_68_9,0.20792090892791748
FRAG_NEG_trNEGATIVE29672_12_9,0.148514986038208
FRAG_NEG_trNEGATIVE52934_55_9,0.18811893463134766
FRAG_NEG_trNEGATIVE74050_10_9,0.1188119649887085
FRAG_NEG_trNEGATIVE77017_7_9,0.19801998138427734
FRAG_NEG_trNEGATIVE66055_43_9,0.06930708885192871
FRAG_NEG_trNEGATIVE76523_24_9,0.04950511455535889
FRAG_NEG_trNEGATIVE93134_53_9,0.26732683181762695
FRAG_NEG_trNEGATIVE74541_28_9,0.3069307804107666
FRAG_NEG_trNEGATIVE53628_62_9,0.10891103744506836
FRAG_NEG_trNEGATIVE58274_22_9,0.18811893463134766
FRAG_NEG_trNEGATIVE69812_53_9,0.42574262619018555
NEG_teNEGATIVE22154,1.1920928955078125e-07
FRAG_NEG_trNEGATIVE61673_21_9,0.1980198621749878
FRAG_NEG_trNEGATIVE34405_83_9,0.20792090892791748
FRAG_NEG_trNEGATIVE67373_43_9,0.148514986038208
NEG_teNEGATIVE08835,0.009901165962219238
FRAG_NEG_trNEGATIVE40334_70_9,0.12871301174163818
FRAG_NEG_trNEGATIVE74572_12_9,0.2871288061141968
FRAG_NEG_trNEGATIVE85034_71_9,0.0396040678024292
FRAG_NEG_trNEGATIVE43465_28_9,0.019802093505859375
FRAG_NEG_trNEGATIVE71139_23_9,0.4059406518936157
FRAG_NEG_trNEGATIVE46069_13_9,0.0792081356048584
FRAG_NEG_trNEGATIVE61727_45_9,0.16831696033477783
FRAG_NEG_trNEGATIVE52317_39_9,0.16831696033477783
FRAG_NEG_trNEGATIVE78873_41_9,0.18811893463134766
FRAG_NEG_trNEGATIVE46541_5_9,0.5841584205627441
FRAG_NEG_trNEGATIVE92426_55_9,0.07920801639556885
FRAG_NEG_trNEGATIVE69028_17_9,0.19801998138427734
FRAG_NEG_trNEGATIVE56869_16_9,0.33663374185562134
FRAG_NEG_trNEGATIVE59549_23_9,0.15841591358184814
FRAG_NEG_trNEGATIVE42656_70_9,0.09901010990142822
FRAG_NEG_trNEGATIVE92955_5_9,0.5247524976730347
FRAG_NEG_trNEGATIVE71481_6_9,0.04950511455535889
FRAG_NEG_trNEGATIVE89408_82_9,0.2277228832244873
FRAG_NEG_trNEGATIVE31177_12_9,0.24752485752105713
FRAG_NEG_trNEGATIVE89192_52_9,0.0792081356048584
FRAG_NEG_trNEGATIVE89695_55_9,0.019802212715148926
FRAG_NEG_trNEGATIVE29756_1_9,0.148514986038208
FRAG_NEG_trNEGATIVE87503_70_9,0.04950511455535889
FRAG_NEG_trNEGATIVE60803_14_9,0.3267327547073364
NEG_trNEGATIVE90475,0.019802212715148926
FRAG_NEG_trNEGATIVE94557_41_9,0.10891103744506836
FRAG_NEG_trNEGATIVE53375_49_9,0.24752485752105713
FRAG_NEG_trNEGATIVE31754_52_9,0.03960418701171875
FRAG_NEG_trNEGATIVE70629_11_9,0.2970297336578369
FRAG_NEG_trNEGATIVE43306_60_9,0.2871288061141968
FRAG_NEG_trNEGATIVE63514_38_9,0.15841591358184814
FRAG_NEG_trNEGATIVE56555_47_9,0.376237690448761
FRAG_NEG_trNEGATIVE94857_44_9,0.2277228832244873
FRAG_NEG_trNEGATIVE67547_3_9,0.12871301174163818
FRAG_NEG_trNEGATIVE84614_7_9,0.06930708885192871
FRAG_NEG_trNEGATIVE39471_16_9,0.3267327547073364
FRAG_NEG_trNEGATIVE62973_5_9,0.42574262619018555
FRAG_NEG_trNEGATIVE31375_2_9,0.148514986038208
FRAG_NEG_trNEGATIVE66347_77_9,0.3069307804107666
NEG_trNEGATIVE53708,1.1920928955078125e-07
NEG_trNEGATIVE36287,0.03960418701171875
FRAG_NEG_trNEGATIVE31028_48_9,0.009901165962219238
FRAG_NEG_trNEGATIVE62769_81_9,0.1980198621749878
FRAG_NEG_trNEGATIVE67653_15_9,0.3267327547073364
NEG_trNEGATIVE38567,1.1920928955078125e-07
FRAG_NEG_trNEGATIVE84102_20_9,0.0396040678024292
FRAG_NEG_trNEGATIVE28576_76_9,0.1980198621749878
FRAG_NEG_trNEGATIVE49197_5_9,0.1584160327911377
FRAG_NEG_trNEGATIVE40237_52_9,0.574257493019104
FRAG_NEG_trNEGATIVE31421_35_9,0.0792081356048584
NEG_trNEGATIVE66235,0.009901165962219238
NEG_teNEGATIVE14273,0.04950511455535889
FRAG_NEG_trNEGATIVE95879_43_9,0.029703140258789062
FRAG_NEG_trNEGATIVE95603_26_9,0.1188119649887085
FRAG_NEG_trNEGATIVE77606_78_9,0.31683170795440674
FRAG_NEG_trNEGATIVE67937_63_9,0.25742578506469727
FRAG_NEG_trNEGATIVE97530_12_9,0.12871301174163818
FRAG_NEG_trNEGATIVE54523_9_9,0.26732683181762695
FRAG_NEG_trNEGATIVE30193_5_9,0.148514986038208
FRAG_NEG_trNEGATIVE72588_41_9,0.34653472900390625
FRAG_NEG_trNEGATIVE40334_64_9,0.059406161308288574
FRAG_NEG_trNEGATIVE77734_51_9,0.12871301174163818
FRAG_NEG_trNEGATIVE91477_42_9,0.485148549079895
FRAG_NEG_trNEGATIVE34714_6_9,0.29702985286712646
FRAG_NEG_trNEGATIVE48369_12_9,0.20792090892791748
FRAG_NEG_trNEGATIVE36679_55_9,0.08910906314849854
FRAG_NEG_trNEGATIVE50596_9_9,0.24752485752105713
FRAG_NEG_trNEGATIVE51173_47_9,0.4653465747833252
FRAG_NEG_trNEGATIVE34066_28_9,0.06930708885192871
FRAG_NEG_trNEGATIVE54101_52_9,0.04950511455535889
FRAG_NEG_trNEGATIVE89433_25_9,0.019802093505859375
FRAG_NEG_trNEGATIVE70876_52_9,0.09901010990142822
FRAG_NEG_trNEGATIVE27492_35_9,0.2970297932624817
FRAG_NEG_trNEGATIVE82713_20_9,0.05940604209899902
FRAG_NEG_trNEGATIVE33165_49_9,0.24752485752105713
FRAG_NEG_trNEGATIVE31015_56_9,0.04950511455535889
FRAG_NEG_trNEGATIVE96486_31_9,0.41584163904190063
FRAG_NEG_trNEGATIVE77972_40_9,0.09900999069213867
FRAG_NEG_trNEGATIVE36310_44_9,0.4752475619316101
FRAG_NEG_trNEGATIVE59659_34_9,0.24752485752105713
FRAG_NEG_trNEGATIVE69390_26_9,0.4059406518936157
FRAG_NEG_trNEGATIVE87789_26_9,0.13861405849456787
FRAG_NEG_trNEGATIVE82446_0_9,0.21782183647155762
FRAG_NEG_trNEGATIVE48094_63_9,0.08910906314849854
FRAG_NEG_trNEGATIVE71123_37_9,0.3168317675590515
NEG_trNEGATIVE30215,0.25742578506469727
FRAG_NEG_trNEGATIVE57293_73_9,0.029703140258789062
FRAG_NEG_trNEGATIVE54965_46_9,0.05940604209899902
FRAG_NEG_trNEGATIVE88737_8_9,0.06930708885192871
FRAG_NEG_trNEGATIVE76135_37_9,0.10891103744506836
FRAG_NEG_trNEGATIVE86831_43_9,0.1980198621749878
FRAG_NEG_trNEGATIVE64135_59_9,0.3267327547073364
FRAG_NEG_trNEGATIVE83073_53_9,0.2277228832244873
FRAG_NEG_trNEGATIVE96676_48_9,0.04950511455535889
FRAG_NEG_trNEGATIVE81335_27_9,0.18811893463134766
NEG_trNEGATIVE50086,0.05940604209899902
NEG_teNEGATIVE18462,0.029703140258789062
FRAG_NEG_trNEGATIVE88202_8_9,0.25742578506469727
FRAG_NEG_trNEGATIVE28179_77_9,0.1188119649887085
FRAG_NEG_trNEGATIVE47940_35_9,0.09901010990142822
FRAG_NEG_trNEGATIVE80263_7_9,0.2970297336578369
FRAG_NEG_trNEGATIVE75662_17_9,0.20792090892791748
FRAG_NEG_trNEGATIVE42608_24_9,0.25742578506469727
NEG_teNEGATIVE16166,0.059406161308288574
FRAG_NEG_trNEGATIVE32775_50_9,0.1584160327911377
FRAG_NEG_trNEGATIVE30728_11_9,0.27722787857055664
NEG_trNEGATIVE90300,0.1584160327911377
FRAG_NEG_trNEGATIVE89426_73_9,0.2772277593612671
FRAG_NEG_trNEGATIVE59833_19_9,0.148514986038208
FRAG_NEG_trNEGATIVE60492_59_9,0.5841584205627441
FRAG_NEG_trNEGATIVE36367_41_9,0.26732683181762695
FRAG_NEG_trNEGATIVE47794_3_9,0.06930708885192871
FRAG_NEG_trNEGATIVE50019_21_9,0.12871301174163818
FRAG_NEG_trNEGATIVE85333_17_9,0.019802093505859375
FRAG_NEG_trNEGATIVE53046_27_9,0.42574262619018555
FRAG_NEG_trNEGATIVE65709_41_9,0.08910906314849854
FRAG_NEG_trNEGATIVE88413_43_9,0.06930708885192871
FRAG_NEG_trNEGATIVE28742_10_9,0.3267327547073364
FRAG_NEG_trNEGATIVE97032_59_9,0.237623929977417
FRAG_NEG_trNEGATIVE66672_8_9,0.08910906314849854
FRAG_NEG_trNEGATIVE80544_2_9,0.12871301174163818
FRAG_NEG_trNEGATIVE71150_9_9,0.1188119649887085
FRAG_NEG_trNEGATIVE47424_24_9,0.17821788787841797
FRAG_NEG_trNEGATIVE66666_47_9,0.04950511455535889
FRAG_NEG_trNEGATIVE80623_9_9,0.019802212715148926
FRAG_NEG_trNEGATIVE33158_35_9,0.44554460048675537
FRAG_NEG_trNEGATIVE59109_51_9,0.10891103744506836
FRAG_NEG_trNEGATIVE35751_11_9,0.04950511455535889
FRAG_NEG_trNEGATIVE57354_9_9,0.2277228832244873
FRAG_NEG_trNEGATIVE93594_48_9,0.09900999069213867
FRAG_NEG_trNEGATIVE78668_65_9,0.148514986038208
FRAG_NEG_trNEGATIVE39186_23_9,0.06930708885192871
NEG_trNEGATIVE73795,0.009901165962219238
FRAG_NEG_trNEGATIVE55859_61_9,0.10891103744506836
FRAG_NEG_trNEGATIVE92449_51_9,0.1980198621749878
FRAG_NEG_trNEGATIVE27696_67_9,0.2277228832244873
FRAG_NEG_trNEGATIVE73858_21_9,0.26732683181762695
FRAG_NEG_trNEGATIVE92304_53_9,0.27722787857055664
FRAG_NEG_trNEGATIVE94857_64_9,0.21782195568084717
FRAG_NEG_trNEGATIVE63153_71_9,0.06930708885192871
FRAG_NEG_trNEGATIVE82168_34_9,0.10891103744506836
FRAG_NEG_trNEGATIVE33023_40_9,0.11881208419799805
FRAG_NEG_trNEGATIVE63354_16_9,0.04950511455535889
FRAG_NEG_trNEGATIVE36193_16_9,0.1584160327911377
FRAG_NEG_trNEGATIVE55371_14_9,0.12871301174163818
FRAG_NEG_trNEGATIVE47104_25_9,0.18811893463134766
FRAG_NEG_trNEGATIVE40505_36_9,0.18811893463134766
FRAG_NEG_trNEGATIVE29069_58_9,0.0792081356048584
NEG_trNEGATIVE54176,0.019802093505859375
FRAG_NEG_trNEGATIVE89249_12_9,0.3663367033004761
FRAG_NEG_trNEGATIVE85633_69_9,0.3960396647453308
FRAG_NEG_trNEGATIVE36430_31_9,0.11881208419799805
FRAG_NEG_trNEGATIVE51781_51_9,0.2277228832244873
NEG_trNEGATIVE78749,0.03960418701171875
FRAG_NEG_trNEGATIVE90289_36_9,0.26732683181762695
FRAG_NEG_trNEGATIVE39006_64_9,0.08910906314849854
FRAG_NEG_trNEGATIVE88124_70_9,0.18811893463134766
FRAG_NEG_trNEGATIVE39877_34_9,0.2574259042739868
FRAG_NEG_trNEGATIVE83802_42_9,0.2277228832244873
FRAG_NEG_trNEGATIVE59972_33_9,0.18811893463134766
FRAG_NEG_trNEGATIVE78093_80_9,0.12871301174163818
NEG_teNEGATIVE01303,1.1920928955078125e-07
FRAG_NEG_trNEGATIVE92346_14_9,0.41584163904190063
FRAG_NEG_trNEGATIVE96551_48_9,0.148514986038208
FRAG_NEG_trNEGATIVE50424_38_9,0.2277228832244873
FRAG_NEG_trNEGATIVE46361_10_9,0.17821788787841797
FRAG_NEG_trNEGATIVE67079_48_9,0.2772277593612671
FRAG_NEG_trNEGATIVE86159_64_9,0.24752485752105713
FRAG_NEG_trNEGATIVE36706_41_9,0.15841591358184814
FRAG_NEG_trNEGATIVE45132_39_9,0.3267327547073364
NEG_teNEGATIVE01542,0.029703140258789062
FRAG_NEG_trNEGATIVE96352_13_9,0.09900999069213867
FRAG_NEG_trNEGATIVE60036_14_9,0.029703140258789062
FRAG_NEG_trNEGATIVE72346_0_9,0.059406161308288574
FRAG_NEG_trNEGATIVE40094_33_9,0.2871288061141968
FRAG_NEG_trNEGATIVE52530_49_9,0.04950511455535889
FRAG_NEG_trNEGATIVE50386_65_9,0.1188119649887085
FRAG_NEG_trNEGATIVE90242_25_9,0.19801998138427734
FRAG_NEG_trNEGATIVE35447_26_9,0.29702985286712646
FRAG_NEG_trNEGATIVE58968_5_9,0.019802093505859375
FRAG_NEG_trNEGATIVE84350_29_9,0.3861386775970459
FRAG_NEG_trNEGATIVE91770_72_9,0.05940604209899902
FRAG_NEG_trNEGATIVE70278_0_9,0.41584163904190063
FRAG_NEG_trNEGATIVE37877_17_9,0.07920801639556885
FRAG_NEG_trNEGATIVE44273_6_9,0.4554455876350403
FRAG_NEG_trNEGATIVE55065_19_9,0.029703140258789062
FRAG_NEG_trNEGATIVE28269_54_9,0.4059406518936157
FRAG_NEG_trNEGATIVE39270_39_9,0.1980198621749878
FRAG_NEG_trNEGATIVE36562_27_9,0.3168318271636963
FRAG_NEG_trNEGATIVE77167_11_9,0.019802212715148926
FRAG_NEG_trNEGATIVE67162_41_9,0.0792081356048584
FRAG_NEG_trNEGATIVE48303_13_9,0.1584160327911377
NEG_trNEGATIVE59895,0.029703140258789062
FRAG_NEG_trNEGATIVE93454_1_9,0.13861405849456787
FRAG_NEG_trNEGATIVE42561_23_9,0.485148549079895
FRAG_NEG_trNEGATIVE44715_88_9,0.05940604209899902
FRAG_NEG_trNEGATIVE89435_20_9,0.2277228832244873
FRAG_NEG_trNEGATIVE88017_41_9,0.1584160327911377
FRAG_NEG_trNEGATIVE52041_4_9,0.1188119649887085
FRAG_NEG_trNEGATIVE40586_14_9,0.06930708885192871
FRAG_NEG_trNEGATIVE60306_33_9,0.18811893463134766
FRAG_NEG_trNEGATIVE28294_56_9,0.07920801639556885
NEG_trNEGATIVE65146,0.03960418701171875
FRAG_NEG_trNEGATIVE40633_2_9,0.19801998138427734
FRAG_NEG_trNEGATIVE73433_52_9,0.21782195568084717
NEG_teNEGATIVE02418,0.019802212715148926
NEG_trNEGATIVE72658,1.1920928955078125e-07
FRAG_NEG_trNEGATIVE68783_34_9,0.3168318271636963
FRAG_NEG_trNEGATIVE35778_63_9,0.3168318271636963
FRAG_NEG_trNEGATIVE61856_7_9,0.24752485752105713
FRAG_NEG_trNEGATIVE71694_18_9,0.237623929977417
FRAG_NEG_trNEGATIVE95213_46_9,0.06930708885192871
FRAG_NEG_trNEGATIVE35042_55_9,0.09900999069213867
FRAG_NEG_trNEGATIVE90276_58_9,0.20792090892791748
FRAG_NEG_trNEGATIVE92602_56_9,0.41584163904190063
FRAG_NEG_trNEGATIVE47846_18_9,0.17821800708770752
NEG_trNEGATIVE68378,0.04950511455535889
FRAG_NEG_trNEGATIVE51001_11_9,0.4653465747833252
FRAG_NEG_trNEGATIVE66557_9_9,0.20792090892791748
FRAG_NEG_trNEGATIVE33584_12_9,0.029703140258789062
NEG_trNEGATIVE54022,0.04950511455535889
FRAG_NEG_trNEGATIVE62564_23_9,0.3960396647453308
FRAG_NEG_trNEGATIVE79926_8_9,0.26732683181762695
FRAG_NEG_trNEGATIVE75383_56_9,0.09901010990142822
FRAG_NEG_trNEGATIVE33202_5_9,0.3663367033004761
NEG_trNEGATIVE87852,0.04950511455535889
FRAG_NEG_trNEGATIVE78376_50_9,0.18811893463134766
FRAG_NEG_trNEGATIVE90839_0_9,0.12871301174163818
FRAG_NEG_trNEGATIVE59138_43_9,0.06930708885192871
FRAG_NEG_trNEGATIVE75528_47_9,0.21782195568084717
FRAG_NEG_trNEGATIVE69160_71_9,0.08910906314849854
FRAG_NEG_trNEGATIVE49543_26_9,0.2277228832244873
FRAG_NEG_trNEGATIVE96555_36_9,0.3267327547073364
FRAG_NEG_trNEGATIVE36657_9_9,0.5445544719696045
FRAG_NEG_trNEGATIVE55193_84_9,0.09901010990142822
FRAG_NEG_trNEGATIVE90060_50_9,0.148514986038208
FRAG_NEG_trNEGATIVE79273_55_9,0.21782195568084717
FRAG_NEG_trNEGATIVE80751_26_9,0.12871301174163818
FRAG_NEG_trNEGATIVE40991_26_9,0.4554455876350403
NEG_trNEGATIVE28613,0.0396040678024292
NEG_trNEGATIVE39338,0.009901165962219238
FRAG_NEG_trNEGATIVE95587_19_9,0.11881208419799805
FRAG_NEG_trNEGATIVE28558_67_9,0.17821800708770752
FRAG_NEG_trNEGATIVE58301_23_9,0.15841591358184814
FRAG_NEG_trNEGATIVE47499_72_9,0.12871301174163818
NEG_trNEGATIVE79098,0.05940604209899902
FRAG_NEG_trNEGATIVE83262_3_9,0.009901165962219238
FRAG_NEG_trNEGATIVE40980_1_9,0.25742578506469727
FRAG_NEG_trNEGATIVE77987_42_9,0.05940604209899902
FRAG_NEG_trNEGATIVE80763_16_9,0.11881208419799805
FRAG_NEG_trNEGATIVE34067_21_9,0.3663367033004761
FRAG_NEG_trNEGATIVE89562_46_9,0.16831696033477783
NEG_trNEGATIVE33572,0.07920801639556885
FRAG_NEG_trNEGATIVE55818_27_9,0.43564361333847046
NEG_trNEGATIVE56802,0.08910906314849854
FRAG_NEG_trNEGATIVE79327_38_9,0.44554460048675537
FRAG_NEG_trNEGATIVE54354_8_9,0.2277228832244873
FRAG_NEG_trNEGATIVE31694_23_9,0.2277228832244873
FRAG_NEG_trNEGATIVE51362_51_9,0.09900999069213867
FRAG_NEG_trNEGATIVE58718_23_9,0.1584160327911377
FRAG_NEG_trNEGATIVE86666_13_9,0.1188119649887085
FRAG_NEG_trNEGATIVE42856_64_9,0.12871301174163818
FRAG_NEG_trNEGATIVE82819_2_9,0.0792081356048584
FRAG_NEG_trNEGATIVE76478_72_9,0.11881208419799805
FRAG_NEG_trNEGATIVE70378_33_9,0.13861393928527832
FRAG_NEG_trNEGATIVE31541_3_9,0.4059406518936157
FRAG_NEG_trNEGATIVE45583_7_9,0.019802212715148926
FRAG_NEG_trNEGATIVE61773_9_9,0.42574262619018555
FRAG_NEG_trNEGATIVE95879_53_9,0.07920801639556885
FRAG_NEG_trNEGATIVE77187_21_9,0.13861393928527832
FRAG_NEG_trNEGATIVE95106_44_9,0.08910906314849854
NEG_trNEGATIVE92685,0.03960418701171875
FRAG_NEG_trNEGATIVE30044_56_9,0.2574259042739868
FRAG_NEG_trNEGATIVE69170_55_9,0.20792090892791748
FRAG_NEG_trNEGATIVE33548_5_9,0.08910906314849854
FRAG_NEG_trNEGATIVE79245_0_9,0.44554460048675537
NEG_trNEGATIVE69235,0.05940604209899902
FRAG_NEG_trNEGATIVE77586_25_9,0.10891103744506836
NEG_trNEGATIVE65138,0.019802212715148926
FRAG_NEG_trNEGATIVE44384_61_9,0.3861386775970459
FRAG_NEG_trNEGATIVE31181_42_9,0.03960418701171875
NEG_trNEGATIVE92217,0.029703140258789062
FRAG_NEG_trNEGATIVE31300_83_9,0.029703140258789062
FRAG_NEG_trNEGATIVE59119_24_9,0.3168317675590515
FRAG_NEG_trNEGATIVE53727_2_9,0.12871301174163818
FRAG_NEG_trNEGATIVE53259_6_9,0.2277228832244873
FRAG_NEG_trNEGATIVE34943_71_9,0.3267327547073364
FRAG_NEG_trNEGATIVE57619_29_9,0.13861393928527832
FRAG_NEG_trNEGATIVE36091_9_9,0.20792090892791748
FRAG_NEG_trNEGATIVE88809_40_9,0.33663374185562134
FRAG_NEG_trNEGATIVE89249_44_9,0.20792090892791748
FRAG_NEG_trNEGATIVE56510_41_9,0.21782183647155762
FRAG_NEG_trNEGATIVE65012_31_9,0.009901165962219238
FRAG_NEG_trNEGATIVE86988_5_9,0.33663374185562134
FRAG_NEG_trNEGATIVE39048_28_9,0.24752485752105713
FRAG_NEG_trNEGATIVE95674_49_9,0.04950511455535889
FRAG_NEG_trNEGATIVE49119_17_9,0.27722787857055664
FRAG_NEG_trNEGATIVE80313_47_9,0.059406161308288574
NEG_trNEGATIVE49354,0.08910906314849854
FRAG_NEG_trNEGATIVE85788_42_9,0.3267327547073364
FRAG_NEG_trNEGATIVE58350_6_9,0.09900999069213867
FRAG_NEG_trNEGATIVE71828_79_9,0.237623929977417
FRAG_NEG_trNEGATIVE40371_25_9,0.15841591358184814
FRAG_NEG_trNEGATIVE92309_20_9,0.20792090892791748
FRAG_NEG_trNEGATIVE34205_37_9,0.2871288061141968
FRAG_NEG_trNEGATIVE63500_37_9,0.11881208419799805
FRAG_NEG_trNEGATIVE46665_12_9,0.04950511455535889
FRAG_NEG_trNEGATIVE86557_40_9,0.09900999069213867
FRAG_NEG_trNEGATIVE87504_48_9,0.3267327547073364
FRAG_NEG_trNEGATIVE81212_49_9,0.3663367033004761
FRAG_NEG_trNEGATIVE29559_14_9,0.43564361333847046
FRAG_NEG_trNEGATIVE67719_17_9,0.16831696033477783
FRAG_NEG_trNEGATIVE96622_44_9,0.20792090892791748
FRAG_NEG_trNEGATIVE92112_69_9,0.2970297336578369
FRAG_NEG_trNEGATIVE32518_63_9,0.1188119649887085
FRAG_NEG_trNEGATIVE33750_34_9,0.13861393928527832
FRAG_NEG_trNEGATIVE49831_26_9,0.148514986038208
FRAG_NEG_trNEGATIVE86836_21_9,0.20792090892791748
FRAG_NEG_trNEGATIVE85783_44_9,0.09900999069213867
FRAG_NEG_trNEGATIVE48206_46_9,0.17821800708770752
FRAG_NEG_trNEGATIVE87987_0_9,0.1188119649887085
FRAG_NEG_trNEGATIVE88738_24_9,0.43564361333847046
NEG_trNEGATIVE36811,0.009901165962219238
NEG_trNEGATIVE79106,0.0396040678024292
FRAG_NEG_trNEGATIVE80439_12_9,0.24752485752105713
FRAG_NEG_trNEGATIVE70250_46_9,0.4752475619316101
FRAG_NEG_trNEGATIVE95615_11_9,0.5148515105247498
FRAG_NEG_trNEGATIVE91199_72_9,0.09900999069213867
FRAG_NEG_trNEGATIVE92794_12_9,0.12871301174163818
NEG_trNEGATIVE60618,0.029703140258789062
FRAG_NEG_trNEGATIVE46247_49_9,0.2871288061141968
FRAG_NEG_trNEGATIVE71456_58_9,0.16831696033477783
FRAG_NEG_trNEGATIVE58430_35_9,0.12871301174163818
FRAG_NEG_trNEGATIVE31183_20_9,0.1188119649887085
FRAG_NEG_trNEGATIVE83584_63_9,0.13861405849456787
FRAG_NEG_trNEGATIVE35870_15_9,0.13861405849456787
NEG_trNEGATIVE97838,0.13861405849456787
FRAG_NEG_trNEGATIVE87471_24_9,0.2277228832244873
FRAG_NEG_trNEGATIVE70191_36_10,0.06930708885192871
FRAG_NEG_trNEGATIVE61563_48_10,0.07920801639556885
FRAG_NEG_trNEGATIVE84432_18_10,0.4554455876350403
FRAG_NEG_trNEGATIVE60389_0_10,0.44554460048675537
FRAG_NEG_trNEGATIVE73100_41_10,0.5742574334144592
FRAG_NEG_trNEGATIVE84819_14_10,0.3366338014602661
FRAG_NEG_trNEGATIVE53467_21_10,0.17821800708770752
NEG_teNEGATIVE18334,0.08910906314849854
FRAG_NEG_trNEGATIVE28397_8_10,0.1188119649887085
FRAG_NEG_trNEGATIVE68177_29_10,0.27722787857055664
FRAG_NEG_trNEGATIVE74610_14_10,0.148514986038208
FRAG_NEG_trNEGATIVE33646_9_10,0.16831696033477783
FRAG_NEG_trNEGATIVE69844_25_10,0.08910906314849854
FRAG_NEG_trNEGATIVE48716_8_10,0.3960396647453308
FRAG_NEG_trNEGATIVE35629_66_10,0.0792081356048584
FRAG_NEG_trNEGATIVE47482_17_10,0.12871301174163818
FRAG_NEG_trNEGATIVE71898_63_10,0.18811893463134766
FRAG_NEG_trNEGATIVE78337_15_10,0.18811893463134766
FRAG_NEG_trNEGATIVE90772_70_10,0.34653472900390625
FRAG_NEG_trNEGATIVE82506_56_10,0.1584160327911377
FRAG_NEG_trNEGATIVE66509_35_10,0.059406161308288574
FRAG_NEG_trNEGATIVE38748_32_10,0.37623775005340576
FRAG_NEG_trNEGATIVE70267_60_10,0.1980198621749878
FRAG_NEG_trNEGATIVE47718_56_10,0.28052818775177
FRAG_NEG_trNEGATIVE73239_14_10,0.09901010990142822
FRAG_NEG_trNEGATIVE46275_23_10,0.4554455876350403
FRAG_NEG_trNEGATIVE47947_17_10,0.34653472900390625
FRAG_NEG_trNEGATIVE87644_74_10,0.03960418701171875
FRAG_NEG_trNEGATIVE75125_23_10,0.11881208419799805
NEG_trNEGATIVE66312,0.029703140258789062
NEG_trNEGATIVE74639,0.019802093505859375
FRAG_NEG_trNEGATIVE38900_31_10,0.20792090892791748
FRAG_NEG_trNEGATIVE54737_33_10,0.12871301174163818
FRAG_NEG_trNEGATIVE80275_82_10,0.148514986038208
FRAG_NEG_trNEGATIVE74439_46_10,0.07920801639556885
FRAG_NEG_trNEGATIVE74328_54_10,0.5445544719696045
FRAG_NEG_trNEGATIVE69851_31_10,0.10891103744506836
FRAG_NEG_trNEGATIVE49684_26_10,0.07920801639556885
FRAG_NEG_trNEGATIVE80731_2_10,0.08910906314849854
FRAG_NEG_trNEGATIVE87687_55_10,0.148514986038208
FRAG_NEG_trNEGATIVE84326_21_10,0.237623929977417
FRAG_NEG_trNEGATIVE79461_45_10,0.3168318271636963
NEG_teNEGATIVE23344,0.08910906314849854
FRAG_NEG_trNEGATIVE82367_45_10,0.1584160327911377
FRAG_NEG_trNEGATIVE80792_12_10,0.376237690448761
FRAG_NEG_trNEGATIVE27918_25_10,0.09901010990142822
FRAG_NEG_trNEGATIVE92258_27_10,0.16831696033477783
FRAG_NEG_trNEGATIVE44181_24_10,0.237623929977417
NEG_trNEGATIVE73873,0.05940604209899902
FRAG_NEG_trNEGATIVE80280_53_10,0.2277228832244873
FRAG_NEG_trNEGATIVE45057_63_10,0.2277228832244873
NEG_trNEGATIVE41563,0.04950511455535889
FRAG_NEG_trNEGATIVE58096_12_10,0.03960418701171875
FRAG_NEG_trNEGATIVE47663_37_10,0.2574259042739868
FRAG_NEG_trNEGATIVE81390_1_10,0.07920801639556885
FRAG_NEG_trNEGATIVE31776_66_10,0.15841591358184814
FRAG_NEG_trNEGATIVE47268_28_10,0.11881208419799805
FRAG_NEG_trNEGATIVE52234_18_10,0.11881208419799805
FRAG_NEG_trNEGATIVE88199_29_10,0.18811893463134766
FRAG_NEG_trNEGATIVE77511_7_10,0.13861405849456787
FRAG_NEG_trNEGATIVE85529_27_10,0.09900999069213867
FRAG_NEG_trNEGATIVE73055_32_10,0.10891103744506836
FRAG_NEG_trNEGATIVE92667_11_10,0.08910906314849854
FRAG_NEG_trNEGATIVE38801_49_10,0.4059406518936157
FRAG_NEG_trNEGATIVE28837_63_10,0.33663374185562134
FRAG_NEG_trNEGATIVE33314_55_10,0.07920801639556885
FRAG_NEG_trNEGATIVE37726_87_10,0.08910906314849854
FRAG_NEG_trNEGATIVE90255_54_10,0.10891103744506836
FRAG_NEG_trNEGATIVE59281_44_10,0.10891103744506836
FRAG_NEG_trNEGATIVE33598_7_10,0.6138613820075989
FRAG_NEG_trNEGATIVE48791_27_10,0.0396040678024292
FRAG_NEG_trNEGATIVE36370_2_10,0.376237690448761
NEG_teNEGATIVE22305,0.029703140258789062
FRAG_NEG_trNEGATIVE72674_17_10,0.4059406518936157
FRAG_NEG_trNEGATIVE36783_19_10,0.18811893463134766
FRAG_NEG_trNEGATIVE64007_43_10,0.2277228832244873
NEG_trNEGATIVE100161,0.0792081356048584
FRAG_NEG_trNEGATIVE80564_55_10,0.11881208419799805
FRAG_NEG_trNEGATIVE57619_12_10,0.148514986038208
FRAG_NEG_trNEGATIVE70479_36_10,0.11881208419799805
FRAG_NEG_trNEGATIVE68110_9_10,0.09900999069213867
FRAG_NEG_trNEGATIVE90289_17_10,0.18811893463134766
FRAG_NEG_trNEGATIVE61675_44_10,0.08910906314849854
FRAG_NEG_trNEGATIVE44841_42_10,0.03960418701171875
FRAG_NEG_trNEGATIVE30453_46_10,0.20792090892791748
FRAG_NEG_trNEGATIVE83944_28_10,0.18811893463134766
FRAG_NEG_trNEGATIVE36870_20_10,0.3069307804107666
FRAG_NEG_trNEGATIVE30200_8_10,0.08910906314849854
FRAG_NEG_trNEGATIVE82829_53_10,0.04950511455535889
FRAG_NEG_trNEGATIVE37122_34_10,0.2772277593612671
FRAG_NEG_trNEGATIVE70835_35_10,0.18811893463134766
FRAG_NEG_trNEGATIVE40968_26_10,0.237623929977417
FRAG_NEG_trNEGATIVE94727_45_10,0.06930708885192871
FRAG_NEG_trNEGATIVE51856_44_10,0.029703140258789062
FRAG_NEG_trNEGATIVE42521_55_10,0.06930708885192871
FRAG_NEG_trNEGATIVE62630_35_10,0.376237690448761
FRAG_NEG_trNEGATIVE71152_50_10,0.3069307804107666
FRAG_NEG_trNEGATIVE64864_30_10,0.1584160327911377
FRAG_NEG_trNEGATIVE62799_14_10,0.16831696033477783
FRAG_NEG_trNEGATIVE45252_38_10,0.34653472900390625
FRAG_NEG_trNEGATIVE82605_51_10,0.019802093505859375
FRAG_NEG_trNEGATIVE56201_21_10,0.27722787857055664
FRAG_NEG_trNEGATIVE59360_2_10,0.20792090892791748
NEG_teNEGATIVE13734,0.019802093505859375
FRAG_NEG_trNEGATIVE45177_21_10,0.2277228832244873
NEG_trNEGATIVE48314,0.06930708885192871
FRAG_NEG_trNEGATIVE91732_7_10,0.12871301174163818
FRAG_NEG_trNEGATIVE45365_33_10,0.20792090892791748
FRAG_NEG_trNEGATIVE36602_59_10,0.15841591358184814
FRAG_NEG_trNEGATIVE75185_62_10,0.12871301174163818
FRAG_NEG_trNEGATIVE32500_58_10,0.2574259042739868
FRAG_NEG_trNEGATIVE49987_47_10,0.15841591358184814
FRAG_NEG_trNEGATIVE86643_6_10,0.26732683181762695
FRAG_NEG_trNEGATIVE34588_27_10,0.13861405849456787
FRAG_NEG_trNEGATIVE71388_45_10,0.10891103744506836
FRAG_NEG_trNEGATIVE46113_35_10,0.06930708885192871
FRAG_NEG_trNEGATIVE58951_62_10,0.05940604209899902
FRAG_NEG_trNEGATIVE61300_11_10,0.1188119649887085
FRAG_NEG_trNEGATIVE35193_9_10,0.17821800708770752
FRAG_NEG_trNEGATIVE34539_26_10,0.3069307804107666
FRAG_NEG_trNEGATIVE92782_19_10,0.13861405849456787
FRAG_NEG_trNEGATIVE41845_66_10,0.16831696033477783
FRAG_NEG_trNEGATIVE74862_1_10,0.08910906314849854
FRAG_NEG_trNEGATIVE74603_27_10,0.12871301174163818
FRAG_NEG_trNEGATIVE88830_37_10,0.029703140258789062
FRAG_NEG_trNEGATIVE65579_37_10,0.26732683181762695
FRAG_NEG_trNEGATIVE63055_39_10,0.5247524976730347
FRAG_NEG_trNEGATIVE63153_6_10,0.2277228832244873
NEG_trNEGATIVE89133,1.1920928955078125e-07
NEG_trNEGATIVE41704,1.1920928955078125e-07
FRAG_NEG_trNEGATIVE69844_9_10,0.20792090892791748
FRAG_NEG_trNEGATIVE36525_35_10,0.10891103744506836
FRAG_NEG_trNEGATIVE79299_28_10,0.31683170795440674
FRAG_NEG_trNEGATIVE66720_53_10,0.148514986038208
FRAG_NEG_trNEGATIVE37726_68_10,0.29702985286712646
FRAG_NEG_trNEGATIVE28817_16_10,0.019802093505859375
FRAG_NEG_trNEGATIVE29795_20_10,0.08910906314849854
FRAG_NEG_trNEGATIVE51461_66_10,0.21782195568084717
FRAG_NEG_trNEGATIVE83986_21_10,0.2574259042739868
FRAG_NEG_trNEGATIVE30091_43_10,0.29702985286712646
FRAG_NEG_trNEGATIVE28558_60_10,0.12871301174163818
FRAG_NEG_trNEGATIVE93313_19_10,0.25742578506469727
FRAG_NEG_trNEGATIVE58375_6_10,0.4752475619316101
FRAG_NEG_trNEGATIVE62084_74_10,0.019802093505859375
NEG_trNEGATIVE50873,0.06930708885192871
FRAG_NEG_trNEGATIVE63376_22_10,0.17821788787841797
FRAG_NEG_trNEGATIVE81986_83_10,0.2574259042739868
FRAG_NEG_trNEGATIVE56523_49_10,0.08910906314849854
FRAG_NEG_trNEGATIVE91970_8_10,0.12871301174163818
FRAG_NEG_trNEGATIVE35180_44_10,0.20792090892791748
FRAG_NEG_trNEGATIVE75185_34_10,0.0792081356048584
FRAG_NEG_trNEGATIVE58419_17_10,0.09901010990142822
FRAG_NEG_trNEGATIVE37469_38_10,0.20792090892791748
FRAG_NEG_trNEGATIVE34860_28_10,0.148514986038208
FRAG_NEG_trNEGATIVE71788_16_10,0.21782183647155762
FRAG_NEG_trNEGATIVE39961_3_10,0.148514986038208
FRAG_NEG_trNEGATIVE54945_42_10,0.06930708885192871
FRAG_NEG_trNEGATIVE66718_31_10,0.1188119649887085
NEG_trNEGATIVE80488,0.029703140258789062
FRAG_NEG_trNEGATIVE73433_0_10,0.06930708885192871
FRAG_NEG_trNEGATIVE86746_30_10,0.20792090892791748
FRAG_NEG_trNEGATIVE27950_33_10,0.009901165962219238
FRAG_NEG_trNEGATIVE76826_2_10,0.10891103744506836
FRAG_NEG_trNEGATIVE90895_48_10,0.26732683181762695
FRAG_NEG_trNEGATIVE32176_11_10,0.27722787857055664
FRAG_NEG_trNEGATIVE42400_61_10,0.019802093505859375
FRAG_NEG_trNEGATIVE62795_48_10,0.12871301174163818
FRAG_NEG_trNEGATIVE32820_7_10,0.17821788787841797
FRAG_NEG_trNEGATIVE30544_69_10,0.24752485752105713
FRAG_NEG_trNEGATIVE64185_13_10,0.10891103744506836
FRAG_NEG_trNEGATIVE35864_22_10,0.09900999069213867
NEG_trNEGATIVE53510,0.04950511455535889
FRAG_NEG_trNEGATIVE61999_0_10,0.04950511455535889
FRAG_NEG_trNEGATIVE69105_15_10,0.06930708885192871
FRAG_NEG_trNEGATIVE83705_57_10,0.10891103744506836
FRAG_NEG_trNEGATIVE44002_6_10,0.26732683181762695
FRAG_NEG_trNEGATIVE87512_51_10,0.06930708885192871
FRAG_NEG_trNEGATIVE84888_3_10,0.04950511455535889
FRAG_NEG_trNEGATIVE47173_6_10,0.0792081356048584
FRAG_NEG_trNEGATIVE79245_32_10,0.0792081356048584
FRAG_NEG_trNEGATIVE61713_1_10,0.07920801639556885
FRAG_NEG_trNEGATIVE71200_29_10,0.12871301174163818
FRAG_NEG_trNEGATIVE94364_14_10,0.04950511455535889
FRAG_NEG_trNEGATIVE30948_60_10,0.148514986038208
FRAG_NEG_trNEGATIVE60820_22_10,0.3861386775970459
FRAG_NEG_trNEGATIVE47408_56_10,0.12871301174163818
FRAG_NEG_trNEGATIVE81517_25_10,0.5396040081977844
FRAG_NEG_trNEGATIVE78139_57_10,0.06930708885192871
FRAG_NEG_trNEGATIVE46780_42_10,0.41584163904190063
FRAG_NEG_trNEGATIVE68641_40_10,0.05940604209899902
FRAG_NEG_trNEGATIVE29192_16_10,0.09901010990142822
FRAG_NEG_trNEGATIVE52734_4_10,0.16831696033477783
FRAG_NEG_trNEGATIVE88167_65_10,0.20792090892791748
FRAG_NEG_trNEGATIVE47243_17_10,0.17821800708770752
FRAG_NEG_trNEGATIVE66432_0_10,0.1980198621749878
FRAG_NEG_trNEGATIVE82830_11_10,0.2871288061141968
FRAG_NEG_trNEGATIVE66233_1_10,0.21782195568084717
FRAG_NEG_trNEGATIVE95555_53_10,0.2277228832244873
FRAG_NEG_trNEGATIVE40834_53_10,0.04950511455535889
FRAG_NEG_trNEGATIVE32913_58_10,0.13861393928527832
NEG_trNEGATIVE34295,0.019802093505859375
FRAG_NEG_trNEGATIVE77310_22_10,0.04950511455535889
NEG_trNEGATIVE70319,0.019802093505859375
FRAG_NEG_trNEGATIVE79605_57_10,0.10891103744506836
FRAG_NEG_trNEGATIVE62973_17_10,0.15841591358184814
FRAG_NEG_trNEGATIVE66234_13_10,0.5544554591178894
FRAG_NEG_trNEGATIVE63133_58_10,0.13861405849456787
FRAG_NEG_trNEGATIVE57538_45_10,0.2277228832244873
FRAG_NEG_trNEGATIVE68527_25_10,0.04950511455535889
FRAG_NEG_trNEGATIVE49297_34_10,0.06930708885192871
FRAG_NEG_trNEGATIVE87505_26_10,0.4554455876350403
FRAG_NEG_trNEGATIVE72067_21_10,0.1188119649887085
FRAG_NEG_trNEGATIVE61730_8_10,0.33663368225097656
FRAG_NEG_trNEGATIVE65294_73_10,0.1584160327911377
FRAG_NEG_trNEGATIVE96532_7_10,0.009901165962219238
FRAG_NEG_trNEGATIVE85743_32_10,0.0792081356048584
FRAG_NEG_trNEGATIVE53623_5_10,0.5049505233764648
FRAG_NEG_trNEGATIVE93132_4_10,0.237623929977417
FRAG_NEG_trNEGATIVE30957_39_10,0.13861393928527832
FRAG_NEG_trNEGATIVE51669_22_10,0.12871301174163818
FRAG_NEG_trNEGATIVE53744_41_10,0.20792090892791748
FRAG_NEG_trNEGATIVE85729_6_10,0.44554460048675537
FRAG_NEG_trNEGATIVE64023_54_10,0.5247524976730347
FRAG_NEG_trNEGATIVE42521_43_10,0.06930708885192871
FRAG_NEG_trNEGATIVE84651_3_10,0.35643571615219116
NEG_trNEGATIVE56930,0.09900999069213867
FRAG_NEG_trNEGATIVE75833_23_10,0.148514986038208
FRAG_NEG_trNEGATIVE86744_9_10,0.0792081356048584
FRAG_NEG_trNEGATIVE58940_12_10,0.08910906314849854
FRAG_NEG_trNEGATIVE67647_44_10,0.04950511455535889
NEG_trNEGATIVE44084,0.04950511455535889
FRAG_NEG_trNEGATIVE37240_49_10,0.10891103744506836
FRAG_NEG_trNEGATIVE64293_51_10,0.25742578506469727
FRAG_NEG_trNEGATIVE53070_46_10,0.237623929977417
FRAG_NEG_trNEGATIVE47404_39_10,0.16831696033477783
FRAG_NEG_trNEGATIVE32676_38_10,0.3267327547073364
FRAG_NEG_trNEGATIVE37791_45_10,0.09900999069213867
FRAG_NEG_trNEGATIVE87419_25_10,0.3366338014602661
FRAG_NEG_trNEGATIVE91985_8_10,0.16831696033477783
FRAG_NEG_trNEGATIVE43269_10_10,0.43564361333847046
FRAG_NEG_trNEGATIVE33800_7_10,0.17821800708770752
FRAG_NEG_trNEGATIVE39004_69_10,0.5247524976730347
FRAG_NEG_trNEGATIVE39692_45_10,0.15841591358184814
FRAG_NEG_trNEGATIVE54009_5_10,0.029703140258789062
FRAG_NEG_trNEGATIVE34514_28_10,0.3069307804107666
FRAG_NEG_trNEGATIVE30057_28_10,0.0396040678024292
FRAG_NEG_trNEGATIVE67819_50_10,0.148514986038208
FRAG_NEG_trNEGATIVE36422_7_10,0.5346535444259644
FRAG_NEG_trNEGATIVE42422_48_10,0.0792081356048584
FRAG_NEG_trNEGATIVE31110_19_10,1.1920928955078125e-07
FRAG_NEG_trNEGATIVE81209_33_10,0.10891103744506836
FRAG_NEG_trNEGATIVE78727_9_10,0.24752485752105713
FRAG_NEG_trNEGATIVE42096_37_10,0.2277228832244873
FRAG_NEG_trNEGATIVE52230_1_10,0.148514986038208
FRAG_NEG_trNEGATIVE68769_24_10,0.06930708885192871
FRAG_NEG_trNEGATIVE36290_87_10,0.0792081356048584
FRAG_NEG_trNEGATIVE89605_47_10,0.09900999069213867
FRAG_NEG_trNEGATIVE43013_2_10,0.12871301174163818
FRAG_NEG_trNEGATIVE40980_30_10,0.1188119649887085
FRAG_NEG_trNEGATIVE84468_6_10,0.08910906314849854
FRAG_NEG_trNEGATIVE71374_21_10,0.019802212715148926
FRAG_NEG_trNEGATIVE51921_17_10,0.09900999069213867
FRAG_NEG_trNEGATIVE29851_64_10,0.04950511455535889
NEG_trNEGATIVE35463,0.0792081356048584
NEG_trNEGATIVE28862,0.26732683181762695
FRAG_NEG_trNEGATIVE63846_11_10,0.16831696033477783
FRAG_NEG_trNEGATIVE35529_61_10,0.33663374185562134
FRAG_NEG_trNEGATIVE50868_15_10,0.35643571615219116
FRAG_NEG_trNEGATIVE84790_6_10,0.3069307804107666
FRAG_NEG_trNEGATIVE52961_41_10,0.07920801639556885
FRAG_NEG_trNEGATIVE63018_36_10,0.21782183647155762
FRAG_NEG_trNEGATIVE39448_19_10,0.07920801639556885
FRAG_NEG_trNEGATIVE33192_34_10,0.2871288061141968
FRAG_NEG_trNEGATIVE53014_2_10,0.06930708885192871
FRAG_NEG_trNEGATIVE29951_44_10,0.3861386775970459
FRAG_NEG_trNEGATIVE86732_72_10,0.2871288061141968
FRAG_NEG_trNEGATIVE84154_70_10,0.18811893463134766
FRAG_NEG_trNEGATIVE88847_27_10,0.06930708885192871
FRAG_NEG_trNEGATIVE81159_30_10,0.09900999069213867
FRAG_NEG_trNEGATIVE54015_23_10,0.1980198621749878
FRAG_NEG_trNEGATIVE61126_35_10,0.4653465747833252
FRAG_NEG_trNEGATIVE48026_32_10,0.09901010990142822
FRAG_NEG_trNEGATIVE31708_48_10,0.16831696033477783
FRAG_NEG_trNEGATIVE34743_2_10,0.25742578506469727
FRAG_NEG_trNEGATIVE94208_18_10,0.2871288061141968
FRAG_NEG_trNEGATIVE93893_44_10,0.08910906314849854
NEG_trNEGATIVE60758,0.04950511455535889
NEG_trNEGATIVE47592,0.029703140258789062
NEG_trNEGATIVE31841,0.10891103744506836
FRAG_NEG_trNEGATIVE47794_53_10,0.17821800708770752
FRAG_NEG_trNEGATIVE90338_29_10,0.34653472900390625
FRAG_NEG_trNEGATIVE31266_59_10,0.04950511455535889
FRAG_NEG_trNEGATIVE40834_5_10,0.3069307804107666
FRAG_NEG_trNEGATIVE70219_59_10,0.24752485752105713
NEG_trNEGATIVE89641,0.009901165962219238
FRAG_NEG_trNEGATIVE90408_60_10,0.20792090892791748
FRAG_NEG_trNEGATIVE40761_30_10,0.0396040678024292
FRAG_NEG_trNEGATIVE49229_28_10,0.029703140258789062
FRAG_NEG_trNEGATIVE51325_65_10,0.13861393928527832
FRAG_NEG_trNEGATIVE75165_28_10,0.08910906314849854
FRAG_NEG_trNEGATIVE37994_51_10,0.03960418701171875
FRAG_NEG_trNEGATIVE96823_13_10,0.1584160327911377
FRAG_NEG_trNEGATIVE51982_22_10,0.237623929977417
FRAG_NEG_trNEGATIVE56643_19_10,0.3366338014602661
FRAG_NEG_trNEGATIVE91239_61_10,0.1980198621749878
FRAG_NEG_trNEGATIVE77089_13_10,0.08910906314849854
FRAG_NEG_trNEGATIVE32176_6_10,0.06930708885192871
FRAG_NEG_trNEGATIVE94073_17_10,0.17821800708770752
FRAG_NEG_trNEGATIVE92379_47_10,0.08910906314849854
FRAG_NEG_trNEGATIVE39300_18_10,0.0396040678024292
FRAG_NEG_trNEGATIVE31413_17_10,0.41584163904190063
FRAG_NEG_trNEGATIVE43727_34_10,0.35643571615219116
FRAG_NEG_trNEGATIVE31759_11_10,0.34653472900390625
FRAG_NEG_trNEGATIVE77715_33_10,0.10891103744506836
FRAG_NEG_trNEGATIVE39865_86_10,0.04950511455535889
FRAG_NEG_trNEGATIVE96794_37_10,0.08910906314849854
FRAG_NEG_trNEGATIVE91442_26_10,0.08910906314849854
FRAG_NEG_trNEGATIVE46695_38_10,0.4405940771102905
FRAG_NEG_trNEGATIVE70447_39_10,0.08910906314849854
FRAG_NEG_trNEGATIVE42620_29_10,0.16831696033477783
FRAG_NEG_trNEGATIVE78365_34_10,0.3168318271636963
FRAG_NEG_trNEGATIVE30544_77_10,0.2970297336578369
FRAG_NEG_trNEGATIVE54316_43_10,0.04950511455535889
FRAG_NEG_trNEGATIVE50734_40_10,0.485148549079895
FRAG_NEG_trNEGATIVE56964_64_10,0.35643571615219116
FRAG_NEG_trNEGATIVE32322_72_10,0.06930708885192871
FRAG_NEG_trNEGATIVE74442_34_10,0.2277228832244873
FRAG_NEG_trNEGATIVE28970_31_10,0.4059406518936157
FRAG_NEG_trNEGATIVE67028_35_10,0.43564361333847046
FRAG_NEG_trNEGATIVE46184_18_10,0.5049505233764648
FRAG_NEG_trNEGATIVE71492_5_10,0.34653472900390625
FRAG_NEG_trNEGATIVE68320_22_10,0.376237690448761
NEG_trNEGATIVE41261,0.019802212715148926
FRAG_NEG_trNEGATIVE89818_1_10,0.31683170795440674
FRAG_NEG_trNEGATIVE66485_8_10,0.37623775005340576
FRAG_NEG_trNEGATIVE47740_72_10,0.08910906314849854
FRAG_NEG_trNEGATIVE28222_50_10,0.49504953622817993
FRAG_NEG_trNEGATIVE31373_34_10,0.17821800708770752
FRAG_NEG_trNEGATIVE61615_49_10,0.20792090892791748
FRAG_NEG_trNEGATIVE55240_53_10,0.5742574334144592
FRAG_NEG_trNEGATIVE69892_16_10,0.0792081356048584
FRAG_NEG_trNEGATIVE55297_37_10,0.33663368225097656
FRAG_NEG_trNEGATIVE84728_70_10,0.33663374185562134
FRAG_NEG_trNEGATIVE32682_38_10,0.17821800708770752
FRAG_NEG_trNEGATIVE42951_9_10,0.15841591358184814
FRAG_NEG_trNEGATIVE71421_23_10,0.2871288061141968
FRAG_NEG_trNEGATIVE50338_60_10,0.3861386775970459
FRAG_NEG_trNEGATIVE76022_35_10,0.0396040678024292
FRAG_NEG_trNEGATIVE29760_18_10,0.07920801639556885
FRAG_NEG_trNEGATIVE46482_46_10,0.1584160327911377
FRAG_NEG_trNEGATIVE34647_11_10,0.18811893463134766
FRAG_NEG_trNEGATIVE43155_42_10,0.019802093505859375
FRAG_NEG_trNEGATIVE30090_61_10,0.2574259042739868
FRAG_NEG_trNEGATIVE85011_10_10,0.13861393928527832
FRAG_NEG_trNEGATIVE37845_46_10,0.29702985286712646
FRAG_NEG_trNEGATIVE45880_4_10,0.2574259042739868
FRAG_NEG_trNEGATIVE40371_40_10,0.2970297336578369
FRAG_NEG_trNEGATIVE89426_2_10,0.34653472900390625
FRAG_NEG_trNEGATIVE62442_9_10,0.31683170795440674
FRAG_NEG_trNEGATIVE46352_6_10,0.43564361333847046
FRAG_NEG_trNEGATIVE38983_7_10,0.2277228832244873
NEG_trNEGATIVE90320,0.06930708885192871
FRAG_NEG_trNEGATIVE56625_19_10,0.07920801639556885
FRAG_NEG_trNEGATIVE36438_70_10,0.06930708885192871
FRAG_NEG_trNEGATIVE85418_22_10,0.16831696033477783
FRAG_NEG_trNEGATIVE88433_25_10,0.1584160327911377
FRAG_NEG_trNEGATIVE53270_34_10,0.41089117527008057
FRAG_NEG_trNEGATIVE47299_16_10,0.03960418701171875
FRAG_NEG_trNEGATIVE32160_29_10,0.3267327547073364
FRAG_NEG_trNEGATIVE44745_67_10,0.13861393928527832
FRAG_NEG_trNEGATIVE51349_67_10,0.2277228832244873
FRAG_NEG_trNEGATIVE32789_17_10,0.12871301174163818
FRAG_NEG_trNEGATIVE83947_22_10,0.16831696033477783
FRAG_NEG_trNEGATIVE71549_12_10,0.49504953622817993
FRAG_NEG_trNEGATIVE33023_41_10,0.0792081356048584
NEG_trNEGATIVE30383,1.1920928955078125e-07
FRAG_NEG_trNEGATIVE65012_8_10,0.24752485752105713
FRAG_NEG_trNEGATIVE67455_11_10,0.26732683181762695
NEG_teNEGATIVE14590,0.06930708885192871
NEG_trNEGATIVE93717,0.13861393928527832
FRAG_NEG_trNEGATIVE92356_69_10,0.34653472900390625
FRAG_NEG_trNEGATIVE30425_58_10,1.1920928955078125e-07
FRAG_NEG_trNEGATIVE50330_31_10,0.04950511455535889
FRAG_NEG_trNEGATIVE33934_38_10,0.2277228832244873
FRAG_NEG_trNEGATIVE40567_63_10,0.15841591358184814
FRAG_NEG_trNEGATIVE55949_5_10,0.5346534848213196
NEG_trNEGATIVE69983,0.059406161308288574
FRAG_NEG_trNEGATIVE75796_29_10,0.4059406518936157
FRAG_NEG_trNEGATIVE36412_41_10,0.17821788787841797
FRAG_NEG_trNEGATIVE50502_25_10,0.148514986038208
FRAG_NEG_trNEGATIVE28600_46_10,0.2277228832244873
FRAG_NEG_trNEGATIVE55812_20_10,0.04950511455535889
FRAG_NEG_trNEGATIVE50509_46_10,0.41584163904190063
FRAG_NEG_trNEGATIVE84608_46_10,0.2871288061141968
FRAG_NEG_trNEGATIVE29979_19_10,0.16831696033477783
FRAG_NEG_trNEGATIVE43609_51_10,0.27722787857055664
FRAG_NEG_trNEGATIVE29498_17_10,0.2277228832244873
FRAG_NEG_trNEGATIVE84429_59_10,0.1980198621749878
FRAG_NEG_trNEGATIVE50823_34_10,0.3069307804107666
FRAG_NEG_trNEGATIVE85851_61_10,0.09900999069213867
FRAG_NEG_trNEGATIVE64185_41_10,0.0396040678024292
FRAG_NEG_trNEGATIVE76557_47_10,0.17821800708770752
FRAG_NEG_trNEGATIVE76509_50_10,0.12871301174163818
NEG_trNEGATIVE63054,0.009901165962219238
FRAG_NEG_trNEGATIVE75841_6_10,0.485148549079895
FRAG_NEG_trNEGATIVE38813_80_10,0.03960418701171875
FRAG_NEG_trNEGATIVE50819_12_10,0.09900999069213867
FRAG_NEG_trNEGATIVE28219_38_10,0.16831696033477783
FRAG_NEG_trNEGATIVE61675_43_10,0.09900999069213867
FRAG_NEG_trNEGATIVE79961_30_10,0.485148549079895
FRAG_NEG_trNEGATIVE53300_61_10,0.2574259042739868
FRAG_NEG_trNEGATIVE72261_5_10,0.12871301174163818
FRAG_NEG_trNEGATIVE54736_77_10,0.148514986038208
FRAG_NEG_trNEGATIVE86601_18_10,0.2970297336578369
FRAG_NEG_trNEGATIVE30217_88_10,0.21782195568084717
FRAG_NEG_trNEGATIVE54521_49_10,0.4554455876350403
FRAG_NEG_trNEGATIVE85276_8_10,0.3168318271636963
FRAG_NEG_trNEGATIVE53150_60_10,0.2772277593612671
FRAG_NEG_trNEGATIVE72375_47_10,0.009901165962219238
FRAG_NEG_trNEGATIVE93944_12_10,0.17821788787841797
FRAG_NEG_trNEGATIVE53731_42_10,0.4059406518936157
FRAG_NEG_trNEGATIVE31373_33_10,0.148514986038208
FRAG_NEG_trNEGATIVE93455_27_10,0.26732683181762695
FRAG_NEG_trNEGATIVE93188_32_10,0.34653472900390625
FRAG_NEG_trNEGATIVE48929_83_10,0.06930708885192871
FRAG_NEG_trNEGATIVE34681_17_10,0.10891103744506836
FRAG_NEG_trNEGATIVE44208_11_10,0.13861405849456787
FRAG_NEG_trNEGATIVE33791_8_10,0.20792090892791748
FRAG_NEG_trNEGATIVE83464_38_10,0.059406161308288574
FRAG_NEG_trNEGATIVE32307_6_10,0.17821788787841797
FRAG_NEG_trNEGATIVE38368_30_10,0.10891103744506836
FRAG_NEG_trNEGATIVE75662_22_10,0.2277228832244873
FRAG_NEG_trNEGATIVE96926_45_10,0.06930708885192871
FRAG_NEG_trNEGATIVE52454_32_10,0.148514986038208
FRAG_NEG_trNEGATIVE31541_33_10,0.1188119649887085
FRAG_NEG_trNEGATIVE47422_3_10,0.3861387372016907
FRAG_NEG_trNEGATIVE75383_20_10,0.3663367033004761
FRAG_NEG_trNEGATIVE70999_58_10,0.08910906314849854
FRAG_NEG_trNEGATIVE81349_68_10,0.23762381076812744
FRAG_NEG_trNEGATIVE78171_52_10,0.26732683181762695
FRAG_NEG_trNEGATIVE56826_35_10,0.2277228832244873
FRAG_NEG_trNEGATIVE85508_12_10,0.33663374185562134
FRAG_NEG_trNEGATIVE65647_24_10,0.42574262619018555
FRAG_NEG_trNEGATIVE73006_68_10,0.20792090892791748
FRAG_NEG_trNEGATIVE67438_3_10,0.4059406518936157
FRAG_NEG_trNEGATIVE40682_10_10,0.3069307804107666
NEG_trNEGATIVE87415,0.04950511455535889
FRAG_NEG_trNEGATIVE97414_26_10,0.12871301174163818
FRAG_NEG_trNEGATIVE73415_20_10,0.24752485752105713
FRAG_NEG_trNEGATIVE56125_53_10,0.2574259042739868
FRAG_NEG_trNEGATIVE60486_27_10,0.09901010990142822
FRAG_NEG_trNEGATIVE58939_9_10,0.29702985286712646
NEG_trNEGATIVE55708,0.029703140258789062
FRAG_NEG_trNEGATIVE30297_51_10,0.44554460048675537
NEG_teNEGATIVE08052,0.009901165962219238
FRAG_NEG_trNEGATIVE46094_82_10,0.019802212715148926
FRAG_NEG_trNEGATIVE87744_1_10,0.1980198621749878
FRAG_NEG_trNEGATIVE80526_50_10,0.2277228832244873
FRAG_NEG_trNEGATIVE83216_25_10,0.2574259042739868
FRAG_NEG_trNEGATIVE62001_88_10,0.21782183647155762
FRAG_NEG_trNEGATIVE42231_13_10,0.148514986038208
FRAG_NEG_trNEGATIVE28456_57_10,0.15841591358184814
FRAG_NEG_trNEGATIVE60096_42_10,0.06930708885192871
FRAG_NEG_trNEGATIVE75457_19_10,0.10891103744506836
FRAG_NEG_trNEGATIVE35958_21_10,0.3168318271636963
FRAG_NEG_trNEGATIVE86620_4_10,0.237623929977417
FRAG_NEG_trNEGATIVE70706_81_10,0.08910906314849854
FRAG_NEG_trNEGATIVE84891_26_10,0.20792090892791748
FRAG_NEG_trNEGATIVE59725_47_10,0.20792090892791748
FRAG_NEG_trNEGATIVE62781_11_10,0.148514986038208
FRAG_NEG_trNEGATIVE80481_9_10,0.5148515105247498
FRAG_NEG_trNEGATIVE87474_72_10,0.11881208419799805
FRAG_NEG_trNEGATIVE95086_65_10,0.13861393928527832
NEG_trNEGATIVE90788,0.009901165962219238
FRAG_NEG_trNEGATIVE65137_48_10,0.19801998138427734
FRAG_NEG_trNEGATIVE56456_37_10,0.03960418701171875
FRAG_NEG_trNEGATIVE81039_63_10,0.0792081356048584
FRAG_NEG_trNEGATIVE45874_9_10,0.16831696033477783
FRAG_NEG_trNEGATIVE76759_9_10,0.237623929977417
FRAG_NEG_trNEGATIVE62630_5_10,0.5346534848213196
FRAG_NEG_trNEGATIVE79675_61_10,0.2871288061141968
FRAG_NEG_trNEGATIVE31639_1_10,0.6435643434524536
FRAG_NEG_trNEGATIVE85084_13_10,0.12871301174163818
FRAG_NEG_trNEGATIVE64453_32_10,0.35643571615219116
FRAG_NEG_trNEGATIVE45865_11_10,0.33663374185562134
FRAG_NEG_trNEGATIVE66720_57_10,0.04950511455535889
FRAG_NEG_trNEGATIVE84159_41_10,0.20792090892791748
FRAG_NEG_trNEGATIVE58419_41_10,0.3663367033004761
FRAG_NEG_trNEGATIVE81605_41_10,0.35643571615219116
FRAG_NEG_trNEGATIVE30425_15_10,0.16831696033477783
FRAG_NEG_trNEGATIVE97487_2_10,0.5445544719696045
FRAG_NEG_trNEGATIVE72756_51_10,0.09901010990142822
FRAG_NEG_trNEGATIVE66754_43_10,0.10891103744506836
FRAG_NEG_trNEGATIVE61324_36_10,0.13861393928527832
FRAG_NEG_trNEGATIVE85851_7_10,0.4752475619316101
FRAG_NEG_trNEGATIVE69971_24_10,0.08910906314849854
FRAG_NEG_trNEGATIVE63823_56_10,0.148514986038208
FRAG_NEG_trNEGATIVE92269_40_10,0.2277228832244873
FRAG_NEG_trNEGATIVE45995_40_10,0.4653465747833252
FRAG_NEG_trNEGATIVE73348_26_10,0.5346534848213196
FRAG_NEG_trNEGATIVE29760_34_10,0.0792081356048584
FRAG_NEG_trNEGATIVE62593_23_10,0.13861393928527832
FRAG_NEG_trNEGATIVE97366_35_10,0.14356446266174316
FRAG_NEG_trNEGATIVE69593_33_10,0.09900999069213867
FRAG_NEG_trNEGATIVE44002_43_10,0.2871288061141968
FRAG_NEG_trNEGATIVE37156_16_10,0.06930708885192871
FRAG_NEG_trNEGATIVE70464_41_10,0.3168318271636963
FRAG_NEG_trNEGATIVE66699_3_10,0.10891103744506836
FRAG_NEG_trNEGATIVE81386_32_10,0.237623929977417
FRAG_NEG_trNEGATIVE68701_39_10,0.23762381076812744
FRAG_NEG_trNEGATIVE28218_53_10,0.1584160327911377
FRAG_NEG_trNEGATIVE95673_15_10,0.3861386775970459
FRAG_NEG_trNEGATIVE34370_30_10,0.17821788787841797
FRAG_NEG_trNEGATIVE29366_46_10,0.16831696033477783
FRAG_NEG_trNEGATIVE36602_47_10,0.148514986038208
FRAG_NEG_trNEGATIVE54392_26_10,0.13861405849456787
FRAG_NEG_trNEGATIVE74182_37_10,0.25742578506469727
FRAG_NEG_trNEGATIVE71491_64_10,0.03960418701171875
FRAG_NEG_trNEGATIVE97040_59_10,0.07920801639556885
FRAG_NEG_trNEGATIVE65065_33_10,1.1920928955078125e-07
FRAG_NEG_trNEGATIVE53160_82_10,0.13861393928527832
FRAG_NEG_trNEGATIVE70991_14_10,0.07920801639556885
FRAG_NEG_trNEGATIVE55853_17_10,0.24752485752105713
FRAG_NEG_trNEGATIVE58449_7_10,0.26732683181762695
FRAG_NEG_trNEGATIVE80763_6_10,0.24752485752105713
FRAG_NEG_trNEGATIVE53317_14_10,0.11881208419799805
NEG_teNEGATIVE14917,0.07920801639556885
NEG_teNEGATIVE09951,0.1188119649887085
FRAG_NEG_trNEGATIVE38748_58_10,0.06930708885192871
FRAG_NEG_trNEGATIVE68025_40_10,0.2772277593612671
FRAG_NEG_trNEGATIVE95360_42_10,0.5247524976730347
FRAG_NEG_trNEGATIVE90916_38_10,0.08910906314849854
FRAG_NEG_trNEGATIVE47034_49_10,0.3861386775970459
FRAG_NEG_trNEGATIVE79031_32_10,0.18811893463134766
FRAG_NEG_trNEGATIVE55604_63_10,0.42574262619018555
FRAG_NEG_trNEGATIVE90691_74_10,0.20792090892791748
FRAG_NEG_trNEGATIVE69943_46_10,0.13861393928527832
FRAG_NEG_trNEGATIVE74088_13_10,0.21782183647155762
FRAG_NEG_trNEGATIVE43934_43_10,0.148514986038208
FRAG_NEG_trNEGATIVE89652_43_10,0.019802093505859375
FRAG_NEG_trNEGATIVE77302_79_10,0.03960418701171875
FRAG_NEG_trNEGATIVE72691_24_10,0.37623775005340576
FRAG_NEG_trNEGATIVE85055_16_10,0.11881208419799805
FRAG_NEG_trNEGATIVE81808_24_10,0.19801998138427734
NEG_teNEGATIVE09355,0.04950511455535889
FRAG_NEG_trNEGATIVE85253_52_10,0.18811893463134766
FRAG_NEG_trNEGATIVE95195_14_10,0.2871288061141968
FRAG_NEG_trNEGATIVE33198_45_10,0.05940604209899902
FRAG_NEG_trNEGATIVE46140_79_10,0.3960396647453308
FRAG_NEG_trNEGATIVE75386_59_10,0.2574259042739868
FRAG_NEG_trNEGATIVE36180_41_10,0.3069307804107666
FRAG_NEG_trNEGATIVE95145_6_10,0.31683170795440674
FRAG_NEG_trNEGATIVE93381_31_10,0.3069307804107666
NEG_trNEGATIVE79185,0.019802093505859375
FRAG_NEG_trNEGATIVE70478_28_10,0.12871301174163818
FRAG_NEG_trNEGATIVE34465_28_10,0.11881208419799805
FRAG_NEG_trNEGATIVE94821_52_10,0.19801998138427734
FRAG_NEG_trNEGATIVE71525_42_10,0.26732683181762695
FRAG_NEG_trNEGATIVE79784_10_10,0.16831696033477783
FRAG_NEG_trNEGATIVE62031_22_10,0.31683170795440674
FRAG_NEG_trNEGATIVE96418_18_10,0.10891103744506836
FRAG_NEG_trNEGATIVE96694_36_10,0.4059406518936157
FRAG_NEG_trNEGATIVE59268_15_10,0.009901165962219238
FRAG_NEG_trNEGATIVE52630_62_10,0.019802093505859375
FRAG_NEG_trNEGATIVE76952_18_10,0.0792081356048584
FRAG_NEG_trNEGATIVE94577_43_10,0.34653472900390625
FRAG_NEG_trNEGATIVE57420_12_10,0.0792081356048584
FRAG_NEG_trNEGATIVE68080_21_10,0.42574262619018555
FRAG_NEG_trNEGATIVE46472_57_10,0.44554460048675537
FRAG_NEG_trNEGATIVE68320_66_10,0.1188119649887085
FRAG_NEG_trNEGATIVE82509_3_10,0.24752485752105713
FRAG_NEG_trNEGATIVE90076_42_10,0.5445544719696045
FRAG_NEG_trNEGATIVE31575_67_10,0.08910906314849854
FRAG_NEG_trNEGATIVE94760_3_10,0.17821788787841797
FRAG_NEG_trNEGATIVE59291_15_10,0.12871301174163818
FRAG_NEG_trNEGATIVE81941_77_10,0.19801998138427734
FRAG_NEG_trNEGATIVE75588_20_10,0.19801998138427734
FRAG_NEG_trNEGATIVE69489_25_10,0.11881208419799805
FRAG_NEG_trNEGATIVE55791_19_10,0.21782195568084717
NEG_teNEGATIVE17393,0.03960418701171875
FRAG_NEG_trNEGATIVE97497_31_10,0.12871301174163818
FRAG_NEG_trNEGATIVE60803_30_10,0.04950511455535889
FRAG_NEG_trNEGATIVE34363_20_10,0.09900999069213867
FRAG_NEG_trNEGATIVE76907_52_10,0.2574259042739868
FRAG_NEG_trNEGATIVE51628_5_10,0.12871301174163818
FRAG_NEG_trNEGATIVE62419_52_10,0.41584163904190063
FRAG_NEG_trNEGATIVE69028_32_10,0.21782183647155762
NEG_trNEGATIVE96691,0.12871301174163818
FRAG_NEG_trNEGATIVE41359_44_10,0.10891103744506836
FRAG_NEG_trNEGATIVE32494_4_10,0.4059406518936157
FRAG_NEG_trNEGATIVE62780_27_10,0.29702985286712646
FRAG_NEG_trNEGATIVE62894_46_10,0.21782183647155762
FRAG_NEG_trNEGATIVE80422_28_10,0.21782195568084717
FRAG_NEG_trNEGATIVE65844_54_10,0.18811893463134766
FRAG_NEG_trNEGATIVE30339_30_10,0.18811893463134766
FRAG_NEG_trNEGATIVE45297_13_10,0.23762381076812744
FRAG_NEG_trNEGATIVE29661_43_10,0.148514986038208
FRAG_NEG_trNEGATIVE95174_43_10,0.2772277593612671
FRAG_NEG_trNEGATIVE49461_68_10,0.237623929977417
FRAG_NEG_trNEGATIVE92558_12_10,0.04950511455535889
FRAG_NEG_trNEGATIVE71259_27_10,0.25742578506469727
FRAG_NEG_trNEGATIVE84767_52_10,0.21782195568084717
FRAG_NEG_trNEGATIVE85276_46_10,0.34653472900390625
FRAG_NEG_trNEGATIVE38441_62_10,0.376237690448761
FRAG_NEG_trNEGATIVE81477_13_10,0.5643564462661743
NEG_trNEGATIVE86052,0.13861393928527832
FRAG_NEG_trNEGATIVE81238_44_10,0.1584160327911377
FRAG_NEG_trNEGATIVE78653_2_10,0.1584160327911377
FRAG_NEG_trNEGATIVE65552_26_10,0.08910906314849854
FRAG_NEG_trNEGATIVE60368_57_10,0.148514986038208
FRAG_NEG_trNEGATIVE79248_30_10,0.029703140258789062
FRAG_NEG_trNEGATIVE85809_25_10,0.059406161308288574
FRAG_NEG_trNEGATIVE93966_54_10,0.23762381076812744
FRAG_NEG_trNEGATIVE97079_0_10,0.18811893463134766
FRAG_NEG_trNEGATIVE59299_29_10,0.33663374185562134
FRAG_NEG_trNEGATIVE96518_28_10,0.148514986038208
FRAG_NEG_trNEGATIVE87547_35_10,0.06930708885192871
FRAG_NEG_trNEGATIVE43162_29_10,0.07920801639556885
FRAG_NEG_trNEGATIVE97173_2_10,0.07920801639556885
FRAG_NEG_trNEGATIVE53133_24_10,0.25742578506469727
NEG_trNEGATIVE84920,0.05940604209899902
FRAG_NEG_trNEGATIVE40889_47_10,0.2871288061141968
FRAG_NEG_trNEGATIVE78105_35_10,0.376237690448761
FRAG_NEG_trNEGATIVE71363_14_10,0.05940604209899902
FRAG_NEG_trNEGATIVE52317_15_10,0.1584160327911377
FRAG_NEG_trNEGATIVE95899_18_10,0.16831696033477783
FRAG_NEG_trNEGATIVE62163_12_10,0.3069307804107666
FRAG_NEG_trNEGATIVE44002_65_10,0.3861386775970459
FRAG_NEG_trNEGATIVE70446_25_10,0.15841591358184814
FRAG_NEG_trNEGATIVE60820_15_10,0.08910906314849854
FRAG_NEG_trNEGATIVE77897_33_10,0.21782183647155762
FRAG_NEG_trNEGATIVE50591_35_10,0.3069307804107666
FRAG_NEG_trNEGATIVE76936_38_10,0.148514986038208
FRAG_NEG_trNEGATIVE54710_17_10,0.237623929977417
FRAG_NEG_trNEGATIVE69414_11_10,0.19801998138427734
FRAG_NEG_trNEGATIVE55414_49_10,0.009901165962219238
FRAG_NEG_trNEGATIVE58195_58_10,0.3663367033004761
FRAG_NEG_trNEGATIVE89542_51_10,0.5643564462661743
FRAG_NEG_trNEGATIVE65010_44_10,0.21782195568084717
FRAG_NEG_trNEGATIVE31426_18_10,0.13861393928527832
FRAG_NEG_trNEGATIVE33286_43_10,0.20792090892791748
FRAG_NEG_trNEGATIVE29363_37_10,0.3168317675590515
FRAG_NEG_trNEGATIVE84293_37_10,0.13861405849456787
FRAG_NEG_trNEGATIVE44181_72_10,0.10891103744506836
FRAG_NEG_trNEGATIVE75372_40_10,0.3663367033004761
FRAG_NEG_trNEGATIVE62804_16_10,0.06930708885192871
FRAG_NEG_trNEGATIVE78614_29_10,0.2277228832244873
FRAG_NEG_trNEGATIVE94323_9_10,0.10891103744506836
FRAG_NEG_trNEGATIVE86307_23_10,0.13861393928527832
FRAG_NEG_trNEGATIVE88682_11_10,0.21782195568084717
FRAG_NEG_trNEGATIVE56608_29_10,0.13861405849456787
FRAG_NEG_trNEGATIVE43289_22_10,0.1980198621749878
FRAG_NEG_trNEGATIVE69854_6_10,0.19801998138427734
NEG_trNEGATIVE39548,0.009901165962219238
FRAG_NEG_trNEGATIVE31525_24_10,0.148514986038208
FRAG_NEG_trNEGATIVE44227_44_10,0.20792090892791748
FRAG_NEG_trNEGATIVE47943_54_10,0.04950511455535889
FRAG_NEG_trNEGATIVE89835_33_10,0.17821788787841797
FRAG_NEG_trNEGATIVE51925_3_10,0.19801998138427734
NEG_trNEGATIVE88145,0.05940604209899902
FRAG_NEG_trNEGATIVE96853_16_10,0.29702985286712646
FRAG_NEG_trNEGATIVE48209_26_10,0.019802212715148926
FRAG_NEG_trNEGATIVE81380_36_10,0.3267327547073364
FRAG_NEG_trNEGATIVE91387_19_10,0.148514986038208
FRAG_NEG_trNEGATIVE45974_5_10,0.3366338014602661
FRAG_NEG_trNEGATIVE86142_11_10,0.10891103744506836
FRAG_NEG_trNEGATIVE93997_71_10,0.10891103744506836
FRAG_NEG_trNEGATIVE77271_46_10,0.18811893463134766
FRAG_NEG_trNEGATIVE96920_13_10,0.04950511455535889
FRAG_NEG_trNEGATIVE95835_49_10,0.16831696033477783
FRAG_NEG_trNEGATIVE50638_57_10,0.2277228832244873
FRAG_NEG_trNEGATIVE39694_52_10,0.34653472900390625
FRAG_NEG_trNEGATIVE34539_46_10,0.2574259042739868
FRAG_NEG_trNEGATIVE51840_74_10,0.24752485752105713
FRAG_NEG_trNEGATIVE47557_3_10,0.06930708885192871
FRAG_NEG_trNEGATIVE67856_22_10,0.17821788787841797
FRAG_NEG_trNEGATIVE70489_53_10,0.2821784019470215
FRAG_NEG_trNEGATIVE40682_17_10,0.11881208419799805
FRAG_NEG_trNEGATIVE92413_64_10,0.20792090892791748
FRAG_NEG_trNEGATIVE41033_7_10,0.16831696033477783
FRAG_NEG_trNEGATIVE42245_59_10,0.18811893463134766
FRAG_NEG_trNEGATIVE74526_39_10,0.2277228832244873
FRAG_NEG_trNEGATIVE73260_22_10,0.1980198621749878
FRAG_NEG_trNEGATIVE69273_34_10,0.21782195568084717
FRAG_NEG_trNEGATIVE41854_17_10,0.4653465747833252
FRAG_NEG_trNEGATIVE87514_16_10,0.059406161308288574
FRAG_NEG_trNEGATIVE56510_21_10,0.13861393928527832
FRAG_NEG_trNEGATIVE33867_0_10,0.34653472900390625
FRAG_NEG_trNEGATIVE67719_15_10,0.237623929977417
FRAG_NEG_trNEGATIVE47034_36_10,0.15841591358184814
FRAG_NEG_trNEGATIVE57038_4_10,0.5445544719696045
FRAG_NEG_trNEGATIVE94215_42_10,0.05940604209899902
FRAG_NEG_trNEGATIVE55352_25_10,0.23762381076812744
FRAG_NEG_trNEGATIVE53156_0_10,0.12871301174163818
FRAG_NEG_trNEGATIVE52319_21_10,0.05940604209899902
FRAG_NEG_trNEGATIVE78238_43_10,0.148514986038208
FRAG_NEG_trNEGATIVE47940_3_10,0.04950511455535889
FRAG_NEG_trNEGATIVE76071_12_10,0.17821800708770752
FRAG_NEG_trNEGATIVE74541_29_10,0.34653472900390625
FRAG_NEG_trNEGATIVE38929_35_10,0.237623929977417
FRAG_NEG_trNEGATIVE40701_47_10,0.06930708885192871
FRAG_NEG_trNEGATIVE63843_24_10,0.24752485752105713
FRAG_NEG_trNEGATIVE71931_15_10,0.12871301174163818
FRAG_NEG_trNEGATIVE93944_11_10,0.2277228832244873
FRAG_NEG_trNEGATIVE76968_61_10,0.2970297336578369
FRAG_NEG_trNEGATIVE75370_54_10,1.1920928955078125e-07
FRAG_NEG_trNEGATIVE70937_37_10,0.2277228832244873
FRAG_NEG_trNEGATIVE38215_0_10,0.3663367033004761
FRAG_NEG_trNEGATIVE96298_3_10,0.09900999069213867
FRAG_NEG_trNEGATIVE67856_55_10,0.059406161308288574
NEG_trNEGATIVE81301,0.019802093505859375
FRAG_NEG_trNEGATIVE94366_51_10,0.18811893463134766
FRAG_NEG_trNEGATIVE92572_32_10,0.019802212715148926
FRAG_NEG_trNEGATIVE71111_41_10,0.18811893463134766
FRAG_NEG_trNEGATIVE39967_22_10,0.08910906314849854
FRAG_NEG_trNEGATIVE49248_17_10,0.13861393928527832
NEG_trNEGATIVE88322,0.0792081356048584
FRAG_NEG_trNEGATIVE57134_24_10,0.18811893463134766
FRAG_NEG_trNEGATIVE75099_76_10,0.10891103744506836
NEG_trNEGATIVE27652,0.4554455876350403
FRAG_NEG_trNEGATIVE79133_40_10,0.148514986038208
FRAG_NEG_trNEGATIVE88170_28_10,0.019802212715148926
FRAG_NEG_trNEGATIVE29795_76_10,0.09901010990142822
FRAG_NEG_trNEGATIVE35005_31_10,0.1188119649887085
FRAG_NEG_trNEGATIVE31256_13_10,0.0792081356048584
FRAG_NEG_trNEGATIVE79069_18_10,0.0396040678024292
NEG_trNEGATIVE33483,0.06930708885192871
FRAG_NEG_trNEGATIVE74582_63_10,0.04950511455535889
FRAG_NEG_trNEGATIVE72654_46_10,0.08910906314849854
FRAG_NEG_trNEGATIVE31533_21_10,0.25742578506469727
FRAG_NEG_trNEGATIVE84614_51_10,0.06930708885192871
FRAG_NEG_trNEGATIVE58419_53_10,0.06930708885192871
NEG_teNEGATIVE12000,0.009901165962219238
FRAG_NEG_trNEGATIVE73683_6_10,0.5148515105247498
FRAG_NEG_trNEGATIVE91438_71_10,0.10891103744506836
FRAG_NEG_trNEGATIVE79033_38_10,0.4752475619316101
FRAG_NEG_trNEGATIVE43013_25_10,0.13861405849456787
FRAG_NEG_trNEGATIVE70629_13_10,0.25742578506469727
FRAG_NEG_trNEGATIVE96940_65_10,0.12871301174163818
FRAG_NEG_trNEGATIVE27515_24_10,0.16831696033477783
FRAG_NEG_trNEGATIVE75568_20_10,0.4554455876350403
FRAG_NEG_trNEGATIVE52066_11_10,0.09901010990142822
FRAG_NEG_trNEGATIVE40444_48_10,0.23762381076812744
FRAG_NEG_trNEGATIVE78368_13_10,0.029703140258789062
FRAG_NEG_trNEGATIVE48109_54_10,0.009901165962219238
FRAG_NEG_trNEGATIVE96450_25_10,0.24752485752105713
FRAG_NEG_trNEGATIVE32544_19_10,0.21782195568084717
FRAG_NEG_trNEGATIVE32509_54_10,0.5049505233764648
FRAG_NEG_trNEGATIVE29309_12_10,0.11881208419799805
FRAG_NEG_trNEGATIVE52906_20_10,0.16831696033477783
NEG_trNEGATIVE40649,0.13861405849456787
FRAG_NEG_trNEGATIVE48206_22_10,0.12871301174163818
FRAG_NEG_trNEGATIVE59192_16_10,0.06930708885192871
FRAG_NEG_trNEGATIVE81095_5_10,0.2574259042739868
FRAG_NEG_trNEGATIVE86053_21_10,0.2277228832244873
FRAG_NEG_trNEGATIVE61810_4_10,0.376237690448761
FRAG_NEG_trNEGATIVE36412_53_10,0.12871301174163818
FRAG_NEG_trNEGATIVE82038_32_10,0.09901010990142822
NEG_trNEGATIVE99043,0.03960418701171875
FRAG_NEG_trNEGATIVE35140_49_10,0.2970297336578369
FRAG_NEG_trNEGATIVE97242_3_10,0.2277228832244873
FRAG_NEG_trNEGATIVE56009_36_10,0.24752485752105713
FRAG_NEG_trNEGATIVE49614_47_10,0.4306931495666504
FRAG_NEG_trNEGATIVE86093_8_10,0.16831696033477783
FRAG_NEG_trNEGATIVE93480_56_10,0.44554460048675537
FRAG_NEG_trNEGATIVE66389_0_10,0.0396040678024292
FRAG_NEG_trNEGATIVE62721_38_10,0.4653465747833252
FRAG_NEG_trNEGATIVE69720_5_10,0.09900999069213867
FRAG_NEG_trNEGATIVE79514_39_10,0.06930708885192871
FRAG_NEG_trNEGATIVE37447_7_10,0.34653472900390625
FRAG_NEG_trNEGATIVE60160_23_10,0.21782195568084717
FRAG_NEG_trNEGATIVE49532_23_10,0.07920801639556885
FRAG_NEG_trNEGATIVE40060_13_10,0.12871301174163818
FRAG_NEG_trNEGATIVE75676_69_10,0.17821788787841797
FRAG_NEG_trNEGATIVE41920_12_10,0.06930708885192871
FRAG_NEG_trNEGATIVE90279_37_10,0.1188119649887085
FRAG_NEG_trNEGATIVE51892_60_10,0.4752475619316101
FRAG_NEG_trNEGATIVE38259_40_10,0.17821800708770752
FRAG_NEG_trNEGATIVE79610_2_10,0.41584163904190063
FRAG_NEG_trNEGATIVE36525_20_10,0.3267327547073364
FRAG_NEG_trNEGATIVE37858_59_10,0.13861393928527832
FRAG_NEG_trNEGATIVE58940_6_10,0.25742578506469727
FRAG_NEG_trNEGATIVE38801_6_10,0.12871301174163818
FRAG_NEG_trNEGATIVE30431_14_10,0.148514986038208
FRAG_NEG_trNEGATIVE62617_1_10,0.2277228832244873
NEG_trNEGATIVE98045,1.1920928955078125e-07
FRAG_NEG_trNEGATIVE75418_37_10,0.5346534848213196
FRAG_NEG_trNEGATIVE33929_4_10,0.16831696033477783
FRAG_NEG_trNEGATIVE32227_39_10,0.3168317675590515
FRAG_NEG_trNEGATIVE58405_54_10,0.42574262619018555
FRAG_NEG_trNEGATIVE88011_22_10,0.17821788787841797
FRAG_NEG_trNEGATIVE96278_20_10,0.08910906314849854
FRAG_NEG_trNEGATIVE36288_15_10,0.10891103744506836
FRAG_NEG_trNEGATIVE52747_52_10,0.13861405849456787
FRAG_NEG_trNEGATIVE97151_71_10,0.2871288061141968
NEG_trNEGATIVE31506,0.029703140258789062
FRAG_NEG_trNEGATIVE92307_37_10,0.16831696033477783
FRAG_NEG_trNEGATIVE82139_26_10,0.23762381076812744
FRAG_NEG_trNEGATIVE41853_16_10,0.148514986038208
FRAG_NEG_trNEGATIVE52945_37_10,0.3168318271636963
FRAG_NEG_trNEGATIVE93768_16_10,0.42574262619018555
FRAG_NEG_trNEGATIVE39453_60_10,0.08910906314849854
FRAG_NEG_trNEGATIVE48592_9_10,0.08910906314849854
FRAG_NEG_trNEGATIVE92336_35_10,0.148514986038208
FRAG_NEG_trNEGATIVE40588_36_10,0.08910906314849854
FRAG_NEG_trNEGATIVE39843_18_10,0.25742578506469727
FRAG_NEG_trNEGATIVE93045_59_10,0.49504953622817993
FRAG_NEG_trNEGATIVE67664_7_10,0.20792090892791748
FRAG_NEG_trNEGATIVE30341_40_11,0.4059406518936157
FRAG_NEG_trNEGATIVE62574_68_11,0.2772277593612671
FRAG_NEG_trNEGATIVE71633_40_11,0.03960418701171875
FRAG_NEG_trNEGATIVE57114_33_11,0.17821788787841797
FRAG_NEG_trNEGATIVE41706_22_11,0.4752475619316101
FRAG_NEG_trNEGATIVE64234_6_11,0.16831696033477783
FRAG_NEG_trNEGATIVE95947_44_11,0.12871301174163818
FRAG_NEG_trNEGATIVE70698_7_11,0.04950511455535889
FRAG_NEG_trNEGATIVE44368_6_11,0.42574262619018555
FRAG_NEG_trNEGATIVE90070_78_11,0.08910906314849854
FRAG_NEG_trNEGATIVE49328_34_11,0.21782195568084717
FRAG_NEG_trNEGATIVE33584_29_11,0.13861405849456787
FRAG_NEG_trNEGATIVE58835_50_11,0.12871301174163818
FRAG_NEG_trNEGATIVE77200_21_11,0.21782183647155762
FRAG_NEG_trNEGATIVE88781_47_11,0.2772277593612671
FRAG_NEG_trNEGATIVE83031_20_11,0.0396040678024292
FRAG_NEG_trNEGATIVE60539_25_11,0.11881208419799805
FRAG_NEG_trNEGATIVE84651_59_11,0.12871301174163818
FRAG_NEG_trNEGATIVE53310_26_11,0.08910906314849854
FRAG_NEG_trNEGATIVE40371_20_11,0.2277228832244873
FRAG_NEG_trNEGATIVE87237_67_11,0.15841591358184814
FRAG_NEG_trNEGATIVE66206_21_11,0.2277228832244873
FRAG_NEG_trNEGATIVE67718_40_11,0.009901165962219238
FRAG_NEG_trNEGATIVE67953_71_11,0.237623929977417
FRAG_NEG_trNEGATIVE88319_39_11,0.27722787857055664
FRAG_NEG_trNEGATIVE74800_29_11,0.11881208419799805
FRAG_NEG_trNEGATIVE62574_11_11,0.1584160327911377
FRAG_NEG_trNEGATIVE63614_17_11,0.11881208419799805
FRAG_NEG_trNEGATIVE60039_79_11,0.1584160327911377
FRAG_NEG_trNEGATIVE81255_0_11,0.2772277593612671
FRAG_NEG_trNEGATIVE33442_21_11,0.06930708885192871
FRAG_NEG_trNEGATIVE79590_42_11,0.08910906314849854
FRAG_NEG_trNEGATIVE68918_41_11,0.3069307804107666
FRAG_NEG_trNEGATIVE39916_10_11,0.1584160327911377
FRAG_NEG_trNEGATIVE46086_15_11,0.26732683181762695
FRAG_NEG_trNEGATIVE81737_59_11,0.2277228832244873
FRAG_NEG_trNEGATIVE76311_16_11,0.10891103744506836
FRAG_NEG_trNEGATIVE47431_33_11,0.23762381076812744
FRAG_NEG_trNEGATIVE68695_86_11,0.20792090892791748
FRAG_NEG_trNEGATIVE29811_34_11,0.07920801639556885
FRAG_NEG_trNEGATIVE73723_42_11,0.0792081356048584
FRAG_NEG_trNEGATIVE78302_46_11,0.148514986038208
FRAG_NEG_trNEGATIVE83403_50_11,0.08910906314849854
FRAG_NEG_trNEGATIVE71425_38_11,0.10891103744506836
FRAG_NEG_trNEGATIVE66557_16_11,0.27722787857055664
FRAG_NEG_trNEGATIVE43893_9_11,0.485148549079895
FRAG_NEG_trNEGATIVE46482_11_11,0.2871288061141968
FRAG_NEG_trNEGATIVE49902_20_11,0.44554460048675537
FRAG_NEG_trNEGATIVE66032_75_11,0.12871301174163818
FRAG_NEG_trNEGATIVE69080_31_11,0.26732683181762695
FRAG_NEG_trNEGATIVE67065_36_11,0.2277228832244873
FRAG_NEG_trNEGATIVE64751_35_11,0.34653472900390625
FRAG_NEG_trNEGATIVE45583_13_11,0.237623929977417
FRAG_NEG_trNEGATIVE30183_39_11,0.24752485752105713
FRAG_NEG_trNEGATIVE44745_38_11,0.10891103744506836
FRAG_NEG_trNEGATIVE68694_22_11,0.05940604209899902
FRAG_NEG_trNEGATIVE96995_62_11,0.13861393928527832
FRAG_NEG_trNEGATIVE85512_36_11,0.3168318271636963
FRAG_NEG_trNEGATIVE28063_7_11,0.2970297336578369
FRAG_NEG_trNEGATIVE92043_7_11,0.603960394859314
FRAG_NEG_trNEGATIVE65647_49_11,0.04950511455535889
FRAG_NEG_trNEGATIVE88098_67_11,0.08910906314849854
FRAG_NEG_trNEGATIVE90009_3_11,0.485148549079895
FRAG_NEG_trNEGATIVE70086_9_11,0.3069307804107666
FRAG_NEG_trNEGATIVE87907_7_11,0.04950511455535889
FRAG_NEG_trNEGATIVE34637_37_11,0.13861393928527832
FRAG_NEG_trNEGATIVE41707_5_11,0.16831696033477783
FRAG_NEG_trNEGATIVE42731_29_11,0.06930708885192871
FRAG_NEG_trNEGATIVE66800_12_11,0.2970297336578369
FRAG_NEG_trNEGATIVE43694_69_11,0.1980198621749878
FRAG_NEG_trNEGATIVE36114_27_11,0.1188119649887085
FRAG_NEG_trNEGATIVE59833_71_11,0.19801998138427734
FRAG_NEG_trNEGATIVE46069_35_11,0.4059406518936157
FRAG_NEG_trNEGATIVE74360_6_11,0.04950511455535889
FRAG_NEG_trNEGATIVE53400_65_11,0.029703140258789062
FRAG_NEG_trNEGATIVE37957_60_11,0.3267327547073364
FRAG_NEG_trNEGATIVE70176_43_11,0.237623929977417
FRAG_NEG_trNEGATIVE71995_35_11,0.24752485752105713
FRAG_NEG_trNEGATIVE68913_12_11,0.24752485752105713
FRAG_NEG_trNEGATIVE55060_9_11,0.148514986038208
FRAG_NEG_trNEGATIVE35478_46_11,0.2574259042739868
FRAG_NEG_trNEGATIVE74378_62_11,0.0792081356048584
FRAG_NEG_trNEGATIVE89663_22_11,0.15841591358184814
FRAG_NEG_trNEGATIVE31738_16_11,0.06930708885192871
FRAG_NEG_trNEGATIVE31855_62_11,0.485148549079895
FRAG_NEG_trNEGATIVE37753_68_11,0.27722787857055664
FRAG_NEG_trNEGATIVE82995_29_11,1.1920928955078125e-07
FRAG_NEG_trNEGATIVE90029_12_11,0.13366353511810303
FRAG_NEG_trNEGATIVE92966_11_11,0.15841591358184814
FRAG_NEG_trNEGATIVE95781_41_11,0.11881208419799805
FRAG_NEG_trNEGATIVE37723_53_11,0.04950511455535889
FRAG_NEG_trNEGATIVE30204_69_11,0.237623929977417
FRAG_NEG_trNEGATIVE40873_50_11,0.029703140258789062
FRAG_NEG_trNEGATIVE70042_2_11,0.12871301174163818
FRAG_NEG_trNEGATIVE73100_38_11,0.04950511455535889
FRAG_NEG_trNEGATIVE84831_13_11,0.06930708885192871
FRAG_NEG_trNEGATIVE51628_56_11,0.11881208419799805
FRAG_NEG_trNEGATIVE45252_33_11,0.2772277593612671
FRAG_NEG_trNEGATIVE32800_41_11,0.42574262619018555
FRAG_NEG_trNEGATIVE72698_56_11,0.18481862545013428
FRAG_NEG_trNEGATIVE92258_18_11,0.07920801639556885
FRAG_NEG_trNEGATIVE52502_28_11,0.18811893463134766
FRAG_NEG_trNEGATIVE69971_70_11,0.26732683181762695
FRAG_NEG_trNEGATIVE73840_33_11,0.17821788787841797
FRAG_NEG_trNEGATIVE78874_35_11,0.13861405849456787
FRAG_NEG_trNEGATIVE38708_13_11,0.0396040678024292
FRAG_NEG_trNEGATIVE87491_42_11,0.16831696033477783
FRAG_NEG_trNEGATIVE40162_16_11,0.09900999069213867
FRAG_NEG_trNEGATIVE77208_13_11,0.1980198621749878
FRAG_NEG_trNEGATIVE78727_39_11,0.1584160327911377
FRAG_NEG_trNEGATIVE54584_55_11,0.08910906314849854
FRAG_NEG_trNEGATIVE35222_52_11,0.04950511455535889
FRAG_NEG_trNEGATIVE91063_45_11,0.06930708885192871
FRAG_NEG_trNEGATIVE66877_28_11,0.12871301174163818
FRAG_NEG_trNEGATIVE28561_29_11,0.1584160327911377
FRAG_NEG_trNEGATIVE57924_30_11,1.1920928955078125e-07
FRAG_NEG_trNEGATIVE76907_68_11,0.11881208419799805
FRAG_NEG_trNEGATIVE41806_51_11,0.17821800708770752
FRAG_NEG_trNEGATIVE85572_25_11,0.20792090892791748
FRAG_NEG_trNEGATIVE28456_41_11,0.5643564462661743
FRAG_NEG_trNEGATIVE73251_70_11,0.2277228832244873
FRAG_NEG_trNEGATIVE89761_4_11,0.49504953622817993
FRAG_NEG_trNEGATIVE29825_21_11,0.148514986038208
FRAG_NEG_trNEGATIVE38934_61_11,0.029703140258789062
FRAG_NEG_trNEGATIVE35239_15_11,0.08910906314849854
FRAG_NEG_trNEGATIVE39616_33_11,0.06930708885192871
FRAG_NEG_trNEGATIVE57538_10_11,0.16831696033477783
FRAG_NEG_trNEGATIVE34862_8_11,0.2574259042739868
FRAG_NEG_trNEGATIVE57465_5_11,0.1584160327911377
FRAG_NEG_trNEGATIVE33531_61_11,0.20792090892791748
FRAG_NEG_trNEGATIVE70382_64_11,0.3168317675590515
FRAG_NEG_trNEGATIVE93128_9_11,0.2277228832244873
FRAG_NEG_trNEGATIVE58145_1_11,0.009901165962219238
FRAG_NEG_trNEGATIVE72346_16_11,0.10891103744506836
FRAG_NEG_trNEGATIVE35069_4_11,0.16831696033477783
FRAG_NEG_trNEGATIVE77586_58_11,0.12871301174163818
FRAG_NEG_trNEGATIVE30558_45_11,0.35643571615219116
FRAG_NEG_trNEGATIVE82036_44_11,0.08910906314849854
FRAG_NEG_trNEGATIVE87289_36_11,0.08910906314849854
FRAG_NEG_trNEGATIVE51987_10_11,0.11881208419799805
FRAG_NEG_trNEGATIVE73562_17_11,0.21782195568084717
FRAG_NEG_trNEGATIVE47514_56_11,0.0396040678024292
FRAG_NEG_trNEGATIVE44273_77_11,0.16831696033477783
FRAG_NEG_trNEGATIVE62349_46_11,0.10891103744506836
FRAG_NEG_trNEGATIVE84418_29_11,0.3069307804107666
FRAG_NEG_trNEGATIVE30776_36_11,0.11881208419799805
FRAG_NEG_trNEGATIVE90060_15_11,0.603960394859314
FRAG_NEG_trNEGATIVE31426_28_11,0.029703140258789062
FRAG_NEG_trNEGATIVE83659_48_11,0.0792081356048584
FRAG_NEG_trNEGATIVE90508_44_11,0.2574259042739868
FRAG_NEG_trNEGATIVE44822_22_11,0.35643577575683594
FRAG_NEG_trNEGATIVE82891_73_11,0.10891103744506836
FRAG_NEG_trNEGATIVE60757_43_11,0.2277228832244873
FRAG_NEG_trNEGATIVE65197_5_11,0.13861405849456787
FRAG_NEG_trNEGATIVE91771_33_11,0.148514986038208
FRAG_NEG_trNEGATIVE62725_25_11,0.21782183647155762
FRAG_NEG_trNEGATIVE71322_1_11,0.19801998138427734
FRAG_NEG_trNEGATIVE88472_23_11,0.21782195568084717
FRAG_NEG_trNEGATIVE84774_35_11,0.23762381076812744
FRAG_NEG_trNEGATIVE76212_50_11,0.04950511455535889
FRAG_NEG_trNEGATIVE49614_21_11,0.42574262619018555
FRAG_NEG_trNEGATIVE62799_43_11,0.26732683181762695
FRAG_NEG_trNEGATIVE71653_6_11,0.49504953622817993
FRAG_NEG_trNEGATIVE67852_40_11,0.485148549079895
FRAG_NEG_trNEGATIVE91477_26_11,0.13861405849456787
FRAG_NEG_trNEGATIVE70594_40_11,0.12871301174163818
FRAG_NEG_trNEGATIVE85381_21_11,0.08910906314849854
FRAG_NEG_trNEGATIVE70382_32_11,0.21782183647155762
FRAG_NEG_trNEGATIVE79590_16_11,0.17821800708770752
FRAG_NEG_trNEGATIVE60038_50_11,0.08910906314849854
FRAG_NEG_trNEGATIVE63103_29_11,0.2871288061141968
FRAG_NEG_trNEGATIVE44861_31_11,0.1188119649887085
FRAG_NEG_trNEGATIVE30077_49_11,0.18811893463134766
FRAG_NEG_trNEGATIVE96331_40_11,0.20792090892791748
FRAG_NEG_trNEGATIVE33003_4_11,0.11881208419799805
FRAG_NEG_trNEGATIVE93454_36_11,0.08910906314849854
FRAG_NEG_trNEGATIVE62365_77_11,0.06930708885192871
FRAG_NEG_trNEGATIVE91401_11_11,0.13861393928527832
FRAG_NEG_trNEGATIVE64855_71_11,0.3069307804107666
FRAG_NEG_trNEGATIVE62303_16_11,0.21782183647155762
FRAG_NEG_trNEGATIVE76453_32_11,0.09901010990142822
FRAG_NEG_trNEGATIVE86021_20_11,0.35643571615219116
FRAG_NEG_trNEGATIVE81420_54_11,0.2970297336578369
FRAG_NEG_trNEGATIVE27728_14_11,0.10891103744506836
FRAG_NEG_trNEGATIVE76240_57_11,0.05940604209899902
FRAG_NEG_trNEGATIVE66607_28_11,0.20792090892791748
FRAG_NEG_trNEGATIVE94440_26_11,0.10891103744506836
FRAG_NEG_trNEGATIVE63442_43_11,0.12871301174163818
FRAG_NEG_trNEGATIVE39672_26_11,0.17821800708770752
FRAG_NEG_trNEGATIVE52118_75_11,0.17821788787841797
FRAG_NEG_trNEGATIVE51982_40_11,0.2277228832244873
FRAG_NEG_trNEGATIVE41542_3_11,0.18811893463134766
FRAG_NEG_trNEGATIVE34287_54_11,0.009901165962219238
FRAG_NEG_trNEGATIVE43660_38_11,0.11881208419799805
FRAG_NEG_trNEGATIVE59152_6_11,0.5148515105247498
FRAG_NEG_trNEGATIVE56929_8_11,0.20792090892791748
FRAG_NEG_trNEGATIVE87662_13_11,0.35643571615219116
FRAG_NEG_trNEGATIVE69427_7_11,0.30198025703430176
FRAG_NEG_trNEGATIVE67373_48_11,0.148514986038208
FRAG_NEG_trNEGATIVE52240_54_11,0.0792081356048584
FRAG_NEG_trNEGATIVE36696_41_11,0.3267327547073364
FRAG_NEG_trNEGATIVE69790_28_11,0.09900999069213867
FRAG_NEG_trNEGATIVE47088_48_11,0.0396040678024292
FRAG_NEG_trNEGATIVE89226_4_11,0.05940604209899902
FRAG_NEG_trNEGATIVE33656_25_11,0.3960396647453308
FRAG_NEG_trNEGATIVE44933_34_11,0.08910906314849854
FRAG_NEG_trNEGATIVE42891_36_11,0.4059406518936157
FRAG_NEG_trNEGATIVE93689_19_11,0.3861386775970459
FRAG_NEG_trNEGATIVE39646_65_11,0.10891103744506836
FRAG_NEG_trNEGATIVE30918_79_11,0.16831696033477783
FRAG_NEG_trNEGATIVE80668_6_11,0.1980198621749878
FRAG_NEG_trNEGATIVE63443_27_11,0.09900999069213867
FRAG_NEG_trNEGATIVE44072_74_11,0.0396040678024292
FRAG_NEG_trNEGATIVE94845_31_11,0.4752475619316101
FRAG_NEG_trNEGATIVE92377_41_11,0.04950511455535889
FRAG_NEG_trNEGATIVE74779_23_11,0.08910906314849854
FRAG_NEG_trNEGATIVE72742_16_11,0.09901010990142822
FRAG_NEG_trNEGATIVE71111_25_11,0.16831696033477783
FRAG_NEG_trNEGATIVE47705_44_11,0.08910906314849854
FRAG_NEG_trNEGATIVE43162_2_11,0.009901165962219238
FRAG_NEG_trNEGATIVE61847_23_11,0.31683170795440674
FRAG_NEG_trNEGATIVE88139_17_11,0.11881208419799805
FRAG_NEG_trNEGATIVE31955_53_11,0.5742574334144592
FRAG_NEG_trNEGATIVE68699_59_11,0.3960396647453308
FRAG_NEG_trNEGATIVE33817_20_11,0.0792081356048584
FRAG_NEG_trNEGATIVE60131_49_11,0.06930708885192871
FRAG_NEG_trNEGATIVE34252_12_11,0.2871288061141968
FRAG_NEG_trNEGATIVE57570_8_11,0.12871301174163818
FRAG_NEG_trNEGATIVE96224_76_11,0.06930708885192871
FRAG_NEG_trNEGATIVE68930_46_11,0.12871301174163818
FRAG_NEG_trNEGATIVE35886_51_11,0.18811893463134766
FRAG_NEG_trNEGATIVE69310_34_11,0.3960396647453308
FRAG_NEG_trNEGATIVE68036_13_11,0.3267327547073364
FRAG_NEG_trNEGATIVE88082_8_11,0.10891103744506836
FRAG_NEG_trNEGATIVE44235_0_11,0.12871301174163818
FRAG_NEG_trNEGATIVE75372_17_11,0.27722787857055664
FRAG_NEG_trNEGATIVE95551_38_11,0.17821788787841797
FRAG_NEG_trNEGATIVE90237_22_11,0.06930708885192871
FRAG_NEG_trNEGATIVE46544_36_11,0.05940604209899902
FRAG_NEG_trNEGATIVE53736_28_11,0.07920801639556885
FRAG_NEG_trNEGATIVE31346_29_11,0.26732683181762695
FRAG_NEG_trNEGATIVE48410_31_11,0.148514986038208
FRAG_NEG_trNEGATIVE87072_41_11,0.09900999069213867
FRAG_NEG_trNEGATIVE61130_47_11,0.24752485752105713
FRAG_NEG_trNEGATIVE90440_38_11,0.31683170795440674
FRAG_NEG_trNEGATIVE45865_63_11,0.11881208419799805
FRAG_NEG_trNEGATIVE54169_65_11,0.29702985286712646
FRAG_NEG_trNEGATIVE92362_42_11,0.16831696033477783
FRAG_NEG_trNEGATIVE32833_63_11,0.2277228832244873
FRAG_NEG_trNEGATIVE42687_18_11,0.594059407711029
FRAG_NEG_trNEGATIVE76509_8_11,0.3861386775970459
FRAG_NEG_trNEGATIVE42436_74_11,0.16831696033477783
FRAG_NEG_trNEGATIVE81964_5_11,0.2772277593612671
FRAG_NEG_trNEGATIVE43609_30_11,0.09901010990142822
FRAG_NEG_trNEGATIVE42080_1_11,0.148514986038208
FRAG_NEG_trNEGATIVE83705_48_11,0.1188119649887085
FRAG_NEG_trNEGATIVE78145_21_11,0.11881208419799805
FRAG_NEG_trNEGATIVE76739_82_11,0.18811893463134766
FRAG_NEG_trNEGATIVE53289_35_11,0.08910906314849854
FRAG_NEG_trNEGATIVE44316_13_11,0.25742578506469727
FRAG_NEG_trNEGATIVE33929_24_11,0.09900999069213867
FRAG_NEG_trNEGATIVE72209_17_11,0.1980198621749878
FRAG_NEG_trNEGATIVE75741_30_11,0.13861405849456787
FRAG_NEG_trNEGATIVE32494_25_11,0.009901165962219238
FRAG_NEG_trNEGATIVE36193_23_11,0.3267327547073364
FRAG_NEG_trNEGATIVE54316_15_11,0.13861405849456787
FRAG_NEG_trNEGATIVE70523_26_11,0.4752475619316101
FRAG_NEG_trNEGATIVE38987_24_11,0.2871288061141968
FRAG_NEG_trNEGATIVE38368_59_11,0.13861393928527832
FRAG_NEG_trNEGATIVE41118_26_11,0.3069307804107666
FRAG_NEG_trNEGATIVE55910_31_11,0.06930708885192871
FRAG_NEG_trNEGATIVE82995_17_11,0.21782195568084717
FRAG_NEG_trNEGATIVE88809_27_11,0.13861393928527832
FRAG_NEG_trNEGATIVE73825_30_11,0.3861386775970459
FRAG_NEG_trNEGATIVE75146_3_11,0.16831696033477783
FRAG_NEG_trNEGATIVE81073_0_11,0.30033016204833984
FRAG_NEG_trNEGATIVE72287_25_11,0.2772277593612671
FRAG_NEG_trNEGATIVE84728_40_11,0.3663367033004761
FRAG_NEG_trNEGATIVE95564_42_11,0.2574259042739868
FRAG_NEG_trNEGATIVE81335_14_11,0.2871288061141968
FRAG_NEG_trNEGATIVE43309_48_11,0.12871301174163818
FRAG_NEG_trNEGATIVE56681_49_11,0.148514986038208
FRAG_NEG_trNEGATIVE59357_13_11,0.12871301174163818
FRAG_NEG_trNEGATIVE87476_62_11,0.18811893463134766
FRAG_NEG_trNEGATIVE59857_42_11,0.1188119649887085
FRAG_NEG_trNEGATIVE77342_13_11,0.06930708885192871
FRAG_NEG_trNEGATIVE28742_7_11,0.34653472900390625
FRAG_NEG_trNEGATIVE80976_34_11,0.237623929977417
FRAG_NEG_trNEGATIVE63424_6_11,0.42574262619018555
FRAG_NEG_trNEGATIVE59367_46_11,0.0792081356048584
FRAG_NEG_trNEGATIVE40981_37_11,0.42574262619018555
FRAG_NEG_trNEGATIVE44822_1_11,0.21782195568084717
FRAG_NEG_trNEGATIVE92755_44_11,0.03960418701171875
FRAG_NEG_trNEGATIVE57043_1_11,0.35643571615219116
FRAG_NEG_trNEGATIVE31893_7_11,0.1584160327911377
FRAG_NEG_trNEGATIVE85034_5_11,0.06930708885192871
FRAG_NEG_trNEGATIVE86175_15_11,0.029703140258789062
FRAG_NEG_trNEGATIVE28050_6_11,0.17821788787841797
FRAG_NEG_trNEGATIVE65951_45_11,0.1584160327911377
FRAG_NEG_trNEGATIVE35273_1_11,0.029703140258789062
FRAG_NEG_trNEGATIVE52262_50_11,0.25742578506469727
FRAG_NEG_trNEGATIVE34067_46_11,0.33663374185562134
FRAG_NEG_trNEGATIVE70991_3_11,0.3960396647453308
FRAG_NEG_trNEGATIVE82143_39_11,0.3168318271636963
FRAG_NEG_trNEGATIVE31492_0_11,0.1584160327911377
FRAG_NEG_trNEGATIVE77537_7_11,0.34653472900390625
FRAG_NEG_trNEGATIVE32643_37_11,0.3300330638885498
FRAG_NEG_trNEGATIVE54179_52_11,0.5643564462661743
FRAG_NEG_trNEGATIVE45625_78_11,0.5148515105247498
FRAG_NEG_trNEGATIVE45236_18_11,0.029703140258789062
FRAG_NEG_trNEGATIVE89307_28_11,0.34653472900390625
FRAG_NEG_trNEGATIVE68296_22_11,0.24752485752105713
FRAG_NEG_trNEGATIVE42081_75_11,0.3960396647453308
FRAG_NEG_trNEGATIVE58096_24_11,0.15841591358184814
FRAG_NEG_trNEGATIVE73636_40_11,0.148514986038208
FRAG_NEG_trNEGATIVE28729_19_11,0.2772277593612671
FRAG_NEG_trNEGATIVE78954_24_11,0.1980198621749878
FRAG_NEG_trNEGATIVE82940_26_11,0.2772277593612671
FRAG_NEG_trNEGATIVE74050_9_11,0.13861405849456787
FRAG_NEG_trNEGATIVE68025_27_11,0.1980198621749878
FRAG_NEG_trNEGATIVE53683_17_11,0.18811893463134766
FRAG_NEG_trNEGATIVE69851_20_11,0.2574259042739868
FRAG_NEG_trNEGATIVE67582_57_11,0.3366338014602661
FRAG_NEG_trNEGATIVE76417_39_11,0.06930708885192871
FRAG_NEG_trNEGATIVE50059_7_11,0.07920801639556885
FRAG_NEG_trNEGATIVE95856_1_11,0.06930708885192871
FRAG_NEG_trNEGATIVE38107_5_11,0.06930708885192871
FRAG_NEG_trNEGATIVE71697_5_11,0.13861405849456787
FRAG_NEG_trNEGATIVE34855_32_11,0.0792081356048584
FRAG_NEG_trNEGATIVE65012_16_11,0.3069307804107666
FRAG_NEG_trNEGATIVE77913_42_11,0.1188119649887085
FRAG_NEG_trNEGATIVE88380_74_11,0.15841591358184814
FRAG_NEG_trNEGATIVE44161_8_11,0.21782183647155762
FRAG_NEG_trNEGATIVE43083_27_11,0.09900999069213867
FRAG_NEG_trNEGATIVE56790_2_11,0.41584163904190063
FRAG_NEG_trNEGATIVE93974_20_11,0.18811893463134766
FRAG_NEG_trNEGATIVE34370_7_11,0.1980198621749878
FRAG_NEG_trNEGATIVE28177_16_11,0.19801998138427734
FRAG_NEG_trNEGATIVE44278_52_11,0.24752485752105713
FRAG_NEG_trNEGATIVE39870_39_11,0.07920801639556885
FRAG_NEG_trNEGATIVE71204_32_11,0.05940604209899902
FRAG_NEG_trNEGATIVE76530_48_11,0.148514986038208
FRAG_NEG_trNEGATIVE39818_54_11,0.23762381076812744
FRAG_NEG_trNEGATIVE78027_52_11,0.08910906314849854
FRAG_NEG_trNEGATIVE75246_52_11,0.15841591358184814
FRAG_NEG_trNEGATIVE73036_22_11,0.1584160327911377
FRAG_NEG_trNEGATIVE91477_66_11,0.20792090892791748
FRAG_NEG_trNEGATIVE62960_4_11,0.43564361333847046
FRAG_NEG_trNEGATIVE93258_27_11,0.12871301174163818
FRAG_NEG_trNEGATIVE66636_11_11,0.1980198621749878
FRAG_NEG_trNEGATIVE60131_57_11,0.08910906314849854
FRAG_NEG_trNEGATIVE79045_7_11,0.376237690448761
FRAG_NEG_trNEGATIVE73185_37_11,0.08910906314849854
FRAG_NEG_trNEGATIVE42689_4_11,0.1188119649887085
FRAG_NEG_trNEGATIVE53682_43_11,0.148514986038208
FRAG_NEG_trNEGATIVE80677_14_11,0.26732683181762695
FRAG_NEG_trNEGATIVE89663_21_11,0.12871301174163818
FRAG_NEG_trNEGATIVE66656_22_11,0.17821788787841797
FRAG_NEG_trNEGATIVE84555_55_11,0.19801998138427734
FRAG_NEG_trNEGATIVE56456_8_11,0.17821788787841797
FRAG_NEG_trNEGATIVE45852_58_11,0.009901165962219238
FRAG_NEG_trNEGATIVE55353_74_11,0.06930708885192871
FRAG_NEG_trNEGATIVE94613_58_11,0.13861405849456787
FRAG_NEG_trNEGATIVE33913_35_11,0.08910906314849854
FRAG_NEG_trNEGATIVE80205_36_11,0.04950511455535889
FRAG_NEG_trNEGATIVE50823_27_11,0.3069307804107666
FRAG_NEG_trNEGATIVE53186_10_11,0.1188119649887085
FRAG_NEG_trNEGATIVE27634_0_11,0.34653472900390625
FRAG_NEG_trNEGATIVE75001_50_11,0.25742578506469727
FRAG_NEG_trNEGATIVE64048_29_11,0.09900999069213867
FRAG_NEG_trNEGATIVE36193_36_11,0.1980198621749878
FRAG_NEG_trNEGATIVE69410_32_11,0.2574259042739868
FRAG_NEG_trNEGATIVE65299_26_11,0.3267327547073364
FRAG_NEG_trNEGATIVE95515_22_11,0.148514986038208
FRAG_NEG_trNEGATIVE38259_19_11,0.1584160327911377
FRAG_NEG_trNEGATIVE62212_31_11,0.09901010990142822
FRAG_NEG_trNEGATIVE69649_39_11,0.09900999069213867
FRAG_NEG_trNEGATIVE70393_40_11,0.5198020339012146
FRAG_NEG_trNEGATIVE32960_42_11,0.10891103744506836
FRAG_NEG_trNEGATIVE32641_43_11,0.41584163904190063
FRAG_NEG_trNEGATIVE45688_12_11,0.3861386775970459
FRAG_NEG_trNEGATIVE65294_68_11,0.3861386775970459
FRAG_NEG_trNEGATIVE77146_40_11,0.12871301174163818
FRAG_NEG_trNEGATIVE51907_35_11,0.15841591358184814
FRAG_NEG_trNEGATIVE41767_14_11,0.3267327547073364
FRAG_NEG_trNEGATIVE84715_53_11,0.2574259042739868
FRAG_NEG_trNEGATIVE38667_37_11,0.10891103744506836
FRAG_NEG_trNEGATIVE58935_31_11,0.2574259042739868
FRAG_NEG_trNEGATIVE50991_16_11,0.12871301174163818
FRAG_NEG_trNEGATIVE48598_34_11,0.09901010990142822
FRAG_NEG_trNEGATIVE82830_14_11,0.2277228832244873
FRAG_NEG_trNEGATIVE34592_57_11,0.09901010990142822
FRAG_NEG_trNEGATIVE34619_22_11,0.1584160327911377
FRAG_NEG_trNEGATIVE83320_14_11,0.20792090892791748
FRAG_NEG_trNEGATIVE44020_48_11,0.3069307804107666
FRAG_NEG_trNEGATIVE68092_5_11,0.42574262619018555
FRAG_NEG_trNEGATIVE80113_3_11,0.11881208419799805
FRAG_NEG_trNEGATIVE64850_45_11,0.148514986038208
FRAG_NEG_trNEGATIVE38094_19_11,0.06930708885192871
FRAG_NEG_trNEGATIVE87306_26_11,0.20792090892791748
FRAG_NEG_trNEGATIVE94649_39_11,0.13861393928527832
FRAG_NEG_trNEGATIVE35778_34_11,0.24257433414459229
FRAG_NEG_trNEGATIVE84609_85_11,0.20792090892791748
FRAG_NEG_trNEGATIVE63278_42_11,0.10891103744506836
FRAG_NEG_trNEGATIVE43712_11_11,0.08910906314849854
FRAG_NEG_trNEGATIVE73276_14_11,0.09901010990142822
FRAG_NEG_trNEGATIVE67438_33_11,0.10891103744506836
FRAG_NEG_trNEGATIVE53070_18_11,0.06930708885192871
FRAG_NEG_trNEGATIVE95342_8_11,0.17821788787841797
FRAG_NEG_trNEGATIVE50009_73_11,0.5759075880050659
FRAG_NEG_trNEGATIVE63991_37_11,0.09900999069213867
FRAG_NEG_trNEGATIVE58430_43_11,0.237623929977417
FRAG_NEG_trNEGATIVE69114_84_11,0.17821800708770752
FRAG_NEG_trNEGATIVE79253_71_11,0.06930708885192871
FRAG_NEG_trNEGATIVE85512_13_11,0.25742578506469727
FRAG_NEG_trNEGATIVE83654_8_11,0.33663368225097656
FRAG_NEG_trNEGATIVE60264_43_11,0.06930708885192871
FRAG_NEG_trNEGATIVE34287_10_11,0.019802093505859375
FRAG_NEG_trNEGATIVE82185_15_11,0.27722787857055664
FRAG_NEG_trNEGATIVE89520_49_11,0.12871301174163818
FRAG_NEG_trNEGATIVE44350_33_11,0.2920793294906616
FRAG_NEG_trNEGATIVE39940_33_11,0.27722787857055664
FRAG_NEG_trNEGATIVE60805_70_11,0.18811893463134766
FRAG_NEG_trNEGATIVE77963_27_11,0.029703140258789062
FRAG_NEG_trNEGATIVE75644_40_11,0.3861386775970459
FRAG_NEG_trNEGATIVE35478_32_11,0.26732683181762695
FRAG_NEG_trNEGATIVE58289_47_11,0.21782183647155762
FRAG_NEG_trNEGATIVE36596_42_11,0.15841591358184814
FRAG_NEG_trNEGATIVE73619_36_11,0.029703140258789062
FRAG_NEG_trNEGATIVE86575_34_11,0.35643577575683594
FRAG_NEG_trNEGATIVE50422_28_11,0.12871301174163818
FRAG_NEG_trNEGATIVE97497_29_11,0.148514986038208
FRAG_NEG_trNEGATIVE93907_63_11,0.4059406518936157
FRAG_NEG_trNEGATIVE75873_0_11,0.21782195568084717
FRAG_NEG_trNEGATIVE50269_57_11,0.03960418701171875
FRAG_NEG_trNEGATIVE43654_23_11,0.05940604209899902
FRAG_NEG_trNEGATIVE53896_61_11,0.6138614416122437
FRAG_NEG_trNEGATIVE27517_14_11,0.07920801639556885
FRAG_NEG_trNEGATIVE89245_23_11,0.08910906314849854
FRAG_NEG_trNEGATIVE96934_4_11,0.26732683181762695
FRAG_NEG_trNEGATIVE80644_39_11,0.148514986038208
FRAG_NEG_trNEGATIVE95518_45_11,0.376237690448761
FRAG_NEG_trNEGATIVE78344_39_11,0.17821800708770752
FRAG_NEG_trNEGATIVE36313_46_11,0.10891103744506836
FRAG_NEG_trNEGATIVE39940_7_11,0.34653472900390625
FRAG_NEG_trNEGATIVE57649_15_11,0.08910906314849854
FRAG_NEG_trNEGATIVE72576_48_11,0.08910906314849854
FRAG_NEG_trNEGATIVE50849_3_11,0.25742578506469727
FRAG_NEG_trNEGATIVE80543_16_11,0.237623929977417
FRAG_NEG_trNEGATIVE52720_24_11,0.148514986038208
FRAG_NEG_trNEGATIVE87736_60_11,0.12871301174163818
FRAG_NEG_trNEGATIVE82185_54_11,0.0792081356048584
FRAG_NEG_trNEGATIVE57114_27_11,0.17821800708770752
FRAG_NEG_trNEGATIVE28977_58_11,0.16831696033477783
FRAG_NEG_trNEGATIVE75698_48_11,0.5544554591178894
FRAG_NEG_trNEGATIVE36143_49_11,0.19801998138427734
FRAG_NEG_trNEGATIVE31778_31_11,0.3168318271636963
FRAG_NEG_trNEGATIVE34539_38_11,0.10891103744506836
FRAG_NEG_trNEGATIVE94584_53_11,0.3861386775970459
FRAG_NEG_trNEGATIVE36239_34_11,0.09900999069213867
FRAG_NEG_trNEGATIVE74115_29_11,0.1980198621749878
FRAG_NEG_trNEGATIVE86402_32_11,0.09901010990142822
FRAG_NEG_trNEGATIVE84870_32_11,0.29702985286712646
FRAG_NEG_trNEGATIVE31543_27_11,0.07920801639556885
FRAG_NEG_trNEGATIVE79435_66_11,0.13861405849456787
FRAG_NEG_trNEGATIVE65951_10_11,0.3663367033004761
FRAG_NEG_trNEGATIVE84856_2_11,0.21782183647155762
FRAG_NEG_trNEGATIVE77017_52_11,0.30198025703430176
FRAG_NEG_trNEGATIVE88698_24_11,0.21782195568084717
FRAG_NEG_trNEGATIVE29484_42_11,0.19801998138427734
FRAG_NEG_trNEGATIVE93710_21_11,0.09901010990142822
FRAG_NEG_trNEGATIVE49826_27_11,0.1584160327911377
FRAG_NEG_trNEGATIVE46309_63_11,0.019802093505859375
FRAG_NEG_trNEGATIVE64718_66_11,0.10891103744506836
FRAG_NEG_trNEGATIVE84856_43_11,0.04950511455535889
FRAG_NEG_trNEGATIVE60384_34_11,0.2145216464996338
FRAG_NEG_trNEGATIVE83114_6_11,0.20792090892791748
FRAG_NEG_trNEGATIVE44666_15_11,0.2871288061141968
FRAG_NEG_trNEGATIVE47752_64_11,0.16831696033477783
FRAG_NEG_trNEGATIVE39276_24_11,0.09900999069213867
FRAG_NEG_trNEGATIVE68117_11_11,0.13861405849456787
FRAG_NEG_trNEGATIVE27495_64_11,0.11881208419799805
FRAG_NEG_trNEGATIVE49532_44_11,0.16831696033477783
FRAG_NEG_trNEGATIVE86493_60_11,0.23762381076812744
FRAG_NEG_trNEGATIVE41767_48_11,0.06930708885192871
FRAG_NEG_trNEGATIVE95781_48_11,0.20792090892791748
FRAG_NEG_trNEGATIVE56723_17_11,0.18811893463134766
FRAG_NEG_trNEGATIVE67122_1_11,0.10891103744506836
FRAG_NEG_trNEGATIVE55211_5_11,0.019802212715148926
FRAG_NEG_trNEGATIVE45921_14_11,0.08910906314849854
FRAG_NEG_trNEGATIVE88327_61_11,0.3168318271636963
FRAG_NEG_trNEGATIVE66389_19_11,0.2970297336578369
FRAG_NEG_trNEGATIVE69430_29_11,0.09901010990142822
FRAG_NEG_trNEGATIVE85841_36_11,0.17821788787841797
FRAG_NEG_trNEGATIVE48299_52_11,0.09900999069213867
FRAG_NEG_trNEGATIVE50861_57_11,0.07920801639556885
FRAG_NEG_trNEGATIVE58637_22_11,0.2871288061141968
FRAG_NEG_trNEGATIVE55750_54_11,0.11881208419799805
FRAG_NEG_trNEGATIVE84864_11_11,0.10891103744506836
FRAG_NEG_trNEGATIVE39793_18_11,0.12871301174163818
FRAG_NEG_trNEGATIVE85788_13_11,0.019802093505859375
FRAG_NEG_trNEGATIVE50348_27_11,0.148514986038208
FRAG_NEG_trNEGATIVE40855_46_11,0.13861393928527832
FRAG_NEG_trNEGATIVE76485_32_11,0.15841591358184814
FRAG_NEG_trNEGATIVE48986_28_11,0.25742578506469727
FRAG_NEG_trNEGATIVE65645_8_11,1.1920928955078125e-07
FRAG_NEG_trNEGATIVE71862_34_11,0.1980198621749878
FRAG_NEG_trNEGATIVE66436_48_11,0.2623763084411621
FRAG_NEG_trNEGATIVE95089_50_11,0.04950511455535889
FRAG_NEG_trNEGATIVE68784_9_11,0.5247524976730347
FRAG_NEG_trNEGATIVE33667_0_11,0.09901010990142822
FRAG_NEG_trNEGATIVE51468_59_11,0.17821788787841797
FRAG_NEG_trNEGATIVE56407_13_11,0.25742578506469727
FRAG_NEG_trNEGATIVE42182_66_11,0.21782195568084717
FRAG_NEG_trNEGATIVE87650_67_11,0.13861405849456787
FRAG_NEG_trNEGATIVE60364_14_11,0.3712872266769409
FRAG_NEG_trNEGATIVE27495_3_11,0.31023108959198
FRAG_NEG_trNEGATIVE53238_35_11,0.24752485752105713
FRAG_NEG_trNEGATIVE63980_48_11,0.11881208419799805
FRAG_NEG_trNEGATIVE37384_5_11,0.15841591358184814
FRAG_NEG_trNEGATIVE78194_21_11,0.06930708885192871
FRAG_NEG_trNEGATIVE76557_15_11,0.12871301174163818
FRAG_NEG_trNEGATIVE53300_60_11,0.18811893463134766
FRAG_NEG_trNEGATIVE79164_31_11,0.06930708885192871
FRAG_NEG_trNEGATIVE70997_49_11,0.11881208419799805
FRAG_NEG_trNEGATIVE62960_16_11,0.2277228832244873
FRAG_NEG_trNEGATIVE93592_21_11,0.06930708885192871
FRAG_NEG_trNEGATIVE43654_7_11,0.20792090892791748
FRAG_NEG_trNEGATIVE85742_36_11,0.3267327547073364
FRAG_NEG_trNEGATIVE50638_17_11,0.12871301174163818
FRAG_NEG_trNEGATIVE70089_88_11,0.03960418701171875
FRAG_NEG_trNEGATIVE80087_63_11,0.29702985286712646
FRAG_NEG_trNEGATIVE30792_39_11,0.0396040678024292
FRAG_NEG_trNEGATIVE51853_80_11,0.19801998138427734
FRAG_NEG_trNEGATIVE96486_11_11,0.07920801639556885
FRAG_NEG_trNEGATIVE44108_20_11,0.059406161308288574
FRAG_NEG_trNEGATIVE95820_5_11,0.10891103744506836
FRAG_NEG_trNEGATIVE88203_19_11,0.4554455876350403
FRAG_NEG_trNEGATIVE43289_36_11,0.2574259042739868
FRAG_NEG_trNEGATIVE40163_55_11,0.4059406518936157
FRAG_NEG_trNEGATIVE40284_30_11,0.33663374185562134
FRAG_NEG_trNEGATIVE95174_48_11,0.148514986038208
FRAG_NEG_trNEGATIVE67302_61_11,0.10891103744506836
FRAG_NEG_trNEGATIVE57285_53_11,0.1188119649887085
FRAG_NEG_trNEGATIVE93950_25_11,0.059406161308288574
FRAG_NEG_trNEGATIVE66060_48_11,0.13861393928527832
FRAG_NEG_trNEGATIVE35447_5_11,0.2574259042739868
FRAG_NEG_trNEGATIVE83335_58_11,0.08910906314849854
FRAG_NEG_trNEGATIVE91490_37_11,0.13861405849456787
FRAG_NEG_trNEGATIVE48587_60_11,0.17821800708770752
FRAG_NEG_trNEGATIVE36432_49_11,0.148514986038208
FRAG_NEG_trNEGATIVE52457_22_11,0.3663367033004761
FRAG_NEG_trNEGATIVE89408_75_11,0.5148515105247498
FRAG_NEG_trNEGATIVE31314_39_11,0.08910906314849854
FRAG_NEG_trNEGATIVE65234_36_11,0.16831696033477783
FRAG_NEG_trNEGATIVE64236_17_11,0.08910906314849854
FRAG_NEG_trNEGATIVE85557_4_11,0.3663367033004761
FRAG_NEG_trNEGATIVE81697_61_11,0.30198031663894653
FRAG_NEG_trNEGATIVE57991_5_11,0.1980198621749878
FRAG_NEG_trNEGATIVE93408_34_11,0.25742578506469727
FRAG_NEG_trNEGATIVE96848_18_11,0.2772277593612671
FRAG_NEG_trNEGATIVE65258_47_11,0.08910906314849854
FRAG_NEG_trNEGATIVE79954_19_11,0.12871301174163818
FRAG_NEG_trNEGATIVE58289_28_11,0.44554460048675537
FRAG_NEG_trNEGATIVE49274_12_11,0.23762381076812744
FRAG_NEG_trNEGATIVE81364_14_11,0.08910906314849854
FRAG_NEG_trNEGATIVE43815_68_11,0.13861393928527832
FRAG_NEG_trNEGATIVE56019_4_11,0.09901010990142822
FRAG_NEG_trNEGATIVE73185_31_11,0.26732683181762695
FRAG_NEG_trNEGATIVE40626_3_11,0.12871301174163818
FRAG_NEG_trNEGATIVE68382_37_11,0.26732683181762695
FRAG_NEG_trNEGATIVE75610_32_11,0.2772277593612671
FRAG_NEG_trNEGATIVE47369_34_11,0.08910906314849854
FRAG_NEG_trNEGATIVE78280_56_11,0.09900999069213867
FRAG_NEG_trNEGATIVE50596_35_11,0.04950511455535889
FRAG_NEG_trNEGATIVE39254_1_11,0.11881208419799805
FRAG_NEG_trNEGATIVE91358_10_11,0.18811893463134766
FRAG_NEG_trNEGATIVE68194_30_11,0.3960396647453308
FRAG_NEG_trNEGATIVE85542_29_11,0.13861405849456787
FRAG_NEG_trNEGATIVE38038_4_11,0.237623929977417
FRAG_NEG_trNEGATIVE92531_44_11,0.26732683181762695
FRAG_NEG_trNEGATIVE60542_41_11,0.4009901285171509
FRAG_NEG_trNEGATIVE64771_42_11,0.28217828273773193
FRAG_NEG_trNEGATIVE61117_76_11,0.35643571615219116
FRAG_NEG_trNEGATIVE41609_0_11,0.09901010990142822
FRAG_NEG_trNEGATIVE68425_7_11,0.27722787857055664
FRAG_NEG_trNEGATIVE76230_40_11,0.20792090892791748
FRAG_NEG_trNEGATIVE47863_65_11,0.24752485752105713
FRAG_NEG_trNEGATIVE77036_54_11,0.1980198621749878
FRAG_NEG_trNEGATIVE85672_67_11,0.3663367033004761
FRAG_NEG_trNEGATIVE54128_38_11,0.1188119649887085
FRAG_NEG_trNEGATIVE55879_16_11,0.019802093505859375
FRAG_NEG_trNEGATIVE79455_23_11,0.059406161308288574
FRAG_NEG_trNEGATIVE66922_35_11,0.1584160327911377
FRAG_NEG_trNEGATIVE43631_42_11,0.09900999069213867
FRAG_NEG_trNEGATIVE71548_0_11,0.08910906314849854
FRAG_NEG_trNEGATIVE47364_46_11,0.2871288061141968
FRAG_NEG_trNEGATIVE70875_5_11,0.18811893463134766
FRAG_NEG_trNEGATIVE62607_57_11,0.059406161308288574
FRAG_NEG_trNEGATIVE49584_0_11,0.3069307804107666
FRAG_NEG_trNEGATIVE66032_60_11,0.44554460048675537
FRAG_NEG_trNEGATIVE77611_21_11,0.3069307804107666
FRAG_NEG_trNEGATIVE67373_18_11,0.34653472900390625
FRAG_NEG_trNEGATIVE50656_41_11,0.03960418701171875
FRAG_NEG_trNEGATIVE77271_21_11,0.009901165962219238
FRAG_NEG_trNEGATIVE75112_20_11,0.1188119649887085
FRAG_NEG_trNEGATIVE60202_6_11,0.3861386775970459
FRAG_NEG_trNEGATIVE93313_29_11,0.1980198621749878
FRAG_NEG_trNEGATIVE74928_69_11,0.4554455876350403
FRAG_NEG_trNEGATIVE79048_35_11,0.08910906314849854
FRAG_NEG_trNEGATIVE90440_0_11,0.16831696033477783
FRAG_NEG_trNEGATIVE77840_22_11,0.17821788787841797
FRAG_NEG_trNEGATIVE81439_38_11,0.2722773551940918
FRAG_NEG_trNEGATIVE85954_57_11,0.15841591358184814
FRAG_NEG_trNEGATIVE42319_21_11,0.148514986038208
FRAG_NEG_trNEGATIVE49019_36_11,0.1188119649887085
FRAG_NEG_trNEGATIVE76437_19_11,0.019802093505859375
FRAG_NEG_trNEGATIVE78591_45_11,0.05940604209899902
FRAG_NEG_trNEGATIVE84946_32_11,0.3366338014602661
FRAG_NEG_trNEGATIVE47472_33_11,0.1980198621749878
FRAG_NEG_trNEGATIVE81238_21_11,0.07920801639556885
FRAG_NEG_trNEGATIVE71121_40_11,0.11881208419799805
FRAG_NEG_trNEGATIVE57999_87_11,0.10891103744506836
FRAG_NEG_trNEGATIVE35140_5_11,0.49504953622817993
FRAG_NEG_trNEGATIVE32583_0_11,0.44554460048675537
FRAG_NEG_trNEGATIVE48435_71_11,0.10891103744506836
FRAG_NEG_trNEGATIVE41723_15_11,0.44554460048675537
FRAG_NEG_trNEGATIVE64760_3_11,0.08910906314849854
FRAG_NEG_trNEGATIVE91975_59_11,0.26732683181762695
FRAG_NEG_trNEGATIVE85620_49_11,0.05940604209899902
FRAG_NEG_trNEGATIVE34723_12_11,0.15841591358184814
FRAG_NEG_trNEGATIVE31363_22_11,0.2277228832244873
FRAG_NEG_trNEGATIVE91027_32_11,0.2574259042739868
FRAG_NEG_trNEGATIVE31556_0_11,0.08910906314849854
FRAG_NEG_trNEGATIVE67480_2_11,0.08910906314849854
FRAG_NEG_trNEGATIVE89016_14_11,0.2277228832244873
FRAG_NEG_trNEGATIVE45811_28_11,0.1188119649887085
FRAG_NEG_trNEGATIVE40988_54_11,0.26732683181762695
FRAG_NEG_trNEGATIVE55290_8_11,0.18811893463134766
FRAG_NEG_trNEGATIVE71024_71_11,0.3663367033004761
FRAG_NEG_trNEGATIVE78212_11_11,0.33168327808380127
FRAG_NEG_trNEGATIVE53797_11_11,0.09900999069213867
FRAG_NEG_trNEGATIVE51934_52_11,0.24752485752105713
FRAG_NEG_trNEGATIVE78134_25_11,0.19801998138427734
FRAG_NEG_trNEGATIVE81205_15_11,0.15841591358184814
FRAG_NEG_trNEGATIVE84159_26_11,0.2277228832244873
FRAG_NEG_trNEGATIVE90881_23_11,0.10891103744506836
FRAG_NEG_trNEGATIVE73169_24_11,0.07920801639556885
FRAG_NEG_trNEGATIVE43782_40_11,0.17821800708770752
FRAG_NEG_trNEGATIVE66071_21_11,0.21782183647155762
FRAG_NEG_trNEGATIVE84819_32_11,0.06930708885192871
FRAG_NEG_trNEGATIVE76571_5_11,0.10891103744506836
FRAG_NEG_trNEGATIVE62283_20_11,0.07920801639556885
FRAG_NEG_trNEGATIVE41845_16_11,0.06930708885192871
FRAG_NEG_trNEGATIVE58675_39_11,0.3861386775970459
FRAG_NEG_trNEGATIVE35456_26_11,0.06930708885192871
FRAG_NEG_trNEGATIVE78027_55_11,0.16831696033477783
FRAG_NEG_trNEGATIVE88327_27_11,0.09900999069213867
FRAG_NEG_trNEGATIVE35903_11_11,0.08910906314849854
FRAG_NEG_trNEGATIVE96167_28_11,0.11881208419799805
FRAG_NEG_trNEGATIVE92875_27_11,0.029703140258789062
FRAG_NEG_trNEGATIVE66099_19_11,0.23762381076812744
FRAG_NEG_trNEGATIVE85598_59_11,0.2871288061141968
FRAG_NEG_trNEGATIVE47515_29_11,0.06930708885192871
FRAG_NEG_trNEGATIVE79888_13_11,0.16831696033477783
FRAG_NEG_trNEGATIVE42891_5_11,0.24752485752105713
FRAG_NEG_trNEGATIVE84888_29_11,0.44554460048675537
FRAG_NEG_trNEGATIVE90824_16_11,0.34653472900390625
FRAG_NEG_trNEGATIVE44072_67_11,0.0396040678024292
FRAG_NEG_trNEGATIVE54956_66_11,0.148514986038208
FRAG_NEG_trNEGATIVE47801_51_11,0.12871301174163818
FRAG_NEG_trNEGATIVE40761_36_11,0.08910906314849854
FRAG_NEG_trNEGATIVE76772_21_11,0.06930708885192871
FRAG_NEG_trNEGATIVE52563_8_11,0.485148549079895
FRAG_NEG_trNEGATIVE82632_32_11,0.44554460048675537
FRAG_NEG_trNEGATIVE49023_59_11,0.27722787857055664
FRAG_NEG_trNEGATIVE36239_60_11,0.19801998138427734
FRAG_NEG_trNEGATIVE62285_7_11,0.237623929977417
FRAG_NEG_trNEGATIVE67073_50_11,0.24752485752105713
FRAG_NEG_trNEGATIVE30707_22_11,0.17821800708770752
FRAG_NEG_trNEGATIVE86415_8_11,0.13861393928527832
FRAG_NEG_trNEGATIVE54614_32_11,0.5049505233764648
FRAG_NEG_trNEGATIVE58718_11_11,0.24752485752105713
FRAG_NEG_trNEGATIVE90141_39_11,0.5346534848213196
FRAG_NEG_trNEGATIVE53275_26_11,0.12871301174163818
FRAG_NEG_trNEGATIVE96832_1_11,0.04950511455535889
FRAG_NEG_trNEGATIVE56893_11_11,0.41584163904190063
FRAG_NEG_trNEGATIVE38107_58_11,0.148514986038208
FRAG_NEG_trNEGATIVE73412_40_11,0.29702985286712646
FRAG_NEG_trNEGATIVE84608_1_11,0.23762381076812744
FRAG_NEG_trNEGATIVE73683_16_11,0.34653472900390625
FRAG_NEG_trNEGATIVE39101_66_11,0.06930708885192871
FRAG_NEG_trNEGATIVE79101_25_11,0.2277228832244873
FRAG_NEG_trNEGATIVE52313_7_11,0.16831696033477783
FRAG_NEG_trNEGATIVE86416_28_11,0.12871301174163818
FRAG_NEG_trNEGATIVE35895_28_11,0.4752476215362549
FRAG_NEG_trNEGATIVE63626_14_11,0.27722787857055664
FRAG_NEG_trNEGATIVE81467_39_11,0.1980198621749878
FRAG_NEG_trNEGATIVE50788_28_11,0.4554455876350403
FRAG_NEG_trNEGATIVE69794_63_11,0.13861393928527832
FRAG_NEG_trNEGATIVE28177_34_12,0.06930708885192871
FRAG_NEG_trNEGATIVE67399_50_12,0.3267327547073364
FRAG_NEG_trNEGATIVE44113_36_12,0.18811893463134766
FRAG_NEG_trNEGATIVE76571_12_12,0.12871301174163818
FRAG_NEG_trNEGATIVE75479_9_12,0.4752475619316101
FRAG_NEG_trNEGATIVE40127_7_12,0.2970297336578369
FRAG_NEG_trNEGATIVE44042_61_12,0.16831696033477783
FRAG_NEG_trNEGATIVE53608_27_12,0.1980198621749878
FRAG_NEG_trNEGATIVE53375_36_12,0.16831696033477783
FRAG_NEG_trNEGATIVE38736_2_12,0.15841591358184814
FRAG_NEG_trNEGATIVE41067_6_12,0.2574259042739868
FRAG_NEG_trNEGATIVE55393_26_12,0.10891103744506836
FRAG_NEG_trNEGATIVE52176_43_12,0.06930708885192871
FRAG_NEG_trNEGATIVE94230_8_12,0.10891103744506836
FRAG_NEG_trNEGATIVE57420_6_12,0.33663374185562134
FRAG_NEG_trNEGATIVE40563_5_12,0.2574259042739868
FRAG_NEG_trNEGATIVE64441_29_12,0.09901010990142822
FRAG_NEG_trNEGATIVE32110_75_12,0.2871288061141968
FRAG_NEG_trNEGATIVE80119_30_12,0.4752475619316101
FRAG_NEG_trNEGATIVE61815_36_12,0.21782183647155762
FRAG_NEG_trNEGATIVE54249_40_12,0.17821788787841797
FRAG_NEG_trNEGATIVE85930_56_12,0.3069307804107666
FRAG_NEG_trNEGATIVE75423_14_12,0.376237690448761
FRAG_NEG_trNEGATIVE90229_3_12,0.21782195568084717
FRAG_NEG_trNEGATIVE92004_33_12,0.5445544719696045
FRAG_NEG_trNEGATIVE48694_60_12,0.34653472900390625
FRAG_NEG_trNEGATIVE36945_17_12,0.1188119649887085
FRAG_NEG_trNEGATIVE63110_44_12,0.376237690448761
FRAG_NEG_trNEGATIVE69854_67_12,0.24752485752105713
FRAG_NEG_trNEGATIVE46248_29_12,0.04950511455535889
FRAG_NEG_trNEGATIVE56452_12_12,0.16831696033477783
FRAG_NEG_trNEGATIVE90189_23_12,0.16831696033477783
FRAG_NEG_trNEGATIVE96926_42_12,0.27722787857055664
FRAG_NEG_trNEGATIVE94016_12_12,0.34653472900390625
FRAG_NEG_trNEGATIVE36525_23_12,0.07920801639556885
FRAG_NEG_trNEGATIVE84888_52_12,0.20792090892791748
FRAG_NEG_trNEGATIVE96278_66_12,0.26732683181762695
FRAG_NEG_trNEGATIVE52366_20_12,0.41584163904190063
FRAG_NEG_trNEGATIVE32519_54_12,0.0792081356048584
FRAG_NEG_trNEGATIVE92449_16_12,0.4059406518936157
FRAG_NEG_trNEGATIVE93828_66_12,0.2871288061141968
FRAG_NEG_trNEGATIVE34565_51_12,0.13861393928527832
FRAG_NEG_trNEGATIVE70464_54_12,0.04950511455535889
FRAG_NEG_trNEGATIVE83485_3_12,0.26732683181762695
FRAG_NEG_trNEGATIVE87650_48_12,0.04950511455535889
FRAG_NEG_trNEGATIVE68028_22_12,0.18811893463134766
FRAG_NEG_trNEGATIVE91438_54_12,0.35643577575683594
FRAG_NEG_trNEGATIVE54602_33_12,0.18811893463134766
FRAG_NEG_trNEGATIVE56576_10_12,0.09901010990142822
FRAG_NEG_trNEGATIVE34916_68_12,0.019802212715148926
FRAG_NEG_trNEGATIVE85841_44_12,0.5643564462661743
FRAG_NEG_trNEGATIVE39691_75_12,0.16831696033477783
FRAG_NEG_trNEGATIVE27683_21_12,0.009901165962219238
FRAG_NEG_trNEGATIVE32518_41_12,0.04950511455535889
FRAG_NEG_trNEGATIVE86305_42_12,0.24752485752105713
FRAG_NEG_trNEGATIVE41420_61_12,0.06930708885192871
FRAG_NEG_trNEGATIVE44734_27_12,0.17821788787841797
FRAG_NEG_trNEGATIVE70956_65_12,0.237623929977417
FRAG_NEG_trNEGATIVE92555_53_12,0.05940604209899902
FRAG_NEG_trNEGATIVE47781_26_12,0.3960396647453308
FRAG_NEG_trNEGATIVE83994_13_12,0.029703140258789062
FRAG_NEG_trNEGATIVE50559_42_12,0.3168317675590515
FRAG_NEG_trNEGATIVE41171_19_12,0.11881208419799805
FRAG_NEG_trNEGATIVE60765_24_12,0.41584163904190063
FRAG_NEG_trNEGATIVE88196_36_12,0.3514852523803711
FRAG_NEG_trNEGATIVE75864_38_12,0.16831696033477783
FRAG_NEG_trNEGATIVE31371_36_12,0.13861405849456787
FRAG_NEG_trNEGATIVE43021_8_12,0.019802093505859375
FRAG_NEG_trNEGATIVE82781_9_12,0.06930708885192871
FRAG_NEG_trNEGATIVE30133_19_12,0.23762381076812744
FRAG_NEG_trNEGATIVE90914_13_12,0.18811893463134766
FRAG_NEG_trNEGATIVE84467_28_12,0.08910906314849854
FRAG_NEG_trNEGATIVE30647_23_12,0.26732683181762695
FRAG_NEG_trNEGATIVE40170_7_12,0.4059406518936157
FRAG_NEG_trNEGATIVE95781_43_12,0.12871301174163818
FRAG_NEG_trNEGATIVE44316_41_12,0.3267327547073364
FRAG_NEG_trNEGATIVE61202_31_12,0.13861405849456787
FRAG_NEG_trNEGATIVE31525_41_12,0.21782195568084717
FRAG_NEG_trNEGATIVE70446_49_12,0.09900999069213867
FRAG_NEG_trNEGATIVE39219_18_12,0.2277228832244873
FRAG_NEG_trNEGATIVE36815_7_12,0.15841591358184814
FRAG_NEG_trNEGATIVE79514_41_12,0.06930708885192871
FRAG_NEG_trNEGATIVE96443_1_12,0.148514986038208
FRAG_NEG_trNEGATIVE86750_8_12,0.21782195568084717
FRAG_NEG_trNEGATIVE63306_25_12,0.10891103744506836
FRAG_NEG_trNEGATIVE97027_58_12,0.10891103744506836
FRAG_NEG_trNEGATIVE81516_24_12,0.2574259042739868
FRAG_NEG_trNEGATIVE55178_12_12,0.27722787857055664
FRAG_NEG_trNEGATIVE28801_5_12,0.148514986038208
FRAG_NEG_trNEGATIVE41308_31_12,0.13861393928527832
FRAG_NEG_trNEGATIVE70576_21_12,0.31683170795440674
FRAG_NEG_trNEGATIVE73932_33_12,0.2772277593612671
FRAG_NEG_trNEGATIVE30895_34_12,0.3663367033004761
FRAG_NEG_trNEGATIVE82837_1_12,0.06930708885192871
FRAG_NEG_trNEGATIVE37954_58_12,0.09901010990142822
FRAG_NEG_trNEGATIVE63561_56_12,0.10891103744506836
FRAG_NEG_trNEGATIVE95146_11_12,0.2277228832244873
FRAG_NEG_trNEGATIVE68879_3_12,0.376237690448761
FRAG_NEG_trNEGATIVE63605_20_12,0.18811893463134766
FRAG_NEG_trNEGATIVE82899_36_12,0.3960396647453308
FRAG_NEG_trNEGATIVE76453_39_12,0.0792081356048584
FRAG_NEG_trNEGATIVE40957_35_12,0.2574259042739868
FRAG_NEG_trNEGATIVE35045_46_12,0.21782183647155762
FRAG_NEG_trNEGATIVE31684_17_12,0.148514986038208
FRAG_NEG_trNEGATIVE45179_0_12,0.2277228832244873
FRAG_NEG_trNEGATIVE55956_1_12,0.10891103744506836
FRAG_NEG_trNEGATIVE45552_59_12,0.20792090892791748
FRAG_NEG_trNEGATIVE62029_0_12,0.09901010990142822
FRAG_NEG_trNEGATIVE74499_3_12,0.3960396647453308
FRAG_NEG_trNEGATIVE48130_62_12,0.06930708885192871
FRAG_NEG_trNEGATIVE35901_51_12,0.148514986038208
FRAG_NEG_trNEGATIVE74610_26_12,0.1188119649887085
FRAG_NEG_trNEGATIVE61294_13_12,0.08910906314849854
FRAG_NEG_trNEGATIVE65552_26_12,0.07920801639556885
FRAG_NEG_trNEGATIVE27634_2_12,0.12871301174163818
FRAG_NEG_trNEGATIVE76437_5_12,0.5940594673156738
FRAG_NEG_trNEGATIVE30481_39_12,0.16831696033477783
FRAG_NEG_trNEGATIVE90224_19_12,0.05940604209899902
FRAG_NEG_trNEGATIVE60255_38_12,0.13861405849456787
FRAG_NEG_trNEGATIVE60580_0_12,0.09901010990142822
FRAG_NEG_trNEGATIVE81986_55_12,0.09900999069213867
FRAG_NEG_trNEGATIVE33313_25_12,0.059406161308288574
FRAG_NEG_trNEGATIVE33192_12_12,0.4653465747833252
FRAG_NEG_trNEGATIVE52961_59_12,0.10891103744506836
FRAG_NEG_trNEGATIVE89322_36_12,0.27722787857055664
FRAG_NEG_trNEGATIVE62352_27_12,0.27722787857055664
FRAG_NEG_trNEGATIVE83802_44_12,0.148514986038208
FRAG_NEG_trNEGATIVE90331_2_12,0.3663367033004761
FRAG_NEG_trNEGATIVE54980_6_12,0.4752475619316101
FRAG_NEG_trNEGATIVE28254_41_12,0.04950511455535889
FRAG_NEG_trNEGATIVE31256_1_12,0.15841591358184814
FRAG_NEG_trNEGATIVE94732_47_12,0.603960394859314
FRAG_NEG_trNEGATIVE67486_0_12,0.41584163904190063
FRAG_NEG_trNEGATIVE37677_41_12,0.2574259042739868
FRAG_NEG_trNEGATIVE93625_25_12,0.21782183647155762
FRAG_NEG_trNEGATIVE70892_32_12,0.3267327547073364
FRAG_NEG_trNEGATIVE68134_25_12,0.1584160327911377
FRAG_NEG_trNEGATIVE29766_41_12,0.24752485752105713
FRAG_NEG_trNEGATIVE66626_14_12,0.237623929977417
FRAG_NEG_trNEGATIVE39865_3_12,0.5346534848213196
FRAG_NEG_trNEGATIVE83403_78_12,0.3069307804107666
FRAG_NEG_trNEGATIVE38111_14_12,0.09901010990142822
FRAG_NEG_trNEGATIVE67263_4_12,0.24752485752105713
FRAG_NEG_trNEGATIVE79021_50_12,0.03960418701171875
FRAG_NEG_trNEGATIVE47409_35_12,0.5346534848213196
FRAG_NEG_trNEGATIVE38968_0_12,0.3168318271636963
FRAG_NEG_trNEGATIVE38265_6_12,0.21782183647155762
FRAG_NEG_trNEGATIVE66632_79_12,0.0792081356048584
FRAG_NEG_trNEGATIVE72933_35_12,0.237623929977417
FRAG_NEG_trNEGATIVE94421_72_12,0.237623929977417
FRAG_NEG_trNEGATIVE50601_31_12,0.06930708885192871
FRAG_NEG_trNEGATIVE49120_44_12,0.10891103744506836
FRAG_NEG_trNEGATIVE46370_30_12,0.12871301174163818
FRAG_NEG_trNEGATIVE34016_3_12,0.10891103744506836
FRAG_NEG_trNEGATIVE70270_82_12,0.07920801639556885
FRAG_NEG_trNEGATIVE47404_58_12,0.009901165962219238
FRAG_NEG_trNEGATIVE96663_29_12,0.13861393928527832
FRAG_NEG_trNEGATIVE58881_26_12,0.3168317675590515
FRAG_NEG_trNEGATIVE80483_72_12,0.35643571615219116
FRAG_NEG_trNEGATIVE66429_0_12,0.237623929977417
FRAG_NEG_trNEGATIVE87619_56_12,0.20792090892791748
FRAG_NEG_trNEGATIVE43717_24_12,0.3267327547073364
FRAG_NEG_trNEGATIVE34235_0_12,0.2871288061141968
FRAG_NEG_trNEGATIVE60716_36_12,0.44554460048675537
FRAG_NEG_trNEGATIVE44373_22_12,0.485148549079895
FRAG_NEG_trNEGATIVE82631_6_12,0.1584160327911377
FRAG_NEG_trNEGATIVE92820_58_12,0.2277228832244873
FRAG_NEG_trNEGATIVE39074_69_12,0.3069307804107666
FRAG_NEG_trNEGATIVE37267_12_12,0.13861393928527832
FRAG_NEG_trNEGATIVE87777_41_12,0.1980198621749878
FRAG_NEG_trNEGATIVE30479_37_12,0.34653472900390625
FRAG_NEG_trNEGATIVE48545_25_12,0.2277228832244873
FRAG_NEG_trNEGATIVE89249_30_12,0.43564361333847046
FRAG_NEG_trNEGATIVE83853_57_12,0.0396040678024292
FRAG_NEG_trNEGATIVE62045_10_12,0.148514986038208
FRAG_NEG_trNEGATIVE67046_43_12,0.04950511455535889
FRAG_NEG_trNEGATIVE35578_30_12,0.24752485752105713
FRAG_NEG_trNEGATIVE34625_31_12,0.41584163904190063
FRAG_NEG_trNEGATIVE39614_2_12,0.21782195568084717
FRAG_NEG_trNEGATIVE46189_20_12,0.059406161308288574
FRAG_NEG_trNEGATIVE58881_18_12,0.35643577575683594
FRAG_NEG_trNEGATIVE43403_5_12,0.2871288061141968
FRAG_NEG_trNEGATIVE30284_59_12,0.485148549079895
FRAG_NEG_trNEGATIVE80455_21_12,0.4554455876350403
FRAG_NEG_trNEGATIVE79195_11_12,0.23762381076812744
FRAG_NEG_trNEGATIVE40163_57_12,0.42574262619018555
FRAG_NEG_trNEGATIVE96555_25_12,0.2277228832244873
FRAG_NEG_trNEGATIVE92966_30_12,0.27722787857055664
FRAG_NEG_trNEGATIVE97487_8_12,0.42574262619018555
FRAG_NEG_trNEGATIVE54744_59_12,0.17821800708770752
FRAG_NEG_trNEGATIVE69410_10_12,0.4653465747833252
FRAG_NEG_trNEGATIVE62371_21_12,0.029703140258789062
FRAG_NEG_trNEGATIVE86575_66_12,0.31683170795440674
FRAG_NEG_trNEGATIVE63918_19_12,0.059406161308288574
FRAG_NEG_trNEGATIVE73494_23_12,0.19801998138427734
FRAG_NEG_trNEGATIVE42856_60_12,0.19801998138427734
FRAG_NEG_trNEGATIVE56510_35_12,0.3960396647453308
FRAG_NEG_trNEGATIVE63583_21_12,0.19801998138427734
FRAG_NEG_trNEGATIVE62719_11_12,0.0396040678024292
FRAG_NEG_trNEGATIVE84581_2_12,0.3960396647453308
FRAG_NEG_trNEGATIVE81661_71_12,0.4059406518936157
FRAG_NEG_trNEGATIVE33522_62_12,0.0396040678024292
FRAG_NEG_trNEGATIVE91058_25_12,0.3267327547073364
FRAG_NEG_trNEGATIVE84549_41_12,0.43564367294311523
FRAG_NEG_trNEGATIVE87777_29_12,0.029703140258789062
FRAG_NEG_trNEGATIVE81380_7_12,0.29702985286712646
FRAG_NEG_trNEGATIVE49226_62_12,0.0792081356048584
FRAG_NEG_trNEGATIVE74447_5_12,0.4059406518936157
FRAG_NEG_trNEGATIVE41442_42_12,0.1584160327911377
FRAG_NEG_trNEGATIVE70706_74_12,0.17821800708770752
FRAG_NEG_trNEGATIVE32518_16_12,0.04950511455535889
FRAG_NEG_trNEGATIVE70709_70_12,0.237623929977417
FRAG_NEG_trNEGATIVE32828_7_12,0.19801998138427734
FRAG_NEG_trNEGATIVE96597_47_12,0.1188119649887085
FRAG_NEG_trNEGATIVE67582_33_12,0.10891103744506836
FRAG_NEG_trNEGATIVE53093_43_12,0.13861393928527832
FRAG_NEG_trNEGATIVE82150_39_12,0.12871301174163818
FRAG_NEG_trNEGATIVE75676_68_12,0.24752485752105713
FRAG_NEG_trNEGATIVE35110_57_12,0.03960418701171875
FRAG_NEG_trNEGATIVE42312_1_12,0.11881208419799805
FRAG_NEG_trNEGATIVE87243_16_12,0.07920801639556885
FRAG_NEG_trNEGATIVE91030_30_12,0.09900999069213867
FRAG_NEG_trNEGATIVE65317_41_12,0.4554455876350403
FRAG_NEG_trNEGATIVE43968_25_12,0.41584163904190063
FRAG_NEG_trNEGATIVE69854_47_12,0.20792090892791748
FRAG_NEG_trNEGATIVE71052_43_12,0.05940604209899902
FRAG_NEG_trNEGATIVE70594_57_12,0.10891103744506836
FRAG_NEG_trNEGATIVE41646_10_12,0.26732683181762695
FRAG_NEG_trNEGATIVE81349_10_12,0.2871288061141968
FRAG_NEG_trNEGATIVE35958_40_12,0.5445544719696045
FRAG_NEG_trNEGATIVE79435_8_12,0.13861405849456787
FRAG_NEG_trNEGATIVE97099_9_12,0.10891103744506836
FRAG_NEG_trNEGATIVE90517_52_12,0.237623929977417
FRAG_NEG_trNEGATIVE70937_3_12,0.12871301174163818
FRAG_NEG_trNEGATIVE51996_36_12,0.12871301174163818
FRAG_NEG_trNEGATIVE60962_54_12,0.11881208419799805
FRAG_NEG_trNEGATIVE59745_3_12,0.5148515105247498
FRAG_NEG_trNEGATIVE37877_42_12,0.20792090892791748
FRAG_NEG_trNEGATIVE91046_3_12,0.0396040678024292
FRAG_NEG_trNEGATIVE70735_39_12,0.10891103744506836
FRAG_NEG_trNEGATIVE75878_12_12,0.23762381076812744
FRAG_NEG_trNEGATIVE59543_30_12,0.24752485752105713
FRAG_NEG_trNEGATIVE45985_10_12,0.0396040678024292
FRAG_NEG_trNEGATIVE52473_51_12,0.0792081356048584
FRAG_NEG_trNEGATIVE56280_17_12,0.1188119649887085
FRAG_NEG_trNEGATIVE45542_44_12,0.029703140258789062
FRAG_NEG_trNEGATIVE28142_13_12,0.42574262619018555
FRAG_NEG_trNEGATIVE28324_53_12,0.16831696033477783
FRAG_NEG_trNEGATIVE43660_28_12,0.04950511455535889
FRAG_NEG_trNEGATIVE32302_14_12,0.12871301174163818
FRAG_NEG_trNEGATIVE75165_36_12,0.2871288061141968
FRAG_NEG_trNEGATIVE67393_21_12,0.3168318271636963
FRAG_NEG_trNEGATIVE35741_52_12,0.3069307804107666
FRAG_NEG_trNEGATIVE95580_62_12,0.12871301174163818
FRAG_NEG_trNEGATIVE41329_52_12,0.485148549079895
FRAG_NEG_trNEGATIVE48130_50_12,0.3300330638885498
FRAG_NEG_trNEGATIVE35456_52_12,0.13861405849456787
FRAG_NEG_trNEGATIVE93258_52_12,0.24752485752105713
FRAG_NEG_trNEGATIVE54843_65_12,0.04950511455535889
FRAG_NEG_trNEGATIVE79299_60_12,0.29702985286712646
FRAG_NEG_trNEGATIVE36843_1_12,0.10891103744506836
FRAG_NEG_trNEGATIVE74541_59_12,0.18811893463134766
FRAG_NEG_trNEGATIVE51263_58_12,0.06930708885192871
FRAG_NEG_trNEGATIVE70258_36_12,0.15841591358184814
FRAG_NEG_trNEGATIVE34592_75_12,0.06930708885192871
FRAG_NEG_trNEGATIVE55883_12_12,0.5940594673156738
FRAG_NEG_trNEGATIVE55240_30_12,0.3069307804107666
FRAG_NEG_trNEGATIVE85376_52_12,0.237623929977417
FRAG_NEG_trNEGATIVE39002_8_12,0.08910906314849854
FRAG_NEG_trNEGATIVE89986_48_12,0.7227722406387329
FRAG_NEG_trNEGATIVE84600_58_12,0.29702985286712646
FRAG_NEG_trNEGATIVE71259_28_12,0.42574262619018555
FRAG_NEG_trNEGATIVE35567_19_12,0.5643564462661743
FRAG_NEG_trNEGATIVE83091_29_12,0.0792081356048584
FRAG_NEG_trNEGATIVE84614_73_12,0.06930708885192871
FRAG_NEG_trNEGATIVE59142_48_12,0.06930708885192871
FRAG_NEG_trNEGATIVE46856_19_12,0.009901165962219238
FRAG_NEG_trNEGATIVE82879_68_12,0.08910906314849854
FRAG_NEG_trNEGATIVE63680_8_12,0.3861386775970459
FRAG_NEG_trNEGATIVE33201_40_12,0.10891103744506836
FRAG_NEG_trNEGATIVE61190_37_12,0.21782183647155762
FRAG_NEG_trNEGATIVE31056_43_12,0.26732683181762695
FRAG_NEG_trNEGATIVE39078_13_12,0.24752485752105713
FRAG_NEG_trNEGATIVE37865_17_12,0.08910906314849854
FRAG_NEG_trNEGATIVE47137_0_12,0.10891103744506836
FRAG_NEG_trNEGATIVE52704_1_12,0.3168317675590515
FRAG_NEG_trNEGATIVE31363_34_12,0.35643571615219116
FRAG_NEG_trNEGATIVE51423_53_12,0.12871301174163818
FRAG_NEG_trNEGATIVE33079_1_12,0.13861405849456787
FRAG_NEG_trNEGATIVE44373_56_12,0.3069307804107666
FRAG_NEG_trNEGATIVE31708_34_12,0.3069307804107666
FRAG_NEG_trNEGATIVE69522_26_12,0.029703140258789062
FRAG_NEG_trNEGATIVE96599_47_12,0.2574259042739868
FRAG_NEG_trNEGATIVE92908_18_12,0.09901010990142822
FRAG_NEG_trNEGATIVE41688_34_12,0.2277228832244873
FRAG_NEG_trNEGATIVE74403_49_12,0.10891103744506836
FRAG_NEG_trNEGATIVE40770_23_12,0.3861386775970459
FRAG_NEG_trNEGATIVE49010_74_12,0.009901165962219238
FRAG_NEG_trNEGATIVE84260_24_12,0.05940604209899902
FRAG_NEG_trNEGATIVE35069_34_12,0.009901165962219238
FRAG_NEG_trNEGATIVE67937_48_12,0.08910906314849854
FRAG_NEG_trNEGATIVE36275_66_12,0.3069307804107666
FRAG_NEG_trNEGATIVE56313_32_12,0.49504953622817993
FRAG_NEG_trNEGATIVE28299_40_12,0.6831682920455933
FRAG_NEG_trNEGATIVE31578_34_12,0.13861393928527832
FRAG_NEG_trNEGATIVE39535_45_12,0.12871301174163818
FRAG_NEG_trNEGATIVE93974_1_12,0.148514986038208
FRAG_NEG_trNEGATIVE81431_37_12,0.06930708885192871
FRAG_NEG_trNEGATIVE30906_46_12,0.4752475619316101
FRAG_NEG_trNEGATIVE91199_53_12,0.12871301174163818
FRAG_NEG_trNEGATIVE37240_80_12,0.5742574334144592
FRAG_NEG_trNEGATIVE45874_12_12,0.08910906314849854
FRAG_NEG_trNEGATIVE58127_36_12,0.16831696033477783
FRAG_NEG_trNEGATIVE90165_46_12,0.05940604209899902
FRAG_NEG_trNEGATIVE53226_70_12,0.36633676290512085
FRAG_NEG_trNEGATIVE41033_21_12,0.29702985286712646
FRAG_NEG_trNEGATIVE84969_23_12,0.18811893463134766
FRAG_NEG_trNEGATIVE49134_48_12,0.29702985286712646
FRAG_NEG_trNEGATIVE86993_23_12,0.3069307804107666
FRAG_NEG_trNEGATIVE68825_56_12,0.0792081356048584
FRAG_NEG_trNEGATIVE97196_40_12,0.1980198621749878
FRAG_NEG_trNEGATIVE38333_27_12,0.2277228832244873
FRAG_NEG_trNEGATIVE30453_40_12,0.3960396647453308
FRAG_NEG_trNEGATIVE28784_5_12,0.16831696033477783
FRAG_NEG_trNEGATIVE71204_44_12,0.16831696033477783
FRAG_NEG_trNEGATIVE89028_30_12,0.08910906314849854
FRAG_NEG_trNEGATIVE68695_62_12,0.26732683181762695
FRAG_NEG_trNEGATIVE67353_38_12,0.31683170795440674
FRAG_NEG_trNEGATIVE55344_2_12,0.2277228832244873
FRAG_NEG_trNEGATIVE76022_11_12,0.13861393928527832
FRAG_NEG_trNEGATIVE30297_10_12,0.26732683181762695
FRAG_NEG_trNEGATIVE48964_26_12,0.2772277593612671
FRAG_NEG_trNEGATIVE86194_6_12,0.13861405849456787
FRAG_NEG_trNEGATIVE95262_32_12,0.20792090892791748
FRAG_NEG_trNEGATIVE48733_39_12,0.26732683181762695
FRAG_NEG_trNEGATIVE96551_30_12,0.4059406518936157
FRAG_NEG_trNEGATIVE77802_75_12,0.12871301174163818
FRAG_NEG_trNEGATIVE58788_18_12,0.04950511455535889
FRAG_NEG_trNEGATIVE35001_59_12,0.20792090892791748
FRAG_NEG_trNEGATIVE88184_57_12,0.42574262619018555
FRAG_NEG_trNEGATIVE92379_52_12,0.17821788787841797
FRAG_NEG_trNEGATIVE93021_18_12,0.10891103744506836
FRAG_NEG_trNEGATIVE78105_64_12,0.09901010990142822
FRAG_NEG_trNEGATIVE49883_36_12,0.19801998138427734
FRAG_NEG_trNEGATIVE70991_85_12,0.2871288061141968
FRAG_NEG_trNEGATIVE39622_39_12,0.27722787857055664
FRAG_NEG_trNEGATIVE86053_17_12,0.0792081356048584
FRAG_NEG_trNEGATIVE91895_67_12,0.26732683181762695
FRAG_NEG_trNEGATIVE74391_36_12,0.237623929977417
FRAG_NEG_trNEGATIVE94613_38_12,0.574257493019104
FRAG_NEG_trNEGATIVE51468_37_12,0.16831696033477783
FRAG_NEG_trNEGATIVE82036_47_12,0.06930708885192871
FRAG_NEG_trNEGATIVE72240_83_12,0.237623929977417
FRAG_NEG_trNEGATIVE74328_24_12,0.1584160327911377
FRAG_NEG_trNEGATIVE68123_43_12,0.06930708885192871
FRAG_NEG_trNEGATIVE77005_11_12,0.10891103744506836
FRAG_NEG_trNEGATIVE69042_24_12,0.43564361333847046
FRAG_NEG_trNEGATIVE41457_36_12,0.06930708885192871
FRAG_NEG_trNEGATIVE90002_79_12,0.21782195568084717
FRAG_NEG_trNEGATIVE75785_2_12,0.09901010990142822
FRAG_NEG_trNEGATIVE76602_65_12,0.23762381076812744
FRAG_NEG_trNEGATIVE53410_47_12,0.19801998138427734
FRAG_NEG_trNEGATIVE34154_26_12,0.148514986038208
FRAG_NEG_trNEGATIVE41209_16_12,0.6435644030570984
FRAG_NEG_trNEGATIVE64367_1_12,0.2277228832244873
FRAG_NEG_trNEGATIVE88628_60_12,0.3267327547073364
FRAG_NEG_trNEGATIVE43266_18_12,0.1980198621749878
FRAG_NEG_trNEGATIVE37469_17_12,0.148514986038208
FRAG_NEG_trNEGATIVE42231_42_12,0.16831696033477783
FRAG_NEG_trNEGATIVE64959_23_12,0.22277235984802246
FRAG_NEG_trNEGATIVE77606_15_12,0.3267327547073364
FRAG_NEG_trNEGATIVE46134_48_12,0.1188119649887085
FRAG_NEG_trNEGATIVE85245_10_12,0.10891103744506836
FRAG_NEG_trNEGATIVE78677_64_12,0.43564361333847046
FRAG_NEG_trNEGATIVE71121_40_12,0.08910906314849854
FRAG_NEG_trNEGATIVE61477_29_12,0.2772277593612671
FRAG_NEG_trNEGATIVE40710_7_12,0.09901010990142822
FRAG_NEG_trNEGATIVE54268_44_12,0.2772277593612671
FRAG_NEG_trNEGATIVE60566_24_12,0.05940604209899902
FRAG_NEG_trNEGATIVE47402_52_12,0.09901010990142822
FRAG_NEG_trNEGATIVE62701_41_12,0.04950511455535889
FRAG_NEG_trNEGATIVE51502_26_12,0.25742578506469727
FRAG_NEG_trNEGATIVE39127_41_12,0.09901010990142822
FRAG_NEG_trNEGATIVE44570_15_12,0.05940604209899902
FRAG_NEG_trNEGATIVE69941_16_12,0.009901165962219238
FRAG_NEG_trNEGATIVE74180_45_12,0.13861393928527832
FRAG_NEG_trNEGATIVE34943_82_12,0.0792081356048584
FRAG_NEG_trNEGATIVE30764_19_12,0.16831696033477783
FRAG_NEG_trNEGATIVE69489_37_12,0.09901010990142822
FRAG_NEG_trNEGATIVE79605_67_12,0.15841591358184814
FRAG_NEG_trNEGATIVE53751_31_12,0.24752485752105713
FRAG_NEG_trNEGATIVE77471_52_12,0.3861386775970459
FRAG_NEG_trNEGATIVE47677_21_12,0.49504953622817993
FRAG_NEG_trNEGATIVE38332_27_12,0.2277228832244873
FRAG_NEG_trNEGATIVE56625_46_12,0.20792090892791748
FRAG_NEG_trNEGATIVE58145_15_12,0.1188119649887085
FRAG_NEG_trNEGATIVE44810_34_12,0.10891103744506836
FRAG_NEG_trNEGATIVE74080_77_12,0.15841591358184814
FRAG_NEG_trNEGATIVE69702_29_12,0.2772277593612671
FRAG_NEG_trNEGATIVE51954_12_12,0.1584160327911377
FRAG_NEG_trNEGATIVE83944_61_12,0.34653472900390625
FRAG_NEG_trNEGATIVE92854_17_12,0.09900999069213867
FRAG_NEG_trNEGATIVE52449_29_12,0.3589109778404236
FRAG_NEG_trNEGATIVE83287_22_12,0.237623929977417
FRAG_NEG_trNEGATIVE62200_13_12,0.04950511455535889
FRAG_NEG_trNEGATIVE45571_48_12,0.19801998138427734
FRAG_NEG_trNEGATIVE75954_18_12,0.059406161308288574
FRAG_NEG_trNEGATIVE56970_42_12,0.08910906314849854
FRAG_NEG_trNEGATIVE96583_17_12,0.20792090892791748
FRAG_NEG_trNEGATIVE36310_48_12,0.1980198621749878
FRAG_NEG_trNEGATIVE29309_4_12,0.1584160327911377
FRAG_NEG_trNEGATIVE56717_15_12,0.1980198621749878
FRAG_NEG_trNEGATIVE67547_56_12,0.148514986038208
FRAG_NEG_trNEGATIVE96622_24_12,0.24752485752105713
FRAG_NEG_trNEGATIVE61350_14_12,0.237623929977417
FRAG_NEG_trNEGATIVE49543_8_12,0.029703140258789062
FRAG_NEG_trNEGATIVE59112_57_12,0.1188119649887085
FRAG_NEG_trNEGATIVE67374_8_12,0.5544555187225342
FRAG_NEG_trNEGATIVE29263_29_12,0.10891103744506836
FRAG_NEG_trNEGATIVE74813_82_12,0.04950511455535889
FRAG_NEG_trNEGATIVE77612_25_12,0.07920801639556885
FRAG_NEG_trNEGATIVE42479_10_12,0.4653465747833252
FRAG_NEG_trNEGATIVE69167_26_12,0.21782195568084717
FRAG_NEG_trNEGATIVE94953_41_12,0.20792090892791748
FRAG_NEG_trNEGATIVE53623_0_12,0.20792090892791748
FRAG_NEG_trNEGATIVE62769_24_12,0.04950511455535889
FRAG_NEG_trNEGATIVE69216_16_12,0.4653465747833252
FRAG_NEG_trNEGATIVE47034_42_12,0.20792090892791748
FRAG_NEG_trNEGATIVE31028_61_12,0.029703140258789062
FRAG_NEG_trNEGATIVE51984_7_12,0.17821788787841797
FRAG_NEG_trNEGATIVE32519_57_12,0.12871301174163818
FRAG_NEG_trNEGATIVE59109_39_12,0.3861386775970459
FRAG_NEG_trNEGATIVE33070_31_12,0.3267327547073364
FRAG_NEG_trNEGATIVE70588_32_12,0.009901165962219238
FRAG_NEG_trNEGATIVE88897_20_12,0.09900999069213867
FRAG_NEG_trNEGATIVE75696_22_12,0.2970297336578369
FRAG_NEG_trNEGATIVE33598_30_12,0.13861393928527832
FRAG_NEG_trNEGATIVE34943_15_12,0.13861405849456787
FRAG_NEG_trNEGATIVE38619_31_12,0.16831696033477783
FRAG_NEG_trNEGATIVE93569_6_12,0.059406161308288574
FRAG_NEG_trNEGATIVE70954_13_12,0.3960396647453308
FRAG_NEG_trNEGATIVE69195_2_12,0.3168318271636963
FRAG_NEG_trNEGATIVE60596_9_12,0.019802093505859375
FRAG_NEG_trNEGATIVE78004_54_12,0.20792090892791748
FRAG_NEG_trNEGATIVE91387_48_12,0.11881208419799805
FRAG_NEG_trNEGATIVE73951_6_12,0.5247524976730347
FRAG_NEG_trNEGATIVE88170_8_12,0.35643571615219116
FRAG_NEG_trNEGATIVE57999_30_12,0.33663368225097656
FRAG_NEG_trNEGATIVE81519_75_12,0.12871301174163818
FRAG_NEG_trNEGATIVE60084_43_12,0.05940604209899902
FRAG_NEG_trNEGATIVE74547_28_12,0.3861386775970459
FRAG_NEG_trNEGATIVE53434_25_12,0.29702985286712646
FRAG_NEG_trNEGATIVE90317_24_12,0.148514986038208
FRAG_NEG_trNEGATIVE34749_19_12,0.2772277593612671
FRAG_NEG_trNEGATIVE28408_27_12,0.35643571615219116
FRAG_NEG_trNEGATIVE35790_25_12,0.3267327547073364
FRAG_NEG_trNEGATIVE31337_34_12,0.3168318271636963
FRAG_NEG_trNEGATIVE40773_14_12,0.3267327547073364
FRAG_NEG_trNEGATIVE72638_29_12,0.12871301174163818
FRAG_NEG_trNEGATIVE77302_77_12,0.10891103744506836
FRAG_NEG_trNEGATIVE87018_73_12,0.31683170795440674
FRAG_NEG_trNEGATIVE47812_60_12,0.10891103744506836
FRAG_NEG_trNEGATIVE33079_28_12,0.148514986038208
FRAG_NEG_trNEGATIVE51480_63_12,0.13861405849456787
FRAG_NEG_trNEGATIVE96531_35_12,0.05940604209899902
FRAG_NEG_trNEGATIVE89660_42_12,0.4059406518936157
FRAG_NEG_trNEGATIVE96486_45_12,0.3267327547073364
FRAG_NEG_trNEGATIVE90255_5_12,0.41584163904190063
FRAG_NEG_trNEGATIVE54615_55_12,0.059406161308288574
FRAG_NEG_trNEGATIVE54081_22_12,0.35643571615219116
FRAG_NEG_trNEGATIVE76115_10_12,0.2772277593612671
FRAG_NEG_trNEGATIVE27549_20_12,0.2277228832244873
FRAG_NEG_trNEGATIVE35110_22_12,0.3069307804107666
FRAG_NEG_trNEGATIVE64439_20_12,0.10891103744506836
FRAG_NEG_trNEGATIVE76710_37_12,0.029703140258789062
FRAG_NEG_trNEGATIVE80829_32_12,0.029703140258789062
FRAG_NEG_trNEGATIVE60316_61_12,0.2277228832244873
FRAG_NEG_trNEGATIVE86836_21_12,0.2871288061141968
FRAG_NEG_trNEGATIVE58127_20_12,0.2772277593612671
FRAG_NEG_trNEGATIVE61194_18_12,0.1980198621749878
FRAG_NEG_trNEGATIVE54754_26_12,0.35643571615219116
FRAG_NEG_trNEGATIVE49206_50_12,0.41584163904190063
FRAG_NEG_trNEGATIVE36139_38_12,0.25742578506469727
FRAG_NEG_trNEGATIVE61722_56_12,0.33663374185562134
FRAG_NEG_trNEGATIVE66779_54_12,0.16831696033477783
FRAG_NEG_trNEGATIVE85683_3_12,0.03960418701171875
FRAG_NEG_trNEGATIVE87432_30_12,0.4059406518936157
FRAG_NEG_trNEGATIVE31998_21_12,0.08910906314849854
FRAG_NEG_trNEGATIVE86408_33_12,0.03960418701171875
FRAG_NEG_trNEGATIVE86199_25_12,0.009901165962219238
FRAG_NEG_trNEGATIVE63556_72_12,0.34653472900390625
FRAG_NEG_trNEGATIVE65019_29_12,0.16831696033477783
FRAG_NEG_trNEGATIVE80751_2_12,0.35643571615219116
FRAG_NEG_trNEGATIVE94625_21_12,0.18811893463134766
FRAG_NEG_trNEGATIVE62885_23_12,0.10891103744506836
FRAG_NEG_trNEGATIVE33183_45_12,0.04950511455535889
FRAG_NEG_trNEGATIVE63744_62_12,0.13861393928527832
FRAG_NEG_trNEGATIVE87442_3_12,0.05940604209899902
FRAG_NEG_trNEGATIVE56523_44_12,0.05940604209899902
FRAG_NEG_trNEGATIVE48701_29_12,0.42574262619018555
FRAG_NEG_trNEGATIVE31537_46_12,0.603960394859314
FRAG_NEG_trNEGATIVE80668_32_12,0.3960396647453308
FRAG_NEG_trNEGATIVE35680_5_12,0.20792090892791748
FRAG_NEG_trNEGATIVE88082_12_12,0.06930708885192871
FRAG_NEG_trNEGATIVE61999_29_12,0.04950511455535889
FRAG_NEG_trNEGATIVE88812_12_12,0.6237623691558838
FRAG_NEG_trNEGATIVE93768_13_12,0.16831696033477783
FRAG_NEG_trNEGATIVE65270_7_12,0.059406161308288574
FRAG_NEG_trNEGATIVE50509_19_12,0.19801998138427734
FRAG_NEG_trNEGATIVE30883_58_12,0.31683170795440674
FRAG_NEG_trNEGATIVE52244_48_12,0.2574259042739868
FRAG_NEG_trNEGATIVE55923_16_12,0.31683170795440674
FRAG_NEG_trNEGATIVE53616_8_12,0.3069307804107666
FRAG_NEG_trNEGATIVE96663_17_12,0.24752485752105713
FRAG_NEG_trNEGATIVE41843_24_12,0.08910906314849854
FRAG_NEG_trNEGATIVE77511_79_12,0.148514986038208
FRAG_NEG_trNEGATIVE65487_15_12,0.16831696033477783
FRAG_NEG_trNEGATIVE40873_41_12,0.12871301174163818
FRAG_NEG_trNEGATIVE52893_24_12,0.1584160327911377
FRAG_NEG_trNEGATIVE56730_44_12,0.17821788787841797
FRAG_NEG_trNEGATIVE38866_36_12,0.2772277593612671
FRAG_NEG_trNEGATIVE47246_15_12,0.03960418701171875
FRAG_NEG_trNEGATIVE92780_14_12,0.05940604209899902
FRAG_NEG_trNEGATIVE78195_86_12,0.148514986038208
FRAG_NEG_trNEGATIVE51362_69_12,0.17821800708770752
FRAG_NEG_trNEGATIVE91439_36_12,0.08910906314849854
FRAG_NEG_trNEGATIVE65056_44_12,0.19801998138427734
FRAG_NEG_trNEGATIVE62989_43_12,0.3069307804107666
FRAG_NEG_trNEGATIVE96940_13_12,0.34653472900390625
FRAG_NEG_trNEGATIVE59396_54_12,0.25742578506469727
FRAG_NEG_trNEGATIVE54744_45_12,0.17821788787841797
FRAG_NEG_trNEGATIVE42617_60_12,0.6732673645019531
FRAG_NEG_trNEGATIVE95863_25_12,0.5247524976730347
FRAG_NEG_trNEGATIVE89847_31_12,0.04950511455535889
FRAG_NEG_trNEGATIVE76281_58_12,0.6534653902053833
FRAG_NEG_trNEGATIVE48124_23_12,0.3861386775970459
FRAG_NEG_trNEGATIVE88693_35_12,0.08910906314849854
FRAG_NEG_trNEGATIVE38389_28_12,0.21782195568084717
FRAG_NEG_trNEGATIVE87400_46_12,0.059406161308288574
FRAG_NEG_trNEGATIVE75271_3_12,0.08910906314849854
FRAG_NEG_trNEGATIVE50991_60_12,0.16831696033477783
FRAG_NEG_trNEGATIVE56019_0_12,0.08910906314849854
FRAG_NEG_trNEGATIVE29468_6_12,0.4059406518936157
FRAG_NEG_trNEGATIVE53986_28_12,0.18811893463134766
FRAG_NEG_trNEGATIVE85222_61_12,0.04950511455535889
FRAG_NEG_trNEGATIVE57181_26_12,0.059406161308288574
FRAG_NEG_trNEGATIVE79697_58_12,0.8217821717262268
FRAG_NEG_trNEGATIVE48575_37_12,0.148514986038208
FRAG_NEG_trNEGATIVE38220_9_12,0.03960418701171875
FRAG_NEG_trNEGATIVE78083_17_12,0.09901010990142822
FRAG_NEG_trNEGATIVE71513_11_12,0.3267327547073364
FRAG_NEG_trNEGATIVE63443_16_12,0.3663367033004761
FRAG_NEG_trNEGATIVE41515_6_12,0.34653472900390625
FRAG_NEG_trNEGATIVE95884_29_12,0.11881208419799805
FRAG_NEG_trNEGATIVE51339_67_12,0.26732683181762695
FRAG_NEG_trNEGATIVE82139_50_12,0.3168317675590515
FRAG_NEG_trNEGATIVE84954_73_12,0.06930708885192871
FRAG_NEG_trNEGATIVE69592_1_12,0.17821788787841797
FRAG_NEG_trNEGATIVE79378_43_12,0.04950511455535889
FRAG_NEG_trNEGATIVE79248_41_12,0.06930708885192871
FRAG_NEG_trNEGATIVE38910_33_12,0.3267327547073364
FRAG_NEG_trNEGATIVE78551_49_12,0.0396040678024292
FRAG_NEG_trNEGATIVE87107_54_12,0.029703140258789062
FRAG_NEG_trNEGATIVE93712_27_12,0.08910906314849854
FRAG_NEG_trNEGATIVE35870_1_12,0.49504953622817993
FRAG_NEG_trNEGATIVE84432_5_12,0.5544554591178894
FRAG_NEG_trNEGATIVE59833_50_12,0.0792081356048584
FRAG_NEG_trNEGATIVE66779_10_12,0.16831696033477783
FRAG_NEG_trNEGATIVE71139_37_12,0.148514986038208
FRAG_NEG_trNEGATIVE70858_12_12,0.0396040678024292
FRAG_NEG_trNEGATIVE46247_17_12,0.10891103744506836
FRAG_NEG_trNEGATIVE67992_27_12,0.06930708885192871
FRAG_NEG_trNEGATIVE58502_20_12,0.04950511455535889
FRAG_NEG_trNEGATIVE84608_41_12,0.4554455876350403
FRAG_NEG_trNEGATIVE82066_54_12,0.1584160327911377
FRAG_NEG_trNEGATIVE69170_42_12,0.24752485752105713
FRAG_NEG_trNEGATIVE78711_10_12,0.3069307804107666
FRAG_NEG_trNEGATIVE41832_35_12,0.43564361333847046
FRAG_NEG_trNEGATIVE52933_4_12,0.3861386775970459
FRAG_NEG_trNEGATIVE55110_10_12,0.2970297336578369
FRAG_NEG_trNEGATIVE77987_73_12,0.20792090892791748
FRAG_NEG_trNEGATIVE79481_21_12,0.2970297336578369
FRAG_NEG_trNEGATIVE41012_31_12,0.08910906314849854
FRAG_NEG_trNEGATIVE95644_45_12,0.3663367033004761
FRAG_NEG_trNEGATIVE67554_15_12,0.44554460048675537
FRAG_NEG_trNEGATIVE69996_17_12,0.33663374185562134
FRAG_NEG_trNEGATIVE96445_37_12,0.11881208419799805
FRAG_NEG_trNEGATIVE59149_44_12,0.5544555187225342
FRAG_NEG_trNEGATIVE29177_22_12,0.04950511455535889
FRAG_NEG_trNEGATIVE97196_42_12,0.3069307804107666
FRAG_NEG_trNEGATIVE58242_17_12,0.27722787857055664
FRAG_NEG_trNEGATIVE37553_4_12,0.1980198621749878
FRAG_NEG_trNEGATIVE79514_43_12,0.17821800708770752
FRAG_NEG_trNEGATIVE36803_30_12,0.13861393928527832
FRAG_NEG_trNEGATIVE32910_2_12,0.5148515105247498
FRAG_NEG_trNEGATIVE81483_55_12,0.03960418701171875
FRAG_NEG_trNEGATIVE81431_75_12,0.0792081356048584
FRAG_NEG_trNEGATIVE68929_2_12,0.0396040678024292
FRAG_NEG_trNEGATIVE31533_62_12,0.08910906314849854
FRAG_NEG_trNEGATIVE50208_82_12,0.13861393928527832
FRAG_NEG_trNEGATIVE39074_53_12,0.17821788787841797
FRAG_NEG_trNEGATIVE90060_27_12,0.41584163904190063
FRAG_NEG_trNEGATIVE71329_44_12,0.16831696033477783
FRAG_NEG_trNEGATIVE74603_11_12,0.0792081356048584
FRAG_NEG_trNEGATIVE91108_43_12,0.34653472900390625
FRAG_NEG_trNEGATIVE36596_48_12,0.25742578506469727
FRAG_NEG_trNEGATIVE46585_31_12,0.2970297336578369
FRAG_NEG_trNEGATIVE70884_1_12,0.49504953622817993
FRAG_NEG_trNEGATIVE96331_14_12,0.12871301174163818
FRAG_NEG_trNEGATIVE88812_23_12,0.29702985286712646
FRAG_NEG_trNEGATIVE94228_58_12,0.4554455876350403
FRAG_NEG_trNEGATIVE72487_24_12,0.42574262619018555
FRAG_NEG_trNEGATIVE38860_53_12,0.18811893463134766
FRAG_NEG_trNEGATIVE32228_49_12,0.29702985286712646
FRAG_NEG_trNEGATIVE32820_8_12,0.237623929977417
FRAG_NEG_trNEGATIVE66559_0_12,0.04950511455535889
FRAG_NEG_trNEGATIVE67287_7_12,0.21782183647155762
FRAG_NEG_trNEGATIVE86305_39_12,0.35643571615219116
FRAG_NEG_trNEGATIVE34681_44_12,0.3960396647453308
FRAG_NEG_trNEGATIVE37292_50_12,0.17821788787841797
FRAG_NEG_trNEGATIVE67115_49_12,0.06930708885192871
FRAG_NEG_trNEGATIVE58989_20_12,0.12871301174163818
FRAG_NEG_trNEGATIVE50338_9_12,0.148514986038208
FRAG_NEG_trNEGATIVE96047_46_12,0.4059406518936157
FRAG_NEG_trNEGATIVE56081_2_12,0.1188119649887085
FRAG_NEG_trNEGATIVE64718_43_12,0.06930708885192871
FRAG_NEG_trNEGATIVE78416_51_12,0.019802093505859375
FRAG_NEG_trNEGATIVE47020_17_12,0.1980198621749878
FRAG_NEG_trNEGATIVE29825_9_12,0.2277228832244873
FRAG_NEG_trNEGATIVE28429_36_12,0.44554460048675537
FRAG_NEG_trNEGATIVE92531_37_12,0.3069307804107666
FRAG_NEG_trNEGATIVE44821_5_12,0.25742578506469727
FRAG_NEG_trNEGATIVE28441_55_12,0.5346534848213196
FRAG_NEG_trNEGATIVE53093_60_12,0.33663374185562134
FRAG_NEG_trNEGATIVE92499_40_12,0.485148549079895
FRAG_NEG_trNEGATIVE41118_25_12,0.34653472900390625
FRAG_NEG_trNEGATIVE45811_30_12,0.029703140258789062
FRAG_NEG_trNEGATIVE46856_25_12,0.21782195568084717
FRAG_NEG_trNEGATIVE33719_18_12,0.08910906314849854
FRAG_NEG_trNEGATIVE70730_38_12,0.6336634159088135
FRAG_NEG_trNEGATIVE67953_75_12,0.16831696033477783
FRAG_NEG_trNEGATIVE82585_35_12,0.3069307804107666
FRAG_NEG_trNEGATIVE75699_19_12,0.3168317675590515
FRAG_NEG_trNEGATIVE58904_42_12,0.09900999069213867
FRAG_NEG_trNEGATIVE71119_37_12,0.13861393928527832
FRAG_NEG_trNEGATIVE47673_68_12,0.029703140258789062
FRAG_NEG_trNEGATIVE79000_61_12,0.16831696033477783
FRAG_NEG_trNEGATIVE44454_2_12,0.08910906314849854
FRAG_NEG_trNEGATIVE63055_19_12,0.2970297336578369
FRAG_NEG_trNEGATIVE37930_72_12,0.11881208419799805
FRAG_NEG_trNEGATIVE52018_2_12,0.3960396647453308
FRAG_NEG_trNEGATIVE66105_4_12,0.24752485752105713
FRAG_NEG_trNEGATIVE84969_73_12,0.237623929977417
FRAG_NEG_trNEGATIVE95531_65_12,0.12871301174163818
FRAG_NEG_trNEGATIVE96810_56_12,0.20792090892791748
FRAG_NEG_trNEGATIVE96820_21_12,0.15346550941467285
FRAG_NEG_trNEGATIVE44277_59_12,0.24752485752105713
FRAG_NEG_trNEGATIVE71425_73_12,0.15841591358184814
FRAG_NEG_trNEGATIVE52933_18_12,0.27722787857055664
FRAG_NEG_trNEGATIVE77063_16_12,0.12871301174163818
FRAG_NEG_trNEGATIVE72814_54_12,0.34653472900390625
FRAG_NEG_trNEGATIVE92296_2_12,0.17821788787841797
FRAG_NEG_trNEGATIVE62529_27_12,0.18811893463134766
FRAG_NEG_trNEGATIVE36342_42_12,0.2277228832244873
FRAG_NEG_trNEGATIVE87987_45_12,0.08910906314849854
FRAG_NEG_trNEGATIVE36843_54_12,0.06930708885192871
FRAG_NEG_trNEGATIVE62105_19_12,0.09901010990142822
FRAG_NEG_trNEGATIVE70722_18_12,0.25742578506469727
FRAG_NEG_trNEGATIVE87934_71_12,0.19801998138427734
FRAG_NEG_trNEGATIVE80620_23_12,0.24257433414459229
FRAG_NEG_trNEGATIVE63614_29_12,0.148514986038208
FRAG_NEG_trNEGATIVE95587_38_12,0.13861405849456787
FRAG_NEG_trNEGATIVE83505_56_12,0.0792081356048584
FRAG_NEG_trNEGATIVE60570_47_12,0.019802093505859375
FRAG_NEG_trNEGATIVE33003_27_12,0.2574259042739868
FRAG_NEG_trNEGATIVE50874_13_12,0.06930708885192871
FRAG_NEG_trNEGATIVE55569_10_12,0.16831696033477783
FRAG_NEG_trNEGATIVE94953_20_12,0.06930708885192871
FRAG_NEG_trNEGATIVE72375_48_12,0.06930708885192871
FRAG_NEG_trNEGATIVE44110_38_12,0.5247524976730347
FRAG_NEG_trNEGATIVE74362_12_12,0.2772277593612671
FRAG_NEG_trNEGATIVE73904_57_12,0.08910906314849854
FRAG_NEG_trNEGATIVE37824_25_12,0.06930708885192871
FRAG_NEG_trNEGATIVE87691_15_12,0.3861386775970459
FRAG_NEG_trNEGATIVE29886_21_12,0.16831696033477783
FRAG_NEG_trNEGATIVE77190_24_12,0.029703140258789062
FRAG_NEG_trNEGATIVE47671_19_12,0.3267327547073364
FRAG_NEG_trNEGATIVE36724_21_12,0.2574259042739868
FRAG_NEG_trNEGATIVE75990_49_12,0.10891103744506836
FRAG_NEG_trNEGATIVE67393_15_12,0.35643571615219116
FRAG_NEG_trNEGATIVE47673_67_12,0.059406161308288574
FRAG_NEG_trNEGATIVE32847_34_12,0.029703140258789062
FRAG_NEG_trNEGATIVE49686_57_12,0.3960396647453308
FRAG_NEG_trNEGATIVE28318_48_12,0.26732683181762695
FRAG_NEG_trNEGATIVE34637_52_12,0.33663374185562134
FRAG_NEG_trNEGATIVE79113_65_12,0.26732683181762695
FRAG_NEG_trNEGATIVE53056_15_12,0.3663367033004761
FRAG_NEG_trNEGATIVE79490_0_12,0.3168318271636963
FRAG_NEG_trNEGATIVE38547_54_12,0.0792081356048584
FRAG_NEG_trNEGATIVE62928_35_12,0.49504953622817993
FRAG_NEG_trNEGATIVE28558_42_12,0.19801998138427734
FRAG_NEG_trNEGATIVE96418_11_12,0.148514986038208
FRAG_NEG_trNEGATIVE55909_18_12,0.09901010990142822
FRAG_NEG_trNEGATIVE30878_31_12,0.18811893463134766
FRAG_NEG_trNEGATIVE74744_8_12,0.41584163904190063
FRAG_NEG_trNEGATIVE58246_17_12,0.18811893463134766
FRAG_NEG_trNEGATIVE52734_42_12,0.237623929977417
FRAG_NEG_trNEGATIVE72638_64_12,0.41584163904190063
FRAG_NEG_trNEGATIVE54909_32_12,0.16831696033477783
FRAG_NEG_trNEGATIVE87701_1_12,0.4579208493232727
FRAG_NEG_trNEGATIVE52961_45_12,0.26732683181762695
FRAG_NEG_trNEGATIVE77461_38_12,0.04950511455535889
FRAG_NEG_trNEGATIVE61567_6_12,0.44554460048675537
FRAG_NEG_trNEGATIVE34947_38_12,0.5247524976730347
FRAG_NEG_trNEGATIVE50509_20_12,0.23762381076812744
FRAG_NEG_trNEGATIVE45785_1_12,0.16831696033477783
FRAG_NEG_trNEGATIVE32833_66_12,0.3069307804107666
FRAG_NEG_trNEGATIVE88196_4_12,0.09901010990142822
FRAG_NEG_trNEGATIVE55414_55_12,0.08910906314849854
FRAG_NEG_trNEGATIVE65056_40_12,0.12871301174163818
FRAG_NEG_trNEGATIVE58350_20_12,0.12871301174163818
FRAG_NEG_trNEGATIVE62716_5_12,0.2871288061141968
FRAG_NEG_trNEGATIVE80205_4_12,0.24752485752105713
FRAG_NEG_trNEGATIVE35777_13_12,0.12871301174163818
FRAG_NEG_trNEGATIVE64760_34_12,0.1584160327911377
FRAG_NEG_trNEGATIVE32537_58_12,0.15841591358184814
FRAG_NEG_trNEGATIVE48652_39_12,0.603960394859314
FRAG_NEG_trNEGATIVE87644_23_12,0.04950511455535889
FRAG_NEG_trNEGATIVE31023_8_12,0.07920801639556885
FRAG_NEG_trNEGATIVE71950_38_12,0.6435643434524536
FRAG_NEG_trNEGATIVE39513_22_12,0.2772277593612671
FRAG_NEG_trNEGATIVE38646_25_12,0.20792090892791748
FRAG_NEG_trNEGATIVE48949_53_12,0.17821800708770752
FRAG_NEG_trNEGATIVE66389_24_12,0.3267327547073364
FRAG_NEG_trNEGATIVE50615_52_12,0.25742578506469727
FRAG_NEG_trNEGATIVE61405_60_12,0.04950511455535889
FRAG_NEG_trNEGATIVE59029_19_12,0.237623929977417
FRAG_NEG_trNEGATIVE62894_25_12,0.49504953622817993
FRAG_NEG_trNEGATIVE62843_13_12,0.33663368225097656
FRAG_NEG_trNEGATIVE68298_0_12,0.2772277593612671
FRAG_NEG_trNEGATIVE71121_34_12,0.27722787857055664
FRAG_NEG_trNEGATIVE34521_1_12,0.12871301174163818
FRAG_NEG_trNEGATIVE40981_28_12,0.3960396647453308
FRAG_NEG_trNEGATIVE52466_29_12,0.04950511455535889
FRAG_NEG_trNEGATIVE69068_19_12,0.1980198621749878
FRAG_NEG_trNEGATIVE70219_4_12,0.08910906314849854
FRAG_NEG_trNEGATIVE38111_55_12,0.17821800708770752
FRAG_NEG_trNEGATIVE96694_9_12,0.2970297336578369
FRAG_NEG_trNEGATIVE67822_51_12,0.0792081356048584
FRAG_NEG_trNEGATIVE56125_43_12,0.3663367033004761
FRAG_NEG_trNEGATIVE34897_43_12,0.3069307804107666
FRAG_NEG_trNEGATIVE41355_50_12,0.24752485752105713
FRAG_NEG_trNEGATIVE75146_10_12,0.35643571615219116
FRAG_NEG_trNEGATIVE64796_30_12,0.18811893463134766
FRAG_NEG_trNEGATIVE55569_5_12,0.24752485752105713
FRAG_NEG_trNEGATIVE73858_22_12,0.21782195568084717
FRAG_NEG_trNEGATIVE85325_4_12,0.0792081356048584
FRAG_NEG_trNEGATIVE57902_57_12,0.3069307804107666
FRAG_NEG_trNEGATIVE61576_26_12,0.0792081356048584
FRAG_NEG_trNEGATIVE62241_22_12,0.059406161308288574
FRAG_NEG_trNEGATIVE49008_74_12,0.376237690448761
FRAG_NEG_trNEGATIVE83853_68_12,0.09900999069213867
FRAG_NEG_trNEGATIVE89256_6_12,0.4950495958328247
FRAG_NEG_trNEGATIVE55297_14_12,0.35643571615219116
FRAG_NEG_trNEGATIVE89774_12_12,0.17821788787841797
FRAG_NEG_trNEGATIVE91919_52_12,0.11881208419799805
FRAG_NEG_trNEGATIVE89322_43_12,0.4554455876350403
FRAG_NEG_trNEGATIVE74053_42_12,0.13861405849456787
FRAG_NEG_trNEGATIVE85541_22_12,0.09900999069213867
FRAG_NEG_trNEGATIVE92908_3_12,0.34653472900390625
FRAG_NEG_trNEGATIVE61306_3_12,0.09900999069213867
FRAG_NEG_trNEGATIVE86620_66_12,0.16831696033477783
FRAG_NEG_trNEGATIVE65987_34_12,0.11881208419799805
FRAG_NEG_trNEGATIVE80010_37_12,0.13861393928527832
FRAG_NEG_trNEGATIVE82509_21_12,0.3069307804107666
FRAG_NEG_trNEGATIVE36637_2_12,0.16831696033477783
FRAG_NEG_trNEGATIVE40124_73_12,0.10891103744506836
FRAG_NEG_trNEGATIVE31569_2_12,0.20792090892791748
FRAG_NEG_trNEGATIVE67531_20_12,0.10891103744506836
FRAG_NEG_trNEGATIVE40981_32_12,0.376237690448761
FRAG_NEG_trNEGATIVE50502_33_12,0.21782183647155762
FRAG_NEG_trNEGATIVE40710_72_12,0.1980198621749878
FRAG_NEG_trNEGATIVE44108_15_12,0.08910906314849854
FRAG_NEG_trNEGATIVE59139_0_12,0.21782195568084717
FRAG_NEG_trNEGATIVE52502_30_12,0.2871288061141968
FRAG_NEG_trNEGATIVE65576_37_12,0.5148515105247498
FRAG_NEG_trNEGATIVE76879_65_12,0.009901165962219238
FRAG_NEG_trNEGATIVE71066_40_12,0.3366338014602661
FRAG_NEG_trNEGATIVE53727_0_12,0.09900999069213867
FRAG_NEG_trNEGATIVE47360_9_12,0.2970297336578369
FRAG_NEG_trNEGATIVE61980_26_12,0.08910906314849854
FRAG_NEG_trNEGATIVE54914_33_12,0.11881208419799805
FRAG_NEG_trNEGATIVE30173_22_12,0.1188119649887085
FRAG_NEG_trNEGATIVE92752_25_12,0.13861405849456787
FRAG_NEG_trNEGATIVE30091_57_12,0.13861405849456787
FRAG_NEG_trNEGATIVE30479_58_12,0.34653472900390625
FRAG_NEG_trNEGATIVE43670_64_12,0.34653472900390625
FRAG_NEG_trNEGATIVE78365_23_12,0.35643571615219116
FRAG_NEG_trNEGATIVE33875_17_12,0.25742578506469727
FRAG_NEG_trNEGATIVE65749_33_12,0.20792090892791748
FRAG_NEG_trNEGATIVE76196_24_12,0.029703140258789062
FRAG_NEG_trNEGATIVE57924_15_12,0.21782183647155762
FRAG_NEG_trNEGATIVE49226_50_12,0.17821800708770752
FRAG_NEG_trNEGATIVE73723_51_12,0.09900999069213867
FRAG_NEG_trNEGATIVE93269_40_12,0.19801998138427734
FRAG_NEG_trNEGATIVE73786_2_12,0.2970297336578369
FRAG_NEG_trNEGATIVE33049_34_12,0.3217822313308716
FRAG_NEG_trNEGATIVE67071_32_12,0.26732683181762695
FRAG_NEG_trNEGATIVE44328_13_12,0.41584163904190063
FRAG_NEG_trNEGATIVE86563_77_12,0.07920801639556885
FRAG_NEG_trNEGATIVE76739_66_12,0.16831696033477783
FRAG_NEG_trNEGATIVE84575_50_12,0.3514852523803711
FRAG_NEG_trNEGATIVE90462_58_12,0.029703140258789062
FRAG_NEG_trNEGATIVE69115_29_12,0.04950511455535889
FRAG_NEG_trNEGATIVE58835_82_12,0.059406161308288574
FRAG_NEG_trNEGATIVE63309_57_12,0.376237690448761
FRAG_NEG_trNEGATIVE91157_21_12,0.16831696033477783
FRAG_NEG_trNEGATIVE72133_14_12,0.06930708885192871
FRAG_NEG_trNEGATIVE90011_36_12,0.21782183647155762
FRAG_NEG_trNEGATIVE80494_58_12,0.2937294840812683
FRAG_NEG_trNEGATIVE35980_37_12,0.27722787857055664
FRAG_NEG_trNEGATIVE89256_36_12,0.04950511455535889
FRAG_NEG_trNEGATIVE83181_0_12,0.04950511455535889
FRAG_NEG_trNEGATIVE84429_25_12,0.2277228832244873
FRAG_NEG_trNEGATIVE76478_29_12,0.019802093505859375
FRAG_NEG_trNEGATIVE46813_65_12,0.09900999069213867
FRAG_NEG_trNEGATIVE55094_25_12,0.06930708885192871
FRAG_NEG_trNEGATIVE92779_41_12,0.11881208419799805
FRAG_NEG_trNEGATIVE71893_4_12,0.09900999069213867
FRAG_NEG_trNEGATIVE51339_19_12,0.03960418701171875
FRAG_NEG_trNEGATIVE72494_7_12,0.20792090892791748
FRAG_NEG_trNEGATIVE87158_43_12,0.10891103744506836
FRAG_NEG_trNEGATIVE47481_35_12,0.16831696033477783
FRAG_NEG_trNEGATIVE62105_37_12,0.376237690448761
FRAG_NEG_trNEGATIVE60072_29_12,0.19801998138427734
FRAG_NEG_trNEGATIVE46860_33_12,0.09900999069213867
FRAG_NEG_trNEGATIVE75099_32_12,0.09901010990142822
FRAG_NEG_trNEGATIVE29442_19_12,0.11881208419799805
FRAG_NEG_trNEGATIVE41442_5_12,0.594059407711029
FRAG_NEG_trNEGATIVE33339_8_12,0.2772277593612671
FRAG_NEG_trNEGATIVE41533_75_12,0.23762381076812744
FRAG_NEG_trNEGATIVE38493_0_12,0.05940604209899902
FRAG_NEG_trNEGATIVE84597_22_12,0.1188119649887085
FRAG_NEG_trNEGATIVE46665_67_12,0.27722787857055664
FRAG_NEG_trNEGATIVE90771_19_12,0.05940604209899902
FRAG_NEG_trNEGATIVE33165_61_12,0.18811893463134766
FRAG_NEG_trNEGATIVE62338_64_12,0.04950511455535889
FRAG_NEG_trNEGATIVE46101_51_12,0.06930708885192871
FRAG_NEG_trNEGATIVE32244_23_12,0.17821788787841797
FRAG_NEG_trNEGATIVE96134_6_12,0.2970297336578369
FRAG_NEG_trNEGATIVE46947_1_12,0.03960418701171875
FRAG_NEG_trNEGATIVE38424_8_12,0.148514986038208
FRAG_NEG_trNEGATIVE75234_8_12,0.11881208419799805
FRAG_NEG_trNEGATIVE85704_60_12,0.15841591358184814
FRAG_NEG_trNEGATIVE56869_6_12,0.25742578506469727
FRAG_NEG_trNEGATIVE92954_65_12,0.08910906314849854
FRAG_NEG_trNEGATIVE59476_1_12,0.2772277593612671
FRAG_NEG_trNEGATIVE68128_0_12,0.16831696033477783
FRAG_NEG_trNEGATIVE92296_0_12,0.23762381076812744
FRAG_NEG_trNEGATIVE88599_20_12,0.1980198621749878
FRAG_NEG_trNEGATIVE76453_24_12,0.2970297336578369
FRAG_NEG_trNEGATIVE74642_41_12,0.12871301174163818
FRAG_NEG_trNEGATIVE73542_54_12,0.08910906314849854
FRAG_NEG_trNEGATIVE32983_26_12,0.10891103744506836
FRAG_NEG_trNEGATIVE65056_39_12,0.1188119649887085
FRAG_NEG_trNEGATIVE86357_37_12,0.3069307804107666
FRAG_NEG_trNEGATIVE90242_25_12,0.148514986038208
FRAG_NEG_trNEGATIVE46978_17_12,0.0792081356048584
FRAG_NEG_trNEGATIVE38661_49_12,0.08910906314849854
FRAG_NEG_trNEGATIVE40957_17_12,0.15841591358184814
FRAG_NEG_trNEGATIVE77167_4_12,0.42574262619018555
FRAG_NEG_trNEGATIVE48972_59_12,0.49504953622817993
FRAG_NEG_trNEGATIVE71977_28_12,0.07920801639556885
FRAG_NEG_trNEGATIVE31337_12_12,0.16831696033477783
FRAG_NEG_trNEGATIVE59656_3_12,0.43564361333847046
FRAG_NEG_trNEGATIVE78223_57_12,0.17821788787841797
FRAG_NEG_trNEGATIVE41236_0_12,0.33663374185562134
FRAG_NEG_trNEGATIVE29454_26_12,0.16831696033477783
FRAG_NEG_trNEGATIVE69943_47_12,0.17821788787841797
FRAG_NEG_trNEGATIVE47149_9_12,0.23762381076812744
FRAG_NEG_trNEGATIVE77350_32_12,0.16831696033477783
FRAG_NEG_trNEGATIVE78328_74_12,0.20792090892791748
FRAG_NEG_trNEGATIVE53671_32_12,0.1188119649887085
FRAG_NEG_trNEGATIVE48085_40_12,0.1584160327911377
FRAG_NEG_trNEGATIVE81211_48_12,0.2871288061141968
FRAG_NEG_trNEGATIVE95251_71_12,0.13861405849456787
FRAG_NEG_trNEGATIVE74791_6_12,0.15841591358184814
FRAG_NEG_trNEGATIVE55961_52_12,0.35643571615219116
FRAG_NEG_trNEGATIVE97131_37_12,0.059406161308288574
FRAG_NEG_trNEGATIVE65387_27_12,0.26732683181762695
FRAG_NEG_trNEGATIVE90625_10_12,0.3069307804107666
FRAG_NEG_trNEGATIVE88606_24_12,0.24752485752105713
FRAG_NEG_trNEGATIVE67461_77_12,0.2970297336578369
FRAG_NEG_trNEGATIVE64018_32_12,0.2574259042739868
FRAG_NEG_trNEGATIVE36040_60_12,0.06930708885192871
FRAG_NEG_trNEGATIVE47306_14_12,0.24752485752105713
FRAG_NEG_trNEGATIVE44570_22_12,0.06930708885192871
FRAG_NEG_trNEGATIVE36724_76_12,0.23762381076812744
FRAG_NEG_trNEGATIVE75199_13_12,0.23762381076812744
FRAG_NEG_trNEGATIVE79697_51_12,0.3960396647453308
FRAG_NEG_trNEGATIVE51730_25_12,0.03960418701171875
FRAG_NEG_trNEGATIVE91157_0_12,0.12871301174163818
FRAG_NEG_trNEGATIVE78004_87_12,0.08910906314849854
FRAG_NEG_trNEGATIVE86130_19_12,0.27722781896591187
FRAG_NEG_trNEGATIVE73877_6_12,0.12871301174163818
FRAG_NEG_trNEGATIVE48430_28_12,0.08910906314849854
FRAG_NEG_trNEGATIVE57538_28_12,0.35643571615219116
FRAG_NEG_trNEGATIVE57284_45_12,0.09901010990142822
FRAG_NEG_trNEGATIVE69082_29_12,0.04950511455535889
FRAG_NEG_trNEGATIVE97549_12_12,0.148514986038208
FRAG_NEG_trNEGATIVE45127_14_12,0.1254127025604248
FRAG_NEG_trNEGATIVE50441_15_12,0.574257493019104
FRAG_NEG_trNEGATIVE87158_33_12,0.3663367033004761
FRAG_NEG_trNEGATIVE88167_42_12,0.15841591358184814
FRAG_NEG_trNEGATIVE78235_35_12,0.43564361333847046
FRAG_NEG_trNEGATIVE73014_8_12,0.3168318271636963
FRAG_NEG_trNEGATIVE90663_40_12,0.16831696033477783
FRAG_NEG_trNEGATIVE89666_31_12,0.04950511455535889
FRAG_NEG_trNEGATIVE67131_24_12,0.35643571615219116
FRAG_NEG_trNEGATIVE90625_29_12,0.5643564462661743
FRAG_NEG_trNEGATIVE30540_44_12,0.26732683181762695
FRAG_NEG_trNEGATIVE44293_32_12,0.41584163904190063
FRAG_NEG_trNEGATIVE85867_21_12,0.12871301174163818
FRAG_NEG_trNEGATIVE32494_50_12,0.20792090892791748
FRAG_NEG_trNEGATIVE94258_21_12,0.18811893463134766
FRAG_NEG_trNEGATIVE51461_76_12,0.17821788787841797
FRAG_NEG_trNEGATIVE27820_27_12,0.13861405849456787
FRAG_NEG_trNEGATIVE52672_57_12,0.09901010990142822
FRAG_NEG_trNEGATIVE83022_7_12,0.26732683181762695
FRAG_NEG_trNEGATIVE47086_78_12,0.43564361333847046
FRAG_NEG_trNEGATIVE94962_17_12,0.35643571615219116
FRAG_NEG_trNEGATIVE79675_42_12,0.3663367033004761
FRAG_NEG_trNEGATIVE87004_67_12,0.2574259042739868
FRAG_NEG_trNEGATIVE83074_22_12,0.24752485752105713
FRAG_NEG_trNEGATIVE65200_22_12,0.1980198621749878
FRAG_NEG_trNEGATIVE62952_46_12,0.376237690448761
FRAG_NEG_trNEGATIVE50596_61_12,0.16831696033477783
FRAG_NEG_trNEGATIVE56730_39_12,0.2574259042739868
FRAG_NEG_trNEGATIVE45379_46_12,0.21782195568084717
FRAG_NEG_trNEGATIVE47439_7_12,0.24752485752105713
FRAG_NEG_trNEGATIVE94714_8_12,0.20792090892791748
FRAG_NEG_trNEGATIVE91130_45_12,0.5247524976730347
FRAG_NEG_trNEGATIVE74572_0_12,0.29702985286712646
FRAG_NEG_trNEGATIVE87165_33_13,0.3326733112335205
FRAG_NEG_trNEGATIVE81720_78_13,0.29702985286712646
FRAG_NEG_trNEGATIVE91766_32_13,0.1584160327911377
FRAG_NEG_trNEGATIVE90902_35_13,0.3861386775970459
FRAG_NEG_trNEGATIVE69297_32_13,0.43564361333847046
FRAG_NEG_trNEGATIVE41358_20_13,0.2871288061141968
FRAG_NEG_trNEGATIVE62607_52_13,0.03960418701171875
FRAG_NEG_trNEGATIVE94275_1_13,0.06930708885192871
FRAG_NEG_trNEGATIVE44166_33_13,0.13861393928527832
FRAG_NEG_trNEGATIVE41366_7_13,0.2970297336578369
FRAG_NEG_trNEGATIVE93981_70_13,0.485148549079895
FRAG_NEG_trNEGATIVE92161_57_13,0.16831696033477783
FRAG_NEG_trNEGATIVE70420_35_13,0.07920801639556885
FRAG_NEG_trNEGATIVE38051_20_13,0.33663374185562134
FRAG_NEG_trNEGATIVE82288_25_13,0.05940604209899902
FRAG_NEG_trNEGATIVE31533_32_13,0.2871288061141968
FRAG_NEG_trNEGATIVE74817_2_13,0.03960418701171875
FRAG_NEG_trNEGATIVE38107_0_13,0.1930694580078125
FRAG_NEG_trNEGATIVE72460_59_13,0.059406161308288574
FRAG_NEG_trNEGATIVE31266_21_13,0.26732683181762695
FRAG_NEG_trNEGATIVE76393_44_13,0.21782183647155762
FRAG_NEG_trNEGATIVE37469_35_13,0.12871301174163818
FRAG_NEG_trNEGATIVE65197_15_13,0.09900999069213867
FRAG_NEG_trNEGATIVE45649_59_13,0.07920801639556885
FRAG_NEG_trNEGATIVE61137_42_13,0.18811893463134766
FRAG_NEG_trNEGATIVE54793_23_13,0.05940604209899902
FRAG_NEG_trNEGATIVE47907_41_13,0.35643571615219116
FRAG_NEG_trNEGATIVE44132_15_13,0.6435643434524536
FRAG_NEG_trNEGATIVE48971_15_13,0.029703140258789062
FRAG_NEG_trNEGATIVE81483_13_13,0.10891103744506836
FRAG_NEG_trNEGATIVE51538_53_13,0.1188119649887085
FRAG_NEG_trNEGATIVE36784_14_13,0.20792090892791748
FRAG_NEG_trNEGATIVE92647_61_13,0.24752485752105713
FRAG_NEG_trNEGATIVE92875_45_13,0.16831696033477783
FRAG_NEG_trNEGATIVE77511_39_13,0.237623929977417
FRAG_NEG_trNEGATIVE30647_23_13,0.3069307804107666
FRAG_NEG_trNEGATIVE67647_31_13,0.4554455876350403
FRAG_NEG_trNEGATIVE39550_12_13,0.09900999069213867
FRAG_NEG_trNEGATIVE57053_38_13,0.33663374185562134
FRAG_NEG_trNEGATIVE68573_65_13,0.08910906314849854
FRAG_NEG_trNEGATIVE66559_23_13,0.10891103744506836
FRAG_NEG_trNEGATIVE63234_13_13,0.3168318271636963
FRAG_NEG_trNEGATIVE75964_29_13,0.16831696033477783
FRAG_NEG_trNEGATIVE65712_47_13,0.1584160327911377
FRAG_NEG_trNEGATIVE69963_49_13,0.3253183364868164
FRAG_NEG_trNEGATIVE59520_40_13,0.3069307804107666
FRAG_NEG_trNEGATIVE72272_26_13,0.148514986038208
FRAG_NEG_trNEGATIVE68901_14_13,0.12871301174163818
FRAG_NEG_trNEGATIVE84696_27_13,0.0396040678024292
FRAG_NEG_trNEGATIVE37707_42_13,0.376237690448761
FRAG_NEG_trNEGATIVE47142_17_13,0.2970297336578369
FRAG_NEG_trNEGATIVE78377_26_13,0.26732683181762695
FRAG_NEG_trNEGATIVE93188_10_13,0.019802093505859375
FRAG_NEG_trNEGATIVE89118_8_13,0.43564361333847046
FRAG_NEG_trNEGATIVE54977_71_13,0.21782183647155762
FRAG_NEG_trNEGATIVE74725_18_13,0.20792090892791748
FRAG_NEG_trNEGATIVE64548_29_13,0.029703140258789062
FRAG_NEG_trNEGATIVE29951_14_13,0.059406161308288574
FRAG_NEG_trNEGATIVE63840_64_13,0.0792081356048584
FRAG_NEG_trNEGATIVE28837_56_13,0.17821788787841797
FRAG_NEG_trNEGATIVE49625_21_13,0.0396040678024292
FRAG_NEG_trNEGATIVE49826_37_13,0.148514986038208
FRAG_NEG_trNEGATIVE34742_11_13,0.08910906314849854
FRAG_NEG_trNEGATIVE83267_52_13,0.20792090892791748
FRAG_NEG_trNEGATIVE44809_59_13,0.3069307804107666
FRAG_NEG_trNEGATIVE91986_20_13,0.33663368225097656
FRAG_NEG_trNEGATIVE89507_54_13,0.2574259042739868
FRAG_NEG_trNEGATIVE27992_39_13,0.06930708885192871
FRAG_NEG_trNEGATIVE81753_29_13,0.009901165962219238
FRAG_NEG_trNEGATIVE54614_20_13,0.148514986038208
FRAG_NEG_trNEGATIVE40811_9_13,0.22277235984802246
FRAG_NEG_trNEGATIVE51955_23_13,0.17821800708770752
FRAG_NEG_trNEGATIVE29873_55_13,0.3663367033004761
FRAG_NEG_trNEGATIVE53611_50_13,0.08910906314849854
FRAG_NEG_trNEGATIVE90029_48_13,0.43564361333847046
FRAG_NEG_trNEGATIVE55653_0_13,0.20792090892791748
FRAG_NEG_trNEGATIVE61111_23_13,0.4554455876350403
FRAG_NEG_trNEGATIVE83022_70_13,0.06930708885192871
FRAG_NEG_trNEGATIVE38748_13_13,0.1188119649887085
FRAG_NEG_trNEGATIVE43086_52_13,0.009901165962219238
FRAG_NEG_trNEGATIVE64314_27_13,0.49174922704696655
FRAG_NEG_trNEGATIVE66611_18_13,0.05940604209899902
FRAG_NEG_trNEGATIVE86656_23_13,0.13861405849456787
FRAG_NEG_trNEGATIVE41201_26_13,0.06930708885192871
FRAG_NEG_trNEGATIVE44586_13_13,0.04950511455535889
FRAG_NEG_trNEGATIVE72290_11_13,0.0396040678024292
FRAG_NEG_trNEGATIVE91963_23_13,0.17821788787841797
FRAG_NEG_trNEGATIVE52953_57_13,0.29702985286712646
FRAG_NEG_trNEGATIVE54887_42_13,0.12871301174163818
FRAG_NEG_trNEGATIVE68699_26_13,0.19801998138427734
FRAG_NEG_trNEGATIVE64192_14_13,0.08910906314849854
FRAG_NEG_trNEGATIVE41723_22_13,0.20792090892791748
FRAG_NEG_trNEGATIVE60832_1_13,0.15841591358184814
FRAG_NEG_trNEGATIVE59281_56_13,0.23762381076812744
FRAG_NEG_trNEGATIVE36382_62_13,0.26732683181762695
FRAG_NEG_trNEGATIVE51673_51_13,0.13861393928527832
FRAG_NEG_trNEGATIVE37701_12_13,0.11881208419799805
FRAG_NEG_trNEGATIVE93569_16_13,0.2871288061141968
FRAG_NEG_trNEGATIVE65344_38_13,0.603960394859314
FRAG_NEG_trNEGATIVE58571_45_13,0.148514986038208
FRAG_NEG_trNEGATIVE81420_13_13,0.18811893463134766
FRAG_NEG_trNEGATIVE50516_0_13,0.18811893463134766
FRAG_NEG_trNEGATIVE37607_73_13,0.08910906314849854
FRAG_NEG_trNEGATIVE69996_7_13,0.11881208419799805
FRAG_NEG_trNEGATIVE91154_13_13,0.1584160327911377
FRAG_NEG_trNEGATIVE84087_77_13,0.43564361333847046
FRAG_NEG_trNEGATIVE91046_57_13,0.16831696033477783
FRAG_NEG_trNEGATIVE85572_80_13,0.03960418701171875
FRAG_NEG_trNEGATIVE31011_48_13,0.13861393928527832
FRAG_NEG_trNEGATIVE49979_60_13,0.17821800708770752
FRAG_NEG_trNEGATIVE59442_74_13,0.15841591358184814
FRAG_NEG_trNEGATIVE35008_8_13,0.148514986038208
FRAG_NEG_trNEGATIVE76030_51_13,0.3861386775970459
FRAG_NEG_trNEGATIVE81261_24_13,0.029703140258789062
FRAG_NEG_trNEGATIVE65903_32_13,0.08910906314849854
FRAG_NEG_trNEGATIVE48759_45_13,0.04950511455535889
FRAG_NEG_trNEGATIVE95839_11_13,0.6237623691558838
FRAG_NEG_trNEGATIVE62088_12_13,0.18811893463134766
FRAG_NEG_trNEGATIVE53628_36_13,0.17821788787841797
FRAG_NEG_trNEGATIVE56366_11_13,0.0792081356048584
FRAG_NEG_trNEGATIVE33442_39_13,0.0792081356048584
FRAG_NEG_trNEGATIVE95448_1_13,0.12871301174163818
FRAG_NEG_trNEGATIVE40823_47_13,0.05940604209899902
FRAG_NEG_trNEGATIVE50018_14_13,0.5049505233764648
FRAG_NEG_trNEGATIVE93950_27_13,0.06930708885192871
FRAG_NEG_trNEGATIVE53778_3_13,0.12871301174163818
FRAG_NEG_trNEGATIVE33667_37_13,0.06930708885192871
FRAG_NEG_trNEGATIVE91641_16_13,0.1188119649887085
FRAG_NEG_trNEGATIVE64007_49_13,0.16831696033477783
FRAG_NEG_trNEGATIVE71406_4_13,0.06930708885192871
FRAG_NEG_trNEGATIVE95861_6_13,0.3267327547073364
FRAG_NEG_trNEGATIVE74391_23_13,0.26732683181762695
FRAG_NEG_trNEGATIVE65566_51_13,0.1584160327911377
FRAG_NEG_trNEGATIVE93456_37_13,0.41584163904190063
FRAG_NEG_trNEGATIVE27554_40_13,0.10891103744506836
FRAG_NEG_trNEGATIVE79967_51_13,0.17821788787841797
FRAG_NEG_trNEGATIVE48977_1_13,0.15841591358184814
FRAG_NEG_trNEGATIVE66408_72_13,0.15841591358184814
FRAG_NEG_trNEGATIVE89874_50_13,0.3366338014602661
FRAG_NEG_trNEGATIVE91852_5_13,0.12871301174163818
FRAG_NEG_trNEGATIVE38480_32_13,0.03960418701171875
FRAG_NEG_trNEGATIVE68784_14_13,0.4752475619316101
FRAG_NEG_trNEGATIVE60942_35_13,0.0396040678024292
FRAG_NEG_trNEGATIVE94628_22_13,0.19801998138427734
FRAG_NEG_trNEGATIVE72754_39_13,0.21782195568084717
FRAG_NEG_trNEGATIVE32240_22_13,0.43564361333847046
FRAG_NEG_trNEGATIVE30491_83_13,0.17821788787841797
FRAG_NEG_trNEGATIVE35165_41_13,0.1584160327911377
FRAG_NEG_trNEGATIVE38389_3_13,0.3168317675590515
FRAG_NEG_trNEGATIVE97283_45_13,0.08910906314849854
FRAG_NEG_trNEGATIVE94572_64_13,0.21782195568084717
FRAG_NEG_trNEGATIVE93586_49_13,0.17821800708770752
FRAG_NEG_trNEGATIVE42861_0_13,0.05940604209899902
FRAG_NEG_trNEGATIVE72916_2_13,0.34653472900390625
FRAG_NEG_trNEGATIVE59574_78_13,0.148514986038208
FRAG_NEG_trNEGATIVE59975_28_13,0.07920801639556885
FRAG_NEG_trNEGATIVE42686_27_13,0.11881208419799805
FRAG_NEG_trNEGATIVE93269_15_13,0.221122145652771
FRAG_NEG_trNEGATIVE47482_36_13,0.06930708885192871
FRAG_NEG_trNEGATIVE97129_30_13,0.2277228832244873
FRAG_NEG_trNEGATIVE31804_58_13,0.15841591358184814
FRAG_NEG_trNEGATIVE29760_0_13,0.37623775005340576
FRAG_NEG_trNEGATIVE64959_24_13,0.31188130378723145
FRAG_NEG_trNEGATIVE32500_0_13,0.2277228832244873
FRAG_NEG_trNEGATIVE74785_11_13,0.26732683181762695
FRAG_NEG_trNEGATIVE29795_6_13,0.17821788787841797
FRAG_NEG_trNEGATIVE47369_31_13,0.0792081356048584
FRAG_NEG_trNEGATIVE54523_10_13,0.19801998138427734
FRAG_NEG_trNEGATIVE81287_50_13,0.04950511455535889
FRAG_NEG_trNEGATIVE74365_19_13,0.11881208419799805
FRAG_NEG_trNEGATIVE48937_20_13,0.16831696033477783
FRAG_NEG_trNEGATIVE75989_18_13,0.0792081356048584
FRAG_NEG_trNEGATIVE64433_72_13,0.3564356565475464
FRAG_NEG_trNEGATIVE42739_10_13,0.43564361333847046
FRAG_NEG_trNEGATIVE78243_48_13,0.20792090892791748
FRAG_NEG_trNEGATIVE86979_26_13,0.1980198621749878
FRAG_NEG_trNEGATIVE34521_31_13,0.24752485752105713
FRAG_NEG_trNEGATIVE35067_10_13,0.41584163904190063
FRAG_NEG_trNEGATIVE81616_71_13,0.18811893463134766
FRAG_NEG_trNEGATIVE46297_35_13,0.1584160327911377
FRAG_NEG_trNEGATIVE32997_74_13,0.03960418701171875
FRAG_NEG_trNEGATIVE63808_33_13,0.26732683181762695
FRAG_NEG_trNEGATIVE45049_4_13,0.485148549079895
FRAG_NEG_trNEGATIVE33162_18_13,0.20792090892791748
FRAG_NEG_trNEGATIVE51856_23_13,0.27722787857055664
FRAG_NEG_trNEGATIVE85498_21_13,0.17821788787841797
FRAG_NEG_trNEGATIVE77520_13_13,0.09900999069213867
FRAG_NEG_trNEGATIVE27764_36_13,0.09900999069213867
FRAG_NEG_trNEGATIVE65850_3_13,0.3960396647453308
FRAG_NEG_trNEGATIVE64605_52_13,0.44554460048675537
FRAG_NEG_trNEGATIVE31261_41_13,0.6237623691558838
FRAG_NEG_trNEGATIVE78735_23_13,0.19801998138427734
FRAG_NEG_trNEGATIVE35042_0_13,0.20792090892791748
FRAG_NEG_trNEGATIVE80909_72_13,0.3960396647453308
FRAG_NEG_trNEGATIVE61955_49_13,0.2277228832244873
FRAG_NEG_trNEGATIVE34947_5_13,0.5148515105247498
FRAG_NEG_trNEGATIVE72940_21_13,0.18811893463134766
FRAG_NEG_trNEGATIVE30993_10_13,0.19801998138427734
FRAG_NEG_trNEGATIVE79241_10_13,0.21782195568084717
FRAG_NEG_trNEGATIVE89412_32_13,0.24752485752105713
FRAG_NEG_trNEGATIVE39471_18_13,0.31683170795440674
FRAG_NEG_trNEGATIVE82727_2_13,0.17821800708770752
FRAG_NEG_trNEGATIVE61977_47_13,0.0792081356048584
FRAG_NEG_trNEGATIVE88380_60_13,0.3861386775970459
FRAG_NEG_trNEGATIVE61713_53_13,0.376237690448761
FRAG_NEG_trNEGATIVE48025_33_13,0.3366338014602661
FRAG_NEG_trNEGATIVE87644_47_13,0.019802093505859375
FRAG_NEG_trNEGATIVE34016_10_13,0.17821800708770752
FRAG_NEG_trNEGATIVE83963_2_13,0.09900999069213867
FRAG_NEG_trNEGATIVE60969_38_13,0.15841591358184814
FRAG_NEG_trNEGATIVE76022_15_13,0.0396040678024292
FRAG_NEG_trNEGATIVE66428_1_13,0.29702985286712646
FRAG_NEG_trNEGATIVE87512_42_13,0.237623929977417
FRAG_NEG_trNEGATIVE40193_15_13,0.18811893463134766
FRAG_NEG_trNEGATIVE39981_27_13,0.12871301174163818
FRAG_NEG_trNEGATIVE78641_40_13,0.41584163904190063
FRAG_NEG_trNEGATIVE70937_23_13,0.08910906314849854
FRAG_NEG_trNEGATIVE70406_13_13,0.04950511455535889
FRAG_NEG_trNEGATIVE83074_57_13,0.7029702663421631
FRAG_NEG_trNEGATIVE88810_77_13,0.03960418701171875
FRAG_NEG_trNEGATIVE61727_59_13,0.3861386775970459
FRAG_NEG_trNEGATIVE66120_40_13,0.24752485752105713
FRAG_NEG_trNEGATIVE35741_66_13,0.13861393928527832
FRAG_NEG_trNEGATIVE85417_76_13,0.376237690448761
FRAG_NEG_trNEGATIVE61846_20_13,0.13861405849456787
FRAG_NEG_trNEGATIVE30440_22_13,0.3069307804107666
FRAG_NEG_trNEGATIVE90062_43_13,0.029703140258789062
FRAG_NEG_trNEGATIVE72258_7_13,0.4554455876350403
FRAG_NEG_trNEGATIVE59359_37_13,0.3168318271636963
FRAG_NEG_trNEGATIVE52018_1_13,0.4207921028137207
FRAG_NEG_trNEGATIVE47298_2_13,0.18811893463134766
FRAG_NEG_trNEGATIVE77913_19_13,0.5148515105247498
FRAG_NEG_trNEGATIVE91918_34_13,0.0792081356048584
FRAG_NEG_trNEGATIVE34588_15_13,0.49504953622817993
FRAG_NEG_trNEGATIVE42219_44_13,0.15841591358184814
FRAG_NEG_trNEGATIVE63953_15_13,0.27722787857055664
FRAG_NEG_trNEGATIVE85783_85_13,0.148514986038208
FRAG_NEG_trNEGATIVE61730_3_13,0.2574259042739868
FRAG_NEG_trNEGATIVE61847_23_13,0.20792090892791748
FRAG_NEG_trNEGATIVE39632_55_13,0.2277228832244873
FRAG_NEG_trNEGATIVE87224_2_13,0.1584160327911377
FRAG_NEG_trNEGATIVE41132_23_13,0.24752485752105713
FRAG_NEG_trNEGATIVE34300_43_13,0.17821788787841797
FRAG_NEG_trNEGATIVE86267_9_13,0.4059406518936157
FRAG_NEG_trNEGATIVE54119_7_13,0.12871301174163818
FRAG_NEG_trNEGATIVE38207_27_13,0.059406161308288574
FRAG_NEG_trNEGATIVE65140_67_13,0.3069307804107666
FRAG_NEG_trNEGATIVE96440_49_13,0.12871301174163818
FRAG_NEG_trNEGATIVE82399_28_13,0.2277228832244873
FRAG_NEG_trNEGATIVE89716_36_13,0.19801998138427734
FRAG_NEG_trNEGATIVE90804_50_13,0.11881208419799805
FRAG_NEG_trNEGATIVE74123_10_13,0.08910906314849854
FRAG_NEG_trNEGATIVE63916_6_13,0.11881208419799805
FRAG_NEG_trNEGATIVE69228_61_13,0.1188119649887085
FRAG_NEG_trNEGATIVE81211_18_13,0.2277228832244873
FRAG_NEG_trNEGATIVE32262_5_13,0.5742574334144592
FRAG_NEG_trNEGATIVE28657_4_13,0.06930708885192871
FRAG_NEG_trNEGATIVE36382_49_13,0.16831696033477783
FRAG_NEG_trNEGATIVE70999_2_13,0.20792090892791748
FRAG_NEG_trNEGATIVE44184_3_13,0.1584160327911377
FRAG_NEG_trNEGATIVE63055_15_13,0.21782195568084717
FRAG_NEG_trNEGATIVE71093_39_13,0.11881208419799805
FRAG_NEG_trNEGATIVE48090_28_13,0.13861405849456787
FRAG_NEG_trNEGATIVE84728_27_13,0.06930708885192871
FRAG_NEG_trNEGATIVE68741_38_13,0.26732683181762695
FRAG_NEG_trNEGATIVE74779_3_13,0.1188119649887085
FRAG_NEG_trNEGATIVE63614_17_13,0.12871301174163818
FRAG_NEG_trNEGATIVE84103_13_13,0.19801998138427734
FRAG_NEG_trNEGATIVE31371_53_13,0.0792081356048584
FRAG_NEG_trNEGATIVE81209_11_13,0.06930708885192871
FRAG_NEG_trNEGATIVE67521_17_13,0.06930708885192871
FRAG_NEG_trNEGATIVE52353_43_13,0.25742578506469727
FRAG_NEG_trNEGATIVE64666_34_13,0.44554460048675537
FRAG_NEG_trNEGATIVE79162_27_13,0.20792090892791748
FRAG_NEG_trNEGATIVE65378_12_13,0.16831696033477783
FRAG_NEG_trNEGATIVE67819_16_13,0.33663368225097656
FRAG_NEG_trNEGATIVE41718_48_13,0.3069307804107666
FRAG_NEG_trNEGATIVE81892_75_13,0.2277228832244873
FRAG_NEG_trNEGATIVE41493_49_13,0.148514986038208
FRAG_NEG_trNEGATIVE87650_35_13,0.059406161308288574
FRAG_NEG_trNEGATIVE39646_7_13,0.059406161308288574
FRAG_NEG_trNEGATIVE50059_16_13,0.3069307804107666
FRAG_NEG_trNEGATIVE66699_30_13,0.15841591358184814
FRAG_NEG_trNEGATIVE65444_40_13,0.12871301174163818
FRAG_NEG_trNEGATIVE70793_40_13,0.059406161308288574
FRAG_NEG_trNEGATIVE84700_37_13,0.21782183647155762
FRAG_NEG_trNEGATIVE60820_23_13,0.26732683181762695
FRAG_NEG_trNEGATIVE38608_4_13,0.148514986038208
FRAG_NEG_trNEGATIVE38657_21_13,0.11881208419799805
FRAG_NEG_trNEGATIVE55812_49_13,0.16831696033477783
FRAG_NEG_trNEGATIVE54781_56_13,0.08910906314849854
FRAG_NEG_trNEGATIVE73084_15_13,0.18811893463134766
FRAG_NEG_trNEGATIVE73371_10_13,0.26732683181762695
FRAG_NEG_trNEGATIVE83940_0_13,0.10891103744506836
FRAG_NEG_trNEGATIVE55371_70_13,0.08910906314849854
FRAG_NEG_trNEGATIVE89192_3_13,0.05940604209899902
FRAG_NEG_trNEGATIVE81427_34_13,0.3663367033004761
FRAG_NEG_trNEGATIVE60145_9_13,0.19801998138427734
FRAG_NEG_trNEGATIVE70406_9_13,0.13861393928527832
FRAG_NEG_trNEGATIVE27794_20_13,0.1584160327911377
FRAG_NEG_trNEGATIVE89226_19_13,0.03960418701171875
FRAG_NEG_trNEGATIVE82980_0_13,0.1980198621749878
FRAG_NEG_trNEGATIVE58102_23_13,0.5247524976730347
FRAG_NEG_trNEGATIVE86655_24_13,0.09901010990142822
FRAG_NEG_trNEGATIVE68425_66_13,0.16831696033477783
FRAG_NEG_trNEGATIVE72031_35_13,0.3267327547073364
FRAG_NEG_trNEGATIVE59428_55_13,0.1584160327911377
FRAG_NEG_trNEGATIVE90076_47_13,0.6633663177490234
FRAG_NEG_trNEGATIVE66754_48_13,0.26732683181762695
FRAG_NEG_trNEGATIVE80787_2_13,0.148514986038208
FRAG_NEG_trNEGATIVE90189_15_13,0.24752485752105713
FRAG_NEG_trNEGATIVE45064_68_13,0.2970297336578369
FRAG_NEG_trNEGATIVE45995_22_13,0.16831696033477783
FRAG_NEG_trNEGATIVE32881_15_13,0.603960394859314
FRAG_NEG_trNEGATIVE88798_35_13,0.24752485752105713
FRAG_NEG_trNEGATIVE83535_0_13,0.5148515105247498
FRAG_NEG_trNEGATIVE44968_18_13,0.31683170795440674
FRAG_NEG_trNEGATIVE93551_49_13,0.4653465747833252
FRAG_NEG_trNEGATIVE60942_0_13,0.10891103744506836
FRAG_NEG_trNEGATIVE40813_36_13,0.16831696033477783
FRAG_NEG_trNEGATIVE90312_28_13,0.06930708885192871
FRAG_NEG_trNEGATIVE72420_48_13,0.06930708885192871
FRAG_NEG_trNEGATIVE45079_53_13,0.3861386775970459
FRAG_NEG_trNEGATIVE79195_42_13,0.5247524976730347
FRAG_NEG_trNEGATIVE70267_4_13,0.3069307804107666
FRAG_NEG_trNEGATIVE29521_3_13,0.5643564462661743
FRAG_NEG_trNEGATIVE38318_28_13,0.35643571615219116
FRAG_NEG_trNEGATIVE61126_24_13,0.5049505233764648
FRAG_NEG_trNEGATIVE49099_48_13,0.10891103744506836
FRAG_NEG_trNEGATIVE66944_37_13,0.5247524976730347
FRAG_NEG_trNEGATIVE93970_25_13,0.148514986038208
FRAG_NEG_trNEGATIVE74946_42_13,0.18811893463134766
FRAG_NEG_trNEGATIVE79164_9_13,0.24752485752105713
FRAG_NEG_trNEGATIVE42243_56_13,0.029703140258789062
FRAG_NEG_trNEGATIVE95879_31_13,0.485148549079895
FRAG_NEG_trNEGATIVE74761_68_13,0.13861405849456787
FRAG_NEG_trNEGATIVE93923_52_13,0.13861405849456787
FRAG_NEG_trNEGATIVE68701_58_13,0.19801998138427734
FRAG_NEG_trNEGATIVE91732_3_13,0.09900999069213867
FRAG_NEG_trNEGATIVE76681_53_13,0.35643571615219116
FRAG_NEG_trNEGATIVE42197_21_13,0.08910906314849854
FRAG_NEG_trNEGATIVE62082_27_13,0.08910906314849854
FRAG_NEG_trNEGATIVE60969_50_13,0.03960418701171875
FRAG_NEG_trNEGATIVE85226_9_13,0.059406161308288574
FRAG_NEG_trNEGATIVE92055_41_13,0.10891103744506836
FRAG_NEG_trNEGATIVE86380_54_13,0.09900999069213867
FRAG_NEG_trNEGATIVE50739_20_13,0.24752485752105713
FRAG_NEG_trNEGATIVE71421_70_13,0.13861405849456787
FRAG_NEG_trNEGATIVE97555_32_13,0.20792090892791748
FRAG_NEG_trNEGATIVE80659_19_13,0.42574262619018555
FRAG_NEG_trNEGATIVE93774_4_13,0.20792090892791748
FRAG_NEG_trNEGATIVE56020_29_13,0.2879539132118225
FRAG_NEG_trNEGATIVE86601_18_13,0.2970297336578369
FRAG_NEG_trNEGATIVE69971_63_13,0.1980198621749878
FRAG_NEG_trNEGATIVE71549_16_13,0.21782183647155762
FRAG_NEG_trNEGATIVE83418_58_13,0.08910906314849854
FRAG_NEG_trNEGATIVE61405_9_13,0.09901010990142822
FRAG_NEG_trNEGATIVE73751_53_13,0.12871301174163818
FRAG_NEG_trNEGATIVE83608_64_13,0.03960418701171875
FRAG_NEG_trNEGATIVE66036_26_13,0.16831696033477783
FRAG_NEG_trNEGATIVE68177_29_13,0.17821800708770752
FRAG_NEG_trNEGATIVE91297_1_13,0.0792081356048584
FRAG_NEG_trNEGATIVE87665_66_13,0.23762381076812744
FRAG_NEG_trNEGATIVE78693_51_13,0.6435643434524536
FRAG_NEG_trNEGATIVE50516_3_13,0.27722787857055664
FRAG_NEG_trNEGATIVE66415_50_13,0.0792081356048584
FRAG_NEG_trNEGATIVE81756_19_13,0.1584160327911377
FRAG_NEG_trNEGATIVE38069_3_13,0.13861405849456787
FRAG_NEG_trNEGATIVE89460_15_13,0.13861405849456787
FRAG_NEG_trNEGATIVE84401_2_13,0.27722787857055664
FRAG_NEG_trNEGATIVE35165_23_13,0.09901010990142822
FRAG_NEG_trNEGATIVE69058_50_13,0.22442251443862915
FRAG_NEG_trNEGATIVE61831_20_13,1.1920928955078125e-07
FRAG_NEG_trNEGATIVE53317_31_13,0.06930708885192871
FRAG_NEG_trNEGATIVE65552_67_13,0.5643564462661743
FRAG_NEG_trNEGATIVE48090_75_13,0.22277235984802246
FRAG_NEG_trNEGATIVE67008_2_13,0.4059406518936157
FRAG_NEG_trNEGATIVE69184_25_13,0.3415842056274414
FRAG_NEG_trNEGATIVE73854_40_13,0.24752485752105713
FRAG_NEG_trNEGATIVE71002_18_13,0.26732683181762695
FRAG_NEG_trNEGATIVE87754_15_13,0.09900999069213867
FRAG_NEG_trNEGATIVE50338_61_13,0.27722787857055664
FRAG_NEG_trNEGATIVE80623_29_13,0.5445544719696045
FRAG_NEG_trNEGATIVE38372_13_13,0.04950511455535889
FRAG_NEG_trNEGATIVE77548_25_13,0.26732683181762695
FRAG_NEG_trNEGATIVE36679_71_13,0.21782183647155762
FRAG_NEG_trNEGATIVE42327_21_13,0.3663367033004761
FRAG_NEG_trNEGATIVE46361_18_13,0.26732683181762695
FRAG_NEG_trNEGATIVE56823_47_13,0.148514986038208
FRAG_NEG_trNEGATIVE61762_38_13,0.2574259042739868
FRAG_NEG_trNEGATIVE49035_42_13,0.5841584205627441
FRAG_NEG_trNEGATIVE47481_37_13,0.42574262619018555
FRAG_NEG_trNEGATIVE64579_21_13,0.17821800708770752
FRAG_NEG_trNEGATIVE45649_48_13,0.06930708885192871
FRAG_NEG_trNEGATIVE68465_83_13,0.10891103744506836
FRAG_NEG_trNEGATIVE60384_32_13,0.08910906314849854
FRAG_NEG_trNEGATIVE30259_78_13,0.2970297336578369
FRAG_NEG_trNEGATIVE87619_3_13,0.18811893463134766
FRAG_NEG_trNEGATIVE61324_5_13,0.3168318271636963
FRAG_NEG_trNEGATIVE52653_79_13,0.12871301174163818
FRAG_NEG_trNEGATIVE40855_62_13,0.059406161308288574
FRAG_NEG_trNEGATIVE95856_25_13,0.11881208419799805
FRAG_NEG_trNEGATIVE38308_9_13,0.17821788787841797
FRAG_NEG_trNEGATIVE56951_41_13,0.16831696033477783
FRAG_NEG_trNEGATIVE47246_4_13,0.25742578506469727
FRAG_NEG_trNEGATIVE52747_33_13,0.019802093505859375
FRAG_NEG_trNEGATIVE59274_81_13,0.21782183647155762
FRAG_NEG_trNEGATIVE72430_4_13,0.2277228832244873
FRAG_NEG_trNEGATIVE82152_16_13,0.49504953622817993
FRAG_NEG_trNEGATIVE53643_34_13,0.18811893463134766
FRAG_NEG_trNEGATIVE62952_60_13,0.4554455876350403
FRAG_NEG_trNEGATIVE33972_42_13,0.148514986038208
FRAG_NEG_trNEGATIVE95551_71_13,0.3069307804107666
FRAG_NEG_trNEGATIVE69451_0_13,0.11881208419799805
FRAG_NEG_trNEGATIVE73254_54_13,0.31683170795440674
FRAG_NEG_trNEGATIVE59694_28_13,0.5841584205627441
FRAG_NEG_trNEGATIVE31404_2_13,0.35643571615219116
FRAG_NEG_trNEGATIVE52597_20_13,0.42574262619018555
FRAG_NEG_trNEGATIVE48317_55_13,0.09900999069213867
FRAG_NEG_trNEGATIVE44868_39_13,0.13861393928527832
FRAG_NEG_trNEGATIVE61586_23_13,0.06930708885192871
FRAG_NEG_trNEGATIVE87171_19_13,0.1188119649887085
FRAG_NEG_trNEGATIVE89760_31_13,0.33663374185562134
FRAG_NEG_trNEGATIVE72149_3_13,0.693069338798523
FRAG_NEG_trNEGATIVE69105_22_13,0.0792081356048584
FRAG_NEG_trNEGATIVE70709_55_13,0.7425742149353027
FRAG_NEG_trNEGATIVE63462_6_13,0.3168317675590515
FRAG_NEG_trNEGATIVE78337_6_13,0.41584163904190063
FRAG_NEG_trNEGATIVE65844_7_13,0.6138614416122437
FRAG_NEG_trNEGATIVE52994_50_13,0.3069307804107666
FRAG_NEG_trNEGATIVE79461_8_13,0.6435643434524536
FRAG_NEG_trNEGATIVE46927_30_13,0.06930708885192871
FRAG_NEG_trNEGATIVE32567_28_13,0.2871288061141968
FRAG_NEG_trNEGATIVE75112_34_13,0.20792090892791748
FRAG_NEG_trNEGATIVE75934_53_13,0.4059406518936157
FRAG_NEG_trNEGATIVE69794_19_13,0.12871301174163818
FRAG_NEG_trNEGATIVE42327_47_13,0.2970297336578369
FRAG_NEG_trNEGATIVE47753_10_13,0.13861405849456787
FRAG_NEG_trNEGATIVE27798_31_13,0.04950511455535889
FRAG_NEG_trNEGATIVE67999_44_13,0.24752485752105713
FRAG_NEG_trNEGATIVE84745_49_13,0.32178229093551636
FRAG_NEG_trNEGATIVE86746_43_13,0.21782183647155762
FRAG_NEG_trNEGATIVE44328_38_13,0.35643571615219116
FRAG_NEG_trNEGATIVE66427_26_13,0.2574259042739868
FRAG_NEG_trNEGATIVE74579_3_13,0.19801998138427734
FRAG_NEG_trNEGATIVE43129_41_13,0.0792081356048584
FRAG_NEG_trNEGATIVE88682_72_13,0.25742578506469727
FRAG_NEG_trNEGATIVE48466_32_13,0.33663374185562134
FRAG_NEG_trNEGATIVE47345_1_13,0.10891103744506836
FRAG_NEG_trNEGATIVE41209_4_13,0.3267327547073364
FRAG_NEG_trNEGATIVE55026_15_13,0.009901165962219238
FRAG_NEG_trNEGATIVE34862_68_13,0.029703140258789062
FRAG_NEG_trNEGATIVE94649_10_13,0.15841591358184814
FRAG_NEG_trNEGATIVE27986_47_13,0.2277228832244873
FRAG_NEG_trNEGATIVE82321_45_13,0.5148515105247498
FRAG_NEG_trNEGATIVE54090_25_13,0.18811893463134766
FRAG_NEG_trNEGATIVE82897_18_13,0.10891103744506836
FRAG_NEG_trNEGATIVE38329_14_13,0.35643571615219116
FRAG_NEG_trNEGATIVE60622_42_13,0.05940604209899902
FRAG_NEG_trNEGATIVE70730_22_13,0.43564361333847046
FRAG_NEG_trNEGATIVE52112_30_13,0.26732683181762695
FRAG_NEG_trNEGATIVE75814_19_13,0.08910906314849854
FRAG_NEG_trNEGATIVE65600_18_13,0.2772277593612671
FRAG_NEG_trNEGATIVE57538_18_13,0.6435643434524536
FRAG_NEG_trNEGATIVE88812_27_13,0.3960396647453308
FRAG_NEG_trNEGATIVE84762_2_13,0.17821800708770752
FRAG_NEG_trNEGATIVE86198_14_13,0.019802093505859375
FRAG_NEG_trNEGATIVE50110_72_13,0.41584163904190063
FRAG_NEG_trNEGATIVE35293_30_13,0.029703140258789062
FRAG_NEG_trNEGATIVE82980_83_13,0.06930708885192871
FRAG_NEG_trNEGATIVE87146_56_13,0.4059406518936157
FRAG_NEG_trNEGATIVE55353_64_13,0.10891103744506836
FRAG_NEG_trNEGATIVE44511_24_13,0.029703140258789062
FRAG_NEG_trNEGATIVE40237_7_13,0.4554455876350403
FRAG_NEG_trNEGATIVE83834_22_13,0.09900999069213867
FRAG_NEG_trNEGATIVE95757_16_13,0.376237690448761
FRAG_NEG_trNEGATIVE60862_7_13,0.5742574334144592
FRAG_NEG_trNEGATIVE36040_3_13,0.29702985286712646
FRAG_NEG_trNEGATIVE90239_69_13,0.693069338798523
FRAG_NEG_trNEGATIVE88458_73_13,0.009901165962219238
FRAG_NEG_trNEGATIVE95531_45_13,0.2772277593612671
FRAG_NEG_trNEGATIVE47481_31_13,0.18811893463134766
FRAG_NEG_trNEGATIVE65434_10_13,0.17821788787841797
FRAG_NEG_trNEGATIVE77081_64_13,0.27722787857055664
FRAG_NEG_trNEGATIVE41975_7_13,0.08910906314849854
FRAG_NEG_trNEGATIVE50917_53_13,0.5445544719696045
FRAG_NEG_trNEGATIVE94487_72_13,0.16831696033477783
FRAG_NEG_trNEGATIVE33180_49_13,0.26732683181762695
FRAG_NEG_trNEGATIVE53217_16_13,0.12871301174163818
FRAG_NEG_trNEGATIVE61196_51_13,0.4059406518936157
FRAG_NEG_trNEGATIVE44181_65_13,0.12871301174163818
FRAG_NEG_trNEGATIVE51423_24_13,0.5346534848213196
FRAG_NEG_trNEGATIVE77017_35_13,0.029703140258789062
FRAG_NEG_trNEGATIVE83842_67_13,0.06930708885192871
FRAG_NEG_trNEGATIVE54050_47_13,0.10891103744506836
FRAG_NEG_trNEGATIVE80014_38_13,0.19801998138427734
FRAG_NEG_trNEGATIVE88847_16_13,0.06930708885192871
FRAG_NEG_trNEGATIVE31329_35_13,0.17821788787841797
FRAG_NEG_trNEGATIVE95574_16_13,0.24752485752105713
FRAG_NEG_trNEGATIVE34341_21_13,0.6732673645019531
FRAG_NEG_trNEGATIVE90101_64_13,0.11881208419799805
FRAG_NEG_trNEGATIVE40770_54_13,0.43564361333847046
FRAG_NEG_trNEGATIVE64940_81_13,0.3960396647453308
FRAG_NEG_trNEGATIVE84928_33_13,0.13861405849456787
FRAG_NEG_trNEGATIVE35193_20_13,0.5049505233764648
FRAG_NEG_trNEGATIVE56280_9_13,0.1584160327911377
FRAG_NEG_trNEGATIVE67576_41_13,0.029703140258789062
FRAG_NEG_trNEGATIVE52366_26_13,0.7029702663421631
FRAG_NEG_trNEGATIVE75344_44_13,0.12871301174163818
FRAG_NEG_trNEGATIVE97040_42_13,0.20792090892791748
FRAG_NEG_trNEGATIVE86988_28_13,0.06930708885192871
FRAG_NEG_trNEGATIVE68057_1_13,0.574257493019104
FRAG_NEG_trNEGATIVE56575_14_13,0.029703140258789062
FRAG_NEG_trNEGATIVE55418_15_13,0.09900999069213867
FRAG_NEG_trNEGATIVE54445_34_13,0.3861386775970459
FRAG_NEG_trNEGATIVE53896_38_13,0.2970297336578369
FRAG_NEG_trNEGATIVE47752_15_13,0.20297038555145264
FRAG_NEG_trNEGATIVE78961_49_13,0.15841591358184814
FRAG_NEG_trNEGATIVE56575_19_13,0.019802212715148926
FRAG_NEG_trNEGATIVE53087_31_13,0.10891103744506836
FRAG_NEG_trNEGATIVE81125_78_13,0.0792081356048584
FRAG_NEG_trNEGATIVE77181_34_13,0.3168318271636963
FRAG_NEG_trNEGATIVE87736_57_13,0.10891103744506836
FRAG_NEG_trNEGATIVE33573_24_13,0.237623929977417
FRAG_NEG_trNEGATIVE31350_0_13,0.26732683181762695
FRAG_NEG_trNEGATIVE89076_44_13,0.059406161308288574
FRAG_NEG_trNEGATIVE64485_80_13,0.11881208419799805
FRAG_NEG_trNEGATIVE74053_42_13,0.04950511455535889
FRAG_NEG_trNEGATIVE87107_45_13,0.06930708885192871
FRAG_NEG_trNEGATIVE80836_4_13,0.376237690448761
FRAG_NEG_trNEGATIVE54392_43_13,0.11881208419799805
FRAG_NEG_trNEGATIVE84954_53_13,0.08910906314849854
FRAG_NEG_trNEGATIVE27744_4_13,0.04950511455535889
FRAG_NEG_trNEGATIVE39550_40_13,0.12871301174163818
FRAG_NEG_trNEGATIVE40424_43_13,0.31683170795440674
FRAG_NEG_trNEGATIVE57371_28_13,0.26732683181762695
FRAG_NEG_trNEGATIVE77840_47_13,0.12871301174163818
FRAG_NEG_trNEGATIVE79590_26_13,0.148514986038208
FRAG_NEG_trNEGATIVE69489_17_13,0.3960396647453308
FRAG_NEG_trNEGATIVE90991_34_13,0.26732683181762695
FRAG_NEG_trNEGATIVE36281_17_13,0.801980197429657
FRAG_NEG_trNEGATIVE93132_83_13,0.20792090892791748
FRAG_NEG_trNEGATIVE57949_42_13,0.5148515105247498
FRAG_NEG_trNEGATIVE74148_60_13,0.08910906314849854
FRAG_NEG_trNEGATIVE83469_17_13,0.27722787857055664
FRAG_NEG_trNEGATIVE69738_16_13,0.29702985286712646
FRAG_NEG_trNEGATIVE31754_35_13,0.35643571615219116
FRAG_NEG_trNEGATIVE55910_63_13,0.10891103744506836
FRAG_NEG_trNEGATIVE43004_25_13,0.3069307804107666
FRAG_NEG_trNEGATIVE58933_36_13,0.05940604209899902
FRAG_NEG_trNEGATIVE71610_47_13,0.08910906314849854
FRAG_NEG_trNEGATIVE43304_46_13,0.4653465747833252
FRAG_NEG_trNEGATIVE89161_25_13,0.1188119649887085
FRAG_NEG_trNEGATIVE91490_74_13,0.34653472900390625
FRAG_NEG_trNEGATIVE89242_3_13,0.1584160327911377
FRAG_NEG_trNEGATIVE48370_28_13,0.148514986038208
FRAG_NEG_trNEGATIVE43574_38_13,0.12871301174163818
FRAG_NEG_trNEGATIVE80194_21_13,0.12871301174163818
FRAG_NEG_trNEGATIVE48200_26_13,0.148514986038208
FRAG_NEG_trNEGATIVE82740_44_13,0.35643571615219116
FRAG_NEG_trNEGATIVE47430_39_13,0.12871301174163818
FRAG_NEG_trNEGATIVE83181_19_13,0.3663367033004761
FRAG_NEG_trNEGATIVE34405_67_13,0.34653472900390625
FRAG_NEG_trNEGATIVE59542_24_13,0.44554460048675537
FRAG_NEG_trNEGATIVE39185_22_13,0.20792090892791748
FRAG_NEG_trNEGATIVE82954_10_13,0.13861405849456787
FRAG_NEG_trNEGATIVE30256_46_13,0.20792090892791748
FRAG_NEG_trNEGATIVE95503_53_13,0.009901165962219238
FRAG_NEG_trNEGATIVE60235_3_13,0.41584163904190063
FRAG_NEG_trNEGATIVE87969_55_13,0.0396040678024292
FRAG_NEG_trNEGATIVE32188_33_13,0.4059406518936157
FRAG_NEG_trNEGATIVE81737_31_13,0.1188119649887085
FRAG_NEG_trNEGATIVE50744_2_13,0.26732683181762695
FRAG_NEG_trNEGATIVE54689_46_13,0.2574259042739868
FRAG_NEG_trNEGATIVE61977_49_13,0.10891103744506836
FRAG_NEG_trNEGATIVE43411_41_13,0.029703140258789062
FRAG_NEG_trNEGATIVE54843_61_13,0.1188119649887085
FRAG_NEG_trNEGATIVE30395_13_13,0.148514986038208
FRAG_NEG_trNEGATIVE38372_12_13,0.1584160327911377
FRAG_NEG_trNEGATIVE34549_21_13,0.17821788787841797
FRAG_NEG_trNEGATIVE56717_45_13,0.35643571615219116
FRAG_NEG_trNEGATIVE60221_76_13,0.019802212715148926
FRAG_NEG_trNEGATIVE49268_43_13,0.0396040678024292
FRAG_NEG_trNEGATIVE33158_4_13,0.37623775005340576
FRAG_NEG_trNEGATIVE76478_68_13,0.19801998138427734
FRAG_NEG_trNEGATIVE34592_5_13,0.2871288061141968
FRAG_NEG_trNEGATIVE87853_33_13,0.49504953622817993
FRAG_NEG_trNEGATIVE95574_8_13,0.4059406518936157
FRAG_NEG_trNEGATIVE84864_22_13,0.08910906314849854
FRAG_NEG_trNEGATIVE69791_80_13,0.0792081356048584
FRAG_NEG_trNEGATIVE39968_31_13,0.05940604209899902
FRAG_NEG_trNEGATIVE32775_2_13,0.4653465747833252
FRAG_NEG_trNEGATIVE78595_8_13,0.21782183647155762
FRAG_NEG_trNEGATIVE62365_44_13,0.3663367033004761
FRAG_NEG_trNEGATIVE65299_34_13,0.26732683181762695
FRAG_NEG_trNEGATIVE52994_12_13,0.3366338014602661
FRAG_NEG_trNEGATIVE77897_25_13,0.10891103744506836
FRAG_NEG_trNEGATIVE31154_25_13,0.19801998138427734
FRAG_NEG_trNEGATIVE60202_15_13,0.059406161308288574
FRAG_NEG_trNEGATIVE59274_8_13,0.26732683181762695
FRAG_NEG_trNEGATIVE31372_24_13,0.4752475619316101
FRAG_NEG_trNEGATIVE81510_49_13,0.15841591358184814
FRAG_NEG_trNEGATIVE81455_49_13,0.3069307804107666
FRAG_NEG_trNEGATIVE43378_31_13,0.13861405849456787
FRAG_NEG_trNEGATIVE42932_9_13,0.24752485752105713
FRAG_NEG_trNEGATIVE47430_6_13,0.2772277593612671
FRAG_NEG_trNEGATIVE42081_13_13,0.0792081356048584
FRAG_NEG_trNEGATIVE45129_4_13,0.3267327547073364
FRAG_NEG_trNEGATIVE82153_1_13,0.1980198621749878
FRAG_NEG_trNEGATIVE76435_59_13,0.26732683181762695
FRAG_NEG_trNEGATIVE54212_3_13,0.3663367033004761
FRAG_NEG_trNEGATIVE74570_4_13,0.7623762488365173
FRAG_NEG_trNEGATIVE44235_25_13,0.8712871074676514
FRAG_NEG_trNEGATIVE81205_16_13,0.2574259042739868
FRAG_NEG_trNEGATIVE34205_22_13,0.04950511455535889
FRAG_NEG_trNEGATIVE95587_32_13,0.4059406518936157
FRAG_NEG_trNEGATIVE75457_37_13,0.43564361333847046
FRAG_NEG_trNEGATIVE54392_1_13,0.05940604209899902
FRAG_NEG_trNEGATIVE34004_80_13,0.029703140258789062
FRAG_NEG_trNEGATIVE97128_53_13,0.07920801639556885
FRAG_NEG_trNEGATIVE79202_72_13,0.06930708885192871
FRAG_NEG_trNEGATIVE82308_20_13,0.36492228507995605
FRAG_NEG_trNEGATIVE67582_64_13,0.20792090892791748
FRAG_NEG_trNEGATIVE80784_33_13,0.2277228832244873
FRAG_NEG_trNEGATIVE73415_39_13,0.42574262619018555
FRAG_NEG_trNEGATIVE65678_16_13,0.20792090892791748
FRAG_NEG_trNEGATIVE91471_7_13,0.2871288061141968
FRAG_NEG_trNEGATIVE88906_49_13,0.2970297336578369
FRAG_NEG_trNEGATIVE56902_38_13,0.148514986038208
FRAG_NEG_trNEGATIVE31811_48_13,0.3960396647453308
FRAG_NEG_trNEGATIVE58242_78_13,0.5049505233764648
FRAG_NEG_trNEGATIVE79610_25_13,0.24752485752105713
FRAG_NEG_trNEGATIVE60486_44_13,0.09901010990142822
FRAG_NEG_trNEGATIVE69392_59_13,0.2277228832244873
FRAG_NEG_trNEGATIVE68997_17_13,0.06930708885192871
FRAG_NEG_trNEGATIVE62371_17_13,0.0792081356048584
FRAG_NEG_trNEGATIVE96305_37_13,0.09901010990142822
FRAG_NEG_trNEGATIVE28417_47_13,0.06930708885192871
FRAG_NEG_trNEGATIVE79482_29_13,0.26732683181762695
FRAG_NEG_trNEGATIVE53731_21_13,0.3267327547073364
FRAG_NEG_trNEGATIVE34791_38_13,0.0792081356048584
FRAG_NEG_trNEGATIVE91861_29_13,0.1584160327911377
FRAG_NEG_trNEGATIVE78195_58_13,0.2277228832244873
FRAG_NEG_trNEGATIVE95098_63_13,0.1188119649887085
FRAG_NEG_trNEGATIVE86962_0_13,0.019802093505859375
FRAG_NEG_trNEGATIVE97179_32_13,0.3960396647453308
FRAG_NEG_trNEGATIVE93508_45_13,0.07920801639556885
FRAG_NEG_trNEGATIVE35130_85_13,0.12871301174163818
FRAG_NEG_trNEGATIVE45060_63_13,0.11881208419799805
FRAG_NEG_trNEGATIVE91682_1_13,0.2970297336578369
FRAG_NEG_trNEGATIVE67125_10_13,0.4554455876350403
FRAG_NEG_trNEGATIVE68972_15_13,0.2772277593612671
FRAG_NEG_trNEGATIVE31855_37_13,0.20792090892791748
FRAG_NEG_trNEGATIVE95155_20_13,0.0396040678024292
FRAG_NEG_trNEGATIVE54679_70_13,0.1188119649887085
FRAG_NEG_trNEGATIVE66415_67_13,0.11881208419799805
FRAG_NEG_trNEGATIVE46897_38_13,0.17821800708770752
FRAG_NEG_trNEGATIVE44859_46_13,0.06930708885192871
FRAG_NEG_trNEGATIVE68242_78_13,0.10891103744506836
FRAG_NEG_trNEGATIVE44054_8_13,0.16831696033477783
FRAG_NEG_trNEGATIVE47424_2_13,0.2739274501800537
FRAG_NEG_trNEGATIVE91415_1_13,0.2574259042739868
FRAG_NEG_trNEGATIVE40533_36_13,0.19801998138427734
FRAG_NEG_trNEGATIVE94442_49_13,0.1980198621749878
FRAG_NEG_trNEGATIVE31391_52_13,0.019802212715148926
FRAG_NEG_trNEGATIVE88906_31_13,0.019802093505859375
FRAG_NEG_trNEGATIVE43378_33_13,0.03960418701171875
FRAG_NEG_trNEGATIVE91947_0_13,0.16831696033477783
FRAG_NEG_trNEGATIVE33805_40_13,0.04950511455535889
FRAG_NEG_trNEGATIVE95861_35_13,0.148514986038208
FRAG_NEG_trNEGATIVE34022_25_13,0.2574259042739868
FRAG_NEG_trNEGATIVE72233_27_13,0.148514986038208
FRAG_NEG_trNEGATIVE60600_42_13,0.1980198621749878
FRAG_NEG_trNEGATIVE87243_23_13,0.23762381076812744
FRAG_NEG_trNEGATIVE55271_29_13,0.43564361333847046
FRAG_NEG_trNEGATIVE46929_32_13,0.41584163904190063
FRAG_NEG_trNEGATIVE70218_28_13,0.2970297336578369
FRAG_NEG_trNEGATIVE50330_6_13,0.148514986038208
FRAG_NEG_trNEGATIVE50700_36_13,0.5346534848213196
FRAG_NEG_trNEGATIVE70177_70_13,0.27722787857055664
FRAG_NEG_trNEGATIVE95321_13_13,0.029703140258789062
FRAG_NEG_trNEGATIVE50422_48_13,0.10891103744506836
FRAG_NEG_trNEGATIVE53259_22_13,0.12871301174163818
FRAG_NEG_trNEGATIVE46423_9_13,0.5445544719696045
FRAG_NEG_trNEGATIVE94119_3_13,0.1584160327911377
FRAG_NEG_trNEGATIVE42955_59_13,0.2277228832244873
FRAG_NEG_trNEGATIVE78873_13_13,0.26732683181762695
FRAG_NEG_trNEGATIVE27714_75_13,1.1920928955078125e-07
FRAG_NEG_trNEGATIVE91481_65_13,0.13861405849456787
FRAG_NEG_trNEGATIVE64287_31_13,0.13861405849456787
FRAG_NEG_trNEGATIVE58387_1_13,0.1188119649887085
FRAG_NEG_trNEGATIVE71752_14_13,0.3069307804107666
FRAG_NEG_trNEGATIVE73152_19_13,0.13861405849456787
FRAG_NEG_trNEGATIVE58904_28_13,0.06930708885192871
FRAG_NEG_trNEGATIVE82168_35_13,0.029703140258789062
FRAG_NEG_trNEGATIVE86436_83_13,0.06930708885192871
FRAG_NEG_trNEGATIVE38842_59_13,0.06930708885192871
FRAG_NEG_trNEGATIVE39316_56_13,0.3267327547073364
FRAG_NEG_trNEGATIVE73951_41_13,0.3267327547073364
FRAG_NEG_trNEGATIVE79579_10_13,0.24752485752105713
FRAG_NEG_trNEGATIVE66390_71_13,0.3069307804107666
FRAG_NEG_trNEGATIVE66754_19_13,0.009901165962219238
FRAG_NEG_trNEGATIVE50224_21_13,0.13861405849456787
FRAG_NEG_trNEGATIVE62716_61_13,0.16831696033477783
FRAG_NEG_trNEGATIVE91520_30_13,0.6138614416122437
FRAG_NEG_trNEGATIVE28791_11_13,0.27722787857055664
FRAG_NEG_trNEGATIVE83785_25_13,0.148514986038208
FRAG_NEG_trNEGATIVE37545_11_13,0.16831696033477783
FRAG_NEG_trNEGATIVE51108_12_13,0.4752475619316101
FRAG_NEG_trNEGATIVE59284_32_13,0.13861405849456787
FRAG_NEG_trNEGATIVE76289_79_13,0.08910906314849854
FRAG_NEG_trNEGATIVE35918_32_13,0.07920801639556885
FRAG_NEG_trNEGATIVE97534_29_13,0.4653465747833252
FRAG_NEG_trNEGATIVE52621_61_13,0.1584160327911377
FRAG_NEG_trNEGATIVE40567_22_13,0.5544554591178894
FRAG_NEG_trNEGATIVE30173_5_13,0.26732683181762695
FRAG_NEG_trNEGATIVE86183_16_13,0.12871301174163818
FRAG_NEG_trNEGATIVE46180_44_13,0.2277228832244873
FRAG_NEG_trNEGATIVE82585_38_13,0.17821788787841797
FRAG_NEG_trNEGATIVE85520_55_13,0.07920801639556885
FRAG_NEG_trNEGATIVE46941_54_13,0.21782183647155762
FRAG_NEG_trNEGATIVE56407_48_13,0.029703140258789062
FRAG_NEG_trNEGATIVE63375_14_13,0.148514986038208
FRAG_NEG_trNEGATIVE80302_31_13,0.20792090892791748
FRAG_NEG_trNEGATIVE62352_19_13,0.04950511455535889
FRAG_NEG_trNEGATIVE56067_6_13,0.5445544719696045
FRAG_NEG_trNEGATIVE85152_43_13,0.15841591358184814
FRAG_NEG_trNEGATIVE90045_47_13,0.18811893463134766
FRAG_NEG_trNEGATIVE57852_69_13,0.16831696033477783
FRAG_NEG_trNEGATIVE80548_8_13,0.148514986038208
FRAG_NEG_trNEGATIVE92362_68_13,0.3267327547073364
FRAG_NEG_trNEGATIVE56227_14_13,0.3069307804107666
FRAG_NEG_trNEGATIVE47562_34_13,0.03960418701171875
FRAG_NEG_trNEGATIVE57053_52_13,0.009901165962219238
FRAG_NEG_trNEGATIVE87117_71_13,0.35643571615219116
FRAG_NEG_trNEGATIVE67992_3_13,0.43564361333847046
FRAG_NEG_trNEGATIVE86955_13_13,0.16831696033477783
FRAG_NEG_trNEGATIVE49625_51_13,0.148514986038208
FRAG_NEG_trNEGATIVE34855_16_13,0.12871301174163818
FRAG_NEG_trNEGATIVE52953_63_13,0.148514986038208
FRAG_NEG_trNEGATIVE90663_63_13,0.34653472900390625
FRAG_NEG_trNEGATIVE45635_32_13,0.4653465747833252
FRAG_NEG_trNEGATIVE93762_24_13,0.4554455876350403
FRAG_NEG_trNEGATIVE69971_71_13,0.148514986038208
FRAG_NEG_trNEGATIVE85704_28_13,0.1188119649887085
FRAG_NEG_trNEGATIVE63744_30_13,0.2277228832244873
FRAG_NEG_trNEGATIVE83814_29_13,0.1584160327911377
FRAG_NEG_trNEGATIVE65258_10_13,0.08910906314849854
FRAG_NEG_trNEGATIVE62791_20_13,0.08910906314849854
FRAG_NEG_trNEGATIVE74943_14_13,0.0396040678024292
FRAG_NEG_trNEGATIVE37284_64_13,0.23762381076812744
FRAG_NEG_trNEGATIVE82781_74_13,0.26732683181762695
FRAG_NEG_trNEGATIVE69430_41_13,0.1188119649887085
FRAG_NEG_trNEGATIVE52522_43_13,0.10891103744506836
FRAG_NEG_trNEGATIVE82387_37_13,0.1584160327911377
FRAG_NEG_trNEGATIVE94232_68_13,0.3366338014602661
FRAG_NEG_trNEGATIVE50481_19_13,0.04950511455535889
FRAG_NEG_trNEGATIVE86220_28_13,0.16831696033477783
FRAG_NEG_trNEGATIVE51403_61_13,0.35643571615219116
FRAG_NEG_trNEGATIVE41853_0_13,0.04950511455535889
FRAG_NEG_trNEGATIVE36087_34_13,0.4678218364715576
FRAG_NEG_trNEGATIVE56300_0_13,0.148514986038208
FRAG_NEG_trNEGATIVE40665_15_13,0.20792090892791748
FRAG_NEG_trNEGATIVE68016_8_13,0.21782195568084717
FRAG_NEG_trNEGATIVE73432_36_13,0.21782195568084717
FRAG_NEG_trNEGATIVE66036_55_13,0.1584160327911377
FRAG_NEG_trNEGATIVE74148_58_13,0.019802093505859375
FRAG_NEG_trNEGATIVE36338_27_13,0.24752485752105713
FRAG_NEG_trNEGATIVE48025_14_13,0.06930708885192871
FRAG_NEG_trNEGATIVE65364_77_13,0.4059406518936157
FRAG_NEG_trNEGATIVE64361_39_13,0.24752485752105713
FRAG_NEG_trNEGATIVE48453_13_13,0.5346535444259644
FRAG_NEG_trNEGATIVE38660_39_13,0.3663367033004761
FRAG_NEG_trNEGATIVE74351_46_13,0.26732683181762695
FRAG_NEG_trNEGATIVE96978_17_13,0.11881208419799805
FRAG_NEG_trNEGATIVE91130_43_13,0.5346535444259644
FRAG_NEG_trNEGATIVE52066_50_13,0.12871301174163818
FRAG_NEG_trNEGATIVE68829_32_13,0.1188119649887085
FRAG_NEG_trNEGATIVE88393_35_13,0.4059406518936157
FRAG_NEG_trNEGATIVE89774_58_13,0.31683170795440674
FRAG_NEG_trNEGATIVE77575_11_13,0.3267327547073364
FRAG_NEG_trNEGATIVE44002_27_13,0.13861405849456787
FRAG_NEG_trNEGATIVE85755_23_13,0.15841591358184814
FRAG_NEG_trNEGATIVE41469_13_13,0.18811893463134766
FRAG_NEG_trNEGATIVE57277_51_13,0.15841591358184814
FRAG_NEG_trNEGATIVE64620_63_13,0.3168318271636963
FRAG_NEG_trNEGATIVE80564_45_13,0.3960396647453308
FRAG_NEG_trNEGATIVE51856_20_13,0.3267327547073364
FRAG_NEG_trNEGATIVE65400_68_13,0.07920801639556885
FRAG_NEG_trNEGATIVE90312_40_13,0.24752485752105713
FRAG_NEG_trNEGATIVE59021_31_13,0.09901010990142822
FRAG_NEG_trNEGATIVE57482_8_13,0.27722787857055664
FRAG_NEG_trNEGATIVE86415_0_13,0.17821788787841797
FRAG_NEG_trNEGATIVE54877_48_13,0.03960418701171875
FRAG_NEG_trNEGATIVE50997_37_13,0.5841584205627441
FRAG_NEG_trNEGATIVE69210_28_13,0.43564361333847046
FRAG_NEG_trNEGATIVE42731_36_13,0.29702985286712646
FRAG_NEG_trNEGATIVE33791_49_13,0.06930708885192871
FRAG_NEG_trNEGATIVE51108_47_13,0.12871301174163818
FRAG_NEG_trNEGATIVE67754_25_13,0.603960394859314
FRAG_NEG_trNEGATIVE32165_55_13,0.11881208419799805
FRAG_NEG_trNEGATIVE79963_13_13,0.7227723002433777
FRAG_NEG_trNEGATIVE68483_43_13,0.0792081356048584
FRAG_NEG_trNEGATIVE65678_51_13,0.2574259042739868
FRAG_NEG_trNEGATIVE61615_29_13,0.059406161308288574
FRAG_NEG_trNEGATIVE43893_3_13,0.17821800708770752
FRAG_NEG_trNEGATIVE80677_31_13,0.18811893463134766
FRAG_NEG_trNEGATIVE31674_6_13,0.4306931495666504
FRAG_NEG_trNEGATIVE40259_18_13,0.12871301174163818
FRAG_NEG_trNEGATIVE91401_17_13,0.485148549079895
FRAG_NEG_trNEGATIVE31836_12_13,0.009901165962219238
FRAG_NEG_trNEGATIVE87853_42_13,0.148514986038208
FRAG_NEG_trNEGATIVE44337_25_13,0.16831696033477783
FRAG_NEG_trNEGATIVE77005_56_13,0.06930708885192871
FRAG_NEG_trNEGATIVE70378_47_13,0.3663367033004761
FRAG_NEG_trNEGATIVE86732_66_13,0.12871301174163818
FRAG_NEG_trNEGATIVE68783_31_13,0.42574262619018555
FRAG_NEG_trNEGATIVE57038_8_13,0.5841584205627441
FRAG_NEG_trNEGATIVE39714_14_13,0.23762381076812744
FRAG_NEG_trNEGATIVE93021_20_13,0.04950511455535889
FRAG_NEG_trNEGATIVE68298_28_13,0.26732683181762695
FRAG_NEG_trNEGATIVE44821_16_13,0.41584163904190063
FRAG_NEG_trNEGATIVE60805_26_13,0.04950511455535889
FRAG_NEG_trNEGATIVE76469_22_13,0.237623929977417
FRAG_NEG_trNEGATIVE50386_64_13,0.16831696033477783
FRAG_NEG_trNEGATIVE36412_29_13,0.148514986038208
FRAG_NEG_trNEGATIVE46190_71_13,0.18811893463134766
FRAG_NEG_trNEGATIVE70934_32_13,0.10891103744506836
FRAG_NEG_trNEGATIVE92572_50_13,0.20792090892791748
FRAG_NEG_trNEGATIVE69389_10_13,0.21782183647155762
FRAG_NEG_trNEGATIVE51356_6_13,0.237623929977417
FRAG_NEG_trNEGATIVE49102_36_13,0.21534669399261475
FRAG_NEG_trNEGATIVE77913_67_13,0.06930708885192871
FRAG_NEG_trNEGATIVE94016_6_13,0.49504953622817993
FRAG_NEG_trNEGATIVE64122_55_13,0.34653472900390625
FRAG_NEG_trNEGATIVE55385_11_13,0.09900999069213867
FRAG_NEG_trNEGATIVE45899_3_13,0.237623929977417
FRAG_NEG_trNEGATIVE52139_22_13,0.17821788787841797
FRAG_NEG_trNEGATIVE42392_54_13,0.0396040678024292
FRAG_NEG_trNEGATIVE74463_18_13,0.3564356565475464
FRAG_NEG_trNEGATIVE33198_7_13,0.31683170795440674
FRAG_NEG_trNEGATIVE91297_36_13,0.019802212715148926
FRAG_NEG_trNEGATIVE54015_22_13,0.19801998138427734
FRAG_NEG_trNEGATIVE30057_53_13,0.376237690448761
FRAG_NEG_trNEGATIVE90804_12_13,0.06930708885192871
FRAG_NEG_trNEGATIVE96352_35_13,0.3960396647453308
FRAG_NEG_trNEGATIVE65342_3_13,0.5148515105247498
FRAG_NEG_trNEGATIVE38687_11_13,0.11881208419799805
FRAG_NEG_trNEGATIVE41232_23_13,0.1584160327911377
FRAG_NEG_trNEGATIVE84633_35_13,0.04950511455535889
FRAG_NEG_trNEGATIVE84830_8_13,0.12871301174163818
FRAG_NEG_trNEGATIVE66626_29_13,0.4059406518936157
FRAG_NEG_trNEGATIVE36834_14_13,0.06930708885192871
FRAG_NEG_trNEGATIVE80890_30_13,0.15841591358184814
FRAG_NEG_trNEGATIVE45105_10_13,0.40841591358184814
FRAG_NEG_trNEGATIVE84350_12_13,0.3861386775970459
FRAG_NEG_trNEGATIVE78359_6_13,0.19059419631958008
FRAG_NEG_trNEGATIVE41646_17_13,0.148514986038208
FRAG_NEG_trNEGATIVE90468_8_13,0.09901010990142822
FRAG_NEG_trNEGATIVE70642_3_13,0.13861405849456787
FRAG_NEG_trNEGATIVE63742_26_13,0.4059406518936157
FRAG_NEG_trNEGATIVE84767_28_13,0.17821800708770752
FRAG_NEG_trNEGATIVE66497_43_13,0.16831696033477783
FRAG_NEG_trNEGATIVE34916_69_13,0.0792081356048584
FRAG_NEG_trNEGATIVE74726_47_13,0.04950511455535889
FRAG_NEG_trNEGATIVE72212_34_13,0.16831696033477783
FRAG_NEG_trNEGATIVE94855_9_13,0.1980198621749878
FRAG_NEG_trNEGATIVE40716_2_13,0.13861393928527832
FRAG_NEG_trNEGATIVE67079_22_13,0.25742578506469727
FRAG_NEG_trNEGATIVE86750_13_13,0.21782183647155762
FRAG_NEG_trNEGATIVE62646_35_13,0.2970297336578369
FRAG_NEG_trNEGATIVE33573_11_13,0.20792090892791748
FRAG_NEG_trNEGATIVE61846_13_13,0.029703140258789062
FRAG_NEG_trNEGATIVE43465_48_13,0.10891103744506836
FRAG_NEG_trNEGATIVE76435_69_13,0.04950511455535889
FRAG_NEG_trNEGATIVE92517_13_13,0.16831696033477783
FRAG_NEG_trNEGATIVE47256_9_13,0.3663367033004761
FRAG_NEG_trNEGATIVE38628_6_13,0.17821788787841797
FRAG_NEG_trNEGATIVE42479_10_13,0.44554460048675537
FRAG_NEG_trNEGATIVE36269_39_13,0.2574259042739868
FRAG_NEG_trNEGATIVE51257_43_13,0.08910906314849854
FRAG_NEG_trNEGATIVE73433_8_13,0.24752485752105713
FRAG_NEG_trNEGATIVE90222_6_13,0.09901010990142822
FRAG_NEG_trNEGATIVE90812_36_13,0.03960418701171875
FRAG_NEG_trNEGATIVE81491_6_13,0.08910906314849854
FRAG_NEG_trNEGATIVE74817_17_13,0.25742578506469727
FRAG_NEG_trNEGATIVE55526_11_13,0.13861393928527832
FRAG_NEG_trNEGATIVE54828_29_13,0.4752475619316101
FRAG_NEG_trNEGATIVE60182_20_13,0.07920801639556885
FRAG_NEG_trNEGATIVE90687_39_13,0.3267327547073364
FRAG_NEG_trNEGATIVE50917_65_13,0.1584160327911377
FRAG_NEG_trNEGATIVE79327_53_13,0.3069307804107666
FRAG_NEG_trNEGATIVE96265_68_13,0.1584160327911377
FRAG_NEG_trNEGATIVE80654_2_13,0.2277228832244873
FRAG_NEG_trNEGATIVE96062_18_13,0.09900999069213867
FRAG_NEG_trNEGATIVE39254_19_13,0.35643571615219116
FRAG_NEG_trNEGATIVE50009_3_13,0.5544554591178894
FRAG_NEG_trNEGATIVE89623_9_13,0.029703140258789062
FRAG_NEG_trNEGATIVE80455_14_13,0.18811893463134766
FRAG_NEG_trNEGATIVE69162_60_13,0.1584160327911377
FRAG_NEG_trNEGATIVE92408_31_13,0.23762381076812744
FRAG_NEG_trNEGATIVE81756_13_13,0.19801998138427734
FRAG_NEG_trNEGATIVE31256_37_13,0.0792081356048584
FRAG_NEG_trNEGATIVE96694_12_13,0.5742574334144592
FRAG_NEG_trNEGATIVE54736_36_13,0.1188119649887085
FRAG_NEG_trNEGATIVE62766_30_13,1.1920928955078125e-07
FRAG_NEG_trNEGATIVE62725_79_13,0.26732683181762695
FRAG_NEG_trNEGATIVE74350_37_13,0.237623929977417
FRAG_NEG_trNEGATIVE44503_15_13,0.10891103744506836
FRAG_NEG_trNEGATIVE71446_14_13,0.10891103744506836
FRAG_NEG_trNEGATIVE34235_36_13,0.08910906314849854
FRAG_NEG_trNEGATIVE75479_54_13,0.27722787857055664
FRAG_NEG_trNEGATIVE30265_57_13,0.25742578506469727
FRAG_NEG_trNEGATIVE41486_20_13,0.34653472900390625
FRAG_NEG_trNEGATIVE35293_10_13,0.2772277593612671
FRAG_NEG_trNEGATIVE61999_22_13,0.7425742745399475
FRAG_NEG_trNEGATIVE43934_9_13,0.3663367033004761
FRAG_NEG_trNEGATIVE69222_9_13,0.06930708885192871
FRAG_NEG_trNEGATIVE41659_18_13,0.2871288061141968
FRAG_NEG_trNEGATIVE35400_52_13,0.2277228832244873
FRAG_NEG_trNEGATIVE51236_30_13,0.3960396647453308
FRAG_NEG_trNEGATIVE84557_10_13,0.12871301174163818
FRAG_NEG_trNEGATIVE53308_65_13,0.237623929977417
FRAG_NEG_trNEGATIVE77036_67_13,0.059406161308288574
FRAG_NEG_trNEGATIVE56432_72_13,0.20792090892791748
FRAG_NEG_trNEGATIVE59217_23_13,0.3663367033004761
FRAG_NEG_trNEGATIVE50559_18_13,0.7128713130950928
FRAG_NEG_trNEGATIVE92373_44_13,0.41584163904190063
FRAG_NEG_trNEGATIVE57371_39_13,0.148514986038208
FRAG_NEG_trNEGATIVE59543_31_13,0.23762381076812744
FRAG_NEG_trNEGATIVE55633_45_13,0.3069307804107666
FRAG_NEG_trNEGATIVE44974_5_13,0.009901165962219238
FRAG_NEG_trNEGATIVE61923_32_13,0.009901165962219238
FRAG_NEG_trNEGATIVE54488_28_13,0.148514986038208
FRAG_NEG_trNEGATIVE34588_25_13,0.12871301174163818
FRAG_NEG_trNEGATIVE94008_41_13,0.07920801639556885
FRAG_NEG_trNEGATIVE80927_6_13,0.16831696033477783
FRAG_NEG_trNEGATIVE29363_9_13,0.04950511455535889
FRAG_NEG_trNEGATIVE27502_6_13,0.13861393928527832
FRAG_NEG_trNEGATIVE39971_5_13,0.16831696033477783
FRAG_NEG_trNEGATIVE39947_39_13,0.10891103744506836
FRAG_NEG_trNEGATIVE76552_8_13,0.3069307804107666
FRAG_NEG_trNEGATIVE97053_8_13,0.18811893463134766
FRAG_NEG_trNEGATIVE67623_2_13,0.04950511455535889
FRAG_NEG_trNEGATIVE43048_24_13,0.12871301174163818
FRAG_NEG_trNEGATIVE61576_42_13,0.2871288061141968
FRAG_NEG_trNEGATIVE43416_8_13,0.03960418701171875
FRAG_NEG_trNEGATIVE29851_45_13,0.029703140258789062
FRAG_NEG_trNEGATIVE74177_7_13,0.1188119649887085
FRAG_NEG_trNEGATIVE91453_6_13,0.16831696033477783
FRAG_NEG_trNEGATIVE82897_51_13,0.1584160327911377
FRAG_NEG_trNEGATIVE30011_41_13,0.2871288061141968
FRAG_NEG_trNEGATIVE63840_36_13,0.12871301174163818
FRAG_NEG_trNEGATIVE70705_63_13,0.3069307804107666
FRAG_NEG_trNEGATIVE88124_37_13,0.13861405849456787
FRAG_NEG_trNEGATIVE49023_33_13,0.06930708885192871
FRAG_NEG_trNEGATIVE61502_33_13,0.17821800708770752
FRAG_NEG_trNEGATIVE84945_4_13,0.19801998138427734
FRAG_NEG_trNEGATIVE63424_3_13,0.35643571615219116
FRAG_NEG_trNEGATIVE91266_16_13,0.20792090892791748
FRAG_NEG_trNEGATIVE57134_52_13,0.40264034271240234
FRAG_NEG_trNEGATIVE46423_1_13,0.2871288061141968
FRAG_NEG_trNEGATIVE35447_30_13,0.603960394859314
FRAG_NEG_trNEGATIVE38711_7_13,0.34653472900390625
FRAG_NEG_trNEGATIVE59820_21_13,0.11881208419799805
FRAG_NEG_trNEGATIVE90484_12_14,0.3960396647453308
FRAG_NEG_trNEGATIVE66410_55_14,0.06930708885192871
FRAG_NEG_trNEGATIVE97267_1_14,0.26732683181762695
FRAG_NEG_trNEGATIVE67719_31_14,0.12871301174163818
FRAG_NEG_trNEGATIVE81410_0_14,0.41584163904190063
FRAG_NEG_trNEGATIVE60410_71_14,0.3415842056274414
FRAG_NEG_trNEGATIVE54689_9_14,0.07920801639556885
FRAG_NEG_trNEGATIVE76091_82_14,0.148514986038208
FRAG_NEG_trNEGATIVE59957_26_14,0.44554460048675537
FRAG_NEG_trNEGATIVE60363_6_14,0.09901010990142822
FRAG_NEG_trNEGATIVE68549_60_14,0.21782183647155762
FRAG_NEG_trNEGATIVE84856_34_14,0.029703140258789062
FRAG_NEG_trNEGATIVE89096_5_14,0.2871288061141968
FRAG_NEG_trNEGATIVE79162_32_14,0.0792081356048584
FRAG_NEG_trNEGATIVE87547_32_14,0.08910906314849854
FRAG_NEG_trNEGATIVE80746_19_14,0.13861393928527832
FRAG_NEG_trNEGATIVE81670_4_14,0.11881208419799805
FRAG_NEG_trNEGATIVE27986_64_14,0.10891103744506836
FRAG_NEG_trNEGATIVE50779_73_14,0.18811893463134766
FRAG_NEG_trNEGATIVE30011_57_14,0.11881208419799805
FRAG_NEG_trNEGATIVE74365_8_14,0.09901010990142822
FRAG_NEG_trNEGATIVE92377_24_14,0.08910906314849854
FRAG_NEG_trNEGATIVE75344_43_14,0.148514986038208
FRAG_NEG_trNEGATIVE72289_13_14,0.27722787857055664
FRAG_NEG_trNEGATIVE59493_32_14,0.18811893463134766
FRAG_NEG_trNEGATIVE40742_25_14,0.0396040678024292
FRAG_NEG_trNEGATIVE73890_32_14,0.26732683181762695
FRAG_NEG_trNEGATIVE31948_37_14,0.4059406518936157
FRAG_NEG_trNEGATIVE28617_44_14,0.1980198621749878
FRAG_NEG_trNEGATIVE45643_29_14,0.07920801639556885
FRAG_NEG_trNEGATIVE27835_10_14,0.33663374185562134
FRAG_NEG_trNEGATIVE79021_64_14,0.13861393928527832
FRAG_NEG_trNEGATIVE53618_25_14,0.1584160327911377
FRAG_NEG_trNEGATIVE40837_23_14,0.2970297336578369
FRAG_NEG_trNEGATIVE52041_7_14,0.05940604209899902
FRAG_NEG_trNEGATIVE61615_10_14,0.07920801639556885
FRAG_NEG_trNEGATIVE40451_11_14,0.009901165962219238
FRAG_NEG_trNEGATIVE41012_35_14,0.16831696033477783
FRAG_NEG_trNEGATIVE63907_6_14,0.07920801639556885
FRAG_NEG_trNEGATIVE71991_24_14,0.0396040678024292
FRAG_NEG_trNEGATIVE96319_42_14,0.05940604209899902
FRAG_NEG_trNEGATIVE84888_72_14,0.019802093505859375
FRAG_NEG_trNEGATIVE29147_3_14,0.43564361333847046
FRAG_NEG_trNEGATIVE87083_37_14,0.24752485752105713
FRAG_NEG_trNEGATIVE68829_18_14,0.08910906314849854
FRAG_NEG_trNEGATIVE28334_3_14,0.2871288061141968
FRAG_NEG_trNEGATIVE68825_55_14,0.08910906314849854
FRAG_NEG_trNEGATIVE96145_73_14,0.148514986038208
FRAG_NEG_trNEGATIVE28508_46_14,0.21782183647155762
FRAG_NEG_trNEGATIVE42965_35_14,0.24752485752105713
FRAG_NEG_trNEGATIVE89785_82_14,0.0792081356048584
FRAG_NEG_trNEGATIVE85841_28_14,0.17821800708770752
FRAG_NEG_trNEGATIVE56490_17_14,0.18811893463134766
FRAG_NEG_trNEGATIVE68369_33_14,0.1980198621749878
FRAG_NEG_trNEGATIVE40331_52_14,0.06930708885192871
FRAG_NEG_trNEGATIVE59177_27_14,0.09900999069213867
FRAG_NEG_trNEGATIVE74436_17_14,0.029703140258789062
FRAG_NEG_trNEGATIVE38038_34_14,0.26732683181762695
FRAG_NEG_trNEGATIVE67903_16_14,0.26732683181762695
FRAG_NEG_trNEGATIVE79317_14_14,0.08910906314849854
FRAG_NEG_trNEGATIVE36696_31_14,0.5049505233764648
FRAG_NEG_trNEGATIVE44210_12_14,0.26732683181762695
FRAG_NEG_trNEGATIVE31683_38_14,0.148514986038208
FRAG_NEG_trNEGATIVE97325_51_14,0.05940604209899902
FRAG_NEG_trNEGATIVE86955_16_14,0.10891103744506836
FRAG_NEG_trNEGATIVE53486_50_14,0.24752485752105713
FRAG_NEG_trNEGATIVE36180_19_14,0.20792090892791748
FRAG_NEG_trNEGATIVE86282_25_14,0.19801998138427734
FRAG_NEG_trNEGATIVE42246_0_14,0.2277228832244873
FRAG_NEG_trNEGATIVE27794_1_14,0.10891103744506836
FRAG_NEG_trNEGATIVE69028_62_14,0.009901165962219238
FRAG_NEG_trNEGATIVE37553_27_14,0.4752476215362549
FRAG_NEG_trNEGATIVE70706_73_14,0.17821788787841797
FRAG_NEG_trNEGATIVE40715_51_14,0.43564361333847046
FRAG_NEG_trNEGATIVE87887_23_14,0.019802093505859375
FRAG_NEG_trNEGATIVE52522_25_14,0.23762381076812744
FRAG_NEG_trNEGATIVE94818_21_14,0.16831696033477783
FRAG_NEG_trNEGATIVE58867_39_14,0.15841591358184814
FRAG_NEG_trNEGATIVE97300_49_14,0.11881208419799805
FRAG_NEG_trNEGATIVE35611_56_14,0.13861405849456787
FRAG_NEG_trNEGATIVE49755_24_14,0.20792090892791748
FRAG_NEG_trNEGATIVE96717_58_14,0.49504953622817993
FRAG_NEG_trNEGATIVE74447_18_14,0.1980198621749878
FRAG_NEG_trNEGATIVE65196_15_14,0.019802093505859375
FRAG_NEG_trNEGATIVE30923_17_14,0.04950511455535889
FRAG_NEG_trNEGATIVE84293_40_14,0.09901010990142822
FRAG_NEG_trNEGATIVE90980_64_14,0.27887797355651855
FRAG_NEG_trNEGATIVE69210_19_14,0.5544555187225342
FRAG_NEG_trNEGATIVE95235_45_14,0.16831696033477783
FRAG_NEG_trNEGATIVE39632_2_14,0.3267327547073364
FRAG_NEG_trNEGATIVE65942_8_14,0.2871288061141968
FRAG_NEG_trNEGATIVE30703_54_14,0.574257493019104
FRAG_NEG_trNEGATIVE35346_2_14,0.07920801639556885
FRAG_NEG_trNEGATIVE74362_42_14,0.3069307804107666
FRAG_NEG_trNEGATIVE45049_23_14,0.08910906314849854
FRAG_NEG_trNEGATIVE55118_28_14,0.13861393928527832
FRAG_NEG_trNEGATIVE56201_24_14,0.3366338014602661
FRAG_NEG_trNEGATIVE84942_10_14,0.26732683181762695
FRAG_NEG_trNEGATIVE50740_39_14,0.42574262619018555
FRAG_NEG_trNEGATIVE28350_48_14,0.08910906314849854
FRAG_NEG_trNEGATIVE74918_31_14,0.1584160327911377
FRAG_NEG_trNEGATIVE61181_9_14,0.21782183647155762
FRAG_NEG_trNEGATIVE41475_75_14,0.19801998138427734
FRAG_NEG_trNEGATIVE57412_4_14,0.23762381076812744
FRAG_NEG_trNEGATIVE68895_21_14,0.20792090892791748
FRAG_NEG_trNEGATIVE45983_25_14,0.05940604209899902
FRAG_NEG_trNEGATIVE66632_71_14,0.06930708885192871
FRAG_NEG_trNEGATIVE40567_59_14,0.41584163904190063
FRAG_NEG_trNEGATIVE91227_29_14,0.44554460048675537
FRAG_NEG_trNEGATIVE59479_34_14,0.16831696033477783
FRAG_NEG_trNEGATIVE78280_4_14,0.3960396647453308
FRAG_NEG_trNEGATIVE61755_64_14,0.16831696033477783
FRAG_NEG_trNEGATIVE36370_8_14,0.2772277593612671
FRAG_NEG_trNEGATIVE90639_20_14,0.26732683181762695
FRAG_NEG_trNEGATIVE46203_13_14,0.019802212715148926
FRAG_NEG_trNEGATIVE44734_58_14,0.08910906314849854
FRAG_NEG_trNEGATIVE88112_54_14,0.24752485752105713
FRAG_NEG_trNEGATIVE57399_3_14,0.13861405849456787
FRAG_NEG_trNEGATIVE64234_19_14,0.029703140258789062
FRAG_NEG_trNEGATIVE71491_46_14,0.35643571615219116
FRAG_NEG_trNEGATIVE57900_29_14,0.17821800708770752
FRAG_NEG_trNEGATIVE69390_48_14,0.15841591358184814
FRAG_NEG_trNEGATIVE89334_38_14,0.13861393928527832
FRAG_NEG_trNEGATIVE43347_9_14,0.3168318271636963
FRAG_NEG_trNEGATIVE66730_44_14,0.21782195568084717
FRAG_NEG_trNEGATIVE52118_5_14,0.6138614416122437
FRAG_NEG_trNEGATIVE84715_31_14,0.3663367033004761
FRAG_NEG_trNEGATIVE95312_14_14,0.24752485752105713
FRAG_NEG_trNEGATIVE39947_37_14,0.13861393928527832
FRAG_NEG_trNEGATIVE60231_16_14,0.29702985286712646
FRAG_NEG_trNEGATIVE58984_14_14,0.0792081356048584
FRAG_NEG_trNEGATIVE87090_32_14,0.19801998138427734
FRAG_NEG_trNEGATIVE46248_6_14,0.12871301174163818
FRAG_NEG_trNEGATIVE56929_43_14,0.17821800708770752
FRAG_NEG_trNEGATIVE66120_43_14,0.20792090892791748
FRAG_NEG_trNEGATIVE48124_85_14,0.07920801639556885
FRAG_NEG_trNEGATIVE56576_33_14,0.3267327547073364
FRAG_NEG_trNEGATIVE75339_10_14,0.15841591358184814
FRAG_NEG_trNEGATIVE88310_36_14,0.16831696033477783
FRAG_NEG_trNEGATIVE75792_34_14,0.0792081356048584
FRAG_NEG_trNEGATIVE67063_53_14,0.6534653902053833
FRAG_NEG_trNEGATIVE48545_20_14,0.15841591358184814
FRAG_NEG_trNEGATIVE60264_3_14,0.12871301174163818
FRAG_NEG_trNEGATIVE37632_45_14,0.2574259042739868
FRAG_NEG_trNEGATIVE46297_24_14,0.04950511455535889
FRAG_NEG_trNEGATIVE81119_16_14,0.34653472900390625
FRAG_NEG_trNEGATIVE48904_82_14,0.35643571615219116
FRAG_NEG_trNEGATIVE67478_3_14,0.2277228832244873
FRAG_NEG_trNEGATIVE96717_16_14,0.3663367033004761
FRAG_NEG_trNEGATIVE32775_16_14,0.41584163904190063
FRAG_NEG_trNEGATIVE67613_23_14,0.2574259042739868
FRAG_NEG_trNEGATIVE43153_19_14,0.009901165962219238
FRAG_NEG_trNEGATIVE79113_65_14,0.2871288061141968
FRAG_NEG_trNEGATIVE67550_7_14,0.019802212715148926
FRAG_NEG_trNEGATIVE41179_43_14,0.23762381076812744
FRAG_NEG_trNEGATIVE46541_55_14,0.2772277593612671
FRAG_NEG_trNEGATIVE41975_15_14,0.029703140258789062
FRAG_NEG_trNEGATIVE93526_11_14,0.16831696033477783
FRAG_NEG_trNEGATIVE82174_14_14,0.059406161308288574
FRAG_NEG_trNEGATIVE71545_6_14,0.376237690448761
FRAG_NEG_trNEGATIVE68080_5_14,0.04950511455535889
FRAG_NEG_trNEGATIVE84468_20_14,0.03960418701171875
FRAG_NEG_trNEGATIVE73549_3_14,0.5346534848213196
FRAG_NEG_trNEGATIVE85227_31_14,0.17821800708770752
FRAG_NEG_trNEGATIVE51173_41_14,0.24752485752105713
FRAG_NEG_trNEGATIVE53121_20_14,0.0396040678024292
FRAG_NEG_trNEGATIVE59000_38_14,0.148514986038208
FRAG_NEG_trNEGATIVE70420_14_14,0.18811893463134766
FRAG_NEG_trNEGATIVE45410_5_14,0.24752485752105713
FRAG_NEG_trNEGATIVE72127_37_14,0.3663367033004761
FRAG_NEG_trNEGATIVE81950_40_14,0.148514986038208
FRAG_NEG_trNEGATIVE74123_7_14,0.09901010990142822
FRAG_NEG_trNEGATIVE74813_1_14,0.2277228832244873
FRAG_NEG_trNEGATIVE95270_22_14,0.25907599925994873
FRAG_NEG_trNEGATIVE65267_3_14,0.2970297336578369
FRAG_NEG_trNEGATIVE90528_48_14,0.33663374185562134
FRAG_NEG_trNEGATIVE67258_18_14,0.34653472900390625
FRAG_NEG_trNEGATIVE97554_2_14,0.1584160327911377
FRAG_NEG_trNEGATIVE84600_15_14,0.21782195568084717
FRAG_NEG_trNEGATIVE32308_4_14,0.07920801639556885
FRAG_NEG_trNEGATIVE43753_49_14,0.3168318271636963
FRAG_NEG_trNEGATIVE38121_25_14,0.059406161308288574
FRAG_NEG_trNEGATIVE89035_31_14,0.3960396647453308
FRAG_NEG_trNEGATIVE87228_16_14,0.0396040678024292
FRAG_NEG_trNEGATIVE42861_57_14,0.0396040678024292
FRAG_NEG_trNEGATIVE87419_24_14,0.15841591358184814
FRAG_NEG_trNEGATIVE57146_62_14,0.148514986038208
FRAG_NEG_trNEGATIVE50386_38_14,0.34653472900390625
FRAG_NEG_trNEGATIVE76374_19_14,0.1584160327911377
FRAG_NEG_trNEGATIVE28784_31_14,0.1980198621749878
FRAG_NEG_trNEGATIVE27683_60_14,0.21782183647155762
FRAG_NEG_trNEGATIVE49686_37_14,0.19801998138427734
FRAG_NEG_trNEGATIVE34962_57_14,0.27722787857055664
FRAG_NEG_trNEGATIVE57041_18_14,0.20792090892791748
FRAG_NEG_trNEGATIVE60173_25_14,0.35643571615219116
FRAG_NEG_trNEGATIVE47104_32_14,0.2970297336578369
FRAG_NEG_trNEGATIVE62722_7_14,0.20792090892791748
FRAG_NEG_trNEGATIVE70166_42_14,0.237623929977417
FRAG_NEG_trNEGATIVE93923_7_14,0.19801998138427734
FRAG_NEG_trNEGATIVE89605_63_14,0.17821788787841797
FRAG_NEG_trNEGATIVE39052_32_14,0.35643571615219116
FRAG_NEG_trNEGATIVE81668_79_14,0.11881208419799805
FRAG_NEG_trNEGATIVE41666_17_14,0.148514986038208
FRAG_NEG_trNEGATIVE80219_27_14,0.13861405849456787
FRAG_NEG_trNEGATIVE77203_44_14,0.24752485752105713
FRAG_NEG_trNEGATIVE43562_66_14,0.31188130378723145
FRAG_NEG_trNEGATIVE48190_34_14,0.23762381076812744
FRAG_NEG_trNEGATIVE49461_4_14,0.2871288061141968
FRAG_NEG_trNEGATIVE36332_52_14,0.03960418701171875
FRAG_NEG_trNEGATIVE64185_6_14,0.12871301174163818
FRAG_NEG_trNEGATIVE87097_1_14,0.019802212715148926
FRAG_NEG_trNEGATIVE78381_15_14,0.2772277593612671
FRAG_NEG_trNEGATIVE89035_36_14,0.3960396647453308
FRAG_NEG_trNEGATIVE33867_11_14,0.4653465747833252
FRAG_NEG_trNEGATIVE89651_12_14,0.10891103744506836
FRAG_NEG_trNEGATIVE60068_31_14,0.04950511455535889
FRAG_NEG_trNEGATIVE31409_56_14,0.06930708885192871
FRAG_NEG_trNEGATIVE59177_46_14,0.42574262619018555
FRAG_NEG_trNEGATIVE67582_47_14,0.1188119649887085
FRAG_NEG_trNEGATIVE92309_63_14,0.2772277593612671
FRAG_NEG_trNEGATIVE43350_26_14,0.17821788787841797
FRAG_NEG_trNEGATIVE33853_14_14,0.2277228832244873
FRAG_NEG_trNEGATIVE57664_69_14,0.1188119649887085
FRAG_NEG_trNEGATIVE67531_28_14,0.3069307804107666
FRAG_NEG_trNEGATIVE46582_25_14,0.0792081356048584
FRAG_NEG_trNEGATIVE90109_41_14,0.10891103744506836
FRAG_NEG_trNEGATIVE66240_2_14,0.29702985286712646
FRAG_NEG_trNEGATIVE33087_41_14,0.34653472900390625
FRAG_NEG_trNEGATIVE63422_24_14,0.13861405849456787
FRAG_NEG_trNEGATIVE71369_9_14,0.05940604209899902
FRAG_NEG_trNEGATIVE27564_58_14,0.3267327547073364
FRAG_NEG_trNEGATIVE41041_22_14,0.08910906314849854
FRAG_NEG_trNEGATIVE57313_18_14,0.10891103744506836
FRAG_NEG_trNEGATIVE60312_68_14,0.029703140258789062
FRAG_NEG_trNEGATIVE94208_14_14,0.24752485752105713
FRAG_NEG_trNEGATIVE38548_19_14,0.4653465747833252
FRAG_NEG_trNEGATIVE73049_50_14,0.29702985286712646
FRAG_NEG_trNEGATIVE38243_39_14,0.0792081356048584
FRAG_NEG_trNEGATIVE82223_1_14,0.21782183647155762
FRAG_NEG_trNEGATIVE52108_27_14,0.09900999069213867
FRAG_NEG_trNEGATIVE54736_8_14,0.3168318271636963
FRAG_NEG_trNEGATIVE83963_45_14,0.08910906314849854
FRAG_NEG_trNEGATIVE67856_20_14,0.29702985286712646
FRAG_NEG_trNEGATIVE63390_52_14,0.3960396647453308
FRAG_NEG_trNEGATIVE68331_14_14,1.1920928955078125e-07
FRAG_NEG_trNEGATIVE97116_45_14,0.148514986038208
FRAG_NEG_trNEGATIVE51121_51_14,0.4653465747833252
FRAG_NEG_trNEGATIVE69963_74_14,0.10891103744506836
FRAG_NEG_trNEGATIVE67653_4_14,0.21782183647155762
FRAG_NEG_trNEGATIVE70173_41_14,0.25742578506469727
FRAG_NEG_trNEGATIVE86670_9_14,0.376237690448761
FRAG_NEG_trNEGATIVE75499_78_14,0.08910906314849854
FRAG_NEG_trNEGATIVE31172_30_14,0.029703140258789062
FRAG_NEG_trNEGATIVE57492_28_14,0.13861405849456787
FRAG_NEG_trNEGATIVE67073_50_14,0.21782183647155762
FRAG_NEG_trNEGATIVE82564_31_14,0.06930708885192871
FRAG_NEG_trNEGATIVE89847_19_14,0.04950511455535889
FRAG_NEG_trNEGATIVE48139_6_14,0.148514986038208
FRAG_NEG_trNEGATIVE37858_11_14,0.06930708885192871
FRAG_NEG_trNEGATIVE73562_18_14,0.5247524976730347
FRAG_NEG_trNEGATIVE69162_0_14,0.16831696033477783
FRAG_NEG_trNEGATIVE70436_13_14,0.237623929977417
FRAG_NEG_trNEGATIVE88134_45_14,0.05940604209899902
FRAG_NEG_trNEGATIVE54440_26_14,0.18811893463134766
FRAG_NEG_trNEGATIVE67664_22_14,0.13861393928527832
FRAG_NEG_trNEGATIVE69193_22_14,0.237623929977417
FRAG_NEG_trNEGATIVE61619_2_14,0.20792090892791748
FRAG_NEG_trNEGATIVE82411_28_14,0.5643564462661743
FRAG_NEG_trNEGATIVE56869_24_14,0.20792090892791748
FRAG_NEG_trNEGATIVE42999_43_14,0.3217822313308716
FRAG_NEG_trNEGATIVE48267_47_14,0.1980198621749878
FRAG_NEG_trNEGATIVE29454_29_14,0.0396040678024292
FRAG_NEG_trNEGATIVE71049_5_14,0.31683170795440674
FRAG_NEG_trNEGATIVE90331_49_14,0.11881208419799805
FRAG_NEG_trNEGATIVE54980_29_14,0.09901010990142822
FRAG_NEG_trNEGATIVE89032_70_14,0.04950511455535889
FRAG_NEG_trNEGATIVE86806_23_14,0.26732683181762695
FRAG_NEG_trNEGATIVE90383_15_14,0.10891103744506836
FRAG_NEG_trNEGATIVE71696_22_14,0.23762381076812744
FRAG_NEG_trNEGATIVE80110_37_14,0.11881208419799805
FRAG_NEG_trNEGATIVE62597_15_14,0.20792090892791748
FRAG_NEG_trNEGATIVE33325_19_14,0.059406161308288574
FRAG_NEG_trNEGATIVE50424_20_14,0.10891103744506836
FRAG_NEG_trNEGATIVE97048_16_14,0.10891103744506836
FRAG_NEG_trNEGATIVE59029_9_14,0.21782183647155762
FRAG_NEG_trNEGATIVE73274_66_14,0.06930708885192871
FRAG_NEG_trNEGATIVE36533_18_14,0.21782183647155762
FRAG_NEG_trNEGATIVE43835_38_14,0.04950511455535889
FRAG_NEG_trNEGATIVE82321_68_14,0.17821800708770752
FRAG_NEG_trNEGATIVE44358_47_14,0.17821800708770752
FRAG_NEG_trNEGATIVE46694_3_14,0.12871301174163818
FRAG_NEG_trNEGATIVE80623_2_14,0.0792081356048584
FRAG_NEG_trNEGATIVE67438_53_14,0.3069307804107666
FRAG_NEG_trNEGATIVE79373_19_14,0.0792081356048584
FRAG_NEG_trNEGATIVE44086_0_14,0.3069307804107666
FRAG_NEG_trNEGATIVE62117_47_14,0.18811893463134766
FRAG_NEG_trNEGATIVE41912_21_14,0.16831696033477783
FRAG_NEG_trNEGATIVE67337_3_14,0.3267327547073364
FRAG_NEG_trNEGATIVE72940_15_14,0.10891103744506836
FRAG_NEG_trNEGATIVE79402_34_14,0.376237690448761
FRAG_NEG_trNEGATIVE57313_49_14,0.7326732873916626
FRAG_NEG_trNEGATIVE96358_48_14,0.21782183647155762
FRAG_NEG_trNEGATIVE39612_29_14,0.2871288061141968
FRAG_NEG_trNEGATIVE53667_69_14,0.12871301174163818
FRAG_NEG_trNEGATIVE82214_55_14,0.06930708885192871
FRAG_NEG_trNEGATIVE46990_24_14,0.16831696033477783
FRAG_NEG_trNEGATIVE61813_30_14,0.07920801639556885
FRAG_NEG_trNEGATIVE84830_22_14,0.7524752616882324
FRAG_NEG_trNEGATIVE90237_34_14,0.5049505233764648
FRAG_NEG_trNEGATIVE53580_44_14,0.35643571615219116
FRAG_NEG_trNEGATIVE62042_55_14,0.2970297336578369
FRAG_NEG_trNEGATIVE70429_63_14,0.31435656547546387
FRAG_NEG_trNEGATIVE88055_31_14,0.06930708885192871
FRAG_NEG_trNEGATIVE77208_19_14,0.20792090892791748
FRAG_NEG_trNEGATIVE64314_65_14,0.08910906314849854
FRAG_NEG_trNEGATIVE93293_13_14,0.21782183647155762
FRAG_NEG_trNEGATIVE69184_12_14,0.4059406518936157
FRAG_NEG_trNEGATIVE49141_21_14,0.12871301174163818
FRAG_NEG_trNEGATIVE62082_61_14,0.04950511455535889
FRAG_NEG_trNEGATIVE49248_27_14,0.1188119649887085
FRAG_NEG_trNEGATIVE41384_6_14,0.2871288061141968
FRAG_NEG_trNEGATIVE76813_15_14,0.22277235984802246
FRAG_NEG_trNEGATIVE40162_11_14,0.059406161308288574
FRAG_NEG_trNEGATIVE76036_20_14,0.009901165962219238
FRAG_NEG_trNEGATIVE47531_57_14,0.18811893463134766
FRAG_NEG_trNEGATIVE45177_47_14,0.148514986038208
FRAG_NEG_trNEGATIVE77648_36_14,0.148514986038208
FRAG_NEG_trNEGATIVE45635_40_14,0.13861393928527832
FRAG_NEG_trNEGATIVE43562_0_14,0.3663367033004761
FRAG_NEG_trNEGATIVE54558_8_14,0.0792081356048584
FRAG_NEG_trNEGATIVE80421_40_14,0.2772277593612671
FRAG_NEG_trNEGATIVE90579_64_14,0.08910906314849854
FRAG_NEG_trNEGATIVE53064_39_14,0.2871288061141968
FRAG_NEG_trNEGATIVE54945_45_14,0.20792090892791748
FRAG_NEG_trNEGATIVE53238_11_14,0.23762381076812744
FRAG_NEG_trNEGATIVE43439_28_14,0.1980198621749878
FRAG_NEG_trNEGATIVE86731_54_14,0.17821800708770752
FRAG_NEG_trNEGATIVE89141_59_14,0.3861386775970459
FRAG_NEG_trNEGATIVE93804_7_14,0.4653465747833252
FRAG_NEG_trNEGATIVE48694_73_14,0.059406161308288574
FRAG_NEG_trNEGATIVE34429_12_14,0.1584160327911377
FRAG_NEG_trNEGATIVE50308_38_14,0.029703140258789062
FRAG_NEG_trNEGATIVE97456_6_14,0.16831696033477783
FRAG_NEG_trNEGATIVE43562_27_14,0.20792090892791748
FRAG_NEG_trNEGATIVE80759_16_14,0.5049505233764648
FRAG_NEG_trNEGATIVE29363_14_14,0.04950511455535889
FRAG_NEG_trNEGATIVE85498_27_14,0.16831696033477783
FRAG_NEG_trNEGATIVE65938_53_14,0.08910906314849854
FRAG_NEG_trNEGATIVE60316_12_14,0.10891103744506836
FRAG_NEG_trNEGATIVE55617_23_14,0.10891103744506836
FRAG_NEG_trNEGATIVE63626_14_14,0.3069307804107666
FRAG_NEG_trNEGATIVE95524_35_14,0.2277228832244873
FRAG_NEG_trNEGATIVE86452_51_14,0.019802093505859375
FRAG_NEG_trNEGATIVE63359_46_14,0.059406161308288574
FRAG_NEG_trNEGATIVE95342_49_14,0.08910906314849854
FRAG_NEG_trNEGATIVE57649_24_14,0.09900999069213867
FRAG_NEG_trNEGATIVE52524_56_14,0.1584160327911377
FRAG_NEG_trNEGATIVE74573_15_14,0.0792081356048584
FRAG_NEG_trNEGATIVE70382_76_14,0.12871301174163818
FRAG_NEG_trNEGATIVE36394_19_14,0.4950495958328247
FRAG_NEG_trNEGATIVE53486_39_14,0.0792081356048584
FRAG_NEG_trNEGATIVE28057_40_14,0.11881208419799805
FRAG_NEG_trNEGATIVE59922_35_14,0.059406161308288574
FRAG_NEG_trNEGATIVE39801_12_14,0.18811893463134766
FRAG_NEG_trNEGATIVE32522_40_14,0.237623929977417
FRAG_NEG_trNEGATIVE80087_59_14,0.3069307804107666
FRAG_NEG_trNEGATIVE74862_50_14,0.04950511455535889
FRAG_NEG_trNEGATIVE54373_31_14,0.24752485752105713
FRAG_NEG_trNEGATIVE78051_25_14,0.09901010990142822
FRAG_NEG_trNEGATIVE77342_39_14,0.1188119649887085
FRAG_NEG_trNEGATIVE41837_26_14,0.1188119649887085
FRAG_NEG_trNEGATIVE34625_41_14,0.148514986038208
FRAG_NEG_trNEGATIVE81496_42_14,0.11881208419799805
FRAG_NEG_trNEGATIVE37614_50_14,0.12871301174163818
FRAG_NEG_trNEGATIVE47298_61_14,0.34653472900390625
FRAG_NEG_trNEGATIVE32744_9_14,0.2277228832244873
FRAG_NEG_trNEGATIVE62037_43_14,0.03960418701171875
FRAG_NEG_trNEGATIVE59017_83_14,0.2277228832244873
FRAG_NEG_trNEGATIVE54521_41_14,0.3960396647453308
FRAG_NEG_trNEGATIVE36783_14_14,0.10891103744506836
FRAG_NEG_trNEGATIVE52934_57_14,0.2871288061141968
FRAG_NEG_trNEGATIVE68769_52_14,0.059406161308288574
FRAG_NEG_trNEGATIVE54781_31_14,0.04950511455535889
FRAG_NEG_trNEGATIVE82900_13_14,0.6237623691558838
FRAG_NEG_trNEGATIVE35180_51_14,0.21782195568084717
FRAG_NEG_trNEGATIVE34592_13_14,0.17821788787841797
FRAG_NEG_trNEGATIVE96654_24_14,0.18811893463134766
FRAG_NEG_trNEGATIVE57964_42_14,0.5643564462661743
FRAG_NEG_trNEGATIVE87776_27_14,0.029703140258789062
FRAG_NEG_trNEGATIVE81685_15_14,0.019802093505859375
FRAG_NEG_trNEGATIVE94727_47_14,0.07920801639556885
FRAG_NEG_trNEGATIVE88995_44_14,0.17821800708770752
FRAG_NEG_trNEGATIVE81604_49_14,1.1920928955078125e-07
FRAG_NEG_trNEGATIVE55026_75_14,0.06930708885192871
FRAG_NEG_trNEGATIVE39874_12_14,0.35643571615219116
FRAG_NEG_trNEGATIVE42620_65_14,0.3886139392852783
FRAG_NEG_trNEGATIVE96080_36_14,0.20297038555145264
FRAG_NEG_trNEGATIVE30440_15_14,0.42574262619018555
FRAG_NEG_trNEGATIVE43838_18_14,0.06930708885192871
FRAG_NEG_trNEGATIVE53270_21_14,0.49752479791641235
FRAG_NEG_trNEGATIVE70042_18_14,0.26732683181762695
FRAG_NEG_trNEGATIVE60182_37_14,0.3960396647453308
FRAG_NEG_trNEGATIVE60969_11_14,0.029703140258789062
FRAG_NEG_trNEGATIVE59291_71_14,0.339108943939209
FRAG_NEG_trNEGATIVE67437_44_14,0.08910906314849854
FRAG_NEG_trNEGATIVE32778_10_14,0.12871301174163818
FRAG_NEG_trNEGATIVE31811_42_14,0.34653472900390625
FRAG_NEG_trNEGATIVE70996_42_14,0.1188119649887085
FRAG_NEG_trNEGATIVE88698_4_14,0.3267327547073364
FRAG_NEG_trNEGATIVE55106_65_14,0.1584160327911377
FRAG_NEG_trNEGATIVE60145_17_14,0.237623929977417
FRAG_NEG_trNEGATIVE86228_39_14,0.3069307804107666
FRAG_NEG_trNEGATIVE72353_38_14,0.20792090892791748
FRAG_NEG_trNEGATIVE40545_8_14,0.4207921028137207
FRAG_NEG_trNEGATIVE80519_6_14,0.3168318271636963
FRAG_NEG_trNEGATIVE74849_26_14,0.5544555187225342
FRAG_NEG_trNEGATIVE38842_16_14,0.04950511455535889
FRAG_NEG_trNEGATIVE50082_14_14,0.029703140258789062
FRAG_NEG_trNEGATIVE81858_24_14,0.5643564462661743
FRAG_NEG_trNEGATIVE86735_41_14,0.09900999069213867
FRAG_NEG_trNEGATIVE43129_4_14,0.059406161308288574
FRAG_NEG_trNEGATIVE78433_73_14,0.07920801639556885
FRAG_NEG_trNEGATIVE61773_46_14,0.12871301174163818
FRAG_NEG_trNEGATIVE59922_15_14,0.5841584205627441
FRAG_NEG_trNEGATIVE77081_53_14,0.08910906314849854
FRAG_NEG_trNEGATIVE83216_38_14,0.15841591358184814
FRAG_NEG_trNEGATIVE54977_6_14,0.24752485752105713
FRAG_NEG_trNEGATIVE71388_24_14,0.20792090892791748
FRAG_NEG_trNEGATIVE27596_24_14,0.17821788787841797
FRAG_NEG_trNEGATIVE44461_30_14,0.06930708885192871
FRAG_NEG_trNEGATIVE53976_30_14,0.3836634159088135
FRAG_NEG_trNEGATIVE70403_20_14,0.2871288061141968
FRAG_NEG_trNEGATIVE35915_40_14,0.3267327547073364
FRAG_NEG_trNEGATIVE89141_11_14,0.05940604209899902
FRAG_NEG_trNEGATIVE88499_57_14,0.34653472900390625
FRAG_NEG_trNEGATIVE93589_21_14,0.2871288061141968
FRAG_NEG_trNEGATIVE79069_25_14,0.04950511455535889
FRAG_NEG_trNEGATIVE60123_54_14,0.10891103744506836
FRAG_NEG_trNEGATIVE94760_40_14,0.237623929977417
FRAG_NEG_trNEGATIVE70990_25_14,0.04950511455535889
FRAG_NEG_trNEGATIVE60084_32_14,0.04950511455535889
FRAG_NEG_trNEGATIVE42081_3_14,0.6237623691558838
FRAG_NEG_trNEGATIVE36290_63_14,0.06930708885192871
FRAG_NEG_trNEGATIVE96532_38_14,0.37376242876052856
FRAG_NEG_trNEGATIVE51155_66_14,0.17821800708770752
FRAG_NEG_trNEGATIVE33313_6_14,0.2970297336578369
FRAG_NEG_trNEGATIVE94910_46_14,0.3861386775970459
FRAG_NEG_trNEGATIVE32993_14_14,0.04950511455535889
FRAG_NEG_trNEGATIVE46198_7_14,0.5841584205627441
FRAG_NEG_trNEGATIVE82858_20_14,0.33663374185562134
FRAG_NEG_trNEGATIVE38480_4_14,0.08910906314849854
FRAG_NEG_trNEGATIVE39256_15_14,0.09900999069213867
FRAG_NEG_trNEGATIVE42436_60_14,0.04950511455535889
FRAG_NEG_trNEGATIVE70307_5_14,0.34653472900390625
FRAG_NEG_trNEGATIVE84051_53_14,0.2970297336578369
FRAG_NEG_trNEGATIVE87318_16_14,0.34653472900390625
FRAG_NEG_trNEGATIVE42861_35_14,0.019802212715148926
FRAG_NEG_trNEGATIVE29314_23_14,0.029703140258789062
FRAG_NEG_trNEGATIVE74632_82_14,0.25742578506469727
FRAG_NEG_trNEGATIVE73158_18_14,0.07920801639556885
FRAG_NEG_trNEGATIVE90902_35_14,0.3861386775970459
FRAG_NEG_trNEGATIVE93264_12_14,0.18811893463134766
FRAG_NEG_trNEGATIVE83217_56_14,0.03960418701171875
FRAG_NEG_trNEGATIVE63614_51_14,0.24752485752105713
FRAG_NEG_trNEGATIVE91583_65_14,0.13861405849456787
FRAG_NEG_trNEGATIVE67122_64_14,0.0396040678024292
FRAG_NEG_trNEGATIVE69773_40_14,0.3069307804107666
FRAG_NEG_trNEGATIVE88773_64_14,0.34653472900390625
FRAG_NEG_trNEGATIVE93598_27_14,0.5940594673156738
FRAG_NEG_trNEGATIVE81670_8_14,0.2970297336578369
FRAG_NEG_trNEGATIVE85676_66_14,0.21782195568084717
FRAG_NEG_trNEGATIVE37824_56_14,0.20792090892791748
FRAG_NEG_trNEGATIVE64723_21_14,0.09901010990142822
FRAG_NEG_trNEGATIVE55790_48_14,0.25742578506469727
FRAG_NEG_trNEGATIVE67554_34_14,0.4059406518936157
FRAG_NEG_trNEGATIVE74526_17_14,0.10891103744506836
FRAG_NEG_trNEGATIVE94813_17_14,0.3267327547073364
FRAG_NEG_trNEGATIVE49200_61_14,0.148514986038208
FRAG_NEG_trNEGATIVE71200_10_14,0.34653472900390625
FRAG_NEG_trNEGATIVE63531_32_14,0.31683170795440674
FRAG_NEG_trNEGATIVE42257_1_14,0.09900999069213867
FRAG_NEG_trNEGATIVE58051_65_14,0.2772277593612671
FRAG_NEG_trNEGATIVE33924_8_14,0.2277228832244873
FRAG_NEG_trNEGATIVE51730_39_14,0.3630363941192627
FRAG_NEG_trNEGATIVE77057_23_14,0.0792081356048584
FRAG_NEG_trNEGATIVE47349_40_14,0.41584163904190063
FRAG_NEG_trNEGATIVE74800_2_14,0.2277228832244873
FRAG_NEG_trNEGATIVE72588_16_14,0.06930708885192871
FRAG_NEG_trNEGATIVE60231_33_14,0.4950495958328247
FRAG_NEG_trNEGATIVE89605_79_14,0.06930708885192871
FRAG_NEG_trNEGATIVE69793_25_14,0.26732683181762695
FRAG_NEG_trNEGATIVE94663_33_14,0.1188119649887085
FRAG_NEG_trNEGATIVE83538_59_14,0.25742578506469727
FRAG_NEG_trNEGATIVE55569_10_14,0.26732683181762695
FRAG_NEG_trNEGATIVE29717_22_14,0.20792090892791748
FRAG_NEG_trNEGATIVE45456_42_14,0.0396040678024292
FRAG_NEG_trNEGATIVE62725_21_14,0.16831696033477783
FRAG_NEG_trNEGATIVE78869_52_14,0.08910906314849854
FRAG_NEG_trNEGATIVE69451_2_14,0.059406161308288574
FRAG_NEG_trNEGATIVE46113_2_14,0.029703140258789062
FRAG_NEG_trNEGATIVE54305_23_14,0.3861386775970459
FRAG_NEG_trNEGATIVE63103_23_14,0.2277228832244873
FRAG_NEG_trNEGATIVE39466_63_14,0.21782195568084717
FRAG_NEG_trNEGATIVE83834_17_14,0.08910906314849854
FRAG_NEG_trNEGATIVE55322_57_14,0.09901010990142822
FRAG_NEG_trNEGATIVE77009_49_14,0.009901165962219238
FRAG_NEG_trNEGATIVE50432_28_14,0.43564361333847046
FRAG_NEG_trNEGATIVE50802_3_14,0.1584160327911377
FRAG_NEG_trNEGATIVE60471_47_14,0.485148549079895
FRAG_NEG_trNEGATIVE29659_55_14,0.15841591358184814
FRAG_NEG_trNEGATIVE85227_20_14,0.0396040678024292
FRAG_NEG_trNEGATIVE33057_51_14,0.148514986038208
FRAG_NEG_trNEGATIVE92336_29_14,0.16831696033477783
FRAG_NEG_trNEGATIVE52307_4_14,0.26732683181762695
FRAG_NEG_trNEGATIVE96265_30_14,0.2871288061141968
FRAG_NEG_trNEGATIVE83584_10_14,0.13861405849456787
FRAG_NEG_trNEGATIVE84891_5_14,0.237623929977417
FRAG_NEG_trNEGATIVE67361_28_14,0.49009907245635986
FRAG_NEG_trNEGATIVE77612_32_14,0.2277228832244873
FRAG_NEG_trNEGATIVE86735_36_14,0.16831696033477783
FRAG_NEG_trNEGATIVE44725_68_14,0.3069307804107666
FRAG_NEG_trNEGATIVE54015_5_14,0.13861393928527832
FRAG_NEG_trNEGATIVE49112_25_14,0.376237690448761
FRAG_NEG_trNEGATIVE49112_30_14,0.4752475619316101
FRAG_NEG_trNEGATIVE38389_19_14,0.3168317675590515
FRAG_NEG_trNEGATIVE39276_20_14,0.18811893463134766
FRAG_NEG_trNEGATIVE89874_52_14,0.5049505233764648
FRAG_NEG_trNEGATIVE68229_12_14,0.17821788787841797
FRAG_NEG_trNEGATIVE42658_10_14,0.37623775005340576
FRAG_NEG_trNEGATIVE37068_69_14,0.05940604209899902
FRAG_NEG_trNEGATIVE68881_19_14,0.20792090892791748
FRAG_NEG_trNEGATIVE27728_3_14,0.4059406518936157
FRAG_NEG_trNEGATIVE76248_49_14,0.34653472900390625
FRAG_NEG_trNEGATIVE31586_4_14,0.33663374185562134
FRAG_NEG_trNEGATIVE44652_1_14,0.26732683181762695
FRAG_NEG_trNEGATIVE60950_1_14,0.10891103744506836
FRAG_NEG_trNEGATIVE56579_61_14,0.18811893463134766
FRAG_NEG_trNEGATIVE54445_15_14,0.1980198621749878
FRAG_NEG_trNEGATIVE45657_0_14,0.20792090892791748
FRAG_NEG_trNEGATIVE71305_57_14,0.24752485752105713
FRAG_NEG_trNEGATIVE70089_12_14,0.3960396647453308
FRAG_NEG_trNEGATIVE55240_63_14,0.5049505233764648
FRAG_NEG_trNEGATIVE37733_48_14,0.2277228832244873
FRAG_NEG_trNEGATIVE80900_37_14,0.16831696033477783
FRAG_NEG_trNEGATIVE73717_44_14,0.2772277593612671
FRAG_NEG_trNEGATIVE67429_20_14,0.11881208419799805
FRAG_NEG_trNEGATIVE64633_47_14,0.1584160327911377
FRAG_NEG_trNEGATIVE73407_5_14,0.4059406518936157
FRAG_NEG_trNEGATIVE78452_4_14,0.33663368225097656
FRAG_NEG_trNEGATIVE83834_3_14,0.2871288061141968
FRAG_NEG_trNEGATIVE73274_47_14,0.11881208419799805
FRAG_NEG_trNEGATIVE33532_39_14,0.06930708885192871
FRAG_NEG_trNEGATIVE69793_18_14,0.2970297932624817
FRAG_NEG_trNEGATIVE37632_66_14,0.41584163904190063
FRAG_NEG_trNEGATIVE85227_3_14,0.04950511455535889
FRAG_NEG_trNEGATIVE88544_23_14,0.237623929977417
FRAG_NEG_trNEGATIVE35400_38_14,0.04950511455535889
FRAG_NEG_trNEGATIVE39691_12_14,0.05940604209899902
FRAG_NEG_trNEGATIVE92077_37_14,0.019802093505859375
FRAG_NEG_trNEGATIVE79002_33_14,0.4752475619316101
FRAG_NEG_trNEGATIVE85542_26_14,0.26732683181762695
FRAG_NEG_trNEGATIVE40981_58_14,0.2970297336578369
FRAG_NEG_trNEGATIVE45643_2_14,0.15841591358184814
FRAG_NEG_trNEGATIVE52537_25_14,0.03960418701171875
FRAG_NEG_trNEGATIVE71828_31_14,0.2871288061141968
FRAG_NEG_trNEGATIVE89161_30_14,0.4653465747833252
FRAG_NEG_trNEGATIVE44278_19_14,0.12871301174163818
FRAG_NEG_trNEGATIVE93420_75_14,0.13366353511810303
FRAG_NEG_trNEGATIVE41228_37_14,0.019802093505859375
FRAG_NEG_trNEGATIVE35994_6_14,0.08910906314849854
FRAG_NEG_trNEGATIVE49489_46_14,0.376237690448761
FRAG_NEG_trNEGATIVE37274_44_14,0.029703140258789062
FRAG_NEG_trNEGATIVE85055_57_14,0.08910906314849854
FRAG_NEG_trNEGATIVE91162_4_14,0.42574262619018555
FRAG_NEG_trNEGATIVE70019_17_14,0.059406161308288574
FRAG_NEG_trNEGATIVE28508_33_14,0.18811893463134766
FRAG_NEG_trNEGATIVE67115_25_14,0.07920801639556885
FRAG_NEG_trNEGATIVE30870_29_14,0.29207926988601685
FRAG_NEG_trNEGATIVE81605_9_14,0.18811893463134766
FRAG_NEG_trNEGATIVE54604_4_14,0.148514986038208
FRAG_NEG_trNEGATIVE89126_0_14,0.019802093505859375
FRAG_NEG_trNEGATIVE80226_41_14,0.3960396647453308
FRAG_NEG_trNEGATIVE28766_69_14,0.15841591358184814
FRAG_NEG_trNEGATIVE53317_37_14,0.1188119649887085
FRAG_NEG_trNEGATIVE32040_72_14,0.1980198621749878
FRAG_NEG_trNEGATIVE57112_15_14,0.26732683181762695
FRAG_NEG_trNEGATIVE68443_19_14,0.059406161308288574
FRAG_NEG_trNEGATIVE78677_75_14,0.2277228832244873
FRAG_NEG_trNEGATIVE44974_9_14,0.08910906314849854
FRAG_NEG_trNEGATIVE64850_37_14,0.26732683181762695
FRAG_NEG_trNEGATIVE53980_1_14,0.2277228832244873
FRAG_NEG_trNEGATIVE37172_30_14,0.26732683181762695
FRAG_NEG_trNEGATIVE70700_29_14,0.33663374185562134
FRAG_NEG_trNEGATIVE95603_73_14,0.06930708885192871
FRAG_NEG_trNEGATIVE78344_49_14,0.23762381076812744
FRAG_NEG_trNEGATIVE35777_4_14,0.4059406518936157
FRAG_NEG_trNEGATIVE38806_37_14,0.21782195568084717
FRAG_NEG_trNEGATIVE60384_5_14,0.05940604209899902
FRAG_NEG_trNEGATIVE95559_72_14,0.08910906314849854
FRAG_NEG_trNEGATIVE47846_28_14,0.06930708885192871
FRAG_NEG_trNEGATIVE79133_19_14,0.6138614416122437
FRAG_NEG_trNEGATIVE62283_9_14,0.3267327547073364
FRAG_NEG_trNEGATIVE35081_50_14,0.019802212715148926
FRAG_NEG_trNEGATIVE48743_26_14,0.5049505233764648
FRAG_NEG_trNEGATIVE63442_21_14,0.3168317675590515
FRAG_NEG_trNEGATIVE36482_64_14,0.29702985286712646
FRAG_NEG_trNEGATIVE84633_44_14,0.2871288061141968
FRAG_NEG_trNEGATIVE44126_68_14,0.029703140258789062
FRAG_NEG_trNEGATIVE69422_6_14,0.04950511455535889
FRAG_NEG_trNEGATIVE68670_56_14,0.17821788787841797
FRAG_NEG_trNEGATIVE53461_32_14,0.1980198621749878
FRAG_NEG_trNEGATIVE77307_19_14,0.4752475619316101
FRAG_NEG_trNEGATIVE79387_29_14,0.3861386775970459
FRAG_NEG_trNEGATIVE37218_5_14,0.10891103744506836
FRAG_NEG_trNEGATIVE56708_33_14,0.44554460048675537
FRAG_NEG_trNEGATIVE39543_38_14,0.26732683181762695
FRAG_NEG_trNEGATIVE56297_4_14,0.5247524976730347
FRAG_NEG_trNEGATIVE53242_2_14,0.20792090892791748
FRAG_NEG_trNEGATIVE64403_12_14,0.13861405849456787
FRAG_NEG_trNEGATIVE50656_27_14,0.18811893463134766
FRAG_NEG_trNEGATIVE42246_51_14,0.10891103744506836
FRAG_NEG_trNEGATIVE60410_61_14,0.2277228832244873
FRAG_NEG_trNEGATIVE60832_44_14,0.2574259042739868
FRAG_NEG_trNEGATIVE97129_17_14,0.12871301174163818
FRAG_NEG_trNEGATIVE62578_23_14,0.4752476215362549
FRAG_NEG_trNEGATIVE89028_23_14,0.07920801639556885
FRAG_NEG_trNEGATIVE32688_24_14,0.009901165962219238
FRAG_NEG_trNEGATIVE50749_58_14,0.148514986038208
FRAG_NEG_trNEGATIVE69957_48_14,0.4059406518936157
FRAG_NEG_trNEGATIVE96224_34_14,0.12871301174163818
FRAG_NEG_trNEGATIVE29147_12_14,0.3861386775970459
FRAG_NEG_trNEGATIVE60898_12_14,0.148514986038208
FRAG_NEG_trNEGATIVE89226_2_14,0.04950511455535889
FRAG_NEG_trNEGATIVE27764_15_14,0.3960396647453308
FRAG_NEG_trNEGATIVE81329_49_14,0.0396040678024292
FRAG_NEG_trNEGATIVE94421_33_14,0.0792081356048584
FRAG_NEG_trNEGATIVE92408_46_14,0.11881208419799805
FRAG_NEG_trNEGATIVE48370_48_14,0.18811893463134766
FRAG_NEG_trNEGATIVE38411_27_14,0.08910906314849854
FRAG_NEG_trNEGATIVE83654_58_14,0.10891103744506836
FRAG_NEG_trNEGATIVE28072_9_14,0.1584160327911377
FRAG_NEG_trNEGATIVE45921_1_14,0.2871288061141968
FRAG_NEG_trNEGATIVE84415_52_14,0.5247524976730347
FRAG_NEG_trNEGATIVE83994_74_14,0.4405940771102905
FRAG_NEG_trNEGATIVE92161_25_14,0.4950495958328247
FRAG_NEG_trNEGATIVE30131_43_14,0.24257433414459229
FRAG_NEG_trNEGATIVE28729_24_14,0.148514986038208
FRAG_NEG_trNEGATIVE84118_6_14,0.18811893463134766
FRAG_NEG_trNEGATIVE82273_7_14,0.1188119649887085
FRAG_NEG_trNEGATIVE69614_15_14,0.09900999069213867
FRAG_NEG_trNEGATIVE48791_44_14,0.3960396647453308
FRAG_NEG_trNEGATIVE86198_11_14,0.13861405849456787
FRAG_NEG_trNEGATIVE72240_84_14,0.09900999069213867
FRAG_NEG_trNEGATIVE52457_8_14,0.10891103744506836
FRAG_NEG_trNEGATIVE28617_35_14,0.11881208419799805
FRAG_NEG_trNEGATIVE54956_35_14,0.5346534848213196
FRAG_NEG_trNEGATIVE28727_38_14,0.21782183647155762
FRAG_NEG_trNEGATIVE54011_15_14,0.148514986038208
FRAG_NEG_trNEGATIVE46947_58_14,0.11881208419799805
FRAG_NEG_trNEGATIVE62843_45_14,0.029703140258789062
FRAG_NEG_trNEGATIVE54212_8_14,0.2698020935058594
FRAG_NEG_trNEGATIVE77603_63_14,0.029703140258789062
FRAG_NEG_trNEGATIVE47441_70_14,0.3168317675590515
FRAG_NEG_trNEGATIVE94877_82_14,0.2871288061141968
FRAG_NEG_trNEGATIVE85142_43_14,0.26732683181762695
FRAG_NEG_trNEGATIVE59542_9_14,0.35643571615219116
FRAG_NEG_trNEGATIVE45334_63_14,0.09901010990142822
FRAG_NEG_trNEGATIVE34154_1_14,0.16831696033477783
FRAG_NEG_trNEGATIVE81073_25_14,0.5643564462661743
FRAG_NEG_trNEGATIVE70735_59_14,0.13861393928527832
FRAG_NEG_trNEGATIVE39002_82_14,0.2574259042739868
FRAG_NEG_trNEGATIVE83073_54_14,0.19801998138427734
FRAG_NEG_trNEGATIVE52026_31_14,0.4554455876350403
FRAG_NEG_trNEGATIVE38089_13_14,0.029703140258789062
FRAG_NEG_trNEGATIVE38406_16_14,0.148514986038208
FRAG_NEG_trNEGATIVE53976_41_14,0.21782195568084717
FRAG_NEG_trNEGATIVE78222_77_14,0.16831696033477783
FRAG_NEG_trNEGATIVE93966_13_14,0.5841584205627441
FRAG_NEG_trNEGATIVE64549_41_14,0.09900999069213867
FRAG_NEG_trNEGATIVE38934_30_14,0.05940604209899902
FRAG_NEG_trNEGATIVE55790_52_14,0.05940604209899902
FRAG_NEG_trNEGATIVE64817_27_14,0.42574262619018555
FRAG_NEG_trNEGATIVE53270_5_14,0.43564361333847046
FRAG_NEG_trNEGATIVE28212_40_14,0.24752485752105713
FRAG_NEG_trNEGATIVE49328_18_14,0.20792090892791748
FRAG_NEG_trNEGATIVE49465_10_14,0.019802212715148926
FRAG_NEG_trNEGATIVE85488_39_14,0.4059406518936157
FRAG_NEG_trNEGATIVE75785_5_14,0.1188119649887085
FRAG_NEG_trNEGATIVE83115_3_14,0.148514986038208
FRAG_NEG_trNEGATIVE69836_46_14,0.3663367033004761
FRAG_NEG_trNEGATIVE40968_39_14,0.2277228832244873
FRAG_NEG_trNEGATIVE67443_47_14,0.12871301174163818
FRAG_NEG_trNEGATIVE36533_25_14,0.25742578506469727
FRAG_NEG_trNEGATIVE36637_40_14,0.3069307804107666
FRAG_NEG_trNEGATIVE64192_22_14,0.1980198621749878
FRAG_NEG_trNEGATIVE80590_26_14,0.24752485752105713
FRAG_NEG_trNEGATIVE83505_14_14,0.07920801639556885
FRAG_NEG_trNEGATIVE92064_69_14,0.2574259042739868
FRAG_NEG_trNEGATIVE67227_46_14,0.3366338014602661
FRAG_NEG_trNEGATIVE61357_52_15,0.13861393928527832
FRAG_NEG_trNEGATIVE73016_56_15,0.2772277593612671
FRAG_NEG_trNEGATIVE86357_6_15,0.2772277593612671
FRAG_NEG_trNEGATIVE82228_1_15,0.2871288061141968
FRAG_NEG_trNEGATIVE58145_23_15,0.16831696033477783
FRAG_NEG_trNEGATIVE85376_56_15,0.24752485752105713
FRAG_NEG_trNEGATIVE58835_56_15,0.2277228832244873
FRAG_NEG_trNEGATIVE59192_1_15,0.17821800708770752
FRAG_NEG_trNEGATIVE74458_50_15,0.27722787857055664
FRAG_NEG_trNEGATIVE29951_18_15,0.059406161308288574
FRAG_NEG_trNEGATIVE52972_55_15,0.20792090892791748
FRAG_NEG_trNEGATIVE51911_22_15,0.059406161308288574
FRAG_NEG_trNEGATIVE82223_29_15,0.24752485752105713
FRAG_NEG_trNEGATIVE66816_5_15,0.04950511455535889
FRAG_NEG_trNEGATIVE69210_19_15,0.5148515701293945
FRAG_NEG_trNEGATIVE86087_52_15,0.18811893463134766
FRAG_NEG_trNEGATIVE74347_46_15,0.5445544719696045
FRAG_NEG_trNEGATIVE82740_16_15,0.27722787857055664
FRAG_NEG_trNEGATIVE54050_69_15,0.05940604209899902
FRAG_NEG_trNEGATIVE77802_11_15,0.07920801639556885
FRAG_NEG_trNEGATIVE45865_18_15,0.12871301174163818
FRAG_NEG_trNEGATIVE74461_40_15,0.26732683181762695
FRAG_NEG_trNEGATIVE33176_50_15,0.35643571615219116
FRAG_NEG_trNEGATIVE92796_0_15,0.4059406518936157
FRAG_NEG_trNEGATIVE76726_78_15,0.19801998138427734
FRAG_NEG_trNEGATIVE39678_47_15,0.1584160327911377
FRAG_NEG_trNEGATIVE40637_31_15,0.5643564462661743
FRAG_NEG_trNEGATIVE81211_16_15,0.23762381076812744
FRAG_NEG_trNEGATIVE58691_15_15,0.11881208419799805
FRAG_NEG_trNEGATIVE79947_79_15,0.16831696033477783
FRAG_NEG_trNEGATIVE40424_20_15,0.11881208419799805
FRAG_NEG_trNEGATIVE96309_9_15,0.26732683181762695
FRAG_NEG_trNEGATIVE31413_37_15,0.04950511455535889
FRAG_NEG_trNEGATIVE58276_25_15,0.26732683181762695
FRAG_NEG_trNEGATIVE85063_72_15,0.4059406518936157
FRAG_NEG_trNEGATIVE60220_14_15,0.27722787857055664
FRAG_NEG_trNEGATIVE40564_19_15,0.11881208419799805
FRAG_NEG_trNEGATIVE53156_45_15,0.09901010990142822
FRAG_NEG_trNEGATIVE61357_16_15,0.11881208419799805
FRAG_NEG_trNEGATIVE52013_47_15,0.25742578506469727
FRAG_NEG_trNEGATIVE39002_46_15,0.08910906314849854
FRAG_NEG_trNEGATIVE90772_17_15,0.1584160327911377
FRAG_NEG_trNEGATIVE33909_13_15,0.2970297336578369
FRAG_NEG_trNEGATIVE82564_59_15,0.009901165962219238
FRAG_NEG_trNEGATIVE41646_3_15,0.05940604209899902
FRAG_NEG_trNEGATIVE28212_54_15,0.1188119649887085
FRAG_NEG_trNEGATIVE57354_35_15,0.1584160327911377
FRAG_NEG_trNEGATIVE71331_49_15,0.31683170795440674
FRAG_NEG_trNEGATIVE40334_45_15,0.2871288061141968
FRAG_NEG_trNEGATIVE78551_27_15,0.485148549079895
FRAG_NEG_trNEGATIVE55096_8_15,0.3069307804107666
FRAG_NEG_trNEGATIVE65571_41_15,0.15841591358184814
FRAG_NEG_trNEGATIVE44170_34_15,0.44306933879852295
FRAG_NEG_trNEGATIVE91058_9_15,0.4059406518936157
FRAG_NEG_trNEGATIVE81840_27_15,0.11881208419799805
FRAG_NEG_trNEGATIVE83115_25_15,0.13861393928527832
FRAG_NEG_trNEGATIVE60542_43_15,0.38118815422058105
FRAG_NEG_trNEGATIVE73456_56_15,0.4554455876350403
FRAG_NEG_trNEGATIVE72494_23_15,0.148514986038208
FRAG_NEG_trNEGATIVE48109_0_15,0.009901165962219238
FRAG_NEG_trNEGATIVE68779_0_15,0.3069307804107666
FRAG_NEG_trNEGATIVE83181_25_15,0.44554460048675537
FRAG_NEG_trNEGATIVE68587_43_15,0.15841591358184814
FRAG_NEG_trNEGATIVE30881_2_15,0.12871301174163818
FRAG_NEG_trNEGATIVE75185_44_15,0.2277228832244873
FRAG_NEG_trNEGATIVE36087_26_15,0.18811893463134766
FRAG_NEG_trNEGATIVE79387_26_15,0.2970297336578369
FRAG_NEG_trNEGATIVE30878_36_15,0.3069307804107666
FRAG_NEG_trNEGATIVE34800_33_15,0.059406161308288574
FRAG_NEG_trNEGATIVE72580_16_15,0.1188119649887085
FRAG_NEG_trNEGATIVE72807_47_15,0.21782183647155762
FRAG_NEG_trNEGATIVE60601_18_15,0.12871301174163818
FRAG_NEG_trNEGATIVE93456_68_15,0.12871301174163818
FRAG_NEG_trNEGATIVE55371_49_15,0.059406161308288574
FRAG_NEG_trNEGATIVE49213_8_15,0.3168318271636963
FRAG_NEG_trNEGATIVE40543_23_15,0.12871301174163818
FRAG_NEG_trNEGATIVE38957_51_15,0.17821788787841797
FRAG_NEG_trNEGATIVE68879_66_15,0.15841591358184814
FRAG_NEG_trNEGATIVE41475_41_15,0.2277228832244873
FRAG_NEG_trNEGATIVE81690_52_15,0.12871301174163818
FRAG_NEG_trNEGATIVE84463_10_15,0.3267327547073364
FRAG_NEG_trNEGATIVE71518_62_15,0.03960418701171875
FRAG_NEG_trNEGATIVE96531_31_15,0.33663368225097656
FRAG_NEG_trNEGATIVE28234_81_15,0.08910906314849854
FRAG_NEG_trNEGATIVE31738_56_15,0.13861393928527832
FRAG_NEG_trNEGATIVE73619_44_15,0.09901010990142822
FRAG_NEG_trNEGATIVE85672_57_15,0.25742578506469727
FRAG_NEG_trNEGATIVE48879_55_15,0.148514986038208
FRAG_NEG_trNEGATIVE92398_3_15,0.2277228832244873
FRAG_NEG_trNEGATIVE40564_35_15,0.4059406518936157
FRAG_NEG_trNEGATIVE52034_39_15,0.42574262619018555
FRAG_NEG_trNEGATIVE28436_32_15,0.2277228832244873
FRAG_NEG_trNEGATIVE39346_4_15,0.09900999069213867
FRAG_NEG_trNEGATIVE77734_35_15,0.09901010990142822
FRAG_NEG_trNEGATIVE76082_13_15,0.12871301174163818
FRAG_NEG_trNEGATIVE82685_26_15,0.5049505233764648
FRAG_NEG_trNEGATIVE74044_75_15,0.059406161308288574
FRAG_NEG_trNEGATIVE72674_38_15,0.5247524976730347
FRAG_NEG_trNEGATIVE83523_13_15,0.20792090892791748
FRAG_NEG_trNEGATIVE27744_55_15,0.3960396647453308
FRAG_NEG_trNEGATIVE31470_71_15,0.1584160327911377
FRAG_NEG_trNEGATIVE64522_42_15,0.07920801639556885
FRAG_NEG_trNEGATIVE76030_7_15,0.2277228832244873
FRAG_NEG_trNEGATIVE38983_36_15,0.11881208419799805
FRAG_NEG_trNEGATIVE54571_1_15,0.059406161308288574
FRAG_NEG_trNEGATIVE39870_6_15,0.1980198621749878
FRAG_NEG_trNEGATIVE65712_4_15,0.3267327547073364
FRAG_NEG_trNEGATIVE39916_19_15,0.05940604209899902
FRAG_NEG_trNEGATIVE91481_43_15,0.12871301174163818
FRAG_NEG_trNEGATIVE76997_61_15,0.33663374185562134
FRAG_NEG_trNEGATIVE87450_14_15,0.35643571615219116
FRAG_NEG_trNEGATIVE58242_23_15,0.3267327547073364
FRAG_NEG_trNEGATIVE85944_42_15,0.4653465747833252
FRAG_NEG_trNEGATIVE43712_20_15,0.24752485752105713
FRAG_NEG_trNEGATIVE33532_60_15,0.04950511455535889
FRAG_NEG_trNEGATIVE68123_25_15,0.019802212715148926
FRAG_NEG_trNEGATIVE29811_27_15,0.03960418701171875
FRAG_NEG_trNEGATIVE36554_17_15,0.18811893463134766
FRAG_NEG_trNEGATIVE52754_16_15,0.15841591358184814
FRAG_NEG_trNEGATIVE49953_41_15,0.08910906314849854
FRAG_NEG_trNEGATIVE57032_39_15,0.08910906314849854
FRAG_NEG_trNEGATIVE54818_40_15,0.33663374185562134
FRAG_NEG_trNEGATIVE56358_35_15,0.11485159397125244
FRAG_NEG_trNEGATIVE82819_26_15,0.19801998138427734
FRAG_NEG_trNEGATIVE67486_43_15,0.4554455876350403
FRAG_NEG_trNEGATIVE79573_14_15,0.4752475619316101
FRAG_NEG_trNEGATIVE87107_7_15,0.4554455876350403
FRAG_NEG_trNEGATIVE80900_32_15,0.34653472900390625
FRAG_NEG_trNEGATIVE88170_9_15,0.26732683181762695
FRAG_NEG_trNEGATIVE70905_35_15,0.3366338014602661
FRAG_NEG_trNEGATIVE71805_39_15,0.7623762488365173
FRAG_NEG_trNEGATIVE73101_18_15,0.08910906314849854
FRAG_NEG_trNEGATIVE94456_47_15,0.23762381076812744
FRAG_NEG_trNEGATIVE51223_20_15,0.3663367033004761
FRAG_NEG_trNEGATIVE70705_32_15,0.3267327547073364
FRAG_NEG_trNEGATIVE82312_34_15,0.17821800708770752
FRAG_NEG_trNEGATIVE73101_23_15,0.06930708885192871
FRAG_NEG_trNEGATIVE47781_47_15,0.059406161308288574
FRAG_NEG_trNEGATIVE43364_22_15,0.07920801639556885
FRAG_NEG_trNEGATIVE81083_28_15,0.1584160327911377
FRAG_NEG_trNEGATIVE43795_38_15,0.04950511455535889
FRAG_NEG_trNEGATIVE35075_37_15,0.5247524976730347
FRAG_NEG_trNEGATIVE38561_6_15,0.09900999069213867
FRAG_NEG_trNEGATIVE35499_50_15,0.16831696033477783
FRAG_NEG_trNEGATIVE89439_7_15,0.148514986038208
FRAG_NEG_trNEGATIVE28348_6_15,0.3069307804107666
FRAG_NEG_trNEGATIVE48477_20_15,0.21782195568084717
FRAG_NEG_trNEGATIVE61824_48_15,0.1188119649887085
FRAG_NEG_trNEGATIVE31256_72_15,0.21782183647155762
FRAG_NEG_trNEGATIVE55831_38_15,0.1584160327911377
FRAG_NEG_trNEGATIVE70245_61_15,0.10891103744506836
FRAG_NEG_trNEGATIVE37880_22_15,0.029703140258789062
FRAG_NEG_trNEGATIVE51728_25_15,0.3069307804107666
FRAG_NEG_trNEGATIVE33701_35_15,0.09900999069213867
FRAG_NEG_trNEGATIVE72212_53_15,0.21782195568084717
FRAG_NEG_trNEGATIVE45411_6_15,0.0396040678024292
FRAG_NEG_trNEGATIVE73022_3_15,0.12871301174163818
FRAG_NEG_trNEGATIVE70931_26_15,0.3861386775970459
FRAG_NEG_trNEGATIVE42727_21_15,0.4950495958328247
FRAG_NEG_trNEGATIVE76944_49_15,0.7128713130950928
FRAG_NEG_trNEGATIVE45643_13_15,0.059406161308288574
FRAG_NEG_trNEGATIVE82630_21_15,0.29702985286712646
FRAG_NEG_trNEGATIVE95745_0_15,0.485148549079895
FRAG_NEG_trNEGATIVE63158_55_15,0.2871288061141968
FRAG_NEG_trNEGATIVE53755_30_15,0.148514986038208
FRAG_NEG_trNEGATIVE29650_38_15,0.3168317675590515
FRAG_NEG_trNEGATIVE55003_42_15,0.25742578506469727
FRAG_NEG_trNEGATIVE53275_35_15,0.3267327547073364
FRAG_NEG_trNEGATIVE91266_40_15,0.24752485752105713
FRAG_NEG_trNEGATIVE93966_18_15,0.23762381076812744
FRAG_NEG_trNEGATIVE57465_21_15,0.2277228832244873
FRAG_NEG_trNEGATIVE52537_51_15,0.12871301174163818
FRAG_NEG_trNEGATIVE37753_49_15,0.059406161308288574
FRAG_NEG_trNEGATIVE73308_33_15,0.13861393928527832
FRAG_NEG_trNEGATIVE44586_3_15,0.05940604209899902
FRAG_NEG_trNEGATIVE93817_30_15,0.08910906314849854
FRAG_NEG_trNEGATIVE66150_1_15,0.25742578506469727
FRAG_NEG_trNEGATIVE90567_32_15,0.20792090892791748
FRAG_NEG_trNEGATIVE70996_72_15,0.1188119649887085
FRAG_NEG_trNEGATIVE68970_49_15,0.7128713130950928
FRAG_NEG_trNEGATIVE68890_67_15,0.12871301174163818
FRAG_NEG_trNEGATIVE75850_54_15,0.07920801639556885
FRAG_NEG_trNEGATIVE47360_50_15,0.12871301174163818
FRAG_NEG_trNEGATIVE65196_28_15,0.27722787857055664
FRAG_NEG_trNEGATIVE60725_3_15,0.29702985286712646
FRAG_NEG_trNEGATIVE44385_16_15,0.029703140258789062
FRAG_NEG_trNEGATIVE59000_3_15,0.34653472900390625
FRAG_NEG_trNEGATIVE91415_13_15,0.3168318271636963
FRAG_NEG_trNEGATIVE82267_15_15,0.41584163904190063
FRAG_NEG_trNEGATIVE51263_12_15,0.0396040678024292
FRAG_NEG_trNEGATIVE77603_59_15,0.17821788787841797
FRAG_NEG_trNEGATIVE89460_2_15,0.21782195568084717
FRAG_NEG_trNEGATIVE95074_24_15,0.15346550941467285
FRAG_NEG_trNEGATIVE29521_1_15,0.5445544719696045
FRAG_NEG_trNEGATIVE34266_14_15,0.029703140258789062
FRAG_NEG_trNEGATIVE94008_20_15,0.11881208419799805
FRAG_NEG_trNEGATIVE93241_60_15,0.16831696033477783
FRAG_NEG_trNEGATIVE69998_3_15,0.2970297336578369
FRAG_NEG_trNEGATIVE51574_43_15,0.05940604209899902
FRAG_NEG_trNEGATIVE31350_50_15,0.019802212715148926
FRAG_NEG_trNEGATIVE50749_73_15,0.24752485752105713
FRAG_NEG_trNEGATIVE81769_51_15,0.05940604209899902
FRAG_NEG_trNEGATIVE93625_1_15,0.2871288061141968
FRAG_NEG_trNEGATIVE49328_16_15,0.2277228832244873
FRAG_NEG_trNEGATIVE88327_13_15,0.3069307804107666
FRAG_NEG_trNEGATIVE68941_2_15,0.34653472900390625
FRAG_NEG_trNEGATIVE40882_14_15,0.17821800708770752
FRAG_NEG_trNEGATIVE30494_47_15,0.009901165962219238
FRAG_NEG_trNEGATIVE87289_25_15,0.5544554591178894
FRAG_NEG_trNEGATIVE44266_42_15,0.5049505233764648
FRAG_NEG_trNEGATIVE39453_36_15,0.43564361333847046
FRAG_NEG_trNEGATIVE39129_10_15,0.4059406518936157
FRAG_NEG_trNEGATIVE61324_57_15,0.43564361333847046
FRAG_NEG_trNEGATIVE65249_12_15,0.2871288061141968
FRAG_NEG_trNEGATIVE66739_42_15,0.10891103744506836
FRAG_NEG_trNEGATIVE46978_58_15,0.12871301174163818
FRAG_NEG_trNEGATIVE49023_65_15,0.13861393928527832
FRAG_NEG_trNEGATIVE29601_66_15,0.2772277593612671
FRAG_NEG_trNEGATIVE86070_49_15,0.059406161308288574
FRAG_NEG_trNEGATIVE79893_3_15,0.2871288061141968
FRAG_NEG_trNEGATIVE93756_58_15,0.15841591358184814
FRAG_NEG_trNEGATIVE29186_63_15,0.10891103744506836
FRAG_NEG_trNEGATIVE92287_7_15,0.2871288061141968
FRAG_NEG_trNEGATIVE59138_50_15,0.148514986038208
FRAG_NEG_trNEGATIVE41329_11_15,0.237623929977417
FRAG_NEG_trNEGATIVE83774_23_15,0.148514986038208
FRAG_NEG_trNEGATIVE77919_23_15,0.13861405849456787
FRAG_NEG_trNEGATIVE90851_30_15,0.25742578506469727
FRAG_NEG_trNEGATIVE44350_3_15,0.34653472900390625
FRAG_NEG_trNEGATIVE90189_18_15,0.10891103744506836
FRAG_NEG_trNEGATIVE48299_2_15,0.059406161308288574
FRAG_NEG_trNEGATIVE97116_14_15,0.0792081356048584
FRAG_NEG_trNEGATIVE82272_26_15,0.059406161308288574
FRAG_NEG_trNEGATIVE95786_0_15,0.07920801639556885
FRAG_NEG_trNEGATIVE30945_32_15,0.13861393928527832
FRAG_NEG_trNEGATIVE79903_34_15,0.13861393928527832
FRAG_NEG_trNEGATIVE84597_22_15,0.08910906314849854
FRAG_NEG_trNEGATIVE43505_30_15,0.19801998138427734
FRAG_NEG_trNEGATIVE37122_20_15,0.2277228832244873
FRAG_NEG_trNEGATIVE76230_29_15,0.5148515105247498
FRAG_NEG_trNEGATIVE33909_8_15,0.3267327547073364
FRAG_NEG_trNEGATIVE39256_0_15,0.09901010990142822
FRAG_NEG_trNEGATIVE52832_12_15,0.08910906314849854
FRAG_NEG_trNEGATIVE97493_11_15,0.10891103744506836
FRAG_NEG_trNEGATIVE54987_10_15,0.04950511455535889
FRAG_NEG_trNEGATIVE95861_28_15,0.029703140258789062
FRAG_NEG_trNEGATIVE30835_37_15,0.10891103744506836
FRAG_NEG_trNEGATIVE67071_0_15,0.49504953622817993
FRAG_NEG_trNEGATIVE29613_3_15,0.27722787857055664
FRAG_NEG_trNEGATIVE78827_43_15,0.08910906314849854
FRAG_NEG_trNEGATIVE77564_53_15,0.04950511455535889
FRAG_NEG_trNEGATIVE41132_0_15,0.12871301174163818
FRAG_NEG_trNEGATIVE73723_48_15,0.08910906314849854
FRAG_NEG_trNEGATIVE60304_26_15,0.12871301174163818
FRAG_NEG_trNEGATIVE53496_1_15,0.18811893463134766
FRAG_NEG_trNEGATIVE34646_70_15,0.148514986038208
FRAG_NEG_trNEGATIVE78345_61_15,0.23762381076812744
FRAG_NEG_trNEGATIVE73036_75_15,0.18811893463134766
FRAG_NEG_trNEGATIVE81690_17_15,1.1920928955078125e-07
FRAG_NEG_trNEGATIVE52616_60_15,0.0396040678024292
FRAG_NEG_trNEGATIVE80255_36_15,0.009901165962219238
FRAG_NEG_trNEGATIVE39127_56_15,0.15841591358184814
FRAG_NEG_trNEGATIVE36668_10_15,0.07920801639556885
FRAG_NEG_trNEGATIVE96719_17_15,0.2970297336578369
FRAG_NEG_trNEGATIVE54041_72_15,0.2871288061141968
FRAG_NEG_trNEGATIVE52457_14_15,0.2871288061141968
FRAG_NEG_trNEGATIVE92779_59_15,0.10891103744506836
FRAG_NEG_trNEGATIVE45785_5_15,0.148514986038208
FRAG_NEG_trNEGATIVE66601_4_15,0.2871288061141968
FRAG_NEG_trNEGATIVE76559_54_15,0.1188119649887085
FRAG_NEG_trNEGATIVE36482_45_15,0.06930708885192871
FRAG_NEG_trNEGATIVE88299_14_15,0.16831696033477783
FRAG_NEG_trNEGATIVE43084_51_15,1.1920928955078125e-07
FRAG_NEG_trNEGATIVE37331_20_15,0.11881208419799805
FRAG_NEG_trNEGATIVE90011_3_15,0.11881208419799805
FRAG_NEG_trNEGATIVE81056_48_15,0.03960418701171875
FRAG_NEG_trNEGATIVE40151_76_15,0.21782183647155762
FRAG_NEG_trNEGATIVE80731_45_15,0.21782195568084717
FRAG_NEG_trNEGATIVE67162_5_15,0.17821788787841797
FRAG_NEG_trNEGATIVE87907_3_15,0.2277228832244873
FRAG_NEG_trNEGATIVE47740_33_15,0.04950511455535889
FRAG_NEG_trNEGATIVE65647_38_15,1.1920928955078125e-07
FRAG_NEG_trNEGATIVE64441_64_15,0.04950511455535889
FRAG_NEG_trNEGATIVE39155_79_15,0.5544555187225342
FRAG_NEG_trNEGATIVE60600_49_15,0.13861405849456787
FRAG_NEG_trNEGATIVE71741_12_15,0.603960394859314
FRAG_NEG_trNEGATIVE53501_27_15,0.17821788787841797
FRAG_NEG_trNEGATIVE34443_60_15,0.3267327547073364
FRAG_NEG_trNEGATIVE58989_19_15,0.18811893463134766
FRAG_NEG_trNEGATIVE77603_5_15,0.16831696033477783
FRAG_NEG_trNEGATIVE71119_39_15,0.05940604209899902
FRAG_NEG_trNEGATIVE65798_0_15,0.19801998138427734
FRAG_NEG_trNEGATIVE93456_84_15,0.1584160327911377
FRAG_NEG_trNEGATIVE54128_34_15,0.06930708885192871
FRAG_NEG_trNEGATIVE95991_32_15,0.3861386775970459
FRAG_NEG_trNEGATIVE93625_15_15,0.10891103744506836
FRAG_NEG_trNEGATIVE53727_6_15,0.18811893463134766
FRAG_NEG_trNEGATIVE65299_33_15,0.2871288061141968
FRAG_NEG_trNEGATIVE31394_17_15,0.1584160327911377
FRAG_NEG_trNEGATIVE68899_35_15,0.09900999069213867
FRAG_NEG_trNEGATIVE52450_11_15,0.4059406518936157
FRAG_NEG_trNEGATIVE53242_2_15,0.1980198621749878
FRAG_NEG_trNEGATIVE52681_16_15,0.12871301174163818
FRAG_NEG_trNEGATIVE40588_46_15,0.2772277593612671
FRAG_NEG_trNEGATIVE77648_3_15,0.5247524976730347
FRAG_NEG_trNEGATIVE89076_11_15,0.2871288061141968
FRAG_NEG_trNEGATIVE44901_5_15,0.3267327547073364
FRAG_NEG_trNEGATIVE94831_1_15,0.08910906314849854
FRAG_NEG_trNEGATIVE60097_12_15,0.3366338014602661
FRAG_NEG_trNEGATIVE53226_6_15,0.148514986038208
FRAG_NEG_trNEGATIVE45182_34_15,0.16831696033477783
FRAG_NEG_trNEGATIVE76037_14_15,0.04950511455535889
FRAG_NEG_trNEGATIVE42982_7_15,0.04950511455535889
FRAG_NEG_trNEGATIVE67566_72_15,0.25742578506469727
FRAG_NEG_trNEGATIVE78238_6_15,0.41584163904190063
FRAG_NEG_trNEGATIVE29719_4_15,0.07920801639556885
FRAG_NEG_trNEGATIVE65675_15_15,0.10891103744506836
FRAG_NEG_trNEGATIVE85974_51_15,0.20792090892791748
FRAG_NEG_trNEGATIVE81239_0_15,0.148514986038208
FRAG_NEG_trNEGATIVE28289_16_15,0.10891103744506836
FRAG_NEG_trNEGATIVE37930_11_15,0.35643571615219116
FRAG_NEG_trNEGATIVE44670_45_15,0.19801998138427734
FRAG_NEG_trNEGATIVE96629_23_15,0.43564361333847046
FRAG_NEG_trNEGATIVE84700_51_15,0.43564361333847046
FRAG_NEG_trNEGATIVE79333_22_15,0.31683170795440674
FRAG_NEG_trNEGATIVE51325_28_15,0.17821788787841797
FRAG_NEG_trNEGATIVE35915_57_15,0.2574259042739868
FRAG_NEG_trNEGATIVE52747_24_15,0.25742578506469727
FRAG_NEG_trNEGATIVE74817_25_15,0.148514986038208
FRAG_NEG_trNEGATIVE30369_60_15,0.12871301174163818
FRAG_NEG_trNEGATIVE78377_16_15,0.12871301174163818
FRAG_NEG_trNEGATIVE58863_11_15,0.12871301174163818
FRAG_NEG_trNEGATIVE50779_49_15,0.18811893463134766
FRAG_NEG_trNEGATIVE70535_16_15,0.148514986038208
FRAG_NEG_trNEGATIVE30764_33_15,0.574257493019104
FRAG_NEG_trNEGATIVE78334_15_15,0.23762381076812744
FRAG_NEG_trNEGATIVE81117_45_15,0.12871301174163818
FRAG_NEG_trNEGATIVE75964_13_15,0.09901010990142822
FRAG_NEG_trNEGATIVE58867_36_15,0.10891103744506836
FRAG_NEG_trNEGATIVE33900_19_15,0.0792081356048584
FRAG_NEG_trNEGATIVE64614_44_15,0.04950511455535889
FRAG_NEG_trNEGATIVE80644_43_15,0.13861405849456787
FRAG_NEG_trNEGATIVE46069_18_15,0.237623929977417
FRAG_NEG_trNEGATIVE76556_44_15,0.08910906314849854
FRAG_NEG_trNEGATIVE40563_60_15,0.376237690448761
FRAG_NEG_trNEGATIVE84285_24_15,0.1188119649887085
FRAG_NEG_trNEGATIVE63180_29_15,0.08910906314849854
FRAG_NEG_trNEGATIVE40925_7_15,0.4034653902053833
FRAG_NEG_trNEGATIVE74034_25_15,0.26732683181762695
FRAG_NEG_trNEGATIVE70603_34_15,0.16831696033477783
FRAG_NEG_trNEGATIVE94208_15_15,0.2871288061141968
FRAG_NEG_trNEGATIVE30558_28_15,0.0792081356048584
FRAG_NEG_trNEGATIVE31183_41_15,0.148514986038208
FRAG_NEG_trNEGATIVE62438_46_15,0.4752475619316101
FRAG_NEG_trNEGATIVE52066_41_15,0.09900999069213867
FRAG_NEG_trNEGATIVE81281_12_15,0.06930708885192871
FRAG_NEG_trNEGATIVE87969_54_15,0.029703140258789062
FRAG_NEG_trNEGATIVE54144_12_15,0.3069307804107666
FRAG_NEG_trNEGATIVE46050_59_15,0.07920801639556885
FRAG_NEG_trNEGATIVE92477_67_15,0.21782195568084717
FRAG_NEG_trNEGATIVE40866_24_15,0.07920801639556885
FRAG_NEG_trNEGATIVE39219_26_15,0.04950511455535889
FRAG_NEG_trNEGATIVE91154_4_15,0.5346534848213196
FRAG_NEG_trNEGATIVE54415_70_15,0.16831696033477783
FRAG_NEG_trNEGATIVE57991_72_15,0.3861386775970459
FRAG_NEG_trNEGATIVE72553_11_15,0.059406161308288574
FRAG_NEG_trNEGATIVE36345_67_15,0.16831696033477783
FRAG_NEG_trNEGATIVE71135_54_15,0.44554460048675537
FRAG_NEG_trNEGATIVE87491_12_15,0.24752485752105713
FRAG_NEG_trNEGATIVE66099_25_15,0.10891103744506836
FRAG_NEG_trNEGATIVE55118_18_15,0.07920801639556885
FRAG_NEG_trNEGATIVE93021_6_15,0.20792090892791748
FRAG_NEG_trNEGATIVE83539_73_15,0.11485159397125244
FRAG_NEG_trNEGATIVE95820_31_15,0.34653472900390625
FRAG_NEG_trNEGATIVE31462_5_15,0.3861386775970459
FRAG_NEG_trNEGATIVE38220_30_15,0.43564361333847046
FRAG_NEG_trNEGATIVE88238_9_15,0.33663374185562134
FRAG_NEG_trNEGATIVE29659_54_15,0.17821800708770752
FRAG_NEG_trNEGATIVE28813_55_15,0.485148549079895
FRAG_NEG_trNEGATIVE72290_14_15,0.0396040678024292
FRAG_NEG_trNEGATIVE57023_33_15,0.03960418701171875
FRAG_NEG_trNEGATIVE42406_8_15,0.09900999069213867
FRAG_NEG_trNEGATIVE58710_1_15,0.2138615846633911
FRAG_NEG_trNEGATIVE34443_21_15,0.04950511455535889
FRAG_NEG_trNEGATIVE95931_59_15,0.3366338014602661
FRAG_NEG_trNEGATIVE43162_1_15,0.0396040678024292
FRAG_NEG_trNEGATIVE38318_26_15,0.4752475619316101
FRAG_NEG_trNEGATIVE77745_22_15,0.3267327547073364
FRAG_NEG_trNEGATIVE50376_16_15,0.2277228832244873
FRAG_NEG_trNEGATIVE92192_1_15,0.41584163904190063
FRAG_NEG_trNEGATIVE42249_35_15,0.0396040678024292
FRAG_NEG_trNEGATIVE30091_60_15,0.029703140258789062
FRAG_NEG_trNEGATIVE46094_0_15,0.2277228832244873
FRAG_NEG_trNEGATIVE59475_16_15,0.148514986038208
FRAG_NEG_trNEGATIVE81056_41_15,0.1980198621749878
FRAG_NEG_trNEGATIVE87853_29_15,0.5470297336578369
FRAG_NEG_trNEGATIVE95673_1_15,0.5544555187225342
FRAG_NEG_trNEGATIVE96090_53_15,0.12871301174163818
FRAG_NEG_trNEGATIVE47431_34_15,0.07920801639556885
FRAG_NEG_trNEGATIVE62485_49_15,0.33663374185562134
FRAG_NEG_trNEGATIVE80275_57_15,0.148514986038208
FRAG_NEG_trNEGATIVE62037_46_15,0.009901165962219238
FRAG_NEG_trNEGATIVE51868_41_15,0.09900999069213867
FRAG_NEG_trNEGATIVE72648_18_15,0.485148549079895
FRAG_NEG_trNEGATIVE95098_67_15,0.1980198621749878
FRAG_NEG_trNEGATIVE84749_35_15,0.3712872266769409
FRAG_NEG_trNEGATIVE35988_26_15,0.009901165962219238
FRAG_NEG_trNEGATIVE47980_56_15,0.03960418701171875
FRAG_NEG_trNEGATIVE41886_28_15,0.059406161308288574
FRAG_NEG_trNEGATIVE42151_9_15,0.0396040678024292
FRAG_NEG_trNEGATIVE82143_22_15,0.18811893463134766
FRAG_NEG_trNEGATIVE88539_32_15,0.21782183647155762
FRAG_NEG_trNEGATIVE51253_7_15,0.25742578506469727
FRAG_NEG_trNEGATIVE67125_3_15,0.485148549079895
FRAG_NEG_trNEGATIVE34044_37_15,0.5841584205627441
FRAG_NEG_trNEGATIVE81756_51_15,0.23762381076812744
FRAG_NEG_trNEGATIVE72582_2_15,0.31683170795440674
FRAG_NEG_trNEGATIVE92922_47_15,0.10891103744506836
FRAG_NEG_trNEGATIVE43763_48_15,0.34653472900390625
FRAG_NEG_trNEGATIVE65970_29_15,0.32343244552612305
FRAG_NEG_trNEGATIVE94292_49_15,0.20792090892791748
FRAG_NEG_trNEGATIVE28657_3_15,0.029703140258789062
FRAG_NEG_trNEGATIVE66699_11_15,0.44554460048675537
FRAG_NEG_trNEGATIVE89346_8_15,0.4653465747833252
FRAG_NEG_trNEGATIVE70700_20_15,0.3069307804107666
FRAG_NEG_trNEGATIVE65938_23_15,0.009901165962219238
FRAG_NEG_trNEGATIVE68554_30_15,0.25742578506469727
FRAG_NEG_trNEGATIVE92232_39_15,0.059406161308288574
FRAG_NEG_trNEGATIVE62584_14_15,0.21782195568084717
FRAG_NEG_trNEGATIVE87472_23_15,0.18811893463134766
FRAG_NEG_trNEGATIVE33095_25_15,0.148514986038208
FRAG_NEG_trNEGATIVE46018_7_15,0.09901010990142822
FRAG_NEG_trNEGATIVE93632_50_15,0.3366338014602661
FRAG_NEG_trNEGATIVE48904_13_15,0.0396040678024292
FRAG_NEG_trNEGATIVE67131_30_15,0.04950511455535889
FRAG_NEG_trNEGATIVE84942_77_15,0.24752485752105713
FRAG_NEG_trNEGATIVE93682_13_15,0.21782195568084717
FRAG_NEG_trNEGATIVE63130_29_15,0.10891103744506836
FRAG_NEG_trNEGATIVE85222_29_15,0.06930708885192871
FRAG_NEG_trNEGATIVE77539_8_15,0.6138614416122437
FRAG_NEG_trNEGATIVE69851_5_15,0.12871301174163818
FRAG_NEG_trNEGATIVE36345_70_15,0.13861405849456787
FRAG_NEG_trNEGATIVE51652_33_15,0.34653472900390625
FRAG_NEG_trNEGATIVE85486_16_15,0.0396040678024292
FRAG_NEG_trNEGATIVE94052_20_15,0.35643571615219116
FRAG_NEG_trNEGATIVE74182_27_15,0.12871301174163818
FRAG_NEG_trNEGATIVE88066_40_15,0.41584163904190063
FRAG_NEG_trNEGATIVE91919_44_15,0.06930708885192871
FRAG_NEG_trNEGATIVE87521_33_15,0.2970297336578369
FRAG_NEG_trNEGATIVE68813_14_15,0.12871301174163818
FRAG_NEG_trNEGATIVE89117_32_15,0.13861393928527832
FRAG_NEG_trNEGATIVE54144_30_15,0.21782183647155762
FRAG_NEG_trNEGATIVE64952_16_15,0.12871301174163818
FRAG_NEG_trNEGATIVE81364_26_15,0.26732683181762695
FRAG_NEG_trNEGATIVE89623_11_15,0.20792090892791748
FRAG_NEG_trNEGATIVE81382_59_15,0.09900999069213867
FRAG_NEG_trNEGATIVE52893_44_15,0.3168317675590515
FRAG_NEG_trNEGATIVE60384_45_15,0.059406161308288574
FRAG_NEG_trNEGATIVE43083_50_15,0.21782195568084717
FRAG_NEG_trNEGATIVE41767_43_15,0.08910906314849854
FRAG_NEG_trNEGATIVE66743_26_15,0.19801998138427734
FRAG_NEG_trNEGATIVE90474_35_15,0.06930708885192871
FRAG_NEG_trNEGATIVE82229_26_15,0.4059406518936157
FRAG_NEG_trNEGATIVE81668_48_15,0.6831682920455933
FRAG_NEG_trNEGATIVE75457_9_15,0.42574262619018555
FRAG_NEG_trNEGATIVE74526_21_15,0.16831696033477783
FRAG_NEG_trNEGATIVE89433_31_15,0.25742578506469727
FRAG_NEG_trNEGATIVE90688_51_15,0.148514986038208
FRAG_NEG_trNEGATIVE85680_30_15,0.12871301174163818
FRAG_NEG_trNEGATIVE89242_14_15,0.19801998138427734
FRAG_NEG_trNEGATIVE87976_10_15,0.19801998138427734
FRAG_NEG_trNEGATIVE37175_59_15,0.24752485752105713
FRAG_NEG_trNEGATIVE79195_74_15,0.04950511455535889
FRAG_NEG_trNEGATIVE86869_20_15,0.07920801639556885
FRAG_NEG_trNEGATIVE32843_42_15,0.44554460048675537
FRAG_NEG_trNEGATIVE31278_41_15,0.24752485752105713
FRAG_NEG_trNEGATIVE95220_28_15,0.029703140258789062
FRAG_NEG_trNEGATIVE81211_13_15,0.24752485752105713
FRAG_NEG_trNEGATIVE28813_62_15,0.34653472900390625
FRAG_NEG_trNEGATIVE86670_3_15,0.44554460048675537
FRAG_NEG_trNEGATIVE54480_6_15,0.05940604209899902
FRAG_NEG_trNEGATIVE32228_36_15,0.21782195568084717
FRAG_NEG_trNEGATIVE74436_2_15,0.05940604209899902
FRAG_NEG_trNEGATIVE65903_33_15,0.16831696033477783
FRAG_NEG_trNEGATIVE68693_52_15,0.20792090892791748
FRAG_NEG_trNEGATIVE49294_32_15,0.2871288061141968
FRAG_NEG_trNEGATIVE43004_56_15,0.24752485752105713
FRAG_NEG_trNEGATIVE52466_28_15,0.009901165962219238
FRAG_NEG_trNEGATIVE88599_8_15,0.09901010990142822
FRAG_NEG_trNEGATIVE46226_65_15,0.7326732873916626
FRAG_NEG_trNEGATIVE90222_29_15,0.019802093505859375
FRAG_NEG_trNEGATIVE94209_48_15,0.08910906314849854
FRAG_NEG_trNEGATIVE56379_4_15,0.24752485752105713
FRAG_NEG_trNEGATIVE55987_9_15,0.06930708885192871
FRAG_NEG_trNEGATIVE42994_56_15,0.237623929977417
FRAG_NEG_trNEGATIVE49987_65_15,0.059406161308288574
FRAG_NEG_trNEGATIVE85867_20_15,0.04950511455535889
FRAG_NEG_trNEGATIVE65576_31_15,0.04950511455535889
FRAG_NEG_trNEGATIVE76013_34_15,0.27722787857055664
FRAG_NEG_trNEGATIVE45456_40_15,0.059406161308288574
FRAG_NEG_trNEGATIVE50819_20_15,0.059406161308288574
FRAG_NEG_trNEGATIVE58398_75_15,0.35643571615219116
FRAG_NEG_trNEGATIVE60373_6_15,0.1980198621749878
FRAG_NEG_trNEGATIVE41767_28_15,0.11881208419799805
FRAG_NEG_trNEGATIVE31375_59_15,0.49504953622817993
FRAG_NEG_trNEGATIVE87110_53_15,0.09901010990142822
FRAG_NEG_trNEGATIVE50376_31_15,0.08910906314849854
FRAG_NEG_trNEGATIVE60898_18_15,0.2772277593612671
FRAG_NEG_trNEGATIVE79435_52_15,0.08910906314849854
FRAG_NEG_trNEGATIVE41132_4_15,0.12871301174163818
FRAG_NEG_trNEGATIVE59029_38_15,0.05940604209899902
FRAG_NEG_trNEGATIVE71033_57_15,0.05940604209899902
FRAG_NEG_trNEGATIVE53014_50_15,0.1980198621749878
FRAG_NEG_trNEGATIVE31855_31_15,0.148514986038208
FRAG_NEG_trNEGATIVE61735_56_15,0.16831696033477783
FRAG_NEG_trNEGATIVE38214_24_15,0.5445544719696045
FRAG_NEG_trNEGATIVE92517_21_15,0.13861405849456787
FRAG_NEG_trNEGATIVE43505_43_15,0.10891103744506836
FRAG_NEG_trNEGATIVE33124_48_15,0.09901010990142822
FRAG_NEG_trNEGATIVE39678_5_15,0.6831682920455933
FRAG_NEG_trNEGATIVE77190_33_15,0.148514986038208
FRAG_NEG_trNEGATIVE60659_70_15,0.10891103744506836
FRAG_NEG_trNEGATIVE78168_38_15,0.3663367033004761
FRAG_NEG_trNEGATIVE58312_40_15,0.1584160327911377
FRAG_NEG_trNEGATIVE41234_3_15,0.3663367033004761
FRAG_NEG_trNEGATIVE41132_28_15,0.13861405849456787
FRAG_NEG_trNEGATIVE89035_5_15,0.29702985286712646
FRAG_NEG_trNEGATIVE32365_68_15,0.05940604209899902
FRAG_NEG_trNEGATIVE87704_66_15,0.10891103744506836
FRAG_NEG_trNEGATIVE58035_14_15,0.29702985286712646
FRAG_NEG_trNEGATIVE95814_8_15,0.33663368225097656
FRAG_NEG_trNEGATIVE68337_23_15,0.43564361333847046
FRAG_NEG_trNEGATIVE60072_60_15,0.05940604209899902
FRAG_NEG_trNEGATIVE67478_12_15,0.18811893463134766
FRAG_NEG_trNEGATIVE41656_74_15,0.376237690448761
FRAG_NEG_trNEGATIVE32132_40_15,0.059406161308288574
FRAG_NEG_trNEGATIVE93804_57_15,0.1188119649887085
FRAG_NEG_trNEGATIVE57636_10_15,0.12871301174163818
FRAG_NEG_trNEGATIVE95401_16_15,0.5544554591178894
FRAG_NEG_trNEGATIVE55066_11_15,0.26732683181762695
FRAG_NEG_trNEGATIVE62627_31_15,0.1584160327911377
FRAG_NEG_trNEGATIVE39672_15_15,0.26732683181762695
FRAG_NEG_trNEGATIVE75577_31_15,0.35643571615219116
FRAG_NEG_trNEGATIVE48495_63_15,0.05940604209899902
FRAG_NEG_trNEGATIVE39300_65_15,0.029703140258789062
FRAG_NEG_trNEGATIVE58984_10_15,0.34653472900390625
FRAG_NEG_trNEGATIVE43166_54_15,0.16831696033477783
FRAG_NEG_trNEGATIVE96518_25_15,0.18811893463134766
FRAG_NEG_trNEGATIVE54440_2_15,0.06930708885192871
FRAG_NEG_trNEGATIVE74603_18_15,0.12871301174163818
FRAG_NEG_trNEGATIVE71135_8_15,0.20792090892791748
FRAG_NEG_trNEGATIVE50744_20_15,0.09900999069213867
FRAG_NEG_trNEGATIVE81777_66_15,0.2574259042739868
FRAG_NEG_trNEGATIVE43086_29_15,0.2854786515235901
FRAG_NEG_trNEGATIVE28959_26_15,0.12871301174163818
FRAG_NEG_trNEGATIVE73932_11_15,0.33663374185562134
FRAG_NEG_trNEGATIVE31423_24_15,0.43564361333847046
FRAG_NEG_trNEGATIVE76009_5_15,0.26732683181762695
FRAG_NEG_trNEGATIVE40853_0_15,0.5445544719696045
FRAG_NEG_trNEGATIVE90302_17_15,0.019802093505859375
FRAG_NEG_trNEGATIVE28246_3_15,0.1980198621749878
FRAG_NEG_trNEGATIVE28484_62_15,0.42574262619018555
FRAG_NEG_trNEGATIVE34839_21_15,0.07920801639556885
FRAG_NEG_trNEGATIVE73239_16_15,0.15841591358184814
FRAG_NEG_trNEGATIVE75843_25_15,0.09900999069213867
FRAG_NEG_trNEGATIVE92791_50_15,0.15841591358184814
FRAG_NEG_trNEGATIVE58430_17_15,0.17821800708770752
FRAG_NEG_trNEGATIVE28576_75_15,0.23762381076812744
FRAG_NEG_trNEGATIVE52832_3_15,0.26732683181762695
FRAG_NEG_trNEGATIVE29015_48_15,0.17821800708770752
FRAG_NEG_trNEGATIVE84587_55_15,0.0792081356048584
FRAG_NEG_trNEGATIVE50874_32_15,0.1584160327911377
FRAG_NEG_trNEGATIVE74184_54_15,0.04950511455535889
FRAG_NEG_trNEGATIVE33921_3_15,0.04950511455535889
FRAG_NEG_trNEGATIVE52319_2_15,0.3267327547073364
FRAG_NEG_trNEGATIVE35952_77_15,0.16831696033477783
FRAG_NEG_trNEGATIVE92004_17_16,0.29702985286712646
FRAG_NEG_trNEGATIVE85075_44_16,0.29702985286712646
FRAG_NEG_trNEGATIVE40533_23_16,0.11881208419799805
FRAG_NEG_trNEGATIVE31778_4_16,0.0792081356048584
FRAG_NEG_trNEGATIVE79147_15_16,0.05940604209899902
FRAG_NEG_trNEGATIVE50790_12_16,0.10891103744506836
FRAG_NEG_trNEGATIVE38219_30_16,0.20792090892791748
FRAG_NEG_trNEGATIVE35222_10_16,0.10891103744506836
FRAG_NEG_trNEGATIVE76068_52_16,0.43564361333847046
FRAG_NEG_trNEGATIVE30948_17_16,0.237623929977417
FRAG_NEG_trNEGATIVE62217_42_16,0.148514986038208
FRAG_NEG_trNEGATIVE74946_35_16,0.08910906314849854
FRAG_NEG_trNEGATIVE28729_28_16,0.10891103744506836
FRAG_NEG_trNEGATIVE44503_51_16,0.2772277593612671
FRAG_NEG_trNEGATIVE48971_11_16,0.03960418701171875
FRAG_NEG_trNEGATIVE78988_2_16,0.43564361333847046
FRAG_NEG_trNEGATIVE81769_27_16,0.08910906314849854
FRAG_NEG_trNEGATIVE28755_18_16,0.059406161308288574
FRAG_NEG_trNEGATIVE36538_2_16,0.17821788787841797
FRAG_NEG_trNEGATIVE42561_24_16,0.5148515701293945
FRAG_NEG_trNEGATIVE40988_18_16,0.21782195568084717
FRAG_NEG_trNEGATIVE40244_69_16,0.059406161308288574
FRAG_NEG_trNEGATIVE57376_8_16,0.2574259042739868
FRAG_NEG_trNEGATIVE66783_35_16,0.21782195568084717
FRAG_NEG_trNEGATIVE68980_7_16,0.13861393928527832
FRAG_NEG_trNEGATIVE55392_4_16,0.18811893463134766
FRAG_NEG_trNEGATIVE54857_71_16,0.16831696033477783
FRAG_NEG_trNEGATIVE41920_61_16,0.148514986038208
FRAG_NEG_trNEGATIVE65576_42_16,0.1980198621749878
FRAG_NEG_trNEGATIVE36653_36_16,0.08910906314849854
FRAG_NEG_trNEGATIVE38671_8_16,0.2772277593612671
FRAG_NEG_trNEGATIVE33314_20_16,0.1980198621749878
FRAG_NEG_trNEGATIVE37447_12_16,0.44554460048675537
FRAG_NEG_trNEGATIVE43835_19_16,0.12871301174163818
FRAG_NEG_trNEGATIVE77681_45_16,0.2871288061141968
FRAG_NEG_trNEGATIVE92335_23_16,0.5247524976730347
FRAG_NEG_trNEGATIVE96167_10_16,0.15841591358184814
FRAG_NEG_trNEGATIVE44949_18_16,0.5049505233764648
FRAG_NEG_trNEGATIVE83511_28_16,0.2772277593612671
FRAG_NEG_trNEGATIVE91162_11_16,0.10891103744506836
FRAG_NEG_trNEGATIVE65267_37_16,0.2871288061141968
FRAG_NEG_trNEGATIVE95793_52_16,0.4554455876350403
FRAG_NEG_trNEGATIVE38608_57_16,0.08910906314849854
FRAG_NEG_trNEGATIVE74360_61_16,0.3861386775970459
FRAG_NEG_trNEGATIVE40204_47_16,0.4059406518936157
FRAG_NEG_trNEGATIVE84942_69_16,0.3168317675590515
FRAG_NEG_trNEGATIVE44703_26_16,0.5247524976730347
FRAG_NEG_trNEGATIVE37549_11_16,0.13861405849456787
FRAG_NEG_trNEGATIVE41886_63_16,0.31683170795440674
FRAG_NEG_trNEGATIVE68527_41_16,0.4554455876350403
FRAG_NEG_trNEGATIVE40259_39_16,0.09901010990142822
FRAG_NEG_trNEGATIVE85084_10_16,0.16831696033477783
FRAG_NEG_trNEGATIVE36370_12_16,0.11881208419799805
FRAG_NEG_trNEGATIVE35154_20_16,0.009901165962219238
FRAG_NEG_trNEGATIVE62769_29_16,0.34653472900390625
FRAG_NEG_trNEGATIVE88682_42_16,0.24752485752105713
FRAG_NEG_trNEGATIVE77185_5_16,0.07920801639556885
FRAG_NEG_trNEGATIVE56804_24_16,0.16831696033477783
FRAG_NEG_trNEGATIVE46561_37_16,0.08910906314849854
FRAG_NEG_trNEGATIVE33335_44_16,0.6633663177490234
FRAG_NEG_trNEGATIVE87083_26_16,0.10891103744506836
FRAG_NEG_trNEGATIVE88233_27_16,0.03960418701171875
FRAG_NEG_trNEGATIVE40424_30_16,0.17821788787841797
FRAG_NEG_trNEGATIVE74736_56_16,0.42574262619018555
FRAG_NEG_trNEGATIVE31517_2_16,0.13861393928527832
FRAG_NEG_trNEGATIVE74791_57_16,0.059406161308288574
FRAG_NEG_trNEGATIVE32910_14_16,0.16831696033477783
FRAG_NEG_trNEGATIVE64633_42_16,0.20792090892791748
FRAG_NEG_trNEGATIVE82568_78_16,0.06930708885192871
FRAG_NEG_trNEGATIVE60312_39_16,0.04950511455535889
FRAG_NEG_trNEGATIVE53980_70_16,0.12871301174163818
FRAG_NEG_trNEGATIVE94714_34_16,0.43564361333847046
FRAG_NEG_trNEGATIVE48559_47_16,0.2277228832244873
FRAG_NEG_trNEGATIVE40968_7_16,0.3168317675590515
FRAG_NEG_trNEGATIVE31684_31_16,0.11881208419799805
FRAG_NEG_trNEGATIVE30449_64_16,0.1980198621749878
FRAG_NEG_trNEGATIVE65861_2_16,0.3168317675590515
FRAG_NEG_trNEGATIVE94292_51_16,0.4554455876350403
FRAG_NEG_trNEGATIVE92641_29_16,0.10891103744506836
FRAG_NEG_trNEGATIVE92127_18_16,0.13861393928527832
FRAG_NEG_trNEGATIVE44384_17_16,0.3168318271636963
FRAG_NEG_trNEGATIVE78954_28_16,0.1584160327911377
FRAG_NEG_trNEGATIVE94017_12_16,0.08910906314849854
FRAG_NEG_trNEGATIVE83228_2_16,0.237623929977417
FRAG_NEG_trNEGATIVE67613_2_16,0.3069307804107666
FRAG_NEG_trNEGATIVE54914_8_16,0.2871288061141968
FRAG_NEG_trNEGATIVE68972_43_16,0.2772277593612671
FRAG_NEG_trNEGATIVE67888_6_16,0.20792090892791748
FRAG_NEG_trNEGATIVE58718_58_16,0.2722773551940918
FRAG_NEG_trNEGATIVE86831_7_16,0.10891103744506836
FRAG_NEG_trNEGATIVE65249_65_16,0.059406161308288574
FRAG_NEG_trNEGATIVE94818_14_16,0.5445544719696045
FRAG_NEG_trNEGATIVE48986_17_16,0.3069307804107666
FRAG_NEG_trNEGATIVE60767_28_16,0.0792081356048584
FRAG_NEG_trNEGATIVE59357_12_16,0.2658417224884033
FRAG_NEG_trNEGATIVE84260_15_16,0.06930708885192871
FRAG_NEG_trNEGATIVE53736_84_16,0.059406161308288574
FRAG_NEG_trNEGATIVE45035_31_16,0.07920801639556885
FRAG_NEG_trNEGATIVE92537_9_16,0.20792090892791748
FRAG_NEG_trNEGATIVE59717_22_16,0.10891103744506836
FRAG_NEG_trNEGATIVE37883_9_16,0.6336634159088135
FRAG_NEG_trNEGATIVE34363_61_16,0.16831696033477783
FRAG_NEG_trNEGATIVE60930_8_16,0.6336633563041687
FRAG_NEG_trNEGATIVE43609_43_16,0.3069307804107666
FRAG_NEG_trNEGATIVE70393_4_16,0.04950511455535889
FRAG_NEG_trNEGATIVE28224_10_16,0.09900999069213867
FRAG_NEG_trNEGATIVE91130_28_16,0.2871288061141968
FRAG_NEG_trNEGATIVE93817_32_16,0.0396040678024292
FRAG_NEG_trNEGATIVE50867_46_16,0.009901165962219238
FRAG_NEG_trNEGATIVE76283_24_16,0.12871301174163818
FRAG_NEG_trNEGATIVE67566_7_16,0.25742578506469727
FRAG_NEG_trNEGATIVE62365_21_16,0.1980198621749878
FRAG_NEG_trNEGATIVE45208_50_16,0.148514986038208
FRAG_NEG_trNEGATIVE76879_33_16,0.07920801639556885
FRAG_NEG_trNEGATIVE30369_0_16,0.41584163904190063
FRAG_NEG_trNEGATIVE84326_46_16,0.21782195568084717
FRAG_NEG_trNEGATIVE78677_30_16,0.3663367033004761
FRAG_NEG_trNEGATIVE86220_32_16,0.44554460048675537
FRAG_NEG_trNEGATIVE87476_25_16,0.09900999069213867
FRAG_NEG_trNEGATIVE90579_53_16,0.08910906314849854
FRAG_NEG_trNEGATIVE47954_44_16,0.3168317675590515
FRAG_NEG_trNEGATIVE28195_12_16,0.33663368225097656
FRAG_NEG_trNEGATIVE86666_33_16,0.19801998138427734
FRAG_NEG_trNEGATIVE33180_64_16,0.04950511455535889
FRAG_NEG_trNEGATIVE45235_20_16,0.148514986038208
FRAG_NEG_trNEGATIVE48495_62_16,0.1584160327911377
FRAG_NEG_trNEGATIVE79038_32_16,0.148514986038208
FRAG_NEG_trNEGATIVE44293_32_16,0.33663374185562134
FRAG_NEG_trNEGATIVE35903_51_16,0.059406161308288574
FRAG_NEG_trNEGATIVE64723_33_16,0.06930708885192871
FRAG_NEG_trNEGATIVE63531_37_16,0.3267327547073364
FRAG_NEG_trNEGATIVE31139_73_16,0.10891103744506836
FRAG_NEG_trNEGATIVE60601_49_16,0.10891103744506836
FRAG_NEG_trNEGATIVE68397_41_16,0.07920801639556885
FRAG_NEG_trNEGATIVE42096_45_16,0.029703140258789062
FRAG_NEG_trNEGATIVE94831_49_16,0.26732683181762695
FRAG_NEG_trNEGATIVE77263_10_16,0.15841591358184814
FRAG_NEG_trNEGATIVE48720_38_16,0.08910906314849854
FRAG_NEG_trNEGATIVE91353_21_16,0.21782195568084717
FRAG_NEG_trNEGATIVE93505_39_16,0.2277228832244873
FRAG_NEG_trNEGATIVE70934_31_16,0.0792081356048584
FRAG_NEG_trNEGATIVE61977_11_16,0.5247524976730347
FRAG_NEG_trNEGATIVE86087_2_16,0.19801998138427734
FRAG_NEG_trNEGATIVE80088_46_16,0.03960418701171875
FRAG_NEG_trNEGATIVE89587_57_16,0.17821788787841797
FRAG_NEG_trNEGATIVE70956_67_16,0.12871301174163818
FRAG_NEG_trNEGATIVE80119_30_16,0.4653465747833252
FRAG_NEG_trNEGATIVE52530_72_16,0.376237690448761
FRAG_NEG_trNEGATIVE76267_58_16,0.3366338014602661
FRAG_NEG_trNEGATIVE39300_77_16,0.148514986038208
FRAG_NEG_trNEGATIVE70875_5_16,0.2277228832244873
FRAG_NEG_trNEGATIVE61300_5_16,0.16831696033477783
FRAG_NEG_trNEGATIVE79768_43_16,0.1584160327911377
FRAG_NEG_trNEGATIVE31684_1_16,0.27722787857055664
FRAG_NEG_trNEGATIVE80883_20_16,0.16831696033477783
FRAG_NEG_trNEGATIVE80956_19_16,0.029703140258789062
FRAG_NEG_trNEGATIVE95503_3_16,0.12871301174163818
FRAG_NEG_trNEGATIVE81621_40_16,0.24752485752105713
FRAG_NEG_trNEGATIVE92161_54_16,0.08910906314849854
FRAG_NEG_trNEGATIVE44054_20_16,0.1584160327911377
FRAG_NEG_trNEGATIVE40116_8_16,0.04950511455535889
FRAG_NEG_trNEGATIVE85924_55_16,0.2871288061141968
FRAG_NEG_trNEGATIVE54373_6_16,0.2574259042739868
FRAG_NEG_trNEGATIVE85002_13_16,0.2772277593612671
FRAG_NEG_trNEGATIVE50739_11_16,0.04950511455535889
FRAG_NEG_trNEGATIVE57136_27_16,0.23762381076812744
FRAG_NEG_trNEGATIVE35895_36_16,0.06930708885192871
FRAG_NEG_trNEGATIVE64605_53_16,0.21782183647155762
FRAG_NEG_trNEGATIVE73663_54_16,0.4752475619316101
FRAG_NEG_trNEGATIVE91991_45_16,0.11881208419799805
FRAG_NEG_trNEGATIVE71305_13_16,0.17821788787841797
FRAG_NEG_trNEGATIVE35927_12_16,0.4059406518936157
FRAG_NEG_trNEGATIVE80302_51_16,0.08910906314849854
FRAG_NEG_trNEGATIVE55270_25_16,0.18811893463134766
FRAG_NEG_trNEGATIVE46189_14_16,0.17821800708770752
FRAG_NEG_trNEGATIVE58934_29_16,0.1584160327911377
FRAG_NEG_trNEGATIVE81346_50_16,0.27722787857055664
FRAG_NEG_trNEGATIVE28014_18_16,0.009901165962219238
FRAG_NEG_trNEGATIVE68402_49_16,0.0396040678024292
FRAG_NEG_trNEGATIVE53567_2_16,0.09901010990142822
FRAG_NEG_trNEGATIVE36275_32_16,0.148514986038208
FRAG_NEG_trNEGATIVE37957_44_16,0.5148515105247498
FRAG_NEG_trNEGATIVE52191_4_16,0.03960418701171875
FRAG_NEG_trNEGATIVE71193_53_16,0.376237690448761
FRAG_NEG_trNEGATIVE64700_0_16,0.10891103744506836
FRAG_NEG_trNEGATIVE43505_35_16,0.12871301174163818
FRAG_NEG_trNEGATIVE73022_37_16,0.11881208419799805
FRAG_NEG_trNEGATIVE45190_2_16,0.05940604209899902
FRAG_NEG_trNEGATIVE79961_28_16,0.18811893463134766
FRAG_NEG_trNEGATIVE82308_46_16,0.148514986038208
FRAG_NEG_trNEGATIVE33929_25_16,0.1188119649887085
FRAG_NEG_trNEGATIVE28453_59_16,0.07920801639556885
FRAG_NEG_trNEGATIVE54440_21_16,0.1188119649887085
FRAG_NEG_trNEGATIVE29717_27_16,0.18811893463134766
FRAG_NEG_trNEGATIVE34860_32_16,0.11881208419799805
FRAG_NEG_trNEGATIVE47943_66_16,0.03960418701171875
FRAG_NEG_trNEGATIVE80659_65_16,0.603960394859314
FRAG_NEG_trNEGATIVE49538_0_16,0.029703140258789062
FRAG_NEG_trNEGATIVE83182_67_16,0.3993399739265442
FRAG_NEG_trNEGATIVE55992_17_16,0.24257433414459229
FRAG_NEG_trNEGATIVE88017_45_16,0.08910906314849854
FRAG_NEG_trNEGATIVE63742_35_16,0.25742578506469727
FRAG_NEG_trNEGATIVE28970_30_16,0.5841584205627441
FRAG_NEG_trNEGATIVE52672_3_16,0.04950511455535889
FRAG_NEG_trNEGATIVE45852_15_16,0.029703140258789062
FRAG_NEG_trNEGATIVE87120_1_16,0.11881208419799805
FRAG_NEG_trNEGATIVE64540_21_16,0.13861393928527832
FRAG_NEG_trNEGATIVE48120_33_16,0.03960418701171875
FRAG_NEG_trNEGATIVE86973_50_16,0.19801998138427734
FRAG_NEG_trNEGATIVE39940_60_16,0.5544555187225342
FRAG_NEG_trNEGATIVE44225_44_16,0.24752485752105713
FRAG_NEG_trNEGATIVE96434_2_16,0.26732683181762695
FRAG_NEG_trNEGATIVE45060_53_16,0.12871301174163818
FRAG_NEG_trNEGATIVE41718_3_16,0.2871288061141968
FRAG_NEG_trNEGATIVE59574_37_16,0.19801998138427734
FRAG_NEG_trNEGATIVE50788_19_16,0.6138614416122437
FRAG_NEG_trNEGATIVE93420_2_16,0.17821800708770752
FRAG_NEG_trNEGATIVE45571_44_16,0.17821800708770752
FRAG_NEG_trNEGATIVE43944_24_16,0.0792081356048584
FRAG_NEG_trNEGATIVE50700_50_16,0.059406161308288574
FRAG_NEG_trNEGATIVE96930_54_16,0.237623929977417
FRAG_NEG_trNEGATIVE87653_7_16,0.1980198621749878
FRAG_NEG_trNEGATIVE69895_19_16,0.17821788787841797
FRAG_NEG_trNEGATIVE27515_48_16,0.15841591358184814
FRAG_NEG_trNEGATIVE46224_67_16,0.0396040678024292
FRAG_NEG_trNEGATIVE59129_19_16,0.148514986038208
FRAG_NEG_trNEGATIVE40152_35_16,0.27722787857055664
FRAG_NEG_trNEGATIVE43001_41_16,0.1188119649887085
FRAG_NEG_trNEGATIVE48986_40_16,0.3861386775970459
FRAG_NEG_trNEGATIVE41659_36_16,0.3168317675590515
FRAG_NEG_trNEGATIVE72967_10_16,0.06930708885192871
FRAG_NEG_trNEGATIVE89767_23_16,0.35643571615219116
FRAG_NEG_trNEGATIVE29659_50_16,0.13861405849456787
FRAG_NEG_trNEGATIVE81209_10_16,0.03960418701171875
FRAG_NEG_trNEGATIVE48993_17_16,0.019802093505859375
FRAG_NEG_trNEGATIVE60235_23_16,0.7227723002433777
FRAG_NEG_trNEGATIVE62338_50_16,0.10891103744506836
FRAG_NEG_trNEGATIVE82469_29_16,0.35643571615219116
FRAG_NEG_trNEGATIVE78001_58_16,0.19801998138427734
FRAG_NEG_trNEGATIVE36562_51_16,0.3069307804107666
FRAG_NEG_trNEGATIVE96783_12_16,0.13861393928527832
FRAG_NEG_trNEGATIVE90101_37_16,0.2277228832244873
FRAG_NEG_trNEGATIVE59274_47_16,0.16831696033477783
FRAG_NEG_trNEGATIVE82897_48_16,0.029703140258789062
FRAG_NEG_trNEGATIVE64220_55_16,0.34653472900390625
FRAG_NEG_trNEGATIVE82169_29_16,0.44554460048675537
FRAG_NEG_trNEGATIVE70788_20_16,0.12871301174163818
FRAG_NEG_trNEGATIVE75577_9_16,0.059406161308288574
FRAG_NEG_trNEGATIVE70441_42_16,0.07920801639556885
FRAG_NEG_trNEGATIVE89542_15_16,0.21782183647155762
FRAG_NEG_trNEGATIVE76739_2_16,0.06930708885192871
FRAG_NEG_trNEGATIVE62949_21_16,0.16831696033477783
FRAG_NEG_trNEGATIVE42249_40_16,0.2277228832244873
FRAG_NEG_trNEGATIVE64850_45_16,0.09900999069213867
FRAG_NEG_trNEGATIVE35196_61_16,0.0792081356048584
FRAG_NEG_trNEGATIVE92796_41_16,0.09901010990142822
FRAG_NEG_trNEGATIVE90508_13_16,0.148514986038208
FRAG_NEG_trNEGATIVE94939_53_16,0.5148515105247498
FRAG_NEG_trNEGATIVE78224_6_16,0.18811893463134766
FRAG_NEG_trNEGATIVE86415_21_16,0.7623762488365173
FRAG_NEG_trNEGATIVE46475_30_16,0.485148549079895
FRAG_NEG_trNEGATIVE36752_28_16,0.42574262619018555
FRAG_NEG_trNEGATIVE91157_0_16,0.12871301174163818
FRAG_NEG_trNEGATIVE52449_40_16,0.16831696033477783
FRAG_NEG_trNEGATIVE48152_62_16,0.2277228832244873
FRAG_NEG_trNEGATIVE69773_17_16,0.148514986038208
FRAG_NEG_trNEGATIVE40259_31_16,0.17821800708770752
FRAG_NEG_trNEGATIVE56951_12_16,0.0396040678024292
FRAG_NEG_trNEGATIVE50059_1_16,0.0396040678024292
FRAG_NEG_trNEGATIVE50146_25_16,0.148514986038208
FRAG_NEG_trNEGATIVE93102_79_16,0.059406161308288574
FRAG_NEG_trNEGATIVE65731_32_16,0.10891103744506836
FRAG_NEG_trNEGATIVE67604_6_16,0.148514986038208
FRAG_NEG_trNEGATIVE31154_49_16,0.24752485752105713
FRAG_NEG_trNEGATIVE85002_19_16,0.2871288061141968
FRAG_NEG_trNEGATIVE71115_7_16,0.07920801639556885
FRAG_NEG_trNEGATIVE28334_43_16,0.29702985286712646
FRAG_NEG_trNEGATIVE80858_25_16,0.08910906314849854
FRAG_NEG_trNEGATIVE29015_42_16,0.21782183647155762
FRAG_NEG_trNEGATIVE96786_42_16,0.4653465747833252
FRAG_NEG_trNEGATIVE74726_1_16,0.06930708885192871
FRAG_NEG_trNEGATIVE86666_74_16,0.12871301174163818
FRAG_NEG_trNEGATIVE43356_15_16,0.059406161308288574
FRAG_NEG_trNEGATIVE47649_3_16,0.485148549079895
FRAG_NEG_trNEGATIVE95856_74_16,0.12871301174163818
FRAG_NEG_trNEGATIVE90331_40_16,0.18811893463134766
FRAG_NEG_trNEGATIVE31628_2_16,0.11881208419799805
FRAG_NEG_trNEGATIVE38596_62_16,0.3564356565475464
FRAG_NEG_trNEGATIVE45601_22_16,0.13861405849456787
FRAG_NEG_trNEGATIVE49910_26_16,0.10891103744506836
FRAG_NEG_trNEGATIVE72261_18_16,0.13861393928527832
FRAG_NEG_trNEGATIVE78223_50_16,0.20792090892791748
FRAG_NEG_trNEGATIVE51538_24_16,0.17821788787841797
FRAG_NEG_trNEGATIVE52587_45_16,0.2772277593612671
FRAG_NEG_trNEGATIVE93923_51_16,0.15841591358184814
FRAG_NEG_trNEGATIVE61021_39_16,0.34653472900390625
FRAG_NEG_trNEGATIVE56232_8_16,0.13861393928527832
FRAG_NEG_trNEGATIVE71096_6_16,0.21782183647155762
FRAG_NEG_trNEGATIVE79033_4_16,0.6336634159088135
FRAG_NEG_trNEGATIVE51908_35_16,0.19801998138427734
FRAG_NEG_trNEGATIVE69126_8_16,0.24752485752105713
FRAG_NEG_trNEGATIVE96180_25_16,0.2871288061141968
FRAG_NEG_trNEGATIVE49831_23_16,0.4059406518936157
FRAG_NEG_trNEGATIVE67998_47_16,0.18811893463134766
FRAG_NEG_trNEGATIVE86577_25_16,0.11881208419799805
FRAG_NEG_trNEGATIVE37267_28_16,0.12871301174163818
FRAG_NEG_trNEGATIVE35026_23_16,0.148514986038208
FRAG_NEG_trNEGATIVE76788_55_16,0.08910906314849854
FRAG_NEG_trNEGATIVE63373_54_16,0.12871301174163818
FRAG_NEG_trNEGATIVE53980_27_16,0.09900999069213867
FRAG_NEG_trNEGATIVE89176_23_16,0.08910906314849854
FRAG_NEG_trNEGATIVE97540_8_16,0.5445544719696045
FRAG_NEG_trNEGATIVE85930_44_16,0.148514986038208
FRAG_NEG_trNEGATIVE69195_12_16,0.574257493019104
FRAG_NEG_trNEGATIVE57256_2_16,0.11881208419799805
FRAG_NEG_trNEGATIVE73214_42_16,0.7574257850646973
FRAG_NEG_trNEGATIVE39185_19_16,0.0792081356048584
FRAG_NEG_trNEGATIVE86108_37_16,0.43564361333847046
FRAG_NEG_trNEGATIVE56467_8_16,0.3663367033004761
FRAG_NEG_trNEGATIVE74184_57_16,0.08910906314849854
FRAG_NEG_trNEGATIVE50504_53_16,0.148514986038208
FRAG_NEG_trNEGATIVE86785_60_16,0.04950511455535889
FRAG_NEG_trNEGATIVE59745_53_16,0.3168318271636963
FRAG_NEG_trNEGATIVE38671_14_16,0.5247524976730347
FRAG_NEG_trNEGATIVE77263_40_16,0.25742578506469727
FRAG_NEG_trNEGATIVE79202_58_16,0.10891103744506836
FRAG_NEG_trNEGATIVE44699_15_16,0.08910906314849854
FRAG_NEG_trNEGATIVE79202_1_16,0.26732683181762695
FRAG_NEG_trNEGATIVE66206_35_16,0.41584163904190063
FRAG_NEG_trNEGATIVE54686_15_16,0.10891103744506836
FRAG_NEG_trNEGATIVE29460_45_16,0.16831696033477783
FRAG_NEG_trNEGATIVE48972_7_16,0.04950511455535889
FRAG_NEG_trNEGATIVE49285_6_16,0.31683170795440674
FRAG_NEG_trNEGATIVE39288_31_16,0.13861405849456787
FRAG_NEG_trNEGATIVE76230_27_16,0.4059406518936157
FRAG_NEG_trNEGATIVE43372_41_16,0.26732683181762695
FRAG_NEG_trNEGATIVE86892_26_16,0.3168318271636963
FRAG_NEG_trNEGATIVE75977_34_16,0.5643564462661743
FRAG_NEG_trNEGATIVE63916_28_16,0.2970297336578369
FRAG_NEG_trNEGATIVE52522_26_16,0.09900999069213867
FRAG_NEG_trNEGATIVE86577_2_16,0.237623929977417
FRAG_NEG_trNEGATIVE73084_14_16,0.18811893463134766
FRAG_NEG_trNEGATIVE33900_33_16,0.1188119649887085
FRAG_NEG_trNEGATIVE64168_32_16,0.12871301174163818
FRAG_NEG_trNEGATIVE80087_43_16,0.08910906314849854
FRAG_NEG_trNEGATIVE41609_54_16,0.029703140258789062
FRAG_NEG_trNEGATIVE42819_55_16,0.19801998138427734
FRAG_NEG_trNEGATIVE85245_36_16,0.12871301174163818
FRAG_NEG_trNEGATIVE48410_18_16,0.029703140258789062
FRAG_NEG_trNEGATIVE76074_52_16,0.34653472900390625
FRAG_NEG_trNEGATIVE62646_46_16,0.43564361333847046
FRAG_NEG_trNEGATIVE69382_47_16,0.10891103744506836
FRAG_NEG_trNEGATIVE49305_29_16,0.12871301174163818
FRAG_NEG_trNEGATIVE67464_13_16,0.148514986038208
FRAG_NEG_trNEGATIVE28600_8_16,0.26732683181762695
FRAG_NEG_trNEGATIVE29106_62_16,0.24752485752105713
FRAG_NEG_trNEGATIVE90625_52_16,0.10891103744506836
FRAG_NEG_trNEGATIVE66454_11_16,0.11881208419799805
FRAG_NEG_trNEGATIVE44730_49_16,0.08910906314849854
FRAG_NEG_trNEGATIVE76074_38_16,0.603960394859314
FRAG_NEG_trNEGATIVE46582_34_16,0.029703140258789062
FRAG_NEG_trNEGATIVE44694_5_16,0.1980198621749878
FRAG_NEG_trNEGATIVE77659_22_16,0.24092423915863037
FRAG_NEG_trNEGATIVE74572_27_16,0.04950511455535889
FRAG_NEG_trNEGATIVE84790_28_16,0.4554455876350403
FRAG_NEG_trNEGATIVE97568_64_16,0.485148549079895
FRAG_NEG_trNEGATIVE78551_51_16,0.08910906314849854
FRAG_NEG_trNEGATIVE80483_47_16,0.029703140258789062
FRAG_NEG_trNEGATIVE44058_5_16,0.148514986038208
FRAG_NEG_trNEGATIVE62668_63_16,0.15841591358184814
FRAG_NEG_trNEGATIVE89184_67_16,0.20792090892791748
FRAG_NEG_trNEGATIVE42689_24_16,0.2772277593612671
FRAG_NEG_trNEGATIVE96298_17_16,0.04950511455535889
FRAG_NEG_trNEGATIVE88247_25_16,0.34653472900390625
FRAG_NEG_trNEGATIVE36290_7_16,0.3168317675590515
FRAG_NEG_trNEGATIVE27956_59_16,0.029703140258789062
FRAG_NEG_trNEGATIVE72553_5_16,0.0396040678024292
FRAG_NEG_trNEGATIVE65270_35_16,0.17821800708770752
FRAG_NEG_trNEGATIVE73694_27_16,0.0396040678024292
FRAG_NEG_trNEGATIVE35188_10_16,0.17821800708770752
FRAG_NEG_trNEGATIVE68813_17_16,0.26732683181762695
FRAG_NEG_trNEGATIVE30647_48_16,0.21782195568084717
FRAG_NEG_trNEGATIVE42010_8_16,0.009901165962219238
FRAG_NEG_trNEGATIVE80221_20_16,0.12871301174163818
FRAG_NEG_trNEGATIVE97544_29_16,0.029703140258789062
FRAG_NEG_trNEGATIVE57102_4_16,0.07920801639556885
FRAG_NEG_trNEGATIVE65010_7_16,0.10891103744506836
FRAG_NEG_trNEGATIVE96937_9_16,0.34653472900390625
FRAG_NEG_trNEGATIVE83228_23_16,0.09900999069213867
FRAG_NEG_trNEGATIVE66279_22_16,0.43564361333847046
FRAG_NEG_trNEGATIVE70325_31_16,0.18811893463134766
FRAG_NEG_trNEGATIVE82808_2_16,0.33663374185562134
FRAG_NEG_trNEGATIVE44996_54_16,0.0396040678024292
FRAG_NEG_trNEGATIVE38371_70_16,0.33663374185562134
FRAG_NEG_trNEGATIVE39688_27_16,0.06930708885192871
FRAG_NEG_trNEGATIVE50090_13_16,0.0792081356048584
FRAG_NEG_trNEGATIVE64190_19_16,0.17821800708770752
FRAG_NEG_trNEGATIVE51070_54_16,0.25742578506469727
FRAG_NEG_trNEGATIVE78381_38_16,0.10891103744506836
FRAG_NEG_trNEGATIVE36084_68_16,0.23762381076812744
FRAG_NEG_trNEGATIVE69216_68_16,0.08910906314849854
FRAG_NEG_trNEGATIVE40980_44_16,0.34653472900390625
FRAG_NEG_trNEGATIVE83485_55_16,0.18811893463134766
FRAG_NEG_trNEGATIVE92127_14_16,0.17821788787841797
FRAG_NEG_trNEGATIVE42893_7_16,0.17821788787841797
FRAG_NEG_trNEGATIVE87165_56_16,0.3217822313308716
FRAG_NEG_trNEGATIVE91196_5_16,0.0792081356048584
FRAG_NEG_trNEGATIVE89832_0_16,0.4174917936325073
FRAG_NEG_trNEGATIVE95448_48_16,0.029703140258789062
FRAG_NEG_trNEGATIVE80787_28_16,0.3960396647453308
FRAG_NEG_trNEGATIVE83875_21_16,0.13861393928527832
FRAG_NEG_trNEGATIVE33646_16_16,0.3663367033004761
FRAG_NEG_trNEGATIVE96170_0_16,0.05940604209899902
FRAG_NEG_trNEGATIVE74351_79_16,0.10891103744506836
FRAG_NEG_trNEGATIVE80716_2_16,0.13861405849456787
FRAG_NEG_trNEGATIVE40100_12_16,0.09901010990142822
FRAG_NEG_trNEGATIVE76485_69_16,0.26732683181762695
FRAG_NEG_trNEGATIVE83357_47_16,0.693069338798523
FRAG_NEG_trNEGATIVE39838_51_16,0.2871288061141968
FRAG_NEG_trNEGATIVE91442_34_16,0.4554455876350403
FRAG_NEG_trNEGATIVE45481_6_16,0.31683170795440674
FRAG_NEG_trNEGATIVE84700_49_16,0.3366338014602661
FRAG_NEG_trNEGATIVE37677_14_16,0.13861393928527832
FRAG_NEG_trNEGATIVE68121_51_16,0.029703140258789062
FRAG_NEG_trNEGATIVE39771_14_16,0.163366436958313
FRAG_NEG_trNEGATIVE70698_17_16,0.34653472900390625
FRAG_NEG_trNEGATIVE62896_31_16,0.4653465747833252
FRAG_NEG_trNEGATIVE51467_9_16,0.06930708885192871
FRAG_NEG_trNEGATIVE70267_63_16,0.29702985286712646
FRAG_NEG_trNEGATIVE65364_69_16,0.09901010990142822
FRAG_NEG_trNEGATIVE53671_57_16,0.5247524976730347
FRAG_NEG_trNEGATIVE59493_22_16,0.2772277593612671
FRAG_NEG_trNEGATIVE80221_14_16,0.07920801639556885
FRAG_NEG_trNEGATIVE37994_26_16,0.10891103744506836
FRAG_NEG_trNEGATIVE53259_10_16,0.3960396647453308
FRAG_NEG_trNEGATIVE32567_30_16,0.5643564462661743
FRAG_NEG_trNEGATIVE28456_59_16,0.44554460048675537
FRAG_NEG_trNEGATIVE60368_37_16,0.33663374185562134
FRAG_NEG_trNEGATIVE71780_27_16,0.3069307804107666
FRAG_NEG_trNEGATIVE41457_19_16,0.43564361333847046
FRAG_NEG_trNEGATIVE88900_64_16,0.08910906314849854
FRAG_NEG_trNEGATIVE72133_1_16,0.18811893463134766
FRAG_NEG_trNEGATIVE89718_10_16,0.3663367033004761
FRAG_NEG_trNEGATIVE38860_37_16,0.1980198621749878
FRAG_NEG_trNEGATIVE86732_11_16,0.21782195568084717
FRAG_NEG_trNEGATIVE97267_31_16,0.19801998138427734
FRAG_NEG_trNEGATIVE39793_10_16,0.04950511455535889
FRAG_NEG_trNEGATIVE92907_33_16,0.574257493019104
FRAG_NEG_trNEGATIVE70441_8_16,0.3663367033004761
FRAG_NEG_trNEGATIVE34365_43_17,0.26732683181762695
FRAG_NEG_trNEGATIVE71562_24_17,0.148514986038208
FRAG_NEG_trNEGATIVE95054_55_17,0.05940604209899902
FRAG_NEG_trNEGATIVE68112_29_17,0.1188119649887085
FRAG_NEG_trNEGATIVE70594_5_17,0.1584160327911377
FRAG_NEG_trNEGATIVE62084_19_17,0.08910906314849854
FRAG_NEG_trNEGATIVE32585_20_17,0.3861386775970459
FRAG_NEG_trNEGATIVE69351_3_17,0.059406161308288574
FRAG_NEG_trNEGATIVE63567_4_17,0.059406161308288574
FRAG_NEG_trNEGATIVE29366_50_17,0.08910906314849854
FRAG_NEG_trNEGATIVE34370_28_17,0.18811893463134766
FRAG_NEG_trNEGATIVE97332_16_17,0.10891103744506836
FRAG_NEG_trNEGATIVE42400_54_17,0.09901010990142822
FRAG_NEG_trNEGATIVE72919_78_17,0.2970297336578369
FRAG_NEG_trNEGATIVE48964_12_17,0.10891103744506836
FRAG_NEG_trNEGATIVE95219_47_17,0.44554460048675537
FRAG_NEG_trNEGATIVE67287_59_17,0.06930708885192871
FRAG_NEG_trNEGATIVE91415_74_17,0.24752485752105713
FRAG_NEG_trNEGATIVE81708_15_17,0.4554455876350403
FRAG_NEG_trNEGATIVE92954_59_17,0.44554460048675537
FRAG_NEG_trNEGATIVE70668_60_17,0.26732683181762695
FRAG_NEG_trNEGATIVE84292_4_17,0.2970297336578369
FRAG_NEG_trNEGATIVE67117_33_17,0.148514986038208
FRAG_NEG_trNEGATIVE58935_15_17,0.17821788787841797
FRAG_NEG_trNEGATIVE58334_34_17,0.12376248836517334
FRAG_NEG_trNEGATIVE47369_18_17,0.3267327547073364
FRAG_NEG_trNEGATIVE81661_17_17,0.2970297336578369
FRAG_NEG_trNEGATIVE74182_6_17,0.08910906314849854
FRAG_NEG_trNEGATIVE53380_32_17,0.12871301174163818
FRAG_NEG_trNEGATIVE68465_49_17,0.1584160327911377
FRAG_NEG_trNEGATIVE70084_39_17,0.29702985286712646
FRAG_NEG_trNEGATIVE32633_21_17,0.09900999069213867
FRAG_NEG_trNEGATIVE76485_8_17,0.44554460048675537
FRAG_NEG_trNEGATIVE27564_50_17,0.376237690448761
FRAG_NEG_trNEGATIVE88445_6_17,0.17821788787841797
FRAG_NEG_trNEGATIVE27881_37_17,0.0792081356048584
FRAG_NEG_trNEGATIVE81335_22_17,0.18811893463134766
FRAG_NEG_trNEGATIVE76814_22_17,0.019802212715148926
FRAG_NEG_trNEGATIVE56358_17_17,0.07920801639556885
FRAG_NEG_trNEGATIVE96587_40_17,0.0792081356048584
FRAG_NEG_trNEGATIVE74374_26_17,0.2574259042739868
FRAG_NEG_trNEGATIVE46479_42_17,0.2970297336578369
FRAG_NEG_trNEGATIVE62212_16_17,0.12871301174163818
FRAG_NEG_trNEGATIVE89408_3_17,0.3663367033004761
FRAG_NEG_trNEGATIVE96505_21_17,0.34653472900390625
FRAG_NEG_trNEGATIVE78543_20_17,0.08910906314849854
FRAG_NEG_trNEGATIVE39971_21_17,0.0792081356048584
FRAG_NEG_trNEGATIVE51963_11_17,0.5247524976730347
FRAG_NEG_trNEGATIVE31778_26_17,0.09901010990142822
FRAG_NEG_trNEGATIVE45411_36_17,0.009901165962219238
FRAG_NEG_trNEGATIVE44904_1_17,0.08910906314849854
FRAG_NEG_trNEGATIVE77990_61_17,0.09900999069213867
FRAG_NEG_trNEGATIVE27872_58_17,0.08910906314849854
FRAG_NEG_trNEGATIVE50130_18_17,0.059406161308288574
FRAG_NEG_trNEGATIVE46331_3_17,0.1188119649887085
FRAG_NEG_trNEGATIVE38089_37_17,0.3168318271636963
FRAG_NEG_trNEGATIVE90276_19_17,0.34653472900390625
FRAG_NEG_trNEGATIVE78223_34_17,0.41584163904190063
FRAG_NEG_trNEGATIVE68229_70_17,0.20792090892791748
FRAG_NEG_trNEGATIVE64188_36_17,0.10891103744506836
FRAG_NEG_trNEGATIVE40897_36_17,0.009901165962219238
FRAG_NEG_trNEGATIVE89076_54_17,0.5445544719696045
FRAG_NEG_trNEGATIVE34430_20_17,0.04950511455535889
FRAG_NEG_trNEGATIVE93501_13_17,0.20792090892791748
FRAG_NEG_trNEGATIVE78139_26_17,0.15841591358184814
FRAG_NEG_trNEGATIVE66761_35_17,0.11881208419799805
FRAG_NEG_trNEGATIVE69114_6_17,0.34653472900390625
FRAG_NEG_trNEGATIVE62627_9_17,0.09900999069213867
FRAG_NEG_trNEGATIVE51070_26_17,0.13861393928527832
FRAG_NEG_trNEGATIVE38271_8_17,0.2772277593612671
FRAG_NEG_trNEGATIVE80494_3_17,0.18811893463134766
FRAG_NEG_trNEGATIVE69136_1_17,0.17821800708770752
FRAG_NEG_trNEGATIVE40482_16_17,0.06930708885192871
FRAG_NEG_trNEGATIVE27573_23_17,0.059406161308288574
FRAG_NEG_trNEGATIVE57444_19_17,0.06930708885192871
FRAG_NEG_trNEGATIVE94584_54_17,0.40841591358184814
FRAG_NEG_trNEGATIVE60601_29_17,0.148514986038208
FRAG_NEG_trNEGATIVE54902_50_17,0.10891103744506836
FRAG_NEG_trNEGATIVE48177_20_17,0.04950511455535889
FRAG_NEG_trNEGATIVE79569_43_17,0.03960418701171875
FRAG_NEG_trNEGATIVE67382_27_17,0.1584160327911377
FRAG_NEG_trNEGATIVE51840_70_17,0.45874595642089844
FRAG_NEG_trNEGATIVE46371_23_17,0.1188119649887085
FRAG_NEG_trNEGATIVE89180_18_17,0.19801998138427734
FRAG_NEG_trNEGATIVE29979_13_17,0.12871301174163818
FRAG_NEG_trNEGATIVE31404_1_17,0.4752475619316101
FRAG_NEG_trNEGATIVE63107_34_17,0.019802093505859375
FRAG_NEG_trNEGATIVE34067_27_17,0.04950511455535889
FRAG_NEG_trNEGATIVE34696_26_17,0.41584163904190063
FRAG_NEG_trNEGATIVE92531_65_17,0.06930708885192871
FRAG_NEG_trNEGATIVE83702_21_17,0.17821788787841797
FRAG_NEG_trNEGATIVE35595_4_17,0.029703140258789062
FRAG_NEG_trNEGATIVE41920_39_17,0.05940604209899902
FRAG_NEG_trNEGATIVE37328_46_17,0.18811893463134766
FRAG_NEG_trNEGATIVE72375_27_17,0.08910906314849854
FRAG_NEG_trNEGATIVE85761_7_17,0.16831696033477783
FRAG_NEG_trNEGATIVE37637_29_17,0.19801998138427734
FRAG_NEG_trNEGATIVE35918_6_17,0.2277228832244873
FRAG_NEG_trNEGATIVE54987_53_17,0.04950511455535889
FRAG_NEG_trNEGATIVE83372_44_17,0.0792081356048584
FRAG_NEG_trNEGATIVE79038_2_17,0.11881208419799805
FRAG_NEG_trNEGATIVE49538_5_17,0.0396040678024292
FRAG_NEG_trNEGATIVE53160_40_17,0.19801998138427734
FRAG_NEG_trNEGATIVE38687_19_17,0.029703140258789062
FRAG_NEG_trNEGATIVE75833_56_17,0.3069307804107666
FRAG_NEG_trNEGATIVE75662_20_17,0.16831696033477783
FRAG_NEG_trNEGATIVE69222_9_17,0.019802093505859375
FRAG_NEG_trNEGATIVE54448_21_17,0.029703140258789062
FRAG_NEG_trNEGATIVE30609_56_17,0.23762381076812744
FRAG_NEG_trNEGATIVE90508_37_17,0.05940604209899902
FRAG_NEG_trNEGATIVE78345_46_17,0.15841591358184814
FRAG_NEG_trNEGATIVE75796_34_17,0.24752485752105713
FRAG_NEG_trNEGATIVE61974_42_17,0.485148549079895
FRAG_NEG_trNEGATIVE95312_10_17,0.1980198621749878
FRAG_NEG_trNEGATIVE92723_25_17,0.019802212715148926
FRAG_NEG_trNEGATIVE86307_59_17,0.6567656993865967
FRAG_NEG_trNEGATIVE52626_36_17,0.13861405849456787
FRAG_NEG_trNEGATIVE47431_48_17,0.5247524976730347
FRAG_NEG_trNEGATIVE89412_44_17,0.0792081356048584
FRAG_NEG_trNEGATIVE59955_49_17,0.029703140258789062
FRAG_NEG_trNEGATIVE45625_13_17,0.04950511455535889
FRAG_NEG_trNEGATIVE77835_4_17,0.237623929977417
FRAG_NEG_trNEGATIVE66179_65_17,0.1188119649887085
FRAG_NEG_trNEGATIVE27833_11_17,0.16831696033477783
FRAG_NEG_trNEGATIVE31512_26_17,0.10891103744506836
FRAG_NEG_trNEGATIVE78032_36_17,0.237623929977417
FRAG_NEG_trNEGATIVE66060_6_17,0.3168318271636963
FRAG_NEG_trNEGATIVE43981_6_17,0.33663368225097656
FRAG_NEG_trNEGATIVE44475_5_17,0.3663367033004761
FRAG_NEG_trNEGATIVE66415_16_17,0.6633663177490234
FRAG_NEG_trNEGATIVE44266_45_17,0.5544554591178894
FRAG_NEG_trNEGATIVE76997_19_17,0.09901010990142822
FRAG_NEG_trNEGATIVE47062_59_17,0.10891103744506836
FRAG_NEG_trNEGATIVE69111_15_17,0.16831696033477783
FRAG_NEG_trNEGATIVE60873_71_17,0.26732683181762695
FRAG_NEG_trNEGATIVE74918_17_17,0.34653472900390625
FRAG_NEG_trNEGATIVE72438_55_17,0.1980198621749878
FRAG_NEG_trNEGATIVE82852_7_17,0.3366338014602661
FRAG_NEG_trNEGATIVE82808_44_17,0.2574259042739868
FRAG_NEG_trNEGATIVE76196_13_17,0.12871301174163818
FRAG_NEG_trNEGATIVE64716_29_17,0.059406161308288574
FRAG_NEG_trNEGATIVE76813_48_17,0.7425742745399475
FRAG_NEG_trNEGATIVE45442_2_17,0.6831682920455933
FRAG_NEG_trNEGATIVE57569_47_17,0.05940604209899902
FRAG_NEG_trNEGATIVE96848_3_17,0.17821788787841797
FRAG_NEG_trNEGATIVE74328_46_17,0.3168318271636963
FRAG_NEG_trNEGATIVE97332_46_17,0.07920801639556885
FRAG_NEG_trNEGATIVE32040_51_17,0.029703140258789062
FRAG_NEG_trNEGATIVE86305_14_17,0.1584160327911377
FRAG_NEG_trNEGATIVE79241_3_17,0.059406161308288574
FRAG_NEG_trNEGATIVE76944_43_17,0.7722772359848022
FRAG_NEG_trNEGATIVE37175_26_17,0.237623929977417
FRAG_NEG_trNEGATIVE38053_51_17,0.3069307804107666
FRAG_NEG_trNEGATIVE84205_74_17,0.5841584205627441
FRAG_NEG_trNEGATIVE30978_41_17,0.2871288061141968
FRAG_NEG_trNEGATIVE50300_17_17,0.17821800708770752
FRAG_NEG_trNEGATIVE61098_31_17,0.35643571615219116
FRAG_NEG_trNEGATIVE44745_37_17,0.06930708885192871
FRAG_NEG_trNEGATIVE33023_37_17,0.24752485752105713
FRAG_NEG_trNEGATIVE30297_3_17,0.019802093505859375
FRAG_NEG_trNEGATIVE34654_61_17,0.6138614416122437
FRAG_NEG_trNEGATIVE63406_1_17,0.10891103744506836
FRAG_NEG_trNEGATIVE43334_61_17,0.148514986038208
FRAG_NEG_trNEGATIVE28179_4_17,0.17821788787841797
FRAG_NEG_trNEGATIVE56388_55_17,0.3960396647453308
FRAG_NEG_trNEGATIVE73348_12_17,0.03960418701171875
FRAG_NEG_trNEGATIVE90057_43_17,0.03960418701171875
FRAG_NEG_trNEGATIVE50631_25_17,0.1584160327911377
FRAG_NEG_trNEGATIVE73079_74_17,0.20792090892791748
FRAG_NEG_trNEGATIVE71862_47_17,0.5346535444259644
FRAG_NEG_trNEGATIVE72353_17_17,0.7623761892318726
FRAG_NEG_trNEGATIVE79490_44_17,0.1980198621749878
FRAG_NEG_trNEGATIVE97413_49_17,0.009901165962219238
FRAG_NEG_trNEGATIVE89874_58_17,0.2574259042739868
FRAG_NEG_trNEGATIVE71361_17_17,0.21782195568084717
FRAG_NEG_trNEGATIVE43395_41_17,0.33663374185562134
FRAG_NEG_trNEGATIVE40124_27_17,0.1188119649887085
FRAG_NEG_trNEGATIVE50227_49_17,0.2772277593612671
FRAG_NEG_trNEGATIVE39694_65_17,0.18811893463134766
FRAG_NEG_trNEGATIVE36530_30_17,0.09900999069213867
FRAG_NEG_trNEGATIVE49874_81_17,0.0792081356048584
FRAG_NEG_trNEGATIVE39622_54_17,0.3069307804107666
FRAG_NEG_trNEGATIVE52053_51_17,0.019802093505859375
FRAG_NEG_trNEGATIVE67237_76_17,0.5049505233764648
FRAG_NEG_trNEGATIVE30297_8_17,0.029703140258789062
FRAG_NEG_trNEGATIVE71818_42_17,0.12871301174163818
FRAG_NEG_trNEGATIVE82043_56_17,0.26732683181762695
FRAG_NEG_trNEGATIVE60570_41_17,0.11881208419799805
FRAG_NEG_trNEGATIVE40068_46_17,0.20792090892791748
FRAG_NEG_trNEGATIVE86228_60_17,0.05940604209899902
FRAG_NEG_trNEGATIVE82713_45_17,0.04950511455535889
FRAG_NEG_trNEGATIVE60805_3_17,0.09901010990142822
FRAG_NEG_trNEGATIVE41201_56_17,0.13861405849456787
FRAG_NEG_trNEGATIVE82411_11_17,0.3267327547073364
FRAG_NEG_trNEGATIVE88780_50_17,0.17821800708770752
FRAG_NEG_trNEGATIVE78874_12_17,0.10891103744506836
FRAG_NEG_trNEGATIVE77954_5_17,0.0792081356048584
FRAG_NEG_trNEGATIVE44227_68_17,0.3267327547073364
FRAG_NEG_trNEGATIVE97128_55_17,0.10891103744506836
FRAG_NEG_trNEGATIVE66408_62_17,0.0792081356048584
FRAG_NEG_trNEGATIVE82858_26_17,0.2772277593612671
FRAG_NEG_trNEGATIVE70534_51_17,0.3564356565475464
FRAG_NEG_trNEGATIVE57999_69_17,0.21782183647155762
FRAG_NEG_trNEGATIVE53046_22_17,0.2970297336578369
FRAG_NEG_trNEGATIVE58888_71_17,0.15841591358184814
FRAG_NEG_trNEGATIVE34341_61_17,0.5445544719696045
FRAG_NEG_trNEGATIVE95623_25_17,0.1188119649887085
FRAG_NEG_trNEGATIVE38265_37_17,0.17821800708770752
FRAG_NEG_trNEGATIVE28868_30_17,0.37623775005340576
FRAG_NEG_trNEGATIVE42422_48_17,0.04950511455535889
FRAG_NEG_trNEGATIVE34162_53_17,0.18811893463134766
FRAG_NEG_trNEGATIVE92287_18_17,0.21782195568084717
FRAG_NEG_trNEGATIVE54276_49_17,0.07920801639556885
FRAG_NEG_trNEGATIVE56020_12_17,0.07920801639556885
FRAG_NEG_trNEGATIVE68779_33_17,0.20792090892791748
FRAG_NEG_trNEGATIVE56020_14_17,0.019802212715148926
FRAG_NEG_trNEGATIVE54767_47_17,0.26732683181762695
FRAG_NEG_trNEGATIVE82980_18_17,0.09900999069213867
FRAG_NEG_trNEGATIVE80883_36_17,0.18811893463134766
FRAG_NEG_trNEGATIVE58868_70_17,0.19801998138427734
FRAG_NEG_trNEGATIVE51555_6_17,0.5544555187225342
FRAG_NEG_trNEGATIVE95202_13_17,0.17821800708770752
FRAG_NEG_trNEGATIVE93756_1_17,0.18811893463134766
FRAG_NEG_trNEGATIVE42932_15_17,0.0792081356048584
FRAG_NEG_trNEGATIVE94390_17_17,0.6435643434524536
FRAG_NEG_trNEGATIVE68036_81_17,0.3663367033004761
FRAG_NEG_trNEGATIVE85755_22_17,0.029703140258789062
FRAG_NEG_trNEGATIVE34365_11_17,0.08910906314849854
FRAG_NEG_trNEGATIVE53131_67_17,0.059406161308288574
FRAG_NEG_trNEGATIVE51669_2_17,0.11881208419799805
FRAG_NEG_trNEGATIVE55026_30_17,0.13861393928527832
FRAG_NEG_trNEGATIVE53751_45_17,0.21782183647155762
FRAG_NEG_trNEGATIVE53121_15_17,0.019802212715148926
FRAG_NEG_trNEGATIVE83887_20_17,0.029703140258789062
FRAG_NEG_trNEGATIVE48317_52_17,0.03960418701171875
FRAG_NEG_trNEGATIVE44277_54_17,0.24752485752105713
FRAG_NEG_trNEGATIVE56008_3_17,0.019802093505859375
FRAG_NEG_trNEGATIVE49102_30_17,0.13861405849456787
FRAG_NEG_trNEGATIVE45921_48_17,0.08910906314849854
FRAG_NEG_trNEGATIVE39489_3_17,0.16831696033477783
FRAG_NEG_trNEGATIVE38441_50_17,0.2772277593612671
FRAG_NEG_trNEGATIVE84856_21_17,0.059406161308288574
FRAG_NEG_trNEGATIVE72212_14_17,0.0792081356048584
FRAG_NEG_trNEGATIVE88083_46_17,0.148514986038208
FRAG_NEG_trNEGATIVE62945_42_17,0.16831696033477783
FRAG_NEG_trNEGATIVE54210_7_17,0.31683170795440674
FRAG_NEG_trNEGATIVE29314_10_17,0.13861393928527832
FRAG_NEG_trNEGATIVE35870_26_17,0.03960418701171875
FRAG_NEG_trNEGATIVE59428_25_17,0.25742578506469727
FRAG_NEG_trNEGATIVE50064_37_17,0.2970297932624817
FRAG_NEG_trNEGATIVE48190_33_17,0.019802093505859375
FRAG_NEG_trNEGATIVE61599_1_17,0.5445544719696045
FRAG_NEG_trNEGATIVE50018_64_17,0.3069307804107666
FRAG_NEG_trNEGATIVE90639_7_17,0.41584163904190063
FRAG_NEG_trNEGATIVE51781_9_17,0.34653472900390625
FRAG_NEG_trNEGATIVE75283_58_17,0.38118815422058105
FRAG_NEG_trNEGATIVE94741_32_17,0.603960394859314
FRAG_NEG_trNEGATIVE73683_66_17,0.376237690448761
FRAG_NEG_trNEGATIVE91942_53_17,0.19801998138427734
FRAG_NEG_trNEGATIVE93869_24_17,0.13861405849456787
FRAG_NEG_trNEGATIVE84864_32_17,0.6534653902053833
FRAG_NEG_trNEGATIVE79316_57_17,0.2772277593612671
FRAG_NEG_trNEGATIVE94487_35_17,0.05940604209899902
FRAG_NEG_trNEGATIVE49274_43_17,0.17821800708770752
FRAG_NEG_trNEGATIVE68920_62_17,0.15841591358184814
FRAG_NEG_trNEGATIVE93501_9_17,0.148514986038208
FRAG_NEG_trNEGATIVE43670_24_17,0.49504953622817993
FRAG_NEG_trNEGATIVE68520_32_17,0.19801998138427734
FRAG_NEG_trNEGATIVE28417_14_17,0.2698020935058594
FRAG_NEG_trNEGATIVE89761_34_17,0.029703140258789062
FRAG_NEG_trNEGATIVE59307_17_17,0.019802212715148926
FRAG_NEG_trNEGATIVE71921_27_17,0.11881208419799805
FRAG_NEG_trNEGATIVE29638_18_17,0.376237690448761
FRAG_NEG_trNEGATIVE82852_0_17,0.1584160327911377
FRAG_NEG_trNEGATIVE71439_24_17,0.3168318271636963
FRAG_NEG_trNEGATIVE78280_22_17,0.009901165962219238
FRAG_NEG_trNEGATIVE64102_22_17,0.05940604209899902
FRAG_NEG_trNEGATIVE65267_37_17,0.2871288061141968
FRAG_NEG_trNEGATIVE88472_75_17,0.06930708885192871
FRAG_NEG_trNEGATIVE70393_26_17,0.06930708885192871
FRAG_NEG_trNEGATIVE28289_17_17,0.148514986038208
FRAG_NEG_trNEGATIVE64940_1_17,0.42574262619018555
FRAG_NEG_trNEGATIVE83601_22_17,0.04950511455535889
FRAG_NEG_trNEGATIVE80113_6_17,0.16831696033477783
FRAG_NEG_trNEGATIVE48327_19_17,0.04950511455535889
FRAG_NEG_trNEGATIVE69214_0_17,0.5544555187225342
FRAG_NEG_trNEGATIVE94174_1_17,0.27722787857055664
FRAG_NEG_trNEGATIVE44880_38_17,0.12871301174163818
FRAG_NEG_trNEGATIVE92641_21_17,0.0396040678024292
FRAG_NEG_trNEGATIVE78452_49_17,0.6534653902053833
FRAG_NEG_trNEGATIVE38366_21_17,0.019802212715148926
FRAG_NEG_trNEGATIVE29352_26_17,0.4653465747833252
FRAG_NEG_trNEGATIVE83814_51_17,0.07920801639556885
FRAG_NEG_trNEGATIVE81771_4_17,0.603960394859314
FRAG_NEG_trNEGATIVE28847_22_17,0.26732683181762695
FRAG_NEG_trNEGATIVE82384_23_17,0.13861405849456787
FRAG_NEG_trNEGATIVE81321_36_17,0.09900999069213867
FRAG_NEG_trNEGATIVE97223_32_17,0.6633663177490234
FRAG_NEG_trNEGATIVE45138_66_17,0.10891103744506836
FRAG_NEG_trNEGATIVE74744_24_17,0.4554455876350403
FRAG_NEG_trNEGATIVE62485_42_17,0.18811893463134766
FRAG_NEG_trNEGATIVE33493_15_17,0.485148549079895
FRAG_NEG_trNEGATIVE48551_1_17,0.44554460048675537
FRAG_NEG_trNEGATIVE44730_17_17,0.42574262619018555
FRAG_NEG_trNEGATIVE66233_41_17,0.594059407711029
FRAG_NEG_trNEGATIVE28054_40_17,0.10891103744506836
FRAG_NEG_trNEGATIVE56579_73_17,0.16831696033477783
FRAG_NEG_trNEGATIVE39940_20_17,0.20792090892791748
FRAG_NEG_trNEGATIVE89542_42_17,0.3267327547073364
FRAG_NEG_trNEGATIVE66632_11_17,0.16831696033477783
FRAG_NEG_trNEGATIVE79289_40_17,0.11881208419799805
FRAG_NEG_trNEGATIVE83774_69_17,0.4059406518936157
FRAG_NEG_trNEGATIVE89470_44_17,0.23762381076812744
FRAG_NEG_trNEGATIVE70278_27_17,0.5346534848213196
FRAG_NEG_trNEGATIVE89466_4_17,0.19801998138427734
FRAG_NEG_trNEGATIVE38254_18_17,0.34653472900390625
FRAG_NEG_trNEGATIVE79147_19_17,0.11881208419799805
FRAG_NEG_trNEGATIVE86626_49_17,0.5148515105247498
FRAG_NEG_trNEGATIVE49285_51_17,0.18811893463134766
FRAG_NEG_trNEGATIVE42249_9_17,0.11881208419799805
FRAG_NEG_trNEGATIVE40068_78_17,0.25742578506469727
FRAG_NEG_trNEGATIVE69427_15_17,0.04950511455535889
FRAG_NEG_trNEGATIVE77548_22_17,0.35643571615219116
FRAG_NEG_trNEGATIVE37914_57_17,0.3960396647453308
FRAG_NEG_trNEGATIVE95814_42_17,0.07920801639556885
FRAG_NEG_trNEGATIVE53618_34_17,0.24752485752105713
FRAG_NEG_trNEGATIVE56788_23_17,0.5841584205627441
FRAG_NEG_trNEGATIVE85580_40_17,0.06930708885192871
FRAG_NEG_trNEGATIVE43149_13_17,0.10891103744506836
FRAG_NEG_trNEGATIVE62775_11_17,0.11881208419799805
FRAG_NEG_trNEGATIVE52972_46_17,0.16831696033477783
FRAG_NEG_trNEGATIVE29460_24_17,0.2970297336578369
FRAG_NEG_trNEGATIVE96331_25_17,0.06930708885192871
FRAG_NEG_trNEGATIVE45125_23_17,0.23762381076812744
FRAG_NEG_trNEGATIVE42733_66_17,0.4059406518936157
FRAG_NEG_trNEGATIVE87004_60_17,0.3168317675590515
FRAG_NEG_trNEGATIVE88319_15_17,0.2970297336578369
FRAG_NEG_trNEGATIVE86900_45_17,0.11881208419799805
FRAG_NEG_trNEGATIVE30265_51_17,0.019802093505859375
FRAG_NEG_trNEGATIVE91438_17_17,0.237623929977417
FRAG_NEG_trNEGATIVE85162_10_17,0.2574259042739868
FRAG_NEG_trNEGATIVE93258_23_17,0.5643564462661743
FRAG_NEG_trNEGATIVE28749_37_17,0.09901010990142822
FRAG_NEG_trNEGATIVE41022_11_17,0.019802093505859375
FRAG_NEG_trNEGATIVE49229_22_17,0.10891103744506836
FRAG_NEG_trNEGATIVE61194_0_17,0.4653465747833252
FRAG_NEG_trNEGATIVE76393_44_17,0.11881208419799805
FRAG_NEG_trNEGATIVE69680_46_17,0.26732683181762695
FRAG_NEG_trNEGATIVE62578_76_17,0.594059407711029
FRAG_NEG_trNEGATIVE67517_21_17,0.19801998138427734
FRAG_NEG_trNEGATIVE77111_49_17,0.12871301174163818
FRAG_NEG_trNEGATIVE69522_51_17,0.06930708885192871
FRAG_NEG_trNEGATIVE35741_29_17,0.148514986038208
FRAG_NEG_trNEGATIVE67086_60_17,0.09901010990142822
FRAG_NEG_trNEGATIVE90769_2_17,0.5346535444259644
FRAG_NEG_trNEGATIVE68899_69_17,0.10891103744506836
FRAG_NEG_trNEGATIVE37824_47_17,0.019802093505859375
FRAG_NEG_trNEGATIVE88642_78_17,0.09900999069213867
FRAG_NEG_trNEGATIVE51006_39_17,0.24752485752105713
FRAG_NEG_trNEGATIVE32398_43_17,0.059406161308288574
FRAG_NEG_trNEGATIVE34028_44_17,0.08910906314849854
FRAG_NEG_trNEGATIVE52284_18_17,0.12871301174163818
FRAG_NEG_trNEGATIVE39417_59_17,0.0396040678024292
FRAG_NEG_trNEGATIVE87260_73_17,0.3663367033004761
FRAG_NEG_trNEGATIVE42608_38_17,0.29702985286712646
FRAG_NEG_trNEGATIVE95722_33_17,0.10891103744506836
FRAG_NEG_trNEGATIVE90812_42_17,0.3267327547073364
FRAG_NEG_trNEGATIVE47306_0_17,0.2871288061141968
FRAG_NEG_trNEGATIVE83402_50_17,0.04950511455535889
FRAG_NEG_trNEGATIVE58110_63_17,0.06930708885192871
FRAG_NEG_trNEGATIVE42569_29_17,0.4059406518936157
FRAG_NEG_trNEGATIVE47794_4_17,0.10891103744506836
FRAG_NEG_trNEGATIVE68369_28_17,0.485148549079895
FRAG_NEG_trNEGATIVE71066_11_18,0.08910906314849854
FRAG_NEG_trNEGATIVE77398_12_18,0.3168317675590515
FRAG_NEG_trNEGATIVE40991_46_18,0.2277228832244873
FRAG_NEG_trNEGATIVE58185_7_18,0.42574262619018555
FRAG_NEG_trNEGATIVE82139_44_18,0.2970297336578369
FRAG_NEG_trNEGATIVE45178_13_18,0.10891103744506836
FRAG_NEG_trNEGATIVE95991_33_18,0.3960396647453308
FRAG_NEG_trNEGATIVE36276_0_18,0.05940604209899902
FRAG_NEG_trNEGATIVE48592_26_18,0.04950511455535889
FRAG_NEG_trNEGATIVE95505_15_18,0.03960418701171875
FRAG_NEG_trNEGATIVE37837_66_18,0.5049505233764648
FRAG_NEG_trNEGATIVE41718_15_18,0.08910906314849854
FRAG_NEG_trNEGATIVE50734_4_18,0.3960396647453308
FRAG_NEG_trNEGATIVE41358_64_18,0.29702985286712646
FRAG_NEG_trNEGATIVE61277_11_18,0.0396040678024292
FRAG_NEG_trNEGATIVE27573_34_18,0.376237690448761
FRAG_NEG_trNEGATIVE38308_31_18,0.029703140258789062
FRAG_NEG_trNEGATIVE71741_28_18,0.148514986038208
FRAG_NEG_trNEGATIVE29847_55_18,0.029703140258789062
FRAG_NEG_trNEGATIVE29383_14_18,0.009901165962219238
FRAG_NEG_trNEGATIVE55732_35_18,0.21782195568084717
FRAG_NEG_trNEGATIVE67623_15_18,0.05940604209899902
FRAG_NEG_trNEGATIVE37545_18_18,0.574257493019104
FRAG_NEG_trNEGATIVE31525_31_18,0.7029702663421631
FRAG_NEG_trNEGATIVE67407_24_18,0.29702985286712646
FRAG_NEG_trNEGATIVE37880_13_18,0.009901165962219238
FRAG_NEG_trNEGATIVE48979_39_18,0.08910906314849854
FRAG_NEG_trNEGATIVE68918_33_18,0.29702985286712646
FRAG_NEG_trNEGATIVE73276_5_18,0.20792090892791748
FRAG_NEG_trNEGATIVE70131_29_18,0.04950511455535889
FRAG_NEG_trNEGATIVE97425_15_18,0.3960396647453308
FRAG_NEG_trNEGATIVE83637_4_18,0.5445544719696045
FRAG_NEG_trNEGATIVE59820_20_18,0.06930708885192871
FRAG_NEG_trNEGATIVE52072_12_18,0.19801998138427734
FRAG_NEG_trNEGATIVE31578_51_18,0.26732683181762695
FRAG_NEG_trNEGATIVE96676_30_18,0.6831682920455933
FRAG_NEG_trNEGATIVE84896_43_18,0.029703140258789062
FRAG_NEG_trNEGATIVE81522_62_18,0.059406161308288574
FRAG_NEG_trNEGATIVE91162_28_18,0.13861393928527832
FRAG_NEG_trNEGATIVE33201_18_18,0.4158416986465454
FRAG_NEG_trNEGATIVE45538_21_18,0.06930708885192871
FRAG_NEG_trNEGATIVE32682_66_18,0.04950511455535889
FRAG_NEG_trNEGATIVE77919_67_18,0.485148549079895
FRAG_NEG_trNEGATIVE49028_80_18,0.20792090892791748
FRAG_NEG_trNEGATIVE38253_3_18,0.42574262619018555
FRAG_NEG_trNEGATIVE93828_14_18,0.04950511455535889
FRAG_NEG_trNEGATIVE88862_42_18,0.19801998138427734
FRAG_NEG_trNEGATIVE45453_50_18,0.0396040678024292
FRAG_NEG_trNEGATIVE72223_26_18,0.17821800708770752
FRAG_NEG_trNEGATIVE82153_26_18,0.05940604209899902
FRAG_NEG_trNEGATIVE85930_49_18,0.5049505233764648
FRAG_NEG_trNEGATIVE59549_29_18,0.059406161308288574
FRAG_NEG_trNEGATIVE36752_29_18,0.4752475619316101
FRAG_NEG_trNEGATIVE69310_22_18,0.35643571615219116
FRAG_NEG_trNEGATIVE77612_40_18,0.24917501211166382
FRAG_NEG_trNEGATIVE50631_11_18,0.059406161308288574
FRAG_NEG_trNEGATIVE53797_16_18,0.04950511455535889
FRAG_NEG_trNEGATIVE61824_29_18,0.34653472900390625
FRAG_NEG_trNEGATIVE33314_31_18,0.7029702663421631
FRAG_NEG_trNEGATIVE39311_47_18,0.06930708885192871
FRAG_NEG_trNEGATIVE80422_60_18,0.33663374185562134
FRAG_NEG_trNEGATIVE52820_42_18,0.06930708885192871
FRAG_NEG_trNEGATIVE53963_15_18,0.16831696033477783
FRAG_NEG_trNEGATIVE52018_18_18,0.0396040678024292
FRAG_NEG_trNEGATIVE31434_49_18,0.16831696033477783
FRAG_NEG_trNEGATIVE78921_66_18,0.18811893463134766
FRAG_NEG_trNEGATIVE34363_53_18,0.04950511455535889
FRAG_NEG_trNEGATIVE31297_21_18,0.2772277593612671
FRAG_NEG_trNEGATIVE71111_19_18,0.42574262619018555
FRAG_NEG_trNEGATIVE67550_7_18,0.1188119649887085
FRAG_NEG_trNEGATIVE66739_13_18,0.148514986038208
FRAG_NEG_trNEGATIVE96700_50_18,0.2698020935058594
FRAG_NEG_trNEGATIVE93453_42_18,0.059406161308288574
FRAG_NEG_trNEGATIVE84912_23_18,0.148514986038208
FRAG_NEG_trNEGATIVE70709_21_18,0.17821800708770752
FRAG_NEG_trNEGATIVE84293_47_18,0.24752485752105713
FRAG_NEG_trNEGATIVE69999_46_18,0.26732683181762695
FRAG_NEG_trNEGATIVE43968_13_18,0.574257493019104
FRAG_NEG_trNEGATIVE28324_28_18,0.09900999069213867
FRAG_NEG_trNEGATIVE79120_29_18,0.23762381076812744
FRAG_NEG_trNEGATIVE90279_9_18,0.15841591358184814
FRAG_NEG_trNEGATIVE33057_2_18,0.41584163904190063
FRAG_NEG_trNEGATIVE88887_15_18,0.06930708885192871
FRAG_NEG_trNEGATIVE79974_41_18,0.1980198621749878
FRAG_NEG_trNEGATIVE32960_44_18,0.2871288061141968
FRAG_NEG_trNEGATIVE81185_58_18,0.009901165962219238
FRAG_NEG_trNEGATIVE57964_20_18,0.43564361333847046
FRAG_NEG_trNEGATIVE36423_14_18,0.34653472900390625
FRAG_NEG_trNEGATIVE76165_40_18,0.18811893463134766
FRAG_NEG_trNEGATIVE32983_6_18,0.13861393928527832
FRAG_NEG_trNEGATIVE81455_46_18,0.3960396647453308
FRAG_NEG_trNEGATIVE42856_73_18,0.059406161308288574
FRAG_NEG_trNEGATIVE94590_24_18,0.4752475619316101
FRAG_NEG_trNEGATIVE27906_76_18,0.2970297336578369
FRAG_NEG_trNEGATIVE91052_40_18,0.2574259042739868
FRAG_NEG_trNEGATIVE66921_60_18,0.15841591358184814
FRAG_NEG_trNEGATIVE39692_6_18,0.16831696033477783
FRAG_NEG_trNEGATIVE82180_49_18,0.13861405849456787
FRAG_NEG_trNEGATIVE56467_3_18,0.31683170795440674
FRAG_NEG_trNEGATIVE42727_42_18,0.08910906314849854
FRAG_NEG_trNEGATIVE67402_26_18,0.09901010990142822
FRAG_NEG_trNEGATIVE40163_20_18,0.11881208419799805
FRAG_NEG_trNEGATIVE92625_17_18,0.148514986038208
FRAG_NEG_trNEGATIVE83396_36_18,0.4653465747833252
FRAG_NEG_trNEGATIVE55178_10_18,0.44554460048675537
FRAG_NEG_trNEGATIVE52775_4_18,0.34653472900390625
FRAG_NEG_trNEGATIVE52563_43_18,0.27722787857055664
FRAG_NEG_trNEGATIVE92907_31_18,0.5222772359848022
FRAG_NEG_trNEGATIVE78629_29_18,0.6831682920455933
FRAG_NEG_trNEGATIVE50849_56_18,0.4752475619316101
FRAG_NEG_trNEGATIVE70131_17_18,0.2772277593612671
FRAG_NEG_trNEGATIVE75621_31_18,0.059406161308288574
FRAG_NEG_trNEGATIVE75246_43_18,0.3960396647453308
FRAG_NEG_trNEGATIVE51006_53_18,0.04950511455535889
FRAG_NEG_trNEGATIVE70876_9_18,0.019802093505859375
FRAG_NEG_trNEGATIVE78614_13_18,0.009901165962219238
FRAG_NEG_trNEGATIVE55056_20_18,0.16831696033477783
FRAG_NEG_trNEGATIVE46801_10_18,0.3168318271636963
FRAG_NEG_trNEGATIVE91836_29_18,0.5544555187225342
FRAG_NEG_trNEGATIVE95251_53_18,0.12871301174163818
FRAG_NEG_trNEGATIVE35003_2_18,0.10891103744506836
FRAG_NEG_trNEGATIVE48328_26_18,0.08910906314849854
FRAG_NEG_trNEGATIVE81807_63_18,0.24752485752105713
FRAG_NEG_trNEGATIVE47659_18_18,0.4059406518936157
FRAG_NEG_trNEGATIVE48495_17_18,0.3663367033004761
FRAG_NEG_trNEGATIVE61306_29_18,0.574257493019104
FRAG_NEG_trNEGATIVE91641_46_18,0.09900999069213867
FRAG_NEG_trNEGATIVE78918_8_18,0.35643577575683594
FRAG_NEG_trNEGATIVE43266_35_18,0.24752485752105713
FRAG_NEG_trNEGATIVE73163_49_18,0.019802093505859375
FRAG_NEG_trNEGATIVE91724_1_18,0.1980198621749878
FRAG_NEG_trNEGATIVE28816_51_18,0.32920801639556885
FRAG_NEG_trNEGATIVE39074_2_18,0.4554455876350403
FRAG_NEG_trNEGATIVE82986_61_18,0.19801998138427734
FRAG_NEG_trNEGATIVE58989_11_18,0.029703140258789062
FRAG_NEG_trNEGATIVE53070_44_18,0.1980198621749878
FRAG_NEG_trNEGATIVE84794_19_18,0.05940604209899902
FRAG_NEG_trNEGATIVE53461_29_18,0.08910906314849854
FRAG_NEG_trNEGATIVE46179_7_18,0.1980198621749878
FRAG_NEG_trNEGATIVE41483_31_18,0.17821788787841797
FRAG_NEG_trNEGATIVE47180_0_18,0.06930708885192871
FRAG_NEG_trNEGATIVE32132_38_18,0.029703140258789062
FRAG_NEG_trNEGATIVE63459_35_18,0.4554455876350403
FRAG_NEG_trNEGATIVE75588_37_18,0.35643571615219116
FRAG_NEG_trNEGATIVE45899_19_18,0.1980198621749878
FRAG_NEG_trNEGATIVE71401_48_18,0.19801998138427734
FRAG_NEG_trNEGATIVE68906_33_18,0.3069307804107666
FRAG_NEG_trNEGATIVE83013_20_18,0.35643571615219116
FRAG_NEG_trNEGATIVE94243_64_18,0.41584163904190063
FRAG_NEG_trNEGATIVE56415_14_18,0.13861393928527832
FRAG_NEG_trNEGATIVE35958_10_18,0.23762381076812744
FRAG_NEG_trNEGATIVE75034_46_18,0.5346534848213196
FRAG_NEG_trNEGATIVE56170_75_18,0.33663368225097656
FRAG_NEG_trNEGATIVE63991_69_18,0.08910906314849854
FRAG_NEG_trNEGATIVE82664_63_18,0.34900999069213867
FRAG_NEG_trNEGATIVE38866_39_18,0.3069307804107666
FRAG_NEG_trNEGATIVE64439_68_18,0.06930708885192871
FRAG_NEG_trNEGATIVE78735_43_18,0.20792090892791748
FRAG_NEG_trNEGATIVE57134_38_18,0.30198031663894653
FRAG_NEG_trNEGATIVE33754_55_18,0.13861393928527832
FRAG_NEG_trNEGATIVE78580_25_18,0.1980198621749878
FRAG_NEG_trNEGATIVE56509_56_18,0.13861393928527832
FRAG_NEG_trNEGATIVE34647_8_18,0.44554460048675537
FRAG_NEG_trNEGATIVE56524_48_18,0.10891103744506836
FRAG_NEG_trNEGATIVE40151_51_18,0.25742578506469727
FRAG_NEG_trNEGATIVE58398_60_18,0.33663368225097656
FRAG_NEG_trNEGATIVE68839_6_18,0.4059406518936157
FRAG_NEG_trNEGATIVE86134_29_18,0.33663374185562134
FRAG_NEG_trNEGATIVE44311_14_18,0.0396040678024292
FRAG_NEG_trNEGATIVE40334_58_18,0.11881208419799805
FRAG_NEG_trNEGATIVE40889_31_18,0.24752485752105713
FRAG_NEG_trNEGATIVE67086_33_18,0.10891103744506836
FRAG_NEG_trNEGATIVE97374_38_18,0.5049505233764648
FRAG_NEG_trNEGATIVE64522_14_18,0.35643571615219116
FRAG_NEG_trNEGATIVE34749_42_18,1.1920928955078125e-07
FRAG_NEG_trNEGATIVE96145_54_18,0.3069307804107666
FRAG_NEG_trNEGATIVE74350_39_18,0.2277228832244873
FRAG_NEG_trNEGATIVE31671_5_18,0.2277228832244873
FRAG_NEG_trNEGATIVE37267_19_18,0.1584160327911377
FRAG_NEG_trNEGATIVE53643_23_18,0.34653472900390625
FRAG_NEG_trNEGATIVE28779_44_18,0.07920801639556885
FRAG_NEG_trNEGATIVE87931_33_18,0.04950511455535889
FRAG_NEG_trNEGATIVE37632_72_18,0.29702985286712646
FRAG_NEG_trNEGATIVE60373_11_18,0.16831696033477783
FRAG_NEG_trNEGATIVE97540_39_18,0.7128713130950928
FRAG_NEG_trNEGATIVE44278_45_18,0.17821788787841797
FRAG_NEG_trNEGATIVE94421_59_18,0.42574262619018555
FRAG_NEG_trNEGATIVE76240_42_18,0.237623929977417
FRAG_NEG_trNEGATIVE35076_27_18,0.29702985286712646
FRAG_NEG_trNEGATIVE72233_25_18,0.15841591358184814
FRAG_NEG_trNEGATIVE87566_0_18,0.08910906314849854
FRAG_NEG_trNEGATIVE87926_50_18,0.04950511455535889
FRAG_NEG_trNEGATIVE35860_33_18,0.3960396647453308
FRAG_NEG_trNEGATIVE85488_29_18,0.3267327547073364
FRAG_NEG_trNEGATIVE74610_0_18,0.12871301174163818
FRAG_NEG_trNEGATIVE91199_7_18,0.13861393928527832
FRAG_NEG_trNEGATIVE71991_1_18,0.11881208419799805
FRAG_NEG_trNEGATIVE60173_35_18,0.3861386775970459
FRAG_NEG_trNEGATIVE67304_52_18,0.4950495958328247
FRAG_NEG_trNEGATIVE34739_34_18,0.23762381076812744
FRAG_NEG_trNEGATIVE69680_3_18,0.20792090892791748
FRAG_NEG_trNEGATIVE89652_4_18,0.15841591358184814
FRAG_NEG_trNEGATIVE95861_46_18,0.43564361333847046
FRAG_NEG_trNEGATIVE85226_35_18,0.23762381076812744
FRAG_NEG_trNEGATIVE46189_36_18,0.05940604209899902
FRAG_NEG_trNEGATIVE29795_6_18,0.09901010990142822
FRAG_NEG_trNEGATIVE56826_43_18,0.06930708885192871
FRAG_NEG_trNEGATIVE78591_50_18,0.059406161308288574
FRAG_NEG_trNEGATIVE63406_9_18,0.24752485752105713
FRAG_NEG_trNEGATIVE42963_45_18,0.44554460048675537
FRAG_NEG_trNEGATIVE78649_8_18,0.8217821717262268
FRAG_NEG_trNEGATIVE61810_35_18,0.17821800708770752
FRAG_NEG_trNEGATIVE44996_36_18,0.2277228832244873
FRAG_NEG_trNEGATIVE74314_77_18,0.17821800708770752
FRAG_NEG_trNEGATIVE61009_25_18,0.4554455876350403
FRAG_NEG_trNEGATIVE61810_36_18,0.18811893463134766
FRAG_NEG_trNEGATIVE89587_62_18,0.3168318271636963
FRAG_NEG_trNEGATIVE34559_21_18,0.17821800708770752
FRAG_NEG_trNEGATIVE31512_60_18,0.029703140258789062
FRAG_NEG_trNEGATIVE53317_22_18,0.059406161308288574
FRAG_NEG_trNEGATIVE68361_1_18,0.08910906314849854
FRAG_NEG_trNEGATIVE42727_38_18,0.13861405849456787
FRAG_NEG_trNEGATIVE54516_31_18,0.03960418701171875
FRAG_NEG_trNEGATIVE57371_29_18,0.3168317675590515
FRAG_NEG_trNEGATIVE92288_69_18,0.06930708885192871
FRAG_NEG_trNEGATIVE92264_41_18,0.485148549079895
FRAG_NEG_trNEGATIVE72582_18_18,0.27722787857055664
FRAG_NEG_trNEGATIVE93756_12_18,0.23762381076812744
FRAG_NEG_trNEGATIVE32398_41_18,0.0792081356048584
FRAG_NEG_trNEGATIVE61680_45_18,0.4554455876350403
FRAG_NEG_trNEGATIVE37860_49_18,0.29702985286712646
FRAG_NEG_trNEGATIVE28246_39_18,0.18811893463134766
FRAG_NEG_trNEGATIVE83917_29_18,0.4653465747833252
FRAG_NEG_trNEGATIVE84946_34_18,0.237623929977417
FRAG_NEG_trNEGATIVE56723_4_18,0.42574262619018555
FRAG_NEG_trNEGATIVE86287_14_18,0.5594059824943542
FRAG_NEG_trNEGATIVE90391_24_18,0.08910906314849854
FRAG_NEG_trNEGATIVE28314_34_18,0.0792081356048584
FRAG_NEG_trNEGATIVE52381_13_18,0.2277228832244873
FRAG_NEG_trNEGATIVE81587_41_18,0.24752485752105713
FRAG_NEG_trNEGATIVE56579_62_18,0.17821800708770752
FRAG_NEG_trNEGATIVE67880_17_18,0.25742578506469727
FRAG_NEG_trNEGATIVE57787_12_18,0.2772277593612671
FRAG_NEG_trNEGATIVE89767_57_18,0.31683170795440674
FRAG_NEG_trNEGATIVE49119_32_18,0.3267327547073364
FRAG_NEG_trNEGATIVE67303_19_18,0.27722787857055664
FRAG_NEG_trNEGATIVE87662_0_18,0.16831696033477783
FRAG_NEG_trNEGATIVE38254_2_18,0.41584163904190063
FRAG_NEG_trNEGATIVE59613_33_18,0.18811893463134766
FRAG_NEG_trNEGATIVE33400_1_18,0.12871301174163818
FRAG_NEG_trNEGATIVE48428_28_18,0.3267327547073364
FRAG_NEG_trNEGATIVE35003_3_18,0.08910906314849854
FRAG_NEG_trNEGATIVE68175_8_18,0.24752485752105713
FRAG_NEG_trNEGATIVE62082_48_18,0.16831696033477783
FRAG_NEG_trNEGATIVE93970_1_18,0.6683168411254883
FRAG_NEG_trNEGATIVE78873_6_18,0.3861386775970459
FRAG_NEG_trNEGATIVE37173_14_18,0.5247524976730347
FRAG_NEG_trNEGATIVE62255_74_18,0.16831696033477783
FRAG_NEG_trNEGATIVE44657_47_18,0.029703140258789062
FRAG_NEG_trNEGATIVE70888_7_18,0.17821788787841797
FRAG_NEG_trNEGATIVE57354_40_18,0.3960396647453308
FRAG_NEG_trNEGATIVE56128_61_18,0.3366338014602661
FRAG_NEG_trNEGATIVE35404_55_18,0.08910906314849854
FRAG_NEG_trNEGATIVE43350_24_18,0.09901010990142822
FRAG_NEG_trNEGATIVE62905_14_18,0.029703140258789062
FRAG_NEG_trNEGATIVE33029_29_18,0.2574259042739868
FRAG_NEG_trNEGATIVE62349_73_18,0.059406161308288574
FRAG_NEG_trNEGATIVE44368_42_18,0.3267327547073364
FRAG_NEG_trNEGATIVE92382_63_18,0.25742578506469727
FRAG_NEG_trNEGATIVE84945_26_18,0.1980198621749878
FRAG_NEG_trNEGATIVE31394_51_18,0.06930708885192871
FRAG_NEG_trNEGATIVE46813_71_18,0.09901010990142822
FRAG_NEG_trNEGATIVE35844_0_18,0.019802212715148926
FRAG_NEG_trNEGATIVE34363_16_18,0.009901165962219238
FRAG_NEG_trNEGATIVE52449_16_18,0.23762381076812744
FRAG_NEG_trNEGATIVE95899_8_18,0.31683170795440674
FRAG_NEG_trNEGATIVE96978_17_18,0.16831696033477783
FRAG_NEG_trNEGATIVE67028_13_18,0.12871301174163818
FRAG_NEG_trNEGATIVE73443_18_18,0.09901010990142822
FRAG_NEG_trNEGATIVE73786_10_18,0.5643564462661743
FRAG_NEG_trNEGATIVE44184_31_18,0.15841591358184814
FRAG_NEG_trNEGATIVE52820_39_18,0.17821788787841797
FRAG_NEG_trNEGATIVE93264_23_18,0.4752475619316101
FRAG_NEG_trNEGATIVE39688_68_18,0.059406161308288574
FRAG_NEG_trNEGATIVE52734_34_18,0.3069307804107666
FRAG_NEG_trNEGATIVE90239_1_18,0.43564361333847046
FRAG_NEG_trNEGATIVE89760_2_18,0.148514986038208
FRAG_NEG_trNEGATIVE62721_12_18,0.5247524976730347
FRAG_NEG_trNEGATIVE66743_32_18,0.3663367033004761
FRAG_NEG_trNEGATIVE72928_18_18,0.059406161308288574
FRAG_NEG_trNEGATIVE73114_45_18,0.04950511455535889
FRAG_NEG_trNEGATIVE55617_20_18,0.21782195568084717
FRAG_NEG_trNEGATIVE70433_49_18,0.11881208419799805
FRAG_NEG_trNEGATIVE92055_27_18,0.1584160327911377
FRAG_NEG_trNEGATIVE90306_13_18,0.059406161308288574
FRAG_NEG_trNEGATIVE40244_14_18,0.07920801639556885
FRAG_NEG_trNEGATIVE88073_33_18,0.15841591358184814
FRAG_NEG_trNEGATIVE91442_48_18,0.17821800708770752
FRAG_NEG_trNEGATIVE27492_28_18,0.3267327547073364
FRAG_NEG_trNEGATIVE28222_38_18,0.5544554591178894
FRAG_NEG_trNEGATIVE92637_0_18,0.148514986038208
FRAG_NEG_trNEGATIVE47027_30_18,0.06930708885192871
FRAG_NEG_trNEGATIVE77996_76_18,0.3168317675590515
FRAG_NEG_trNEGATIVE34943_1_18,0.17821788787841797
FRAG_NEG_trNEGATIVE37865_20_18,0.17821788787841797
FRAG_NEG_trNEGATIVE45601_45_18,0.2277228832244873
FRAG_NEG_trNEGATIVE45604_22_18,0.19801998138427734
FRAG_NEG_trNEGATIVE68641_1_18,0.26732683181762695
FRAG_NEG_trNEGATIVE75397_38_18,0.24752485752105713
FRAG_NEG_trNEGATIVE40742_16_18,0.09900999069213867
FRAG_NEG_trNEGATIVE47995_7_18,0.12871301174163818
FRAG_NEG_trNEGATIVE74524_14_18,0.05940604209899902
FRAG_NEG_trNEGATIVE70898_20_18,0.12871301174163818
FRAG_NEG_trNEGATIVE38053_22_18,0.05940604209899902
FRAG_NEG_trNEGATIVE82169_13_18,0.3069307804107666
FRAG_NEG_trNEGATIVE43304_61_18,0.26732683181762695
FRAG_NEG_trNEGATIVE79888_34_18,0.3168317675590515
FRAG_NEG_trNEGATIVE70997_32_18,0.26732683181762695
FRAG_NEG_trNEGATIVE67179_31_18,0.13861405849456787
FRAG_NEG_trNEGATIVE81097_80_18,0.3861386775970459
FRAG_NEG_trNEGATIVE35790_26_18,0.15841591358184814
FRAG_NEG_trNEGATIVE72580_1_18,0.2772277593612671
FRAG_NEG_trNEGATIVE84283_7_18,0.09901010990142822
FRAG_NEG_trNEGATIVE88380_11_18,0.4653465747833252
FRAG_NEG_trNEGATIVE48964_40_18,0.029703140258789062
FRAG_NEG_trNEGATIVE76437_40_18,0.029703140258789062
FRAG_NEG_trNEGATIVE82066_67_18,0.12871301174163818
FRAG_NEG_trNEGATIVE43954_38_18,0.237623929977417
FRAG_NEG_trNEGATIVE92036_25_18,0.0396040678024292
FRAG_NEG_trNEGATIVE97549_1_18,0.03960418701171875
FRAG_NEG_trNEGATIVE85055_36_18,0.0792081356048584
FRAG_NEG_trNEGATIVE64306_22_18,0.12871301174163818
FRAG_NEG_trNEGATIVE85722_29_18,0.26732683181762695
FRAG_NEG_trNEGATIVE92820_6_18,0.18811893463134766
FRAG_NEG_trNEGATIVE30341_42_18,0.21782195568084717
FRAG_NEG_trNEGATIVE73858_15_18,0.08910906314849854
FRAG_NEG_trNEGATIVE86183_12_18,0.07920801639556885
FRAG_NEG_trNEGATIVE90812_36_18,0.029703140258789062
FRAG_NEG_trNEGATIVE37607_7_18,0.24752485752105713
FRAG_NEG_trNEGATIVE31028_22_18,0.009901165962219238
FRAG_NEG_trNEGATIVE87120_46_18,0.3267327547073364
FRAG_NEG_trNEGATIVE89520_13_18,0.029703140258789062
FRAG_NEG_trNEGATIVE94628_6_18,0.17821800708770752
FRAG_NEG_trNEGATIVE48120_48_18,0.059406161308288574
FRAG_NEG_trNEGATIVE81519_76_18,0.25742578506469727
FRAG_NEG_trNEGATIVE44273_47_18,0.05940604209899902
FRAG_NEG_trNEGATIVE92954_72_18,0.0396040678024292
FRAG_NEG_trNEGATIVE79244_52_18,0.25742578506469727
FRAG_NEG_trNEGATIVE72821_46_18,0.13861405849456787
FRAG_NEG_trNEGATIVE28254_6_18,0.1584160327911377
FRAG_NEG_trNEGATIVE44227_49_18,0.44554460048675537
FRAG_NEG_trNEGATIVE37701_30_18,0.16831696033477783
FRAG_NEG_trNEGATIVE48201_78_18,0.0792081356048584
FRAG_NEG_trNEGATIVE28195_13_18,0.35643577575683594
FRAG_NEG_trNEGATIVE43677_11_18,0.2871288061141968
FRAG_NEG_trNEGATIVE40170_21_18,0.24752485752105713
FRAG_NEG_trNEGATIVE82927_43_18,0.019802093505859375
FRAG_NEG_trNEGATIVE51634_42_18,0.03960418701171875
FRAG_NEG_trNEGATIVE91013_2_18,0.04950511455535889
FRAG_NEG_trNEGATIVE37274_39_18,0.1188119649887085
FRAG_NEG_trNEGATIVE54051_4_18,0.06930708885192871
FRAG_NEG_trNEGATIVE75610_10_18,0.5742574334144592
FRAG_NEG_trNEGATIVE95540_20_18,0.24752485752105713
FRAG_NEG_trNEGATIVE83168_34_18,0.29702985286712646
FRAG_NEG_trNEGATIVE95502_47_18,0.019802212715148926
FRAG_NEG_trNEGATIVE40980_18_18,1.1920928955078125e-07
FRAG_NEG_trNEGATIVE43206_5_18,0.3663367033004761
FRAG_NEG_trNEGATIVE32960_48_18,0.35643571615219116
FRAG_NEG_trNEGATIVE33275_29_18,0.6633663177490234
FRAG_NEG_trNEGATIVE96370_32_18,0.5544555187225342
FRAG_NEG_trNEGATIVE96583_46_18,0.27722787857055664
FRAG_NEG_trNEGATIVE93505_28_18,0.4653465747833252
FRAG_NEG_trNEGATIVE33669_48_18,0.06930708885192871
FRAG_NEG_trNEGATIVE58449_27_18,0.3663367033004761
FRAG_NEG_trNEGATIVE85681_46_18,0.693069338798523
FRAG_NEG_trNEGATIVE87504_27_18,0.0792081356048584
FRAG_NEG_trNEGATIVE83216_5_18,0.376237690448761
FRAG_NEG_trNEGATIVE76071_10_18,0.09901010990142822
FRAG_NEG_trNEGATIVE81685_7_18,0.059406161308288574
FRAG_NEG_trNEGATIVE96352_36_18,0.4653465747833252
FRAG_NEG_trNEGATIVE93455_34_18,0.21782183647155762
FRAG_NEG_trNEGATIVE34739_12_18,0.07920801639556885
FRAG_NEG_trNEGATIVE55290_52_18,0.18811893463134766
FRAG_NEG_trNEGATIVE86453_25_18,0.029703140258789062
FRAG_NEG_trNEGATIVE27532_44_18,0.08910906314849854
FRAG_NEG_trNEGATIVE95086_16_18,0.148514986038208
FRAG_NEG_trNEGATIVE34049_66_18,0.11881208419799805
FRAG_NEG_trNEGATIVE58339_13_18,0.43564361333847046
FRAG_NEG_trNEGATIVE85287_60_18,0.03960418701171875
FRAG_NEG_trNEGATIVE52353_3_18,0.12871301174163818
FRAG_NEG_trNEGATIVE81233_7_18,0.3267327547073364
FRAG_NEG_trNEGATIVE77370_21_18,0.08910906314849854
FRAG_NEG_trNEGATIVE55392_8_18,0.26732683181762695
FRAG_NEG_trNEGATIVE78134_22_18,0.13861393928527832
FRAG_NEG_trNEGATIVE31409_6_18,0.15841591358184814
FRAG_NEG_trNEGATIVE63278_15_18,0.10891103744506836
FRAG_NEG_trNEGATIVE71752_11_18,0.49504953622817993
FRAG_NEG_trNEGATIVE88773_45_18,0.3069307804107666
FRAG_NEG_trNEGATIVE70875_13_18,0.237623929977417
FRAG_NEG_trNEGATIVE40837_13_18,0.6138614416122437
FRAG_NEG_trNEGATIVE63916_37_18,0.0792081356048584
FRAG_NEG_trNEGATIVE62896_47_18,0.16831696033477783
FRAG_NEG_trNEGATIVE91343_16_18,0.009901165962219238
FRAG_NEG_trNEGATIVE95899_21_18,0.1188119649887085
FRAG_NEG_trNEGATIVE68209_39_18,0.20792090892791748
FRAG_NEG_trNEGATIVE30453_49_18,0.7920792102813721
FRAG_NEG_trNEGATIVE29456_30_18,0.21782195568084717
FRAG_NEG_trNEGATIVE70876_34_18,0.12871301174163818
FRAG_NEG_trNEGATIVE83539_69_18,0.20792090892791748
FRAG_NEG_trNEGATIVE62722_25_18,0.20792090892791748
FRAG_NEG_trNEGATIVE48616_44_18,0.07920801639556885
FRAG_NEG_trNEGATIVE34800_4_18,0.05940604209899902
FRAG_NEG_trNEGATIVE33049_10_18,0.11881208419799805
FRAG_NEG_trNEGATIVE95197_21_18,0.27722787857055664
FRAG_NEG_trNEGATIVE51823_30_18,0.26732683181762695
FRAG_NEG_trNEGATIVE51728_29_18,0.18811893463134766
FRAG_NEG_trNEGATIVE92883_43_18,0.04950511455535889
FRAG_NEG_trNEGATIVE42728_43_18,0.237623929977417
FRAG_NEG_trNEGATIVE77317_6_18,0.2871288061141968
FRAG_NEG_trNEGATIVE52318_13_18,0.237623929977417
FRAG_NEG_trNEGATIVE76056_12_18,0.23762381076812744
FRAG_NEG_trNEGATIVE87065_13_18,1.1920928955078125e-07
FRAG_NEG_trNEGATIVE57991_58_18,0.25742578506469727
FRAG_NEG_trNEGATIVE81753_22_18,1.1920928955078125e-07
FRAG_NEG_trNEGATIVE31221_23_18,0.06930708885192871
FRAG_NEG_trNEGATIVE63753_8_18,0.6831682920455933
FRAG_NEG_trNEGATIVE27728_4_18,0.15841591358184814
FRAG_NEG_trNEGATIVE81515_30_18,0.029703140258789062
FRAG_NEG_trNEGATIVE39260_32_18,0.32920801639556885
FRAG_NEG_trNEGATIVE71138_63_18,0.029703140258789062
FRAG_NEG_trNEGATIVE54090_20_18,0.11881208419799805
FRAG_NEG_trNEGATIVE90440_36_18,0.6287128925323486
FRAG_NEG_trNEGATIVE61460_16_18,0.148514986038208
FRAG_NEG_trNEGATIVE82150_1_18,0.029703140258789062
FRAG_NEG_trNEGATIVE49294_51_18,0.3168318271636963
FRAG_NEG_trNEGATIVE92908_17_18,0.05940604209899902
FRAG_NEG_trNEGATIVE31556_39_18,0.44554460048675537
FRAG_NEG_trNEGATIVE37549_41_18,0.35643571615219116
FRAG_NEG_trNEGATIVE33087_37_18,0.49504953622817993
FRAG_NEG_trNEGATIVE49712_15_18,0.06930708885192871
FRAG_NEG_trNEGATIVE92288_18_18,0.18811893463134766
FRAG_NEG_trNEGATIVE45564_74_18,0.237623929977417
FRAG_NEG_trNEGATIVE60539_8_18,0.21782195568084717
FRAG_NEG_trNEGATIVE44358_46_18,0.2277228832244873
FRAG_NEG_trNEGATIVE84864_24_18,0.237623929977417
FRAG_NEG_trNEGATIVE41442_26_18,0.3168317675590515
FRAG_NEG_trNEGATIVE71193_19_18,0.2772277593612671
FRAG_NEG_trNEGATIVE91725_12_18,0.1584160327911377
FRAG_NEG_trNEGATIVE69310_6_18,0.5544554591178894
FRAG_NEG_trNEGATIVE82036_15_18,0.05940604209899902
FRAG_NEG_trNEGATIVE75785_61_18,0.04950511455535889
FRAG_NEG_trNEGATIVE84102_17_18,0.17821788787841797
FRAG_NEG_trNEGATIVE79974_38_18,0.16831696033477783
FRAG_NEG_trNEGATIVE34791_45_18,0.04950511455535889
FRAG_NEG_trNEGATIVE77094_35_18,0.12871301174163818
FRAG_NEG_trNEGATIVE75261_7_18,0.09900999069213867
FRAG_NEG_trNEGATIVE75635_11_18,0.2772277593612671
FRAG_NEG_trNEGATIVE76523_11_18,0.21782195568084717
FRAG_NEG_trNEGATIVE53150_45_18,0.059406161308288574
FRAG_NEG_trNEGATIVE33909_76_18,0.12871301174163818
FRAG_NEG_trNEGATIVE44889_1_18,0.09900999069213867
FRAG_NEG_trNEGATIVE87090_28_18,0.20792090892791748
FRAG_NEG_trNEGATIVE43831_38_18,0.3267327547073364
FRAG_NEG_trNEGATIVE42656_59_18,0.3267327547073364
FRAG_NEG_trNEGATIVE37614_27_18,0.059406161308288574
FRAG_NEG_trNEGATIVE40761_27_18,0.10891103744506836
FRAG_NEG_trNEGATIVE62775_18_18,0.13861405849456787
FRAG_NEG_trNEGATIVE67550_22_18,1.1920928955078125e-07
FRAG_NEG_trNEGATIVE38518_25_18,0.44554460048675537
FRAG_NEG_trNEGATIVE74360_15_18,0.06930708885192871
FRAG_NEG_trNEGATIVE72261_7_18,0.29702985286712646
FRAG_NEG_trNEGATIVE53896_39_18,0.33663368225097656
FRAG_NEG_trNEGATIVE83182_59_18,0.4059406518936157
FRAG_NEG_trNEGATIVE53475_20_18,0.20792090892791748
FRAG_NEG_trNEGATIVE68520_27_18,0.2871288061141968
FRAG_NEG_trNEGATIVE59717_8_18,0.2574259042739868
FRAG_NEG_trNEGATIVE38215_32_18,0.12871301174163818
FRAG_NEG_trNEGATIVE28086_55_18,0.3069307804107666
FRAG_NEG_trNEGATIVE58312_7_18,0.13861405849456787
FRAG_NEG_trNEGATIVE53160_40_18,0.15841591358184814
FRAG_NEG_trNEGATIVE53643_22_18,0.2871288061141968
FRAG_NEG_trNEGATIVE58933_37_18,0.1584160327911377
FRAG_NEG_trNEGATIVE53475_30_18,0.3366338014602661
FRAG_NEG_trNEGATIVE40835_33_18,0.18811893463134766
FRAG_NEG_trNEGATIVE77146_68_18,0.3564356565475464
FRAG_NEG_trNEGATIVE79827_55_18,0.5346534848213196
FRAG_NEG_trNEGATIVE62094_11_18,0.019802212715148926
FRAG_NEG_trNEGATIVE69351_0_18,0.019802093505859375
FRAG_NEG_trNEGATIVE39543_4_18,0.2574259042739868
FRAG_NEG_trNEGATIVE64510_0_18,0.33663374185562134
FRAG_NEG_trNEGATIVE28408_19_18,0.17821788787841797
FRAG_NEG_trNEGATIVE37707_17_18,0.26732683181762695
FRAG_NEG_trNEGATIVE55987_24_18,0.27722787857055664
FRAG_NEG_trNEGATIVE97553_63_18,0.029703140258789062
FRAG_NEG_trNEGATIVE50269_34_18,0.1188119649887085
FRAG_NEG_trNEGATIVE97553_54_18,0.19801998138427734
FRAG_NEG_trNEGATIVE59029_3_18,0.1188119649887085
FRAG_NEG_trNEGATIVE96224_75_18,0.06930708885192871
FRAG_NEG_trNEGATIVE66179_9_18,0.20792090892791748
FRAG_NEG_trNEGATIVE86292_5_18,0.18811893463134766
FRAG_NEG_trNEGATIVE53611_55_18,0.13861405849456787
FRAG_NEG_trNEGATIVE80849_21_18,0.04950511455535889
FRAG_NEG_trNEGATIVE30440_9_18,0.20792090892791748
FRAG_NEG_trNEGATIVE73312_13_18,0.5148515105247498
FRAG_NEG_trNEGATIVE27573_37_18,0.2871288061141968
FRAG_NEG_trNEGATIVE85333_27_18,0.16831696033477783
FRAG_NEG_trNEGATIVE68016_32_18,0.2277228832244873
FRAG_NEG_trNEGATIVE67065_70_18,0.3663367033004761
FRAG_NEG_trNEGATIVE87133_37_18,0.019802093505859375
FRAG_NEG_trNEGATIVE97223_21_18,0.4059406518936157
FRAG_NEG_trNEGATIVE70191_19_18,0.11881208419799805
FRAG_NEG_trNEGATIVE84681_20_18,0.20792090892791748
FRAG_NEG_trNEGATIVE68025_10_18,0.27722787857055664
FRAG_NEG_trNEGATIVE71439_23_18,0.3069307804107666
FRAG_NEG_trNEGATIVE51029_52_18,0.11881208419799805
FRAG_NEG_trNEGATIVE61576_50_18,0.03960418701171875
FRAG_NEG_trNEGATIVE28561_58_18,0.21782195568084717
FRAG_NEG_trNEGATIVE41225_43_18,0.16831696033477783
FRAG_NEG_trNEGATIVE36886_22_18,0.07920801639556885
FRAG_NEG_trNEGATIVE51636_9_18,0.13861393928527832
FRAG_NEG_trNEGATIVE86292_31_18,0.4554455876350403
FRAG_NEG_trNEGATIVE48598_19_18,0.7227723002433777
FRAG_NEG_trNEGATIVE28994_0_18,0.1188119649887085
FRAG_NEG_trNEGATIVE75610_25_18,0.3960397243499756
FRAG_NEG_trNEGATIVE46275_2_18,0.09901010990142822
FRAG_NEG_trNEGATIVE55923_7_18,0.12871301174163818
FRAG_NEG_trNEGATIVE59224_67_18,0.26732683181762695
FRAG_NEG_trNEGATIVE42973_38_18,0.029703140258789062
FRAG_NEG_trNEGATIVE51075_0_18,0.21782183647155762
FRAG_NEG_trNEGATIVE93594_41_18,0.21782195568084717
FRAG_NEG_trNEGATIVE71344_17_18,0.3663367033004761
FRAG_NEG_trNEGATIVE74561_22_18,0.2772277593612671
FRAG_NEG_trNEGATIVE90165_50_18,0.019802212715148926
FRAG_NEG_trNEGATIVE89032_58_18,1.1920928955078125e-07
FRAG_NEG_trNEGATIVE46561_20_18,0.3168318271636963
FRAG_NEG_trNEGATIVE49910_24_18,0.0792081356048584
FRAG_NEG_trNEGATIVE89323_58_18,0.4653465747833252
FRAG_NEG_trNEGATIVE94855_16_18,0.3267327547073364
FRAG_NEG_trNEGATIVE93885_27_18,0.4653465747833252
FRAG_NEG_trNEGATIVE80751_53_18,0.13861405849456787
FRAG_NEG_trNEGATIVE44020_11_18,0.2871288061141968
FRAG_NEG_trNEGATIVE80523_51_18,0.8910890817642212
FRAG_NEG_trNEGATIVE43406_50_18,0.16831696033477783
FRAG_NEG_trNEGATIVE96853_36_18,0.07920801639556885
FRAG_NEG_trNEGATIVE53638_69_18,0.4059406518936157
FRAG_NEG_trNEGATIVE76997_3_18,0.06930708885192871
FRAG_NEG_trNEGATIVE49979_47_18,0.1188119649887085
FRAG_NEG_trNEGATIVE43364_7_18,0.18811893463134766
FRAG_NEG_trNEGATIVE63753_3_19,0.6386138796806335
FRAG_NEG_trNEGATIVE54081_16_19,0.2277228832244873
FRAG_NEG_trNEGATIVE43021_21_19,0.059406161308288574
FRAG_NEG_trNEGATIVE65044_39_19,0.6435643434524536
FRAG_NEG_trNEGATIVE36288_49_19,0.21782183647155762
FRAG_NEG_trNEGATIVE45688_27_19,0.42574262619018555
FRAG_NEG_trNEGATIVE72209_36_19,0.029703140258789062
FRAG_NEG_trNEGATIVE52553_33_19,0.17821800708770752
FRAG_NEG_trNEGATIVE70582_9_19,0.31287139654159546
FRAG_NEG_trNEGATIVE96724_1_19,0.06930708885192871
FRAG_NEG_trNEGATIVE28729_37_19,0.16831696033477783
FRAG_NEG_trNEGATIVE37733_45_19,0.17821800708770752
FRAG_NEG_trNEGATIVE29367_7_19,0.41584163904190063
FRAG_NEG_trNEGATIVE75482_16_19,0.23762381076812744
FRAG_NEG_trNEGATIVE76267_40_19,0.11881208419799805
FRAG_NEG_trNEGATIVE55831_58_19,0.4554455876350403
FRAG_NEG_trNEGATIVE86864_25_19,0.0396040678024292
FRAG_NEG_trNEGATIVE30650_35_19,0.2970297336578369
FRAG_NEG_trNEGATIVE79357_20_19,0.08910906314849854
FRAG_NEG_trNEGATIVE37753_14_19,0.5940594673156738
FRAG_NEG_trNEGATIVE89859_56_19,0.17821800708770752
FRAG_NEG_trNEGATIVE72833_56_19,0.12871301174163818
FRAG_NEG_trNEGATIVE95202_20_19,0.08910906314849854
FRAG_NEG_trNEGATIVE34527_51_19,0.0792081356048584
FRAG_NEG_trNEGATIVE84995_0_19,0.2871288061141968
FRAG_NEG_trNEGATIVE65200_30_19,0.2970297336578369
FRAG_NEG_trNEGATIVE44734_20_19,0.029703140258789062
FRAG_NEG_trNEGATIVE35045_30_19,0.20792090892791748
FRAG_NEG_trNEGATIVE91781_33_19,0.3861386775970459
FRAG_NEG_trNEGATIVE56804_32_19,0.19801998138427734
FRAG_NEG_trNEGATIVE42955_4_19,0.11881208419799805
FRAG_NEG_trNEGATIVE72460_69_19,0.10891103744506836
FRAG_NEG_trNEGATIVE58405_33_19,0.33663374185562134
FRAG_NEG_trNEGATIVE35127_28_19,0.08910906314849854
FRAG_NEG_trNEGATIVE52553_8_19,0.3564356565475464
FRAG_NEG_trNEGATIVE53744_14_19,0.2277228832244873
FRAG_NEG_trNEGATIVE27518_24_19,0.376237690448761
FRAG_NEG_trNEGATIVE36843_41_19,0.0396040678024292
FRAG_NEG_trNEGATIVE60123_50_19,0.12871301174163818
FRAG_NEG_trNEGATIVE77350_23_19,0.019802212715148926
FRAG_NEG_trNEGATIVE57629_69_19,0.3861386775970459
FRAG_NEG_trNEGATIVE53295_3_19,0.0792081356048584
FRAG_NEG_trNEGATIVE71382_15_19,0.26732683181762695
FRAG_NEG_trNEGATIVE93508_52_19,0.09901010990142822
FRAG_NEG_trNEGATIVE97414_44_19,0.08910906314849854
FRAG_NEG_trNEGATIVE77996_79_19,0.27722787857055664
FRAG_NEG_trNEGATIVE62497_72_19,0.05940604209899902
FRAG_NEG_trNEGATIVE29650_32_19,0.20792090892791748
FRAG_NEG_trNEGATIVE44880_25_19,0.18811893463134766
FRAG_NEG_trNEGATIVE36047_34_19,0.2574259042739868
FRAG_NEG_trNEGATIVE28170_22_19,0.07920801639556885
FRAG_NEG_trNEGATIVE53131_41_19,0.1188119649887085
FRAG_NEG_trNEGATIVE84597_11_19,0.10891103744506836
FRAG_NEG_trNEGATIVE43004_6_19,0.059406161308288574
FRAG_NEG_trNEGATIVE88977_53_19,0.06930708885192871
FRAG_NEG_trNEGATIVE65819_48_19,0.148514986038208
FRAG_NEG_trNEGATIVE31683_49_19,0.17821800708770752
FRAG_NEG_trNEGATIVE79753_24_19,0.06930708885192871
FRAG_NEG_trNEGATIVE75343_10_19,0.06930708885192871
FRAG_NEG_trNEGATIVE28516_57_19,0.24752485752105713
FRAG_NEG_trNEGATIVE32285_21_19,0.1584160327911377
FRAG_NEG_trNEGATIVE50224_42_19,0.09901010990142822
FRAG_NEG_trNEGATIVE53868_43_19,0.06930708885192871
FRAG_NEG_trNEGATIVE61009_37_19,0.06930708885192871
FRAG_NEG_trNEGATIVE36087_19_19,0.12871301174163818
FRAG_NEG_trNEGATIVE70642_68_19,0.09900999069213867
FRAG_NEG_trNEGATIVE44035_80_19,0.09901010990142822
FRAG_NEG_trNEGATIVE32833_1_19,0.23762381076812744
FRAG_NEG_trNEGATIVE95163_15_19,0.029703140258789062
FRAG_NEG_trNEGATIVE61323_61_19,0.18811893463134766
FRAG_NEG_trNEGATIVE52530_22_19,0.06930708885192871
FRAG_NEG_trNEGATIVE40060_51_19,0.3069307804107666
FRAG_NEG_trNEGATIVE81993_69_19,0.1584160327911377
FRAG_NEG_trNEGATIVE86986_57_19,0.10891103744506836
FRAG_NEG_trNEGATIVE85683_25_19,0.2970297336578369
FRAG_NEG_trNEGATIVE34028_49_19,0.059406161308288574
FRAG_NEG_trNEGATIVE78243_39_19,0.6732673645019531
FRAG_NEG_trNEGATIVE32910_4_19,0.3168317675590515
FRAG_NEG_trNEGATIVE67849_6_19,0.3267327547073364
FRAG_NEG_trNEGATIVE76154_15_19,0.06930708885192871
FRAG_NEG_trNEGATIVE62346_44_19,0.17821788787841797
FRAG_NEG_trNEGATIVE72942_21_19,0.0396040678024292
FRAG_NEG_trNEGATIVE51987_24_19,0.20792090892791748
FRAG_NEG_trNEGATIVE83093_34_19,0.029703140258789062
FRAG_NEG_trNEGATIVE38759_7_19,0.12871301174163818
FRAG_NEG_trNEGATIVE30808_19_19,0.24752485752105713
FRAG_NEG_trNEGATIVE63907_2_19,0.4059406518936157
FRAG_NEG_trNEGATIVE73505_63_19,0.11881208419799805
FRAG_NEG_trNEGATIVE63923_18_19,0.5346535444259644
FRAG_NEG_trNEGATIVE38419_10_19,0.06930708885192871
FRAG_NEG_trNEGATIVE78344_15_19,0.148514986038208
FRAG_NEG_trNEGATIVE77980_17_19,0.17821800708770752
FRAG_NEG_trNEGATIVE63180_5_19,0.18811893463134766
FRAG_NEG_trNEGATIVE56621_24_19,0.25742578506469727
FRAG_NEG_trNEGATIVE93762_0_19,0.3069307804107666
FRAG_NEG_trNEGATIVE43954_74_19,0.237623929977417
FRAG_NEG_trNEGATIVE70019_36_19,0.24752485752105713
FRAG_NEG_trNEGATIVE96926_39_19,0.04950511455535889
FRAG_NEG_trNEGATIVE71049_41_19,0.09901010990142822
FRAG_NEG_trNEGATIVE84878_18_19,0.07920801639556885
FRAG_NEG_trNEGATIVE90881_3_19,0.06930708885192871
FRAG_NEG_trNEGATIVE28499_45_19,0.029703140258789062
FRAG_NEG_trNEGATIVE85222_35_19,0.10891103744506836
FRAG_NEG_trNEGATIVE50504_60_19,0.18811893463134766
FRAG_NEG_trNEGATIVE31738_23_19,0.16831696033477783
FRAG_NEG_trNEGATIVE77111_2_19,0.346534788608551
FRAG_NEG_trNEGATIVE73996_27_19,0.18811893463134766
FRAG_NEG_trNEGATIVE62795_62_19,0.148514986038208
FRAG_NEG_trNEGATIVE58114_27_19,0.18811893463134766
FRAG_NEG_trNEGATIVE56826_17_19,0.20792090892791748
FRAG_NEG_trNEGATIVE71907_10_19,0.2772277593612671
FRAG_NEG_trNEGATIVE85598_37_19,0.3069307804107666
FRAG_NEG_trNEGATIVE52892_69_19,0.1584160327911377
FRAG_NEG_trNEGATIVE44167_5_19,0.4752475619316101
FRAG_NEG_trNEGATIVE69595_50_19,0.148514986038208
FRAG_NEG_trNEGATIVE75864_50_19,0.15841591358184814
FRAG_NEG_trNEGATIVE67705_12_19,0.07920801639556885
FRAG_NEG_trNEGATIVE81858_4_19,0.06930708885192871
FRAG_NEG_trNEGATIVE82267_37_19,0.13861405849456787
FRAG_NEG_trNEGATIVE86257_28_19,0.12871301174163818
FRAG_NEG_trNEGATIVE63235_44_19,0.7425742745399475
FRAG_NEG_trNEGATIVE60235_3_19,0.6435643434524536
FRAG_NEG_trNEGATIVE28054_21_19,0.31683170795440674
FRAG_NEG_trNEGATIVE85743_12_19,0.2871288061141968
FRAG_NEG_trNEGATIVE41384_9_19,0.2970297336578369
FRAG_NEG_trNEGATIVE50739_11_19,0.029703140258789062
FRAG_NEG_trNEGATIVE54002_16_19,0.29702985286712646
FRAG_NEG_trNEGATIVE65251_17_19,0.6435643434524536
FRAG_NEG_trNEGATIVE74887_28_19,0.3069307804107666
FRAG_NEG_trNEGATIVE56484_69_19,0.3069307804107666
FRAG_NEG_trNEGATIVE42096_0_19,0.09901010990142822
FRAG_NEG_trNEGATIVE94625_49_19,0.3366338014602661
FRAG_NEG_trNEGATIVE39672_25_19,0.15841591358184814
FRAG_NEG_trNEGATIVE44210_13_19,0.376237690448761
FRAG_NEG_trNEGATIVE65344_4_19,0.019802093505859375
FRAG_NEG_trNEGATIVE47940_31_19,0.7128713130950928
FRAG_NEG_trNEGATIVE30883_6_19,0.13861405849456787
FRAG_NEG_trNEGATIVE88351_38_19,0.059406161308288574
FRAG_NEG_trNEGATIVE38619_9_19,0.43564361333847046
FRAG_NEG_trNEGATIVE65942_2_19,0.27722787857055664
FRAG_NEG_trNEGATIVE45785_37_19,0.46039605140686035
FRAG_NEG_trNEGATIVE74524_19_19,0.019802093505859375
FRAG_NEG_trNEGATIVE28350_53_19,0.07920801639556885
FRAG_NEG_trNEGATIVE96820_22_19,0.08910906314849854
FRAG_NEG_trNEGATIVE64751_25_19,0.11881208419799805
FRAG_NEG_trNEGATIVE93710_22_19,0.08910906314849854
FRAG_NEG_trNEGATIVE88042_30_19,0.16831696033477783
FRAG_NEG_trNEGATIVE94010_10_19,0.12871301174163818
FRAG_NEG_trNEGATIVE76374_6_19,0.05940604209899902
FRAG_NEG_trNEGATIVE72067_22_19,0.26732683181762695
FRAG_NEG_trNEGATIVE42340_50_19,0.20792090892791748
FRAG_NEG_trNEGATIVE48551_15_19,0.08910906314849854
FRAG_NEG_trNEGATIVE89667_25_19,0.09901010990142822
FRAG_NEG_trNEGATIVE96289_13_19,0.18811893463134766
FRAG_NEG_trNEGATIVE60025_16_19,0.1584160327911377
FRAG_NEG_trNEGATIVE47794_8_19,0.019802093505859375
FRAG_NEG_trNEGATIVE30855_47_19,0.148514986038208
FRAG_NEG_trNEGATIVE63424_14_19,0.06930708885192871
FRAG_NEG_trNEGATIVE71467_1_19,0.08910906314849854
FRAG_NEG_trNEGATIVE55926_16_19,0.17821800708770752
FRAG_NEG_trNEGATIVE56445_56_19,0.37376248836517334
FRAG_NEG_trNEGATIVE68242_2_19,0.20792090892791748
FRAG_NEG_trNEGATIVE77128_23_19,0.1584160327911377
FRAG_NEG_trNEGATIVE85761_62_19,0.26732683181762695
FRAG_NEG_trNEGATIVE66500_34_19,0.20792090892791748
FRAG_NEG_trNEGATIVE43506_42_19,0.43564361333847046
FRAG_NEG_trNEGATIVE52643_45_19,0.4554455876350403
FRAG_NEG_trNEGATIVE86305_42_19,0.2277228832244873
FRAG_NEG_trNEGATIVE43084_22_19,0.27722787857055664
FRAG_NEG_trNEGATIVE54101_18_19,0.26732683181762695
FRAG_NEG_trNEGATIVE38801_26_19,0.20792090892791748
FRAG_NEG_trNEGATIVE91758_31_19,0.23762381076812744
FRAG_NEG_trNEGATIVE84079_22_19,0.03960418701171875
FRAG_NEG_trNEGATIVE59291_15_19,0.04950511455535889
FRAG_NEG_trNEGATIVE85455_48_19,0.148514986038208
FRAG_NEG_trNEGATIVE70403_48_19,0.11881208419799805
FRAG_NEG_trNEGATIVE74088_0_19,0.24752485752105713
FRAG_NEG_trNEGATIVE46617_17_19,0.6534653902053833
FRAG_NEG_trNEGATIVE56723_4_19,0.4653465747833252
FRAG_NEG_trNEGATIVE47027_30_19,0.08910906314849854
FRAG_NEG_trNEGATIVE97568_54_19,0.485148549079895
FRAG_NEG_trNEGATIVE34666_1_19,0.17821800708770752
FRAG_NEG_trNEGATIVE93189_7_19,0.7128713130950928
FRAG_NEG_trNEGATIVE60038_5_19,0.13861393928527832
FRAG_NEG_trNEGATIVE87687_54_19,0.12871301174163818
FRAG_NEG_trNEGATIVE36698_11_19,0.10891103744506836
FRAG_NEG_trNEGATIVE89716_23_19,0.12871301174163818
FRAG_NEG_trNEGATIVE66233_11_19,0.17821800708770752
FRAG_NEG_trNEGATIVE34022_2_19,0.2871288061141968
FRAG_NEG_trNEGATIVE90625_4_19,0.13861393928527832
FRAG_NEG_trNEGATIVE75199_7_19,0.05940604209899902
FRAG_NEG_trNEGATIVE76642_29_19,0.485148549079895
FRAG_NEG_trNEGATIVE77317_14_19,0.19801998138427734
FRAG_NEG_trNEGATIVE75359_44_19,0.5544554591178894
FRAG_NEG_trNEGATIVE60450_38_19,0.16831696033477783
FRAG_NEG_trNEGATIVE40920_55_19,0.4059406518936157
FRAG_NEG_trNEGATIVE42982_47_19,0.13861405849456787
FRAG_NEG_trNEGATIVE64890_5_19,0.1188119649887085
FRAG_NEG_trNEGATIVE44933_34_19,0.06930708885192871
FRAG_NEG_trNEGATIVE81527_54_19,0.3663367033004761
FRAG_NEG_trNEGATIVE85924_34_19,0.5841584205627441
FRAG_NEG_trNEGATIVE77575_0_19,0.3069307804107666
FRAG_NEG_trNEGATIVE68091_46_19,0.5445544719696045
FRAG_NEG_trNEGATIVE37172_23_19,0.41584163904190063
FRAG_NEG_trNEGATIVE57136_9_19,0.41584163904190063
FRAG_NEG_trNEGATIVE79195_65_19,0.08910906314849854
FRAG_NEG_trNEGATIVE44857_55_19,0.019802093505859375
FRAG_NEG_trNEGATIVE76037_69_19,0.08910906314849854
FRAG_NEG_trNEGATIVE33286_25_19,0.4554455876350403
FRAG_NEG_trNEGATIVE58579_40_19,0.3861386775970459
FRAG_NEG_trNEGATIVE64620_47_19,0.16831696033477783
FRAG_NEG_trNEGATIVE42319_24_19,0.23762381076812744
FRAG_NEG_trNEGATIVE45066_15_19,0.6534653902053833
FRAG_NEG_trNEGATIVE84693_17_19,0.19801998138427734
FRAG_NEG_trNEGATIVE41590_48_19,0.3663367033004761
FRAG_NEG_trNEGATIVE38194_16_19,0.0792081356048584
FRAG_NEG_trNEGATIVE66322_5_19,0.07920801639556885
FRAG_NEG_trNEGATIVE97413_25_19,0.08910906314849854
FRAG_NEG_trNEGATIVE57313_46_19,0.35643571615219116
FRAG_NEG_trNEGATIVE57664_59_19,0.0396040678024292
FRAG_NEG_trNEGATIVE91836_17_19,0.6831682920455933
FRAG_NEG_trNEGATIVE81157_34_19,0.18811893463134766
FRAG_NEG_trNEGATIVE96576_66_19,0.12871301174163818
FRAG_NEG_trNEGATIVE39448_29_19,0.05940604209899902
FRAG_NEG_trNEGATIVE67455_30_19,0.3366338014602661
FRAG_NEG_trNEGATIVE64760_16_19,0.06930708885192871
FRAG_NEG_trNEGATIVE79528_4_19,0.16831696033477783
FRAG_NEG_trNEGATIVE65369_33_19,0.07920801639556885
FRAG_NEG_trNEGATIVE69720_59_19,0.13861405849456787
FRAG_NEG_trNEGATIVE46347_17_19,0.12871301174163818
FRAG_NEG_trNEGATIVE40184_67_19,0.148514986038208
FRAG_NEG_trNEGATIVE83678_21_19,0.009901165962219238
FRAG_NEG_trNEGATIVE77471_12_19,0.3861386775970459
FRAG_NEG_trNEGATIVE76037_62_19,0.18811893463134766
FRAG_NEG_trNEGATIVE38069_41_19,0.148514986038208
FRAG_NEG_trNEGATIVE96583_14_19,0.2772277593612671
FRAG_NEG_trNEGATIVE68418_51_19,0.26732683181762695
FRAG_NEG_trNEGATIVE49695_39_19,0.3960396647453308
FRAG_NEG_trNEGATIVE96374_37_19,0.08910906314849854
FRAG_NEG_trNEGATIVE32913_23_19,0.29702985286712646
FRAG_NEG_trNEGATIVE89775_51_19,0.3267327547073364
FRAG_NEG_trNEGATIVE63573_23_19,0.14356446266174316
FRAG_NEG_trNEGATIVE33162_39_19,0.148514986038208
FRAG_NEG_trNEGATIVE37447_39_19,0.18811893463134766
FRAG_NEG_trNEGATIVE44478_30_19,0.3168317675590515
FRAG_NEG_trNEGATIVE40492_67_19,0.09901010990142822
FRAG_NEG_trNEGATIVE85761_9_19,0.24752485752105713
FRAG_NEG_trNEGATIVE66429_45_19,0.06930708885192871
FRAG_NEG_trNEGATIVE85418_2_19,0.07920801639556885
FRAG_NEG_trNEGATIVE46179_44_19,0.16831696033477783
FRAG_NEG_trNEGATIVE89463_8_19,0.5643564462661743
FRAG_NEG_trNEGATIVE78735_11_19,0.3267327547073364
FRAG_NEG_trNEGATIVE62346_24_19,0.11881208419799805
FRAG_NEG_trNEGATIVE95235_19_19,0.148514986038208
FRAG_NEG_trNEGATIVE64940_30_19,0.5544554591178894
FRAG_NEG_trNEGATIVE75014_40_19,0.09901010990142822
FRAG_NEG_trNEGATIVE29466_20_19,0.35643571615219116
FRAG_NEG_trNEGATIVE53177_50_20,1.1920928955078125e-07
FRAG_NEG_trNEGATIVE60221_7_20,0.3663367033004761
FRAG_NEG_trNEGATIVE72223_36_20,0.04950511455535889
FRAG_NEG_trNEGATIVE59072_10_20,0.18811893463134766
FRAG_NEG_trNEGATIVE27820_28_20,0.13861393928527832
FRAG_NEG_trNEGATIVE38929_22_20,0.04950511455535889
FRAG_NEG_trNEGATIVE75403_55_20,0.29702985286712646
FRAG_NEG_trNEGATIVE42506_1_20,0.26732683181762695
FRAG_NEG_trNEGATIVE69058_58_20,0.13861393928527832
FRAG_NEG_trNEGATIVE94996_66_20,1.1920928955078125e-07
FRAG_NEG_trNEGATIVE94996_7_20,0.29702985286712646
FRAG_NEG_trNEGATIVE39967_1_20,0.44554460048675537
FRAG_NEG_trNEGATIVE77801_13_20,0.09901010990142822
FRAG_NEG_trNEGATIVE67713_41_20,0.09900999069213867
FRAG_NEG_trNEGATIVE43334_42_20,0.09901010990142822
FRAG_NEG_trNEGATIVE83396_14_20,0.4653465747833252
FRAG_NEG_trNEGATIVE66206_31_20,0.49504953622817993
FRAG_NEG_trNEGATIVE72713_1_20,0.03960418701171875
FRAG_NEG_trNEGATIVE59717_7_20,0.2574259042739868
FRAG_NEG_trNEGATIVE36154_5_20,0.09901010990142822
FRAG_NEG_trNEGATIVE49557_38_20,0.07920801639556885
FRAG_NEG_trNEGATIVE62765_22_20,0.27722787857055664
FRAG_NEG_trNEGATIVE57038_7_20,0.41584163904190063
FRAG_NEG_trNEGATIVE94635_16_20,0.3663367033004761
FRAG_NEG_trNEGATIVE52454_18_20,0.3168318271636963
FRAG_NEG_trNEGATIVE75878_58_20,0.1584160327911377
FRAG_NEG_trNEGATIVE57420_10_20,0.3960396647453308
FRAG_NEG_trNEGATIVE43372_2_20,0.5445544719696045
FRAG_NEG_trNEGATIVE32688_25_20,0.04950511455535889
FRAG_NEG_trNEGATIVE57384_72_20,0.019802093505859375
FRAG_NEG_trNEGATIVE28142_34_20,0.4059406518936157
FRAG_NEG_trNEGATIVE75513_40_20,0.059406161308288574
FRAG_NEG_trNEGATIVE64018_23_20,0.21782183647155762
FRAG_NEG_trNEGATIVE77094_19_20,0.376237690448761
FRAG_NEG_trNEGATIVE51900_59_20,0.4059406518936157
FRAG_NEG_trNEGATIVE85904_6_20,0.237623929977417
FRAG_NEG_trNEGATIVE33907_23_20,0.25742578506469727
FRAG_NEG_trNEGATIVE85633_39_20,0.35643571615219116
FRAG_NEG_trNEGATIVE30077_11_20,0.27722787857055664
FRAG_NEG_trNEGATIVE75814_26_20,0.43564361333847046
FRAG_NEG_trNEGATIVE69297_71_20,0.13861393928527832
FRAG_NEG_trNEGATIVE77111_18_20,0.3168318271636963
FRAG_NEG_trNEGATIVE51954_49_20,0.04950511455535889
FRAG_NEG_trNEGATIVE78106_21_20,0.019802093505859375
FRAG_NEG_trNEGATIVE37395_80_20,0.43564361333847046
FRAG_NEG_trNEGATIVE85582_41_20,0.06930708885192871
FRAG_NEG_trNEGATIVE48428_36_20,0.33663374185562134
FRAG_NEG_trNEGATIVE60221_50_20,0.18811893463134766
FRAG_NEG_trNEGATIVE60373_24_20,0.20792090892791748
FRAG_NEG_trNEGATIVE77586_35_20,0.1188119649887085
FRAG_NEG_trNEGATIVE57334_7_20,0.08910906314849854
FRAG_NEG_trNEGATIVE78954_7_20,0.10891103744506836
FRAG_NEG_trNEGATIVE92499_20_20,0.2574259042739868
FRAG_NEG_trNEGATIVE31470_24_20,0.09900999069213867
FRAG_NEG_trNEGATIVE83836_21_20,0.06930708885192871
FRAG_NEG_trNEGATIVE43129_23_20,0.03960418701171875
FRAG_NEG_trNEGATIVE57902_34_20,0.23762381076812744
FRAG_NEG_trNEGATIVE43562_5_20,0.1584160327911377
FRAG_NEG_trNEGATIVE59519_53_20,0.019802212715148926
FRAG_NEG_trNEGATIVE86159_40_20,0.15841591358184814
FRAG_NEG_trNEGATIVE56752_55_20,0.24752485752105713
FRAG_NEG_trNEGATIVE41962_6_20,0.3267327547073364
FRAG_NEG_trNEGATIVE94399_9_20,0.05940604209899902
FRAG_NEG_trNEGATIVE97593_15_20,0.35643571615219116
FRAG_NEG_trNEGATIVE40119_27_20,0.019802093505859375
FRAG_NEG_trNEGATIVE79735_60_20,0.13861405849456787
FRAG_NEG_trNEGATIVE82949_48_20,0.0396040678024292
FRAG_NEG_trNEGATIVE92426_45_20,0.5049505233764648
FRAG_NEG_trNEGATIVE63376_19_20,0.19801998138427734
FRAG_NEG_trNEGATIVE32160_54_20,0.029703140258789062
FRAG_NEG_trNEGATIVE81491_11_20,0.05940604209899902
FRAG_NEG_trNEGATIVE42922_18_20,0.21782195568084717
FRAG_NEG_trNEGATIVE52450_4_20,0.5346534848213196
FRAG_NEG_trNEGATIVE64548_4_20,0.19801998138427734
FRAG_NEG_trNEGATIVE73158_14_20,0.11881208419799805
FRAG_NEG_trNEGATIVE47140_21_20,0.3960396647453308
FRAG_NEG_trNEGATIVE49185_22_20,0.059406161308288574
FRAG_NEG_trNEGATIVE79619_30_20,0.3861386775970459
FRAG_NEG_trNEGATIVE88934_51_20,0.25742578506469727
FRAG_NEG_trNEGATIVE59542_6_20,0.2277228832244873
FRAG_NEG_trNEGATIVE55271_34_20,0.18811893463134766
FRAG_NEG_trNEGATIVE41460_5_20,0.3069307804107666
FRAG_NEG_trNEGATIVE31632_43_20,0.03960418701171875
FRAG_NEG_trNEGATIVE81527_16_20,0.18811893463134766
FRAG_NEG_trNEGATIVE51922_68_20,0.09901010990142822
FRAG_NEG_trNEGATIVE28428_25_20,0.16831696033477783
FRAG_NEG_trNEGATIVE67695_21_20,0.1188119649887085
FRAG_NEG_trNEGATIVE57314_9_20,0.6138614416122437
FRAG_NEG_trNEGATIVE58637_67_20,0.03960418701171875
FRAG_NEG_trNEGATIVE29521_41_20,0.4059406518936157
FRAG_NEG_trNEGATIVE91895_43_20,0.4059406518936157
FRAG_NEG_trNEGATIVE81510_2_20,0.21782195568084717
FRAG_NEG_trNEGATIVE83507_23_20,0.08910906314849854
FRAG_NEG_trNEGATIVE38759_57_20,0.5841584205627441
FRAG_NEG_trNEGATIVE66970_10_20,0.13861405849456787
FRAG_NEG_trNEGATIVE45105_30_20,0.801980197429657
FRAG_NEG_trNEGATIVE73786_20_20,0.5742574334144592
FRAG_NEG_trNEGATIVE39622_44_20,0.17821788787841797
FRAG_NEG_trNEGATIVE59520_41_20,0.4554455876350403
FRAG_NEG_trNEGATIVE47131_51_20,0.8118811845779419
FRAG_NEG_trNEGATIVE81287_38_20,0.16831696033477783
FRAG_NEG_trNEGATIVE64980_14_20,0.24752485752105713
FRAG_NEG_trNEGATIVE66835_3_20,0.009901165962219238
FRAG_NEG_trNEGATIVE88934_26_20,0.148514986038208
FRAG_NEG_trNEGATIVE29734_24_20,0.4059406518936157
FRAG_NEG_trNEGATIVE33087_12_20,0.029703140258789062
FRAG_NEG_trNEGATIVE57524_20_20,0.6732673645019531
FRAG_NEG_trNEGATIVE38271_39_20,0.10891103744506836
FRAG_NEG_trNEGATIVE88499_25_20,0.4752475619316101
FRAG_NEG_trNEGATIVE63462_14_20,0.17821800708770752
FRAG_NEG_trNEGATIVE34705_24_20,0.17821800708770752
FRAG_NEG_trNEGATIVE34911_22_20,0.12871301174163818
FRAG_NEG_trNEGATIVE35578_14_20,0.148514986038208
FRAG_NEG_trNEGATIVE80829_40_20,0.24752485752105713
FRAG_NEG_trNEGATIVE71241_55_20,0.2772277593612671
FRAG_NEG_trNEGATIVE57285_21_20,0.148514986038208
FRAG_NEG_trNEGATIVE82152_49_20,0.41584163904190063
FRAG_NEG_trNEGATIVE37821_23_20,0.15841591358184814
FRAG_NEG_trNEGATIVE55800_5_20,0.04950511455535889
FRAG_NEG_trNEGATIVE75792_46_20,0.13861405849456787
FRAG_NEG_trNEGATIVE96554_59_20,0.009901165962219238
FRAG_NEG_trNEGATIVE46180_16_20,0.25742578506469727
FRAG_NEG_trNEGATIVE39078_0_20,0.15841591358184814
FRAG_NEG_trNEGATIVE46140_6_20,0.21782195568084717
FRAG_NEG_trNEGATIVE76311_21_20,0.34653472900390625
FRAG_NEG_trNEGATIVE65571_42_20,0.16831696033477783
FRAG_NEG_trNEGATIVE44871_9_20,0.10891103744506836
FRAG_NEG_trNEGATIVE82680_48_20,0.17821788787841797
FRAG_NEG_trNEGATIVE57796_28_20,0.5049505233764648
FRAG_NEG_trNEGATIVE77365_5_20,0.13861393928527832
FRAG_NEG_trNEGATIVE61277_49_20,0.21782195568084717
FRAG_NEG_trNEGATIVE75696_6_20,0.29702985286712646
FRAG_NEG_trNEGATIVE95018_33_20,0.0792081356048584
FRAG_NEG_trNEGATIVE81410_28_20,0.18811893463134766
FRAG_NEG_trNEGATIVE88184_56_20,0.15841591358184814
FRAG_NEG_trNEGATIVE40715_70_20,0.148514986038208
FRAG_NEG_trNEGATIVE40184_73_20,0.2277228832244873
FRAG_NEG_trNEGATIVE63583_39_20,0.16831696033477783
FRAG_NEG_trNEGATIVE46582_19_20,0.03960418701171875
FRAG_NEG_trNEGATIVE93381_26_20,0.3069307804107666
FRAG_NEG_trNEGATIVE96930_40_20,0.019802093505859375
FRAG_NEG_trNEGATIVE64192_47_20,0.07920801639556885
FRAG_NEG_trNEGATIVE73308_13_20,0.16831696033477783
FRAG_NEG_trNEGATIVE27978_68_20,0.12871301174163818
FRAG_NEG_trNEGATIVE88887_20_20,0.148514986038208
FRAG_NEG_trNEGATIVE72396_15_20,0.04950511455535889
FRAG_NEG_trNEGATIVE63843_23_20,0.17821788787841797
FRAG_NEG_trNEGATIVE57023_76_20,0.07920801639556885
FRAG_NEG_trNEGATIVE82995_4_20,0.44554460048675537
FRAG_NEG_trNEGATIVE84600_48_20,0.18811893463134766
FRAG_NEG_trNEGATIVE97414_18_20,0.0792081356048584
FRAG_NEG_trNEGATIVE50269_10_20,0.2277228832244873
FRAG_NEG_trNEGATIVE58289_50_20,0.17821788787841797
FRAG_NEG_trNEGATIVE90349_5_20,0.13861393928527832
FRAG_NEG_trNEGATIVE45765_25_20,0.13861393928527832
FRAG_NEG_trNEGATIVE70591_27_20,0.7326732873916626
FRAG_NEG_trNEGATIVE45657_32_20,0.3069307804107666
FRAG_NEG_trNEGATIVE39893_22_20,0.06930708885192871
FRAG_NEG_trNEGATIVE84831_26_20,0.08910906314849854
FRAG_NEG_trNEGATIVE34205_33_20,0.3069307804107666
FRAG_NEG_trNEGATIVE75482_6_20,0.16831696033477783
FRAG_NEG_trNEGATIVE54238_43_20,0.07920801639556885
FRAG_NEG_trNEGATIVE63057_29_20,0.23762381076812744
FRAG_NEG_trNEGATIVE66167_78_20,0.17821800708770752
FRAG_NEG_trNEGATIVE92537_53_20,0.26732683181762695
FRAG_NEG_trNEGATIVE58868_38_20,0.09900999069213867
FRAG_NEG_trNEGATIVE93241_51_20,0.13861393928527832
FRAG_NEG_trNEGATIVE88380_41_20,0.21782183647155762
FRAG_NEG_trNEGATIVE70735_5_20,0.04950511455535889
FRAG_NEG_trNEGATIVE76710_62_20,0.08910906314849854
FRAG_NEG_trNEGATIVE81231_33_20,0.20792090892791748
FRAG_NEG_trNEGATIVE92269_10_20,0.16831696033477783
FRAG_NEG_trNEGATIVE52476_6_20,0.5247524976730347
FRAG_NEG_trNEGATIVE81386_66_20,0.09901010990142822
FRAG_NEG_trNEGATIVE91724_36_20,0.059406161308288574
FRAG_NEG_trNEGATIVE76759_71_20,0.07920801639556885
FRAG_NEG_trNEGATIVE31346_31_20,0.09901010990142822
FRAG_NEG_trNEGATIVE95360_17_20,0.4653465747833252
FRAG_NEG_trNEGATIVE74351_33_20,0.19801998138427734
FRAG_NEG_trNEGATIVE90839_5_20,0.2772277593612671
FRAG_NEG_trNEGATIVE61196_58_20,0.20792090892791748
FRAG_NEG_trNEGATIVE76527_29_20,0.1584160327911377
FRAG_NEG_trNEGATIVE74436_30_20,0.08910906314849854
FRAG_NEG_trNEGATIVE29765_1_20,0.3861386775970459
FRAG_NEG_trNEGATIVE40545_29_20,0.2970297336578369
FRAG_NEG_trNEGATIVE83114_65_20,0.2970297336578369
FRAG_NEG_trNEGATIVE74573_17_20,0.029703140258789062
FRAG_NEG_trNEGATIVE36438_21_20,0.04950511455535889
FRAG_NEG_trNEGATIVE67999_8_20,0.3960396647453308
FRAG_NEG_trNEGATIVE88238_1_20,0.49504953622817993
FRAG_NEG_trNEGATIVE93394_18_20,0.237623929977417
FRAG_NEG_trNEGATIVE43334_60_20,0.3267327547073364
FRAG_NEG_trNEGATIVE53410_7_20,0.21782195568084717
FRAG_NEG_trNEGATIVE79045_21_20,0.3861386775970459
FRAG_NEG_trNEGATIVE71697_14_20,0.08910906314849854
FRAG_NEG_trNEGATIVE85179_66_20,1.1920928955078125e-07
FRAG_NEG_trNEGATIVE28269_52_20,0.376237690448761
FRAG_NEG_trNEGATIVE59662_57_20,0.1980198621749878
FRAG_NEG_trNEGATIVE64855_37_20,0.1584160327911377
FRAG_NEG_trNEGATIVE57949_40_20,0.5049505233764648
FRAG_NEG_trNEGATIVE89377_10_20,0.12871301174163818
FRAG_NEG_trNEGATIVE80014_11_20,0.1584160327911377
FRAG_NEG_trNEGATIVE29046_54_20,0.059406161308288574
FRAG_NEG_trNEGATIVE47345_7_20,0.27722787857055664
FRAG_NEG_trNEGATIVE55408_62_20,0.3168318271636963
FRAG_NEG_trNEGATIVE72261_16_20,0.09901010990142822
FRAG_NEG_trNEGATIVE59996_10_20,0.029703140258789062
FRAG_NEG_trNEGATIVE60566_14_20,0.009901165962219238
FRAG_NEG_trNEGATIVE63078_21_20,0.10891103744506836
FRAG_NEG_trNEGATIVE92346_45_20,0.49504953622817993
FRAG_NEG_trNEGATIVE72967_14_20,0.2970297336578369
FRAG_NEG_trNEGATIVE37880_32_20,0.17821788787841797
FRAG_NEG_trNEGATIVE39870_21_20,0.08910906314849854
FRAG_NEG_trNEGATIVE49712_35_20,0.20792090892791748
FRAG_NEG_trNEGATIVE50740_43_20,0.3663367033004761
FRAG_NEG_trNEGATIVE92878_23_20,0.29702985286712646
FRAG_NEG_trNEGATIVE39004_26_20,0.13861405849456787
FRAG_NEG_trNEGATIVE55110_2_20,0.2970297336578369
FRAG_NEG_trNEGATIVE79202_43_20,0.21782183647155762
FRAG_NEG_trNEGATIVE45365_22_20,0.5049505233764648
FRAG_NEG_trNEGATIVE65678_2_20,0.35643571615219116
FRAG_NEG_trNEGATIVE70934_22_20,0.148514986038208
FRAG_NEG_trNEGATIVE52240_39_20,0.2772277593612671
FRAG_NEG_trNEGATIVE63176_30_20,0.3069307804107666
FRAG_NEG_trNEGATIVE30600_51_20,0.10891103744506836
FRAG_NEG_trNEGATIVE63514_42_20,0.25742578506469727
FRAG_NEG_trNEGATIVE67531_55_20,0.49504953622817993
FRAG_NEG_trNEGATIVE54212_55_20,0.12871301174163818
FRAG_NEG_trNEGATIVE92489_33_20,0.20792090892791748
FRAG_NEG_trNEGATIVE70320_36_20,0.2277228832244873
FRAG_NEG_trNEGATIVE88156_10_20,0.4653465747833252
FRAG_NEG_trNEGATIVE34973_23_20,0.1584160327911377
FRAG_NEG_trNEGATIVE82520_32_20,0.08910906314849854
FRAG_NEG_trNEGATIVE68670_54_20,0.25742578506469727
FRAG_NEG_trNEGATIVE80602_1_20,0.009901165962219238
FRAG_NEG_trNEGATIVE47422_27_20,0.18811893463134766
FRAG_NEG_trNEGATIVE86864_16_20,0.09900999069213867
FRAG_NEG_trNEGATIVE58401_0_20,1.1920928955078125e-07
FRAG_NEG_trNEGATIVE69895_37_20,0.3069307804107666
FRAG_NEG_trNEGATIVE97283_50_20,0.148514986038208
FRAG_NEG_trNEGATIVE31404_6_20,0.15841591358184814
FRAG_NEG_trNEGATIVE29831_50_20,0.04950511455535889
FRAG_NEG_trNEGATIVE47812_26_20,0.029703140258789062
FRAG_NEG_trNEGATIVE76009_17_20,0.2574259042739868
FRAG_NEG_trNEGATIVE95131_25_20,0.009901165962219238
FRAG_NEG_trNEGATIVE96673_49_20,0.237623929977417
FRAG_NEG_trNEGATIVE36643_32_20,0.40099018812179565
FRAG_NEG_trNEGATIVE78614_27_20,0.6435643434524536
FRAG_NEG_trNEGATIVE36281_3_20,0.693069338798523
FRAG_NEG_trNEGATIVE96597_20_20,0.44554460048675537
FRAG_NEG_trNEGATIVE81517_25_20,0.5247524976730347
FRAG_NEG_trNEGATIVE64300_19_20,0.2574259042739868
FRAG_NEG_trNEGATIVE96170_48_20,0.4059406518936157
FRAG_NEG_trNEGATIVE92362_52_20,0.2277228832244873
FRAG_NEG_trNEGATIVE97027_51_20,0.04950511455535889
FRAG_NEG_trNEGATIVE74053_5_20,0.09901010990142822
FRAG_NEG_trNEGATIVE64306_24_20,0.15841591358184814
FRAG_NEG_trNEGATIVE93420_18_20,0.21782195568084717
FRAG_NEG_trNEGATIVE48759_27_20,0.06930708885192871
FRAG_NEG_trNEGATIVE68039_28_20,0.44554460048675537
FRAG_NEG_trNEGATIVE95540_22_20,0.3069307804107666
FRAG_NEG_trNEGATIVE63751_2_20,0.2574259042739868
FRAG_NEG_trNEGATIVE58637_47_20,0.34653472900390625
FRAG_NEG_trNEGATIVE78359_21_20,0.42574262619018555
FRAG_NEG_trNEGATIVE62801_23_20,0.10891103744506836
FRAG_NEG_trNEGATIVE78223_2_20,0.18811893463134766
FRAG_NEG_trNEGATIVE40806_38_20,0.07920801639556885
FRAG_NEG_trNEGATIVE27517_2_20,0.2277228832244873
FRAG_NEG_trNEGATIVE62973_2_20,0.35643571615219116
FRAG_NEG_trNEGATIVE84587_32_20,0.03960418701171875
FRAG_NEG_trNEGATIVE45545_74_20,0.04950511455535889
FRAG_NEG_trNEGATIVE63176_24_20,0.148514986038208
FRAG_NEG_trNEGATIVE82273_10_20,0.05940604209899902
FRAG_NEG_trNEGATIVE28212_42_20,0.3267327547073364
FRAG_NEG_trNEGATIVE61571_57_20,0.2277228832244873
FRAG_NEG_trNEGATIVE28453_34_20,0.12871301174163818
FRAG_NEG_trNEGATIVE50638_40_20,0.15841591358184814
FRAG_NEG_trNEGATIVE71152_26_20,0.589108943939209
FRAG_NEG_trNEGATIVE81212_35_20,0.3960396647453308
FRAG_NEG_trNEGATIVE97267_22_20,0.029703140258789062
FRAG_NEG_trNEGATIVE59996_21_20,0.24752485752105713
FRAG_NEG_trNEGATIVE36394_0_20,0.24752485752105713
FRAG_NEG_trNEGATIVE29484_27_20,0.5049505233764648
FRAG_NEG_trNEGATIVE27634_23_20,0.17821788787841797
FRAG_NEG_trNEGATIVE58329_61_20,0.059406161308288574
FRAG_NEG_trNEGATIVE90287_1_20,0.3168317675590515
FRAG_NEG_trNEGATIVE64720_34_20,0.3861386775970459
FRAG_NEG_trNEGATIVE35075_1_20,0.4059406518936157
FRAG_NEG_trNEGATIVE91297_33_20,0.21782195568084717
FRAG_NEG_trNEGATIVE41912_31_20,0.485148549079895
FRAG_NEG_trNEGATIVE92008_41_20,0.6633663177490234
FRAG_NEG_trNEGATIVE68937_0_20,0.029703140258789062
FRAG_NEG_trNEGATIVE84549_27_20,0.04950511455535889
FRAG_NEG_trNEGATIVE90579_33_20,0.10891103744506836
FRAG_NEG_trNEGATIVE83168_33_20,0.376237690448761
FRAG_NEG_trNEGATIVE35003_17_20,0.2277228832244873
FRAG_NEG_trNEGATIVE75934_53_20,0.4752475619316101
FRAG_NEG_trNEGATIVE46923_19_20,0.29702985286712646
FRAG_NEG_trNEGATIVE89141_9_20,0.08910906314849854
FRAG_NEG_trNEGATIVE77840_15_20,0.23762381076812744
FRAG_NEG_trNEGATIVE47625_54_20,0.18811893463134766
FRAG_NEG_trNEGATIVE88167_7_20,0.05940604209899902
FRAG_NEG_trNEGATIVE51469_5_20,0.23762381076812744
FRAG_NEG_trNEGATIVE46932_31_20,0.29702985286712646
FRAG_NEG_trNEGATIVE96134_40_20,0.21782183647155762
FRAG_NEG_trNEGATIVE75676_30_20,0.2970297336578369
FRAG_NEG_trNEGATIVE37987_50_20,0.376237690448761
FRAG_NEG_trNEGATIVE64540_11_20,0.272277295589447
FRAG_NEG_trNEGATIVE76891_19_20,0.15841591358184814
FRAG_NEG_trNEGATIVE49461_46_20,0.03960418701171875
FRAG_NEG_trNEGATIVE38207_1_20,0.148514986038208
FRAG_NEG_trNEGATIVE71246_34_20,0.09901010990142822
FRAG_NEG_trNEGATIVE81159_15_20,0.5643564462661743
FRAG_NEG_trNEGATIVE61733_38_20,0.25742578506469727
FRAG_NEG_trNEGATIVE61009_28_20,0.24752485752105713
FRAG_NEG_trNEGATIVE38022_24_20,0.11881208419799805
FRAG_NEG_trNEGATIVE94572_4_20,0.19801998138427734
FRAG_NEG_trNEGATIVE52775_11_20,0.23762381076812744
FRAG_NEG_trNEGATIVE34893_36_20,0.7524752616882324
FRAG_NEG_trNEGATIVE51934_9_20,0.5148515105247498
FRAG_NEG_trNEGATIVE33275_0_20,0.13861405849456787
FRAG_NEG_trNEGATIVE57477_3_20,0.10891103744506836
FRAG_NEG_trNEGATIVE33907_6_20,0.4059406518936157
FRAG_NEG_trNEGATIVE78629_17_20,0.029703140258789062
FRAG_NEG_trNEGATIVE51356_5_20,0.376237690448761
FRAG_NEG_trNEGATIVE48652_52_20,0.08910906314849854
FRAG_NEG_trNEGATIVE81621_0_20,0.13861393928527832
FRAG_NEG_trNEGATIVE76861_24_20,0.05940604209899902
FRAG_NEG_trNEGATIVE43771_0_20,0.3069307804107666
FRAG_NEG_trNEGATIVE36243_49_20,0.0792081356048584
FRAG_NEG_trNEGATIVE64715_32_20,0.18811893463134766
FRAG_NEG_trNEGATIVE71193_23_20,0.12871301174163818
FRAG_NEG_trNEGATIVE39793_56_20,0.06930708885192871
FRAG_NEG_trNEGATIVE65259_8_20,0.2871288061141968
FRAG_NEG_trNEGATIVE68314_18_20,0.3069307804107666
FRAG_NEG_trNEGATIVE63274_36_20,0.09900999069213867
FRAG_NEG_trNEGATIVE97259_30_20,0.12871301174163818
FRAG_NEG_trNEGATIVE97493_59_20,0.3168318271636963
FRAG_NEG_trNEGATIVE45562_33_20,0.3861386775970459
FRAG_NEG_trNEGATIVE34443_48_20,0.24752485752105713
FRAG_NEG_trNEGATIVE74378_64_20,0.4752475619316101
FRAG_NEG_trNEGATIVE65600_25_20,0.08910906314849854
FRAG_NEG_trNEGATIVE46113_60_20,0.18811893463134766
FRAG_NEG_trNEGATIVE30703_28_20,0.10891103744506836
FRAG_NEG_trNEGATIVE89835_32_20,0.33663368225097656
FRAG_NEG_trNEGATIVE45066_0_20,0.25742578506469727
FRAG_NEG_trNEGATIVE70166_38_20,0.3069307804107666
FRAG_NEG_trNEGATIVE56509_54_20,0.05940604209899902
FRAG_NEG_trNEGATIVE92373_15_20,0.3267327547073364
FRAG_NEG_trNEGATIVE46573_16_20,0.04950511455535889
FRAG_NEG_trNEGATIVE54166_61_20,0.4554455876350403
FRAG_NEG_trNEGATIVE62255_2_20,0.26732683181762695
FRAG_NEG_trNEGATIVE43395_25_20,0.26732683181762695
FRAG_NEG_trNEGATIVE33812_47_20,0.2970297336578369
FRAG_NEG_trNEGATIVE47217_3_20,0.3663367033004761
FRAG_NEG_trNEGATIVE80829_48_20,0.2772277593612671
FRAG_NEG_trNEGATIVE53727_32_20,0.29702985286712646
FRAG_NEG_trNEGATIVE92738_35_20,0.3069307804107666
FRAG_NEG_trNEGATIVE43153_20_20,0.148514986038208
FRAG_NEG_trNEGATIVE86259_24_20,0.35643577575683594
FRAG_NEG_trNEGATIVE70258_64_20,0.06930708885192871
FRAG_NEG_trNEGATIVE76417_19_20,0.019802212715148926
FRAG_NEG_trNEGATIVE70934_4_20,0.3366338014602661
FRAG_NEG_trNEGATIVE44809_17_20,0.0792081356048584
FRAG_NEG_trNEGATIVE89575_3_20,0.0792081356048584
FRAG_NEG_trNEGATIVE61202_19_20,0.26732683181762695
FRAG_NEG_trNEGATIVE35081_37_20,0.20792090892791748
FRAG_NEG_trNEGATIVE60220_60_20,0.06930708885192871
FRAG_NEG_trNEGATIVE65844_29_20,0.08910906314849854
FRAG_NEG_trNEGATIVE67258_29_20,0.3861386775970459
FRAG_NEG_trNEGATIVE78961_32_20,0.17821788787841797
FRAG_NEG_trNEGATIVE71826_17_20,0.10891103744506836
FRAG_NEG_trNEGATIVE60458_9_20,0.04950511455535889
FRAG_NEG_trNEGATIVE79903_17_20,0.33663374185562134
FRAG_NEG_trNEGATIVE65342_28_20,0.148514986038208
FRAG_NEG_trNEGATIVE75635_15_20,0.3267327547073364
FRAG_NEG_trNEGATIVE30918_15_20,0.10891103744506836
FRAG_NEG_trNEGATIVE90468_15_20,0.04950511455535889
FRAG_NEG_trNEGATIVE54097_61_20,0.17821788787841797
FRAG_NEG_trNEGATIVE66008_7_20,0.25742578506469727
FRAG_NEG_trNEGATIVE33095_2_20,0.1980198621749878
FRAG_NEG_trNEGATIVE45049_18_20,0.059406161308288574
FRAG_NEG_trNEGATIVE90894_9_20,0.17821788787841797
FRAG_NEG_trNEGATIVE81668_51_20,0.6336634159088135
FRAG_NEG_trNEGATIVE48759_28_20,0.03960418701171875
FRAG_NEG_trNEGATIVE84403_42_20,0.3663367033004761
FRAG_NEG_trNEGATIVE36022_56_20,0.3069307804107666
FRAG_NEG_trNEGATIVE40284_15_20,0.11881208419799805
FRAG_NEG_trNEGATIVE53575_16_20,0.5940594673156738
FRAG_NEG_trNEGATIVE87442_67_20,0.2277228832244873
FRAG_NEG_trNEGATIVE60173_19_20,0.43564361333847046
FRAG_NEG_trNEGATIVE82469_8_20,0.5049505233764648
FRAG_NEG_trNEGATIVE40701_15_20,0.12871301174163818
FRAG_NEG_trNEGATIVE37637_15_20,0.13861405849456787
FRAG_NEG_trNEGATIVE30739_57_20,0.0792081356048584
FRAG_NEG_trNEGATIVE29028_30_20,0.18811893463134766
FRAG_NEG_trNEGATIVE55133_49_20,0.148514986038208
FRAG_NEG_trNEGATIVE81185_53_20,0.03960418701171875
FRAG_NEG_trNEGATIVE63459_24_20,0.4059406518936157
FRAG_NEG_trNEGATIVE86265_9_20,0.5346534848213196
FRAG_NEG_trNEGATIVE46387_0_20,0.08910906314849854
FRAG_NEG_trNEGATIVE70581_26_20,0.18811893463134766
FRAG_NEG_trNEGATIVE31543_19_20,0.27722787857055664
FRAG_NEG_trNEGATIVE61813_2_20,0.17821788787841797
FRAG_NEG_trNEGATIVE65850_0_20,0.1980198621749878
FRAG_NEG_trNEGATIVE91758_74_20,0.1980198621749878
FRAG_NEG_trNEGATIVE76453_4_20,0.3069307804107666
FRAG_NEG_trNEGATIVE61117_58_20,0.16831696033477783
FRAG_NEG_trNEGATIVE71633_16_20,0.009901165962219238
FRAG_NEG_trNEGATIVE96531_37_20,0.12871301174163818
FRAG_NEG_trNEGATIVE83956_45_20,0.04950511455535889
FRAG_NEG_trNEGATIVE87228_14_20,0.03960418701171875
FRAG_NEG_trNEGATIVE61502_10_20,0.20792090892791748
FRAG_NEG_trNEGATIVE66279_12_20,0.41584163904190063
FRAG_NEG_trNEGATIVE71119_47_20,1.1920928955078125e-07
FRAG_NEG_trNEGATIVE94916_62_20,0.24752485752105713
FRAG_NEG_trNEGATIVE55353_6_20,0.03960418701171875
FRAG_NEG_trNEGATIVE96167_18_20,1.1920928955078125e-07
FRAG_NEG_trNEGATIVE48327_32_20,0.1188119649887085
FRAG_NEG_trNEGATIVE61502_14_20,0.21782195568084717
FRAG_NEG_trNEGATIVE33327_46_20,0.019802212715148926
FRAG_NEG_trNEGATIVE34154_6_20,0.08910906314849854
FRAG_NEG_trNEGATIVE73415_31_20,0.25742578506469727
FRAG_NEG_trNEGATIVE63036_39_20,0.11881208419799805
FRAG_NEG_trNEGATIVE96443_12_20,0.44554460048675537
FRAG_NEG_trNEGATIVE83237_3_20,0.11881208419799805
FRAG_NEG_trNEGATIVE70523_20_20,0.24752485752105713
FRAG_NEG_trNEGATIVE44880_29_20,0.1584160327911377
FRAG_NEG_trNEGATIVE56407_9_20,0.6534653902053833
FRAG_NEG_trNEGATIVE71361_13_20,0.3861386775970459
FRAG_NEG_trNEGATIVE42400_3_20,0.08910906314849854
FRAG_NEG_trNEGATIVE88491_34_20,0.2574259042739868
FRAG_NEG_trNEGATIVE81690_40_20,0.5198020339012146
FRAG_NEG_trNEGATIVE54856_22_20,0.10891103744506836
FRAG_NEG_trNEGATIVE55193_41_20,0.6336634159088135
FRAG_NEG_trNEGATIVE68117_53_20,0.148514986038208
FRAG_NEG_trNEGATIVE59192_28_20,0.3960396647453308
FRAG_NEG_trNEGATIVE31518_9_20,0.07920801639556885
FRAG_NEG_trNEGATIVE80523_20_20,0.0792081356048584
FRAG_NEG_trNEGATIVE30046_9_20,0.148514986038208
FRAG_NEG_trNEGATIVE45174_77_20,0.17821800708770752
FRAG_NEG_trNEGATIVE85742_18_20,0.5940594673156738
FRAG_NEG_trNEGATIVE67208_57_20,0.4092409610748291
FRAG_NEG_trNEGATIVE91421_39_20,0.376237690448761
FRAG_NEG_trNEGATIVE42246_22_20,0.3267327547073364
FRAG_NEG_trNEGATIVE93981_52_20,0.21782183647155762
FRAG_NEG_trNEGATIVE92153_6_20,0.27722787857055664
FRAG_NEG_trNEGATIVE39853_40_20,0.11881208419799805
FRAG_NEG_trNEGATIVE75261_48_20,0.019802093505859375
FRAG_NEG_trNEGATIVE34866_26_20,0.18811893463134766
FRAG_NEG_trNEGATIVE45564_4_20,0.3267327547073364
FRAG_NEG_trNEGATIVE73464_8_20,0.09901010990142822
FRAG_NEG_trNEGATIVE67331_26_20,0.15841591358184814
FRAG_NEG_trNEGATIVE90663_20_20,0.08910906314849854
FRAG_NEG_trNEGATIVE31683_38_20,0.148514986038208
FRAG_NEG_trNEGATIVE39004_42_20,0.12871301174163818
FRAG_NEG_trNEGATIVE68110_10_20,0.009901165962219238
FRAG_NEG_trNEGATIVE31558_0_20,0.07920801639556885
FRAG_NEG_trNEGATIVE36696_39_20,0.237623929977417
FRAG_NEG_trNEGATIVE47705_29_20,0.0396040678024292
FRAG_NEG_trNEGATIVE78105_38_20,0.237623929977417
FRAG_NEG_trNEGATIVE52791_19_20,0.08910906314849854
FRAG_NEG_trNEGATIVE57334_37_20,0.27722787857055664
FRAG_NEG_trNEGATIVE85142_12_20,0.18811893463134766
FRAG_NEG_trNEGATIVE33442_35_20,0.0792081356048584
FRAG_NEG_trNEGATIVE94577_15_20,0.3267327547073364
FRAG_NEG_trNEGATIVE41707_24_20,0.21782195568084717
FRAG_NEG_trNEGATIVE63980_41_20,0.13861405849456787
FRAG_NEG_trNEGATIVE35729_16_20,0.1806931495666504
FRAG_NEG_trNEGATIVE28299_19_20,0.25742578506469727
FRAG_NEG_trNEGATIVE95931_63_20,0.33663368225097656
FRAG_NEG_trNEGATIVE69167_40_20,0.15841591358184814
FRAG_NEG_trNEGATIVE50673_1_20,0.09900999069213867
FRAG_NEG_trNEGATIVE85683_21_20,0.3663367033004761
FRAG_NEG_trNEGATIVE44308_46_20,0.13861393928527832
FRAG_NEG_trNEGATIVE94857_18_20,0.03960418701171875
FRAG_NEG_trNEGATIVE87308_54_20,0.3861386775970459
FRAG_NEG_trNEGATIVE58675_11_20,0.3267327547073364
FRAG_NEG_trNEGATIVE66730_56_20,0.3267327547073364
FRAG_NEG_trNEGATIVE44699_62_20,0.21782183647155762
FRAG_NEG_trNEGATIVE34429_42_20,0.12871301174163818
FRAG_NEG_trNEGATIVE96654_52_20,0.4752475619316101
FRAG_NEG_trNEGATIVE96921_37_20,0.08910906314849854
FRAG_NEG_trNEGATIVE75234_71_20,0.13861393928527832
FRAG_NEG_trNEGATIVE31769_15_20,0.49504953622817993
FRAG_NEG_trNEGATIVE35529_61_20,0.49504953622817993
FRAG_NEG_trNEGATIVE42246_0_20,0.06930708885192871
FRAG_NEG_trNEGATIVE50051_25_20,0.09901010990142822
FRAG_NEG_trNEGATIVE50082_31_20,0.3267327547073364
FRAG_NEG_trNEGATIVE58502_13_20,0.04950511455535889
FRAG_NEG_trNEGATIVE60068_9_20,0.03960418701171875
FRAG_NEG_trNEGATIVE31419_19_20,0.41584163904190063
FRAG_NEG_trNEGATIVE85162_74_20,0.019802212715148926
FRAG_NEG_trNEGATIVE39101_42_20,0.1584160327911377
FRAG_NEG_trNEGATIVE66427_36_20,0.34653472900390625
FRAG_NEG_trNEGATIVE45411_0_20,0.06930708885192871
FRAG_NEG_trNEGATIVE53486_38_20,0.29702985286712646
FRAG_NEG_trNEGATIVE65918_60_20,0.059406161308288574
FRAG_NEG_trNEGATIVE73416_27_20,0.3960396647453308
FRAG_NEG_trNEGATIVE74148_71_20,0.029703140258789062
FRAG_NEG_trNEGATIVE36815_25_20,0.5346534848213196
FRAG_NEG_trNEGATIVE76082_5_20,0.06930708885192871
FRAG_NEG_trNEGATIVE56047_28_20,0.3960396647453308
FRAG_NEG_trNEGATIVE71295_36_20,0.15841591358184814
FRAG_NEG_trNEGATIVE77009_20_20,0.10891103744506836
FRAG_NEG_trNEGATIVE85557_26_20,0.05940604209899902
FRAG_NEG_trNEGATIVE61201_22_20,0.27722787857055664
FRAG_NEG_trNEGATIVE80544_75_20,0.1584160327911377
FRAG_NEG_trNEGATIVE46309_31_21,0.05940604209899902
FRAG_NEG_trNEGATIVE52751_42_21,0.2277228832244873
FRAG_NEG_trNEGATIVE68394_33_21,0.13861393928527832
FRAG_NEG_trNEGATIVE59937_15_21,0.12871301174163818
FRAG_NEG_trNEGATIVE66660_3_21,0.2277228832244873
FRAG_NEG_trNEGATIVE38406_23_21,0.3366338014602661
FRAG_NEG_trNEGATIVE83539_61_21,0.17821800708770752
FRAG_NEG_trNEGATIVE76289_24_21,0.029703140258789062
FRAG_NEG_trNEGATIVE38121_25_21,0.04950511455535889
FRAG_NEG_trNEGATIVE54166_49_21,0.4059406518936157
FRAG_NEG_trNEGATIVE54256_19_21,0.3267327547073364
FRAG_NEG_trNEGATIVE34019_27_21,0.05940604209899902
FRAG_NEG_trNEGATIVE57900_1_21,0.12871301174163818
FRAG_NEG_trNEGATIVE52493_47_21,0.5247524976730347
FRAG_NEG_trNEGATIVE52681_13_21,0.2871288061141968
FRAG_NEG_trNEGATIVE66611_67_21,0.029703140258789062
FRAG_NEG_trNEGATIVE43244_4_21,0.04950511455535889
FRAG_NEG_trNEGATIVE63846_15_21,0.237623929977417
FRAG_NEG_trNEGATIVE90255_1_21,0.11881208419799805
FRAG_NEG_trNEGATIVE78479_29_21,0.09900999069213867
FRAG_NEG_trNEGATIVE97079_32_21,0.24752485752105713
FRAG_NEG_trNEGATIVE58933_0_21,0.237623929977417
FRAG_NEG_trNEGATIVE69593_13_21,0.1188119649887085
FRAG_NEG_trNEGATIVE46224_40_21,0.12871301174163818
FRAG_NEG_trNEGATIVE32555_23_21,0.18811893463134766
FRAG_NEG_trNEGATIVE58691_16_21,0.18811893463134766
FRAG_NEG_trNEGATIVE82312_28_21,0.2772277593612671
FRAG_NEG_trNEGATIVE89913_15_21,0.3366338014602661
FRAG_NEG_trNEGATIVE90279_43_21,0.19801998138427734
FRAG_NEG_trNEGATIVE49295_22_21,0.15841591358184814
FRAG_NEG_trNEGATIVE48327_1_21,0.029703140258789062
FRAG_NEG_trNEGATIVE91725_23_21,0.5841584205627441
FRAG_NEG_trNEGATIVE50348_1_21,0.03960418701171875
FRAG_NEG_trNEGATIVE71818_24_21,0.237623929977417
FRAG_NEG_trNEGATIVE68701_68_21,0.2871288061141968
FRAG_NEG_trNEGATIVE45174_51_21,0.24752485752105713
FRAG_NEG_trNEGATIVE59021_43_21,0.5346534848213196
FRAG_NEG_trNEGATIVE46694_52_21,0.3069307804107666
FRAG_NEG_trNEGATIVE45179_10_21,0.4554455876350403
FRAG_NEG_trNEGATIVE71978_59_21,0.0396040678024292
FRAG_NEG_trNEGATIVE60832_27_21,0.06930708885192871
FRAG_NEG_trNEGATIVE86626_39_21,0.019802212715148926
FRAG_NEG_trNEGATIVE63110_22_21,0.26732683181762695
FRAG_NEG_trNEGATIVE42689_13_21,0.25742578506469727
FRAG_NEG_trNEGATIVE63923_63_21,0.09901010990142822
FRAG_NEG_trNEGATIVE40533_18_21,0.1980198621749878
FRAG_NEG_trNEGATIVE51263_49_21,0.24752485752105713
FRAG_NEG_trNEGATIVE69068_22_21,0.25742578506469727
FRAG_NEG_trNEGATIVE38111_3_21,0.06930708885192871
FRAG_NEG_trNEGATIVE64241_72_21,0.15841591358184814
FRAG_NEG_trNEGATIVE91052_58_21,0.3069307804107666
FRAG_NEG_trNEGATIVE76082_32_21,0.12871301174163818
FRAG_NEG_trNEGATIVE80731_30_21,0.10891103744506836
FRAG_NEG_trNEGATIVE46025_41_21,0.485148549079895
FRAG_NEG_trNEGATIVE88900_23_21,0.35643571615219116
FRAG_NEG_trNEGATIVE75621_0_21,0.029703140258789062
FRAG_NEG_trNEGATIVE94323_29_21,0.26732683181762695
FRAG_NEG_trNEGATIVE79961_17_21,0.43564361333847046
FRAG_NEG_trNEGATIVE68893_24_21,0.485148549079895
FRAG_NEG_trNEGATIVE93217_69_21,0.08910906314849854
FRAG_NEG_trNEGATIVE69394_33_21,0.05940604209899902
FRAG_NEG_trNEGATIVE36328_34_21,0.16831696033477783
FRAG_NEG_trNEGATIVE30090_28_21,0.5643564462661743
FRAG_NEG_trNEGATIVE53156_61_21,0.3168318271636963
FRAG_NEG_trNEGATIVE90070_70_21,0.05940604209899902
FRAG_NEG_trNEGATIVE78327_43_21,0.12871301174163818
FRAG_NEG_trNEGATIVE91942_11_21,0.25742578506469727
FRAG_NEG_trNEGATIVE82664_57_21,0.376237690448761
FRAG_NEG_trNEGATIVE35956_57_21,0.05940604209899902
FRAG_NEG_trNEGATIVE51996_12_21,0.12871301174163818
FRAG_NEG_trNEGATIVE83752_8_21,0.44554460048675537
FRAG_NEG_trNEGATIVE86969_9_21,0.3267327547073364
FRAG_NEG_trNEGATIVE62285_10_21,0.5148515105247498
FRAG_NEG_trNEGATIVE55106_63_21,0.09900999069213867
FRAG_NEG_trNEGATIVE89412_5_21,0.029703140258789062
FRAG_NEG_trNEGATIVE63997_39_21,0.17821800708770752
FRAG_NEG_trNEGATIVE56490_62_21,0.09901010990142822
FRAG_NEG_trNEGATIVE71696_14_21,0.2970297336578369
FRAG_NEG_trNEGATIVE31261_8_21,0.40264034271240234
FRAG_NEG_trNEGATIVE62346_48_21,0.0792081356048584
FRAG_NEG_trNEGATIVE41469_7_21,0.21782195568084717
FRAG_NEG_trNEGATIVE70888_4_21,0.3069307804107666
FRAG_NEG_trNEGATIVE88897_34_21,0.09900999069213867
FRAG_NEG_trNEGATIVE82038_21_21,0.09901010990142822
FRAG_NEG_trNEGATIVE34405_1_21,0.2871288061141968
FRAG_NEG_trNEGATIVE64974_10_21,0.18811893463134766
FRAG_NEG_trNEGATIVE75099_27_21,0.0396040678024292
FRAG_NEG_trNEGATIVE88184_23_21,0.0792081356048584
FRAG_NEG_trNEGATIVE52232_24_21,0.1188119649887085
FRAG_NEG_trNEGATIVE56183_24_21,0.3861386775970459
FRAG_NEG_trNEGATIVE62419_52_21,0.43564361333847046
FRAG_NEG_trNEGATIVE93105_12_21,0.148514986038208
FRAG_NEG_trNEGATIVE51908_3_21,0.059406161308288574
FRAG_NEG_trNEGATIVE47402_62_21,0.5841584205627441
FRAG_NEG_trNEGATIVE71123_36_21,0.5643564462661743
FRAG_NEG_trNEGATIVE28294_36_21,0.08910906314849854
FRAG_NEG_trNEGATIVE61713_14_21,0.2970297336578369
FRAG_NEG_trNEGATIVE56403_6_21,0.6138613820075989
FRAG_NEG_trNEGATIVE50255_47_21,0.1584160327911377
FRAG_NEG_trNEGATIVE71696_23_21,0.42574262619018555
FRAG_NEG_trNEGATIVE28429_23_21,0.31683170795440674
FRAG_NEG_trNEGATIVE29314_2_21,0.1188119649887085
FRAG_NEG_trNEGATIVE96920_12_21,0.04950511455535889
FRAG_NEG_trNEGATIVE85642_42_21,0.26732683181762695
FRAG_NEG_trNEGATIVE40151_20_21,0.0792081356048584
FRAG_NEG_trNEGATIVE92043_28_21,0.148514986038208
FRAG_NEG_trNEGATIVE48534_48_21,0.26732683181762695
FRAG_NEG_trNEGATIVE81121_37_21,0.06930708885192871
FRAG_NEG_trNEGATIVE27585_7_21,0.05940604209899902
FRAG_NEG_trNEGATIVE95947_51_21,0.21782195568084717
FRAG_NEG_trNEGATIVE30993_36_21,0.6633663177490234
FRAG_NEG_trNEGATIVE35346_16_21,0.07920801639556885
FRAG_NEG_trNEGATIVE33531_52_21,0.0792081356048584
FRAG_NEG_trNEGATIVE66194_15_21,0.6138614416122437
FRAG_NEG_trNEGATIVE32240_62_21,0.10891103744506836
FRAG_NEG_trNEGATIVE91975_6_21,0.10891103744506836
FRAG_NEG_trNEGATIVE96599_63_21,0.11881208419799805
FRAG_NEG_trNEGATIVE34549_23_21,0.12871301174163818
FRAG_NEG_trNEGATIVE35845_20_21,0.059406161308288574
FRAG_NEG_trNEGATIVE34866_0_21,0.17821788787841797
FRAG_NEG_trNEGATIVE61201_35_21,0.18811893463134766
FRAG_NEG_trNEGATIVE66744_17_21,0.3267327547073364
FRAG_NEG_trNEGATIVE56707_15_21,0.21782183647155762
FRAG_NEG_trNEGATIVE52240_42_21,0.10891103744506836
FRAG_NEG_trNEGATIVE83944_44_21,0.2277228832244873
FRAG_NEG_trNEGATIVE48575_47_21,0.06930708885192871
FRAG_NEG_trNEGATIVE60036_17_21,0.23762381076812744
FRAG_NEG_trNEGATIVE93453_5_21,0.12871301174163818
FRAG_NEG_trNEGATIVE44328_58_21,0.34653472900390625
FRAG_NEG_trNEGATIVE64704_63_21,0.10891103744506836
FRAG_NEG_trNEGATIVE66718_11_21,0.0792081356048584
FRAG_NEG_trNEGATIVE79147_5_21,1.1920928955078125e-07
FRAG_NEG_trNEGATIVE77734_14_21,0.08910906314849854
FRAG_NEG_trNEGATIVE67521_13_21,0.35643571615219116
FRAG_NEG_trNEGATIVE74561_11_21,0.21782195568084717
FRAG_NEG_trNEGATIVE89435_0_21,0.5544554591178894
FRAG_NEG_trNEGATIVE76936_31_21,0.6534653902053833
FRAG_NEG_trNEGATIVE32319_54_21,0.24752485752105713
FRAG_NEG_trNEGATIVE67337_21_21,0.1188119649887085
FRAG_NEG_trNEGATIVE37957_3_21,0.029703140258789062
FRAG_NEG_trNEGATIVE45892_76_21,0.21782195568084717
FRAG_NEG_trNEGATIVE77398_70_21,0.0396040678024292
FRAG_NEG_trNEGATIVE41533_14_21,0.08910906314849854
FRAG_NEG_trNEGATIVE58387_17_21,0.15841591358184814
FRAG_NEG_trNEGATIVE68229_8_21,0.06930708885192871
FRAG_NEG_trNEGATIVE52553_20_21,0.06930708885192871
FRAG_NEG_trNEGATIVE87969_79_21,0.059406161308288574
FRAG_NEG_trNEGATIVE28057_35_21,0.1188119649887085
FRAG_NEG_trNEGATIVE42932_28_21,0.4059406518936157
FRAG_NEG_trNEGATIVE30341_17_21,0.13861405849456787
FRAG_NEG_trNEGATIVE73302_36_21,0.05940604209899902
FRAG_NEG_trNEGATIVE95089_26_21,0.07920801639556885
FRAG_NEG_trNEGATIVE40837_33_21,0.06930708885192871
FRAG_NEG_trNEGATIVE34898_41_21,0.3069307804107666
FRAG_NEG_trNEGATIVE30558_5_21,0.148514986038208
FRAG_NEG_trNEGATIVE70307_45_21,0.4306931495666504
FRAG_NEG_trNEGATIVE40742_47_21,0.3267327547073364
FRAG_NEG_trNEGATIVE43083_7_21,0.18811893463134766
FRAG_NEG_trNEGATIVE66906_26_21,0.309406042098999
FRAG_NEG_trNEGATIVE50849_7_21,0.376237690448761
FRAG_NEG_trNEGATIVE96486_48_21,0.16831696033477783
FRAG_NEG_trNEGATIVE86620_43_21,0.3069307804107666
FRAG_NEG_trNEGATIVE86156_22_21,0.12871301174163818
FRAG_NEG_trNEGATIVE42982_11_21,0.059406161308288574
FRAG_NEG_trNEGATIVE46134_31_21,0.15841591358184814
FRAG_NEG_trNEGATIVE79316_47_21,0.23762381076812744
FRAG_NEG_trNEGATIVE81501_15_21,0.37623775005340576
FRAG_NEG_trNEGATIVE52072_18_21,0.5346535444259644
FRAG_NEG_trNEGATIVE47753_29_21,0.16831696033477783
FRAG_NEG_trNEGATIVE80010_8_21,0.3069307804107666
FRAG_NEG_trNEGATIVE74497_19_21,0.34653472900390625
FRAG_NEG_trNEGATIVE29383_23_21,0.029703140258789062
FRAG_NEG_trNEGATIVE31438_5_21,0.3168317675590515
FRAG_NEG_trNEGATIVE78787_33_21,0.43564361333847046
FRAG_NEG_trNEGATIVE64485_50_21,0.5445544719696045
FRAG_NEG_trNEGATIVE38215_27_21,0.10891103744506836
FRAG_NEG_trNEGATIVE74867_49_21,0.019802212715148926
FRAG_NEG_trNEGATIVE37156_3_21,0.485148549079895
FRAG_NEG_trNEGATIVE59528_7_21,0.17821788787841797
FRAG_NEG_trNEGATIVE76751_29_21,0.1188119649887085
FRAG_NEG_trNEGATIVE30259_29_21,0.148514986038208
FRAG_NEG_trNEGATIVE69998_51_21,0.0792081356048584
FRAG_NEG_trNEGATIVE77307_4_21,0.19801998138427734
FRAG_NEG_trNEGATIVE35130_29_21,0.23762381076812744
FRAG_NEG_trNEGATIVE33974_50_21,0.17821788787841797
FRAG_NEG_trNEGATIVE97250_10_21,0.3168317675590515
FRAG_NEG_trNEGATIVE53238_20_21,0.16831696033477783
FRAG_NEG_trNEGATIVE93974_0_21,0.12871301174163818
FRAG_NEG_trNEGATIVE52859_60_21,0.059406161308288574
FRAG_NEG_trNEGATIVE91947_17_21,0.2277228832244873
FRAG_NEG_trNEGATIVE36047_58_21,0.4059406518936157
FRAG_NEG_trNEGATIVE43574_31_21,0.09900999069213867
FRAG_NEG_trNEGATIVE41886_35_21,0.029703140258789062
FRAG_NEG_trNEGATIVE93408_14_21,0.07920801639556885
FRAG_NEG_trNEGATIVE91561_15_21,0.13861405849456787
FRAG_NEG_trNEGATIVE28318_44_21,0.06930708885192871
FRAG_NEG_trNEGATIVE87474_20_21,0.3069307804107666
FRAG_NEG_trNEGATIVE78580_15_21,0.20792090892791748
FRAG_NEG_trNEGATIVE37599_15_21,0.03960418701171875
FRAG_NEG_trNEGATIVE67142_29_21,0.10891103744506836
FRAG_NEG_trNEGATIVE78145_3_21,0.148514986038208
FRAG_NEG_trNEGATIVE48929_2_21,0.23762381076812744
FRAG_NEG_trNEGATIVE78479_1_21,0.3168317675590515
FRAG_NEG_trNEGATIVE67478_8_21,0.41584163904190063
FRAG_NEG_trNEGATIVE48592_4_21,0.0792081356048584
FRAG_NEG_trNEGATIVE52284_43_21,0.1584160327911377
FRAG_NEG_trNEGATIVE62084_65_21,0.10891103744506836
FRAG_NEG_trNEGATIVE39311_36_21,0.2871288061141968
FRAG_NEG_trNEGATIVE47531_3_21,0.0396040678024292
FRAG_NEG_trNEGATIVE43416_15_21,0.07920801639556885
FRAG_NEG_trNEGATIVE75397_39_21,0.3267327547073364
FRAG_NEG_trNEGATIVE42994_34_21,0.0396040678024292
FRAG_NEG_trNEGATIVE81119_33_21,0.26732683181762695
FRAG_NEG_trNEGATIVE54867_21_21,0.05940604209899902
FRAG_NEG_trNEGATIVE54384_48_21,0.3267327547073364
FRAG_NEG_trNEGATIVE97447_49_21,0.16831696033477783
FRAG_NEG_trNEGATIVE40595_27_21,0.3267327547073364
FRAG_NEG_trNEGATIVE82076_17_21,0.2277228832244873
FRAG_NEG_trNEGATIVE79327_46_21,0.29702985286712646
FRAG_NEG_trNEGATIVE81969_13_21,0.06930708885192871
FRAG_NEG_trNEGATIVE33192_14_21,0.0792081356048584
FRAG_NEG_trNEGATIVE84292_40_21,0.3069307804107666
FRAG_NEG_trNEGATIVE79478_5_21,0.41584163904190063
FRAG_NEG_trNEGATIVE93455_21_21,0.10891103744506836
FRAG_NEG_trNEGATIVE54604_46_21,0.26732683181762695
FRAG_NEG_trNEGATIVE43574_48_21,0.3663367033004761
FRAG_NEG_trNEGATIVE43439_13_21,0.08910906314849854
FRAG_NEG_trNEGATIVE55831_57_21,0.4554455876350403
FRAG_NEG_trNEGATIVE33646_4_21,0.16831696033477783
FRAG_NEG_trNEGATIVE28215_41_21,0.17821788787841797
FRAG_NEG_trNEGATIVE29734_19_21,0.17821800708770752
FRAG_NEG_trNEGATIVE96642_16_21,0.11881208419799805
FRAG_NEG_trNEGATIVE47268_44_21,0.17821800708770752
FRAG_NEG_trNEGATIVE41073_26_21,0.24752485752105713
FRAG_NEG_trNEGATIVE86962_40_21,0.06930708885192871
FRAG_NEG_trNEGATIVE33701_4_21,0.08910906314849854
FRAG_NEG_trNEGATIVE93420_19_21,0.18811893463134766
FRAG_NEG_trNEGATIVE74867_33_21,0.2871288061141968
FRAG_NEG_trNEGATIVE41022_1_21,0.12871301174163818
FRAG_NEG_trNEGATIVE36180_68_21,0.06930708885192871
FRAG_NEG_trNEGATIVE40853_25_21,0.15841591358184814
FRAG_NEG_trNEGATIVE42687_10_21,0.41584163904190063
FRAG_NEG_trNEGATIVE47422_12_21,0.029703140258789062
FRAG_NEG_trNEGATIVE42406_62_21,0.376237690448761
FRAG_NEG_trNEGATIVE69414_15_21,0.009901165962219238
FRAG_NEG_trNEGATIVE44657_47_21,0.059406161308288574
FRAG_NEG_trNEGATIVE66677_26_21,0.13861405849456787
FRAG_NEG_trNEGATIVE87351_3_21,0.237623929977417
FRAG_NEG_trNEGATIVE73904_18_21,0.12871301174163818
FRAG_NEG_trNEGATIVE46203_6_21,0.0792081356048584
FRAG_NEG_trNEGATIVE35042_31_21,0.3069307804107666
FRAG_NEG_trNEGATIVE34849_7_21,0.27722787857055664
FRAG_NEG_trNEGATIVE87471_50_21,0.04950511455535889
FRAG_NEG_trNEGATIVE73412_23_21,0.1188119649887085
FRAG_NEG_trNEGATIVE60389_24_21,0.6336633563041687
FRAG_NEG_trNEGATIVE54516_48_21,0.29702985286712646
FRAG_NEG_trNEGATIVE88798_0_21,0.23762381076812744
FRAG_NEG_trNEGATIVE34066_2_21,0.23762381076812744
FRAG_NEG_trNEGATIVE94332_0_21,0.21782183647155762
FRAG_NEG_trNEGATIVE40545_25_21,0.2970297336578369
FRAG_NEG_trNEGATIVE66057_6_21,0.08910906314849854
FRAG_NEG_trNEGATIVE38446_13_21,0.17821800708770752
FRAG_NEG_trNEGATIVE78595_3_22,0.35643571615219116
FRAG_NEG_trNEGATIVE72340_37_22,0.26732683181762695
FRAG_NEG_trNEGATIVE65196_27_22,0.16831696033477783
FRAG_NEG_trNEGATIVE40059_31_22,0.4059406518936157
FRAG_NEG_trNEGATIVE28263_29_22,0.3861386775970459
FRAG_NEG_trNEGATIVE42922_4_22,0.2277228832244873
FRAG_NEG_trNEGATIVE37239_4_22,0.1188119649887085
FRAG_NEG_trNEGATIVE56445_57_22,0.20297038555145264
FRAG_NEG_trNEGATIVE49322_7_22,0.25742578506469727
FRAG_NEG_trNEGATIVE89608_42_22,0.3069307804107666
FRAG_NEG_trNEGATIVE66257_41_22,0.5445544719696045
FRAG_NEG_trNEGATIVE57400_11_22,0.41584163904190063
FRAG_NEG_trNEGATIVE28813_11_22,0.7227722406387329
FRAG_NEG_trNEGATIVE94801_11_22,0.2871288061141968
FRAG_NEG_trNEGATIVE94017_38_22,0.05940604209899902
FRAG_NEG_trNEGATIVE77370_22_22,0.07920801639556885
FRAG_NEG_trNEGATIVE31159_22_22,0.3267327547073364
FRAG_NEG_trNEGATIVE96434_13_22,0.5148515701293945
FRAG_NEG_trNEGATIVE87224_17_22,0.4059406518936157
FRAG_NEG_trNEGATIVE92077_42_22,0.06930708885192871
FRAG_NEG_trNEGATIVE52594_6_22,0.20792090892791748
FRAG_NEG_trNEGATIVE80849_15_22,0.04950511455535889
FRAG_NEG_trNEGATIVE50509_23_22,0.2574259042739868
FRAG_NEG_trNEGATIVE57575_68_22,0.41584163904190063
FRAG_NEG_trNEGATIVE51922_38_22,0.1584160327911377
FRAG_NEG_trNEGATIVE90338_17_22,0.07920801639556885
FRAG_NEG_trNEGATIVE38110_32_22,0.07920801639556885
FRAG_NEG_trNEGATIVE38957_3_22,0.49504953622817993
FRAG_NEG_trNEGATIVE78658_46_22,0.1584160327911377
FRAG_NEG_trNEGATIVE92738_50_22,0.3861386775970459
FRAG_NEG_trNEGATIVE50516_19_22,0.16831696033477783
FRAG_NEG_trNEGATIVE63272_6_22,0.17821800708770752
FRAG_NEG_trNEGATIVE61111_3_22,0.16831696033477783
FRAG_NEG_trNEGATIVE44385_35_22,0.059406161308288574
FRAG_NEG_trNEGATIVE74570_49_22,0.13861393928527832
FRAG_NEG_trNEGATIVE67142_29_22,0.04950511455535889
FRAG_NEG_trNEGATIVE77659_30_22,0.1980198621749878
FRAG_NEG_trNEGATIVE77125_44_22,0.08910906314849854
FRAG_NEG_trNEGATIVE86452_36_22,0.13861405849456787
FRAG_NEG_trNEGATIVE77057_16_22,0.1584160327911377
FRAG_NEG_trNEGATIVE52960_62_22,0.12871301174163818
FRAG_NEG_trNEGATIVE68092_4_22,0.2871288061141968
FRAG_NEG_trNEGATIVE35738_43_22,0.16831696033477783
FRAG_NEG_trNEGATIVE54224_53_22,0.42574262619018555
FRAG_NEG_trNEGATIVE90237_28_22,0.5668317079544067
FRAG_NEG_trNEGATIVE41093_23_22,0.2871288061141968
FRAG_NEG_trNEGATIVE79162_56_22,0.13861393928527832
FRAG_NEG_trNEGATIVE50638_23_22,0.376237690448761
FRAG_NEG_trNEGATIVE79864_52_22,0.019802212715148926
FRAG_NEG_trNEGATIVE77826_36_22,0.12871301174163818
FRAG_NEG_trNEGATIVE30728_39_22,0.3267327547073364
FRAG_NEG_trNEGATIVE55082_0_22,0.12871301174163818
FRAG_NEG_trNEGATIVE62398_34_22,0.10891103744506836
FRAG_NEG_trNEGATIVE74347_48_22,0.3267327547073364
FRAG_NEG_trNEGATIVE61460_2_22,0.20792090892791748
FRAG_NEG_trNEGATIVE34714_40_22,0.18811893463134766
FRAG_NEG_trNEGATIVE52945_44_22,0.485148549079895
FRAG_NEG_trNEGATIVE66601_0_22,0.16831696033477783
FRAG_NEG_trNEGATIVE86402_63_22,0.2277228832244873
FRAG_NEG_trNEGATIVE41232_7_22,0.3960396647453308
FRAG_NEG_trNEGATIVE83584_29_22,0.18811893463134766
FRAG_NEG_trNEGATIVE94063_15_22,0.009901165962219238
FRAG_NEG_trNEGATIVE80455_13_22,0.42574262619018555
FRAG_NEG_trNEGATIVE36014_33_22,0.0792081356048584
FRAG_NEG_trNEGATIVE32170_13_22,0.5841584205627441
FRAG_NEG_trNEGATIVE35456_13_22,0.1584160327911377
FRAG_NEG_trNEGATIVE30974_18_22,0.2772277593612671
FRAG_NEG_trNEGATIVE92041_8_22,0.09901010990142822
FRAG_NEG_trNEGATIVE57946_48_22,0.4554455876350403
FRAG_NEG_trNEGATIVE87589_16_22,0.376237690448761
FRAG_NEG_trNEGATIVE71788_36_22,0.18811893463134766
FRAG_NEG_trNEGATIVE58102_39_22,0.2277228832244873
FRAG_NEG_trNEGATIVE60450_11_22,0.16831696033477783
FRAG_NEG_trNEGATIVE70894_52_22,0.25742578506469727
FRAG_NEG_trNEGATIVE43266_11_22,0.04950511455535889
FRAG_NEG_trNEGATIVE90056_32_22,0.029703140258789062
FRAG_NEG_trNEGATIVE36342_39_22,0.06930708885192871
FRAG_NEG_trNEGATIVE72340_29_22,0.26732683181762695
FRAG_NEG_trNEGATIVE40991_51_22,0.16831696033477783
FRAG_NEG_trNEGATIVE62721_27_22,0.21782195568084717
FRAG_NEG_trNEGATIVE62896_43_22,0.09900999069213867
FRAG_NEG_trNEGATIVE93869_23_22,0.21782195568084717
FRAG_NEG_trNEGATIVE51397_0_22,0.3646864891052246
FRAG_NEG_trNEGATIVE47118_18_22,0.0396040678024292
FRAG_NEG_trNEGATIVE65600_39_22,0.03960418701171875
FRAG_NEG_trNEGATIVE84557_6_22,0.3267327547073364
FRAG_NEG_trNEGATIVE81329_4_22,0.029703140258789062
FRAG_NEG_trNEGATIVE34839_23_22,0.05940604209899902
FRAG_NEG_trNEGATIVE58066_22_22,0.44554460048675537
FRAG_NEG_trNEGATIVE56608_32_22,0.1188119649887085
FRAG_NEG_trNEGATIVE32800_65_22,0.574257493019104
FRAG_NEG_trNEGATIVE90391_10_22,0.059406161308288574
FRAG_NEG_trNEGATIVE79244_4_22,0.06930708885192871
FRAG_NEG_trNEGATIVE86750_32_22,0.08910906314849854
FRAG_NEG_trNEGATIVE67385_25_22,0.7524752616882324
FRAG_NEG_trNEGATIVE37545_35_22,0.2871288061141968
FRAG_NEG_trNEGATIVE64433_7_22,0.33663374185562134
FRAG_NEG_trNEGATIVE90056_57_22,0.11881208419799805
FRAG_NEG_trNEGATIVE47677_18_22,0.485148549079895
FRAG_NEG_trNEGATIVE71200_19_22,0.12871301174163818
FRAG_NEG_trNEGATIVE47142_60_22,0.3069307804107666
FRAG_NEG_trNEGATIVE45122_31_22,0.10891103744506836
FRAG_NEG_trNEGATIVE78370_47_22,0.5247524976730347
FRAG_NEG_trNEGATIVE41337_28_22,0.029703140258789062
FRAG_NEG_trNEGATIVE93710_8_22,0.08910906314849854
FRAG_NEG_trNEGATIVE71565_1_22,0.04950511455535889
FRAG_NEG_trNEGATIVE74554_44_22,0.33663374185562134
FRAG_NEG_trNEGATIVE72396_27_22,0.09900999069213867
FRAG_NEG_trNEGATIVE75479_23_22,0.3267327547073364
FRAG_NEG_trNEGATIVE91266_3_22,0.29702985286712646
FRAG_NEG_trNEGATIVE63422_36_22,0.16831696033477783
FRAG_NEG_trNEGATIVE65731_26_22,0.019802212715148926
FRAG_NEG_trNEGATIVE46370_32_22,0.06930708885192871
FRAG_NEG_trNEGATIVE54669_7_22,0.13861393928527832
FRAG_NEG_trNEGATIVE33484_13_22,0.009901165962219238
FRAG_NEG_trNEGATIVE63918_32_22,0.07920801639556885
FRAG_NEG_trNEGATIVE44266_36_22,0.3663367033004761
FRAG_NEG_trNEGATIVE81308_16_22,0.0396040678024292
FRAG_NEG_trNEGATIVE57331_39_22,0.0792081356048584
FRAG_NEG_trNEGATIVE72833_11_22,0.0396040678024292
FRAG_NEG_trNEGATIVE56432_42_22,0.12871301174163818
FRAG_NEG_trNEGATIVE68080_26_22,0.06930708885192871
FRAG_NEG_trNEGATIVE63531_25_22,0.5049505233764648
FRAG_NEG_trNEGATIVE57636_59_22,0.17821800708770752
FRAG_NEG_trNEGATIVE27956_29_22,0.12871301174163818
FRAG_NEG_trNEGATIVE34849_20_22,0.029703140258789062
FRAG_NEG_trNEGATIVE29886_58_22,0.12871301174163818
FRAG_NEG_trNEGATIVE69335_38_22,0.04950511455535889
FRAG_NEG_trNEGATIVE91438_7_22,0.41584163904190063
FRAG_NEG_trNEGATIVE52832_45_22,0.4752475619316101
FRAG_NEG_trNEGATIVE29106_54_22,0.029703140258789062
FRAG_NEG_trNEGATIVE69382_15_22,0.2277228832244873
FRAG_NEG_trNEGATIVE71150_38_22,0.12871301174163818
FRAG_NEG_trNEGATIVE93056_44_22,0.5148515105247498
FRAG_NEG_trNEGATIVE46443_21_22,0.08910906314849854
FRAG_NEG_trNEGATIVE83093_40_22,0.09900999069213867
FRAG_NEG_trNEGATIVE58484_3_22,0.25742578506469727
FRAG_NEG_trNEGATIVE54101_29_22,0.6336634159088135
FRAG_NEG_trNEGATIVE85222_53_22,0.0396040678024292
FRAG_NEG_trNEGATIVE72456_15_22,0.3861386775970459
FRAG_NEG_trNEGATIVE78416_2_22,0.2277228832244873
FRAG_NEG_trNEGATIVE54749_52_22,0.148514986038208
FRAG_NEG_trNEGATIVE92269_29_22,0.15841591358184814
FRAG_NEG_trNEGATIVE82830_6_22,0.42574262619018555
FRAG_NEG_trNEGATIVE96940_28_22,0.5841584205627441
FRAG_NEG_trNEGATIVE31139_69_22,0.10891103744506836
FRAG_NEG_trNEGATIVE82515_22_22,0.0396040678024292
FRAG_NEG_trNEGATIVE86892_16_22,0.19801998138427734
FRAG_NEG_trNEGATIVE44821_9_22,0.2574259042739868
FRAG_NEG_trNEGATIVE36542_20_22,0.26732683181762695
FRAG_NEG_trNEGATIVE33791_17_22,0.029703140258789062
FRAG_NEG_trNEGATIVE57412_0_22,0.26732683181762695
FRAG_NEG_trNEGATIVE76074_6_22,0.10891103744506836
FRAG_NEG_trNEGATIVE93278_49_22,0.13861405849456787
FRAG_NEG_trNEGATIVE87072_21_22,0.10891103744506836
FRAG_NEG_trNEGATIVE28181_7_22,0.0792081356048584
FRAG_NEG_trNEGATIVE72754_7_22,0.0792081356048584
FRAG_NEG_trNEGATIVE43306_55_22,0.574257493019104
FRAG_NEG_trNEGATIVE55352_27_22,0.16831696033477783
FRAG_NEG_trNEGATIVE52072_20_22,0.33663368225097656
FRAG_NEG_trNEGATIVE42608_33_22,0.2970297336578369
FRAG_NEG_trNEGATIVE37173_24_22,0.31683170795440674
FRAG_NEG_trNEGATIVE95018_10_22,0.09900999069213867
FRAG_NEG_trNEGATIVE52034_38_22,0.4059406518936157
FRAG_NEG_trNEGATIVE82139_31_22,0.07920801639556885
FRAG_NEG_trNEGATIVE47292_14_22,0.17821788787841797
FRAG_NEG_trNEGATIVE29638_16_22,0.42574262619018555
FRAG_NEG_trNEGATIVE68839_24_22,0.17821800708770752
FRAG_NEG_trNEGATIVE84767_33_22,0.08910906314849854
FRAG_NEG_trNEGATIVE49238_21_22,0.13861405849456787
FRAG_NEG_trNEGATIVE95711_22_22,0.0396040678024292
FRAG_NEG_trNEGATIVE49483_36_22,0.08910906314849854
FRAG_NEG_trNEGATIVE79412_1_22,0.3069307804107666
FRAG_NEG_trNEGATIVE54305_26_22,0.3663367033004761
FRAG_NEG_trNEGATIVE96820_34_22,0.15841591358184814
FRAG_NEG_trNEGATIVE32156_21_22,0.44554460048675537
FRAG_NEG_trNEGATIVE89652_23_22,0.1980198621749878
FRAG_NEG_trNEGATIVE40059_24_22,0.3267327547073364
FRAG_NEG_trNEGATIVE29766_47_22,0.17821788787841797
FRAG_NEG_trNEGATIVE31618_36_22,0.1584160327911377
FRAG_NEG_trNEGATIVE33791_47_22,0.029703140258789062
FRAG_NEG_trNEGATIVE73694_13_22,0.148514986038208
FRAG_NEG_trNEGATIVE97534_36_22,0.1584160327911377
FRAG_NEG_trNEGATIVE62574_39_22,0.148514986038208
FRAG_NEG_trNEGATIVE64959_34_22,0.35643577575683594
FRAG_NEG_trNEGATIVE29559_53_22,0.4752475619316101
FRAG_NEG_trNEGATIVE74725_17_22,0.17821800708770752
FRAG_NEG_trNEGATIVE66194_32_22,0.2574259042739868
FRAG_NEG_trNEGATIVE82312_14_22,0.4034653902053833
FRAG_NEG_trNEGATIVE46561_31_22,0.019802093505859375
FRAG_NEG_trNEGATIVE31425_52_22,0.04950511455535889
FRAG_NEG_trNEGATIVE93111_44_22,0.27722787857055664
FRAG_NEG_trNEGATIVE30674_35_22,0.0792081356048584
FRAG_NEG_trNEGATIVE85681_53_22,0.04950511455535889
FRAG_NEG_trNEGATIVE81483_27_22,0.12871301174163818
FRAG_NEG_trNEGATIVE38320_36_22,0.1980198621749878
FRAG_NEG_trNEGATIVE86577_26_22,0.09901010990142822
FRAG_NEG_trNEGATIVE33995_21_22,0.15841591358184814
FRAG_NEG_trNEGATIVE91852_24_22,0.17821788787841797
FRAG_NEG_trNEGATIVE78083_38_22,0.09900999069213867
FRAG_NEG_trNEGATIVE94710_16_22,0.29702985286712646
FRAG_NEG_trNEGATIVE77582_45_22,0.13861393928527832
FRAG_NEG_trNEGATIVE95155_4_22,0.12871301174163818
FRAG_NEG_trNEGATIVE82416_52_22,0.09900999069213867
FRAG_NEG_trNEGATIVE66234_17_22,0.574257493019104
FRAG_NEG_trNEGATIVE94572_8_22,0.06930708885192871
FRAG_NEG_trNEGATIVE36559_11_22,0.07920801639556885
FRAG_NEG_trNEGATIVE59456_8_22,0.4059406518936157
FRAG_NEG_trNEGATIVE90222_19_22,0.1188119649887085
FRAG_NEG_trNEGATIVE41234_19_22,0.2970297336578369
FRAG_NEG_trNEGATIVE58523_18_22,0.3663367033004761
FRAG_NEG_trNEGATIVE48299_35_22,0.13861405849456787
FRAG_NEG_trNEGATIVE80219_67_22,0.24752485752105713
FRAG_NEG_trNEGATIVE51403_7_22,0.34653472900390625
FRAG_NEG_trNEGATIVE79784_46_23,0.1188119649887085
FRAG_NEG_trNEGATIVE46472_0_23,0.04950511455535889
FRAG_NEG_trNEGATIVE95503_30_23,0.2772277593612671
FRAG_NEG_trNEGATIVE35404_54_23,0.03960418701171875
FRAG_NEG_trNEGATIVE33994_19_23,0.20792090892791748
FRAG_NEG_trNEGATIVE31332_4_23,0.15841591358184814
FRAG_NEG_trNEGATIVE88073_23_23,0.029703140258789062
FRAG_NEG_trNEGATIVE75499_47_23,0.148514986038208
FRAG_NEG_trNEGATIVE44942_1_23,0.059406161308288574
FRAG_NEG_trNEGATIVE48124_29_23,0.08910906314849854
FRAG_NEG_trNEGATIVE72648_35_23,0.3267327547073364
FRAG_NEG_trNEGATIVE39129_8_23,0.25742578506469727
FRAG_NEG_trNEGATIVE73295_2_23,0.03960418701171875
FRAG_NEG_trNEGATIVE72619_0_23,0.376237690448761
FRAG_NEG_trNEGATIVE84283_44_23,0.693069338798523
FRAG_NEG_trNEGATIVE65500_8_23,0.3168318271636963
FRAG_NEG_trNEGATIVE84272_32_23,0.10891103744506836
FRAG_NEG_trNEGATIVE54920_31_23,0.04950511455535889
FRAG_NEG_trNEGATIVE74037_19_23,0.485148549079895
FRAG_NEG_trNEGATIVE91358_15_23,0.1584160327911377
FRAG_NEG_trNEGATIVE38371_23_23,0.26732683181762695
FRAG_NEG_trNEGATIVE92258_12_23,0.2277228832244873
FRAG_NEG_trNEGATIVE43403_8_23,0.3069307804107666
FRAG_NEG_trNEGATIVE96934_46_23,0.09901010990142822
FRAG_NEG_trNEGATIVE45878_28_23,0.34653472900390625
FRAG_NEG_trNEGATIVE53121_30_23,0.04950511455535889
FRAG_NEG_trNEGATIVE63918_13_23,0.11881208419799805
FRAG_NEG_trNEGATIVE43896_17_23,0.18811893463134766
FRAG_NEG_trNEGATIVE95551_53_23,0.4059406518936157
FRAG_NEG_trNEGATIVE41899_25_23,0.3168318271636963
FRAG_NEG_trNEGATIVE65709_34_23,0.06930708885192871
FRAG_NEG_trNEGATIVE33913_33_23,0.04950511455535889
FRAG_NEG_trNEGATIVE75403_43_23,0.04950511455535889
FRAG_NEG_trNEGATIVE80784_10_23,0.019802093505859375
FRAG_NEG_trNEGATIVE71805_19_23,0.21782195568084717
FRAG_NEG_trNEGATIVE45182_4_23,0.0792081356048584
FRAG_NEG_trNEGATIVE68549_23_23,0.17821800708770752
FRAG_NEG_trNEGATIVE58502_7_23,0.19801998138427734
FRAG_NEG_trNEGATIVE86436_62_23,0.2277228832244873
FRAG_NEG_trNEGATIVE91270_33_23,0.04950511455535889
FRAG_NEG_trNEGATIVE35872_41_23,0.1188119649887085
FRAG_NEG_trNEGATIVE78224_21_23,0.44554460048675537
FRAG_NEG_trNEGATIVE71907_26_23,0.10891103744506836
FRAG_NEG_trNEGATIVE30620_4_23,0.12871301174163818
FRAG_NEG_trNEGATIVE27564_33_23,0.12871301174163818
FRAG_NEG_trNEGATIVE35165_11_23,0.029703140258789062
FRAG_NEG_trNEGATIVE34705_41_23,0.029703140258789062
FRAG_NEG_trNEGATIVE64587_4_23,0.16831696033477783
FRAG_NEG_trNEGATIVE92537_17_23,0.14356446266174316
FRAG_NEG_trNEGATIVE38548_17_23,0.2574259042739868
FRAG_NEG_trNEGATIVE73505_0_23,0.485148549079895
FRAG_NEG_trNEGATIVE44311_63_23,0.10891103744506836
FRAG_NEG_trNEGATIVE74514_4_23,0.1980198621749878
FRAG_NEG_trNEGATIVE39466_37_23,0.08910906314849854
FRAG_NEG_trNEGATIVE89775_36_23,0.4059406518936157
FRAG_NEG_trNEGATIVE88761_5_23,0.2277228832244873
FRAG_NEG_trNEGATIVE45765_10_23,0.16831696033477783
FRAG_NEG_trNEGATIVE30476_40_23,0.13861405849456787
FRAG_NEG_trNEGATIVE46585_30_23,0.13861393928527832
FRAG_NEG_trNEGATIVE39326_8_23,0.029703140258789062
FRAG_NEG_trNEGATIVE88810_59_23,0.1980198621749878
FRAG_NEG_trNEGATIVE41384_4_23,0.2871288061141968
FRAG_NEG_trNEGATIVE38649_20_23,0.3663367033004761
FRAG_NEG_trNEGATIVE27881_3_23,0.24752485752105713
FRAG_NEG_trNEGATIVE93269_8_23,0.03960418701171875
FRAG_NEG_trNEGATIVE77461_39_23,0.06930708885192871
FRAG_NEG_trNEGATIVE49008_44_23,0.029703140258789062
FRAG_NEG_trNEGATIVE66922_24_23,0.08910906314849854
FRAG_NEG_trNEGATIVE66816_2_23,0.04950511455535889
FRAG_NEG_trNEGATIVE51925_21_23,0.1584160327911377
FRAG_NEG_trNEGATIVE44384_2_23,0.5247524976730347
FRAG_NEG_trNEGATIVE64522_10_23,0.6534653902053833
FRAG_NEG_trNEGATIVE87969_43_23,0.059406161308288574
FRAG_NEG_trNEGATIVE86192_24_23,0.03960418701171875
FRAG_NEG_trNEGATIVE40444_23_23,0.35643571615219116
FRAG_NEG_trNEGATIVE35741_40_23,0.18811893463134766
FRAG_NEG_trNEGATIVE81083_14_23,0.34653472900390625
FRAG_NEG_trNEGATIVE53034_38_23,0.376237690448761
FRAG_NEG_trNEGATIVE89872_5_23,0.08910906314849854
FRAG_NEG_trNEGATIVE64190_28_23,0.16831696033477783
FRAG_NEG_trNEGATIVE92755_27_23,0.2871288061141968
FRAG_NEG_trNEGATIVE78334_46_23,0.09901010990142822
FRAG_NEG_trNEGATIVE51464_58_23,0.13861405849456787
FRAG_NEG_trNEGATIVE83037_47_23,0.3861386775970459
FRAG_NEG_trNEGATIVE69451_28_23,0.029703140258789062
FRAG_NEG_trNEGATIVE65541_9_23,0.8118811845779419
FRAG_NEG_trNEGATIVE67089_15_23,0.1980198621749878
FRAG_NEG_trNEGATIVE76056_13_23,0.4554455876350403
FRAG_NEG_trNEGATIVE57085_9_23,0.26732683181762695
FRAG_NEG_trNEGATIVE29728_7_23,0.16831696033477783
FRAG_NEG_trNEGATIVE45564_57_23,0.5247524976730347
FRAG_NEG_trNEGATIVE72430_5_23,0.1980198621749878
FRAG_NEG_trNEGATIVE55987_6_23,0.12871301174163818
FRAG_NEG_trNEGATIVE62905_31_23,0.11881208419799805
FRAG_NEG_trNEGATIVE69482_61_23,0.04950511455535889
FRAG_NEG_trNEGATIVE45398_47_23,0.2277228832244873
FRAG_NEG_trNEGATIVE38657_21_23,0.2970297336578369
FRAG_NEG_trNEGATIVE29728_6_23,0.09900999069213867
FRAG_NEG_trNEGATIVE86959_16_23,0.1584160327911377
FRAG_NEG_trNEGATIVE55180_49_23,0.08910906314849854
FRAG_NEG_trNEGATIVE52318_14_23,0.18811893463134766
FRAG_NEG_trNEGATIVE31181_20_23,0.05940604209899902
FRAG_NEG_trNEGATIVE55441_61_23,0.3861386775970459
FRAG_NEG_trNEGATIVE53937_75_23,0.2574259042739868
FRAG_NEG_trNEGATIVE71752_11_23,0.49504953622817993
FRAG_NEG_trNEGATIVE69377_3_23,0.2277228832244873
FRAG_NEG_trNEGATIVE54238_48_23,0.11881208419799805
FRAG_NEG_trNEGATIVE66167_11_23,0.4752475619316101
FRAG_NEG_trNEGATIVE40806_19_23,0.3861386775970459
FRAG_NEG_trNEGATIVE28299_49_23,0.35643571615219116
FRAG_NEG_trNEGATIVE35008_28_23,0.12871301174163818
FRAG_NEG_trNEGATIVE32852_20_23,0.2574259042739868
FRAG_NEG_trNEGATIVE47532_49_23,0.09901010990142822
FRAG_NEG_trNEGATIVE90098_13_23,0.19801998138427734
FRAG_NEG_trNEGATIVE53434_13_23,0.09901010990142822
FRAG_NEG_trNEGATIVE56643_14_23,0.6336634159088135
FRAG_NEG_trNEGATIVE92954_31_23,0.0396040678024292
FRAG_NEG_trNEGATIVE93632_31_23,0.21782195568084717
FRAG_NEG_trNEGATIVE81083_2_23,0.148514986038208
FRAG_NEG_trNEGATIVE70884_10_23,0.2772277593612671
FRAG_NEG_trNEGATIVE71075_28_23,0.08910906314849854
FRAG_NEG_trNEGATIVE84912_3_23,0.2970297336578369
FRAG_NEG_trNEGATIVE92562_28_23,0.08910906314849854
FRAG_NEG_trNEGATIVE77089_5_23,0.23762381076812744
FRAG_NEG_trNEGATIVE62255_16_23,0.41584163904190063
FRAG_NEG_trNEGATIVE77539_7_23,0.11881208419799805
FRAG_NEG_trNEGATIVE92637_26_23,0.0396040678024292
FRAG_NEG_trNEGATIVE72624_4_23,0.04950511455535889
FRAG_NEG_trNEGATIVE72422_36_23,0.24752485752105713
FRAG_NEG_trNEGATIVE88011_18_23,0.03960418701171875
FRAG_NEG_trNEGATIVE40492_15_23,0.10891103744506836
FRAG_NEG_trNEGATIVE70393_0_23,0.08910906314849854
FRAG_NEG_trNEGATIVE75372_23_23,0.10891103744506836
FRAG_NEG_trNEGATIVE29127_40_23,0.04950511455535889
FRAG_NEG_trNEGATIVE66276_35_23,0.3960396647453308
FRAG_NEG_trNEGATIVE43992_30_23,0.26732683181762695
FRAG_NEG_trNEGATIVE97151_19_23,0.25742578506469727
FRAG_NEG_trNEGATIVE40692_74_23,0.13861405849456787
FRAG_NEG_trNEGATIVE93540_41_23,0.32178229093551636
FRAG_NEG_trNEGATIVE94390_18_23,0.2970297932624817
FRAG_NEG_trNEGATIVE84260_36_23,0.26732683181762695
FRAG_NEG_trNEGATIVE30494_49_23,0.07920801639556885
FRAG_NEG_trNEGATIVE92346_14_23,0.019802093505859375
FRAG_NEG_trNEGATIVE45852_13_23,0.04950511455535889
FRAG_NEG_trNEGATIVE83093_59_23,0.0396040678024292
FRAG_NEG_trNEGATIVE73432_53_23,0.3069307804107666
FRAG_NEG_trNEGATIVE30256_46_23,0.21782183647155762
FRAG_NEG_trNEGATIVE40633_14_23,0.0396040678024292
FRAG_NEG_trNEGATIVE55595_10_23,0.3168318271636963
FRAG_NEG_trNEGATIVE45752_40_23,0.09900999069213867
FRAG_NEG_trNEGATIVE62419_6_24,0.485148549079895
FRAG_NEG_trNEGATIVE74115_17_24,0.17821788787841797
FRAG_NEG_trNEGATIVE39573_43_24,0.603960394859314
FRAG_NEG_trNEGATIVE79579_0_24,0.09900999069213867
FRAG_NEG_trNEGATIVE64830_51_24,0.08910906314849854
FRAG_NEG_trNEGATIVE88499_6_24,0.07920801639556885
FRAG_NEG_trNEGATIVE93589_66_24,0.04950511455535889
FRAG_NEG_trNEGATIVE40281_49_24,0.2871288061141968
FRAG_NEG_trNEGATIVE82152_27_24,0.4653465747833252
FRAG_NEG_trNEGATIVE36332_29_24,0.27722787857055664
FRAG_NEG_trNEGATIVE52667_24_24,0.12871301174163818
FRAG_NEG_trNEGATIVE72718_15_24,0.3960396647453308
FRAG_NEG_trNEGATIVE97128_42_24,0.059406161308288574
FRAG_NEG_trNEGATIVE63023_51_24,0.148514986038208
FRAG_NEG_trNEGATIVE35732_30_24,0.42574262619018555
FRAG_NEG_trNEGATIVE91561_18_24,0.18811893463134766
FRAG_NEG_trNEGATIVE60767_22_24,0.06930708885192871
FRAG_NEG_trNEGATIVE81693_1_24,0.4554455876350403
FRAG_NEG_trNEGATIVE75605_47_24,0.3663367033004761
FRAG_NEG_trNEGATIVE79974_5_24,0.0792081356048584
FRAG_NEG_trNEGATIVE31903_40_24,0.3366338014602661
FRAG_NEG_trNEGATIVE84413_2_24,0.04950511455535889
FRAG_NEG_trNEGATIVE64159_37_24,0.21782183647155762
FRAG_NEG_trNEGATIVE47020_21_24,0.4059406518936157
FRAG_NEG_trNEGATIVE61856_50_24,0.16831696033477783
FRAG_NEG_trNEGATIVE79784_23_24,0.08910906314849854
FRAG_NEG_trNEGATIVE65109_39_24,0.019802212715148926
FRAG_NEG_trNEGATIVE29991_48_24,0.1584160327911377
FRAG_NEG_trNEGATIVE97041_34_24,0.12871301174163818
FRAG_NEG_trNEGATIVE54867_40_24,0.029703140258789062
FRAG_NEG_trNEGATIVE82446_25_24,0.12871301174163818
FRAG_NEG_trNEGATIVE83335_42_24,0.2871288061141968
FRAG_NEG_trNEGATIVE61130_9_24,0.19801998138427734
FRAG_NEG_trNEGATIVE80759_17_24,0.44554460048675537
FRAG_NEG_trNEGATIVE55096_18_24,0.0792081356048584
FRAG_NEG_trNEGATIVE50793_26_24,0.06930708885192871
FRAG_NEG_trNEGATIVE28374_10_24,0.23762381076812744
FRAG_NEG_trNEGATIVE72916_35_24,0.5148515701293945
FRAG_NEG_trNEGATIVE89538_21_24,0.16831696033477783
FRAG_NEG_trNEGATIVE68901_10_24,0.17821800708770752
FRAG_NEG_trNEGATIVE46472_23_24,0.04950511455535889
FRAG_NEG_trNEGATIVE82114_8_24,0.3960396647453308
FRAG_NEG_trNEGATIVE85227_21_24,0.08910906314849854
FRAG_NEG_trNEGATIVE82214_8_24,0.148514986038208
FRAG_NEG_trNEGATIVE87985_1_24,0.1188119649887085
FRAG_NEG_trNEGATIVE91196_35_24,0.019802093505859375
FRAG_NEG_trNEGATIVE96654_12_24,0.16831696033477783
FRAG_NEG_trNEGATIVE75765_5_24,0.16831696033477783
FRAG_NEG_trNEGATIVE68879_69_24,0.17821788787841797
FRAG_NEG_trNEGATIVE56642_15_24,0.26732683181762695
FRAG_NEG_trNEGATIVE32676_15_24,0.5148515105247498
FRAG_NEG_trNEGATIVE90895_24_24,0.4554455876350403
FRAG_NEG_trNEGATIVE40543_18_24,0.009901165962219238
FRAG_NEG_trNEGATIVE54328_15_24,0.19801998138427734
FRAG_NEG_trNEGATIVE53608_61_24,0.05940604209899902
FRAG_NEG_trNEGATIVE91154_45_24,0.3960396647453308
FRAG_NEG_trNEGATIVE92582_4_24,0.19801998138427734
FRAG_NEG_trNEGATIVE45151_25_24,0.3663367033004761
FRAG_NEG_trNEGATIVE45498_40_24,0.0792081356048584
FRAG_NEG_trNEGATIVE50009_43_24,0.148514986038208
FRAG_NEG_trNEGATIVE72963_49_24,0.41584163904190063
FRAG_NEG_trNEGATIVE75246_29_24,0.29702985286712646
FRAG_NEG_trNEGATIVE89524_21_24,0.20792090892791748
FRAG_NEG_trNEGATIVE49028_59_24,0.33663374185562134
FRAG_NEG_trNEGATIVE89727_38_24,0.20792090892791748
FRAG_NEG_trNEGATIVE31903_42_24,0.2574259042739868
FRAG_NEG_trNEGATIVE51737_5_24,0.3861386775970459
FRAG_NEG_trNEGATIVE96178_15_24,0.06930708885192871
FRAG_NEG_trNEGATIVE69181_40_24,0.059406161308288574
FRAG_NEG_trNEGATIVE88642_38_24,0.13861393928527832
FRAG_NEG_trNEGATIVE77417_29_24,0.06930708885192871
FRAG_NEG_trNEGATIVE37890_6_24,0.12871301174163818
FRAG_NEG_trNEGATIVE28314_4_24,0.029703140258789062
FRAG_NEG_trNEGATIVE57126_54_24,0.1980198621749878
FRAG_NEG_trNEGATIVE66234_9_24,0.6732673645019531
FRAG_NEG_trNEGATIVE62719_29_24,0.2970297336578369
FRAG_NEG_trNEGATIVE87474_46_24,0.06930708885192871
FRAG_NEG_trNEGATIVE38411_9_24,0.06930708885192871
FRAG_NEG_trNEGATIVE27573_37_24,0.4059406518936157
FRAG_NEG_trNEGATIVE94577_10_24,0.34653472900390625
FRAG_NEG_trNEGATIVE56298_37_24,0.2574259042739868
FRAG_NEG_trNEGATIVE78071_17_24,0.4653465747833252
FRAG_NEG_trNEGATIVE40543_28_24,0.15841591358184814
FRAG_NEG_trNEGATIVE38493_19_24,0.06930708885192871
FRAG_NEG_trNEGATIVE52751_5_24,0.13861405849456787
FRAG_NEG_trNEGATIVE49322_3_24,0.19801998138427734
FRAG_NEG_trNEGATIVE38265_1_24,0.29702985286712646
FRAG_NEG_trNEGATIVE65197_33_24,0.43564361333847046
FRAG_NEG_trNEGATIVE88034_48_24,0.17821800708770752
FRAG_NEG_trNEGATIVE89408_48_24,0.16831696033477783
FRAG_NEG_trNEGATIVE33611_12_24,0.3861386775970459
FRAG_NEG_trNEGATIVE33107_11_24,0.237623929977417
FRAG_NEG_trNEGATIVE64627_13_24,0.1980198621749878
FRAG_NEG_trNEGATIVE77167_3_24,0.04950511455535889
FRAG_NEG_trNEGATIVE60526_19_24,0.3861386775970459
FRAG_NEG_trNEGATIVE28484_48_24,0.20792090892791748
FRAG_NEG_trNEGATIVE54876_29_24,0.13861405849456787
FRAG_NEG_trNEGATIVE70084_30_24,0.25742578506469727
FRAG_NEG_trNEGATIVE60607_29_24,0.6138614416122437
FRAG_NEG_trNEGATIVE36538_17_24,0.029703140258789062
FRAG_NEG_trNEGATIVE39968_26_24,0.059406161308288574
FRAG_NEG_trNEGATIVE42143_19_24,0.29702985286712646
FRAG_NEG_trNEGATIVE58907_63_24,0.27722781896591187
FRAG_NEG_trNEGATIVE34973_24_24,0.15841591358184814
FRAG_NEG_trNEGATIVE49134_8_24,0.13861405849456787
FRAG_NEG_trNEGATIVE35456_0_24,0.029703140258789062
FRAG_NEG_trNEGATIVE96009_14_24,0.29702985286712646
FRAG_NEG_trNEGATIVE45079_18_24,0.08910906314849854
FRAG_NEG_trNEGATIVE51461_13_24,0.0792081356048584
FRAG_NEG_trNEGATIVE77606_32_24,0.7920792102813721
FRAG_NEG_trNEGATIVE50082_43_24,0.04950511455535889
FRAG_NEG_trNEGATIVE32204_43_24,0.09901010990142822
FRAG_NEG_trNEGATIVE86449_28_24,0.2871288061141968
FRAG_NEG_trNEGATIVE31778_27_24,0.13861405849456787
FRAG_NEG_trNEGATIVE70884_9_24,0.237623929977417
FRAG_NEG_trNEGATIVE95615_5_24,0.21782183647155762
FRAG_NEG_trNEGATIVE90391_59_24,0.376237690448761
FRAG_NEG_trNEGATIVE38320_16_24,0.18811893463134766
FRAG_NEG_trNEGATIVE87549_3_24,0.08910906314849854
FRAG_NEG_trNEGATIVE27492_47_24,0.019802212715148926
FRAG_NEG_trNEGATIVE53323_19_24,0.1980198621749878
FRAG_NEG_trNEGATIVE65400_33_24,0.0792081356048584
FRAG_NEG_trNEGATIVE69351_15_24,0.15841591358184814
FRAG_NEG_trNEGATIVE48957_28_24,0.4653465747833252
FRAG_NEG_trNEGATIVE93549_17_24,0.148514986038208
FRAG_NEG_trNEGATIVE51781_15_24,0.574257493019104
FRAG_NEG_trNEGATIVE90980_40_24,0.17821788787841797
FRAG_NEG_trNEGATIVE96798_34_24,0.3861386775970459
FRAG_NEG_trNEGATIVE94850_5_24,0.17821800708770752
FRAG_NEG_trNEGATIVE55166_4_24,0.15841591358184814
FRAG_NEG_trNEGATIVE65798_64_24,0.10891103744506836
FRAG_NEG_trNEGATIVE90517_1_24,0.12871301174163818
FRAG_NEG_trNEGATIVE27612_49_24,0.5247524976730347
FRAG_NEG_trNEGATIVE63442_25_24,0.11881208419799805
FRAG_NEG_trNEGATIVE42951_32_24,0.10891103744506836
FRAG_NEG_trNEGATIVE64980_5_24,0.25742578506469727
FRAG_NEG_trNEGATIVE39048_27_24,0.20792090892791748
FRAG_NEG_trNEGATIVE63561_42_24,0.03960418701171875
FRAG_NEG_trNEGATIVE96090_19_24,0.13861393928527832
FRAG_NEG_trNEGATIVE36438_54_24,0.0396040678024292
FRAG_NEG_trNEGATIVE34647_22_24,0.7524752616882324
FRAG_NEG_trNEGATIVE80010_10_24,0.019802212715148926
FRAG_NEG_trNEGATIVE34266_46_24,0.0396040678024292
FRAG_NEG_trNEGATIVE27992_10_24,0.11881208419799805
FRAG_NEG_trNEGATIVE34247_29_24,0.009901165962219238
FRAG_NEG_trNEGATIVE71439_23_24,0.43564361333847046
FRAG_NEG_trNEGATIVE44478_27_24,0.4653465747833252
FRAG_NEG_trNEGATIVE82442_13_24,0.09900999069213867
FRAG_NEG_trNEGATIVE81756_48_24,0.21782195568084717
FRAG_NEG_trNEGATIVE38801_20_24,0.08910906314849854
FRAG_NEG_trNEGATIVE69812_19_24,0.4653465747833252
FRAG_NEG_trNEGATIVE75853_6_24,0.2772277593612671
FRAG_NEG_trNEGATIVE78921_7_24,0.1980198621749878
FRAG_NEG_trNEGATIVE69389_0_24,0.18811893463134766
FRAG_NEG_trNEGATIVE40134_15_24,0.1188119649887085
FRAG_NEG_trNEGATIVE34800_10_24,0.17821788787841797
FRAG_NEG_trNEGATIVE88393_1_24,0.10891103744506836
FRAG_NEG_trNEGATIVE34074_2_24,0.43564361333847046
FRAG_NEG_trNEGATIVE81840_50_24,0.35643571615219116
FRAG_NEG_trNEGATIVE39650_2_24,0.04950511455535889
FRAG_NEG_trNEGATIVE38671_7_24,0.3960396647453308
FRAG_NEG_trNEGATIVE40560_12_24,0.5049505233764648
FRAG_NEG_trNEGATIVE40152_29_24,0.1980198621749878
FRAG_NEG_trNEGATIVE44007_4_24,0.2698020935058594
FRAG_NEG_trNEGATIVE38279_58_24,0.683168351650238
FRAG_NEG_trNEGATIVE97425_35_24,0.26732683181762695
FRAG_NEG_trNEGATIVE75807_56_24,0.21782183647155762
FRAG_NEG_trNEGATIVE46275_1_24,0.06930708885192871
FRAG_NEG_trNEGATIVE82038_32_24,0.43564361333847046
FRAG_NEG_trNEGATIVE38628_3_24,0.20792090892791748
FRAG_NEG_trNEGATIVE92499_36_24,0.3663367033004761
FRAG_NEG_trNEGATIVE62241_14_24,0.35643571615219116
FRAG_NEG_trNEGATIVE30578_55_24,0.08910906314849854
FRAG_NEG_trNEGATIVE85847_46_24,0.21782183647155762
FRAG_NEG_trNEGATIVE31316_9_24,0.3960396647453308
FRAG_NEG_trNEGATIVE84549_19_24,0.06930708885192871
FRAG_NEG_trNEGATIVE80400_12_24,0.485148549079895
FRAG_NEG_trNEGATIVE34198_3_24,0.5049505233764648
FRAG_NEG_trNEGATIVE59142_2_24,0.6336634159088135
FRAG_NEG_trNEGATIVE77388_6_24,0.21782195568084717
FRAG_NEG_trNEGATIVE96700_65_24,0.03960418701171875
FRAG_NEG_trNEGATIVE65541_22_24,0.19801998138427734
FRAG_NEG_trNEGATIVE54793_31_24,0.06930708885192871
FRAG_NEG_trNEGATIVE96794_5_24,0.08910906314849854
FRAG_NEG_trNEGATIVE87072_15_24,0.009901165962219238
FRAG_NEG_trNEGATIVE74602_20_24,0.35643571615219116
FRAG_NEG_trNEGATIVE94435_23_24,0.485148549079895
FRAG_NEG_trNEGATIVE62233_25_24,0.24752485752105713
FRAG_NEG_trNEGATIVE33797_38_24,0.25742578506469727
FRAG_NEG_trNEGATIVE32993_26_24,0.12871301174163818
FRAG_NEG_trNEGATIVE75873_31_24,0.7326732873916626
FRAG_NEG_trNEGATIVE56008_0_24,0.03960418701171875
FRAG_NEG_trNEGATIVE50399_43_24,0.148514986038208
FRAG_NEG_trNEGATIVE87107_10_24,0.1980198621749878
FRAG_NEG_trNEGATIVE48430_3_24,0.029703140258789062
FRAG_NEG_trNEGATIVE86159_40_24,0.1188119649887085
FRAG_NEG_trNEGATIVE46180_24_24,0.029703140258789062
FRAG_NEG_trNEGATIVE28436_21_24,0.237623929977417
FRAG_NEG_trNEGATIVE73348_9_24,0.05940604209899902
FRAG_NEG_trNEGATIVE76694_27_24,0.27722787857055664
FRAG_NEG_trNEGATIVE52672_15_24,0.04950511455535889
FRAG_NEG_trNEGATIVE73542_18_24,0.2277228832244873
FRAG_NEG_trNEGATIVE74887_15_24,0.24752485752105713
FRAG_NEG_trNEGATIVE60072_20_24,0.09900999069213867
FRAG_NEG_trNEGATIVE88599_9_24,0.08910906314849854
FRAG_NEG_trNEGATIVE62952_4_24,0.33663374185562134
FRAG_NEG_trNEGATIVE88299_13_24,0.18811893463134766
FRAG_NEG_trNEGATIVE73750_38_24,0.18811893463134766
FRAG_NEG_trNEGATIVE76907_50_24,0.1584160327911377
FRAG_NEG_trNEGATIVE45623_55_24,0.3663367033004761
FRAG_NEG_trNEGATIVE31899_34_24,0.019802093505859375
FRAG_NEG_trNEGATIVE45657_41_24,0.5247524976730347
FRAG_NEG_trNEGATIVE48139_7_24,0.08910906314849854
FRAG_NEG_trNEGATIVE30173_41_24,0.3168318271636963
FRAG_NEG_trNEGATIVE93586_6_24,0.0792081356048584
FRAG_NEG_trNEGATIVE56232_26_24,0.42574262619018555
FRAG_NEG_trNEGATIVE76281_44_24,0.25742578506469727
FRAG_NEG_trNEGATIVE28994_53_24,0.237623929977417
FRAG_NEG_trNEGATIVE83721_45_24,0.12871301174163818
FRAG_NEG_trNEGATIVE44904_61_24,0.21782195568084717
FRAG_NEG_trNEGATIVE42281_56_24,0.13861405849456787
FRAG_NEG_trNEGATIVE84148_22_25,0.21782183647155762
FRAG_NEG_trNEGATIVE72624_5_25,0.03960418701171875
FRAG_NEG_trNEGATIVE36290_43_25,0.10891103744506836
FRAG_NEG_trNEGATIVE70888_23_25,0.42574262619018555
FRAG_NEG_trNEGATIVE58862_12_25,0.10891103744506836
FRAG_NEG_trNEGATIVE58989_36_25,0.24752485752105713
FRAG_NEG_trNEGATIVE71696_8_25,0.24752485752105713
FRAG_NEG_trNEGATIVE76594_43_25,0.42574262619018555
FRAG_NEG_trNEGATIVE85580_34_25,0.08910906314849854
FRAG_NEG_trNEGATIVE28516_41_25,0.3663367033004761
FRAG_NEG_trNEGATIVE30454_22_25,0.019802212715148926
FRAG_NEG_trNEGATIVE51925_4_25,0.25742578506469727
FRAG_NEG_trNEGATIVE29650_20_25,0.11881208419799805
FRAG_NEG_trNEGATIVE45456_38_25,0.34653472900390625
FRAG_NEG_trNEGATIVE93408_30_25,0.2871288061141968
FRAG_NEG_trNEGATIVE38879_29_25,0.148514986038208
FRAG_NEG_trNEGATIVE38900_41_25,0.009901165962219238
FRAG_NEG_trNEGATIVE42872_29_25,0.10891103744506836
FRAG_NEG_trNEGATIVE51823_18_25,0.3069307804107666
FRAG_NEG_trNEGATIVE59476_35_25,0.5841584205627441
FRAG_NEG_trNEGATIVE78521_36_25,0.17821788787841797
FRAG_NEG_trNEGATIVE90062_17_25,0.24752485752105713
FRAG_NEG_trNEGATIVE68933_45_25,0.03960418701171875
FRAG_NEG_trNEGATIVE31177_6_25,0.148514986038208
FRAG_NEG_trNEGATIVE51900_39_25,0.5247524976730347
FRAG_NEG_trNEGATIVE31421_5_25,0.2970297336578369
FRAG_NEG_trNEGATIVE77681_21_25,0.5148515701293945
FRAG_NEG_trNEGATIVE35832_22_25,0.37623775005340576
FRAG_NEG_trNEGATIVE69352_39_25,0.019802093505859375
FRAG_NEG_trNEGATIVE74314_37_25,0.27722787857055664
FRAG_NEG_trNEGATIVE43347_16_25,0.2277228832244873
FRAG_NEG_trNEGATIVE58984_8_25,0.148514986038208
FRAG_NEG_trNEGATIVE87351_7_25,0.44554460048675537
FRAG_NEG_trNEGATIVE95074_21_25,0.24752485752105713
FRAG_NEG_trNEGATIVE96368_37_25,0.15841591358184814
FRAG_NEG_trNEGATIVE90812_0_25,0.18811893463134766
FRAG_NEG_trNEGATIVE69028_57_25,0.09901010990142822
FRAG_NEG_trNEGATIVE63304_9_25,0.09900999069213867
FRAG_NEG_trNEGATIVE83517_45_25,0.029703140258789062
FRAG_NEG_trNEGATIVE91027_6_25,0.09900999069213867
FRAG_NEG_trNEGATIVE90697_60_25,0.029703140258789062
FRAG_NEG_trNEGATIVE71809_27_25,0.059406161308288574
FRAG_NEG_trNEGATIVE91176_42_25,0.0792081356048584
FRAG_NEG_trNEGATIVE73858_24_25,0.11881208419799805
FRAG_NEG_trNEGATIVE62088_8_25,0.15841591358184814
FRAG_NEG_trNEGATIVE96171_40_25,0.34653472900390625
FRAG_NEG_trNEGATIVE92777_42_25,0.49504953622817993
FRAG_NEG_trNEGATIVE30835_19_25,0.019802212715148926
FRAG_NEG_trNEGATIVE46537_26_25,0.24752485752105713
FRAG_NEG_trNEGATIVE55653_19_25,0.059406161308288574
FRAG_NEG_trNEGATIVE91413_1_25,0.7227722406387329
FRAG_NEG_trNEGATIVE71921_41_25,0.06930708885192871
FRAG_NEG_trNEGATIVE51987_0_25,0.7227723002433777
FRAG_NEG_trNEGATIVE71525_40_25,0.4752475619316101
FRAG_NEG_trNEGATIVE64549_30_25,0.08910906314849854
FRAG_NEG_trNEGATIVE61477_25_25,0.5544554591178894
FRAG_NEG_trNEGATIVE53410_13_25,0.4554455876350403
FRAG_NEG_trNEGATIVE42861_52_25,0.17821788787841797
FRAG_NEG_trNEGATIVE93241_54_25,0.16831696033477783
FRAG_NEG_trNEGATIVE64309_2_25,0.17821800708770752
FRAG_NEG_trNEGATIVE56452_18_25,0.23762381076812744
FRAG_NEG_trNEGATIVE77824_17_25,0.6534653902053833
FRAG_NEG_trNEGATIVE92019_46_25,0.4059406518936157
FRAG_NEG_trNEGATIVE27835_1_25,0.04950511455535889
FRAG_NEG_trNEGATIVE76957_50_25,0.25742578506469727
FRAG_NEG_trNEGATIVE42406_10_25,0.20792090892791748
FRAG_NEG_trNEGATIVE32483_25_25,0.2772277593612671
FRAG_NEG_trNEGATIVE28344_29_25,0.5445544719696045
FRAG_NEG_trNEGATIVE55211_2_25,0.0396040678024292
FRAG_NEG_trNEGATIVE71292_10_25,0.10891103744506836
FRAG_NEG_trNEGATIVE75370_28_25,0.41584163904190063
FRAG_NEG_trNEGATIVE30217_16_25,0.019802093505859375
FRAG_NEG_trNEGATIVE73464_43_25,0.148514986038208
FRAG_NEG_trNEGATIVE55923_18_25,0.04950511455535889
FRAG_NEG_trNEGATIVE85904_48_25,0.2277228832244873
FRAG_NEG_trNEGATIVE78649_28_25,0.13861405849456787
FRAG_NEG_trNEGATIVE95567_47_25,0.24752485752105713
FRAG_NEG_trNEGATIVE69180_50_25,0.2277228832244873
FRAG_NEG_trNEGATIVE45334_11_25,0.10891103744506836
FRAG_NEG_trNEGATIVE79528_61_25,0.31683170795440674
FRAG_NEG_trNEGATIVE72649_34_25,0.12871301174163818
FRAG_NEG_trNEGATIVE73049_51_25,0.20792090892791748
FRAG_NEG_trNEGATIVE55121_15_25,0.17821788787841797
FRAG_NEG_trNEGATIVE73036_59_25,0.1980198621749878
FRAG_NEG_trNEGATIVE57946_18_25,0.019802093505859375
FRAG_NEG_trNEGATIVE91970_58_25,0.019802093505859375
FRAG_NEG_trNEGATIVE43662_12_25,0.1584160327911377
FRAG_NEG_trNEGATIVE69993_12_25,0.08910906314849854
FRAG_NEG_trNEGATIVE46086_24_25,0.35643571615219116
FRAG_NEG_trNEGATIVE39792_43_25,0.1188119649887085
FRAG_NEG_trNEGATIVE78337_58_25,0.21782195568084717
FRAG_NEG_trNEGATIVE29127_4_25,0.485148549079895
FRAG_NEG_trNEGATIVE45498_5_25,0.07920801639556885
FRAG_NEG_trNEGATIVE71548_70_25,0.04950511455535889
FRAG_NEG_trNEGATIVE65057_7_25,0.34653472900390625
FRAG_NEG_trNEGATIVE40867_30_25,0.3861386775970459
FRAG_NEG_trNEGATIVE39893_4_25,0.12871301174163818
FRAG_NEG_trNEGATIVE62303_17_25,0.17821788787841797
FRAG_NEG_trNEGATIVE41033_14_25,0.23762381076812744
FRAG_NEG_trNEGATIVE29006_57_25,0.21782183647155762
FRAG_NEG_trNEGATIVE70421_12_25,0.11881208419799805
FRAG_NEG_trNEGATIVE31329_21_25,0.33663374185562134
FRAG_NEG_trNEGATIVE91162_25_25,0.16831696033477783
FRAG_NEG_trNEGATIVE88194_18_25,0.09900999069213867
FRAG_NEG_trNEGATIVE53755_38_25,0.0792081356048584
FRAG_NEG_trNEGATIVE61567_17_25,0.5544554591178894
FRAG_NEG_trNEGATIVE35720_64_25,0.1188119649887085
FRAG_NEG_trNEGATIVE31277_27_25,0.17821800708770752
FRAG_NEG_trNEGATIVE28086_39_25,0.0792081356048584
FRAG_NEG_trNEGATIVE86731_12_25,0.43564361333847046
FRAG_NEG_trNEGATIVE68036_21_25,0.3069307804107666
FRAG_NEG_trNEGATIVE45542_34_25,0.09901010990142822
FRAG_NEG_trNEGATIVE36554_45_25,0.029703140258789062
FRAG_NEG_trNEGATIVE66800_51_25,0.5049505233764648
FRAG_NEG_trNEGATIVE85804_15_25,0.2277228832244873
FRAG_NEG_trNEGATIVE68520_28_25,0.35643571615219116
FRAG_NEG_trNEGATIVE87650_52_25,0.13861393928527832
FRAG_NEG_trNEGATIVE47424_13_25,0.1980198621749878
FRAG_NEG_trNEGATIVE57471_27_25,0.06930708885192871
FRAG_NEG_trNEGATIVE51257_43_25,0.3168318271636963
FRAG_NEG_trNEGATIVE37937_9_25,0.10891103744506836
FRAG_NEG_trNEGATIVE48495_55_25,0.059406161308288574
FRAG_NEG_trNEGATIVE39968_15_25,0.13861393928527832
FRAG_NEG_trNEGATIVE39448_0_25,0.009901165962219238
FRAG_NEG_trNEGATIVE39276_14_25,0.4554455876350403
FRAG_NEG_trNEGATIVE51754_53_25,0.09900999069213867
FRAG_NEG_trNEGATIVE56751_26_25,0.10891103744506836
FRAG_NEG_trNEGATIVE87547_44_25,0.2277228832244873
FRAG_NEG_trNEGATIVE42617_37_25,0.35643571615219116
FRAG_NEG_trNEGATIVE44058_0_25,0.1584160327911377
FRAG_NEG_trNEGATIVE31610_30_25,0.10891103744506836
FRAG_NEG_trNEGATIVE34666_33_25,0.21782195568084717
FRAG_NEG_trNEGATIVE29756_1_25,0.13861393928527832
FRAG_NEG_trNEGATIVE79753_64_25,0.33663368225097656
FRAG_NEG_trNEGATIVE80226_53_25,0.10891103744506836
FRAG_NEG_trNEGATIVE80890_6_25,0.2871288061141968
FRAG_NEG_trNEGATIVE56869_10_25,0.43564361333847046
FRAG_NEG_trNEGATIVE33003_36_25,0.10891103744506836
FRAG_NEG_trNEGATIVE41970_30_25,0.0396040678024292
FRAG_NEG_trNEGATIVE65233_8_25,0.12871301174163818
FRAG_NEG_trNEGATIVE79273_19_25,0.21782183647155762
FRAG_NEG_trNEGATIVE57978_36_25,0.3960396647453308
FRAG_NEG_trNEGATIVE50823_3_25,0.05940604209899902
FRAG_NEG_trNEGATIVE39543_12_25,0.06930708885192871
FRAG_NEG_trNEGATIVE32160_23_25,0.148514986038208
FRAG_NEG_trNEGATIVE79489_26_25,0.15841591358184814
FRAG_NEG_trNEGATIVE50009_29_25,0.019802212715148926
FRAG_NEG_trNEGATIVE42436_4_25,0.1980198621749878
FRAG_NEG_trNEGATIVE93632_40_25,0.24752485752105713
FRAG_NEG_trNEGATIVE58276_14_25,0.2277228832244873
FRAG_NEG_trNEGATIVE31056_34_25,0.17821800708770752
FRAG_NEG_trNEGATIVE57114_3_25,0.019802212715148926
FRAG_NEG_trNEGATIVE30968_31_25,0.1980198621749878
FRAG_NEG_trNEGATIVE86400_0_25,0.3267327547073364
FRAG_NEG_trNEGATIVE46941_1_25,0.06930708885192871
FRAG_NEG_trNEGATIVE53177_27_25,0.09900999069213867
FRAG_NEG_trNEGATIVE55992_31_25,0.2871288061141968
FRAG_NEG_trNEGATIVE91387_34_25,0.1980198621749878
FRAG_NEG_trNEGATIVE61801_2_25,0.1980198621749878
FRAG_NEG_trNEGATIVE46438_60_25,0.0792081356048584
FRAG_NEG_trNEGATIVE94243_35_25,0.376237690448761
FRAG_NEG_trNEGATIVE50132_0_25,0.23762381076812744
FRAG_NEG_trNEGATIVE57359_23_25,0.5643564462661743
FRAG_NEG_trNEGATIVE96629_28_25,0.24752485752105713
FRAG_NEG_trNEGATIVE53467_13_25,0.7227723002433777
FRAG_NEG_trNEGATIVE93480_9_25,0.13861393928527832
FRAG_NEG_trNEGATIVE64510_27_25,0.04950511455535889
FRAG_NEG_trNEGATIVE28219_35_25,0.12871301174163818
FRAG_NEG_trNEGATIVE45085_6_25,0.2970297336578369
FRAG_NEG_trNEGATIVE57293_58_25,0.4752475619316101
FRAG_NEG_trNEGATIVE83505_13_25,1.1920928955078125e-07
FRAG_NEG_trNEGATIVE38615_7_25,0.3828383684158325
FRAG_NEG_trNEGATIVE53656_22_25,0.21782195568084717
FRAG_NEG_trNEGATIVE51892_14_25,0.2574259042739868
FRAG_NEG_trNEGATIVE89245_7_25,0.23762381076812744
FRAG_NEG_trNEGATIVE66257_8_25,0.12871301174163818
FRAG_NEG_trNEGATIVE48716_0_25,0.5742574334144592
FRAG_NEG_trNEGATIVE61117_48_25,0.21782195568084717
FRAG_NEG_trNEGATIVE96080_48_25,0.20792090892791748
FRAG_NEG_trNEGATIVE84749_15_25,0.32920801639556885
FRAG_NEG_trNEGATIVE71049_40_25,0.10891103744506836
FRAG_NEG_trNEGATIVE41690_38_25,0.2574259042739868
FRAG_NEG_trNEGATIVE63057_2_25,0.17821788787841797
FRAG_NEG_trNEGATIVE62684_12_25,0.3886139988899231
FRAG_NEG_trNEGATIVE84942_46_25,0.2277228832244873
FRAG_NEG_trNEGATIVE96597_27_25,0.2574259042739868
FRAG_NEG_trNEGATIVE87090_60_25,0.15841591358184814
FRAG_NEG_trNEGATIVE56751_19_25,0.06930708885192871
FRAG_NEG_trNEGATIVE53755_69_25,0.029703140258789062
FRAG_NEG_trNEGATIVE76036_4_25,0.04950511455535889
FRAG_NEG_trNEGATIVE92398_28_25,0.06930708885192871
FRAG_NEG_trNEGATIVE29886_2_25,0.09901010990142822
FRAG_NEG_trNEGATIVE40100_43_25,0.06930708885192871
FRAG_NEG_trNEGATIVE89859_19_25,0.2871288061141968
FRAG_NEG_trNEGATIVE63475_20_25,0.27722787857055664
FRAG_NEG_trNEGATIVE56995_15_25,0.17821788787841797
FRAG_NEG_trNEGATIVE77203_26_25,0.3267327547073364
FRAG_NEG_trNEGATIVE60084_57_25,0.11881208419799805
FRAG_NEG_trNEGATIVE66497_2_25,0.18811893463134766
FRAG_NEG_trNEGATIVE57053_12_25,0.18811893463134766
FRAG_NEG_trNEGATIVE57718_15_25,0.019802093505859375
FRAG_NEG_trNEGATIVE93682_11_25,0.11881208419799805
FRAG_NEG_trNEGATIVE82399_14_25,0.08910906314849854
FRAG_NEG_trNEGATIVE88717_24_25,0.5742574334144592
FRAG_NEG_trNEGATIVE36243_15_25,0.148514986038208
FRAG_NEG_trNEGATIVE29728_35_25,0.06930708885192871
FRAG_NEG_trNEGATIVE64817_3_25,0.26732683181762695
FRAG_NEG_trNEGATIVE47499_15_25,0.03960418701171875
FRAG_NEG_trNEGATIVE64715_17_25,0.21782195568084717
FRAG_NEG_trNEGATIVE53937_49_25,0.06930708885192871
FRAG_NEG_trNEGATIVE63836_11_25,0.5049505233764648
FRAG_NEG_trNEGATIVE69507_36_25,0.06930708885192871
FRAG_NEG_trNEGATIVE34893_24_25,0.13861405849456787
FRAG_NEG_trNEGATIVE31769_18_25,0.6435643434524536
FRAG_NEG_trNEGATIVE56939_41_25,0.09900999069213867
FRAG_NEG_trNEGATIVE79289_29_25,0.019802093505859375
FRAG_NEG_trNEGATIVE51469_33_25,0.2574259042739868
FRAG_NEG_trNEGATIVE57399_45_25,0.12871301174163818
FRAG_NEG_trNEGATIVE89747_32_25,0.33663374185562134
FRAG_NEG_trNEGATIVE52734_65_25,0.33663374185562134
FRAG_NEG_trNEGATIVE69185_26_26,0.04950511455535889
FRAG_NEG_trNEGATIVE70176_41_26,0.2277228832244873
FRAG_NEG_trNEGATIVE65980_6_26,0.1188119649887085
FRAG_NEG_trNEGATIVE83565_16_26,0.20792090892791748
FRAG_NEG_trNEGATIVE85704_55_26,0.17821800708770752
FRAG_NEG_trNEGATIVE68670_41_26,0.0396040678024292
FRAG_NEG_trNEGATIVE67086_45_26,0.06930708885192871
FRAG_NEG_trNEGATIVE28801_34_26,0.16831696033477783
FRAG_NEG_trNEGATIVE48830_23_26,0.2277228832244873
FRAG_NEG_trNEGATIVE87985_12_26,0.029703140258789062
FRAG_NEG_trNEGATIVE40100_11_26,0.04950511455535889
FRAG_NEG_trNEGATIVE56298_21_26,0.1584160327911377
FRAG_NEG_trNEGATIVE34198_19_26,0.13861393928527832
FRAG_NEG_trNEGATIVE36657_13_26,0.24752485752105713
FRAG_NEG_trNEGATIVE72619_52_26,0.237623929977417
FRAG_NEG_trNEGATIVE78029_25_26,0.31683170795440674
FRAG_NEG_trNEGATIVE34839_6_26,0.08910906314849854
FRAG_NEG_trNEGATIVE69160_4_26,0.0396040678024292
FRAG_NEG_trNEGATIVE87717_33_26,0.2574259042739868
FRAG_NEG_trNEGATIVE79735_36_26,0.34653472900390625
FRAG_NEG_trNEGATIVE95531_3_26,0.1980198621749878
FRAG_NEG_trNEGATIVE87987_58_26,0.594059407711029
FRAG_NEG_trNEGATIVE48177_13_26,0.03960418701171875
FRAG_NEG_trNEGATIVE71135_3_26,0.42574262619018555
FRAG_NEG_trNEGATIVE62617_29_26,0.3663367033004761
FRAG_NEG_trNEGATIVE37858_19_26,0.12871301174163818
FRAG_NEG_trNEGATIVE54305_63_26,0.1584160327911377
FRAG_NEG_trNEGATIVE92377_37_26,0.20792090892791748
FRAG_NEG_trNEGATIVE89785_7_26,0.594059407711029
FRAG_NEG_trNEGATIVE67099_14_26,0.16831696033477783
FRAG_NEG_trNEGATIVE44210_17_26,0.574257493019104
FRAG_NEG_trNEGATIVE66636_43_26,0.148514986038208
FRAG_NEG_trNEGATIVE34566_31_26,0.6336634159088135
FRAG_NEG_trNEGATIVE40424_27_26,0.29702985286712646
FRAG_NEG_trNEGATIVE88363_25_26,0.3960396647453308
FRAG_NEG_trNEGATIVE81587_21_26,0.26732683181762695
FRAG_NEG_trNEGATIVE68394_29_26,0.26732683181762695
FRAG_NEG_trNEGATIVE58579_27_26,0.29702985286712646
FRAG_NEG_trNEGATIVE36159_13_26,0.10891103744506836
FRAG_NEG_trNEGATIVE30945_2_26,0.1980198621749878
FRAG_NEG_trNEGATIVE40321_58_26,0.03960418701171875
FRAG_NEG_trNEGATIVE50300_29_26,0.059406161308288574
FRAG_NEG_trNEGATIVE62676_3_26,0.009901165962219238
FRAG_NEG_trNEGATIVE45465_14_26,0.029703140258789062
FRAG_NEG_trNEGATIVE69998_6_26,0.43564361333847046
FRAG_NEG_trNEGATIVE92398_15_26,0.10891103744506836
FRAG_NEG_trNEGATIVE92192_8_26,0.5544554591178894
FRAG_NEG_trNEGATIVE39316_51_26,0.5148515105247498
FRAG_NEG_trNEGATIVE40835_58_26,0.08910906314849854
FRAG_NEG_trNEGATIVE91724_25_26,0.04950511455535889
FRAG_NEG_trNEGATIVE89653_25_26,0.10891103744506836
FRAG_NEG_trNEGATIVE34845_1_26,0.2970297336578369
FRAG_NEG_trNEGATIVE52353_35_26,0.3069307804107666
FRAG_NEG_trNEGATIVE97154_25_26,0.24752485752105713
FRAG_NEG_trNEGATIVE94215_16_26,0.4059406518936157
FRAG_NEG_trNEGATIVE44315_16_26,0.019802093505859375
FRAG_NEG_trNEGATIVE94332_30_26,0.376237690448761
FRAG_NEG_trNEGATIVE72064_25_26,0.13861405849456787
FRAG_NEG_trNEGATIVE85486_24_26,0.08910906314849854
FRAG_NEG_trNEGATIVE52381_0_26,0.11881208419799805
FRAG_NEG_trNEGATIVE44949_43_26,0.11881208419799805
FRAG_NEG_trNEGATIVE58390_2_26,0.09900999069213867
FRAG_NEG_trNEGATIVE37954_25_26,0.35643571615219116
FRAG_NEG_trNEGATIVE33611_10_26,0.2871288061141968
FRAG_NEG_trNEGATIVE62725_25_26,0.29702985286712646
FRAG_NEG_trNEGATIVE39326_38_26,0.11881208419799805
FRAG_NEG_trNEGATIVE67852_34_26,0.09900999069213867
FRAG_NEG_trNEGATIVE84283_40_26,0.6633663177490234
FRAG_NEG_trNEGATIVE60873_61_26,0.4653465747833252
FRAG_NEG_trNEGATIVE32133_1_26,0.12871301174163818
FRAG_NEG_trNEGATIVE53300_32_26,0.35643571615219116
FRAG_NEG_trNEGATIVE42955_43_26,0.07920801639556885
FRAG_NEG_trNEGATIVE94855_4_26,0.2772277593612671
FRAG_NEG_trNEGATIVE54521_31_26,0.485148549079895
FRAG_NEG_trNEGATIVE74458_47_26,0.25742578506469727
FRAG_NEG_trNEGATIVE68527_1_26,0.7128713130950928
FRAG_NEG_trNEGATIVE80976_6_26,0.4554455876350403
FRAG_NEG_trNEGATIVE68418_66_26,0.24752485752105713
FRAG_NEG_trNEGATIVE83517_9_26,0.059406161308288574
FRAG_NEG_trNEGATIVE61599_1_26,0.2970297336578369
FRAG_NEG_trNEGATIVE40281_6_26,0.04950511455535889
FRAG_NEG_trNEGATIVE95163_15_26,0.26732683181762695
FRAG_NEG_trNEGATIVE96827_49_26,0.12871301174163818
FRAG_NEG_trNEGATIVE52859_23_26,0.3663367033004761
FRAG_NEG_trNEGATIVE55800_33_26,0.26732683181762695
FRAG_NEG_trNEGATIVE82480_14_26,0.18811893463134766
FRAG_NEG_trNEGATIVE53671_42_26,0.3712872266769409
FRAG_NEG_trNEGATIVE44810_0_26,0.04950511455535889
FRAG_NEG_trNEGATIVE78368_9_26,0.019802212715148926
FRAG_NEG_trNEGATIVE40284_49_26,0.2871288061141968
FRAG_NEG_trNEGATIVE64287_67_26,0.1584160327911377
FRAG_NEG_trNEGATIVE86156_46_26,0.04950511455535889
FRAG_NEG_trNEGATIVE78433_31_26,0.10891103744506836
FRAG_NEG_trNEGATIVE77972_32_26,0.27722787857055664
FRAG_NEG_trNEGATIVE72807_34_26,0.26732683181762695
FRAG_NEG_trNEGATIVE40637_28_26,0.1980198621749878
FRAG_NEG_trNEGATIVE70420_4_26,0.06930708885192871
FRAG_NEG_trNEGATIVE90237_6_26,0.04950511455535889
FRAG_NEG_trNEGATIVE73562_37_26,0.1980198621749878
FRAG_NEG_trNEGATIVE65716_1_26,0.35643571615219116
FRAG_NEG_trNEGATIVE68296_21_26,0.3663367033004761
FRAG_NEG_trNEGATIVE61912_6_26,0.19801998138427734
FRAG_NEG_trNEGATIVE34743_10_26,0.33663374185562134
FRAG_NEG_trNEGATIVE41515_9_26,0.5247524976730347
FRAG_NEG_trNEGATIVE58305_36_26,0.3399341106414795
FRAG_NEG_trNEGATIVE32258_45_26,0.6633663177490234
FRAG_NEG_trNEGATIVE51223_10_26,0.4653465747833252
FRAG_NEG_trNEGATIVE67438_11_26,0.43564361333847046
FRAG_NEG_trNEGATIVE69416_2_26,0.10891103744506836
FRAG_NEG_trNEGATIVE54521_38_26,0.7029702663421631
FRAG_NEG_trNEGATIVE51737_15_26,0.029703140258789062
FRAG_NEG_trNEGATIVE36752_19_26,0.1188119649887085
FRAG_NEG_trNEGATIVE37837_16_26,0.19801998138427734
FRAG_NEG_trNEGATIVE38646_14_26,0.23762381076812744
FRAG_NEG_trNEGATIVE29468_26_26,0.019802093505859375
FRAG_NEG_trNEGATIVE55750_2_26,0.019802212715148926
FRAG_NEG_trNEGATIVE65938_16_26,0.04950511455535889
FRAG_NEG_trNEGATIVE68242_24_26,0.0792081356048584
FRAG_NEG_trNEGATIVE56299_32_26,0.43564361333847046
FRAG_NEG_trNEGATIVE40444_2_26,0.7095710039138794
FRAG_NEG_trNEGATIVE44904_43_26,0.06930708885192871
FRAG_NEG_trNEGATIVE69895_36_26,0.17821800708770752
FRAG_NEG_trNEGATIVE44358_30_26,0.4554455876350403
FRAG_NEG_trNEGATIVE45057_11_26,0.06930708885192871
FRAG_NEG_trNEGATIVE97053_18_26,0.26732683181762695
FRAG_NEG_trNEGATIVE77200_22_26,0.059406161308288574
FRAG_NEG_trNEGATIVE85610_7_26,0.376237690448761
FRAG_NEG_trNEGATIVE48170_3_26,0.25742578506469727
FRAG_NEG_trNEGATIVE64877_1_26,0.37623775005340576
FRAG_NEG_trNEGATIVE55038_6_26,0.2277228832244873
FRAG_NEG_trNEGATIVE60702_34_26,0.08910906314849854
FRAG_NEG_trNEGATIVE33907_32_26,0.15841591358184814
FRAG_NEG_trNEGATIVE68941_22_26,0.03960418701171875
FRAG_NEG_trNEGATIVE44378_17_26,0.019802093505859375
FRAG_NEG_trNEGATIVE70582_16_26,0.26732683181762695
FRAG_NEG_trNEGATIVE68057_18_26,0.019802212715148926
FRAG_NEG_trNEGATIVE58339_14_26,0.21782183647155762
FRAG_NEG_trNEGATIVE56403_34_26,0.3861386775970459
FRAG_NEG_trNEGATIVE54710_64_26,0.148514986038208
FRAG_NEG_trNEGATIVE92624_4_26,0.5445544719696045
FRAG_NEG_trNEGATIVE66099_2_26,0.2277228832244873
FRAG_NEG_trNEGATIVE59613_56_26,0.6534653902053833
FRAG_NEG_trNEGATIVE58276_21_26,0.25742578506469727
FRAG_NEG_trNEGATIVE89685_8_26,0.21782195568084717
FRAG_NEG_trNEGATIVE88082_4_26,0.03960418701171875
FRAG_NEG_trNEGATIVE95195_7_26,0.07920801639556885
FRAG_NEG_trNEGATIVE31586_38_26,0.5544554591178894
FRAG_NEG_trNEGATIVE71055_15_26,0.21782195568084717
FRAG_NEG_trNEGATIVE32641_13_26,0.3960396647453308
FRAG_NEG_trNEGATIVE44110_21_26,0.18811893463134766
FRAG_NEG_trNEGATIVE86259_5_26,0.23762381076812744
FRAG_NEG_trNEGATIVE70478_34_26,0.13861405849456787
FRAG_NEG_trNEGATIVE40803_15_26,0.3069307804107666
FRAG_NEG_trNEGATIVE67704_51_26,0.3267327547073364
FRAG_NEG_trNEGATIVE43244_40_26,0.13861405849456787
FRAG_NEG_trNEGATIVE40692_67_26,0.0792081356048584
FRAG_NEG_trNEGATIVE56764_12_26,0.20792090892791748
FRAG_NEG_trNEGATIVE79244_36_26,0.15841591358184814
FRAG_NEG_trNEGATIVE81766_53_26,0.16831696033477783
FRAG_NEG_trNEGATIVE84177_29_26,0.31683170795440674
FRAG_NEG_trNEGATIVE50861_26_26,0.23762381076812744
FRAG_NEG_trNEGATIVE41337_23_26,0.029703140258789062
FRAG_NEG_trNEGATIVE85695_67_26,0.07920801639556885
FRAG_NEG_trNEGATIVE46665_40_26,0.04950511455535889
FRAG_NEG_trNEGATIVE55137_37_26,0.1584160327911377
FRAG_NEG_trNEGATIVE42999_44_26,0.06930708885192871
FRAG_NEG_trNEGATIVE83705_16_26,0.20792090892791748
FRAG_NEG_trNEGATIVE88628_38_26,0.237623929977417
FRAG_NEG_trNEGATIVE91238_14_26,0.10891103744506836
FRAG_NEG_trNEGATIVE29278_12_26,0.2871288061141968
FRAG_NEG_trNEGATIVE94818_24_26,0.21782195568084717
FRAG_NEG_trNEGATIVE96505_60_26,0.18811893463134766
FRAG_NEG_trNEGATIVE44857_14_26,0.08910906314849854
FRAG_NEG_trNEGATIVE39691_58_26,0.148514986038208
FRAG_NEG_trNEGATIVE96816_33_26,0.059406161308288574
FRAG_NEG_trNEGATIVE40866_17_26,0.13861393928527832
FRAG_NEG_trNEGATIVE39874_31_26,0.20297038555145264
FRAG_NEG_trNEGATIVE50940_27_26,0.21782195568084717
FRAG_NEG_trNEGATIVE47671_10_26,0.7425742149353027
FRAG_NEG_trNEGATIVE29806_28_26,0.2970297932624817
FRAG_NEG_trNEGATIVE68929_26_26,0.06930708885192871
FRAG_NEG_trNEGATIVE89859_13_26,0.5049505233764648
FRAG_NEG_trNEGATIVE92087_25_26,0.1584160327911377
FRAG_NEG_trNEGATIVE84555_19_26,0.1188119649887085
FRAG_NEG_trNEGATIVE45659_26_26,0.10891103744506836
FRAG_NEG_trNEGATIVE65364_38_26,0.17821788787841797
FRAG_NEG_trNEGATIVE46387_11_26,0.06930708885192871
FRAG_NEG_trNEGATIVE35110_65_26,0.059406161308288574
FRAG_NEG_trNEGATIVE73494_5_26,0.059406161308288574
FRAG_NEG_trNEGATIVE73996_3_26,0.2277228832244873
FRAG_NEG_trNEGATIVE31674_32_27,0.029703140258789062
FRAG_NEG_trNEGATIVE38259_8_27,0.0396040678024292
FRAG_NEG_trNEGATIVE55106_38_27,0.04950511455535889
FRAG_NEG_trNEGATIVE96823_12_27,0.2772277593612671
FRAG_NEG_trNEGATIVE93242_21_27,0.019802212715148926
FRAG_NEG_trNEGATIVE87090_58_27,0.13861393928527832
FRAG_NEG_trNEGATIVE48694_38_27,0.24752485752105713
FRAG_NEG_trNEGATIVE47408_29_27,0.44554460048675537
FRAG_NEG_trNEGATIVE71002_6_27,0.4653465747833252
FRAG_NEG_trNEGATIVE69812_27_27,0.3960396647453308
FRAG_NEG_trNEGATIVE74034_30_27,0.3267327547073364
FRAG_NEG_trNEGATIVE87491_7_27,0.20650649070739746
FRAG_NEG_trNEGATIVE35985_47_27,0.4554455876350403
FRAG_NEG_trNEGATIVE30311_17_27,0.04950511455535889
FRAG_NEG_trNEGATIVE82043_43_27,0.12871301174163818
FRAG_NEG_trNEGATIVE76614_12_27,0.13861405849456787
FRAG_NEG_trNEGATIVE41337_30_27,0.029703140258789062
FRAG_NEG_trNEGATIVE40803_16_27,0.3267327547073364
FRAG_NEG_trNEGATIVE93505_61_27,0.09901010990142822
FRAG_NEG_trNEGATIVE44384_42_27,0.23762381076812744
FRAG_NEG_trNEGATIVE45365_46_27,0.16831696033477783
FRAG_NEG_trNEGATIVE47954_18_27,0.26732683181762695
FRAG_NEG_trNEGATIVE67258_13_27,0.2871288061141968
FRAG_NEG_trNEGATIVE72456_2_27,0.3217822313308716
FRAG_NEG_trNEGATIVE80717_12_27,0.21782195568084717
FRAG_NEG_trNEGATIVE39059_12_27,0.16831696033477783
FRAG_NEG_trNEGATIVE68941_11_27,0.13861393928527832
FRAG_NEG_trNEGATIVE38253_34_27,0.06930708885192871
FRAG_NEG_trNEGATIVE76869_36_27,0.13861405849456787
FRAG_NEG_trNEGATIVE46198_9_27,0.1980198621749878
FRAG_NEG_trNEGATIVE85675_39_27,0.13861405849456787
FRAG_NEG_trNEGATIVE63309_28_27,0.12871301174163818
FRAG_NEG_trNEGATIVE57038_19_27,0.5049505233764648
FRAG_NEG_trNEGATIVE62485_34_27,0.06930708885192871
FRAG_NEG_trNEGATIVE80421_2_27,0.07920801639556885
FRAG_NEG_trNEGATIVE58329_9_27,0.09901010990142822
FRAG_NEG_trNEGATIVE52118_11_27,0.12871301174163818
FRAG_NEG_trNEGATIVE46371_58_27,0.04950511455535889
FRAG_NEG_trNEGATIVE57102_33_27,0.2871288061141968
FRAG_NEG_trNEGATIVE71358_50_27,0.08910906314849854
FRAG_NEG_trNEGATIVE51480_46_27,0.35643571615219116
FRAG_NEG_trNEGATIVE90851_1_27,0.059406161308288574
FRAG_NEG_trNEGATIVE45465_27_27,0.019802093505859375
FRAG_NEG_trNEGATIVE78194_23_27,0.009901165962219238
FRAG_NEG_trNEGATIVE71358_44_27,0.148514986038208
FRAG_NEG_trNEGATIVE41466_36_27,0.19801998138427734
FRAG_NEG_trNEGATIVE86267_33_27,0.376237690448761
FRAG_NEG_trNEGATIVE89245_6_27,0.09900999069213867
FRAG_NEG_trNEGATIVE66500_21_27,0.33663368225097656
FRAG_NEG_trNEGATIVE89761_48_27,0.059406161308288574
FRAG_NEG_trNEGATIVE46472_19_27,0.12871301174163818
FRAG_NEG_trNEGATIVE76034_14_27,0.12871301174163818
FRAG_NEG_trNEGATIVE70250_39_27,0.3069307804107666
FRAG_NEG_trNEGATIVE50255_40_27,0.029703140258789062
FRAG_NEG_trNEGATIVE28727_26_27,0.24752485752105713
FRAG_NEG_trNEGATIVE29291_55_27,0.08910906314849854
FRAG_NEG_trNEGATIVE61146_43_27,0.06930708885192871
FRAG_NEG_trNEGATIVE42400_17_27,0.5544554591178894
FRAG_NEG_trNEGATIVE60368_22_27,0.12871301174163818
FRAG_NEG_trNEGATIVE46443_18_27,0.059406161308288574
FRAG_NEG_trNEGATIVE60757_18_27,0.04950511455535889
FRAG_NEG_trNEGATIVE44170_17_27,0.18811893463134766
FRAG_NEG_trNEGATIVE64293_38_27,0.29702985286712646
FRAG_NEG_trNEGATIVE55864_6_27,0.03960418701171875
FRAG_NEG_trNEGATIVE31893_12_27,0.5544554591178894
FRAG_NEG_trNEGATIVE85084_12_27,0.009901165962219238
FRAG_NEG_trNEGATIVE56364_1_27,0.4059406518936157
FRAG_NEG_trNEGATIVE36596_49_27,0.11881208419799805
FRAG_NEG_trNEGATIVE42340_9_27,0.29702985286712646
FRAG_NEG_trNEGATIVE88458_6_27,0.3861386775970459
FRAG_NEG_trNEGATIVE82308_13_27,0.28217828273773193
FRAG_NEG_trNEGATIVE30200_6_27,0.059406161308288574
FRAG_NEG_trNEGATIVE58726_35_27,0.06930708885192871
FRAG_NEG_trNEGATIVE28675_3_27,0.05940604209899902
FRAG_NEG_trNEGATIVE61098_15_27,0.21782195568084717
FRAG_NEG_trNEGATIVE49295_54_27,0.20792090892791748
FRAG_NEG_trNEGATIVE33363_22_27,0.3069307804107666
FRAG_NEG_trNEGATIVE38736_6_27,0.07920801639556885
FRAG_NEG_trNEGATIVE52150_43_27,0.0396040678024292
FRAG_NEG_trNEGATIVE94916_19_27,0.06930708885192871
FRAG_NEG_trNEGATIVE30311_5_27,0.029703140258789062
FRAG_NEG_trNEGATIVE33800_39_27,0.12871301174163818
FRAG_NEG_trNEGATIVE93128_5_27,0.08910906314849854
FRAG_NEG_trNEGATIVE83917_1_27,0.1584160327911377
FRAG_NEG_trNEGATIVE77801_26_27,0.06930708885192871
FRAG_NEG_trNEGATIVE59493_38_27,0.06930708885192871
FRAG_NEG_trNEGATIVE48587_33_27,0.08910906314849854
FRAG_NEG_trNEGATIVE31261_18_27,0.04950511455535889
FRAG_NEG_trNEGATIVE75343_61_27,0.0792081356048584
FRAG_NEG_trNEGATIVE71075_33_27,0.13861405849456787
FRAG_NEG_trNEGATIVE79619_10_27,0.3267327547073364
FRAG_NEG_trNEGATIVE50601_48_27,0.5841584205627441
FRAG_NEG_trNEGATIVE90816_12_27,0.24752485752105713
FRAG_NEG_trNEGATIVE88761_7_27,0.20792090892791748
FRAG_NEG_trNEGATIVE96673_45_27,0.29702985286712646
FRAG_NEG_trNEGATIVE76751_5_28,0.3069307804107666
FRAG_NEG_trNEGATIVE60765_8_28,0.03960418701171875
FRAG_NEG_trNEGATIVE92688_15_28,0.21782195568084717
FRAG_NEG_trNEGATIVE81415_25_28,0.10891103744506836
FRAG_NEG_trNEGATIVE50591_32_28,0.18811893463134766
FRAG_NEG_trNEGATIVE85557_17_28,0.029703140258789062
FRAG_NEG_trNEGATIVE60619_11_28,0.2970297336578369
FRAG_NEG_trNEGATIVE32322_17_28,0.0396040678024292
FRAG_NEG_trNEGATIVE36328_11_28,0.17821800708770752
FRAG_NEG_trNEGATIVE55526_2_28,0.09900999069213867
FRAG_NEG_trNEGATIVE29661_27_28,0.0396040678024292
FRAG_NEG_trNEGATIVE93021_35_28,0.13861393928527832
FRAG_NEG_trNEGATIVE31632_42_28,0.0396040678024292
FRAG_NEG_trNEGATIVE61755_27_28,0.03960418701171875
FRAG_NEG_trNEGATIVE67929_15_28,0.0396040678024292
FRAG_NEG_trNEGATIVE90106_12_28,0.13861393928527832
FRAG_NEG_trNEGATIVE84570_54_28,0.04950511455535889
FRAG_NEG_trNEGATIVE53628_5_28,0.0792081356048584
FRAG_NEG_trNEGATIVE79784_0_28,0.2574259042739868
FRAG_NEG_trNEGATIVE29268_54_28,0.37623775005340576
FRAG_NEG_trNEGATIVE80933_7_28,0.148514986038208
FRAG_NEG_trNEGATIVE92794_7_28,0.16831696033477783
FRAG_NEG_trNEGATIVE59284_6_28,0.029703140258789062
FRAG_NEG_trNEGATIVE40889_28_28,0.2772277593612671
FRAG_NEG_trNEGATIVE69335_25_28,0.019802093505859375
FRAG_NEG_trNEGATIVE29916_21_28,0.21782195568084717
FRAG_NEG_trNEGATIVE78029_7_28,0.12871301174163818
FRAG_NEG_trNEGATIVE34162_32_28,0.009901165962219238
FRAG_NEG_trNEGATIVE74548_50_28,0.019802093505859375
FRAG_NEG_trNEGATIVE64293_49_28,0.08910906314849854
FRAG_NEG_trNEGATIVE37173_10_28,0.3069307804107666
FRAG_NEG_trNEGATIVE29886_11_28,0.2871288061141968
FRAG_NEG_trNEGATIVE71818_25_28,0.1188119649887085
FRAG_NEG_trNEGATIVE66816_12_28,0.009901165962219238
FRAG_NEG_trNEGATIVE34681_18_28,0.148514986038208
FRAG_NEG_trNEGATIVE84745_33_28,0.09240937232971191
FRAG_NEG_trNEGATIVE62084_57_28,0.04950511455535889
FRAG_NEG_trNEGATIVE65195_31_28,0.17821800708770752
FRAG_NEG_trNEGATIVE85245_12_28,0.07920801639556885
FRAG_NEG_trNEGATIVE76311_23_28,0.20792090892791748
FRAG_NEG_trNEGATIVE76614_12_28,0.2277228832244873
FRAG_NEG_trNEGATIVE60873_70_28,0.35643571615219116
FRAG_NEG_trNEGATIVE69352_31_28,0.08910906314849854
FRAG_NEG_trNEGATIVE46631_40_28,0.08910906314849854
FRAG_NEG_trNEGATIVE54090_15_28,0.10891103744506836
FRAG_NEG_trNEGATIVE75204_42_28,0.3564356565475464
FRAG_NEG_trNEGATIVE28081_6_28,0.49504953622817993
FRAG_NEG_trNEGATIVE81097_64_28,0.24752485752105713
FRAG_NEG_trNEGATIVE55800_20_28,0.18811893463134766
FRAG_NEG_trNEGATIVE46585_14_28,0.3960396647453308
FRAG_NEG_trNEGATIVE89473_29_28,0.11551165580749512
FRAG_NEG_trNEGATIVE29456_47_28,0.0396040678024292
FRAG_NEG_trNEGATIVE32833_33_28,0.03960418701171875
FRAG_NEG_trNEGATIVE86453_6_28,0.019802093505859375
FRAG_NEG_trNEGATIVE84681_18_28,0.009901165962219238
FRAG_NEG_trNEGATIVE66504_0_28,0.21782195568084717
FRAG_NEG_trNEGATIVE63428_33_28,0.019802093505859375
FRAG_NEG_trNEGATIVE75199_10_28,0.148514986038208
FRAG_NEG_trNEGATIVE56625_43_28,0.09901010990142822
FRAG_NEG_trNEGATIVE52150_12_28,0.0792081356048584
FRAG_NEG_trNEGATIVE27992_34_28,0.059406161308288574
FRAG_NEG_trNEGATIVE52191_6_28,0.17821788787841797
FRAG_NEG_trNEGATIVE68112_5_28,0.41584163904190063
FRAG_NEG_trNEGATIVE62088_3_28,0.08910906314849854
FRAG_NEG_trNEGATIVE37753_36_28,0.06930708885192871
FRAG_NEG_trNEGATIVE65249_13_28,0.13861405849456787
FRAG_NEG_trNEGATIVE72144_24_28,0.08910906314849854
FRAG_NEG_trNEGATIVE89126_43_28,0.18811893463134766
FRAG_NEG_trNEGATIVE48466_48_28,0.03960418701171875
FRAG_NEG_trNEGATIVE85486_10_28,0.009901165962219238
FRAG_NEG_trNEGATIVE84467_11_28,0.21782183647155762
FRAG_NEG_trNEGATIVE87476_43_28,0.019802093505859375
FRAG_NEG_trNEGATIVE39078_3_28,0.20792090892791748
FRAG_NEG_trNEGATIVE68695_68_28,0.029703140258789062
FRAG_NEG_trNEGATIVE32913_20_28,0.21782183647155762
FRAG_NEG_trNEGATIVE76557_40_28,0.16831696033477783
FRAG_NEG_trNEGATIVE64135_20_29,0.43564361333847046
FRAG_NEG_trNEGATIVE46929_30_29,0.3861386775970459
FRAG_NEG_trNEGATIVE92087_11_29,0.09900999069213867
FRAG_NEG_trNEGATIVE54890_5_29,0.1584160327911377
FRAG_NEG_trNEGATIVE52439_30_29,0.10891103744506836
FRAG_NEG_trNEGATIVE59021_5_29,0.21782195568084717
FRAG_NEG_trNEGATIVE92870_54_29,1.1920928955078125e-07
FRAG_NEG_trNEGATIVE80194_8_29,0.148514986038208
FRAG_NEG_trNEGATIVE38987_3_29,0.3366338014602661
FRAG_NEG_trNEGATIVE83228_6_29,0.148514986038208
FRAG_NEG_trNEGATIVE82185_19_29,0.06930708885192871
FRAG_NEG_trNEGATIVE96305_41_29,0.04950511455535889
FRAG_NEG_trNEGATIVE30451_16_29,0.3168317675590515
FRAG_NEG_trNEGATIVE96374_48_29,0.029703140258789062
FRAG_NEG_trNEGATIVE97143_5_29,0.11881208419799805
FRAG_NEG_trNEGATIVE59112_15_29,0.148514986038208
FRAG_NEG_trNEGATIVE57570_36_29,0.5346534848213196
FRAG_NEG_trNEGATIVE67929_9_29,0.019802212715148926
FRAG_NEG_trNEGATIVE69351_3_29,0.04950511455535889
FRAG_NEG_trNEGATIVE73549_39_29,0.04950511455535889
FRAG_NEG_trNEGATIVE50130_9_29,0.03960418701171875
FRAG_NEG_trNEGATIVE68741_15_29,0.26732683181762695
FRAG_NEG_trNEGATIVE45659_0_29,0.21782183647155762
FRAG_NEG_trNEGATIVE80976_36_29,0.09901010990142822
FRAG_NEG_trNEGATIVE74328_12_29,0.05940604209899902
FRAG_NEG_trNEGATIVE34913_48_29,0.148514986038208
FRAG_NEG_trNEGATIVE81578_25_29,0.148514986038208
FRAG_NEG_trNEGATIVE90914_23_29,0.4059406518936157
FRAG_NEG_trNEGATIVE73415_21_29,0.17821788787841797
FRAG_NEG_trNEGATIVE83523_17_29,0.03960418701171875
FRAG_NEG_trNEGATIVE97593_26_29,0.7277227640151978
FRAG_NEG_trNEGATIVE90002_37_29,0.029703140258789062
FRAG_NEG_trNEGATIVE90306_17_29,0.04950511455535889
FRAG_NEG_trNEGATIVE65262_40_29,0.06930708885192871
FRAG_NEG_trNEGATIVE29638_9_29,0.16831696033477783
FRAG_NEG_trNEGATIVE64424_0_29,0.13861405849456787
FRAG_NEG_trNEGATIVE96062_32_29,0.3861386775970459
FRAG_NEG_trNEGATIVE82842_25_29,0.10891103744506836
FRAG_NEG_trNEGATIVE79045_0_29,0.06930708885192871
FRAG_NEG_trNEGATIVE94557_3_29,0.009901165962219238
FRAG_NEG_trNEGATIVE72212_30_29,1.1920928955078125e-07
FRAG_NEG_trNEGATIVE65709_39_29,1.1920928955078125e-07
FRAG_NEG_trNEGATIVE78787_34_29,0.309406042098999
FRAG_NEG_trNEGATIVE27835_6_29,0.12871301174163818
FRAG_NEG_trNEGATIVE55818_3_29,0.09900999069213867
FRAG_NEG_trNEGATIVE32866_24_29,0.029703140258789062
FRAG_NEG_trNEGATIVE45970_4_29,0.27722787857055664
FRAG_NEG_trNEGATIVE85783_28_29,0.019802093505859375
FRAG_NEG_trNEGATIVE41853_8_29,0.16831696033477783
FRAG_NEG_trNEGATIVE36313_35_29,0.13861393928527832
FRAG_NEG_trNEGATIVE48109_40_29,0.25742578506469727
FRAG_NEG_trNEGATIVE29294_17_29,0.0396040678024292
FRAG_NEG_trNEGATIVE35988_42_29,0.18811893463134766
FRAG_NEG_trNEGATIVE85930_34_29,0.6237623691558838
FRAG_NEG_trNEGATIVE82949_12_29,0.04950511455535889
FRAG_NEG_trNEGATIVE76393_26_29,0.09901010990142822
FRAG_NEG_trNEGATIVE86287_23_29,0.3663367033004761
FRAG_NEG_trNEGATIVE60950_4_29,0.04950511455535889
FRAG_NEG_trNEGATIVE94801_13_29,0.06930708885192871
FRAG_NEG_trNEGATIVE55065_8_29,0.376237690448761
FRAG_NEG_trNEGATIVE30871_18_29,0.04950511455535889
FRAG_NEG_trNEGATIVE51907_15_29,1.1920928955078125e-07
FRAG_NEG_trNEGATIVE32285_35_29,0.16831696033477783
FRAG_NEG_trNEGATIVE73951_22_29,0.12871301174163818
FRAG_NEG_trNEGATIVE43166_39_29,0.376237690448761
FRAG_NEG_trNEGATIVE68937_48_29,0.029703140258789062
FRAG_NEG_trNEGATIVE32228_44_29,0.2871288061141968
FRAG_NEG_trNEGATIVE76376_39_29,0.3168318271636963
FRAG_NEG_trNEGATIVE97196_5_29,0.019802093505859375
FRAG_NEG_trNEGATIVE42973_8_29,0.029703140258789062
FRAG_NEG_trNEGATIVE91108_24_29,0.237623929977417
FRAG_NEG_trNEGATIVE34973_23_29,0.12871301174163818
FRAG_NEG_trNEGATIVE30776_40_29,0.1188119649887085
FRAG_NEG_trNEGATIVE80821_51_29,0.11881208419799805
FRAG_NEG_trNEGATIVE76846_24_29,0.10891103744506836
FRAG_NEG_trNEGATIVE87976_1_29,0.19801998138427734
FRAG_NEG_trNEGATIVE69614_46_29,0.019802093505859375
FRAG_NEG_trNEGATIVE43815_40_29,0.04950511455535889
FRAG_NEG_trNEGATIVE68825_33_29,0.09900999069213867
FRAG_NEG_trNEGATIVE45046_18_29,0.2029705047607422
FRAG_NEG_trNEGATIVE33802_58_29,0.059406161308288574
FRAG_NEG_trNEGATIVE65318_21_29,0.2970297336578369
FRAG_NEG_trNEGATIVE55864_25_29,0.11881208419799805
FRAG_NEG_trNEGATIVE64700_18_29,0.34653472900390625
FRAG_NEG_trNEGATIVE91758_29_29,0.06930708885192871
FRAG_NEG_trNEGATIVE35416_6_29,0.11881208419799805
FRAG_NEG_trNEGATIVE76861_26_29,0.019802212715148926
FRAG_NEG_trNEGATIVE50364_58_29,0.20792090892791748
FRAG_NEG_trNEGATIVE59725_0_29,0.029703140258789062
FRAG_NEG_trNEGATIVE80147_14_29,0.12871301174163818
FRAG_NEG_trNEGATIVE82228_3_29,0.42574262619018555
FRAG_NEG_trNEGATIVE86282_0_29,0.20792090892791748
FRAG_NEG_trNEGATIVE28784_5_29,0.019802212715148926
FRAG_NEG_trNEGATIVE68784_30_29,0.3861386775970459
FRAG_NEG_trNEGATIVE30330_11_29,0.1980198621749878
FRAG_NEG_trNEGATIVE72698_8_30,0.1584160327911377
FRAG_NEG_trNEGATIVE48791_35_30,0.26732683181762695
FRAG_NEG_trNEGATIVE28234_42_30,0.3663367033004761
FRAG_NEG_trNEGATIVE33162_15_30,0.5643564462661743
FRAG_NEG_trNEGATIVE74115_13_30,0.24752485752105713
FRAG_NEG_trNEGATIVE52960_10_30,0.1188119649887085
FRAG_NEG_trNEGATIVE95580_35_30,0.13861405849456787
FRAG_NEG_trNEGATIVE37954_16_30,0.29702985286712646
FRAG_NEG_trNEGATIVE43004_38_30,0.059406161308288574
FRAG_NEG_trNEGATIVE44942_26_30,0.10891103744506836
FRAG_NEG_trNEGATIVE43166_48_30,0.5346534848213196
FRAG_NEG_trNEGATIVE87776_12_30,0.2821783423423767
FRAG_NEG_trNEGATIVE45545_18_30,0.43564361333847046
FRAG_NEG_trNEGATIVE54890_24_30,0.4554455876350403
FRAG_NEG_trNEGATIVE34860_1_30,0.2871288061141968
FRAG_NEG_trNEGATIVE75791_16_30,0.17821800708770752
FRAG_NEG_trNEGATIVE67572_55_30,0.0792081356048584
FRAG_NEG_trNEGATIVE57859_55_30,0.33663374185562134
FRAG_NEG_trNEGATIVE39288_25_30,0.029703140258789062
FRAG_NEG_trNEGATIVE39687_32_30,0.2772277593612671
FRAG_NEG_trNEGATIVE55853_26_30,0.1188119649887085
FRAG_NEG_trNEGATIVE35845_15_30,0.029703140258789062
FRAG_NEG_trNEGATIVE95213_41_30,0.059406161308288574
FRAG_NEG_trNEGATIVE37858_6_30,0.04950511455535889
FRAG_NEG_trNEGATIVE94663_35_30,0.0792081356048584
FRAG_NEG_trNEGATIVE84205_63_30,0.6534653902053833
FRAG_NEG_trNEGATIVE83034_37_30,0.148514986038208
FRAG_NEG_trNEGATIVE38106_25_30,0.0396040678024292
FRAG_NEG_trNEGATIVE35045_26_30,0.05940604209899902
FRAG_NEG_trNEGATIVE47812_6_30,0.09901010990142822
FRAG_NEG_trNEGATIVE32156_29_30,0.3267327547073364
FRAG_NEG_trNEGATIVE50130_16_30,0.237623929977417
FRAG_NEG_trNEGATIVE35790_55_30,0.29702985286712646
FRAG_NEG_trNEGATIVE71861_6_30,0.1188119649887085
FRAG_NEG_trNEGATIVE91641_31_30,0.06930708885192871
FRAG_NEG_trNEGATIVE78106_23_30,0.15841591358184814
FRAG_NEG_trNEGATIVE48267_20_30,0.25742578506469727
FRAG_NEG_trNEGATIVE67478_8_30,0.44554460048675537
FRAG_NEG_trNEGATIVE88425_64_30,0.26732683181762695
FRAG_NEG_trNEGATIVE45664_17_30,0.2871288061141968
FRAG_NEG_trNEGATIVE85610_13_30,0.26732683181762695
FRAG_NEG_trNEGATIVE88073_20_30,0.05940604209899902
FRAG_NEG_trNEGATIVE66008_19_30,0.237623929977417
FRAG_NEG_trNEGATIVE54029_8_30,0.04950511455535889
FRAG_NEG_trNEGATIVE88661_39_30,0.10891103744506836
FRAG_NEG_trNEGATIVE67287_51_30,1.1920928955078125e-07
FRAG_NEG_trNEGATIVE76602_18_30,0.3960396647453308
FRAG_NEG_trNEGATIVE29638_41_30,0.019802093505859375
FRAG_NEG_trNEGATIVE36706_54_30,0.08910906314849854
FRAG_NEG_trNEGATIVE87088_13_30,0.04950511455535889
FRAG_NEG_trNEGATIVE55389_21_30,0.16831696033477783
FRAG_NEG_trNEGATIVE41157_27_30,0.029703140258789062
FRAG_NEG_trNEGATIVE80548_45_30,0.6237623691558838
FRAG_NEG_trNEGATIVE56654_15_30,0.07920801639556885
FRAG_NEG_trNEGATIVE85742_21_30,0.376237690448761
FRAG_NEG_trNEGATIVE47740_31_30,0.04950511455535889
FRAG_NEG_trNEGATIVE80746_43_30,0.3960396647453308
FRAG_NEG_trNEGATIVE82585_40_30,0.27722787857055664
FRAG_NEG_trNEGATIVE45688_20_30,0.3069307804107666
FRAG_NEG_trNEGATIVE71322_34_30,0.019802212715148926
FRAG_NEG_trNEGATIVE35239_4_30,0.16831696033477783
FRAG_NEG_trNEGATIVE81516_3_30,1.1920928955078125e-07
FRAG_NEG_trNEGATIVE51673_34_30,0.13861405849456787
FRAG_NEG_trNEGATIVE76461_61_30,0.13861405849456787
FRAG_NEG_trNEGATIVE55825_51_30,0.21782183647155762
FRAG_NEG_trNEGATIVE83887_58_30,0.1188119649887085
FRAG_NEG_trNEGATIVE44889_2_30,0.009901165962219238
FRAG_NEG_trNEGATIVE74586_27_30,0.34653472900390625
FRAG_NEG_trNEGATIVE44368_11_30,0.25742578506469727
FRAG_NEG_trNEGATIVE54448_58_30,0.1584160327911377
FRAG_NEG_trNEGATIVE49543_8_30,0.12871301174163818
FRAG_NEG_trNEGATIVE84463_5_30,0.06930708885192871
FRAG_NEG_trNEGATIVE36422_17_30,0.08910906314849854
FRAG_NEG_trNEGATIVE61955_0_30,0.12871301174163818
FRAG_NEG_trNEGATIVE46134_35_30,0.2970297336578369
FRAG_NEG_trNEGATIVE90580_22_30,0.13861405849456787
FRAG_NEG_trNEGATIVE58405_15_30,0.06930708885192871
FRAG_NEG_trNEGATIVE35273_26_31,0.1980198621749878
FRAG_NEG_trNEGATIVE83917_4_31,0.19801998138427734
FRAG_NEG_trNEGATIVE83228_29_31,0.08910906314849854
FRAG_NEG_trNEGATIVE32778_54_31,0.07920801639556885
FRAG_NEG_trNEGATIVE70131_35_31,0.12871301174163818
FRAG_NEG_trNEGATIVE86969_2_31,0.03960418701171875
FRAG_NEG_trNEGATIVE58110_68_31,0.3267327547073364
FRAG_NEG_trNEGATIVE78071_9_31,0.5346535444259644
FRAG_NEG_trNEGATIVE42219_29_31,0.10891103744506836
FRAG_NEG_trNEGATIVE38626_2_31,0.20792090892791748
FRAG_NEG_trNEGATIVE30105_15_31,0.148514986038208
FRAG_NEG_trNEGATIVE54445_5_31,0.3069307804107666
FRAG_NEG_trNEGATIVE47649_37_31,0.24752485752105713
FRAG_NEG_trNEGATIVE39927_36_31,0.34653472900390625
FRAG_NEG_trNEGATIVE37909_6_31,0.03960418701171875
FRAG_NEG_trNEGATIVE94390_23_31,0.16831696033477783
FRAG_NEG_trNEGATIVE46780_29_31,0.06930708885192871
FRAG_NEG_trNEGATIVE62706_24_31,0.10891103744506836
FRAG_NEG_trNEGATIVE68091_58_31,0.3267327547073364
FRAG_NEG_trNEGATIVE60471_3_31,0.019802093505859375
FRAG_NEG_trNEGATIVE85498_24_31,0.16831696033477783
FRAG_NEG_trNEGATIVE27872_24_31,0.07920801639556885
FRAG_NEG_trNEGATIVE58437_40_31,0.148514986038208
FRAG_NEG_trNEGATIVE50959_0_31,0.3069307804107666
FRAG_NEG_trNEGATIVE69222_40_31,0.3663367033004761
FRAG_NEG_trNEGATIVE74080_52_31,0.16831696033477783
FRAG_NEG_trNEGATIVE90691_3_31,0.3168317675590515
FRAG_NEG_trNEGATIVE60038_19_31,0.09901010990142822
FRAG_NEG_trNEGATIVE72674_14_31,0.19801998138427734
FRAG_NEG_trNEGATIVE69996_11_31,0.16831696033477783
FRAG_NEG_trNEGATIVE47292_12_31,0.1980198621749878
FRAG_NEG_trNEGATIVE56939_26_31,0.019802093505859375
FRAG_NEG_trNEGATIVE63443_0_31,0.04950511455535889
FRAG_NEG_trNEGATIVE55791_1_31,0.029703140258789062
FRAG_NEG_trNEGATIVE41688_32_31,0.33663368225097656
FRAG_NEG_trNEGATIVE81993_26_31,0.0396040678024292
FRAG_NEG_trNEGATIVE86130_25_31,0.2871288061141968
FRAG_NEG_trNEGATIVE83484_56_31,0.19801998138427734
FRAG_NEG_trNEGATIVE88900_27_31,0.16831696033477783
FRAG_NEG_trNEGATIVE29046_32_31,0.08910906314849854
FRAG_NEG_trNEGATIVE39801_12_31,0.06930708885192871
FRAG_NEG_trNEGATIVE42973_17_31,0.019802212715148926
FRAG_NEG_trNEGATIVE84896_41_31,0.10891103744506836
FRAG_NEG_trNEGATIVE89053_56_31,0.09900999069213867
FRAG_NEG_trNEGATIVE71995_0_31,0.019802093505859375
FRAG_NEG_trNEGATIVE87704_60_31,0.20792090892791748
FRAG_NEG_trNEGATIVE92999_28_31,0.09901010990142822
FRAG_NEG_trNEGATIVE46818_51_31,0.10891103744506836
FRAG_NEG_trNEGATIVE34230_2_31,0.1584160327911377
FRAG_NEG_trNEGATIVE52594_9_31,0.21782183647155762
FRAG_NEG_trNEGATIVE35378_28_31,0.06930708885192871
FRAG_NEG_trNEGATIVE41051_35_31,0.34653472900390625
FRAG_NEG_trNEGATIVE63751_8_31,0.1584160327911377
FRAG_NEG_trNEGATIVE30578_2_32,0.5049505233764648
FRAG_NEG_trNEGATIVE53308_31_32,0.04950511455535889
FRAG_NEG_trNEGATIVE29015_30_32,0.059406161308288574
FRAG_NEG_trNEGATIVE30451_24_32,0.12871301174163818
FRAG_NEG_trNEGATIVE49250_19_32,0.06930708885192871
FRAG_NEG_trNEGATIVE82506_6_32,0.4752475619316101
FRAG_NEG_trNEGATIVE45582_36_32,0.029703140258789062
FRAG_NEG_trNEGATIVE74586_25_32,0.3663367033004761
FRAG_NEG_trNEGATIVE92723_16_32,0.019802093505859375
FRAG_NEG_trNEGATIVE46801_6_32,0.20792090892791748
FRAG_NEG_trNEGATIVE60486_21_32,0.019802093505859375
FRAG_NEG_trNEGATIVE40873_6_32,0.12871301174163818
FRAG_NEG_trNEGATIVE64540_8_32,0.04950511455535889
FRAG_NEG_trNEGATIVE41179_22_32,0.10891103744506836
FRAG_NEG_trNEGATIVE91895_37_32,0.13861405849456787
FRAG_NEG_trNEGATIVE45411_12_32,0.07920801639556885
FRAG_NEG_trNEGATIVE28081_49_32,0.12871301174163818
FRAG_NEG_trNEGATIVE76036_14_32,0.059406161308288574
FRAG_NEG_trNEGATIVE50432_5_32,0.376237690448761
FRAG_NEG_trNEGATIVE30704_21_32,0.42574262619018555
FRAG_NEG_trNEGATIVE60306_20_32,0.237623929977417
FRAG_NEG_trNEGATIVE58174_24_32,0.35643571615219116
FRAG_NEG_trNEGATIVE44516_28_32,0.019802093505859375
FRAG_NEG_trNEGATIVE64622_5_32,0.13861405849456787
FRAG_NEG_trNEGATIVE91108_8_32,0.2871288061141968
FRAG_NEG_trNEGATIVE75403_21_32,0.0792081356048584
FRAG_NEG_trNEGATIVE59638_21_32,0.1188119649887085
FRAG_NEG_trNEGATIVE43205_13_32,0.42574262619018555
FRAG_NEG_trNEGATIVE83814_27_32,0.10891103744506836
FRAG_NEG_trNEGATIVE39352_1_32,0.06930708885192871
FRAG_NEG_trNEGATIVE73185_28_32,0.16831696033477783
FRAG_NEG_trNEGATIVE30109_24_32,0.15841591358184814
FRAG_NEG_trNEGATIVE96995_36_32,0.13861405849456787
FRAG_NEG_trNEGATIVE30109_23_32,0.13861405849456787
FRAG_NEG_trNEGATIVE46454_32_32,0.08910906314849854
FRAG_NEG_trNEGATIVE92883_5_32,0.06930708885192871
FRAG_NEG_trNEGATIVE27711_23_32,1.1920928955078125e-07
FRAG_NEG_trNEGATIVE64287_66_32,0.237623929977417
FRAG_NEG_trNEGATIVE30259_48_32,0.20792090892791748
FRAG_NEG_trNEGATIVE69352_36_32,0.08910906314849854
FRAG_NEG_trNEGATIVE44278_5_32,0.376237690448761
FRAG_NEG_trNEGATIVE93710_49_32,0.2277228832244873
FRAG_NEG_trNEGATIVE72970_22_32,0.24752485752105713
FRAG_NEG_trNEGATIVE67125_0_32,0.33663374185562134
FRAG_NEG_trNEGATIVE38597_41_32,0.148514986038208
FRAG_NEG_trNEGATIVE54856_29_32,0.09901010990142822
FRAG_NEG_trNEGATIVE93189_61_32,0.3564356565475464
FRAG_NEG_trNEGATIVE91781_8_32,0.06930708885192871
FRAG_NEG_trNEGATIVE88034_33_32,0.25742578506469727
FRAG_NEG_trNEGATIVE72748_1_32,0.019802212715148926
FRAG_NEG_trNEGATIVE75211_0_32,0.04950511455535889
FRAG_NEG_trNEGATIVE92379_28_32,1.1920928955078125e-07
FRAG_NEG_trNEGATIVE76896_26_32,0.10891103744506836
FRAG_NEG_trNEGATIVE56128_46_32,0.16831696033477783
FRAG_NEG_trNEGATIVE50647_21_32,0.059406161308288574
FRAG_NEG_trNEGATIVE29006_38_32,0.03960418701171875
FRAG_NEG_trNEGATIVE33802_46_32,0.04950511455535889
FRAG_NEG_trNEGATIVE48868_25_32,0.0396040678024292
FRAG_NEG_trNEGATIVE82692_24_32,0.26732683181762695
FRAG_NEG_trNEGATIVE93907_1_32,0.09900999069213867
FRAG_NEG_trNEGATIVE44480_4_33,0.44554460048675537
FRAG_NEG_trNEGATIVE61201_13_33,0.17821788787841797
FRAG_NEG_trNEGATIVE61136_31_33,0.08910906314849854
FRAG_NEG_trNEGATIVE84218_23_33,0.09901010990142822
FRAG_NEG_trNEGATIVE77919_0_33,0.04950511455535889
FRAG_NEG_trNEGATIVE87308_11_33,0.43564361333847046
FRAG_NEG_trNEGATIVE27498_21_33,0.1980198621749878
FRAG_NEG_trNEGATIVE91027_19_33,1.1920928955078125e-07
FRAG_NEG_trNEGATIVE70176_57_33,0.0396040678024292
FRAG_NEG_trNEGATIVE36430_40_33,0.3267327547073364
FRAG_NEG_trNEGATIVE66240_41_33,0.5445544719696045
FRAG_NEG_trNEGATIVE63306_7_33,0.4059406518936157
FRAG_NEG_trNEGATIVE51121_11_33,0.2772277593612671
FRAG_NEG_trNEGATIVE48094_30_33,0.019802093505859375
FRAG_NEG_trNEGATIVE48435_19_33,0.04950511455535889
FRAG_NEG_trNEGATIVE35076_60_33,0.10891103744506836
FRAG_NEG_trNEGATIVE58022_2_33,0.34653472900390625
FRAG_NEG_trNEGATIVE83073_28_33,0.2970297336578369
FRAG_NEG_trNEGATIVE94910_53_33,0.5049505233764648
FRAG_NEG_trNEGATIVE69080_20_33,0.4059406518936157
FRAG_NEG_trNEGATIVE29177_23_33,0.09901010990142822
FRAG_NEG_trNEGATIVE95220_0_33,0.34653472900390625
FRAG_NEG_trNEGATIVE86979_3_33,0.06930708885192871
FRAG_NEG_trNEGATIVE89924_6_33,0.05940604209899902
FRAG_NEG_trNEGATIVE46529_33_33,0.08910906314849854
FRAG_NEG_trNEGATIVE88110_2_33,0.148514986038208
FRAG_NEG_trNEGATIVE95322_38_33,0.05940604209899902
FRAG_NEG_trNEGATIVE93851_44_33,0.12871301174163818
FRAG_NEG_trNEGATIVE92408_5_33,0.5049505233764648
FRAG_NEG_trNEGATIVE52626_28_33,1.1920928955078125e-07
FRAG_NEG_trNEGATIVE80087_38_33,0.3267327547073364
FRAG_NEG_trNEGATIVE86688_19_33,0.4059406518936157
FRAG_NEG_trNEGATIVE39006_37_33,0.13861405849456787
FRAG_NEG_trNEGATIVE85011_8_33,0.3861386775970459
FRAG_NEG_trNEGATIVE39066_4_33,0.42574262619018555
FRAG_NEG_trNEGATIVE83584_27_33,0.09900999069213867
FRAG_NEG_trNEGATIVE77328_45_33,0.20792090892791748
FRAG_NEG_trNEGATIVE89761_44_33,0.1188119649887085
FRAG_NEG_trNEGATIVE72230_2_33,0.019802093505859375
FRAG_NEG_trNEGATIVE84403_11_33,0.06930708885192871
FRAG_NEG_trNEGATIVE66173_5_33,0.2277228832244873
FRAG_NEG_trNEGATIVE65461_23_33,0.029703140258789062
FRAG_NEG_trNEGATIVE62804_12_33,0.06930708885192871
FRAG_NEG_trNEGATIVE86660_46_33,0.5445544719696045
FRAG_NEG_trNEGATIVE92112_57_34,0.24752485752105713
FRAG_NEG_trNEGATIVE96551_10_34,0.35643571615219116
FRAG_NEG_trNEGATIVE27515_35_34,0.03960418701171875
FRAG_NEG_trNEGATIVE74582_12_34,0.019802093505859375
FRAG_NEG_trNEGATIVE39818_54_34,0.09900999069213867
FRAG_NEG_trNEGATIVE32585_4_34,0.04950511455535889
FRAG_NEG_trNEGATIVE62719_4_34,0.009901165962219238
FRAG_NEG_trNEGATIVE94456_15_34,0.009901165962219238
FRAG_NEG_trNEGATIVE34521_5_34,0.37623775005340576
FRAG_NEG_trNEGATIVE71344_0_34,1.1920928955078125e-07
FRAG_NEG_trNEGATIVE53087_23_34,0.009901165962219238
FRAG_NEG_trNEGATIVE64924_8_34,0.15841591358184814
FRAG_NEG_trNEGATIVE80219_58_34,0.3168318271636963
FRAG_NEG_trNEGATIVE40588_31_34,0.09901010990142822
FRAG_NEG_trNEGATIVE64817_23_34,0.2871288061141968
FRAG_NEG_trNEGATIVE95322_10_34,0.11881208419799805
FRAG_NEG_trNEGATIVE61021_11_34,0.04950511455535889
FRAG_NEG_trNEGATIVE64620_1_34,0.1584160327911377
FRAG_NEG_trNEGATIVE96678_13_34,0.10891103744506836
FRAG_NEG_trNEGATIVE46189_31_34,0.009901165962219238
FRAG_NEG_trNEGATIVE34049_33_34,0.237623929977417
FRAG_NEG_trNEGATIVE78222_41_34,0.16831696033477783
FRAG_NEG_trNEGATIVE38194_53_34,0.029703140258789062
FRAG_NEG_trNEGATIVE69222_26_34,0.059406161308288574
FRAG_NEG_trNEGATIVE73312_30_34,0.26732683181762695
FRAG_NEG_trNEGATIVE80543_29_34,0.13861393928527832
FRAG_NEG_trNEGATIVE28441_58_34,0.03960418701171875
FRAG_NEG_trNEGATIVE62765_23_34,0.237623929977417
FRAG_NEG_trNEGATIVE81807_5_34,0.19801998138427734
FRAG_NEG_trNEGATIVE96787_28_34,0.20792090892791748
FRAG_NEG_trNEGATIVE44968_7_34,0.2277228832244873
FRAG_NEG_trNEGATIVE88599_6_34,0.029703140258789062
FRAG_NEG_trNEGATIVE83649_8_34,0.2277228832244873
FRAG_NEG_trNEGATIVE81470_25_34,0.07920801639556885
FRAG_NEG_trNEGATIVE57824_34_34,0.009901165962219238
FRAG_NEG_trNEGATIVE50090_6_34,0.1584160327911377
FRAG_NEG_trNEGATIVE84074_10_34,0.4752475619316101
FRAG_NEG_trNEGATIVE82630_10_35,0.03960418701171875
FRAG_NEG_trNEGATIVE53217_10_35,0.17821800708770752
FRAG_NEG_trNEGATIVE54242_21_35,0.009901165962219238
FRAG_NEG_trNEGATIVE34019_39_35,0.13861393928527832
FRAG_NEG_trNEGATIVE92304_12_35,0.17821800708770752
FRAG_NEG_trNEGATIVE32583_3_35,0.24752485752105713
FRAG_NEG_trNEGATIVE76034_16_35,0.18811893463134766
FRAG_NEG_trNEGATIVE74887_40_35,0.029703140258789062
FRAG_NEG_trNEGATIVE35165_20_35,0.15841591358184814
FRAG_NEG_trNEGATIVE69804_10_35,0.21782183647155762
FRAG_NEG_trNEGATIVE84350_1_35,0.09900999069213867
FRAG_NEG_trNEGATIVE87887_0_35,1.1920928955078125e-07
FRAG_NEG_trNEGATIVE53070_11_35,0.17821800708770752
FRAG_NEG_trNEGATIVE28374_2_35,0.029703140258789062
FRAG_NEG_trNEGATIVE96418_18_35,0.009901165962219238
FRAG_NEG_trNEGATIVE76571_25_35,0.43564361333847046
FRAG_NEG_trNEGATIVE45649_7_35,0.08910906314849854
FRAG_NEG_trNEGATIVE53308_40_35,0.148514986038208
FRAG_NEG_trNEGATIVE82168_9_35,0.06930708885192871
FRAG_NEG_trNEGATIVE35980_29_35,0.3861386775970459
FRAG_NEG_trNEGATIVE88762_4_35,0.3069307804107666
FRAG_NEG_trNEGATIVE53667_43_35,1.1920928955078125e-07
FRAG_NEG_trNEGATIVE65262_38_35,0.11881208419799805
FRAG_NEG_trNEGATIVE61287_30_35,0.07920801639556885
FRAG_NEG_trNEGATIVE36423_6_35,0.26732683181762695
FRAG_NEG_trNEGATIVE47954_10_35,0.2871288061141968
FRAG_NEG_trNEGATIVE63375_0_35,0.04950511455535889
FRAG_NEG_trNEGATIVE57384_27_35,0.18811893463134766
FRAG_NEG_trNEGATIVE72230_12_35,0.009901165962219238
FRAG_NEG_trNEGATIVE42872_21_35,0.11881208419799805
FRAG_NEG_trNEGATIVE33176_22_35,0.28877902030944824
FRAG_NEG_trNEGATIVE52399_36_35,0.04950511455535889
FRAG_NEG_trNEGATIVE92064_43_35,0.17821788787841797
FRAG_NEG_trNEGATIVE97447_32_35,0.4653465747833252
FRAG_NEG_trNEGATIVE46617_36_35,0.12871301174163818
FRAG_NEG_trNEGATIVE30131_21_35,0.34653472900390625
FRAG_NEG_trNEGATIVE63808_40_35,0.19801998138427734
FRAG_NEG_trNEGATIVE43992_24_35,0.18811893463134766
FRAG_NEG_trNEGATIVE90062_46_35,0.237623929977417
FRAG_NEG_trNEGATIVE70535_6_35,0.059406161308288574
FRAG_NEG_trNEGATIVE37599_26_35,0.029703140258789062
FRAG_NEG_trNEGATIVE56524_37_35,0.15841591358184814
FRAG_NEG_trNEGATIVE49019_21_35,0.059406161308288574
FRAG_NEG_trNEGATIVE46186_28_35,0.059406161308288574
FRAG_NEG_trNEGATIVE66276_8_35,0.2277228832244873
FRAG_NEG_trNEGATIVE31011_31_36,1.1920928955078125e-07
FRAG_NEG_trNEGATIVE71096_8_36,0.0396040678024292
FRAG_NEG_trNEGATIVE74184_6_36,0.3168318271636963
FRAG_NEG_trNEGATIVE57227_3_36,0.24752485752105713
FRAG_NEG_trNEGATIVE28868_40_36,0.2871288061141968
FRAG_NEG_trNEGATIVE63695_39_36,0.10891103744506836
FRAG_NEG_trNEGATIVE35729_5_36,0.25742578506469727
FRAG_NEG_trNEGATIVE95559_44_36,0.06930708885192871
FRAG_NEG_trNEGATIVE42569_41_36,0.33663368225097656
FRAG_NEG_trNEGATIVE59475_1_36,0.20792090892791748
FRAG_NEG_trNEGATIVE95947_28_36,0.10891103744506836
FRAG_NEG_trNEGATIVE38557_34_36,0.07920801639556885
FRAG_NEG_trNEGATIVE29734_6_36,0.09900999069213867
FRAG_NEG_trNEGATIVE41073_8_36,0.21782183647155762
FRAG_NEG_trNEGATIVE87817_61_36,0.059406161308288574
FRAG_NEG_trNEGATIVE58066_22_36,0.42574262619018555
FRAG_NEG_trNEGATIVE39961_53_36,0.04950511455535889
FRAG_NEG_trNEGATIVE36554_4_36,0.148514986038208
FRAG_NEG_trNEGATIVE63744_13_36,0.17821800708770752
FRAG_NEG_trNEGATIVE59108_7_36,0.019802212715148926
FRAG_NEG_trNEGATIVE59152_22_36,0.04950511455535889
FRAG_NEG_trNEGATIVE86806_40_36,0.18811893463134766
FRAG_NEG_trNEGATIVE64980_0_36,0.2970297336578369
FRAG_NEG_trNEGATIVE55267_21_36,0.06930708885192871
FRAG_NEG_trNEGATIVE48904_19_36,0.0396040678024292
FRAG_NEG_trNEGATIVE38596_12_36,0.42574262619018555
FRAG_NEG_trNEGATIVE47268_31_36,0.20792090892791748
FRAG_NEG_trNEGATIVE80172_10_36,0.09900999069213867
FRAG_NEG_trNEGATIVE53179_11_36,0.029703140258789062
FRAG_NEG_trNEGATIVE85500_11_36,0.49504953622817993
FRAG_NEG_trNEGATIVE90287_23_36,0.06930708885192871
FRAG_NEG_trNEGATIVE65267_22_36,0.3663367033004761
FRAG_NEG_trNEGATIVE36302_9_36,0.13861393928527832
FRAG_NEG_trNEGATIVE62459_23_36,0.5148515105247498
FRAG_NEG_trNEGATIVE74053_29_36,0.0396040678024292
FRAG_NEG_trNEGATIVE45125_3_36,0.08910906314849854
FRAG_NEG_trNEGATIVE66173_1_36,0.17821788787841797
FRAG_NEG_trNEGATIVE84051_35_36,0.10891103744506836
FRAG_NEG_trNEGATIVE36114_17_36,1.1920928955078125e-07
FRAG_NEG_trNEGATIVE80530_2_36,0.17821800708770752
FRAG_NEG_trNEGATIVE69422_6_36,1.1920928955078125e-07
FRAG_NEG_trNEGATIVE92309_26_36,0.33085817098617554
FRAG_NEG_trNEGATIVE32828_0_36,1.1920928955078125e-07
FRAG_NEG_trNEGATIVE74761_39_36,0.029703140258789062
FRAG_NEG_trNEGATIVE75234_19_36,0.12871301174163818
FRAG_NEG_trNEGATIVE89334_6_36,0.09901010990142822
FRAG_NEG_trNEGATIVE74172_22_36,0.06930708885192871
FRAG_NEG_trNEGATIVE48917_3_36,0.08910906314849854
FRAG_NEG_trNEGATIVE52292_25_36,0.029703140258789062
FRAG_NEG_trNEGATIVE54384_8_36,0.03960418701171875
FRAG_NEG_trNEGATIVE93447_42_36,0.06930708885192871
FRAG_NEG_trNEGATIVE78009_3_36,0.3663367033004761
FRAG_NEG_trNEGATIVE63158_19_37,0.2277228832244873
FRAG_NEG_trNEGATIVE57575_1_37,0.05940604209899902
FRAG_NEG_trNEGATIVE38813_62_37,0.03960418701171875
FRAG_NEG_trNEGATIVE87789_7_37,0.148514986038208
FRAG_NEG_trNEGATIVE35067_19_37,0.1980198621749878
FRAG_NEG_trNEGATIVE80400_14_37,0.4059406518936157
FRAG_NEG_trNEGATIVE36332_34_37,0.24752485752105713
FRAG_NEG_trNEGATIVE88810_13_37,0.148514986038208
FRAG_NEG_trNEGATIVE90239_18_37,0.43564361333847046
FRAG_NEG_trNEGATIVE74314_51_37,0.059406161308288574
FRAG_NEG_trNEGATIVE41355_37_37,0.06930708885192871
FRAG_NEG_trNEGATIVE67302_48_37,0.4554455876350403
FRAG_NEG_trNEGATIVE87504_37_37,0.1980198621749878
FRAG_NEG_trNEGATIVE64769_13_37,0.05940604209899902
FRAG_NEG_trNEGATIVE32251_0_37,0.03960418701171875
FRAG_NEG_trNEGATIVE39632_5_37,0.029703140258789062
FRAG_NEG_trNEGATIVE69115_25_37,0.4950495958328247
FRAG_NEG_trNEGATIVE35901_27_37,0.0396040678024292
FRAG_NEG_trNEGATIVE65908_32_37,0.04950511455535889
FRAG_NEG_trNEGATIVE83944_45_37,0.04950511455535889
FRAG_NEG_trNEGATIVE49497_19_37,0.237623929977417
FRAG_NEG_trNEGATIVE30620_49_37,0.2574259042739868
FRAG_NEG_trNEGATIVE89774_12_37,0.029703140258789062
FRAG_NEG_trNEGATIVE86416_16_37,0.35643571615219116
FRAG_NEG_trNEGATIVE51673_6_37,0.0396040678024292
FRAG_NEG_trNEGATIVE34696_52_37,0.42574262619018555
FRAG_NEG_trNEGATIVE93293_5_37,0.13861393928527832
FRAG_NEG_trNEGATIVE90474_4_37,0.16831696033477783
FRAG_NEG_trNEGATIVE55118_16_37,0.03960418701171875
FRAG_NEG_trNEGATIVE63680_16_37,0.0396040678024292
FRAG_NEG_trNEGATIVE54996_4_37,0.029703140258789062
FRAG_NEG_trNEGATIVE34044_5_37,0.17821800708770752
FRAG_NEG_trNEGATIVE90484_17_37,0.5049505233764648
FRAG_NEG_trNEGATIVE33176_30_37,0.49504953622817993
FRAG_NEG_trNEGATIVE61121_29_37,0.03960418701171875
FRAG_NEG_trNEGATIVE62361_19_37,0.13861393928527832
FRAG_NEG_trNEGATIVE79827_20_37,0.4554455876350403
FRAG_NEG_trNEGATIVE96370_40_37,0.148514986038208
FRAG_NEG_trNEGATIVE60725_5_37,0.2871288061141968
FRAG_NEG_trNEGATIVE63110_20_37,0.21782195568084717
FRAG_NEG_trNEGATIVE28374_14_37,0.1188119649887085
FRAG_NEG_trNEGATIVE75069_10_37,0.18811893463134766
FRAG_NEG_trNEGATIVE71123_26_37,0.4554455876350403
FRAG_NEG_trNEGATIVE67443_14_37,0.2871288061141968
FRAG_NEG_trNEGATIVE87083_35_37,0.33663374185562134
FRAG_NEG_trNEGATIVE77063_1_37,0.03960418701171875
FRAG_NEG_trNEGATIVE27505_54_37,0.07920801639556885
FRAG_NEG_trNEGATIVE63907_22_37,0.13861393928527832
FRAG_NEG_trNEGATIVE60221_26_37,0.019802212715148926
FRAG_NEG_trNEGATIVE78322_7_37,0.33663374185562134
FRAG_NEG_trNEGATIVE56642_26_37,0.05940604209899902
FRAG_NEG_trNEGATIVE27624_2_37,0.059406161308288574
FRAG_NEG_trNEGATIVE75698_15_37,0.029703140258789062
FRAG_NEG_trNEGATIVE95540_14_37,0.29702985286712646
FRAG_NEG_trNEGATIVE97409_6_37,0.019802212715148926
FRAG_NEG_trNEGATIVE92413_49_37,0.019802212715148926
FRAG_NEG_trNEGATIVE79317_55_37,0.7128713130950928
FRAG_NEG_trNEGATIVE41201_19_37,0.03960418701171875
FRAG_NEG_trNEGATIVE62233_0_37,0.19801998138427734
FRAG_NEG_trNEGATIVE29979_11_37,0.06930708885192871
FRAG_NEG_trNEGATIVE88110_3_37,0.0792081356048584
FRAG_NEG_trNEGATIVE76310_42_37,0.059406161308288574
FRAG_NEG_trNEGATIVE45564_47_37,0.15841591358184814
FRAG_NEG_trNEGATIVE74347_49_37,0.10891103744506836
FRAG_NEG_trNEGATIVE51996_0_37,0.009901165962219238
FRAG_NEG_trNEGATIVE44478_7_37,0.2871288061141968
FRAG_NEG_trNEGATIVE52667_57_37,0.05940604209899902
FRAG_NEG_trNEGATIVE33693_24_37,0.148514986038208
FRAG_NEG_trNEGATIVE81993_1_37,0.03960418701171875
FRAG_NEG_trNEGATIVE57142_8_37,0.31683170795440674
FRAG_NEG_trNEGATIVE53671_41_37,0.49504953622817993
FRAG_NEG_trNEGATIVE71806_37_37,0.1188119649887085
FRAG_NEG_trNEGATIVE86969_2_37,0.019802212715148926
FRAG_NEG_trNEGATIVE75594_2_37,0.019802093505859375
FRAG_NEG_trNEGATIVE58956_11_37,0.25742578506469727
FRAG_NEG_trNEGATIVE51728_2_37,0.603960394859314
FRAG_NEG_trNEGATIVE32165_28_37,1.1920928955078125e-07
FRAG_NEG_trNEGATIVE57444_16_38,0.09901010990142822
FRAG_NEG_trNEGATIVE88247_6_38,0.34653472900390625
FRAG_NEG_trNEGATIVE47186_9_38,0.13861405849456787
FRAG_NEG_trNEGATIVE67849_28_38,1.1920928955078125e-07
FRAG_NEG_trNEGATIVE30453_23_38,0.8613861799240112
FRAG_NEG_trNEGATIVE93536_25_38,0.06930708885192871
FRAG_NEG_trNEGATIVE56298_17_38,0.10891103744506836
FRAG_NEG_trNEGATIVE95674_23_38,0.04950511455535889
FRAG_NEG_trNEGATIVE89256_25_38,0.019802093505859375
FRAG_NEG_trNEGATIVE62630_2_38,0.3366338014602661
FRAG_NEG_trNEGATIVE48777_17_38,0.019802093505859375
FRAG_NEG_trNEGATIVE82659_32_38,0.3663367033004761
FRAG_NEG_trNEGATIVE68699_35_38,0.08910906314849854
FRAG_NEG_trNEGATIVE47246_2_38,0.029703140258789062
FRAG_NEG_trNEGATIVE33599_28_38,0.08910906314849854
FRAG_NEG_trNEGATIVE96047_19_38,0.1188119649887085
FRAG_NEG_trNEGATIVE40726_19_38,0.19801998138427734
FRAG_NEG_trNEGATIVE67226_31_38,0.41584163904190063
FRAG_NEG_trNEGATIVE91690_16_38,0.0396040678024292
FRAG_NEG_trNEGATIVE55926_42_38,0.33663374185562134
FRAG_NEG_trNEGATIVE35098_32_38,0.06930708885192871
FRAG_NEG_trNEGATIVE74300_30_38,0.07920801639556885
FRAG_NEG_trNEGATIVE73619_20_38,0.029703140258789062
FRAG_NEG_trNEGATIVE29847_0_38,0.019802093505859375
FRAG_NEG_trNEGATIVE37172_4_38,0.6138614416122437
FRAG_NEG_trNEGATIVE40633_8_38,0.019802093505859375
FRAG_NEG_trNEGATIVE31671_3_38,0.13861393928527832
FRAG_NEG_trNEGATIVE31348_3_38,0.10891103744506836
FRAG_NEG_trNEGATIVE54679_27_38,0.18811893463134766
FRAG_NEG_trNEGATIVE43205_38_38,0.16831696033477783
FRAG_NEG_trNEGATIVE73432_1_38,0.04950511455535889
FRAG_NEG_trNEGATIVE50868_31_38,1.1920928955078125e-07
FRAG_NEG_trNEGATIVE53575_9_38,0.4653465747833252
FRAG_NEG_trNEGATIVE38406_5_38,0.06930708885192871
FRAG_NEG_trNEGATIVE31893_1_38,0.34653472900390625
FRAG_NEG_trNEGATIVE67880_6_38,0.10891103744506836
FRAG_NEG_trNEGATIVE27791_27_38,0.10891103744506836
FRAG_NEG_trNEGATIVE52626_24_39,0.3168318271636963
FRAG_NEG_trNEGATIVE57023_40_39,0.029703140258789062
FRAG_NEG_trNEGATIVE94741_18_39,0.2871288061141968
FRAG_NEG_trNEGATIVE57946_9_39,0.06930708885192871
FRAG_NEG_trNEGATIVE58398_24_39,0.09901010990142822
FRAG_NEG_trNEGATIVE68901_25_39,0.0396040678024292
FRAG_NEG_trNEGATIVE57859_15_39,0.148514986038208
FRAG_NEG_trNEGATIVE82680_33_39,0.10891103744506836
FRAG_NEG_trNEGATIVE27518_26_39,0.1188119649887085
FRAG_NEG_trNEGATIVE91030_40_39,0.148514986038208
FRAG_NEG_trNEGATIVE60255_19_39,1.1920928955078125e-07
FRAG_NEG_trNEGATIVE59764_42_39,0.4554455876350403
FRAG_NEG_trNEGATIVE63514_6_39,0.06930708885192871
FRAG_NEG_trNEGATIVE69957_18_39,0.5049505233764648
FRAG_NEG_trNEGATIVE63695_23_39,0.2970297932624817
FRAG_NEG_trNEGATIVE45334_0_39,0.20792090892791748
FRAG_NEG_trNEGATIVE90009_0_39,0.08910906314849854
FRAG_NEG_trNEGATIVE48506_10_39,0.06930708885192871
FRAG_NEG_trNEGATIVE92972_43_39,0.6336634159088135
FRAG_NEG_trNEGATIVE92755_5_39,0.08910906314849854
FRAG_NEG_trNEGATIVE68611_43_39,0.029703140258789062
FRAG_NEG_trNEGATIVE83637_8_39,0.4752475619316101
FRAG_NEG_trNEGATIVE94939_10_39,0.3861386775970459
FRAG_NEG_trNEGATIVE58867_3_39,0.029703140258789062
FRAG_NEG_trNEGATIVE51636_4_39,0.019802212715148926
FRAG_NEG_trNEGATIVE36047_28_40,0.04950511455535889
FRAG_NEG_trNEGATIVE65320_11_40,0.019802093505859375
FRAG_NEG_trNEGATIVE43944_8_40,0.09900999069213867
FRAG_NEG_trNEGATIVE40140_5_40,0.019802093505859375
FRAG_NEG_trNEGATIVE72732_14_40,0.23762381076812744
FRAG_NEG_trNEGATIVE50146_11_40,0.26732683181762695
FRAG_NEG_trNEGATIVE36114_4_40,0.04950511455535889
FRAG_NEG_trNEGATIVE34654_20_40,0.06930708885192871
FRAG_NEG_trNEGATIVE72754_7_40,0.009901165962219238
FRAG_NEG_trNEGATIVE28749_14_40,0.009901165962219238
FRAG_NEG_trNEGATIVE30945_32_40,0.08910906314849854
FRAG_NEG_trNEGATIVE74582_27_40,0.10891103744506836
FRAG_NEG_trNEGATIVE29069_41_40,0.08910906314849854
FRAG_NEG_trNEGATIVE95235_10_40,0.09901010990142822
FRAG_NEG_trNEGATIVE89035_15_40,0.09900999069213867
FRAG_NEG_trNEGATIVE83287_31_40,0.20792090892791748
FRAG_NEG_trNEGATIVE68382_26_40,0.10891103744506836
FRAG_NEG_trNEGATIVE96090_29_40,0.029703140258789062
FRAG_NEG_trNEGATIVE28264_8_41,0.21782195568084717
FRAG_NEG_trNEGATIVE74461_35_41,0.009901165962219238
FRAG_NEG_trNEGATIVE45740_12_41,0.029703140258789062
FRAG_NEG_trNEGATIVE87662_8_41,0.18811893463134766
FRAG_NEG_trNEGATIVE40853_20_41,0.05940604209899902
FRAG_NEG_trNEGATIVE72638_7_41,0.0396040678024292
FRAG_NEG_trNEGATIVE73251_24_41,0.09900999069213867
FRAG_NEG_trNEGATIVE41436_7_41,0.11881208419799805
FRAG_NEG_trNEGATIVE93540_47_41,0.10891103744506836
FRAG_NEG_trNEGATIVE81816_22_41,0.4653465747833252
FRAG_NEG_trNEGATIVE73751_35_41,0.009901165962219238
FRAG_NEG_trNEGATIVE42327_15_41,0.13861405849456787
FRAG_NEG_trNEGATIVE61181_23_41,0.06930708885192871
FRAG_NEG_trNEGATIVE92966_0_41,0.059406161308288574
FRAG_NEG_trNEGATIVE66390_16_41,0.019802212715148926
FRAG_NEG_trNEGATIVE60702_16_41,0.16831696033477783
FRAG_NEG_trNEGATIVE28428_44_41,0.04950511455535889
FRAG_NEG_trNEGATIVE91030_49_41,0.029703140258789062
FRAG_NEG_trNEGATIVE89184_25_41,0.04950511455535889
FRAG_NEG_trNEGATIVE42951_16_41,0.04950511455535889
FRAG_NEG_trNEGATIVE33611_2_41,0.029703140258789062
FRAG_NEG_trNEGATIVE70799_36_41,0.009901165962219238
FRAG_NEG_trNEGATIVE55290_2_41,0.07920801639556885
FRAG_NEG_trNEGATIVE67374_2_42,0.1138615608215332
FRAG_NEG_trNEGATIVE68465_2_42,1.1920928955078125e-07
FRAG_NEG_trNEGATIVE48140_29_42,0.20792090892791748
FRAG_NEG_trNEGATIVE35777_20_42,0.019802093505859375
FRAG_NEG_trNEGATIVE67303_15_42,0.10891103744506836
FRAG_NEG_trNEGATIVE51382_14_42,0.148514986038208
FRAG_NEG_trNEGATIVE72654_9_42,1.1920928955078125e-07
FRAG_NEG_trNEGATIVE79827_22_42,0.42574262619018555
FRAG_NEG_trNEGATIVE67263_4_42,0.059406161308288574
FRAG_NEG_trNEGATIVE58128_11_42,0.34653472900390625
FRAG_NEG_trNEGATIVE77802_51_42,0.15841591358184814
FRAG_NEG_trNEGATIVE35927_53_42,0.019802093505859375
FRAG_NEG_trNEGATIVE57629_22_42,0.2772277593612671
FRAG_NEG_trNEGATIVE31674_27_42,0.009901165962219238
FRAG_NEG_trNEGATIVE37883_4_42,0.009901165962219238
FRAG_NEG_trNEGATIVE82043_7_42,0.18811893463134766
FRAG_NEG_trNEGATIVE88393_4_42,0.04950511455535889
FRAG_NEG_trNEGATIVE41528_7_42,0.09901010990142822
FRAG_NEG_trNEGATIVE37652_19_43,0.18811893463134766
FRAG_NEG_trNEGATIVE76009_9_43,0.05940604209899902
FRAG_NEG_trNEGATIVE40855_29_43,0.0396040678024292
FRAG_NEG_trNEGATIVE31117_31_43,0.1188119649887085
FRAG_NEG_trNEGATIVE63023_0_43,0.10891103744506836
FRAG_NEG_trNEGATIVE41093_2_43,0.25742578506469727
FRAG_NEG_trNEGATIVE77990_12_43,0.18811893463134766
FRAG_NEG_trNEGATIVE31300_44_43,0.05940604209899902
FRAG_NEG_trNEGATIVE67481_37_43,0.10891103744506836
FRAG_NEG_trNEGATIVE31955_34_43,0.3267327547073364
FRAG_NEG_trNEGATIVE79443_19_44,0.13861405849456787
FRAG_NEG_trNEGATIVE58520_16_44,0.029703140258789062
FRAG_NEG_trNEGATIVE48313_17_44,0.43564361333847046
FRAG_NEG_trNEGATIVE58387_13_44,0.7623762488365173
FRAG_NEG_trNEGATIVE76527_16_44,0.3267327547073364
FRAG_NEG_trNEGATIVE71817_11_44,0.08910906314849854
FRAG_NEG_trNEGATIVE34659_9_44,0.148514986038208
FRAG_NEG_trNEGATIVE47217_30_44,0.029703140258789062
FRAG_NEG_trNEGATIVE33522_5_44,0.04950511455535889
FRAG_NEG_trNEGATIVE83963_0_44,0.029703140258789062
FRAG_NEG_trNEGATIVE97032_33_44,0.4752475619316101
FRAG_NEG_trNEGATIVE89249_0_44,0.3069307804107666
FRAG_NEG_trNEGATIVE69115_18_44,0.21782183647155762
FRAG_NEG_trNEGATIVE52399_3_45,0.0396040678024292
FRAG_NEG_trNEGATIVE61586_34_45,0.029703140258789062
FRAG_NEG_trNEGATIVE89053_15_45,1.1920928955078125e-07
FRAG_NEG_trNEGATIVE29074_8_45,0.148514986038208
FRAG_NEG_trNEGATIVE77190_6_45,0.019802093505859375
FRAG_NEG_trNEGATIVE56654_38_45,0.3861386775970459
FRAG_NEG_trNEGATIVE63350_16_45,0.029703140258789062
FRAG_NEG_trNEGATIVE47718_23_45,0.17821800708770752
FRAG_NEG_trNEGATIVE33693_6_45,0.0792081356048584
FRAG_NEG_trNEGATIVE38183_13_45,0.019802212715148926
FRAG_NEG_trNEGATIVE95991_19_45,0.10891103744506836
FRAG_NEG_trNEGATIVE89177_46_45,0.029703140258789062
FRAG_NEG_trNEGATIVE83910_24_45,0.029703140258789062
FRAG_NEG_trNEGATIVE79974_0_45,1.1920928955078125e-07
FRAG_NEG_trNEGATIVE96180_20_45,0.16831696033477783
FRAG_NEG_trNEGATIVE31684_11_45,0.06930708885192871
FRAG_NEG_trNEGATIVE51117_7_45,0.0792081356048584
FRAG_NEG_trNEGATIVE81073_0_45,0.03960418701171875
FRAG_NEG_trNEGATIVE97386_0_45,0.029703140258789062
FRAG_NEG_trNEGATIVE91577_9_46,0.0792081356048584
FRAG_NEG_trNEGATIVE80072_4_46,0.08168327808380127
FRAG_NEG_trNEGATIVE73751_36_46,1.1920928955078125e-07
FRAG_NEG_trNEGATIVE67443_6_46,0.21782183647155762
FRAG_NEG_trNEGATIVE62373_13_46,0.2277228832244873
FRAG_NEG_trNEGATIVE40321_17_46,0.09900999069213867
FRAG_NEG_trNEGATIVE80858_30_46,0.03960418701171875
FRAG_NEG_trNEGATIVE60492_10_46,0.27722787857055664
FRAG_NEG_trNEGATIVE44235_2_46,0.08910906314849854
FRAG_NEG_trNEGATIVE32322_13_46,0.04950511455535889
FRAG_NEG_trNEGATIVE76901_22_46,1.1920928955078125e-07
FRAG_NEG_trNEGATIVE90580_40_46,0.11881208419799805
FRAG_NEG_trNEGATIVE69009_14_46,0.12871301174163818
FRAG_NEG_trNEGATIVE92558_37_47,0.03960418701171875
FRAG_NEG_trNEGATIVE59475_4_47,0.06930708885192871
FRAG_NEG_trNEGATIVE70406_37_47,0.27722787857055664
FRAG_NEG_trNEGATIVE67998_16_47,0.04950511455535889
FRAG_NEG_trNEGATIVE65054_5_47,0.06930708885192871
FRAG_NEG_trNEGATIVE47256_5_47,0.029703140258789062
FRAG_NEG_trNEGATIVE83539_6_47,0.10891103744506836
FRAG_NEG_trNEGATIVE43795_8_48,0.029703140258789062
FRAG_NEG_trNEGATIVE67713_8_48,0.10891103744506836
FRAG_NEG_trNEGATIVE40706_2_48,0.0396040678024292
FRAG_NEG_trNEGATIVE30849_13_48,0.12871301174163818
FRAG_NEG_trNEGATIVE45752_32_48,0.21782195568084717
FRAG_NEG_trNEGATIVE61195_23_48,0.06930708885192871
FRAG_NEG_trNEGATIVE80548_19_48,0.06930708885192871
FRAG_NEG_trNEGATIVE81699_9_48,0.0396040678024292
FRAG_NEG_trNEGATIVE79954_15_48,0.04950511455535889
FRAG_NEG_trNEGATIVE54890_17_48,0.05940604209899902
FRAG_NEG_trNEGATIVE51075_30_48,0.06930708885192871
FRAG_NEG_trNEGATIVE28269_14_49,0.06930708885192871
FRAG_NEG_trNEGATIVE51754_9_49,0.029703140258789062
FRAG_NEG_trNEGATIVE55595_6_49,0.11881208419799805
FRAG_NEG_trNEGATIVE79443_15_49,1.1920928955078125e-07
FRAG_NEG_trNEGATIVE67505_17_49,0.009901165962219238
FRAG_NEG_trNEGATIVE87065_7_49,0.019802093505859375
FRAG_NEG_trNEGATIVE43944_25_49,0.0396040678024292
FRAG_NEG_trNEGATIVE67480_13_49,0.019802212715148926
FRAG_NEG_trNEGATIVE29074_10_49,0.08910906314849854
FRAG_NEG_trNEGATIVE88934_6_49,0.04950511455535889
FRAG_NEG_trNEGATIVE87476_23_49,0.019802093505859375
FRAG_NEG_trNEGATIVE53683_26_50,1.1920928955078125e-07
FRAG_NEG_trNEGATIVE81335_0_50,0.0396040678024292
FRAG_NEG_trNEGATIVE38518_6_50,0.019802212715148926
FRAG_NEG_trNEGATIVE35045_2_50,0.05940604209899902
FRAG_NEG_trNEGATIVE40823_24_50,0.13861405849456787
FRAG_NEG_trNEGATIVE36706_42_50,0.029703140258789062
FRAG_NEG_trNEGATIVE67118_9_50,0.07920801639556885
FRAG_NEG_trNEGATIVE42656_33_50,0.0792081356048584
FRAG_NEG_trNEGATIVE71363_19_50,0.029703140258789062
FRAG_NEG_trNEGATIVE54101_35_51,0.03960418701171875
FRAG_NEG_trNEGATIVE76968_15_51,0.42574262619018555
FRAG_NEG_trNEGATIVE28419_36_51,0.019802093505859375
FRAG_NEG_trNEGATIVE44279_2_51,0.029703140258789062
FRAG_NEG_trNEGATIVE45571_26_51,0.019802093505859375
FRAG_NEG_trNEGATIVE48598_6_51,0.09901010990142822
FRAG_NEG_trNEGATIVE93632_6_52,0.019802212715148926
FRAG_NEG_trNEGATIVE94628_10_52,0.20792090892791748
FRAG_NEG_trNEGATIVE37087_27_52,1.1920928955078125e-07
FRAG_NEG_trNEGATIVE54179_15_52,0.059406161308288574
FRAG_NEG_trNEGATIVE43149_16_52,0.04950511455535889
FRAG_NEG_trNEGATIVE92013_19_53,0.009901165962219238
FRAG_NEG_trNEGATIVE58375_7_53,0.029703140258789062
FRAG_NEG_trNEGATIVE50634_18_53,0.08910906314849854
FRAG_NEG_trNEGATIVE95197_1_53,0.009901165962219238
FRAG_NEG_trNEGATIVE50615_30_53,0.009901165962219238
FRAG_NEG_trNEGATIVE46331_0_53,1.1920928955078125e-07
FRAG_NEG_trNEGATIVE71788_19_54,0.11881208419799805
FRAG_NEG_trNEGATIVE81095_2_55,1.1920928955078125e-07
FRAG_NEG_trNEGATIVE71374_9_55,0.019802212715148926
FRAG_NEG_trNEGATIVE93480_21_55,0.06930708885192871
FRAG_NEG_trNEGATIVE72705_31_55,0.03960418701171875
FRAG_NEG_trNEGATIVE66454_0_55,0.009901165962219238
FRAG_NEG_trNEGATIVE57629_10_56,0.07920801639556885
FRAG_NEG_trNEGATIVE47184_1_56,1.1920928955078125e-07
FRAG_NEG_trNEGATIVE86304_3_57,1.1920928955078125e-07
FRAG_NEG_trNEGATIVE58449_1_57,0.009901165962219238
FRAG_NEG_trNEGATIVE52280_14_57,1.1920928955078125e-07
FRAG_NEG_trNEGATIVE56730_9_57,0.148514986038208
FRAG_NEG_trNEGATIVE71545_21_57,1.1920928955078125e-07
FRAG_NEG_trNEGATIVE95023_18_57,0.019802093505859375
FRAG_NEG_trNEGATIVE53461_14_59,0.019802093505859375
FRAG_NEG_trNEGATIVE44715_18_59,0.009901165962219238
FRAG_NEG_trNEGATIVE57225_27_59,0.04950511455535889
FRAG_NEG_trNEGATIVE86836_3_60,0.009901165962219238
FRAG_NEG_trNEGATIVE40372_4_60,0.12871301174163818
FRAG_NEG_trNEGATIVE60950_1_60,0.06930708885192871
FRAG_NEG_trNEGATIVE88319_1_60,1.1920928955078125e-07
FRAG_NEG_trNEGATIVE30650_7_60,0.009901165962219238
FRAG_NEG_trNEGATIVE47409_0_61,0.23762381076812744
FRAG_NEG_trNEGATIVE29176_10_61,0.0396040678024292
FRAG_NEG_trNEGATIVE45174_30_61,0.009901165962219238
FRAG_NEG_trNEGATIVE93586_11_61,1.1920928955078125e-07
FRAG_NEG_trNEGATIVE44266_2_62,0.4059406518936157
FRAG_NEG_trNEGATIVE32319_6_62,0.0792081356048584
FRAG_NEG_trNEGATIVE79864_12_63,1.1920928955078125e-07
FRAG_NEG_trNEGATIVE43269_5_63,0.019802212715148926
FRAG_NEG_trNEGATIVE71492_1_63,0.019802212715148926
FRAG_NEG_trNEGATIVE43166_9_64,0.009901165962219238
FRAG_NEG_trNEGATIVE80677_13_65,0.06930708885192871
FRAG_NEG_trNEGATIVE39127_4_65,0.009901165962219238
FRAG_NEG_trNEGATIVE44454_4_66,0.019802212715148926
FRAG_NEG_trNEGATIVE35629_7_66,1.1920928955078125e-07
FRAG_NEG_trNEGATIVE84051_13_66,0.009901165962219238
FRAG_NEG_trNEGATIVE83114_19_67,0.009901165962219238
FRAG_NEG_trNEGATIVE32820_13_68,0.059406161308288574
FRAG_NEG_trNEGATIVE83853_5_68,0.08910906314849854
FRAG_NEG_trNEGATIVE69392_3_70,0.009901165962219238
FRAG_NEG_trNEGATIVE40586_2_70,0.148514986038208
FRAG_NEG_trNEGATIVE47481_0_70,1.1920928955078125e-07
FRAG_NEG_trNEGATIVE32537_28_70,0.009901165962219238
FRAG_NEG_trNEGATIVE71002_7_70,1.1920928955078125e-07
FRAG_NEG_trNEGATIVE54041_23_70,0.029703140258789062
FRAG_NEG_trNEGATIVE39074_15_70,0.019802212715148926
FRAG_NEG_trNEGATIVE53638_11_70,0.019802093505859375
FRAG_NEG_trNEGATIVE31348_16_70,1.1920928955078125e-07
FRAG_NEG_trNEGATIVE68784_5_73,0.08910906314849854
FRAG_NEG_trNEGATIVE64830_21_74,0.09900999069213867
FRAG_NEG_trNEGATIVE92780_2_74,0.029703140258789062
FRAG_NEG_trNEGATIVE62646_6_75,1.1920928955078125e-07
FRAG_NEG_trNEGATIVE56403_2_77,0.019802093505859375
FRAG_NEG_trNEGATIVE48130_5_79,1.1920928955078125e-07
FRAG_NEG_trNEGATIVE96587_0_80,1.1920928955078125e-07
FRAG_NEG_trNEGATIVE52637_4_83,0.029703140258789062
FRAG_NEG_trNEGATIVE37328_5_85,0.009901165962219238
FRAG_NEG_trNEGATIVE59299_1_93,0.009901165962219238
FRAG_NEG_trNEGATIVE43013_2_95,1.1920928955078125e-07
FRAG_NEG_trNEGATIVE87704_1_98,0.019802093505859375
FRAG_NEG_trNEGATIVE94368_12_13,0.3168317675590515
FRAG_NEG_trNEGATIVE56686_51_6,0.41584163904190063
FRAG_NEG_trNEGATIVE93293_23_9,0.11881208419799805
FRAG_NEG_trNEGATIVE74115_30_10,0.12871301174163818
FRAG_NEG_trNEGATIVE64236_39_12,0.07920801639556885
FRAG_NEG_trNEGATIVE45796_69_6,0.3168317675590515
FRAG_NEG_trNEGATIVE40545_0_14,0.15841591358184814
FRAG_NEG_trNEGATIVE62076_5_18,0.05940604209899902
FRAG_NEG_trNEGATIVE34897_27_14,0.4653465747833252
FRAG_NEG_trNEGATIVE32047_16_18,0.10891103744506836
