id,p_amplify
NEG_AMPLIFY_teNEGATIVE0003,0.007458758540451527
NEG_AMPLIFY_teNEGATIVE0009,0.052438993006944656
NEG_AMPLIFY_teNEGATIVE0023,0.00791218876838684
NEG_AMPLIFY_teNEGATIVE0027,0.008386858738958836
NEG_AMPLIFY_teNEGATIVE0029,0.05247509479522705
NEG_AMPLIFY_teNEGATIVE0040,0.010060998611152172
NEG_AMPLIFY_teNEGATIVE0066,2.355252581764944e-05
NEG_AMPLIFY_teNEGATIVE0077,0.01640237681567669
NEG_AMPLIFY_teNEGATIVE0090,0.0002839674998540431
NEG_AMPLIFY_teNEGATIVE0096,0.0014087035087868571
NEG_AMPLIFY_teNEGATIVE0118,0.1965523064136505
NEG_AMPLIFY_teNEGATIVE0136,0.00014683556219097227
NEG_AMPLIFY_teNEGATIVE0137,0.5029938220977783
NEG_AMPLIFY_teNEGATIVE0138,0.11317287385463715
NEG_AMPLIFY_teNEGATIVE0161,0.0013601318933069706
NEG_AMPLIFY_teNEGATIVE0188,0.0009157615713775158
NEG_AMPLIFY_teNEGATIVE0189,0.000701521523296833
NEG_AMPLIFY_teNEGATIVE0192,3.988692333223298e-05
NEG_AMPLIFY_teNEGATIVE0202,0.3472568988800049
NEG_AMPLIFY_teNEGATIVE0221,0.19843217730522156
NEG_AMPLIFY_teNEGATIVE0227,0.0036162156611680984
NEG_AMPLIFY_teNEGATIVE0228,0.7155018448829651
NEG_AMPLIFY_teNEGATIVE0237,8.215140042011626e-06
NEG_AMPLIFY_teNEGATIVE0240,0.020736994221806526
NEG_AMPLIFY_teNEGATIVE0241,4.645021545002237e-05
NEG_AMPLIFY_teNEGATIVE0243,0.017564667388796806
NEG_AMPLIFY_teNEGATIVE0254,2.107170075760223e-05
NEG_AMPLIFY_teNEGATIVE0255,0.00015234143938869238
NEG_AMPLIFY_teNEGATIVE0282,6.534541171276942e-05
NEG_AMPLIFY_teNEGATIVE0284,0.002634864766150713
NEG_AMPLIFY_teNEGATIVE0300,0.07382826507091522
NEG_AMPLIFY_teNEGATIVE0301,1.4030005104359589e-06
NEG_AMPLIFY_teNEGATIVE0303,0.2166254073381424
NEG_AMPLIFY_teNEGATIVE0306,0.00043679712689481676
NEG_AMPLIFY_teNEGATIVE0308,0.0004865661321673542
NEG_AMPLIFY_teNEGATIVE0309,0.019061777740716934
NEG_AMPLIFY_teNEGATIVE0313,0.0003894103574566543
NEG_AMPLIFY_teNEGATIVE0316,0.10886406898498535
NEG_AMPLIFY_teNEGATIVE0320,0.22409585118293762
NEG_AMPLIFY_teNEGATIVE0329,0.007370643317699432
NEG_AMPLIFY_teNEGATIVE0332,7.367663783952594e-05
NEG_AMPLIFY_teNEGATIVE0340,0.02168401889503002
NEG_AMPLIFY_teNEGATIVE0341,6.685629159619566e-06
NEG_AMPLIFY_teNEGATIVE0345,0.00025477592134848237
NEG_AMPLIFY_teNEGATIVE0381,4.2827005017898045e-06
NEG_AMPLIFY_teNEGATIVE0402,2.1486039258888923e-05
NEG_AMPLIFY_teNEGATIVE0404,0.0001294284884352237
NEG_AMPLIFY_teNEGATIVE0411,0.00464338343590498
NEG_AMPLIFY_teNEGATIVE0419,5.43423811905086e-06
NEG_AMPLIFY_teNEGATIVE0425,0.005932248197495937
NEG_AMPLIFY_teNEGATIVE0426,0.24531948566436768
NEG_AMPLIFY_teNEGATIVE0431,1.6964657334028743e-05
NEG_AMPLIFY_teNEGATIVE0440,0.3553466200828552
NEG_AMPLIFY_teNEGATIVE0442,0.0876275822520256
NEG_AMPLIFY_teNEGATIVE0447,0.002854194724932313
NEG_AMPLIFY_teNEGATIVE0451,0.002454911358654499
NEG_AMPLIFY_teNEGATIVE0463,0.26806920766830444
NEG_AMPLIFY_teNEGATIVE0471,0.21402668952941895
NEG_AMPLIFY_teNEGATIVE0474,3.412233695598843e-07
NEG_AMPLIFY_teNEGATIVE0483,0.21204861998558044
NEG_AMPLIFY_teNEGATIVE0486,0.0013292973162606359
NEG_AMPLIFY_teNEGATIVE0488,0.02235223539173603
NEG_AMPLIFY_teNEGATIVE0491,3.0904498999007046e-05
NEG_AMPLIFY_teNEGATIVE0501,0.003970577381551266
NEG_AMPLIFY_teNEGATIVE0506,0.1647729128599167
NEG_AMPLIFY_teNEGATIVE0507,0.13734513521194458
NEG_AMPLIFY_teNEGATIVE0511,0.0014180259313434362
NEG_AMPLIFY_teNEGATIVE0516,0.007470018230378628
NEG_AMPLIFY_teNEGATIVE0517,0.1863950788974762
NEG_AMPLIFY_teNEGATIVE0519,2.1334569737518905e-06
NEG_AMPLIFY_teNEGATIVE0520,0.5952572226524353
NEG_AMPLIFY_teNEGATIVE0523,4.127644842810696e-06
NEG_AMPLIFY_teNEGATIVE0526,0.0018439037958160043
NEG_AMPLIFY_teNEGATIVE0530,0.5106151103973389
NEG_AMPLIFY_teNEGATIVE0543,0.0010628884192556143
NEG_AMPLIFY_teNEGATIVE0548,0.32758498191833496
NEG_AMPLIFY_teNEGATIVE0562,2.716086237342097e-05
NEG_AMPLIFY_teNEGATIVE0568,0.14268039166927338
NEG_AMPLIFY_teNEGATIVE0572,0.008595604449510574
NEG_AMPLIFY_teNEGATIVE0573,0.17598794400691986
NEG_AMPLIFY_teNEGATIVE0604,3.391320205992088e-05
NEG_AMPLIFY_teNEGATIVE0615,0.5282942056655884
NEG_AMPLIFY_teNEGATIVE0622,0.3574674427509308
NEG_AMPLIFY_teNEGATIVE0635,0.3580569922924042
NEG_AMPLIFY_teNEGATIVE0636,1.5137540685827844e-05
NEG_AMPLIFY_teNEGATIVE0643,1.3615082025353331e-05
NEG_AMPLIFY_teNEGATIVE0655,0.0019909606780856848
NEG_AMPLIFY_teNEGATIVE0657,0.004968914203345776
NEG_AMPLIFY_teNEGATIVE0661,0.41029077768325806
NEG_AMPLIFY_teNEGATIVE0675,0.007089501712471247
NEG_AMPLIFY_teNEGATIVE0677,0.0001766277418937534
NEG_AMPLIFY_teNEGATIVE0678,3.097450417044456e-06
NEG_AMPLIFY_teNEGATIVE0680,0.00049350515473634
NEG_AMPLIFY_teNEGATIVE0683,0.01356265228241682
NEG_AMPLIFY_teNEGATIVE0704,0.00010741710138972849
NEG_AMPLIFY_teNEGATIVE0708,4.9851143558043987e-05
NEG_AMPLIFY_teNEGATIVE0712,0.001178388367407024
NEG_AMPLIFY_teNEGATIVE0726,0.003354061394929886
NEG_AMPLIFY_teNEGATIVE0742,0.0009281616657972336
NEG_AMPLIFY_teNEGATIVE0749,7.950956205604598e-05
NEG_AMPLIFY_teNEGATIVE0756,0.002178034745156765
NEG_AMPLIFY_teNEGATIVE0772,0.000200450376723893
NEG_AMPLIFY_teNEGATIVE0773,9.443638191442005e-06
NEG_AMPLIFY_teNEGATIVE0783,8.67875678522978e-06
NEG_AMPLIFY_teNEGATIVE0786,2.4812115952954628e-06
NEG_AMPLIFY_teNEGATIVE0791,0.006761246360838413
NEG_AMPLIFY_teNEGATIVE0830,1.695187165751122e-05
NEG_AMPLIFY_teNEGATIVE0832,0.0021864352747797966
NEG_AMPLIFY_teNEGATIVE0833,0.15018664300441742
NEG_AMPLIFY_trNEGATIVE0010,0.0015114056877791882
NEG_AMPLIFY_trNEGATIVE0021,0.02804570272564888
NEG_AMPLIFY_trNEGATIVE0028,1.4754710718989372e-05
NEG_AMPLIFY_trNEGATIVE0035,0.000225243711611256
NEG_AMPLIFY_trNEGATIVE0044,5.0702044973149896e-05
NEG_AMPLIFY_trNEGATIVE0048,0.005525103770196438
NEG_AMPLIFY_trNEGATIVE0060,1.7470143575337715e-05
NEG_AMPLIFY_trNEGATIVE0064,0.00018052462837658823
NEG_AMPLIFY_trNEGATIVE0073,0.0025807854253798723
NEG_AMPLIFY_trNEGATIVE0075,2.978691213684215e-07
NEG_AMPLIFY_trNEGATIVE0092,2.4114315237966366e-05
NEG_AMPLIFY_trNEGATIVE0105,0.0006502722389996052
NEG_AMPLIFY_trNEGATIVE0108,0.007421826012432575
NEG_AMPLIFY_trNEGATIVE0109,0.003985228948295116
NEG_AMPLIFY_trNEGATIVE0111,0.0022351532243192196
NEG_AMPLIFY_trNEGATIVE0119,0.20012032985687256
NEG_AMPLIFY_trNEGATIVE0128,0.02709941193461418
NEG_AMPLIFY_trNEGATIVE0132,0.0724610909819603
NEG_AMPLIFY_trNEGATIVE0136,0.03278489410877228
NEG_AMPLIFY_trNEGATIVE0154,0.08734995126724243
NEG_AMPLIFY_trNEGATIVE0160,0.00108827103395015
NEG_AMPLIFY_trNEGATIVE0162,0.016990317031741142
NEG_AMPLIFY_trNEGATIVE0163,1.3078769370622467e-05
NEG_AMPLIFY_trNEGATIVE0169,0.04240158945322037
NEG_AMPLIFY_trNEGATIVE0195,0.004775340668857098
NEG_AMPLIFY_trNEGATIVE0216,0.00039054470835253596
NEG_AMPLIFY_trNEGATIVE0224,2.469027776896837e-06
NEG_AMPLIFY_trNEGATIVE0250,0.009507957845926285
NEG_AMPLIFY_trNEGATIVE0255,0.0002577587147243321
NEG_AMPLIFY_trNEGATIVE0257,0.0030521703884005547
NEG_AMPLIFY_trNEGATIVE0259,0.029856309294700623
NEG_AMPLIFY_trNEGATIVE0261,0.11187790334224701
NEG_AMPLIFY_trNEGATIVE0265,1.5982932382030413e-05
NEG_AMPLIFY_trNEGATIVE0267,0.0014209517976269126
NEG_AMPLIFY_trNEGATIVE0273,9.818348189583048e-05
NEG_AMPLIFY_trNEGATIVE0277,0.0025623731780797243
NEG_AMPLIFY_trNEGATIVE0278,0.005513594951480627
NEG_AMPLIFY_trNEGATIVE0279,5.33708271177602e-06
NEG_AMPLIFY_trNEGATIVE0281,0.0011055907234549522
NEG_AMPLIFY_trNEGATIVE0282,0.05058206990361214
NEG_AMPLIFY_trNEGATIVE0289,0.0008670504903420806
NEG_AMPLIFY_trNEGATIVE0294,0.0005229564267210662
NEG_AMPLIFY_trNEGATIVE0295,0.012954577803611755
NEG_AMPLIFY_trNEGATIVE0298,0.1614389717578888
NEG_AMPLIFY_trNEGATIVE0302,0.0005539445555768907
NEG_AMPLIFY_trNEGATIVE0310,1.7316717276116833e-05
NEG_AMPLIFY_trNEGATIVE0319,0.040360111743211746
NEG_AMPLIFY_trNEGATIVE0324,0.004119887016713619
NEG_AMPLIFY_trNEGATIVE0325,0.008944704197347164
NEG_AMPLIFY_trNEGATIVE0328,0.008226298727095127
NEG_AMPLIFY_trNEGATIVE0330,0.0017766477540135384
NEG_AMPLIFY_trNEGATIVE0336,4.772824695464806e-07
NEG_AMPLIFY_trNEGATIVE03367,0.006147134583443403
NEG_AMPLIFY_trNEGATIVE03371,0.0020322068594396114
NEG_AMPLIFY_trNEGATIVE0338,0.0024527159985154867
NEG_AMPLIFY_trNEGATIVE03388,0.004920817445963621
NEG_AMPLIFY_trNEGATIVE03413,0.00020598371338564903
NEG_AMPLIFY_trNEGATIVE03453,3.157174069201574e-05
NEG_AMPLIFY_trNEGATIVE03455,0.00186937116086483
NEG_AMPLIFY_trNEGATIVE03461,0.0007537579513154924
NEG_AMPLIFY_trNEGATIVE03464,0.005729552358388901
NEG_AMPLIFY_trNEGATIVE0347,6.526509969262406e-05
NEG_AMPLIFY_trNEGATIVE0348,1.0207163541053887e-06
NEG_AMPLIFY_trNEGATIVE03481,0.00013027920795138925
NEG_AMPLIFY_trNEGATIVE03496,0.05197114869952202
NEG_AMPLIFY_trNEGATIVE03501,0.00022548185370396823
NEG_AMPLIFY_trNEGATIVE03502,0.0025958328042179346
NEG_AMPLIFY_trNEGATIVE03515,0.000410163716878742
NEG_AMPLIFY_trNEGATIVE03521,0.0027999260928481817
NEG_AMPLIFY_trNEGATIVE03531,0.1358698159456253
NEG_AMPLIFY_trNEGATIVE03558,0.0006369483890011907
NEG_AMPLIFY_trNEGATIVE03559,0.003145189257338643
NEG_AMPLIFY_trNEGATIVE03563,0.034673310816287994
NEG_AMPLIFY_trNEGATIVE03566,0.0006502178148366511
NEG_AMPLIFY_trNEGATIVE03586,0.0006273773615248501
NEG_AMPLIFY_trNEGATIVE03614,0.01371879130601883
NEG_AMPLIFY_trNEGATIVE0362,0.06560488045215607
NEG_AMPLIFY_trNEGATIVE03685,0.00031637510983273387
NEG_AMPLIFY_trNEGATIVE0370,8.241755131166428e-05
NEG_AMPLIFY_trNEGATIVE0371,7.456353341694921e-05
NEG_AMPLIFY_trNEGATIVE0372,7.761090091662481e-05
NEG_AMPLIFY_trNEGATIVE0376,0.0004651332856155932
NEG_AMPLIFY_trNEGATIVE03782,0.0011615578550845385
NEG_AMPLIFY_trNEGATIVE0379,6.233998283278197e-05
NEG_AMPLIFY_trNEGATIVE03814,0.0018766364082694054
NEG_AMPLIFY_trNEGATIVE0382,0.002912301803007722
NEG_AMPLIFY_trNEGATIVE0386,0.1652269959449768
NEG_AMPLIFY_trNEGATIVE03871,0.8977137804031372
NEG_AMPLIFY_trNEGATIVE03888,0.0011631227098405361
NEG_AMPLIFY_trNEGATIVE03889,0.00023075150966178626
NEG_AMPLIFY_trNEGATIVE03894,0.26457804441452026
NEG_AMPLIFY_trNEGATIVE03897,0.0002002481633098796
NEG_AMPLIFY_trNEGATIVE03909,0.0005126047180965543
NEG_AMPLIFY_trNEGATIVE0392,0.10551371425390244
NEG_AMPLIFY_trNEGATIVE03933,0.5763797163963318
NEG_AMPLIFY_trNEGATIVE03934,0.0029366405215114355
NEG_AMPLIFY_trNEGATIVE03950,0.005402720533311367
NEG_AMPLIFY_trNEGATIVE03963,0.010477322153747082
NEG_AMPLIFY_trNEGATIVE0401,0.002471413230523467
NEG_AMPLIFY_trNEGATIVE04029,0.0005004527047276497
NEG_AMPLIFY_trNEGATIVE04034,0.0008675501449033618
NEG_AMPLIFY_trNEGATIVE0406,0.000752568943426013
NEG_AMPLIFY_trNEGATIVE04093,0.0030853834468871355
NEG_AMPLIFY_trNEGATIVE0410,0.20062871277332306
NEG_AMPLIFY_trNEGATIVE0411,0.00016399257583543658
NEG_AMPLIFY_trNEGATIVE04146,0.4773329794406891
NEG_AMPLIFY_trNEGATIVE0415,1.4418949376704404e-06
NEG_AMPLIFY_trNEGATIVE04157,0.0043204049579799175
NEG_AMPLIFY_trNEGATIVE04187,0.8212636113166809
NEG_AMPLIFY_trNEGATIVE04191,0.045072514563798904
NEG_AMPLIFY_trNEGATIVE04192,0.0004902523942291737
NEG_AMPLIFY_trNEGATIVE04213,0.0006557852029800415
NEG_AMPLIFY_trNEGATIVE04228,0.00027241374482400715
NEG_AMPLIFY_trNEGATIVE04269,0.0018038734560832381
NEG_AMPLIFY_trNEGATIVE04325,0.00011944774450967088
NEG_AMPLIFY_trNEGATIVE04328,0.011314555071294308
NEG_AMPLIFY_trNEGATIVE04378,0.014164572581648827
NEG_AMPLIFY_trNEGATIVE0447,0.0003822834696620703
NEG_AMPLIFY_trNEGATIVE04521,0.0018597946036607027
NEG_AMPLIFY_trNEGATIVE04533,0.0031246375292539597
NEG_AMPLIFY_trNEGATIVE04540,0.002000944223254919
NEG_AMPLIFY_trNEGATIVE0455,0.01698761060833931
NEG_AMPLIFY_trNEGATIVE04588,0.00010259389819111675
NEG_AMPLIFY_trNEGATIVE04602,0.30574095249176025
NEG_AMPLIFY_trNEGATIVE04616,0.05799414590001106
NEG_AMPLIFY_trNEGATIVE04627,0.025060836225748062
NEG_AMPLIFY_trNEGATIVE04641,0.000724146026186645
NEG_AMPLIFY_trNEGATIVE04645,0.0011917662341147661
NEG_AMPLIFY_trNEGATIVE04646,0.031041841953992844
NEG_AMPLIFY_trNEGATIVE04649,0.5809311866760254
NEG_AMPLIFY_trNEGATIVE04654,0.0031520328484475613
NEG_AMPLIFY_trNEGATIVE04656,0.002832083497196436
NEG_AMPLIFY_trNEGATIVE04710,0.04118948057293892
NEG_AMPLIFY_trNEGATIVE04747,0.01361248828470707
NEG_AMPLIFY_trNEGATIVE04824,0.0004290606011636555
NEG_AMPLIFY_trNEGATIVE0483,0.0003568638057913631
NEG_AMPLIFY_trNEGATIVE0485,3.7598588278342504e-06
NEG_AMPLIFY_trNEGATIVE04853,0.025311212986707687
NEG_AMPLIFY_trNEGATIVE0486,0.010527053847908974
NEG_AMPLIFY_trNEGATIVE0487,0.0003551738627720624
NEG_AMPLIFY_trNEGATIVE04875,0.003925094846636057
NEG_AMPLIFY_trNEGATIVE04889,0.0025259768590331078
NEG_AMPLIFY_trNEGATIVE04896,0.0010893195867538452
NEG_AMPLIFY_trNEGATIVE04902,0.9984682202339172
NEG_AMPLIFY_trNEGATIVE04924,0.05271704122424126
NEG_AMPLIFY_trNEGATIVE0505,0.06027699261903763
NEG_AMPLIFY_trNEGATIVE05103,0.00048364693066105247
NEG_AMPLIFY_trNEGATIVE05130,0.0177401602268219
NEG_AMPLIFY_trNEGATIVE05144,0.016861367970705032
NEG_AMPLIFY_trNEGATIVE0516,0.015864644199609756
NEG_AMPLIFY_trNEGATIVE05164,0.03118361160159111
NEG_AMPLIFY_trNEGATIVE0521,0.00283778365701437
NEG_AMPLIFY_trNEGATIVE0523,0.517922580242157
NEG_AMPLIFY_trNEGATIVE05239,0.00019953455193899572
NEG_AMPLIFY_trNEGATIVE0524,3.51796843460761e-05
NEG_AMPLIFY_trNEGATIVE0526,0.008032664656639099
NEG_AMPLIFY_trNEGATIVE05262,0.0005622772732749581
NEG_AMPLIFY_trNEGATIVE0529,0.04617252200841904
NEG_AMPLIFY_trNEGATIVE05325,0.0002556028193794191
NEG_AMPLIFY_trNEGATIVE05334,0.00012412136129569262
NEG_AMPLIFY_trNEGATIVE05368,0.02784639596939087
NEG_AMPLIFY_trNEGATIVE05371,0.00733207305893302
NEG_AMPLIFY_trNEGATIVE05406,3.7585785321425647e-05
NEG_AMPLIFY_trNEGATIVE05431,9.049099026015028e-05
NEG_AMPLIFY_trNEGATIVE05445,0.8767597079277039
NEG_AMPLIFY_trNEGATIVE05450,0.00035653929808177054
NEG_AMPLIFY_trNEGATIVE05461,0.0011720481561496854
NEG_AMPLIFY_trNEGATIVE05463,0.18773028254508972
NEG_AMPLIFY_trNEGATIVE05473,0.0001880177587736398
NEG_AMPLIFY_trNEGATIVE0548,0.0032190170604735613
NEG_AMPLIFY_trNEGATIVE05484,5.297450115904212e-05
NEG_AMPLIFY_trNEGATIVE05544,0.0003129765100311488
NEG_AMPLIFY_trNEGATIVE05564,0.001495905453339219
NEG_AMPLIFY_trNEGATIVE0557,0.00016113051970023662
NEG_AMPLIFY_trNEGATIVE05624,0.012269203551113605
NEG_AMPLIFY_trNEGATIVE05636,0.09099427610635757
NEG_AMPLIFY_trNEGATIVE05643,0.00024199944164138287
NEG_AMPLIFY_trNEGATIVE0565,3.116477387266059e-07
NEG_AMPLIFY_trNEGATIVE05651,0.10514883697032928
NEG_AMPLIFY_trNEGATIVE05652,0.0007551193702965975
NEG_AMPLIFY_trNEGATIVE0567,0.0031774230301380157
NEG_AMPLIFY_trNEGATIVE05697,0.01695176400244236
NEG_AMPLIFY_trNEGATIVE0572,0.0032212052028626204
NEG_AMPLIFY_trNEGATIVE05757,0.0495048463344574
NEG_AMPLIFY_trNEGATIVE0576,2.126450908690458e-06
NEG_AMPLIFY_trNEGATIVE0578,0.0006748856394551694
NEG_AMPLIFY_trNEGATIVE05788,0.531821072101593
NEG_AMPLIFY_trNEGATIVE05829,0.00021343615662772208
NEG_AMPLIFY_trNEGATIVE05882,0.022560011595487595
NEG_AMPLIFY_trNEGATIVE05889,0.013825143687427044
NEG_AMPLIFY_trNEGATIVE0589,0.0028505052905529737
NEG_AMPLIFY_trNEGATIVE05917,0.018745992332696915
NEG_AMPLIFY_trNEGATIVE05952,0.01967930793762207
NEG_AMPLIFY_trNEGATIVE0597,0.004378831945359707
NEG_AMPLIFY_trNEGATIVE06028,0.0010080451611429453
NEG_AMPLIFY_trNEGATIVE06043,0.0001874308509286493
NEG_AMPLIFY_trNEGATIVE06063,8.703391358722001e-05
NEG_AMPLIFY_trNEGATIVE06071,0.0037242230027914047
NEG_AMPLIFY_trNEGATIVE06117,0.20963796973228455
NEG_AMPLIFY_trNEGATIVE06120,0.15313106775283813
NEG_AMPLIFY_trNEGATIVE06121,0.04371543601155281
NEG_AMPLIFY_trNEGATIVE06123,0.0002711394627112895
NEG_AMPLIFY_trNEGATIVE06144,6.585916594303853e-07
NEG_AMPLIFY_trNEGATIVE06152,9.047124331118539e-05
NEG_AMPLIFY_trNEGATIVE06172,0.0006963370251469314
NEG_AMPLIFY_trNEGATIVE06199,0.010930763557553291
NEG_AMPLIFY_trNEGATIVE06236,0.002815843326970935
NEG_AMPLIFY_trNEGATIVE06238,0.0106493616476655
NEG_AMPLIFY_trNEGATIVE0624,0.002524855313822627
NEG_AMPLIFY_trNEGATIVE06277,0.0014432483585551381
NEG_AMPLIFY_trNEGATIVE06283,0.00011356718459865078
NEG_AMPLIFY_trNEGATIVE06305,0.004246349446475506
NEG_AMPLIFY_trNEGATIVE06369,0.0017900420352816582
NEG_AMPLIFY_trNEGATIVE06384,0.0013592180330306292
NEG_AMPLIFY_trNEGATIVE0640,0.000867464579641819
NEG_AMPLIFY_trNEGATIVE06401,0.0009846785105764866
NEG_AMPLIFY_trNEGATIVE06479,0.00010338258289266378
NEG_AMPLIFY_trNEGATIVE06489,0.00984190870076418
NEG_AMPLIFY_trNEGATIVE0650,1.3349987057154067e-05
NEG_AMPLIFY_trNEGATIVE06502,0.3781265318393707
NEG_AMPLIFY_trNEGATIVE0652,3.322099018987501e-06
NEG_AMPLIFY_trNEGATIVE06523,0.020710209384560585
NEG_AMPLIFY_trNEGATIVE0656,0.0012168780667707324
NEG_AMPLIFY_trNEGATIVE06569,0.0014457935467362404
NEG_AMPLIFY_trNEGATIVE06574,0.014783231541514397
NEG_AMPLIFY_trNEGATIVE06579,0.01209876500070095
NEG_AMPLIFY_trNEGATIVE0660,0.025279182940721512
NEG_AMPLIFY_trNEGATIVE0661,0.004954461939632893
NEG_AMPLIFY_trNEGATIVE0667,0.0032849046401679516
NEG_AMPLIFY_trNEGATIVE0668,0.002429707907140255
NEG_AMPLIFY_trNEGATIVE06680,0.24596461653709412
NEG_AMPLIFY_trNEGATIVE0672,0.021824993193149567
NEG_AMPLIFY_trNEGATIVE06725,0.011256356723606586
NEG_AMPLIFY_trNEGATIVE0673,0.22235040366649628
NEG_AMPLIFY_trNEGATIVE06730,1.8028138583758846e-05
NEG_AMPLIFY_trNEGATIVE06767,0.001364823547191918
NEG_AMPLIFY_trNEGATIVE06779,0.00045162098831497133
NEG_AMPLIFY_trNEGATIVE06800,0.003431606339290738
NEG_AMPLIFY_trNEGATIVE06824,0.00400141766294837
NEG_AMPLIFY_trNEGATIVE06854,0.006856408901512623
NEG_AMPLIFY_trNEGATIVE0687,0.09823602437973022
NEG_AMPLIFY_trNEGATIVE06880,3.567264138837345e-05
NEG_AMPLIFY_trNEGATIVE06893,0.0001412321871612221
NEG_AMPLIFY_trNEGATIVE06907,0.0008724940707907081
NEG_AMPLIFY_trNEGATIVE06910,0.0011736371088773012
NEG_AMPLIFY_trNEGATIVE06958,2.320631392649375e-05
NEG_AMPLIFY_trNEGATIVE06961,0.00042286436655558646
NEG_AMPLIFY_trNEGATIVE06977,0.00040913326665759087
NEG_AMPLIFY_trNEGATIVE07027,0.0042774872854352
NEG_AMPLIFY_trNEGATIVE0706,0.01205604337155819
NEG_AMPLIFY_trNEGATIVE0707,0.0007164219277910888
NEG_AMPLIFY_trNEGATIVE07085,0.0017678646836429834
NEG_AMPLIFY_trNEGATIVE07093,0.002161880722269416
NEG_AMPLIFY_trNEGATIVE0710,0.06838388741016388
NEG_AMPLIFY_trNEGATIVE07125,8.50682336022146e-05
NEG_AMPLIFY_trNEGATIVE0713,0.0006653122836723924
NEG_AMPLIFY_trNEGATIVE07210,0.00014624545292463154
NEG_AMPLIFY_trNEGATIVE07218,0.005453913472592831
NEG_AMPLIFY_trNEGATIVE07240,0.030399810522794724
NEG_AMPLIFY_trNEGATIVE07243,0.0025824448093771935
NEG_AMPLIFY_trNEGATIVE0725,0.0002757611800916493
NEG_AMPLIFY_trNEGATIVE07258,0.0036089252680540085
NEG_AMPLIFY_trNEGATIVE0726,0.0007688580080866814
NEG_AMPLIFY_trNEGATIVE07266,0.0003064243937842548
NEG_AMPLIFY_trNEGATIVE07285,0.6457579135894775
NEG_AMPLIFY_trNEGATIVE07302,5.5706001148791984e-05
NEG_AMPLIFY_trNEGATIVE0732,0.015324589796364307
NEG_AMPLIFY_trNEGATIVE07322,0.004417103249579668
NEG_AMPLIFY_trNEGATIVE0734,0.005765051580965519
NEG_AMPLIFY_trNEGATIVE0738,0.0006246359553188086
NEG_AMPLIFY_trNEGATIVE07418,0.0006924716872163117
NEG_AMPLIFY_trNEGATIVE07430,0.0069463299587368965
NEG_AMPLIFY_trNEGATIVE07490,0.016208797693252563
NEG_AMPLIFY_trNEGATIVE07504,0.9416651725769043
NEG_AMPLIFY_trNEGATIVE07510,0.04879092425107956
NEG_AMPLIFY_trNEGATIVE07521,0.010011636652052402
NEG_AMPLIFY_trNEGATIVE0753,0.05781220272183418
NEG_AMPLIFY_trNEGATIVE07532,0.0005300801130943
NEG_AMPLIFY_trNEGATIVE07541,0.01729102060198784
NEG_AMPLIFY_trNEGATIVE07544,0.02337101474404335
NEG_AMPLIFY_trNEGATIVE07549,7.996169733814895e-05
NEG_AMPLIFY_trNEGATIVE0758,1.1552022442629095e-05
NEG_AMPLIFY_trNEGATIVE07591,0.0018847354222089052
NEG_AMPLIFY_trNEGATIVE07632,0.0014994554221630096
NEG_AMPLIFY_trNEGATIVE07633,0.0004620800609700382
NEG_AMPLIFY_trNEGATIVE07638,0.003756097983568907
NEG_AMPLIFY_trNEGATIVE07712,0.0004435740993358195
NEG_AMPLIFY_trNEGATIVE0777,0.0021373373456299305
NEG_AMPLIFY_trNEGATIVE07793,0.0006794938817620277
NEG_AMPLIFY_trNEGATIVE0780,1.0910704077105038e-05
NEG_AMPLIFY_trNEGATIVE07825,0.0030335860792547464
NEG_AMPLIFY_trNEGATIVE07831,0.00010394291894044727
NEG_AMPLIFY_trNEGATIVE07860,0.10992499440908432
NEG_AMPLIFY_trNEGATIVE07863,1.3818845218338538e-05
NEG_AMPLIFY_trNEGATIVE07869,0.001805936568416655
NEG_AMPLIFY_trNEGATIVE07901,0.0004996316274628043
NEG_AMPLIFY_trNEGATIVE07915,0.9088144302368164
NEG_AMPLIFY_trNEGATIVE07917,0.0016001807525753975
NEG_AMPLIFY_trNEGATIVE07943,0.015034055337309837
NEG_AMPLIFY_trNEGATIVE0797,0.0014536783564835787
NEG_AMPLIFY_trNEGATIVE07981,0.0008195182308554649
NEG_AMPLIFY_trNEGATIVE07991,0.002409791573882103
NEG_AMPLIFY_trNEGATIVE08007,0.017005644738674164
NEG_AMPLIFY_trNEGATIVE08008,2.5099967388086952e-05
NEG_AMPLIFY_trNEGATIVE08025,0.0017303837230429053
NEG_AMPLIFY_trNEGATIVE08050,2.6831557988771237e-05
NEG_AMPLIFY_trNEGATIVE08057,0.39089101552963257
NEG_AMPLIFY_trNEGATIVE08075,4.608388553606346e-05
NEG_AMPLIFY_trNEGATIVE0808,0.024259215220808983
NEG_AMPLIFY_trNEGATIVE08136,5.1855902711395174e-05
NEG_AMPLIFY_trNEGATIVE08154,1.7502921991763287e-06
NEG_AMPLIFY_trNEGATIVE08162,0.03128037601709366
NEG_AMPLIFY_trNEGATIVE08199,6.0168076743138954e-05
NEG_AMPLIFY_trNEGATIVE08206,0.00180669198743999
NEG_AMPLIFY_trNEGATIVE0821,0.002163197612389922
NEG_AMPLIFY_trNEGATIVE08212,0.025324737653136253
NEG_AMPLIFY_trNEGATIVE0822,0.0006178716430440545
NEG_AMPLIFY_trNEGATIVE08222,3.801240018219687e-05
NEG_AMPLIFY_trNEGATIVE08223,0.06054877117276192
NEG_AMPLIFY_trNEGATIVE0825,0.004067583475261927
NEG_AMPLIFY_trNEGATIVE08253,9.88258543657139e-05
NEG_AMPLIFY_trNEGATIVE08266,8.023131158552133e-06
NEG_AMPLIFY_trNEGATIVE0827,0.010172923095524311
NEG_AMPLIFY_trNEGATIVE0832,0.03057815507054329
NEG_AMPLIFY_trNEGATIVE08320,0.0024444402661174536
NEG_AMPLIFY_trNEGATIVE08339,0.00505741685628891
NEG_AMPLIFY_trNEGATIVE0834,0.060984957963228226
NEG_AMPLIFY_trNEGATIVE08349,0.000323861459037289
NEG_AMPLIFY_trNEGATIVE0835,0.00022391842503566295
NEG_AMPLIFY_trNEGATIVE08362,0.011309546418488026
NEG_AMPLIFY_trNEGATIVE08366,0.0015640786150470376
NEG_AMPLIFY_trNEGATIVE08391,0.0026654263492673635
NEG_AMPLIFY_trNEGATIVE08404,0.06577859073877335
NEG_AMPLIFY_trNEGATIVE08408,0.013261914253234863
NEG_AMPLIFY_trNEGATIVE08415,0.004657323006540537
NEG_AMPLIFY_trNEGATIVE08433,6.830052734585479e-05
NEG_AMPLIFY_trNEGATIVE08442,0.054291993379592896
NEG_AMPLIFY_trNEGATIVE08446,0.00022188441653270274
NEG_AMPLIFY_trNEGATIVE0845,0.08756308257579803
NEG_AMPLIFY_trNEGATIVE0846,1.2254182365722954e-05
NEG_AMPLIFY_trNEGATIVE08480,0.0005874706548638642
NEG_AMPLIFY_trNEGATIVE08492,0.0004447126411832869
NEG_AMPLIFY_trNEGATIVE08501,0.0003247912391088903
NEG_AMPLIFY_trNEGATIVE0854,0.00042635557474568486
NEG_AMPLIFY_trNEGATIVE08612,0.0024433783255517483
NEG_AMPLIFY_trNEGATIVE08616,0.001756173325702548
NEG_AMPLIFY_trNEGATIVE08624,1.662839531491045e-05
NEG_AMPLIFY_trNEGATIVE08645,0.002540332730859518
NEG_AMPLIFY_trNEGATIVE0866,0.0038001402281224728
NEG_AMPLIFY_trNEGATIVE08670,0.0002841660170815885
NEG_AMPLIFY_trNEGATIVE08685,0.0007231561467051506
NEG_AMPLIFY_trNEGATIVE08690,5.567284097196534e-05
NEG_AMPLIFY_trNEGATIVE0872,4.322389213484712e-05
NEG_AMPLIFY_trNEGATIVE08721,0.011470221914350986
NEG_AMPLIFY_trNEGATIVE0873,4.0065737266559154e-05
NEG_AMPLIFY_trNEGATIVE0874,6.995083822403103e-05
NEG_AMPLIFY_trNEGATIVE08745,0.007051031105220318
NEG_AMPLIFY_trNEGATIVE0875,0.0024136952124536037
NEG_AMPLIFY_trNEGATIVE08753,7.05875436324277e-06
NEG_AMPLIFY_trNEGATIVE08810,0.0011335377348586917
NEG_AMPLIFY_trNEGATIVE0882,0.001446627313271165
NEG_AMPLIFY_trNEGATIVE08849,0.010036490857601166
NEG_AMPLIFY_trNEGATIVE08860,0.0022250418551266193
NEG_AMPLIFY_trNEGATIVE0889,5.812939434690634e-06
NEG_AMPLIFY_trNEGATIVE08891,0.004888453520834446
NEG_AMPLIFY_trNEGATIVE0891,0.006905520800501108
NEG_AMPLIFY_trNEGATIVE08912,0.0006905471673235297
NEG_AMPLIFY_trNEGATIVE0893,0.0004165727586951107
NEG_AMPLIFY_trNEGATIVE08938,0.0005296663730405271
NEG_AMPLIFY_trNEGATIVE0894,0.023113952949643135
NEG_AMPLIFY_trNEGATIVE0896,0.002723841229453683
NEG_AMPLIFY_trNEGATIVE0901,0.0021316432394087315
NEG_AMPLIFY_trNEGATIVE09035,0.00012672138109337538
NEG_AMPLIFY_trNEGATIVE09061,0.00023736004368402064
NEG_AMPLIFY_trNEGATIVE09076,0.0004185258876532316
NEG_AMPLIFY_trNEGATIVE09079,0.024956708773970604
NEG_AMPLIFY_trNEGATIVE0909,2.872024560929276e-05
NEG_AMPLIFY_trNEGATIVE09114,0.0021109941881150007
NEG_AMPLIFY_trNEGATIVE09149,0.9661534428596497
NEG_AMPLIFY_trNEGATIVE0915,0.00048663769848644733
NEG_AMPLIFY_trNEGATIVE09195,0.003529370529577136
NEG_AMPLIFY_trNEGATIVE09218,8.936709491536021e-05
NEG_AMPLIFY_trNEGATIVE09219,0.0007863347418606281
NEG_AMPLIFY_trNEGATIVE0925,0.0006578692700713873
NEG_AMPLIFY_trNEGATIVE09254,0.225620836019516
NEG_AMPLIFY_trNEGATIVE09259,5.823300398333231e-06
NEG_AMPLIFY_trNEGATIVE0926,6.506067620648537e-06
NEG_AMPLIFY_trNEGATIVE09273,9.703244722913951e-05
NEG_AMPLIFY_trNEGATIVE0929,1.194311835206463e-06
NEG_AMPLIFY_trNEGATIVE09298,9.522888717583555e-07
NEG_AMPLIFY_trNEGATIVE0930,2.2217286641534884e-06
NEG_AMPLIFY_trNEGATIVE0932,1.0825317531271139e-07
NEG_AMPLIFY_trNEGATIVE0933,0.0035135596990585327
NEG_AMPLIFY_trNEGATIVE09383,0.002142497804015875
NEG_AMPLIFY_trNEGATIVE0942,1.5797946844031685e-06
NEG_AMPLIFY_trNEGATIVE09433,7.728420314379036e-05
NEG_AMPLIFY_trNEGATIVE09439,0.029739176854491234
NEG_AMPLIFY_trNEGATIVE09456,0.0017255231505259871
NEG_AMPLIFY_trNEGATIVE0949,0.0001684479502728209
NEG_AMPLIFY_trNEGATIVE09491,0.0564376600086689
NEG_AMPLIFY_trNEGATIVE09525,0.005170638673007488
NEG_AMPLIFY_trNEGATIVE09558,0.0002696818264666945
NEG_AMPLIFY_trNEGATIVE0956,0.06766237318515778
NEG_AMPLIFY_trNEGATIVE0959,1.0603062037262134e-05
NEG_AMPLIFY_trNEGATIVE09603,6.991343980189413e-06
NEG_AMPLIFY_trNEGATIVE0961,0.0008783325320109725
NEG_AMPLIFY_trNEGATIVE0962,0.0012873567175120115
NEG_AMPLIFY_trNEGATIVE09638,0.0006150932749733329
NEG_AMPLIFY_trNEGATIVE0964,0.003697286592796445
NEG_AMPLIFY_trNEGATIVE09655,0.1006309986114502
NEG_AMPLIFY_trNEGATIVE0966,0.00040407368214800954
NEG_AMPLIFY_trNEGATIVE09661,0.005141534376889467
NEG_AMPLIFY_trNEGATIVE09705,0.006450189743191004
NEG_AMPLIFY_trNEGATIVE09717,2.6981579139828682e-05
NEG_AMPLIFY_trNEGATIVE09728,0.014112621545791626
NEG_AMPLIFY_trNEGATIVE09765,8.32769219414331e-05
NEG_AMPLIFY_trNEGATIVE09776,0.00900301244109869
NEG_AMPLIFY_trNEGATIVE09792,8.732442438486032e-06
NEG_AMPLIFY_trNEGATIVE09812,0.4282827377319336
NEG_AMPLIFY_trNEGATIVE09814,0.002075371565297246
NEG_AMPLIFY_trNEGATIVE09842,0.0005212307441979647
NEG_AMPLIFY_trNEGATIVE09862,0.0031361125875264406
NEG_AMPLIFY_trNEGATIVE0987,0.1185193806886673
NEG_AMPLIFY_trNEGATIVE09909,0.0012225715909153223
NEG_AMPLIFY_trNEGATIVE0992,0.0025903612840920687
NEG_AMPLIFY_trNEGATIVE09921,0.0022290474735200405
NEG_AMPLIFY_trNEGATIVE09922,0.00466869305819273
NEG_AMPLIFY_trNEGATIVE0994,4.157801413384732e-06
NEG_AMPLIFY_trNEGATIVE09949,0.03534693643450737
NEG_AMPLIFY_trNEGATIVE09999,0.0014897126238793135
NEG_AMPLIFY_trNEGATIVE10007,0.00021207789541222155
NEG_AMPLIFY_trNEGATIVE10066,0.0008066504378803074
NEG_AMPLIFY_trNEGATIVE10071,0.0002497181994840503
NEG_AMPLIFY_trNEGATIVE10118,0.25895601511001587
NEG_AMPLIFY_trNEGATIVE10140,0.31695181131362915
NEG_AMPLIFY_trNEGATIVE10142,0.15552711486816406
NEG_AMPLIFY_trNEGATIVE10176,0.0011243075132369995
NEG_AMPLIFY_trNEGATIVE10201,0.03566663712263107
NEG_AMPLIFY_trNEGATIVE1022,0.0007970730075612664
NEG_AMPLIFY_trNEGATIVE10222,0.00026538243400864303
NEG_AMPLIFY_trNEGATIVE10238,0.0062769376672804356
NEG_AMPLIFY_trNEGATIVE10274,0.004105936735868454
NEG_AMPLIFY_trNEGATIVE1032,0.027163222432136536
NEG_AMPLIFY_trNEGATIVE10323,0.012558342888951302
NEG_AMPLIFY_trNEGATIVE1035,0.0004815265419892967
NEG_AMPLIFY_trNEGATIVE1037,9.403348667547107e-05
NEG_AMPLIFY_trNEGATIVE10414,5.5664993851678446e-05
NEG_AMPLIFY_trNEGATIVE10415,0.004385136533528566
NEG_AMPLIFY_trNEGATIVE10426,0.0013997054193168879
NEG_AMPLIFY_trNEGATIVE10449,0.0003545330255292356
NEG_AMPLIFY_trNEGATIVE10452,0.0010514400200918317
NEG_AMPLIFY_trNEGATIVE10458,0.0003693810140248388
NEG_AMPLIFY_trNEGATIVE10470,0.0015871303621679544
NEG_AMPLIFY_trNEGATIVE10473,4.8643487389199436e-05
NEG_AMPLIFY_trNEGATIVE10483,0.0002821743837557733
NEG_AMPLIFY_trNEGATIVE1049,0.043189480900764465
NEG_AMPLIFY_trNEGATIVE10507,0.0022195945493876934
NEG_AMPLIFY_trNEGATIVE1053,0.0007591475150547922
NEG_AMPLIFY_trNEGATIVE10544,0.0003185374371241778
NEG_AMPLIFY_trNEGATIVE1055,2.1225670934654772e-05
NEG_AMPLIFY_trNEGATIVE10555,0.012692054733633995
NEG_AMPLIFY_trNEGATIVE10607,0.16129718720912933
NEG_AMPLIFY_trNEGATIVE10644,0.00027000345289707184
NEG_AMPLIFY_trNEGATIVE10646,0.00803818367421627
NEG_AMPLIFY_trNEGATIVE1065,0.05961607024073601
NEG_AMPLIFY_trNEGATIVE1067,0.004485339857637882
NEG_AMPLIFY_trNEGATIVE10721,0.00016272769425995648
NEG_AMPLIFY_trNEGATIVE1076,0.0003379524277988821
NEG_AMPLIFY_trNEGATIVE10767,0.02191435731947422
NEG_AMPLIFY_trNEGATIVE1077,0.028893833979964256
NEG_AMPLIFY_trNEGATIVE10771,0.1594116985797882
NEG_AMPLIFY_trNEGATIVE1079,0.006034494377672672
NEG_AMPLIFY_trNEGATIVE1082,4.547333810478449e-05
NEG_AMPLIFY_trNEGATIVE10822,0.015223124995827675
NEG_AMPLIFY_trNEGATIVE10934,0.07519344985485077
NEG_AMPLIFY_trNEGATIVE1095,0.006322274450212717
NEG_AMPLIFY_trNEGATIVE1099,0.00025747428298927844
NEG_AMPLIFY_trNEGATIVE11023,0.014134855940937996
NEG_AMPLIFY_trNEGATIVE11030,0.0893622487783432
NEG_AMPLIFY_trNEGATIVE1104,9.731600584927946e-06
NEG_AMPLIFY_trNEGATIVE11044,0.0014885466080158949
NEG_AMPLIFY_trNEGATIVE11059,0.014792595990002155
NEG_AMPLIFY_trNEGATIVE1108,0.008318496868014336
NEG_AMPLIFY_trNEGATIVE11085,5.828939174534753e-05
NEG_AMPLIFY_trNEGATIVE1109,9.962984040612355e-05
NEG_AMPLIFY_trNEGATIVE11099,0.04093693941831589
NEG_AMPLIFY_trNEGATIVE1111,0.00139509083237499
NEG_AMPLIFY_trNEGATIVE11132,0.008233004249632359
NEG_AMPLIFY_trNEGATIVE1121,0.013003257103264332
NEG_AMPLIFY_trNEGATIVE11214,0.00024016003590077162
NEG_AMPLIFY_trNEGATIVE11259,0.0316690132021904
NEG_AMPLIFY_trNEGATIVE11283,0.00898083858191967
NEG_AMPLIFY_trNEGATIVE1131,0.015946079045534134
NEG_AMPLIFY_trNEGATIVE1132,8.477556548314169e-05
NEG_AMPLIFY_trNEGATIVE11323,8.659476588945836e-05
NEG_AMPLIFY_trNEGATIVE11352,3.6115884540777188e-06
NEG_AMPLIFY_trNEGATIVE11360,0.019474105909466743
NEG_AMPLIFY_trNEGATIVE11367,0.021184956654906273
NEG_AMPLIFY_trNEGATIVE11368,0.0003538764431141317
NEG_AMPLIFY_trNEGATIVE11370,0.00012676810729317367
NEG_AMPLIFY_trNEGATIVE1139,1.1975358802374103e-06
NEG_AMPLIFY_trNEGATIVE11399,0.4118703305721283
NEG_AMPLIFY_trNEGATIVE11402,0.0002470624749548733
NEG_AMPLIFY_trNEGATIVE11418,0.00021462453878484666
NEG_AMPLIFY_trNEGATIVE11428,0.00035547357401810586
NEG_AMPLIFY_trNEGATIVE11458,0.00035138954990543425
NEG_AMPLIFY_trNEGATIVE11461,0.003039157949388027
NEG_AMPLIFY_trNEGATIVE11473,0.00020466376736294478
NEG_AMPLIFY_trNEGATIVE11484,0.5385115742683411
NEG_AMPLIFY_trNEGATIVE11487,0.07435168325901031
NEG_AMPLIFY_trNEGATIVE11488,0.0020823986269533634
NEG_AMPLIFY_trNEGATIVE1149,0.08980624377727509
NEG_AMPLIFY_trNEGATIVE11498,0.035923171788454056
NEG_AMPLIFY_trNEGATIVE1154,0.0014285334618762136
NEG_AMPLIFY_trNEGATIVE11550,0.22683382034301758
NEG_AMPLIFY_trNEGATIVE11561,0.5494542717933655
NEG_AMPLIFY_trNEGATIVE11573,0.010638538748025894
NEG_AMPLIFY_trNEGATIVE1160,2.603451139293611e-05
NEG_AMPLIFY_trNEGATIVE11611,0.0027659942861646414
NEG_AMPLIFY_trNEGATIVE11627,0.0020235017873346806
NEG_AMPLIFY_trNEGATIVE11640,0.0075753494165837765
NEG_AMPLIFY_trNEGATIVE11645,0.0003215045144315809
NEG_AMPLIFY_trNEGATIVE11664,0.2990078032016754
NEG_AMPLIFY_trNEGATIVE11675,0.00025763115263544023
NEG_AMPLIFY_trNEGATIVE11677,0.061555009335279465
NEG_AMPLIFY_trNEGATIVE1168,0.1996871531009674
NEG_AMPLIFY_trNEGATIVE11684,0.0015325939748436213
NEG_AMPLIFY_trNEGATIVE11691,0.004325189162045717
NEG_AMPLIFY_trNEGATIVE11720,0.007830164395272732
NEG_AMPLIFY_trNEGATIVE11721,0.0027159666642546654
NEG_AMPLIFY_trNEGATIVE11748,0.00036021688720211387
NEG_AMPLIFY_trNEGATIVE11770,0.0003596142050810158
NEG_AMPLIFY_trNEGATIVE11785,0.37176817655563354
NEG_AMPLIFY_trNEGATIVE11789,0.004350703675299883
NEG_AMPLIFY_trNEGATIVE11796,0.012642729096114635
NEG_AMPLIFY_trNEGATIVE1180,0.04335736483335495
NEG_AMPLIFY_trNEGATIVE11808,0.002072626957669854
NEG_AMPLIFY_trNEGATIVE11826,0.0009126827935688198
NEG_AMPLIFY_trNEGATIVE11847,0.014810276217758656
NEG_AMPLIFY_trNEGATIVE11863,0.010299070738255978
NEG_AMPLIFY_trNEGATIVE1187,0.015955597162246704
NEG_AMPLIFY_trNEGATIVE11879,0.008973052725195885
NEG_AMPLIFY_trNEGATIVE11914,0.0036813016049563885
NEG_AMPLIFY_trNEGATIVE1192,0.0006591213750652969
NEG_AMPLIFY_trNEGATIVE11942,0.0010121844243258238
NEG_AMPLIFY_trNEGATIVE11959,8.972441719379276e-05
NEG_AMPLIFY_trNEGATIVE11960,0.0022487742826342583
NEG_AMPLIFY_trNEGATIVE1198,4.4393589632818475e-05
NEG_AMPLIFY_trNEGATIVE12039,0.0008754815789870918
NEG_AMPLIFY_trNEGATIVE12071,0.17695252597332
NEG_AMPLIFY_trNEGATIVE1210,0.0004604906716849655
NEG_AMPLIFY_trNEGATIVE12122,0.03357389196753502
NEG_AMPLIFY_trNEGATIVE12136,0.09276773780584335
NEG_AMPLIFY_trNEGATIVE12137,0.002496825996786356
NEG_AMPLIFY_trNEGATIVE12180,0.004395531956106424
NEG_AMPLIFY_trNEGATIVE1219,0.00038291042437776923
NEG_AMPLIFY_trNEGATIVE12203,1.7367075997754e-05
NEG_AMPLIFY_trNEGATIVE1221,7.661688869120553e-06
NEG_AMPLIFY_trNEGATIVE1222,0.022685538977384567
NEG_AMPLIFY_trNEGATIVE1225,0.003031209111213684
NEG_AMPLIFY_trNEGATIVE12252,9.029497960000299e-06
NEG_AMPLIFY_trNEGATIVE12266,8.174112736014649e-05
NEG_AMPLIFY_trNEGATIVE12285,0.0005262457416392863
NEG_AMPLIFY_trNEGATIVE1229,3.5422986002231482e-06
NEG_AMPLIFY_trNEGATIVE1231,1.9630033420980908e-05
NEG_AMPLIFY_trNEGATIVE12312,0.003340474097058177
NEG_AMPLIFY_trNEGATIVE12320,3.998489410150796e-05
NEG_AMPLIFY_trNEGATIVE12321,0.0032762144692242146
NEG_AMPLIFY_trNEGATIVE12382,0.06704458594322205
NEG_AMPLIFY_trNEGATIVE12407,0.2896925210952759
NEG_AMPLIFY_trNEGATIVE12408,0.0015074796974658966
NEG_AMPLIFY_trNEGATIVE1241,0.002494226209819317
NEG_AMPLIFY_trNEGATIVE1245,8.636173151899129e-05
NEG_AMPLIFY_trNEGATIVE1246,0.0025447183288633823
NEG_AMPLIFY_trNEGATIVE12465,0.10643337666988373
NEG_AMPLIFY_trNEGATIVE12466,0.0006301967659965158
NEG_AMPLIFY_trNEGATIVE12483,0.06707019358873367
NEG_AMPLIFY_trNEGATIVE12531,0.025960087776184082
NEG_AMPLIFY_trNEGATIVE12610,0.005181812681257725
NEG_AMPLIFY_trNEGATIVE1263,0.007741996087133884
NEG_AMPLIFY_trNEGATIVE12691,0.009660894051194191
NEG_AMPLIFY_trNEGATIVE12744,0.2725585103034973
NEG_AMPLIFY_trNEGATIVE12753,0.1568727195262909
NEG_AMPLIFY_trNEGATIVE1276,0.0026175144594162703
NEG_AMPLIFY_trNEGATIVE12760,0.007734815590083599
NEG_AMPLIFY_trNEGATIVE1277,0.00016983160458039492
NEG_AMPLIFY_trNEGATIVE12785,0.00036574091063812375
NEG_AMPLIFY_trNEGATIVE12793,0.003898112801834941
NEG_AMPLIFY_trNEGATIVE1281,0.009252808056771755
NEG_AMPLIFY_trNEGATIVE12838,0.0044092899188399315
NEG_AMPLIFY_trNEGATIVE12888,0.0023151023779064417
NEG_AMPLIFY_trNEGATIVE12907,8.126064494717866e-05
NEG_AMPLIFY_trNEGATIVE12914,0.2080070525407791
NEG_AMPLIFY_trNEGATIVE12924,0.0032794936560094357
NEG_AMPLIFY_trNEGATIVE1294,5.809532126477279e-07
NEG_AMPLIFY_trNEGATIVE1296,1.3959863736090483e-06
NEG_AMPLIFY_trNEGATIVE12969,0.3125556409358978
NEG_AMPLIFY_trNEGATIVE12996,0.0004163073026575148
NEG_AMPLIFY_trNEGATIVE13031,0.0017260803142562509
NEG_AMPLIFY_trNEGATIVE1305,2.830841731338296e-05
NEG_AMPLIFY_trNEGATIVE13058,0.0019227422308176756
NEG_AMPLIFY_trNEGATIVE1307,0.0064403340220451355
NEG_AMPLIFY_trNEGATIVE13077,0.00032028567511588335
NEG_AMPLIFY_trNEGATIVE1308,2.850064902304439e-06
NEG_AMPLIFY_trNEGATIVE13103,0.01682174764573574
NEG_AMPLIFY_trNEGATIVE13117,1.9447793420113157e-06
NEG_AMPLIFY_trNEGATIVE13132,0.0016665005823597312
NEG_AMPLIFY_trNEGATIVE1315,0.03310181200504303
NEG_AMPLIFY_trNEGATIVE1318,0.00010012015991378576
NEG_AMPLIFY_trNEGATIVE13196,0.0008771115099079907
NEG_AMPLIFY_trNEGATIVE13209,8.083012653514743e-05
NEG_AMPLIFY_trNEGATIVE13229,0.1093301922082901
NEG_AMPLIFY_trNEGATIVE13305,0.00015511248784605414
NEG_AMPLIFY_trNEGATIVE1338,0.0015808821190148592
NEG_AMPLIFY_trNEGATIVE1340,6.197947186592501e-06
NEG_AMPLIFY_trNEGATIVE13415,0.00021520743030123413
NEG_AMPLIFY_trNEGATIVE13423,0.0352829210460186
NEG_AMPLIFY_trNEGATIVE13442,0.003755129873752594
NEG_AMPLIFY_trNEGATIVE13447,0.00981300137937069
NEG_AMPLIFY_trNEGATIVE13457,0.041182875633239746
NEG_AMPLIFY_trNEGATIVE1349,0.0003746952279470861
NEG_AMPLIFY_trNEGATIVE13499,1.67175276146736e-05
NEG_AMPLIFY_trNEGATIVE13506,0.008987275883555412
NEG_AMPLIFY_trNEGATIVE1352,0.0004612059274222702
NEG_AMPLIFY_trNEGATIVE13522,0.3653361201286316
NEG_AMPLIFY_trNEGATIVE1355,9.491354830970522e-07
NEG_AMPLIFY_trNEGATIVE1360,0.013948929496109486
NEG_AMPLIFY_trNEGATIVE13614,0.9101024866104126
NEG_AMPLIFY_trNEGATIVE13627,0.00017097526870202273
NEG_AMPLIFY_trNEGATIVE13637,0.892108142375946
NEG_AMPLIFY_trNEGATIVE1366,0.0001466563844587654
NEG_AMPLIFY_trNEGATIVE1367,8.432708398231625e-08
NEG_AMPLIFY_trNEGATIVE13676,0.10699509084224701
NEG_AMPLIFY_trNEGATIVE13697,0.008795483037829399
NEG_AMPLIFY_trNEGATIVE13714,0.006879270076751709
NEG_AMPLIFY_trNEGATIVE13761,0.00807612482458353
NEG_AMPLIFY_trNEGATIVE13763,0.0007505457615479827
NEG_AMPLIFY_trNEGATIVE13786,0.30308711528778076
NEG_AMPLIFY_trNEGATIVE1379,0.0003410487261135131
NEG_AMPLIFY_trNEGATIVE13814,2.6149962650379166e-05
NEG_AMPLIFY_trNEGATIVE13817,0.0016935456078499556
NEG_AMPLIFY_trNEGATIVE1382,0.0008870513993315399
NEG_AMPLIFY_trNEGATIVE13831,0.00014767656102776527
NEG_AMPLIFY_trNEGATIVE13856,0.007230748422443867
NEG_AMPLIFY_trNEGATIVE1391,0.04195636138319969
NEG_AMPLIFY_trNEGATIVE13916,0.2858123481273651
NEG_AMPLIFY_trNEGATIVE13981,0.01635456457734108
NEG_AMPLIFY_trNEGATIVE13987,0.27950674295425415
NEG_AMPLIFY_trNEGATIVE13990,0.029314417392015457
NEG_AMPLIFY_trNEGATIVE13998,0.0002432695619063452
NEG_AMPLIFY_trNEGATIVE14002,9.52687842072919e-05
NEG_AMPLIFY_trNEGATIVE14028,0.006077632773667574
NEG_AMPLIFY_trNEGATIVE1403,0.01939910463988781
NEG_AMPLIFY_trNEGATIVE14032,0.9870398640632629
NEG_AMPLIFY_trNEGATIVE1407,0.004303225316107273
NEG_AMPLIFY_trNEGATIVE14121,0.012260922230780125
NEG_AMPLIFY_trNEGATIVE14180,0.003809940768405795
NEG_AMPLIFY_trNEGATIVE14197,0.006210117135196924
NEG_AMPLIFY_trNEGATIVE1422,9.947541911969893e-06
NEG_AMPLIFY_trNEGATIVE14221,0.003828737884759903
NEG_AMPLIFY_trNEGATIVE14266,0.02397729828953743
NEG_AMPLIFY_trNEGATIVE14267,0.0017353069270029664
NEG_AMPLIFY_trNEGATIVE14272,0.001698100590147078
NEG_AMPLIFY_trNEGATIVE14284,0.028275305405259132
NEG_AMPLIFY_trNEGATIVE1429,2.178375143557787e-05
NEG_AMPLIFY_trNEGATIVE14307,0.0903511792421341
NEG_AMPLIFY_trNEGATIVE1432,0.034299980849027634
NEG_AMPLIFY_trNEGATIVE14328,0.01748528704047203
NEG_AMPLIFY_trNEGATIVE1435,0.000380069890525192
NEG_AMPLIFY_trNEGATIVE1439,0.000679643067996949
NEG_AMPLIFY_trNEGATIVE14395,0.9066743850708008
NEG_AMPLIFY_trNEGATIVE14404,0.0028018145821988583
NEG_AMPLIFY_trNEGATIVE14420,0.0005580194410867989
NEG_AMPLIFY_trNEGATIVE1443,0.0003578448959160596
NEG_AMPLIFY_trNEGATIVE14431,5.8615805755835027e-05
NEG_AMPLIFY_trNEGATIVE14437,0.0015430573839694262
NEG_AMPLIFY_trNEGATIVE14440,0.00031493723508901894
NEG_AMPLIFY_trNEGATIVE14511,0.014705483801662922
NEG_AMPLIFY_trNEGATIVE14523,0.0019635255448520184
NEG_AMPLIFY_trNEGATIVE14562,0.012114493176341057
NEG_AMPLIFY_trNEGATIVE14569,0.0020501031540334225
NEG_AMPLIFY_trNEGATIVE14589,0.0013668602332472801
NEG_AMPLIFY_trNEGATIVE14605,0.0074239992536604404
NEG_AMPLIFY_trNEGATIVE14617,0.18043771386146545
NEG_AMPLIFY_trNEGATIVE14622,2.820580266416073e-05
NEG_AMPLIFY_trNEGATIVE14686,0.001726795337162912
NEG_AMPLIFY_trNEGATIVE14705,0.0003720091190189123
NEG_AMPLIFY_trNEGATIVE14706,0.003099246881902218
NEG_AMPLIFY_trNEGATIVE14712,0.0078801941126585
NEG_AMPLIFY_trNEGATIVE14713,0.0017991065979003906
NEG_AMPLIFY_trNEGATIVE14722,0.00435620779171586
NEG_AMPLIFY_trNEGATIVE14743,0.006604000926017761
NEG_AMPLIFY_trNEGATIVE1476,0.23506250977516174
NEG_AMPLIFY_trNEGATIVE1477,0.002251464407891035
NEG_AMPLIFY_trNEGATIVE1480,0.038275670260190964
NEG_AMPLIFY_trNEGATIVE14804,7.462732901331037e-05
NEG_AMPLIFY_trNEGATIVE1483,0.00021194011787883937
NEG_AMPLIFY_trNEGATIVE14835,1.2282607713132165e-05
NEG_AMPLIFY_trNEGATIVE14847,0.0022744012530893087
NEG_AMPLIFY_trNEGATIVE14850,0.0010374131379649043
NEG_AMPLIFY_trNEGATIVE14851,4.553288090392016e-05
NEG_AMPLIFY_trNEGATIVE14865,0.00033455915399827063
NEG_AMPLIFY_trNEGATIVE14867,0.0008311999263241887
NEG_AMPLIFY_trNEGATIVE14877,0.20238006114959717
NEG_AMPLIFY_trNEGATIVE14880,0.0024830109905451536
NEG_AMPLIFY_trNEGATIVE1489,0.005312629975378513
NEG_AMPLIFY_trNEGATIVE14921,0.09079068154096603
NEG_AMPLIFY_trNEGATIVE14928,0.8163787126541138
NEG_AMPLIFY_trNEGATIVE14931,0.2986671030521393
NEG_AMPLIFY_trNEGATIVE14974,0.0006682259845547378
NEG_AMPLIFY_trNEGATIVE1499,0.004799037706106901
NEG_AMPLIFY_trNEGATIVE1500,0.00035418139304965734
NEG_AMPLIFY_trNEGATIVE15000,0.002297220518812537
NEG_AMPLIFY_trNEGATIVE15015,5.81113672524225e-05
NEG_AMPLIFY_trNEGATIVE1504,0.008089094422757626
NEG_AMPLIFY_trNEGATIVE15044,0.05235009640455246
NEG_AMPLIFY_trNEGATIVE15048,0.005593153648078442
NEG_AMPLIFY_trNEGATIVE1509,0.0032234531827270985
NEG_AMPLIFY_trNEGATIVE15109,0.0011767640244215727
NEG_AMPLIFY_trNEGATIVE15127,0.0012454568641260266
NEG_AMPLIFY_trNEGATIVE1513,3.5152647797076497e-06
NEG_AMPLIFY_trNEGATIVE15139,0.30152568221092224
NEG_AMPLIFY_trNEGATIVE15141,0.0002666884392965585
NEG_AMPLIFY_trNEGATIVE15142,0.00037452980177477
NEG_AMPLIFY_trNEGATIVE15143,0.03868357837200165
NEG_AMPLIFY_trNEGATIVE15155,0.0002174657565774396
NEG_AMPLIFY_trNEGATIVE1516,0.03886905312538147
NEG_AMPLIFY_trNEGATIVE15177,0.01694728247821331
NEG_AMPLIFY_trNEGATIVE15180,0.0008466605213470757
NEG_AMPLIFY_trNEGATIVE1519,0.0006170949200168252
NEG_AMPLIFY_trNEGATIVE1522,0.002533955266699195
NEG_AMPLIFY_trNEGATIVE15229,4.785045894095674e-05
NEG_AMPLIFY_trNEGATIVE1523,4.09295353165362e-06
NEG_AMPLIFY_trNEGATIVE15234,0.001665450050495565
NEG_AMPLIFY_trNEGATIVE15243,0.001158412080258131
NEG_AMPLIFY_trNEGATIVE15261,0.01743248663842678
NEG_AMPLIFY_trNEGATIVE15267,0.0021739532239735126
NEG_AMPLIFY_trNEGATIVE15269,0.0012339198729023337
NEG_AMPLIFY_trNEGATIVE15270,0.011476976796984673
NEG_AMPLIFY_trNEGATIVE1529,6.254273898775864e-07
NEG_AMPLIFY_trNEGATIVE15315,0.005380627699196339
NEG_AMPLIFY_trNEGATIVE15327,1.3899030818720348e-05
NEG_AMPLIFY_trNEGATIVE15330,0.015794677659869194
NEG_AMPLIFY_trNEGATIVE15358,0.0002170122170355171
NEG_AMPLIFY_trNEGATIVE1537,0.01300876121968031
NEG_AMPLIFY_trNEGATIVE15402,0.00012171240814495832
NEG_AMPLIFY_trNEGATIVE15412,0.0009075830457732081
NEG_AMPLIFY_trNEGATIVE15416,0.019602779299020767
NEG_AMPLIFY_trNEGATIVE15424,0.0011765736853703856
NEG_AMPLIFY_trNEGATIVE1548,0.007983415387570858
NEG_AMPLIFY_trNEGATIVE15481,0.0008588595082983375
NEG_AMPLIFY_trNEGATIVE1549,5.260603938950226e-05
NEG_AMPLIFY_trNEGATIVE15502,0.01700134202837944
NEG_AMPLIFY_trNEGATIVE15517,7.123576324374881e-06
NEG_AMPLIFY_trNEGATIVE15557,0.00024571799440309405
NEG_AMPLIFY_trNEGATIVE1557,0.20576801896095276
NEG_AMPLIFY_trNEGATIVE1558,6.554617812071228e-06
NEG_AMPLIFY_trNEGATIVE1559,0.0001519794896012172
NEG_AMPLIFY_trNEGATIVE1562,2.4497709091519937e-05
NEG_AMPLIFY_trNEGATIVE15656,0.00016682923887856305
NEG_AMPLIFY_trNEGATIVE15673,7.878676115069538e-05
NEG_AMPLIFY_trNEGATIVE15692,0.0627775713801384
NEG_AMPLIFY_trNEGATIVE1571,0.001156154554337263
NEG_AMPLIFY_trNEGATIVE15747,0.11363781988620758
NEG_AMPLIFY_trNEGATIVE1576,2.8639517495321343e-06
NEG_AMPLIFY_trNEGATIVE15808,0.0003252111200708896
NEG_AMPLIFY_trNEGATIVE1581,0.0024267390836030245
NEG_AMPLIFY_trNEGATIVE15837,6.546288204845041e-06
NEG_AMPLIFY_trNEGATIVE15839,0.00013279527775011957
NEG_AMPLIFY_trNEGATIVE15878,0.0011952987406402826
NEG_AMPLIFY_trNEGATIVE1588,0.0002901658299379051
NEG_AMPLIFY_trNEGATIVE15901,0.0025406654458492994
NEG_AMPLIFY_trNEGATIVE15906,0.007188725285232067
NEG_AMPLIFY_trNEGATIVE15908,0.003029783256351948
NEG_AMPLIFY_trNEGATIVE15923,9.36920041567646e-05
NEG_AMPLIFY_trNEGATIVE15947,0.04700873792171478
NEG_AMPLIFY_trNEGATIVE15967,2.113831214956008e-05
NEG_AMPLIFY_trNEGATIVE15973,0.05627012997865677
NEG_AMPLIFY_trNEGATIVE16034,0.00419772882014513
NEG_AMPLIFY_trNEGATIVE16072,0.19393151998519897
NEG_AMPLIFY_trNEGATIVE16101,0.005389868281781673
NEG_AMPLIFY_trNEGATIVE16112,0.019080642610788345
NEG_AMPLIFY_trNEGATIVE1612,0.19839707016944885
NEG_AMPLIFY_trNEGATIVE16175,0.0008277326123788953
NEG_AMPLIFY_trNEGATIVE16180,0.0009513823315501213
NEG_AMPLIFY_trNEGATIVE1626,0.00015859128325246274
NEG_AMPLIFY_trNEGATIVE16326,0.07984807342290878
NEG_AMPLIFY_trNEGATIVE1634,0.0012860138667747378
NEG_AMPLIFY_trNEGATIVE16370,0.07356016337871552
NEG_AMPLIFY_trNEGATIVE16374,0.00038364200736396015
NEG_AMPLIFY_trNEGATIVE16377,0.022649182006716728
NEG_AMPLIFY_trNEGATIVE16378,0.04931250959634781
NEG_AMPLIFY_trNEGATIVE16395,0.0014802587684243917
NEG_AMPLIFY_trNEGATIVE16416,0.10621561110019684
NEG_AMPLIFY_trNEGATIVE16419,9.482149835093878e-06
NEG_AMPLIFY_trNEGATIVE16429,0.0002491021587047726
NEG_AMPLIFY_trNEGATIVE1644,0.014261971227824688
NEG_AMPLIFY_trNEGATIVE16445,5.5255135521292686e-05
NEG_AMPLIFY_trNEGATIVE16457,7.746648043394089e-05
NEG_AMPLIFY_trNEGATIVE16476,0.04877706989645958
NEG_AMPLIFY_trNEGATIVE1649,0.04580307379364967
NEG_AMPLIFY_trNEGATIVE16500,0.0003125971998088062
NEG_AMPLIFY_trNEGATIVE1654,0.015759512782096863
NEG_AMPLIFY_trNEGATIVE1655,7.372485470114043e-06
NEG_AMPLIFY_trNEGATIVE16561,0.03566606715321541
NEG_AMPLIFY_trNEGATIVE1662,9.660764590080362e-06
NEG_AMPLIFY_trNEGATIVE16620,0.03417740762233734
NEG_AMPLIFY_trNEGATIVE1666,9.744220005813986e-05
NEG_AMPLIFY_trNEGATIVE16660,1.006864749797387e-05
NEG_AMPLIFY_trNEGATIVE16662,0.0002490254701115191
NEG_AMPLIFY_trNEGATIVE1668,0.010033722035586834
NEG_AMPLIFY_trNEGATIVE16715,0.00015322980470955372
NEG_AMPLIFY_trNEGATIVE16737,0.0005378160858526826
NEG_AMPLIFY_trNEGATIVE16738,0.0006164480000734329
NEG_AMPLIFY_trNEGATIVE16756,0.0026074559427797794
NEG_AMPLIFY_trNEGATIVE16764,0.9242585301399231
NEG_AMPLIFY_trNEGATIVE1677,8.503559365635738e-05
NEG_AMPLIFY_trNEGATIVE1680,0.007924946025013924
NEG_AMPLIFY_trNEGATIVE16825,0.00023517075169365853
NEG_AMPLIFY_trNEGATIVE16837,0.045276038348674774
NEG_AMPLIFY_trNEGATIVE16843,7.817510049790144e-05
NEG_AMPLIFY_trNEGATIVE16853,0.03482624143362045
NEG_AMPLIFY_trNEGATIVE1687,0.006581849418580532
NEG_AMPLIFY_trNEGATIVE16891,0.0009173924918286502
NEG_AMPLIFY_trNEGATIVE16898,0.0047588711604475975
NEG_AMPLIFY_trNEGATIVE16899,8.91324962140061e-05
NEG_AMPLIFY_trNEGATIVE1690,0.0281787421554327
NEG_AMPLIFY_trNEGATIVE1691,0.4237927496433258
NEG_AMPLIFY_trNEGATIVE16912,8.684082786203362e-06
NEG_AMPLIFY_trNEGATIVE16914,0.0009956277208402753
NEG_AMPLIFY_trNEGATIVE16949,0.0006615426973439753
NEG_AMPLIFY_trNEGATIVE16955,0.0010043131187558174
NEG_AMPLIFY_trNEGATIVE16994,0.0005944354343228042
NEG_AMPLIFY_trNEGATIVE17027,0.00019891133706551045
NEG_AMPLIFY_trNEGATIVE17065,0.00015663020894862711
NEG_AMPLIFY_trNEGATIVE17096,0.018701117485761642
NEG_AMPLIFY_trNEGATIVE17115,0.00025252674822695553
NEG_AMPLIFY_trNEGATIVE17188,0.011763809248805046
NEG_AMPLIFY_trNEGATIVE1720,0.003967466298490763
NEG_AMPLIFY_trNEGATIVE17202,0.018813274800777435
NEG_AMPLIFY_trNEGATIVE17250,0.017832502722740173
NEG_AMPLIFY_trNEGATIVE17258,0.025135602802038193
NEG_AMPLIFY_trNEGATIVE17328,0.016303028911352158
NEG_AMPLIFY_trNEGATIVE1733,0.08053704351186752
NEG_AMPLIFY_trNEGATIVE1735,2.9429415008053184e-05
NEG_AMPLIFY_trNEGATIVE17359,0.04118620231747627
NEG_AMPLIFY_trNEGATIVE17384,0.92768794298172
NEG_AMPLIFY_trNEGATIVE1742,8.004003757378086e-05
NEG_AMPLIFY_trNEGATIVE17428,0.0018787361914291978
NEG_AMPLIFY_trNEGATIVE17432,0.0004308907373342663
NEG_AMPLIFY_trNEGATIVE17435,0.0009531647665426135
NEG_AMPLIFY_trNEGATIVE1744,0.034311309456825256
NEG_AMPLIFY_trNEGATIVE17466,0.029823467135429382
NEG_AMPLIFY_trNEGATIVE17473,0.015914548188447952
NEG_AMPLIFY_trNEGATIVE1749,0.0036227628588676453
NEG_AMPLIFY_trNEGATIVE1750,1.2248996426933445e-05
NEG_AMPLIFY_trNEGATIVE17515,0.001190964481793344
NEG_AMPLIFY_trNEGATIVE17519,0.01813204400241375
NEG_AMPLIFY_trNEGATIVE17577,0.00017295600264333189
NEG_AMPLIFY_trNEGATIVE1758,0.0036420971155166626
NEG_AMPLIFY_trNEGATIVE17609,0.1825423687696457
NEG_AMPLIFY_trNEGATIVE17612,0.0004665010201279074
NEG_AMPLIFY_trNEGATIVE1763,0.003852221416309476
NEG_AMPLIFY_trNEGATIVE17675,0.0008540084818378091
NEG_AMPLIFY_trNEGATIVE17679,0.006791768129914999
NEG_AMPLIFY_trNEGATIVE17700,1.7867900169221684e-05
NEG_AMPLIFY_trNEGATIVE17716,0.08580674976110458
NEG_AMPLIFY_trNEGATIVE17717,0.00015039686695672572
NEG_AMPLIFY_trNEGATIVE17721,0.0016712851356714964
NEG_AMPLIFY_trNEGATIVE17726,0.002100967336446047
NEG_AMPLIFY_trNEGATIVE17772,2.6856791919271927e-06
NEG_AMPLIFY_trNEGATIVE17781,0.0004059494531247765
NEG_AMPLIFY_trNEGATIVE17810,0.00032163356081582606
NEG_AMPLIFY_trNEGATIVE17823,0.007529490627348423
NEG_AMPLIFY_trNEGATIVE17868,0.0002927400928456336
NEG_AMPLIFY_trNEGATIVE17873,0.000377504009520635
NEG_AMPLIFY_trNEGATIVE17877,0.21200518310070038
NEG_AMPLIFY_trNEGATIVE1788,5.843599410582101e-06
NEG_AMPLIFY_trNEGATIVE17883,0.06992270797491074
NEG_AMPLIFY_trNEGATIVE17884,0.0002994931419380009
NEG_AMPLIFY_trNEGATIVE17924,0.8810611963272095
NEG_AMPLIFY_trNEGATIVE1793,0.0015228188131004572
NEG_AMPLIFY_trNEGATIVE17958,0.0008338933112099767
NEG_AMPLIFY_trNEGATIVE1797,0.19336073100566864
NEG_AMPLIFY_trNEGATIVE17988,0.0001412820565747097
NEG_AMPLIFY_trNEGATIVE18022,5.044735735282302e-05
NEG_AMPLIFY_trNEGATIVE18054,0.06959501653909683
NEG_AMPLIFY_trNEGATIVE18083,0.00013045960804447532
NEG_AMPLIFY_trNEGATIVE18087,8.977688281675e-08
NEG_AMPLIFY_trNEGATIVE1809,0.004709859844297171
NEG_AMPLIFY_trNEGATIVE18144,0.1500014215707779
NEG_AMPLIFY_trNEGATIVE18150,0.500902533531189
NEG_AMPLIFY_trNEGATIVE18151,0.10110431909561157
NEG_AMPLIFY_trNEGATIVE18166,0.0073956334963440895
NEG_AMPLIFY_trNEGATIVE18178,0.05640528351068497
NEG_AMPLIFY_trNEGATIVE18184,0.04758138209581375
NEG_AMPLIFY_trNEGATIVE18186,0.0072365389205515385
NEG_AMPLIFY_trNEGATIVE18201,0.0001552365138195455
NEG_AMPLIFY_trNEGATIVE18212,2.2377425921149552e-05
NEG_AMPLIFY_trNEGATIVE18243,0.4050431251525879
NEG_AMPLIFY_trNEGATIVE18294,0.026465218514204025
NEG_AMPLIFY_trNEGATIVE18321,0.0006174559239298105
NEG_AMPLIFY_trNEGATIVE18328,0.005098656285554171
NEG_AMPLIFY_trNEGATIVE1833,0.009136943146586418
NEG_AMPLIFY_trNEGATIVE18355,0.01842787303030491
NEG_AMPLIFY_trNEGATIVE18370,0.0003961299662478268
NEG_AMPLIFY_trNEGATIVE18403,0.12920400500297546
NEG_AMPLIFY_trNEGATIVE18404,6.811834464315325e-05
NEG_AMPLIFY_trNEGATIVE18406,0.0013592486502602696
NEG_AMPLIFY_trNEGATIVE18453,0.01721775159239769
NEG_AMPLIFY_trNEGATIVE1846,0.027057191357016563
NEG_AMPLIFY_trNEGATIVE18507,0.004797692410647869
NEG_AMPLIFY_trNEGATIVE18528,0.0013836785219609737
NEG_AMPLIFY_trNEGATIVE18532,0.002776565495878458
NEG_AMPLIFY_trNEGATIVE18565,0.10842330753803253
NEG_AMPLIFY_trNEGATIVE1857,0.3302939534187317
NEG_AMPLIFY_trNEGATIVE18572,0.003318886738270521
NEG_AMPLIFY_trNEGATIVE18575,0.00019434545538388193
NEG_AMPLIFY_trNEGATIVE18606,0.006040413863956928
NEG_AMPLIFY_trNEGATIVE18611,0.00039719967753626406
NEG_AMPLIFY_trNEGATIVE1864,0.178213432431221
NEG_AMPLIFY_trNEGATIVE18652,0.00011274458665866405
NEG_AMPLIFY_trNEGATIVE18665,0.0033491782378405333
NEG_AMPLIFY_trNEGATIVE18684,6.518339432659559e-07
NEG_AMPLIFY_trNEGATIVE1869,0.0010973820462822914
NEG_AMPLIFY_trNEGATIVE18692,0.1301063597202301
NEG_AMPLIFY_trNEGATIVE18728,0.05600395053625107
NEG_AMPLIFY_trNEGATIVE18797,0.008061339147388935
NEG_AMPLIFY_trNEGATIVE18806,0.017075054347515106
NEG_AMPLIFY_trNEGATIVE18815,0.003132117912173271
NEG_AMPLIFY_trNEGATIVE1882,0.2462337762117386
NEG_AMPLIFY_trNEGATIVE18820,0.0067432536743581295
NEG_AMPLIFY_trNEGATIVE18823,1.1545756706254906e-06
NEG_AMPLIFY_trNEGATIVE18852,0.00013380218297243118
NEG_AMPLIFY_trNEGATIVE18853,0.07180556654930115
NEG_AMPLIFY_trNEGATIVE18889,0.008345207199454308
NEG_AMPLIFY_trNEGATIVE18902,0.006970906164497137
NEG_AMPLIFY_trNEGATIVE18915,0.0036738410126417875
NEG_AMPLIFY_trNEGATIVE18940,0.00011565415479708463
NEG_AMPLIFY_trNEGATIVE18948,0.006342525128275156
NEG_AMPLIFY_trNEGATIVE18952,3.24220018228516e-05
NEG_AMPLIFY_trNEGATIVE19001,0.0017079695826396346
NEG_AMPLIFY_trNEGATIVE19037,0.0005426349816843867
NEG_AMPLIFY_trNEGATIVE1909,5.7967467910202686e-06
NEG_AMPLIFY_trNEGATIVE1911,0.0008693744312040508
NEG_AMPLIFY_trNEGATIVE19137,0.0012079733423888683
NEG_AMPLIFY_trNEGATIVE19156,0.006314236670732498
NEG_AMPLIFY_trNEGATIVE19166,0.00015952189278323203
NEG_AMPLIFY_trNEGATIVE1919,0.21384480595588684
NEG_AMPLIFY_trNEGATIVE19199,4.782659743796103e-05
NEG_AMPLIFY_trNEGATIVE1922,1.5353214166680118e-06
NEG_AMPLIFY_trNEGATIVE19237,0.0005486379377543926
NEG_AMPLIFY_trNEGATIVE19272,0.00475106667727232
NEG_AMPLIFY_trNEGATIVE19285,0.003036589128896594
NEG_AMPLIFY_trNEGATIVE1929,0.016619814559817314
NEG_AMPLIFY_trNEGATIVE1933,0.0005612209206447005
NEG_AMPLIFY_trNEGATIVE19335,0.004438816569745541
NEG_AMPLIFY_trNEGATIVE1936,0.00012946869537699968
NEG_AMPLIFY_trNEGATIVE1941,0.0022453945130109787
NEG_AMPLIFY_trNEGATIVE19418,0.0002354901807848364
NEG_AMPLIFY_trNEGATIVE19461,0.015129176899790764
NEG_AMPLIFY_trNEGATIVE19507,0.0002508882898837328
NEG_AMPLIFY_trNEGATIVE19508,5.614181759483472e-07
NEG_AMPLIFY_trNEGATIVE19527,0.011864012107253075
NEG_AMPLIFY_trNEGATIVE1954,9.405518540006597e-06
NEG_AMPLIFY_trNEGATIVE1959,0.06631945073604584
NEG_AMPLIFY_trNEGATIVE19635,1.958711800398305e-05
NEG_AMPLIFY_trNEGATIVE1964,2.070056871161796e-05
NEG_AMPLIFY_trNEGATIVE19643,0.07315382361412048
NEG_AMPLIFY_trNEGATIVE1966,0.00020965274597983807
NEG_AMPLIFY_trNEGATIVE19699,0.9716783761978149
NEG_AMPLIFY_trNEGATIVE1970,2.121097168128472e-06
NEG_AMPLIFY_trNEGATIVE19709,0.0008257835288532078
NEG_AMPLIFY_trNEGATIVE19713,0.006288270000368357
NEG_AMPLIFY_trNEGATIVE19746,0.04231797531247139
NEG_AMPLIFY_trNEGATIVE19751,0.0034786269534379244
NEG_AMPLIFY_trNEGATIVE19810,0.6483344435691833
NEG_AMPLIFY_trNEGATIVE19816,0.48871731758117676
NEG_AMPLIFY_trNEGATIVE19818,0.0011328720720484853
NEG_AMPLIFY_trNEGATIVE19842,0.015156984329223633
NEG_AMPLIFY_trNEGATIVE19888,0.0006992946146056056
NEG_AMPLIFY_trNEGATIVE1989,0.0020391452126204967
NEG_AMPLIFY_trNEGATIVE19897,0.000591886811889708
NEG_AMPLIFY_trNEGATIVE19901,0.02530405856668949
NEG_AMPLIFY_trNEGATIVE19905,0.006617516279220581
NEG_AMPLIFY_trNEGATIVE19910,0.430824339389801
NEG_AMPLIFY_trNEGATIVE19936,0.00010724579624366015
NEG_AMPLIFY_trNEGATIVE19977,0.005055195651948452
NEG_AMPLIFY_trNEGATIVE1999,3.3889270980580477e-06
NEG_AMPLIFY_trNEGATIVE20014,0.00016682756540831178
NEG_AMPLIFY_trNEGATIVE2004,0.07576653361320496
NEG_AMPLIFY_trNEGATIVE20041,0.00996205024421215
NEG_AMPLIFY_trNEGATIVE20049,0.0008262259070761502
NEG_AMPLIFY_trNEGATIVE20069,0.03437487781047821
NEG_AMPLIFY_trNEGATIVE2009,0.09646626561880112
NEG_AMPLIFY_trNEGATIVE20121,0.0016693739453330636
NEG_AMPLIFY_trNEGATIVE20137,1.017955037241336e-05
NEG_AMPLIFY_trNEGATIVE20140,0.028468886390328407
NEG_AMPLIFY_trNEGATIVE20142,0.3211040198802948
NEG_AMPLIFY_trNEGATIVE20154,0.00011704699136316776
NEG_AMPLIFY_trNEGATIVE20223,0.0005153249949216843
NEG_AMPLIFY_trNEGATIVE20230,0.007177895400673151
NEG_AMPLIFY_trNEGATIVE2026,0.0017978192772716284
NEG_AMPLIFY_trNEGATIVE20275,0.0001679519918980077
NEG_AMPLIFY_trNEGATIVE20325,0.002338176593184471
NEG_AMPLIFY_trNEGATIVE20332,0.0014566814061254263
NEG_AMPLIFY_trNEGATIVE20333,0.001835340284742415
NEG_AMPLIFY_trNEGATIVE20334,0.00031924087670631707
NEG_AMPLIFY_trNEGATIVE2035,0.004918328952044249
NEG_AMPLIFY_trNEGATIVE20360,0.0019856265280395746
NEG_AMPLIFY_trNEGATIVE20375,0.009736457839608192
NEG_AMPLIFY_trNEGATIVE2039,0.002149255247786641
NEG_AMPLIFY_trNEGATIVE20411,0.0003761564730666578
NEG_AMPLIFY_trNEGATIVE20438,0.0003175022138748318
NEG_AMPLIFY_trNEGATIVE20452,7.336922863032669e-05
NEG_AMPLIFY_trNEGATIVE20467,0.021295633167028427
NEG_AMPLIFY_trNEGATIVE20482,0.000981916906312108
NEG_AMPLIFY_trNEGATIVE2049,0.16661600768566132
NEG_AMPLIFY_trNEGATIVE20492,0.0015885403845459223
NEG_AMPLIFY_trNEGATIVE20534,0.04977044463157654
NEG_AMPLIFY_trNEGATIVE2057,0.14480158686637878
NEG_AMPLIFY_trNEGATIVE20582,0.019090427085757256
NEG_AMPLIFY_trNEGATIVE20587,0.8921772837638855
NEG_AMPLIFY_trNEGATIVE20592,0.0019196867942810059
NEG_AMPLIFY_trNEGATIVE20608,0.00934489257633686
NEG_AMPLIFY_trNEGATIVE20622,0.8400802612304688
NEG_AMPLIFY_trNEGATIVE2064,0.0015689829597249627
NEG_AMPLIFY_trNEGATIVE20646,0.00015320998500101268
NEG_AMPLIFY_trNEGATIVE20647,0.0014706272631883621
NEG_AMPLIFY_trNEGATIVE2065,0.004488140810281038
NEG_AMPLIFY_trNEGATIVE20651,6.5466265368741e-05
NEG_AMPLIFY_trNEGATIVE20653,0.002036759862676263
NEG_AMPLIFY_trNEGATIVE20663,0.0001894773740787059
NEG_AMPLIFY_trNEGATIVE20674,0.0009741733083501458
NEG_AMPLIFY_trNEGATIVE20716,0.000667115964461118
NEG_AMPLIFY_trNEGATIVE20731,0.0003576957678887993
NEG_AMPLIFY_trNEGATIVE20736,0.000127595936646685
NEG_AMPLIFY_trNEGATIVE20757,0.0001252026268048212
NEG_AMPLIFY_trNEGATIVE20768,0.9941347241401672
NEG_AMPLIFY_trNEGATIVE20782,0.0007365045021288097
NEG_AMPLIFY_trNEGATIVE20851,0.005250635091215372
NEG_AMPLIFY_trNEGATIVE20917,0.019699782133102417
NEG_AMPLIFY_trNEGATIVE2092,0.00040833413368090987
NEG_AMPLIFY_trNEGATIVE2094,0.00096425402443856
NEG_AMPLIFY_trNEGATIVE20969,8.728299872018397e-05
NEG_AMPLIFY_trNEGATIVE20986,0.00014030517195351422
NEG_AMPLIFY_trNEGATIVE20997,0.0035959910601377487
NEG_AMPLIFY_trNEGATIVE21011,0.0008861238020472229
NEG_AMPLIFY_trNEGATIVE21020,0.0010984990512952209
NEG_AMPLIFY_trNEGATIVE2104,0.01238478347659111
NEG_AMPLIFY_trNEGATIVE21042,0.005427029449492693
NEG_AMPLIFY_trNEGATIVE21109,0.001104759401641786
NEG_AMPLIFY_trNEGATIVE2111,9.93773710433743e-07
NEG_AMPLIFY_trNEGATIVE2112,2.8439226298360154e-05
NEG_AMPLIFY_trNEGATIVE21127,0.0018200802151113749
NEG_AMPLIFY_trNEGATIVE21147,0.00793382991105318
NEG_AMPLIFY_trNEGATIVE21166,0.00023966895241755992
NEG_AMPLIFY_trNEGATIVE21195,0.0011212624376639724
NEG_AMPLIFY_trNEGATIVE2121,0.00010268535697832704
NEG_AMPLIFY_trNEGATIVE21215,0.00011713766434695572
NEG_AMPLIFY_trNEGATIVE21248,0.0003743174020200968
NEG_AMPLIFY_trNEGATIVE21269,0.014051568694412708
NEG_AMPLIFY_trNEGATIVE21272,0.5592155456542969
NEG_AMPLIFY_trNEGATIVE21300,0.6615349054336548
NEG_AMPLIFY_trNEGATIVE21313,4.093454481335357e-05
NEG_AMPLIFY_trNEGATIVE2134,6.122702325228602e-05
NEG_AMPLIFY_trNEGATIVE21345,0.002790261059999466
NEG_AMPLIFY_trNEGATIVE2135,0.10584485530853271
NEG_AMPLIFY_trNEGATIVE21351,0.18415582180023193
NEG_AMPLIFY_trNEGATIVE21365,0.21457812190055847
NEG_AMPLIFY_trNEGATIVE21368,5.543255974771455e-05
NEG_AMPLIFY_trNEGATIVE21375,0.006132525857537985
NEG_AMPLIFY_trNEGATIVE2138,0.0013874716823920608
NEG_AMPLIFY_trNEGATIVE2141,0.001057332381606102
NEG_AMPLIFY_trNEGATIVE21415,0.005405524279922247
NEG_AMPLIFY_trNEGATIVE21424,0.0002696815354283899
NEG_AMPLIFY_trNEGATIVE21453,0.00047765448107384145
NEG_AMPLIFY_trNEGATIVE2148,1.3086416856822325e-06
NEG_AMPLIFY_trNEGATIVE21523,0.00022162232198752463
NEG_AMPLIFY_trNEGATIVE21611,0.0006657029734924436
NEG_AMPLIFY_trNEGATIVE21621,0.05463913828134537
NEG_AMPLIFY_trNEGATIVE21634,7.009778346400708e-05
NEG_AMPLIFY_trNEGATIVE21641,7.196313526947051e-05
NEG_AMPLIFY_trNEGATIVE21646,0.00030353973852470517
NEG_AMPLIFY_trNEGATIVE21648,0.0020751305855810642
NEG_AMPLIFY_trNEGATIVE21649,0.0005086868768557906
NEG_AMPLIFY_trNEGATIVE21654,1.8445676914780051e-06
NEG_AMPLIFY_trNEGATIVE21667,0.7091244459152222
NEG_AMPLIFY_trNEGATIVE2167,0.00048280484043061733
NEG_AMPLIFY_trNEGATIVE2168,1.0297608241671696e-06
NEG_AMPLIFY_trNEGATIVE21694,0.2568433880805969
NEG_AMPLIFY_trNEGATIVE21699,0.00021973007824271917
NEG_AMPLIFY_trNEGATIVE21702,0.012110672891139984
NEG_AMPLIFY_trNEGATIVE21711,0.00025215893401764333
NEG_AMPLIFY_trNEGATIVE21748,0.0028226145077496767
NEG_AMPLIFY_trNEGATIVE21757,0.2862338721752167
NEG_AMPLIFY_trNEGATIVE21766,0.03957098349928856
NEG_AMPLIFY_trNEGATIVE21770,0.011559593491256237
NEG_AMPLIFY_trNEGATIVE21790,0.015763351693749428
NEG_AMPLIFY_trNEGATIVE21826,0.0008964869193732738
NEG_AMPLIFY_trNEGATIVE21833,0.00971328653395176
NEG_AMPLIFY_trNEGATIVE21846,0.0018922683084383607
NEG_AMPLIFY_trNEGATIVE21849,0.04007292911410332
NEG_AMPLIFY_trNEGATIVE21858,0.0002534420636948198
NEG_AMPLIFY_trNEGATIVE21901,0.00209791143424809
NEG_AMPLIFY_trNEGATIVE21927,1.9604047338361852e-05
NEG_AMPLIFY_trNEGATIVE21938,0.0008199584553949535
NEG_AMPLIFY_trNEGATIVE21994,2.865887108782772e-05
NEG_AMPLIFY_trNEGATIVE22023,7.489820745831821e-06
NEG_AMPLIFY_trNEGATIVE22028,0.0007689137710258365
NEG_AMPLIFY_trNEGATIVE2203,0.012505416758358479
NEG_AMPLIFY_trNEGATIVE22085,0.10467404127120972
NEG_AMPLIFY_trNEGATIVE2209,0.0024640553165227175
NEG_AMPLIFY_trNEGATIVE22098,0.011011270806193352
NEG_AMPLIFY_trNEGATIVE22107,0.00013418743037618697
NEG_AMPLIFY_trNEGATIVE2213,0.034043196588754654
NEG_AMPLIFY_trNEGATIVE22139,0.0001982438552659005
NEG_AMPLIFY_trNEGATIVE22170,0.36604321002960205
NEG_AMPLIFY_trNEGATIVE22185,0.0034672270994633436
NEG_AMPLIFY_trNEGATIVE2221,0.08443457633256912
NEG_AMPLIFY_trNEGATIVE22219,0.01935243234038353
NEG_AMPLIFY_trNEGATIVE22249,0.0027560365851968527
NEG_AMPLIFY_trNEGATIVE22257,0.0005871596513316035
NEG_AMPLIFY_trNEGATIVE22258,0.7489503622055054
NEG_AMPLIFY_trNEGATIVE22276,0.0001356803986709565
NEG_AMPLIFY_trNEGATIVE2228,0.029407193884253502
NEG_AMPLIFY_trNEGATIVE2234,0.00023502655676566064
NEG_AMPLIFY_trNEGATIVE22368,0.0003128179523628205
NEG_AMPLIFY_trNEGATIVE2237,0.043597541749477386
NEG_AMPLIFY_trNEGATIVE2241,0.017292825505137444
NEG_AMPLIFY_trNEGATIVE22443,0.0020721054170280695
NEG_AMPLIFY_trNEGATIVE22464,6.617754024773603e-06
NEG_AMPLIFY_trNEGATIVE22487,0.02223021164536476
NEG_AMPLIFY_trNEGATIVE22520,0.16680815815925598
NEG_AMPLIFY_trNEGATIVE2253,1.906653596961405e-05
NEG_AMPLIFY_trNEGATIVE22566,0.05187876895070076
NEG_AMPLIFY_trNEGATIVE22593,0.07571202516555786
NEG_AMPLIFY_trNEGATIVE22600,0.0012233011657372117
NEG_AMPLIFY_trNEGATIVE22622,0.0010823879856616259
NEG_AMPLIFY_trNEGATIVE2263,0.0030464385636150837
NEG_AMPLIFY_trNEGATIVE22638,0.00013201743422541767
NEG_AMPLIFY_trNEGATIVE2264,8.246192010119557e-06
NEG_AMPLIFY_trNEGATIVE2265,6.60095174680464e-05
NEG_AMPLIFY_trNEGATIVE22670,0.0007090812432579696
NEG_AMPLIFY_trNEGATIVE22675,0.20777520537376404
NEG_AMPLIFY_trNEGATIVE22709,0.3328351378440857
NEG_AMPLIFY_trNEGATIVE2272,0.04149920493364334
NEG_AMPLIFY_trNEGATIVE22731,0.02510100230574608
NEG_AMPLIFY_trNEGATIVE22743,0.000612055417150259
NEG_AMPLIFY_trNEGATIVE22750,0.0011855619959533215
NEG_AMPLIFY_trNEGATIVE22759,0.00017589132767170668
NEG_AMPLIFY_trNEGATIVE22768,0.027930280193686485
NEG_AMPLIFY_trNEGATIVE22776,0.022171327844262123
NEG_AMPLIFY_trNEGATIVE22788,0.000870714255142957
NEG_AMPLIFY_trNEGATIVE2279,0.018683280795812607
NEG_AMPLIFY_trNEGATIVE22820,0.0033856076188385487
NEG_AMPLIFY_trNEGATIVE22825,0.001775357173755765
NEG_AMPLIFY_trNEGATIVE2286,0.0016990185249596834
NEG_AMPLIFY_trNEGATIVE22878,0.004127326421439648
NEG_AMPLIFY_trNEGATIVE22896,0.0001761079765856266
NEG_AMPLIFY_trNEGATIVE22916,0.0030721910297870636
NEG_AMPLIFY_trNEGATIVE22924,0.015492627397179604
NEG_AMPLIFY_trNEGATIVE2293,0.007170598953962326
NEG_AMPLIFY_trNEGATIVE2296,0.03675577789545059
NEG_AMPLIFY_trNEGATIVE2298,8.973722287919372e-05
NEG_AMPLIFY_trNEGATIVE22990,0.0017773555591702461
NEG_AMPLIFY_trNEGATIVE2301,5.419952685770113e-06
NEG_AMPLIFY_trNEGATIVE2302,0.001512837829068303
NEG_AMPLIFY_trNEGATIVE2303,0.0060439505614340305
NEG_AMPLIFY_trNEGATIVE23031,0.00016439115279354155
NEG_AMPLIFY_trNEGATIVE2304,0.004083034582436085
NEG_AMPLIFY_trNEGATIVE23058,0.11982689797878265
NEG_AMPLIFY_trNEGATIVE2307,0.015142729505896568
NEG_AMPLIFY_trNEGATIVE2310,0.0006579930195584893
NEG_AMPLIFY_trNEGATIVE23134,0.022638412192463875
NEG_AMPLIFY_trNEGATIVE2314,2.591397674223117e-07
NEG_AMPLIFY_trNEGATIVE23142,0.003168174298480153
NEG_AMPLIFY_trNEGATIVE23158,0.00799885205924511
NEG_AMPLIFY_trNEGATIVE23185,0.0002831162419170141
NEG_AMPLIFY_trNEGATIVE23233,0.24239082634449005
NEG_AMPLIFY_trNEGATIVE23255,0.0007553620380349457
NEG_AMPLIFY_trNEGATIVE23278,0.0004045841342303902
NEG_AMPLIFY_trNEGATIVE23295,0.004071432165801525
NEG_AMPLIFY_trNEGATIVE2330,0.010180331766605377
NEG_AMPLIFY_trNEGATIVE2331,0.4877682626247406
NEG_AMPLIFY_trNEGATIVE23313,0.0024970672093331814
NEG_AMPLIFY_trNEGATIVE23320,0.015106329694390297
NEG_AMPLIFY_trNEGATIVE23325,0.00221317820250988
NEG_AMPLIFY_trNEGATIVE23328,7.006884698057547e-05
NEG_AMPLIFY_trNEGATIVE23347,0.00347481039352715
NEG_AMPLIFY_trNEGATIVE23350,0.07812081277370453
NEG_AMPLIFY_trNEGATIVE23386,0.00010556155029917136
NEG_AMPLIFY_trNEGATIVE2340,0.0002936215605586767
NEG_AMPLIFY_trNEGATIVE23401,0.011549679562449455
NEG_AMPLIFY_trNEGATIVE23406,0.002846673596650362
NEG_AMPLIFY_trNEGATIVE2341,0.14855727553367615
NEG_AMPLIFY_trNEGATIVE2342,0.09477729350328445
NEG_AMPLIFY_trNEGATIVE23439,0.0030589294619858265
NEG_AMPLIFY_trNEGATIVE2344,2.0265648345230147e-05
NEG_AMPLIFY_trNEGATIVE23452,0.0013662261189892888
NEG_AMPLIFY_trNEGATIVE23471,5.241392500465736e-06
NEG_AMPLIFY_trNEGATIVE2349,0.23215000331401825
NEG_AMPLIFY_trNEGATIVE2350,7.362127689702902e-06
NEG_AMPLIFY_trNEGATIVE23500,0.0002963257138617337
NEG_AMPLIFY_trNEGATIVE23514,4.4253265514271334e-05
NEG_AMPLIFY_trNEGATIVE23518,0.0007108895806595683
NEG_AMPLIFY_trNEGATIVE23519,0.25945866107940674
NEG_AMPLIFY_trNEGATIVE2352,3.736393045983277e-05
NEG_AMPLIFY_trNEGATIVE23538,0.012903422117233276
NEG_AMPLIFY_trNEGATIVE23581,0.021415185183286667
NEG_AMPLIFY_trNEGATIVE23592,0.036928921937942505
NEG_AMPLIFY_trNEGATIVE2364,0.00021568693045992404
NEG_AMPLIFY_trNEGATIVE23656,0.001373046194203198
NEG_AMPLIFY_trNEGATIVE23660,0.003230273723602295
NEG_AMPLIFY_trNEGATIVE23668,0.0036724302917718887
NEG_AMPLIFY_trNEGATIVE2367,0.0011278329184278846
NEG_AMPLIFY_trNEGATIVE23671,0.023485373705625534
NEG_AMPLIFY_trNEGATIVE23675,1.8461467334418558e-05
NEG_AMPLIFY_trNEGATIVE23683,0.2486501932144165
NEG_AMPLIFY_trNEGATIVE23706,0.00042138301068916917
NEG_AMPLIFY_trNEGATIVE2376,0.06398552656173706
NEG_AMPLIFY_trNEGATIVE2378,0.004895979072898626
NEG_AMPLIFY_trNEGATIVE2379,3.0034425435587764e-06
NEG_AMPLIFY_trNEGATIVE23817,0.0004016729071736336
NEG_AMPLIFY_trNEGATIVE2382,1.463845649141149e-07
NEG_AMPLIFY_trNEGATIVE23822,0.001182586420327425
NEG_AMPLIFY_trNEGATIVE23852,0.0010178578086197376
NEG_AMPLIFY_trNEGATIVE2386,5.8138401072937995e-05
NEG_AMPLIFY_trNEGATIVE23884,0.823961079120636
NEG_AMPLIFY_trNEGATIVE23898,0.00016462989151477814
NEG_AMPLIFY_trNEGATIVE2390,0.03145809844136238
NEG_AMPLIFY_trNEGATIVE23904,0.00744533259421587
NEG_AMPLIFY_trNEGATIVE2393,0.01584438420832157
NEG_AMPLIFY_trNEGATIVE2395,6.591920828213915e-05
NEG_AMPLIFY_trNEGATIVE23958,0.000946363084949553
NEG_AMPLIFY_trNEGATIVE23961,0.005903210956603289
NEG_AMPLIFY_trNEGATIVE2398,7.54326320020482e-05
NEG_AMPLIFY_trNEGATIVE23982,8.478424570057541e-05
NEG_AMPLIFY_trNEGATIVE2400,0.002712762914597988
NEG_AMPLIFY_trNEGATIVE2402,0.005407046061009169
NEG_AMPLIFY_trNEGATIVE2403,0.00016457268793601543
NEG_AMPLIFY_trNEGATIVE24044,0.00023226739722304046
NEG_AMPLIFY_trNEGATIVE24082,0.00173875130712986
NEG_AMPLIFY_trNEGATIVE24090,0.6716408133506775
NEG_AMPLIFY_trNEGATIVE24105,0.12287914752960205
NEG_AMPLIFY_trNEGATIVE24113,0.005240791942924261
NEG_AMPLIFY_trNEGATIVE2412,0.0007632236811332405
NEG_AMPLIFY_trNEGATIVE24132,0.00039196471334435046
NEG_AMPLIFY_trNEGATIVE24144,0.004068757873028517
NEG_AMPLIFY_trNEGATIVE24186,0.007644825614988804
NEG_AMPLIFY_trNEGATIVE24212,0.00038077321369200945
NEG_AMPLIFY_trNEGATIVE2422,0.013420497067272663
NEG_AMPLIFY_trNEGATIVE24226,0.00042716748430393636
NEG_AMPLIFY_trNEGATIVE2425,0.0025625615380704403
NEG_AMPLIFY_trNEGATIVE2429,0.000997615628875792
NEG_AMPLIFY_trNEGATIVE24291,6.649513670708984e-05
NEG_AMPLIFY_trNEGATIVE24308,0.013584539294242859
NEG_AMPLIFY_trNEGATIVE2431,0.0007052317960187793
NEG_AMPLIFY_trNEGATIVE24319,0.0003317270311526954
NEG_AMPLIFY_trNEGATIVE24334,0.007924405857920647
NEG_AMPLIFY_trNEGATIVE2434,5.214677003095858e-05
NEG_AMPLIFY_trNEGATIVE24341,0.024076899513602257
NEG_AMPLIFY_trNEGATIVE24346,0.0002833930775523186
NEG_AMPLIFY_trNEGATIVE24358,0.00014741442282684147
NEG_AMPLIFY_trNEGATIVE24365,0.005135066341608763
NEG_AMPLIFY_trNEGATIVE24390,0.04905317723751068
NEG_AMPLIFY_trNEGATIVE2441,0.00028270628536120057
NEG_AMPLIFY_trNEGATIVE24462,0.019530240446329117
NEG_AMPLIFY_trNEGATIVE24463,0.0030370275489985943
NEG_AMPLIFY_trNEGATIVE2451,0.005012074485421181
NEG_AMPLIFY_trNEGATIVE24537,0.0011404978577047586
NEG_AMPLIFY_trNEGATIVE2456,3.75367708329577e-05
NEG_AMPLIFY_trNEGATIVE2459,0.00010456065501784906
NEG_AMPLIFY_trNEGATIVE24606,0.007547642104327679
NEG_AMPLIFY_trNEGATIVE24612,0.00022956772590987384
NEG_AMPLIFY_trNEGATIVE24615,0.0027794877532869577
NEG_AMPLIFY_trNEGATIVE2462,0.034250687807798386
NEG_AMPLIFY_trNEGATIVE24681,0.03735437989234924
NEG_AMPLIFY_trNEGATIVE2469,9.589220280759037e-05
NEG_AMPLIFY_trNEGATIVE2470,0.017056548967957497
NEG_AMPLIFY_trNEGATIVE24708,0.0005733241559937596
NEG_AMPLIFY_trNEGATIVE2473,0.00020622063311748207
NEG_AMPLIFY_trNEGATIVE24730,0.0003786240122281015
NEG_AMPLIFY_trNEGATIVE24752,0.00028752905200235546
NEG_AMPLIFY_trNEGATIVE2477,0.03462928533554077
NEG_AMPLIFY_trNEGATIVE24790,0.002119264332577586
NEG_AMPLIFY_trNEGATIVE2480,2.6812853320734575e-05
NEG_AMPLIFY_trNEGATIVE24810,0.0003557852760422975
NEG_AMPLIFY_trNEGATIVE2487,0.00866837240755558
NEG_AMPLIFY_trNEGATIVE24895,0.0008317011524923146
NEG_AMPLIFY_trNEGATIVE24931,0.3404309153556824
NEG_AMPLIFY_trNEGATIVE24933,0.00018685031682252884
NEG_AMPLIFY_trNEGATIVE24934,0.018452627584338188
NEG_AMPLIFY_trNEGATIVE2498,0.0012424297165125608
NEG_AMPLIFY_trNEGATIVE24984,0.004590068012475967
NEG_AMPLIFY_trNEGATIVE25000,0.0001547073625260964
NEG_AMPLIFY_trNEGATIVE25001,0.0009382740827277303
NEG_AMPLIFY_trNEGATIVE25021,0.0001689865894149989
NEG_AMPLIFY_trNEGATIVE2506,6.095241587900091e-06
NEG_AMPLIFY_trNEGATIVE25062,0.00032444673706777394
NEG_AMPLIFY_trNEGATIVE25088,0.20737171173095703
NEG_AMPLIFY_trNEGATIVE25097,0.04145672917366028
NEG_AMPLIFY_trNEGATIVE25099,0.003278475720435381
NEG_AMPLIFY_trNEGATIVE25102,0.2334115207195282
NEG_AMPLIFY_trNEGATIVE25143,0.0291949063539505
NEG_AMPLIFY_trNEGATIVE2515,7.192843622760847e-05
NEG_AMPLIFY_trNEGATIVE2516,0.02019546367228031
NEG_AMPLIFY_trNEGATIVE25166,0.02564871311187744
NEG_AMPLIFY_trNEGATIVE2517,0.0013707608450204134
NEG_AMPLIFY_trNEGATIVE25176,0.00403556926175952
NEG_AMPLIFY_trNEGATIVE25191,8.93492324394174e-06
NEG_AMPLIFY_trNEGATIVE2520,0.005418481770902872
NEG_AMPLIFY_trNEGATIVE2522,0.00196897704154253
NEG_AMPLIFY_trNEGATIVE2529,0.0011582319857552648
NEG_AMPLIFY_trNEGATIVE25293,0.011337582021951675
NEG_AMPLIFY_trNEGATIVE25297,3.5677446703630267e-06
NEG_AMPLIFY_trNEGATIVE25300,0.24817125499248505
NEG_AMPLIFY_trNEGATIVE25345,0.018877487629652023
NEG_AMPLIFY_trNEGATIVE2536,0.0055799358524382114
NEG_AMPLIFY_trNEGATIVE25363,0.00016087875701487064
NEG_AMPLIFY_trNEGATIVE25368,0.010690998286008835
NEG_AMPLIFY_trNEGATIVE2538,3.600614581955597e-05
NEG_AMPLIFY_trNEGATIVE25384,0.0031219455413520336
NEG_AMPLIFY_trNEGATIVE25415,0.0008969651535153389
NEG_AMPLIFY_trNEGATIVE25449,0.004088075365871191
NEG_AMPLIFY_trNEGATIVE25480,0.0009182413341477513
NEG_AMPLIFY_trNEGATIVE2549,3.978188397013582e-05
NEG_AMPLIFY_trNEGATIVE2550,0.09620466083288193
NEG_AMPLIFY_trNEGATIVE25549,0.0009900633012875915
NEG_AMPLIFY_trNEGATIVE2555,0.0003597474133130163
NEG_AMPLIFY_trNEGATIVE25551,0.017694968730211258
NEG_AMPLIFY_trNEGATIVE25617,0.00017718611343298107
NEG_AMPLIFY_trNEGATIVE2564,0.000651068112347275
NEG_AMPLIFY_trNEGATIVE25640,0.07461975514888763
NEG_AMPLIFY_trNEGATIVE25652,0.0002779349742922932
NEG_AMPLIFY_trNEGATIVE25668,0.0200791098177433
NEG_AMPLIFY_trNEGATIVE25674,0.5932051539421082
NEG_AMPLIFY_trNEGATIVE25680,4.69981059723068e-05
NEG_AMPLIFY_trNEGATIVE25682,0.00041722151217982173
NEG_AMPLIFY_trNEGATIVE25711,0.00031392331584356725
NEG_AMPLIFY_trNEGATIVE25738,3.805054075201042e-05
NEG_AMPLIFY_trNEGATIVE2577,0.00487312488257885
NEG_AMPLIFY_trNEGATIVE25808,0.028863314539194107
NEG_AMPLIFY_trNEGATIVE25809,0.002501200884580612
NEG_AMPLIFY_trNEGATIVE2583,1.3419597053143661e-05
NEG_AMPLIFY_trNEGATIVE25837,0.0038998574018478394
NEG_AMPLIFY_trNEGATIVE25850,0.00012481208250392228
NEG_AMPLIFY_trNEGATIVE25891,0.005967858247458935
NEG_AMPLIFY_trNEGATIVE25893,0.0002887041191570461
NEG_AMPLIFY_trNEGATIVE25894,0.020547857508063316
NEG_AMPLIFY_trNEGATIVE25932,0.12264329195022583
NEG_AMPLIFY_trNEGATIVE25974,0.00017728868988342583
NEG_AMPLIFY_trNEGATIVE25978,0.07567654550075531
NEG_AMPLIFY_trNEGATIVE26043,0.0005590397049672902
NEG_AMPLIFY_trNEGATIVE2607,0.003156544640660286
NEG_AMPLIFY_trNEGATIVE26084,0.00028090510750189424
NEG_AMPLIFY_trNEGATIVE26100,0.0038728914223611355
NEG_AMPLIFY_trNEGATIVE26101,3.163020664942451e-05
NEG_AMPLIFY_trNEGATIVE26119,0.1416412740945816
NEG_AMPLIFY_trNEGATIVE26139,0.0017026722198352218
NEG_AMPLIFY_trNEGATIVE26159,0.0007553662871941924
NEG_AMPLIFY_trNEGATIVE26175,0.00019229564350098372
NEG_AMPLIFY_trNEGATIVE26188,3.758131788345054e-05
NEG_AMPLIFY_trNEGATIVE26192,1.070806411007652e-05
NEG_AMPLIFY_trNEGATIVE26199,0.003749291179701686
NEG_AMPLIFY_trNEGATIVE26223,0.0005391094018705189
NEG_AMPLIFY_trNEGATIVE26278,0.014413909986615181
NEG_AMPLIFY_trNEGATIVE26279,0.0005886502331122756
NEG_AMPLIFY_trNEGATIVE26353,0.00010144706175196916
NEG_AMPLIFY_trNEGATIVE26362,0.00010335136903449893
NEG_AMPLIFY_trNEGATIVE26363,0.00968952476978302
NEG_AMPLIFY_trNEGATIVE26413,0.07700443267822266
NEG_AMPLIFY_trNEGATIVE26428,0.0922553688287735
NEG_AMPLIFY_trNEGATIVE26468,0.006455062422901392
NEG_AMPLIFY_trNEGATIVE26518,0.011057186871767044
NEG_AMPLIFY_trNEGATIVE26576,1.21699213195825e-05
NEG_AMPLIFY_trNEGATIVE26581,0.00022201178944669664
NEG_AMPLIFY_trNEGATIVE26626,0.00012639684427995235
NEG_AMPLIFY_trNEGATIVE26627,0.955838680267334
NEG_AMPLIFY_trNEGATIVE26663,4.6374731027754024e-05
NEG_AMPLIFY_trNEGATIVE26665,0.011744038201868534
NEG_AMPLIFY_trNEGATIVE26701,0.011436918750405312
NEG_AMPLIFY_trNEGATIVE26704,6.127730785010499e-07
NEG_AMPLIFY_trNEGATIVE26738,0.001673743361607194
NEG_AMPLIFY_trNEGATIVE26739,0.00414276123046875
NEG_AMPLIFY_trNEGATIVE26741,4.014735168311745e-05
NEG_AMPLIFY_trNEGATIVE26786,0.0027056678663939238
NEG_AMPLIFY_trNEGATIVE26792,0.00026443827664479613
NEG_AMPLIFY_trNEGATIVE2681,1.0528252460062504e-05
NEG_AMPLIFY_trNEGATIVE26820,0.006882160902023315
NEG_AMPLIFY_trNEGATIVE26831,0.09695069491863251
NEG_AMPLIFY_trNEGATIVE26856,0.00016195644275285304
NEG_AMPLIFY_trNEGATIVE26903,0.002843755530193448
NEG_AMPLIFY_trNEGATIVE26909,0.003606592770665884
NEG_AMPLIFY_trNEGATIVE26954,0.599851667881012
NEG_AMPLIFY_trNEGATIVE26955,0.01116380374878645
NEG_AMPLIFY_trNEGATIVE2696,0.004901160951703787
NEG_AMPLIFY_trNEGATIVE26974,0.0005848672590218484
NEG_AMPLIFY_trNEGATIVE27018,0.0004900685744360089
NEG_AMPLIFY_trNEGATIVE27020,0.0021824627183377743
NEG_AMPLIFY_trNEGATIVE27065,0.005841217469424009
NEG_AMPLIFY_trNEGATIVE27141,0.011415001936256886
NEG_AMPLIFY_trNEGATIVE27143,0.003922773990780115
NEG_AMPLIFY_trNEGATIVE27144,0.09386148303747177
NEG_AMPLIFY_trNEGATIVE27155,0.0002833584148902446
NEG_AMPLIFY_trNEGATIVE2718,0.06512859463691711
NEG_AMPLIFY_trNEGATIVE2720,0.0011488728923723102
NEG_AMPLIFY_trNEGATIVE27210,0.0005894539062865078
NEG_AMPLIFY_trNEGATIVE2728,0.07525532692670822
NEG_AMPLIFY_trNEGATIVE2731,1.620261900825426e-05
NEG_AMPLIFY_trNEGATIVE27331,0.0008862608810886741
NEG_AMPLIFY_trNEGATIVE27335,0.007832486182451248
NEG_AMPLIFY_trNEGATIVE2736,0.0001076370244845748
NEG_AMPLIFY_trNEGATIVE27361,0.000679158081766218
NEG_AMPLIFY_trNEGATIVE27379,3.544608625816181e-05
NEG_AMPLIFY_trNEGATIVE27440,0.0006039671134203672
NEG_AMPLIFY_trNEGATIVE2746,0.0001637403474887833
NEG_AMPLIFY_trNEGATIVE2768,0.020796380937099457
NEG_AMPLIFY_trNEGATIVE2782,0.012407897971570492
NEG_AMPLIFY_trNEGATIVE2795,0.0007174013881012797
NEG_AMPLIFY_trNEGATIVE2799,0.012925716117024422
NEG_AMPLIFY_trNEGATIVE2802,0.0005130557110533118
NEG_AMPLIFY_trNEGATIVE2805,0.00017205066978931427
NEG_AMPLIFY_trNEGATIVE2806,0.003332067746669054
NEG_AMPLIFY_trNEGATIVE2814,0.19865097105503082
NEG_AMPLIFY_trNEGATIVE2822,5.718479951610789e-05
NEG_AMPLIFY_trNEGATIVE2831,0.35363999009132385
NEG_AMPLIFY_trNEGATIVE2834,0.0024291425943374634
NEG_AMPLIFY_trNEGATIVE2848,0.2099728286266327
NEG_AMPLIFY_trNEGATIVE2856,7.512385491281748e-05
NEG_AMPLIFY_trNEGATIVE2858,0.03245487064123154
NEG_AMPLIFY_trNEGATIVE2859,0.00015815392544027418
NEG_AMPLIFY_trNEGATIVE2867,0.20326390862464905
NEG_AMPLIFY_trNEGATIVE2876,0.0004370654351077974
NEG_AMPLIFY_trNEGATIVE2881,0.0001312735112151131
NEG_AMPLIFY_trNEGATIVE2882,0.001854947186075151
NEG_AMPLIFY_trNEGATIVE2891,1.4120823834673502e-06
NEG_AMPLIFY_trNEGATIVE2892,0.0004660758131649345
NEG_AMPLIFY_trNEGATIVE2899,0.0012664052192121744
NEG_AMPLIFY_trNEGATIVE2908,0.00010875008592847735
NEG_AMPLIFY_trNEGATIVE2909,0.0017492026090621948
NEG_AMPLIFY_trNEGATIVE2912,0.06919532269239426
NEG_AMPLIFY_trNEGATIVE2921,0.0003798934631049633
NEG_AMPLIFY_trNEGATIVE2935,0.0005108717596158385
NEG_AMPLIFY_trNEGATIVE2947,1.1481163255666615e-06
NEG_AMPLIFY_trNEGATIVE2948,0.016320332884788513
NEG_AMPLIFY_trNEGATIVE2960,0.008839154615998268
NEG_AMPLIFY_trNEGATIVE2988,0.005586511455476284
NEG_AMPLIFY_trNEGATIVE3018,0.00937185250222683
NEG_AMPLIFY_trNEGATIVE3019,0.26708048582077026
NEG_AMPLIFY_trNEGATIVE3024,6.914677896929788e-07
NEG_AMPLIFY_trNEGATIVE3027,6.654832304775482e-06
NEG_AMPLIFY_trNEGATIVE3058,0.0010426260996609926
NEG_AMPLIFY_trNEGATIVE3060,0.0007502321386709809
NEG_AMPLIFY_trNEGATIVE3063,0.005846020765602589
NEG_AMPLIFY_trNEGATIVE3065,0.06342761218547821
NEG_AMPLIFY_trNEGATIVE3068,0.020976943895220757
NEG_AMPLIFY_trNEGATIVE3076,0.001011821674183011
NEG_AMPLIFY_trNEGATIVE3083,2.3537745619250927e-06
NEG_AMPLIFY_trNEGATIVE3084,0.013453093357384205
NEG_AMPLIFY_trNEGATIVE3087,1.1566376997507177e-05
NEG_AMPLIFY_trNEGATIVE3088,0.0026348598767071962
NEG_AMPLIFY_trNEGATIVE3093,0.0010121752275153995
NEG_AMPLIFY_trNEGATIVE3095,0.0001396475126966834
NEG_AMPLIFY_trNEGATIVE3097,0.0006491010426543653
NEG_AMPLIFY_trNEGATIVE3111,0.004221019335091114
NEG_AMPLIFY_trNEGATIVE3113,0.00023464758123736829
NEG_AMPLIFY_trNEGATIVE3119,0.03373578563332558
NEG_AMPLIFY_trNEGATIVE3123,5.0478371122153476e-05
NEG_AMPLIFY_trNEGATIVE3136,1.8365100913797505e-05
NEG_AMPLIFY_trNEGATIVE3140,4.86724529764615e-05
NEG_AMPLIFY_trNEGATIVE3151,0.02215544693171978
NEG_AMPLIFY_trNEGATIVE3155,2.4531759663659614e-06
NEG_AMPLIFY_trNEGATIVE3157,0.013118155300617218
NEG_AMPLIFY_trNEGATIVE3162,0.006731397472321987
NEG_AMPLIFY_trNEGATIVE3176,0.00039277892210520804
NEG_AMPLIFY_trNEGATIVE3179,0.010948531329631805
NEG_AMPLIFY_trNEGATIVE3183,4.995471954316599e-06
NEG_AMPLIFY_trNEGATIVE3195,0.0028166058473289013
NEG_AMPLIFY_trNEGATIVE3211,0.000729287217836827
NEG_AMPLIFY_trNEGATIVE3217,0.524077296257019
NEG_AMPLIFY_trNEGATIVE3224,0.0007311388035304844
NEG_AMPLIFY_trNEGATIVE3241,0.00298330164514482
NEG_AMPLIFY_trNEGATIVE3242,0.020865829661488533
NEG_AMPLIFY_trNEGATIVE3252,0.0003215172910131514
NEG_AMPLIFY_trNEGATIVE3253,7.736935003777035e-06
NEG_AMPLIFY_trNEGATIVE3258,1.8644792362465523e-05
NEG_AMPLIFY_trNEGATIVE3264,0.005561919417232275
NEG_AMPLIFY_trNEGATIVE3272,4.187070226180367e-05
NEG_AMPLIFY_trNEGATIVE3277,0.0004543589020613581
NEG_AMPLIFY_trNEGATIVE3293,0.011970313265919685
NEG_AMPLIFY_trNEGATIVE3303,4.972245005774312e-05
NEG_AMPLIFY_trNEGATIVE3306,0.027059506624937057
NEG_AMPLIFY_trNEGATIVE3310,0.00033913832157850266
NEG_AMPLIFY_trNEGATIVE3322,0.04776682332158089
NEG_AMPLIFY_trNEGATIVE3325,0.00019460076873656362
NEG_AMPLIFY_trNEGATIVE3329,0.00021425150043796748
NEG_AMPLIFY_trNEGATIVE3336,1.1208963769604452e-05
POS_DRAMP_DRAMP00011,0.9475820660591125
POS_DRAMP_DRAMP00015,0.9844339489936829
POS_DRAMP_DRAMP00021,0.9816628694534302
POS_DRAMP_DRAMP00064,0.01664469577372074
POS_DRAMP_DRAMP00069,0.98353511095047
POS_DRAMP_DRAMP00076,0.9990081787109375
POS_DRAMP_DRAMP00077,0.9995994567871094
POS_DRAMP_DRAMP00084,
POS_DRAMP_DRAMP00088,0.9999920129776001
POS_DRAMP_DRAMP00096,0.9978997111320496
POS_DRAMP_DRAMP00099,0.9990545511245728
POS_DRAMP_DRAMP00101,0.9996630549430847
POS_DRAMP_DRAMP00102,0.9993391036987305
POS_DRAMP_DRAMP00107,0.694051206111908
POS_DRAMP_DRAMP00110,0.9930148124694824
POS_DRAMP_DRAMP00113,0.9963874816894531
POS_DRAMP_DRAMP00114,0.9998213052749634
POS_DRAMP_DRAMP00119,0.9990283846855164
POS_DRAMP_DRAMP00122,0.9983388781547546
POS_DRAMP_DRAMP00124,0.9980896711349487
POS_DRAMP_DRAMP00138,0.8235939145088196
POS_DRAMP_DRAMP00139,0.9562863111495972
POS_DRAMP_DRAMP00141,0.9993074536323547
POS_DRAMP_DRAMP00146,0.9993695020675659
POS_DRAMP_DRAMP00153,0.9886687994003296
POS_DRAMP_DRAMP00154,0.9609305262565613
POS_DRAMP_DRAMP00178,0.7204146385192871
POS_DRAMP_DRAMP00190,0.0073094977997243404
POS_DRAMP_DRAMP00192,0.7019140720367432
POS_DRAMP_DRAMP00198,0.9321257472038269
POS_DRAMP_DRAMP00202,0.7887480854988098
POS_DRAMP_DRAMP00212,0.010433543473482132
POS_DRAMP_DRAMP00221,0.9947754144668579
POS_DRAMP_DRAMP00235,0.6503680348396301
POS_DRAMP_DRAMP00265,9.777067316463217e-05
POS_DRAMP_DRAMP00266,0.0027247476391494274
POS_DRAMP_DRAMP00294,0.9176522493362427
POS_DRAMP_DRAMP00301,0.3093143105506897
POS_DRAMP_DRAMP00304,0.0003516172000672668
POS_DRAMP_DRAMP00306,0.3053896129131317
POS_DRAMP_DRAMP00308,0.00029623042792081833
POS_DRAMP_DRAMP00309,0.0046391794458031654
POS_DRAMP_DRAMP00311,0.5075302720069885
POS_DRAMP_DRAMP00312,0.40585359930992126
POS_DRAMP_DRAMP00313,0.00300842197611928
POS_DRAMP_DRAMP00315,0.1315196454524994
POS_DRAMP_DRAMP00316,0.0042587467469275
POS_DRAMP_DRAMP00317,0.0050796084105968475
POS_DRAMP_DRAMP00384,0.9957649111747742
POS_DRAMP_DRAMP00387,0.9849647283554077
POS_DRAMP_DRAMP00425,0.8032183647155762
POS_DRAMP_DRAMP00427,0.9920796155929565
POS_DRAMP_DRAMP00428,0.9104021787643433
POS_DRAMP_DRAMP00445,0.9982298016548157
POS_DRAMP_DRAMP00447,0.9967319369316101
POS_DRAMP_DRAMP00448,0.9953385591506958
POS_DRAMP_DRAMP00464,0.9985408782958984
POS_DRAMP_DRAMP00468,0.7419790029525757
POS_DRAMP_DRAMP00474,0.9104207754135132
POS_DRAMP_DRAMP00480,0.7264687418937683
POS_DRAMP_DRAMP00483,0.9977661967277527
POS_DRAMP_DRAMP00498,0.06264863908290863
POS_DRAMP_DRAMP00499,0.9673951268196106
POS_DRAMP_DRAMP00500,0.9697246551513672
POS_DRAMP_DRAMP00501,0.9339336156845093
POS_DRAMP_DRAMP00502,0.9883718490600586
POS_DRAMP_DRAMP00503,0.9531674385070801
POS_DRAMP_DRAMP00504,0.6334383487701416
POS_DRAMP_DRAMP00505,0.6602309942245483
POS_DRAMP_DRAMP00519,0.4713095724582672
POS_DRAMP_DRAMP00550,0.9880059361457825
POS_DRAMP_DRAMP00562,0.5322697758674622
POS_DRAMP_DRAMP00563,0.5058099627494812
POS_DRAMP_DRAMP00564,0.5994603037834167
POS_DRAMP_DRAMP00565,0.7806444764137268
POS_DRAMP_DRAMP00574,0.7950578927993774
POS_DRAMP_DRAMP00583,0.9580100178718567
POS_DRAMP_DRAMP00590,0.6360586881637573
POS_DRAMP_DRAMP00595,0.7957395315170288
POS_DRAMP_DRAMP00599,0.9672592878341675
POS_DRAMP_DRAMP00600,0.888667106628418
POS_DRAMP_DRAMP00603,0.9937059283256531
POS_DRAMP_DRAMP00604,0.8999983072280884
POS_DRAMP_DRAMP00605,0.9946268200874329
POS_DRAMP_DRAMP00606,0.6738240122795105
POS_DRAMP_DRAMP00614,0.9766956567764282
POS_DRAMP_DRAMP00615,0.9902011156082153
POS_DRAMP_DRAMP00616,0.9830822944641113
POS_DRAMP_DRAMP00617,0.9951474070549011
POS_DRAMP_DRAMP00624,0.7260105013847351
POS_DRAMP_DRAMP00625,0.7139795422554016
POS_DRAMP_DRAMP00626,0.9936367273330688
POS_DRAMP_DRAMP00627,0.9125865697860718
POS_DRAMP_DRAMP00628,0.9637776613235474
POS_DRAMP_DRAMP00673,0.865383505821228
POS_DRAMP_DRAMP00674,0.9204805493354797
POS_DRAMP_DRAMP00702,0.810081958770752
POS_DRAMP_DRAMP00716,0.9828780889511108
POS_DRAMP_DRAMP00720,0.6419271230697632
POS_DRAMP_DRAMP00753,0.5015459656715393
POS_DRAMP_DRAMP00757,0.14310482144355774
POS_DRAMP_DRAMP00766,0.9862183332443237
POS_DRAMP_DRAMP00889,0.9924883842468262
POS_DRAMP_DRAMP00960,0.999588668346405
POS_DRAMP_DRAMP00973,0.9993462562561035
POS_DRAMP_DRAMP00974,0.9377309679985046
POS_DRAMP_DRAMP00998,0.9303761720657349
POS_DRAMP_DRAMP01003,0.7881295084953308
POS_DRAMP_DRAMP01046,0.9903097152709961
POS_DRAMP_DRAMP01048,0.9989112019538879
POS_DRAMP_DRAMP01067,0.6205256581306458
POS_DRAMP_DRAMP01095,0.999993622303009
POS_DRAMP_DRAMP01096,0.9999931454658508
POS_DRAMP_DRAMP01097,0.999987781047821
POS_DRAMP_DRAMP01098,0.9999704360961914
POS_DRAMP_DRAMP01099,0.9998983144760132
POS_DRAMP_DRAMP01100,0.9997783899307251
POS_DRAMP_DRAMP01110,0.999164879322052
POS_DRAMP_DRAMP01112,0.9999891519546509
POS_DRAMP_DRAMP01116,0.9999811053276062
POS_DRAMP_DRAMP01118,0.9998874664306641
POS_DRAMP_DRAMP01119,0.9999696612358093
POS_DRAMP_DRAMP01122,0.9999899864196777
POS_DRAMP_DRAMP01152,0.9996755719184875
POS_DRAMP_DRAMP01153,0.9996551275253296
POS_DRAMP_DRAMP01154,0.9994083642959595
POS_DRAMP_DRAMP01155,0.9998825788497925
POS_DRAMP_DRAMP01159,0.990240752696991
POS_DRAMP_DRAMP01160,0.9904171228408813
POS_DRAMP_DRAMP01164,0.9997812509536743
POS_DRAMP_DRAMP01166,0.9923681020736694
POS_DRAMP_DRAMP01171,0.9999980926513672
POS_DRAMP_DRAMP01172,0.9999492764472961
POS_DRAMP_DRAMP01173,0.9999958276748657
POS_DRAMP_DRAMP01177,0.9999960660934448
POS_DRAMP_DRAMP01178,0.999994158744812
POS_DRAMP_DRAMP01179,0.9999979138374329
POS_DRAMP_DRAMP01180,0.9999990463256836
POS_DRAMP_DRAMP01181,0.9999958872795105
POS_DRAMP_DRAMP01182,0.9999966621398926
POS_DRAMP_DRAMP01183,0.9999998807907104
POS_DRAMP_DRAMP01184,0.9999998211860657
POS_DRAMP_DRAMP01185,0.9999940991401672
POS_DRAMP_DRAMP01188,0.6903971433639526
POS_DRAMP_DRAMP01192,0.9987131357192993
POS_DRAMP_DRAMP01218,0.998194694519043
POS_DRAMP_DRAMP01224,0.9999968409538269
POS_DRAMP_DRAMP01225,0.9995793104171753
POS_DRAMP_DRAMP01230,0.9999925494194031
POS_DRAMP_DRAMP01234,0.9987694621086121
POS_DRAMP_DRAMP01235,0.9987965822219849
POS_DRAMP_DRAMP01236,0.9999704360961914
POS_DRAMP_DRAMP01239,0.9999982118606567
POS_DRAMP_DRAMP01258,0.9998859167098999
POS_DRAMP_DRAMP01274,0.9746171832084656
POS_DRAMP_DRAMP01297,0.806130051612854
POS_DRAMP_DRAMP01299,0.9931179285049438
POS_DRAMP_DRAMP01319,0.9989398121833801
POS_DRAMP_DRAMP01355,0.9999901652336121
POS_DRAMP_DRAMP01356,0.9999529123306274
POS_DRAMP_DRAMP01357,0.999969482421875
POS_DRAMP_DRAMP01358,0.9999893307685852
POS_DRAMP_DRAMP01359,0.9999738931655884
POS_DRAMP_DRAMP01364,0.999860942363739
POS_DRAMP_DRAMP01365,0.9977238774299622
POS_DRAMP_DRAMP01366,0.9999911189079285
POS_DRAMP_DRAMP01367,0.9999818801879883
POS_DRAMP_DRAMP01390,0.999439537525177
POS_DRAMP_DRAMP01452,0.9999092221260071
POS_DRAMP_DRAMP01457,0.999998927116394
POS_DRAMP_DRAMP01461,0.9999973177909851
POS_DRAMP_DRAMP01463,0.9999994039535522
POS_DRAMP_DRAMP01464,0.9999994039535522
POS_DRAMP_DRAMP01465,0.9999982714653015
POS_DRAMP_DRAMP01471,0.9999896883964539
POS_DRAMP_DRAMP01472,0.9999960064888
POS_DRAMP_DRAMP01474,0.999998927116394
POS_DRAMP_DRAMP01475,0.9999960660934448
POS_DRAMP_DRAMP01477,0.9999993443489075
POS_DRAMP_DRAMP01479,0.9999994039535522
POS_DRAMP_DRAMP01482,0.9999982714653015
POS_DRAMP_DRAMP01483,0.9999823570251465
POS_DRAMP_DRAMP01486,0.9999987483024597
POS_DRAMP_DRAMP01488,0.9999988675117493
POS_DRAMP_DRAMP01491,0.9999986886978149
POS_DRAMP_DRAMP01493,0.9999992251396179
POS_DRAMP_DRAMP01494,0.9999984502792358
POS_DRAMP_DRAMP01495,0.9999994039535522
POS_DRAMP_DRAMP01496,0.9999990463256836
POS_DRAMP_DRAMP01497,0.9999992251396179
POS_DRAMP_DRAMP01499,0.9999990463256836
POS_DRAMP_DRAMP01500,0.9999896287918091
POS_DRAMP_DRAMP01501,0.9999982118606567
POS_DRAMP_DRAMP01502,0.9999983906745911
POS_DRAMP_DRAMP01503,0.999998927116394
POS_DRAMP_DRAMP01513,0.999998927116394
POS_DRAMP_DRAMP01514,0.9999985694885254
POS_DRAMP_DRAMP01543,0.9452816843986511
POS_DRAMP_DRAMP01611,0.9999994039535522
POS_DRAMP_DRAMP01614,0.9999990463256836
POS_DRAMP_DRAMP01615,0.9999998807907104
POS_DRAMP_DRAMP01616,0.9994573593139648
POS_DRAMP_DRAMP01617,0.9999992251396179
POS_DRAMP_DRAMP01618,0.9999994039535522
POS_DRAMP_DRAMP01619,0.9995047450065613
POS_DRAMP_DRAMP01628,0.9996681213378906
POS_DRAMP_DRAMP01629,0.9995642900466919
POS_DRAMP_DRAMP01631,0.9999807476997375
POS_DRAMP_DRAMP01638,0.9999068379402161
POS_DRAMP_DRAMP01652,0.9999982714653015
POS_DRAMP_DRAMP01665,0.9999893307685852
POS_DRAMP_DRAMP01666,0.9999799728393555
POS_DRAMP_DRAMP01682,0.9980443716049194
POS_DRAMP_DRAMP01687,0.9999986886978149
POS_DRAMP_DRAMP01699,0.9998966455459595
POS_DRAMP_DRAMP01700,0.9999293088912964
POS_DRAMP_DRAMP01704,0.9465770721435547
POS_DRAMP_DRAMP01705,0.9494137763977051
POS_DRAMP_DRAMP01708,0.9533451795578003
POS_DRAMP_DRAMP01721,0.9999940991401672
POS_DRAMP_DRAMP01724,0.9885781407356262
POS_DRAMP_DRAMP01725,0.9998981356620789
POS_DRAMP_DRAMP01726,0.9970857501029968
POS_DRAMP_DRAMP01729,0.9986116290092468
POS_DRAMP_DRAMP01736,0.9974688291549683
POS_DRAMP_DRAMP01738,0.9947231411933899
POS_DRAMP_DRAMP01742,0.9997885823249817
POS_DRAMP_DRAMP01748,0.993478000164032
POS_DRAMP_DRAMP01763,0.9997803568840027
POS_DRAMP_DRAMP01772,0.9997302293777466
POS_DRAMP_DRAMP01777,0.9973751902580261
POS_DRAMP_DRAMP01779,0.9977469444274902
POS_DRAMP_DRAMP01789,0.9986439943313599
POS_DRAMP_DRAMP01790,0.9987363815307617
POS_DRAMP_DRAMP01792,0.9976067543029785
POS_DRAMP_DRAMP01796,0.9996055364608765
POS_DRAMP_DRAMP01797,0.9991936683654785
POS_DRAMP_DRAMP01807,0.9996057748794556
POS_DRAMP_DRAMP01810,0.9664772152900696
POS_DRAMP_DRAMP01825,0.9999165534973145
POS_DRAMP_DRAMP01826,0.9935933351516724
POS_DRAMP_DRAMP01829,0.9976169466972351
POS_DRAMP_DRAMP01837,0.9999983906745911
POS_DRAMP_DRAMP01838,0.9999974966049194
POS_DRAMP_DRAMP01839,0.9999971389770508
POS_DRAMP_DRAMP01843,0.9999982118606567
POS_DRAMP_DRAMP01844,0.9999993443489075
POS_DRAMP_DRAMP01845,0.9999986886978149
POS_DRAMP_DRAMP01846,0.9999982118606567
POS_DRAMP_DRAMP01847,0.9999996423721313
POS_DRAMP_DRAMP01848,0.9999362826347351
POS_DRAMP_DRAMP01896,0.9999987483024597
POS_DRAMP_DRAMP01898,0.9999961853027344
POS_DRAMP_DRAMP01936,0.988719642162323
POS_DRAMP_DRAMP01941,0.9999982714653015
POS_DRAMP_DRAMP01950,0.9999985694885254
POS_DRAMP_DRAMP01951,0.9999907612800598
POS_DRAMP_DRAMP01952,0.9999967813491821
POS_DRAMP_DRAMP01980,0.9999974966049194
POS_DRAMP_DRAMP01981,0.9999977350234985
POS_DRAMP_DRAMP01990,0.9999780654907227
POS_DRAMP_DRAMP01991,0.9999963641166687
POS_DRAMP_DRAMP02014,0.9999907612800598
POS_DRAMP_DRAMP02015,0.9999898076057434
POS_DRAMP_DRAMP02035,0.999987006187439
POS_DRAMP_DRAMP02040,0.9999974966049194
POS_DRAMP_DRAMP02049,0.9999950528144836
POS_DRAMP_DRAMP02073,0.9999987483024597
POS_DRAMP_DRAMP02080,0.9999516606330872
POS_DRAMP_DRAMP02125,0.9989956617355347
POS_DRAMP_DRAMP02127,0.8671789169311523
POS_DRAMP_DRAMP02128,0.9996597170829773
POS_DRAMP_DRAMP02135,0.998013973236084
POS_DRAMP_DRAMP02146,0.8991782069206238
POS_DRAMP_DRAMP02167,0.9956015348434448
POS_DRAMP_DRAMP02195,0.9996646642684937
POS_DRAMP_DRAMP02227,0.9999994039535522
POS_DRAMP_DRAMP02234,0.9990628361701965
POS_DRAMP_DRAMP02235,0.9997009038925171
POS_DRAMP_DRAMP02236,0.9996799230575562
POS_DRAMP_DRAMP02249,0.9999993443489075
POS_DRAMP_DRAMP02250,0.9999998211860657
POS_DRAMP_DRAMP02252,0.9999998211860657
POS_DRAMP_DRAMP02260,0.9998660087585449
POS_DRAMP_DRAMP02261,0.9999439120292664
POS_DRAMP_DRAMP02263,0.9999983906745911
POS_DRAMP_DRAMP02272,0.9999201893806458
POS_DRAMP_DRAMP02284,0.996912956237793
POS_DRAMP_DRAMP02285,0.997956395149231
POS_DRAMP_DRAMP02286,0.9991264343261719
POS_DRAMP_DRAMP02287,0.999657154083252
POS_DRAMP_DRAMP02295,0.9999982118606567
POS_DRAMP_DRAMP02313,0.9999338388442993
POS_DRAMP_DRAMP02333,0.9499474763870239
POS_DRAMP_DRAMP02334,
POS_DRAMP_DRAMP02337,0.8931719660758972
POS_DRAMP_DRAMP02338,0.04429377242922783
POS_DRAMP_DRAMP02354,0.998919665813446
POS_DRAMP_DRAMP02372,0.9996964335441589
POS_DRAMP_DRAMP02383,0.9993006587028503
POS_DRAMP_DRAMP02389,0.7857276201248169
POS_DRAMP_DRAMP02396,0.7974509596824646
POS_DRAMP_DRAMP02397,0.17394131422042847
POS_DRAMP_DRAMP02399,0.6824867129325867
POS_DRAMP_DRAMP02402,0.9884177446365356
POS_DRAMP_DRAMP02407,0.024854229763150215
POS_DRAMP_DRAMP02408,0.1978919506072998
POS_DRAMP_DRAMP02436,0.010076051577925682
POS_DRAMP_DRAMP02443,0.9997003674507141
POS_DRAMP_DRAMP02462,0.9186109304428101
POS_DRAMP_DRAMP02469,0.8660256266593933
POS_DRAMP_DRAMP02470,0.08904541283845901
POS_DRAMP_DRAMP02478,0.22636552155017853
POS_DRAMP_DRAMP02511,0.998853862285614
POS_DRAMP_DRAMP02523,0.00045192529796622694
POS_DRAMP_DRAMP02526,0.004345220513641834
POS_DRAMP_DRAMP02527,0.000473830004921183
POS_DRAMP_DRAMP02531,0.00047322394675575197
POS_DRAMP_DRAMP02533,0.0004653941432479769
POS_DRAMP_DRAMP02534,1.0766993000288494e-05
POS_DRAMP_DRAMP02535,4.2827276047319174e-05
POS_DRAMP_DRAMP02537,0.0002690973342396319
POS_DRAMP_DRAMP02553,0.020804906263947487
POS_DRAMP_DRAMP02554,0.0024426833260804415
POS_DRAMP_DRAMP02558,4.432507193996571e-05
POS_DRAMP_DRAMP02560,0.014847040176391602
POS_DRAMP_DRAMP02565,5.7844426919473335e-06
POS_DRAMP_DRAMP02584,0.9989549517631531
POS_DRAMP_DRAMP02585,0.986230731010437
POS_DRAMP_DRAMP02591,0.9983254671096802
POS_DRAMP_DRAMP02597,0.9999157786369324
POS_DRAMP_DRAMP02598,0.9995138049125671
POS_DRAMP_DRAMP02599,0.9999279975891113
POS_DRAMP_DRAMP02600,0.9960532188415527
POS_DRAMP_DRAMP02601,0.9998840093612671
POS_DRAMP_DRAMP02607,0.9994674921035767
POS_DRAMP_DRAMP02609,0.9994009137153625
POS_DRAMP_DRAMP02619,0.9962180852890015
POS_DRAMP_DRAMP02632,0.9432727694511414
POS_DRAMP_DRAMP02635,0.9968520402908325
POS_DRAMP_DRAMP02641,0.9878886342048645
POS_DRAMP_DRAMP02642,0.9998453855514526
POS_DRAMP_DRAMP02644,0.9999143481254578
POS_DRAMP_DRAMP02655,0.33466285467147827
POS_DRAMP_DRAMP02683,0.9921153783798218
POS_DRAMP_DRAMP02690,0.9946758151054382
POS_DRAMP_DRAMP02702,0.9947935342788696
POS_DRAMP_DRAMP02717,0.9950872659683228
POS_DRAMP_DRAMP02734,0.996440589427948
POS_DRAMP_DRAMP02740,0.9998346567153931
POS_DRAMP_DRAMP02744,0.9977344274520874
POS_DRAMP_DRAMP02745,0.35762113332748413
POS_DRAMP_DRAMP02747,0.9937963485717773
POS_DRAMP_DRAMP02762,0.9999922513961792
POS_DRAMP_DRAMP02763,0.9999935030937195
POS_DRAMP_DRAMP02766,0.9999744296073914
POS_DRAMP_DRAMP02800,0.985733687877655
POS_DRAMP_DRAMP02803,0.9920799136161804
POS_DRAMP_DRAMP02805,0.9935933351516724
POS_DRAMP_DRAMP02819,0.9965550303459167
POS_DRAMP_DRAMP02828,0.9969077110290527
POS_DRAMP_DRAMP02842,0.9388841390609741
POS_DRAMP_DRAMP02844,0.9976663589477539
POS_DRAMP_DRAMP02847,0.8180521726608276
POS_DRAMP_DRAMP02848,0.781432032585144
POS_DRAMP_DRAMP02854,0.9976578950881958
POS_DRAMP_DRAMP02856,0.7716799378395081
POS_DRAMP_DRAMP02857,0.9999128580093384
POS_DRAMP_DRAMP02871,0.9961256980895996
POS_DRAMP_DRAMP02873,0.9996291399002075
POS_DRAMP_DRAMP02875,0.9946328401565552
POS_DRAMP_DRAMP02876,0.4998222887516022
POS_DRAMP_DRAMP02877,0.9960790872573853
POS_DRAMP_DRAMP02905,0.9998437166213989
POS_DRAMP_DRAMP02910,0.9770253896713257
POS_DRAMP_DRAMP02911,0.9993074536323547
POS_DRAMP_DRAMP02912,0.9993381500244141
POS_DRAMP_DRAMP02913,0.998640239238739
POS_DRAMP_DRAMP02917,0.9993098974227905
POS_DRAMP_DRAMP02919,0.9080981016159058
POS_DRAMP_DRAMP02920,0.9963107109069824
POS_DRAMP_DRAMP02925,0.9966437220573425
POS_DRAMP_DRAMP02930,0.6374276876449585
POS_DRAMP_DRAMP02941,0.9841355085372925
POS_DRAMP_DRAMP02942,0.989928126335144
POS_DRAMP_DRAMP02956,0.8780285120010376
POS_DRAMP_DRAMP02961,0.9986585378646851
POS_DRAMP_DRAMP02970,0.9999683499336243
POS_DRAMP_DRAMP02971,0.9999576807022095
POS_DRAMP_DRAMP02972,0.9993314743041992
POS_DRAMP_DRAMP02973,0.9986647367477417
POS_DRAMP_DRAMP02974,0.999841570854187
POS_DRAMP_DRAMP02987,0.03132541477680206
POS_DRAMP_DRAMP02988,0.020610520616173744
POS_DRAMP_DRAMP02995,0.9863823652267456
POS_DRAMP_DRAMP03029,0.8685272932052612
POS_DRAMP_DRAMP03030,0.8842476010322571
POS_DRAMP_DRAMP03043,0.7514044046401978
POS_DRAMP_DRAMP03048,0.7289854288101196
POS_DRAMP_DRAMP03053,0.9707919359207153
POS_DRAMP_DRAMP03054,0.9850950241088867
POS_DRAMP_DRAMP03084,0.9990028142929077
POS_DRAMP_DRAMP03085,0.9998167157173157
POS_DRAMP_DRAMP03086,0.9951117634773254
POS_DRAMP_DRAMP03116,0.999352753162384
POS_DRAMP_DRAMP03126,0.9631330370903015
POS_DRAMP_DRAMP03151,0.9998590350151062
POS_DRAMP_DRAMP03152,0.999599814414978
POS_DRAMP_DRAMP03153,0.006888066418468952
POS_DRAMP_DRAMP03168,
POS_DRAMP_DRAMP03169,0.9989131689071655
POS_DRAMP_DRAMP03192,0.9996817708015442
POS_DRAMP_DRAMP03194,0.9694501757621765
POS_DRAMP_DRAMP03195,0.9805938005447388
POS_DRAMP_DRAMP03196,0.9997707605361938
POS_DRAMP_DRAMP03197,0.9998512268066406
POS_DRAMP_DRAMP03206,0.9904905557632446
POS_DRAMP_DRAMP03207,0.9820777773857117
POS_DRAMP_DRAMP03208,0.9999688863754272
POS_DRAMP_DRAMP03209,0.9999372363090515
POS_DRAMP_DRAMP03212,0.9999648928642273
POS_DRAMP_DRAMP03226,0.9999883770942688
POS_DRAMP_DRAMP03227,0.999906063079834
POS_DRAMP_DRAMP03228,0.9999381899833679
POS_DRAMP_DRAMP03234,0.984790027141571
POS_DRAMP_DRAMP03235,0.9453037977218628
POS_DRAMP_DRAMP03255,0.1739596426486969
POS_DRAMP_DRAMP03278,0.9857338070869446
POS_DRAMP_DRAMP03281,0.9395849108695984
POS_DRAMP_DRAMP03283,0.9770495295524597
POS_DRAMP_DRAMP03285,0.9904626607894897
POS_DRAMP_DRAMP03288,0.998794674873352
POS_DRAMP_DRAMP03289,0.9998376965522766
POS_DRAMP_DRAMP03290,0.7737787961959839
POS_DRAMP_DRAMP03296,0.9984713792800903
POS_DRAMP_DRAMP03303,0.9892570376396179
POS_DRAMP_DRAMP03311,0.9963979721069336
POS_DRAMP_DRAMP03352,0.9992859959602356
POS_DRAMP_DRAMP03382,0.8611993789672852
POS_DRAMP_DRAMP03383,0.9960481524467468
POS_DRAMP_DRAMP03392,0.9885964393615723
POS_DRAMP_DRAMP03393,0.9994489550590515
POS_DRAMP_DRAMP03394,0.8749440908432007
POS_DRAMP_DRAMP03395,0.9991183280944824
POS_DRAMP_DRAMP03396,0.983862042427063
POS_DRAMP_DRAMP03405,0.9999629855155945
POS_DRAMP_DRAMP03406,0.9996547698974609
POS_DRAMP_DRAMP03408,0.9999563097953796
POS_DRAMP_DRAMP03409,0.9969197511672974
POS_DRAMP_DRAMP03410,0.9998666644096375
POS_DRAMP_DRAMP03411,0.9778261184692383
POS_DRAMP_DRAMP03419,0.9999583959579468
POS_DRAMP_DRAMP03420,0.9999078512191772
POS_DRAMP_DRAMP03436,0.9733866453170776
POS_DRAMP_DRAMP03437,0.9989231824874878
POS_DRAMP_DRAMP03440,0.009637629613280296
POS_DRAMP_DRAMP03447,0.01668543368577957
POS_DRAMP_DRAMP03448,0.9943584203720093
POS_DRAMP_DRAMP03449,0.9142122268676758
POS_DRAMP_DRAMP03450,0.08442370593547821
POS_DRAMP_DRAMP03459,0.9893074035644531
POS_DRAMP_DRAMP03479,0.9958502054214478
POS_DRAMP_DRAMP03481,0.9946389198303223
POS_DRAMP_DRAMP03482,0.024694543331861496
POS_DRAMP_DRAMP03483,0.23116247355937958
POS_DRAMP_DRAMP03485,0.9919632077217102
POS_DRAMP_DRAMP03494,0.9949932098388672
POS_DRAMP_DRAMP03496,0.9994401931762695
POS_DRAMP_DRAMP03497,0.9991534948348999
POS_DRAMP_DRAMP03498,0.9980524182319641
POS_DRAMP_DRAMP03502,0.9997972249984741
POS_DRAMP_DRAMP03503,0.999893307685852
POS_DRAMP_DRAMP03504,0.9989293217658997
POS_DRAMP_DRAMP03505,0.999034583568573
POS_DRAMP_DRAMP03507,0.9998966455459595
POS_DRAMP_DRAMP03509,0.9997968673706055
POS_DRAMP_DRAMP03510,0.9999423027038574
POS_DRAMP_DRAMP03511,0.997702419757843
POS_DRAMP_DRAMP03520,0.9558243751525879
POS_DRAMP_DRAMP03525,0.8755720257759094
POS_DRAMP_DRAMP03526,0.9393757581710815
POS_DRAMP_DRAMP03529,0.9995420575141907
POS_DRAMP_DRAMP03530,0.9996452331542969
POS_DRAMP_DRAMP03531,0.9410993456840515
POS_DRAMP_DRAMP03538,0.9994903802871704
POS_DRAMP_DRAMP03542,0.0003685162519104779
POS_DRAMP_DRAMP03544,0.7308797836303711
POS_DRAMP_DRAMP03617,0.9959683418273926
POS_DRAMP_DRAMP03618,0.9918004274368286
POS_DRAMP_DRAMP03650,0.9905368089675903
POS_DRAMP_DRAMP03662,0.9883487820625305
POS_DRAMP_DRAMP03702,0.9972556829452515
POS_DRAMP_DRAMP03707,0.9996880292892456
POS_DRAMP_DRAMP03724,0.9996349215507507
POS_DRAMP_DRAMP03726,0.9999858736991882
POS_DRAMP_DRAMP03727,0.9991626739501953
POS_DRAMP_DRAMP03729,0.998833954334259
POS_DRAMP_DRAMP03730,0.9974514245986938
POS_DRAMP_DRAMP03731,0.9980193972587585
POS_DRAMP_DRAMP03732,0.9982851147651672
POS_DRAMP_DRAMP03733,0.007808341179043055
POS_DRAMP_DRAMP03739,0.951511561870575
POS_DRAMP_DRAMP03741,0.9998795390129089
POS_DRAMP_DRAMP03742,0.9998599290847778
POS_DRAMP_DRAMP03745,0.973401665687561
POS_DRAMP_DRAMP03766,0.9990665316581726
POS_DRAMP_DRAMP03771,0.9994500279426575
POS_DRAMP_DRAMP03778,0.15291841328144073
POS_DRAMP_DRAMP03797,0.9999653697013855
POS_DRAMP_DRAMP03798,0.7970445156097412
POS_DRAMP_DRAMP03802,0.999909520149231
POS_DRAMP_DRAMP03806,0.9997429847717285
POS_DRAMP_DRAMP03822,0.07084332406520844
POS_DRAMP_DRAMP03826,0.9946421384811401
POS_DRAMP_DRAMP03827,0.992901623249054
POS_DRAMP_DRAMP03828,0.9815657734870911
POS_DRAMP_DRAMP03830,0.999738335609436
POS_DRAMP_DRAMP03833,0.9999850988388062
POS_DRAMP_DRAMP03835,0.9999081492424011
POS_DRAMP_DRAMP03856,0.9892712831497192
POS_DRAMP_DRAMP03866,0.9970049858093262
POS_DRAMP_DRAMP03867,0.9971714019775391
POS_DRAMP_DRAMP03872,0.24219445884227753
POS_DRAMP_DRAMP03941,0.9997331500053406
POS_DRAMP_DRAMP03945,0.9668483734130859
POS_DRAMP_DRAMP03946,0.9999583959579468
POS_DRAMP_DRAMP03947,0.9999405741691589
POS_DRAMP_DRAMP03948,0.9941361546516418
POS_DRAMP_DRAMP03949,0.9992183446884155
POS_DRAMP_DRAMP03954,0.08273686468601227
POS_DRAMP_DRAMP03955,0.9632617235183716
POS_DRAMP_DRAMP03957,0.8862209320068359
POS_DRAMP_DRAMP03958,0.18496879935264587
POS_DRAMP_DRAMP03959,0.17097310721874237
POS_DRAMP_DRAMP03960,0.5760492086410522
POS_DRAMP_DRAMP03986,0.999560534954071
POS_DRAMP_DRAMP03989,0.9999481439590454
POS_DRAMP_DRAMP03995,0.9992332458496094
POS_DRAMP_DRAMP03997,0.9937860369682312
POS_DRAMP_DRAMP04011,0.9997400045394897
POS_DRAMP_DRAMP04012,0.9997793436050415
POS_DRAMP_DRAMP04013,0.999742865562439
POS_DRAMP_DRAMP04027,0.7233121395111084
POS_DRAMP_DRAMP04032,0.8199102282524109
POS_DRAMP_DRAMP04039,0.9999514818191528
POS_DRAMP_DRAMP04040,0.9998747110366821
POS_DRAMP_DRAMP04041,0.9996457099914551
POS_DRAMP_DRAMP04049,0.9996196627616882
POS_DRAMP_DRAMP04069,0.9999076724052429
POS_DRAMP_DRAMP04072,0.9997345805168152
POS_DRAMP_DRAMP04075,0.7945229411125183
POS_DRAMP_DRAMP04076,0.8146123886108398
POS_DRAMP_DRAMP04077,0.8639124631881714
POS_DRAMP_DRAMP04078,0.9686902761459351
POS_DRAMP_DRAMP04079,0.717366099357605
POS_DRAMP_DRAMP04080,0.635056734085083
POS_DRAMP_DRAMP04081,0.9659885168075562
POS_DRAMP_DRAMP04082,0.7780112028121948
POS_DRAMP_DRAMP04096,0.12932276725769043
POS_DRAMP_DRAMP04098,0.14342360198497772
POS_DRAMP_DRAMP04136,0.7601140737533569
POS_DRAMP_DRAMP04139,0.006517353467643261
POS_DRAMP_DRAMP04141,0.43995851278305054
POS_DRAMP_DRAMP04150,
POS_DRAMP_DRAMP04171,0.9878976941108704
POS_DRAMP_DRAMP04175,0.9998360872268677
POS_DRAMP_DRAMP04176,0.999901294708252
POS_DRAMP_DRAMP04178,0.999886155128479
POS_DRAMP_DRAMP04179,0.9995231628417969
POS_DRAMP_DRAMP04184,0.9999555349349976
POS_DRAMP_DRAMP04190,0.999954879283905
POS_DRAMP_DRAMP04213,0.9993500709533691
POS_DRAMP_DRAMP04214,0.975226879119873
POS_DRAMP_DRAMP04217,0.8280447125434875
POS_DRAMP_DRAMP04218,0.999402642250061
POS_DRAMP_DRAMP04230,0.9999998807907104
POS_DRAMP_DRAMP04231,0.9999939203262329
POS_DRAMP_DRAMP04232,0.9999955892562866
POS_DRAMP_DRAMP04245,0.9998468160629272
POS_DRAMP_DRAMP04246,0.9959489703178406
POS_DRAMP_DRAMP04287,0.9364509582519531
POS_DRAMP_DRAMP04293,0.923854649066925
POS_DRAMP_DRAMP04294,0.7207437753677368
POS_DRAMP_DRAMP04296,0.7979840040206909
POS_DRAMP_DRAMP04298,0.9998324513435364
POS_DRAMP_DRAMP04301,0.7465112209320068
POS_DRAMP_DRAMP04304,0.007741713430732489
POS_DRAMP_DRAMP04306,0.9999855756759644
POS_DRAMP_DRAMP04317,0.9992092847824097
POS_DRAMP_DRAMP04319,0.5201931595802307
POS_DRAMP_DRAMP04328,0.32412728667259216
POS_DRAMP_DRAMP04332,0.4477697014808655
POS_DRAMP_DRAMP04353,0.7060324549674988
POS_DRAMP_DRAMP04356,0.9998390078544617
POS_DRAMP_DRAMP04376,0.8009728193283081
POS_DRAMP_DRAMP04410,0.8850529789924622
POS_DRAMP_DRAMP04439,0.7350696325302124
POS_DRAMP_DRAMP04474,0.7144875526428223
POS_DRAMP_DRAMP04478,0.18317504227161407
POS_DRAMP_DRAMP04480,0.30367234349250793
POS_DRAMP_DRAMP04483,0.9966068267822266
POS_DRAMP_DRAMP04499,0.9984157681465149
POS_DRAMP_DRAMP04527,0.9566958546638489
POS_DRAMP_DRAMP04533,0.8641215562820435
POS_DRAMP_DRAMP04543,0.7211223840713501
POS_DRAMP_DRAMP04557,0.9953482747077942
POS_DRAMP_DRAMP04558,0.9999942779541016
POS_DRAMP_DRAMP04559,0.9999845623970032
POS_DRAMP_DRAMP04563,0.0011244779452681541
POS_DRAMP_DRAMP04565,0.999996542930603
POS_DRAMP_DRAMP04566,0.9763821363449097
POS_DRAMP_DRAMP04577,0.9997173547744751
POS_DRAMP_DRAMP04580,0.9723135232925415
POS_DRAMP_DRAMP04582,0.9959430694580078
POS_DRAMP_DRAMP04583,0.9996391534805298
POS_DRAMP_DRAMP04584,0.991468608379364
POS_DRAMP_DRAMP04585,0.9971185922622681
POS_DRAMP_DRAMP04595,0.9878767132759094
POS_DRAMP_DRAMP04596,0.9959979057312012
POS_DRAMP_DRAMP04605,0.9686638116836548
POS_DRAMP_DRAMP04608,
POS_DRAMP_DRAMP04617,0.9951869249343872
POS_DRAMP_DRAMP04618,0.9999400973320007
POS_DRAMP_DRAMP04619,0.9885787963867188
POS_DRAMP_DRAMP04620,0.9998756647109985
POS_DRAMP_DRAMP04640,0.9999593496322632
POS_DRAMP_DRAMP04644,0.999970555305481
POS_DRAMP_DRAMP04654,0.9992653727531433
POS_DRAMP_DRAMP04665,0.9992194175720215
POS_DRAMP_DRAMP04682,0.6035569906234741
POS_DRAMP_DRAMP04700,0.7393191456794739
POS_DRAMP_DRAMP04703,0.998805046081543
POS_DRAMP_DRAMP04704,0.9990068674087524
POS_DRAMP_DRAMP04705,0.998108983039856
POS_DRAMP_DRAMP04706,0.9830489158630371
POS_DRAMP_DRAMP04707,0.9990856051445007
POS_DRAMP_DRAMP04708,0.9430872201919556
POS_DRAMP_DRAMP04709,0.9980923533439636
POS_DRAMP_DRAMP04710,0.9848612546920776
POS_DRAMP_DRAMP04711,0.9955245852470398
POS_DRAMP_DRAMP04712,0.9958925247192383
POS_DRAMP_DRAMP04713,0.9996232986450195
POS_DRAMP_DRAMP04714,0.998768150806427
POS_DRAMP_DRAMP04715,0.9997938275337219
POS_DRAMP_DRAMP04716,0.9890241622924805
POS_DRAMP_DRAMP04717,0.9917788505554199
POS_DRAMP_DRAMP04718,0.9994293451309204
POS_DRAMP_DRAMP18098,0.04773009940981865
POS_DRAMP_DRAMP18109,0.69737708568573
POS_DRAMP_DRAMP18120,0.4775454103946686
POS_DRAMP_DRAMP18137,0.9120466113090515
POS_DRAMP_DRAMP18187,0.9976164102554321
POS_DRAMP_DRAMP18189,0.9962587356567383
POS_DRAMP_DRAMP18196,0.9999979734420776
POS_DRAMP_DRAMP18200,0.9856806993484497
POS_DRAMP_DRAMP18201,0.8134551048278809
POS_DRAMP_DRAMP18202,0.994949996471405
POS_DRAMP_DRAMP18221,0.6976197361946106
POS_DRAMP_DRAMP18228,0.4664042592048645
POS_DRAMP_DRAMP18246,
POS_DRAMP_DRAMP18253,
POS_DRAMP_DRAMP18267,0.9419084787368774
POS_DRAMP_DRAMP18278,0.8579042553901672
POS_DRAMP_DRAMP18280,0.8590796589851379
POS_DRAMP_DRAMP18282,0.9455262422561646
POS_DRAMP_DRAMP18283,0.8825379610061646
POS_DRAMP_DRAMP18312,0.062285877764225006
POS_DRAMP_DRAMP18366,0.5084139704704285
POS_DRAMP_DRAMP18367,0.17668993771076202
POS_DRAMP_DRAMP18369,0.999853789806366
POS_DRAMP_DRAMP18386,0.6940911412239075
POS_DRAMP_DRAMP18389,0.9794080853462219
POS_DRAMP_DRAMP18392,0.9709502458572388
POS_DRAMP_DRAMP18404,0.5958003997802734
POS_DRAMP_DRAMP18417,0.9993256330490112
POS_DRAMP_DRAMP18425,0.9999101758003235
POS_DRAMP_DRAMP18426,0.9999969601631165
POS_DRAMP_DRAMP18430,0.9978486895561218
POS_DRAMP_DRAMP18451,0.999951183795929
POS_DRAMP_DRAMP18452,0.9999990463256836
POS_DRAMP_DRAMP18456,0.925427258014679
POS_DRAMP_DRAMP18476,0.999747097492218
POS_DRAMP_DRAMP18477,0.9993998408317566
POS_DRAMP_DRAMP18478,0.9993572235107422
POS_DRAMP_DRAMP18479,0.9997748136520386
POS_DRAMP_DRAMP18480,0.9996412396430969
POS_DRAMP_DRAMP18481,0.9990811347961426
POS_DRAMP_DRAMP18482,0.9988895654678345
POS_DRAMP_DRAMP18483,0.9994781613349915
POS_DRAMP_DRAMP18484,0.999468982219696
POS_DRAMP_DRAMP18485,0.9990106821060181
POS_DRAMP_DRAMP18486,0.9985699653625488
POS_DRAMP_DRAMP18487,0.99907386302948
POS_DRAMP_DRAMP18488,0.9997645616531372
POS_DRAMP_DRAMP18491,0.9998217821121216
POS_DRAMP_DRAMP18500,0.6045745015144348
POS_DRAMP_DRAMP18506,0.9992014765739441
POS_DRAMP_DRAMP18509,0.010068988427519798
POS_DRAMP_DRAMP18565,0.9928585290908813
POS_DRAMP_DRAMP18569,0.8922756910324097
POS_DRAMP_DRAMP18572,0.813210666179657
POS_DRAMP_DRAMP18588,0.9997615814208984
POS_DRAMP_DRAMP18611,0.9716346859931946
POS_DRAMP_DRAMP18615,0.8139472007751465
POS_DRAMP_DRAMP18616,0.9989911317825317
POS_DRAMP_DRAMP18617,0.9986575841903687
POS_DRAMP_DRAMP18618,0.999228298664093
POS_DRAMP_DRAMP18622,0.9992035627365112
POS_DRAMP_DRAMP18645,0.9921028017997742
POS_DRAMP_DRAMP18647,0.9985563158988953
POS_DRAMP_DRAMP18656,0.7937857508659363
POS_DRAMP_DRAMP18658,0.994162917137146
POS_DRAMP_DRAMP18665,0.9349266290664673
POS_DRAMP_DRAMP18668,0.0010249270126223564
POS_DRAMP_DRAMP18669,0.15604302287101746
POS_DRAMP_DRAMP18674,0.7483599185943604
POS_DRAMP_DRAMP18685,0.980160117149353
POS_DRAMP_DRAMP18704,0.9992688894271851
POS_DRAMP_DRAMP18721,0.98908531665802
POS_DRAMP_DRAMP18724,0.9066232442855835
POS_DRAMP_DRAMP20776,0.12641900777816772
POS_DRAMP_DRAMP20790,0.9991995692253113
POS_DRAMP_DRAMP20792,0.9990816116333008
POS_DRAMP_DRAMP20793,0.9389494061470032
POS_DRAMP_DRAMP20794,0.9028984308242798
POS_DRAMP_DRAMP20797,0.9999650716781616
POS_DRAMP_DRAMP20803,0.9997389912605286
POS_DRAMP_DRAMP20804,0.16484571993350983
POS_DRAMP_DRAMP20819,0.994747519493103
POS_DRAMP_DRAMP20829,0.9998971223831177
POS_DRAMP_DRAMP20830,0.999933123588562
POS_DRAMP_DRAMP20869,0.9344428777694702
POS_DRAMP_DRAMP20879,0.9999454617500305
POS_DRAMP_DRAMP20880,0.9998351335525513
POS_DRAMP_DRAMP20909,0.9985349774360657
POS_DRAMP_DRAMP20926,0.9999669790267944
POS_DRAMP_DRAMP20935,0.9977003335952759
POS_DRAMP_DRAMP20959,0.9995338320732117
POS_DRAMP_DRAMP20960,0.9993812441825867
POS_DRAMP_DRAMP20965,0.007612302899360657
POS_DRAMP_DRAMP20994,0.9998443722724915
POS_DRAMP_DRAMP21011,
POS_DRAMP_DRAMP21029,0.053683288395404816
POS_DRAMP_DRAMP21042,0.9999345541000366
POS_DRAMP_DRAMP21043,0.9997439384460449
POS_DRAMP_DRAMP21044,0.9999603033065796
POS_DRAMP_DRAMP21045,0.9999862909317017
POS_DRAMP_DRAMP21046,0.9995688199996948
POS_DRAMP_DRAMP21076,0.997733473777771
POS_DRAMP_DRAMP21077,0.9924455881118774
POS_DRAMP_DRAMP21097,0.9978682398796082
POS_DRAMP_DRAMP21104,0.9999625086784363
POS_DRAMP_DRAMP21106,0.9968770146369934
POS_DRAMP_DRAMP21109,0.9976879358291626
POS_DRAMP_DRAMP21137,0.424948126077652
POS_DRAMP_DRAMP21138,0.9974080324172974
POS_DRAMP_DRAMP21146,0.8860486745834351
POS_DRAMP_DRAMP21152,0.9992736577987671
POS_DRAMP_DRAMP21177,0.9999998211860657
POS_DRAMP_DRAMP21196,0.9790854454040527
POS_DRAMP_DRAMP21202,0.9999887347221375
POS_DRAMP_DRAMP21203,0.6384658217430115
POS_DRAMP_DRAMP21204,0.6859053373336792
POS_DRAMP_DRAMP21205,0.7130540609359741
POS_DRAMP_DRAMP21206,0.9608972668647766
POS_DRAMP_DRAMP21207,0.8596364259719849
POS_DRAMP_DRAMP21208,0.6469298601150513
POS_DRAMP_DRAMP21209,0.7326223254203796
POS_DRAMP_DRAMP21210,0.9689317941665649
POS_DRAMP_DRAMP21211,0.9854514002799988
POS_DRAMP_DRAMP21222,0.9945889711380005
POS_DRAMP_DRAMP21246,0.9998680353164673
POS_DRAMP_DRAMP21247,0.9993019104003906
POS_DRAMP_DRAMP21251,0.9998332858085632
POS_DRAMP_DRAMP21255,0.7802668809890747
POS_DRAMP_DRAMP21307,0.9997310638427734
POS_DRAMP_DRAMP21308,0.9996145367622375
POS_DRAMP_DRAMP21309,0.9999665021896362
POS_DRAMP_DRAMP21327,0.9894573092460632
POS_DRAMP_DRAMP21330,0.9984441995620728
POS_DRAMP_DRAMP21333,0.9973354339599609
POS_DRAMP_DRAMP21334,0.9989738464355469
POS_DRAMP_DRAMP21335,0.9997562170028687
POS_DRAMP_DRAMP21336,0.824061393737793
POS_DRAMP_DRAMP21349,0.9995506405830383
POS_DRAMP_DRAMP21350,0.999233067035675
POS_DRAMP_DRAMP21353,0.9997926950454712
POS_DRAMP_DRAMP21354,0.9995220303535461
POS_DRAMP_DRAMP21360,0.873611569404602
POS_DRAMP_DRAMP21361,0.8264316320419312
POS_DRAMP_DRAMP21377,0.9995113611221313
POS_DRAMP_DRAMP21378,0.9982450604438782
POS_DRAMP_DRAMP21386,0.977523922920227
POS_DRAMP_DRAMP21390,0.7156139016151428
POS_DRAMP_DRAMP21391,0.6826618313789368
POS_DRAMP_DRAMP21392,
POS_DRAMP_DRAMP21414,0.9997703433036804
POS_DRAMP_DRAMP21419,0.8348978161811829
POS_DRAMP_DRAMP21420,0.999850869178772
POS_DRAMP_DRAMP21422,0.8250545263290405
POS_DRAMP_DRAMP21427,0.0690852478146553
POS_DRAMP_DRAMP21429,0.9758488535881042
POS_DRAMP_DRAMP21612,
POS_DRAMP_DRAMP21635,0.01218400988727808
POS_DRAMP_DRAMP21636,0.068384550511837
POS_DRAMP_DRAMP21637,0.011163001880049706
POS_DRAMP_DRAMP21639,0.044244568794965744
POS_DRAMP_DRAMP21641,0.5740841627120972
POS_DRAMP_DRAMP21642,0.037170007824897766
POS_DRAMP_DRAMP21643,1.0134428521269001e-05
POS_DRAMP_DRAMP29001,0.9022296667098999
POS_DRAMP_DRAMP29003,0.9976428747177124
POS_DRAMP_DRAMP29018,0.9999645948410034
POS_DRAMP_DRAMP29028,0.9999885559082031
POS_DRAMP_DRAMP29029,0.9999650716781616
POS_DRAMP_DRAMP29030,
POS_DRAMP_DRAMP29034,0.9998525381088257
POS_DRAMP_DRAMP29035,0.9999405145645142
POS_DRAMP_DRAMP29036,0.997600257396698
POS_DRAMP_DRAMP29037,0.9999710321426392
POS_DRAMP_DRAMP29038,0.9997941851615906
POS_DRAMP_DRAMP29039,0.9998784065246582
POS_DRAMP_DRAMP29050,0.9957989454269409
POS_DRAMP_DRAMP29051,0.9996640086174011
POS_DRAMP_DRAMP29052,0.9999955892562866
POS_DRAMP_DRAMP29053,0.5178823471069336
POS_DRAMP_DRAMP29059,0.9973422884941101
POS_DRAMP_DRAMP29060,0.9957079887390137
POS_DRAMP_DRAMP29064,0.992344856262207
POS_DRAMP_DRAMP29074,0.9994333982467651
POS_DRAMP_DRAMP29075,0.9975004196166992
POS_DRAMP_DRAMP29076,0.8888594508171082
POS_DRAMP_DRAMP29077,0.9986522793769836
POS_DRAMP_DRAMP29078,0.9508236050605774
POS_DRAMP_DRAMP29087,0.9988864064216614
POS_DRAMP_DRAMP29092,0.9989392161369324
POS_DRAMP_DRAMP29096,0.5874459147453308
POS_DRAMP_DRAMP29099,0.9999367594718933
POS_DRAMP_DRAMP29101,0.9999994039535522
POS_DRAMP_DRAMP29103,0.9999855756759644
POS_DRAMP_DRAMP29104,0.8651787042617798
POS_DRAMP_DRAMP29109,0.8387783169746399
POS_DRAMP_DRAMP29115,0.714685320854187
POS_DRAMP_DRAMP29117,0.882699191570282
POS_DRAMP_DRAMP29119,0.9176574945449829
POS_DRAMP_DRAMP29122,0.5831408500671387
POS_DRAMP_DRAMP29128,0.8369325399398804
POS_DRAMP_DRAMP29145,0.7163571119308472
POS_DRAMP_DRAMP29147,0.9998372793197632
POS_DRAMP_DRAMP29149,0.8752068281173706
POS_DRAMP_DRAMP29202,0.11533888429403305
POS_DRAMP_DRAMP29205,0.18284785747528076
POS_DRAMP_DRAMP29233,
POS_DRAMP_DRAMP29242,0.008871147409081459
POS_DRAMP_DRAMP29246,0.22863753139972687
POS_DRAMP_DRAMP29255,0.14094224572181702
POS_DRAMP_DRAMP29259,
POS_DRAMP_DRAMP29263,0.2628394365310669
POS_DRAMP_DRAMP29264,0.19716869294643402
POS_DRAMP_DRAMP29265,0.008021804504096508
POS_DRAMP_DRAMP29266,0.09229739010334015
POS_DRAMP_DRAMP29267,0.3294398784637451
POS_DRAMP_DRAMP29268,0.11502926051616669
POS_DRAMP_DRAMP29269,0.2553879916667938
POS_DRAMP_DRAMP29270,0.006987796630710363
POS_DRAMP_DRAMP29275,0.04347025230526924
POS_DRAMP_DRAMP29276,0.14853712916374207
POS_DRAMP_DRAMP29277,0.14808234572410583
POS_DRAMP_DRAMP29278,0.04621083661913872
POS_DRAMP_DRAMP29283,0.7341136336326599
POS_DRAMP_DRAMP29284,0.8998250961303711
POS_DRAMP_DRAMP29285,0.3728798031806946
POS_DRAMP_DRAMP29286,0.36426177620887756
POS_DRAMP_DRAMP29295,0.5026293992996216
POS_DRAMP_DRAMP29296,0.7849351763725281
POS_DRAMP_DRAMP29297,0.9919029474258423
POS_DRAMP_DRAMP29298,0.8343427777290344
POS_DRAMP_DRAMP29950,0.04210207611322403
POS_DRAMP_DRAMP29951,0.9998868107795715
POS_DRAMP_DRAMP29957,0.4635699391365051
POS_DRAMP_DRAMP29994,0.003236615564674139
POS_DRAMP_DRAMP30030,0.1457100808620453
POS_DRAMP_DRAMP30043,0.0024227043613791466
POS_DRAMP_DRAMP30047,0.333459734916687
POS_DRAMP_DRAMP30056,0.4874331057071686
POS_DRAMP_DRAMP30065,0.2471943348646164
POS_DRAMP_DRAMP30068,0.3264676332473755
POS_DRAMP_DRAMP30076,0.6177891492843628
POS_DRAMP_DRAMP30084,0.01732008531689644
POS_DRAMP_DRAMP30093,0.5399461984634399
POS_DRAMP_DRAMP30097,0.00023336304002441466
POS_DRAMP_DRAMP30106,0.6901578307151794
POS_DRAMP_DRAMP30124,0.01444450207054615
POS_DRAMP_DRAMP30127,0.019508350640535355
POS_DRAMP_DRAMP30130,0.03888826072216034
POS_DRAMP_DRAMP30136,0.17270919680595398
POS_DRAMP_DRAMP30148,0.17484651505947113
POS_DRAMP_DRAMP30149,0.372170627117157
POS_DRAMP_DRAMP30150,0.006715394556522369
POS_DRAMP_DRAMP30152,0.741746187210083
POS_DRAMP_DRAMP30157,0.6075853109359741
POS_DRAMP_DRAMP30161,0.018527982756495476
POS_DRAMP_DRAMP30162,0.07319728285074234
POS_DRAMP_DRAMP30163,0.006052166223526001
POS_DRAMP_DRAMP30165,0.05863313749432564
POS_DRAMP_DRAMP30186,0.6703599691390991
POS_DRAMP_DRAMP30194,0.01904936693608761
POS_DRAMP_DRAMP30195,0.06451644748449326
POS_DRAMP_DRAMP30196,0.03128034248948097
POS_DRAMP_DRAMP30197,0.019238103181123734
POS_DRAMP_DRAMP30198,0.05232998728752136
POS_DRAMP_DRAMP30199,0.1363929957151413
POS_DRAMP_DRAMP30200,0.010176188312470913
POS_DRAMP_DRAMP30201,0.06774110347032547
POS_DRAMP_DRAMP30202,0.09228508174419403
POS_DRAMP_DRAMP30203,0.02621554210782051
POS_DRAMP_DRAMP30204,0.026085320860147476
POS_DRAMP_DRAMP30205,0.027339357882738113
POS_DRAMP_DRAMP30206,0.028743499889969826
POS_DRAMP_DRAMP30207,0.042473241686820984
POS_DRAMP_DRAMP30208,0.07278077304363251
POS_DRAMP_DRAMP30209,0.15641826391220093
POS_DRAMP_DRAMP30210,0.7688958644866943
POS_DRAMP_DRAMP30214,0.8096615076065063
POS_DRAMP_DRAMP30215,0.095424123108387
POS_DRAMP_DRAMP30216,0.8282057642936707
POS_DRAMP_DRAMP30217,0.14775191247463226
POS_DRAMP_DRAMP30218,0.522330641746521
POS_DRAMP_DRAMP30219,0.6845601797103882
POS_DRAMP_DRAMP30220,0.025152046233415604
POS_DRAMP_DRAMP30298,0.9998081922531128
POS_DRAMP_DRAMP30305,0.9979082345962524
POS_DRAMP_DRAMP30339,0.999943733215332
POS_DRAMP_DRAMP30348,0.5367725491523743
POS_DRAMP_DRAMP30349,0.837365984916687
POS_DRAMP_DRAMP30352,0.20756633579730988
POS_DRAMP_DRAMP30353,0.13954660296440125
POS_DRAMP_DRAMP30357,0.05584526062011719
POS_DRAMP_DRAMP30358,0.0014471847098320723
POS_DRAMP_DRAMP30562,0.9996498227119446
POS_DRAMP_DRAMP30564,0.9997373819351196
POS_DRAMP_DRAMP30565,0.9986830949783325
POS_DRAMP_DRAMP30566,0.9855249524116516
POS_DRAMP_DRAMP30567,0.19696900248527527
POS_DRAMP_DRAMP30576,0.7613857388496399
POS_DRAMP_DRAMP30580,0.2030114233493805
POS_DRAMP_DRAMP30618,0.9950562715530396
POS_DRAMP_DRAMP30619,0.9872843623161316
POS_DRAMP_DRAMP30710,0.7985137104988098
POS_DRAMP_DRAMP30720,0.06823752820491791
POS_DRAMP_DRAMP30730,0.00014685463975183666
POS_DRAMP_DRAMP30733,0.5551880598068237
POS_DRAMP_DRAMP30734,0.006419898476451635
POS_DRAMP_DRAMP30735,0.5208338499069214
POS_DRAMP_DRAMP30753,1.2032595364530607e-08
POS_DRAMP_DRAMP30782,0.04324478656053543
POS_DRAMP_DRAMP30783,0.0291092898696661
POS_DRAMP_DRAMP30784,0.08509083092212677
POS_DRAMP_DRAMP30785,0.0022140517830848694
POS_DRAMP_DRAMP30786,0.0049301995895802975
POS_DRAMP_DRAMP30790,0.004520138259977102
POS_DRAMP_DRAMP30794,0.0013795343693345785
POS_DRAMP_DRAMP30800,0.3271300196647644
POS_DRAMP_DRAMP30811,0.25041788816452026
POS_DRAMP_DRAMP30814,0.30937331914901733
POS_DRAMP_DRAMP30818,0.4032391607761383
POS_DRAMP_DRAMP30838,0.31496700644493103
POS_DRAMP_DRAMP30843,0.4848630428314209
POS_DRAMP_DRAMP30855,0.867678165435791
POS_DRAMP_DRAMP30859,0.5292965173721313
POS_DRAMP_DRAMP30861,0.521470844745636
POS_DRAMP_DRAMP30868,0.42109251022338867
POS_DRAMP_DRAMP30871,0.4459877014160156
POS_DRAMP_DRAMP30874,0.8496171832084656
POS_DRAMP_DRAMP30876,0.8070703744888306
POS_DRAMP_DRAMP30883,0.7793188691139221
POS_DRAMP_DRAMP30889,0.7461309432983398
POS_DRAMP_DRAMP30893,0.7677013874053955
POS_DRAMP_DRAMP30896,0.734688937664032
POS_DRAMP_DRAMP30941,0.1269371509552002
POS_DRAMP_DRAMP30943,0.12164638191461563
POS_DRAMP_DRAMP30966,0.14796194434165955
POS_DRAMP_DRAMP30967,4.2009652645447204e-08
POS_DRAMP_DRAMP30968,0.06880947202444077
POS_DRAMP_DRAMP30969,0.012199543416500092
POS_DRAMP_DRAMP30970,0.3966655135154724
POS_DRAMP_DRAMP30971,0.5575588345527649
POS_DRAMP_DRAMP30972,0.024391010403633118
POS_DRAMP_DRAMP30973,6.319609155980288e-07
POS_DRAMP_DRAMP30974,2.853700209470844e-07
POS_DRAMP_DRAMP30975,4.450158428426221e-07
POS_DRAMP_DRAMP30976,2.9255702429509256e-06
POS_DRAMP_DRAMP30977,1.2085613434464904e-06
POS_DRAMP_DRAMP30978,2.358988695050357e-06
POS_DRAMP_DRAMP30979,2.9869299851270625e-06
POS_DRAMP_DRAMP30983,1.7258036677958444e-05
POS_DRAMP_DRAMP30985,1.647024305384548e-06
POS_DRAMP_DRAMP30987,0.0002838127547875047
POS_DRAMP_DRAMP30988,2.67771810058548e-07
POS_DRAMP_DRAMP30989,8.192636596504599e-05
POS_DRAMP_DRAMP30990,6.056436774315443e-08
POS_DRAMP_DRAMP30991,4.588540889471915e-07
POS_DRAMP_DRAMP30992,1.791663777339636e-07
POS_DRAMP_DRAMP30993,6.544518100781715e-07
POS_DRAMP_DRAMP30994,3.43898068422277e-06
POS_DRAMP_DRAMP30995,8.209948418880231e-07
POS_DRAMP_DRAMP30996,3.859337994072121e-06
POS_DRAMP_DRAMP30997,0.862815260887146
POS_DRAMP_DRAMP30998,0.9186097383499146
POS_DRAMP_DRAMP30999,0.699811577796936
POS_DRAMP_DRAMP31000,0.9348520040512085
POS_DRAMP_DRAMP31006,0.9517110586166382
POS_DRAMP_DRAMP31009,0.9899494051933289
POS_DRAMP_DRAMP31011,0.9946621060371399
POS_DRAMP_DRAMP31012,0.9975116848945618
POS_DRAMP_DRAMP31013,0.9992231130599976
POS_DRAMP_DRAMP31014,0.999815821647644
POS_DRAMP_DRAMP31029,0.3110392987728119
POS_DRAMP_DRAMP31030,0.7469639182090759
POS_DRAMP_DRAMP31032,0.31439751386642456
POS_DRAMP_DRAMP31057,0.029583731666207314
POS_DRAMP_DRAMP31072,0.8509840965270996
POS_DRAMP_DRAMP31080,0.2937135100364685
POS_DRAMP_DRAMP31087,0.6411164402961731
POS_DRAMP_DRAMP31088,0.06383425742387772
POS_DRAMP_DRAMP31121,0.00894165225327015
POS_DRAMP_DRAMP31122,0.008414650335907936
POS_DRAMP_DRAMP31130,0.006883046589791775
POS_DRAMP_DRAMP31131,0.9668853878974915
POS_DRAMP_DRAMP31132,0.8112737536430359
POS_DRAMP_DRAMP31137,0.10557226836681366
POS_DRAMP_DRAMP31138,0.12514236569404602
POS_DRAMP_DRAMP31139,0.0015462280716747046
POS_DRAMP_DRAMP31140,0.0018991691758856177
POS_DRAMP_DRAMP31141,0.003929252736270428
POS_DRAMP_DRAMP31142,0.0008009164594113827
POS_DRAMP_DRAMP31143,0.0024161837063729763
POS_DRAMP_DRAMP31146,0.05635363608598709
POS_DRAMP_DRAMP31147,0.023438850417733192
POS_DRAMP_DRAMP31149,0.7704746127128601
POS_DRAMP_DRAMP31150,0.6552725434303284
POS_DRAMP_DRAMP31151,0.06252086162567139
POS_DRAMP_DRAMP31152,0.5354934930801392
POS_DRAMP_DRAMP31153,0.5417835116386414
POS_DRAMP_DRAMP31154,0.5260001420974731
POS_DRAMP_DRAMP31155,0.5909037590026855
POS_DRAMP_DRAMP31156,0.7493191957473755
POS_DRAMP_DRAMP31157,0.4436104893684387
POS_DRAMP_DRAMP31158,0.010286173783242702
POS_DRAMP_DRAMP31159,0.5755926966667175
POS_DRAMP_DRAMP31160,0.6596562266349792
POS_DRAMP_DRAMP31161,0.5733013153076172
POS_DRAMP_DRAMP31163,0.4403149485588074
POS_DRAMP_DRAMP31187,0.26212412118911743
POS_DRAMP_DRAMP31190,0.999238133430481
POS_DRAMP_DRAMP31271,0.21335741877555847
POS_DRAMP_DRAMP31272,0.5489446520805359
POS_DRAMP_DRAMP31274,0.5618563294410706
POS_DRAMP_DRAMP31283,0.22440814971923828
POS_DRAMP_DRAMP31292,0.9144965410232544
POS_DRAMP_DRAMP31327,7.784359331708401e-05
POS_DRAMP_DRAMP31354,0.4186323285102844
POS_DRAMP_DRAMP31355,0.09994553029537201
POS_DRAMP_DRAMP31360,0.5883380770683289
POS_DRAMP_DRAMP31365,0.7573795914649963
POS_DRAMP_DRAMP31367,0.0797066017985344
POS_DRAMP_DRAMP31386,0.23819144070148468
POS_DRAMP_DRAMP31387,0.7573559880256653
POS_DRAMP_DRAMP31388,0.7667022347450256
POS_DRAMP_DRAMP31401,0.9334742426872253
POS_DRAMP_DRAMP31404,0.999951183795929
POS_DRAMP_DRAMP31408,0.23122811317443848
POS_DRAMP_DRAMP31412,0.9993427991867065
POS_DRAMP_DRAMP31424,5.483360382640967e-06
POS_DRAMP_DRAMP31427,0.001725300564430654
POS_DRAMP_DRAMP31458,0.010145380161702633
POS_DRAMP_DRAMP31469,0.993364691734314
POS_DRAMP_DRAMP31470,0.9990493059158325
POS_DRAMP_DRAMP31483,0.3848465085029602
POS_DRAMP_DRAMP31490,0.00093486113473773
POS_DRAMP_DRAMP31501,0.05031431466341019
POS_DRAMP_DRAMP31533,0.24134843051433563
POS_DRAMP_DRAMP31552,0.9975337982177734
POS_DRAMP_DRAMP31553,0.9752209782600403
POS_DRAMP_DRAMP31563,0.001656309119425714
POS_DRAMP_DRAMP31573,0.632587730884552
POS_DRAMP_DRAMP31574,0.5574061274528503
POS_DRAMP_DRAMP31575,0.648369312286377
POS_DRAMP_DRAMP31577,0.5230576395988464
POS_DRAMP_DRAMP31578,0.3611523509025574
POS_DRAMP_DRAMP31579,0.22189831733703613
POS_DRAMP_DRAMP31580,0.6996110677719116
POS_DRAMP_DRAMP31581,0.8851901292800903
POS_DRAMP_DRAMP31631,0.4317150115966797
POS_DRAMP_DRAMP31658,0.9945055246353149
POS_DRAMP_DRAMP31671,0.9671753644943237
POS_DRAMP_DRAMP31676,0.48008984327316284
POS_DRAMP_DRAMP31684,0.9996997117996216
POS_DRAMP_DRAMP31686,0.9999936819076538
POS_DRAMP_DRAMP31687,0.999981701374054
POS_DRAMP_DRAMP31688,0.9998804330825806
POS_DRAMP_DRAMP31715,0.21596598625183105
POS_DRAMP_DRAMP31716,0.3284517228603363
POS_DRAMP_DRAMP31718,0.2703465521335602
POS_DRAMP_DRAMP31719,0.5343809127807617
POS_DRAMP_DRAMP31720,0.5637820959091187
POS_DRAMP_DRAMP31721,0.5156978368759155
POS_DRAMP_DRAMP31731,0.6496917605400085
POS_DRAMP_DRAMP31732,0.010878024622797966
POS_DRAMP_DRAMP31742,0.9990194439888
POS_DRAMP_DRAMP31743,0.9995814561843872
POS_DRAMP_DRAMP31744,0.999737560749054
POS_DRAMP_DRAMP31745,0.9999772906303406
POS_DRAMP_DRAMP31760,0.7333559989929199
POS_DRAMP_DRAMP31763,0.9998787045478821
POS_DRAMP_DRAMP31777,0.9903087615966797
POS_DRAMP_DRAMP31784,0.9984847903251648
POS_DRAMP_DRAMP31790,0.9741911888122559
POS_DRAMP_DRAMP31806,0.999947726726532
POS_DRAMP_DRAMP31837,0.9925405383110046
POS_DRAMP_DRAMP31839,0.9997671842575073
POS_DRAMP_DRAMP31840,0.969926655292511
POS_DRAMP_DRAMP31853,0.999980628490448
POS_DRAMP_DRAMP31854,0.9999367594718933
POS_DRAMP_DRAMP31858,0.985975444316864
POS_DRAMP_DRAMP31859,0.930276095867157
POS_DRAMP_DRAMP31860,0.9817377924919128
POS_DRAMP_DRAMP31861,0.9981023669242859
POS_DRAMP_DRAMP31863,0.9964467287063599
POS_DRAMP_DRAMP31864,0.9981395602226257
POS_DRAMP_DRAMP31865,0.9987608194351196
POS_DRAMP_DRAMP31866,0.9889864921569824
POS_DRAMP_DRAMP31867,0.996895432472229
POS_DRAMP_DRAMP31868,0.9932899475097656
POS_DRAMP_DRAMP31874,0.9978054165840149
POS_DRAMP_DRAMP31875,0.9975794553756714
POS_DRAMP_DRAMP31877,0.9995063543319702
POS_DRAMP_DRAMP31911,0.9999961853027344
POS_DRAMP_DRAMP31928,0.6375927329063416
POS_DRAMP_DRAMP31933,0.9998611211776733
POS_DRAMP_DRAMP31936,0.9992960691452026
POS_DRAMP_DRAMP31945,0.0003610393905546516
POS_DRAMP_DRAMP31956,0.5494230389595032
POS_DRAMP_DRAMP31958,0.1415294110774994
POS_DRAMP_DRAMP31986,0.6542057991027832
POS_DRAMP_DRAMP32013,0.9996936917304993
POS_DRAMP_DRAMP32015,0.9996806979179382
POS_DRAMP_DRAMP32017,0.9999248385429382
POS_DRAMP_DRAMP32019,0.9997463226318359
POS_DRAMP_DRAMP32023,0.9993022680282593
POS_DRAMP_DRAMP32037,0.9878029823303223
POS_DRAMP_DRAMP32038,0.9483386278152466
POS_DRAMP_DRAMP32040,0.993172824382782
POS_DRAMP_DRAMP32041,0.9892008900642395
POS_DRAMP_DRAMP32042,0.997967541217804
POS_DRAMP_DRAMP32045,0.9576019048690796
POS_DRAMP_DRAMP32046,0.9727352261543274
POS_DRAMP_DRAMP32047,0.9786496162414551
POS_DRAMP_DRAMP32062,0.9998829960823059
POS_DRAMP_DRAMP32116,0.999970555305481
POS_DRAMP_DRAMP32117,0.9999783635139465
POS_DRAMP_DRAMP32121,0.9982811808586121
POS_DRAMP_DRAMP32122,0.9300910234451294
POS_DRAMP_DRAMP32143,0.9927568435668945
POS_DRAMP_DRAMP32145,0.9994312524795532
POS_DRAMP_DRAMP32162,0.9990822076797485
POS_DRAMP_DRAMP32167,0.998979926109314
POS_DRAMP_DRAMP32173,0.9997321963310242
POS_DRAMP_DRAMP32178,0.9750053286552429
POS_DRAMP_DRAMP32181,0.9963563084602356
POS_DRAMP_DRAMP32192,0.9973902702331543
POS_DRAMP_DRAMP32213,0.9749749302864075
POS_DRAMP_DRAMP32219,0.9909588098526001
POS_DRAMP_DRAMP32220,0.9944402575492859
POS_DRAMP_DRAMP32227,0.9998729825019836
POS_DRAMP_DRAMP32269,0.7727333307266235
POS_DRAMP_DRAMP32271,0.7571698427200317
POS_DRAMP_DRAMP32272,0.7748776078224182
POS_DRAMP_DRAMP32273,0.4386815130710602
POS_DRAMP_DRAMP32274,0.99986732006073
POS_DRAMP_DRAMP32285,0.9942329525947571
POS_DRAMP_DRAMP32320,0.9963873624801636
POS_DRAMP_DRAMP32334,0.27802714705467224
POS_DRAMP_DRAMP32368,0.025336449965834618
POS_DRAMP_DRAMP32387,0.18613362312316895
POS_DRAMP_DRAMP32388,0.9994219541549683
POS_DRAMP_DRAMP32780,0.9998620748519897
POS_DRAMP_DRAMP32781,0.4975985884666443
POS_DRAMP_DRAMP32792,0.9704543948173523
POS_DRAMP_DRAMP32825,0.0006282199756242335
POS_DRAMP_DRAMP32826,0.31200486421585083
POS_DRAMP_DRAMP32833,0.9476307034492493
POS_DRAMP_DRAMP32834,0.9706830978393555
POS_DRAMP_DRAMP32839,0.9995942115783691
POS_DRAMP_DRAMP32846,0.4958902895450592
POS_DRAMP_DRAMP32862,0.9999861717224121
POS_DRAMP_DRAMP32874,0.9801827669143677
POS_DRAMP_DRAMP32875,0.9980497360229492
POS_DRAMP_DRAMP32907,0.9978501200675964
POS_DRAMP_DRAMP32910,0.9979259371757507
POS_DRAMP_DRAMP32918,0.38223758339881897
POS_DRAMP_DRAMP32960,0.975997805595398
POS_DRAMP_DRAMP32962,0.5759599208831787
POS_DRAMP_DRAMP32966,0.9957621693611145
POS_DRAMP_DRAMP32971,0.9955036044120789
POS_DRAMP_DRAMP32973,0.9920246005058289
POS_DRAMP_DRAMP32976,0.5635393857955933
POS_DRAMP_DRAMP32989,0.8543697595596313
POS_DRAMP_DRAMP32990,0.9979760050773621
POS_DRAMP_DRAMP32991,0.9794808626174927
POS_DRAMP_DRAMP33001,0.998578667640686
POS_DRAMP_DRAMP33003,0.7938522100448608
POS_DRAMP_DRAMP33009,0.9954374432563782
POS_DRAMP_DRAMP33010,0.9323493242263794
POS_DRAMP_DRAMP33020,0.8559466600418091
POS_DRAMP_DRAMP33141,0.9977995157241821
POS_DRAMP_DRAMP33145,0.8951347470283508
POS_DRAMP_DRAMP33162,0.9892614483833313
POS_DRAMP_DRAMP33174,0.9967085123062134
POS_DRAMP_DRAMP33176,0.8425866365432739
POS_DRAMP_DRAMP33177,0.9097127914428711
POS_DRAMP_DRAMP33205,0.8597027063369751
POS_DRAMP_DRAMP33208,0.4305066466331482
POS_DRAMP_DRAMP33210,0.9995104074478149
POS_DRAMP_DRAMP33211,0.9984382390975952
POS_DRAMP_DRAMP33223,0.9992656707763672
POS_DRAMP_DRAMP33227,0.8681937456130981
POS_DRAMP_DRAMP33228,0.6605220437049866
POS_DRAMP_DRAMP33229,0.8128252029418945
POS_DRAMP_DRAMP33242,0.9641239047050476
POS_DRAMP_DRAMP33254,0.2794380486011505
POS_DRAMP_DRAMP33266,0.9921677708625793
POS_DRAMP_DRAMP33276,0.998163104057312
POS_DRAMP_DRAMP33280,0.9250375032424927
POS_DRAMP_DRAMP33284,0.9869640469551086
POS_DRAMP_DRAMP33325,0.9999998211860657
POS_DRAMP_DRAMP33326,0.9999995231628418
POS_DRAMP_DRAMP33327,0.9999984502792358
POS_DRAMP_DRAMP33328,0.9999998211860657
POS_DRAMP_DRAMP33376,
POS_DRAMP_DRAMP33383,
POS_DRAMP_DRAMP33530,0.9999061822891235
POS_DRAMP_DRAMP33556,0.9232765436172485
POS_DRAMP_DRAMP33575,0.9543097615242004
POS_DRAMP_DRAMP33629,0.9999702572822571
POS_DRAMP_DRAMP33639,0.9992052316665649
POS_DRAMP_DRAMP33649,0.997968316078186
POS_DRAMP_DRAMP33669,0.9814861416816711
POS_DRAMP_DRAMP33671,0.983053982257843
POS_DRAMP_DRAMP33677,0.9980009198188782
POS_DRAMP_DRAMP33681,0.9681662321090698
POS_DRAMP_DRAMP33682,0.9971805810928345
POS_DRAMP_DRAMP33686,0.9999496340751648
POS_DRAMP_DRAMP33696,0.9999141693115234
POS_DRAMP_DRAMP33703,0.9999825358390808
POS_DRAMP_DRAMP33705,0.9726244211196899
POS_DRAMP_DRAMP33744,0.96540766954422
POS_DRAMP_DRAMP33759,0.9999761581420898
POS_DRAMP_DRAMP33760,0.9999915361404419
POS_DRAMP_DRAMP33761,0.9998807907104492
POS_DRAMP_DRAMP33763,0.999891459941864
POS_DRAMP_DRAMP33764,0.999991774559021
POS_DRAMP_DRAMP33765,0.9999947547912598
POS_DRAMP_DRAMP33766,0.9999943971633911
POS_DRAMP_DRAMP33767,0.9999833106994629
POS_DRAMP_DRAMP33779,0.3653963506221771
POS_DRAMP_DRAMP33788,0.5018824934959412
POS_DRAMP_DRAMP33792,0.13156066834926605
POS_DRAMP_DRAMP33876,0.9997906684875488
POS_DRAMP_DRAMP33880,0.999842643737793
POS_DRAMP_DRAMP33883,0.9364741444587708
POS_DRAMP_DRAMP33888,0.9962198138237
POS_DRAMP_DRAMP33905,0.8232620358467102
POS_DRAMP_DRAMP33906,0.7423977851867676
POS_DRAMP_DRAMP33907,0.6267904043197632
POS_DRAMP_DRAMP33908,0.608132004737854
POS_DRAMP_DRAMP33909,0.6137497425079346
POS_DRAMP_DRAMP33910,0.6694096326828003
POS_DRAMP_DRAMP33930,0.18792660534381866
POS_DRAMP_DRAMP34331,0.9995306134223938
POS_DRAMP_DRAMP34338,0.40477752685546875
POS_DRAMP_DRAMP34343,0.9942523837089539
POS_DRAMP_DRAMP34344,0.005815577227622271
POS_DRAMP_DRAMP34362,0.7621981501579285
POS_DRAMP_DRAMP34368,0.9799286723136902
POS_DRAMP_DRAMP34371,0.9994848370552063
POS_DRAMP_DRAMP34379,0.9996325373649597
POS_DRAMP_DRAMP34392,0.99998939037323
POS_DRAMP_DRAMP34393,0.9685827493667603
POS_DRAMP_DRAMP34394,0.9963571429252625
POS_DRAMP_DRAMP34413,0.0069793215952813625
POS_DRAMP_DRAMP34436,0.20247285068035126
POS_DRAMP_DRAMP34437,0.9999728202819824
POS_DRAMP_DRAMP34440,0.00037731006159447134
POS_DRAMP_DRAMP34454,0.9989677667617798
POS_DRAMP_DRAMP34463,0.9995260238647461
POS_DRAMP_DRAMP34465,0.5059827566146851
POS_DRAMP_DRAMP34468,
POS_DRAMP_DRAMP34470,0.99864661693573
POS_DRAMP_DRAMP34473,0.3257372975349426
POS_DRAMP_DRAMP34476,0.55641770362854
POS_DRAMP_DRAMP34484,0.9999996423721313
POS_DRAMP_DRAMP34491,
POS_DRAMP_DRAMP34494,0.9147638082504272
POS_DRAMP_DRAMP34497,0.8683146238327026
POS_DRAMP_DRAMP34499,
POS_DRAMP_DRAMP34513,0.8392070531845093
POS_DRAMP_DRAMP34519,0.6841399669647217
POS_DRAMP_DRAMP34529,
POS_DRAMP_DRAMP34542,0.5241830348968506
POS_DRAMP_DRAMP34551,0.9999982714653015
POS_DRAMP_DRAMP34563,0.2790660262107849
POS_DRAMP_DRAMP34564,0.10517890751361847
POS_DRAMP_DRAMP34566,0.8893556594848633
POS_DRAMP_DRAMP34567,0.9444376826286316
POS_DRAMP_DRAMP34573,0.24167600274085999
POS_DRAMP_DRAMP34593,0.0005203027976676822
POS_DRAMP_DRAMP34614,4.2429078348504845e-06
POS_DRAMP_DRAMP34615,0.24173812568187714
POS_DRAMP_DRAMP34625,0.2788521945476532
POS_DRAMP_DRAMP34641,0.7885943651199341
POS_DRAMP_DRAMP34644,0.8949901461601257
POS_DRAMP_DRAMP34649,0.9005132913589478
POS_DRAMP_DRAMP34657,0.9741727709770203
POS_DRAMP_DRAMP34665,0.906061053276062
POS_DRAMP_DRAMP34671,0.18184299767017365
POS_DRAMP_DRAMP34679,0.0004226501623634249
POS_DRAMP_DRAMP34680,0.0004594984056893736
POS_DRAMP_DRAMP34730,0.02126830443739891
POS_DRAMP_DRAMP34731,0.0019255250226706266
POS_DRAMP_DRAMP34734,0.000853460282087326
POS_DRAMP_DRAMP34736,0.3888508975505829
POS_DRAMP_DRAMP34738,0.5134875774383545
POS_DRAMP_DRAMP34739,0.4621380865573883
POS_DRAMP_DRAMP34740,0.026667844504117966
POS_DRAMP_DRAMP34741,0.5402361154556274
POS_DRAMP_DRAMP34762,0.25386500358581543
POS_DRAMP_DRAMP34773,
POS_DRAMP_DRAMP34774,0.6230772733688354
POS_DRAMP_DRAMP34776,
POS_DRAMP_DRAMP34785,0.4057304263114929
POS_DRAMP_DRAMP34786,0.8098872900009155
POS_DRAMP_DRAMP34792,
POS_DRAMP_DRAMP34799,
POS_DRAMP_DRAMP34804,0.40342551469802856
POS_DRAMP_DRAMP34812,0.39741820096969604
POS_DRAMP_DRAMP34815,0.29574769735336304
POS_DRAMP_DRAMP34822,0.002473951783031225
POS_DRAMP_DRAMP34827,0.014652321115136147
POS_DRAMP_DRAMP34838,0.20653101801872253
POS_DRAMP_DRAMP34843,0.996839165687561
POS_DRAMP_DRAMP34855,0.9860996007919312
POS_DRAMP_DRAMP34856,0.9671419262886047
POS_DRAMP_DRAMP34868,0.42431917786598206
POS_DRAMP_DRAMP34874,0.07394041121006012
POS_DRAMP_DRAMP34901,0.7300112247467041
POS_DRAMP_DRAMP34916,0.9982575178146362
POS_DRAMP_DRAMP34917,0.9999690055847168
POS_DRAMP_DRAMP34919,0.9993221163749695
POS_DRAMP_DRAMP34922,0.9995718002319336
POS_DRAMP_DRAMP34926,0.00020020036026835442
POS_DRAMP_DRAMP34953,0.9930658340454102
POS_DRAMP_DRAMP34974,0.7936183214187622
POS_DRAMP_DRAMP34980,0.48891481757164
POS_DRAMP_DRAMP35037,0.7490295171737671
POS_DRAMP_DRAMP35043,0.0006461385055445135
POS_DRAMP_DRAMP35060,0.9918012619018555
POS_DRAMP_DRAMP35061,0.03182977810502052
POS_DRAMP_DRAMP35062,0.6970394253730774
POS_DRAMP_DRAMP35064,0.7677668333053589
POS_DRAMP_DRAMP35081,0.6028388142585754
POS_DRAMP_DRAMP35089,0.00030146195786073804
POS_DRAMP_DRAMP35156,0.8587252497673035
POS_DRAMP_DRAMP35157,0.9997488260269165
POS_DRAMP_DRAMP35189,0.21095010638237
POS_DRAMP_DRAMP35190,0.5301659107208252
POS_DRAMP_DRAMP35258,0.008890742436051369
POS_DRAMP_DRAMP35280,0.05080828070640564
POS_DRAMP_DRAMP35316,0.9951081275939941
POS_DRAMP_DRAMP35317,0.9899612665176392
POS_DRAMP_DRAMP35325,0.9983774423599243
POS_DRAMP_DRAMP35360,0.2242010533809662
POS_DRAMP_DRAMP35363,0.9195387959480286
POS_DRAMP_DRAMP35414,0.9316631555557251
POS_DRAMP_DRAMP35415,0.9892282485961914
POS_DRAMP_DRAMP35419,0.9886662364006042
POS_DRAMP_DRAMP35420,0.9887984991073608
POS_DRAMP_DRAMP35424,0.9916530847549438
POS_DRAMP_DRAMP35461,0.9767857789993286
POS_DRAMP_DRAMP35484,0.5095155835151672
POS_DRAMP_DRAMP35530,
POS_DRAMP_DRAMP35616,0.025150205940008163
POS_DRAMP_DRAMP35644,0.8575852513313293
POS_DRAMP_DRAMP35651,0.9998856782913208
POS_DRAMP_DRAMP35681,0.7259868383407593
POS_DRAMP_DRAMP35683,0.9714763760566711
POS_DRAMP_DRAMP35695,0.3371485769748688
POS_DRAMP_DRAMP35698,0.735442042350769
POS_DRAMP_DRAMP35700,0.02489529177546501
POS_DRAMP_DRAMP35701,0.020143866539001465
POS_DRAMP_DRAMP35721,0.5337532758712769
POS_DRAMP_DRAMP35730,
POS_DRAMP_DRAMP35731,
POS_DRAMP_DRAMP35735,0.7667221426963806
POS_DRAMP_DRAMP35752,0.998730480670929
POS_DRAMP_DRAMP35753,0.9990155100822449
POS_DRAMP_DRAMP35754,0.9891613721847534
POS_DRAMP_DRAMP35755,0.9986745715141296
POS_DRAMP_DRAMP35758,
POS_DRAMP_DRAMP35759,
POS_DRAMP_DRAMP35766,0.983878493309021
POS_DRAMP_DRAMP35773,0.5576211214065552
POS_DRAMP_DRAMP35774,
POS_DRAMP_DRAMP35775,
POS_DRAMP_DRAMP35777,
POS_DRAMP_DRAMP35778,
POS_DRAMP_DRAMP35779,
POS_DRAMP_DRAMP35780,
POS_DRAMP_DRAMP35786,0.9982978105545044
POS_DRAMP_DRAMP35788,0.9850693941116333
POS_DRAMP_DRAMP35799,0.05054784566164017
POS_DRAMP_DRAMP35800,0.04172467440366745
POS_DRAMP_DRAMP35809,
POS_DRAMP_DRAMP35810,0.09221749007701874
POS_DRAMP_DRAMP35817,0.9999974966049194
POS_DRAMP_DRAMP35818,0.9999914169311523
POS_DRAMP_DRAMP35819,0.9999871253967285
POS_DRAMP_DRAMP35820,0.999991238117218
POS_DRAMP_DRAMP35821,0.9999961853027344
POS_DRAMP_DRAMP35837,0.8882955312728882
POS_DRAMP_DRAMP35840,0.3982009291648865
POS_DRAMP_DRAMP35863,0.9969099164009094
POS_DRAMP_DRAMP35867,0.9999904632568359
POS_DRAMP_DRAMP35942,0.4905627369880676
POS_DRAMP_DRAMP35947,0.000361115497071296
POS_DRAMP_DRAMP35948,0.9997094869613647
POS_DRAMP_DRAMP35949,0.9999246597290039
POS_DRAMP_DRAMP35950,0.4778154492378235
POS_DRAMP_DRAMP35965,0.4132867753505707
POS_DRAMP_DRAMP35967,0.8076135516166687
POS_DRAMP_DRAMP35976,0.9234598278999329
POS_DRAMP_DRAMP35977,0.6489866971969604
POS_DRAMP_DRAMP35979,0.9443153142929077
POS_DRAMP_DRAMP35980,0.6329952478408813
POS_DRAMP_DRAMP35984,0.9799591302871704
POS_DRAMP_DRAMP35985,0.6219540238380432
POS_DRAMP_DRAMP35987,0.9824166297912598
POS_DRAMP_DRAMP37379,0.11862692981958389
POS_DRAMP_DRAMP37386,0.34208330512046814
POS_DRAMP_DRAMP37389,0.08325336128473282
POS_DRAMP_DRAMP37393,0.02719891630113125
POS_DRAMP_DRAMP37399,0.0512964129447937
POS_DRAMP_DRAMP37400,0.08453308045864105
POS_DRAMP_DRAMP37401,0.21506598591804504
POS_DRAMP_DRAMP37402,0.010693643242120743
POS_DRAMP_DRAMP37403,0.2220194786787033
POS_DRAMP_DRAMP37404,0.21552982926368713
POS_DRAMP_DRAMP37405,0.3456558287143707
POS_DRAMP_DRAMP37415,0.0065590194426476955
POS_DRAMP_DRAMP37418,0.027816787362098694
POS_DRAMP_DRAMP37430,0.06051554158329964
POS_DRAMP_DRAMP37445,0.31438034772872925
POS_DRAMP_DRAMP37448,0.6040655374526978
POS_DRAMP_DRAMP37449,0.6213183999061584
POS_DRAMP_DRAMP37451,0.0054552736692130566
POS_DRAMP_DRAMP37464,0.024474110454320908
POS_DRAMP_DRAMP37487,0.9889402389526367
POS_DRAMP_DRAMP37488,0.9996177554130554
POS_DRAMP_DRAMP37489,0.9995381236076355
POS_DRAMP_DRAMP37495,
POS_DRAMP_DRAMP37506,
POS_DRAMP_DRAMP37509,0.25526857376098633
POS_DRAMP_DRAMP37514,0.00015226232062559575
POS_DRAMP_DRAMP37520,0.00036691370769403875
POS_DRAMP_DRAMP37524,0.005604766309261322
POS_DRAMP_DRAMP37526,0.5719002485275269
POS_DRAMP_DRAMP37528,0.004025858826935291
POS_DRAMP_DRAMP37538,0.00017141997523140162
POS_DRAMP_DRAMP37540,0.39976295828819275
POS_DRAMP_DRAMP37541,8.899878594093025e-05
POS_DRAMP_DRAMP37551,0.007770301308482885
POS_DRAMP_DRAMP37552,0.03228409215807915
POS_DRAMP_DRAMP37553,0.047280628234148026
POS_DRAMP_DRAMP37557,5.548947228817269e-05
POS_DRAMP_DRAMP37558,
POS_DRAMP_DRAMP37560,0.6888758540153503
POS_DRAMP_DRAMP37567,0.38922348618507385
POS_DRAMP_DRAMP37583,0.9999974966049194
POS_DRAMP_DRAMP37598,0.008800339885056019
POS_DRAMP_DRAMP37601,0.02012239769101143
POS_DRAMP_DRAMP37604,0.09848815947771072
POS_DRAMP_DRAMP37617,0.004217381589114666
POS_DRAMP_DRAMP37636,0.04731139540672302
POS_DRAMP_DRAMP37642,0.9296377301216125
POS_DRAMP_DRAMP37643,0.995836615562439
POS_DRAMP_DRAMP37662,0.4425026774406433
POS_DRAMP_DRAMP37663,0.11690574884414673
POS_DRAMP_DRAMP37666,0.6811482906341553
POS_DRAMP_DRAMP37671,0.8675591349601746
POS_DRAMP_DRAMP37677,0.5572567582130432
POS_DRAMP_DRAMP37683,0.12722566723823547
POS_DRAMP_DRAMP37686,0.01833469606935978
POS_DRAMP_DRAMP37689,0.6897252798080444
POS_DRAMP_DRAMP37696,0.4632498621940613
POS_DRAMP_DRAMP37704,0.08070765435695648
POS_DRAMP_DRAMP37731,0.8731451034545898
POS_DRAMP_DRAMP37734,0.6203218698501587
POS_DRAMP_DRAMP37740,0.2570105791091919
POS_DRAMP_DRAMP37741,0.4357369542121887
POS_DRAMP_DRAMP37747,0.7947545051574707
POS_DRAMP_DRAMP37751,0.4052371382713318
POS_DRAMP_DRAMP37755,0.3821583688259125
POS_DRAMP_DRAMP37758,0.07029419392347336
POS_DRAMP_DRAMP37759,0.4235084652900696
POS_DRAMP_DRAMP37760,0.3584914207458496
POS_DRAMP_DRAMP37765,0.36769619584083557
POS_DRAMP_DRAMP37767,0.911787211894989
POS_DRAMP_DRAMP37789,0.8040794134140015
POS_DRAMP_DRAMP37791,0.8258779644966125
POS_DRAMP_DRAMP37792,0.37876349687576294
POS_DRAMP_DRAMP37793,0.4256055951118469
POS_DRAMP_DRAMP37798,0.13353440165519714
POS_DRAMP_DRAMP37800,0.00034570085699670017
POS_DRAMP_DRAMP37803,0.0011310396948829293
POS_DRAMP_DRAMP37823,0.2800401747226715
POS_DRAMP_DRAMP37829,0.00517095485702157
POS_DRAMP_DRAMP37833,5.3611329349223524e-05
POS_DRAMP_DRAMP37843,0.004177112132310867
POS_DRAMP_DRAMP37844,0.0013034874573349953
POS_DRAMP_DRAMP37847,3.5109966120216995e-05
POS_DRAMP_DRAMP37858,0.16330108046531677
POS_DRAMP_DRAMP37880,0.8484557271003723
POS_DRAMP_DRAMP37882,0.05919633060693741
POS_DRAMP_DRAMP37891,0.0006250537117011845
POS_DRAMP_DRAMP37892,0.017869751900434494
POS_DRAMP_DRAMP37893,0.0007290561334230006
POS_DRAMP_DRAMP37903,0.0006620159838348627
POS_DRAMP_DRAMP37905,0.020027978345751762
POS_DRAMP_DRAMP37913,0.001414689002558589
POS_DRAMP_DRAMP37937,0.07215391844511032
POS_DRAMP_DRAMP37938,0.5651529431343079
POS_DRAMP_DRAMP37940,0.44568896293640137
POS_DRAMP_DRAMP37944,0.9159213900566101
POS_DRAMP_DRAMP37953,0.016501331701874733
POS_DRAMP_DRAMP37959,0.06334836035966873
POS_DRAMP_DRAMP37981,0.23398137092590332
POS_DRAMP_DRAMP37989,0.18980547785758972
POS_DRAMP_DRAMP37996,0.12116558849811554
POS_DRAMP_DRAMP37999,0.5275550484657288
POS_DRAMP_DRAMP38000,0.9740275144577026
POS_DRAMP_DRAMP38006,0.17827960848808289
POS_DRAMP_DRAMP38008,0.015021869912743568
POS_DRAMP_DRAMP38012,0.3554938733577728
POS_DRAMP_DRAMP38015,0.07713963836431503
POS_DRAMP_DRAMP38016,0.028063740581274033
POS_DRAMP_DRAMP38018,0.9968129992485046
POS_DRAMP_DRAMP38019,0.24524645507335663
POS_DRAMP_DRAMP38020,0.002459125593304634
POS_DRAMP_DRAMP38022,0.09141361713409424
POS_DRAMP_DRAMP38025,0.04138454049825668
POS_DRAMP_DRAMP38030,0.483618825674057
POS_DRAMP_DRAMP38032,0.37882980704307556
POS_DRAMP_DRAMP38035,0.40911537408828735
POS_DRAMP_DRAMP38039,0.6759496927261353
POS_DRAMP_DRAMP38045,0.6912873983383179
POS_DRAMP_DRAMP38048,0.6341657638549805
POS_DRAMP_DRAMP38060,0.7560538649559021
POS_DRAMP_DRAMP38062,0.4295136332511902
POS_DRAMP_DRAMP38073,0.9193748235702515
POS_DRAMP_DRAMP38078,0.07125499099493027
POS_DRAMP_DRAMP38088,0.9146882891654968
POS_DRAMP_DRAMP38090,0.18429183959960938
POS_DRAMP_DRAMP38961,0.9999504089355469
POS_DRAMP_DRAMP38979,
POS_DRAMP_DRAMP38981,0.5686479210853577
POS_DRAMP_DRAMP38987,0.9960028529167175
POS_DRAMP_DRAMP39007,0.9999768137931824
POS_DRAMP_DRAMP39023,0.9936884641647339
POS_DRAMP_DRAMP39025,0.44545459747314453
POS_DRAMP_DRAMP39026,0.9990553855895996
POS_DRAMP_DRAMP39034,9.252451854990795e-05
POS_DRAMP_DRAMP39040,
POS_DRAMP_DRAMP39042,0.9997046589851379
POS_DRAMP_DRAMP39046,
POS_DRAMP_DRAMP39049,0.9995086789131165
POS_DRAMP_DRAMP39055,0.9915993809700012
POS_DRAMP_DRAMP39079,0.998404324054718
POS_DRAMP_DRAMP39083,0.01122722215950489
POS_DRAMP_DRAMP39084,0.007983986288309097
POS_DRAMP_DRAMP39116,0.9999305009841919
POS_DRAMP_DRAMP39129,3.331460175104439e-05
POS_DRAMP_DRAMP39130,0.16654792428016663
POS_DRAMP_DRAMP39157,0.9999185800552368
POS_DRAMP_DRAMP39161,0.9926550984382629
POS_DRAMP_DRAMP39173,
POS_DRAMP_DRAMP39176,
POS_DRAMP_DRAMP39230,0.9955011606216431
POS_DRAMP_DRAMP39259,0.9999664425849915
POS_DRAMP_DRAMP39260,0.9997411966323853
POS_DRAMP_DRAMP39261,0.9998167157173157
POS_DRAMP_DRAMP39265,0.9999994039535522
POS_DRAMP_DRAMP39266,0.9999992251396179
POS_DRAMP_DRAMP39276,0.9206468462944031
POS_DRAMP_DRAMP39284,0.9983131289482117
POS_DRAMP_DRAMP39304,
POS_DRAMP_DRAMP39305,
POS_DRAMP_DRAMP39306,
POS_DRAMP_DRAMP39317,0.30528363585472107
POS_DRAMP_DRAMP39320,0.6661782264709473
POS_DRAMP_DRAMP39323,0.01077515259385109
POS_DRAMP_DRAMP39330,7.665049633942544e-05
POS_DRAMP_DRAMP39331,0.9999669790267944
POS_DRAMP_DRAMP39332,0.9999462366104126
POS_DRAMP_DRAMP39333,0.9999977350234985
POS_DRAMP_DRAMP39334,0.9950071573257446
POS_DRAMP_DRAMP39335,0.9999793171882629
POS_DRAMP_DRAMP39336,0.999842643737793
POS_DRAMP_DRAMP39338,
POS_DRAMP_DRAMP39350,0.30147650837898254
POS_DRAMP_DRAMP39364,0.039127565920352936
POS_DRAMP_DRAMP39392,
POS_DRAMP_DRAMP39397,0.9999704360961914
POS_DRAMP_DRAMP39400,0.9312912821769714
