id,p_macrel
NEG_AMPLIFY_teNEGATIVE0003,1.1920928955078125e-07
NEG_AMPLIFY_teNEGATIVE0009,0.03960418701171875
NEG_AMPLIFY_teNEGATIVE0023,0.1188119649887085
NEG_AMPLIFY_teNEGATIVE0027,1.1920928955078125e-07
NEG_AMPLIFY_teNEGATIVE0029,0.04950511455535889
NEG_AMPLIFY_teNEGATIVE0040,1.1920928955078125e-07
NEG_AMPLIFY_teNEGATIVE0066,1.1920928955078125e-07
NEG_AMPLIFY_teNEGATIVE0077,0.03960418701171875
NEG_AMPLIFY_teNEGATIVE0090,1.1920928955078125e-07
NEG_AMPLIFY_teNEGATIVE0096,0.009901165962219238
NEG_AMPLIFY_teNEGATIVE0118,0.08910906314849854
NEG_AMPLIFY_teNEGATIVE0136,0.009901165962219238
NEG_AMPLIFY_teNEGATIVE0137,0.20792090892791748
NEG_AMPLIFY_teNEGATIVE0138,0.603960394859314
NEG_AMPLIFY_teNEGATIVE0161,0.29702985286712646
NEG_AMPLIFY_teNEGATIVE0188,1.1920928955078125e-07
NEG_AMPLIFY_teNEGATIVE0189,0.029703140258789062
NEG_AMPLIFY_teNEGATIVE0192,0.34653472900390625
NEG_AMPLIFY_teNEGATIVE0202,0.029703140258789062
NEG_AMPLIFY_teNEGATIVE0221,0.07920801639556885
NEG_AMPLIFY_teNEGATIVE0227,0.07920801639556885
NEG_AMPLIFY_teNEGATIVE0228,0.19801998138427734
NEG_AMPLIFY_teNEGATIVE0237,0.13861405849456787
NEG_AMPLIFY_teNEGATIVE0240,0.019802093505859375
NEG_AMPLIFY_teNEGATIVE0241,0.11881208419799805
NEG_AMPLIFY_teNEGATIVE0243,0.029703140258789062
NEG_AMPLIFY_teNEGATIVE0254,0.2277228832244873
NEG_AMPLIFY_teNEGATIVE0255,0.019802093505859375
NEG_AMPLIFY_teNEGATIVE0282,0.019802212715148926
NEG_AMPLIFY_teNEGATIVE0284,0.029703140258789062
NEG_AMPLIFY_teNEGATIVE0300,0.059406161308288574
NEG_AMPLIFY_teNEGATIVE0301,0.009901165962219238
NEG_AMPLIFY_teNEGATIVE0303,0.019802093505859375
NEG_AMPLIFY_teNEGATIVE0306,0.009901165962219238
NEG_AMPLIFY_teNEGATIVE0308,0.019802212715148926
NEG_AMPLIFY_teNEGATIVE0309,0.019802093505859375
NEG_AMPLIFY_teNEGATIVE0313,0.11881208419799805
NEG_AMPLIFY_teNEGATIVE0316,0.009901165962219238
NEG_AMPLIFY_teNEGATIVE0320,0.12871301174163818
NEG_AMPLIFY_teNEGATIVE0329,0.029703140258789062
NEG_AMPLIFY_teNEGATIVE0332,0.10891103744506836
NEG_AMPLIFY_teNEGATIVE0340,0.7029703259468079
NEG_AMPLIFY_teNEGATIVE0341,0.237623929977417
NEG_AMPLIFY_teNEGATIVE0345,0.009901165962219238
NEG_AMPLIFY_teNEGATIVE0381,0.009901165962219238
NEG_AMPLIFY_teNEGATIVE0402,0.04950511455535889
NEG_AMPLIFY_teNEGATIVE0404,0.1584160327911377
NEG_AMPLIFY_teNEGATIVE0411,0.0396040678024292
NEG_AMPLIFY_teNEGATIVE0419,0.009901165962219238
NEG_AMPLIFY_teNEGATIVE0425,1.1920928955078125e-07
NEG_AMPLIFY_teNEGATIVE0426,0.03960418701171875
NEG_AMPLIFY_teNEGATIVE0431,0.029703140258789062
NEG_AMPLIFY_teNEGATIVE0440,0.019802093505859375
NEG_AMPLIFY_teNEGATIVE0442,0.06930708885192871
NEG_AMPLIFY_teNEGATIVE0447,0.04950511455535889
NEG_AMPLIFY_teNEGATIVE0451,0.009901165962219238
NEG_AMPLIFY_teNEGATIVE0463,0.04950511455535889
NEG_AMPLIFY_teNEGATIVE0471,0.03960418701171875
NEG_AMPLIFY_teNEGATIVE0474,0.06930708885192871
NEG_AMPLIFY_teNEGATIVE0483,0.10891103744506836
NEG_AMPLIFY_teNEGATIVE0486,1.1920928955078125e-07
NEG_AMPLIFY_teNEGATIVE0488,0.019802093505859375
NEG_AMPLIFY_teNEGATIVE0491,0.10891103744506836
NEG_AMPLIFY_teNEGATIVE0501,1.1920928955078125e-07
NEG_AMPLIFY_teNEGATIVE0506,0.08910906314849854
NEG_AMPLIFY_teNEGATIVE0507,0.07920801639556885
NEG_AMPLIFY_teNEGATIVE0511,0.5841584205627441
NEG_AMPLIFY_teNEGATIVE0516,0.029703140258789062
NEG_AMPLIFY_teNEGATIVE0517,0.0792081356048584
NEG_AMPLIFY_teNEGATIVE0519,0.24752485752105713
NEG_AMPLIFY_teNEGATIVE0520,0.059406161308288574
NEG_AMPLIFY_teNEGATIVE0523,0.5940594673156738
NEG_AMPLIFY_teNEGATIVE0526,0.019802093505859375
NEG_AMPLIFY_teNEGATIVE0530,0.11881208419799805
NEG_AMPLIFY_teNEGATIVE0543,0.10891103744506836
NEG_AMPLIFY_teNEGATIVE0548,0.07920801639556885
NEG_AMPLIFY_teNEGATIVE0562,0.019802093505859375
NEG_AMPLIFY_teNEGATIVE0568,0.06930708885192871
NEG_AMPLIFY_teNEGATIVE0572,1.1920928955078125e-07
NEG_AMPLIFY_teNEGATIVE0573,0.08910906314849854
NEG_AMPLIFY_teNEGATIVE0604,1.1920928955078125e-07
NEG_AMPLIFY_teNEGATIVE0615,0.05940604209899902
NEG_AMPLIFY_teNEGATIVE0622,0.059406161308288574
NEG_AMPLIFY_teNEGATIVE0635,0.19801998138427734
NEG_AMPLIFY_teNEGATIVE0636,1.1920928955078125e-07
NEG_AMPLIFY_teNEGATIVE0643,0.009901165962219238
NEG_AMPLIFY_teNEGATIVE0655,0.08910906314849854
NEG_AMPLIFY_teNEGATIVE0657,0.0792081356048584
NEG_AMPLIFY_teNEGATIVE0661,0.05940604209899902
NEG_AMPLIFY_teNEGATIVE0675,1.1920928955078125e-07
NEG_AMPLIFY_teNEGATIVE0677,0.12871301174163818
NEG_AMPLIFY_teNEGATIVE0678,0.009901165962219238
NEG_AMPLIFY_teNEGATIVE0680,0.019802212715148926
NEG_AMPLIFY_teNEGATIVE0683,0.10891103744506836
NEG_AMPLIFY_teNEGATIVE0704,0.04950511455535889
NEG_AMPLIFY_teNEGATIVE0708,0.0792081356048584
NEG_AMPLIFY_teNEGATIVE0712,0.08910906314849854
NEG_AMPLIFY_teNEGATIVE0726,1.1920928955078125e-07
NEG_AMPLIFY_teNEGATIVE0742,0.029703140258789062
NEG_AMPLIFY_teNEGATIVE0749,1.1920928955078125e-07
NEG_AMPLIFY_teNEGATIVE0756,0.009901165962219238
NEG_AMPLIFY_teNEGATIVE0772,1.1920928955078125e-07
NEG_AMPLIFY_teNEGATIVE0773,1.1920928955078125e-07
NEG_AMPLIFY_teNEGATIVE0783,0.009901165962219238
NEG_AMPLIFY_teNEGATIVE0786,0.21782195568084717
NEG_AMPLIFY_teNEGATIVE0791,1.1920928955078125e-07
NEG_AMPLIFY_teNEGATIVE0830,0.04950511455535889
NEG_AMPLIFY_teNEGATIVE0832,0.019802093505859375
NEG_AMPLIFY_teNEGATIVE0833,0.04950511455535889
NEG_AMPLIFY_trNEGATIVE0010,0.04950511455535889
NEG_AMPLIFY_trNEGATIVE0021,0.6237623691558838
NEG_AMPLIFY_trNEGATIVE0028,1.1920928955078125e-07
NEG_AMPLIFY_trNEGATIVE0035,0.13861405849456787
NEG_AMPLIFY_trNEGATIVE0044,1.1920928955078125e-07
NEG_AMPLIFY_trNEGATIVE0048,0.029703140258789062
NEG_AMPLIFY_trNEGATIVE0060,1.1920928955078125e-07
NEG_AMPLIFY_trNEGATIVE0064,1.1920928955078125e-07
NEG_AMPLIFY_trNEGATIVE0073,1.1920928955078125e-07
NEG_AMPLIFY_trNEGATIVE0075,0.019802212715148926
NEG_AMPLIFY_trNEGATIVE0092,0.13861393928527832
NEG_AMPLIFY_trNEGATIVE0105,0.009901165962219238
NEG_AMPLIFY_trNEGATIVE0108,0.1980198621749878
NEG_AMPLIFY_trNEGATIVE0109,0.019802212715148926
NEG_AMPLIFY_trNEGATIVE0111,0.27722787857055664
NEG_AMPLIFY_trNEGATIVE0119,0.059406161308288574
NEG_AMPLIFY_trNEGATIVE0128,0.1584160327911377
NEG_AMPLIFY_trNEGATIVE0132,0.009901165962219238
NEG_AMPLIFY_trNEGATIVE0136,0.148514986038208
NEG_AMPLIFY_trNEGATIVE0154,0.04950511455535889
NEG_AMPLIFY_trNEGATIVE0160,0.12871301174163818
NEG_AMPLIFY_trNEGATIVE0162,0.04950511455535889
NEG_AMPLIFY_trNEGATIVE0163,0.009901165962219238
NEG_AMPLIFY_trNEGATIVE0169,0.12871301174163818
NEG_AMPLIFY_trNEGATIVE0195,0.019802212715148926
NEG_AMPLIFY_trNEGATIVE0216,0.009901165962219238
NEG_AMPLIFY_trNEGATIVE0224,1.1920928955078125e-07
NEG_AMPLIFY_trNEGATIVE0250,0.06930708885192871
NEG_AMPLIFY_trNEGATIVE0255,0.059406161308288574
NEG_AMPLIFY_trNEGATIVE0257,0.148514986038208
NEG_AMPLIFY_trNEGATIVE0259,0.08910906314849854
NEG_AMPLIFY_trNEGATIVE0261,0.4059406518936157
NEG_AMPLIFY_trNEGATIVE0265,0.029703140258789062
NEG_AMPLIFY_trNEGATIVE0267,0.21782195568084717
NEG_AMPLIFY_trNEGATIVE0273,0.18811893463134766
NEG_AMPLIFY_trNEGATIVE0277,0.0396040678024292
NEG_AMPLIFY_trNEGATIVE0278,0.25742578506469727
NEG_AMPLIFY_trNEGATIVE0279,1.1920928955078125e-07
NEG_AMPLIFY_trNEGATIVE0281,0.35643571615219116
NEG_AMPLIFY_trNEGATIVE0282,0.1584160327911377
NEG_AMPLIFY_trNEGATIVE0289,0.08910906314849854
NEG_AMPLIFY_trNEGATIVE0294,0.059406161308288574
NEG_AMPLIFY_trNEGATIVE0295,0.05940604209899902
NEG_AMPLIFY_trNEGATIVE0298,0.009901165962219238
NEG_AMPLIFY_trNEGATIVE0302,1.1920928955078125e-07
NEG_AMPLIFY_trNEGATIVE0310,0.09901010990142822
NEG_AMPLIFY_trNEGATIVE0319,0.029703140258789062
NEG_AMPLIFY_trNEGATIVE0324,0.7227723002433777
NEG_AMPLIFY_trNEGATIVE0325,0.059406161308288574
NEG_AMPLIFY_trNEGATIVE0328,0.059406161308288574
NEG_AMPLIFY_trNEGATIVE0330,0.05940604209899902
NEG_AMPLIFY_trNEGATIVE0336,0.06930708885192871
NEG_AMPLIFY_trNEGATIVE03367,1.1920928955078125e-07
NEG_AMPLIFY_trNEGATIVE03371,1.1920928955078125e-07
NEG_AMPLIFY_trNEGATIVE0338,0.08910906314849854
NEG_AMPLIFY_trNEGATIVE03388,1.1920928955078125e-07
NEG_AMPLIFY_trNEGATIVE03413,1.1920928955078125e-07
NEG_AMPLIFY_trNEGATIVE03453,1.1920928955078125e-07
NEG_AMPLIFY_trNEGATIVE03455,1.1920928955078125e-07
NEG_AMPLIFY_trNEGATIVE03461,0.019802093505859375
NEG_AMPLIFY_trNEGATIVE03464,1.1920928955078125e-07
NEG_AMPLIFY_trNEGATIVE0347,0.06930708885192871
NEG_AMPLIFY_trNEGATIVE0348,1.1920928955078125e-07
NEG_AMPLIFY_trNEGATIVE03481,1.1920928955078125e-07
NEG_AMPLIFY_trNEGATIVE03496,1.1920928955078125e-07
NEG_AMPLIFY_trNEGATIVE03501,1.1920928955078125e-07
NEG_AMPLIFY_trNEGATIVE03502,1.1920928955078125e-07
NEG_AMPLIFY_trNEGATIVE03515,0.029703140258789062
NEG_AMPLIFY_trNEGATIVE03521,0.009901165962219238
NEG_AMPLIFY_trNEGATIVE03531,0.009901165962219238
NEG_AMPLIFY_trNEGATIVE03558,1.1920928955078125e-07
NEG_AMPLIFY_trNEGATIVE03559,1.1920928955078125e-07
NEG_AMPLIFY_trNEGATIVE03563,1.1920928955078125e-07
NEG_AMPLIFY_trNEGATIVE03566,1.1920928955078125e-07
NEG_AMPLIFY_trNEGATIVE03586,0.019802212715148926
NEG_AMPLIFY_trNEGATIVE03614,1.1920928955078125e-07
NEG_AMPLIFY_trNEGATIVE0362,0.009901165962219238
NEG_AMPLIFY_trNEGATIVE03685,0.04950511455535889
NEG_AMPLIFY_trNEGATIVE0370,0.148514986038208
NEG_AMPLIFY_trNEGATIVE0371,0.15841591358184814
NEG_AMPLIFY_trNEGATIVE0372,0.009901165962219238
NEG_AMPLIFY_trNEGATIVE0376,0.10891103744506836
NEG_AMPLIFY_trNEGATIVE03782,1.1920928955078125e-07
NEG_AMPLIFY_trNEGATIVE0379,0.11881208419799805
NEG_AMPLIFY_trNEGATIVE03814,1.1920928955078125e-07
NEG_AMPLIFY_trNEGATIVE0382,0.0396040678024292
NEG_AMPLIFY_trNEGATIVE0386,0.4653465747833252
NEG_AMPLIFY_trNEGATIVE03871,0.09901010990142822
NEG_AMPLIFY_trNEGATIVE03888,1.1920928955078125e-07
NEG_AMPLIFY_trNEGATIVE03889,0.019802212715148926
NEG_AMPLIFY_trNEGATIVE03894,1.1920928955078125e-07
NEG_AMPLIFY_trNEGATIVE03897,0.10891103744506836
NEG_AMPLIFY_trNEGATIVE03909,1.1920928955078125e-07
NEG_AMPLIFY_trNEGATIVE0392,0.12871301174163818
NEG_AMPLIFY_trNEGATIVE03933,0.009901165962219238
NEG_AMPLIFY_trNEGATIVE03934,1.1920928955078125e-07
NEG_AMPLIFY_trNEGATIVE03950,1.1920928955078125e-07
NEG_AMPLIFY_trNEGATIVE03963,1.1920928955078125e-07
NEG_AMPLIFY_trNEGATIVE0401,0.4653465747833252
NEG_AMPLIFY_trNEGATIVE04029,1.1920928955078125e-07
NEG_AMPLIFY_trNEGATIVE04034,1.1920928955078125e-07
NEG_AMPLIFY_trNEGATIVE0406,0.17821800708770752
NEG_AMPLIFY_trNEGATIVE04093,0.009901165962219238
NEG_AMPLIFY_trNEGATIVE0410,0.09901010990142822
NEG_AMPLIFY_trNEGATIVE0411,0.29702985286712646
NEG_AMPLIFY_trNEGATIVE04146,1.1920928955078125e-07
NEG_AMPLIFY_trNEGATIVE0415,0.04950511455535889
NEG_AMPLIFY_trNEGATIVE04157,1.1920928955078125e-07
NEG_AMPLIFY_trNEGATIVE04187,0.019802093505859375
NEG_AMPLIFY_trNEGATIVE04191,1.1920928955078125e-07
NEG_AMPLIFY_trNEGATIVE04192,1.1920928955078125e-07
NEG_AMPLIFY_trNEGATIVE04213,1.1920928955078125e-07
NEG_AMPLIFY_trNEGATIVE04228,1.1920928955078125e-07
NEG_AMPLIFY_trNEGATIVE04269,1.1920928955078125e-07
NEG_AMPLIFY_trNEGATIVE04325,0.009901165962219238
NEG_AMPLIFY_trNEGATIVE04328,1.1920928955078125e-07
NEG_AMPLIFY_trNEGATIVE04378,0.019802093505859375
NEG_AMPLIFY_trNEGATIVE0447,0.009901165962219238
NEG_AMPLIFY_trNEGATIVE04521,1.1920928955078125e-07
NEG_AMPLIFY_trNEGATIVE04533,0.08910906314849854
NEG_AMPLIFY_trNEGATIVE04540,1.1920928955078125e-07
NEG_AMPLIFY_trNEGATIVE0455,0.7227722406387329
NEG_AMPLIFY_trNEGATIVE04588,1.1920928955078125e-07
NEG_AMPLIFY_trNEGATIVE04602,1.1920928955078125e-07
NEG_AMPLIFY_trNEGATIVE04616,1.1920928955078125e-07
NEG_AMPLIFY_trNEGATIVE04627,1.1920928955078125e-07
NEG_AMPLIFY_trNEGATIVE04641,0.009901165962219238
NEG_AMPLIFY_trNEGATIVE04645,0.019802093505859375
NEG_AMPLIFY_trNEGATIVE04646,0.019802212715148926
NEG_AMPLIFY_trNEGATIVE04649,1.1920928955078125e-07
NEG_AMPLIFY_trNEGATIVE04654,1.1920928955078125e-07
NEG_AMPLIFY_trNEGATIVE04656,1.1920928955078125e-07
NEG_AMPLIFY_trNEGATIVE04710,1.1920928955078125e-07
NEG_AMPLIFY_trNEGATIVE04747,1.1920928955078125e-07
NEG_AMPLIFY_trNEGATIVE04824,1.1920928955078125e-07
NEG_AMPLIFY_trNEGATIVE0483,0.059406161308288574
NEG_AMPLIFY_trNEGATIVE0485,0.376237690448761
NEG_AMPLIFY_trNEGATIVE04853,1.1920928955078125e-07
NEG_AMPLIFY_trNEGATIVE0486,0.04950511455535889
NEG_AMPLIFY_trNEGATIVE0487,0.0396040678024292
NEG_AMPLIFY_trNEGATIVE04875,0.009901165962219238
NEG_AMPLIFY_trNEGATIVE04889,0.009901165962219238
NEG_AMPLIFY_trNEGATIVE04896,1.1920928955078125e-07
NEG_AMPLIFY_trNEGATIVE04902,0.04950511455535889
NEG_AMPLIFY_trNEGATIVE04924,1.1920928955078125e-07
NEG_AMPLIFY_trNEGATIVE0505,0.5940594673156738
NEG_AMPLIFY_trNEGATIVE05103,1.1920928955078125e-07
NEG_AMPLIFY_trNEGATIVE05130,1.1920928955078125e-07
NEG_AMPLIFY_trNEGATIVE05144,1.1920928955078125e-07
NEG_AMPLIFY_trNEGATIVE0516,0.10891103744506836
NEG_AMPLIFY_trNEGATIVE05164,0.009901165962219238
NEG_AMPLIFY_trNEGATIVE0521,0.04950511455535889
NEG_AMPLIFY_trNEGATIVE0523,0.34653472900390625
NEG_AMPLIFY_trNEGATIVE05239,1.1920928955078125e-07
NEG_AMPLIFY_trNEGATIVE0524,0.009901165962219238
NEG_AMPLIFY_trNEGATIVE0526,0.06930708885192871
NEG_AMPLIFY_trNEGATIVE05262,1.1920928955078125e-07
NEG_AMPLIFY_trNEGATIVE0529,0.019802212715148926
NEG_AMPLIFY_trNEGATIVE05325,0.009901165962219238
NEG_AMPLIFY_trNEGATIVE05334,0.009901165962219238
NEG_AMPLIFY_trNEGATIVE05368,1.1920928955078125e-07
NEG_AMPLIFY_trNEGATIVE05371,0.059406161308288574
NEG_AMPLIFY_trNEGATIVE05406,0.009901165962219238
NEG_AMPLIFY_trNEGATIVE05431,1.1920928955078125e-07
NEG_AMPLIFY_trNEGATIVE05445,0.2277228832244873
NEG_AMPLIFY_trNEGATIVE05450,1.1920928955078125e-07
NEG_AMPLIFY_trNEGATIVE05461,1.1920928955078125e-07
NEG_AMPLIFY_trNEGATIVE05463,0.019802093505859375
NEG_AMPLIFY_trNEGATIVE05473,1.1920928955078125e-07
NEG_AMPLIFY_trNEGATIVE0548,0.10891103744506836
NEG_AMPLIFY_trNEGATIVE05484,1.1920928955078125e-07
NEG_AMPLIFY_trNEGATIVE05544,1.1920928955078125e-07
NEG_AMPLIFY_trNEGATIVE05564,1.1920928955078125e-07
NEG_AMPLIFY_trNEGATIVE0557,0.009901165962219238
NEG_AMPLIFY_trNEGATIVE05624,1.1920928955078125e-07
NEG_AMPLIFY_trNEGATIVE05636,0.0049506425857543945
NEG_AMPLIFY_trNEGATIVE05643,0.08910906314849854
NEG_AMPLIFY_trNEGATIVE0565,0.029703140258789062
NEG_AMPLIFY_trNEGATIVE05651,0.12871301174163818
NEG_AMPLIFY_trNEGATIVE05652,1.1920928955078125e-07
NEG_AMPLIFY_trNEGATIVE0567,0.0396040678024292
NEG_AMPLIFY_trNEGATIVE05697,1.1920928955078125e-07
NEG_AMPLIFY_trNEGATIVE0572,0.0792081356048584
NEG_AMPLIFY_trNEGATIVE05757,1.1920928955078125e-07
NEG_AMPLIFY_trNEGATIVE0576,0.04950511455535889
NEG_AMPLIFY_trNEGATIVE0578,0.7029702663421631
NEG_AMPLIFY_trNEGATIVE05788,0.17821788787841797
NEG_AMPLIFY_trNEGATIVE05829,0.009901165962219238
NEG_AMPLIFY_trNEGATIVE05882,0.009901165962219238
NEG_AMPLIFY_trNEGATIVE05889,1.1920928955078125e-07
NEG_AMPLIFY_trNEGATIVE0589,0.009901165962219238
NEG_AMPLIFY_trNEGATIVE05917,1.1920928955078125e-07
NEG_AMPLIFY_trNEGATIVE05952,1.1920928955078125e-07
NEG_AMPLIFY_trNEGATIVE0597,0.029703140258789062
NEG_AMPLIFY_trNEGATIVE06028,1.1920928955078125e-07
NEG_AMPLIFY_trNEGATIVE06043,1.1920928955078125e-07
NEG_AMPLIFY_trNEGATIVE06063,1.1920928955078125e-07
NEG_AMPLIFY_trNEGATIVE06071,1.1920928955078125e-07
NEG_AMPLIFY_trNEGATIVE06117,0.019802093505859375
NEG_AMPLIFY_trNEGATIVE06120,0.09901010990142822
NEG_AMPLIFY_trNEGATIVE06121,0.029703140258789062
NEG_AMPLIFY_trNEGATIVE06123,0.009901165962219238
NEG_AMPLIFY_trNEGATIVE06144,0.009901165962219238
NEG_AMPLIFY_trNEGATIVE06152,1.1920928955078125e-07
NEG_AMPLIFY_trNEGATIVE06172,0.029703140258789062
NEG_AMPLIFY_trNEGATIVE06199,0.019802093505859375
NEG_AMPLIFY_trNEGATIVE06236,1.1920928955078125e-07
NEG_AMPLIFY_trNEGATIVE06238,1.1920928955078125e-07
NEG_AMPLIFY_trNEGATIVE0624,0.5049505233764648
NEG_AMPLIFY_trNEGATIVE06277,1.1920928955078125e-07
NEG_AMPLIFY_trNEGATIVE06283,0.08910906314849854
NEG_AMPLIFY_trNEGATIVE06305,0.0396040678024292
NEG_AMPLIFY_trNEGATIVE06369,1.1920928955078125e-07
NEG_AMPLIFY_trNEGATIVE06384,0.009901165962219238
NEG_AMPLIFY_trNEGATIVE0640,0.0396040678024292
NEG_AMPLIFY_trNEGATIVE06401,1.1920928955078125e-07
NEG_AMPLIFY_trNEGATIVE06479,1.1920928955078125e-07
NEG_AMPLIFY_trNEGATIVE06489,1.1920928955078125e-07
NEG_AMPLIFY_trNEGATIVE0650,0.15841591358184814
NEG_AMPLIFY_trNEGATIVE06502,1.1920928955078125e-07
NEG_AMPLIFY_trNEGATIVE0652,1.1920928955078125e-07
NEG_AMPLIFY_trNEGATIVE06523,0.05940604209899902
NEG_AMPLIFY_trNEGATIVE0656,0.009901165962219238
NEG_AMPLIFY_trNEGATIVE06569,1.1920928955078125e-07
NEG_AMPLIFY_trNEGATIVE06574,1.1920928955078125e-07
NEG_AMPLIFY_trNEGATIVE06579,1.1920928955078125e-07
NEG_AMPLIFY_trNEGATIVE0660,1.1920928955078125e-07
NEG_AMPLIFY_trNEGATIVE0661,0.019802093505859375
NEG_AMPLIFY_trNEGATIVE0667,0.029703140258789062
NEG_AMPLIFY_trNEGATIVE0668,1.1920928955078125e-07
NEG_AMPLIFY_trNEGATIVE06680,0.0396040678024292
NEG_AMPLIFY_trNEGATIVE0672,0.019802093505859375
NEG_AMPLIFY_trNEGATIVE06725,1.1920928955078125e-07
NEG_AMPLIFY_trNEGATIVE0673,0.148514986038208
NEG_AMPLIFY_trNEGATIVE06730,0.009901165962219238
NEG_AMPLIFY_trNEGATIVE06767,0.04950511455535889
NEG_AMPLIFY_trNEGATIVE06779,0.029703140258789062
NEG_AMPLIFY_trNEGATIVE06800,1.1920928955078125e-07
NEG_AMPLIFY_trNEGATIVE06824,1.1920928955078125e-07
NEG_AMPLIFY_trNEGATIVE06854,0.10891103744506836
NEG_AMPLIFY_trNEGATIVE0687,0.019802093505859375
NEG_AMPLIFY_trNEGATIVE06880,1.1920928955078125e-07
NEG_AMPLIFY_trNEGATIVE06893,1.1920928955078125e-07
NEG_AMPLIFY_trNEGATIVE06907,1.1920928955078125e-07
NEG_AMPLIFY_trNEGATIVE06910,1.1920928955078125e-07
NEG_AMPLIFY_trNEGATIVE06958,0.009901165962219238
NEG_AMPLIFY_trNEGATIVE06961,0.019802093505859375
NEG_AMPLIFY_trNEGATIVE06977,1.1920928955078125e-07
NEG_AMPLIFY_trNEGATIVE07027,1.1920928955078125e-07
NEG_AMPLIFY_trNEGATIVE0706,0.04950511455535889
NEG_AMPLIFY_trNEGATIVE0707,0.029703140258789062
NEG_AMPLIFY_trNEGATIVE07085,0.019802212715148926
NEG_AMPLIFY_trNEGATIVE07093,1.1920928955078125e-07
NEG_AMPLIFY_trNEGATIVE0710,0.009901165962219238
NEG_AMPLIFY_trNEGATIVE07125,1.1920928955078125e-07
NEG_AMPLIFY_trNEGATIVE0713,0.0396040678024292
NEG_AMPLIFY_trNEGATIVE07210,0.009901165962219238
NEG_AMPLIFY_trNEGATIVE07218,0.03960418701171875
NEG_AMPLIFY_trNEGATIVE07240,0.03960418701171875
NEG_AMPLIFY_trNEGATIVE07243,1.1920928955078125e-07
NEG_AMPLIFY_trNEGATIVE0725,0.05940604209899902
NEG_AMPLIFY_trNEGATIVE07258,1.1920928955078125e-07
NEG_AMPLIFY_trNEGATIVE0726,1.1920928955078125e-07
NEG_AMPLIFY_trNEGATIVE07266,0.009901165962219238
NEG_AMPLIFY_trNEGATIVE07285,0.029703140258789062
NEG_AMPLIFY_trNEGATIVE07302,1.1920928955078125e-07
NEG_AMPLIFY_trNEGATIVE0732,0.009901165962219238
NEG_AMPLIFY_trNEGATIVE07322,1.1920928955078125e-07
NEG_AMPLIFY_trNEGATIVE0734,0.04950511455535889
NEG_AMPLIFY_trNEGATIVE0738,1.1920928955078125e-07
NEG_AMPLIFY_trNEGATIVE07418,0.009901165962219238
NEG_AMPLIFY_trNEGATIVE07430,0.009901165962219238
NEG_AMPLIFY_trNEGATIVE07490,0.019802212715148926
NEG_AMPLIFY_trNEGATIVE07504,0.04950511455535889
NEG_AMPLIFY_trNEGATIVE07510,1.1920928955078125e-07
NEG_AMPLIFY_trNEGATIVE07521,1.1920928955078125e-07
NEG_AMPLIFY_trNEGATIVE0753,0.12871301174163818
NEG_AMPLIFY_trNEGATIVE07532,1.1920928955078125e-07
NEG_AMPLIFY_trNEGATIVE07541,0.029703140258789062
NEG_AMPLIFY_trNEGATIVE07544,1.1920928955078125e-07
NEG_AMPLIFY_trNEGATIVE07549,1.1920928955078125e-07
NEG_AMPLIFY_trNEGATIVE0758,0.019802093505859375
NEG_AMPLIFY_trNEGATIVE07591,0.07920801639556885
NEG_AMPLIFY_trNEGATIVE07632,1.1920928955078125e-07
NEG_AMPLIFY_trNEGATIVE07633,1.1920928955078125e-07
NEG_AMPLIFY_trNEGATIVE07638,1.1920928955078125e-07
NEG_AMPLIFY_trNEGATIVE07712,1.1920928955078125e-07
NEG_AMPLIFY_trNEGATIVE0777,0.16831696033477783
NEG_AMPLIFY_trNEGATIVE07793,1.1920928955078125e-07
NEG_AMPLIFY_trNEGATIVE0780,0.26732683181762695
NEG_AMPLIFY_trNEGATIVE07825,1.1920928955078125e-07
NEG_AMPLIFY_trNEGATIVE07831,1.1920928955078125e-07
NEG_AMPLIFY_trNEGATIVE07860,1.1920928955078125e-07
NEG_AMPLIFY_trNEGATIVE07863,1.1920928955078125e-07
NEG_AMPLIFY_trNEGATIVE07869,1.1920928955078125e-07
NEG_AMPLIFY_trNEGATIVE07901,0.009901165962219238
NEG_AMPLIFY_trNEGATIVE07915,0.019802212715148926
NEG_AMPLIFY_trNEGATIVE07917,1.1920928955078125e-07
NEG_AMPLIFY_trNEGATIVE07943,1.1920928955078125e-07
NEG_AMPLIFY_trNEGATIVE0797,0.029703140258789062
NEG_AMPLIFY_trNEGATIVE07981,1.1920928955078125e-07
NEG_AMPLIFY_trNEGATIVE07991,1.1920928955078125e-07
NEG_AMPLIFY_trNEGATIVE08007,1.1920928955078125e-07
NEG_AMPLIFY_trNEGATIVE08008,1.1920928955078125e-07
NEG_AMPLIFY_trNEGATIVE08025,0.009901165962219238
NEG_AMPLIFY_trNEGATIVE08050,1.1920928955078125e-07
NEG_AMPLIFY_trNEGATIVE08057,1.1920928955078125e-07
NEG_AMPLIFY_trNEGATIVE08075,0.019802212715148926
NEG_AMPLIFY_trNEGATIVE0808,0.059406161308288574
NEG_AMPLIFY_trNEGATIVE08136,1.1920928955078125e-07
NEG_AMPLIFY_trNEGATIVE08154,1.1920928955078125e-07
NEG_AMPLIFY_trNEGATIVE08162,1.1920928955078125e-07
NEG_AMPLIFY_trNEGATIVE08199,1.1920928955078125e-07
NEG_AMPLIFY_trNEGATIVE08206,0.0792081356048584
NEG_AMPLIFY_trNEGATIVE0821,0.009901165962219238
NEG_AMPLIFY_trNEGATIVE08212,1.1920928955078125e-07
NEG_AMPLIFY_trNEGATIVE0822,1.1920928955078125e-07
NEG_AMPLIFY_trNEGATIVE08222,0.009901165962219238
NEG_AMPLIFY_trNEGATIVE08223,1.1920928955078125e-07
NEG_AMPLIFY_trNEGATIVE0825,0.029703140258789062
NEG_AMPLIFY_trNEGATIVE08253,1.1920928955078125e-07
NEG_AMPLIFY_trNEGATIVE08266,1.1920928955078125e-07
NEG_AMPLIFY_trNEGATIVE0827,0.1188119649887085
NEG_AMPLIFY_trNEGATIVE0832,0.5643564462661743
NEG_AMPLIFY_trNEGATIVE08320,0.029703140258789062
NEG_AMPLIFY_trNEGATIVE08339,0.30198025703430176
NEG_AMPLIFY_trNEGATIVE0834,0.009901165962219238
NEG_AMPLIFY_trNEGATIVE08349,0.009901165962219238
NEG_AMPLIFY_trNEGATIVE0835,0.10891103744506836
NEG_AMPLIFY_trNEGATIVE08362,1.1920928955078125e-07
NEG_AMPLIFY_trNEGATIVE08366,0.019802093505859375
NEG_AMPLIFY_trNEGATIVE08391,0.009901165962219238
NEG_AMPLIFY_trNEGATIVE08404,1.1920928955078125e-07
NEG_AMPLIFY_trNEGATIVE08408,0.009901165962219238
NEG_AMPLIFY_trNEGATIVE08415,1.1920928955078125e-07
NEG_AMPLIFY_trNEGATIVE08433,1.1920928955078125e-07
NEG_AMPLIFY_trNEGATIVE08442,0.009901165962219238
NEG_AMPLIFY_trNEGATIVE08446,0.009901165962219238
NEG_AMPLIFY_trNEGATIVE0845,0.009901165962219238
NEG_AMPLIFY_trNEGATIVE0846,0.3861386775970459
NEG_AMPLIFY_trNEGATIVE08480,1.1920928955078125e-07
NEG_AMPLIFY_trNEGATIVE08492,0.009901165962219238
NEG_AMPLIFY_trNEGATIVE08501,1.1920928955078125e-07
NEG_AMPLIFY_trNEGATIVE0854,0.019802093505859375
NEG_AMPLIFY_trNEGATIVE08612,1.1920928955078125e-07
NEG_AMPLIFY_trNEGATIVE08616,0.029703140258789062
NEG_AMPLIFY_trNEGATIVE08624,1.1920928955078125e-07
NEG_AMPLIFY_trNEGATIVE08645,1.1920928955078125e-07
NEG_AMPLIFY_trNEGATIVE0866,0.07920801639556885
NEG_AMPLIFY_trNEGATIVE08670,1.1920928955078125e-07
NEG_AMPLIFY_trNEGATIVE08685,1.1920928955078125e-07
NEG_AMPLIFY_trNEGATIVE08690,1.1920928955078125e-07
NEG_AMPLIFY_trNEGATIVE0872,1.1920928955078125e-07
NEG_AMPLIFY_trNEGATIVE08721,1.1920928955078125e-07
NEG_AMPLIFY_trNEGATIVE0873,0.10891103744506836
NEG_AMPLIFY_trNEGATIVE0874,0.148514986038208
NEG_AMPLIFY_trNEGATIVE08745,1.1920928955078125e-07
NEG_AMPLIFY_trNEGATIVE0875,0.04950511455535889
NEG_AMPLIFY_trNEGATIVE08753,1.1920928955078125e-07
NEG_AMPLIFY_trNEGATIVE08810,1.1920928955078125e-07
NEG_AMPLIFY_trNEGATIVE0882,0.07920801639556885
NEG_AMPLIFY_trNEGATIVE08849,1.1920928955078125e-07
NEG_AMPLIFY_trNEGATIVE08860,0.03960418701171875
NEG_AMPLIFY_trNEGATIVE0889,0.1188119649887085
NEG_AMPLIFY_trNEGATIVE08891,1.1920928955078125e-07
NEG_AMPLIFY_trNEGATIVE0891,0.0396040678024292
NEG_AMPLIFY_trNEGATIVE08912,0.019802093505859375
NEG_AMPLIFY_trNEGATIVE0893,0.13861405849456787
NEG_AMPLIFY_trNEGATIVE08938,0.06930708885192871
NEG_AMPLIFY_trNEGATIVE0894,0.06930708885192871
NEG_AMPLIFY_trNEGATIVE0896,0.2277228832244873
NEG_AMPLIFY_trNEGATIVE0901,0.03960418701171875
NEG_AMPLIFY_trNEGATIVE09035,0.009901165962219238
NEG_AMPLIFY_trNEGATIVE09061,0.009901165962219238
NEG_AMPLIFY_trNEGATIVE09076,1.1920928955078125e-07
NEG_AMPLIFY_trNEGATIVE09079,1.1920928955078125e-07
NEG_AMPLIFY_trNEGATIVE0909,0.2277228832244873
NEG_AMPLIFY_trNEGATIVE09114,0.029703140258789062
NEG_AMPLIFY_trNEGATIVE09149,1.1920928955078125e-07
NEG_AMPLIFY_trNEGATIVE0915,0.019802093505859375
NEG_AMPLIFY_trNEGATIVE09195,1.1920928955078125e-07
NEG_AMPLIFY_trNEGATIVE09218,1.1920928955078125e-07
NEG_AMPLIFY_trNEGATIVE09219,1.1920928955078125e-07
NEG_AMPLIFY_trNEGATIVE0925,1.1920928955078125e-07
NEG_AMPLIFY_trNEGATIVE09254,0.04950511455535889
NEG_AMPLIFY_trNEGATIVE09259,1.1920928955078125e-07
NEG_AMPLIFY_trNEGATIVE0926,0.05940604209899902
NEG_AMPLIFY_trNEGATIVE09273,1.1920928955078125e-07
NEG_AMPLIFY_trNEGATIVE0929,0.03960418701171875
NEG_AMPLIFY_trNEGATIVE09298,1.1920928955078125e-07
NEG_AMPLIFY_trNEGATIVE0930,0.06930708885192871
NEG_AMPLIFY_trNEGATIVE0932,1.1920928955078125e-07
NEG_AMPLIFY_trNEGATIVE0933,0.148514986038208
NEG_AMPLIFY_trNEGATIVE09383,1.1920928955078125e-07
NEG_AMPLIFY_trNEGATIVE0942,0.21782195568084717
NEG_AMPLIFY_trNEGATIVE09433,1.1920928955078125e-07
NEG_AMPLIFY_trNEGATIVE09439,1.1920928955078125e-07
NEG_AMPLIFY_trNEGATIVE09456,1.1920928955078125e-07
NEG_AMPLIFY_trNEGATIVE0949,1.1920928955078125e-07
NEG_AMPLIFY_trNEGATIVE09491,1.1920928955078125e-07
NEG_AMPLIFY_trNEGATIVE09525,0.009901165962219238
NEG_AMPLIFY_trNEGATIVE09558,1.1920928955078125e-07
NEG_AMPLIFY_trNEGATIVE0956,1.1920928955078125e-07
NEG_AMPLIFY_trNEGATIVE0959,0.009901165962219238
NEG_AMPLIFY_trNEGATIVE09603,1.1920928955078125e-07
NEG_AMPLIFY_trNEGATIVE0961,0.10891103744506836
NEG_AMPLIFY_trNEGATIVE0962,0.009901165962219238
NEG_AMPLIFY_trNEGATIVE09638,0.019802212715148926
NEG_AMPLIFY_trNEGATIVE0964,1.1920928955078125e-07
NEG_AMPLIFY_trNEGATIVE09655,1.1920928955078125e-07
NEG_AMPLIFY_trNEGATIVE0966,0.029703140258789062
NEG_AMPLIFY_trNEGATIVE09661,1.1920928955078125e-07
NEG_AMPLIFY_trNEGATIVE09705,1.1920928955078125e-07
NEG_AMPLIFY_trNEGATIVE09717,0.009901165962219238
NEG_AMPLIFY_trNEGATIVE09728,0.009901165962219238
NEG_AMPLIFY_trNEGATIVE09765,1.1920928955078125e-07
NEG_AMPLIFY_trNEGATIVE09776,1.1920928955078125e-07
NEG_AMPLIFY_trNEGATIVE09792,1.1920928955078125e-07
NEG_AMPLIFY_trNEGATIVE09812,1.1920928955078125e-07
NEG_AMPLIFY_trNEGATIVE09814,1.1920928955078125e-07
NEG_AMPLIFY_trNEGATIVE09842,1.1920928955078125e-07
NEG_AMPLIFY_trNEGATIVE09862,1.1920928955078125e-07
NEG_AMPLIFY_trNEGATIVE0987,0.07920801639556885
NEG_AMPLIFY_trNEGATIVE09909,1.1920928955078125e-07
NEG_AMPLIFY_trNEGATIVE0992,0.09901010990142822
NEG_AMPLIFY_trNEGATIVE09921,0.04950511455535889
NEG_AMPLIFY_trNEGATIVE09922,1.1920928955078125e-07
NEG_AMPLIFY_trNEGATIVE0994,0.029703140258789062
NEG_AMPLIFY_trNEGATIVE09949,1.1920928955078125e-07
NEG_AMPLIFY_trNEGATIVE09999,1.1920928955078125e-07
NEG_AMPLIFY_trNEGATIVE10007,1.1920928955078125e-07
NEG_AMPLIFY_trNEGATIVE10066,1.1920928955078125e-07
NEG_AMPLIFY_trNEGATIVE10071,0.009901165962219238
NEG_AMPLIFY_trNEGATIVE10118,1.1920928955078125e-07
NEG_AMPLIFY_trNEGATIVE10140,0.009901165962219238
NEG_AMPLIFY_trNEGATIVE10142,0.029703140258789062
NEG_AMPLIFY_trNEGATIVE10176,1.1920928955078125e-07
NEG_AMPLIFY_trNEGATIVE10201,1.1920928955078125e-07
NEG_AMPLIFY_trNEGATIVE1022,1.1920928955078125e-07
NEG_AMPLIFY_trNEGATIVE10222,1.1920928955078125e-07
NEG_AMPLIFY_trNEGATIVE10238,1.1920928955078125e-07
NEG_AMPLIFY_trNEGATIVE10274,1.1920928955078125e-07
NEG_AMPLIFY_trNEGATIVE1032,0.0792081356048584
NEG_AMPLIFY_trNEGATIVE10323,1.1920928955078125e-07
NEG_AMPLIFY_trNEGATIVE1035,0.3267327547073364
NEG_AMPLIFY_trNEGATIVE1037,0.009901165962219238
NEG_AMPLIFY_trNEGATIVE10414,1.1920928955078125e-07
NEG_AMPLIFY_trNEGATIVE10415,0.009901165962219238
NEG_AMPLIFY_trNEGATIVE10426,1.1920928955078125e-07
NEG_AMPLIFY_trNEGATIVE10449,1.1920928955078125e-07
NEG_AMPLIFY_trNEGATIVE10452,1.1920928955078125e-07
NEG_AMPLIFY_trNEGATIVE10458,1.1920928955078125e-07
NEG_AMPLIFY_trNEGATIVE10470,1.1920928955078125e-07
NEG_AMPLIFY_trNEGATIVE10473,1.1920928955078125e-07
NEG_AMPLIFY_trNEGATIVE10483,1.1920928955078125e-07
NEG_AMPLIFY_trNEGATIVE1049,0.09900999069213867
NEG_AMPLIFY_trNEGATIVE10507,1.1920928955078125e-07
NEG_AMPLIFY_trNEGATIVE1053,1.1920928955078125e-07
NEG_AMPLIFY_trNEGATIVE10544,0.029703140258789062
NEG_AMPLIFY_trNEGATIVE1055,1.1920928955078125e-07
NEG_AMPLIFY_trNEGATIVE10555,1.1920928955078125e-07
NEG_AMPLIFY_trNEGATIVE10607,1.1920928955078125e-07
NEG_AMPLIFY_trNEGATIVE10644,0.009901165962219238
NEG_AMPLIFY_trNEGATIVE10646,1.1920928955078125e-07
NEG_AMPLIFY_trNEGATIVE1065,0.13861393928527832
NEG_AMPLIFY_trNEGATIVE1067,0.029703140258789062
NEG_AMPLIFY_trNEGATIVE10721,0.0792081356048584
NEG_AMPLIFY_trNEGATIVE1076,0.019802093505859375
NEG_AMPLIFY_trNEGATIVE10767,0.13861405849456787
NEG_AMPLIFY_trNEGATIVE1077,0.0792081356048584
NEG_AMPLIFY_trNEGATIVE10771,1.1920928955078125e-07
NEG_AMPLIFY_trNEGATIVE1079,0.019802093505859375
NEG_AMPLIFY_trNEGATIVE1082,0.09901010990142822
NEG_AMPLIFY_trNEGATIVE10822,1.1920928955078125e-07
NEG_AMPLIFY_trNEGATIVE10934,1.1920928955078125e-07
NEG_AMPLIFY_trNEGATIVE1095,0.08910906314849854
NEG_AMPLIFY_trNEGATIVE1099,1.1920928955078125e-07
NEG_AMPLIFY_trNEGATIVE11023,0.2871288061141968
NEG_AMPLIFY_trNEGATIVE11030,1.1920928955078125e-07
NEG_AMPLIFY_trNEGATIVE1104,1.1920928955078125e-07
NEG_AMPLIFY_trNEGATIVE11044,1.1920928955078125e-07
NEG_AMPLIFY_trNEGATIVE11059,1.1920928955078125e-07
NEG_AMPLIFY_trNEGATIVE1108,0.15841591358184814
NEG_AMPLIFY_trNEGATIVE11085,0.11881208419799805
NEG_AMPLIFY_trNEGATIVE1109,0.029703140258789062
NEG_AMPLIFY_trNEGATIVE11099,0.4554455876350403
NEG_AMPLIFY_trNEGATIVE1111,0.029703140258789062
NEG_AMPLIFY_trNEGATIVE11132,0.009901165962219238
NEG_AMPLIFY_trNEGATIVE1121,0.019802212715148926
NEG_AMPLIFY_trNEGATIVE11214,1.1920928955078125e-07
NEG_AMPLIFY_trNEGATIVE11259,0.019802212715148926
NEG_AMPLIFY_trNEGATIVE11283,1.1920928955078125e-07
NEG_AMPLIFY_trNEGATIVE1131,0.1584160327911377
NEG_AMPLIFY_trNEGATIVE1132,0.009901165962219238
NEG_AMPLIFY_trNEGATIVE11323,1.1920928955078125e-07
NEG_AMPLIFY_trNEGATIVE11352,1.1920928955078125e-07
NEG_AMPLIFY_trNEGATIVE11360,1.1920928955078125e-07
NEG_AMPLIFY_trNEGATIVE11367,1.1920928955078125e-07
NEG_AMPLIFY_trNEGATIVE11368,1.1920928955078125e-07
NEG_AMPLIFY_trNEGATIVE11370,1.1920928955078125e-07
NEG_AMPLIFY_trNEGATIVE1139,0.16831696033477783
NEG_AMPLIFY_trNEGATIVE11399,0.1584160327911377
NEG_AMPLIFY_trNEGATIVE11402,0.009901165962219238
NEG_AMPLIFY_trNEGATIVE11418,1.1920928955078125e-07
NEG_AMPLIFY_trNEGATIVE11428,1.1920928955078125e-07
NEG_AMPLIFY_trNEGATIVE11458,1.1920928955078125e-07
NEG_AMPLIFY_trNEGATIVE11461,0.009901165962219238
NEG_AMPLIFY_trNEGATIVE11473,1.1920928955078125e-07
NEG_AMPLIFY_trNEGATIVE11484,1.1920928955078125e-07
NEG_AMPLIFY_trNEGATIVE11487,1.1920928955078125e-07
NEG_AMPLIFY_trNEGATIVE11488,1.1920928955078125e-07
NEG_AMPLIFY_trNEGATIVE1149,0.12871301174163818
NEG_AMPLIFY_trNEGATIVE11498,1.1920928955078125e-07
NEG_AMPLIFY_trNEGATIVE1154,0.08910906314849854
NEG_AMPLIFY_trNEGATIVE11550,1.1920928955078125e-07
NEG_AMPLIFY_trNEGATIVE11561,1.1920928955078125e-07
NEG_AMPLIFY_trNEGATIVE11573,0.0594061017036438
NEG_AMPLIFY_trNEGATIVE1160,1.1920928955078125e-07
NEG_AMPLIFY_trNEGATIVE11611,1.1920928955078125e-07
NEG_AMPLIFY_trNEGATIVE11627,1.1920928955078125e-07
NEG_AMPLIFY_trNEGATIVE11640,1.1920928955078125e-07
NEG_AMPLIFY_trNEGATIVE11645,1.1920928955078125e-07
NEG_AMPLIFY_trNEGATIVE11664,0.08910906314849854
NEG_AMPLIFY_trNEGATIVE11675,1.1920928955078125e-07
NEG_AMPLIFY_trNEGATIVE11677,1.1920928955078125e-07
NEG_AMPLIFY_trNEGATIVE1168,0.019802093505859375
NEG_AMPLIFY_trNEGATIVE11684,0.7524752616882324
NEG_AMPLIFY_trNEGATIVE11691,1.1920928955078125e-07
NEG_AMPLIFY_trNEGATIVE11720,1.1920928955078125e-07
NEG_AMPLIFY_trNEGATIVE11721,0.0396040678024292
NEG_AMPLIFY_trNEGATIVE11748,0.029703140258789062
NEG_AMPLIFY_trNEGATIVE11770,1.1920928955078125e-07
NEG_AMPLIFY_trNEGATIVE11785,1.1920928955078125e-07
NEG_AMPLIFY_trNEGATIVE11789,1.1920928955078125e-07
NEG_AMPLIFY_trNEGATIVE11796,1.1920928955078125e-07
NEG_AMPLIFY_trNEGATIVE1180,0.029703140258789062
NEG_AMPLIFY_trNEGATIVE11808,0.009901165962219238
NEG_AMPLIFY_trNEGATIVE11826,1.1920928955078125e-07
NEG_AMPLIFY_trNEGATIVE11847,1.1920928955078125e-07
NEG_AMPLIFY_trNEGATIVE11863,1.1920928955078125e-07
NEG_AMPLIFY_trNEGATIVE1187,0.019802093505859375
NEG_AMPLIFY_trNEGATIVE11879,1.1920928955078125e-07
NEG_AMPLIFY_trNEGATIVE11914,0.009901165962219238
NEG_AMPLIFY_trNEGATIVE1192,0.3168318271636963
NEG_AMPLIFY_trNEGATIVE11942,1.1920928955078125e-07
NEG_AMPLIFY_trNEGATIVE11959,1.1920928955078125e-07
NEG_AMPLIFY_trNEGATIVE11960,1.1920928955078125e-07
NEG_AMPLIFY_trNEGATIVE1198,0.029703140258789062
NEG_AMPLIFY_trNEGATIVE12039,1.1920928955078125e-07
NEG_AMPLIFY_trNEGATIVE12071,1.1920928955078125e-07
NEG_AMPLIFY_trNEGATIVE1210,1.1920928955078125e-07
NEG_AMPLIFY_trNEGATIVE12122,1.1920928955078125e-07
NEG_AMPLIFY_trNEGATIVE12136,1.1920928955078125e-07
NEG_AMPLIFY_trNEGATIVE12137,0.009901165962219238
NEG_AMPLIFY_trNEGATIVE12180,1.1920928955078125e-07
NEG_AMPLIFY_trNEGATIVE1219,0.019802093505859375
NEG_AMPLIFY_trNEGATIVE12203,0.08910906314849854
NEG_AMPLIFY_trNEGATIVE1221,0.019802093505859375
NEG_AMPLIFY_trNEGATIVE1222,0.49504953622817993
NEG_AMPLIFY_trNEGATIVE1225,0.05940604209899902
NEG_AMPLIFY_trNEGATIVE12252,1.1920928955078125e-07
NEG_AMPLIFY_trNEGATIVE12266,0.009901165962219238
NEG_AMPLIFY_trNEGATIVE12285,0.009901165962219238
NEG_AMPLIFY_trNEGATIVE1229,0.20792090892791748
NEG_AMPLIFY_trNEGATIVE1231,0.009901165962219238
NEG_AMPLIFY_trNEGATIVE12312,1.1920928955078125e-07
NEG_AMPLIFY_trNEGATIVE12320,1.1920928955078125e-07
NEG_AMPLIFY_trNEGATIVE12321,1.1920928955078125e-07
NEG_AMPLIFY_trNEGATIVE12382,0.06930708885192871
NEG_AMPLIFY_trNEGATIVE12407,0.009901165962219238
NEG_AMPLIFY_trNEGATIVE12408,1.1920928955078125e-07
NEG_AMPLIFY_trNEGATIVE1241,0.029703140258789062
NEG_AMPLIFY_trNEGATIVE1245,0.029703140258789062
NEG_AMPLIFY_trNEGATIVE1246,0.04950511455535889
NEG_AMPLIFY_trNEGATIVE12465,1.1920928955078125e-07
NEG_AMPLIFY_trNEGATIVE12466,1.1920928955078125e-07
NEG_AMPLIFY_trNEGATIVE12483,0.029703140258789062
NEG_AMPLIFY_trNEGATIVE12531,0.029703140258789062
NEG_AMPLIFY_trNEGATIVE12610,0.06930708885192871
NEG_AMPLIFY_trNEGATIVE1263,0.019802212715148926
NEG_AMPLIFY_trNEGATIVE12691,1.1920928955078125e-07
NEG_AMPLIFY_trNEGATIVE12744,1.1920928955078125e-07
NEG_AMPLIFY_trNEGATIVE12753,0.019802093505859375
NEG_AMPLIFY_trNEGATIVE1276,0.009901165962219238
NEG_AMPLIFY_trNEGATIVE12760,0.15841591358184814
NEG_AMPLIFY_trNEGATIVE1277,1.1920928955078125e-07
NEG_AMPLIFY_trNEGATIVE12785,1.1920928955078125e-07
NEG_AMPLIFY_trNEGATIVE12793,0.148514986038208
NEG_AMPLIFY_trNEGATIVE1281,0.12871301174163818
NEG_AMPLIFY_trNEGATIVE12838,1.1920928955078125e-07
NEG_AMPLIFY_trNEGATIVE12888,1.1920928955078125e-07
NEG_AMPLIFY_trNEGATIVE12907,1.1920928955078125e-07
NEG_AMPLIFY_trNEGATIVE12914,0.019802093505859375
NEG_AMPLIFY_trNEGATIVE12924,1.1920928955078125e-07
NEG_AMPLIFY_trNEGATIVE1294,0.019802093505859375
NEG_AMPLIFY_trNEGATIVE1296,0.03960418701171875
NEG_AMPLIFY_trNEGATIVE12969,1.1920928955078125e-07
NEG_AMPLIFY_trNEGATIVE12996,1.1920928955078125e-07
NEG_AMPLIFY_trNEGATIVE13031,1.1920928955078125e-07
NEG_AMPLIFY_trNEGATIVE1305,0.03960418701171875
NEG_AMPLIFY_trNEGATIVE13058,1.1920928955078125e-07
NEG_AMPLIFY_trNEGATIVE1307,0.13861405849456787
NEG_AMPLIFY_trNEGATIVE13077,1.1920928955078125e-07
NEG_AMPLIFY_trNEGATIVE1308,0.05940604209899902
NEG_AMPLIFY_trNEGATIVE13103,1.1920928955078125e-07
NEG_AMPLIFY_trNEGATIVE13117,0.009901165962219238
NEG_AMPLIFY_trNEGATIVE13132,1.1920928955078125e-07
NEG_AMPLIFY_trNEGATIVE1315,0.06930708885192871
NEG_AMPLIFY_trNEGATIVE1318,0.23762381076812744
NEG_AMPLIFY_trNEGATIVE13196,1.1920928955078125e-07
NEG_AMPLIFY_trNEGATIVE13209,1.1920928955078125e-07
NEG_AMPLIFY_trNEGATIVE13229,1.1920928955078125e-07
NEG_AMPLIFY_trNEGATIVE13305,1.1920928955078125e-07
NEG_AMPLIFY_trNEGATIVE1338,0.019802093505859375
NEG_AMPLIFY_trNEGATIVE1340,0.029703140258789062
NEG_AMPLIFY_trNEGATIVE13415,1.1920928955078125e-07
NEG_AMPLIFY_trNEGATIVE13423,1.1920928955078125e-07
NEG_AMPLIFY_trNEGATIVE13442,0.05940604209899902
NEG_AMPLIFY_trNEGATIVE13447,1.1920928955078125e-07
NEG_AMPLIFY_trNEGATIVE13457,0.009901165962219238
NEG_AMPLIFY_trNEGATIVE1349,0.06930708885192871
NEG_AMPLIFY_trNEGATIVE13499,0.009901165962219238
NEG_AMPLIFY_trNEGATIVE13506,1.1920928955078125e-07
NEG_AMPLIFY_trNEGATIVE1352,1.1920928955078125e-07
NEG_AMPLIFY_trNEGATIVE13522,0.009901165962219238
NEG_AMPLIFY_trNEGATIVE1355,1.1920928955078125e-07
NEG_AMPLIFY_trNEGATIVE1360,0.029703140258789062
NEG_AMPLIFY_trNEGATIVE13614,0.009901165962219238
NEG_AMPLIFY_trNEGATIVE13627,1.1920928955078125e-07
NEG_AMPLIFY_trNEGATIVE13637,0.3168318271636963
NEG_AMPLIFY_trNEGATIVE1366,0.0396040678024292
NEG_AMPLIFY_trNEGATIVE1367,0.029703140258789062
NEG_AMPLIFY_trNEGATIVE13676,1.1920928955078125e-07
NEG_AMPLIFY_trNEGATIVE13697,1.1920928955078125e-07
NEG_AMPLIFY_trNEGATIVE13714,1.1920928955078125e-07
NEG_AMPLIFY_trNEGATIVE13761,1.1920928955078125e-07
NEG_AMPLIFY_trNEGATIVE13763,1.1920928955078125e-07
NEG_AMPLIFY_trNEGATIVE13786,0.04950511455535889
NEG_AMPLIFY_trNEGATIVE1379,0.0792081356048584
NEG_AMPLIFY_trNEGATIVE13814,0.019802093505859375
NEG_AMPLIFY_trNEGATIVE13817,0.009901165962219238
NEG_AMPLIFY_trNEGATIVE1382,0.5148515105247498
NEG_AMPLIFY_trNEGATIVE13831,1.1920928955078125e-07
NEG_AMPLIFY_trNEGATIVE13856,1.1920928955078125e-07
NEG_AMPLIFY_trNEGATIVE1391,0.07920801639556885
NEG_AMPLIFY_trNEGATIVE13916,1.1920928955078125e-07
NEG_AMPLIFY_trNEGATIVE13981,1.1920928955078125e-07
NEG_AMPLIFY_trNEGATIVE13987,1.1920928955078125e-07
NEG_AMPLIFY_trNEGATIVE13990,1.1920928955078125e-07
NEG_AMPLIFY_trNEGATIVE13998,0.21782195568084717
NEG_AMPLIFY_trNEGATIVE14002,1.1920928955078125e-07
NEG_AMPLIFY_trNEGATIVE14028,0.009901165962219238
NEG_AMPLIFY_trNEGATIVE1403,0.4554455876350403
NEG_AMPLIFY_trNEGATIVE14032,1.1920928955078125e-07
NEG_AMPLIFY_trNEGATIVE1407,0.009901165962219238
NEG_AMPLIFY_trNEGATIVE14121,1.1920928955078125e-07
NEG_AMPLIFY_trNEGATIVE14180,0.04950511455535889
NEG_AMPLIFY_trNEGATIVE14197,1.1920928955078125e-07
NEG_AMPLIFY_trNEGATIVE1422,0.148514986038208
NEG_AMPLIFY_trNEGATIVE14221,0.009901165962219238
NEG_AMPLIFY_trNEGATIVE14266,1.1920928955078125e-07
NEG_AMPLIFY_trNEGATIVE14267,0.019802093505859375
NEG_AMPLIFY_trNEGATIVE14272,1.1920928955078125e-07
NEG_AMPLIFY_trNEGATIVE14284,0.13861405849456787
NEG_AMPLIFY_trNEGATIVE1429,1.1920928955078125e-07
NEG_AMPLIFY_trNEGATIVE14307,0.009901165962219238
NEG_AMPLIFY_trNEGATIVE1432,0.18811893463134766
NEG_AMPLIFY_trNEGATIVE14328,1.1920928955078125e-07
NEG_AMPLIFY_trNEGATIVE1435,1.1920928955078125e-07
NEG_AMPLIFY_trNEGATIVE1439,0.009901165962219238
NEG_AMPLIFY_trNEGATIVE14395,0.03960418701171875
NEG_AMPLIFY_trNEGATIVE14404,1.1920928955078125e-07
NEG_AMPLIFY_trNEGATIVE14420,1.1920928955078125e-07
NEG_AMPLIFY_trNEGATIVE1443,1.1920928955078125e-07
NEG_AMPLIFY_trNEGATIVE14431,1.1920928955078125e-07
NEG_AMPLIFY_trNEGATIVE14437,1.1920928955078125e-07
NEG_AMPLIFY_trNEGATIVE14440,1.1920928955078125e-07
NEG_AMPLIFY_trNEGATIVE14511,0.10891103744506836
NEG_AMPLIFY_trNEGATIVE14523,0.009901165962219238
NEG_AMPLIFY_trNEGATIVE14562,1.1920928955078125e-07
NEG_AMPLIFY_trNEGATIVE14569,0.019802093505859375
NEG_AMPLIFY_trNEGATIVE14589,1.1920928955078125e-07
NEG_AMPLIFY_trNEGATIVE14605,1.1920928955078125e-07
NEG_AMPLIFY_trNEGATIVE14617,1.1920928955078125e-07
NEG_AMPLIFY_trNEGATIVE14622,0.04950511455535889
NEG_AMPLIFY_trNEGATIVE14686,1.1920928955078125e-07
NEG_AMPLIFY_trNEGATIVE14705,1.1920928955078125e-07
NEG_AMPLIFY_trNEGATIVE14706,1.1920928955078125e-07
NEG_AMPLIFY_trNEGATIVE14712,1.1920928955078125e-07
NEG_AMPLIFY_trNEGATIVE14713,0.019802212715148926
NEG_AMPLIFY_trNEGATIVE14722,1.1920928955078125e-07
NEG_AMPLIFY_trNEGATIVE14743,0.29702985286712646
NEG_AMPLIFY_trNEGATIVE1476,0.09901010990142822
NEG_AMPLIFY_trNEGATIVE1477,0.0396040678024292
NEG_AMPLIFY_trNEGATIVE1480,0.3663367033004761
NEG_AMPLIFY_trNEGATIVE14804,0.07920801639556885
NEG_AMPLIFY_trNEGATIVE1483,0.029703140258789062
NEG_AMPLIFY_trNEGATIVE14835,1.1920928955078125e-07
NEG_AMPLIFY_trNEGATIVE14847,0.009901165962219238
NEG_AMPLIFY_trNEGATIVE14850,1.1920928955078125e-07
NEG_AMPLIFY_trNEGATIVE14851,1.1920928955078125e-07
NEG_AMPLIFY_trNEGATIVE14865,1.1920928955078125e-07
NEG_AMPLIFY_trNEGATIVE14867,1.1920928955078125e-07
NEG_AMPLIFY_trNEGATIVE14877,1.1920928955078125e-07
NEG_AMPLIFY_trNEGATIVE14880,1.1920928955078125e-07
NEG_AMPLIFY_trNEGATIVE1489,0.009901165962219238
NEG_AMPLIFY_trNEGATIVE14921,1.1920928955078125e-07
NEG_AMPLIFY_trNEGATIVE14928,0.029703140258789062
NEG_AMPLIFY_trNEGATIVE14931,1.1920928955078125e-07
NEG_AMPLIFY_trNEGATIVE14974,1.1920928955078125e-07
NEG_AMPLIFY_trNEGATIVE1499,0.21287143230438232
NEG_AMPLIFY_trNEGATIVE1500,0.05940604209899902
NEG_AMPLIFY_trNEGATIVE15000,1.1920928955078125e-07
NEG_AMPLIFY_trNEGATIVE15015,1.1920928955078125e-07
NEG_AMPLIFY_trNEGATIVE1504,0.08910906314849854
NEG_AMPLIFY_trNEGATIVE15044,1.1920928955078125e-07
NEG_AMPLIFY_trNEGATIVE15048,1.1920928955078125e-07
NEG_AMPLIFY_trNEGATIVE1509,0.029703140258789062
NEG_AMPLIFY_trNEGATIVE15109,1.1920928955078125e-07
NEG_AMPLIFY_trNEGATIVE15127,0.009901165962219238
NEG_AMPLIFY_trNEGATIVE1513,0.009901165962219238
NEG_AMPLIFY_trNEGATIVE15139,1.1920928955078125e-07
NEG_AMPLIFY_trNEGATIVE15141,0.09900999069213867
NEG_AMPLIFY_trNEGATIVE15142,0.019802093505859375
NEG_AMPLIFY_trNEGATIVE15143,1.1920928955078125e-07
NEG_AMPLIFY_trNEGATIVE15155,1.1920928955078125e-07
NEG_AMPLIFY_trNEGATIVE1516,0.029703140258789062
NEG_AMPLIFY_trNEGATIVE15177,1.1920928955078125e-07
NEG_AMPLIFY_trNEGATIVE15180,1.1920928955078125e-07
NEG_AMPLIFY_trNEGATIVE1519,1.1920928955078125e-07
NEG_AMPLIFY_trNEGATIVE1522,0.1188119649887085
NEG_AMPLIFY_trNEGATIVE15229,1.1920928955078125e-07
NEG_AMPLIFY_trNEGATIVE1523,0.04950511455535889
NEG_AMPLIFY_trNEGATIVE15234,0.009901165962219238
NEG_AMPLIFY_trNEGATIVE15243,1.1920928955078125e-07
NEG_AMPLIFY_trNEGATIVE15261,1.1920928955078125e-07
NEG_AMPLIFY_trNEGATIVE15267,1.1920928955078125e-07
NEG_AMPLIFY_trNEGATIVE15269,1.1920928955078125e-07
NEG_AMPLIFY_trNEGATIVE15270,0.009901165962219238
NEG_AMPLIFY_trNEGATIVE1529,0.029703140258789062
NEG_AMPLIFY_trNEGATIVE15315,1.1920928955078125e-07
NEG_AMPLIFY_trNEGATIVE15327,0.009901165962219238
NEG_AMPLIFY_trNEGATIVE15330,0.009901165962219238
NEG_AMPLIFY_trNEGATIVE15358,1.1920928955078125e-07
NEG_AMPLIFY_trNEGATIVE1537,0.019802093505859375
NEG_AMPLIFY_trNEGATIVE15402,1.1920928955078125e-07
NEG_AMPLIFY_trNEGATIVE15412,1.1920928955078125e-07
NEG_AMPLIFY_trNEGATIVE15416,0.03960418701171875
NEG_AMPLIFY_trNEGATIVE15424,1.1920928955078125e-07
NEG_AMPLIFY_trNEGATIVE1548,0.009901165962219238
NEG_AMPLIFY_trNEGATIVE15481,1.1920928955078125e-07
NEG_AMPLIFY_trNEGATIVE1549,0.10891103744506836
NEG_AMPLIFY_trNEGATIVE15502,1.1920928955078125e-07
NEG_AMPLIFY_trNEGATIVE15517,1.1920928955078125e-07
NEG_AMPLIFY_trNEGATIVE15557,0.019802093505859375
NEG_AMPLIFY_trNEGATIVE1557,0.12871301174163818
NEG_AMPLIFY_trNEGATIVE1558,0.019802093505859375
NEG_AMPLIFY_trNEGATIVE1559,1.1920928955078125e-07
NEG_AMPLIFY_trNEGATIVE1562,0.009901165962219238
NEG_AMPLIFY_trNEGATIVE15656,1.1920928955078125e-07
NEG_AMPLIFY_trNEGATIVE15673,0.029703140258789062
NEG_AMPLIFY_trNEGATIVE15692,1.1920928955078125e-07
NEG_AMPLIFY_trNEGATIVE1571,0.029703140258789062
NEG_AMPLIFY_trNEGATIVE15747,1.1920928955078125e-07
NEG_AMPLIFY_trNEGATIVE1576,0.04950511455535889
NEG_AMPLIFY_trNEGATIVE15808,0.2277228832244873
NEG_AMPLIFY_trNEGATIVE1581,0.1188119649887085
NEG_AMPLIFY_trNEGATIVE15837,1.1920928955078125e-07
NEG_AMPLIFY_trNEGATIVE15839,1.1920928955078125e-07
NEG_AMPLIFY_trNEGATIVE15878,1.1920928955078125e-07
NEG_AMPLIFY_trNEGATIVE1588,0.009901165962219238
NEG_AMPLIFY_trNEGATIVE15901,1.1920928955078125e-07
NEG_AMPLIFY_trNEGATIVE15906,1.1920928955078125e-07
NEG_AMPLIFY_trNEGATIVE15908,1.1920928955078125e-07
NEG_AMPLIFY_trNEGATIVE15923,1.1920928955078125e-07
NEG_AMPLIFY_trNEGATIVE15947,1.1920928955078125e-07
NEG_AMPLIFY_trNEGATIVE15967,1.1920928955078125e-07
NEG_AMPLIFY_trNEGATIVE15973,0.019802093505859375
NEG_AMPLIFY_trNEGATIVE16034,1.1920928955078125e-07
NEG_AMPLIFY_trNEGATIVE16072,0.029703140258789062
NEG_AMPLIFY_trNEGATIVE16101,0.009901165962219238
NEG_AMPLIFY_trNEGATIVE16112,1.1920928955078125e-07
NEG_AMPLIFY_trNEGATIVE1612,0.12871301174163818
NEG_AMPLIFY_trNEGATIVE16175,1.1920928955078125e-07
NEG_AMPLIFY_trNEGATIVE16180,1.1920928955078125e-07
NEG_AMPLIFY_trNEGATIVE1626,1.1920928955078125e-07
NEG_AMPLIFY_trNEGATIVE16326,0.009901165962219238
NEG_AMPLIFY_trNEGATIVE1634,1.1920928955078125e-07
NEG_AMPLIFY_trNEGATIVE16370,0.019802093505859375
NEG_AMPLIFY_trNEGATIVE16374,1.1920928955078125e-07
NEG_AMPLIFY_trNEGATIVE16377,1.1920928955078125e-07
NEG_AMPLIFY_trNEGATIVE16378,1.1920928955078125e-07
NEG_AMPLIFY_trNEGATIVE16395,1.1920928955078125e-07
NEG_AMPLIFY_trNEGATIVE16416,1.1920928955078125e-07
NEG_AMPLIFY_trNEGATIVE16419,1.1920928955078125e-07
NEG_AMPLIFY_trNEGATIVE16429,1.1920928955078125e-07
NEG_AMPLIFY_trNEGATIVE1644,0.0396040678024292
NEG_AMPLIFY_trNEGATIVE16445,1.1920928955078125e-07
NEG_AMPLIFY_trNEGATIVE16457,0.019802212715148926
NEG_AMPLIFY_trNEGATIVE16476,1.1920928955078125e-07
NEG_AMPLIFY_trNEGATIVE1649,0.09901010990142822
NEG_AMPLIFY_trNEGATIVE16500,0.0396040678024292
NEG_AMPLIFY_trNEGATIVE1654,0.16831696033477783
NEG_AMPLIFY_trNEGATIVE1655,0.029703140258789062
NEG_AMPLIFY_trNEGATIVE16561,1.1920928955078125e-07
NEG_AMPLIFY_trNEGATIVE1662,0.21782195568084717
NEG_AMPLIFY_trNEGATIVE16620,1.1920928955078125e-07
NEG_AMPLIFY_trNEGATIVE1666,1.1920928955078125e-07
NEG_AMPLIFY_trNEGATIVE16660,1.1920928955078125e-07
NEG_AMPLIFY_trNEGATIVE16662,0.009901165962219238
NEG_AMPLIFY_trNEGATIVE1668,0.148514986038208
NEG_AMPLIFY_trNEGATIVE16715,1.1920928955078125e-07
NEG_AMPLIFY_trNEGATIVE16737,0.05940604209899902
NEG_AMPLIFY_trNEGATIVE16738,1.1920928955078125e-07
NEG_AMPLIFY_trNEGATIVE16756,1.1920928955078125e-07
NEG_AMPLIFY_trNEGATIVE16764,0.009901165962219238
NEG_AMPLIFY_trNEGATIVE1677,0.059406161308288574
NEG_AMPLIFY_trNEGATIVE1680,0.18811893463134766
NEG_AMPLIFY_trNEGATIVE16825,1.1920928955078125e-07
NEG_AMPLIFY_trNEGATIVE16837,1.1920928955078125e-07
NEG_AMPLIFY_trNEGATIVE16843,0.019802093505859375
NEG_AMPLIFY_trNEGATIVE16853,1.1920928955078125e-07
NEG_AMPLIFY_trNEGATIVE1687,0.019802212715148926
NEG_AMPLIFY_trNEGATIVE16891,1.1920928955078125e-07
NEG_AMPLIFY_trNEGATIVE16898,0.009901165962219238
NEG_AMPLIFY_trNEGATIVE16899,0.019802093505859375
NEG_AMPLIFY_trNEGATIVE1690,0.06930708885192871
NEG_AMPLIFY_trNEGATIVE1691,0.20792090892791748
NEG_AMPLIFY_trNEGATIVE16912,0.019802212715148926
NEG_AMPLIFY_trNEGATIVE16914,1.1920928955078125e-07
NEG_AMPLIFY_trNEGATIVE16949,1.1920928955078125e-07
NEG_AMPLIFY_trNEGATIVE16955,1.1920928955078125e-07
NEG_AMPLIFY_trNEGATIVE16994,0.009901165962219238
NEG_AMPLIFY_trNEGATIVE17027,1.1920928955078125e-07
NEG_AMPLIFY_trNEGATIVE17065,0.009901165962219238
NEG_AMPLIFY_trNEGATIVE17096,1.1920928955078125e-07
NEG_AMPLIFY_trNEGATIVE17115,1.1920928955078125e-07
NEG_AMPLIFY_trNEGATIVE17188,1.1920928955078125e-07
NEG_AMPLIFY_trNEGATIVE1720,0.04950511455535889
NEG_AMPLIFY_trNEGATIVE17202,0.009901165962219238
NEG_AMPLIFY_trNEGATIVE17250,1.1920928955078125e-07
NEG_AMPLIFY_trNEGATIVE17258,0.029703140258789062
NEG_AMPLIFY_trNEGATIVE17328,1.1920928955078125e-07
NEG_AMPLIFY_trNEGATIVE1733,0.693069338798523
NEG_AMPLIFY_trNEGATIVE1735,1.1920928955078125e-07
NEG_AMPLIFY_trNEGATIVE17359,1.1920928955078125e-07
NEG_AMPLIFY_trNEGATIVE17384,0.009901165962219238
NEG_AMPLIFY_trNEGATIVE1742,0.019802093505859375
NEG_AMPLIFY_trNEGATIVE17428,0.009901165962219238
NEG_AMPLIFY_trNEGATIVE17432,1.1920928955078125e-07
NEG_AMPLIFY_trNEGATIVE17435,0.019802212715148926
NEG_AMPLIFY_trNEGATIVE1744,0.04950511455535889
NEG_AMPLIFY_trNEGATIVE17466,1.1920928955078125e-07
NEG_AMPLIFY_trNEGATIVE17473,1.1920928955078125e-07
NEG_AMPLIFY_trNEGATIVE1749,1.1920928955078125e-07
NEG_AMPLIFY_trNEGATIVE1750,1.1920928955078125e-07
NEG_AMPLIFY_trNEGATIVE17515,1.1920928955078125e-07
NEG_AMPLIFY_trNEGATIVE17519,1.1920928955078125e-07
NEG_AMPLIFY_trNEGATIVE17577,0.009901165962219238
NEG_AMPLIFY_trNEGATIVE1758,0.2871288061141968
NEG_AMPLIFY_trNEGATIVE17609,1.1920928955078125e-07
NEG_AMPLIFY_trNEGATIVE17612,1.1920928955078125e-07
NEG_AMPLIFY_trNEGATIVE1763,0.0396040678024292
NEG_AMPLIFY_trNEGATIVE17675,1.1920928955078125e-07
NEG_AMPLIFY_trNEGATIVE17679,1.1920928955078125e-07
NEG_AMPLIFY_trNEGATIVE17700,0.019802093505859375
NEG_AMPLIFY_trNEGATIVE17716,1.1920928955078125e-07
NEG_AMPLIFY_trNEGATIVE17717,1.1920928955078125e-07
NEG_AMPLIFY_trNEGATIVE17721,1.1920928955078125e-07
NEG_AMPLIFY_trNEGATIVE17726,1.1920928955078125e-07
NEG_AMPLIFY_trNEGATIVE17772,1.1920928955078125e-07
NEG_AMPLIFY_trNEGATIVE17781,1.1920928955078125e-07
NEG_AMPLIFY_trNEGATIVE17810,1.1920928955078125e-07
NEG_AMPLIFY_trNEGATIVE17823,1.1920928955078125e-07
NEG_AMPLIFY_trNEGATIVE17868,1.1920928955078125e-07
NEG_AMPLIFY_trNEGATIVE17873,1.1920928955078125e-07
NEG_AMPLIFY_trNEGATIVE17877,1.1920928955078125e-07
NEG_AMPLIFY_trNEGATIVE1788,0.42574262619018555
NEG_AMPLIFY_trNEGATIVE17883,0.009901165962219238
NEG_AMPLIFY_trNEGATIVE17884,1.1920928955078125e-07
NEG_AMPLIFY_trNEGATIVE17924,0.04950511455535889
NEG_AMPLIFY_trNEGATIVE1793,0.019802212715148926
NEG_AMPLIFY_trNEGATIVE17958,1.1920928955078125e-07
NEG_AMPLIFY_trNEGATIVE1797,0.029703140258789062
NEG_AMPLIFY_trNEGATIVE17988,1.1920928955078125e-07
NEG_AMPLIFY_trNEGATIVE18022,0.18811893463134766
NEG_AMPLIFY_trNEGATIVE18054,1.1920928955078125e-07
NEG_AMPLIFY_trNEGATIVE18083,1.1920928955078125e-07
NEG_AMPLIFY_trNEGATIVE18087,0.3168318271636963
NEG_AMPLIFY_trNEGATIVE1809,0.16831696033477783
NEG_AMPLIFY_trNEGATIVE18144,1.1920928955078125e-07
NEG_AMPLIFY_trNEGATIVE18150,1.1920928955078125e-07
NEG_AMPLIFY_trNEGATIVE18151,1.1920928955078125e-07
NEG_AMPLIFY_trNEGATIVE18166,1.1920928955078125e-07
NEG_AMPLIFY_trNEGATIVE18178,1.1920928955078125e-07
NEG_AMPLIFY_trNEGATIVE18184,1.1920928955078125e-07
NEG_AMPLIFY_trNEGATIVE18186,1.1920928955078125e-07
NEG_AMPLIFY_trNEGATIVE18201,1.1920928955078125e-07
NEG_AMPLIFY_trNEGATIVE18212,1.1920928955078125e-07
NEG_AMPLIFY_trNEGATIVE18243,1.1920928955078125e-07
NEG_AMPLIFY_trNEGATIVE18294,1.1920928955078125e-07
NEG_AMPLIFY_trNEGATIVE18321,0.06930708885192871
NEG_AMPLIFY_trNEGATIVE18328,1.1920928955078125e-07
NEG_AMPLIFY_trNEGATIVE1833,0.06930708885192871
NEG_AMPLIFY_trNEGATIVE18355,1.1920928955078125e-07
NEG_AMPLIFY_trNEGATIVE18370,0.019802093505859375
NEG_AMPLIFY_trNEGATIVE18403,0.029703140258789062
NEG_AMPLIFY_trNEGATIVE18404,0.1188119649887085
NEG_AMPLIFY_trNEGATIVE18406,1.1920928955078125e-07
NEG_AMPLIFY_trNEGATIVE18453,1.1920928955078125e-07
NEG_AMPLIFY_trNEGATIVE1846,0.2970297336578369
NEG_AMPLIFY_trNEGATIVE18507,0.06930708885192871
NEG_AMPLIFY_trNEGATIVE18528,1.1920928955078125e-07
NEG_AMPLIFY_trNEGATIVE18532,0.009901165962219238
NEG_AMPLIFY_trNEGATIVE18565,1.1920928955078125e-07
NEG_AMPLIFY_trNEGATIVE1857,0.13861405849456787
NEG_AMPLIFY_trNEGATIVE18572,0.08910906314849854
NEG_AMPLIFY_trNEGATIVE18575,0.029703140258789062
NEG_AMPLIFY_trNEGATIVE18606,1.1920928955078125e-07
NEG_AMPLIFY_trNEGATIVE18611,0.009901165962219238
NEG_AMPLIFY_trNEGATIVE1864,0.237623929977417
NEG_AMPLIFY_trNEGATIVE18652,0.019802212715148926
NEG_AMPLIFY_trNEGATIVE18665,1.1920928955078125e-07
NEG_AMPLIFY_trNEGATIVE18684,1.1920928955078125e-07
NEG_AMPLIFY_trNEGATIVE1869,0.15841591358184814
NEG_AMPLIFY_trNEGATIVE18692,0.009901165962219238
NEG_AMPLIFY_trNEGATIVE18728,1.1920928955078125e-07
NEG_AMPLIFY_trNEGATIVE18797,0.019802212715148926
NEG_AMPLIFY_trNEGATIVE18806,1.1920928955078125e-07
NEG_AMPLIFY_trNEGATIVE18815,1.1920928955078125e-07
NEG_AMPLIFY_trNEGATIVE1882,0.31683170795440674
NEG_AMPLIFY_trNEGATIVE18820,1.1920928955078125e-07
NEG_AMPLIFY_trNEGATIVE18823,1.1920928955078125e-07
NEG_AMPLIFY_trNEGATIVE18852,0.009901165962219238
NEG_AMPLIFY_trNEGATIVE18853,1.1920928955078125e-07
NEG_AMPLIFY_trNEGATIVE18889,1.1920928955078125e-07
NEG_AMPLIFY_trNEGATIVE18902,1.1920928955078125e-07
NEG_AMPLIFY_trNEGATIVE18915,0.029703140258789062
NEG_AMPLIFY_trNEGATIVE18940,1.1920928955078125e-07
NEG_AMPLIFY_trNEGATIVE18948,1.1920928955078125e-07
NEG_AMPLIFY_trNEGATIVE18952,1.1920928955078125e-07
NEG_AMPLIFY_trNEGATIVE19001,0.009901165962219238
NEG_AMPLIFY_trNEGATIVE19037,1.1920928955078125e-07
NEG_AMPLIFY_trNEGATIVE1909,0.009901165962219238
NEG_AMPLIFY_trNEGATIVE1911,0.12871301174163818
NEG_AMPLIFY_trNEGATIVE19137,1.1920928955078125e-07
NEG_AMPLIFY_trNEGATIVE19156,1.1920928955078125e-07
NEG_AMPLIFY_trNEGATIVE19166,0.059406161308288574
NEG_AMPLIFY_trNEGATIVE1919,0.07920801639556885
NEG_AMPLIFY_trNEGATIVE19199,1.1920928955078125e-07
NEG_AMPLIFY_trNEGATIVE1922,0.19801998138427734
NEG_AMPLIFY_trNEGATIVE19237,0.009901165962219238
NEG_AMPLIFY_trNEGATIVE19272,0.009901165962219238
NEG_AMPLIFY_trNEGATIVE19285,1.1920928955078125e-07
NEG_AMPLIFY_trNEGATIVE1929,0.04950511455535889
NEG_AMPLIFY_trNEGATIVE1933,0.009901165962219238
NEG_AMPLIFY_trNEGATIVE19335,1.1920928955078125e-07
NEG_AMPLIFY_trNEGATIVE1936,1.1920928955078125e-07
NEG_AMPLIFY_trNEGATIVE1941,1.1920928955078125e-07
NEG_AMPLIFY_trNEGATIVE19418,1.1920928955078125e-07
NEG_AMPLIFY_trNEGATIVE19461,1.1920928955078125e-07
NEG_AMPLIFY_trNEGATIVE19507,0.029703140258789062
NEG_AMPLIFY_trNEGATIVE19508,1.1920928955078125e-07
NEG_AMPLIFY_trNEGATIVE19527,0.009901165962219238
NEG_AMPLIFY_trNEGATIVE1954,1.1920928955078125e-07
NEG_AMPLIFY_trNEGATIVE1959,0.1188119649887085
NEG_AMPLIFY_trNEGATIVE19635,1.1920928955078125e-07
NEG_AMPLIFY_trNEGATIVE1964,0.029703140258789062
NEG_AMPLIFY_trNEGATIVE19643,1.1920928955078125e-07
NEG_AMPLIFY_trNEGATIVE1966,0.3960397243499756
NEG_AMPLIFY_trNEGATIVE19699,1.1920928955078125e-07
NEG_AMPLIFY_trNEGATIVE1970,0.009901165962219238
NEG_AMPLIFY_trNEGATIVE19709,1.1920928955078125e-07
NEG_AMPLIFY_trNEGATIVE19713,1.1920928955078125e-07
NEG_AMPLIFY_trNEGATIVE19746,0.009901165962219238
NEG_AMPLIFY_trNEGATIVE19751,1.1920928955078125e-07
NEG_AMPLIFY_trNEGATIVE19810,0.0396040678024292
NEG_AMPLIFY_trNEGATIVE19816,0.029703140258789062
NEG_AMPLIFY_trNEGATIVE19818,1.1920928955078125e-07
NEG_AMPLIFY_trNEGATIVE19842,1.1920928955078125e-07
NEG_AMPLIFY_trNEGATIVE19888,0.019802093505859375
NEG_AMPLIFY_trNEGATIVE1989,0.06930708885192871
NEG_AMPLIFY_trNEGATIVE19897,0.019802093505859375
NEG_AMPLIFY_trNEGATIVE19901,1.1920928955078125e-07
NEG_AMPLIFY_trNEGATIVE19905,1.1920928955078125e-07
NEG_AMPLIFY_trNEGATIVE19910,1.1920928955078125e-07
NEG_AMPLIFY_trNEGATIVE19936,0.009901165962219238
NEG_AMPLIFY_trNEGATIVE19977,1.1920928955078125e-07
NEG_AMPLIFY_trNEGATIVE1999,0.20792090892791748
NEG_AMPLIFY_trNEGATIVE20014,1.1920928955078125e-07
NEG_AMPLIFY_trNEGATIVE2004,0.029703140258789062
NEG_AMPLIFY_trNEGATIVE20041,0.07920801639556885
NEG_AMPLIFY_trNEGATIVE20049,0.009901165962219238
NEG_AMPLIFY_trNEGATIVE20069,0.029703140258789062
NEG_AMPLIFY_trNEGATIVE2009,0.13861405849456787
NEG_AMPLIFY_trNEGATIVE20121,0.019802093505859375
NEG_AMPLIFY_trNEGATIVE20137,1.1920928955078125e-07
NEG_AMPLIFY_trNEGATIVE20140,0.029703140258789062
NEG_AMPLIFY_trNEGATIVE20142,1.1920928955078125e-07
NEG_AMPLIFY_trNEGATIVE20154,0.009901165962219238
NEG_AMPLIFY_trNEGATIVE20223,1.1920928955078125e-07
NEG_AMPLIFY_trNEGATIVE20230,0.08910906314849854
NEG_AMPLIFY_trNEGATIVE2026,0.237623929977417
NEG_AMPLIFY_trNEGATIVE20275,1.1920928955078125e-07
NEG_AMPLIFY_trNEGATIVE20325,1.1920928955078125e-07
NEG_AMPLIFY_trNEGATIVE20332,1.1920928955078125e-07
NEG_AMPLIFY_trNEGATIVE20333,1.1920928955078125e-07
NEG_AMPLIFY_trNEGATIVE20334,1.1920928955078125e-07
NEG_AMPLIFY_trNEGATIVE2035,0.10891103744506836
NEG_AMPLIFY_trNEGATIVE20360,1.1920928955078125e-07
NEG_AMPLIFY_trNEGATIVE20375,1.1920928955078125e-07
NEG_AMPLIFY_trNEGATIVE2039,0.04950511455535889
NEG_AMPLIFY_trNEGATIVE20411,1.1920928955078125e-07
NEG_AMPLIFY_trNEGATIVE20438,1.1920928955078125e-07
NEG_AMPLIFY_trNEGATIVE20452,1.1920928955078125e-07
NEG_AMPLIFY_trNEGATIVE20467,1.1920928955078125e-07
NEG_AMPLIFY_trNEGATIVE20482,0.04950511455535889
NEG_AMPLIFY_trNEGATIVE2049,0.04950511455535889
NEG_AMPLIFY_trNEGATIVE20492,1.1920928955078125e-07
NEG_AMPLIFY_trNEGATIVE20534,1.1920928955078125e-07
NEG_AMPLIFY_trNEGATIVE2057,0.029703140258789062
NEG_AMPLIFY_trNEGATIVE20582,1.1920928955078125e-07
NEG_AMPLIFY_trNEGATIVE20587,0.019802093505859375
NEG_AMPLIFY_trNEGATIVE20592,0.0792081356048584
NEG_AMPLIFY_trNEGATIVE20608,0.019802212715148926
NEG_AMPLIFY_trNEGATIVE20622,1.1920928955078125e-07
NEG_AMPLIFY_trNEGATIVE2064,0.6435643434524536
NEG_AMPLIFY_trNEGATIVE20646,1.1920928955078125e-07
NEG_AMPLIFY_trNEGATIVE20647,1.1920928955078125e-07
NEG_AMPLIFY_trNEGATIVE2065,0.26732683181762695
NEG_AMPLIFY_trNEGATIVE20651,1.1920928955078125e-07
NEG_AMPLIFY_trNEGATIVE20653,1.1920928955078125e-07
NEG_AMPLIFY_trNEGATIVE20663,0.009901165962219238
NEG_AMPLIFY_trNEGATIVE20674,1.1920928955078125e-07
NEG_AMPLIFY_trNEGATIVE20716,0.009901165962219238
NEG_AMPLIFY_trNEGATIVE20731,0.009901165962219238
NEG_AMPLIFY_trNEGATIVE20736,0.009901165962219238
NEG_AMPLIFY_trNEGATIVE20757,1.1920928955078125e-07
NEG_AMPLIFY_trNEGATIVE20768,0.11881208419799805
NEG_AMPLIFY_trNEGATIVE20782,1.1920928955078125e-07
NEG_AMPLIFY_trNEGATIVE20851,1.1920928955078125e-07
NEG_AMPLIFY_trNEGATIVE20917,0.009901165962219238
NEG_AMPLIFY_trNEGATIVE2092,0.029703140258789062
NEG_AMPLIFY_trNEGATIVE2094,1.1920928955078125e-07
NEG_AMPLIFY_trNEGATIVE20969,0.019802093505859375
NEG_AMPLIFY_trNEGATIVE20986,1.1920928955078125e-07
NEG_AMPLIFY_trNEGATIVE20997,1.1920928955078125e-07
NEG_AMPLIFY_trNEGATIVE21011,1.1920928955078125e-07
NEG_AMPLIFY_trNEGATIVE21020,1.1920928955078125e-07
NEG_AMPLIFY_trNEGATIVE2104,0.7029702663421631
NEG_AMPLIFY_trNEGATIVE21042,0.059406161308288574
NEG_AMPLIFY_trNEGATIVE21109,0.029703140258789062
NEG_AMPLIFY_trNEGATIVE2111,0.009901165962219238
NEG_AMPLIFY_trNEGATIVE2112,1.1920928955078125e-07
NEG_AMPLIFY_trNEGATIVE21127,0.009901165962219238
NEG_AMPLIFY_trNEGATIVE21147,1.1920928955078125e-07
NEG_AMPLIFY_trNEGATIVE21166,0.0396040678024292
NEG_AMPLIFY_trNEGATIVE21195,0.019802212715148926
NEG_AMPLIFY_trNEGATIVE2121,0.009901165962219238
NEG_AMPLIFY_trNEGATIVE21215,1.1920928955078125e-07
NEG_AMPLIFY_trNEGATIVE21248,1.1920928955078125e-07
NEG_AMPLIFY_trNEGATIVE21269,1.1920928955078125e-07
NEG_AMPLIFY_trNEGATIVE21272,0.029703140258789062
NEG_AMPLIFY_trNEGATIVE21300,0.009901165962219238
NEG_AMPLIFY_trNEGATIVE21313,1.1920928955078125e-07
NEG_AMPLIFY_trNEGATIVE2134,0.06930708885192871
NEG_AMPLIFY_trNEGATIVE21345,1.1920928955078125e-07
NEG_AMPLIFY_trNEGATIVE2135,0.07920801639556885
NEG_AMPLIFY_trNEGATIVE21351,1.1920928955078125e-07
NEG_AMPLIFY_trNEGATIVE21365,1.1920928955078125e-07
NEG_AMPLIFY_trNEGATIVE21368,1.1920928955078125e-07
NEG_AMPLIFY_trNEGATIVE21375,1.1920928955078125e-07
NEG_AMPLIFY_trNEGATIVE2138,0.009901165962219238
NEG_AMPLIFY_trNEGATIVE2141,0.05940604209899902
NEG_AMPLIFY_trNEGATIVE21415,1.1920928955078125e-07
NEG_AMPLIFY_trNEGATIVE21424,0.6831682920455933
NEG_AMPLIFY_trNEGATIVE21453,1.1920928955078125e-07
NEG_AMPLIFY_trNEGATIVE2148,0.009901165962219238
NEG_AMPLIFY_trNEGATIVE21523,1.1920928955078125e-07
NEG_AMPLIFY_trNEGATIVE21611,1.1920928955078125e-07
NEG_AMPLIFY_trNEGATIVE21621,1.1920928955078125e-07
NEG_AMPLIFY_trNEGATIVE21634,1.1920928955078125e-07
NEG_AMPLIFY_trNEGATIVE21641,0.019802093505859375
NEG_AMPLIFY_trNEGATIVE21646,1.1920928955078125e-07
NEG_AMPLIFY_trNEGATIVE21648,1.1920928955078125e-07
NEG_AMPLIFY_trNEGATIVE21649,1.1920928955078125e-07
NEG_AMPLIFY_trNEGATIVE21654,0.009901165962219238
NEG_AMPLIFY_trNEGATIVE21667,1.1920928955078125e-07
NEG_AMPLIFY_trNEGATIVE2167,0.009901165962219238
NEG_AMPLIFY_trNEGATIVE2168,0.019802093505859375
NEG_AMPLIFY_trNEGATIVE21694,1.1920928955078125e-07
NEG_AMPLIFY_trNEGATIVE21699,0.009901165962219238
NEG_AMPLIFY_trNEGATIVE21702,1.1920928955078125e-07
NEG_AMPLIFY_trNEGATIVE21711,1.1920928955078125e-07
NEG_AMPLIFY_trNEGATIVE21748,1.1920928955078125e-07
NEG_AMPLIFY_trNEGATIVE21757,0.10891103744506836
NEG_AMPLIFY_trNEGATIVE21766,0.019802212715148926
NEG_AMPLIFY_trNEGATIVE21770,1.1920928955078125e-07
NEG_AMPLIFY_trNEGATIVE21790,0.009901165962219238
NEG_AMPLIFY_trNEGATIVE21826,0.019802093505859375
NEG_AMPLIFY_trNEGATIVE21833,1.1920928955078125e-07
NEG_AMPLIFY_trNEGATIVE21846,0.009901165962219238
NEG_AMPLIFY_trNEGATIVE21849,0.009901165962219238
NEG_AMPLIFY_trNEGATIVE21858,1.1920928955078125e-07
NEG_AMPLIFY_trNEGATIVE21901,1.1920928955078125e-07
NEG_AMPLIFY_trNEGATIVE21927,1.1920928955078125e-07
NEG_AMPLIFY_trNEGATIVE21938,1.1920928955078125e-07
NEG_AMPLIFY_trNEGATIVE21994,1.1920928955078125e-07
NEG_AMPLIFY_trNEGATIVE22023,1.1920928955078125e-07
NEG_AMPLIFY_trNEGATIVE22028,0.029703140258789062
NEG_AMPLIFY_trNEGATIVE2203,0.04950511455535889
NEG_AMPLIFY_trNEGATIVE22085,1.1920928955078125e-07
NEG_AMPLIFY_trNEGATIVE2209,0.2574259042739868
NEG_AMPLIFY_trNEGATIVE22098,1.1920928955078125e-07
NEG_AMPLIFY_trNEGATIVE22107,1.1920928955078125e-07
NEG_AMPLIFY_trNEGATIVE2213,0.18811893463134766
NEG_AMPLIFY_trNEGATIVE22139,1.1920928955078125e-07
NEG_AMPLIFY_trNEGATIVE22170,1.1920928955078125e-07
NEG_AMPLIFY_trNEGATIVE22185,1.1920928955078125e-07
NEG_AMPLIFY_trNEGATIVE2221,1.1920928955078125e-07
NEG_AMPLIFY_trNEGATIVE22219,0.009901165962219238
NEG_AMPLIFY_trNEGATIVE22249,1.1920928955078125e-07
NEG_AMPLIFY_trNEGATIVE22257,1.1920928955078125e-07
NEG_AMPLIFY_trNEGATIVE22258,0.13861405849456787
NEG_AMPLIFY_trNEGATIVE22276,1.1920928955078125e-07
NEG_AMPLIFY_trNEGATIVE2228,0.16831696033477783
NEG_AMPLIFY_trNEGATIVE2234,0.009901165962219238
NEG_AMPLIFY_trNEGATIVE22368,1.1920928955078125e-07
NEG_AMPLIFY_trNEGATIVE2237,0.019802093505859375
NEG_AMPLIFY_trNEGATIVE2241,0.059406161308288574
NEG_AMPLIFY_trNEGATIVE22443,1.1920928955078125e-07
NEG_AMPLIFY_trNEGATIVE22464,1.1920928955078125e-07
NEG_AMPLIFY_trNEGATIVE22487,0.44554460048675537
NEG_AMPLIFY_trNEGATIVE22520,1.1920928955078125e-07
NEG_AMPLIFY_trNEGATIVE2253,0.1584160327911377
NEG_AMPLIFY_trNEGATIVE22566,1.1920928955078125e-07
NEG_AMPLIFY_trNEGATIVE22593,1.1920928955078125e-07
NEG_AMPLIFY_trNEGATIVE22600,1.1920928955078125e-07
NEG_AMPLIFY_trNEGATIVE22622,1.1920928955078125e-07
NEG_AMPLIFY_trNEGATIVE2263,0.009901165962219238
NEG_AMPLIFY_trNEGATIVE22638,0.029703140258789062
NEG_AMPLIFY_trNEGATIVE2264,0.029703140258789062
NEG_AMPLIFY_trNEGATIVE2265,0.06930708885192871
NEG_AMPLIFY_trNEGATIVE22670,0.04950511455535889
NEG_AMPLIFY_trNEGATIVE22675,1.1920928955078125e-07
NEG_AMPLIFY_trNEGATIVE22709,1.1920928955078125e-07
NEG_AMPLIFY_trNEGATIVE2272,0.04950511455535889
NEG_AMPLIFY_trNEGATIVE22731,1.1920928955078125e-07
NEG_AMPLIFY_trNEGATIVE22743,1.1920928955078125e-07
NEG_AMPLIFY_trNEGATIVE22750,1.1920928955078125e-07
NEG_AMPLIFY_trNEGATIVE22759,1.1920928955078125e-07
NEG_AMPLIFY_trNEGATIVE22768,0.029703140258789062
NEG_AMPLIFY_trNEGATIVE22776,0.04950511455535889
NEG_AMPLIFY_trNEGATIVE22788,1.1920928955078125e-07
NEG_AMPLIFY_trNEGATIVE2279,0.16831696033477783
NEG_AMPLIFY_trNEGATIVE22820,1.1920928955078125e-07
NEG_AMPLIFY_trNEGATIVE22825,1.1920928955078125e-07
NEG_AMPLIFY_trNEGATIVE2286,0.0396040678024292
NEG_AMPLIFY_trNEGATIVE22878,1.1920928955078125e-07
NEG_AMPLIFY_trNEGATIVE22896,1.1920928955078125e-07
NEG_AMPLIFY_trNEGATIVE22916,1.1920928955078125e-07
NEG_AMPLIFY_trNEGATIVE22924,1.1920928955078125e-07
NEG_AMPLIFY_trNEGATIVE2293,0.35643571615219116
NEG_AMPLIFY_trNEGATIVE2296,0.029703140258789062
NEG_AMPLIFY_trNEGATIVE2298,1.1920928955078125e-07
NEG_AMPLIFY_trNEGATIVE22990,1.1920928955078125e-07
NEG_AMPLIFY_trNEGATIVE2301,1.1920928955078125e-07
NEG_AMPLIFY_trNEGATIVE2302,0.019802093505859375
NEG_AMPLIFY_trNEGATIVE2303,0.04950511455535889
NEG_AMPLIFY_trNEGATIVE23031,1.1920928955078125e-07
NEG_AMPLIFY_trNEGATIVE2304,0.019802212715148926
NEG_AMPLIFY_trNEGATIVE23058,1.1920928955078125e-07
NEG_AMPLIFY_trNEGATIVE2307,0.029703140258789062
NEG_AMPLIFY_trNEGATIVE2310,0.10891103744506836
NEG_AMPLIFY_trNEGATIVE23134,0.009901165962219238
NEG_AMPLIFY_trNEGATIVE2314,1.1920928955078125e-07
NEG_AMPLIFY_trNEGATIVE23142,1.1920928955078125e-07
NEG_AMPLIFY_trNEGATIVE23158,1.1920928955078125e-07
NEG_AMPLIFY_trNEGATIVE23185,1.1920928955078125e-07
NEG_AMPLIFY_trNEGATIVE23233,1.1920928955078125e-07
NEG_AMPLIFY_trNEGATIVE23255,1.1920928955078125e-07
NEG_AMPLIFY_trNEGATIVE23278,1.1920928955078125e-07
NEG_AMPLIFY_trNEGATIVE23295,0.009901165962219238
NEG_AMPLIFY_trNEGATIVE2330,0.009901165962219238
NEG_AMPLIFY_trNEGATIVE2331,0.11881208419799805
NEG_AMPLIFY_trNEGATIVE23313,1.1920928955078125e-07
NEG_AMPLIFY_trNEGATIVE23320,1.1920928955078125e-07
NEG_AMPLIFY_trNEGATIVE23325,0.019802093505859375
NEG_AMPLIFY_trNEGATIVE23328,1.1920928955078125e-07
NEG_AMPLIFY_trNEGATIVE23347,1.1920928955078125e-07
NEG_AMPLIFY_trNEGATIVE23350,0.04950511455535889
NEG_AMPLIFY_trNEGATIVE23386,1.1920928955078125e-07
NEG_AMPLIFY_trNEGATIVE2340,0.009901165962219238
NEG_AMPLIFY_trNEGATIVE23401,1.1920928955078125e-07
NEG_AMPLIFY_trNEGATIVE23406,1.1920928955078125e-07
NEG_AMPLIFY_trNEGATIVE2341,0.09900999069213867
NEG_AMPLIFY_trNEGATIVE2342,0.20792090892791748
NEG_AMPLIFY_trNEGATIVE23439,0.009901165962219238
NEG_AMPLIFY_trNEGATIVE2344,0.20132029056549072
NEG_AMPLIFY_trNEGATIVE23452,0.059406161308288574
NEG_AMPLIFY_trNEGATIVE23471,1.1920928955078125e-07
NEG_AMPLIFY_trNEGATIVE2349,0.06930708885192871
NEG_AMPLIFY_trNEGATIVE2350,0.12871301174163818
NEG_AMPLIFY_trNEGATIVE23500,1.1920928955078125e-07
NEG_AMPLIFY_trNEGATIVE23514,1.1920928955078125e-07
NEG_AMPLIFY_trNEGATIVE23518,0.009901165962219238
NEG_AMPLIFY_trNEGATIVE23519,1.1920928955078125e-07
NEG_AMPLIFY_trNEGATIVE2352,0.059406161308288574
NEG_AMPLIFY_trNEGATIVE23538,1.1920928955078125e-07
NEG_AMPLIFY_trNEGATIVE23581,0.0396040678024292
NEG_AMPLIFY_trNEGATIVE23592,0.009901165962219238
NEG_AMPLIFY_trNEGATIVE2364,0.019802093505859375
NEG_AMPLIFY_trNEGATIVE23656,1.1920928955078125e-07
NEG_AMPLIFY_trNEGATIVE23660,0.059406161308288574
NEG_AMPLIFY_trNEGATIVE23668,1.1920928955078125e-07
NEG_AMPLIFY_trNEGATIVE2367,0.019802093505859375
NEG_AMPLIFY_trNEGATIVE23671,1.1920928955078125e-07
NEG_AMPLIFY_trNEGATIVE23675,0.009901165962219238
NEG_AMPLIFY_trNEGATIVE23683,1.1920928955078125e-07
NEG_AMPLIFY_trNEGATIVE23706,1.1920928955078125e-07
NEG_AMPLIFY_trNEGATIVE2376,0.10891103744506836
NEG_AMPLIFY_trNEGATIVE2378,0.18811893463134766
NEG_AMPLIFY_trNEGATIVE2379,0.059406161308288574
NEG_AMPLIFY_trNEGATIVE23817,1.1920928955078125e-07
NEG_AMPLIFY_trNEGATIVE2382,0.019802212715148926
NEG_AMPLIFY_trNEGATIVE23822,1.1920928955078125e-07
NEG_AMPLIFY_trNEGATIVE23852,1.1920928955078125e-07
NEG_AMPLIFY_trNEGATIVE2386,0.17821788787841797
NEG_AMPLIFY_trNEGATIVE23884,0.10891103744506836
NEG_AMPLIFY_trNEGATIVE23898,0.029703140258789062
NEG_AMPLIFY_trNEGATIVE2390,0.10891103744506836
NEG_AMPLIFY_trNEGATIVE23904,1.1920928955078125e-07
NEG_AMPLIFY_trNEGATIVE2393,0.15841591358184814
NEG_AMPLIFY_trNEGATIVE2395,0.4653465747833252
NEG_AMPLIFY_trNEGATIVE23958,1.1920928955078125e-07
NEG_AMPLIFY_trNEGATIVE23961,1.1920928955078125e-07
NEG_AMPLIFY_trNEGATIVE2398,0.019802093505859375
NEG_AMPLIFY_trNEGATIVE23982,1.1920928955078125e-07
NEG_AMPLIFY_trNEGATIVE2400,0.019802212715148926
NEG_AMPLIFY_trNEGATIVE2402,0.029703140258789062
NEG_AMPLIFY_trNEGATIVE2403,1.1920928955078125e-07
NEG_AMPLIFY_trNEGATIVE24044,1.1920928955078125e-07
NEG_AMPLIFY_trNEGATIVE24082,1.1920928955078125e-07
NEG_AMPLIFY_trNEGATIVE24090,1.1920928955078125e-07
NEG_AMPLIFY_trNEGATIVE24105,0.08910906314849854
NEG_AMPLIFY_trNEGATIVE24113,1.1920928955078125e-07
NEG_AMPLIFY_trNEGATIVE2412,0.029703140258789062
NEG_AMPLIFY_trNEGATIVE24132,1.1920928955078125e-07
NEG_AMPLIFY_trNEGATIVE24144,0.16831696033477783
NEG_AMPLIFY_trNEGATIVE24186,1.1920928955078125e-07
NEG_AMPLIFY_trNEGATIVE24212,1.1920928955078125e-07
NEG_AMPLIFY_trNEGATIVE2422,0.009901165962219238
NEG_AMPLIFY_trNEGATIVE24226,1.1920928955078125e-07
NEG_AMPLIFY_trNEGATIVE2425,0.07920801639556885
NEG_AMPLIFY_trNEGATIVE2429,0.09901010990142822
NEG_AMPLIFY_trNEGATIVE24291,1.1920928955078125e-07
NEG_AMPLIFY_trNEGATIVE24308,1.1920928955078125e-07
NEG_AMPLIFY_trNEGATIVE2431,0.10891103744506836
NEG_AMPLIFY_trNEGATIVE24319,0.009901165962219238
NEG_AMPLIFY_trNEGATIVE24334,0.029703140258789062
NEG_AMPLIFY_trNEGATIVE2434,0.029703140258789062
NEG_AMPLIFY_trNEGATIVE24341,0.009901165962219238
NEG_AMPLIFY_trNEGATIVE24346,1.1920928955078125e-07
NEG_AMPLIFY_trNEGATIVE24358,0.08910906314849854
NEG_AMPLIFY_trNEGATIVE24365,1.1920928955078125e-07
NEG_AMPLIFY_trNEGATIVE24390,1.1920928955078125e-07
NEG_AMPLIFY_trNEGATIVE2441,1.1920928955078125e-07
NEG_AMPLIFY_trNEGATIVE24462,1.1920928955078125e-07
NEG_AMPLIFY_trNEGATIVE24463,1.1920928955078125e-07
NEG_AMPLIFY_trNEGATIVE2451,0.019802093505859375
NEG_AMPLIFY_trNEGATIVE24537,1.1920928955078125e-07
NEG_AMPLIFY_trNEGATIVE2456,0.029703140258789062
NEG_AMPLIFY_trNEGATIVE2459,0.009901165962219238
NEG_AMPLIFY_trNEGATIVE24606,1.1920928955078125e-07
NEG_AMPLIFY_trNEGATIVE24612,1.1920928955078125e-07
NEG_AMPLIFY_trNEGATIVE24615,0.04950511455535889
NEG_AMPLIFY_trNEGATIVE2462,0.019802093505859375
NEG_AMPLIFY_trNEGATIVE24681,1.1920928955078125e-07
NEG_AMPLIFY_trNEGATIVE2469,1.1920928955078125e-07
NEG_AMPLIFY_trNEGATIVE2470,0.1188119649887085
NEG_AMPLIFY_trNEGATIVE24708,1.1920928955078125e-07
NEG_AMPLIFY_trNEGATIVE2473,0.3267327547073364
NEG_AMPLIFY_trNEGATIVE24730,0.009901165962219238
NEG_AMPLIFY_trNEGATIVE24752,0.009901165962219238
NEG_AMPLIFY_trNEGATIVE2477,0.10891103744506836
NEG_AMPLIFY_trNEGATIVE24790,1.1920928955078125e-07
NEG_AMPLIFY_trNEGATIVE2480,0.04950511455535889
NEG_AMPLIFY_trNEGATIVE24810,0.019802093505859375
NEG_AMPLIFY_trNEGATIVE2487,0.009901165962219238
NEG_AMPLIFY_trNEGATIVE24895,1.1920928955078125e-07
NEG_AMPLIFY_trNEGATIVE24931,1.1920928955078125e-07
NEG_AMPLIFY_trNEGATIVE24933,1.1920928955078125e-07
NEG_AMPLIFY_trNEGATIVE24934,0.009901165962219238
NEG_AMPLIFY_trNEGATIVE2498,0.0792081356048584
NEG_AMPLIFY_trNEGATIVE24984,1.1920928955078125e-07
NEG_AMPLIFY_trNEGATIVE25000,1.1920928955078125e-07
NEG_AMPLIFY_trNEGATIVE25001,0.009901165962219238
NEG_AMPLIFY_trNEGATIVE25021,1.1920928955078125e-07
NEG_AMPLIFY_trNEGATIVE2506,0.019802212715148926
NEG_AMPLIFY_trNEGATIVE25062,1.1920928955078125e-07
NEG_AMPLIFY_trNEGATIVE25088,1.1920928955078125e-07
NEG_AMPLIFY_trNEGATIVE25097,1.1920928955078125e-07
NEG_AMPLIFY_trNEGATIVE25099,1.1920928955078125e-07
NEG_AMPLIFY_trNEGATIVE25102,0.009901165962219238
NEG_AMPLIFY_trNEGATIVE25143,0.019802093505859375
NEG_AMPLIFY_trNEGATIVE2515,0.009901165962219238
NEG_AMPLIFY_trNEGATIVE2516,1.1920928955078125e-07
NEG_AMPLIFY_trNEGATIVE25166,1.1920928955078125e-07
NEG_AMPLIFY_trNEGATIVE2517,0.24752485752105713
NEG_AMPLIFY_trNEGATIVE25176,1.1920928955078125e-07
NEG_AMPLIFY_trNEGATIVE25191,0.019802212715148926
NEG_AMPLIFY_trNEGATIVE2520,0.12871301174163818
NEG_AMPLIFY_trNEGATIVE2522,0.08910906314849854
NEG_AMPLIFY_trNEGATIVE2529,0.04950511455535889
NEG_AMPLIFY_trNEGATIVE25293,1.1920928955078125e-07
NEG_AMPLIFY_trNEGATIVE25297,0.009901165962219238
NEG_AMPLIFY_trNEGATIVE25300,0.009901165962219238
NEG_AMPLIFY_trNEGATIVE25345,1.1920928955078125e-07
NEG_AMPLIFY_trNEGATIVE2536,1.1920928955078125e-07
NEG_AMPLIFY_trNEGATIVE25363,1.1920928955078125e-07
NEG_AMPLIFY_trNEGATIVE25368,0.009901165962219238
NEG_AMPLIFY_trNEGATIVE2538,0.03960418701171875
NEG_AMPLIFY_trNEGATIVE25384,0.04950511455535889
NEG_AMPLIFY_trNEGATIVE25415,1.1920928955078125e-07
NEG_AMPLIFY_trNEGATIVE25449,0.06930708885192871
NEG_AMPLIFY_trNEGATIVE25480,1.1920928955078125e-07
NEG_AMPLIFY_trNEGATIVE2549,0.0792081356048584
NEG_AMPLIFY_trNEGATIVE2550,1.1920928955078125e-07
NEG_AMPLIFY_trNEGATIVE25549,0.009901165962219238
NEG_AMPLIFY_trNEGATIVE2555,0.06930708885192871
NEG_AMPLIFY_trNEGATIVE25551,1.1920928955078125e-07
NEG_AMPLIFY_trNEGATIVE25617,1.1920928955078125e-07
NEG_AMPLIFY_trNEGATIVE2564,0.21782195568084717
NEG_AMPLIFY_trNEGATIVE25640,1.1920928955078125e-07
NEG_AMPLIFY_trNEGATIVE25652,1.1920928955078125e-07
NEG_AMPLIFY_trNEGATIVE25668,1.1920928955078125e-07
NEG_AMPLIFY_trNEGATIVE25674,1.1920928955078125e-07
NEG_AMPLIFY_trNEGATIVE25680,0.0396040678024292
NEG_AMPLIFY_trNEGATIVE25682,1.1920928955078125e-07
NEG_AMPLIFY_trNEGATIVE25711,1.1920928955078125e-07
NEG_AMPLIFY_trNEGATIVE25738,0.029703140258789062
NEG_AMPLIFY_trNEGATIVE2577,0.1188119649887085
NEG_AMPLIFY_trNEGATIVE25808,1.1920928955078125e-07
NEG_AMPLIFY_trNEGATIVE25809,0.04950511455535889
NEG_AMPLIFY_trNEGATIVE2583,1.1920928955078125e-07
NEG_AMPLIFY_trNEGATIVE25837,1.1920928955078125e-07
NEG_AMPLIFY_trNEGATIVE25850,1.1920928955078125e-07
NEG_AMPLIFY_trNEGATIVE25891,1.1920928955078125e-07
NEG_AMPLIFY_trNEGATIVE25893,1.1920928955078125e-07
NEG_AMPLIFY_trNEGATIVE25894,1.1920928955078125e-07
NEG_AMPLIFY_trNEGATIVE25932,0.029703140258789062
NEG_AMPLIFY_trNEGATIVE25974,1.1920928955078125e-07
NEG_AMPLIFY_trNEGATIVE25978,0.019802093505859375
NEG_AMPLIFY_trNEGATIVE26043,1.1920928955078125e-07
NEG_AMPLIFY_trNEGATIVE2607,0.44554460048675537
NEG_AMPLIFY_trNEGATIVE26084,1.1920928955078125e-07
NEG_AMPLIFY_trNEGATIVE26100,1.1920928955078125e-07
NEG_AMPLIFY_trNEGATIVE26101,0.06930708885192871
NEG_AMPLIFY_trNEGATIVE26119,0.0396040678024292
NEG_AMPLIFY_trNEGATIVE26139,1.1920928955078125e-07
NEG_AMPLIFY_trNEGATIVE26159,0.009901165962219238
NEG_AMPLIFY_trNEGATIVE26175,0.009901165962219238
NEG_AMPLIFY_trNEGATIVE26188,1.1920928955078125e-07
NEG_AMPLIFY_trNEGATIVE26192,1.1920928955078125e-07
NEG_AMPLIFY_trNEGATIVE26199,1.1920928955078125e-07
NEG_AMPLIFY_trNEGATIVE26223,1.1920928955078125e-07
NEG_AMPLIFY_trNEGATIVE26278,0.009901165962219238
NEG_AMPLIFY_trNEGATIVE26279,1.1920928955078125e-07
NEG_AMPLIFY_trNEGATIVE26353,1.1920928955078125e-07
NEG_AMPLIFY_trNEGATIVE26362,0.06930708885192871
NEG_AMPLIFY_trNEGATIVE26363,0.009901165962219238
NEG_AMPLIFY_trNEGATIVE26413,1.1920928955078125e-07
NEG_AMPLIFY_trNEGATIVE26428,1.1920928955078125e-07
NEG_AMPLIFY_trNEGATIVE26468,1.1920928955078125e-07
NEG_AMPLIFY_trNEGATIVE26518,0.009901165962219238
NEG_AMPLIFY_trNEGATIVE26576,0.10891103744506836
NEG_AMPLIFY_trNEGATIVE26581,1.1920928955078125e-07
NEG_AMPLIFY_trNEGATIVE26626,1.1920928955078125e-07
NEG_AMPLIFY_trNEGATIVE26627,0.04950511455535889
NEG_AMPLIFY_trNEGATIVE26663,1.1920928955078125e-07
NEG_AMPLIFY_trNEGATIVE26665,1.1920928955078125e-07
NEG_AMPLIFY_trNEGATIVE26701,1.1920928955078125e-07
NEG_AMPLIFY_trNEGATIVE26704,1.1920928955078125e-07
NEG_AMPLIFY_trNEGATIVE26738,0.03960418701171875
NEG_AMPLIFY_trNEGATIVE26739,0.009901165962219238
NEG_AMPLIFY_trNEGATIVE26741,1.1920928955078125e-07
NEG_AMPLIFY_trNEGATIVE26786,1.1920928955078125e-07
NEG_AMPLIFY_trNEGATIVE26792,1.1920928955078125e-07
NEG_AMPLIFY_trNEGATIVE2681,0.2277228832244873
NEG_AMPLIFY_trNEGATIVE26820,0.029703140258789062
NEG_AMPLIFY_trNEGATIVE26831,1.1920928955078125e-07
NEG_AMPLIFY_trNEGATIVE26856,0.0396040678024292
NEG_AMPLIFY_trNEGATIVE26903,1.1920928955078125e-07
NEG_AMPLIFY_trNEGATIVE26909,0.1980198621749878
NEG_AMPLIFY_trNEGATIVE26954,1.1920928955078125e-07
NEG_AMPLIFY_trNEGATIVE26955,1.1920928955078125e-07
NEG_AMPLIFY_trNEGATIVE2696,0.019802093505859375
NEG_AMPLIFY_trNEGATIVE26974,1.1920928955078125e-07
NEG_AMPLIFY_trNEGATIVE27018,1.1920928955078125e-07
NEG_AMPLIFY_trNEGATIVE27020,1.1920928955078125e-07
NEG_AMPLIFY_trNEGATIVE27065,1.1920928955078125e-07
NEG_AMPLIFY_trNEGATIVE27141,1.1920928955078125e-07
NEG_AMPLIFY_trNEGATIVE27143,1.1920928955078125e-07
NEG_AMPLIFY_trNEGATIVE27144,1.1920928955078125e-07
NEG_AMPLIFY_trNEGATIVE27155,0.009901165962219238
NEG_AMPLIFY_trNEGATIVE2718,0.059406161308288574
NEG_AMPLIFY_trNEGATIVE2720,0.7326732873916626
NEG_AMPLIFY_trNEGATIVE27210,0.04950511455535889
NEG_AMPLIFY_trNEGATIVE2728,0.13861405849456787
NEG_AMPLIFY_trNEGATIVE2731,0.029703140258789062
NEG_AMPLIFY_trNEGATIVE27331,1.1920928955078125e-07
NEG_AMPLIFY_trNEGATIVE27335,1.1920928955078125e-07
NEG_AMPLIFY_trNEGATIVE2736,0.029703140258789062
NEG_AMPLIFY_trNEGATIVE27361,1.1920928955078125e-07
NEG_AMPLIFY_trNEGATIVE27379,1.1920928955078125e-07
NEG_AMPLIFY_trNEGATIVE27440,1.1920928955078125e-07
NEG_AMPLIFY_trNEGATIVE2746,0.6732673645019531
NEG_AMPLIFY_trNEGATIVE2768,0.42574262619018555
NEG_AMPLIFY_trNEGATIVE2782,0.20792090892791748
NEG_AMPLIFY_trNEGATIVE2795,0.029703140258789062
NEG_AMPLIFY_trNEGATIVE2799,0.029703140258789062
NEG_AMPLIFY_trNEGATIVE2802,0.009901165962219238
NEG_AMPLIFY_trNEGATIVE2805,0.13861405849456787
NEG_AMPLIFY_trNEGATIVE2806,0.11881208419799805
NEG_AMPLIFY_trNEGATIVE2814,0.16831696033477783
NEG_AMPLIFY_trNEGATIVE2822,1.1920928955078125e-07
NEG_AMPLIFY_trNEGATIVE2831,0.13861405849456787
NEG_AMPLIFY_trNEGATIVE2834,0.029703140258789062
NEG_AMPLIFY_trNEGATIVE2848,0.10891103744506836
NEG_AMPLIFY_trNEGATIVE2856,1.1920928955078125e-07
NEG_AMPLIFY_trNEGATIVE2858,0.16831696033477783
NEG_AMPLIFY_trNEGATIVE2859,1.1920928955078125e-07
NEG_AMPLIFY_trNEGATIVE2867,0.06930708885192871
NEG_AMPLIFY_trNEGATIVE2876,0.06930708885192871
NEG_AMPLIFY_trNEGATIVE2881,0.148514986038208
NEG_AMPLIFY_trNEGATIVE2882,0.0396040678024292
NEG_AMPLIFY_trNEGATIVE2891,0.009901165962219238
NEG_AMPLIFY_trNEGATIVE2892,1.1920928955078125e-07
NEG_AMPLIFY_trNEGATIVE2899,0.08910906314849854
NEG_AMPLIFY_trNEGATIVE2908,0.07920801639556885
NEG_AMPLIFY_trNEGATIVE2909,0.0396040678024292
NEG_AMPLIFY_trNEGATIVE2912,0.08910906314849854
NEG_AMPLIFY_trNEGATIVE2921,0.029703140258789062
NEG_AMPLIFY_trNEGATIVE2935,0.019802093505859375
NEG_AMPLIFY_trNEGATIVE2947,0.04950511455535889
NEG_AMPLIFY_trNEGATIVE2948,0.04950511455535889
NEG_AMPLIFY_trNEGATIVE2960,0.04950511455535889
NEG_AMPLIFY_trNEGATIVE2988,0.1584160327911377
NEG_AMPLIFY_trNEGATIVE3018,0.0792081356048584
NEG_AMPLIFY_trNEGATIVE3019,0.019802093505859375
NEG_AMPLIFY_trNEGATIVE3024,0.1188119649887085
NEG_AMPLIFY_trNEGATIVE3027,0.2277228832244873
NEG_AMPLIFY_trNEGATIVE3058,1.1920928955078125e-07
NEG_AMPLIFY_trNEGATIVE3060,0.019802093505859375
NEG_AMPLIFY_trNEGATIVE3063,0.009901165962219238
NEG_AMPLIFY_trNEGATIVE3065,0.04950511455535889
NEG_AMPLIFY_trNEGATIVE3068,0.15841591358184814
NEG_AMPLIFY_trNEGATIVE3076,0.009901165962219238
NEG_AMPLIFY_trNEGATIVE3083,0.019802093505859375
NEG_AMPLIFY_trNEGATIVE3084,1.1920928955078125e-07
NEG_AMPLIFY_trNEGATIVE3087,0.009901165962219238
NEG_AMPLIFY_trNEGATIVE3088,0.009901165962219238
NEG_AMPLIFY_trNEGATIVE3093,0.07920801639556885
NEG_AMPLIFY_trNEGATIVE3095,0.06930708885192871
NEG_AMPLIFY_trNEGATIVE3097,0.0792081356048584
NEG_AMPLIFY_trNEGATIVE3111,0.029703140258789062
NEG_AMPLIFY_trNEGATIVE3113,1.1920928955078125e-07
NEG_AMPLIFY_trNEGATIVE3119,0.18811893463134766
NEG_AMPLIFY_trNEGATIVE3123,0.18811893463134766
NEG_AMPLIFY_trNEGATIVE3136,1.1920928955078125e-07
NEG_AMPLIFY_trNEGATIVE3140,1.1920928955078125e-07
NEG_AMPLIFY_trNEGATIVE3151,0.20792090892791748
NEG_AMPLIFY_trNEGATIVE3155,1.1920928955078125e-07
NEG_AMPLIFY_trNEGATIVE3157,0.5049505233764648
NEG_AMPLIFY_trNEGATIVE3162,0.059406161308288574
NEG_AMPLIFY_trNEGATIVE3176,0.019802093505859375
NEG_AMPLIFY_trNEGATIVE3179,0.019802212715148926
NEG_AMPLIFY_trNEGATIVE3183,0.009901165962219238
NEG_AMPLIFY_trNEGATIVE3195,0.09901010990142822
NEG_AMPLIFY_trNEGATIVE3211,1.1920928955078125e-07
NEG_AMPLIFY_trNEGATIVE3217,0.29702985286712646
NEG_AMPLIFY_trNEGATIVE3224,0.17821800708770752
NEG_AMPLIFY_trNEGATIVE3241,0.06930708885192871
NEG_AMPLIFY_trNEGATIVE3242,0.06930708885192871
NEG_AMPLIFY_trNEGATIVE3252,1.1920928955078125e-07
NEG_AMPLIFY_trNEGATIVE3253,0.03960418701171875
NEG_AMPLIFY_trNEGATIVE3258,1.1920928955078125e-07
NEG_AMPLIFY_trNEGATIVE3264,0.09901010990142822
NEG_AMPLIFY_trNEGATIVE3272,0.059406161308288574
NEG_AMPLIFY_trNEGATIVE3277,0.009901165962219238
NEG_AMPLIFY_trNEGATIVE3293,0.04950511455535889
NEG_AMPLIFY_trNEGATIVE3303,0.08910906314849854
NEG_AMPLIFY_trNEGATIVE3306,0.23762381076812744
NEG_AMPLIFY_trNEGATIVE3310,0.6138614416122437
NEG_AMPLIFY_trNEGATIVE3322,0.2277228832244873
NEG_AMPLIFY_trNEGATIVE3325,0.2970297932624817
NEG_AMPLIFY_trNEGATIVE3329,0.5742574334144592
NEG_AMPLIFY_trNEGATIVE3336,1.1920928955078125e-07
POS_DRAMP_DRAMP00011,0.6732673645019531
POS_DRAMP_DRAMP00015,0.8910890817642212
POS_DRAMP_DRAMP00021,0.5049505233764648
POS_DRAMP_DRAMP00064,0.10891103744506836
POS_DRAMP_DRAMP00069,0.8217822313308716
POS_DRAMP_DRAMP00076,0.9801980257034302
POS_DRAMP_DRAMP00077,0.9801980257034302
POS_DRAMP_DRAMP00088,0.9108911156654358
POS_DRAMP_DRAMP00096,1.0
POS_DRAMP_DRAMP00099,0.8910890817642212
POS_DRAMP_DRAMP00101,0.9702970385551453
POS_DRAMP_DRAMP00102,0.9405940771102905
POS_DRAMP_DRAMP00107,0.6732673645019531
POS_DRAMP_DRAMP00110,0.9702970385551453
POS_DRAMP_DRAMP00113,0.8217821717262268
POS_DRAMP_DRAMP00114,0.9801980257034302
POS_DRAMP_DRAMP00119,0.9504950642585754
POS_DRAMP_DRAMP00122,0.3663367033004761
POS_DRAMP_DRAMP00124,0.9900990128517151
POS_DRAMP_DRAMP00138,0.801980197429657
POS_DRAMP_DRAMP00139,0.6138614416122437
POS_DRAMP_DRAMP00141,0.8217821717262268
POS_DRAMP_DRAMP00146,0.8118811845779419
POS_DRAMP_DRAMP00153,0.7227723002433777
POS_DRAMP_DRAMP00154,0.34653472900390625
POS_DRAMP_DRAMP00178,0.7920792102813721
POS_DRAMP_DRAMP00190,0.10891103744506836
POS_DRAMP_DRAMP00192,0.7029702663421631
POS_DRAMP_DRAMP00198,0.9108911156654358
POS_DRAMP_DRAMP00202,0.8415841460227966
POS_DRAMP_DRAMP00212,0.7227722406387329
POS_DRAMP_DRAMP00221,0.7326732873916626
POS_DRAMP_DRAMP00235,0.7227722406387329
POS_DRAMP_DRAMP00265,0.1980198621749878
POS_DRAMP_DRAMP00266,0.23762381076812744
POS_DRAMP_DRAMP00294,0.8415841460227966
POS_DRAMP_DRAMP00301,0.059406161308288574
POS_DRAMP_DRAMP00304,0.009901165962219238
POS_DRAMP_DRAMP00306,0.03960418701171875
POS_DRAMP_DRAMP00308,0.09900999069213867
POS_DRAMP_DRAMP00309,0.009901165962219238
POS_DRAMP_DRAMP00311,0.1188119649887085
POS_DRAMP_DRAMP00312,0.09900999069213867
POS_DRAMP_DRAMP00313,0.009901165962219238
POS_DRAMP_DRAMP00315,1.1920928955078125e-07
POS_DRAMP_DRAMP00316,1.1920928955078125e-07
POS_DRAMP_DRAMP00317,0.019802093505859375
POS_DRAMP_DRAMP00384,0.8415841460227966
POS_DRAMP_DRAMP00387,0.7623762488365173
POS_DRAMP_DRAMP00425,0.6435643434524536
POS_DRAMP_DRAMP00427,0.7425742745399475
POS_DRAMP_DRAMP00428,0.8712871074676514
POS_DRAMP_DRAMP00445,0.7821782231330872
POS_DRAMP_DRAMP00447,0.7425742745399475
POS_DRAMP_DRAMP00448,0.7227723002433777
POS_DRAMP_DRAMP00464,0.06930708885192871
POS_DRAMP_DRAMP00468,0.09901010990142822
POS_DRAMP_DRAMP00474,0.7029703259468079
POS_DRAMP_DRAMP00480,0.11881208419799805
POS_DRAMP_DRAMP00483,0.23762381076812744
POS_DRAMP_DRAMP00498,0.24752485752105713
POS_DRAMP_DRAMP00499,0.12871301174163818
POS_DRAMP_DRAMP00500,0.1188119649887085
POS_DRAMP_DRAMP00501,0.09901010990142822
POS_DRAMP_DRAMP00502,0.2574259042739868
POS_DRAMP_DRAMP00503,0.04950511455535889
POS_DRAMP_DRAMP00504,0.12871301174163818
POS_DRAMP_DRAMP00505,0.29702985286712646
POS_DRAMP_DRAMP00519,0.1980198621749878
POS_DRAMP_DRAMP00550,0.029703140258789062
POS_DRAMP_DRAMP00562,0.10891103744506836
POS_DRAMP_DRAMP00563,0.06930708885192871
POS_DRAMP_DRAMP00564,0.13861393928527832
POS_DRAMP_DRAMP00565,0.019802212715148926
POS_DRAMP_DRAMP00574,0.23762381076812744
POS_DRAMP_DRAMP00583,0.1584160327911377
POS_DRAMP_DRAMP00590,0.237623929977417
POS_DRAMP_DRAMP00595,0.06930708885192871
POS_DRAMP_DRAMP00599,0.04950511455535889
POS_DRAMP_DRAMP00600,0.10891103744506836
POS_DRAMP_DRAMP00603,0.13861393928527832
POS_DRAMP_DRAMP00604,0.6138614416122437
POS_DRAMP_DRAMP00605,0.3267327547073364
POS_DRAMP_DRAMP00606,0.148514986038208
POS_DRAMP_DRAMP00614,0.03960418701171875
POS_DRAMP_DRAMP00615,0.059406161308288574
POS_DRAMP_DRAMP00616,0.019802093505859375
POS_DRAMP_DRAMP00617,0.06930708885192871
POS_DRAMP_DRAMP00624,0.1980198621749878
POS_DRAMP_DRAMP00625,0.16831696033477783
POS_DRAMP_DRAMP00626,0.11881208419799805
POS_DRAMP_DRAMP00627,0.1188119649887085
POS_DRAMP_DRAMP00628,0.15841591358184814
POS_DRAMP_DRAMP00673,0.20792090892791748
POS_DRAMP_DRAMP00674,0.23762381076812744
POS_DRAMP_DRAMP00702,0.15841591358184814
POS_DRAMP_DRAMP00716,0.2277228832244873
POS_DRAMP_DRAMP00720,0.029703140258789062
POS_DRAMP_DRAMP00753,0.3069308400154114
POS_DRAMP_DRAMP00757,0.43564361333847046
POS_DRAMP_DRAMP00766,0.8415841460227966
POS_DRAMP_DRAMP00889,0.20792090892791748
POS_DRAMP_DRAMP00960,0.29702985286712646
POS_DRAMP_DRAMP00973,0.7722772359848022
POS_DRAMP_DRAMP00974,0.5148515105247498
POS_DRAMP_DRAMP00998,0.7227723002433777
POS_DRAMP_DRAMP01003,0.11881208419799805
POS_DRAMP_DRAMP01046,0.8316831588745117
POS_DRAMP_DRAMP01048,0.7623762488365173
POS_DRAMP_DRAMP01067,0.17821788787841797
POS_DRAMP_DRAMP01095,0.9702970385551453
POS_DRAMP_DRAMP01096,0.9900990128517151
POS_DRAMP_DRAMP01097,0.9801980257034302
POS_DRAMP_DRAMP01098,1.0
POS_DRAMP_DRAMP01099,0.9702970385551453
POS_DRAMP_DRAMP01100,0.9900990128517151
POS_DRAMP_DRAMP01110,0.9702970385551453
POS_DRAMP_DRAMP01112,0.9900990128517151
POS_DRAMP_DRAMP01116,1.0
POS_DRAMP_DRAMP01118,0.9603960514068604
POS_DRAMP_DRAMP01119,0.9504950642585754
POS_DRAMP_DRAMP01122,1.0
POS_DRAMP_DRAMP01152,0.8217821717262268
POS_DRAMP_DRAMP01153,0.7722772359848022
POS_DRAMP_DRAMP01154,0.5544554591178894
POS_DRAMP_DRAMP01155,0.5247524976730347
POS_DRAMP_DRAMP01159,0.11881208419799805
POS_DRAMP_DRAMP01160,0.10891103744506836
POS_DRAMP_DRAMP01164,0.9603960514068604
POS_DRAMP_DRAMP01166,0.9504950642585754
POS_DRAMP_DRAMP01171,0.9207921028137207
POS_DRAMP_DRAMP01172,0.8712871074676514
POS_DRAMP_DRAMP01173,0.8118811845779419
POS_DRAMP_DRAMP01177,0.7425742149353027
POS_DRAMP_DRAMP01178,0.2772277593612671
POS_DRAMP_DRAMP01179,0.9405940771102905
POS_DRAMP_DRAMP01180,0.9009901285171509
POS_DRAMP_DRAMP01181,0.7524752616882324
POS_DRAMP_DRAMP01182,0.9306930899620056
POS_DRAMP_DRAMP01183,0.9207921028137207
POS_DRAMP_DRAMP01184,0.7029702663421631
POS_DRAMP_DRAMP01185,0.6138613820075989
POS_DRAMP_DRAMP01188,0.5148515105247498
POS_DRAMP_DRAMP01192,0.8910890817642212
POS_DRAMP_DRAMP01218,0.8910890817642212
POS_DRAMP_DRAMP01224,0.9801980257034302
POS_DRAMP_DRAMP01225,0.9504950642585754
POS_DRAMP_DRAMP01230,0.9207921028137207
POS_DRAMP_DRAMP01234,0.9009901285171509
POS_DRAMP_DRAMP01235,0.9009901285171509
POS_DRAMP_DRAMP01236,0.9207921028137207
POS_DRAMP_DRAMP01239,0.9801980257034302
POS_DRAMP_DRAMP01258,0.8712871074676514
POS_DRAMP_DRAMP01274,0.3861386775970459
POS_DRAMP_DRAMP01297,0.17821788787841797
POS_DRAMP_DRAMP01299,0.148514986038208
POS_DRAMP_DRAMP01319,0.8118811845779419
POS_DRAMP_DRAMP01355,1.0
POS_DRAMP_DRAMP01356,0.9702970385551453
POS_DRAMP_DRAMP01357,0.9900990128517151
POS_DRAMP_DRAMP01358,0.9702970385551453
POS_DRAMP_DRAMP01359,1.0
POS_DRAMP_DRAMP01364,1.0
POS_DRAMP_DRAMP01365,0.9702970385551453
POS_DRAMP_DRAMP01366,0.8118811845779419
POS_DRAMP_DRAMP01367,0.8613861799240112
POS_DRAMP_DRAMP01390,0.7425742149353027
POS_DRAMP_DRAMP01452,0.6435643434524536
POS_DRAMP_DRAMP01457,0.8613861799240112
POS_DRAMP_DRAMP01461,0.9504950642585754
POS_DRAMP_DRAMP01463,0.9603960514068604
POS_DRAMP_DRAMP01464,0.9603960514068604
POS_DRAMP_DRAMP01465,1.0
POS_DRAMP_DRAMP01471,0.8514851331710815
POS_DRAMP_DRAMP01472,0.8910890817642212
POS_DRAMP_DRAMP01474,0.9207921028137207
POS_DRAMP_DRAMP01475,0.8316831588745117
POS_DRAMP_DRAMP01477,0.9504950642585754
POS_DRAMP_DRAMP01479,0.9504950642585754
POS_DRAMP_DRAMP01482,0.9801980257034302
POS_DRAMP_DRAMP01483,0.693069338798523
POS_DRAMP_DRAMP01486,0.9801980257034302
POS_DRAMP_DRAMP01488,0.881188154220581
POS_DRAMP_DRAMP01491,1.0
POS_DRAMP_DRAMP01493,0.9702970385551453
POS_DRAMP_DRAMP01494,0.9603960514068604
POS_DRAMP_DRAMP01495,1.0
POS_DRAMP_DRAMP01496,1.0
POS_DRAMP_DRAMP01497,0.9801980257034302
POS_DRAMP_DRAMP01499,1.0
POS_DRAMP_DRAMP01500,0.4752475619316101
POS_DRAMP_DRAMP01501,0.9603960514068604
POS_DRAMP_DRAMP01502,0.9801980257034302
POS_DRAMP_DRAMP01503,1.0
POS_DRAMP_DRAMP01513,0.8613861799240112
POS_DRAMP_DRAMP01514,0.35643571615219116
POS_DRAMP_DRAMP01543,0.5841584205627441
POS_DRAMP_DRAMP01611,0.8712871074676514
POS_DRAMP_DRAMP01614,0.9504950642585754
POS_DRAMP_DRAMP01615,0.7623762488365173
POS_DRAMP_DRAMP01616,0.6336634159088135
POS_DRAMP_DRAMP01617,0.9504950642585754
POS_DRAMP_DRAMP01618,0.9603960514068604
POS_DRAMP_DRAMP01619,0.5841584205627441
POS_DRAMP_DRAMP01628,0.7821782231330872
POS_DRAMP_DRAMP01629,0.6732673645019531
POS_DRAMP_DRAMP01631,0.7326732873916626
POS_DRAMP_DRAMP01638,0.8514851331710815
POS_DRAMP_DRAMP01652,0.9009901285171509
POS_DRAMP_DRAMP01665,0.2277228832244873
POS_DRAMP_DRAMP01666,0.1980198621749878
POS_DRAMP_DRAMP01682,0.8118811845779419
POS_DRAMP_DRAMP01687,0.8712871074676514
POS_DRAMP_DRAMP01699,0.7326732873916626
POS_DRAMP_DRAMP01700,0.9405940771102905
POS_DRAMP_DRAMP01704,0.5544554591178894
POS_DRAMP_DRAMP01705,0.0396040678024292
POS_DRAMP_DRAMP01708,0.2277228832244873
POS_DRAMP_DRAMP01721,0.801980197429657
POS_DRAMP_DRAMP01724,0.9306930899620056
POS_DRAMP_DRAMP01725,1.0
POS_DRAMP_DRAMP01726,0.9801980257034302
POS_DRAMP_DRAMP01729,0.8712871074676514
POS_DRAMP_DRAMP01736,1.0
POS_DRAMP_DRAMP01738,0.9108911156654358
POS_DRAMP_DRAMP01742,1.0
POS_DRAMP_DRAMP01748,0.9405940771102905
POS_DRAMP_DRAMP01763,0.8415841460227966
POS_DRAMP_DRAMP01772,0.9702970385551453
POS_DRAMP_DRAMP01777,0.7722772359848022
POS_DRAMP_DRAMP01779,0.5049505233764648
POS_DRAMP_DRAMP01789,0.9900990128517151
POS_DRAMP_DRAMP01790,0.9801980257034302
POS_DRAMP_DRAMP01792,0.8514851331710815
POS_DRAMP_DRAMP01796,0.9900990128517151
POS_DRAMP_DRAMP01797,0.9900990128517151
POS_DRAMP_DRAMP01807,0.9504950642585754
POS_DRAMP_DRAMP01810,0.8217821717262268
POS_DRAMP_DRAMP01825,0.7524752616882324
POS_DRAMP_DRAMP01826,0.8613861203193665
POS_DRAMP_DRAMP01829,0.8712871074676514
POS_DRAMP_DRAMP01837,0.5346535444259644
POS_DRAMP_DRAMP01838,0.7227722406387329
POS_DRAMP_DRAMP01839,0.485148549079895
POS_DRAMP_DRAMP01843,0.21782195568084717
POS_DRAMP_DRAMP01844,0.8613861203193665
POS_DRAMP_DRAMP01845,0.27722787857055664
POS_DRAMP_DRAMP01846,0.7920792102813721
POS_DRAMP_DRAMP01847,0.9306930899620056
POS_DRAMP_DRAMP01848,0.7821782231330872
POS_DRAMP_DRAMP01896,0.9702970385551453
POS_DRAMP_DRAMP01898,0.9603960514068604
POS_DRAMP_DRAMP01936,0.8217821717262268
POS_DRAMP_DRAMP01941,0.9900990128517151
POS_DRAMP_DRAMP01950,1.0
POS_DRAMP_DRAMP01951,0.9702970385551453
POS_DRAMP_DRAMP01952,0.9900990128517151
POS_DRAMP_DRAMP01980,0.10891103744506836
POS_DRAMP_DRAMP01981,0.11881208419799805
POS_DRAMP_DRAMP01990,0.9900990128517151
POS_DRAMP_DRAMP01991,0.9702970385551453
POS_DRAMP_DRAMP02014,0.9405940771102905
POS_DRAMP_DRAMP02015,0.9108911156654358
POS_DRAMP_DRAMP02035,1.0
POS_DRAMP_DRAMP02040,0.9801980257034302
POS_DRAMP_DRAMP02049,0.9405940771102905
POS_DRAMP_DRAMP02073,1.0
POS_DRAMP_DRAMP02080,0.3168317675590515
POS_DRAMP_DRAMP02125,0.9108911156654358
POS_DRAMP_DRAMP02127,0.801980197429657
POS_DRAMP_DRAMP02128,0.8613861799240112
POS_DRAMP_DRAMP02135,0.9207921028137207
POS_DRAMP_DRAMP02146,0.08910906314849854
POS_DRAMP_DRAMP02167,0.0792081356048584
POS_DRAMP_DRAMP02195,0.7821782231330872
POS_DRAMP_DRAMP02227,0.9801980257034302
POS_DRAMP_DRAMP02234,1.0
POS_DRAMP_DRAMP02235,1.0
POS_DRAMP_DRAMP02236,0.9900990128517151
POS_DRAMP_DRAMP02249,1.0
POS_DRAMP_DRAMP02250,1.0
POS_DRAMP_DRAMP02252,0.8514851331710815
POS_DRAMP_DRAMP02260,0.9801980257034302
POS_DRAMP_DRAMP02261,0.9603960514068604
POS_DRAMP_DRAMP02263,0.9702970385551453
POS_DRAMP_DRAMP02272,0.9801980257034302
POS_DRAMP_DRAMP02284,0.9306930899620056
POS_DRAMP_DRAMP02285,0.9108911156654358
POS_DRAMP_DRAMP02286,0.8712871074676514
POS_DRAMP_DRAMP02287,0.9504950642585754
POS_DRAMP_DRAMP02295,0.9801980257034302
POS_DRAMP_DRAMP02313,0.41584163904190063
POS_DRAMP_DRAMP02333,0.6435643434524536
POS_DRAMP_DRAMP02337,0.7087458372116089
POS_DRAMP_DRAMP02338,0.6237623691558838
POS_DRAMP_DRAMP02354,0.9306930899620056
POS_DRAMP_DRAMP02372,0.8613861203193665
POS_DRAMP_DRAMP02383,0.7920792102813721
POS_DRAMP_DRAMP02389,0.7722772359848022
POS_DRAMP_DRAMP02396,0.7722772359848022
POS_DRAMP_DRAMP02397,0.693069338798523
POS_DRAMP_DRAMP02399,0.7920792102813721
POS_DRAMP_DRAMP02402,0.7821782231330872
POS_DRAMP_DRAMP02407,0.7920792102813721
POS_DRAMP_DRAMP02408,0.029703140258789062
POS_DRAMP_DRAMP02436,0.6633663177490234
POS_DRAMP_DRAMP02443,0.7425742745399475
POS_DRAMP_DRAMP02462,1.1920928955078125e-07
POS_DRAMP_DRAMP02469,0.594059407711029
POS_DRAMP_DRAMP02470,0.485148549079895
POS_DRAMP_DRAMP02478,0.23762381076812744
POS_DRAMP_DRAMP02511,0.6732673645019531
POS_DRAMP_DRAMP02523,1.1920928955078125e-07
POS_DRAMP_DRAMP02526,1.1920928955078125e-07
POS_DRAMP_DRAMP02527,1.1920928955078125e-07
POS_DRAMP_DRAMP02531,1.1920928955078125e-07
POS_DRAMP_DRAMP02533,1.1920928955078125e-07
POS_DRAMP_DRAMP02534,1.1920928955078125e-07
POS_DRAMP_DRAMP02535,1.1920928955078125e-07
POS_DRAMP_DRAMP02537,1.1920928955078125e-07
POS_DRAMP_DRAMP02553,1.1920928955078125e-07
POS_DRAMP_DRAMP02554,1.1920928955078125e-07
POS_DRAMP_DRAMP02558,1.1920928955078125e-07
POS_DRAMP_DRAMP02560,1.1920928955078125e-07
POS_DRAMP_DRAMP02565,1.1920928955078125e-07
POS_DRAMP_DRAMP02584,0.910891056060791
POS_DRAMP_DRAMP02585,0.8613861203193665
POS_DRAMP_DRAMP02591,0.8316831588745117
POS_DRAMP_DRAMP02597,0.9603960514068604
POS_DRAMP_DRAMP02598,0.9504950642585754
POS_DRAMP_DRAMP02599,0.9306930899620056
POS_DRAMP_DRAMP02600,0.9801980257034302
POS_DRAMP_DRAMP02601,0.9603960514068604
POS_DRAMP_DRAMP02607,0.8514851331710815
POS_DRAMP_DRAMP02609,0.8118811845779419
POS_DRAMP_DRAMP02619,0.8514851331710815
POS_DRAMP_DRAMP02632,0.7623762488365173
POS_DRAMP_DRAMP02635,0.801980197429657
POS_DRAMP_DRAMP02641,0.2970297336578369
POS_DRAMP_DRAMP02642,0.9306930899620056
POS_DRAMP_DRAMP02644,0.9306930899620056
POS_DRAMP_DRAMP02655,0.009901165962219238
POS_DRAMP_DRAMP02683,0.7524752616882324
POS_DRAMP_DRAMP02690,0.8316831588745117
POS_DRAMP_DRAMP02702,0.9306930899620056
POS_DRAMP_DRAMP02717,0.9306930899620056
POS_DRAMP_DRAMP02734,0.7227723002433777
POS_DRAMP_DRAMP02740,0.8514851331710815
POS_DRAMP_DRAMP02744,0.801980197429657
POS_DRAMP_DRAMP02745,0.910891056060791
POS_DRAMP_DRAMP02747,0.9207921028137207
POS_DRAMP_DRAMP02762,0.9603960514068604
POS_DRAMP_DRAMP02763,0.9603960514068604
POS_DRAMP_DRAMP02766,0.9504950642585754
POS_DRAMP_DRAMP02800,0.910891056060791
POS_DRAMP_DRAMP02803,0.9405940771102905
POS_DRAMP_DRAMP02805,0.9009901285171509
POS_DRAMP_DRAMP02819,0.9405940771102905
POS_DRAMP_DRAMP02828,0.8118811845779419
POS_DRAMP_DRAMP02842,0.5841584205627441
POS_DRAMP_DRAMP02844,0.7029703259468079
POS_DRAMP_DRAMP02847,1.1920928955078125e-07
POS_DRAMP_DRAMP02848,1.1920928955078125e-07
POS_DRAMP_DRAMP02854,0.9603960514068604
POS_DRAMP_DRAMP02856,0.8415841460227966
POS_DRAMP_DRAMP02857,0.881188154220581
POS_DRAMP_DRAMP02871,0.693069338798523
POS_DRAMP_DRAMP02873,0.881188154220581
POS_DRAMP_DRAMP02875,1.1920928955078125e-07
POS_DRAMP_DRAMP02876,0.6831682920455933
POS_DRAMP_DRAMP02877,0.9306930899620056
POS_DRAMP_DRAMP02905,0.7029702663421631
POS_DRAMP_DRAMP02910,0.7524752616882324
POS_DRAMP_DRAMP02911,0.7623762488365173
POS_DRAMP_DRAMP02912,0.9603960514068604
POS_DRAMP_DRAMP02913,0.9108911156654358
POS_DRAMP_DRAMP02917,0.7227722406387329
POS_DRAMP_DRAMP02919,0.6336634159088135
POS_DRAMP_DRAMP02920,0.8415841460227966
POS_DRAMP_DRAMP02925,0.6732673645019531
POS_DRAMP_DRAMP02930,0.35643571615219116
POS_DRAMP_DRAMP02941,0.29702985286712646
POS_DRAMP_DRAMP02942,0.7326732873916626
POS_DRAMP_DRAMP02956,0.7128713130950928
POS_DRAMP_DRAMP02961,0.7920792102813721
POS_DRAMP_DRAMP02970,0.9603960514068604
POS_DRAMP_DRAMP02971,0.891089141368866
POS_DRAMP_DRAMP02972,0.9702970385551453
POS_DRAMP_DRAMP02973,0.9009901285171509
POS_DRAMP_DRAMP02974,0.9702970385551453
POS_DRAMP_DRAMP02987,0.3267327547073364
POS_DRAMP_DRAMP02988,0.27722787857055664
POS_DRAMP_DRAMP02995,0.8514851331710815
POS_DRAMP_DRAMP03029,0.9306930899620056
POS_DRAMP_DRAMP03030,0.9306930899620056
POS_DRAMP_DRAMP03043,0.8217822313308716
POS_DRAMP_DRAMP03048,0.6633663177490234
POS_DRAMP_DRAMP03053,0.801980197429657
POS_DRAMP_DRAMP03054,0.7722772359848022
POS_DRAMP_DRAMP03084,0.9405940771102905
POS_DRAMP_DRAMP03085,0.9603960514068604
POS_DRAMP_DRAMP03086,0.9504950642585754
POS_DRAMP_DRAMP03116,0.8514851331710815
POS_DRAMP_DRAMP03126,0.5346534848213196
POS_DRAMP_DRAMP03151,0.9801980257034302
POS_DRAMP_DRAMP03152,0.8415841460227966
POS_DRAMP_DRAMP03153,0.6435644030570984
POS_DRAMP_DRAMP03169,0.7326732873916626
POS_DRAMP_DRAMP03192,0.9702970385551453
POS_DRAMP_DRAMP03194,0.2871288061141968
POS_DRAMP_DRAMP03195,0.6732673645019531
POS_DRAMP_DRAMP03196,0.9603960514068604
POS_DRAMP_DRAMP03197,0.9405940771102905
POS_DRAMP_DRAMP03206,0.3069307804107666
POS_DRAMP_DRAMP03207,0.6138614416122437
POS_DRAMP_DRAMP03208,0.9702970385551453
POS_DRAMP_DRAMP03209,0.9207921028137207
POS_DRAMP_DRAMP03212,0.9801980257034302
POS_DRAMP_DRAMP03226,0.7722772359848022
POS_DRAMP_DRAMP03227,0.9603960514068604
POS_DRAMP_DRAMP03228,0.9504950642585754
POS_DRAMP_DRAMP03234,0.33663374185562134
POS_DRAMP_DRAMP03235,0.10891103744506836
POS_DRAMP_DRAMP03255,0.9504950642585754
POS_DRAMP_DRAMP03278,0.8811880946159363
POS_DRAMP_DRAMP03281,0.9108911156654358
POS_DRAMP_DRAMP03283,0.9405940771102905
POS_DRAMP_DRAMP03285,0.8514851331710815
POS_DRAMP_DRAMP03288,0.6831682920455933
POS_DRAMP_DRAMP03289,0.6435643434524536
POS_DRAMP_DRAMP03290,0.693069338798523
POS_DRAMP_DRAMP03296,0.7029703259468079
POS_DRAMP_DRAMP03303,0.6138614416122437
POS_DRAMP_DRAMP03311,0.7326732873916626
POS_DRAMP_DRAMP03352,0.3861386775970459
POS_DRAMP_DRAMP03382,0.693069338798523
POS_DRAMP_DRAMP03383,0.8217821717262268
POS_DRAMP_DRAMP03392,0.13861393928527832
POS_DRAMP_DRAMP03393,0.8712871074676514
POS_DRAMP_DRAMP03394,0.06930708885192871
POS_DRAMP_DRAMP03395,0.6237623691558838
POS_DRAMP_DRAMP03396,0.6237623691558838
POS_DRAMP_DRAMP03405,0.9405940771102905
POS_DRAMP_DRAMP03406,0.693069338798523
POS_DRAMP_DRAMP03408,0.9009901285171509
POS_DRAMP_DRAMP03409,0.8316831588745117
POS_DRAMP_DRAMP03410,0.9405940771102905
POS_DRAMP_DRAMP03411,0.8415841460227966
POS_DRAMP_DRAMP03419,0.9504950642585754
POS_DRAMP_DRAMP03420,0.9702970385551453
POS_DRAMP_DRAMP03436,0.7128713130950928
POS_DRAMP_DRAMP03437,0.10891103744506836
POS_DRAMP_DRAMP03440,0.04950511455535889
POS_DRAMP_DRAMP03447,1.1920928955078125e-07
POS_DRAMP_DRAMP03448,0.8217821717262268
POS_DRAMP_DRAMP03449,0.6237623691558838
POS_DRAMP_DRAMP03450,0.11881208419799805
POS_DRAMP_DRAMP03459,0.8316831588745117
POS_DRAMP_DRAMP03479,0.9603960514068604
POS_DRAMP_DRAMP03481,0.9603960514068604
POS_DRAMP_DRAMP03482,1.1920928955078125e-07
POS_DRAMP_DRAMP03483,0.009901165962219238
POS_DRAMP_DRAMP03485,0.910891056060791
POS_DRAMP_DRAMP03494,0.20792090892791748
POS_DRAMP_DRAMP03496,0.9009901285171509
POS_DRAMP_DRAMP03497,0.26732683181762695
POS_DRAMP_DRAMP03498,0.17821788787841797
POS_DRAMP_DRAMP03502,0.9603960514068604
POS_DRAMP_DRAMP03503,0.9306930899620056
POS_DRAMP_DRAMP03504,0.9900990128517151
POS_DRAMP_DRAMP03505,0.9405940771102905
POS_DRAMP_DRAMP03507,0.9801980257034302
POS_DRAMP_DRAMP03509,0.9306930899620056
POS_DRAMP_DRAMP03510,0.9207921028137207
POS_DRAMP_DRAMP03511,0.9702970385551453
POS_DRAMP_DRAMP03520,0.6831682920455933
POS_DRAMP_DRAMP03525,0.6435643434524536
POS_DRAMP_DRAMP03526,0.6732673645019531
POS_DRAMP_DRAMP03529,0.9900990128517151
POS_DRAMP_DRAMP03530,0.8217821717262268
POS_DRAMP_DRAMP03531,0.7524752616882324
POS_DRAMP_DRAMP03538,0.9603960514068604
POS_DRAMP_DRAMP03542,0.7227722406387329
POS_DRAMP_DRAMP03544,0.8118811845779419
POS_DRAMP_DRAMP03617,0.9504950642585754
POS_DRAMP_DRAMP03618,0.8217821717262268
POS_DRAMP_DRAMP03650,0.9405940771102905
POS_DRAMP_DRAMP03662,0.9504950642585754
POS_DRAMP_DRAMP03702,0.9405940771102905
POS_DRAMP_DRAMP03707,0.5940594673156738
POS_DRAMP_DRAMP03724,0.9801980257034302
POS_DRAMP_DRAMP03726,0.8910890817642212
POS_DRAMP_DRAMP03727,0.6633663177490234
POS_DRAMP_DRAMP03729,0.009901165962219238
POS_DRAMP_DRAMP03730,0.05940604209899902
POS_DRAMP_DRAMP03731,0.019802093505859375
POS_DRAMP_DRAMP03732,0.029703140258789062
POS_DRAMP_DRAMP03733,0.6435643434524536
POS_DRAMP_DRAMP03739,0.9009901285171509
POS_DRAMP_DRAMP03741,0.7326732873916626
POS_DRAMP_DRAMP03742,0.7425742149353027
POS_DRAMP_DRAMP03745,0.9702970385551453
POS_DRAMP_DRAMP03766,0.7029703259468079
POS_DRAMP_DRAMP03771,0.9405940771102905
POS_DRAMP_DRAMP03778,0.019802093505859375
POS_DRAMP_DRAMP03797,0.8217821717262268
POS_DRAMP_DRAMP03798,0.7425742745399475
POS_DRAMP_DRAMP03802,0.9801980257034302
POS_DRAMP_DRAMP03806,0.9405940771102905
POS_DRAMP_DRAMP03822,0.4554455876350403
POS_DRAMP_DRAMP03826,0.8316831588745117
POS_DRAMP_DRAMP03827,0.8712871074676514
POS_DRAMP_DRAMP03828,0.9108911156654358
POS_DRAMP_DRAMP03830,0.6138613820075989
POS_DRAMP_DRAMP03833,0.8712871074676514
POS_DRAMP_DRAMP03835,0.7425742745399475
POS_DRAMP_DRAMP03856,0.7029702663421631
POS_DRAMP_DRAMP03866,0.5445544719696045
POS_DRAMP_DRAMP03867,0.5841584205627441
POS_DRAMP_DRAMP03872,0.5940594673156738
POS_DRAMP_DRAMP03941,0.3366338014602661
POS_DRAMP_DRAMP03945,0.881188154220581
POS_DRAMP_DRAMP03946,0.9801980257034302
POS_DRAMP_DRAMP03947,0.9801980257034302
POS_DRAMP_DRAMP03948,0.9504950642585754
POS_DRAMP_DRAMP03949,0.9504950642585754
POS_DRAMP_DRAMP03954,0.03960418701171875
POS_DRAMP_DRAMP03955,1.1920928955078125e-07
POS_DRAMP_DRAMP03957,0.7722772359848022
POS_DRAMP_DRAMP03958,0.7623762488365173
POS_DRAMP_DRAMP03959,0.594059407711029
POS_DRAMP_DRAMP03960,0.7029702663421631
POS_DRAMP_DRAMP03986,0.8613861799240112
POS_DRAMP_DRAMP03989,0.7821782231330872
POS_DRAMP_DRAMP03995,0.7722772359848022
POS_DRAMP_DRAMP03997,0.8415841460227966
POS_DRAMP_DRAMP04011,0.9504950642585754
POS_DRAMP_DRAMP04012,0.9702970385551453
POS_DRAMP_DRAMP04013,0.9900990128517151
POS_DRAMP_DRAMP04027,0.6435643434524536
POS_DRAMP_DRAMP04032,0.9009901285171509
POS_DRAMP_DRAMP04039,1.0
POS_DRAMP_DRAMP04040,1.0
POS_DRAMP_DRAMP04041,1.0
POS_DRAMP_DRAMP04049,0.603960394859314
POS_DRAMP_DRAMP04069,0.6336634159088135
POS_DRAMP_DRAMP04072,0.06930708885192871
POS_DRAMP_DRAMP04075,0.801980197429657
POS_DRAMP_DRAMP04076,0.7920792102813721
POS_DRAMP_DRAMP04077,0.7722772359848022
POS_DRAMP_DRAMP04078,0.8217821717262268
POS_DRAMP_DRAMP04079,0.6369637250900269
POS_DRAMP_DRAMP04080,0.5247524976730347
POS_DRAMP_DRAMP04081,0.801980197429657
POS_DRAMP_DRAMP04082,0.801980197429657
POS_DRAMP_DRAMP04096,0.19801998138427734
POS_DRAMP_DRAMP04098,0.41584163904190063
POS_DRAMP_DRAMP04136,0.6336634159088135
POS_DRAMP_DRAMP04139,0.3267327547073364
POS_DRAMP_DRAMP04141,0.18811893463134766
POS_DRAMP_DRAMP04171,0.7029703259468079
POS_DRAMP_DRAMP04175,0.6138614416122437
POS_DRAMP_DRAMP04176,0.693069338798523
POS_DRAMP_DRAMP04178,0.7920792102813721
POS_DRAMP_DRAMP04179,0.6633663177490234
POS_DRAMP_DRAMP04184,0.9207921028137207
POS_DRAMP_DRAMP04190,0.9702970385551453
POS_DRAMP_DRAMP04213,0.881188154220581
POS_DRAMP_DRAMP04214,0.7623762488365173
POS_DRAMP_DRAMP04217,0.41584163904190063
POS_DRAMP_DRAMP04218,0.41584163904190063
POS_DRAMP_DRAMP04230,0.8316831588745117
POS_DRAMP_DRAMP04231,0.7054455280303955
POS_DRAMP_DRAMP04232,0.574257493019104
POS_DRAMP_DRAMP04245,0.5148515105247498
POS_DRAMP_DRAMP04246,0.7821782231330872
POS_DRAMP_DRAMP04287,0.8217821717262268
POS_DRAMP_DRAMP04293,0.4059406518936157
POS_DRAMP_DRAMP04294,0.5173267722129822
POS_DRAMP_DRAMP04296,0.2772277593612671
POS_DRAMP_DRAMP04298,0.9702970385551453
POS_DRAMP_DRAMP04301,0.3069307804107666
POS_DRAMP_DRAMP04304,0.3589109778404236
POS_DRAMP_DRAMP04306,0.8118811845779419
POS_DRAMP_DRAMP04317,0.881188154220581
POS_DRAMP_DRAMP04319,0.8316831588745117
POS_DRAMP_DRAMP04328,0.43564361333847046
POS_DRAMP_DRAMP04332,0.5445544719696045
POS_DRAMP_DRAMP04353,0.34653472900390625
POS_DRAMP_DRAMP04356,0.6534653902053833
POS_DRAMP_DRAMP04376,0.6336634159088135
POS_DRAMP_DRAMP04410,0.3267327547073364
POS_DRAMP_DRAMP04439,0.10891103744506836
POS_DRAMP_DRAMP04474,0.019802212715148926
POS_DRAMP_DRAMP04478,0.029703140258789062
POS_DRAMP_DRAMP04480,0.019802212715148926
POS_DRAMP_DRAMP04483,0.574257493019104
POS_DRAMP_DRAMP04499,0.8316831588745117
POS_DRAMP_DRAMP04527,0.6732673645019531
POS_DRAMP_DRAMP04533,0.5445544719696045
POS_DRAMP_DRAMP04543,0.7722772359848022
POS_DRAMP_DRAMP04557,0.7425742149353027
POS_DRAMP_DRAMP04558,0.8712871074676514
POS_DRAMP_DRAMP04559,0.7524752616882324
POS_DRAMP_DRAMP04563,0.15841591358184814
POS_DRAMP_DRAMP04565,0.7623762488365173
POS_DRAMP_DRAMP04566,0.8168317079544067
POS_DRAMP_DRAMP04577,0.9900990128517151
POS_DRAMP_DRAMP04580,0.6732673645019531
POS_DRAMP_DRAMP04582,0.8415842056274414
POS_DRAMP_DRAMP04583,0.7128713130950928
POS_DRAMP_DRAMP04584,0.7029703259468079
POS_DRAMP_DRAMP04585,0.7029702663421631
POS_DRAMP_DRAMP04595,0.603960394859314
POS_DRAMP_DRAMP04596,0.7821782231330872
POS_DRAMP_DRAMP04605,0.7722772359848022
POS_DRAMP_DRAMP04617,0.7425742149353027
POS_DRAMP_DRAMP04618,0.7623762488365173
POS_DRAMP_DRAMP04619,0.8217822313308716
POS_DRAMP_DRAMP04620,0.8316831588745117
POS_DRAMP_DRAMP04640,0.9504950642585754
POS_DRAMP_DRAMP04644,0.9009901285171509
POS_DRAMP_DRAMP04654,0.8316831588745117
POS_DRAMP_DRAMP04665,0.693069338798523
POS_DRAMP_DRAMP04682,0.029703140258789062
POS_DRAMP_DRAMP04700,0.16831696033477783
POS_DRAMP_DRAMP04703,0.35643571615219116
POS_DRAMP_DRAMP04704,0.5247524976730347
POS_DRAMP_DRAMP04705,0.2772277593612671
POS_DRAMP_DRAMP04706,0.19801998138427734
POS_DRAMP_DRAMP04707,0.26732683181762695
POS_DRAMP_DRAMP04708,0.17821800708770752
POS_DRAMP_DRAMP04709,0.2871288061141968
POS_DRAMP_DRAMP04710,0.25742578506469727
POS_DRAMP_DRAMP04711,0.3663367033004761
POS_DRAMP_DRAMP04712,0.3663367033004761
POS_DRAMP_DRAMP04713,0.3069307804107666
POS_DRAMP_DRAMP04714,0.08910906314849854
POS_DRAMP_DRAMP04715,0.06930708885192871
POS_DRAMP_DRAMP04716,0.33663374185562134
POS_DRAMP_DRAMP04717,0.34653472900390625
POS_DRAMP_DRAMP04718,0.29702985286712646
POS_DRAMP_DRAMP18098,0.06930708885192871
POS_DRAMP_DRAMP18109,0.07920801639556885
POS_DRAMP_DRAMP18120,0.2871288061141968
POS_DRAMP_DRAMP18137,0.9603960514068604
POS_DRAMP_DRAMP18187,0.8613861799240112
POS_DRAMP_DRAMP18189,0.9801980257034302
POS_DRAMP_DRAMP18196,1.0
POS_DRAMP_DRAMP18200,0.3960396647453308
POS_DRAMP_DRAMP18201,0.3168318271636963
POS_DRAMP_DRAMP18202,0.42574262619018555
POS_DRAMP_DRAMP18221,0.801980197429657
POS_DRAMP_DRAMP18228,0.3960396647453308
POS_DRAMP_DRAMP18267,0.1584160327911377
POS_DRAMP_DRAMP18278,0.3861386775970459
POS_DRAMP_DRAMP18280,0.8910890817642212
POS_DRAMP_DRAMP18282,0.27722787857055664
POS_DRAMP_DRAMP18283,0.4653465747833252
POS_DRAMP_DRAMP18312,0.019802212715148926
POS_DRAMP_DRAMP18366,0.19801998138427734
POS_DRAMP_DRAMP18367,0.17821800708770752
POS_DRAMP_DRAMP18369,0.3069307804107666
POS_DRAMP_DRAMP18386,0.3688119649887085
POS_DRAMP_DRAMP18389,0.7227723002433777
POS_DRAMP_DRAMP18392,0.6732673048973083
POS_DRAMP_DRAMP18404,0.3366338014602661
POS_DRAMP_DRAMP18417,0.6138614416122437
POS_DRAMP_DRAMP18425,0.801980197429657
POS_DRAMP_DRAMP18426,0.7524752616882324
POS_DRAMP_DRAMP18430,0.2277228832244873
POS_DRAMP_DRAMP18451,0.881188154220581
POS_DRAMP_DRAMP18452,0.9009901285171509
POS_DRAMP_DRAMP18456,0.42574262619018555
POS_DRAMP_DRAMP18476,0.6831682920455933
POS_DRAMP_DRAMP18477,0.6435643434524536
POS_DRAMP_DRAMP18478,0.6435643434524536
POS_DRAMP_DRAMP18479,0.6237623691558838
POS_DRAMP_DRAMP18480,0.693069338798523
POS_DRAMP_DRAMP18481,0.594059407711029
POS_DRAMP_DRAMP18482,0.5940594673156738
POS_DRAMP_DRAMP18483,0.6237623691558838
POS_DRAMP_DRAMP18484,0.7425742149353027
POS_DRAMP_DRAMP18485,0.5346534848213196
POS_DRAMP_DRAMP18486,0.5544554591178894
POS_DRAMP_DRAMP18487,0.5841584205627441
POS_DRAMP_DRAMP18488,0.7920792102813721
POS_DRAMP_DRAMP18491,0.8415842056274414
POS_DRAMP_DRAMP18500,0.5148515105247498
POS_DRAMP_DRAMP18506,0.7920792102813721
POS_DRAMP_DRAMP18509,0.7326732873916626
POS_DRAMP_DRAMP18565,0.6336633563041687
POS_DRAMP_DRAMP18569,0.26732683181762695
POS_DRAMP_DRAMP18572,0.2772277593612671
POS_DRAMP_DRAMP18588,0.9207921028137207
POS_DRAMP_DRAMP18611,0.801980197429657
POS_DRAMP_DRAMP18615,0.8316831588745117
POS_DRAMP_DRAMP18616,0.603960394859314
POS_DRAMP_DRAMP18617,0.910891056060791
POS_DRAMP_DRAMP18618,0.7524752616882324
POS_DRAMP_DRAMP18622,0.6732673645019531
POS_DRAMP_DRAMP18645,0.26732683181762695
POS_DRAMP_DRAMP18647,0.4554455876350403
POS_DRAMP_DRAMP18656,0.6336634159088135
POS_DRAMP_DRAMP18658,0.8217821717262268
POS_DRAMP_DRAMP18665,0.8910890817642212
POS_DRAMP_DRAMP18668,0.1980198621749878
POS_DRAMP_DRAMP18669,0.6534653902053833
POS_DRAMP_DRAMP18674,0.7227722406387329
POS_DRAMP_DRAMP18685,0.7524752616882324
POS_DRAMP_DRAMP18704,0.801980197429657
POS_DRAMP_DRAMP18721,0.683168351650238
POS_DRAMP_DRAMP18724,0.4606318473815918
POS_DRAMP_DRAMP20776,0.6732673645019531
POS_DRAMP_DRAMP20790,0.9009901285171509
POS_DRAMP_DRAMP20792,0.9504950642585754
POS_DRAMP_DRAMP20793,0.8415841460227966
POS_DRAMP_DRAMP20794,0.9207921028137207
POS_DRAMP_DRAMP20797,0.8613861799240112
POS_DRAMP_DRAMP20803,0.8316831588745117
POS_DRAMP_DRAMP20804,0.10891103744506836
POS_DRAMP_DRAMP20819,0.7821782231330872
POS_DRAMP_DRAMP20829,0.9702970385551453
POS_DRAMP_DRAMP20830,0.9405940771102905
POS_DRAMP_DRAMP20869,0.6534653902053833
POS_DRAMP_DRAMP20879,0.881188154220581
POS_DRAMP_DRAMP20880,0.8514851331710815
POS_DRAMP_DRAMP20909,0.8316831588745117
POS_DRAMP_DRAMP20926,0.8811880946159363
POS_DRAMP_DRAMP20935,0.9207921028137207
POS_DRAMP_DRAMP20959,0.8118811845779419
POS_DRAMP_DRAMP20960,0.7623761892318726
POS_DRAMP_DRAMP20965,0.5049505233764648
POS_DRAMP_DRAMP20994,0.8316831588745117
POS_DRAMP_DRAMP21029,0.4158416986465454
POS_DRAMP_DRAMP21042,0.8712871074676514
POS_DRAMP_DRAMP21043,0.7425742745399475
POS_DRAMP_DRAMP21044,0.7029702663421631
POS_DRAMP_DRAMP21045,0.7524752616882324
POS_DRAMP_DRAMP21046,0.6831682920455933
POS_DRAMP_DRAMP21076,0.7920792102813721
POS_DRAMP_DRAMP21077,0.7524752616882324
POS_DRAMP_DRAMP21097,0.5247524976730347
POS_DRAMP_DRAMP21104,0.8910890817642212
POS_DRAMP_DRAMP21106,0.4059406518936157
POS_DRAMP_DRAMP21109,0.910891056060791
POS_DRAMP_DRAMP21137,0.6567656993865967
POS_DRAMP_DRAMP21138,0.7161716222763062
POS_DRAMP_DRAMP21146,0.7524752616882324
POS_DRAMP_DRAMP21152,0.6435643434524536
POS_DRAMP_DRAMP21177,0.8613861203193665
POS_DRAMP_DRAMP21196,0.693069338798523
POS_DRAMP_DRAMP21202,0.8316831588745117
POS_DRAMP_DRAMP21203,0.3960396647453308
POS_DRAMP_DRAMP21204,0.43564361333847046
POS_DRAMP_DRAMP21205,0.5346535444259644
POS_DRAMP_DRAMP21206,0.5049505233764648
POS_DRAMP_DRAMP21207,0.4059406518936157
POS_DRAMP_DRAMP21208,0.376237690448761
POS_DRAMP_DRAMP21209,0.5247524976730347
POS_DRAMP_DRAMP21210,0.4752475619316101
POS_DRAMP_DRAMP21211,0.5148515105247498
POS_DRAMP_DRAMP21222,0.8217821717262268
POS_DRAMP_DRAMP21246,0.693069338798523
POS_DRAMP_DRAMP21247,0.7029703259468079
POS_DRAMP_DRAMP21251,0.5247524976730347
POS_DRAMP_DRAMP21255,0.41584163904190063
POS_DRAMP_DRAMP21307,0.7920792102813721
POS_DRAMP_DRAMP21308,0.7722772359848022
POS_DRAMP_DRAMP21309,0.9108911156654358
POS_DRAMP_DRAMP21327,0.6138614416122437
POS_DRAMP_DRAMP21330,0.6732673645019531
POS_DRAMP_DRAMP21333,0.6237623691558838
POS_DRAMP_DRAMP21334,0.7821782231330872
POS_DRAMP_DRAMP21335,0.8514851331710815
POS_DRAMP_DRAMP21336,0.6237623691558838
POS_DRAMP_DRAMP21349,0.5643564462661743
POS_DRAMP_DRAMP21350,0.5940594673156738
POS_DRAMP_DRAMP21353,0.5445544719696045
POS_DRAMP_DRAMP21354,0.594059407711029
POS_DRAMP_DRAMP21360,0.603960394859314
POS_DRAMP_DRAMP21361,0.6336634159088135
POS_DRAMP_DRAMP21377,0.6138614416122437
POS_DRAMP_DRAMP21378,0.7821782231330872
POS_DRAMP_DRAMP21386,0.6237623691558838
POS_DRAMP_DRAMP21390,0.3267327547073364
POS_DRAMP_DRAMP21391,0.4059406518936157
POS_DRAMP_DRAMP21414,0.910891056060791
POS_DRAMP_DRAMP21419,0.6831682920455933
POS_DRAMP_DRAMP21420,0.8415842056274414
POS_DRAMP_DRAMP21422,0.8316831588745117
POS_DRAMP_DRAMP21427,0.3267327547073364
POS_DRAMP_DRAMP21429,0.6435643434524536
POS_DRAMP_DRAMP21635,0.12871301174163818
POS_DRAMP_DRAMP21636,0.17821800708770752
POS_DRAMP_DRAMP21637,0.09901010990142822
POS_DRAMP_DRAMP21639,0.24752485752105713
POS_DRAMP_DRAMP21641,0.20792090892791748
POS_DRAMP_DRAMP21642,0.12871301174163818
POS_DRAMP_DRAMP21643,0.05940604209899902
POS_DRAMP_DRAMP29001,0.6435643434524536
POS_DRAMP_DRAMP29003,0.7425742745399475
POS_DRAMP_DRAMP29018,0.8613861799240112
POS_DRAMP_DRAMP29028,0.8877887725830078
POS_DRAMP_DRAMP29029,0.867986798286438
POS_DRAMP_DRAMP29034,0.9207921028137207
POS_DRAMP_DRAMP29035,0.8316831588745117
POS_DRAMP_DRAMP29036,0.8316831588745117
POS_DRAMP_DRAMP29037,0.9009901285171509
POS_DRAMP_DRAMP29038,0.9009901285171509
POS_DRAMP_DRAMP29039,0.7425742745399475
POS_DRAMP_DRAMP29050,0.8217821717262268
POS_DRAMP_DRAMP29051,0.7821782231330872
POS_DRAMP_DRAMP29052,0.9405940771102905
POS_DRAMP_DRAMP29053,0.5544554591178894
POS_DRAMP_DRAMP29059,0.6633663177490234
POS_DRAMP_DRAMP29060,0.7128713130950928
POS_DRAMP_DRAMP29064,0.6732673645019531
POS_DRAMP_DRAMP29074,0.9009901285171509
POS_DRAMP_DRAMP29075,0.8118811845779419
POS_DRAMP_DRAMP29076,0.6072607040405273
POS_DRAMP_DRAMP29077,0.8118811845779419
POS_DRAMP_DRAMP29078,0.7920792102813721
POS_DRAMP_DRAMP29087,0.6237623691558838
POS_DRAMP_DRAMP29092,0.4752475619316101
POS_DRAMP_DRAMP29096,0.2871288061141968
POS_DRAMP_DRAMP29099,0.7920792102813721
POS_DRAMP_DRAMP29101,0.8712871074676514
POS_DRAMP_DRAMP29103,0.574257493019104
POS_DRAMP_DRAMP29104,0.2871288061141968
POS_DRAMP_DRAMP29109,0.6633663177490234
POS_DRAMP_DRAMP29115,0.44554460048675537
POS_DRAMP_DRAMP29117,0.7425742745399475
POS_DRAMP_DRAMP29119,0.7722772359848022
POS_DRAMP_DRAMP29122,0.49504953622817993
POS_DRAMP_DRAMP29128,0.8316831588745117
POS_DRAMP_DRAMP29145,0.603960394859314
POS_DRAMP_DRAMP29147,0.8217821717262268
POS_DRAMP_DRAMP29149,0.6732673645019531
POS_DRAMP_DRAMP29202,0.19801998138427734
POS_DRAMP_DRAMP29205,0.10891103744506836
POS_DRAMP_DRAMP29242,0.3267327547073364
POS_DRAMP_DRAMP29246,0.029703140258789062
POS_DRAMP_DRAMP29255,0.3168318271636963
POS_DRAMP_DRAMP29263,0.059406161308288574
POS_DRAMP_DRAMP29264,0.04950511455535889
POS_DRAMP_DRAMP29265,0.029703140258789062
POS_DRAMP_DRAMP29266,0.03960418701171875
POS_DRAMP_DRAMP29267,0.03960418701171875
POS_DRAMP_DRAMP29268,0.019802093505859375
POS_DRAMP_DRAMP29269,0.08910906314849854
POS_DRAMP_DRAMP29270,0.12871301174163818
POS_DRAMP_DRAMP29275,0.1188119649887085
POS_DRAMP_DRAMP29276,0.1188119649887085
POS_DRAMP_DRAMP29277,0.12871301174163818
POS_DRAMP_DRAMP29278,0.20792090892791748
POS_DRAMP_DRAMP29283,0.17821800708770752
POS_DRAMP_DRAMP29284,0.08910906314849854
POS_DRAMP_DRAMP29285,0.009901165962219238
POS_DRAMP_DRAMP29286,0.059406161308288574
POS_DRAMP_DRAMP29295,0.08910906314849854
POS_DRAMP_DRAMP29296,0.029703140258789062
POS_DRAMP_DRAMP29297,0.13861393928527832
POS_DRAMP_DRAMP29298,0.43564361333847046
POS_DRAMP_DRAMP29950,0.5346534848213196
POS_DRAMP_DRAMP29951,0.7326732873916626
POS_DRAMP_DRAMP29957,0.44554460048675537
POS_DRAMP_DRAMP29994,0.08910906314849854
POS_DRAMP_DRAMP30030,0.12871301174163818
POS_DRAMP_DRAMP30043,0.10891103744506836
POS_DRAMP_DRAMP30047,0.5148515701293945
POS_DRAMP_DRAMP30056,0.18811893463134766
POS_DRAMP_DRAMP30065,0.3861386775970459
POS_DRAMP_DRAMP30068,0.0792081356048584
POS_DRAMP_DRAMP30076,0.20792090892791748
POS_DRAMP_DRAMP30084,0.06930708885192871
POS_DRAMP_DRAMP30093,0.21782183647155762
POS_DRAMP_DRAMP30097,0.03960418701171875
POS_DRAMP_DRAMP30106,0.17821800708770752
POS_DRAMP_DRAMP30124,0.44554460048675537
POS_DRAMP_DRAMP30127,0.4059406518936157
POS_DRAMP_DRAMP30130,0.5148515701293945
POS_DRAMP_DRAMP30136,0.485148549079895
POS_DRAMP_DRAMP30148,0.06930708885192871
POS_DRAMP_DRAMP30149,0.13861405849456787
POS_DRAMP_DRAMP30150,0.019802093505859375
POS_DRAMP_DRAMP30152,0.5841584205627441
POS_DRAMP_DRAMP30157,0.148514986038208
POS_DRAMP_DRAMP30161,0.21782195568084717
POS_DRAMP_DRAMP30162,0.17821800708770752
POS_DRAMP_DRAMP30163,0.11881208419799805
POS_DRAMP_DRAMP30165,0.21782183647155762
POS_DRAMP_DRAMP30186,0.148514986038208
POS_DRAMP_DRAMP30194,0.09901010990142822
POS_DRAMP_DRAMP30195,0.08910906314849854
POS_DRAMP_DRAMP30196,0.08910906314849854
POS_DRAMP_DRAMP30197,0.08910906314849854
POS_DRAMP_DRAMP30198,0.07920801639556885
POS_DRAMP_DRAMP30199,0.08910906314849854
POS_DRAMP_DRAMP30200,0.029703140258789062
POS_DRAMP_DRAMP30201,0.0792081356048584
POS_DRAMP_DRAMP30202,0.019802093505859375
POS_DRAMP_DRAMP30203,0.04950511455535889
POS_DRAMP_DRAMP30204,0.0396040678024292
POS_DRAMP_DRAMP30205,0.04950511455535889
POS_DRAMP_DRAMP30206,0.0396040678024292
POS_DRAMP_DRAMP30207,0.0792081356048584
POS_DRAMP_DRAMP30208,0.029703140258789062
POS_DRAMP_DRAMP30209,0.03960418701171875
POS_DRAMP_DRAMP30210,0.18811893463134766
POS_DRAMP_DRAMP30214,0.237623929977417
POS_DRAMP_DRAMP30215,0.08910906314849854
POS_DRAMP_DRAMP30216,0.09901010990142822
POS_DRAMP_DRAMP30217,0.07920801639556885
POS_DRAMP_DRAMP30218,0.0792081356048584
POS_DRAMP_DRAMP30219,0.08910906314849854
POS_DRAMP_DRAMP30220,0.05940604209899902
POS_DRAMP_DRAMP30298,0.7920792102813721
POS_DRAMP_DRAMP30305,0.6237623691558838
POS_DRAMP_DRAMP30339,0.801980197429657
POS_DRAMP_DRAMP30348,0.10891103744506836
POS_DRAMP_DRAMP30349,0.3267327547073364
POS_DRAMP_DRAMP30352,0.07920801639556885
POS_DRAMP_DRAMP30353,0.059406161308288574
POS_DRAMP_DRAMP30357,0.29702985286712646
POS_DRAMP_DRAMP30358,0.237623929977417
POS_DRAMP_DRAMP30562,0.42574262619018555
POS_DRAMP_DRAMP30564,0.3168318271636963
POS_DRAMP_DRAMP30565,0.29702985286712646
POS_DRAMP_DRAMP30566,0.4752475619316101
POS_DRAMP_DRAMP30567,0.27722787857055664
POS_DRAMP_DRAMP30576,0.19801998138427734
POS_DRAMP_DRAMP30580,0.19801998138427734
POS_DRAMP_DRAMP30618,0.801980197429657
POS_DRAMP_DRAMP30619,0.7821782231330872
POS_DRAMP_DRAMP30710,0.4554455876350403
POS_DRAMP_DRAMP30720,0.237623929977417
POS_DRAMP_DRAMP30730,0.029703140258789062
POS_DRAMP_DRAMP30733,0.2574259042739868
POS_DRAMP_DRAMP30734,0.3960396647453308
POS_DRAMP_DRAMP30735,0.06930708885192871
POS_DRAMP_DRAMP30753,0.26732683181762695
POS_DRAMP_DRAMP30782,0.12871301174163818
POS_DRAMP_DRAMP30783,0.1188119649887085
POS_DRAMP_DRAMP30784,0.07920801639556885
POS_DRAMP_DRAMP30785,0.1584160327911377
POS_DRAMP_DRAMP30786,0.17821800708770752
POS_DRAMP_DRAMP30790,0.16831696033477783
POS_DRAMP_DRAMP30794,0.17821800708770752
POS_DRAMP_DRAMP30800,0.5049505233764648
POS_DRAMP_DRAMP30811,0.5346534848213196
POS_DRAMP_DRAMP30814,0.5247524976730347
POS_DRAMP_DRAMP30818,0.5643564462661743
POS_DRAMP_DRAMP30838,0.5742574334144592
POS_DRAMP_DRAMP30843,0.6237623691558838
POS_DRAMP_DRAMP30855,0.6336634159088135
POS_DRAMP_DRAMP30859,0.5247524976730347
POS_DRAMP_DRAMP30861,0.5742574334144592
POS_DRAMP_DRAMP30868,0.6732673645019531
POS_DRAMP_DRAMP30871,0.5742574334144592
POS_DRAMP_DRAMP30874,0.693069338798523
POS_DRAMP_DRAMP30876,0.7029702663421631
POS_DRAMP_DRAMP30883,0.5841584205627441
POS_DRAMP_DRAMP30889,0.6831682920455933
POS_DRAMP_DRAMP30893,0.693069338798523
POS_DRAMP_DRAMP30896,0.6435643434524536
POS_DRAMP_DRAMP30941,0.15841591358184814
POS_DRAMP_DRAMP30943,0.148514986038208
POS_DRAMP_DRAMP30966,0.29702985286712646
POS_DRAMP_DRAMP30967,0.03960418701171875
POS_DRAMP_DRAMP30968,0.13861393928527832
POS_DRAMP_DRAMP30969,0.13861405849456787
POS_DRAMP_DRAMP30970,0.23762381076812744
POS_DRAMP_DRAMP30971,0.2277228832244873
POS_DRAMP_DRAMP30972,0.17821788787841797
POS_DRAMP_DRAMP30973,0.019802093505859375
POS_DRAMP_DRAMP30974,0.019802093505859375
POS_DRAMP_DRAMP30975,0.04950511455535889
POS_DRAMP_DRAMP30976,0.0396040678024292
POS_DRAMP_DRAMP30977,0.029703140258789062
POS_DRAMP_DRAMP30978,0.18811893463134766
POS_DRAMP_DRAMP30979,0.09901010990142822
POS_DRAMP_DRAMP30983,0.07920801639556885
POS_DRAMP_DRAMP30985,0.04950511455535889
POS_DRAMP_DRAMP30987,0.20792090892791748
POS_DRAMP_DRAMP30988,0.03960418701171875
POS_DRAMP_DRAMP30989,0.148514986038208
POS_DRAMP_DRAMP30990,0.04950511455535889
POS_DRAMP_DRAMP30991,0.029703140258789062
POS_DRAMP_DRAMP30992,0.029703140258789062
POS_DRAMP_DRAMP30993,0.03960418701171875
POS_DRAMP_DRAMP30994,0.029703140258789062
POS_DRAMP_DRAMP30995,0.08910906314849854
POS_DRAMP_DRAMP30996,0.04950511455535889
POS_DRAMP_DRAMP30997,0.5049505233764648
POS_DRAMP_DRAMP30998,0.237623929977417
POS_DRAMP_DRAMP30999,0.4653465747833252
POS_DRAMP_DRAMP31000,0.44554460048675537
POS_DRAMP_DRAMP31006,0.43564361333847046
POS_DRAMP_DRAMP31009,0.8217821717262268
POS_DRAMP_DRAMP31011,0.6600660085678101
POS_DRAMP_DRAMP31012,0.4653465747833252
POS_DRAMP_DRAMP31013,0.5148515105247498
POS_DRAMP_DRAMP31014,0.5148515105247498
POS_DRAMP_DRAMP31029,0.18811893463134766
POS_DRAMP_DRAMP31030,0.2970297932624817
POS_DRAMP_DRAMP31032,0.2277228832244873
POS_DRAMP_DRAMP31057,0.08910906314849854
POS_DRAMP_DRAMP31072,0.15841591358184814
POS_DRAMP_DRAMP31080,0.43564361333847046
POS_DRAMP_DRAMP31087,0.4752475619316101
POS_DRAMP_DRAMP31088,0.3960396647453308
POS_DRAMP_DRAMP31121,0.0396040678024292
POS_DRAMP_DRAMP31122,0.029703140258789062
POS_DRAMP_DRAMP31130,0.34653472900390625
POS_DRAMP_DRAMP31131,0.33663374185562134
POS_DRAMP_DRAMP31132,0.34653472900390625
POS_DRAMP_DRAMP31137,0.13861405849456787
POS_DRAMP_DRAMP31138,0.07920801639556885
POS_DRAMP_DRAMP31139,0.3663367033004761
POS_DRAMP_DRAMP31140,0.34653472900390625
POS_DRAMP_DRAMP31141,0.3663367033004761
POS_DRAMP_DRAMP31142,0.3960396647453308
POS_DRAMP_DRAMP31143,0.3861386775970459
POS_DRAMP_DRAMP31146,0.3960396647453308
POS_DRAMP_DRAMP31147,0.17821788787841797
POS_DRAMP_DRAMP31149,0.019802093505859375
POS_DRAMP_DRAMP31150,0.19801998138427734
POS_DRAMP_DRAMP31151,0.2871288061141968
POS_DRAMP_DRAMP31152,0.1980198621749878
POS_DRAMP_DRAMP31153,0.16831696033477783
POS_DRAMP_DRAMP31154,0.33663374185562134
POS_DRAMP_DRAMP31155,0.148514986038208
POS_DRAMP_DRAMP31156,0.08910906314849854
POS_DRAMP_DRAMP31157,0.26732683181762695
POS_DRAMP_DRAMP31158,0.2772277593612671
POS_DRAMP_DRAMP31159,0.2277228832244873
POS_DRAMP_DRAMP31160,0.3861386775970459
POS_DRAMP_DRAMP31161,0.3663367033004761
POS_DRAMP_DRAMP31163,0.12871301174163818
POS_DRAMP_DRAMP31187,0.08910906314849854
POS_DRAMP_DRAMP31190,0.5676567554473877
POS_DRAMP_DRAMP31271,0.1188119649887085
POS_DRAMP_DRAMP31272,0.13861393928527832
POS_DRAMP_DRAMP31274,0.059406161308288574
POS_DRAMP_DRAMP31283,0.3960396647453308
POS_DRAMP_DRAMP31292,0.603960394859314
POS_DRAMP_DRAMP31327,0.17821788787841797
POS_DRAMP_DRAMP31354,0.3663367033004761
POS_DRAMP_DRAMP31355,0.26732683181762695
POS_DRAMP_DRAMP31360,0.2970297932624817
POS_DRAMP_DRAMP31365,0.49504953622817993
POS_DRAMP_DRAMP31367,0.17821800708770752
POS_DRAMP_DRAMP31386,0.3663367033004761
POS_DRAMP_DRAMP31387,0.1980198621749878
POS_DRAMP_DRAMP31388,0.10891103744506836
POS_DRAMP_DRAMP31401,0.7128713130950928
POS_DRAMP_DRAMP31404,0.6435643434524536
POS_DRAMP_DRAMP31408,0.3168318271636963
POS_DRAMP_DRAMP31412,0.13861405849456787
POS_DRAMP_DRAMP31424,0.13861393928527832
POS_DRAMP_DRAMP31427,0.26732683181762695
POS_DRAMP_DRAMP31458,0.1584160327911377
POS_DRAMP_DRAMP31469,0.7920792102813721
POS_DRAMP_DRAMP31470,0.7623762488365173
POS_DRAMP_DRAMP31483,0.12871301174163818
POS_DRAMP_DRAMP31490,0.12871301174163818
POS_DRAMP_DRAMP31501,0.21782183647155762
POS_DRAMP_DRAMP31533,0.059406161308288574
POS_DRAMP_DRAMP31552,0.7095710039138794
POS_DRAMP_DRAMP31553,0.7656765580177307
POS_DRAMP_DRAMP31563,0.13861393928527832
POS_DRAMP_DRAMP31573,0.6485148668289185
POS_DRAMP_DRAMP31574,0.6584158539772034
POS_DRAMP_DRAMP31575,0.6584158539772034
POS_DRAMP_DRAMP31577,0.6633663177490234
POS_DRAMP_DRAMP31578,0.6584158539772034
POS_DRAMP_DRAMP31579,0.5940594673156738
POS_DRAMP_DRAMP31580,0.6509901285171509
POS_DRAMP_DRAMP31581,0.6584158539772034
POS_DRAMP_DRAMP31631,0.3168318271636963
POS_DRAMP_DRAMP31658,0.594059407711029
POS_DRAMP_DRAMP31671,0.8316831588745117
POS_DRAMP_DRAMP31676,0.1188119649887085
POS_DRAMP_DRAMP31684,0.9009901285171509
POS_DRAMP_DRAMP31686,0.9306930899620056
POS_DRAMP_DRAMP31687,0.8613861203193665
POS_DRAMP_DRAMP31688,0.8712871074676514
POS_DRAMP_DRAMP31715,0.2871288061141968
POS_DRAMP_DRAMP31716,0.24752485752105713
POS_DRAMP_DRAMP31718,0.18811893463134766
POS_DRAMP_DRAMP31719,0.2277228832244873
POS_DRAMP_DRAMP31720,0.27722787857055664
POS_DRAMP_DRAMP31721,0.2772277593612671
POS_DRAMP_DRAMP31731,0.4653465747833252
POS_DRAMP_DRAMP31732,0.19801998138427734
POS_DRAMP_DRAMP31742,0.7194719314575195
POS_DRAMP_DRAMP31743,0.6402640342712402
POS_DRAMP_DRAMP31744,0.6600660085678101
POS_DRAMP_DRAMP31745,0.6600660085678101
POS_DRAMP_DRAMP31760,0.7524752616882324
POS_DRAMP_DRAMP31763,0.8910890817642212
POS_DRAMP_DRAMP31777,1.0
POS_DRAMP_DRAMP31784,1.0
POS_DRAMP_DRAMP31790,0.5049505233764648
POS_DRAMP_DRAMP31806,0.9504950642585754
POS_DRAMP_DRAMP31837,0.7326732873916626
POS_DRAMP_DRAMP31839,0.7524752616882324
POS_DRAMP_DRAMP31840,0.27722787857055664
POS_DRAMP_DRAMP31853,0.9207921028137207
POS_DRAMP_DRAMP31854,0.8712871074676514
POS_DRAMP_DRAMP31858,0.6435643434524536
POS_DRAMP_DRAMP31859,0.5775578022003174
POS_DRAMP_DRAMP31860,0.5874587297439575
POS_DRAMP_DRAMP31861,0.693069338798523
POS_DRAMP_DRAMP31863,0.7623762488365173
POS_DRAMP_DRAMP31864,0.603960394859314
POS_DRAMP_DRAMP31865,0.7029702663421631
POS_DRAMP_DRAMP31866,0.6435643434524536
POS_DRAMP_DRAMP31867,0.5841584205627441
POS_DRAMP_DRAMP31868,0.7821782231330872
POS_DRAMP_DRAMP31874,0.7821782231330872
POS_DRAMP_DRAMP31875,0.6831682920455933
POS_DRAMP_DRAMP31877,0.6732673645019531
POS_DRAMP_DRAMP31911,0.6534653902053833
POS_DRAMP_DRAMP31928,0.148514986038208
POS_DRAMP_DRAMP31933,0.9801980257034302
POS_DRAMP_DRAMP31936,0.8118811845779419
POS_DRAMP_DRAMP31945,0.148514986038208
POS_DRAMP_DRAMP31956,0.376237690448761
POS_DRAMP_DRAMP31958,0.16831696033477783
POS_DRAMP_DRAMP31986,0.5445544719696045
POS_DRAMP_DRAMP32013,0.9504950642585754
POS_DRAMP_DRAMP32015,0.7524752616882324
POS_DRAMP_DRAMP32017,0.7425742149353027
POS_DRAMP_DRAMP32019,0.7623762488365173
POS_DRAMP_DRAMP32023,0.6831682920455933
POS_DRAMP_DRAMP32037,0.8613861203193665
POS_DRAMP_DRAMP32038,0.7920792102813721
POS_DRAMP_DRAMP32040,0.8316831588745117
POS_DRAMP_DRAMP32041,0.881188154220581
POS_DRAMP_DRAMP32042,0.8415842056274414
POS_DRAMP_DRAMP32045,0.6336634159088135
POS_DRAMP_DRAMP32046,0.693069338798523
POS_DRAMP_DRAMP32047,0.7623762488365173
POS_DRAMP_DRAMP32062,0.7623762488365173
POS_DRAMP_DRAMP32116,0.9207921028137207
POS_DRAMP_DRAMP32117,0.9306930899620056
POS_DRAMP_DRAMP32121,0.5346534848213196
POS_DRAMP_DRAMP32122,0.41584163904190063
POS_DRAMP_DRAMP32143,0.8217821717262268
POS_DRAMP_DRAMP32145,0.8316831588745117
POS_DRAMP_DRAMP32162,0.8613861799240112
POS_DRAMP_DRAMP32167,0.801980197429657
POS_DRAMP_DRAMP32173,0.8712871074676514
POS_DRAMP_DRAMP32178,0.43564361333847046
POS_DRAMP_DRAMP32181,0.7722772359848022
POS_DRAMP_DRAMP32192,0.7821782231330872
POS_DRAMP_DRAMP32213,0.43564361333847046
POS_DRAMP_DRAMP32219,0.5940594673156738
POS_DRAMP_DRAMP32220,0.5346534848213196
POS_DRAMP_DRAMP32227,0.7623762488365173
POS_DRAMP_DRAMP32269,0.7326732873916626
POS_DRAMP_DRAMP32271,0.7920792102813721
POS_DRAMP_DRAMP32272,0.7821782231330872
POS_DRAMP_DRAMP32273,0.7425742149353027
POS_DRAMP_DRAMP32274,0.9405940771102905
POS_DRAMP_DRAMP32285,0.5049505233764648
POS_DRAMP_DRAMP32320,0.7722772359848022
POS_DRAMP_DRAMP32334,0.10891103744506836
POS_DRAMP_DRAMP32368,0.10891103744506836
POS_DRAMP_DRAMP32387,0.21782183647155762
POS_DRAMP_DRAMP32388,0.8514851331710815
POS_DRAMP_DRAMP32780,0.6633663177490234
POS_DRAMP_DRAMP32781,0.3267327547073364
POS_DRAMP_DRAMP32792,0.34653472900390625
POS_DRAMP_DRAMP32825,0.34653472900390625
POS_DRAMP_DRAMP32826,0.31683170795440674
POS_DRAMP_DRAMP32833,0.6633663177490234
POS_DRAMP_DRAMP32834,0.6633663177490234
POS_DRAMP_DRAMP32839,0.7821782231330872
POS_DRAMP_DRAMP32846,0.11881208419799805
POS_DRAMP_DRAMP32862,0.9405940771102905
POS_DRAMP_DRAMP32874,0.8316831588745117
POS_DRAMP_DRAMP32875,0.8613861203193665
POS_DRAMP_DRAMP32907,0.7722772359848022
POS_DRAMP_DRAMP32910,0.7128713130950928
POS_DRAMP_DRAMP32918,0.26732683181762695
POS_DRAMP_DRAMP32960,0.5445544719696045
POS_DRAMP_DRAMP32962,0.6237623691558838
POS_DRAMP_DRAMP32966,0.603960394859314
POS_DRAMP_DRAMP32971,0.6336634159088135
POS_DRAMP_DRAMP32973,0.5742574334144592
POS_DRAMP_DRAMP32976,0.6138614416122437
POS_DRAMP_DRAMP32989,0.5841584205627441
POS_DRAMP_DRAMP32990,0.5841584205627441
POS_DRAMP_DRAMP32991,0.5940594673156738
POS_DRAMP_DRAMP33001,0.5841584205627441
POS_DRAMP_DRAMP33003,0.5643564462661743
POS_DRAMP_DRAMP33009,0.6633663177490234
POS_DRAMP_DRAMP33010,0.574257493019104
POS_DRAMP_DRAMP33020,0.7821782231330872
POS_DRAMP_DRAMP33141,0.6831682920455933
POS_DRAMP_DRAMP33145,0.49504953622817993
POS_DRAMP_DRAMP33162,0.5643564462661743
POS_DRAMP_DRAMP33174,0.7128713130950928
POS_DRAMP_DRAMP33176,0.31683170795440674
POS_DRAMP_DRAMP33177,0.3267327547073364
POS_DRAMP_DRAMP33205,0.4752475619316101
POS_DRAMP_DRAMP33208,0.5049505233764648
POS_DRAMP_DRAMP33210,0.9801980257034302
POS_DRAMP_DRAMP33211,0.8712871074676514
POS_DRAMP_DRAMP33223,0.9702970385551453
POS_DRAMP_DRAMP33227,0.6237623691558838
POS_DRAMP_DRAMP33228,0.6336634159088135
POS_DRAMP_DRAMP33229,0.5247524976730347
POS_DRAMP_DRAMP33242,0.5445544719696045
POS_DRAMP_DRAMP33254,0.6237623691558838
POS_DRAMP_DRAMP33266,0.4059406518936157
POS_DRAMP_DRAMP33276,0.6534653902053833
POS_DRAMP_DRAMP33280,0.5544554591178894
POS_DRAMP_DRAMP33284,0.7689769268035889
POS_DRAMP_DRAMP33325,0.8514851331710815
POS_DRAMP_DRAMP33326,0.8514851331710815
POS_DRAMP_DRAMP33327,0.8316831588745117
POS_DRAMP_DRAMP33328,0.8118811845779419
POS_DRAMP_DRAMP33530,0.8613861799240112
POS_DRAMP_DRAMP33556,0.7623761892318726
POS_DRAMP_DRAMP33575,0.41584163904190063
POS_DRAMP_DRAMP33629,0.9504950642585754
POS_DRAMP_DRAMP33639,0.7326732873916626
POS_DRAMP_DRAMP33649,0.7054455280303955
POS_DRAMP_DRAMP33669,0.8514851331710815
POS_DRAMP_DRAMP33671,0.910891056060791
POS_DRAMP_DRAMP33677,0.8514851331710815
POS_DRAMP_DRAMP33681,0.910891056060791
POS_DRAMP_DRAMP33682,0.881188154220581
POS_DRAMP_DRAMP33686,0.8910890817642212
POS_DRAMP_DRAMP33696,0.693069338798523
POS_DRAMP_DRAMP33703,0.4653465747833252
POS_DRAMP_DRAMP33705,0.8118811845779419
POS_DRAMP_DRAMP33744,0.6336634159088135
POS_DRAMP_DRAMP33759,0.6336634159088135
POS_DRAMP_DRAMP33760,0.5643564462661743
POS_DRAMP_DRAMP33761,0.6435643434524536
POS_DRAMP_DRAMP33763,0.594059407711029
POS_DRAMP_DRAMP33764,0.6138614416122437
POS_DRAMP_DRAMP33765,0.7227722406387329
POS_DRAMP_DRAMP33766,0.5247524976730347
POS_DRAMP_DRAMP33767,0.7029702663421631
POS_DRAMP_DRAMP33779,0.23762381076812744
POS_DRAMP_DRAMP33788,0.08910906314849854
POS_DRAMP_DRAMP33792,0.0396040678024292
POS_DRAMP_DRAMP33876,0.6138614416122437
POS_DRAMP_DRAMP33880,0.6138614416122437
POS_DRAMP_DRAMP33883,0.5940594673156738
POS_DRAMP_DRAMP33888,0.5643564462661743
POS_DRAMP_DRAMP33905,0.5841584205627441
POS_DRAMP_DRAMP33906,0.49504953622817993
POS_DRAMP_DRAMP33907,0.4554455876350403
POS_DRAMP_DRAMP33908,0.4653465747833252
POS_DRAMP_DRAMP33909,0.4752475619316101
POS_DRAMP_DRAMP33910,0.4059406518936157
POS_DRAMP_DRAMP33930,0.43564361333847046
POS_DRAMP_DRAMP34331,0.8910890817642212
POS_DRAMP_DRAMP34338,0.148514986038208
POS_DRAMP_DRAMP34343,0.6633663177490234
POS_DRAMP_DRAMP34344,0.2277228832244873
POS_DRAMP_DRAMP34362,0.16831696033477783
POS_DRAMP_DRAMP34368,0.6336634159088135
POS_DRAMP_DRAMP34371,0.4059406518936157
POS_DRAMP_DRAMP34379,0.5841584205627441
POS_DRAMP_DRAMP34392,0.7326732873916626
POS_DRAMP_DRAMP34393,0.6113861799240112
POS_DRAMP_DRAMP34394,0.6831682920455933
POS_DRAMP_DRAMP34413,0.06930708885192871
POS_DRAMP_DRAMP34436,0.2871288061141968
POS_DRAMP_DRAMP34437,0.7524752616882324
POS_DRAMP_DRAMP34440,0.3168318271636963
POS_DRAMP_DRAMP34454,0.5643564462661743
POS_DRAMP_DRAMP34463,0.6831682920455933
POS_DRAMP_DRAMP34465,0.3069307804107666
POS_DRAMP_DRAMP34470,0.8217821717262268
POS_DRAMP_DRAMP34473,0.3960396647453308
POS_DRAMP_DRAMP34476,0.49504953622817993
POS_DRAMP_DRAMP34484,0.376237690448761
POS_DRAMP_DRAMP34494,0.603960394859314
POS_DRAMP_DRAMP34497,0.2574259042739868
POS_DRAMP_DRAMP34513,0.5445544719696045
POS_DRAMP_DRAMP34519,0.059406161308288574
POS_DRAMP_DRAMP34542,0.3267327547073364
POS_DRAMP_DRAMP34551,0.4059406518936157
POS_DRAMP_DRAMP34563,0.42574262619018555
POS_DRAMP_DRAMP34564,0.34653472900390625
POS_DRAMP_DRAMP34566,0.376237690448761
POS_DRAMP_DRAMP34567,0.3960396647453308
POS_DRAMP_DRAMP34573,0.3663367033004761
POS_DRAMP_DRAMP34593,0.16831696033477783
POS_DRAMP_DRAMP34614,0.13861393928527832
POS_DRAMP_DRAMP34615,0.20792090892791748
POS_DRAMP_DRAMP34625,0.26732683181762695
POS_DRAMP_DRAMP34641,0.485148549079895
POS_DRAMP_DRAMP34644,0.5544555187225342
POS_DRAMP_DRAMP34649,0.3861386775970459
POS_DRAMP_DRAMP34657,0.5346534848213196
POS_DRAMP_DRAMP34665,0.8217821717262268
POS_DRAMP_DRAMP34671,0.237623929977417
POS_DRAMP_DRAMP34679,0.059406161308288574
POS_DRAMP_DRAMP34680,0.10891103744506836
POS_DRAMP_DRAMP34730,0.3960396647453308
POS_DRAMP_DRAMP34731,0.5148515105247498
POS_DRAMP_DRAMP34734,0.43564361333847046
POS_DRAMP_DRAMP34736,0.3861386775970459
POS_DRAMP_DRAMP34738,0.3861386775970459
POS_DRAMP_DRAMP34739,0.41584163904190063
POS_DRAMP_DRAMP34740,0.33663374185562134
POS_DRAMP_DRAMP34741,0.5841584205627441
POS_DRAMP_DRAMP34762,0.09900999069213867
POS_DRAMP_DRAMP34774,0.059406161308288574
POS_DRAMP_DRAMP34785,0.16831696033477783
POS_DRAMP_DRAMP34786,0.485148549079895
POS_DRAMP_DRAMP34804,0.21782183647155762
POS_DRAMP_DRAMP34812,0.35643571615219116
POS_DRAMP_DRAMP34815,0.2970297336578369
POS_DRAMP_DRAMP34822,0.13861405849456787
POS_DRAMP_DRAMP34827,0.4554455876350403
POS_DRAMP_DRAMP34838,0.44554460048675537
POS_DRAMP_DRAMP34843,0.683168351650238
POS_DRAMP_DRAMP34855,0.6633663773536682
POS_DRAMP_DRAMP34856,0.6138614416122437
POS_DRAMP_DRAMP34868,0.4059406518936157
POS_DRAMP_DRAMP34874,0.09900999069213867
POS_DRAMP_DRAMP34901,0.33663374185562134
POS_DRAMP_DRAMP34916,0.7920792102813721
POS_DRAMP_DRAMP34917,0.6237623691558838
POS_DRAMP_DRAMP34919,0.7293729782104492
POS_DRAMP_DRAMP34922,0.7128713130950928
POS_DRAMP_DRAMP34926,0.42574262619018555
POS_DRAMP_DRAMP34953,0.7623762488365173
POS_DRAMP_DRAMP34974,0.3267327547073364
POS_DRAMP_DRAMP34980,0.4653465747833252
POS_DRAMP_DRAMP35037,0.34653472900390625
POS_DRAMP_DRAMP35043,0.35643571615219116
POS_DRAMP_DRAMP35060,0.6138614416122437
POS_DRAMP_DRAMP35061,0.2772277593612671
POS_DRAMP_DRAMP35062,0.5544554591178894
POS_DRAMP_DRAMP35064,0.6138614416122437
POS_DRAMP_DRAMP35081,0.3861386775970459
POS_DRAMP_DRAMP35089,0.42574262619018555
POS_DRAMP_DRAMP35156,0.3861386775970459
POS_DRAMP_DRAMP35157,0.5247524976730347
POS_DRAMP_DRAMP35189,0.35643571615219116
POS_DRAMP_DRAMP35190,0.35643577575683594
POS_DRAMP_DRAMP35258,0.4059406518936157
POS_DRAMP_DRAMP35280,0.2277228832244873
POS_DRAMP_DRAMP35316,0.5544554591178894
POS_DRAMP_DRAMP35317,0.5742574334144592
POS_DRAMP_DRAMP35325,0.5445544719696045
POS_DRAMP_DRAMP35360,0.3168317675590515
POS_DRAMP_DRAMP35363,0.12871301174163818
POS_DRAMP_DRAMP35414,0.5346534848213196
POS_DRAMP_DRAMP35415,0.42574262619018555
POS_DRAMP_DRAMP35419,0.42574262619018555
POS_DRAMP_DRAMP35420,0.43564361333847046
POS_DRAMP_DRAMP35424,0.44554460048675537
POS_DRAMP_DRAMP35461,0.485148549079895
POS_DRAMP_DRAMP35484,0.20792090892791748
POS_DRAMP_DRAMP35616,0.09901010990142822
POS_DRAMP_DRAMP35644,0.5544555187225342
POS_DRAMP_DRAMP35651,0.6534653902053833
POS_DRAMP_DRAMP35681,0.5544554591178894
POS_DRAMP_DRAMP35683,0.9405940771102905
POS_DRAMP_DRAMP35695,0.148514986038208
POS_DRAMP_DRAMP35698,0.18811893463134766
POS_DRAMP_DRAMP35700,0.2277228832244873
POS_DRAMP_DRAMP35701,0.17821788787841797
POS_DRAMP_DRAMP35721,0.5445544719696045
POS_DRAMP_DRAMP35735,0.3069307804107666
POS_DRAMP_DRAMP35752,0.8217821717262268
POS_DRAMP_DRAMP35753,0.8316831588745117
POS_DRAMP_DRAMP35754,0.8316831588745117
POS_DRAMP_DRAMP35755,0.8415841460227966
POS_DRAMP_DRAMP35766,0.7029702663421631
POS_DRAMP_DRAMP35773,0.2838284969329834
POS_DRAMP_DRAMP35786,0.5742574334144592
POS_DRAMP_DRAMP35788,0.49504953622817993
POS_DRAMP_DRAMP35799,0.15841591358184814
POS_DRAMP_DRAMP35800,0.148514986038208
POS_DRAMP_DRAMP35810,0.06930708885192871
POS_DRAMP_DRAMP35817,0.8811880946159363
POS_DRAMP_DRAMP35818,0.7623762488365173
POS_DRAMP_DRAMP35819,0.7920792102813721
POS_DRAMP_DRAMP35820,0.8613861799240112
POS_DRAMP_DRAMP35821,0.801980197429657
POS_DRAMP_DRAMP35837,0.5363036394119263
POS_DRAMP_DRAMP35840,0.41584163904190063
POS_DRAMP_DRAMP35863,0.6864686012268066
POS_DRAMP_DRAMP35867,0.9702970385551453
POS_DRAMP_DRAMP35942,0.376237690448761
POS_DRAMP_DRAMP35947,0.08910906314849854
POS_DRAMP_DRAMP35948,0.9009901285171509
POS_DRAMP_DRAMP35949,0.7029702663421631
POS_DRAMP_DRAMP35950,0.16831696033477783
POS_DRAMP_DRAMP35965,0.1980198621749878
POS_DRAMP_DRAMP35967,0.20792090892791748
POS_DRAMP_DRAMP35976,0.5742574334144592
POS_DRAMP_DRAMP35977,0.49504953622817993
POS_DRAMP_DRAMP35979,0.5544554591178894
POS_DRAMP_DRAMP35980,0.5049505233764648
POS_DRAMP_DRAMP35984,0.5742574334144592
POS_DRAMP_DRAMP35985,0.49504953622817993
POS_DRAMP_DRAMP35987,0.5742574334144592
POS_DRAMP_DRAMP37379,0.15841591358184814
POS_DRAMP_DRAMP37386,0.29702985286712646
POS_DRAMP_DRAMP37389,0.13861393928527832
POS_DRAMP_DRAMP37393,0.21782183647155762
POS_DRAMP_DRAMP37399,0.019802093505859375
POS_DRAMP_DRAMP37400,0.21782195568084717
POS_DRAMP_DRAMP37401,0.019802093505859375
POS_DRAMP_DRAMP37402,0.08910906314849854
POS_DRAMP_DRAMP37403,0.06930708885192871
POS_DRAMP_DRAMP37404,0.07920801639556885
POS_DRAMP_DRAMP37405,0.7029702663421631
POS_DRAMP_DRAMP37415,0.16831696033477783
POS_DRAMP_DRAMP37418,0.029703140258789062
POS_DRAMP_DRAMP37430,0.3267327547073364
POS_DRAMP_DRAMP37445,0.27722787857055664
POS_DRAMP_DRAMP37448,0.376237690448761
POS_DRAMP_DRAMP37449,0.148514986038208
POS_DRAMP_DRAMP37451,0.2277228832244873
POS_DRAMP_DRAMP37464,0.2277228832244873
POS_DRAMP_DRAMP37487,0.801980197429657
POS_DRAMP_DRAMP37488,0.6237623691558838
POS_DRAMP_DRAMP37489,0.7524752616882324
POS_DRAMP_DRAMP37509,0.09900999069213867
POS_DRAMP_DRAMP37514,0.3861386775970459
POS_DRAMP_DRAMP37520,0.10891103744506836
POS_DRAMP_DRAMP37524,0.09901010990142822
POS_DRAMP_DRAMP37526,0.5445544719696045
POS_DRAMP_DRAMP37528,0.1188119649887085
POS_DRAMP_DRAMP37538,0.16831696033477783
POS_DRAMP_DRAMP37540,0.29702985286712646
POS_DRAMP_DRAMP37541,0.148514986038208
POS_DRAMP_DRAMP37551,0.09900999069213867
POS_DRAMP_DRAMP37552,0.06930708885192871
POS_DRAMP_DRAMP37553,0.07920801639556885
POS_DRAMP_DRAMP37557,0.11881208419799805
POS_DRAMP_DRAMP37560,0.49504953622817993
POS_DRAMP_DRAMP37567,0.08910906314849854
POS_DRAMP_DRAMP37583,0.6732673645019531
POS_DRAMP_DRAMP37598,0.20792090892791748
POS_DRAMP_DRAMP37601,0.08910906314849854
POS_DRAMP_DRAMP37604,0.27722787857055664
POS_DRAMP_DRAMP37617,0.148514986038208
POS_DRAMP_DRAMP37636,0.3069307804107666
POS_DRAMP_DRAMP37642,0.5049505233764648
POS_DRAMP_DRAMP37643,0.5049505233764648
POS_DRAMP_DRAMP37662,0.18811893463134766
POS_DRAMP_DRAMP37663,0.26732683181762695
POS_DRAMP_DRAMP37666,0.24752485752105713
POS_DRAMP_DRAMP37671,0.35643571615219116
POS_DRAMP_DRAMP37677,0.019802093505859375
POS_DRAMP_DRAMP37683,0.1188119649887085
POS_DRAMP_DRAMP37686,0.0396040678024292
POS_DRAMP_DRAMP37689,0.3267327547073364
POS_DRAMP_DRAMP37696,0.34653472900390625
POS_DRAMP_DRAMP37704,0.11881208419799805
POS_DRAMP_DRAMP37731,0.6237623691558838
POS_DRAMP_DRAMP37734,0.5841584205627441
POS_DRAMP_DRAMP37740,0.5742574334144592
POS_DRAMP_DRAMP37741,0.603960394859314
POS_DRAMP_DRAMP37747,0.6732673645019531
POS_DRAMP_DRAMP37751,0.4653465747833252
POS_DRAMP_DRAMP37755,0.6237623691558838
POS_DRAMP_DRAMP37758,0.08910906314849854
POS_DRAMP_DRAMP37759,0.5742574334144592
POS_DRAMP_DRAMP37760,0.5445544719696045
POS_DRAMP_DRAMP37765,0.5148515105247498
POS_DRAMP_DRAMP37767,0.6138614416122437
POS_DRAMP_DRAMP37789,0.6336634159088135
POS_DRAMP_DRAMP37791,0.6732673645019531
POS_DRAMP_DRAMP37792,0.5643564462661743
POS_DRAMP_DRAMP37793,0.5742574334144592
POS_DRAMP_DRAMP37798,0.009901165962219238
POS_DRAMP_DRAMP37800,0.06930708885192871
POS_DRAMP_DRAMP37803,0.12871301174163818
POS_DRAMP_DRAMP37823,0.1980198621749878
POS_DRAMP_DRAMP37829,0.16831696033477783
POS_DRAMP_DRAMP37833,0.07920801639556885
POS_DRAMP_DRAMP37843,0.31683170795440674
POS_DRAMP_DRAMP37844,0.0396040678024292
POS_DRAMP_DRAMP37847,0.24752485752105713
POS_DRAMP_DRAMP37858,0.2871288061141968
POS_DRAMP_DRAMP37880,0.4653465747833252
POS_DRAMP_DRAMP37882,0.26732683181762695
POS_DRAMP_DRAMP37891,0.12871301174163818
POS_DRAMP_DRAMP37892,0.35643571615219116
POS_DRAMP_DRAMP37893,0.12871301174163818
POS_DRAMP_DRAMP37903,0.03960418701171875
POS_DRAMP_DRAMP37905,0.09900999069213867
POS_DRAMP_DRAMP37913,0.0792081356048584
POS_DRAMP_DRAMP37937,0.2871288061141968
POS_DRAMP_DRAMP37938,0.4752475619316101
POS_DRAMP_DRAMP37940,0.3168317675590515
POS_DRAMP_DRAMP37944,0.29950499534606934
POS_DRAMP_DRAMP37953,0.25742578506469727
POS_DRAMP_DRAMP37959,0.34653472900390625
POS_DRAMP_DRAMP37981,0.43564361333847046
POS_DRAMP_DRAMP37989,0.3960396647453308
POS_DRAMP_DRAMP37996,0.10891103744506836
POS_DRAMP_DRAMP37999,0.3267327547073364
POS_DRAMP_DRAMP38000,0.9306930899620056
POS_DRAMP_DRAMP38006,0.2772277593612671
POS_DRAMP_DRAMP38008,0.23762381076812744
POS_DRAMP_DRAMP38012,0.33663368225097656
POS_DRAMP_DRAMP38015,0.12871301174163818
POS_DRAMP_DRAMP38016,0.11881208419799805
POS_DRAMP_DRAMP38018,0.21782183647155762
POS_DRAMP_DRAMP38019,0.059406161308288574
POS_DRAMP_DRAMP38020,0.029703140258789062
POS_DRAMP_DRAMP38022,0.2277228832244873
POS_DRAMP_DRAMP38025,0.1584160327911377
POS_DRAMP_DRAMP38030,0.4653465747833252
POS_DRAMP_DRAMP38032,0.3267327547073364
POS_DRAMP_DRAMP38035,0.44554460048675537
POS_DRAMP_DRAMP38039,0.3267327547073364
POS_DRAMP_DRAMP38045,0.33663374185562134
POS_DRAMP_DRAMP38048,0.2277228832244873
POS_DRAMP_DRAMP38060,0.18811893463134766
POS_DRAMP_DRAMP38062,0.24752485752105713
POS_DRAMP_DRAMP38073,0.148514986038208
POS_DRAMP_DRAMP38078,0.27722787857055664
POS_DRAMP_DRAMP38088,0.21782183647155762
POS_DRAMP_DRAMP38090,0.29702985286712646
POS_DRAMP_DRAMP38961,0.8217821717262268
POS_DRAMP_DRAMP38981,0.376237690448761
POS_DRAMP_DRAMP38987,0.9306930899620056
POS_DRAMP_DRAMP39007,0.6237623691558838
POS_DRAMP_DRAMP39023,0.3168318271636963
POS_DRAMP_DRAMP39025,0.4059406518936157
POS_DRAMP_DRAMP39026,0.5940594673156738
POS_DRAMP_DRAMP39034,0.25742578506469727
POS_DRAMP_DRAMP39042,0.8415841460227966
POS_DRAMP_DRAMP39049,0.4554455876350403
POS_DRAMP_DRAMP39055,0.8910890817642212
POS_DRAMP_DRAMP39079,0.5643564462661743
POS_DRAMP_DRAMP39083,0.019802212715148926
POS_DRAMP_DRAMP39084,0.019802093505859375
POS_DRAMP_DRAMP39116,0.8712871074676514
POS_DRAMP_DRAMP39129,0.589108943939209
POS_DRAMP_DRAMP39130,0.29702985286712646
POS_DRAMP_DRAMP39157,0.8514851331710815
POS_DRAMP_DRAMP39161,0.7227722406387329
POS_DRAMP_DRAMP39230,0.5841584205627441
POS_DRAMP_DRAMP39259,0.4554455876350403
POS_DRAMP_DRAMP39260,0.4059406518936157
POS_DRAMP_DRAMP39261,0.7425742745399475
POS_DRAMP_DRAMP39265,0.7722772359848022
POS_DRAMP_DRAMP39266,0.8316831588745117
POS_DRAMP_DRAMP39276,0.029703140258789062
POS_DRAMP_DRAMP39284,0.8712871074676514
POS_DRAMP_DRAMP39317,0.21782195568084717
POS_DRAMP_DRAMP39320,0.35643571615219116
POS_DRAMP_DRAMP39323,0.1188119649887085
POS_DRAMP_DRAMP39330,0.18811893463134766
POS_DRAMP_DRAMP39331,0.7821782231330872
POS_DRAMP_DRAMP39332,0.6732673645019531
POS_DRAMP_DRAMP39333,0.8118811845779419
POS_DRAMP_DRAMP39334,0.7326732873916626
POS_DRAMP_DRAMP39335,0.8910890817642212
POS_DRAMP_DRAMP39336,0.8613861799240112
POS_DRAMP_DRAMP39350,0.21782183647155762
POS_DRAMP_DRAMP39364,0.05940604209899902
POS_DRAMP_DRAMP39397,0.8811880946159363
POS_DRAMP_DRAMP39400,0.6237624287605286
