id,y,p_ampscan_rf,p_ampscan_cnn
NEG_AMPLIFY_teNEGATIVE0003,0,0.10823514639132764,0.3616956170000774
NEG_AMPLIFY_teNEGATIVE0009,0,0.6255368308170202,0.5463644011478166
NEG_AMPLIFY_teNEGATIVE0023,0,0.04239670633602469,0.08852383573592025
NEG_AMPLIFY_teNEGATIVE0027,0,0.01755021842537274,0.14022611764195056
NEG_AMPLIFY_teNEGATIVE0029,0,0.734456099436054,0.6680477060317583
NEG_AMPLIFY_teNEGATIVE0040,0,0.008741362322967697,0.03094590226633902
NEG_AMPLIFY_teNEGATIVE0066,0,0.47702539280876627,0.11851553949317195
NEG_AMPLIFY_teNEGATIVE0077,0,0.4026337283369765,0.7426679854991801
NEG_AMPLIFY_teNEGATIVE0090,0,0.48961652856762156,0.3137795585209359
NEG_AMPLIFY_teNEGATIVE0096,0,0.009659922421979541,0.018941976377288016
NEG_AMPLIFY_teNEGATIVE0118,0,0.2893102269511436,0.04159275611110147
NEG_AMPLIFY_teNEGATIVE0136,0,0.22240604276111364,0.16739864970314983
NEG_AMPLIFY_teNEGATIVE0137,0,0.7245065039098338,0.4560653629358962
NEG_AMPLIFY_teNEGATIVE0138,0,0.8132336372406253,0.946720352523413
NEG_AMPLIFY_teNEGATIVE0161,0,0.6824888822513948,0.7414542482165758
NEG_AMPLIFY_teNEGATIVE0188,0,0.09447613877452397,0.03558329152068435
NEG_AMPLIFY_teNEGATIVE0189,0,0.4644633896866637,0.3361731068393612
NEG_AMPLIFY_teNEGATIVE0192,0,0.06829818519278824,0.06274723031968084
NEG_AMPLIFY_teNEGATIVE0202,0,0.2054543772143977,0.4084027360872353
NEG_AMPLIFY_teNEGATIVE0221,0,0.6824888822513948,0.7460729534606788
NEG_AMPLIFY_teNEGATIVE0227,0,0.7974307750363692,0.5992429519298806
NEG_AMPLIFY_teNEGATIVE0228,0,0.24033329685460192,0.4114625266951088
NEG_AMPLIFY_teNEGATIVE0237,0,0.19734528209115038,0.05683545429077847
NEG_AMPLIFY_teNEGATIVE0240,0,0.19734528209115038,0.07017817694771825
NEG_AMPLIFY_teNEGATIVE0241,0,0.24965937843248165,0.024008661048285675
NEG_AMPLIFY_teNEGATIVE0243,0,0.4271089314237546,0.48103975627828344
NEG_AMPLIFY_teNEGATIVE0254,0,0.059278547031741194,0.13207806404600053
NEG_AMPLIFY_teNEGATIVE0255,0,0.03492320297805743,0.038179191220423736
NEG_AMPLIFY_teNEGATIVE0282,0,0.24965937843248165,0.03799997219917806
NEG_AMPLIFY_teNEGATIVE0284,0,0.5524505236252554,0.38951788377454283
NEG_AMPLIFY_teNEGATIVE0300,0,0.23124822620918395,0.5945674224007055
NEG_AMPLIFY_teNEGATIVE0301,0,0.02035800790529983,0.038904563724978095
NEG_AMPLIFY_teNEGATIVE0303,0,0.5772326695039847,0.7739121025168325
NEG_AMPLIFY_teNEGATIVE0306,0,0.11319902642920111,0.35431458107912406
NEG_AMPLIFY_teNEGATIVE0308,0,0.03492320297805743,0.26185160062283563
NEG_AMPLIFY_teNEGATIVE0309,0,0.6933136078224589,0.6252522093036081
NEG_AMPLIFY_teNEGATIVE0313,0,0.3668456262691713,0.8393319948171728
NEG_AMPLIFY_teNEGATIVE0316,0,0.5524505236252554,0.591904437925073
NEG_AMPLIFY_teNEGATIVE0320,0,0.8781892273260322,0.8874520053762897
NEG_AMPLIFY_teNEGATIVE0329,0,0.3324681291303758,0.4521490467261661
NEG_AMPLIFY_teNEGATIVE0332,0,0.5772326695039847,0.34716610949942006
NEG_AMPLIFY_teNEGATIVE0340,0,0.7536540704838633,0.7378481459309124
NEG_AMPLIFY_teNEGATIVE0341,0,0.29978683900976444,0.7244824466386132
NEG_AMPLIFY_teNEGATIVE0345,0,0.008315095965561257,0.01682456188834179
NEG_AMPLIFY_teNEGATIVE0381,0,0.11319902642920111,0.04656145949134723
NEG_AMPLIFY_teNEGATIVE0402,0,0.16042269521026345,0.016625741784476466
NEG_AMPLIFY_teNEGATIVE0404,0,0.4026337283369765,0.3184436994999194
NEG_AMPLIFY_teNEGATIVE0411,0,0.24033329685460192,0.6453323599836024
NEG_AMPLIFY_teNEGATIVE0419,0,0.031679207212253764,0.054025951485975866
NEG_AMPLIFY_teNEGATIVE0425,0,0.019376337086726377,0.118551568412073
NEG_AMPLIFY_teNEGATIVE0426,0,0.14107906869684986,0.4299128394225938
NEG_AMPLIFY_teNEGATIVE0431,0,0.771895155129791,0.060233592046621966
NEG_AMPLIFY_teNEGATIVE0440,0,0.05652840824061295,0.016074609851272646
NEG_AMPLIFY_teNEGATIVE0442,0,0.5022208530990525,0.3335458094329567
NEG_AMPLIFY_teNEGATIVE0447,0,0.5148223556091357,0.41450185396922146
NEG_AMPLIFY_teNEGATIVE0451,0,0.48961652856762156,0.6943692808130197
NEG_AMPLIFY_teNEGATIVE0463,0,0.24965937843248165,0.2323990176502907
NEG_AMPLIFY_teNEGATIVE0471,0,0.5894874119701076,0.2237942784534784
NEG_AMPLIFY_teNEGATIVE0474,0,0.21380792321155545,0.038112059439870394
NEG_AMPLIFY_teNEGATIVE0483,0,0.47702539280876627,0.8073607442205347
NEG_AMPLIFY_teNEGATIVE0486,0,0.008741362322967697,0.05576332904133507
NEG_AMPLIFY_teNEGATIVE0488,0,0.5648821262747397,0.06311281257426782
NEG_AMPLIFY_teNEGATIVE0491,0,0.24033329685460192,0.5099104681798535
NEG_AMPLIFY_teNEGATIVE0501,0,0.010154424239516196,0.009893110289547343
NEG_AMPLIFY_teNEGATIVE0506,0,0.8781892273260322,0.898301482516964
NEG_AMPLIFY_teNEGATIVE0507,0,0.6602451203900815,0.5889502530055556
NEG_AMPLIFY_teNEGATIVE0511,0,0.6016320814325685,0.7864777992143991
NEG_AMPLIFY_teNEGATIVE0516,0,0.21380792321155545,0.8394850451577271
NEG_AMPLIFY_teNEGATIVE0517,0,0.9227011685338642,0.7688893148392854
NEG_AMPLIFY_teNEGATIVE0519,0,0.16042269521026345,0.08153626639901086
NEG_AMPLIFY_teNEGATIVE0520,0,0.7974307750363692,0.7069311022354126
NEG_AMPLIFY_teNEGATIVE0523,0,0.29978683900976444,0.16547747405110805
NEG_AMPLIFY_teNEGATIVE0526,0,0.3552143616871996,0.2629676937338159
NEG_AMPLIFY_teNEGATIVE0530,0,0.5894874119701076,0.5107100088106824
NEG_AMPLIFY_teNEGATIVE0543,0,0.174474763849687,0.9460514681573049
NEG_AMPLIFY_teNEGATIVE0548,0,0.4271089314237546,0.24416461612281504
NEG_AMPLIFY_teNEGATIVE0562,0,0.09887897030237902,0.028603775206491624
NEG_AMPLIFY_teNEGATIVE0568,0,0.3905677137853415,0.7942491970425133
NEG_AMPLIFY_teNEGATIVE0572,0,0.016701632004095444,0.016109727592185503
NEG_AMPLIFY_teNEGATIVE0573,0,0.174474763849687,0.5514579019216412
NEG_AMPLIFY_teNEGATIVE0604,0,0.21380792321155545,0.03778497346776313
NEG_AMPLIFY_teNEGATIVE0615,0,0.24965937843248165,0.4473954281200929
NEG_AMPLIFY_teNEGATIVE0622,0,0.43948974050839285,0.4977139876776316
NEG_AMPLIFY_teNEGATIVE0635,0,0.9789804035822575,0.948643914549871
NEG_AMPLIFY_teNEGATIVE0636,0,0.4644633896866637,0.2184374779351285
NEG_AMPLIFY_teNEGATIVE0643,0,0.24965937843248165,0.11978717796282176
NEG_AMPLIFY_teNEGATIVE0655,0,0.2054543772143977,0.7369814219107147
NEG_AMPLIFY_teNEGATIVE0657,0,0.4519463155966591,0.4367968728815962
NEG_AMPLIFY_teNEGATIVE0661,0,0.19734528209115038,0.8200204565456539
NEG_AMPLIFY_teNEGATIVE0675,0,0.6602451203900815,0.635198944748903
NEG_AMPLIFY_teNEGATIVE0677,0,0.174474763849687,0.09351302164539461
NEG_AMPLIFY_teNEGATIVE0678,0,0.43948974050839285,0.11963297658060622
NEG_AMPLIFY_teNEGATIVE0680,0,0.07157748884867922,0.3241627804846578
NEG_AMPLIFY_teNEGATIVE0683,0,0.48961652856762156,0.37518344156169736
NEG_AMPLIFY_teNEGATIVE0704,0,0.14730043016734448,0.032602059929640576
NEG_AMPLIFY_teNEGATIVE0708,0,0.23124822620918395,0.03683760202786884
NEG_AMPLIFY_teNEGATIVE0712,0,0.22240604276111364,0.17657228358595914
NEG_AMPLIFY_teNEGATIVE0726,0,0.25922386528667374,0.6720767376639293
NEG_AMPLIFY_teNEGATIVE0742,0,0.015123702673421792,0.014355606656690988
NEG_AMPLIFY_teNEGATIVE0749,0,0.009189278374904825,0.02872830519858176
NEG_AMPLIFY_teNEGATIVE0756,0,0.01369277626920329,0.00993165290347054
NEG_AMPLIFY_teNEGATIVE0772,0,0.16733089780290292,0.20505752867954094
NEG_AMPLIFY_teNEGATIVE0773,0,0.015893412581149055,0.020847286358396028
NEG_AMPLIFY_teNEGATIVE0783,0,0.2054543772143977,0.3057020899980067
NEG_AMPLIFY_teNEGATIVE0786,0,0.16042269521026345,0.03324613326142542
NEG_AMPLIFY_teNEGATIVE0791,0,0.3324681291303758,0.7312534895080035
NEG_AMPLIFY_teNEGATIVE0830,0,0.8207715164073222,0.047243569065332766
NEG_AMPLIFY_teNEGATIVE0832,0,0.4026337283369765,0.593684523770985
NEG_AMPLIFY_teNEGATIVE0833,0,0.12372416032100453,0.2331094377196892
NEG_AMPLIFY_trNEGATIVE0010,0,0.3905677137853415,0.7959614259384338
NEG_AMPLIFY_trNEGATIVE0021,0,0.9070329178267104,0.8934111342343548
NEG_AMPLIFY_trNEGATIVE0028,0,0.4644633896866637,0.16963979559009326
NEG_AMPLIFY_trNEGATIVE0035,0,0.15374703465064624,0.07154590513622089
NEG_AMPLIFY_trNEGATIVE0044,0,0.01844111172626918,0.016355796262384956
NEG_AMPLIFY_trNEGATIVE0048,0,0.8207715164073222,0.8730169061988399
NEG_AMPLIFY_trNEGATIVE0060,0,0.022469598173027672,0.01700519625130428
NEG_AMPLIFY_trNEGATIVE0064,0,0.2790538290930268,0.16913970579441687
NEG_AMPLIFY_trNEGATIVE0073,0,0.006806644601453976,0.0411783248697963
NEG_AMPLIFY_trNEGATIVE0075,0,0.03492320297805743,0.03817459308408083
NEG_AMPLIFY_trNEGATIVE0092,0,0.4026337283369765,0.06231464206042409
NEG_AMPLIFY_trNEGATIVE0105,0,0.012395532746690743,0.03695297718261539
NEG_AMPLIFY_trNEGATIVE0108,0,0.771895155129791,0.652341272263188
NEG_AMPLIFY_trNEGATIVE0109,0,0.11836034439921081,0.3958599704093509
NEG_AMPLIFY_trNEGATIVE0111,0,0.3905677137853415,0.035339737747913894
NEG_AMPLIFY_trNEGATIVE0119,0,0.9328237534475188,0.7089378513871838
NEG_AMPLIFY_trNEGATIVE0128,0,0.734456099436054,0.8790164162776529
NEG_AMPLIFY_trNEGATIVE0132,0,0.269023395730122,0.5566491590046391
NEG_AMPLIFY_trNEGATIVE0136,0,0.6933136078224589,0.7904007115516933
NEG_AMPLIFY_trNEGATIVE0154,0,0.3213735966462353,0.361404652953923
NEG_AMPLIFY_trNEGATIVE0160,0,0.03492320297805743,0.07603247331582516
NEG_AMPLIFY_trNEGATIVE0162,0,0.7806514405394117,0.10332125752403525
NEG_AMPLIFY_trNEGATIVE0163,0,0.5148223556091357,0.06289634418512788
NEG_AMPLIFY_trNEGATIVE0169,0,0.6714631378676469,0.8876909467732814
NEG_AMPLIFY_trNEGATIVE0195,0,0.1350788464513293,0.2610706117129304
NEG_AMPLIFY_trNEGATIVE0216,0,0.09887897030237902,0.2562505215619034
NEG_AMPLIFY_trNEGATIVE0224,0,0.023604211839967516,0.0761282138859816
NEG_AMPLIFY_trNEGATIVE0250,0,0.11836034439921081,0.3441482692874355
NEG_AMPLIFY_trNEGATIVE0255,0,0.11836034439921081,0.44075808064192523
NEG_AMPLIFY_trNEGATIVE0257,0,0.269023395730122,0.4521299877282863
NEG_AMPLIFY_trNEGATIVE0259,0,0.5022208530990525,0.5059093853483208
NEG_AMPLIFY_trNEGATIVE0261,0,0.07500157166414516,0.8961729528329417
NEG_AMPLIFY_trNEGATIVE0265,0,0.07157748884867922,0.517166894264012
NEG_AMPLIFY_trNEGATIVE0267,0,0.31047709409236773,0.6953575146051284
NEG_AMPLIFY_trNEGATIVE0273,0,0.4271089314237546,0.6725186848063641
NEG_AMPLIFY_trNEGATIVE0277,0,0.5772326695039847,0.9533890773881155
NEG_AMPLIFY_trNEGATIVE0278,0,0.378634099696872,0.5673772499376347
NEG_AMPLIFY_trNEGATIVE0279,0,0.378634099696872,0.16941387641361566
NEG_AMPLIFY_trNEGATIVE0281,0,0.3213735966462353,0.8773945324853206
NEG_AMPLIFY_trNEGATIVE0282,0,0.174474763849687,0.14450977129941944
NEG_AMPLIFY_trNEGATIVE0289,0,0.7974307750363692,0.8395842857185987
NEG_AMPLIFY_trNEGATIVE0294,0,0.29978683900976444,0.16822076472751518
NEG_AMPLIFY_trNEGATIVE0295,0,0.23124822620918395,0.42332586227997326
NEG_AMPLIFY_trNEGATIVE0298,0,0.6136529378000346,0.3627537529331521
NEG_AMPLIFY_trNEGATIVE0302,0,0.010154424239516196,0.042877865023081954
NEG_AMPLIFY_trNEGATIVE0310,0,0.2054543772143977,0.022054221978731893
NEG_AMPLIFY_trNEGATIVE0319,0,0.6136529378000346,0.2818131645791944
NEG_AMPLIFY_trNEGATIVE0324,0,0.48961652856762156,0.2947923749658392
NEG_AMPLIFY_trNEGATIVE0325,0,0.14107906869684986,0.08686744971261515
NEG_AMPLIFY_trNEGATIVE0328,0,0.5894874119701076,0.35002794839441487
NEG_AMPLIFY_trNEGATIVE0330,0,0.5772326695039847,0.8050779150751042
NEG_AMPLIFY_trNEGATIVE0336,0,0.0902497196066729,0.07980826297222653
NEG_AMPLIFY_trNEGATIVE03367,0,0.009659922421979541,0.01154230663659194
NEG_AMPLIFY_trNEGATIVE03371,0,0.006806644601453976,0.03735468200459588
NEG_AMPLIFY_trNEGATIVE0338,0,0.25922386528667374,0.26180134656967896
NEG_AMPLIFY_trNEGATIVE03388,0,0.010673967299656929,0.023643104774874708
NEG_AMPLIFY_trNEGATIVE03413,0,0.013028231144419731,0.025568784576496868
NEG_AMPLIFY_trNEGATIVE03453,0,0.006474107199867874,0.015514176429761183
NEG_AMPLIFY_trNEGATIVE03455,0,0.026043556341199075,0.06678388217921763
NEG_AMPLIFY_trNEGATIVE03461,0,0.010673967299656929,0.04475140693336306
NEG_AMPLIFY_trNEGATIVE03464,0,0.010673967299656929,0.015612015755402905
NEG_AMPLIFY_trNEGATIVE0347,0,0.23124822620918395,0.08207494501440947
NEG_AMPLIFY_trNEGATIVE0348,0,0.04039614285076122,0.022949701824186867
NEG_AMPLIFY_trNEGATIVE03481,0,0.009659922421979541,0.06009087939326451
NEG_AMPLIFY_trNEGATIVE03496,0,0.010673967299656929,0.05509950021254858
NEG_AMPLIFY_trNEGATIVE03501,0,0.03666308211077079,0.02098069793343762
NEG_AMPLIFY_trNEGATIVE03502,0,0.008315095965561257,0.03877077857594381
NEG_AMPLIFY_trNEGATIVE03515,0,0.04039614285076122,0.07444697481561559
NEG_AMPLIFY_trNEGATIVE03521,0,0.007909450325643561,0.03563609562118201
NEG_AMPLIFY_trNEGATIVE03531,0,0.008315095965561257,0.027987599182166728
NEG_AMPLIFY_trNEGATIVE03558,0,0.011219791064135618,0.02766902007142156
NEG_AMPLIFY_trNEGATIVE03559,0,0.007156139496877348,0.03137389636234337
NEG_AMPLIFY_trNEGATIVE03563,0,0.03492320297805743,0.025047926406598864
NEG_AMPLIFY_trNEGATIVE03566,0,0.009659922421979541,0.011801316451091252
NEG_AMPLIFY_trNEGATIVE03586,0,0.024794665183936387,0.0700708629274557
NEG_AMPLIFY_trNEGATIVE03614,0,0.010673967299656929,0.02060050782453041
NEG_AMPLIFY_trNEGATIVE0362,0,0.11319902642920111,0.5659761161886117
NEG_AMPLIFY_trNEGATIVE03685,0,0.02735358888440897,0.1336356820742162
NEG_AMPLIFY_trNEGATIVE0370,0,0.343751660594021,0.037905773670232845
NEG_AMPLIFY_trNEGATIVE0371,0,0.8934678258629666,0.09506227092151205
NEG_AMPLIFY_trNEGATIVE0372,0,0.4148187790382922,0.5560260777079433
NEG_AMPLIFY_trNEGATIVE0376,0,0.2893102269511436,0.034045559608900496
NEG_AMPLIFY_trNEGATIVE03782,0,0.007523443669472799,0.032863543787790085
NEG_AMPLIFY_trNEGATIVE0379,0,0.038486185536015516,0.08488987997213603
NEG_AMPLIFY_trNEGATIVE03814,0,0.04039614285076122,0.03710061175191355
NEG_AMPLIFY_trNEGATIVE0382,0,0.343751660594021,0.6892642394963928
NEG_AMPLIFY_trNEGATIVE0386,0,0.5022208530990525,0.7653312295919329
NEG_AMPLIFY_trNEGATIVE03871,0,0.5648821262747397,0.4295620084088419
NEG_AMPLIFY_trNEGATIVE03888,0,0.022469598173027672,0.16068707273062294
NEG_AMPLIFY_trNEGATIVE03889,0,0.015893412581149055,0.012486957940563133
NEG_AMPLIFY_trNEGATIVE03894,0,0.048981402685768956,0.014180803578757449
NEG_AMPLIFY_trNEGATIVE03897,0,0.0902497196066729,0.09057905922302661
NEG_AMPLIFY_trNEGATIVE03909,0,0.007523443669472799,0.037819019263815076
NEG_AMPLIFY_trNEGATIVE0392,0,0.8132336372406253,0.940224418452428
NEG_AMPLIFY_trNEGATIVE03933,0,0.008741362322967697,0.6779605581312211
NEG_AMPLIFY_trNEGATIVE03934,0,0.006474107199867874,0.050832857509473126
NEG_AMPLIFY_trNEGATIVE03950,0,0.011219791064135618,0.0454056696074823
NEG_AMPLIFY_trNEGATIVE03963,0,0.01369277626920329,0.04040326373279877
NEG_AMPLIFY_trNEGATIVE0401,0,0.8280694859319183,0.7509243910715753
NEG_AMPLIFY_trNEGATIVE04029,0,0.006806644601453976,0.06583121279848504
NEG_AMPLIFY_trNEGATIVE04034,0,0.015893412581149055,0.07592790030032982
NEG_AMPLIFY_trNEGATIVE0406,0,0.6372712519304178,0.45734184942928907
NEG_AMPLIFY_trNEGATIVE04093,0,0.011793193347070728,0.017138938563199254
NEG_AMPLIFY_trNEGATIVE0410,0,0.3905677137853415,0.9535620622399449
NEG_AMPLIFY_trNEGATIVE0411,0,0.8132336372406253,0.01830956774727496
NEG_AMPLIFY_trNEGATIVE04146,0,0.048981402685768956,0.016173678481250547
NEG_AMPLIFY_trNEGATIVE0415,0,0.04239670633602469,0.025954218681396933
NEG_AMPLIFY_trNEGATIVE04157,0,0.006474107199867874,0.0675240088684275
NEG_AMPLIFY_trNEGATIVE04187,0,0.3324681291303758,0.796445002412274
NEG_AMPLIFY_trNEGATIVE04191,0,0.021388328727887103,0.05131774771993614
NEG_AMPLIFY_trNEGATIVE04192,0,0.007156139496877348,0.02064641766178614
NEG_AMPLIFY_trNEGATIVE04213,0,0.008741362322967697,0.011826971817194352
NEG_AMPLIFY_trNEGATIVE04228,0,0.015893412581149055,0.014298572373835687
NEG_AMPLIFY_trNEGATIVE04269,0,0.01844111172626918,0.02460383006598075
NEG_AMPLIFY_trNEGATIVE04325,0,0.010154424239516196,0.036061304974750984
NEG_AMPLIFY_trNEGATIVE04328,0,0.016701632004095444,0.08933184881824378
NEG_AMPLIFY_trNEGATIVE04378,0,0.11836034439921081,0.23992750716463537
NEG_AMPLIFY_trNEGATIVE0447,0,0.269023395730122,0.17702301581289992
NEG_AMPLIFY_trNEGATIVE04521,0,0.006806644601453976,0.016675491203611087
NEG_AMPLIFY_trNEGATIVE04533,0,0.25922386528667374,0.13883931595487634
NEG_AMPLIFY_trNEGATIVE04540,0,0.010154424239516196,0.013524948758845317
NEG_AMPLIFY_trNEGATIVE0455,0,0.7441732429019726,0.8571268259800082
NEG_AMPLIFY_trNEGATIVE04588,0,0.011219791064135618,0.020945708562305897
NEG_AMPLIFY_trNEGATIVE04602,0,0.008741362322967697,0.02036232606142729
NEG_AMPLIFY_trNEGATIVE04616,0,0.033263040383447975,0.019924361702146474
NEG_AMPLIFY_trNEGATIVE04627,0,0.010673967299656929,0.027385351789007882
NEG_AMPLIFY_trNEGATIVE04641,0,0.010154424239516196,0.05378663991016745
NEG_AMPLIFY_trNEGATIVE04645,0,0.019376337086726377,0.0143839523113216
NEG_AMPLIFY_trNEGATIVE04646,0,0.01755021842537274,0.03428514907298445
NEG_AMPLIFY_trNEGATIVE04649,0,0.15374703465064624,0.8017619273935508
NEG_AMPLIFY_trNEGATIVE04654,0,0.02035800790529983,0.07552926866838018
NEG_AMPLIFY_trNEGATIVE04656,0,0.02735358888440897,0.03609264074165583
NEG_AMPLIFY_trNEGATIVE04710,0,0.038486185536015516,0.01913323808632189
NEG_AMPLIFY_trNEGATIVE04747,0,0.008315095965561257,0.029307120084184693
NEG_AMPLIFY_trNEGATIVE04824,0,0.008315095965561257,0.03700110189953306
NEG_AMPLIFY_trNEGATIVE0483,0,0.22240604276111364,0.10623853153419412
NEG_AMPLIFY_trNEGATIVE0485,0,0.5399530041442298,0.09612312937907419
NEG_AMPLIFY_trNEGATIVE04853,0,0.013028231144419731,0.015935385667958022
NEG_AMPLIFY_trNEGATIVE0486,0,0.7806514405394117,0.5202627126166453
NEG_AMPLIFY_trNEGATIVE0487,0,0.062153667469518836,0.01797511462855187
NEG_AMPLIFY_trNEGATIVE04875,0,0.009659922421979541,0.013790733759123427
NEG_AMPLIFY_trNEGATIVE04889,0,0.18947991926908753,0.01374539956692346
NEG_AMPLIFY_trNEGATIVE04896,0,0.04039614285076122,0.0834962778000085
NEG_AMPLIFY_trNEGATIVE04902,0,0.6602451203900815,0.6917817117639913
NEG_AMPLIFY_trNEGATIVE04924,0,0.030168435469896834,0.019152271239165568
NEG_AMPLIFY_trNEGATIVE0505,0,0.8207715164073222,0.952120575434762
NEG_AMPLIFY_trNEGATIVE05103,0,0.008315095965561257,0.04070346533062049
NEG_AMPLIFY_trNEGATIVE05130,0,0.008741362322967697,0.022400844344073446
NEG_AMPLIFY_trNEGATIVE05144,0,0.007909450325643561,0.040171180538879164
NEG_AMPLIFY_trNEGATIVE0516,0,0.8934678258629666,0.9398902820007694
NEG_AMPLIFY_trNEGATIVE05164,0,0.013028231144419731,0.0776048463260361
NEG_AMPLIFY_trNEGATIVE0521,0,0.7245065039098338,0.49452473236941147
NEG_AMPLIFY_trNEGATIVE0523,0,0.9851386683336513,0.972820527466474
NEG_AMPLIFY_trNEGATIVE05239,0,0.06515857778527068,0.03777087181389804
NEG_AMPLIFY_trNEGATIVE0524,0,0.343751660594021,0.21730032631720206
NEG_AMPLIFY_trNEGATIVE0526,0,0.09887897030237902,0.4139014698867758
NEG_AMPLIFY_trNEGATIVE05262,0,0.007156139496877348,0.016375428086316663
NEG_AMPLIFY_trNEGATIVE0529,0,0.12372416032100453,0.559446164557521
NEG_AMPLIFY_trNEGATIVE05325,0,0.010154424239516196,0.012189945256411016
NEG_AMPLIFY_trNEGATIVE05334,0,0.01369277626920329,0.07782827765811433
NEG_AMPLIFY_trNEGATIVE05368,0,0.007523443669472799,0.023333821086540422
NEG_AMPLIFY_trNEGATIVE05371,0,0.01369277626920329,0.12539370356407964
NEG_AMPLIFY_trNEGATIVE05406,0,0.009659922421979541,0.05178861455851499
NEG_AMPLIFY_trNEGATIVE05431,0,0.013028231144419731,0.03728850358727382
NEG_AMPLIFY_trNEGATIVE05445,0,0.835129982910905,0.5347188047730853
NEG_AMPLIFY_trNEGATIVE05450,0,0.01755021842537274,0.029253393833748795
NEG_AMPLIFY_trNEGATIVE05461,0,0.009189278374904825,0.022467765489145624
NEG_AMPLIFY_trNEGATIVE05463,0,0.11319902642920111,0.12387999222095349
NEG_AMPLIFY_trNEGATIVE05473,0,0.008315095965561257,0.013071466132925307
NEG_AMPLIFY_trNEGATIVE0548,0,0.7143291117943894,0.7687041979796021
NEG_AMPLIFY_trNEGATIVE05484,0,0.009659922421979541,0.04515086515961474
NEG_AMPLIFY_trNEGATIVE05544,0,0.010673967299656929,0.05440940405997454
NEG_AMPLIFY_trNEGATIVE05564,0,0.02735358888440897,0.08369853275146744
NEG_AMPLIFY_trNEGATIVE0557,0,0.10823514639132764,0.01985331875584808
NEG_AMPLIFY_trNEGATIVE05624,0,0.009189278374904825,0.0283791451096339
NEG_AMPLIFY_trNEGATIVE05636,0,0.011219791064135618,0.03340337436192663
NEG_AMPLIFY_trNEGATIVE05643,0,0.03666308211077079,0.03816534384527796
NEG_AMPLIFY_trNEGATIVE0565,0,0.07157748884867922,0.038091168687302564
NEG_AMPLIFY_trNEGATIVE05651,0,0.062153667469518836,0.02732603071645046
NEG_AMPLIFY_trNEGATIVE05652,0,0.008315095965561257,0.020885868275211047
NEG_AMPLIFY_trNEGATIVE0567,0,0.10346354124801624,0.5364632290548105
NEG_AMPLIFY_trNEGATIVE05697,0,0.012395532746690743,0.04510058168355137
NEG_AMPLIFY_trNEGATIVE0572,0,0.6602451203900815,0.2485090262089316
NEG_AMPLIFY_trNEGATIVE05757,0,0.007523443669472799,0.04768954559042178
NEG_AMPLIFY_trNEGATIVE0576,0,0.16733089780290292,0.12892372029403865
NEG_AMPLIFY_trNEGATIVE0578,0,0.8207715164073222,0.8766032088641043
NEG_AMPLIFY_trNEGATIVE05788,0,0.09887897030237902,0.01744919516764379
NEG_AMPLIFY_trNEGATIVE05829,0,0.015893412581149055,0.0337007921233811
NEG_AMPLIFY_trNEGATIVE05882,0,0.014390724324342736,0.1501353515681623
NEG_AMPLIFY_trNEGATIVE05889,0,0.009189278374904825,0.06739269726936334
NEG_AMPLIFY_trNEGATIVE0589,0,0.16042269521026345,0.331442688654688
NEG_AMPLIFY_trNEGATIVE05917,0,0.010673967299656929,0.02795485562984983
NEG_AMPLIFY_trNEGATIVE05952,0,0.008315095965561257,0.02769708510914307
NEG_AMPLIFY_trNEGATIVE0597,0,0.343751660594021,0.32980190713049573
NEG_AMPLIFY_trNEGATIVE06028,0,0.011793193347070728,0.020022700445282007
NEG_AMPLIFY_trNEGATIVE06043,0,0.008315095965561257,0.032296648082190745
NEG_AMPLIFY_trNEGATIVE06063,0,0.007156139496877348,0.018481840410699186
NEG_AMPLIFY_trNEGATIVE06071,0,0.015893412581149055,0.023422052190037478
NEG_AMPLIFY_trNEGATIVE06117,0,0.033263040383447975,0.04980845762283984
NEG_AMPLIFY_trNEGATIVE06120,0,0.7974307750363692,0.5041710939531139
NEG_AMPLIFY_trNEGATIVE06121,0,0.015123702673421792,0.2384358148108867
NEG_AMPLIFY_trNEGATIVE06123,0,0.008315095965561257,0.01637646954255605
NEG_AMPLIFY_trNEGATIVE06144,0,0.02035800790529983,0.07438155793265491
NEG_AMPLIFY_trNEGATIVE06152,0,0.009189278374904825,0.049401227670310556
NEG_AMPLIFY_trNEGATIVE06172,0,0.015123702673421792,0.026687922444877166
NEG_AMPLIFY_trNEGATIVE06199,0,0.07857559088851913,0.05896638989173333
NEG_AMPLIFY_trNEGATIVE06236,0,0.014390724324342736,0.011262196971521416
NEG_AMPLIFY_trNEGATIVE06238,0,0.12372416032100453,0.011585960820230239
NEG_AMPLIFY_trNEGATIVE0624,0,0.8669834852301698,0.7509243910715753
NEG_AMPLIFY_trNEGATIVE06277,0,0.010673967299656929,0.027134706681269147
NEG_AMPLIFY_trNEGATIVE06283,0,0.011219791064135618,0.0159098778432675
NEG_AMPLIFY_trNEGATIVE06305,0,0.014390724324342736,0.04951680370525596
NEG_AMPLIFY_trNEGATIVE06369,0,0.030168435469896834,0.0675982606035493
NEG_AMPLIFY_trNEGATIVE06384,0,0.021388328727887103,0.0906629781257139
NEG_AMPLIFY_trNEGATIVE0640,0,0.4271089314237546,0.27700653092860095
NEG_AMPLIFY_trNEGATIVE06401,0,0.016701632004095444,0.038871634738284463
NEG_AMPLIFY_trNEGATIVE06479,0,0.010154424239516196,0.01532917533566476
NEG_AMPLIFY_trNEGATIVE06489,0,0.008315095965561257,0.013151714199863744
NEG_AMPLIFY_trNEGATIVE0650,0,0.174474763849687,0.3454643137272373
NEG_AMPLIFY_trNEGATIVE06502,0,0.009659922421979541,0.02300577642846447
NEG_AMPLIFY_trNEGATIVE0652,0,0.012395532746690743,0.1920720132330727
NEG_AMPLIFY_trNEGATIVE06523,0,0.038486185536015516,0.028670589454190123
NEG_AMPLIFY_trNEGATIVE0656,0,0.10823514639132764,0.6663578509452844
NEG_AMPLIFY_trNEGATIVE06569,0,0.012395532746690743,0.03820983629799002
NEG_AMPLIFY_trNEGATIVE06574,0,0.011219791064135618,0.04429811598520706
NEG_AMPLIFY_trNEGATIVE06579,0,0.007523443669472799,0.02220668483540393
NEG_AMPLIFY_trNEGATIVE0660,0,0.48961652856762156,0.5381043715976667
NEG_AMPLIFY_trNEGATIVE0661,0,0.06515857778527068,0.8115496453594934
NEG_AMPLIFY_trNEGATIVE0667,0,0.3668456262691713,0.5566985120487745
NEG_AMPLIFY_trNEGATIVE0668,0,0.10823514639132764,0.39166125558653714
NEG_AMPLIFY_trNEGATIVE06680,0,0.10823514639132764,0.0733913271435317
NEG_AMPLIFY_trNEGATIVE0672,0,0.6016320814325685,0.5441816590454451
NEG_AMPLIFY_trNEGATIVE06725,0,0.006806644601453976,0.015176390388551347
NEG_AMPLIFY_trNEGATIVE0673,0,0.48961652856762156,0.9054729025891343
NEG_AMPLIFY_trNEGATIVE06730,0,0.07500157166414516,0.026066655164577093
NEG_AMPLIFY_trNEGATIVE06767,0,0.014390724324342736,0.05829126583960735
NEG_AMPLIFY_trNEGATIVE06779,0,0.006806644601453976,0.20323014423806182
NEG_AMPLIFY_trNEGATIVE06800,0,0.015123702673421792,0.09138426382867793
NEG_AMPLIFY_trNEGATIVE06824,0,0.009189278374904825,0.02931568371035962
NEG_AMPLIFY_trNEGATIVE06854,0,0.044491751389189725,0.2878961587618389
NEG_AMPLIFY_trNEGATIVE0687,0,0.31047709409236773,0.6974600489337699
NEG_AMPLIFY_trNEGATIVE06880,0,0.007909450325643561,0.0585573886097866
NEG_AMPLIFY_trNEGATIVE06893,0,0.013028231144419731,0.028810972680898037
NEG_AMPLIFY_trNEGATIVE06907,0,0.008741362322967697,0.03389266450865417
NEG_AMPLIFY_trNEGATIVE06910,0,0.007156139496877348,0.03350025781330303
NEG_AMPLIFY_trNEGATIVE06958,0,0.026043556341199075,0.03505333299859819
NEG_AMPLIFY_trNEGATIVE06961,0,0.014390724324342736,0.00860703984831244
NEG_AMPLIFY_trNEGATIVE06977,0,0.007909450325643561,0.023810490151512376
NEG_AMPLIFY_trNEGATIVE07027,0,0.010673967299656929,0.04127863054351539
NEG_AMPLIFY_trNEGATIVE0706,0,0.4148187790382922,0.42381104879762055
NEG_AMPLIFY_trNEGATIVE0707,0,0.3213735966462353,0.17029567887285046
NEG_AMPLIFY_trNEGATIVE07085,0,0.016701632004095444,0.05177506770676651
NEG_AMPLIFY_trNEGATIVE07093,0,0.009189278374904825,0.03591586337919347
NEG_AMPLIFY_trNEGATIVE0710,0,0.010673967299656929,0.05397955734623555
NEG_AMPLIFY_trNEGATIVE07125,0,0.007156139496877348,0.014608715471949703
NEG_AMPLIFY_trNEGATIVE0713,0,0.6714631378676469,0.7146653577875274
NEG_AMPLIFY_trNEGATIVE07210,0,0.013028231144419731,0.014617774184769734
NEG_AMPLIFY_trNEGATIVE07218,0,0.024794665183936387,0.024613105901923744
NEG_AMPLIFY_trNEGATIVE07240,0,0.06829818519278824,0.020388314750353877
NEG_AMPLIFY_trNEGATIVE07243,0,0.022469598173027672,0.030372928981113927
NEG_AMPLIFY_trNEGATIVE0725,0,0.14730043016734448,0.019889490039591663
NEG_AMPLIFY_trNEGATIVE07258,0,0.007909450325643561,0.007462038991519946
NEG_AMPLIFY_trNEGATIVE0726,0,0.013028231144419731,0.04381009526792584
NEG_AMPLIFY_trNEGATIVE07266,0,0.011219791064135618,0.042162059045104054
NEG_AMPLIFY_trNEGATIVE07285,0,0.5148223556091357,0.9643319530924159
NEG_AMPLIFY_trNEGATIVE07302,0,0.010154424239516196,0.017951726382545035
NEG_AMPLIFY_trNEGATIVE0732,0,0.012395532746690743,0.28808169026183683
NEG_AMPLIFY_trNEGATIVE07322,0,0.009659922421979541,0.029192790860525324
NEG_AMPLIFY_trNEGATIVE0734,0,0.5648821262747397,0.6055302910222508
NEG_AMPLIFY_trNEGATIVE0738,0,0.009189278374904825,0.03458174986053605
NEG_AMPLIFY_trNEGATIVE07418,0,0.011219791064135618,0.015372805107219343
NEG_AMPLIFY_trNEGATIVE07430,0,0.01755021842537274,0.23371191344577746
NEG_AMPLIFY_trNEGATIVE07490,0,0.011219791064135618,0.043291149790436335
NEG_AMPLIFY_trNEGATIVE07504,0,0.11836034439921081,0.6421087389378134
NEG_AMPLIFY_trNEGATIVE07510,0,0.026043556341199075,0.046545271463635025
NEG_AMPLIFY_trNEGATIVE07521,0,0.011793193347070728,0.015819524985477635
NEG_AMPLIFY_trNEGATIVE0753,0,0.16042269521026345,0.5025598772781953
NEG_AMPLIFY_trNEGATIVE07532,0,0.010154424239516196,0.026116831475910724
NEG_AMPLIFY_trNEGATIVE07541,0,0.07157748884867922,0.035878273811431584
NEG_AMPLIFY_trNEGATIVE07544,0,0.006806644601453976,0.04353468434822434
NEG_AMPLIFY_trNEGATIVE07549,0,0.007909450325643561,0.012027000352067009
NEG_AMPLIFY_trNEGATIVE0758,0,0.16733089780290292,0.3622527177321288
NEG_AMPLIFY_trNEGATIVE07591,0,0.010673967299656929,0.042343435420326404
NEG_AMPLIFY_trNEGATIVE07632,0,0.010154424239516196,0.04505818526392498
NEG_AMPLIFY_trNEGATIVE07633,0,0.008315095965561257,0.1286017432860384
NEG_AMPLIFY_trNEGATIVE07638,0,0.015893412581149055,0.032194803962767984
NEG_AMPLIFY_trNEGATIVE07712,0,0.008741362322967697,0.019327435295552007
NEG_AMPLIFY_trNEGATIVE0777,0,0.22240604276111364,0.6208760482322215
NEG_AMPLIFY_trNEGATIVE07793,0,0.010673967299656929,0.0160480906721907
NEG_AMPLIFY_trNEGATIVE0780,0,0.06515857778527068,0.053916319549411645
NEG_AMPLIFY_trNEGATIVE07825,0,0.011793193347070728,0.049616057815698306
NEG_AMPLIFY_trNEGATIVE07831,0,0.015123702673421792,0.039392960402541734
NEG_AMPLIFY_trNEGATIVE07860,0,0.007523443669472799,0.23667556384378144
NEG_AMPLIFY_trNEGATIVE07863,0,0.02035800790529983,0.033792720372912435
NEG_AMPLIFY_trNEGATIVE07869,0,0.014390724324342736,0.03652786420456418
NEG_AMPLIFY_trNEGATIVE07901,0,0.014390724324342736,0.04062042393086308
NEG_AMPLIFY_trNEGATIVE07915,0,0.2054543772143977,0.7236179257022356
NEG_AMPLIFY_trNEGATIVE07917,0,0.04668527649577512,0.06205340352765266
NEG_AMPLIFY_trNEGATIVE07943,0,0.009659922421979541,0.019612946959818557
NEG_AMPLIFY_trNEGATIVE0797,0,0.24033329685460192,0.23635883828994333
NEG_AMPLIFY_trNEGATIVE07981,0,0.009659922421979541,0.011826971817194352
NEG_AMPLIFY_trNEGATIVE07991,0,0.012395532746690743,0.026425642499176547
NEG_AMPLIFY_trNEGATIVE08007,0,0.009189278374904825,0.031974306706857906
NEG_AMPLIFY_trNEGATIVE08008,0,0.031679207212253764,0.05840720087010184
NEG_AMPLIFY_trNEGATIVE08025,0,0.010154424239516196,0.017836866409313763
NEG_AMPLIFY_trNEGATIVE08050,0,0.024794665183936387,0.021600818793257613
NEG_AMPLIFY_trNEGATIVE08057,0,0.1350788464513293,0.014850011425552867
NEG_AMPLIFY_trNEGATIVE08075,0,0.01755021842537274,0.07077053809110247
NEG_AMPLIFY_trNEGATIVE0808,0,0.0902497196066729,0.7016637920115602
NEG_AMPLIFY_trNEGATIVE08136,0,0.011219791064135618,0.013093765758621173
NEG_AMPLIFY_trNEGATIVE08154,0,0.021388328727887103,0.12454017582045657
NEG_AMPLIFY_trNEGATIVE08162,0,0.008315095965561257,0.10141020096023177
NEG_AMPLIFY_trNEGATIVE08199,0,0.010154424239516196,0.02496642383846726
NEG_AMPLIFY_trNEGATIVE08206,0,0.5524505236252554,0.7582896699138496
NEG_AMPLIFY_trNEGATIVE0821,0,0.6016320814325685,0.3856781805380488
NEG_AMPLIFY_trNEGATIVE08212,0,0.010154424239516196,0.038974621494565695
NEG_AMPLIFY_trNEGATIVE0822,0,0.007909450325643561,0.027085664531444092
NEG_AMPLIFY_trNEGATIVE08222,0,0.01844111172626918,0.03528041279427101
NEG_AMPLIFY_trNEGATIVE08223,0,0.010673967299656929,0.06773470673543482
NEG_AMPLIFY_trNEGATIVE0825,0,0.8207715164073222,0.8346043037399735
NEG_AMPLIFY_trNEGATIVE08253,0,0.013028231144419731,0.023141609139413696
NEG_AMPLIFY_trNEGATIVE08266,0,0.023604211839967516,0.018303931556857313
NEG_AMPLIFY_trNEGATIVE0827,0,0.9190272617725738,0.9752300288279464
NEG_AMPLIFY_trNEGATIVE0832,0,0.8549171963874302,0.7520324762215105
NEG_AMPLIFY_trNEGATIVE08320,0,0.02872757448660999,0.03944884923739195
NEG_AMPLIFY_trNEGATIVE08339,0,0.0902497196066729,0.019531639205771428
NEG_AMPLIFY_trNEGATIVE0834,0,0.4148187790382922,0.4432005386431384
NEG_AMPLIFY_trNEGATIVE08349,0,0.013028231144419731,0.011284521092436346
NEG_AMPLIFY_trNEGATIVE0835,0,0.7441732429019726,0.039821286256462876
NEG_AMPLIFY_trNEGATIVE08362,0,0.006806644601453976,0.024019233653405803
NEG_AMPLIFY_trNEGATIVE08366,0,0.038486185536015516,0.037959825910356286
NEG_AMPLIFY_trNEGATIVE08391,0,0.008741362322967697,0.023581407093479972
NEG_AMPLIFY_trNEGATIVE08404,0,0.015893412581149055,0.040466007858024594
NEG_AMPLIFY_trNEGATIVE08408,0,0.06515857778527068,0.055827547658779085
NEG_AMPLIFY_trNEGATIVE08415,0,0.019376337086726377,0.03738041213414465
NEG_AMPLIFY_trNEGATIVE08433,0,0.011793193347070728,0.05934362579395727
NEG_AMPLIFY_trNEGATIVE08442,0,0.009659922421979541,0.052555595636224514
NEG_AMPLIFY_trNEGATIVE08446,0,0.023604211839967516,0.02538866125802799
NEG_AMPLIFY_trNEGATIVE0845,0,0.4026337283369765,0.7967367002931098
NEG_AMPLIFY_trNEGATIVE0846,0,0.0902497196066729,0.24358557120529675
NEG_AMPLIFY_trNEGATIVE08480,0,0.008315095965561257,0.028947092397482915
NEG_AMPLIFY_trNEGATIVE08492,0,0.013028231144419731,0.031845560257847155
NEG_AMPLIFY_trNEGATIVE08501,0,0.008741362322967697,0.028522837941285094
NEG_AMPLIFY_trNEGATIVE0854,0,0.29978683900976444,0.02469235671671605
NEG_AMPLIFY_trNEGATIVE08612,0,0.009659922421979541,0.02769595437202035
NEG_AMPLIFY_trNEGATIVE08616,0,0.05652840824061295,0.08472620919193441
NEG_AMPLIFY_trNEGATIVE08624,0,0.011219791064135618,0.015924312395522576
NEG_AMPLIFY_trNEGATIVE08645,0,0.009189278374904825,0.02434292637325729
NEG_AMPLIFY_trNEGATIVE0866,0,0.23124822620918395,0.270200471507843
NEG_AMPLIFY_trNEGATIVE08670,0,0.022469598173027672,0.05474102011689135
NEG_AMPLIFY_trNEGATIVE08685,0,0.009659922421979541,0.0894838959412176
NEG_AMPLIFY_trNEGATIVE08690,0,0.010154424239516196,0.015971862686355937
NEG_AMPLIFY_trNEGATIVE0872,0,0.3213735966462353,0.44879462777682433
NEG_AMPLIFY_trNEGATIVE08721,0,0.02872757448660999,0.01814545050100762
NEG_AMPLIFY_trNEGATIVE0873,0,0.2893102269511436,0.2614402356983367
NEG_AMPLIFY_trNEGATIVE0874,0,0.5772326695039847,0.06200279358393424
NEG_AMPLIFY_trNEGATIVE08745,0,0.011793193347070728,0.04335651918576031
NEG_AMPLIFY_trNEGATIVE0875,0,0.43948974050839285,0.6059050079949151
NEG_AMPLIFY_trNEGATIVE08753,0,0.023604211839967516,0.01692950254663132
NEG_AMPLIFY_trNEGATIVE08810,0,0.008315095965561257,0.1035090455823169
NEG_AMPLIFY_trNEGATIVE0882,0,0.2893102269511436,0.3418215969470619
NEG_AMPLIFY_trNEGATIVE08849,0,0.009659922421979541,0.04827065826610326
NEG_AMPLIFY_trNEGATIVE08860,0,0.021388328727887103,0.053876861005352154
NEG_AMPLIFY_trNEGATIVE0889,0,0.5274050396338344,0.07269448987126505
NEG_AMPLIFY_trNEGATIVE08891,0,0.010673967299656929,0.053412710672238545
NEG_AMPLIFY_trNEGATIVE0891,0,0.24965937843248165,0.6654784857479465
NEG_AMPLIFY_trNEGATIVE08912,0,0.015893412581149055,0.01680412454895084
NEG_AMPLIFY_trNEGATIVE0893,0,0.7039293860174315,0.8517514029046872
NEG_AMPLIFY_trNEGATIVE08938,0,0.01369277626920329,0.14809338193932192
NEG_AMPLIFY_trNEGATIVE0894,0,0.9494747891473988,0.9506060484000451
NEG_AMPLIFY_trNEGATIVE0896,0,0.9744033323805054,0.4696719549085786
NEG_AMPLIFY_trNEGATIVE0901,0,0.2790538290930268,0.6100558266731624
NEG_AMPLIFY_trNEGATIVE09035,0,0.01369277626920329,0.03694973751190015
NEG_AMPLIFY_trNEGATIVE09061,0,0.006806644601453976,0.01256092997328252
NEG_AMPLIFY_trNEGATIVE09076,0,0.010154424239516196,0.015152189682744358
NEG_AMPLIFY_trNEGATIVE09079,0,0.006806644601453976,0.030684202195432345
NEG_AMPLIFY_trNEGATIVE0909,0,0.14730043016734448,0.21263017934940465
NEG_AMPLIFY_trNEGATIVE09114,0,0.024794665183936387,0.09590657379421783
NEG_AMPLIFY_trNEGATIVE09149,0,0.24033329685460192,0.5869593576970179
NEG_AMPLIFY_trNEGATIVE0915,0,0.04668527649577512,0.03429293772682988
NEG_AMPLIFY_trNEGATIVE09195,0,0.1350788464513293,0.016225887254148415
NEG_AMPLIFY_trNEGATIVE09218,0,0.015893412581149055,0.026328840344596514
NEG_AMPLIFY_trNEGATIVE09219,0,0.02872757448660999,0.01566122016348972
NEG_AMPLIFY_trNEGATIVE0925,0,0.0902497196066729,0.22569009686374913
NEG_AMPLIFY_trNEGATIVE09254,0,0.5772326695039847,0.9190959754976683
NEG_AMPLIFY_trNEGATIVE09259,0,0.022469598173027672,0.026485610583889367
NEG_AMPLIFY_trNEGATIVE0926,0,0.4271089314237546,0.0321706612129594
NEG_AMPLIFY_trNEGATIVE09273,0,0.010673967299656929,0.10286849325329825
NEG_AMPLIFY_trNEGATIVE0929,0,0.030168435469896834,0.0181330616405081
NEG_AMPLIFY_trNEGATIVE09298,0,0.03666308211077079,0.023059264125123498
NEG_AMPLIFY_trNEGATIVE0930,0,0.25922386528667374,0.1933329004672615
NEG_AMPLIFY_trNEGATIVE0932,0,0.024794665183936387,0.013486363043451672
NEG_AMPLIFY_trNEGATIVE0933,0,0.9703470782596542,0.8128880881598205
NEG_AMPLIFY_trNEGATIVE09383,0,0.008741362322967697,0.04226527204416191
NEG_AMPLIFY_trNEGATIVE0942,0,0.04239670633602469,0.06772094624091812
NEG_AMPLIFY_trNEGATIVE09433,0,0.007909450325643561,0.013882333198579504
NEG_AMPLIFY_trNEGATIVE09439,0,0.062153667469518836,0.0216003240519798
NEG_AMPLIFY_trNEGATIVE09456,0,0.010154424239516196,0.050173488144421956
NEG_AMPLIFY_trNEGATIVE0949,0,0.019376337086726377,0.037457034911413604
NEG_AMPLIFY_trNEGATIVE09491,0,0.044491751389189725,0.043878955957488454
NEG_AMPLIFY_trNEGATIVE09525,0,0.007523443669472799,0.01287268465887771
NEG_AMPLIFY_trNEGATIVE09558,0,0.006474107199867874,0.018991162476409564
NEG_AMPLIFY_trNEGATIVE0956,0,0.03492320297805743,0.45711073890843823
NEG_AMPLIFY_trNEGATIVE0959,0,0.24965937843248165,0.7541641471277432
NEG_AMPLIFY_trNEGATIVE09603,0,0.012395532746690743,0.015524565783505593
NEG_AMPLIFY_trNEGATIVE0961,0,0.5148223556091357,0.1415356627915934
NEG_AMPLIFY_trNEGATIVE0962,0,0.25922386528667374,0.17589512935794202
NEG_AMPLIFY_trNEGATIVE09638,0,0.010673967299656929,0.03453673331254172
NEG_AMPLIFY_trNEGATIVE0964,0,0.009189278374904825,0.05813175877159741
NEG_AMPLIFY_trNEGATIVE09655,0,0.01369277626920329,0.00799220930454646
NEG_AMPLIFY_trNEGATIVE0966,0,0.02872757448660999,0.13441122204883457
NEG_AMPLIFY_trNEGATIVE09661,0,0.009659922421979541,0.09122840242314596
NEG_AMPLIFY_trNEGATIVE09705,0,0.008741362322967697,0.041529316708852404
NEG_AMPLIFY_trNEGATIVE09717,0,0.012395532746690743,0.03230358194515236
NEG_AMPLIFY_trNEGATIVE09728,0,0.011793193347070728,0.025307655251379374
NEG_AMPLIFY_trNEGATIVE09765,0,0.008741362322967697,0.056034476232471986
NEG_AMPLIFY_trNEGATIVE09776,0,0.009659922421979541,0.029300450594821833
NEG_AMPLIFY_trNEGATIVE09792,0,0.007909450325643561,0.0351853290985326
NEG_AMPLIFY_trNEGATIVE09812,0,0.06515857778527068,0.01719185419720079
NEG_AMPLIFY_trNEGATIVE09814,0,0.011219791064135618,0.020698746145116985
NEG_AMPLIFY_trNEGATIVE09842,0,0.007909450325643561,0.04826445342358639
NEG_AMPLIFY_trNEGATIVE09862,0,0.02735358888440897,0.0704101987137028
NEG_AMPLIFY_trNEGATIVE0987,0,0.8934678258629666,0.8703465105486065
NEG_AMPLIFY_trNEGATIVE09909,0,0.021388328727887103,0.011738883932406052
NEG_AMPLIFY_trNEGATIVE0992,0,0.9540991166217809,0.9616987299786487
NEG_AMPLIFY_trNEGATIVE09921,0,0.04239670633602469,0.03622667797865015
NEG_AMPLIFY_trNEGATIVE09922,0,0.008315095965561257,0.04196506412986972
NEG_AMPLIFY_trNEGATIVE0994,0,0.05138437241613237,0.0344958570890807
NEG_AMPLIFY_trNEGATIVE09949,0,0.02035800790529983,0.02431787529025654
NEG_AMPLIFY_trNEGATIVE09999,0,0.03666308211077079,0.033394077526788024
NEG_AMPLIFY_trNEGATIVE10007,0,0.010154424239516196,0.018947929575419208
NEG_AMPLIFY_trNEGATIVE10066,0,0.007523443669472799,0.030624026643972298
NEG_AMPLIFY_trNEGATIVE10071,0,0.010673967299656929,0.02470333020862776
NEG_AMPLIFY_trNEGATIVE10118,0,0.0902497196066729,0.016302115710667607
NEG_AMPLIFY_trNEGATIVE10140,0,0.03492320297805743,0.014751420413881638
NEG_AMPLIFY_trNEGATIVE10142,0,0.0861943735232956,0.8540728739433017
NEG_AMPLIFY_trNEGATIVE10176,0,0.006806644601453976,0.023584324806134885
NEG_AMPLIFY_trNEGATIVE10201,0,0.044491751389189725,0.01914713436716151
NEG_AMPLIFY_trNEGATIVE1022,0,0.16042269521026345,0.25618912662040594
NEG_AMPLIFY_trNEGATIVE10222,0,0.007156139496877348,0.03820934469842191
NEG_AMPLIFY_trNEGATIVE10238,0,0.010673967299656929,0.03955975385952527
NEG_AMPLIFY_trNEGATIVE10274,0,0.013028231144419731,0.10056060480367916
NEG_AMPLIFY_trNEGATIVE1032,0,0.48961652856762156,0.563832672927821
NEG_AMPLIFY_trNEGATIVE10323,0,0.02735358888440897,0.03939810710239519
NEG_AMPLIFY_trNEGATIVE1035,0,0.8207715164073222,0.9268325869168833
NEG_AMPLIFY_trNEGATIVE1037,0,0.3213735966462353,0.2031513183992145
NEG_AMPLIFY_trNEGATIVE10414,0,0.008315095965561257,0.04633412328106503
NEG_AMPLIFY_trNEGATIVE10415,0,0.02035800790529983,0.03712946802282244
NEG_AMPLIFY_trNEGATIVE10426,0,0.011219791064135618,0.020640092271169724
NEG_AMPLIFY_trNEGATIVE10449,0,0.008315095965561257,0.03721592670604827
NEG_AMPLIFY_trNEGATIVE10452,0,0.008315095965561257,0.04116174972001213
NEG_AMPLIFY_trNEGATIVE10458,0,0.008315095965561257,0.18008011603534882
NEG_AMPLIFY_trNEGATIVE10470,0,0.009189278374904825,0.07133340315149808
NEG_AMPLIFY_trNEGATIVE10473,0,0.014390724324342736,0.015430929345470489
NEG_AMPLIFY_trNEGATIVE10483,0,0.010673967299656929,0.061147790478094544
NEG_AMPLIFY_trNEGATIVE1049,0,0.174474763849687,0.18234951899872018
NEG_AMPLIFY_trNEGATIVE10507,0,0.059278547031741194,0.022171678872775172
NEG_AMPLIFY_trNEGATIVE1053,0,0.009659922421979541,0.030886564507107448
NEG_AMPLIFY_trNEGATIVE10544,0,0.030168435469896834,0.06275709759107322
NEG_AMPLIFY_trNEGATIVE1055,0,0.3213735966462353,0.16821946490961384
NEG_AMPLIFY_trNEGATIVE10555,0,0.007523443669472799,0.042619423237143225
NEG_AMPLIFY_trNEGATIVE10607,0,0.10346354124801624,0.07560533755842991
NEG_AMPLIFY_trNEGATIVE10644,0,0.013028231144419731,0.08148628885570845
NEG_AMPLIFY_trNEGATIVE10646,0,0.011219791064135618,0.009231740200769813
NEG_AMPLIFY_trNEGATIVE1065,0,0.8419558723099433,0.8486316537030106
NEG_AMPLIFY_trNEGATIVE1067,0,0.18947991926908753,0.07250520097664806
NEG_AMPLIFY_trNEGATIVE10721,0,0.016701632004095444,0.023817210596380686
NEG_AMPLIFY_trNEGATIVE1076,0,0.25922386528667374,0.024321208103349125
NEG_AMPLIFY_trNEGATIVE10767,0,0.04668527649577512,0.10671715129636457
NEG_AMPLIFY_trNEGATIVE1077,0,0.8054538782125935,0.801206687367672
NEG_AMPLIFY_trNEGATIVE10771,0,0.0861943735232956,0.07560533755842991
NEG_AMPLIFY_trNEGATIVE1079,0,0.10346354124801624,0.6737109276881625
NEG_AMPLIFY_trNEGATIVE1082,0,0.29978683900976444,0.017472208257303952
NEG_AMPLIFY_trNEGATIVE10822,0,0.009659922421979541,0.03049380007365849
NEG_AMPLIFY_trNEGATIVE10934,0,0.021388328727887103,0.04039737184659196
NEG_AMPLIFY_trNEGATIVE1095,0,0.24033329685460192,0.4083836639656057
NEG_AMPLIFY_trNEGATIVE1099,0,0.009189278374904825,0.033443757595240126
NEG_AMPLIFY_trNEGATIVE11023,0,0.174474763849687,0.5825258043923935
NEG_AMPLIFY_trNEGATIVE11030,0,0.008315095965561257,0.056032186497618285
NEG_AMPLIFY_trNEGATIVE1104,0,0.15374703465064624,0.11822013433645863
NEG_AMPLIFY_trNEGATIVE11044,0,0.011793193347070728,0.018428133731877388
NEG_AMPLIFY_trNEGATIVE11059,0,0.009659922421979541,0.04248577625030683
NEG_AMPLIFY_trNEGATIVE1108,0,0.9151947881769059,0.6974625579715068
NEG_AMPLIFY_trNEGATIVE11085,0,0.5648821262747397,0.07483244567434985
NEG_AMPLIFY_trNEGATIVE1109,0,0.3668456262691713,0.15865760263212905
NEG_AMPLIFY_trNEGATIVE11099,0,0.9111984491665844,0.9704746315552719
NEG_AMPLIFY_trNEGATIVE1111,0,0.3213735966462353,0.22518291523669973
NEG_AMPLIFY_trNEGATIVE11132,0,0.010673967299656929,0.052896543925145784
NEG_AMPLIFY_trNEGATIVE1121,0,0.43948974050839285,0.3883831006143127
NEG_AMPLIFY_trNEGATIVE11214,0,0.011219791064135618,0.03758427311690029
NEG_AMPLIFY_trNEGATIVE11259,0,0.04239670633602469,0.014330223463521544
NEG_AMPLIFY_trNEGATIVE11283,0,0.008315095965561257,0.028668261230352165
NEG_AMPLIFY_trNEGATIVE1131,0,0.7974307750363692,0.4839899974455574
NEG_AMPLIFY_trNEGATIVE1132,0,0.18947991926908753,0.06092790675085803
NEG_AMPLIFY_trNEGATIVE11323,0,0.009189278374904825,0.012743659793717419
NEG_AMPLIFY_trNEGATIVE11352,0,0.026043556341199075,0.0179103590043486
NEG_AMPLIFY_trNEGATIVE11360,0,0.010673967299656929,0.06658895556005126
NEG_AMPLIFY_trNEGATIVE11367,0,0.026043556341199075,0.03939810710239519
NEG_AMPLIFY_trNEGATIVE11368,0,0.007523443669472799,0.01593520503307056
NEG_AMPLIFY_trNEGATIVE11370,0,0.007156139496877348,0.07240372651617777
NEG_AMPLIFY_trNEGATIVE1139,0,0.1350788464513293,0.1026254793133468
NEG_AMPLIFY_trNEGATIVE11399,0,0.6714631378676469,0.6986735136295552
NEG_AMPLIFY_trNEGATIVE11402,0,0.010673967299656929,0.01837103505396691
NEG_AMPLIFY_trNEGATIVE11418,0,0.011219791064135618,0.016649828611445528
NEG_AMPLIFY_trNEGATIVE11428,0,0.01369277626920329,0.04303732986569222
NEG_AMPLIFY_trNEGATIVE11458,0,0.008741362322967697,0.02804458743159594
NEG_AMPLIFY_trNEGATIVE11461,0,0.007523443669472799,0.02522351125440618
NEG_AMPLIFY_trNEGATIVE11473,0,0.008315095965561257,0.07041826158265334
NEG_AMPLIFY_trNEGATIVE11484,0,0.06515857778527068,0.456427008328932
NEG_AMPLIFY_trNEGATIVE11487,0,0.04039614285076122,0.04208387123390955
NEG_AMPLIFY_trNEGATIVE11488,0,0.008315095965561257,0.022153825835710347
NEG_AMPLIFY_trNEGATIVE1149,0,0.10346354124801624,0.8638215714143601
NEG_AMPLIFY_trNEGATIVE11498,0,0.007523443669472799,0.023594869155484893
NEG_AMPLIFY_trNEGATIVE1154,0,0.3324681291303758,0.8464825855260966
NEG_AMPLIFY_trNEGATIVE11550,0,0.11836034439921081,0.01750307081517474
NEG_AMPLIFY_trNEGATIVE11561,0,0.038486185536015516,0.17211837167056768
NEG_AMPLIFY_trNEGATIVE11573,0,0.05652840824061295,0.01970333345937253
NEG_AMPLIFY_trNEGATIVE1160,0,0.31047709409236773,0.16932835284122166
NEG_AMPLIFY_trNEGATIVE11611,0,0.022469598173027672,0.07107391240528595
NEG_AMPLIFY_trNEGATIVE11627,0,0.007156139496877348,0.02385712216194432
NEG_AMPLIFY_trNEGATIVE11640,0,0.010154424239516196,0.013957661385452635
NEG_AMPLIFY_trNEGATIVE11645,0,0.006806644601453976,0.053044510896830974
NEG_AMPLIFY_trNEGATIVE11664,0,0.48961652856762156,0.10546596735148718
NEG_AMPLIFY_trNEGATIVE11675,0,0.009189278374904825,0.031179778734708407
NEG_AMPLIFY_trNEGATIVE11677,0,0.009189278374904825,0.03487009270167534
NEG_AMPLIFY_trNEGATIVE1168,0,0.1350788464513293,0.35223371609564147
NEG_AMPLIFY_trNEGATIVE11684,0,0.4271089314237546,0.5405143049401611
NEG_AMPLIFY_trNEGATIVE11691,0,0.024794665183936387,0.03078575454396567
NEG_AMPLIFY_trNEGATIVE11720,0,0.02735358888440897,0.08951588696761216
NEG_AMPLIFY_trNEGATIVE11721,0,0.015123702673421792,0.017571042860398997
NEG_AMPLIFY_trNEGATIVE11748,0,0.030168435469896834,0.03712718316917075
NEG_AMPLIFY_trNEGATIVE11770,0,0.010673967299656929,0.011543239347128113
NEG_AMPLIFY_trNEGATIVE11785,0,0.31047709409236773,0.2817020416165281
NEG_AMPLIFY_trNEGATIVE11789,0,0.030168435469896834,0.057982504119132715
NEG_AMPLIFY_trNEGATIVE11796,0,0.010154424239516196,0.02015722502469023
NEG_AMPLIFY_trNEGATIVE1180,0,0.648844379971818,0.8497045150307513
NEG_AMPLIFY_trNEGATIVE11808,0,0.4148187790382922,0.5538385490691438
NEG_AMPLIFY_trNEGATIVE11826,0,0.007523443669472799,0.01217077408615856
NEG_AMPLIFY_trNEGATIVE11847,0,0.007156139496877348,0.06543105395873941
NEG_AMPLIFY_trNEGATIVE11863,0,0.011219791064135618,0.03270312697581255
NEG_AMPLIFY_trNEGATIVE1187,0,0.4148187790382922,0.5457721403161626
NEG_AMPLIFY_trNEGATIVE11879,0,0.008741362322967697,0.06489756955927435
NEG_AMPLIFY_trNEGATIVE11914,0,0.6602451203900815,0.22828884673366823
NEG_AMPLIFY_trNEGATIVE1192,0,0.8981729272317378,0.7967367303815684
NEG_AMPLIFY_trNEGATIVE11942,0,0.008315095965561257,0.01906279310590368
NEG_AMPLIFY_trNEGATIVE11959,0,0.016701632004095444,0.03925473346632735
NEG_AMPLIFY_trNEGATIVE11960,0,0.011219791064135618,0.030700972338595124
NEG_AMPLIFY_trNEGATIVE1198,0,0.062153667469518836,0.2288358412522195
NEG_AMPLIFY_trNEGATIVE12039,0,0.014390724324342736,0.09779231684815275
NEG_AMPLIFY_trNEGATIVE12071,0,0.01369277626920329,0.017595177202171366
NEG_AMPLIFY_trNEGATIVE1210,0,0.5524505236252554,0.40280720665868874
NEG_AMPLIFY_trNEGATIVE12122,0,0.013028231144419731,0.020312035678671146
NEG_AMPLIFY_trNEGATIVE12136,0,0.026043556341199075,0.02150588281153693
NEG_AMPLIFY_trNEGATIVE12137,0,0.007909450325643561,0.035625332167852665
NEG_AMPLIFY_trNEGATIVE12180,0,0.022469598173027672,0.07077563318435143
NEG_AMPLIFY_trNEGATIVE1219,0,0.23124822620918395,0.7527424076318368
NEG_AMPLIFY_trNEGATIVE12203,0,0.04668527649577512,0.09332003595606357
NEG_AMPLIFY_trNEGATIVE1221,0,0.48961652856762156,0.02840743761829319
NEG_AMPLIFY_trNEGATIVE1222,0,0.8834811221734324,0.7188359756868673
NEG_AMPLIFY_trNEGATIVE1225,0,0.8981729272317378,0.9251135511303769
NEG_AMPLIFY_trNEGATIVE12252,0,0.01844111172626918,0.042466537388477645
NEG_AMPLIFY_trNEGATIVE12266,0,0.007156139496877348,0.028642207994109742
NEG_AMPLIFY_trNEGATIVE12285,0,0.008315095965561257,0.04070346533062049
NEG_AMPLIFY_trNEGATIVE1229,0,0.11319902642920111,0.044517422519994625
NEG_AMPLIFY_trNEGATIVE1231,0,0.4026337283369765,0.16963584380461846
NEG_AMPLIFY_trNEGATIVE12312,0,0.006474107199867874,0.025721474667188587
NEG_AMPLIFY_trNEGATIVE12320,0,0.010154424239516196,0.01399570463104581
NEG_AMPLIFY_trNEGATIVE12321,0,0.008741362322967697,0.011778362737123236
NEG_AMPLIFY_trNEGATIVE12382,0,0.12929540406169063,0.08162200120512335
NEG_AMPLIFY_trNEGATIVE12407,0,0.021388328727887103,0.018765886705470518
NEG_AMPLIFY_trNEGATIVE12408,0,0.007523443669472799,0.019950950717165985
NEG_AMPLIFY_trNEGATIVE1241,0,0.011793193347070728,0.028425965578313617
NEG_AMPLIFY_trNEGATIVE1245,0,0.16042269521026345,0.10644539388153913
NEG_AMPLIFY_trNEGATIVE1246,0,0.43948974050839285,0.5188792516430512
NEG_AMPLIFY_trNEGATIVE12465,0,0.3213735966462353,0.25051284373275157
NEG_AMPLIFY_trNEGATIVE12466,0,0.006806644601453976,0.03554435570482129
NEG_AMPLIFY_trNEGATIVE12483,0,0.01844111172626918,0.04121416661645687
NEG_AMPLIFY_trNEGATIVE12531,0,0.022469598173027672,0.4102696947094791
NEG_AMPLIFY_trNEGATIVE12610,0,0.10346354124801624,0.026001972740909828
NEG_AMPLIFY_trNEGATIVE1263,0,0.6933136078224589,0.9303939813652747
NEG_AMPLIFY_trNEGATIVE12691,0,0.007156139496877348,0.043427315662839944
NEG_AMPLIFY_trNEGATIVE12744,0,0.01755021842537274,0.021959532563209035
NEG_AMPLIFY_trNEGATIVE12753,0,0.10823514639132764,0.04537723506469143
NEG_AMPLIFY_trNEGATIVE1276,0,0.4148187790382922,0.475793473609533
NEG_AMPLIFY_trNEGATIVE12760,0,0.25922386528667374,0.13683678136827546
NEG_AMPLIFY_trNEGATIVE1277,0,0.19734528209115038,0.11918052875480699
NEG_AMPLIFY_trNEGATIVE12785,0,0.01369277626920329,0.029486796770591
NEG_AMPLIFY_trNEGATIVE12793,0,0.7891634081044496,0.474557298760432
NEG_AMPLIFY_trNEGATIVE1281,0,0.7143291117943894,0.39596748101824863
NEG_AMPLIFY_trNEGATIVE12838,0,0.009189278374904825,0.012154344963153953
NEG_AMPLIFY_trNEGATIVE12888,0,0.007156139496877348,0.03914452332319778
NEG_AMPLIFY_trNEGATIVE12907,0,0.011219791064135618,0.11352577795444252
NEG_AMPLIFY_trNEGATIVE12914,0,0.43948974050839285,0.9139678266900388
NEG_AMPLIFY_trNEGATIVE12924,0,0.009189278374904825,0.024791127715439957
NEG_AMPLIFY_trNEGATIVE1294,0,0.19734528209115038,0.029841430341286883
NEG_AMPLIFY_trNEGATIVE1296,0,0.044491751389189725,0.013569023744146657
NEG_AMPLIFY_trNEGATIVE12969,0,0.05138437241613237,0.04179425471853419
NEG_AMPLIFY_trNEGATIVE12996,0,0.011219791064135618,0.013841144442826745
NEG_AMPLIFY_trNEGATIVE13031,0,0.006474107199867874,0.03224780341706152
NEG_AMPLIFY_trNEGATIVE1305,0,0.43948974050839285,0.011831454352557103
NEG_AMPLIFY_trNEGATIVE13058,0,0.007523443669472799,0.03136461545477461
NEG_AMPLIFY_trNEGATIVE1307,0,0.7628954897054285,0.7358210731191803
NEG_AMPLIFY_trNEGATIVE13077,0,0.009189278374904825,0.01748745408464296
NEG_AMPLIFY_trNEGATIVE1308,0,0.02735358888440897,0.04342435974883168
NEG_AMPLIFY_trNEGATIVE13103,0,0.009189278374904825,0.03683567721292963
NEG_AMPLIFY_trNEGATIVE13117,0,0.04039614285076122,0.022410839150517958
NEG_AMPLIFY_trNEGATIVE13132,0,0.008741362322967697,0.035259058072955
NEG_AMPLIFY_trNEGATIVE1315,0,0.7806514405394117,0.8828678024430656
NEG_AMPLIFY_trNEGATIVE1318,0,0.0823047673853513,0.2692532534537849
NEG_AMPLIFY_trNEGATIVE13196,0,0.02735358888440897,0.0158221517169451
NEG_AMPLIFY_trNEGATIVE13209,0,0.009189278374904825,0.023970327752842132
NEG_AMPLIFY_trNEGATIVE13229,0,0.009659922421979541,0.025640725065735306
NEG_AMPLIFY_trNEGATIVE13305,0,0.008315095965561257,0.03981762083371588
NEG_AMPLIFY_trNEGATIVE1338,0,0.18185701198838602,0.2954089599301776
NEG_AMPLIFY_trNEGATIVE1340,0,0.1350788464513293,0.09455642519141541
NEG_AMPLIFY_trNEGATIVE13415,0,0.008741362322967697,0.011916867772661432
NEG_AMPLIFY_trNEGATIVE13423,0,0.008315095965561257,0.02346230504900499
NEG_AMPLIFY_trNEGATIVE13442,0,0.014390724324342736,0.06283110999604041
NEG_AMPLIFY_trNEGATIVE13447,0,0.007156139496877348,0.02307093598052493
NEG_AMPLIFY_trNEGATIVE13457,0,0.10823514639132764,0.09012467311800698
NEG_AMPLIFY_trNEGATIVE1349,0,0.4148187790382922,0.2396857790757156
NEG_AMPLIFY_trNEGATIVE13499,0,0.01844111172626918,0.016349161853366254
NEG_AMPLIFY_trNEGATIVE13506,0,0.015123702673421792,0.042112971172568674
NEG_AMPLIFY_trNEGATIVE1352,0,0.5772326695039847,0.39692912358737154
NEG_AMPLIFY_trNEGATIVE13522,0,0.008741362322967697,0.5094060086840385
NEG_AMPLIFY_trNEGATIVE1355,0,0.04239670633602469,0.3999357092526006
NEG_AMPLIFY_trNEGATIVE1360,0,0.8280694859319183,0.8840923508340153
NEG_AMPLIFY_trNEGATIVE13614,0,0.019376337086726377,0.5617796538733864
NEG_AMPLIFY_trNEGATIVE13627,0,0.007909450325643561,0.020859562439887267
NEG_AMPLIFY_trNEGATIVE13637,0,0.7441732429019726,0.9562025191690285
NEG_AMPLIFY_trNEGATIVE1366,0,0.6824888822513948,0.04986824048836476
NEG_AMPLIFY_trNEGATIVE1367,0,0.04239670633602469,0.02018909406483647
NEG_AMPLIFY_trNEGATIVE13676,0,0.033263040383447975,0.019226767759439756
NEG_AMPLIFY_trNEGATIVE13697,0,0.011793193347070728,0.042895451184041304
NEG_AMPLIFY_trNEGATIVE13714,0,0.006474107199867874,0.031202145976811226
NEG_AMPLIFY_trNEGATIVE13761,0,0.010154424239516196,0.02375581073180382
NEG_AMPLIFY_trNEGATIVE13763,0,0.009659922421979541,0.0357826770361192
NEG_AMPLIFY_trNEGATIVE13786,0,0.02735358888440897,0.10176863809390545
NEG_AMPLIFY_trNEGATIVE1379,0,0.21380792321155545,0.4896428857737942
NEG_AMPLIFY_trNEGATIVE13814,0,0.04668527649577512,0.033323551053275
NEG_AMPLIFY_trNEGATIVE13817,0,0.02035800790529983,0.1042127374586207
NEG_AMPLIFY_trNEGATIVE1382,0,0.4519463155966591,0.07436733497101217
NEG_AMPLIFY_trNEGATIVE13831,0,0.023604211839967516,0.011379651458351217
NEG_AMPLIFY_trNEGATIVE13856,0,0.007523443669472799,0.023937019583304155
NEG_AMPLIFY_trNEGATIVE1391,0,0.7245065039098338,0.5063552994555311
NEG_AMPLIFY_trNEGATIVE13916,0,0.062153667469518836,0.016719955208831024
NEG_AMPLIFY_trNEGATIVE13981,0,0.006474107199867874,0.028959837888774414
NEG_AMPLIFY_trNEGATIVE13987,0,0.009189278374904825,0.04032953766063808
NEG_AMPLIFY_trNEGATIVE13990,0,0.007523443669472799,0.021680876908922436
NEG_AMPLIFY_trNEGATIVE13998,0,0.06515857778527068,0.04364332223016017
NEG_AMPLIFY_trNEGATIVE14002,0,0.009189278374904825,0.01541476362580098
NEG_AMPLIFY_trNEGATIVE14028,0,0.03666308211077079,0.048132206938729195
NEG_AMPLIFY_trNEGATIVE1403,0,0.5274050396338344,0.7764117231324515
NEG_AMPLIFY_trNEGATIVE14032,0,0.008741362322967697,0.6673245188166107
NEG_AMPLIFY_trNEGATIVE1407,0,0.378634099696872,0.6100470313251314
NEG_AMPLIFY_trNEGATIVE14121,0,0.008741362322967697,0.026599160578745097
NEG_AMPLIFY_trNEGATIVE14180,0,0.059278547031741194,0.03293424231304507
NEG_AMPLIFY_trNEGATIVE14197,0,0.05138437241613237,0.06747970926533556
NEG_AMPLIFY_trNEGATIVE1422,0,0.04039614285076122,0.031775452845272806
NEG_AMPLIFY_trNEGATIVE14221,0,0.12372416032100453,0.06650317171473305
NEG_AMPLIFY_trNEGATIVE14266,0,0.013028231144419731,0.036466006497367746
NEG_AMPLIFY_trNEGATIVE14267,0,0.03666308211077079,0.2523804411928373
NEG_AMPLIFY_trNEGATIVE14272,0,0.044491751389189725,0.04227637390930242
NEG_AMPLIFY_trNEGATIVE14284,0,0.062153667469518836,0.07789205361719029
NEG_AMPLIFY_trNEGATIVE1429,0,0.3213735966462353,0.11832553522510442
NEG_AMPLIFY_trNEGATIVE14307,0,0.01755021842537274,0.012489684528019613
NEG_AMPLIFY_trNEGATIVE1432,0,0.059278547031741194,0.083776108100242
NEG_AMPLIFY_trNEGATIVE14328,0,0.19734528209115038,0.7582364750008174
NEG_AMPLIFY_trNEGATIVE1435,0,0.04039614285076122,0.02537773130696303
NEG_AMPLIFY_trNEGATIVE1439,0,0.8834811221734324,0.9084446935078692
NEG_AMPLIFY_trNEGATIVE14395,0,0.5274050396338344,0.9919524161296739
NEG_AMPLIFY_trNEGATIVE14404,0,0.006806644601453976,0.026193968787271968
NEG_AMPLIFY_trNEGATIVE14420,0,0.009189278374904825,0.048357998907778664
NEG_AMPLIFY_trNEGATIVE1443,0,0.03492320297805743,0.02546933872560751
NEG_AMPLIFY_trNEGATIVE14431,0,0.006806644601453976,0.01847871976305271
NEG_AMPLIFY_trNEGATIVE14437,0,0.007909450325643561,0.0347503651916166
NEG_AMPLIFY_trNEGATIVE14440,0,0.007523443669472799,0.018241340333516754
NEG_AMPLIFY_trNEGATIVE14511,0,0.24033329685460192,0.9179404506908009
NEG_AMPLIFY_trNEGATIVE14523,0,0.09447613877452397,0.013673786734151115
NEG_AMPLIFY_trNEGATIVE14562,0,0.05389854781760972,0.03231815122770944
NEG_AMPLIFY_trNEGATIVE14569,0,0.008741362322967697,0.058172065342906594
NEG_AMPLIFY_trNEGATIVE14589,0,0.007523443669472799,0.049058554399981115
NEG_AMPLIFY_trNEGATIVE14605,0,0.009189278374904825,0.023332610172774666
NEG_AMPLIFY_trNEGATIVE14617,0,0.007523443669472799,0.031078221473845688
NEG_AMPLIFY_trNEGATIVE14622,0,0.01755021842537274,0.009899303416102295
NEG_AMPLIFY_trNEGATIVE14686,0,0.008315095965561257,0.023643336373037893
NEG_AMPLIFY_trNEGATIVE14705,0,0.044491751389189725,0.056995064629286316
NEG_AMPLIFY_trNEGATIVE14706,0,0.021388328727887103,0.050842593554533445
NEG_AMPLIFY_trNEGATIVE14712,0,0.008741362322967697,0.0385275807893028
NEG_AMPLIFY_trNEGATIVE14713,0,0.011219791064135618,0.05191133632255858
NEG_AMPLIFY_trNEGATIVE14722,0,0.007909450325643561,0.03444646182661722
NEG_AMPLIFY_trNEGATIVE14743,0,0.10346354124801624,0.04420905236015877
NEG_AMPLIFY_trNEGATIVE1476,0,0.8934678258629666,0.9224226789588063
NEG_AMPLIFY_trNEGATIVE1477,0,0.0902497196066729,0.5508625840516337
NEG_AMPLIFY_trNEGATIVE1480,0,0.7974307750363692,0.8537667913936894
NEG_AMPLIFY_trNEGATIVE14804,0,0.021388328727887103,0.09510367445818305
NEG_AMPLIFY_trNEGATIVE1483,0,0.24033329685460192,0.4251552474193486
NEG_AMPLIFY_trNEGATIVE14835,0,0.012395532746690743,0.1435305789048367
NEG_AMPLIFY_trNEGATIVE14847,0,0.10823514639132764,0.4248872139891056
NEG_AMPLIFY_trNEGATIVE14850,0,0.010154424239516196,0.015675954459768417
NEG_AMPLIFY_trNEGATIVE14851,0,0.015893412581149055,0.03932956550746954
NEG_AMPLIFY_trNEGATIVE14865,0,0.008315095965561257,0.011976646911305006
NEG_AMPLIFY_trNEGATIVE14867,0,0.008741362322967697,0.03152822106619288
NEG_AMPLIFY_trNEGATIVE14877,0,0.24965937843248165,0.36186716800122265
NEG_AMPLIFY_trNEGATIVE14880,0,0.010673967299656929,0.05552194647081176
NEG_AMPLIFY_trNEGATIVE1489,0,0.3668456262691713,0.30405439426435993
NEG_AMPLIFY_trNEGATIVE14921,0,0.014390724324342736,0.03633083092593065
NEG_AMPLIFY_trNEGATIVE14928,0,0.03666308211077079,0.7378971974597573
NEG_AMPLIFY_trNEGATIVE14931,0,0.007909450325643561,0.020855677031081248
NEG_AMPLIFY_trNEGATIVE14974,0,0.008315095965561257,0.02443716309623423
NEG_AMPLIFY_trNEGATIVE1499,0,0.7039293860174315,0.35339260360634944
NEG_AMPLIFY_trNEGATIVE1500,0,0.24965937843248165,0.7577928967488254
NEG_AMPLIFY_trNEGATIVE15000,0,0.007523443669472799,0.05127911166858591
NEG_AMPLIFY_trNEGATIVE15015,0,0.015123702673421792,0.01708593959296925
NEG_AMPLIFY_trNEGATIVE1504,0,0.7245065039098338,0.7997688496443274
NEG_AMPLIFY_trNEGATIVE15044,0,0.031679207212253764,0.03083525347276344
NEG_AMPLIFY_trNEGATIVE15048,0,0.007156139496877348,0.04197455150486124
NEG_AMPLIFY_trNEGATIVE1509,0,0.29978683900976444,0.30786048693400575
NEG_AMPLIFY_trNEGATIVE15109,0,0.008315095965561257,0.0957995781301564
NEG_AMPLIFY_trNEGATIVE15127,0,0.024794665183936387,0.024456499887689127
NEG_AMPLIFY_trNEGATIVE1513,0,0.048981402685768956,0.03353480431114968
NEG_AMPLIFY_trNEGATIVE15139,0,0.059278547031741194,0.016669502835150132
NEG_AMPLIFY_trNEGATIVE15141,0,0.29978683900976444,0.04255366233582339
NEG_AMPLIFY_trNEGATIVE15142,0,0.02735358888440897,0.05060693329236979
NEG_AMPLIFY_trNEGATIVE15143,0,0.09887897030237902,0.15516038348945627
NEG_AMPLIFY_trNEGATIVE15155,0,0.007523443669472799,0.0405635672023574
NEG_AMPLIFY_trNEGATIVE1516,0,0.3905677137853415,0.7524976225331332
NEG_AMPLIFY_trNEGATIVE15177,0,0.015893412581149055,0.02005711435053795
NEG_AMPLIFY_trNEGATIVE15180,0,0.015123702673421792,0.07129272441634621
NEG_AMPLIFY_trNEGATIVE1519,0,0.010154424239516196,0.01794427962452741
NEG_AMPLIFY_trNEGATIVE1522,0,0.19734528209115038,0.016465833542533902
NEG_AMPLIFY_trNEGATIVE15229,0,0.026043556341199075,0.02790266023528758
NEG_AMPLIFY_trNEGATIVE1523,0,0.2790538290930268,0.19437966023220932
NEG_AMPLIFY_trNEGATIVE15234,0,0.022469598173027672,0.057825773999013196
NEG_AMPLIFY_trNEGATIVE15243,0,0.007909450325643561,0.04139733296867011
NEG_AMPLIFY_trNEGATIVE15261,0,0.010673967299656929,0.021950476396944692
NEG_AMPLIFY_trNEGATIVE15267,0,0.10346354124801624,0.03807541937871032
NEG_AMPLIFY_trNEGATIVE15269,0,0.02035800790529983,0.015821497886843557
NEG_AMPLIFY_trNEGATIVE15270,0,0.023604211839967516,0.0642894299765
NEG_AMPLIFY_trNEGATIVE1529,0,0.031679207212253764,0.2598138015185862
NEG_AMPLIFY_trNEGATIVE15315,0,0.009659922421979541,0.0864725245941297
NEG_AMPLIFY_trNEGATIVE15327,0,0.04668527649577512,0.05025837843106082
NEG_AMPLIFY_trNEGATIVE15330,0,0.0823047673853513,0.023885157982815302
NEG_AMPLIFY_trNEGATIVE15358,0,0.007156139496877348,0.07484734219316283
NEG_AMPLIFY_trNEGATIVE1537,0,0.1350788464513293,0.36036916842180267
NEG_AMPLIFY_trNEGATIVE15402,0,0.026043556341199075,0.0619300054344553
NEG_AMPLIFY_trNEGATIVE15412,0,0.007909450325643561,0.007539777015095457
NEG_AMPLIFY_trNEGATIVE15416,0,0.21380792321155545,0.07194204214856663
NEG_AMPLIFY_trNEGATIVE15424,0,0.009189278374904825,0.12422099574137081
NEG_AMPLIFY_trNEGATIVE1548,0,0.05652840824061295,0.25343649003994995
NEG_AMPLIFY_trNEGATIVE15481,0,0.016701632004095444,0.012477110463502228
NEG_AMPLIFY_trNEGATIVE1549,0,0.062153667469518836,0.03597552110885508
NEG_AMPLIFY_trNEGATIVE15502,0,0.026043556341199075,0.04580015559545793
NEG_AMPLIFY_trNEGATIVE15517,0,0.012395532746690743,0.05482586508129727
NEG_AMPLIFY_trNEGATIVE15557,0,0.03492320297805743,0.03127866209344349
NEG_AMPLIFY_trNEGATIVE1557,0,0.8834811221734324,0.9439158453289418
NEG_AMPLIFY_trNEGATIVE1558,0,0.008315095965561257,0.013286242102851183
NEG_AMPLIFY_trNEGATIVE1559,0,0.007909450325643561,0.054182542828430505
NEG_AMPLIFY_trNEGATIVE1562,0,0.05138437241613237,0.06618874281964963
NEG_AMPLIFY_trNEGATIVE15656,0,0.011219791064135618,0.01811021170636923
NEG_AMPLIFY_trNEGATIVE15673,0,0.015893412581149055,0.039357471362195307
NEG_AMPLIFY_trNEGATIVE15692,0,0.007909450325643561,0.033404250192575514
NEG_AMPLIFY_trNEGATIVE1571,0,0.2790538290930268,0.27158825003606646
NEG_AMPLIFY_trNEGATIVE15747,0,0.015893412581149055,0.06530723586968334
NEG_AMPLIFY_trNEGATIVE1576,0,0.07857559088851913,0.06483257735297025
NEG_AMPLIFY_trNEGATIVE15808,0,0.1350788464513293,0.05884705784335408
NEG_AMPLIFY_trNEGATIVE1581,0,0.835129982910905,0.22007648168767577
NEG_AMPLIFY_trNEGATIVE15837,0,0.016701632004095444,0.026526187366242043
NEG_AMPLIFY_trNEGATIVE15839,0,0.009189278374904825,0.02444856663181714
NEG_AMPLIFY_trNEGATIVE15878,0,0.021388328727887103,0.046454460621340364
NEG_AMPLIFY_trNEGATIVE1588,0,0.3668456262691713,0.23365894613169494
NEG_AMPLIFY_trNEGATIVE15901,0,0.009189278374904825,0.030214238531402288
NEG_AMPLIFY_trNEGATIVE15906,0,0.02872757448660999,0.03145724983827018
NEG_AMPLIFY_trNEGATIVE15908,0,0.012395532746690743,0.01387246820246431
NEG_AMPLIFY_trNEGATIVE15923,0,0.010673967299656929,0.025455526411481827
NEG_AMPLIFY_trNEGATIVE15947,0,0.008741362322967697,0.0938777964035482
NEG_AMPLIFY_trNEGATIVE15967,0,0.008315095965561257,0.030466611817304406
NEG_AMPLIFY_trNEGATIVE15973,0,0.0823047673853513,0.03184145910758323
NEG_AMPLIFY_trNEGATIVE16034,0,0.14107906869684986,0.12607454887341962
NEG_AMPLIFY_trNEGATIVE16072,0,0.030168435469896834,0.04241370739473732
NEG_AMPLIFY_trNEGATIVE16101,0,0.009659922421979541,0.016521704442057118
NEG_AMPLIFY_trNEGATIVE16112,0,0.013028231144419731,0.012177633475671657
NEG_AMPLIFY_trNEGATIVE1612,0,0.7628954897054285,0.6640283864809744
NEG_AMPLIFY_trNEGATIVE16175,0,0.007523443669472799,0.012581501854025935
NEG_AMPLIFY_trNEGATIVE16180,0,0.010154424239516196,0.016896738818943026
NEG_AMPLIFY_trNEGATIVE1626,0,0.23124822620918395,0.2009245207676723
NEG_AMPLIFY_trNEGATIVE16326,0,0.008315095965561257,0.027975420820141858
NEG_AMPLIFY_trNEGATIVE1634,0,0.009189278374904825,0.016176564115833618
NEG_AMPLIFY_trNEGATIVE16370,0,0.04039614285076122,0.04782422402041791
NEG_AMPLIFY_trNEGATIVE16374,0,0.007909450325643561,0.025067307252983118
NEG_AMPLIFY_trNEGATIVE16377,0,0.008315095965561257,0.03811866669312132
NEG_AMPLIFY_trNEGATIVE16378,0,0.010154424239516196,0.04130248913383166
NEG_AMPLIFY_trNEGATIVE16395,0,0.015123702673421792,0.011202102655966847
NEG_AMPLIFY_trNEGATIVE16416,0,0.012395532746690743,0.07381103044774462
NEG_AMPLIFY_trNEGATIVE16419,0,0.007156139496877348,0.012894876623864036
NEG_AMPLIFY_trNEGATIVE16429,0,0.007156139496877348,0.018229485735866763
NEG_AMPLIFY_trNEGATIVE1644,0,0.7143291117943894,0.8129348524751755
NEG_AMPLIFY_trNEGATIVE16445,0,0.009189278374904825,0.02073416915499688
NEG_AMPLIFY_trNEGATIVE16457,0,0.02035800790529983,0.06473623187524495
NEG_AMPLIFY_trNEGATIVE16476,0,0.006474107199867874,0.02209453755451029
NEG_AMPLIFY_trNEGATIVE1649,0,0.8610601560949112,0.6829919281693062
NEG_AMPLIFY_trNEGATIVE16500,0,0.174474763849687,0.07097049024318525
NEG_AMPLIFY_trNEGATIVE1654,0,0.6372712519304178,0.03932167610201067
NEG_AMPLIFY_trNEGATIVE1655,0,0.11319902642920111,0.04375624547481347
NEG_AMPLIFY_trNEGATIVE16561,0,0.008741362322967697,0.040037105555109684
NEG_AMPLIFY_trNEGATIVE1662,0,0.47702539280876627,0.11033498577251019
NEG_AMPLIFY_trNEGATIVE16620,0,0.006157715129239835,0.02390976555337677
NEG_AMPLIFY_trNEGATIVE1666,0,0.23124822620918395,0.03762991779598136
NEG_AMPLIFY_trNEGATIVE16660,0,0.011793193347070728,0.05134174069303947
NEG_AMPLIFY_trNEGATIVE16662,0,0.007156139496877348,0.025089492860060094
NEG_AMPLIFY_trNEGATIVE1668,0,0.9583187818450908,0.8136169249973894
NEG_AMPLIFY_trNEGATIVE16715,0,0.033263040383447975,0.04413037815204089
NEG_AMPLIFY_trNEGATIVE16737,0,0.013028231144419731,0.12304139274727724
NEG_AMPLIFY_trNEGATIVE16738,0,0.009659922421979541,0.0594621970859529
NEG_AMPLIFY_trNEGATIVE16756,0,0.10823514639132764,0.04947371227151827
NEG_AMPLIFY_trNEGATIVE16764,0,0.008315095965561257,0.810946364458112
NEG_AMPLIFY_trNEGATIVE1677,0,0.6824888822513948,0.7740840904507339
NEG_AMPLIFY_trNEGATIVE1680,0,0.7628954897054285,0.7222885464301061
NEG_AMPLIFY_trNEGATIVE16825,0,0.007909450325643561,0.033133671027370394
NEG_AMPLIFY_trNEGATIVE16837,0,0.015123702673421792,0.13846756419805517
NEG_AMPLIFY_trNEGATIVE16843,0,0.01844111172626918,0.052467251966385256
NEG_AMPLIFY_trNEGATIVE16853,0,0.044491751389189725,0.03238568959380394
NEG_AMPLIFY_trNEGATIVE1687,0,0.04668527649577512,0.6417724391150039
NEG_AMPLIFY_trNEGATIVE16891,0,0.009189278374904825,0.05096810062406718
NEG_AMPLIFY_trNEGATIVE16898,0,0.01755021842537274,0.012021482498790235
NEG_AMPLIFY_trNEGATIVE16899,0,0.07857559088851913,0.12148554972422528
NEG_AMPLIFY_trNEGATIVE1690,0,0.48961652856762156,0.3092343938836761
NEG_AMPLIFY_trNEGATIVE1691,0,0.9779173544586558,0.4706194635927322
NEG_AMPLIFY_trNEGATIVE16912,0,0.022469598173027672,0.09541835586142985
NEG_AMPLIFY_trNEGATIVE16914,0,0.01369277626920329,0.022749383990779512
NEG_AMPLIFY_trNEGATIVE16949,0,0.009659922421979541,0.017129620816634827
NEG_AMPLIFY_trNEGATIVE16955,0,0.006157715129239835,0.03525296623318757
NEG_AMPLIFY_trNEGATIVE16994,0,0.038486185536015516,0.05109170297809531
NEG_AMPLIFY_trNEGATIVE17027,0,0.008315095965561257,0.0718998034006685
NEG_AMPLIFY_trNEGATIVE17065,0,0.01369277626920329,0.031582704643391815
NEG_AMPLIFY_trNEGATIVE17096,0,0.014390724324342736,0.04440740363898236
NEG_AMPLIFY_trNEGATIVE17115,0,0.009659922421979541,0.013867172434290082
NEG_AMPLIFY_trNEGATIVE17188,0,0.007156139496877348,0.05343561687035395
NEG_AMPLIFY_trNEGATIVE1720,0,0.4271089314237546,0.3251599768181554
NEG_AMPLIFY_trNEGATIVE17202,0,0.12372416032100453,0.38292494165326957
NEG_AMPLIFY_trNEGATIVE17250,0,0.008741362322967697,0.02403231199160379
NEG_AMPLIFY_trNEGATIVE17258,0,0.015123702673421792,0.01490814786514906
NEG_AMPLIFY_trNEGATIVE17328,0,0.009659922421979541,0.029463762228130283
NEG_AMPLIFY_trNEGATIVE1733,0,0.5399530041442298,0.22280100815495482
NEG_AMPLIFY_trNEGATIVE1735,0,0.014390724324342736,0.05187464447526159
NEG_AMPLIFY_trNEGATIVE17359,0,0.007523443669472799,0.03514745552420675
NEG_AMPLIFY_trNEGATIVE17384,0,0.04668527649577512,0.5595212610125586
NEG_AMPLIFY_trNEGATIVE1742,0,0.6714631378676469,0.48124553801755143
NEG_AMPLIFY_trNEGATIVE17428,0,0.06829818519278824,0.036068371001865
NEG_AMPLIFY_trNEGATIVE17432,0,0.009659922421979541,0.03536538590482643
NEG_AMPLIFY_trNEGATIVE17435,0,0.021388328727887103,0.020264736559306922
NEG_AMPLIFY_trNEGATIVE1744,0,0.2790538290930268,0.3619012335816837
NEG_AMPLIFY_trNEGATIVE17466,0,0.008741362322967697,0.01111449489230451
NEG_AMPLIFY_trNEGATIVE17473,0,0.008315095965561257,0.04403541018444882
NEG_AMPLIFY_trNEGATIVE1749,0,0.1350788464513293,0.20011307423354643
NEG_AMPLIFY_trNEGATIVE1750,0,0.18947991926908753,0.1680837040819414
NEG_AMPLIFY_trNEGATIVE17515,0,0.007156139496877348,0.059200746875837526
NEG_AMPLIFY_trNEGATIVE17519,0,0.007523443669472799,0.020361495907960204
NEG_AMPLIFY_trNEGATIVE17577,0,0.014390724324342736,0.01717539375230599
NEG_AMPLIFY_trNEGATIVE1758,0,0.6372712519304178,0.8905287932624445
NEG_AMPLIFY_trNEGATIVE17609,0,0.033263040383447975,0.044708886948132916
NEG_AMPLIFY_trNEGATIVE17612,0,0.11319902642920111,0.018028084418906843
NEG_AMPLIFY_trNEGATIVE1763,0,0.3324681291303758,0.5621204472986705
NEG_AMPLIFY_trNEGATIVE17675,0,0.011219791064135618,0.009094689638260602
NEG_AMPLIFY_trNEGATIVE17679,0,0.026043556341199075,0.7729440200987896
NEG_AMPLIFY_trNEGATIVE17700,0,0.013028231144419731,0.1157868085797999
NEG_AMPLIFY_trNEGATIVE17716,0,0.009659922421979541,0.028462460732214975
NEG_AMPLIFY_trNEGATIVE17717,0,0.011793193347070728,0.024677407837951117
NEG_AMPLIFY_trNEGATIVE17721,0,0.008741362322967697,0.03547312866146234
NEG_AMPLIFY_trNEGATIVE17726,0,0.007909450325643561,0.025010676360480176
NEG_AMPLIFY_trNEGATIVE17772,0,0.012395532746690743,0.04899308677382044
NEG_AMPLIFY_trNEGATIVE17781,0,0.009189278374904825,0.05705524816353956
NEG_AMPLIFY_trNEGATIVE17810,0,0.006806644601453976,0.06583121279848504
NEG_AMPLIFY_trNEGATIVE17823,0,0.008741362322967697,0.020121543890206837
NEG_AMPLIFY_trNEGATIVE17868,0,0.006474107199867874,0.018856445195224707
NEG_AMPLIFY_trNEGATIVE17873,0,0.01755021842537274,0.025989337200262006
NEG_AMPLIFY_trNEGATIVE17877,0,0.008315095965561257,0.05474567332653443
NEG_AMPLIFY_trNEGATIVE1788,0,0.12372416032100453,0.04092508709439783
NEG_AMPLIFY_trNEGATIVE17883,0,0.174474763849687,0.0863000981160432
NEG_AMPLIFY_trNEGATIVE17884,0,0.007909450325643561,0.023772534545451997
NEG_AMPLIFY_trNEGATIVE17924,0,0.07500157166414516,0.6697545724104179
NEG_AMPLIFY_trNEGATIVE1793,0,0.16042269521026345,0.49250204051347957
NEG_AMPLIFY_trNEGATIVE17958,0,0.008315095965561257,0.01682579738814613
NEG_AMPLIFY_trNEGATIVE1797,0,0.4148187790382922,0.9139180264547583
NEG_AMPLIFY_trNEGATIVE17988,0,0.019376337086726377,0.009005958840670356
NEG_AMPLIFY_trNEGATIVE18022,0,0.044491751389189725,0.026964469268530144
NEG_AMPLIFY_trNEGATIVE18054,0,0.015123702673421792,0.011297214359361924
NEG_AMPLIFY_trNEGATIVE18083,0,0.006474107199867874,0.016799342777426614
NEG_AMPLIFY_trNEGATIVE18087,0,0.4644633896866637,0.027633313659048708
NEG_AMPLIFY_trNEGATIVE1809,0,0.9295942483872978,0.97291384586554
NEG_AMPLIFY_trNEGATIVE18144,0,0.008315095965561257,0.01773624637186275
NEG_AMPLIFY_trNEGATIVE18150,0,0.01755021842537274,0.20766763436901597
NEG_AMPLIFY_trNEGATIVE18151,0,0.15374703465064624,0.31169748908424627
NEG_AMPLIFY_trNEGATIVE18166,0,0.031679207212253764,0.05468071594830514
NEG_AMPLIFY_trNEGATIVE18178,0,0.015893412581149055,0.022436774322763135
NEG_AMPLIFY_trNEGATIVE18184,0,0.011793193347070728,0.05800678299619112
NEG_AMPLIFY_trNEGATIVE18186,0,0.009189278374904825,0.03465161185283389
NEG_AMPLIFY_trNEGATIVE18201,0,0.008741362322967697,0.015322171583334352
NEG_AMPLIFY_trNEGATIVE18212,0,0.01844111172626918,0.02983849363535606
NEG_AMPLIFY_trNEGATIVE18243,0,0.04239670633602469,0.015448598094658955
NEG_AMPLIFY_trNEGATIVE18294,0,0.008315095965561257,0.013071998238580882
NEG_AMPLIFY_trNEGATIVE18321,0,0.11319902642920111,0.08724925358944903
NEG_AMPLIFY_trNEGATIVE18328,0,0.008741362322967697,0.029586214051131845
NEG_AMPLIFY_trNEGATIVE1833,0,0.9470003028130209,0.9452369796090072
NEG_AMPLIFY_trNEGATIVE18355,0,0.014390724324342736,0.03660616042524468
NEG_AMPLIFY_trNEGATIVE18370,0,0.007523443669472799,0.05539849846059226
NEG_AMPLIFY_trNEGATIVE18403,0,0.09447613877452397,0.01815792054045663
NEG_AMPLIFY_trNEGATIVE18404,0,0.05389854781760972,0.07816258800792045
NEG_AMPLIFY_trNEGATIVE18406,0,0.006157715129239835,0.038556896400487345
NEG_AMPLIFY_trNEGATIVE18453,0,0.008315095965561257,0.02283044932395588
NEG_AMPLIFY_trNEGATIVE1846,0,0.22240604276111364,0.8027722594762744
NEG_AMPLIFY_trNEGATIVE18507,0,0.03492320297805743,0.08936862912698584
NEG_AMPLIFY_trNEGATIVE18528,0,0.010673967299656929,0.027146833497598864
NEG_AMPLIFY_trNEGATIVE18532,0,0.015123702673421792,0.03178584621969425
NEG_AMPLIFY_trNEGATIVE18565,0,0.009659922421979541,0.052965259585297554
NEG_AMPLIFY_trNEGATIVE1857,0,0.4271089314237546,0.8128056141103759
NEG_AMPLIFY_trNEGATIVE18572,0,0.18185701198838602,0.4081734175924282
NEG_AMPLIFY_trNEGATIVE18575,0,0.010673967299656929,0.017370913097640946
NEG_AMPLIFY_trNEGATIVE18606,0,0.010673967299656929,0.03711403460472267
NEG_AMPLIFY_trNEGATIVE18611,0,0.009659922421979541,0.03511973088253342
NEG_AMPLIFY_trNEGATIVE1864,0,0.7039293860174315,0.9743986255525555
NEG_AMPLIFY_trNEGATIVE18652,0,0.16042269521026345,0.02167839434870154
NEG_AMPLIFY_trNEGATIVE18665,0,0.010673967299656929,0.011910599540163705
NEG_AMPLIFY_trNEGATIVE18684,0,0.026043556341199075,0.026263971506801122
NEG_AMPLIFY_trNEGATIVE1869,0,0.378634099696872,0.5155407830654248
NEG_AMPLIFY_trNEGATIVE18692,0,0.016701632004095444,0.10886350203205562
NEG_AMPLIFY_trNEGATIVE18728,0,0.033263040383447975,0.06192730711288258
NEG_AMPLIFY_trNEGATIVE18797,0,0.048981402685768956,0.041372861930144826
NEG_AMPLIFY_trNEGATIVE18806,0,0.009659922421979541,0.02868575326598531
NEG_AMPLIFY_trNEGATIVE18815,0,0.009189278374904825,0.08273990436259009
NEG_AMPLIFY_trNEGATIVE1882,0,0.2054543772143977,0.7997394080021744
NEG_AMPLIFY_trNEGATIVE18820,0,0.007156139496877348,0.017446819058595714
NEG_AMPLIFY_trNEGATIVE18823,0,0.031679207212253764,0.02790207566719485
NEG_AMPLIFY_trNEGATIVE18852,0,0.007156139496877348,0.07761540670711689
NEG_AMPLIFY_trNEGATIVE18853,0,0.016701632004095444,0.03734512943581134
NEG_AMPLIFY_trNEGATIVE18889,0,0.01369277626920329,0.008091478576588429
NEG_AMPLIFY_trNEGATIVE18902,0,0.009659922421979541,0.041379656414371524
NEG_AMPLIFY_trNEGATIVE18915,0,0.044491751389189725,0.04013497674918059
NEG_AMPLIFY_trNEGATIVE18940,0,0.044491751389189725,0.024960798161640735
NEG_AMPLIFY_trNEGATIVE18948,0,0.011219791064135618,0.0424969183454062
NEG_AMPLIFY_trNEGATIVE18952,0,0.009189278374904825,0.020924938761521624
NEG_AMPLIFY_trNEGATIVE19001,0,0.015893412581149055,0.09072938500598299
NEG_AMPLIFY_trNEGATIVE19037,0,0.007909450325643561,0.05445748570699249
NEG_AMPLIFY_trNEGATIVE1909,0,0.016701632004095444,0.04938107701585151
NEG_AMPLIFY_trNEGATIVE1911,0,0.10823514639132764,0.022809999212863915
NEG_AMPLIFY_trNEGATIVE19137,0,0.011219791064135618,0.07081059930637705
NEG_AMPLIFY_trNEGATIVE19156,0,0.174474763849687,0.09465294308276434
NEG_AMPLIFY_trNEGATIVE19166,0,0.014390724324342736,0.0666075615674193
NEG_AMPLIFY_trNEGATIVE1919,0,0.378634099696872,0.8489535398350401
NEG_AMPLIFY_trNEGATIVE19199,0,0.011793193347070728,0.016315528528705787
NEG_AMPLIFY_trNEGATIVE1922,0,0.11319902642920111,0.05205801909901499
NEG_AMPLIFY_trNEGATIVE19237,0,0.009189278374904825,0.01481547760930939
NEG_AMPLIFY_trNEGATIVE19272,0,0.06515857778527068,0.05488232051535962
NEG_AMPLIFY_trNEGATIVE19285,0,0.011219791064135618,0.013790733759123427
NEG_AMPLIFY_trNEGATIVE1929,0,0.48961652856762156,0.3585131729512912
NEG_AMPLIFY_trNEGATIVE1933,0,0.04239670633602469,0.021501770208531907
NEG_AMPLIFY_trNEGATIVE19335,0,0.008315095965561257,0.0174104590627226
NEG_AMPLIFY_trNEGATIVE1936,0,0.05389854781760972,0.8322001127883729
NEG_AMPLIFY_trNEGATIVE1941,0,0.07857559088851913,0.7966865081260569
NEG_AMPLIFY_trNEGATIVE19418,0,0.014390724324342736,0.02684471380172728
NEG_AMPLIFY_trNEGATIVE19461,0,0.007523443669472799,0.013135380135846393
NEG_AMPLIFY_trNEGATIVE19507,0,0.06515857778527068,0.05155378560350084
NEG_AMPLIFY_trNEGATIVE19508,0,0.021388328727887103,0.05073749107357696
NEG_AMPLIFY_trNEGATIVE19527,0,0.013028231144419731,0.061046743667083875
NEG_AMPLIFY_trNEGATIVE1954,0,0.19734528209115038,0.3791260509686842
NEG_AMPLIFY_trNEGATIVE1959,0,0.4644633896866637,0.6761557240699051
NEG_AMPLIFY_trNEGATIVE19635,0,0.008315095965561257,0.02985527858582754
NEG_AMPLIFY_trNEGATIVE1964,0,0.3552143616871996,0.0676184166654275
NEG_AMPLIFY_trNEGATIVE19643,0,0.05138437241613237,0.0196473721156524
NEG_AMPLIFY_trNEGATIVE1966,0,0.7143291117943894,0.013187193602378538
NEG_AMPLIFY_trNEGATIVE19699,0,0.008741362322967697,0.7788831243047373
NEG_AMPLIFY_trNEGATIVE1970,0,0.01755021842537274,0.13797541958597204
NEG_AMPLIFY_trNEGATIVE19709,0,0.009189278374904825,0.01479548858561549
NEG_AMPLIFY_trNEGATIVE19713,0,0.021388328727887103,0.019287218883936363
NEG_AMPLIFY_trNEGATIVE19746,0,0.022469598173027672,0.015637894419878763
NEG_AMPLIFY_trNEGATIVE19751,0,0.007523443669472799,0.008453128893855544
NEG_AMPLIFY_trNEGATIVE19810,0,0.14107906869684986,0.6095285320234042
NEG_AMPLIFY_trNEGATIVE19816,0,0.030168435469896834,0.554481132614046
NEG_AMPLIFY_trNEGATIVE19818,0,0.011219791064135618,0.012687616517086716
NEG_AMPLIFY_trNEGATIVE19842,0,0.033263040383447975,0.02543162567706128
NEG_AMPLIFY_trNEGATIVE19888,0,0.02735358888440897,0.04140004627359057
NEG_AMPLIFY_trNEGATIVE1989,0,0.22240604276111364,0.26880759964617607
NEG_AMPLIFY_trNEGATIVE19897,0,0.07157748884867922,0.012022497596024835
NEG_AMPLIFY_trNEGATIVE19901,0,0.009659922421979541,0.04294060730297773
NEG_AMPLIFY_trNEGATIVE19905,0,0.007523443669472799,0.02760400477510465
NEG_AMPLIFY_trNEGATIVE19910,0,0.014390724324342736,0.7556058073277234
NEG_AMPLIFY_trNEGATIVE19936,0,0.011793193347070728,0.020125705697806414
NEG_AMPLIFY_trNEGATIVE19977,0,0.012395532746690743,0.02279628745092506
NEG_AMPLIFY_trNEGATIVE1999,0,0.12929540406169063,0.028560092983907555
NEG_AMPLIFY_trNEGATIVE20014,0,0.006806644601453976,0.03612715976636129
NEG_AMPLIFY_trNEGATIVE2004,0,0.2790538290930268,0.5829466198688029
NEG_AMPLIFY_trNEGATIVE20041,0,0.009189278374904825,0.4048226886536934
NEG_AMPLIFY_trNEGATIVE20049,0,0.010154424239516196,0.0717742641316131
NEG_AMPLIFY_trNEGATIVE20069,0,0.02035800790529983,0.02689902107635647
NEG_AMPLIFY_trNEGATIVE2009,0,0.29978683900976444,0.8181842150071883
NEG_AMPLIFY_trNEGATIVE20121,0,0.008315095965561257,0.021535107554545695
NEG_AMPLIFY_trNEGATIVE20137,0,0.022469598173027672,0.0383770310012847
NEG_AMPLIFY_trNEGATIVE20140,0,0.48961652856762156,0.5979884938695179
NEG_AMPLIFY_trNEGATIVE20142,0,0.04039614285076122,0.016437412098958253
NEG_AMPLIFY_trNEGATIVE20154,0,0.007156139496877348,0.012705316516690279
NEG_AMPLIFY_trNEGATIVE20223,0,0.010673967299656929,0.04219290751860692
NEG_AMPLIFY_trNEGATIVE20230,0,0.062153667469518836,0.03260334909120353
NEG_AMPLIFY_trNEGATIVE2026,0,0.5894874119701076,0.7199078084695496
NEG_AMPLIFY_trNEGATIVE20275,0,0.011219791064135618,0.05193171298615203
NEG_AMPLIFY_trNEGATIVE20325,0,0.01755021842537274,0.05259736204573215
NEG_AMPLIFY_trNEGATIVE20332,0,0.006157715129239835,0.020492191915449116
NEG_AMPLIFY_trNEGATIVE20333,0,0.007909450325643561,0.01064497843291803
NEG_AMPLIFY_trNEGATIVE20334,0,0.011219791064135618,0.017795856338666306
NEG_AMPLIFY_trNEGATIVE2035,0,0.269023395730122,0.9784285637430227
NEG_AMPLIFY_trNEGATIVE20360,0,0.10346354124801624,0.029236683960551024
NEG_AMPLIFY_trNEGATIVE20375,0,0.007156139496877348,0.010699449334789548
NEG_AMPLIFY_trNEGATIVE2039,0,0.378634099696872,0.45549554108557766
NEG_AMPLIFY_trNEGATIVE20411,0,0.007523443669472799,0.02449973807954557
NEG_AMPLIFY_trNEGATIVE20438,0,0.007156139496877348,0.031000594926016867
NEG_AMPLIFY_trNEGATIVE20452,0,0.010154424239516196,0.02496642383846726
NEG_AMPLIFY_trNEGATIVE20467,0,0.008315095965561257,0.03112060073397401
NEG_AMPLIFY_trNEGATIVE20482,0,0.0902497196066729,0.07745228015484894
NEG_AMPLIFY_trNEGATIVE2049,0,0.3213735966462353,0.6827137369120526
NEG_AMPLIFY_trNEGATIVE20492,0,0.009189278374904825,0.09294512892221189
NEG_AMPLIFY_trNEGATIVE20534,0,0.008741362322967697,0.06751624162428334
NEG_AMPLIFY_trNEGATIVE2057,0,0.09447613877452397,0.4058023090924251
NEG_AMPLIFY_trNEGATIVE20582,0,0.015123702673421792,0.03482093018231128
NEG_AMPLIFY_trNEGATIVE20587,0,0.2054543772143977,0.900795706089841
NEG_AMPLIFY_trNEGATIVE20592,0,0.11319902642920111,0.03335570505935347
NEG_AMPLIFY_trNEGATIVE20608,0,0.013028231144419731,0.025639211920137493
NEG_AMPLIFY_trNEGATIVE20622,0,0.21380792321155545,0.3211953620418993
NEG_AMPLIFY_trNEGATIVE2064,0,0.5524505236252554,0.8909744279394743
NEG_AMPLIFY_trNEGATIVE20646,0,0.03666308211077079,0.023195312535085562
NEG_AMPLIFY_trNEGATIVE20647,0,0.013028231144419731,0.08455022660183062
NEG_AMPLIFY_trNEGATIVE2065,0,0.9562574778048315,0.9648123876495324
NEG_AMPLIFY_trNEGATIVE20651,0,0.014390724324342736,0.03830036668933719
NEG_AMPLIFY_trNEGATIVE20653,0,0.012395532746690743,0.03082999034694871
NEG_AMPLIFY_trNEGATIVE20663,0,0.016701632004095444,0.016247586850130117
NEG_AMPLIFY_trNEGATIVE20674,0,0.009189278374904825,0.0476459412448682
NEG_AMPLIFY_trNEGATIVE20716,0,0.014390724324342736,0.09404613691970323
NEG_AMPLIFY_trNEGATIVE20731,0,0.024794665183936387,0.12537685375391747
NEG_AMPLIFY_trNEGATIVE20736,0,0.010154424239516196,0.05325110909536722
NEG_AMPLIFY_trNEGATIVE20757,0,0.008741362322967697,0.013197066546530488
NEG_AMPLIFY_trNEGATIVE20768,0,0.8981729272317378,0.6067650317940444
NEG_AMPLIFY_trNEGATIVE20782,0,0.009659922421979541,0.027114095336633504
NEG_AMPLIFY_trNEGATIVE20851,0,0.009659922421979541,0.02513463164751607
NEG_AMPLIFY_trNEGATIVE20917,0,0.01369277626920329,0.034758866597780574
NEG_AMPLIFY_trNEGATIVE2092,0,0.05389854781760972,0.6120968945672568
NEG_AMPLIFY_trNEGATIVE2094,0,0.4148187790382922,0.3143487496036698
NEG_AMPLIFY_trNEGATIVE20969,0,0.01755021842537274,0.05439201922453947
NEG_AMPLIFY_trNEGATIVE20986,0,0.009659922421979541,0.020838656366259506
NEG_AMPLIFY_trNEGATIVE20997,0,0.008741362322967697,0.08535463107191524
NEG_AMPLIFY_trNEGATIVE21011,0,0.007909450325643561,0.0202639914509692
NEG_AMPLIFY_trNEGATIVE21020,0,0.01844111172626918,0.030231315412698984
NEG_AMPLIFY_trNEGATIVE2104,0,0.47702539280876627,0.9572627969606082
NEG_AMPLIFY_trNEGATIVE21042,0,0.05652840824061295,0.0851903358816836
NEG_AMPLIFY_trNEGATIVE21109,0,0.011793193347070728,0.025766283914818482
NEG_AMPLIFY_trNEGATIVE2111,0,0.031679207212253764,0.029034466267639707
NEG_AMPLIFY_trNEGATIVE2112,0,0.023604211839967516,0.01862468720315202
NEG_AMPLIFY_trNEGATIVE21127,0,0.016701632004095444,0.05005391579141685
NEG_AMPLIFY_trNEGATIVE21147,0,0.007909450325643561,0.06719311711796173
NEG_AMPLIFY_trNEGATIVE21166,0,0.011219791064135618,0.01952226979873571
NEG_AMPLIFY_trNEGATIVE21195,0,0.033263040383447975,0.015786484538893482
NEG_AMPLIFY_trNEGATIVE2121,0,0.48961652856762156,0.5581808868251747
NEG_AMPLIFY_trNEGATIVE21215,0,0.030168435469896834,0.084005451914384
NEG_AMPLIFY_trNEGATIVE21248,0,0.010673967299656929,0.01888412856750962
NEG_AMPLIFY_trNEGATIVE21269,0,0.006474107199867874,0.030551812747892246
NEG_AMPLIFY_trNEGATIVE21272,0,0.5648821262747397,0.859427810885914
NEG_AMPLIFY_trNEGATIVE21300,0,0.19734528209115038,0.5744400736993684
NEG_AMPLIFY_trNEGATIVE21313,0,0.007523443669472799,0.06182097283928197
NEG_AMPLIFY_trNEGATIVE2134,0,0.4026337283369765,0.026329535734921396
NEG_AMPLIFY_trNEGATIVE21345,0,0.007909450325643561,0.03306355690943952
NEG_AMPLIFY_trNEGATIVE2135,0,0.10823514639132764,0.37421366064254924
NEG_AMPLIFY_trNEGATIVE21351,0,0.0902497196066729,0.03919698127083756
NEG_AMPLIFY_trNEGATIVE21365,0,0.19734528209115038,0.6783767443236002
NEG_AMPLIFY_trNEGATIVE21368,0,0.012395532746690743,0.014378332484002986
NEG_AMPLIFY_trNEGATIVE21375,0,0.008741362322967697,0.017495053155312242
NEG_AMPLIFY_trNEGATIVE2138,0,0.16733089780290292,0.5112711896518617
NEG_AMPLIFY_trNEGATIVE2141,0,0.5648821262747397,0.260941835556921
NEG_AMPLIFY_trNEGATIVE21415,0,0.007523443669472799,0.019346150239402376
NEG_AMPLIFY_trNEGATIVE21424,0,0.378634099696872,0.0336695622767038
NEG_AMPLIFY_trNEGATIVE21453,0,0.01755021842537274,0.05559459433379727
NEG_AMPLIFY_trNEGATIVE2148,0,0.04239670633602469,0.08306643555219499
NEG_AMPLIFY_trNEGATIVE21523,0,0.007909450325643561,0.023915073418695285
NEG_AMPLIFY_trNEGATIVE21611,0,0.008315095965561257,0.0947309219510836
NEG_AMPLIFY_trNEGATIVE21621,0,0.015123702673421792,0.09155801077427207
NEG_AMPLIFY_trNEGATIVE21634,0,0.024794665183936387,0.02381778079638612
NEG_AMPLIFY_trNEGATIVE21641,0,0.011219791064135618,0.053783557463836514
NEG_AMPLIFY_trNEGATIVE21646,0,0.021388328727887103,0.044141202629897236
NEG_AMPLIFY_trNEGATIVE21648,0,0.007909450325643561,0.03136461545477461
NEG_AMPLIFY_trNEGATIVE21649,0,0.021388328727887103,0.06635022096880039
NEG_AMPLIFY_trNEGATIVE21654,0,0.01844111172626918,0.037341789930863144
NEG_AMPLIFY_trNEGATIVE21667,0,0.021388328727887103,0.30145487570175533
NEG_AMPLIFY_trNEGATIVE2167,0,0.011219791064135618,0.04668702190599658
NEG_AMPLIFY_trNEGATIVE2168,0,0.15374703465064624,0.02808583033087152
NEG_AMPLIFY_trNEGATIVE21694,0,0.03666308211077079,0.015011857705910004
NEG_AMPLIFY_trNEGATIVE21699,0,0.01755021842537274,0.07923816107526539
NEG_AMPLIFY_trNEGATIVE21702,0,0.008315095965561257,0.08988017124836128
NEG_AMPLIFY_trNEGATIVE21711,0,0.006806644601453976,0.033742309837425176
NEG_AMPLIFY_trNEGATIVE21748,0,0.015893412581149055,0.04813100674169223
NEG_AMPLIFY_trNEGATIVE21757,0,0.5274050396338344,0.9187995460749738
NEG_AMPLIFY_trNEGATIVE21766,0,0.008315095965561257,0.12734859589036693
NEG_AMPLIFY_trNEGATIVE21770,0,0.04239670633602469,0.014578379969625181
NEG_AMPLIFY_trNEGATIVE21790,0,0.008315095965561257,0.16237320062997387
NEG_AMPLIFY_trNEGATIVE21826,0,0.02035800790529983,0.044497693490186896
NEG_AMPLIFY_trNEGATIVE21833,0,0.006806644601453976,0.026196698672829206
NEG_AMPLIFY_trNEGATIVE21846,0,0.021388328727887103,0.024351700195575005
NEG_AMPLIFY_trNEGATIVE21849,0,0.0861943735232956,0.011253114175309243
NEG_AMPLIFY_trNEGATIVE21858,0,0.010673967299656929,0.014993780812134786
NEG_AMPLIFY_trNEGATIVE21901,0,0.010673967299656929,0.02422760068873318
NEG_AMPLIFY_trNEGATIVE21927,0,0.016701632004095444,0.011764314469425358
NEG_AMPLIFY_trNEGATIVE21938,0,0.007156139496877348,0.024532235628066022
NEG_AMPLIFY_trNEGATIVE21994,0,0.010673967299656929,0.04994338424705054
NEG_AMPLIFY_trNEGATIVE22023,0,0.007156139496877348,0.05838538977355543
NEG_AMPLIFY_trNEGATIVE22028,0,0.026043556341199075,0.09106936599934365
NEG_AMPLIFY_trNEGATIVE2203,0,0.5148223556091357,0.3400098892977437
NEG_AMPLIFY_trNEGATIVE22085,0,0.008741362322967697,0.032223216671701284
NEG_AMPLIFY_trNEGATIVE2209,0,0.343751660594021,0.8131075622158422
NEG_AMPLIFY_trNEGATIVE22098,0,0.009189278374904825,0.018447487881393432
NEG_AMPLIFY_trNEGATIVE22107,0,0.012395532746690743,0.008499933753690526
NEG_AMPLIFY_trNEGATIVE2213,0,0.18185701198838602,0.03603119565252551
NEG_AMPLIFY_trNEGATIVE22139,0,0.008741362322967697,0.025689861301876196
NEG_AMPLIFY_trNEGATIVE22170,0,0.05138437241613237,0.015284336372679785
NEG_AMPLIFY_trNEGATIVE22185,0,0.009659922421979541,0.09037269118318414
NEG_AMPLIFY_trNEGATIVE2221,0,0.9026928550360807,0.9473281154927538
NEG_AMPLIFY_trNEGATIVE22219,0,0.01755021842537274,0.034127676028592985
NEG_AMPLIFY_trNEGATIVE22249,0,0.009189278374904825,0.023676512070406407
NEG_AMPLIFY_trNEGATIVE22257,0,0.016701632004095444,0.026425900616216514
NEG_AMPLIFY_trNEGATIVE22258,0,0.4026337283369765,0.7675556226333662
NEG_AMPLIFY_trNEGATIVE22276,0,0.006474107199867874,0.0164379828183505
NEG_AMPLIFY_trNEGATIVE2228,0,0.22240604276111364,0.3957243245595853
NEG_AMPLIFY_trNEGATIVE2234,0,0.038486185536015516,0.07719904603753351
NEG_AMPLIFY_trNEGATIVE22368,0,0.010673967299656929,0.021350764602268157
NEG_AMPLIFY_trNEGATIVE2237,0,0.48961652856762156,0.8352420711119272
NEG_AMPLIFY_trNEGATIVE2241,0,0.23124822620918395,0.19268797922293926
NEG_AMPLIFY_trNEGATIVE22443,0,0.026043556341199075,0.11351459724646382
NEG_AMPLIFY_trNEGATIVE22464,0,0.02872757448660999,0.02245450757264136
NEG_AMPLIFY_trNEGATIVE22487,0,0.8485504083234799,0.9872753860594544
NEG_AMPLIFY_trNEGATIVE22520,0,0.04668527649577512,0.04266008273555335
NEG_AMPLIFY_trNEGATIVE2253,0,0.06515857778527068,0.051943596764802966
NEG_AMPLIFY_trNEGATIVE22566,0,0.02735358888440897,0.01566258355917752
NEG_AMPLIFY_trNEGATIVE22593,0,0.012395532746690743,0.05141045795592842
NEG_AMPLIFY_trNEGATIVE22600,0,0.0902497196066729,0.04745816828093599
NEG_AMPLIFY_trNEGATIVE22622,0,0.015893412581149055,0.01882679722948794
NEG_AMPLIFY_trNEGATIVE2263,0,0.19734528209115038,0.2837057004622521
NEG_AMPLIFY_trNEGATIVE22638,0,0.030168435469896834,0.038179191220423736
NEG_AMPLIFY_trNEGATIVE2264,0,0.24965937843248165,0.19346468478650752
NEG_AMPLIFY_trNEGATIVE2265,0,0.3324681291303758,0.24662679349073824
NEG_AMPLIFY_trNEGATIVE22670,0,0.011219791064135618,0.036747134993447825
NEG_AMPLIFY_trNEGATIVE22675,0,0.010154424239516196,0.022898540686635424
NEG_AMPLIFY_trNEGATIVE22709,0,0.04239670633602469,0.015737284248944636
NEG_AMPLIFY_trNEGATIVE2272,0,0.2893102269511436,0.2252154950913817
NEG_AMPLIFY_trNEGATIVE22731,0,0.026043556341199075,0.02070373298828134
NEG_AMPLIFY_trNEGATIVE22743,0,0.014390724324342736,0.07907487926714699
NEG_AMPLIFY_trNEGATIVE22750,0,0.010154424239516196,0.029844313533884986
NEG_AMPLIFY_trNEGATIVE22759,0,0.010154424239516196,0.037249666177227095
NEG_AMPLIFY_trNEGATIVE22768,0,0.019376337086726377,0.2529469461210357
NEG_AMPLIFY_trNEGATIVE22776,0,0.06829818519278824,0.012409225824687604
NEG_AMPLIFY_trNEGATIVE22788,0,0.010154424239516196,0.013802200331956714
NEG_AMPLIFY_trNEGATIVE2279,0,0.5524505236252554,0.7262847784692984
NEG_AMPLIFY_trNEGATIVE22820,0,0.008315095965561257,0.024071614881902986
NEG_AMPLIFY_trNEGATIVE22825,0,0.009659922421979541,0.10471501348514219
NEG_AMPLIFY_trNEGATIVE2286,0,0.9562574778048315,0.9191362790915146
NEG_AMPLIFY_trNEGATIVE22878,0,0.009189278374904825,0.021042028738888937
NEG_AMPLIFY_trNEGATIVE22896,0,0.006806644601453976,0.03198287623145605
NEG_AMPLIFY_trNEGATIVE22916,0,0.010154424239516196,0.012488657979048665
NEG_AMPLIFY_trNEGATIVE22924,0,0.006157715129239835,0.025489267863473514
NEG_AMPLIFY_trNEGATIVE2293,0,0.2893102269511436,0.11626554062893206
NEG_AMPLIFY_trNEGATIVE2296,0,0.47702539280876627,0.5538042028598138
NEG_AMPLIFY_trNEGATIVE2298,0,0.013028231144419731,0.052904418947103446
NEG_AMPLIFY_trNEGATIVE22990,0,0.04668527649577512,0.04140414604617294
NEG_AMPLIFY_trNEGATIVE2301,0,0.022469598173027672,0.017236267222845655
NEG_AMPLIFY_trNEGATIVE2302,0,0.3552143616871996,0.574689316497979
NEG_AMPLIFY_trNEGATIVE2303,0,0.4148187790382922,0.6293712002872537
NEG_AMPLIFY_trNEGATIVE23031,0,0.008315095965561257,0.05325922129710981
NEG_AMPLIFY_trNEGATIVE2304,0,0.6824888822513948,0.7309256669659433
NEG_AMPLIFY_trNEGATIVE23058,0,0.007909450325643561,0.02336035802834372
NEG_AMPLIFY_trNEGATIVE2307,0,0.14730043016734448,0.5972315637733246
NEG_AMPLIFY_trNEGATIVE2310,0,0.24033329685460192,0.7379263560580501
NEG_AMPLIFY_trNEGATIVE23134,0,0.014390724324342736,0.026372274583230017
NEG_AMPLIFY_trNEGATIVE2314,0,0.026043556341199075,0.017304820012406512
NEG_AMPLIFY_trNEGATIVE23142,0,0.011219791064135618,0.009723222812746277
NEG_AMPLIFY_trNEGATIVE23158,0,0.01369277626920329,0.057938396199708704
NEG_AMPLIFY_trNEGATIVE23185,0,0.008741362322967697,0.018041284961351267
NEG_AMPLIFY_trNEGATIVE23233,0,0.03666308211077079,0.014714106161227578
NEG_AMPLIFY_trNEGATIVE23255,0,0.008315095965561257,0.03211356844183194
NEG_AMPLIFY_trNEGATIVE23278,0,0.015123702673421792,0.013472744929738177
NEG_AMPLIFY_trNEGATIVE23295,0,0.013028231144419731,0.03334554666711457
NEG_AMPLIFY_trNEGATIVE2330,0,0.5148223556091357,0.4198310725378759
NEG_AMPLIFY_trNEGATIVE2331,0,0.8419558723099433,0.8196546114990765
NEG_AMPLIFY_trNEGATIVE23313,0,0.014390724324342736,0.021424820646894435
NEG_AMPLIFY_trNEGATIVE23320,0,0.006806644601453976,0.015176390388551347
NEG_AMPLIFY_trNEGATIVE23325,0,0.02735358888440897,0.07621599366554799
NEG_AMPLIFY_trNEGATIVE23328,0,0.008741362322967697,0.016020431261576398
NEG_AMPLIFY_trNEGATIVE23347,0,0.03492320297805743,0.04159514096478808
NEG_AMPLIFY_trNEGATIVE23350,0,0.3668456262691713,0.7134396152851764
NEG_AMPLIFY_trNEGATIVE23386,0,0.01369277626920329,0.01625785304460696
NEG_AMPLIFY_trNEGATIVE2340,0,0.021388328727887103,0.04996952908755638
NEG_AMPLIFY_trNEGATIVE23401,0,0.008315095965561257,0.022714639451757744
NEG_AMPLIFY_trNEGATIVE23406,0,0.013028231144419731,0.030992469877062376
NEG_AMPLIFY_trNEGATIVE2341,0,0.734456099436054,0.5783872609988373
NEG_AMPLIFY_trNEGATIVE2342,0,0.174474763849687,0.8018445679835184
NEG_AMPLIFY_trNEGATIVE23439,0,0.01755021842537274,0.09432649090538768
NEG_AMPLIFY_trNEGATIVE2344,0,0.02735358888440897,0.03580028371005346
NEG_AMPLIFY_trNEGATIVE23452,0,0.04668527649577512,0.05906018302303232
NEG_AMPLIFY_trNEGATIVE23471,0,0.021388328727887103,0.02851602257631129
NEG_AMPLIFY_trNEGATIVE2349,0,0.8419558723099433,0.9583203419844496
NEG_AMPLIFY_trNEGATIVE2350,0,0.10823514639132764,0.6302885946440807
NEG_AMPLIFY_trNEGATIVE23500,0,0.02872757448660999,0.012857159510571429
NEG_AMPLIFY_trNEGATIVE23514,0,0.011219791064135618,0.1097165433814616
NEG_AMPLIFY_trNEGATIVE23518,0,0.04239670633602469,0.05715574682140372
NEG_AMPLIFY_trNEGATIVE23519,0,0.06829818519278824,0.019181904395263658
NEG_AMPLIFY_trNEGATIVE2352,0,0.031679207212253764,0.09582982236034927
NEG_AMPLIFY_trNEGATIVE23538,0,0.010154424239516196,0.02946526048384386
NEG_AMPLIFY_trNEGATIVE23581,0,0.059278547031741194,0.034641383593868834
NEG_AMPLIFY_trNEGATIVE23592,0,0.015123702673421792,0.015892061962315133
NEG_AMPLIFY_trNEGATIVE2364,0,0.21380792321155545,0.39729840647651693
NEG_AMPLIFY_trNEGATIVE23656,0,0.010673967299656929,0.06741760895601684
NEG_AMPLIFY_trNEGATIVE23660,0,0.07857559088851913,0.03154599373939207
NEG_AMPLIFY_trNEGATIVE23668,0,0.019376337086726377,0.023750847521238804
NEG_AMPLIFY_trNEGATIVE2367,0,0.378634099696872,0.4961817453804704
NEG_AMPLIFY_trNEGATIVE23671,0,0.006474107199867874,0.06413374899067757
NEG_AMPLIFY_trNEGATIVE23675,0,0.030168435469896834,0.06434605116960851
NEG_AMPLIFY_trNEGATIVE23683,0,0.044491751389189725,0.014917525951771485
NEG_AMPLIFY_trNEGATIVE23706,0,0.01369277626920329,0.15070385272416195
NEG_AMPLIFY_trNEGATIVE2376,0,0.3905677137853415,0.8849633471857951
NEG_AMPLIFY_trNEGATIVE2378,0,0.47702539280876627,0.21648819390875895
NEG_AMPLIFY_trNEGATIVE2379,0,0.22240604276111364,0.2280227672606654
NEG_AMPLIFY_trNEGATIVE23817,0,0.014390724324342736,0.01751905300550426
NEG_AMPLIFY_trNEGATIVE2382,0,0.02735358888440897,0.01450975803947268
NEG_AMPLIFY_trNEGATIVE23822,0,0.01844111172626918,0.026921975088395358
NEG_AMPLIFY_trNEGATIVE23852,0,0.007909450325643561,0.02230440894129523
NEG_AMPLIFY_trNEGATIVE2386,0,0.2790538290930268,0.6357634483405067
NEG_AMPLIFY_trNEGATIVE23884,0,0.9444117229711794,0.8993875245885911
NEG_AMPLIFY_trNEGATIVE23898,0,0.010673967299656929,0.013682178481145816
NEG_AMPLIFY_trNEGATIVE2390,0,0.9295942483872978,0.6414206804287108
NEG_AMPLIFY_trNEGATIVE23904,0,0.006474107199867874,0.011907556270412522
NEG_AMPLIFY_trNEGATIVE2393,0,0.7245065039098338,0.5941369527575434
NEG_AMPLIFY_trNEGATIVE2395,0,0.06829818519278824,0.030847837422974478
NEG_AMPLIFY_trNEGATIVE23958,0,0.030168435469896834,0.01569162639013554
NEG_AMPLIFY_trNEGATIVE23961,0,0.008315095965561257,0.0427734967183058
NEG_AMPLIFY_trNEGATIVE2398,0,0.31047709409236773,0.6760422498323759
NEG_AMPLIFY_trNEGATIVE23982,0,0.01369277626920329,0.1138823804931748
NEG_AMPLIFY_trNEGATIVE2400,0,0.4148187790382922,0.4322205859022052
NEG_AMPLIFY_trNEGATIVE2402,0,0.6824888822513948,0.8046124010068326
NEG_AMPLIFY_trNEGATIVE2403,0,0.5648821262747397,0.31440100982432057
NEG_AMPLIFY_trNEGATIVE24044,0,0.008315095965561257,0.023683702542837255
NEG_AMPLIFY_trNEGATIVE24082,0,0.008315095965561257,0.05971291887265798
NEG_AMPLIFY_trNEGATIVE24090,0,0.044491751389189725,0.04061516774393802
NEG_AMPLIFY_trNEGATIVE24105,0,0.3213735966462353,0.05543159303705632
NEG_AMPLIFY_trNEGATIVE24113,0,0.01844111172626918,0.016313584488317653
NEG_AMPLIFY_trNEGATIVE2412,0,0.6136529378000346,0.7808240989770351
NEG_AMPLIFY_trNEGATIVE24132,0,0.008315095965561257,0.051792227618209265
NEG_AMPLIFY_trNEGATIVE24144,0,0.06515857778527068,0.019111039927282938
NEG_AMPLIFY_trNEGATIVE24186,0,0.007909450325643561,0.024039930425880766
NEG_AMPLIFY_trNEGATIVE24212,0,0.006806644601453976,0.026243908765936016
NEG_AMPLIFY_trNEGATIVE2422,0,0.12929540406169063,0.6065786302944302
NEG_AMPLIFY_trNEGATIVE24226,0,0.011219791064135618,0.028015259635316585
NEG_AMPLIFY_trNEGATIVE2425,0,0.7245065039098338,0.729770950947189
NEG_AMPLIFY_trNEGATIVE2429,0,0.648844379971818,0.5324695990178714
NEG_AMPLIFY_trNEGATIVE24291,0,0.007523443669472799,0.014205415965107052
NEG_AMPLIFY_trNEGATIVE24308,0,0.010673967299656929,0.025146525336988197
NEG_AMPLIFY_trNEGATIVE2431,0,0.6255368308170202,0.04417560537350203
NEG_AMPLIFY_trNEGATIVE24319,0,0.012395532746690743,0.0153710503731517
NEG_AMPLIFY_trNEGATIVE24334,0,0.012395532746690743,0.11066610293802154
NEG_AMPLIFY_trNEGATIVE2434,0,0.1350788464513293,0.6494529146742254
NEG_AMPLIFY_trNEGATIVE24341,0,0.011793193347070728,0.016216826505583242
NEG_AMPLIFY_trNEGATIVE24346,0,0.010154424239516196,0.017769843204803255
NEG_AMPLIFY_trNEGATIVE24358,0,0.15374703465064624,0.29739410740680344
NEG_AMPLIFY_trNEGATIVE24365,0,0.015123702673421792,0.015505665669719858
NEG_AMPLIFY_trNEGATIVE24390,0,0.02035800790529983,0.05131774771993614
NEG_AMPLIFY_trNEGATIVE2441,0,0.012395532746690743,0.03723088139994867
NEG_AMPLIFY_trNEGATIVE24462,0,0.012395532746690743,0.02369013023986872
NEG_AMPLIFY_trNEGATIVE24463,0,0.007909450325643561,0.0285792333792949
NEG_AMPLIFY_trNEGATIVE2451,0,0.47702539280876627,0.4975099263446546
NEG_AMPLIFY_trNEGATIVE24537,0,0.14107906869684986,0.02560016944060826
NEG_AMPLIFY_trNEGATIVE2456,0,0.3213735966462353,0.018572388358997768
NEG_AMPLIFY_trNEGATIVE2459,0,0.04039614285076122,0.06866417885223274
NEG_AMPLIFY_trNEGATIVE24606,0,0.02035800790529983,0.036909548653374764
NEG_AMPLIFY_trNEGATIVE24612,0,0.007156139496877348,0.016017221637206227
NEG_AMPLIFY_trNEGATIVE24615,0,0.048981402685768956,0.031760103192988935
NEG_AMPLIFY_trNEGATIVE2462,0,0.4271089314237546,0.6877182208666507
NEG_AMPLIFY_trNEGATIVE24681,0,0.048981402685768956,0.06736555290839188
NEG_AMPLIFY_trNEGATIVE2469,0,0.044491751389189725,0.09617864066084006
NEG_AMPLIFY_trNEGATIVE2470,0,0.7891634081044496,0.3818237746760317
NEG_AMPLIFY_trNEGATIVE24708,0,0.009189278374904825,0.020067473198101995
NEG_AMPLIFY_trNEGATIVE2473,0,0.22240604276111364,0.05964479458835392
NEG_AMPLIFY_trNEGATIVE24730,0,0.015893412581149055,0.03869431303290047
NEG_AMPLIFY_trNEGATIVE24752,0,0.16733089780290292,0.5419725036157717
NEG_AMPLIFY_trNEGATIVE2477,0,0.9359153337429632,0.5724705337486525
NEG_AMPLIFY_trNEGATIVE24790,0,0.006474107199867874,0.028881341238429895
NEG_AMPLIFY_trNEGATIVE2480,0,0.3213735966462353,0.04647306375809912
NEG_AMPLIFY_trNEGATIVE24810,0,0.01844111172626918,0.06587915989442672
NEG_AMPLIFY_trNEGATIVE2487,0,0.378634099696872,0.582016797093877
NEG_AMPLIFY_trNEGATIVE24895,0,0.01755021842537274,0.017122527900021257
NEG_AMPLIFY_trNEGATIVE24931,0,0.0823047673853513,0.016302115710667607
NEG_AMPLIFY_trNEGATIVE24933,0,0.007909450325643561,0.01681990344246653
NEG_AMPLIFY_trNEGATIVE24934,0,0.06829818519278824,0.02234059356957213
NEG_AMPLIFY_trNEGATIVE2498,0,0.5274050396338344,0.6086829345227842
NEG_AMPLIFY_trNEGATIVE24984,0,0.010154424239516196,0.04450635996257109
NEG_AMPLIFY_trNEGATIVE25000,0,0.009189278374904825,0.028741600323791618
NEG_AMPLIFY_trNEGATIVE25001,0,0.006474107199867874,0.012223683248458772
NEG_AMPLIFY_trNEGATIVE25021,0,0.008741362322967697,0.03161024219051192
NEG_AMPLIFY_trNEGATIVE2506,0,0.031679207212253764,0.07028810749225045
NEG_AMPLIFY_trNEGATIVE25062,0,0.048981402685768956,0.02871105739965432
NEG_AMPLIFY_trNEGATIVE25088,0,0.008315095965561257,0.04733102861642998
NEG_AMPLIFY_trNEGATIVE25097,0,0.007523443669472799,0.020594413555568004
NEG_AMPLIFY_trNEGATIVE25099,0,0.013028231144419731,0.0630957647872156
NEG_AMPLIFY_trNEGATIVE25102,0,0.06829818519278824,0.01633646225573233
NEG_AMPLIFY_trNEGATIVE25143,0,0.007523443669472799,0.060999082883709685
NEG_AMPLIFY_trNEGATIVE2515,0,0.378634099696872,0.1363194135635887
NEG_AMPLIFY_trNEGATIVE2516,0,0.4271089314237546,0.6587881187852145
NEG_AMPLIFY_trNEGATIVE25166,0,0.009189278374904825,0.04082881978023878
NEG_AMPLIFY_trNEGATIVE2517,0,0.05389854781760972,0.03195472591661317
NEG_AMPLIFY_trNEGATIVE25176,0,0.010154424239516196,0.08273990436259009
NEG_AMPLIFY_trNEGATIVE25191,0,0.026043556341199075,0.017134482444692456
NEG_AMPLIFY_trNEGATIVE2520,0,0.4271089314237546,0.5726600850691747
NEG_AMPLIFY_trNEGATIVE2522,0,0.5148223556091357,0.15498194797900902
NEG_AMPLIFY_trNEGATIVE2529,0,0.8054538782125935,0.6637661909638544
NEG_AMPLIFY_trNEGATIVE25293,0,0.015893412581149055,0.01613534411410025
NEG_AMPLIFY_trNEGATIVE25297,0,0.016701632004095444,0.11498232351853102
NEG_AMPLIFY_trNEGATIVE25300,0,0.01844111172626918,0.22909558231853747
NEG_AMPLIFY_trNEGATIVE25345,0,0.14730043016734448,0.022973118116942876
NEG_AMPLIFY_trNEGATIVE2536,0,0.009189278374904825,0.013957661385452635
NEG_AMPLIFY_trNEGATIVE25363,0,0.008315095965561257,0.01681221179357131
NEG_AMPLIFY_trNEGATIVE25368,0,0.01369277626920329,0.012322927665783703
NEG_AMPLIFY_trNEGATIVE2538,0,0.269023395730122,0.16686883690953774
NEG_AMPLIFY_trNEGATIVE25384,0,0.01844111172626918,0.036854362551758786
NEG_AMPLIFY_trNEGATIVE25415,0,0.006474107199867874,0.021140427747432446
NEG_AMPLIFY_trNEGATIVE25449,0,0.7245065039098338,0.20938203632727903
NEG_AMPLIFY_trNEGATIVE25480,0,0.03666308211077079,0.012513570700312688
NEG_AMPLIFY_trNEGATIVE2549,0,0.6136529378000346,0.03274098596120822
NEG_AMPLIFY_trNEGATIVE2550,0,0.19734528209115038,0.43102050911696477
NEG_AMPLIFY_trNEGATIVE25549,0,0.022469598173027672,0.10270229534214462
NEG_AMPLIFY_trNEGATIVE2555,0,0.2054543772143977,0.5047214871366711
NEG_AMPLIFY_trNEGATIVE25551,0,0.007523443669472799,0.014783230827981341
NEG_AMPLIFY_trNEGATIVE25617,0,0.012395532746690743,0.051190722227723376
NEG_AMPLIFY_trNEGATIVE2564,0,0.7143291117943894,0.24670236656827868
NEG_AMPLIFY_trNEGATIVE25640,0,0.048981402685768956,0.01856298974464612
NEG_AMPLIFY_trNEGATIVE25652,0,0.013028231144419731,0.025463768663604832
NEG_AMPLIFY_trNEGATIVE25668,0,0.011219791064135618,0.029742371988716945
NEG_AMPLIFY_trNEGATIVE25674,0,0.011793193347070728,0.6656777717535515
NEG_AMPLIFY_trNEGATIVE25680,0,0.013028231144419731,0.16231155327632193
NEG_AMPLIFY_trNEGATIVE25682,0,0.023604211839967516,0.020229981136036523
NEG_AMPLIFY_trNEGATIVE25711,0,0.009189278374904825,0.006961808174248591
NEG_AMPLIFY_trNEGATIVE25738,0,0.048981402685768956,0.1815664009961991
NEG_AMPLIFY_trNEGATIVE2577,0,0.14730043016734448,0.9548536361894868
NEG_AMPLIFY_trNEGATIVE25808,0,0.006806644601453976,0.023736187834134954
NEG_AMPLIFY_trNEGATIVE25809,0,0.023604211839967516,0.1022028602223191
NEG_AMPLIFY_trNEGATIVE2583,0,0.023604211839967516,0.026023691980372472
NEG_AMPLIFY_trNEGATIVE25837,0,0.008741362322967697,0.0308230963020913
NEG_AMPLIFY_trNEGATIVE25850,0,0.010154424239516196,0.10578039626574588
NEG_AMPLIFY_trNEGATIVE25891,0,0.024794665183936387,0.02543157041928624
NEG_AMPLIFY_trNEGATIVE25893,0,0.007156139496877348,0.017220576221187445
NEG_AMPLIFY_trNEGATIVE25894,0,0.006474107199867874,0.023416086356279623
NEG_AMPLIFY_trNEGATIVE25932,0,0.02035800790529983,0.0743075031544204
NEG_AMPLIFY_trNEGATIVE25974,0,0.011793193347070728,0.07553447093639919
NEG_AMPLIFY_trNEGATIVE25978,0,0.012395532746690743,0.05049684890175881
NEG_AMPLIFY_trNEGATIVE26043,0,0.007156139496877348,0.014882096604516953
NEG_AMPLIFY_trNEGATIVE2607,0,0.5524505236252554,0.12279398228601478
NEG_AMPLIFY_trNEGATIVE26084,0,0.009659922421979541,0.012541007899957747
NEG_AMPLIFY_trNEGATIVE26100,0,0.024794665183936387,0.048101453409469475
NEG_AMPLIFY_trNEGATIVE26101,0,0.04239670633602469,0.04377122030890063
NEG_AMPLIFY_trNEGATIVE26119,0,0.05652840824061295,0.019461628391760716
NEG_AMPLIFY_trNEGATIVE26139,0,0.007156139496877348,0.05747411101825329
NEG_AMPLIFY_trNEGATIVE26159,0,0.059278547031741194,0.013425414654118494
NEG_AMPLIFY_trNEGATIVE26175,0,0.026043556341199075,0.08174969049322525
NEG_AMPLIFY_trNEGATIVE26188,0,0.024794665183936387,0.016245122249564457
NEG_AMPLIFY_trNEGATIVE26192,0,0.006806644601453976,0.02688687551382667
NEG_AMPLIFY_trNEGATIVE26199,0,0.011793193347070728,0.02174445404782812
NEG_AMPLIFY_trNEGATIVE26223,0,0.01369277626920329,0.05502669839529493
NEG_AMPLIFY_trNEGATIVE26278,0,0.026043556341199075,0.017152877538336407
NEG_AMPLIFY_trNEGATIVE26279,0,0.007909450325643561,0.02931221567803846
NEG_AMPLIFY_trNEGATIVE26353,0,0.007909450325643561,0.012045877060076529
NEG_AMPLIFY_trNEGATIVE26362,0,0.038486185536015516,0.01151836151464477
NEG_AMPLIFY_trNEGATIVE26363,0,0.01844111172626918,0.01651217352405238
NEG_AMPLIFY_trNEGATIVE26413,0,0.022469598173027672,0.023893562861818395
NEG_AMPLIFY_trNEGATIVE26428,0,0.010154424239516196,0.028462460732214975
NEG_AMPLIFY_trNEGATIVE26468,0,0.006806644601453976,0.03084380513072111
NEG_AMPLIFY_trNEGATIVE26518,0,0.11836034439921081,0.012043392077014919
NEG_AMPLIFY_trNEGATIVE26576,0,0.03666308211077079,0.06539367442160267
NEG_AMPLIFY_trNEGATIVE26581,0,0.01369277626920329,0.01580459433062898
NEG_AMPLIFY_trNEGATIVE26626,0,0.006474107199867874,0.015294507045702036
NEG_AMPLIFY_trNEGATIVE26627,0,0.5648821262747397,0.2901383608395651
NEG_AMPLIFY_trNEGATIVE26663,0,0.01369277626920329,0.015497794473282272
NEG_AMPLIFY_trNEGATIVE26665,0,0.013028231144419731,0.04287242889206556
NEG_AMPLIFY_trNEGATIVE26701,0,0.010673967299656929,0.02949908119738
NEG_AMPLIFY_trNEGATIVE26704,0,0.02035800790529983,0.013390711876235835
NEG_AMPLIFY_trNEGATIVE26738,0,0.044491751389189725,0.1348565260283348
NEG_AMPLIFY_trNEGATIVE26739,0,0.008315095965561257,0.022137756440876153
NEG_AMPLIFY_trNEGATIVE26741,0,0.04239670633602469,0.050981384763201985
NEG_AMPLIFY_trNEGATIVE26786,0,0.011219791064135618,0.02821943878577364
NEG_AMPLIFY_trNEGATIVE26792,0,0.01844111172626918,0.034351154369279206
NEG_AMPLIFY_trNEGATIVE2681,0,0.07157748884867922,0.0711659409378533
NEG_AMPLIFY_trNEGATIVE26820,0,0.033263040383447975,0.0381013130830387
NEG_AMPLIFY_trNEGATIVE26831,0,0.008741362322967697,0.05826844526502434
NEG_AMPLIFY_trNEGATIVE26856,0,0.010673967299656929,0.015499824275744272
NEG_AMPLIFY_trNEGATIVE26903,0,0.008315095965561257,0.02380783876268115
NEG_AMPLIFY_trNEGATIVE26909,0,0.026043556341199075,0.43949842625529434
NEG_AMPLIFY_trNEGATIVE26954,0,0.010673967299656929,0.21372455629490486
NEG_AMPLIFY_trNEGATIVE26955,0,0.009659922421979541,0.022433107083247323
NEG_AMPLIFY_trNEGATIVE2696,0,0.5894874119701076,0.1519756853694263
NEG_AMPLIFY_trNEGATIVE26974,0,0.008315095965561257,0.026296510150123742
NEG_AMPLIFY_trNEGATIVE27018,0,0.009659922421979541,0.018350380689073676
NEG_AMPLIFY_trNEGATIVE27020,0,0.008315095965561257,0.010510674745722594
NEG_AMPLIFY_trNEGATIVE27065,0,0.008315095965561257,0.01928917292629115
NEG_AMPLIFY_trNEGATIVE27141,0,0.011219791064135618,0.03624626019107883
NEG_AMPLIFY_trNEGATIVE27143,0,0.006806644601453976,0.01629733145101719
NEG_AMPLIFY_trNEGATIVE27144,0,0.02872757448660999,0.01929497996697789
NEG_AMPLIFY_trNEGATIVE27155,0,0.013028231144419731,0.0732821239196337
NEG_AMPLIFY_trNEGATIVE2718,0,0.6602451203900815,0.9448774445553735
NEG_AMPLIFY_trNEGATIVE2720,0,0.5648821262747397,0.7864777992143991
NEG_AMPLIFY_trNEGATIVE27210,0,0.011793193347070728,0.022887676965849462
NEG_AMPLIFY_trNEGATIVE2728,0,0.9688612934818035,0.9562109527994578
NEG_AMPLIFY_trNEGATIVE2731,0,0.269023395730122,0.026361876821131003
NEG_AMPLIFY_trNEGATIVE27331,0,0.008315095965561257,0.01809910770691323
NEG_AMPLIFY_trNEGATIVE27335,0,0.008741362322967697,0.009863595584236183
NEG_AMPLIFY_trNEGATIVE2736,0,0.14107906869684986,0.38995895750807946
NEG_AMPLIFY_trNEGATIVE27361,0,0.01755021842537274,0.02857223991696832
NEG_AMPLIFY_trNEGATIVE27379,0,0.006157715129239835,0.01590513122509404
NEG_AMPLIFY_trNEGATIVE27440,0,0.007156139496877348,0.013332927054248595
NEG_AMPLIFY_trNEGATIVE2746,0,0.3213735966462353,0.1331967489112127
NEG_AMPLIFY_trNEGATIVE2768,0,0.24033329685460192,0.0910235775794888
NEG_AMPLIFY_trNEGATIVE2782,0,0.8934678258629666,0.9239131988916398
NEG_AMPLIFY_trNEGATIVE2795,0,0.47702539280876627,0.45309436788631857
NEG_AMPLIFY_trNEGATIVE2799,0,0.2893102269511436,0.43143659012192115
NEG_AMPLIFY_trNEGATIVE2802,0,0.7891634081044496,0.3148979568795094
NEG_AMPLIFY_trNEGATIVE2805,0,0.8280694859319183,0.8331308273076278
NEG_AMPLIFY_trNEGATIVE2806,0,0.9470003028130209,0.9648393486604869
NEG_AMPLIFY_trNEGATIVE2814,0,0.7039293860174315,0.826112385865279
NEG_AMPLIFY_trNEGATIVE2822,0,0.3324681291303758,0.37421020174094033
NEG_AMPLIFY_trNEGATIVE2831,0,0.7806514405394117,0.4839349291982398
NEG_AMPLIFY_trNEGATIVE2834,0,0.378634099696872,0.22503555343967444
NEG_AMPLIFY_trNEGATIVE2848,0,0.9328237534475188,0.6635085611194871
NEG_AMPLIFY_trNEGATIVE2856,0,0.012395532746690743,0.03173975853505844
NEG_AMPLIFY_trNEGATIVE2858,0,0.3668456262691713,0.7721782381682558
NEG_AMPLIFY_trNEGATIVE2859,0,0.03666308211077079,0.014961184693553922
NEG_AMPLIFY_trNEGATIVE2867,0,0.6714631378676469,0.43866015018512516
NEG_AMPLIFY_trNEGATIVE2876,0,0.12372416032100453,0.34013307981348717
NEG_AMPLIFY_trNEGATIVE2881,0,0.7806514405394117,0.01985910414172974
NEG_AMPLIFY_trNEGATIVE2882,0,0.044491751389189725,0.26070467397362784
NEG_AMPLIFY_trNEGATIVE2891,0,0.07157748884867922,0.09515066063072752
NEG_AMPLIFY_trNEGATIVE2892,0,0.009659922421979541,0.0381921288898316
NEG_AMPLIFY_trNEGATIVE2899,0,0.4148187790382922,0.0625161849951451
NEG_AMPLIFY_trNEGATIVE2908,0,0.3324681291303758,0.68010939494217
NEG_AMPLIFY_trNEGATIVE2909,0,0.3552143616871996,0.46779753599998175
NEG_AMPLIFY_trNEGATIVE2912,0,0.6602451203900815,0.6547714978183113
NEG_AMPLIFY_trNEGATIVE2921,0,0.269023395730122,0.11994672851578432
NEG_AMPLIFY_trNEGATIVE2935,0,0.43948974050839285,0.17647771716936414
NEG_AMPLIFY_trNEGATIVE2947,0,0.02735358888440897,0.03656862199688636
NEG_AMPLIFY_trNEGATIVE2948,0,0.5399530041442298,0.5055718406438691
NEG_AMPLIFY_trNEGATIVE2960,0,0.648844379971818,0.8163796444151119
NEG_AMPLIFY_trNEGATIVE2988,0,0.6933136078224589,0.18413572491969865
NEG_AMPLIFY_trNEGATIVE3018,0,0.12929540406169063,0.6668498941204021
NEG_AMPLIFY_trNEGATIVE3019,0,0.5022208530990525,0.8918438985768903
NEG_AMPLIFY_trNEGATIVE3024,0,0.25922386528667374,0.016246125861799177
NEG_AMPLIFY_trNEGATIVE3027,0,0.4026337283369765,0.03847370090835718
NEG_AMPLIFY_trNEGATIVE3058,0,0.5148223556091357,0.012664103936016566
NEG_AMPLIFY_trNEGATIVE3060,0,0.31047709409236773,0.7991779391392029
NEG_AMPLIFY_trNEGATIVE3063,0,0.48961652856762156,0.2640928359412734
NEG_AMPLIFY_trNEGATIVE3065,0,0.7039293860174315,0.6688408447170862
NEG_AMPLIFY_trNEGATIVE3068,0,0.048981402685768956,0.2718625828147295
NEG_AMPLIFY_trNEGATIVE3076,0,0.0902497196066729,0.4123507552730957
NEG_AMPLIFY_trNEGATIVE3083,0,0.059278547031741194,0.016293966018708368
NEG_AMPLIFY_trNEGATIVE3084,0,0.5772326695039847,0.6185864316327042
NEG_AMPLIFY_trNEGATIVE3087,0,0.3324681291303758,0.3564195352566433
NEG_AMPLIFY_trNEGATIVE3088,0,0.11836034439921081,0.38287011036416946
NEG_AMPLIFY_trNEGATIVE3093,0,0.4271089314237546,0.29835711290395595
NEG_AMPLIFY_trNEGATIVE3095,0,0.24033329685460192,0.025325057975701507
NEG_AMPLIFY_trNEGATIVE3097,0,0.7039293860174315,0.04339902240528186
NEG_AMPLIFY_trNEGATIVE3111,0,0.09447613877452397,0.37650122180349305
NEG_AMPLIFY_trNEGATIVE3113,0,0.25922386528667374,0.03769182612632888
NEG_AMPLIFY_trNEGATIVE3119,0,0.7441732429019726,0.9439272535010744
NEG_AMPLIFY_trNEGATIVE3123,0,0.09887897030237902,0.06422552977623813
NEG_AMPLIFY_trNEGATIVE3136,0,0.2790538290930268,0.16928866088664588
NEG_AMPLIFY_trNEGATIVE3140,0,0.31047709409236773,0.18714588165502336
NEG_AMPLIFY_trNEGATIVE3151,0,0.47702539280876627,0.9091263734154706
NEG_AMPLIFY_trNEGATIVE3155,0,0.012395532746690743,0.01931524772279554
NEG_AMPLIFY_trNEGATIVE3157,0,0.7974307750363692,0.8989979226760175
NEG_AMPLIFY_trNEGATIVE3162,0,0.6136529378000346,0.7115528676493297
NEG_AMPLIFY_trNEGATIVE3176,0,0.10346354124801624,0.1328782722113324
NEG_AMPLIFY_trNEGATIVE3179,0,0.7143291117943894,0.839982774459197
NEG_AMPLIFY_trNEGATIVE3183,0,0.03492320297805743,0.020842811672847593
NEG_AMPLIFY_trNEGATIVE3195,0,0.9328237534475188,0.938890191008467
NEG_AMPLIFY_trNEGATIVE3211,0,0.022469598173027672,0.028946006148356046
NEG_AMPLIFY_trNEGATIVE3217,0,0.9744033323805054,0.9712921754437143
NEG_AMPLIFY_trNEGATIVE3224,0,0.9295942483872978,0.06369772509441127
NEG_AMPLIFY_trNEGATIVE3241,0,0.8485504083234799,0.7593653882612872
NEG_AMPLIFY_trNEGATIVE3242,0,0.3552143616871996,0.7391111895641092
NEG_AMPLIFY_trNEGATIVE3252,0,0.22240604276111364,0.15641599398774772
NEG_AMPLIFY_trNEGATIVE3253,0,0.5022208530990525,0.11981586001258897
NEG_AMPLIFY_trNEGATIVE3258,0,0.015893412581149055,0.022282371085401348
NEG_AMPLIFY_trNEGATIVE3264,0,0.030168435469896834,0.15343124166470432
NEG_AMPLIFY_trNEGATIVE3272,0,0.07157748884867922,0.043082130750055174
NEG_AMPLIFY_trNEGATIVE3277,0,0.033263040383447975,0.025006735079689632
NEG_AMPLIFY_trNEGATIVE3293,0,0.6602451203900815,0.5811100950560256
NEG_AMPLIFY_trNEGATIVE3303,0,0.6602451203900815,0.35920635547477564
NEG_AMPLIFY_trNEGATIVE3306,0,0.7628954897054285,0.5274884329681802
NEG_AMPLIFY_trNEGATIVE3310,0,0.25922386528667374,0.25900047494305206
NEG_AMPLIFY_trNEGATIVE3322,0,0.771895155129791,0.9166500330268532
NEG_AMPLIFY_trNEGATIVE3325,0,0.14730043016734448,0.2554891852056011
NEG_AMPLIFY_trNEGATIVE3329,0,0.4271089314237546,0.054975112466333714
NEG_AMPLIFY_trNEGATIVE3336,0,0.06515857778527068,0.022336251957656844
POS_DRAMP_DRAMP00011,1,0.926221764152935,0.8532036960204298
POS_DRAMP_DRAMP00015,1,0.7536540704838633,0.8776611189776206
POS_DRAMP_DRAMP00021,1,0.8132336372406253,0.9122804869824188
POS_DRAMP_DRAMP00064,1,0.21380792321155545,0.013911806583725561
POS_DRAMP_DRAMP00069,1,0.16042269521026345,0.826935881399814
POS_DRAMP_DRAMP00076,1,0.9639592869697259,0.9442586875730792
POS_DRAMP_DRAMP00077,1,0.9717640348546487,0.9434425089837999
POS_DRAMP_DRAMP00084,1,0.926221764152935,0.9999996845115159
POS_DRAMP_DRAMP00088,1,0.9768018164626505,0.9636435317260037
POS_DRAMP_DRAMP00096,1,0.9227011685338642,0.9467760105371074
POS_DRAMP_DRAMP00099,1,0.9717640348546487,0.951079110255487
POS_DRAMP_DRAMP00101,1,0.9851386683336513,0.9176123322882449
POS_DRAMP_DRAMP00102,1,0.9673035707181461,0.9048393093382758
POS_DRAMP_DRAMP00107,1,0.14730043016734448,0.862701932859133
POS_DRAMP_DRAMP00110,1,0.9583187818450908,0.9420864031989764
POS_DRAMP_DRAMP00113,1,0.7536540704838633,0.8690020649279913
POS_DRAMP_DRAMP00114,1,0.9789804035822575,0.9785672471475781
POS_DRAMP_DRAMP00119,1,0.9562574778048315,0.9305178095197287
POS_DRAMP_DRAMP00122,1,0.9621659159394238,0.9330381567352483
POS_DRAMP_DRAMP00124,1,0.9151947881769059,0.9466484085576428
POS_DRAMP_DRAMP00138,1,0.8726916251020485,0.8735365525468932
POS_DRAMP_DRAMP00139,1,0.8549171963874302,0.9103898362878892
POS_DRAMP_DRAMP00141,1,0.7806514405394117,0.9666561660693054
POS_DRAMP_DRAMP00146,1,0.3905677137853415,0.8683439567324572
POS_DRAMP_DRAMP00153,1,0.6714631378676469,0.8187655084423581
POS_DRAMP_DRAMP00154,1,0.6136529378000346,0.4356973852898277
POS_DRAMP_DRAMP00178,1,0.12372416032100453,0.03572161208751525
POS_DRAMP_DRAMP00190,1,0.04239670633602469,0.02740966005856358
POS_DRAMP_DRAMP00192,1,0.771895155129791,0.07562598601662265
POS_DRAMP_DRAMP00198,1,0.7143291117943894,0.3988565748980614
POS_DRAMP_DRAMP00202,1,0.8781892273260322,0.8778490921302565
POS_DRAMP_DRAMP00212,1,0.5022208530990525,0.8858794990080305
POS_DRAMP_DRAMP00221,1,0.24033329685460192,0.627292719606881
POS_DRAMP_DRAMP00235,1,0.01844111172626918,0.019782941929179506
POS_DRAMP_DRAMP00265,1,0.4026337283369765,0.3218479290625382
POS_DRAMP_DRAMP00266,1,0.19734528209115038,0.34661364617042756
POS_DRAMP_DRAMP00294,1,0.9809583836430923,0.7852560580688307
POS_DRAMP_DRAMP00301,1,0.5274050396338344,0.5467055700852258
POS_DRAMP_DRAMP00304,1,0.29978683900976444,0.4958324826501437
POS_DRAMP_DRAMP00306,1,0.734456099436054,0.424733163127476
POS_DRAMP_DRAMP00308,1,0.343751660594021,0.31439045728581116
POS_DRAMP_DRAMP00309,1,0.04239670633602469,0.012932171679529427
POS_DRAMP_DRAMP00311,1,0.48961652856762156,0.596472381463431
POS_DRAMP_DRAMP00312,1,0.8726916251020485,0.7705511442291048
POS_DRAMP_DRAMP00313,1,0.04039614285076122,0.030907214450694002
POS_DRAMP_DRAMP00315,1,0.31047709409236773,0.029977902566793096
POS_DRAMP_DRAMP00316,1,0.059278547031741194,0.018225609021555327
POS_DRAMP_DRAMP00317,1,0.07157748884867922,0.0182172332947676
POS_DRAMP_DRAMP00384,1,0.9444117229711794,0.4239743246920097
POS_DRAMP_DRAMP00387,1,0.8132336372406253,0.8905843856949731
POS_DRAMP_DRAMP00425,1,0.5894874119701076,0.4759190611888301
POS_DRAMP_DRAMP00427,1,0.8885722885778571,0.786518465694094
POS_DRAMP_DRAMP00428,1,0.6602451203900815,0.8778333126729667
POS_DRAMP_DRAMP00445,1,0.9470003028130209,0.9400465745608368
POS_DRAMP_DRAMP00447,1,0.9656706835320013,0.9786678925537153
POS_DRAMP_DRAMP00448,1,0.9731151585443399,0.9897580584232941
POS_DRAMP_DRAMP00464,1,0.8485504083234799,0.8842236717937219
POS_DRAMP_DRAMP00468,1,0.3668456262691713,0.7843768919425304
POS_DRAMP_DRAMP00474,1,0.926221764152935,0.5406391190765002
POS_DRAMP_DRAMP00480,1,0.47702539280876627,0.8325792866299736
POS_DRAMP_DRAMP00483,1,0.9111984491665844,0.9111312901178988
POS_DRAMP_DRAMP00498,1,0.3668456262691713,0.1823586190173819
POS_DRAMP_DRAMP00499,1,0.648844379971818,0.985074412332768
POS_DRAMP_DRAMP00500,1,0.6602451203900815,0.9772324760900951
POS_DRAMP_DRAMP00501,1,0.5648821262747397,0.9259091691640469
POS_DRAMP_DRAMP00502,1,0.8132336372406253,0.9826266702004796
POS_DRAMP_DRAMP00503,1,0.7245065039098338,0.9585645914810057
POS_DRAMP_DRAMP00504,1,0.8934678258629666,0.993610223519988
POS_DRAMP_DRAMP00505,1,0.8669834852301698,0.9944210999534399
POS_DRAMP_DRAMP00519,1,0.18947991926908753,0.7819868920749355
POS_DRAMP_DRAMP00550,1,0.4519463155966591,0.9670213958018677
POS_DRAMP_DRAMP00562,1,0.8207715164073222,0.9298459328623906
POS_DRAMP_DRAMP00563,1,0.7143291117943894,0.9785700292008618
POS_DRAMP_DRAMP00564,1,0.7628954897054285,0.5378408597872028
POS_DRAMP_DRAMP00565,1,0.7441732429019726,0.653646846890467
POS_DRAMP_DRAMP00574,1,0.5894874119701076,0.8545718178237651
POS_DRAMP_DRAMP00583,1,0.835129982910905,0.8219253904441723
POS_DRAMP_DRAMP00590,1,0.5772326695039847,0.624415411112497
POS_DRAMP_DRAMP00595,1,0.7441732429019726,0.8913121801055642
POS_DRAMP_DRAMP00599,1,0.6602451203900815,0.832478831336563
POS_DRAMP_DRAMP00600,1,0.8419558723099433,0.8469950315939849
POS_DRAMP_DRAMP00603,1,0.8280694859319183,0.9008839153808709
POS_DRAMP_DRAMP00604,1,0.941704496023524,0.9286388255576724
POS_DRAMP_DRAMP00605,1,0.6714631378676469,0.945207812566627
POS_DRAMP_DRAMP00606,1,0.648844379971818,0.827997845127034
POS_DRAMP_DRAMP00614,1,0.378634099696872,0.7726853937574312
POS_DRAMP_DRAMP00615,1,0.6602451203900815,0.8691429022284435
POS_DRAMP_DRAMP00616,1,0.43948974050839285,0.61827831038838
POS_DRAMP_DRAMP00617,1,0.8132336372406253,0.9203203356659075
POS_DRAMP_DRAMP00624,1,0.378634099696872,0.7025238954438683
POS_DRAMP_DRAMP00625,1,0.4148187790382922,0.5561504363969495
POS_DRAMP_DRAMP00626,1,0.5274050396338344,0.8437157055752327
POS_DRAMP_DRAMP00627,1,0.4271089314237546,0.8464259361098041
POS_DRAMP_DRAMP00628,1,0.4644633896866637,0.9088265413079332
POS_DRAMP_DRAMP00673,1,0.5148223556091357,0.9221441155303693
POS_DRAMP_DRAMP00674,1,0.6933136078224589,0.7237893928079301
POS_DRAMP_DRAMP00702,1,0.8610601560949112,0.9129933591263054
POS_DRAMP_DRAMP00716,1,0.6372712519304178,0.9096454668761927
POS_DRAMP_DRAMP00720,1,0.5524505236252554,0.947941742520964
POS_DRAMP_DRAMP00753,1,0.7806514405394117,0.8069690877654054
POS_DRAMP_DRAMP00757,1,0.5274050396338344,0.8485831753877219
POS_DRAMP_DRAMP00766,1,0.9889756116972941,0.9117147406738773
POS_DRAMP_DRAMP00889,1,0.9190272617725738,0.8025287271313936
POS_DRAMP_DRAMP00960,1,0.9703470782596542,0.9339760478574386
POS_DRAMP_DRAMP00973,1,0.7974307750363692,0.6448324841530965
POS_DRAMP_DRAMP00974,1,0.4026337283369765,0.8711399249625571
POS_DRAMP_DRAMP00998,1,0.7891634081044496,0.9900358489722628
POS_DRAMP_DRAMP01003,1,0.8549171963874302,0.9341216061425616
POS_DRAMP_DRAMP01046,1,0.9756313296491402,0.8272777371104878
POS_DRAMP_DRAMP01048,1,0.5148223556091357,0.9729956173480315
POS_DRAMP_DRAMP01067,1,0.8207715164073222,0.6625308252176636
POS_DRAMP_DRAMP01095,1,0.9789804035822575,0.9292729946387408
POS_DRAMP_DRAMP01096,1,0.9799933249309,0.9282787820200656
POS_DRAMP_DRAMP01097,1,0.9799933249309,0.9325213896955546
POS_DRAMP_DRAMP01098,1,0.9809583836430923,0.9154916976420089
POS_DRAMP_DRAMP01099,1,0.9756313296491402,0.9187891078699816
POS_DRAMP_DRAMP01100,1,0.9744033323805054,0.9305158394848877
POS_DRAMP_DRAMP01110,1,0.9639592869697259,0.9641720776481015
POS_DRAMP_DRAMP01112,1,0.9756313296491402,0.9073364601859302
POS_DRAMP_DRAMP01116,1,0.9789804035822575,0.9073359290771824
POS_DRAMP_DRAMP01118,1,0.9835876572662402,0.9162449243779665
POS_DRAMP_DRAMP01119,1,0.9779173544586558,0.883790113348372
POS_DRAMP_DRAMP01122,1,0.9731151585443399,0.9095276024118036
POS_DRAMP_DRAMP01152,1,0.9799933249309,0.8633320801334093
POS_DRAMP_DRAMP01153,1,0.9909710840946249,0.8703741823262164
POS_DRAMP_DRAMP01154,1,0.9851386683336513,0.884961436839052
POS_DRAMP_DRAMP01155,1,0.9818777518142262,0.8296688787507874
POS_DRAMP_DRAMP01159,1,0.8419558723099433,0.8149859044227888
POS_DRAMP_DRAMP01160,1,0.8207715164073222,0.8158594323972653
POS_DRAMP_DRAMP01164,1,0.9602869838916053,0.933478129168622
POS_DRAMP_DRAMP01166,1,0.9444117229711794,0.9522290483393375
POS_DRAMP_DRAMP01171,1,0.734456099436054,0.9546301042814631
POS_DRAMP_DRAMP01172,1,0.7039293860174315,0.9405419902142641
POS_DRAMP_DRAMP01173,1,0.9717640348546487,0.9655483223689173
POS_DRAMP_DRAMP01177,1,0.7536540704838633,0.9680695069182692
POS_DRAMP_DRAMP01178,1,0.771895155129791,0.9692333763762595
POS_DRAMP_DRAMP01179,1,0.734456099436054,0.9701027405454201
POS_DRAMP_DRAMP01180,1,0.8669834852301698,0.9793935611246295
POS_DRAMP_DRAMP01181,1,0.7245065039098338,0.9770386221208723
POS_DRAMP_DRAMP01182,1,0.7891634081044496,0.951939661110145
POS_DRAMP_DRAMP01183,1,0.9518396203484644,0.9727912534809936
POS_DRAMP_DRAMP01184,1,0.9227011685338642,0.9556432559230954
POS_DRAMP_DRAMP01185,1,0.9494747891473988,0.9227956065795171
POS_DRAMP_DRAMP01188,1,0.9717640348546487,0.9357683732138667
POS_DRAMP_DRAMP01192,1,0.9562574778048315,0.9850192638259957
POS_DRAMP_DRAMP01218,1,0.835129982910905,0.9673374957880162
POS_DRAMP_DRAMP01224,1,0.9768018164626505,0.9720709411802921
POS_DRAMP_DRAMP01225,1,0.378634099696872,0.9281159403640297
POS_DRAMP_DRAMP01230,1,0.9656706835320013,0.9707840428175857
POS_DRAMP_DRAMP01234,1,0.29978683900976444,0.9071648637477149
POS_DRAMP_DRAMP01235,1,0.23124822620918395,0.9070297125829954
POS_DRAMP_DRAMP01236,1,0.8834811221734324,0.9269268364464042
POS_DRAMP_DRAMP01239,1,0.9884120786975436,0.9722804810057836
POS_DRAMP_DRAMP01258,1,0.9889756116972941,0.9957677273588064
POS_DRAMP_DRAMP01274,1,0.31047709409236773,0.602767678946937
POS_DRAMP_DRAMP01297,1,0.7628954897054285,0.7528719552579003
POS_DRAMP_DRAMP01299,1,0.9756313296491402,0.9150108841363517
POS_DRAMP_DRAMP01319,1,0.7245065039098338,0.8925971565864551
POS_DRAMP_DRAMP01355,1,0.9388739569071903,0.9803679026776579
POS_DRAMP_DRAMP01356,1,0.9444117229711794,0.9837193103440361
POS_DRAMP_DRAMP01357,1,0.9359153337429632,0.9811366101870822
POS_DRAMP_DRAMP01358,1,0.9835876572662402,0.9818981912214602
POS_DRAMP_DRAMP01359,1,0.9444117229711794,0.9777736520603777
POS_DRAMP_DRAMP01364,1,0.9470003028130209,0.9501068585469438
POS_DRAMP_DRAMP01365,1,0.9562574778048315,0.949700678603185
POS_DRAMP_DRAMP01366,1,0.9602869838916053,0.8629762115086891
POS_DRAMP_DRAMP01367,1,0.9656706835320013,0.8665123693570532
POS_DRAMP_DRAMP01390,1,0.9673035707181461,0.9519997803608613
POS_DRAMP_DRAMP01452,1,0.9227011685338642,0.9610097318014514
POS_DRAMP_DRAMP01457,1,0.6824888822513948,0.957536983041376
POS_DRAMP_DRAMP01461,1,0.7441732429019726,0.9560503860909977
POS_DRAMP_DRAMP01463,1,0.9111984491665844,0.983200466959403
POS_DRAMP_DRAMP01464,1,0.9328237534475188,0.9832007738344375
POS_DRAMP_DRAMP01465,1,0.6933136078224589,0.9731562374943009
POS_DRAMP_DRAMP01471,1,0.4271089314237546,0.9839287044641252
POS_DRAMP_DRAMP01472,1,0.7245065039098338,0.985446826444514
POS_DRAMP_DRAMP01474,1,0.7891634081044496,0.9841711522273079
POS_DRAMP_DRAMP01475,1,0.3213735966462353,0.9649483511621434
POS_DRAMP_DRAMP01477,1,0.7974307750363692,0.9548987221895927
POS_DRAMP_DRAMP01479,1,0.9111984491665844,0.9822147792922784
POS_DRAMP_DRAMP01482,1,0.7891634081044496,0.9589645246854388
POS_DRAMP_DRAMP01483,1,0.8054538782125935,0.9619563868454738
POS_DRAMP_DRAMP01486,1,0.6824888822513948,0.9555471773503915
POS_DRAMP_DRAMP01488,1,0.835129982910905,0.9714002408142166
POS_DRAMP_DRAMP01491,1,0.8207715164073222,0.9730536586401886
POS_DRAMP_DRAMP01493,1,0.8207715164073222,0.9578644488970636
POS_DRAMP_DRAMP01494,1,0.7143291117943894,0.9580634006232148
POS_DRAMP_DRAMP01495,1,0.7891634081044496,0.9559924324924388
POS_DRAMP_DRAMP01496,1,0.6602451203900815,0.9534532031484106
POS_DRAMP_DRAMP01497,1,0.8132336372406253,0.9569382541187519
POS_DRAMP_DRAMP01499,1,0.7441732429019726,0.9556546189728916
POS_DRAMP_DRAMP01500,1,0.8207715164073222,0.9261706014172604
POS_DRAMP_DRAMP01501,1,0.5022208530990525,0.9541183687919171
POS_DRAMP_DRAMP01502,1,0.8781892273260322,0.9692240894533164
POS_DRAMP_DRAMP01503,1,0.7441732429019726,0.9662474635950176
POS_DRAMP_DRAMP01513,1,0.6255368308170202,0.9700638751138976
POS_DRAMP_DRAMP01514,1,0.6016320814325685,0.9661151215755
POS_DRAMP_DRAMP01543,1,0.941704496023524,0.6042973337495273
POS_DRAMP_DRAMP01611,1,0.9540991166217809,0.9545792851047736
POS_DRAMP_DRAMP01614,1,0.9768018164626505,0.9772023218677627
POS_DRAMP_DRAMP01615,1,0.9359153337429632,0.9772023218677627
POS_DRAMP_DRAMP01616,1,0.9540991166217809,0.9334054666092132
POS_DRAMP_DRAMP01617,1,0.9768018164626505,0.9772023218677627
POS_DRAMP_DRAMP01618,1,0.9703470782596542,0.9772023218677627
POS_DRAMP_DRAMP01619,1,0.926221764152935,0.9334054666092132
POS_DRAMP_DRAMP01628,1,0.9070329178267104,0.9623729752408786
POS_DRAMP_DRAMP01629,1,0.8485504083234799,0.961058545171763
POS_DRAMP_DRAMP01631,1,0.9895120302796245,0.9954357442103016
POS_DRAMP_DRAMP01638,1,0.9470003028130209,0.961259827794811
POS_DRAMP_DRAMP01652,1,0.9583187818450908,0.9828955291109882
POS_DRAMP_DRAMP01665,1,0.9799933249309,0.9954281407423926
POS_DRAMP_DRAMP01666,1,0.9789804035822575,0.9950144488865905
POS_DRAMP_DRAMP01682,1,0.6714631378676469,0.985040206185382
POS_DRAMP_DRAMP01687,1,0.9151947881769059,0.9799652656495209
POS_DRAMP_DRAMP01699,1,0.9328237534475188,0.9816502953491791
POS_DRAMP_DRAMP01700,1,0.990508574597659,0.9838572747236113
POS_DRAMP_DRAMP01704,1,0.734456099436054,0.59640617357943
POS_DRAMP_DRAMP01705,1,0.5894874119701076,0.9444241903730198
POS_DRAMP_DRAMP01708,1,0.5648821262747397,0.5952049981190859
POS_DRAMP_DRAMP01721,1,0.9858591133074215,0.9805323363551038
POS_DRAMP_DRAMP01724,1,0.991830136901689,0.9737225499658368
POS_DRAMP_DRAMP01725,1,0.9871982594551753,0.9517538238429711
POS_DRAMP_DRAMP01726,1,0.991830136901689,0.9521536556196626
POS_DRAMP_DRAMP01729,1,0.9851386683336513,0.8755281546995742
POS_DRAMP_DRAMP01736,1,0.9926080651316465,0.9531358828093979
POS_DRAMP_DRAMP01738,1,0.9843820998574072,0.9575381614920628
POS_DRAMP_DRAMP01742,1,0.990022611423921,0.9387711185473814
POS_DRAMP_DRAMP01748,1,0.9518396203484644,0.900431626601153
POS_DRAMP_DRAMP01763,1,0.9639592869697259,0.9629147703260165
POS_DRAMP_DRAMP01772,1,0.9656706835320013,0.9780622439397518
POS_DRAMP_DRAMP01777,1,0.982753511424574,0.8748340426564507
POS_DRAMP_DRAMP01779,1,0.9835876572662402,0.9546556061531745
POS_DRAMP_DRAMP01789,1,0.9799933249309,0.9428378651109132
POS_DRAMP_DRAMP01790,1,0.990022611423921,0.9602188736716805
POS_DRAMP_DRAMP01792,1,0.9865451096879776,0.9628794049541578
POS_DRAMP_DRAMP01796,1,0.9878200943814871,0.9610129897080059
POS_DRAMP_DRAMP01797,1,0.9858591133074215,0.9247696514279378
POS_DRAMP_DRAMP01807,1,0.9914112513028427,0.9783445345103631
POS_DRAMP_DRAMP01810,1,0.9895120302796245,0.9646823478717199
POS_DRAMP_DRAMP01825,1,0.9884120786975436,0.9625040271751947
POS_DRAMP_DRAMP01826,1,0.9688612934818035,0.9541208656531363
POS_DRAMP_DRAMP01829,1,0.9768018164626505,0.966860995575463
POS_DRAMP_DRAMP01837,1,0.9518396203484644,0.9862360657668301
POS_DRAMP_DRAMP01838,1,0.9518396203484644,0.9636074538218453
POS_DRAMP_DRAMP01839,1,0.9583187818450908,0.9827088740558507
POS_DRAMP_DRAMP01843,1,0.9470003028130209,0.9862360657668301
POS_DRAMP_DRAMP01844,1,0.9621659159394238,0.986503350145688
POS_DRAMP_DRAMP01845,1,0.9789804035822575,0.9859881952600397
POS_DRAMP_DRAMP01846,1,0.9656706835320013,0.9862360657668301
POS_DRAMP_DRAMP01847,1,0.9909710840946249,0.9667537234223444
POS_DRAMP_DRAMP01848,1,0.9914112513028427,0.9925873711215148
POS_DRAMP_DRAMP01896,1,0.9843820998574072,0.9928371169839484
POS_DRAMP_DRAMP01898,1,0.9703470782596542,0.9951867342717381
POS_DRAMP_DRAMP01936,1,0.9388739569071903,0.978935532342326
POS_DRAMP_DRAMP01941,1,0.9926080651316465,0.9886138336832317
POS_DRAMP_DRAMP01950,1,0.941704496023524,0.9826025231223076
POS_DRAMP_DRAMP01951,1,0.9151947881769059,0.9703864410610366
POS_DRAMP_DRAMP01952,1,0.9717640348546487,0.973181987682401
POS_DRAMP_DRAMP01980,1,0.8549171963874302,0.9684999161944093
POS_DRAMP_DRAMP01981,1,0.8280694859319183,0.968461826976608
POS_DRAMP_DRAMP01990,1,0.941704496023524,0.9219658561376336
POS_DRAMP_DRAMP01991,1,0.9835876572662402,0.9686170120955905
POS_DRAMP_DRAMP02014,1,0.9731151585443399,0.9867589707904484
POS_DRAMP_DRAMP02015,1,0.9789804035822575,0.981995805084207
POS_DRAMP_DRAMP02035,1,0.9789804035822575,0.9864191538890078
POS_DRAMP_DRAMP02040,1,0.9768018164626505,0.980263998250444
POS_DRAMP_DRAMP02049,1,0.9227011685338642,0.9725603589587445
POS_DRAMP_DRAMP02073,1,0.9756313296491402,0.9827501191880097
POS_DRAMP_DRAMP02080,1,0.9744033323805054,0.9929278728757869
POS_DRAMP_DRAMP02125,1,0.9865451096879776,0.9662470030867796
POS_DRAMP_DRAMP02127,1,0.9562574778048315,0.9030630663618175
POS_DRAMP_DRAMP02128,1,0.9731151585443399,0.9360486342856065
POS_DRAMP_DRAMP02135,1,0.9494747891473988,0.9491410771273001
POS_DRAMP_DRAMP02146,1,0.9227011685338642,0.8258021737630564
POS_DRAMP_DRAMP02167,1,0.990508574597659,0.911989055093614
POS_DRAMP_DRAMP02195,1,0.9562574778048315,0.9647546029180306
POS_DRAMP_DRAMP02227,1,0.9835876572662402,0.9746476316706566
POS_DRAMP_DRAMP02234,1,0.9884120786975436,0.946014465158603
POS_DRAMP_DRAMP02235,1,0.9884120786975436,0.9461307812334615
POS_DRAMP_DRAMP02236,1,0.9818777518142262,0.9504988024727531
POS_DRAMP_DRAMP02249,1,0.9809583836430923,0.9662423128285981
POS_DRAMP_DRAMP02250,1,0.9851386683336513,0.981688187987333
POS_DRAMP_DRAMP02252,1,0.9388739569071903,0.9584687900356541
POS_DRAMP_DRAMP02260,1,0.9851386683336513,0.9745723894167974
POS_DRAMP_DRAMP02261,1,0.9858591133074215,0.9599458817366534
POS_DRAMP_DRAMP02263,1,0.9871982594551753,0.9483939991467022
POS_DRAMP_DRAMP02272,1,0.9858591133074215,0.9625589579027519
POS_DRAMP_DRAMP02284,1,0.9388739569071903,0.9719695689500994
POS_DRAMP_DRAMP02285,1,0.9673035707181461,0.981813591362839
POS_DRAMP_DRAMP02286,1,0.9227011685338642,0.9539786723775351
POS_DRAMP_DRAMP02287,1,0.9359153337429632,0.9539786723775351
POS_DRAMP_DRAMP02295,1,0.9895120302796245,0.9840844604582384
POS_DRAMP_DRAMP02313,1,0.6602451203900815,0.8248923740955397
POS_DRAMP_DRAMP02333,1,0.7891634081044496,0.7961897166232196
POS_DRAMP_DRAMP02334,1,0.8669834852301698,0.9964744770037506
POS_DRAMP_DRAMP02337,1,0.31047709409236773,0.679237271172917
POS_DRAMP_DRAMP02338,1,0.0861943735232956,0.4077608998867152
POS_DRAMP_DRAMP02354,1,0.9756313296491402,0.8992699462561939
POS_DRAMP_DRAMP02372,1,0.8207715164073222,0.9670429444551234
POS_DRAMP_DRAMP02383,1,0.8885722885778571,0.9441340308512804
POS_DRAMP_DRAMP02389,1,0.9026928550360807,0.8592853544313889
POS_DRAMP_DRAMP02396,1,0.9717640348546487,0.5237583621186722
POS_DRAMP_DRAMP02397,1,0.4644633896866637,0.3669488089233782
POS_DRAMP_DRAMP02399,1,0.12372416032100453,0.24825913572619052
POS_DRAMP_DRAMP02402,1,0.7974307750363692,0.9134881486586507
POS_DRAMP_DRAMP02407,1,0.9444117229711794,0.3857664878386942
POS_DRAMP_DRAMP02408,1,0.3905677137853415,0.4550982136876652
POS_DRAMP_DRAMP02436,1,0.2893102269511436,0.40293855471168666
POS_DRAMP_DRAMP02443,1,0.8981729272317378,0.9033837291018496
POS_DRAMP_DRAMP02462,1,0.25922386528667374,0.5885652215378255
POS_DRAMP_DRAMP02469,1,0.04668527649577512,0.8015374062342182
POS_DRAMP_DRAMP02470,1,0.9388739569071903,0.6390942457410954
POS_DRAMP_DRAMP02478,1,0.6255368308170202,0.9105601902602872
POS_DRAMP_DRAMP02511,1,0.8885722885778571,0.9405264137226426
POS_DRAMP_DRAMP02523,1,0.016701632004095444,0.11352847044228649
POS_DRAMP_DRAMP02526,1,0.008741362322967697,0.15618639933003603
POS_DRAMP_DRAMP02527,1,0.016701632004095444,0.0735691827320104
POS_DRAMP_DRAMP02531,1,0.03492320297805743,0.10062979331356241
POS_DRAMP_DRAMP02533,1,0.014390724324342736,0.11964565706195132
POS_DRAMP_DRAMP02534,1,0.013028231144419731,0.3642040050392369
POS_DRAMP_DRAMP02535,1,0.014390724324342736,0.1445923178086858
POS_DRAMP_DRAMP02537,1,0.026043556341199075,0.046681944945771624
POS_DRAMP_DRAMP02553,1,0.01369277626920329,0.05136312798603163
POS_DRAMP_DRAMP02554,1,0.02035800790529983,0.16358293780938993
POS_DRAMP_DRAMP02558,1,0.023604211839967516,0.16468972666842888
POS_DRAMP_DRAMP02560,1,0.008741362322967697,0.01780920190788472
POS_DRAMP_DRAMP02565,1,0.024794665183936387,0.09408861665179959
POS_DRAMP_DRAMP02584,1,0.8207715164073222,0.18543068124637183
POS_DRAMP_DRAMP02585,1,0.8669834852301698,0.2813634229429228
POS_DRAMP_DRAMP02591,1,0.8132336372406253,0.2426202171346317
POS_DRAMP_DRAMP02597,1,0.9656706835320013,0.9469173530650831
POS_DRAMP_DRAMP02598,1,0.9639592869697259,0.9236633245322046
POS_DRAMP_DRAMP02599,1,0.9779173544586558,0.9652483385358077
POS_DRAMP_DRAMP02600,1,0.9673035707181461,0.9533864683364144
POS_DRAMP_DRAMP02601,1,0.9851386683336513,0.9811124977241032
POS_DRAMP_DRAMP02607,1,0.9388739569071903,0.8188803478057541
POS_DRAMP_DRAMP02609,1,0.9688612934818035,0.9827037842390939
POS_DRAMP_DRAMP02619,1,0.5274050396338344,0.970319223708116
POS_DRAMP_DRAMP02632,1,0.734456099436054,0.9142403440144891
POS_DRAMP_DRAMP02635,1,0.5894874119701076,0.9740633326402368
POS_DRAMP_DRAMP02641,1,0.9673035707181461,0.9839587435383209
POS_DRAMP_DRAMP02642,1,0.9865451096879776,0.9955153206453213
POS_DRAMP_DRAMP02644,1,0.9779173544586558,0.9930287371080574
POS_DRAMP_DRAMP02655,1,0.013028231144419731,0.10044936319874925
POS_DRAMP_DRAMP02683,1,0.24033329685460192,0.8537620825608798
POS_DRAMP_DRAMP02690,1,0.378634099696872,0.9762888561647544
POS_DRAMP_DRAMP02702,1,0.6136529378000346,0.9754051749361884
POS_DRAMP_DRAMP02717,1,0.5274050396338344,0.9597636369113669
POS_DRAMP_DRAMP02734,1,0.771895155129791,0.9752200633796332
POS_DRAMP_DRAMP02740,1,0.9494747891473988,0.956136724158183
POS_DRAMP_DRAMP02744,1,0.9328237534475188,0.9801319686615043
POS_DRAMP_DRAMP02745,1,0.9688612934818035,0.9014888357602926
POS_DRAMP_DRAMP02747,1,0.9703470782596542,0.8818898104698358
POS_DRAMP_DRAMP02762,1,0.9914112513028427,0.9892683134266792
POS_DRAMP_DRAMP02763,1,0.9878200943814871,0.983241924885391
POS_DRAMP_DRAMP02766,1,0.9909710840946249,0.9774060951084595
POS_DRAMP_DRAMP02800,1,0.771895155129791,0.9824472480167726
POS_DRAMP_DRAMP02803,1,0.9295942483872978,0.885676053025151
POS_DRAMP_DRAMP02805,1,0.9190272617725738,0.949021491647622
POS_DRAMP_DRAMP02819,1,0.9929689943601107,0.9895793755196544
POS_DRAMP_DRAMP02828,1,0.9779173544586558,0.9487884013656818
POS_DRAMP_DRAMP02842,1,0.990508574597659,0.9784536068700216
POS_DRAMP_DRAMP02844,1,0.9926080651316465,0.9936922500701755
POS_DRAMP_DRAMP02847,1,0.15374703465064624,0.2000643062952611
POS_DRAMP_DRAMP02848,1,0.15374703465064624,0.2000643062952611
POS_DRAMP_DRAMP02854,1,0.9768018164626505,0.9803876103351774
POS_DRAMP_DRAMP02856,1,0.9768018164626505,0.9303167320302643
POS_DRAMP_DRAMP02857,1,0.9926080651316465,0.9816559771204676
POS_DRAMP_DRAMP02871,1,0.5148223556091357,0.8995838050246338
POS_DRAMP_DRAMP02873,1,0.9878200943814871,0.9806943857556174
POS_DRAMP_DRAMP02875,1,0.022469598173027672,0.6017639615701416
POS_DRAMP_DRAMP02876,1,0.6372712519304178,0.7069544279789639
POS_DRAMP_DRAMP02877,1,0.9583187818450908,0.9351667918366652
POS_DRAMP_DRAMP02905,1,0.4026337283369765,0.991594042991878
POS_DRAMP_DRAMP02910,1,0.9926080651316465,0.9878124661904673
POS_DRAMP_DRAMP02911,1,0.992228752988043,0.9805005412435069
POS_DRAMP_DRAMP02912,1,0.9731151585443399,0.8504758059829416
POS_DRAMP_DRAMP02913,1,0.9835876572662402,0.9891211252997546
POS_DRAMP_DRAMP02917,1,0.29978683900976444,0.9206595177123046
POS_DRAMP_DRAMP02919,1,0.5148223556091357,0.9217800433314352
POS_DRAMP_DRAMP02920,1,0.6255368308170202,0.9455367356818706
POS_DRAMP_DRAMP02925,1,0.9621659159394238,0.9153792100944342
POS_DRAMP_DRAMP02930,1,0.6933136078224589,0.3270337039378652
POS_DRAMP_DRAMP02941,1,0.9151947881769059,0.8502545743351788
POS_DRAMP_DRAMP02942,1,0.9151947881769059,0.8506470881523104
POS_DRAMP_DRAMP02956,1,0.5148223556091357,0.5537474401037763
POS_DRAMP_DRAMP02961,1,0.9328237534475188,0.8069411728668734
POS_DRAMP_DRAMP02970,1,0.9884120786975436,0.9947536256295063
POS_DRAMP_DRAMP02971,1,0.990508574597659,0.9950039808612207
POS_DRAMP_DRAMP02972,1,0.990508574597659,0.9839563973510758
POS_DRAMP_DRAMP02973,1,0.990508574597659,0.9919530241948104
POS_DRAMP_DRAMP02974,1,0.9809583836430923,0.9860717903971373
POS_DRAMP_DRAMP02987,1,0.7806514405394117,0.48968791301891135
POS_DRAMP_DRAMP02988,1,0.7441732429019726,0.4899872128684694
POS_DRAMP_DRAMP02995,1,0.033263040383447975,0.46072987523175263
POS_DRAMP_DRAMP03029,1,0.9799933249309,0.9871516000203822
POS_DRAMP_DRAMP03030,1,0.9871982594551753,0.988965024983711
POS_DRAMP_DRAMP03043,1,0.9673035707181461,0.9738488957810002
POS_DRAMP_DRAMP03048,1,0.8054538782125935,0.9236664029881392
POS_DRAMP_DRAMP03053,1,0.6933136078224589,0.8950840575020529
POS_DRAMP_DRAMP03054,1,0.7143291117943894,0.9446324106023268
POS_DRAMP_DRAMP03084,1,0.9871982594551753,0.9132328144907519
POS_DRAMP_DRAMP03085,1,0.9878200943814871,0.9476545917612937
POS_DRAMP_DRAMP03086,1,0.9799933249309,0.9026517478997989
POS_DRAMP_DRAMP03116,1,0.9851386683336513,0.9483315206340956
POS_DRAMP_DRAMP03126,1,0.6824888822513948,0.9525077290422245
POS_DRAMP_DRAMP03151,1,0.9602869838916053,0.9895641485246742
POS_DRAMP_DRAMP03152,1,0.3213735966462353,0.9916515520369894
POS_DRAMP_DRAMP03153,1,0.16042269521026345,0.36430702698493794
POS_DRAMP_DRAMP03168,1,0.648844379971818,0.9986887577403225
POS_DRAMP_DRAMP03169,1,0.18185701198838602,0.9403866885296127
POS_DRAMP_DRAMP03192,1,0.9583187818450908,0.951237138781394
POS_DRAMP_DRAMP03194,1,0.9731151585443399,0.9866444753064292
POS_DRAMP_DRAMP03195,1,0.9914112513028427,0.9953234714363212
POS_DRAMP_DRAMP03196,1,0.9851386683336513,0.9952728732386028
POS_DRAMP_DRAMP03197,1,0.9779173544586558,0.9888457296904748
POS_DRAMP_DRAMP03206,1,0.9884120786975436,0.984237243851049
POS_DRAMP_DRAMP03207,1,0.990508574597659,0.9938633158414112
POS_DRAMP_DRAMP03208,1,0.9851386683336513,0.9938317725639768
POS_DRAMP_DRAMP03209,1,0.9909710840946249,0.9960568243858055
POS_DRAMP_DRAMP03212,1,0.9851386683336513,0.9889501732084249
POS_DRAMP_DRAMP03226,1,0.9756313296491402,0.994240792365112
POS_DRAMP_DRAMP03227,1,0.9858591133074215,0.9896877135714811
POS_DRAMP_DRAMP03228,1,0.9835876572662402,0.9897292025852407
POS_DRAMP_DRAMP03234,1,0.3552143616871996,0.4891410113645244
POS_DRAMP_DRAMP03235,1,0.3668456262691713,0.33754754443384266
POS_DRAMP_DRAMP03255,1,0.734456099436054,0.04911914112515762
POS_DRAMP_DRAMP03278,1,0.9639592869697259,0.9804619483574512
POS_DRAMP_DRAMP03281,1,0.9328237534475188,0.8576438600401172
POS_DRAMP_DRAMP03283,1,0.8669834852301698,0.981211397288591
POS_DRAMP_DRAMP03285,1,0.926221764152935,0.969663108405763
POS_DRAMP_DRAMP03288,1,0.9388739569071903,0.9711338083100388
POS_DRAMP_DRAMP03289,1,0.9518396203484644,0.9946066693763168
POS_DRAMP_DRAMP03290,1,0.31047709409236773,0.7282222742855259
POS_DRAMP_DRAMP03296,1,0.7891634081044496,0.9009108870042702
POS_DRAMP_DRAMP03303,1,0.14730043016734448,0.7188445934462346
POS_DRAMP_DRAMP03311,1,0.9026928550360807,0.9583327629275641
POS_DRAMP_DRAMP03352,1,0.5399530041442298,0.8996094802143197
POS_DRAMP_DRAMP03382,1,0.269023395730122,0.6063836835054166
POS_DRAMP_DRAMP03383,1,0.5772326695039847,0.8836773117227659
POS_DRAMP_DRAMP03392,1,0.648844379971818,0.8762653016090486
POS_DRAMP_DRAMP03393,1,0.9227011685338642,0.7691959798832914
POS_DRAMP_DRAMP03394,1,0.8669834852301698,0.8365895699208947
POS_DRAMP_DRAMP03395,1,0.9026928550360807,0.8911448248056066
POS_DRAMP_DRAMP03396,1,0.6255368308170202,0.9584127389233316
POS_DRAMP_DRAMP03405,1,0.9756313296491402,0.9755480387736535
POS_DRAMP_DRAMP03406,1,0.9621659159394238,0.9447795983395979
POS_DRAMP_DRAMP03408,1,0.9744033323805054,0.9930356378918992
POS_DRAMP_DRAMP03409,1,0.8781892273260322,0.9911693697817332
POS_DRAMP_DRAMP03410,1,0.9673035707181461,0.9791005256311403
POS_DRAMP_DRAMP03411,1,0.8781892273260322,0.9774985290962874
POS_DRAMP_DRAMP03419,1,0.9789804035822575,0.96405808591404
POS_DRAMP_DRAMP03420,1,0.9799933249309,0.9637820651935327
POS_DRAMP_DRAMP03436,1,0.19734528209115038,0.25579551136925516
POS_DRAMP_DRAMP03437,1,0.8207715164073222,0.9532239302678968
POS_DRAMP_DRAMP03440,1,0.0823047673853513,0.06239649283317842
POS_DRAMP_DRAMP03447,1,0.31047709409236773,0.10856408793562562
POS_DRAMP_DRAMP03448,1,0.8280694859319183,0.7605188666487095
POS_DRAMP_DRAMP03449,1,0.8726916251020485,0.7506855654072412
POS_DRAMP_DRAMP03450,1,0.2054543772143977,0.06771860029424943
POS_DRAMP_DRAMP03459,1,0.5399530041442298,0.9005410266407048
POS_DRAMP_DRAMP03479,1,0.9111984491665844,0.8994722432547707
POS_DRAMP_DRAMP03481,1,0.9444117229711794,0.8988416836427644
POS_DRAMP_DRAMP03482,1,0.038486185536015516,0.07790215597512562
POS_DRAMP_DRAMP03483,1,0.07500157166414516,0.039603289180487874
POS_DRAMP_DRAMP03485,1,0.9359153337429632,0.9023803864499721
POS_DRAMP_DRAMP03494,1,0.9070329178267104,0.9768248425842894
POS_DRAMP_DRAMP03496,1,0.941704496023524,0.9886124742140693
POS_DRAMP_DRAMP03497,1,0.9470003028130209,0.9890935736502663
POS_DRAMP_DRAMP03498,1,0.7441732429019726,0.9910129080236026
POS_DRAMP_DRAMP03502,1,0.9111984491665844,0.9871998178162482
POS_DRAMP_DRAMP03503,1,0.8549171963874302,0.9795294936683491
POS_DRAMP_DRAMP03504,1,0.9494747891473988,0.9897817016698474
POS_DRAMP_DRAMP03505,1,0.9026928550360807,0.9893440819989617
POS_DRAMP_DRAMP03507,1,0.9756313296491402,0.9910684023397826
POS_DRAMP_DRAMP03509,1,0.9070329178267104,0.9902804259235046
POS_DRAMP_DRAMP03510,1,0.8981729272317378,0.9920209634280177
POS_DRAMP_DRAMP03511,1,0.8885722885778571,0.9916277020269015
POS_DRAMP_DRAMP03520,1,0.6372712519304178,0.9044055158683254
POS_DRAMP_DRAMP03525,1,0.5894874119701076,0.7885772600994291
POS_DRAMP_DRAMP03526,1,0.4519463155966591,0.747049472838225
POS_DRAMP_DRAMP03529,1,0.9111984491665844,0.9936519766806488
POS_DRAMP_DRAMP03530,1,0.5524505236252554,0.9940206249183634
POS_DRAMP_DRAMP03531,1,0.4271089314237546,0.8961291730961499
POS_DRAMP_DRAMP03538,1,0.9026928550360807,0.9940089413970883
POS_DRAMP_DRAMP03542,1,0.3668456262691713,0.39809945825357157
POS_DRAMP_DRAMP03544,1,0.771895155129791,0.763684803628353
POS_DRAMP_DRAMP03617,1,0.7143291117943894,0.9353295427092967
POS_DRAMP_DRAMP03618,1,0.269023395730122,0.8624848704748602
POS_DRAMP_DRAMP03650,1,0.9111984491665844,0.9525190907847669
POS_DRAMP_DRAMP03662,1,0.6372712519304178,0.9400262575338678
POS_DRAMP_DRAMP03702,1,0.992228752988043,0.933334591559049
POS_DRAMP_DRAMP03707,1,0.9835876572662402,0.9487886451055977
POS_DRAMP_DRAMP03724,1,0.9851386683336513,0.9609975053617192
POS_DRAMP_DRAMP03726,1,0.9851386683336513,0.9810988109326447
POS_DRAMP_DRAMP03727,1,0.1350788464513293,0.9474063040653005
POS_DRAMP_DRAMP03729,1,0.24965937843248165,0.9420070526667569
POS_DRAMP_DRAMP03730,1,0.31047709409236773,0.891020982056954
POS_DRAMP_DRAMP03731,1,0.24033329685460192,0.9449066901617353
POS_DRAMP_DRAMP03732,1,0.23124822620918395,0.9704632901688514
POS_DRAMP_DRAMP03733,1,0.835129982910905,0.809969966565736
POS_DRAMP_DRAMP03739,1,0.9151947881769059,0.8860119459205966
POS_DRAMP_DRAMP03741,1,0.9768018164626505,0.9431635497614844
POS_DRAMP_DRAMP03742,1,0.9717640348546487,0.9458994240277449
POS_DRAMP_DRAMP03745,1,0.9851386683336513,0.9809029977229898
POS_DRAMP_DRAMP03766,1,0.3552143616871996,0.910729572409491
POS_DRAMP_DRAMP03771,1,0.9865451096879776,0.9674837926423384
POS_DRAMP_DRAMP03778,1,0.4271089314237546,0.684034401359764
POS_DRAMP_DRAMP03797,1,0.9470003028130209,0.9806387295600278
POS_DRAMP_DRAMP03798,1,0.269023395730122,0.02681322198087854
POS_DRAMP_DRAMP03802,1,0.9328237534475188,0.8883391176045622
POS_DRAMP_DRAMP03806,1,0.9602869838916053,0.8886331294383442
POS_DRAMP_DRAMP03822,1,0.9673035707181461,0.8820029345393665
POS_DRAMP_DRAMP03826,1,0.9865451096879776,0.9882085683232686
POS_DRAMP_DRAMP03827,1,0.9878200943814871,0.9851519671753212
POS_DRAMP_DRAMP03828,1,0.9809583836430923,0.9836907023292943
POS_DRAMP_DRAMP03830,1,0.9540991166217809,0.9472225725386931
POS_DRAMP_DRAMP03833,1,0.9909710840946249,0.9690970813040355
POS_DRAMP_DRAMP03835,1,0.9768018164626505,0.9731786126135866
POS_DRAMP_DRAMP03856,1,0.993312419074267,0.9747395429309997
POS_DRAMP_DRAMP03866,1,0.993312419074267,0.9767980102041637
POS_DRAMP_DRAMP03867,1,0.993312419074267,0.9791977588255323
POS_DRAMP_DRAMP03872,1,0.9895120302796245,0.9655181249594824
POS_DRAMP_DRAMP03941,1,0.9656706835320013,0.9727112182354374
POS_DRAMP_DRAMP03945,1,0.9190272617725738,0.9755951497319854
POS_DRAMP_DRAMP03946,1,0.9151947881769059,0.9862395053870758
POS_DRAMP_DRAMP03947,1,0.9111984491665844,0.9855714866525882
POS_DRAMP_DRAMP03948,1,0.9295942483872978,0.9814188724319094
POS_DRAMP_DRAMP03949,1,0.9328237534475188,0.980468595616792
POS_DRAMP_DRAMP03954,1,0.048981402685768956,0.02034992168548663
POS_DRAMP_DRAMP03955,1,0.021388328727887103,0.4828786552600039
POS_DRAMP_DRAMP03957,1,0.9070329178267104,0.952078353345299
POS_DRAMP_DRAMP03958,1,0.8419558723099433,0.33547061620753515
POS_DRAMP_DRAMP03959,1,0.6136529378000346,0.3422196587170929
POS_DRAMP_DRAMP03960,1,0.6824888822513948,0.9507650563056999
POS_DRAMP_DRAMP03986,1,0.9929689943601107,0.9950408398762788
POS_DRAMP_DRAMP03989,1,0.993312419074267,0.9962979357409808
POS_DRAMP_DRAMP03995,1,0.993312419074267,0.9967921157624102
POS_DRAMP_DRAMP03997,1,0.993312419074267,0.9972787880306015
POS_DRAMP_DRAMP04011,1,0.9717640348546487,0.9249581745884627
POS_DRAMP_DRAMP04012,1,0.9756313296491402,0.9249581745884627
POS_DRAMP_DRAMP04013,1,0.9518396203484644,0.966164377179371
POS_DRAMP_DRAMP04027,1,0.990022611423921,0.9763903336158223
POS_DRAMP_DRAMP04032,1,0.9929689943601107,0.9647254802796675
POS_DRAMP_DRAMP04039,1,0.993312419074267,0.9985320627880511
POS_DRAMP_DRAMP04040,1,0.9926080651316465,0.9985320627880511
POS_DRAMP_DRAMP04041,1,0.991830136901689,0.9985320627880511
POS_DRAMP_DRAMP04049,1,0.9889756116972941,0.994217735520715
POS_DRAMP_DRAMP04069,1,0.9843820998574072,0.9886435304006128
POS_DRAMP_DRAMP04072,1,0.16733089780290292,0.9865812378374413
POS_DRAMP_DRAMP04075,1,0.9688612934818035,0.8805387216740956
POS_DRAMP_DRAMP04076,1,0.9835876572662402,0.9379387020829272
POS_DRAMP_DRAMP04077,1,0.9843820998574072,0.9643927913632029
POS_DRAMP_DRAMP04078,1,0.990022611423921,0.978529877326484
POS_DRAMP_DRAMP04079,1,0.9656706835320013,0.8803560259082747
POS_DRAMP_DRAMP04080,1,0.9621659159394238,0.857844739884373
POS_DRAMP_DRAMP04081,1,0.9865451096879776,0.9547851566876776
POS_DRAMP_DRAMP04082,1,0.9818777518142262,0.9444451722419253
POS_DRAMP_DRAMP04096,1,0.7441732429019726,0.937674707266291
POS_DRAMP_DRAMP04098,1,0.9070329178267104,0.5528917495167679
POS_DRAMP_DRAMP04136,1,0.9835876572662402,0.9728913148238776
POS_DRAMP_DRAMP04139,1,0.8981729272317378,0.8534681700615114
POS_DRAMP_DRAMP04141,1,0.9884120786975436,0.9344328559936499
POS_DRAMP_DRAMP04150,1,0.9909710840946249,0.999740189982676
POS_DRAMP_DRAMP04171,1,0.9779173544586558,0.977472352357443
POS_DRAMP_DRAMP04175,1,0.993312419074267,0.9965245162989647
POS_DRAMP_DRAMP04176,1,0.993312419074267,0.998605214534256
POS_DRAMP_DRAMP04178,1,0.993312419074267,0.9968642813534205
POS_DRAMP_DRAMP04179,1,0.993312419074267,0.9963794051788697
POS_DRAMP_DRAMP04184,1,0.9895120302796245,0.9852849833968307
POS_DRAMP_DRAMP04190,1,0.993312419074267,0.9987620207383437
POS_DRAMP_DRAMP04213,1,0.993312419074267,0.9950752309044013
POS_DRAMP_DRAMP04214,1,0.9914112513028427,0.9803723505684611
POS_DRAMP_DRAMP04217,1,0.8549171963874302,0.9140202874188881
POS_DRAMP_DRAMP04218,1,0.9889756116972941,0.9653049695575902
POS_DRAMP_DRAMP04230,1,0.9914112513028427,0.990933249488292
POS_DRAMP_DRAMP04231,1,0.9889756116972941,0.9899136752000799
POS_DRAMP_DRAMP04232,1,0.990022611423921,0.9897210707407348
POS_DRAMP_DRAMP04245,1,0.9909710840946249,0.9944282445463755
POS_DRAMP_DRAMP04246,1,0.990508574597659,0.9919176631032526
POS_DRAMP_DRAMP04287,1,0.990022611423921,0.8981407529153403
POS_DRAMP_DRAMP04293,1,0.9799933249309,0.8838201446649638
POS_DRAMP_DRAMP04294,1,0.9799933249309,0.9759014405350441
POS_DRAMP_DRAMP04296,1,0.9835876572662402,0.9590919590521839
POS_DRAMP_DRAMP04298,1,0.9851386683336513,0.963873124896469
POS_DRAMP_DRAMP04301,1,0.9540991166217809,0.8129622852353182
POS_DRAMP_DRAMP04304,1,0.9494747891473988,0.8549837657036633
POS_DRAMP_DRAMP04306,1,0.990022611423921,0.9714190850538843
POS_DRAMP_DRAMP04317,1,0.9914112513028427,0.9848395793531706
POS_DRAMP_DRAMP04319,1,0.9929689943601107,0.9432793978096535
POS_DRAMP_DRAMP04328,1,0.9895120302796245,0.7138360409145045
POS_DRAMP_DRAMP04332,1,0.9926080651316465,0.7730716989664305
POS_DRAMP_DRAMP04353,1,0.9470003028130209,0.9787537389790648
POS_DRAMP_DRAMP04356,1,0.9070329178267104,0.9906733470674426
POS_DRAMP_DRAMP04376,1,0.9789804035822575,0.981378070038164
POS_DRAMP_DRAMP04410,1,0.48961652856762156,0.8986258214262849
POS_DRAMP_DRAMP04439,1,0.6824888822513948,0.9785298070665096
POS_DRAMP_DRAMP04474,1,0.7245065039098338,0.9520227829488114
POS_DRAMP_DRAMP04478,1,0.22240604276111364,0.25650370931265265
POS_DRAMP_DRAMP04480,1,0.011793193347070728,0.11035351646200031
POS_DRAMP_DRAMP04483,1,0.8549171963874302,0.8631424579885665
POS_DRAMP_DRAMP04499,1,0.7536540704838633,0.9765613852752602
POS_DRAMP_DRAMP04527,1,0.0902497196066729,0.652601501324573
POS_DRAMP_DRAMP04533,1,0.9768018164626505,0.8581098666642673
POS_DRAMP_DRAMP04543,1,0.9359153337429632,0.9595722235274428
POS_DRAMP_DRAMP04557,1,0.9562574778048315,0.9533808451926401
POS_DRAMP_DRAMP04558,1,0.990508574597659,0.9895289515895566
POS_DRAMP_DRAMP04559,1,0.9884120786975436,0.9916136785075031
POS_DRAMP_DRAMP04563,1,0.25922386528667374,0.7415227679264063
POS_DRAMP_DRAMP04565,1,0.835129982910905,0.9651433605277778
POS_DRAMP_DRAMP04566,1,0.9540991166217809,0.916187062815761
POS_DRAMP_DRAMP04577,1,0.9470003028130209,0.992378076174109
POS_DRAMP_DRAMP04580,1,0.12372416032100453,0.8295050325925444
POS_DRAMP_DRAMP04582,1,0.835129982910905,0.9818238128709309
POS_DRAMP_DRAMP04583,1,0.771895155129791,0.913822561537349
POS_DRAMP_DRAMP04584,1,0.8834811221734324,0.9834087176838271
POS_DRAMP_DRAMP04585,1,0.8207715164073222,0.9159879858076199
POS_DRAMP_DRAMP04595,1,0.038486185536015516,0.3702698998270165
POS_DRAMP_DRAMP04596,1,0.992228752988043,0.9974194942232218
POS_DRAMP_DRAMP04605,1,0.9639592869697259,0.9571845917150004
POS_DRAMP_DRAMP04608,1,0.8834811221734324,0.9983076568737408
POS_DRAMP_DRAMP04617,1,0.991830136901689,0.9642496677439335
POS_DRAMP_DRAMP04618,1,0.9926080651316465,0.9852078475550142
POS_DRAMP_DRAMP04619,1,0.990022611423921,0.974363498528209
POS_DRAMP_DRAMP04620,1,0.9926080651316465,0.9869797410532098
POS_DRAMP_DRAMP04640,1,0.9835876572662402,0.9625726684552146
POS_DRAMP_DRAMP04644,1,0.9639592869697259,0.9656772084287326
POS_DRAMP_DRAMP04654,1,0.8885722885778571,0.7342561101121313
POS_DRAMP_DRAMP04665,1,0.9070329178267104,0.9656530977936651
POS_DRAMP_DRAMP04682,1,0.022469598173027672,0.6324461960214285
POS_DRAMP_DRAMP04700,1,0.6255368308170202,0.554651304500257
POS_DRAMP_DRAMP04703,1,0.8726916251020485,0.9414037601288845
POS_DRAMP_DRAMP04704,1,0.8834811221734324,0.9828844496131127
POS_DRAMP_DRAMP04705,1,0.8207715164073222,0.9514605118639371
POS_DRAMP_DRAMP04706,1,0.8669834852301698,0.9724653994955674
POS_DRAMP_DRAMP04707,1,0.8981729272317378,0.9341984878303361
POS_DRAMP_DRAMP04708,1,0.6714631378676469,0.8431889053189655
POS_DRAMP_DRAMP04709,1,0.8485504083234799,0.9720628594571973
POS_DRAMP_DRAMP04710,1,0.8781892273260322,0.9724653994955674
POS_DRAMP_DRAMP04711,1,0.7628954897054285,0.9514605118639371
POS_DRAMP_DRAMP04712,1,0.8610601560949112,0.9724653994955674
POS_DRAMP_DRAMP04713,1,0.8549171963874302,0.9468158890332108
POS_DRAMP_DRAMP04714,1,0.7974307750363692,0.9557703824790731
POS_DRAMP_DRAMP04715,1,0.8485504083234799,0.8791417859171329
POS_DRAMP_DRAMP04716,1,0.8885722885778571,0.9724653994955674
POS_DRAMP_DRAMP04717,1,0.8726916251020485,0.9776888482939541
POS_DRAMP_DRAMP04718,1,0.8934678258629666,0.9414037601288845
POS_DRAMP_DRAMP18098,1,0.174474763849687,0.05995353014958252
POS_DRAMP_DRAMP18109,1,0.5274050396338344,0.9187995460749738
POS_DRAMP_DRAMP18120,1,0.21380792321155545,0.29477941671491337
POS_DRAMP_DRAMP18137,1,0.9779173544586558,0.9116977957004091
POS_DRAMP_DRAMP18187,1,0.9717640348546487,0.9804462679905745
POS_DRAMP_DRAMP18189,1,0.9843820998574072,0.9648812008836394
POS_DRAMP_DRAMP18196,1,0.7974307750363692,0.9698183645248265
POS_DRAMP_DRAMP18200,1,0.21380792321155545,0.7660579878605475
POS_DRAMP_DRAMP18201,1,0.24033329685460192,0.7367305448101679
POS_DRAMP_DRAMP18202,1,0.8781892273260322,0.9022443300026827
POS_DRAMP_DRAMP18221,1,0.926221764152935,0.7472664163292868
POS_DRAMP_DRAMP18228,1,0.9717640348546487,0.834386166156696
POS_DRAMP_DRAMP18246,1,0.9070329178267104,0.9999556626214408
POS_DRAMP_DRAMP18253,1,0.9602869838916053,0.9998730966490262
POS_DRAMP_DRAMP18267,1,0.5399530041442298,0.5213244341409773
POS_DRAMP_DRAMP18278,1,0.8054538782125935,0.48172947342283157
POS_DRAMP_DRAMP18280,1,0.8280694859319183,0.9439746625271487
POS_DRAMP_DRAMP18282,1,0.926221764152935,0.793993693097269
POS_DRAMP_DRAMP18283,1,0.9190272617725738,0.8048809942824483
POS_DRAMP_DRAMP18312,1,0.024794665183936387,0.02708399994554349
POS_DRAMP_DRAMP18366,1,0.8669834852301698,0.9019841282478528
POS_DRAMP_DRAMP18367,1,0.5772326695039847,0.8216751024045766
POS_DRAMP_DRAMP18369,1,0.9026928550360807,0.9608221161313987
POS_DRAMP_DRAMP18386,1,0.9744033323805054,0.7227285916074199
POS_DRAMP_DRAMP18389,1,0.9851386683336513,0.928482290285773
POS_DRAMP_DRAMP18392,1,0.9799933249309,0.928482290285773
POS_DRAMP_DRAMP18404,1,0.9540991166217809,0.975651901504897
POS_DRAMP_DRAMP18417,1,0.9602869838916053,0.9496062698496064
POS_DRAMP_DRAMP18425,1,0.378634099696872,0.9379189944602971
POS_DRAMP_DRAMP18426,1,0.8419558723099433,0.9218538361166428
POS_DRAMP_DRAMP18430,1,0.7891634081044496,0.9648381763085379
POS_DRAMP_DRAMP18451,1,0.9602869838916053,0.9458652623974966
POS_DRAMP_DRAMP18452,1,0.9602869838916053,0.9268222296469831
POS_DRAMP_DRAMP18456,1,0.9818777518142262,0.9057615459663821
POS_DRAMP_DRAMP18476,1,0.993312419074267,0.9934181111450691
POS_DRAMP_DRAMP18477,1,0.9926080651316465,0.9934181111450691
POS_DRAMP_DRAMP18478,1,0.992228752988043,0.9934181111450691
POS_DRAMP_DRAMP18479,1,0.992228752988043,0.9933610942421645
POS_DRAMP_DRAMP18480,1,0.993312419074267,0.9938874341280347
POS_DRAMP_DRAMP18481,1,0.9926080651316465,0.9938642426868368
POS_DRAMP_DRAMP18482,1,0.9914112513028427,0.9931527273974419
POS_DRAMP_DRAMP18483,1,0.9929689943601107,0.9908485964314814
POS_DRAMP_DRAMP18484,1,0.993312419074267,0.993058472018785
POS_DRAMP_DRAMP18485,1,0.9914112513028427,0.993058472018785
POS_DRAMP_DRAMP18486,1,0.9909710840946249,0.9930432070578054
POS_DRAMP_DRAMP18487,1,0.9929689943601107,0.992878974525161
POS_DRAMP_DRAMP18488,1,0.9809583836430923,0.9372182770901942
POS_DRAMP_DRAMP18491,1,0.31047709409236773,0.9940206249183634
POS_DRAMP_DRAMP18500,1,0.991830136901689,0.9472313955279683
POS_DRAMP_DRAMP18506,1,0.9884120786975436,0.9814138438655154
POS_DRAMP_DRAMP18509,1,0.269023395730122,0.11972838263936866
POS_DRAMP_DRAMP18565,1,0.9929689943601107,0.9872195331029562
POS_DRAMP_DRAMP18569,1,0.9779173544586558,0.8958292798172285
POS_DRAMP_DRAMP18572,1,0.9444117229711794,0.8693697425250505
POS_DRAMP_DRAMP18588,1,0.9851386683336513,0.996862938341653
POS_DRAMP_DRAMP18611,1,0.990508574597659,0.9790232706041563
POS_DRAMP_DRAMP18615,1,0.991830136901689,0.9071655834967498
POS_DRAMP_DRAMP18616,1,0.9744033323805054,0.8875111516586999
POS_DRAMP_DRAMP18617,1,0.9799933249309,0.9452617004921507
POS_DRAMP_DRAMP18618,1,0.992228752988043,0.9677909174229297
POS_DRAMP_DRAMP18622,1,0.9717640348546487,0.9735521504682672
POS_DRAMP_DRAMP18645,1,0.9909710840946249,0.9800292192566006
POS_DRAMP_DRAMP18647,1,0.991830136901689,0.987659449024489
POS_DRAMP_DRAMP18656,1,0.47702539280876627,0.07767606792427825
POS_DRAMP_DRAMP18658,1,0.9895120302796245,0.9668827287351365
POS_DRAMP_DRAMP18665,1,0.990508574597659,0.9860450641371684
POS_DRAMP_DRAMP18668,1,0.3668456262691713,0.2948187752895443
POS_DRAMP_DRAMP18669,1,0.8781892273260322,0.6319732166812428
POS_DRAMP_DRAMP18674,1,0.25922386528667374,0.4427188160373126
POS_DRAMP_DRAMP18685,1,0.8781892273260322,0.8194184113423022
POS_DRAMP_DRAMP18704,1,0.9444117229711794,0.9773026185868119
POS_DRAMP_DRAMP18721,1,0.8485504083234799,0.9848241927398463
POS_DRAMP_DRAMP18724,1,0.3905677137853415,0.679237271172917
POS_DRAMP_DRAMP20776,1,0.9151947881769059,0.8134127162615531
POS_DRAMP_DRAMP20790,1,0.8934678258629666,0.9916277020269015
POS_DRAMP_DRAMP20792,1,0.9518396203484644,0.9466727345926345
POS_DRAMP_DRAMP20793,1,0.6933136078224589,0.9043326300111392
POS_DRAMP_DRAMP20794,1,0.9789804035822575,0.9217379163268282
POS_DRAMP_DRAMP20797,1,0.9884120786975436,0.8636772396117671
POS_DRAMP_DRAMP20803,1,0.9895120302796245,0.9693996367963568
POS_DRAMP_DRAMP20804,1,0.9190272617725738,0.7350130057413656
POS_DRAMP_DRAMP20819,1,0.993312419074267,0.9784064441522009
POS_DRAMP_DRAMP20829,1,0.8781892273260322,0.9871998178162482
POS_DRAMP_DRAMP20830,1,0.9444117229711794,0.9873128210163579
POS_DRAMP_DRAMP20869,1,0.9929689943601107,0.989312233816328
POS_DRAMP_DRAMP20879,1,0.9444117229711794,0.988143722375249
POS_DRAMP_DRAMP20880,1,0.8207715164073222,0.9927230016120548
POS_DRAMP_DRAMP20909,1,0.982753511424574,0.9492041430790786
POS_DRAMP_DRAMP20926,1,0.9929689943601107,0.9907990993666521
POS_DRAMP_DRAMP20935,1,0.9929689943601107,0.9922371863335452
POS_DRAMP_DRAMP20959,1,0.991830136901689,0.9978804888925352
POS_DRAMP_DRAMP20960,1,0.9926080651316465,0.9984585637142142
POS_DRAMP_DRAMP20965,1,0.9518396203484644,0.017355798763675892
POS_DRAMP_DRAMP20994,1,0.9926080651316465,0.9953412663017613
POS_DRAMP_DRAMP21011,1,0.9768018164626505,0.9999912355239885
POS_DRAMP_DRAMP21029,1,0.8726916251020485,0.4461441948088165
POS_DRAMP_DRAMP21042,1,0.9929689943601107,0.991383849110447
POS_DRAMP_DRAMP21043,1,0.9929689943601107,0.9938582712737242
POS_DRAMP_DRAMP21044,1,0.9929689943601107,0.9975289606106152
POS_DRAMP_DRAMP21045,1,0.9929689943601107,0.9971511364871423
POS_DRAMP_DRAMP21046,1,0.991830136901689,0.993881634279825
POS_DRAMP_DRAMP21076,1,0.9889756116972941,0.9842294363402406
POS_DRAMP_DRAMP21077,1,0.990508574597659,0.9684995987792886
POS_DRAMP_DRAMP21097,1,0.9858591133074215,0.987234925056253
POS_DRAMP_DRAMP21104,1,0.9768018164626505,0.9237785121102464
POS_DRAMP_DRAMP21106,1,0.9809583836430923,0.9303975908955842
POS_DRAMP_DRAMP21109,1,0.9756313296491402,0.9029147818179724
POS_DRAMP_DRAMP21137,1,0.9703470782596542,0.9346781665779378
POS_DRAMP_DRAMP21138,1,0.9843820998574072,0.9583628434353022
POS_DRAMP_DRAMP21146,1,0.9871982594551753,0.94403597385004
POS_DRAMP_DRAMP21152,1,0.993312419074267,0.9940316994274031
POS_DRAMP_DRAMP21177,1,0.993312419074267,0.9970523893751303
POS_DRAMP_DRAMP21196,1,0.990508574597659,0.9265113889988444
POS_DRAMP_DRAMP21202,1,0.9929689943601107,0.9965484571196368
POS_DRAMP_DRAMP21203,1,0.9562574778048315,0.9709207700026667
POS_DRAMP_DRAMP21204,1,0.9656706835320013,0.9708862447630543
POS_DRAMP_DRAMP21205,1,0.9673035707181461,0.971634949920697
POS_DRAMP_DRAMP21206,1,0.9744033323805054,0.9911740551691324
POS_DRAMP_DRAMP21207,1,0.9809583836430923,0.981832046997529
POS_DRAMP_DRAMP21208,1,0.9799933249309,0.9715939263803204
POS_DRAMP_DRAMP21209,1,0.9851386683336513,0.9725262857256362
POS_DRAMP_DRAMP21210,1,0.9865451096879776,0.983333962507697
POS_DRAMP_DRAMP21211,1,0.9835876572662402,0.9817318358664965
POS_DRAMP_DRAMP21222,1,0.9929689943601107,0.9875905555890354
POS_DRAMP_DRAMP21246,1,0.993312419074267,0.9968212548547047
POS_DRAMP_DRAMP21247,1,0.993312419074267,0.9968558606474762
POS_DRAMP_DRAMP21251,1,0.9871982594551753,0.9538680284492533
POS_DRAMP_DRAMP21255,1,0.990508574597659,0.9841981797851619
POS_DRAMP_DRAMP21307,1,0.990508574597659,0.9955703462390417
POS_DRAMP_DRAMP21308,1,0.9889756116972941,0.9909808126676776
POS_DRAMP_DRAMP21309,1,0.9909710840946249,0.9972183955368509
POS_DRAMP_DRAMP21327,1,0.993312419074267,0.9745885908600993
POS_DRAMP_DRAMP21330,1,0.9929689943601107,0.9920982729892303
POS_DRAMP_DRAMP21333,1,0.9926080651316465,0.9814894159075797
POS_DRAMP_DRAMP21334,1,0.9583187818450908,0.9576965818423033
POS_DRAMP_DRAMP21335,1,0.9717640348546487,0.9591472065367607
POS_DRAMP_DRAMP21336,1,0.9756313296491402,0.9599011814728281
POS_DRAMP_DRAMP21349,1,0.9914112513028427,0.9325125273891265
POS_DRAMP_DRAMP21350,1,0.9895120302796245,0.9325125273891265
POS_DRAMP_DRAMP21353,1,0.9909710840946249,0.9405702342847186
POS_DRAMP_DRAMP21354,1,0.9884120786975436,0.9405702342847186
POS_DRAMP_DRAMP21360,1,0.993312419074267,0.9940327486704295
POS_DRAMP_DRAMP21361,1,0.9929689943601107,0.9906301086050484
POS_DRAMP_DRAMP21377,1,0.990022611423921,0.9918372894688592
POS_DRAMP_DRAMP21378,1,0.9914112513028427,0.9945144856110741
POS_DRAMP_DRAMP21386,1,0.9884120786975436,0.9848590846928595
POS_DRAMP_DRAMP21390,1,0.9731151585443399,0.9726545059819033
POS_DRAMP_DRAMP21391,1,0.9602869838916053,0.9726545059819033
POS_DRAMP_DRAMP21392,1,0.9703470782596542,0.9998098111696309
POS_DRAMP_DRAMP21414,1,0.6714631378676469,0.9943916180867499
POS_DRAMP_DRAMP21419,1,0.9929689943601107,0.9904543593400387
POS_DRAMP_DRAMP21420,1,0.9602869838916053,0.9850044958893197
POS_DRAMP_DRAMP21422,1,0.9602869838916053,0.9862361212513021
POS_DRAMP_DRAMP21427,1,0.9909710840946249,0.96118134817721
POS_DRAMP_DRAMP21429,1,0.993312419074267,0.980762424496128
POS_DRAMP_DRAMP21612,1,0.9929689943601107,0.9999979988664431
POS_DRAMP_DRAMP21635,1,0.31047709409236773,0.6349946608170202
POS_DRAMP_DRAMP21636,1,0.4644633896866637,0.6592219702440305
POS_DRAMP_DRAMP21637,1,0.343751660594021,0.6613132945603162
POS_DRAMP_DRAMP21639,1,0.4644633896866637,0.21143757767565155
POS_DRAMP_DRAMP21641,1,0.18947991926908753,0.7228160018621143
POS_DRAMP_DRAMP21642,1,0.269023395730122,0.1827219935404581
POS_DRAMP_DRAMP21643,1,0.47702539280876627,0.5238899341455154
POS_DRAMP_DRAMP29001,1,0.9926080651316465,0.9575990734979605
POS_DRAMP_DRAMP29003,1,0.993312419074267,0.9974846959194668
POS_DRAMP_DRAMP29018,1,0.9756313296491402,0.9844333869125025
POS_DRAMP_DRAMP29028,1,0.9929689943601107,0.9940249322577996
POS_DRAMP_DRAMP29029,1,0.990508574597659,0.9913189146436235
POS_DRAMP_DRAMP29030,1,0.992228752988043,0.9999877161713379
POS_DRAMP_DRAMP29034,1,0.9190272617725738,0.792985234240826
POS_DRAMP_DRAMP29035,1,0.9227011685338642,0.7107447706294644
POS_DRAMP_DRAMP29036,1,0.9518396203484644,0.9656249747981221
POS_DRAMP_DRAMP29037,1,0.9444117229711794,0.849087693265135
POS_DRAMP_DRAMP29038,1,0.9602869838916053,0.9765398743469174
POS_DRAMP_DRAMP29039,1,0.9656706835320013,0.9772648040559503
POS_DRAMP_DRAMP29050,1,0.993312419074267,0.9858346058132291
POS_DRAMP_DRAMP29051,1,0.9673035707181461,0.9926380832099219
POS_DRAMP_DRAMP29052,1,0.9851386683336513,0.9751421626400045
POS_DRAMP_DRAMP29053,1,0.9756313296491402,0.9100500755938374
POS_DRAMP_DRAMP29059,1,0.991830136901689,0.9294062969016947
POS_DRAMP_DRAMP29060,1,0.990508574597659,0.9127025590739578
POS_DRAMP_DRAMP29064,1,0.9909710840946249,0.9590333408178912
POS_DRAMP_DRAMP29074,1,0.9871982594551753,0.9810938008037744
POS_DRAMP_DRAMP29075,1,0.9858591133074215,0.9745463908763603
POS_DRAMP_DRAMP29076,1,0.9851386683336513,0.9470892969967926
POS_DRAMP_DRAMP29077,1,0.9878200943814871,0.9731841502248905
POS_DRAMP_DRAMP29078,1,0.9929689943601107,0.95069012924812
POS_DRAMP_DRAMP29087,1,0.9895120302796245,0.9690559251553397
POS_DRAMP_DRAMP29092,1,0.9884120786975436,0.9900800469929179
POS_DRAMP_DRAMP29096,1,0.7245065039098338,0.619820959334457
POS_DRAMP_DRAMP29099,1,0.9470003028130209,0.982118402812342
POS_DRAMP_DRAMP29101,1,0.9914112513028427,0.9668264155406538
POS_DRAMP_DRAMP29103,1,0.9518396203484644,0.9940905073582182
POS_DRAMP_DRAMP29104,1,0.9929689943601107,0.9887159846866195
POS_DRAMP_DRAMP29109,1,0.9926080651316465,0.9792349277666454
POS_DRAMP_DRAMP29115,1,0.990022611423921,0.9715559054825585
POS_DRAMP_DRAMP29117,1,0.993312419074267,0.9808765782189819
POS_DRAMP_DRAMP29119,1,0.9909710840946249,0.9878478052717686
POS_DRAMP_DRAMP29122,1,0.9858591133074215,0.9585165990163341
POS_DRAMP_DRAMP29128,1,0.9929689943601107,0.9908167616197809
POS_DRAMP_DRAMP29145,1,0.9865451096879776,0.9510473234809254
POS_DRAMP_DRAMP29147,1,0.941704496023524,0.9063708575381173
POS_DRAMP_DRAMP29149,1,0.9835876572662402,0.9535813592584179
POS_DRAMP_DRAMP29202,1,0.8934678258629666,0.796434068413031
POS_DRAMP_DRAMP29205,1,0.25922386528667374,0.3205345501385937
POS_DRAMP_DRAMP29233,1,0.9789804035822575,0.9999999999999984
POS_DRAMP_DRAMP29242,1,0.8280694859319183,0.9328379220266529
POS_DRAMP_DRAMP29246,1,0.8132336372406253,0.9225090794620628
POS_DRAMP_DRAMP29255,1,0.9789804035822575,0.7787661821442742
POS_DRAMP_DRAMP29259,1,0.6933136078224589,0.9978303735521663
POS_DRAMP_DRAMP29263,1,0.6602451203900815,0.884737981980643
POS_DRAMP_DRAMP29264,1,0.648844379971818,0.935626046052291
POS_DRAMP_DRAMP29265,1,0.7441732429019726,0.8994434786195479
POS_DRAMP_DRAMP29266,1,0.9518396203484644,0.862396064283885
POS_DRAMP_DRAMP29267,1,0.9494747891473988,0.937257096399198
POS_DRAMP_DRAMP29268,1,0.9328237534475188,0.8358245349413426
POS_DRAMP_DRAMP29269,1,0.9540991166217809,0.954751409586306
POS_DRAMP_DRAMP29270,1,0.9851386683336513,0.8616508149362478
POS_DRAMP_DRAMP29275,1,0.990022611423921,0.9470221952375691
POS_DRAMP_DRAMP29276,1,0.9878200943814871,0.9505386229845633
POS_DRAMP_DRAMP29277,1,0.990022611423921,0.9491901487612571
POS_DRAMP_DRAMP29278,1,0.9909710840946249,0.9348195114678762
POS_DRAMP_DRAMP29283,1,0.9835876572662402,0.9665125048575667
POS_DRAMP_DRAMP29284,1,0.9656706835320013,0.9603831125189951
POS_DRAMP_DRAMP29285,1,0.9518396203484644,0.8150796081974157
POS_DRAMP_DRAMP29286,1,0.9688612934818035,0.8454827292985516
POS_DRAMP_DRAMP29295,1,0.990508574597659,0.9385069156711349
POS_DRAMP_DRAMP29296,1,0.982753511424574,0.9347518152330805
POS_DRAMP_DRAMP29297,1,0.9799933249309,0.910474678783193
POS_DRAMP_DRAMP29298,1,0.9871982594551753,0.923762236609222
POS_DRAMP_DRAMP29950,1,0.7806514405394117,0.24180531686400597
POS_DRAMP_DRAMP29951,1,0.992228752988043,0.9722372954652921
POS_DRAMP_DRAMP29957,1,0.771895155129791,0.9407189441656725
POS_DRAMP_DRAMP29994,1,0.269023395730122,0.4411618617150511
POS_DRAMP_DRAMP30030,1,0.8669834852301698,0.8777476705591382
POS_DRAMP_DRAMP30043,1,0.5894874119701076,0.294008139860415
POS_DRAMP_DRAMP30047,1,0.9929689943601107,0.9018344549000327
POS_DRAMP_DRAMP30056,1,0.9884120786975436,0.966844978497701
POS_DRAMP_DRAMP30065,1,0.990022611423921,0.7644094534949718
POS_DRAMP_DRAMP30068,1,0.9818777518142262,0.9563911885753028
POS_DRAMP_DRAMP30076,1,0.9884120786975436,0.9433467963600783
POS_DRAMP_DRAMP30084,1,0.8610601560949112,0.8168319977222331
POS_DRAMP_DRAMP30093,1,0.7628954897054285,0.9680645445989112
POS_DRAMP_DRAMP30097,1,0.4026337283369765,0.47227503438994856
POS_DRAMP_DRAMP30106,1,0.6714631378676469,0.9765751258448421
POS_DRAMP_DRAMP30124,1,0.991830136901689,0.9668668527437154
POS_DRAMP_DRAMP30127,1,0.9909710840946249,0.9492955717144544
POS_DRAMP_DRAMP30130,1,0.9865451096879776,0.9732255355358983
POS_DRAMP_DRAMP30136,1,0.9889756116972941,0.9592721523939118
POS_DRAMP_DRAMP30148,1,0.14107906869684986,0.3211045702397966
POS_DRAMP_DRAMP30149,1,0.5274050396338344,0.925212626061503
POS_DRAMP_DRAMP30150,1,0.5772326695039847,0.8175364213316108
POS_DRAMP_DRAMP30152,1,0.43948974050839285,0.8944090269012023
POS_DRAMP_DRAMP30157,1,0.7628954897054285,0.7974386916044199
POS_DRAMP_DRAMP30161,1,0.4644633896866637,0.6992496302325226
POS_DRAMP_DRAMP30162,1,0.3324681291303758,0.6289288459040614
POS_DRAMP_DRAMP30163,1,0.7143291117943894,0.7966929481648427
POS_DRAMP_DRAMP30165,1,0.9518396203484644,0.9264048159905706
POS_DRAMP_DRAMP30186,1,0.8885722885778571,0.9648522798501826
POS_DRAMP_DRAMP30194,1,0.6372712519304178,0.8032081084156454
POS_DRAMP_DRAMP30195,1,0.6714631378676469,0.8528081797796419
POS_DRAMP_DRAMP30196,1,0.6372712519304178,0.8567912455464163
POS_DRAMP_DRAMP30197,1,0.5524505236252554,0.8150512670620735
POS_DRAMP_DRAMP30198,1,0.22240604276111364,0.35651227686403314
POS_DRAMP_DRAMP30199,1,0.5648821262747397,0.6430201221515409
POS_DRAMP_DRAMP30200,1,0.5274050396338344,0.7182164282007238
POS_DRAMP_DRAMP30201,1,0.4148187790382922,0.8263774624691236
POS_DRAMP_DRAMP30202,1,0.5148223556091357,0.8540457334196032
POS_DRAMP_DRAMP30203,1,0.4519463155966591,0.857791465516197
POS_DRAMP_DRAMP30204,1,0.5772326695039847,0.7757426373385312
POS_DRAMP_DRAMP30205,1,0.31047709409236773,0.8819357252466441
POS_DRAMP_DRAMP30206,1,0.6016320814325685,0.8290661984588887
POS_DRAMP_DRAMP30207,1,0.6824888822513948,0.8683892767161709
POS_DRAMP_DRAMP30208,1,0.5524505236252554,0.7629454777940693
POS_DRAMP_DRAMP30209,1,0.4644633896866637,0.8885463880506125
POS_DRAMP_DRAMP30210,1,0.9756313296491402,0.9783468725347461
POS_DRAMP_DRAMP30214,1,0.9768018164626505,0.9787175309159731
POS_DRAMP_DRAMP30215,1,0.648844379971818,0.917466686332527
POS_DRAMP_DRAMP30216,1,0.8781892273260322,0.958891570100469
POS_DRAMP_DRAMP30217,1,0.6602451203900815,0.8578477078940386
POS_DRAMP_DRAMP30218,1,0.8834811221734324,0.9450101464499432
POS_DRAMP_DRAMP30219,1,0.6136529378000346,0.9376498599480919
POS_DRAMP_DRAMP30220,1,0.5772326695039847,0.6328285706249408
POS_DRAMP_DRAMP30298,1,0.9884120786975436,0.9808864453184709
POS_DRAMP_DRAMP30305,1,0.5648821262747397,0.9873328106328341
POS_DRAMP_DRAMP30339,1,0.9929689943601107,0.9894005784619219
POS_DRAMP_DRAMP30348,1,0.4148187790382922,0.8877219128864533
POS_DRAMP_DRAMP30349,1,0.8280694859319183,0.9726521536659505
POS_DRAMP_DRAMP30352,1,0.3552143616871996,0.8055627266435466
POS_DRAMP_DRAMP30353,1,0.43948974050839285,0.8083134675241981
POS_DRAMP_DRAMP30357,1,0.7891634081044496,0.9544451662520825
POS_DRAMP_DRAMP30358,1,0.7536540704838633,0.6308453559916442
POS_DRAMP_DRAMP30562,1,0.990022611423921,0.9713835640365658
POS_DRAMP_DRAMP30564,1,0.9895120302796245,0.9713835640365658
POS_DRAMP_DRAMP30565,1,0.9731151585443399,0.9435427411926995
POS_DRAMP_DRAMP30566,1,0.9858591133074215,0.9937042869227687
POS_DRAMP_DRAMP30567,1,0.9858591133074215,0.74417833306462
POS_DRAMP_DRAMP30576,1,0.926221764152935,0.8394912788758724
POS_DRAMP_DRAMP30580,1,0.7143291117943894,0.5008806529194829
POS_DRAMP_DRAMP30618,1,0.9639592869697259,0.9854081298190288
POS_DRAMP_DRAMP30619,1,0.9799933249309,0.9909804539761387
POS_DRAMP_DRAMP30710,1,0.8549171963874302,0.9292298528852669
POS_DRAMP_DRAMP30720,1,0.3213735966462353,0.5286223228232461
POS_DRAMP_DRAMP30730,1,0.5022208530990525,0.4107600246238699
POS_DRAMP_DRAMP30733,1,0.7974307750363692,0.9404334885309598
POS_DRAMP_DRAMP30734,1,0.648844379971818,0.42582067685711694
POS_DRAMP_DRAMP30735,1,0.6016320814325685,0.8251730691968651
POS_DRAMP_DRAMP30753,1,0.6714631378676469,0.01495914770158314
POS_DRAMP_DRAMP30782,1,0.9688612934818035,0.6615235136278167
POS_DRAMP_DRAMP30783,1,0.9717640348546487,0.6663633239862555
POS_DRAMP_DRAMP30784,1,0.9562574778048315,0.6659417274150791
POS_DRAMP_DRAMP30785,1,0.990022611423921,0.9204733243101307
POS_DRAMP_DRAMP30786,1,0.9359153337429632,0.9024382099941095
POS_DRAMP_DRAMP30790,1,0.9799933249309,0.8835404440119258
POS_DRAMP_DRAMP30794,1,0.9871982594551753,0.9192438957026497
POS_DRAMP_DRAMP30800,1,0.9914112513028427,0.9723673852359109
POS_DRAMP_DRAMP30811,1,0.9929689943601107,0.9731510535042818
POS_DRAMP_DRAMP30814,1,0.992228752988043,0.9723673852359109
POS_DRAMP_DRAMP30818,1,0.9914112513028427,0.9723673852359109
POS_DRAMP_DRAMP30838,1,0.9895120302796245,0.9787828426040605
POS_DRAMP_DRAMP30843,1,0.9929689943601107,0.973547117413062
POS_DRAMP_DRAMP30855,1,0.991830136901689,0.9919646517086457
POS_DRAMP_DRAMP30859,1,0.9926080651316465,0.9876220746650497
POS_DRAMP_DRAMP30861,1,0.993312419074267,0.9876220746650497
POS_DRAMP_DRAMP30868,1,0.9929689943601107,0.9723673852359109
POS_DRAMP_DRAMP30871,1,0.9929689943601107,0.9723673852359109
POS_DRAMP_DRAMP30874,1,0.991830136901689,0.9919646517086457
POS_DRAMP_DRAMP30876,1,0.9914112513028427,0.9924042795015781
POS_DRAMP_DRAMP30883,1,0.9889756116972941,0.9924042795015781
POS_DRAMP_DRAMP30889,1,0.992228752988043,0.9886083697355438
POS_DRAMP_DRAMP30893,1,0.991830136901689,0.9923837598994063
POS_DRAMP_DRAMP30896,1,0.992228752988043,0.9924042795015781
POS_DRAMP_DRAMP30941,1,0.9026928550360807,0.5776012536452505
POS_DRAMP_DRAMP30943,1,0.9070329178267104,0.7844107953187232
POS_DRAMP_DRAMP30966,1,0.9858591133074215,0.9591665088103395
POS_DRAMP_DRAMP30967,1,0.11836034439921081,0.0735577362396875
POS_DRAMP_DRAMP30968,1,0.6372712519304178,0.8213859453824911
POS_DRAMP_DRAMP30969,1,0.7891634081044496,0.781954614149135
POS_DRAMP_DRAMP30970,1,0.8207715164073222,0.8921200757991344
POS_DRAMP_DRAMP30971,1,0.8834811221734324,0.8366014055582575
POS_DRAMP_DRAMP30972,1,0.734456099436054,0.6870246617414387
POS_DRAMP_DRAMP30973,1,0.2893102269511436,0.07349190011774062
POS_DRAMP_DRAMP30974,1,0.4026337283369765,0.07379335223278641
POS_DRAMP_DRAMP30975,1,0.5148223556091357,0.07338619759278235
POS_DRAMP_DRAMP30976,1,0.7441732429019726,0.07400773443098436
POS_DRAMP_DRAMP30977,1,0.8885722885778571,0.07398479389887887
POS_DRAMP_DRAMP30978,1,0.9328237534475188,0.07321738487420319
POS_DRAMP_DRAMP30979,1,0.9494747891473988,0.07319417842717098
POS_DRAMP_DRAMP30983,1,0.9444117229711794,0.07495487599289373
POS_DRAMP_DRAMP30985,1,0.5399530041442298,0.07400399118933494
POS_DRAMP_DRAMP30987,1,0.734456099436054,0.05257079746199256
POS_DRAMP_DRAMP30988,1,0.5648821262747397,0.07492986265776135
POS_DRAMP_DRAMP30989,1,0.5399530041442298,0.05252808931800591
POS_DRAMP_DRAMP30990,1,0.7536540704838633,0.08712398451051373
POS_DRAMP_DRAMP30991,1,0.5524505236252554,0.07043070415420777
POS_DRAMP_DRAMP30992,1,0.6714631378676469,0.0941635957981725
POS_DRAMP_DRAMP30993,1,0.7891634081044496,0.07370463906239429
POS_DRAMP_DRAMP30994,1,0.8610601560949112,0.10042524141528954
POS_DRAMP_DRAMP30995,1,0.648844379971818,0.07680400370064824
POS_DRAMP_DRAMP30996,1,0.734456099436054,0.08460706148135012
POS_DRAMP_DRAMP30997,1,0.9494747891473988,0.9558852858144299
POS_DRAMP_DRAMP30998,1,0.8610601560949112,0.9295518509320133
POS_DRAMP_DRAMP30999,1,0.9328237534475188,0.9063127565434802
POS_DRAMP_DRAMP31000,1,0.9779173544586558,0.9558572373705642
POS_DRAMP_DRAMP31006,1,0.990508574597659,0.9693572594247681
POS_DRAMP_DRAMP31009,1,0.991830136901689,0.9854975725624592
POS_DRAMP_DRAMP31011,1,0.993312419074267,0.9699957535723053
POS_DRAMP_DRAMP31012,1,0.993312419074267,0.9813306727045131
POS_DRAMP_DRAMP31013,1,0.993312419074267,0.9877482347508078
POS_DRAMP_DRAMP31014,1,0.993312419074267,0.990680327821871
POS_DRAMP_DRAMP31029,1,0.9717640348546487,0.9561327344967898
POS_DRAMP_DRAMP31030,1,0.9779173544586558,0.965140110205887
POS_DRAMP_DRAMP31032,1,0.9871982594551753,0.9645026311622162
POS_DRAMP_DRAMP31057,1,0.9227011685338642,0.9693556148061893
POS_DRAMP_DRAMP31072,1,0.9768018164626505,0.9779497046602268
POS_DRAMP_DRAMP31080,1,0.990508574597659,0.9776776437702653
POS_DRAMP_DRAMP31087,1,0.9871982594551753,0.9858090893254945
POS_DRAMP_DRAMP31088,1,0.9799933249309,0.9503160013501263
POS_DRAMP_DRAMP31121,1,0.10823514639132764,0.31993213900366463
POS_DRAMP_DRAMP31122,1,0.378634099696872,0.5453590663590057
POS_DRAMP_DRAMP31130,1,0.8549171963874302,0.029054344846893215
POS_DRAMP_DRAMP31131,1,0.9673035707181461,0.944619951732507
POS_DRAMP_DRAMP31132,1,0.9540991166217809,0.9397846100114975
POS_DRAMP_DRAMP31137,1,0.7806514405394117,0.34532827385952075
POS_DRAMP_DRAMP31138,1,0.7441732429019726,0.7830942043238512
POS_DRAMP_DRAMP31139,1,0.771895155129791,0.029072589838528118
POS_DRAMP_DRAMP31140,1,0.8726916251020485,0.028999414910497765
POS_DRAMP_DRAMP31141,1,0.9070329178267104,0.02923648358266354
POS_DRAMP_DRAMP31142,1,0.8549171963874302,0.02935238674912468
POS_DRAMP_DRAMP31143,1,0.6016320814325685,0.029400181109762266
POS_DRAMP_DRAMP31146,1,0.734456099436054,0.04814421898616318
POS_DRAMP_DRAMP31147,1,0.6714631378676469,0.024942600056198434
POS_DRAMP_DRAMP31149,1,0.06515857778527068,0.951442592660998
POS_DRAMP_DRAMP31150,1,0.8280694859319183,0.9631833284356613
POS_DRAMP_DRAMP31151,1,0.8419558723099433,0.9553741206502152
POS_DRAMP_DRAMP31152,1,0.2893102269511436,0.9070006928331112
POS_DRAMP_DRAMP31153,1,0.174474763849687,0.9376156580515652
POS_DRAMP_DRAMP31154,1,0.8669834852301698,0.9655256705195566
POS_DRAMP_DRAMP31155,1,0.7245065039098338,0.9620881955657429
POS_DRAMP_DRAMP31156,1,0.8207715164073222,0.9513562041787186
POS_DRAMP_DRAMP31157,1,0.8934678258629666,0.9573776656184618
POS_DRAMP_DRAMP31158,1,0.8207715164073222,0.968970995850284
POS_DRAMP_DRAMP31159,1,0.9295942483872978,0.9432081023715345
POS_DRAMP_DRAMP31160,1,0.9190272617725738,0.9493093954990911
POS_DRAMP_DRAMP31161,1,0.8610601560949112,0.9613499201092489
POS_DRAMP_DRAMP31163,1,0.9871982594551753,0.926868725981351
POS_DRAMP_DRAMP31187,1,0.8834811221734324,0.6903556913606367
POS_DRAMP_DRAMP31190,1,0.982753511424574,0.981149754709962
POS_DRAMP_DRAMP31271,1,0.8934678258629666,0.8553336028238155
POS_DRAMP_DRAMP31272,1,0.9621659159394238,0.9826359799822988
POS_DRAMP_DRAMP31274,1,0.8834811221734324,0.973236097188795
POS_DRAMP_DRAMP31283,1,0.9914112513028427,0.9304707307724448
POS_DRAMP_DRAMP31292,1,0.7628954897054285,0.9637737631202247
POS_DRAMP_DRAMP31327,1,0.5648821262747397,0.3861544510102216
POS_DRAMP_DRAMP31354,1,0.8610601560949112,0.8303284827894246
POS_DRAMP_DRAMP31355,1,0.9151947881769059,0.7631050848667416
POS_DRAMP_DRAMP31360,1,0.941704496023524,0.9168596942546662
POS_DRAMP_DRAMP31365,1,0.9926080651316465,0.9823799998560613
POS_DRAMP_DRAMP31367,1,0.8781892273260322,0.28746928795140103
POS_DRAMP_DRAMP31386,1,0.9639592869697259,0.943801052210397
POS_DRAMP_DRAMP31387,1,0.9688612934818035,0.9438515253652346
POS_DRAMP_DRAMP31388,1,0.8669834852301698,0.9437494218772856
POS_DRAMP_DRAMP31401,1,0.9835876572662402,0.9427450423901766
POS_DRAMP_DRAMP31404,1,0.9895120302796245,0.9982572674558058
POS_DRAMP_DRAMP31408,1,0.990508574597659,0.9649136718960816
POS_DRAMP_DRAMP31412,1,0.343751660594021,0.9580756709091336
POS_DRAMP_DRAMP31424,1,0.019376337086726377,0.46026457966672185
POS_DRAMP_DRAMP31427,1,0.734456099436054,0.9200260197625327
POS_DRAMP_DRAMP31458,1,0.4148187790382922,0.5429614624188474
POS_DRAMP_DRAMP31469,1,0.992228752988043,0.8193977502293821
POS_DRAMP_DRAMP31470,1,0.9895120302796245,0.9847348567350531
POS_DRAMP_DRAMP31483,1,0.12929540406169063,0.5465444965972782
POS_DRAMP_DRAMP31490,1,0.9026928550360807,0.08656814654527191
POS_DRAMP_DRAMP31501,1,0.9444117229711794,0.8479231208229506
POS_DRAMP_DRAMP31533,1,0.48961652856762156,0.9058151823440467
POS_DRAMP_DRAMP31552,1,0.993312419074267,0.9727109026066123
POS_DRAMP_DRAMP31553,1,0.9909710840946249,0.9473625634804347
POS_DRAMP_DRAMP31563,1,0.3324681291303758,0.29351930515795255
POS_DRAMP_DRAMP31573,1,0.9914112513028427,0.961688956260866
POS_DRAMP_DRAMP31574,1,0.990508574597659,0.9386001340111941
POS_DRAMP_DRAMP31575,1,0.990508574597659,0.9390872820317326
POS_DRAMP_DRAMP31577,1,0.990508574597659,0.9632588227842929
POS_DRAMP_DRAMP31578,1,0.990508574597659,0.9337180316467198
POS_DRAMP_DRAMP31579,1,0.990508574597659,0.9395231262929107
POS_DRAMP_DRAMP31580,1,0.9914112513028427,0.9616849858597531
POS_DRAMP_DRAMP31581,1,0.9895120302796245,0.9385345735165763
POS_DRAMP_DRAMP31631,1,0.7806514405394117,0.8533828997552135
POS_DRAMP_DRAMP31658,1,0.9889756116972941,0.9840281314735568
POS_DRAMP_DRAMP31671,1,0.9639592869697259,0.9892951726465716
POS_DRAMP_DRAMP31676,1,0.9717640348546487,0.9827551704193647
POS_DRAMP_DRAMP31684,1,0.9843820998574072,0.9896968529361925
POS_DRAMP_DRAMP31686,1,0.9835876572662402,0.9931733716090765
POS_DRAMP_DRAMP31687,1,0.9865451096879776,0.9887024079450927
POS_DRAMP_DRAMP31688,1,0.9779173544586558,0.973897048636168
POS_DRAMP_DRAMP31715,1,0.9111984491665844,0.758695656647332
POS_DRAMP_DRAMP31716,1,0.8610601560949112,0.9359636557968561
POS_DRAMP_DRAMP31718,1,0.7441732429019726,0.9543277762780826
POS_DRAMP_DRAMP31719,1,0.8485504083234799,0.9381807512591294
POS_DRAMP_DRAMP31720,1,0.9359153337429632,0.9256045492424646
POS_DRAMP_DRAMP31721,1,0.8669834852301698,0.9433595840415854
POS_DRAMP_DRAMP31731,1,0.8054538782125935,0.9024097110924337
POS_DRAMP_DRAMP31732,1,0.9070329178267104,0.7827825954231377
POS_DRAMP_DRAMP31742,1,0.993312419074267,0.9825585116969736
POS_DRAMP_DRAMP31743,1,0.993312419074267,0.9817183160884473
POS_DRAMP_DRAMP31744,1,0.993312419074267,0.9838437664512483
POS_DRAMP_DRAMP31745,1,0.993312419074267,0.9952989825236076
POS_DRAMP_DRAMP31760,1,0.9703470782596542,0.9713538425769032
POS_DRAMP_DRAMP31763,1,0.9909710840946249,0.9909169999200215
POS_DRAMP_DRAMP31777,1,0.990022611423921,0.9914637445398682
POS_DRAMP_DRAMP31784,1,0.992228752988043,0.9922752771135098
POS_DRAMP_DRAMP31790,1,0.9843820998574072,0.9090589214651515
POS_DRAMP_DRAMP31806,1,0.9851386683336513,0.9881369030757137
POS_DRAMP_DRAMP31837,1,0.9926080651316465,0.9840247672342304
POS_DRAMP_DRAMP31839,1,0.9779173544586558,0.9660308916809482
POS_DRAMP_DRAMP31840,1,0.9388739569071903,0.9658585539878929
POS_DRAMP_DRAMP31853,1,0.9562574778048315,0.901915135483949
POS_DRAMP_DRAMP31854,1,0.9656706835320013,0.9873337400576541
POS_DRAMP_DRAMP31858,1,0.9929689943601107,0.9871383877487238
POS_DRAMP_DRAMP31859,1,0.9851386683336513,0.9852667143544136
POS_DRAMP_DRAMP31860,1,0.9884120786975436,0.9859920757312371
POS_DRAMP_DRAMP31861,1,0.9929689943601107,0.9903555196688247
POS_DRAMP_DRAMP31863,1,0.9914112513028427,0.9863439325319632
POS_DRAMP_DRAMP31864,1,0.993312419074267,0.9902985921593995
POS_DRAMP_DRAMP31865,1,0.9929689943601107,0.9911115090089218
POS_DRAMP_DRAMP31866,1,0.9884120786975436,0.986005720821403
POS_DRAMP_DRAMP31867,1,0.993312419074267,0.9860857566108688
POS_DRAMP_DRAMP31868,1,0.993312419074267,0.9898377408985146
POS_DRAMP_DRAMP31874,1,0.992228752988043,0.9890462287719504
POS_DRAMP_DRAMP31875,1,0.9929689943601107,0.9865297588118055
POS_DRAMP_DRAMP31877,1,0.993312419074267,0.9934366062946404
POS_DRAMP_DRAMP31911,1,0.993312419074267,0.9978823655914849
POS_DRAMP_DRAMP31928,1,0.9731151585443399,0.9417678179123223
POS_DRAMP_DRAMP31933,1,0.993312419074267,0.9988036408255938
POS_DRAMP_DRAMP31936,1,0.9929689943601107,0.9805114150860555
POS_DRAMP_DRAMP31945,1,0.8549171963874302,0.6432691880301765
POS_DRAMP_DRAMP31956,1,0.9070329178267104,0.5623716200274519
POS_DRAMP_DRAMP31958,1,0.24965937843248165,0.9525976781988272
POS_DRAMP_DRAMP31986,1,0.9673035707181461,0.6339512795290689
POS_DRAMP_DRAMP32013,1,0.993312419074267,0.9963129701374683
POS_DRAMP_DRAMP32015,1,0.993312419074267,0.996044409933105
POS_DRAMP_DRAMP32017,1,0.9914112513028427,0.9734262940957527
POS_DRAMP_DRAMP32019,1,0.9835876572662402,0.9748065203580769
POS_DRAMP_DRAMP32023,1,0.9926080651316465,0.9948831872916251
POS_DRAMP_DRAMP32037,1,0.993312419074267,0.9863945411886361
POS_DRAMP_DRAMP32038,1,0.9851386683336513,0.9353209899127272
POS_DRAMP_DRAMP32040,1,0.9929689943601107,0.9906406189817982
POS_DRAMP_DRAMP32041,1,0.9926080651316465,0.9906733951335981
POS_DRAMP_DRAMP32042,1,0.991830136901689,0.9814009953081083
POS_DRAMP_DRAMP32045,1,0.9858591133074215,0.9333770394953665
POS_DRAMP_DRAMP32046,1,0.9871982594551753,0.9395763200792742
POS_DRAMP_DRAMP32047,1,0.9858591133074215,0.9393706893868641
POS_DRAMP_DRAMP32062,1,0.9929689943601107,0.9936887531733465
POS_DRAMP_DRAMP32116,1,0.9789804035822575,0.9351677042569554
POS_DRAMP_DRAMP32117,1,0.9895120302796245,0.9389193072857211
POS_DRAMP_DRAMP32121,1,0.9768018164626505,0.987958305556141
POS_DRAMP_DRAMP32122,1,0.9562574778048315,0.8598770900899964
POS_DRAMP_DRAMP32143,1,0.9865451096879776,0.9804462679905745
POS_DRAMP_DRAMP32145,1,0.9843820998574072,0.9597191871074642
POS_DRAMP_DRAMP32162,1,0.9909710840946249,0.9444189827507233
POS_DRAMP_DRAMP32167,1,0.9929689943601107,0.9714170732373559
POS_DRAMP_DRAMP32173,1,0.9929689943601107,0.9771541930477885
POS_DRAMP_DRAMP32178,1,0.9926080651316465,0.9668511599508828
POS_DRAMP_DRAMP32181,1,0.993312419074267,0.97338358370118
POS_DRAMP_DRAMP32192,1,0.993312419074267,0.9797803273630412
POS_DRAMP_DRAMP32213,1,0.9914112513028427,0.9813590532331653
POS_DRAMP_DRAMP32219,1,0.9871982594551753,0.9885218961247245
POS_DRAMP_DRAMP32220,1,0.9602869838916053,0.9835549146013076
POS_DRAMP_DRAMP32227,1,0.9914112513028427,0.9885190541144497
POS_DRAMP_DRAMP32269,1,0.9889756116972941,0.9142903246933258
POS_DRAMP_DRAMP32271,1,0.990508574597659,0.9119028969274395
POS_DRAMP_DRAMP32272,1,0.9871982594551753,0.9233552845377634
POS_DRAMP_DRAMP32273,1,0.9779173544586558,0.900086010045017
POS_DRAMP_DRAMP32274,1,0.8610601560949112,0.9936519766806488
POS_DRAMP_DRAMP32285,1,0.8132336372406253,0.9209545699339974
POS_DRAMP_DRAMP32320,1,0.9540991166217809,0.9503394355495843
POS_DRAMP_DRAMP32334,1,0.9190272617725738,0.6828452844721723
POS_DRAMP_DRAMP32368,1,0.269023395730122,0.6881295514520356
POS_DRAMP_DRAMP32387,1,0.9799933249309,0.812229339933937
POS_DRAMP_DRAMP32388,1,0.9809583836430923,0.9780432205784805
POS_DRAMP_DRAMP32780,1,0.993312419074267,0.986948240263885
POS_DRAMP_DRAMP32781,1,0.9673035707181461,0.8186483781598215
POS_DRAMP_DRAMP32792,1,0.9914112513028427,0.9640763258918855
POS_DRAMP_DRAMP32825,1,0.43948974050839285,0.07380187335707646
POS_DRAMP_DRAMP32826,1,0.3668456262691713,0.8736284941670305
POS_DRAMP_DRAMP32833,1,0.9639592869697259,0.9583576979974201
POS_DRAMP_DRAMP32834,1,0.9756313296491402,0.9609754940742486
POS_DRAMP_DRAMP32839,1,0.992228752988043,0.9975713231511031
POS_DRAMP_DRAMP32846,1,0.6372712519304178,0.7263648266727494
POS_DRAMP_DRAMP32862,1,0.9929689943601107,0.9905180240896972
POS_DRAMP_DRAMP32874,1,0.9818777518142262,0.9920792958595452
POS_DRAMP_DRAMP32875,1,0.9731151585443399,0.9781798931006795
POS_DRAMP_DRAMP32907,1,0.992228752988043,0.9970275208471542
POS_DRAMP_DRAMP32910,1,0.9914112513028427,0.9934364124645764
POS_DRAMP_DRAMP32918,1,0.9865451096879776,0.9327176382196393
POS_DRAMP_DRAMP32960,1,0.993312419074267,0.9935189164765844
POS_DRAMP_DRAMP32962,1,0.993312419074267,0.9955836636009334
POS_DRAMP_DRAMP32966,1,0.993312419074267,0.9969068395577335
POS_DRAMP_DRAMP32971,1,0.993312419074267,0.9964442235168953
POS_DRAMP_DRAMP32973,1,0.993312419074267,0.9904853690378099
POS_DRAMP_DRAMP32976,1,0.993312419074267,0.9955307027304924
POS_DRAMP_DRAMP32989,1,0.9929689943601107,0.9957095558419315
POS_DRAMP_DRAMP32990,1,0.993312419074267,0.9911605125169061
POS_DRAMP_DRAMP32991,1,0.993312419074267,0.9900058452347101
POS_DRAMP_DRAMP33001,1,0.993312419074267,0.9978681150569891
POS_DRAMP_DRAMP33003,1,0.993312419074267,0.9897587514832196
POS_DRAMP_DRAMP33009,1,0.993312419074267,0.9968254248807564
POS_DRAMP_DRAMP33010,1,0.993312419074267,0.995325695166967
POS_DRAMP_DRAMP33020,1,0.993312419074267,0.987319098446333
POS_DRAMP_DRAMP33141,1,0.9929689943601107,0.9875127992107864
POS_DRAMP_DRAMP33145,1,0.9929689943601107,0.9887307004988101
POS_DRAMP_DRAMP33162,1,0.9926080651316465,0.9895344096589704
POS_DRAMP_DRAMP33174,1,0.992228752988043,0.968196206325406
POS_DRAMP_DRAMP33176,1,0.9926080651316465,0.9872126488295662
POS_DRAMP_DRAMP33177,1,0.9865451096879776,0.9730146006804749
POS_DRAMP_DRAMP33205,1,0.9717640348546487,0.9475936387648773
POS_DRAMP_DRAMP33208,1,0.991830136901689,0.8969293847351566
POS_DRAMP_DRAMP33210,1,0.993312419074267,0.9921391181376269
POS_DRAMP_DRAMP33211,1,0.993312419074267,0.9919798226805894
POS_DRAMP_DRAMP33223,1,0.9929689943601107,0.9943112090213843
POS_DRAMP_DRAMP33227,1,0.9865451096879776,0.958330003023999
POS_DRAMP_DRAMP33228,1,0.9673035707181461,0.9129736100452673
POS_DRAMP_DRAMP33229,1,0.9583187818450908,0.8970646692865418
POS_DRAMP_DRAMP33242,1,0.993312419074267,0.9792211718778451
POS_DRAMP_DRAMP33254,1,0.993312419074267,0.9763137111152618
POS_DRAMP_DRAMP33266,1,0.9926080651316465,0.9878375012527579
POS_DRAMP_DRAMP33276,1,0.9929689943601107,0.9708438658627343
POS_DRAMP_DRAMP33280,1,0.9909710840946249,0.9650822681818942
POS_DRAMP_DRAMP33284,1,0.993312419074267,0.9922523895399957
POS_DRAMP_DRAMP33325,1,0.9889756116972941,0.9883816416796536
POS_DRAMP_DRAMP33326,1,0.990022611423921,0.9670666571176665
POS_DRAMP_DRAMP33327,1,0.9889756116972941,0.9869459233867168
POS_DRAMP_DRAMP33328,1,0.9895120302796245,0.9668771836841769
POS_DRAMP_DRAMP33376,1,0.8934678258629666,0.9999507989926005
POS_DRAMP_DRAMP33383,1,0.9756313296491402,0.9992318704340516
POS_DRAMP_DRAMP33530,1,0.991830136901689,0.9872187641967456
POS_DRAMP_DRAMP33556,1,0.9909710840946249,0.9848271469180323
POS_DRAMP_DRAMP33575,1,0.9295942483872978,0.9804919786160659
POS_DRAMP_DRAMP33629,1,0.990508574597659,0.9912868755523381
POS_DRAMP_DRAMP33639,1,0.9851386683336513,0.9861596569025534
POS_DRAMP_DRAMP33649,1,0.9871982594551753,0.9765198863133097
POS_DRAMP_DRAMP33669,1,0.9895120302796245,0.9155386459090504
POS_DRAMP_DRAMP33671,1,0.9809583836430923,0.9187721379783568
POS_DRAMP_DRAMP33677,1,0.9858591133074215,0.9449431807089566
POS_DRAMP_DRAMP33681,1,0.9914112513028427,0.9718577799092573
POS_DRAMP_DRAMP33682,1,0.990508574597659,0.9832773932884356
POS_DRAMP_DRAMP33686,1,0.9909710840946249,0.9913194966135506
POS_DRAMP_DRAMP33696,1,0.993312419074267,0.9985900376312002
POS_DRAMP_DRAMP33703,1,0.993312419074267,0.998582474240555
POS_DRAMP_DRAMP33705,1,0.9889756116972941,0.9465504732875096
POS_DRAMP_DRAMP33744,1,0.9926080651316465,0.9679359657185251
POS_DRAMP_DRAMP33759,1,0.9858591133074215,0.9866709243281083
POS_DRAMP_DRAMP33760,1,0.9895120302796245,0.9892589362457727
POS_DRAMP_DRAMP33761,1,0.9871982594551753,0.9892589362457727
POS_DRAMP_DRAMP33763,1,0.9865451096879776,0.9866709243281083
POS_DRAMP_DRAMP33764,1,0.990508574597659,0.9892589362457727
POS_DRAMP_DRAMP33765,1,0.9878200943814871,0.9866709243281083
POS_DRAMP_DRAMP33766,1,0.9914112513028427,0.9892589362457727
POS_DRAMP_DRAMP33767,1,0.990022611423921,0.9866709243281083
POS_DRAMP_DRAMP33779,1,0.9895120302796245,0.9070676046486016
POS_DRAMP_DRAMP33788,1,0.9111984491665844,0.8684360481744701
POS_DRAMP_DRAMP33792,1,0.7441732429019726,0.6349249188725913
POS_DRAMP_DRAMP33876,1,0.993312419074267,0.9086717973739286
POS_DRAMP_DRAMP33880,1,0.9926080651316465,0.9056538418564664
POS_DRAMP_DRAMP33883,1,0.9818777518142262,0.8815938867833166
POS_DRAMP_DRAMP33888,1,0.992228752988043,0.9043326782324891
POS_DRAMP_DRAMP33905,1,0.941704496023524,0.9405809303003593
POS_DRAMP_DRAMP33906,1,0.8781892273260322,0.6529540995274488
POS_DRAMP_DRAMP33907,1,0.8669834852301698,0.9381407190435805
POS_DRAMP_DRAMP33908,1,0.8610601560949112,0.9393287944135449
POS_DRAMP_DRAMP33909,1,0.8934678258629666,0.9113372189197736
POS_DRAMP_DRAMP33910,1,0.6602451203900815,0.9362078689133427
POS_DRAMP_DRAMP33930,1,0.8207715164073222,0.3290956281267528
POS_DRAMP_DRAMP34331,1,0.9889756116972941,0.9924532656927262
POS_DRAMP_DRAMP34338,1,0.9914112513028427,0.937737913279291
POS_DRAMP_DRAMP34343,1,0.5148223556091357,0.8673407418696766
POS_DRAMP_DRAMP34344,1,0.18185701198838602,0.017559660953354227
POS_DRAMP_DRAMP34362,1,0.0823047673853513,0.6930747035544422
POS_DRAMP_DRAMP34368,1,0.941704496023524,0.8030473766542616
POS_DRAMP_DRAMP34371,1,0.9602869838916053,0.9917110171241982
POS_DRAMP_DRAMP34379,1,0.9929689943601107,0.9924882545096453
POS_DRAMP_DRAMP34392,1,0.9703470782596542,0.9837715857596653
POS_DRAMP_DRAMP34393,1,0.9190272617725738,0.9535316782451416
POS_DRAMP_DRAMP34394,1,0.9818777518142262,0.9784254656679029
POS_DRAMP_DRAMP34413,1,0.9779173544586558,0.7762186631302125
POS_DRAMP_DRAMP34436,1,0.6016320814325685,0.9904981422511397
POS_DRAMP_DRAMP34437,1,0.9878200943814871,0.9946594850911392
POS_DRAMP_DRAMP34440,1,0.982753511424574,0.7027948013440634
POS_DRAMP_DRAMP34454,1,0.9889756116972941,0.9742567173368543
POS_DRAMP_DRAMP34463,1,0.9583187818450908,0.8652548515955201
POS_DRAMP_DRAMP34465,1,0.993312419074267,0.9794835165264271
POS_DRAMP_DRAMP34468,1,0.9895120302796245,0.9999999999999756
POS_DRAMP_DRAMP34470,1,0.9540991166217809,0.9632044845130812
POS_DRAMP_DRAMP34473,1,0.9703470782596542,0.9465084316539198
POS_DRAMP_DRAMP34476,1,0.9494747891473988,0.6672117833494069
POS_DRAMP_DRAMP34484,1,0.9602869838916053,0.9546149736904397
POS_DRAMP_DRAMP34491,1,0.343751660594021,0.9999998670154641
POS_DRAMP_DRAMP34494,1,0.990022611423921,0.9522560012563308
POS_DRAMP_DRAMP34497,1,0.9871982594551753,0.9621551327673526
POS_DRAMP_DRAMP34499,1,0.991830136901689,0.9995309774052565
POS_DRAMP_DRAMP34513,1,0.9871982594551753,0.8151650033654678
POS_DRAMP_DRAMP34519,1,0.7891634081044496,0.3620623774323839
POS_DRAMP_DRAMP34529,1,0.9926080651316465,0.9999999999941915
POS_DRAMP_DRAMP34542,1,0.6136529378000346,0.8930258519927742
POS_DRAMP_DRAMP34551,1,0.9328237534475188,0.976710155818169
POS_DRAMP_DRAMP34563,1,0.990022611423921,0.9661318558123647
POS_DRAMP_DRAMP34564,1,0.9851386683336513,0.9680254977716996
POS_DRAMP_DRAMP34566,1,0.9779173544586558,0.9698620574007889
POS_DRAMP_DRAMP34567,1,0.9858591133074215,0.9742180223677044
POS_DRAMP_DRAMP34573,1,0.9889756116972941,0.9163523219015798
POS_DRAMP_DRAMP34593,1,0.2790538290930268,0.33554904676273695
POS_DRAMP_DRAMP34614,1,0.3324681291303758,0.036523509698170045
POS_DRAMP_DRAMP34615,1,0.9789804035822575,0.6909637265884911
POS_DRAMP_DRAMP34625,1,0.9809583836430923,0.9676972079141942
POS_DRAMP_DRAMP34641,1,0.9858591133074215,0.7939560531393204
POS_DRAMP_DRAMP34644,1,0.9878200943814871,0.8636086035135617
POS_DRAMP_DRAMP34649,1,0.9909710840946249,0.8151707559432727
POS_DRAMP_DRAMP34657,1,0.7806514405394117,0.8620033210280483
POS_DRAMP_DRAMP34665,1,0.9895120302796245,0.9638089305972275
POS_DRAMP_DRAMP34671,1,0.9639592869697259,0.5178463478813911
POS_DRAMP_DRAMP34679,1,0.4148187790382922,0.5757968093143542
POS_DRAMP_DRAMP34680,1,0.3668456262691713,0.44721462824207137
POS_DRAMP_DRAMP34730,1,0.9111984491665844,0.6308618189568805
POS_DRAMP_DRAMP34731,1,0.9494747891473988,0.6548623745726861
POS_DRAMP_DRAMP34734,1,0.8207715164073222,0.8637602554247736
POS_DRAMP_DRAMP34736,1,0.8885722885778571,0.8599459568800605
POS_DRAMP_DRAMP34738,1,0.9026928550360807,0.8816437592256657
POS_DRAMP_DRAMP34739,1,0.9295942483872978,0.8779596783728935
POS_DRAMP_DRAMP34740,1,0.6933136078224589,0.8354257665908279
POS_DRAMP_DRAMP34741,1,0.8781892273260322,0.942398329764035
POS_DRAMP_DRAMP34762,1,0.6136529378000346,0.8099420259269957
POS_DRAMP_DRAMP34773,1,0.941704496023524,0.9998200734312117
POS_DRAMP_DRAMP34774,1,0.9602869838916053,0.9144632908088877
POS_DRAMP_DRAMP34776,1,0.9929689943601107,0.9999999999997513
POS_DRAMP_DRAMP34785,1,0.9328237534475188,0.9281227575428914
POS_DRAMP_DRAMP34786,1,0.9470003028130209,0.9198900187990587
POS_DRAMP_DRAMP34792,1,0.9070329178267104,0.9999998032216907
POS_DRAMP_DRAMP34799,1,0.982753511424574,0.9933013792371004
POS_DRAMP_DRAMP34804,1,0.7628954897054285,0.7497115996494065
POS_DRAMP_DRAMP34812,1,0.9818777518142262,0.9013134056235919
POS_DRAMP_DRAMP34815,1,0.9756313296491402,0.8446953824928329
POS_DRAMP_DRAMP34822,1,0.9818777518142262,0.8369673090974843
POS_DRAMP_DRAMP34827,1,0.9843820998574072,0.6511545782508263
POS_DRAMP_DRAMP34838,1,0.9878200943814871,0.6947174246577967
POS_DRAMP_DRAMP34843,1,0.9909710840946249,0.9587414228213149
POS_DRAMP_DRAMP34855,1,0.9843820998574072,0.9534424416285142
POS_DRAMP_DRAMP34856,1,0.9865451096879776,0.9537463301967665
POS_DRAMP_DRAMP34868,1,0.648844379971818,0.8951055856812823
POS_DRAMP_DRAMP34874,1,0.3552143616871996,0.30535774297819457
POS_DRAMP_DRAMP34901,1,0.9895120302796245,0.9868509862303031
POS_DRAMP_DRAMP34916,1,0.9929689943601107,0.9899040577771826
POS_DRAMP_DRAMP34917,1,0.9871982594551753,0.9892589362457727
POS_DRAMP_DRAMP34919,1,0.993312419074267,0.9843879842445971
POS_DRAMP_DRAMP34922,1,0.993312419074267,0.9906383241736249
POS_DRAMP_DRAMP34926,1,0.2790538290930268,0.02427239785311566
POS_DRAMP_DRAMP34953,1,0.9914112513028427,0.9694992783248831
POS_DRAMP_DRAMP34974,1,0.9444117229711794,0.7590435686503514
POS_DRAMP_DRAMP34980,1,0.9227011685338642,0.8826085609927249
POS_DRAMP_DRAMP35037,1,0.9878200943814871,0.9978079099458578
POS_DRAMP_DRAMP35043,1,0.9871982594551753,0.8440046177781251
POS_DRAMP_DRAMP35060,1,0.9717640348546487,0.932355492812569
POS_DRAMP_DRAMP35061,1,0.5148223556091357,0.2925373910627584
POS_DRAMP_DRAMP35062,1,0.926221764152935,0.9043972913802544
POS_DRAMP_DRAMP35064,1,0.8549171963874302,0.9303653275841259
POS_DRAMP_DRAMP35081,1,0.9926080651316465,0.9906734981316768
POS_DRAMP_DRAMP35089,1,0.993312419074267,0.9610202007260072
POS_DRAMP_DRAMP35156,1,0.9909710840946249,0.978953715026199
POS_DRAMP_DRAMP35157,1,0.990022611423921,0.9946043666689256
POS_DRAMP_DRAMP35189,1,0.6933136078224589,0.8180149807175677
POS_DRAMP_DRAMP35190,1,0.6372712519304178,0.7125088294488242
POS_DRAMP_DRAMP35258,1,0.991830136901689,0.9009651587852908
POS_DRAMP_DRAMP35280,1,0.9895120302796245,0.8601203805316263
POS_DRAMP_DRAMP35316,1,0.9926080651316465,0.9857286822603955
POS_DRAMP_DRAMP35317,1,0.9895120302796245,0.9959609466540466
POS_DRAMP_DRAMP35325,1,0.9926080651316465,0.9890690146568872
POS_DRAMP_DRAMP35360,1,0.9673035707181461,0.9628178632006649
POS_DRAMP_DRAMP35363,1,0.9744033323805054,0.9909741878798635
POS_DRAMP_DRAMP35414,1,0.993312419074267,0.9800948577392863
POS_DRAMP_DRAMP35415,1,0.9878200943814871,0.9825355277194623
POS_DRAMP_DRAMP35419,1,0.9779173544586558,0.9825355277194623
POS_DRAMP_DRAMP35420,1,0.9639592869697259,0.9825355277194623
POS_DRAMP_DRAMP35424,1,0.9639592869697259,0.9825355277194623
POS_DRAMP_DRAMP35461,1,0.9871982594551753,0.9710753974221821
POS_DRAMP_DRAMP35484,1,0.9858591133074215,0.6026685605290649
POS_DRAMP_DRAMP35530,1,0.993312419074267,0.9999999677265953
POS_DRAMP_DRAMP35616,1,0.9190272617725738,0.5590291008726996
POS_DRAMP_DRAMP35644,1,0.991830136901689,0.9376493168527633
POS_DRAMP_DRAMP35651,1,0.9799933249309,0.9598208240619074
POS_DRAMP_DRAMP35681,1,0.9851386683336513,0.9782653449797275
POS_DRAMP_DRAMP35683,1,0.9673035707181461,0.9611520697800565
POS_DRAMP_DRAMP35695,1,0.9909710840946249,0.7804075576268916
POS_DRAMP_DRAMP35698,1,0.9851386683336513,0.8755118344468632
POS_DRAMP_DRAMP35700,1,0.9871982594551753,0.7895271140980634
POS_DRAMP_DRAMP35701,1,0.9518396203484644,0.7042299943465634
POS_DRAMP_DRAMP35721,1,0.9151947881769059,0.9155369649749938
POS_DRAMP_DRAMP35730,1,0.993312419074267,0.999999999999994
POS_DRAMP_DRAMP35731,1,0.993312419074267,0.9999998533799141
POS_DRAMP_DRAMP35735,1,0.9884120786975436,0.986950877371876
POS_DRAMP_DRAMP35752,1,0.9929689943601107,0.9976280191566429
POS_DRAMP_DRAMP35753,1,0.9929689943601107,0.9976280191566429
POS_DRAMP_DRAMP35754,1,0.9929689943601107,0.9924936158564763
POS_DRAMP_DRAMP35755,1,0.992228752988043,0.9973960322756155
POS_DRAMP_DRAMP35758,1,0.7536540704838633,0.9999972882870531
POS_DRAMP_DRAMP35759,1,0.8207715164073222,0.9974075288744293
POS_DRAMP_DRAMP35766,1,0.9656706835320013,0.9868074233784078
POS_DRAMP_DRAMP35773,1,0.926221764152935,0.9631939606289049
POS_DRAMP_DRAMP35774,1,0.9070329178267104,0.9999999998430471
POS_DRAMP_DRAMP35775,1,0.9190272617725738,0.9999999997090834
POS_DRAMP_DRAMP35777,1,0.9909710840946249,0.9999995819885932
POS_DRAMP_DRAMP35778,1,0.9851386683336513,0.9999997437028976
POS_DRAMP_DRAMP35779,1,0.9835876572662402,0.9999997439987192
POS_DRAMP_DRAMP35780,1,0.9851386683336513,0.9999996422270309
POS_DRAMP_DRAMP35786,1,0.9895120302796245,0.9865576245044176
POS_DRAMP_DRAMP35788,1,0.9858591133074215,0.9806879405019955
POS_DRAMP_DRAMP35799,1,0.9779173544586558,0.9119060760620563
POS_DRAMP_DRAMP35800,1,0.9744033323805054,0.9029817310295603
POS_DRAMP_DRAMP35809,1,0.9818777518142262,0.9999109157501578
POS_DRAMP_DRAMP35810,1,0.9562574778048315,0.8914939575625856
POS_DRAMP_DRAMP35817,1,0.9914112513028427,0.9917634295089512
POS_DRAMP_DRAMP35818,1,0.993312419074267,0.9969749621732367
POS_DRAMP_DRAMP35819,1,0.993312419074267,0.9969749621732367
POS_DRAMP_DRAMP35820,1,0.993312419074267,0.9969749621732367
POS_DRAMP_DRAMP35821,1,0.993312419074267,0.9981260919101238
POS_DRAMP_DRAMP35837,1,0.9799933249309,0.9562672099318812
POS_DRAMP_DRAMP35840,1,0.9889756116972941,0.7731261096576809
POS_DRAMP_DRAMP35863,1,0.9865451096879776,0.9894955260316177
POS_DRAMP_DRAMP35867,1,0.993312419074267,0.9919019785517046
POS_DRAMP_DRAMP35942,1,0.9227011685338642,0.9587110156837111
POS_DRAMP_DRAMP35947,1,0.269023395730122,0.6128557016910998
POS_DRAMP_DRAMP35948,1,0.9926080651316465,0.9942628040524875
POS_DRAMP_DRAMP35949,1,0.993312419074267,0.9942628040524875
POS_DRAMP_DRAMP35950,1,0.5772326695039847,0.8802186008304804
POS_DRAMP_DRAMP35965,1,0.7891634081044496,0.42419250928392366
POS_DRAMP_DRAMP35967,1,0.7441732429019726,0.98043235755313
POS_DRAMP_DRAMP35976,1,0.9884120786975436,0.9431238678248273
POS_DRAMP_DRAMP35977,1,0.9789804035822575,0.9431238678248273
POS_DRAMP_DRAMP35979,1,0.9878200943814871,0.9431238678248273
POS_DRAMP_DRAMP35980,1,0.9789804035822575,0.9431238678248273
POS_DRAMP_DRAMP35984,1,0.9895120302796245,0.9431238678248273
POS_DRAMP_DRAMP35985,1,0.9779173544586558,0.9431238678248273
POS_DRAMP_DRAMP35987,1,0.990508574597659,0.9431238678248273
POS_DRAMP_DRAMP37379,1,0.5399530041442298,0.5083133400740637
POS_DRAMP_DRAMP37386,1,0.6824888822513948,0.78550061165333
POS_DRAMP_DRAMP37389,1,0.7974307750363692,0.879939160806531
POS_DRAMP_DRAMP37393,1,0.7974307750363692,0.8657115089002679
POS_DRAMP_DRAMP37399,1,0.3552143616871996,0.7579118542855389
POS_DRAMP_DRAMP37400,1,0.31047709409236773,0.6968711189735375
POS_DRAMP_DRAMP37401,1,0.3668456262691713,0.9363607779710953
POS_DRAMP_DRAMP37402,1,0.3552143616871996,0.6304592652403223
POS_DRAMP_DRAMP37403,1,0.343751660594021,0.7465721223420587
POS_DRAMP_DRAMP37404,1,0.15374703465064624,0.73067819927041
POS_DRAMP_DRAMP37405,1,0.269023395730122,0.6248075210580711
POS_DRAMP_DRAMP37415,1,0.4644633896866637,0.4325596117639741
POS_DRAMP_DRAMP37418,1,0.5894874119701076,0.7483184066372922
POS_DRAMP_DRAMP37430,1,0.982753511424574,0.7165104405143997
POS_DRAMP_DRAMP37445,1,0.8781892273260322,0.7971233185010725
POS_DRAMP_DRAMP37448,1,0.8610601560949112,0.9032979926088914
POS_DRAMP_DRAMP37449,1,0.9070329178267104,0.9444438952130402
POS_DRAMP_DRAMP37451,1,0.1350788464513293,0.33721132213525695
POS_DRAMP_DRAMP37464,1,0.8885722885778571,0.7652460802889756
POS_DRAMP_DRAMP37487,1,0.9895120302796245,0.991877039006705
POS_DRAMP_DRAMP37488,1,0.9865451096879776,0.9806250239326295
POS_DRAMP_DRAMP37489,1,0.991830136901689,0.9840633847959019
POS_DRAMP_DRAMP37495,1,0.9851386683336513,0.9999999997789786
POS_DRAMP_DRAMP37506,1,0.9789804035822575,0.9999999915261987
POS_DRAMP_DRAMP37509,1,0.8054538782125935,0.44066995411101606
POS_DRAMP_DRAMP37514,1,0.7974307750363692,0.6160123078083661
POS_DRAMP_DRAMP37520,1,0.23124822620918395,0.3209755853032279
POS_DRAMP_DRAMP37524,1,0.6714631378676469,0.912442382580291
POS_DRAMP_DRAMP37526,1,0.9151947881769059,0.5004684147002704
POS_DRAMP_DRAMP37528,1,0.8485504083234799,0.41326090853635566
POS_DRAMP_DRAMP37538,1,0.9227011685338642,0.4218193267903195
POS_DRAMP_DRAMP37540,1,0.9768018164626505,0.8806879531898004
POS_DRAMP_DRAMP37541,1,0.9328237534475188,0.3871948170268929
POS_DRAMP_DRAMP37551,1,0.6136529378000346,0.615641984065239
POS_DRAMP_DRAMP37552,1,0.47702539280876627,0.9298692232514162
POS_DRAMP_DRAMP37553,1,0.48961652856762156,0.49628691780405804
POS_DRAMP_DRAMP37557,1,0.4644633896866637,0.48888102943859585
POS_DRAMP_DRAMP37558,1,0.4644633896866637,0.9965805794804274
POS_DRAMP_DRAMP37560,1,0.9878200943814871,0.9739016485590231
POS_DRAMP_DRAMP37567,1,0.9731151585443399,0.9229356383052424
POS_DRAMP_DRAMP37583,1,0.6714631378676469,0.9528258436877138
POS_DRAMP_DRAMP37598,1,0.47702539280876627,0.2865296377356002
POS_DRAMP_DRAMP37601,1,0.3905677137853415,0.16952763000170376
POS_DRAMP_DRAMP37604,1,0.648844379971818,0.721586719843765
POS_DRAMP_DRAMP37617,1,0.9151947881769059,0.9185457304950344
POS_DRAMP_DRAMP37636,1,0.8610601560949112,0.8393256558748647
POS_DRAMP_DRAMP37642,1,0.9909710840946249,0.9567744251691566
POS_DRAMP_DRAMP37643,1,0.990022611423921,0.9755524525431667
POS_DRAMP_DRAMP37662,1,0.771895155129791,0.960275865819335
POS_DRAMP_DRAMP37663,1,0.8981729272317378,0.921787397349692
POS_DRAMP_DRAMP37666,1,0.9656706835320013,0.9726532408952436
POS_DRAMP_DRAMP37671,1,0.9190272617725738,0.9029511921928426
POS_DRAMP_DRAMP37677,1,0.9190272617725738,0.9395199909145232
POS_DRAMP_DRAMP37683,1,0.8549171963874302,0.9409929055136312
POS_DRAMP_DRAMP37686,1,0.9151947881769059,0.6565924905183347
POS_DRAMP_DRAMP37689,1,0.9026928550360807,0.9226205706553009
POS_DRAMP_DRAMP37696,1,0.9540991166217809,0.9729411819111892
POS_DRAMP_DRAMP37704,1,0.7806514405394117,0.8969670797150029
POS_DRAMP_DRAMP37731,1,0.993312419074267,0.9924042795015781
POS_DRAMP_DRAMP37734,1,0.992228752988043,0.9723727162408337
POS_DRAMP_DRAMP37740,1,0.992228752988043,0.9722080437771801
POS_DRAMP_DRAMP37741,1,0.991830136901689,0.9723673852359109
POS_DRAMP_DRAMP37747,1,0.990508574597659,0.9924042795015781
POS_DRAMP_DRAMP37751,1,0.993312419074267,0.9723673852359109
POS_DRAMP_DRAMP37755,1,0.9926080651316465,0.9723673852359109
POS_DRAMP_DRAMP37758,1,0.9717640348546487,0.7418161932282747
POS_DRAMP_DRAMP37759,1,0.9929689943601107,0.9723673852359109
POS_DRAMP_DRAMP37760,1,0.9926080651316465,0.9723673852359109
POS_DRAMP_DRAMP37765,1,0.992228752988043,0.9723673852359109
POS_DRAMP_DRAMP37767,1,0.993312419074267,0.9924042795015781
POS_DRAMP_DRAMP37789,1,0.9929689943601107,0.9833564426135092
POS_DRAMP_DRAMP37791,1,0.990022611423921,0.9924042795015781
POS_DRAMP_DRAMP37792,1,0.9929689943601107,0.9723673852359109
POS_DRAMP_DRAMP37793,1,0.993312419074267,0.9742982218245632
POS_DRAMP_DRAMP37798,1,0.7628954897054285,0.8045259000186905
POS_DRAMP_DRAMP37800,1,0.8726916251020485,0.7145410172783455
POS_DRAMP_DRAMP37803,1,0.2790538290930268,0.6275235171769852
POS_DRAMP_DRAMP37823,1,0.7628954897054285,0.8638869058201256
POS_DRAMP_DRAMP37829,1,0.5274050396338344,0.9046184412425543
POS_DRAMP_DRAMP37833,1,0.3213735966462353,0.2733092223749699
POS_DRAMP_DRAMP37843,1,0.9227011685338642,0.4215213192349446
POS_DRAMP_DRAMP37844,1,0.648844379971818,0.24784042813623738
POS_DRAMP_DRAMP37847,1,0.9111984491665844,0.023008407422470824
POS_DRAMP_DRAMP37858,1,0.9518396203484644,0.42565388258072795
POS_DRAMP_DRAMP37880,1,0.8981729272317378,0.898820903158557
POS_DRAMP_DRAMP37882,1,0.6602451203900815,0.5055048579132286
POS_DRAMP_DRAMP37891,1,0.8549171963874302,0.2514805323580965
POS_DRAMP_DRAMP37892,1,0.9328237534475188,0.9106325351117595
POS_DRAMP_DRAMP37893,1,0.6016320814325685,0.5427661781120955
POS_DRAMP_DRAMP37903,1,0.6372712519304178,0.6154300370118371
POS_DRAMP_DRAMP37905,1,0.7143291117943894,0.5552092540321547
POS_DRAMP_DRAMP37913,1,0.8419558723099433,0.7111757586776162
POS_DRAMP_DRAMP37937,1,0.9494747891473988,0.948385378143434
POS_DRAMP_DRAMP37938,1,0.8726916251020485,0.31175813951647247
POS_DRAMP_DRAMP37940,1,0.8280694859319183,0.8543541753304179
POS_DRAMP_DRAMP37944,1,0.9639592869697259,0.935143143592491
POS_DRAMP_DRAMP37953,1,0.15374703465064624,0.3473261166803029
POS_DRAMP_DRAMP37959,1,0.6372712519304178,0.752474022699193
POS_DRAMP_DRAMP37981,1,0.9717640348546487,0.9538345462287802
POS_DRAMP_DRAMP37989,1,0.9878200943814871,0.8922554312574549
POS_DRAMP_DRAMP37996,1,0.7245065039098338,0.9277343835227813
POS_DRAMP_DRAMP37999,1,0.9756313296491402,0.9535951569644351
POS_DRAMP_DRAMP38000,1,0.9227011685338642,0.885676053025151
POS_DRAMP_DRAMP38006,1,0.9621659159394238,0.9278486843031944
POS_DRAMP_DRAMP38008,1,0.6714631378676469,0.7293850412030276
POS_DRAMP_DRAMP38012,1,0.48961652856762156,0.8023878311450606
POS_DRAMP_DRAMP38015,1,0.378634099696872,0.6937127717051305
POS_DRAMP_DRAMP38016,1,0.7245065039098338,0.32501958602401626
POS_DRAMP_DRAMP38018,1,0.9494747891473988,0.980993545987752
POS_DRAMP_DRAMP38019,1,0.926221764152935,0.9109215980834715
POS_DRAMP_DRAMP38020,1,0.2893102269511436,0.411937179359164
POS_DRAMP_DRAMP38022,1,0.5772326695039847,0.6017831512016802
POS_DRAMP_DRAMP38025,1,0.4271089314237546,0.6242869956682692
POS_DRAMP_DRAMP38030,1,0.982753511424574,0.9215660716233937
POS_DRAMP_DRAMP38032,1,0.9779173544586558,0.9089207601754166
POS_DRAMP_DRAMP38035,1,0.9843820998574072,0.9356062812973698
POS_DRAMP_DRAMP38039,1,0.9865451096879776,0.9657063362295553
POS_DRAMP_DRAMP38045,1,0.9540991166217809,0.913410533991847
POS_DRAMP_DRAMP38048,1,0.7536540704838633,0.9323136957283763
POS_DRAMP_DRAMP38060,1,0.8054538782125935,0.9675270047098452
POS_DRAMP_DRAMP38062,1,0.8419558723099433,0.9116534227511047
POS_DRAMP_DRAMP38073,1,0.8280694859319183,0.956080494116675
POS_DRAMP_DRAMP38078,1,0.9070329178267104,0.9394312293998627
POS_DRAMP_DRAMP38088,1,0.926221764152935,0.9472580974770416
POS_DRAMP_DRAMP38090,1,0.9295942483872978,0.951617430907575
POS_DRAMP_DRAMP38961,1,0.990022611423921,0.9916730582414272
POS_DRAMP_DRAMP38979,1,0.993312419074267,0.9999999999816744
POS_DRAMP_DRAMP38981,1,0.9878200943814871,0.9219807453916887
POS_DRAMP_DRAMP38987,1,0.9673035707181461,0.989082837818552
POS_DRAMP_DRAMP39007,1,0.9926080651316465,0.9983895878372776
POS_DRAMP_DRAMP39023,1,0.9227011685338642,0.9590188708526701
POS_DRAMP_DRAMP39025,1,0.9328237534475188,0.7066707501746435
POS_DRAMP_DRAMP39026,1,0.343751660594021,0.9846648726440846
POS_DRAMP_DRAMP39034,1,0.6016320814325685,0.02718161445253092
POS_DRAMP_DRAMP39040,1,0.8054538782125935,0.9999999955524623
POS_DRAMP_DRAMP39042,1,0.7536540704838633,0.9205226116333216
POS_DRAMP_DRAMP39046,1,0.9470003028130209,0.9995993424440759
POS_DRAMP_DRAMP39049,1,0.9768018164626505,0.9471863186579251
POS_DRAMP_DRAMP39055,1,0.8834811221734324,0.986394331742378
POS_DRAMP_DRAMP39079,1,0.9789804035822575,0.9844996483863877
POS_DRAMP_DRAMP39083,1,0.14730043016734448,0.4582846673768329
POS_DRAMP_DRAMP39084,1,0.021388328727887103,0.8087168244898367
POS_DRAMP_DRAMP39116,1,0.9070329178267104,0.9939275574116042
POS_DRAMP_DRAMP39129,1,0.9190272617725738,0.02718161445253092
POS_DRAMP_DRAMP39130,1,0.7143291117943894,0.7858097792239981
POS_DRAMP_DRAMP39157,1,0.9884120786975436,0.9817089304734612
POS_DRAMP_DRAMP39161,1,0.9878200943814871,0.9765533209339538
POS_DRAMP_DRAMP39173,1,0.9909710840946249,1.0
POS_DRAMP_DRAMP39176,1,0.9914112513028427,1.0
POS_DRAMP_DRAMP39230,1,0.9929689943601107,0.9652936305573121
POS_DRAMP_DRAMP39259,1,0.7628954897054285,0.8600329566230203
POS_DRAMP_DRAMP39260,1,0.7891634081044496,0.8893855611790782
POS_DRAMP_DRAMP39261,1,0.8669834852301698,0.9384308502926669
POS_DRAMP_DRAMP39265,1,0.9756313296491402,0.9334155364147025
POS_DRAMP_DRAMP39266,1,0.9809583836430923,0.9242203647485103
POS_DRAMP_DRAMP39276,1,0.22240604276111364,0.2674361658399883
POS_DRAMP_DRAMP39284,1,0.9871982594551753,0.9778528785070868
POS_DRAMP_DRAMP39304,1,0.9878200943814871,0.999996351697178
POS_DRAMP_DRAMP39305,1,0.9843820998574072,0.9999984063637178
POS_DRAMP_DRAMP39306,1,0.990508574597659,0.9999991532541468
POS_DRAMP_DRAMP39317,1,0.9388739569071903,0.8544881891076049
POS_DRAMP_DRAMP39320,1,0.9878200943814871,0.9843152362782457
POS_DRAMP_DRAMP39323,1,0.9809583836430923,0.4589495380128503
POS_DRAMP_DRAMP39330,1,0.9639592869697259,0.05079819502615817
POS_DRAMP_DRAMP39331,1,0.648844379971818,0.9521996371308947
POS_DRAMP_DRAMP39332,1,0.6372712519304178,0.9268348799497829
POS_DRAMP_DRAMP39333,1,0.8054538782125935,0.9598185168622277
POS_DRAMP_DRAMP39334,1,0.378634099696872,0.9509397727422214
POS_DRAMP_DRAMP39335,1,0.5894874119701076,0.9552678890219523
POS_DRAMP_DRAMP39336,1,0.4271089314237546,0.9582645748013779
POS_DRAMP_DRAMP39338,1,0.9744033323805054,0.9999999319179118
POS_DRAMP_DRAMP39350,1,0.9388739569071903,0.9034703212902693
POS_DRAMP_DRAMP39364,1,0.9583187818450908,0.704645176781542
POS_DRAMP_DRAMP39392,1,0.9688612934818035,0.9999965002623665
POS_DRAMP_DRAMP39397,1,0.9388739569071903,0.9944875726717997
POS_DRAMP_DRAMP39400,1,0.9835876572662402,0.992042217962886
